1.99E+14,0,0,0,0,0,0,0,0,0,0,0,0,0,0,0,0,0,0,0,0,0,0,0,0
1,6,4,12,5,5,3,4,1,67,3,2,1,2,1,0,0,1,0,0,1,0,0,1,0
2,48,2,60,1,3,2,2,1,22,3,1,1,1,1,0,0,1,0,0,1,0,0,1,1
4,12,4,21,1,4,3,3,1,49,3,1,2,1,1,0,0,1,0,0,1,0,1,0,0
1,42,2,79,1,4,3,4,2,45,3,1,2,1,1,0,0,0,0,0,0,0,0,1,0
1,24,3,49,1,3,3,4,4,53,3,2,2,1,1,1,0,1,0,0,0,0,0,1,1
4,36,2,91,5,3,3,4,4,35,3,1,2,2,1,0,0,1,0,0,0,0,1,0,0
4,24,2,28,3,5,3,4,2,53,3,1,1,1,1,0,0,1,0,0,1,0,0,1,0
2,36,2,69,1,3,3,2,3,35,3,1,1,2,1,0,1,1,0,1,0,0,0,0,0
4,12,2,31,4,4,1,4,1,61,3,1,1,1,1,0,0,1,0,0,1,0,1,0,0
2,30,4,52,1,1,4,2,3,28,3,2,1,1,1,1,0,1,0,0,1,0,0,0,1
2,12,2,13,1,2,2,1,3,25,3,1,1,1,1,1,0,1,0,1,0,0,0,1,1
1,48,2,43,1,2,2,4,2,24,3,1,1,1,1,0,0,1,0,1,0,0,0,1,1
2,12,2,16,1,3,2,1,3,22,3,1,1,2,1,0,0,1,0,0,1,0,0,1,0
1,24,4,12,1,5,3,4,3,60,3,2,1,1,1,1,0,1,0,0,1,0,1,0,1
1,15,2,14,1,3,2,4,3,28,3,1,1,1,1,1,0,1,0,1,0,0,0,1,0
1,24,2,13,2,3,2,2,3,32,3,1,1,1,1,0,0,1,0,0,1,0,1,0,1
4,24,4,24,5,5,3,4,2,53,3,2,1,1,1,0,0,1,0,0,1,0,0,1,0
1,30,0,81,5,2,3,3,3,25,1,3,1,1,1,0,0,1,0,0,1,0,0,1,0
2,24,2,126,1,5,2,2,4,44,3,1,1,2,1,0,1,1,0,0,0,0,0,0,1
4,24,2,34,3,5,3,2,3,31,3,1,2,2,1,0,0,1,0,0,1,0,0,1,0
4,9,4,21,1,3,3,4,3,48,3,3,1,2,1,1,0,1,0,0,1,0,0,1,0
1,6,2,26,3,3,3,3,1,44,3,1,2,1,1,0,0,1,0,1,0,0,0,1,0
1,10,4,22,1,2,3,3,1,48,3,2,2,1,2,1,0,1,0,1,0,0,1,0,0
2,12,4,18,2,2,3,4,2,44,3,1,1,1,1,0,1,1,0,0,1,0,0,1,0
4,10,4,21,5,3,4,1,3,26,3,2,1,1,2,0,0,1,0,0,1,0,0,1,0
1,6,2,14,1,3,3,2,1,36,1,1,1,2,1,0,0,1,0,0,1,0,1,0,0
4,6,0,4,1,5,4,4,3,39,3,1,1,1,1,0,0,1,0,0,1,0,1,0,0
3,12,1,4,4,3,2,3,1,42,3,2,1,1,1,0,0,1,0,1,0,0,0,1,0
2,7,2,24,1,3,3,2,1,34,3,1,1,1,1,0,0,0,0,0,1,0,0,1,0
1,60,3,68,1,5,3,4,4,63,3,2,1,2,1,0,0,1,0,0,1,0,0,1,1
2,18,2,19,4,2,4,3,1,36,1,1,1,2,1,0,0,1,0,0,1,0,0,1,0
1,24,2,40,1,3,3,2,3,27,2,1,1,1,1,0,0,1,0,0,1,0,0,1,0
2,18,2,59,2,3,3,2,3,30,3,2,1,2,1,1,0,1,0,0,1,0,0,1,0
4,12,4,13,5,5,3,4,4,57,3,1,1,1,1,0,0,1,0,1,0,0,1,0,0
3,12,2,15,1,2,2,1,2,33,1,1,1,2,1,0,0,1,0,0,1,0,0,0,0
2,45,4,47,1,2,3,2,2,25,3,2,1,1,1,0,0,1,0,0,1,0,1,0,1
4,48,4,61,1,3,3,3,4,31,1,1,1,2,1,0,0,1,0,0,0,0,0,1,0
3,18,2,21,1,3,3,2,1,37,2,1,1,1,1,0,0,0,1,0,1,0,0,1,1
3,10,2,12,1,3,3,2,3,37,3,1,1,2,1,0,0,1,0,0,1,0,0,1,0
2,9,2,5,1,3,3,3,1,24,3,1,1,1,1,0,0,1,0,0,1,0,0,1,0
4,30,2,23,3,5,3,2,3,30,1,1,1,1,1,0,0,1,0,0,1,0,0,0,0
2,12,2,12,3,3,1,1,3,26,3,1,1,2,1,0,0,1,0,0,1,0,0,1,0
2,18,3,62,1,3,3,4,1,44,3,1,2,2,1,0,0,1,0,0,1,0,1,0,0
1,30,4,62,2,4,4,4,3,24,3,2,1,1,1,0,1,1,0,1,0,0,0,1,0
1,48,4,61,1,5,2,4,4,58,2,2,1,1,1,0,1,1,0,0,0,0,1,0,1
4,11,4,14,1,2,2,4,3,35,3,2,1,1,1,1,0,1,0,0,1,0,0,0,0
4,36,2,23,3,5,3,4,3,39,3,1,1,1,1,0,0,1,0,0,1,0,0,1,0
1,6,2,14,3,1,2,2,2,23,3,1,1,2,1,0,1,1,0,1,0,1,0,0,0
4,11,4,72,1,3,3,4,2,39,3,2,1,1,1,1,0,1,0,0,1,0,1,0,0
4,12,2,21,2,3,2,2,1,28,3,1,1,1,1,0,0,0,1,0,1,0,0,1,0
2,24,3,23,5,2,3,2,2,29,1,1,1,1,1,0,0,1,0,0,1,0,1,0,0
2,27,3,60,1,5,3,2,3,30,3,2,1,2,1,0,1,1,0,0,1,0,0,0,0
4,12,2,13,1,3,3,2,3,25,3,1,1,1,1,0,0,1,0,0,1,0,0,1,0
4,18,2,34,5,3,3,1,2,31,3,1,1,2,1,0,1,1,0,0,1,0,0,1,0
2,36,3,22,1,5,3,4,4,57,1,2,1,2,1,1,0,1,0,0,0,0,0,1,1
4,6,1,8,5,3,3,2,1,26,2,1,2,1,1,1,0,0,0,0,1,0,1,0,0
2,12,2,65,5,1,3,1,4,52,3,1,1,2,1,0,0,1,0,0,1,0,0,0,1
4,36,4,96,1,3,2,2,3,31,2,2,1,1,1,0,0,1,0,0,1,0,0,1,0
3,18,2,20,1,5,2,2,3,23,3,1,1,1,1,1,0,1,0,0,1,0,0,0,0
1,36,4,62,1,2,2,4,4,23,3,2,1,2,1,0,0,0,1,1,0,0,1,0,1
2,9,2,14,1,3,4,1,1,27,1,1,1,2,1,0,0,1,0,0,1,0,0,1,0
2,15,4,15,5,5,3,4,1,50,3,2,1,2,1,0,0,0,0,0,1,0,0,1,0
2,36,0,20,1,5,3,4,4,61,3,1,1,2,1,0,0,1,0,0,0,0,0,0,1
2,48,0,144,1,3,3,2,3,25,3,1,1,2,1,0,0,1,0,0,1,0,0,1,1
4,24,2,32,1,2,2,4,2,26,3,1,1,2,1,0,0,1,0,0,1,0,0,1,0
4,27,2,52,5,5,3,4,2,48,3,4,2,2,1,0,0,1,0,0,1,0,0,1,0
4,12,2,22,1,2,2,2,3,29,1,1,1,1,1,0,0,1,0,0,1,0,0,1,0
2,12,2,10,4,3,4,1,1,22,3,1,1,1,1,1,0,1,0,0,1,0,0,1,0
4,36,2,18,1,3,3,4,4,37,2,1,1,2,1,0,0,1,0,0,0,0,0,1,1
4,36,2,24,5,3,2,4,3,25,3,1,1,1,1,0,0,1,0,0,1,0,0,1,0
4,36,2,81,1,3,2,2,2,30,1,1,1,1,1,0,1,1,0,0,1,0,0,1,0
4,7,4,7,5,5,3,2,2,46,3,2,1,2,1,0,0,1,0,1,0,0,1,0,0
1,8,4,12,1,5,3,4,4,51,1,2,2,2,1,0,0,1,0,0,0,0,0,0,0
2,42,4,60,1,4,2,1,1,41,1,2,1,1,1,0,0,1,0,0,1,0,1,0,0
1,36,2,20,5,5,3,4,4,40,3,1,1,2,1,0,0,1,0,0,1,0,0,0,1
1,12,4,15,1,5,3,4,4,66,3,2,1,1,1,0,1,1,0,0,0,0,0,0,0
1,42,2,40,1,2,3,3,3,34,3,1,1,1,1,0,0,1,0,0,1,0,0,1,1
2,11,3,48,1,4,3,4,2,51,3,1,1,1,1,0,0,1,0,0,1,0,0,1,0
4,54,0,94,5,3,3,2,2,39,3,1,2,1,1,0,1,1,0,0,1,0,1,0,0
2,30,2,38,1,2,4,1,2,22,3,1,1,1,1,0,0,1,0,0,1,0,0,1,0
4,24,2,59,5,2,2,1,3,44,3,2,1,2,1,0,0,1,0,0,1,0,0,1,1
4,15,2,12,3,5,3,3,2,47,2,1,1,2,1,0,0,1,0,0,1,0,0,1,0
4,18,2,16,2,3,2,4,2,24,3,1,1,1,1,0,0,1,0,1,0,0,1,0,0
1,24,2,18,1,5,2,4,1,58,3,1,1,2,1,0,0,0,0,0,1,0,1,0,0
1,10,2,23,1,5,3,4,1,52,3,1,1,1,1,0,0,1,0,0,1,0,1,0,0
4,12,4,14,1,3,2,2,1,29,3,2,1,2,1,0,0,0,0,0,1,0,0,0,0
2,18,4,13,1,2,2,1,2,27,3,2,1,1,1,0,0,1,0,0,1,0,0,1,0
2,36,2,126,2,3,3,4,4,47,3,1,2,2,1,0,0,1,0,0,0,0,0,1,1
1,18,2,22,2,4,3,3,3,30,3,1,2,2,1,1,0,1,0,0,1,0,0,0,0
1,12,0,11,1,4,3,3,1,28,3,2,1,1,1,0,0,1,0,0,1,0,0,1,1
4,12,4,6,1,5,3,4,1,56,3,1,1,1,1,0,0,1,0,0,1,0,0,1,0
1,12,4,14,1,5,3,3,1,54,3,1,1,1,1,0,1,1,0,0,1,0,0,1,0
4,12,4,8,5,5,2,3,2,33,1,1,2,1,1,0,0,1,0,0,1,0,1,0,1
3,24,4,36,5,5,3,4,4,20,3,2,1,1,1,0,0,0,1,1,0,0,0,1,0
2,12,2,13,4,5,3,4,1,54,3,1,1,2,1,1,0,1,0,0,1,0,0,1,0
2,54,0,159,1,2,3,4,4,58,3,1,1,2,1,0,0,1,0,1,0,0,0,1,1
4,12,4,20,5,4,2,2,3,61,3,1,1,1,1,0,0,1,0,0,1,0,0,1,0
2,18,2,26,2,3,3,4,3,34,3,1,1,1,1,0,0,1,0,0,1,0,0,1,0
2,36,4,23,1,5,3,4,1,36,3,1,1,1,1,0,0,1,0,0,1,0,0,1,0
2,20,3,71,5,4,3,4,2,36,1,2,2,2,1,0,1,1,0,1,0,0,0,0,0
4,24,2,15,2,5,4,4,1,41,3,1,1,1,1,1,0,1,0,1,0,0,1,0,0
2,36,2,23,1,4,3,4,3,24,3,1,1,1,1,0,0,1,0,1,0,0,0,1,0
4,6,3,9,1,3,2,2,1,24,3,1,1,1,1,0,0,1,0,0,1,0,0,1,0
2,9,4,19,1,4,3,3,3,35,3,1,1,2,1,0,0,1,0,1,0,0,0,1,0
4,12,2,24,5,2,4,4,3,26,3,1,1,2,1,0,1,1,0,1,0,0,0,1,0
2,24,4,119,1,3,3,3,3,39,3,2,2,2,1,0,0,0,1,0,1,0,0,0,1
4,18,1,65,1,5,3,4,4,39,1,2,2,2,1,1,0,1,0,0,1,0,0,0,1
2,12,2,61,1,4,3,2,3,32,3,1,1,1,1,1,0,1,0,0,1,0,0,1,0
1,24,2,77,5,2,2,2,2,30,3,1,1,2,2,0,0,1,0,0,1,0,0,1,0
2,14,2,14,3,5,4,2,1,35,3,1,1,2,1,0,0,1,0,0,1,0,0,1,0
2,6,3,14,2,5,1,2,3,31,1,2,2,1,1,0,0,1,0,0,1,0,0,1,0
3,15,2,4,1,2,2,4,2,23,3,1,1,2,1,0,0,1,0,1,0,0,0,1,0
2,18,2,63,1,4,3,3,1,28,3,1,1,1,1,1,0,1,0,1,0,0,1,0,0
4,36,4,79,1,3,2,2,1,25,2,2,1,2,1,1,0,1,0,0,1,0,0,1,1
1,12,2,17,3,5,4,1,1,35,3,1,1,1,1,0,0,1,0,0,1,0,0,1,0
4,48,4,36,5,5,3,1,1,47,3,1,1,2,1,0,0,1,0,0,1,0,0,1,0
1,42,2,72,5,4,2,3,3,30,3,1,1,2,1,0,0,1,0,0,1,0,0,0,1
1,10,4,21,5,2,2,3,1,27,3,2,1,1,2,0,0,0,1,1,0,0,0,1,0
1,33,4,43,3,3,2,4,3,23,3,2,1,1,1,0,0,1,0,0,1,0,0,1,1
2,12,4,24,3,4,1,3,3,36,3,1,1,2,1,1,0,1,0,0,1,0,0,0,0
1,21,2,18,1,3,2,2,1,25,3,2,1,2,1,0,0,1,0,0,1,0,0,1,1
4,24,4,39,1,5,2,2,3,41,3,2,1,2,1,0,1,1,0,1,0,0,0,0,0
4,12,2,18,1,3,3,2,1,24,3,1,1,1,1,0,0,1,0,1,0,0,1,0,0
3,10,4,8,1,5,3,4,4,63,3,2,1,2,1,1,0,1,0,0,0,0,0,1,0
2,18,2,19,5,2,2,3,1,27,3,1,1,1,1,0,0,1,0,1,0,0,0,1,1
1,12,4,21,1,3,3,2,2,30,3,2,1,1,1,1,0,1,0,0,1,0,0,1,0
1,12,2,7,1,3,4,2,1,40,3,1,1,1,1,0,0,1,0,0,1,0,1,0,0
2,12,2,6,1,3,3,2,3,30,3,1,1,1,1,0,0,1,0,0,1,0,0,1,1
2,12,4,19,1,1,3,2,3,34,3,2,1,2,1,0,1,1,0,0,1,0,0,0,0
1,12,4,35,1,3,2,2,1,29,3,2,1,1,1,1,0,0,1,0,1,0,0,1,1
2,48,2,85,5,4,2,2,3,24,3,1,1,1,1,1,0,1,0,0,1,0,0,1,0
1,36,3,69,1,3,3,3,2,29,2,1,1,2,1,0,0,1,0,0,1,0,0,1,1
4,15,2,27,1,2,3,3,2,27,1,2,1,1,1,0,0,1,0,0,1,0,1,0,0
4,18,2,20,1,3,3,4,4,47,1,2,1,1,1,0,0,1,0,0,0,0,0,1,0
4,60,2,101,2,4,2,4,1,21,3,1,1,2,1,0,0,1,0,0,1,0,0,1,0
4,12,4,12,5,5,2,2,1,38,3,2,1,2,1,0,0,1,0,0,1,0,0,1,0
4,27,3,86,4,3,3,2,3,27,3,2,1,1,1,0,1,1,0,0,1,0,0,1,0
2,12,2,8,3,3,3,3,1,66,3,1,1,1,1,0,0,1,0,0,1,0,1,0,1
2,15,4,27,5,4,3,2,1,35,1,3,1,2,1,0,0,0,0,0,1,0,0,1,0
3,12,2,19,1,3,2,2,3,44,3,1,1,2,1,0,0,1,0,1,0,0,1,0,0
3,6,2,7,4,2,4,2,1,27,3,1,1,1,2,1,0,1,0,0,1,1,0,0,0
2,36,2,48,1,2,2,1,4,30,3,1,1,2,1,0,0,1,0,0,1,0,0,0,0
1,27,2,34,1,3,3,2,3,27,3,1,1,1,1,0,0,1,0,0,1,0,0,0,0
1,18,2,25,1,3,3,2,3,22,3,1,1,1,1,0,0,1,0,0,1,0,0,1,1
4,21,4,23,1,2,2,4,2,23,3,1,1,2,1,0,0,1,0,0,1,0,0,1,0
2,48,1,36,2,4,3,2,3,30,3,1,1,1,1,0,0,1,0,0,1,0,0,1,0
1,6,4,9,1,5,2,4,4,39,3,2,1,2,1,1,0,1,0,0,1,0,0,1,0
4,12,4,7,2,4,2,3,3,51,3,2,1,2,1,1,0,1,0,0,1,0,0,1,0
1,36,4,54,1,3,3,2,2,28,3,2,1,1,1,0,0,0,0,0,1,0,0,1,0
4,18,4,16,4,5,3,4,3,46,3,2,1,1,1,0,0,1,0,0,1,0,0,1,0
4,6,2,13,2,5,3,4,4,42,1,1,2,2,1,0,0,1,0,0,0,0,0,1,0
4,10,2,19,1,3,3,4,2,38,3,1,1,2,2,0,0,1,0,0,1,0,0,1,0
3,36,2,58,1,3,3,1,3,24,3,1,1,1,1,0,0,1,0,0,1,0,0,1,0
2,24,4,78,4,5,2,4,4,29,3,1,1,1,1,0,1,1,0,1,0,0,0,1,0
2,24,3,70,2,4,3,4,3,36,3,1,1,2,1,0,0,1,0,1,0,0,0,0,0
1,12,2,13,1,3,2,4,3,20,3,1,1,1,1,0,0,1,0,1,0,0,0,1,1
1,9,4,13,2,5,3,4,1,48,3,2,2,1,2,0,0,0,0,0,1,0,0,1,0
1,12,1,3,1,5,4,1,3,45,1,1,1,1,1,0,0,1,0,0,1,0,1,0,0
2,24,2,35,2,4,3,3,3,38,1,2,1,2,1,1,0,1,0,0,1,0,0,1,0
4,6,4,19,5,3,3,2,1,34,3,2,2,1,1,0,0,1,0,0,1,0,1,0,0
4,24,4,29,2,5,3,4,1,36,3,1,2,2,1,0,0,1,0,0,1,0,0,1,0
4,18,4,11,1,2,2,1,2,30,3,2,1,1,1,1,0,1,0,0,1,0,0,1,0
4,15,2,13,3,4,3,3,2,36,3,2,1,2,1,0,0,1,0,0,1,0,0,1,0
2,10,2,73,1,1,3,4,4,70,1,1,1,2,1,1,0,1,0,0,0,0,0,0,0
4,36,2,9,3,5,3,4,2,36,3,1,1,1,1,1,0,1,0,0,1,0,0,1,0
4,6,2,30,3,3,3,2,3,32,3,1,1,2,1,0,0,1,0,0,1,0,0,1,0
1,18,2,11,1,1,2,2,3,33,3,1,1,1,1,0,0,1,0,0,1,0,0,1,1
2,11,2,16,4,2,2,1,1,20,3,1,1,1,1,0,0,1,0,0,1,0,0,1,0
4,24,2,40,1,4,2,4,2,25,3,1,1,2,1,0,0,1,0,1,0,0,0,1,0
2,24,4,19,1,5,1,4,1,31,3,2,1,2,1,0,0,1,0,0,1,0,0,1,1
1,15,0,10,1,5,3,3,3,33,3,2,2,1,1,1,0,1,0,1,0,0,0,1,1
4,12,2,8,1,3,2,1,1,26,3,1,1,2,1,0,0,1,0,0,1,0,0,1,0
2,24,3,21,1,1,2,2,2,34,3,1,1,2,1,0,0,1,0,0,1,0,0,0,1
2,8,2,14,1,3,3,2,1,33,3,1,1,1,2,0,0,0,0,0,1,0,0,1,0
1,21,3,34,1,2,3,1,2,26,3,2,1,1,1,0,0,1,0,0,1,0,0,1,1
4,30,1,75,5,1,2,1,1,53,1,1,1,2,1,0,1,1,0,0,1,0,0,0,1
1,12,2,26,1,3,1,1,3,42,3,1,1,1,1,0,0,1,0,0,1,0,0,1,0
1,6,4,3,3,5,3,4,3,52,3,2,1,1,1,0,0,1,0,0,1,0,0,1,0
4,12,2,20,1,4,3,2,3,31,3,2,2,2,1,0,0,1,0,1,0,0,0,0,0
1,21,4,6,1,5,3,4,1,65,3,2,1,1,1,1,0,1,0,0,1,0,0,1,0
4,36,3,96,1,2,1,1,3,28,3,2,1,1,1,0,0,1,0,0,1,0,0,1,1
2,36,3,45,1,3,1,2,1,30,2,2,1,2,1,0,0,1,0,0,1,0,0,0,1
1,21,1,16,5,3,3,2,2,40,3,2,2,1,1,1,0,1,0,0,1,0,1,0,1
4,24,4,38,4,3,3,4,1,50,3,1,1,2,1,0,0,1,0,0,1,0,0,1,0
2,18,4,9,1,5,3,4,3,36,1,1,2,2,1,1,0,1,0,0,1,0,0,1,1
4,15,4,14,1,3,3,2,2,31,3,2,1,1,1,0,0,1,0,0,1,0,0,1,0
2,9,1,51,1,5,2,4,4,74,1,1,2,2,1,0,1,1,0,0,0,0,0,0,1
2,16,4,12,1,1,3,3,3,68,3,3,1,2,1,1,0,1,0,0,0,1,0,0,0
1,12,2,7,2,4,4,1,2,20,3,1,1,1,1,0,0,1,0,0,1,0,0,1,1
2,18,0,32,1,3,2,4,3,33,1,2,1,2,1,0,0,1,0,0,1,0,0,1,0
4,24,2,46,4,3,3,3,2,54,3,3,1,2,1,0,0,1,0,0,1,0,0,0,1
2,48,0,38,2,4,3,4,4,34,3,1,2,1,1,0,0,1,0,0,0,0,1,0,1
2,27,2,39,1,3,3,2,3,36,3,1,2,2,1,0,0,1,0,0,1,0,0,1,1
4,6,2,21,1,4,4,2,1,29,3,1,1,1,1,0,0,1,0,1,0,0,0,1,0
2,45,2,30,2,3,3,4,2,21,3,1,1,1,1,0,0,0,0,1,0,0,0,1,1
2,9,4,15,1,5,2,3,3,34,3,2,1,2,1,0,0,1,0,0,1,0,0,0,1
4,6,4,14,1,3,2,1,3,28,3,2,1,2,1,0,0,1,0,0,1,0,0,1,0
2,12,2,10,2,2,2,4,3,27,1,4,1,1,1,0,0,1,0,1,0,0,0,1,1
2,24,2,28,5,5,3,4,4,36,1,1,1,2,1,0,1,1,0,0,0,0,0,1,0
2,18,3,43,1,5,1,3,4,40,3,1,1,2,1,0,0,1,0,0,1,0,0,0,1
4,9,4,9,3,5,3,2,3,52,3,2,1,2,1,0,0,1,0,0,1,0,0,1,0
1,12,2,12,1,3,4,3,1,27,3,1,1,1,1,1,0,1,0,0,1,0,1,0,0
4,27,3,51,1,4,3,4,3,26,3,2,1,1,1,0,0,1,0,0,1,0,0,1,0
1,12,2,9,1,4,4,4,2,21,3,1,1,1,1,0,0,1,0,1,0,0,0,1,1
4,12,4,15,1,5,3,1,1,38,3,2,2,1,1,1,0,1,0,0,1,0,1,0,0
1,30,4,106,1,5,3,4,4,38,3,3,2,2,1,0,1,1,0,0,0,0,0,0,0
4,12,4,19,1,5,3,4,1,43,3,3,1,2,1,0,0,1,0,0,1,0,0,1,0
2,12,4,14,1,4,3,3,2,26,3,1,1,1,1,0,0,1,0,0,1,0,0,1,0
1,24,2,66,1,3,4,2,3,21,2,1,1,1,1,0,0,1,0,0,1,0,1,0,0
4,12,2,14,4,4,3,2,2,55,3,1,1,1,2,0,1,1,0,0,1,0,0,1,0
4,9,4,31,5,3,3,2,1,33,3,2,2,1,1,0,0,1,0,0,1,0,0,1,0
4,36,2,38,5,5,2,4,1,45,3,1,1,2,1,0,0,1,0,0,1,0,1,0,0
1,27,0,53,1,1,3,4,2,50,2,2,1,2,1,0,0,1,0,0,1,0,0,1,1
3,30,3,19,1,5,3,4,1,66,3,1,1,2,1,0,0,1,0,0,1,0,0,0,1
4,36,4,33,5,5,3,2,3,51,3,1,1,2,1,0,0,1,0,0,1,0,0,1,0
2,6,4,9,5,4,2,3,2,39,3,2,1,1,1,0,0,1,0,0,1,0,1,0,0
1,18,0,31,1,4,3,1,2,31,1,1,1,2,1,0,0,1,0,0,1,0,0,1,0
3,36,2,39,1,3,3,2,1,23,3,1,1,2,1,0,0,1,0,0,1,0,0,1,0
1,24,2,30,1,3,1,2,1,24,3,1,1,1,1,0,0,1,0,1,0,0,1,0,0
4,10,2,14,1,3,2,4,3,64,3,1,1,2,1,1,0,1,0,0,1,0,0,1,0
2,12,2,6,1,2,4,1,1,26,1,1,1,1,1,0,0,0,0,0,1,0,1,0,0
1,12,2,12,5,3,2,4,2,23,1,1,1,2,1,0,0,1,0,1,0,0,0,1,0
4,12,2,7,1,3,3,2,1,30,1,2,1,1,1,0,0,1,0,0,1,0,0,1,0
4,24,3,30,5,3,3,4,1,32,3,2,2,2,1,0,0,1,0,0,1,0,0,1,0
4,15,2,47,1,3,3,2,3,30,3,1,1,2,1,0,1,1,0,0,1,0,0,1,0
4,36,0,26,1,3,3,2,3,27,3,2,1,1,1,0,0,1,0,0,1,0,0,1,0
2,48,2,110,4,4,3,2,4,27,1,2,1,2,1,0,0,0,1,0,1,0,0,1,1
1,12,2,79,1,5,3,4,4,53,3,1,1,2,1,0,0,1,0,0,0,0,0,0,1
4,9,2,15,1,4,3,2,3,22,3,1,1,1,1,0,0,1,0,0,1,0,0,1,1
1,24,2,31,1,2,3,1,4,22,1,1,1,1,1,0,0,1,0,0,0,0,0,1,0
3,36,2,42,1,3,3,2,3,26,3,1,1,1,1,0,0,1,0,0,1,0,0,1,1
4,9,2,25,3,5,3,4,4,51,3,1,1,1,1,1,0,1,0,0,0,0,1,0,0
4,12,2,21,2,4,3,1,4,35,3,1,1,1,1,0,0,1,0,0,1,0,0,1,0
2,18,2,9,1,3,4,2,1,25,3,1,1,1,1,0,0,0,0,0,1,0,1,0,0
4,4,4,15,1,4,3,1,1,42,3,3,2,1,1,0,0,1,0,0,1,0,1,0,0
1,24,2,18,1,1,3,2,3,30,2,1,2,1,1,0,0,1,0,0,1,0,0,0,1
2,6,2,146,5,1,3,2,2,23,3,1,1,2,1,1,0,1,0,0,1,1,0,0,1
2,21,2,28,2,5,1,2,3,61,1,2,1,1,1,0,0,1,0,1,0,0,1,0,1
4,12,4,13,1,3,2,2,2,35,3,2,1,1,1,0,0,1,0,0,1,0,0,1,0
1,30,2,25,1,5,3,3,2,39,3,1,2,1,1,0,0,0,0,0,1,0,0,1,0
1,24,2,9,5,5,2,2,3,29,1,1,1,1,1,1,0,1,0,0,1,0,0,1,1
4,6,2,16,1,4,3,2,2,51,3,1,2,1,1,0,0,1,0,0,1,0,0,1,0
1,48,0,46,1,5,3,4,4,24,3,2,2,1,1,0,1,1,0,0,0,0,0,1,1
4,12,4,12,1,3,2,2,1,27,3,2,1,1,1,0,0,1,0,0,1,0,0,1,0
4,12,1,34,3,3,2,3,1,35,3,1,2,1,1,0,0,1,0,0,1,0,1,0,0
4,24,2,13,1,4,3,1,1,25,3,1,1,2,1,0,0,1,0,0,1,0,0,1,0
4,12,4,7,1,5,3,4,1,52,3,3,1,1,1,0,0,1,0,0,1,0,0,1,0
4,6,0,12,2,3,3,1,4,35,1,1,1,1,2,1,0,1,0,1,0,0,0,1,0
3,24,2,19,1,3,3,2,1,26,3,1,1,1,1,0,0,1,0,0,1,0,0,1,0
4,18,2,4,1,1,2,4,1,22,3,1,1,1,1,0,0,0,1,1,0,0,0,1,1
1,6,4,7,4,4,2,4,1,39,3,2,1,2,1,1,0,1,0,0,1,0,1,0,0
3,12,2,23,1,3,2,2,3,46,3,1,1,1,1,0,0,1,0,0,1,0,1,0,0
2,30,2,22,1,3,2,2,4,24,1,1,1,1,1,1,0,0,0,0,1,0,0,1,1
4,24,3,42,2,3,3,3,2,35,3,2,1,1,1,0,0,1,0,0,1,0,0,1,0
2,9,2,20,5,4,3,1,3,24,3,1,1,2,1,0,0,1,0,0,1,0,0,1,0
2,60,3,74,5,3,3,1,1,27,3,1,1,1,1,0,0,1,0,0,1,0,1,0,0
4,24,4,27,1,3,3,2,1,35,3,2,1,1,1,0,0,1,0,0,1,0,1,0,0
1,12,1,21,1,3,1,1,4,29,3,1,1,1,1,0,0,1,0,0,0,0,0,1,1
4,15,2,38,2,2,2,4,3,23,3,1,1,2,1,0,1,1,0,0,1,0,0,1,0
4,11,4,12,2,1,2,4,1,57,3,3,1,1,1,0,0,1,0,0,1,0,1,0,0
1,12,2,17,1,3,3,2,1,27,3,1,1,1,1,0,0,1,0,0,1,0,0,1,0
1,24,2,16,1,5,2,4,3,55,3,1,1,1,1,0,0,1,0,0,1,0,0,1,0
1,18,4,53,1,5,3,4,4,36,3,3,1,2,1,1,0,1,0,0,0,0,0,0,0
4,12,4,27,1,5,2,4,4,57,1,3,1,1,1,0,0,1,0,0,0,0,1,0,0
4,10,4,12,1,5,3,4,1,32,3,2,2,1,2,1,0,1,0,0,1,0,1,0,0
2,15,2,8,1,5,3,3,3,37,3,1,2,1,1,0,0,1,0,0,1,0,0,1,1
4,36,4,63,5,5,3,4,1,36,3,2,1,1,1,0,0,1,0,0,1,0,0,1,0
4,24,2,15,1,2,2,3,3,38,2,1,1,2,1,0,0,1,0,0,1,0,0,1,0
1,14,2,90,1,5,1,4,2,45,3,1,1,2,2,1,0,1,0,0,1,0,0,0,1
4,24,2,10,5,5,3,2,3,25,3,2,1,1,1,0,0,1,0,0,1,0,0,1,0
4,18,2,27,5,4,3,3,2,32,3,1,1,1,2,1,0,1,0,0,1,0,0,1,0
4,12,4,14,3,4,2,4,3,37,3,1,1,2,1,0,0,1,0,1,0,0,0,1,0
2,48,1,122,5,1,3,4,4,36,3,1,1,2,1,1,0,0,1,0,0,0,0,0,0
2,48,2,31,1,4,3,4,1,28,3,2,1,1,1,0,0,1,0,0,1,0,0,1,1
1,30,2,120,1,2,1,1,4,34,3,1,1,2,1,0,0,1,0,0,1,0,1,0,1
4,9,2,27,1,3,3,2,1,32,3,1,2,1,1,0,0,1,0,0,1,0,0,1,0
4,18,4,24,1,3,2,2,3,26,3,2,1,1,1,0,0,1,0,0,1,0,0,1,0
1,12,2,13,5,5,1,4,2,49,3,1,1,2,1,0,0,1,0,0,1,0,1,0,0
4,6,2,46,1,2,2,4,2,32,3,1,1,1,1,0,0,1,0,0,1,0,0,1,1
4,24,2,19,2,3,3,4,3,29,3,1,1,2,1,0,0,1,0,1,0,0,0,0,0
4,15,4,34,4,5,3,4,4,23,3,2,1,2,1,0,1,1,0,1,0,0,0,1,0
4,12,2,16,1,3,3,2,1,50,3,1,1,1,1,0,0,1,0,0,1,0,0,1,0
3,18,1,14,5,4,3,4,3,49,1,1,1,1,1,0,0,1,0,0,1,0,1,0,0
4,15,4,15,5,5,3,4,2,63,3,1,1,1,1,0,0,1,0,0,1,0,0,1,0
2,24,4,39,2,2,1,2,3,37,3,1,1,2,1,1,0,1,0,0,1,0,0,1,0
1,47,2,107,1,2,2,1,1,35,3,1,1,2,1,1,0,1,0,0,1,0,1,0,0
1,48,2,48,1,4,3,3,2,26,3,1,2,1,1,0,1,1,0,0,1,0,0,1,0
2,48,3,76,2,1,3,4,4,31,3,1,1,2,1,0,0,1,0,0,0,0,0,0,0
2,12,2,11,1,3,2,4,1,49,3,2,1,2,1,0,0,0,0,0,1,0,0,1,0
1,24,3,10,1,2,4,4,1,48,2,1,1,1,1,0,0,1,0,0,1,0,0,1,1
4,12,2,11,1,3,4,2,1,26,3,1,1,2,2,0,0,1,0,0,1,0,0,1,0
2,36,2,94,1,2,4,4,3,28,3,1,1,2,1,0,1,1,0,1,0,0,0,0,1
1,24,4,64,1,5,2,4,4,44,3,2,2,2,1,0,1,1,0,0,0,0,0,0,0
3,42,4,48,1,5,3,4,4,56,3,1,1,1,1,0,1,1,0,0,0,0,0,1,0
4,48,4,76,5,5,1,2,3,46,1,2,2,1,1,0,0,1,0,0,1,0,0,0,0
2,48,2,100,1,2,2,2,3,26,3,1,1,2,1,0,0,1,0,0,1,0,0,1,1
4,12,2,47,5,2,2,4,3,20,3,1,1,1,1,0,1,1,0,1,0,0,0,1,0
4,10,2,13,5,5,3,2,2,45,3,1,1,1,2,1,0,0,1,0,1,0,1,0,0
4,18,2,25,1,3,3,4,1,43,3,1,1,2,1,0,0,1,0,0,1,0,0,1,0
2,21,4,27,4,4,3,2,3,32,3,2,1,2,1,0,0,1,0,0,1,0,0,1,0
4,6,2,7,1,1,2,4,1,54,3,1,1,2,1,1,0,1,0,0,1,1,0,0,0
2,36,0,38,1,3,2,1,3,42,3,1,1,2,1,0,0,1,0,0,1,0,0,1,1
3,24,4,13,5,4,3,2,1,37,1,2,2,1,1,1,0,1,0,0,1,0,1,0,1
1,10,4,10,1,4,3,3,2,49,3,2,1,2,1,1,0,0,1,0,1,0,0,1,0
4,48,4,101,3,3,3,2,4,44,1,1,1,1,1,1,0,1,0,0,0,0,0,1,1
4,6,2,15,4,3,1,2,1,33,3,1,1,1,1,0,0,1,0,0,1,0,0,1,0
4,30,2,48,5,4,2,4,2,24,2,1,1,1,1,0,1,1,0,1,0,0,1,0,0
1,12,2,7,2,2,4,3,4,33,3,1,1,2,1,0,0,1,0,0,1,0,1,0,1
2,8,2,12,1,3,2,4,1,24,3,1,1,1,1,0,0,1,0,0,1,0,0,1,1
2,9,2,3,1,3,4,4,1,22,3,1,1,1,1,1,0,1,0,1,0,0,1,0,0
2,48,2,54,5,1,3,4,4,40,1,1,1,2,1,0,0,1,0,0,0,1,0,0,0
4,24,2,55,2,3,3,1,3,25,2,1,1,1,1,0,0,1,0,0,1,0,0,1,0
3,24,2,37,1,2,2,4,3,26,3,1,1,1,1,0,0,1,0,0,1,0,0,1,0
2,12,2,7,1,4,4,3,3,25,1,1,1,1,1,1,0,1,0,0,1,0,1,0,1
3,4,2,15,5,2,3,2,1,29,3,1,2,1,2,1,0,1,0,0,1,0,1,0,0
1,36,1,27,1,5,3,4,3,31,1,1,1,1,1,0,0,1,0,0,1,0,0,1,1
1,12,2,7,1,3,3,3,2,38,3,1,2,1,1,0,0,0,0,0,1,0,1,0,0
2,24,2,44,5,3,2,4,2,48,3,1,1,2,1,0,0,1,0,0,1,0,1,0,0
4,12,4,7,1,3,3,2,3,32,3,2,1,1,1,0,0,1,0,0,1,0,0,1,0
1,15,3,36,1,5,2,4,2,27,3,2,1,1,1,0,0,1,0,0,1,0,1,0,0
2,30,4,42,1,1,4,2,3,28,3,2,1,1,1,1,0,1,0,0,1,0,0,0,1
1,24,2,19,1,2,1,3,2,32,3,1,1,1,1,0,0,1,0,0,1,0,0,1,1
1,24,2,29,1,4,3,1,4,34,3,1,1,2,1,0,1,1,0,0,0,0,0,0,0
1,18,2,27,4,3,3,2,3,28,3,1,1,1,1,0,0,1,0,0,1,0,0,1,0
4,18,4,10,1,3,2,3,1,36,3,2,1,1,1,1,0,1,0,0,1,0,0,1,0
1,8,4,34,1,4,3,4,1,39,3,2,1,1,2,1,0,1,0,0,1,0,1,0,0
4,12,4,58,5,5,3,4,2,49,3,1,1,2,1,0,0,1,0,1,0,0,0,1,0
4,24,2,15,4,4,2,3,3,34,3,1,2,2,1,1,0,1,0,0,1,0,0,1,0
3,36,2,45,1,5,3,2,3,31,3,1,1,1,1,0,0,1,0,0,1,0,0,1,0
2,6,2,11,1,5,3,4,3,28,3,1,2,1,1,0,0,1,0,0,1,0,0,1,0
1,24,4,66,1,1,3,4,4,75,3,2,1,2,1,0,1,1,0,0,0,0,0,0,0
4,18,4,19,2,3,2,2,1,30,3,2,1,1,1,0,0,1,0,0,1,0,0,1,1
2,60,2,74,2,2,2,2,2,24,3,1,1,1,1,1,0,1,0,0,1,0,0,0,1
4,48,4,116,2,3,2,4,3,24,1,2,1,1,1,0,1,1,0,1,0,0,1,0,1
1,24,0,41,1,5,3,4,4,23,1,2,2,1,1,0,0,1,0,1,0,0,0,1,1
1,6,4,34,1,3,1,4,1,44,3,1,1,2,1,0,0,1,0,1,0,0,0,0,1
2,13,2,21,1,2,2,4,2,23,3,1,1,1,1,0,0,0,0,0,1,0,1,0,0
1,15,2,13,5,3,2,2,3,24,3,1,1,1,1,0,0,1,0,1,0,0,0,1,1
1,24,2,42,1,3,3,4,2,28,3,1,1,1,1,0,0,1,0,0,1,0,0,1,0
2,10,2,15,1,3,1,2,3,31,3,1,1,1,1,0,0,1,0,0,1,0,1,0,0
2,24,4,57,1,2,2,4,4,24,3,2,1,2,1,0,0,1,0,0,0,0,0,1,0
1,21,2,36,1,4,2,4,3,26,3,1,1,1,1,0,0,1,0,1,0,0,1,0,0
2,18,2,32,3,2,4,3,1,25,3,1,1,1,1,0,0,1,0,1,0,0,0,1,0
2,18,2,44,1,5,3,1,1,33,1,1,1,2,1,0,0,0,1,0,1,0,0,0,0
3,10,2,39,1,2,3,1,2,37,3,1,2,1,1,1,0,0,0,0,1,0,1,0,0
4,15,4,15,1,3,2,2,3,43,3,1,1,1,1,0,0,1,0,0,1,0,1,0,0
2,13,4,9,1,2,3,4,1,23,3,2,1,1,1,0,0,0,0,0,1,0,0,1,0
2,24,2,38,3,1,2,4,4,23,3,1,1,1,1,0,0,1,0,1,0,1,0,0,0
4,6,3,17,2,3,3,2,1,34,3,2,1,1,1,0,0,1,0,0,1,0,1,0,0
2,9,4,11,4,5,3,3,4,32,3,2,2,1,1,0,0,1,0,0,0,0,0,1,1
4,9,2,12,1,2,2,4,1,23,3,1,1,2,1,0,0,1,0,1,0,0,0,1,0
2,9,2,10,1,3,2,2,3,29,3,1,1,1,2,0,0,1,0,0,1,0,0,1,1
4,18,4,32,5,1,3,4,4,38,3,1,1,2,1,0,1,1,0,0,1,0,0,0,0
1,12,0,62,1,3,3,2,2,28,3,2,1,2,1,0,0,1,0,1,0,0,0,1,1
4,10,2,7,3,5,3,4,4,46,3,1,1,2,1,0,0,1,0,0,0,0,0,1,0
2,24,2,12,1,2,3,2,1,23,2,1,1,1,1,1,0,1,0,0,1,0,1,0,1
4,12,4,23,5,5,3,4,1,49,3,1,1,2,1,0,0,0,1,0,1,0,0,1,0
4,36,3,45,1,3,3,2,3,26,3,2,1,2,1,0,0,1,0,0,1,0,0,0,1
4,12,2,8,1,3,4,2,1,28,3,1,1,1,1,0,0,1,0,0,1,0,0,1,0
1,30,2,24,1,4,2,4,1,23,3,1,1,1,1,0,0,1,0,1,0,0,0,1,1
2,18,2,12,5,3,3,4,4,61,3,1,1,1,1,0,0,1,0,0,0,0,0,1,0
3,12,2,34,5,5,3,3,3,37,3,1,1,1,1,0,0,1,0,0,1,0,0,0,0
3,12,3,22,1,3,2,2,3,36,2,2,1,2,1,1,0,1,0,0,1,0,0,1,0
4,6,2,18,1,3,4,2,2,21,3,1,1,1,1,0,0,1,0,1,0,0,0,1,0
1,18,2,25,1,1,3,1,3,25,3,1,1,1,1,0,0,1,0,0,1,1,0,0,1
4,12,2,15,1,4,3,4,3,36,3,1,1,2,1,0,0,1,0,0,1,0,0,1,0
4,18,4,38,1,4,3,1,3,27,3,2,1,1,1,0,1,1,0,0,1,0,0,1,0
1,18,2,36,1,2,2,4,3,22,3,1,1,1,1,0,0,1,0,1,0,0,0,1,0
1,36,2,34,1,5,3,2,3,42,3,1,2,1,1,0,0,1,0,0,1,0,0,1,1
2,18,2,30,1,4,2,4,1,40,3,1,1,1,1,0,0,1,0,1,0,0,0,1,0
4,36,2,31,5,3,3,4,1,36,3,1,1,1,1,1,0,1,0,0,1,0,0,1,0
4,18,4,61,1,5,3,4,3,33,3,2,1,2,1,0,0,1,0,0,1,0,0,1,0
4,10,4,21,1,2,2,3,1,23,3,2,1,1,1,0,0,1,0,1,0,0,0,1,0
4,60,4,138,5,5,3,4,4,63,1,1,1,2,1,1,0,1,0,0,0,0,0,0,0
2,60,1,148,2,5,2,4,4,60,1,2,1,2,1,0,0,1,0,0,0,0,0,0,1
1,48,1,77,1,4,2,4,3,37,3,1,1,1,1,0,0,0,0,1,0,0,0,1,1
4,18,3,23,1,1,4,3,1,34,3,2,1,1,1,0,0,1,0,0,1,0,0,1,0
4,7,3,8,5,5,3,4,4,36,3,1,1,1,1,0,0,1,0,0,0,0,0,1,0
2,36,2,143,1,5,3,2,4,57,3,1,1,2,1,1,0,1,0,0,0,0,0,0,1
4,6,4,4,2,3,2,4,3,52,3,2,1,1,1,1,0,1,0,0,1,0,1,0,0
1,20,2,22,5,4,3,4,3,39,3,1,1,2,1,0,0,1,0,0,1,0,0,1,0
2,18,2,130,1,1,2,4,4,38,3,1,1,2,1,0,1,1,0,0,0,0,0,0,1
4,22,2,13,5,4,2,4,2,25,3,1,1,1,1,1,0,1,0,1,0,0,0,1,0
3,12,2,13,1,2,3,1,1,26,3,1,1,1,1,1,0,1,0,0,1,0,0,1,0
4,30,3,43,2,3,3,2,2,26,3,2,1,1,1,0,0,1,0,0,1,0,1,0,0
4,18,4,22,1,3,2,1,3,25,3,2,1,1,1,0,0,1,0,0,1,0,0,1,0
4,18,2,11,5,2,2,2,1,21,3,1,1,2,1,0,0,1,0,1,0,0,0,1,0
2,18,4,74,1,1,3,4,2,40,2,2,1,2,1,0,0,1,0,0,1,0,0,0,0
2,15,4,23,3,3,3,4,3,27,1,1,1,1,1,0,0,1,0,0,1,0,0,1,0
4,9,2,14,1,4,2,2,3,27,3,2,1,1,1,0,0,1,0,0,1,0,0,1,0
4,18,2,18,1,3,4,2,2,30,3,1,1,2,1,1,0,1,0,0,1,0,0,0,0
2,12,2,10,4,2,2,4,1,19,3,1,1,1,1,0,0,1,0,1,0,0,1,0,0
1,36,2,32,1,4,3,4,4,39,1,1,2,2,1,1,0,1,0,0,0,0,0,0,0
1,6,4,20,1,4,2,4,3,31,3,1,1,1,1,0,0,1,0,0,1,0,0,1,0
4,9,4,24,1,1,3,3,3,31,3,1,1,1,1,0,0,1,0,0,1,0,0,0,0
2,39,3,118,2,4,3,3,4,32,3,1,1,2,1,0,0,1,0,1,0,0,0,1,0
1,12,2,26,1,1,2,4,4,55,3,1,1,1,1,0,0,1,0,0,0,0,0,0,0
1,36,4,23,1,3,4,2,2,46,3,2,1,2,1,0,0,1,0,0,1,0,0,1,0
2,12,2,12,1,5,1,1,1,46,3,2,1,1,1,1,0,1,0,1,0,0,0,1,1
4,24,4,15,4,3,2,1,1,43,3,2,1,1,1,0,0,1,0,0,1,0,1,0,0
4,18,2,15,1,2,4,4,1,39,3,1,1,2,1,0,0,1,0,0,1,0,0,1,0
2,18,4,19,5,3,4,4,1,28,1,2,1,1,1,0,0,1,0,0,1,0,0,1,0
4,24,3,86,1,2,3,2,3,27,1,2,1,2,1,0,0,1,0,0,1,0,0,1,1
4,14,3,8,1,3,3,2,3,27,3,2,1,1,1,1,0,1,0,0,1,0,1,0,0
2,18,3,29,5,5,3,4,3,43,3,1,2,1,1,1,0,1,0,0,1,0,0,1,0
2,24,2,20,1,2,4,1,2,22,3,1,1,2,1,0,0,1,0,0,1,0,0,1,1
4,24,4,22,5,4,3,4,3,43,3,2,2,2,1,0,1,1,0,0,1,0,0,1,0
1,15,2,11,1,2,4,2,1,27,3,1,1,1,2,0,0,1,0,0,1,0,0,1,0
4,24,2,32,3,5,1,2,3,26,3,1,1,2,1,0,0,1,0,0,1,0,0,0,0
3,12,4,9,3,4,4,2,1,28,3,3,1,2,1,1,0,1,0,0,1,0,0,1,1
2,24,2,20,1,5,2,4,3,20,3,1,1,2,1,0,0,1,0,0,1,0,0,1,0
4,33,4,73,1,4,3,2,3,35,3,2,1,2,1,0,1,1,0,0,1,0,0,0,0
4,12,4,23,1,1,3,2,3,42,2,2,1,2,1,0,0,1,0,0,1,0,0,0,1
4,10,2,16,3,3,3,2,4,40,3,1,2,1,2,1,0,1,0,1,0,0,1,0,0
1,24,2,14,5,3,2,2,2,35,3,1,1,1,1,1,0,1,0,0,1,0,0,1,1
4,36,4,58,1,5,3,2,2,35,3,2,2,2,1,0,1,1,0,0,1,0,0,1,0
1,12,2,26,1,2,3,1,1,33,3,1,2,1,1,1,0,1,0,0,1,0,1,0,1
1,18,3,85,5,3,2,2,3,23,3,2,1,2,1,0,0,1,0,1,0,0,0,1,0
4,21,2,28,3,4,2,2,3,31,1,1,1,1,1,1,0,1,0,0,1,0,0,0,0
2,18,2,10,5,3,2,2,2,33,3,1,1,1,1,1,0,1,0,0,1,0,0,1,1
4,15,2,32,4,4,2,3,3,20,3,1,1,1,1,1,0,1,0,1,0,0,0,1,0
2,12,2,20,5,3,3,2,3,30,3,1,1,1,1,0,1,1,0,0,1,0,0,1,0
2,12,4,10,1,4,3,3,1,47,3,2,2,1,1,1,0,1,0,0,1,0,1,0,0
4,21,3,16,2,4,3,3,1,34,3,2,1,1,1,0,0,1,0,0,1,0,0,0,0
2,12,2,28,5,5,2,2,2,25,1,1,1,2,1,0,0,1,0,0,1,0,0,1,1
2,18,2,28,1,3,4,3,3,21,3,1,1,2,1,0,1,1,0,1,0,0,0,1,0
4,28,4,27,1,5,3,2,3,29,3,2,1,1,1,0,0,1,0,0,1,0,0,1,0
4,18,4,11,4,3,3,3,1,46,3,2,1,1,1,0,0,1,0,0,1,0,0,1,0
4,9,2,13,1,5,3,4,3,20,3,1,1,1,1,0,0,1,0,0,1,0,0,1,0
1,18,4,12,1,1,2,4,4,55,3,3,2,1,1,0,0,1,0,0,0,1,0,0,1
4,5,2,34,1,4,3,4,1,74,3,1,1,1,1,0,0,1,0,0,1,0,1,0,0
2,24,2,113,1,3,3,3,3,29,1,2,1,2,1,0,0,0,1,0,1,0,0,0,1
1,6,4,19,1,1,3,4,4,36,3,3,1,2,1,0,0,1,0,0,0,0,0,0,0
4,24,4,21,1,3,1,2,1,33,3,2,1,2,1,0,0,1,0,0,1,0,0,1,0
1,9,2,21,1,3,3,2,1,25,3,1,1,1,1,0,0,1,0,0,1,0,0,1,0
2,12,2,15,5,3,4,1,1,25,3,1,1,2,1,0,0,1,0,0,1,0,0,1,1
4,6,2,7,3,4,4,4,1,23,3,1,1,1,1,0,0,1,0,1,0,0,1,0,0
4,24,4,13,4,5,2,4,1,37,3,2,1,2,1,1,0,1,0,0,1,0,0,1,0
1,42,4,34,1,1,3,4,3,65,3,2,1,1,1,0,0,0,1,0,1,1,0,0,0
3,12,1,6,1,2,2,1,1,26,3,1,1,1,1,0,0,1,0,0,1,1,0,0,1
4,12,2,19,1,5,3,4,3,39,3,1,1,2,1,1,0,1,0,0,1,0,0,0,0
1,12,2,16,1,3,2,3,2,30,3,1,1,1,1,0,0,0,1,0,1,0,0,1,0
2,20,3,26,1,3,3,3,3,29,1,2,1,2,1,0,0,1,0,0,1,0,0,1,0
4,12,2,7,1,5,3,4,3,41,1,1,2,1,1,0,0,1,0,0,1,0,1,0,1
2,48,4,51,1,3,2,3,3,30,3,1,1,2,1,0,0,1,0,0,1,0,0,0,1
4,9,4,12,5,5,2,4,2,41,3,2,1,1,1,0,0,1,0,1,0,0,1,0,0
1,36,2,18,1,2,2,4,3,34,3,1,1,2,1,1,0,1,0,0,1,0,0,1,1
2,7,2,26,1,3,3,2,1,35,3,1,1,1,1,0,0,0,0,0,1,0,0,1,0
3,12,2,14,5,5,2,4,1,55,3,1,1,2,1,0,0,1,0,0,1,0,0,0,0
2,15,3,15,4,3,4,3,2,61,2,2,1,1,1,0,0,1,0,0,1,0,0,1,1
4,36,4,111,5,3,3,2,3,30,3,1,1,2,1,0,1,1,0,0,1,0,0,0,0
4,6,2,5,1,3,2,1,1,29,3,1,1,1,1,0,0,1,0,0,1,0,0,1,0
4,12,0,28,1,5,3,4,2,34,3,2,1,1,1,0,0,1,0,0,1,0,0,1,0
4,24,2,27,1,5,3,4,3,35,3,1,1,2,1,0,1,1,0,0,1,0,0,0,0
1,24,2,48,1,4,3,3,2,31,3,1,1,2,1,1,0,0,1,0,1,0,0,1,1
4,24,2,27,1,2,2,1,4,29,3,1,1,2,1,0,1,1,0,0,1,0,0,0,0
1,11,4,39,1,3,3,2,1,36,3,2,2,1,1,1,0,1,0,1,0,0,0,1,0
1,12,2,34,1,5,3,4,4,35,3,1,1,2,1,0,1,1,0,0,0,0,0,1,1
1,6,2,3,1,2,2,1,1,27,3,1,1,1,1,0,0,1,0,0,1,0,0,1,0
4,18,2,46,1,2,3,2,3,32,3,1,1,2,1,0,0,1,0,0,1,0,0,1,0
1,36,2,36,1,3,3,2,2,37,3,1,2,1,1,0,0,0,0,0,1,0,0,1,0
1,15,2,17,1,2,3,3,1,36,3,1,1,1,1,1,0,1,0,0,1,0,0,1,0
2,12,2,30,1,2,2,1,1,34,3,1,1,1,1,0,0,1,0,1,0,0,0,0,0
2,12,2,8,5,5,3,4,2,38,3,2,1,1,1,0,0,1,0,0,1,0,0,1,0
4,18,2,20,1,4,3,1,3,34,2,2,1,2,1,0,0,1,0,0,1,0,0,1,0
1,24,2,29,1,3,3,4,4,63,1,1,2,2,1,0,1,0,0,0,1,0,0,1,0
1,24,3,17,1,2,2,2,3,29,3,1,1,2,1,0,0,1,0,1,0,0,1,0,1
4,48,3,72,5,5,3,3,3,32,1,2,2,1,1,0,0,1,0,0,1,0,0,1,0
4,33,3,28,1,3,2,2,3,26,3,2,1,2,1,0,0,1,0,0,1,0,0,1,0
4,24,3,47,1,4,3,3,3,35,3,2,1,2,1,0,1,1,0,0,1,0,1,0,0
2,24,2,31,2,2,4,2,3,22,3,1,1,2,1,0,0,1,0,1,0,0,0,1,1
1,6,2,4,1,2,2,4,2,23,3,1,1,1,1,0,0,1,0,0,1,0,0,1,1
1,9,2,7,1,3,3,3,3,28,3,1,1,1,1,1,0,1,0,0,1,0,1,0,1
4,6,2,12,5,1,3,4,2,36,3,1,2,2,1,0,0,1,0,0,1,0,0,0,0
2,18,4,12,1,3,4,2,3,33,3,1,1,1,1,0,0,1,0,0,1,0,0,1,1
1,18,0,31,1,2,2,4,2,26,3,1,1,1,1,0,0,1,0,1,0,0,0,1,1
4,39,2,26,3,3,3,4,3,24,3,1,1,1,1,0,1,1,0,0,1,0,0,1,0
3,24,2,52,1,4,3,2,3,25,1,1,1,1,1,0,0,1,0,0,1,0,0,1,0
2,12,2,10,2,4,3,4,1,39,3,1,1,1,1,0,0,1,0,0,1,0,1,0,0
1,15,4,15,1,5,3,4,3,44,3,2,2,2,1,0,0,1,0,0,1,0,0,1,0
2,12,4,36,1,3,2,1,1,23,3,1,1,1,1,0,0,1,0,0,1,0,1,0,0
2,24,2,12,1,2,3,1,2,26,3,1,1,1,1,1,0,1,0,0,1,0,0,1,0
1,30,2,36,4,5,2,4,2,57,3,2,1,2,1,0,0,1,0,1,0,0,0,1,0
4,15,3,10,4,4,2,2,2,30,3,2,1,1,1,0,0,1,0,0,1,0,0,1,0
4,12,4,12,3,3,3,4,1,44,3,1,1,2,1,1,0,1,0,0,1,0,0,1,0
2,6,3,12,1,1,3,4,2,47,3,1,1,2,1,1,0,1,0,0,1,0,0,0,1
4,12,2,31,1,3,3,4,3,52,3,1,1,2,1,0,0,1,0,0,1,0,0,1,0
4,24,2,38,1,5,2,4,4,62,3,1,1,2,1,1,0,0,1,0,0,0,0,1,0
4,10,2,14,2,3,3,2,1,35,3,1,1,1,2,1,0,1,0,1,0,0,1,0,0
4,6,2,35,1,3,3,3,2,26,3,1,1,1,1,1,0,0,0,1,0,0,0,1,0
4,12,4,19,1,5,3,2,4,26,3,2,1,1,1,0,0,1,0,0,1,0,0,1,0
2,27,0,83,1,5,2,4,4,42,3,2,1,2,1,0,0,1,0,0,0,0,0,0,1
4,6,4,12,2,3,2,1,2,27,3,2,1,1,1,0,0,1,0,0,1,0,0,1,0
2,6,2,4,5,5,3,4,2,38,3,1,1,1,1,0,0,1,0,0,1,0,0,1,0
1,12,4,21,1,3,3,2,1,39,3,2,2,1,2,1,0,1,0,1,0,0,1,0,0
1,24,2,30,5,3,4,4,3,20,3,1,1,1,1,0,0,1,0,0,1,0,0,1,1
2,36,2,90,2,2,3,1,4,29,3,1,1,2,1,0,0,0,1,1,0,0,0,0,1
4,24,4,16,1,4,3,3,2,40,3,2,1,1,1,0,0,1,0,0,1,0,0,1,0
2,18,2,13,1,5,4,2,1,32,3,1,1,1,1,0,0,0,0,0,1,0,1,0,0
3,6,4,13,2,5,1,4,3,28,3,2,2,2,1,1,0,1,0,0,1,0,0,1,0
1,24,2,31,1,2,2,1,2,27,3,1,1,1,1,1,0,1,0,0,1,0,0,1,1
1,36,2,55,1,5,3,4,4,42,3,1,2,1,1,0,1,1,0,0,0,0,0,1,0
3,9,2,11,2,5,1,4,1,49,3,1,1,1,1,0,0,1,0,0,1,0,0,1,0
2,24,4,12,2,2,3,4,4,38,1,2,2,1,1,0,0,1,0,0,1,0,0,1,1
1,24,2,12,1,2,2,4,2,24,3,1,1,1,1,1,0,1,0,1,0,0,0,1,1
4,10,2,13,5,3,3,4,2,27,3,1,1,1,1,1,0,0,0,0,1,0,1,0,1
3,15,4,24,3,3,3,2,3,36,3,1,1,2,1,0,1,1,0,0,1,0,0,1,0
2,15,1,68,2,1,3,2,2,34,3,1,2,2,1,1,0,1,0,0,1,0,0,0,1
4,24,2,14,1,3,4,2,2,28,3,1,1,1,1,0,0,1,0,0,1,0,0,1,0
4,39,2,86,2,5,3,2,3,45,3,1,1,2,1,0,1,1,0,0,1,0,0,0,0
1,12,2,8,1,4,3,2,1,26,3,1,1,1,1,1,0,1,0,0,1,0,0,1,1
4,36,2,47,1,3,3,2,4,32,3,1,1,2,1,0,1,1,0,0,0,0,0,0,0
3,15,2,27,1,4,3,4,2,26,3,1,1,2,1,0,0,1,0,1,0,0,0,1,0
2,12,3,6,1,3,4,4,1,20,3,2,1,1,1,0,0,0,1,1,0,0,0,1,0
4,24,2,23,5,2,3,1,2,54,3,1,1,1,1,1,0,1,0,0,1,0,0,1,0
1,6,4,6,1,4,2,3,2,37,3,2,1,1,2,1,0,1,0,0,1,0,0,1,0
1,6,4,14,1,2,3,4,1,40,3,1,2,1,2,1,0,1,0,0,1,0,1,0,0
4,36,4,71,1,2,2,4,2,23,3,2,1,2,1,0,0,1,0,1,0,0,0,1,1
1,6,2,12,2,5,3,2,2,43,3,1,1,2,1,1,0,1,0,0,1,0,0,1,0
4,6,4,7,5,5,3,4,4,36,3,2,1,1,1,0,0,1,0,0,0,0,0,1,0
4,24,4,55,1,5,3,4,4,44,3,2,1,1,1,0,0,1,0,0,0,0,0,1,0
1,18,2,32,1,3,2,2,1,24,3,1,1,1,1,0,0,1,0,0,1,0,0,1,1
1,48,0,71,1,3,3,4,4,53,3,2,2,1,1,0,0,1,0,0,0,0,0,1,1
4,24,2,35,2,4,2,4,3,23,3,1,1,1,1,0,1,1,0,0,1,0,0,1,0
2,18,2,11,1,3,2,4,1,26,3,1,2,1,1,0,0,0,0,0,1,0,1,0,0
2,26,2,80,1,2,3,3,3,30,3,2,1,1,1,0,1,1,0,0,1,0,0,1,0
4,15,4,15,2,3,2,3,3,31,3,1,1,1,1,0,0,1,0,0,1,0,0,1,0
4,4,4,15,1,4,3,1,1,42,3,2,2,1,1,0,0,1,0,0,1,0,1,0,0
1,36,2,23,1,3,1,4,3,31,3,1,1,1,1,0,0,1,0,1,0,0,0,1,1
1,6,2,7,1,2,3,4,1,41,3,1,2,2,1,1,0,1,0,0,1,0,1,0,0
2,36,2,23,1,4,3,1,3,32,3,2,2,1,1,0,0,1,0,0,1,0,0,1,0
2,15,2,26,2,3,2,4,3,28,3,2,1,2,1,1,0,1,0,1,0,0,0,1,1
4,12,3,15,1,3,4,4,1,41,3,1,1,1,1,0,1,1,0,1,0,0,0,1,0
4,24,2,13,2,4,4,3,2,26,3,1,1,2,1,0,0,1,0,0,1,0,0,1,0
4,24,2,31,5,2,3,2,3,25,3,2,1,1,1,0,0,1,0,0,1,0,0,1,0
3,21,4,23,1,2,1,1,3,33,3,1,1,1,1,0,0,1,0,1,0,0,0,1,1
1,6,2,14,5,1,2,3,2,75,3,1,1,2,1,1,0,1,0,0,1,0,0,0,0
2,18,4,36,1,5,2,4,2,37,3,1,1,2,1,0,0,1,0,0,1,0,0,1,0
1,48,2,78,1,5,3,4,4,42,1,1,1,1,1,1,0,1,0,0,0,0,0,0,1
3,18,2,30,1,2,2,1,2,45,2,1,1,1,1,0,0,1,0,0,1,0,1,0,0
2,12,2,15,1,2,4,1,1,23,3,1,1,1,1,0,0,1,0,1,0,0,0,1,1
4,24,3,20,1,5,3,4,4,60,3,2,1,2,1,1,0,1,0,0,0,0,0,1,0
1,30,2,64,5,5,3,4,2,31,3,1,1,1,1,0,0,1,0,0,1,0,0,1,1
3,18,2,29,1,3,3,1,1,34,3,1,2,1,1,0,0,1,0,0,1,0,1,0,1
4,12,4,13,1,5,3,4,1,61,3,2,1,1,1,1,0,1,0,0,1,0,1,0,0
1,24,3,13,1,1,3,2,1,43,3,2,2,1,1,1,0,1,0,0,0,0,0,1,1
4,24,4,20,1,3,2,4,3,37,3,1,1,2,1,1,0,1,0,0,1,0,0,1,0
4,24,2,16,1,4,3,1,3,32,1,1,2,1,1,0,0,1,0,0,1,0,0,1,0
1,12,1,6,1,3,2,4,1,24,1,1,1,1,1,0,0,1,0,0,1,0,1,0,1
4,48,4,89,5,4,3,1,4,35,3,2,1,2,1,0,1,1,0,0,0,0,0,1,0
4,12,4,10,5,4,2,4,1,23,3,2,1,1,1,0,0,1,0,0,1,0,0,1,0
4,6,1,18,3,5,3,4,2,45,1,1,2,1,1,0,0,1,0,0,1,0,1,0,0
1,48,2,70,1,4,4,1,1,34,3,2,1,2,1,0,0,0,0,0,1,0,0,1,1
2,12,4,20,2,2,3,1,3,27,3,1,1,1,1,1,0,1,0,0,1,0,0,1,0
2,9,2,12,1,4,2,4,2,67,3,2,1,2,1,0,0,1,0,0,1,0,0,0,0
2,12,2,13,1,2,3,1,3,22,2,1,1,1,1,0,0,1,0,0,1,0,0,1,1
2,18,0,23,2,2,2,3,3,28,3,2,1,1,1,1,0,1,0,0,1,0,0,1,1
4,21,0,50,5,3,2,4,2,29,1,2,1,2,1,1,0,1,0,0,1,0,0,1,1
1,24,1,36,1,4,3,4,3,27,1,1,1,1,1,0,0,1,0,0,1,0,0,1,1
2,18,4,19,1,2,3,2,1,31,3,2,1,1,1,0,0,1,0,0,1,0,1,0,1
1,24,2,30,5,5,3,4,4,49,1,1,2,2,1,0,1,1,0,0,0,0,0,1,0
1,24,1,15,1,4,3,4,3,24,1,1,1,1,1,0,0,0,0,1,0,0,1,0,1
3,6,3,7,1,2,2,1,2,29,1,1,1,1,1,0,0,1,0,0,1,0,0,1,0
2,36,2,124,5,3,3,4,4,37,3,1,1,2,1,1,0,1,0,0,0,0,0,1,1
2,24,3,47,5,3,3,2,2,37,1,2,1,2,1,0,0,1,0,0,1,0,0,0,0
2,24,3,16,2,4,2,2,2,23,3,2,1,2,1,0,0,1,0,1,0,0,0,1,0
1,12,2,14,1,4,1,3,3,36,3,1,1,1,1,1,0,1,0,0,1,0,0,1,1
4,24,4,26,4,5,3,2,3,34,3,1,1,1,1,0,0,1,0,0,1,0,0,1,0
2,48,2,40,5,4,3,1,3,41,3,2,2,2,1,0,0,1,0,0,1,0,0,1,0
1,48,2,68,1,3,2,2,3,31,3,1,1,2,1,0,0,1,0,0,1,0,0,1,1
1,24,2,32,1,2,2,4,1,23,3,1,1,2,1,0,0,1,0,1,0,0,1,0,1
4,30,4,60,1,4,3,2,3,38,3,1,1,1,1,0,0,0,1,0,1,0,0,1,0
4,24,2,54,5,1,2,4,2,26,3,1,1,2,1,0,1,1,0,1,0,0,0,0,0
1,15,2,8,1,3,2,4,2,22,3,1,1,1,1,0,0,1,0,0,1,0,1,0,0
2,9,2,11,1,5,3,4,3,27,3,2,1,1,1,0,0,1,0,0,1,0,1,0,0
4,15,4,28,1,4,2,3,3,24,1,2,1,1,1,0,0,0,1,0,1,0,0,1,0
2,12,2,29,1,4,2,1,1,27,3,1,1,1,1,0,0,1,0,0,1,0,0,1,0
4,24,4,19,5,3,2,2,3,33,3,2,1,2,1,0,0,1,0,0,1,0,0,1,0
2,36,4,28,1,2,1,4,3,27,3,2,1,1,1,1,0,1,0,0,1,0,0,1,1
4,24,2,9,1,2,4,3,3,27,3,2,1,1,1,0,0,1,0,0,1,0,1,0,0
2,18,4,11,1,5,3,3,1,30,1,2,1,1,1,1,0,0,0,0,1,0,0,1,1
2,12,4,31,1,2,3,3,1,49,1,2,2,1,1,1,0,1,0,0,1,0,1,0,0
4,9,2,14,1,3,2,2,1,26,3,1,1,1,1,0,0,1,0,1,0,0,0,1,0
2,36,2,24,1,2,3,1,4,33,3,1,1,1,1,0,0,1,0,1,0,0,1,0,1
4,12,2,21,5,5,2,4,4,52,3,1,1,2,1,1,0,1,0,0,0,0,0,0,0
1,18,2,20,1,3,2,4,1,20,1,1,1,1,1,0,0,1,0,1,0,0,0,1,1
1,9,4,28,1,3,3,2,1,36,3,2,2,1,1,1,0,1,0,1,0,0,0,1,0
1,12,2,13,1,3,3,1,2,21,3,1,1,1,1,0,0,0,0,0,1,0,1,0,0
1,18,2,12,1,3,4,3,1,47,3,1,1,2,1,0,0,1,0,0,1,0,1,0,1
1,12,4,22,1,5,3,3,2,60,3,2,1,1,1,0,0,1,0,0,1,0,0,1,1
1,12,4,4,1,4,2,3,1,58,3,4,1,2,1,0,0,1,0,0,1,0,1,0,0
2,24,3,20,5,3,2,4,3,42,3,2,1,2,1,1,0,1,0,1,0,0,0,1,0
4,21,2,16,4,5,2,4,1,36,1,1,1,1,1,0,0,1,0,0,1,0,1,0,0
2,24,2,27,1,3,2,4,2,20,3,1,1,2,1,1,0,1,0,1,0,0,1,0,1
1,24,1,14,5,5,3,3,3,40,2,1,1,2,1,0,0,1,0,0,1,0,0,0,1
2,6,1,9,2,2,2,1,2,32,2,1,1,1,1,1,0,1,0,0,1,0,1,0,1
1,24,2,14,1,4,2,4,3,23,3,2,1,1,1,1,0,1,0,1,0,0,0,1,1
2,24,0,42,1,3,3,4,1,36,3,3,1,2,1,0,0,1,0,0,1,0,1,0,1
4,18,4,28,1,4,3,2,2,31,1,2,1,1,1,1,0,1,0,0,1,0,0,1,1
4,24,3,39,1,3,3,2,4,32,3,1,1,1,1,0,0,1,0,0,0,0,0,1,0
2,7,2,23,1,2,2,1,1,45,3,1,1,1,1,0,0,0,0,0,1,0,0,1,0
2,9,2,9,1,3,2,1,2,30,3,1,1,1,1,0,0,1,0,0,1,0,0,1,1
2,24,1,18,1,4,2,4,4,34,1,1,1,1,1,0,0,1,0,0,0,0,1,0,1
4,36,2,33,1,3,2,2,3,28,3,1,1,2,1,0,0,1,0,0,1,0,0,0,1
3,10,2,13,1,2,2,2,2,23,3,1,1,1,1,0,0,1,0,0,1,0,0,1,0
1,24,1,28,3,3,3,4,1,22,2,1,1,2,1,0,0,1,0,0,1,0,0,1,0
4,24,4,45,1,3,3,2,1,74,3,1,1,2,1,0,0,1,0,0,1,0,0,0,0
2,36,2,27,2,3,2,4,4,50,3,1,1,1,1,0,0,0,1,0,0,0,0,1,1
4,18,2,21,1,2,3,1,1,33,3,1,1,1,1,0,0,1,0,0,1,0,0,1,0
4,15,2,13,5,5,3,4,4,45,1,1,2,1,1,0,1,1,0,0,0,0,0,1,0
1,12,2,7,2,1,2,3,2,22,3,1,1,1,1,0,0,1,0,0,1,0,0,1,1
3,10,2,12,2,5,2,4,4,48,3,1,2,1,1,1,0,1,0,0,0,0,1,0,1
1,21,2,34,4,2,2,2,3,29,1,1,1,1,1,0,0,1,0,0,1,0,0,1,0
1,24,1,36,1,3,2,4,3,22,1,1,1,1,2,0,1,0,0,1,0,0,0,1,0
4,18,3,18,1,4,2,1,1,22,3,1,1,1,1,0,0,1,0,0,1,0,0,1,1
2,48,0,122,5,3,3,2,3,48,1,1,1,2,1,0,0,1,0,0,1,0,0,0,0
2,60,3,92,5,3,3,2,4,27,3,1,1,1,1,0,0,1,0,0,0,0,0,0,0
1,6,4,37,1,3,3,3,1,37,3,3,2,1,1,1,0,1,0,1,0,0,0,1,0
2,30,2,34,2,3,2,4,3,21,3,1,1,1,1,0,0,0,1,1,0,0,0,1,1
4,12,2,6,1,3,1,2,1,49,3,1,1,1,1,1,0,1,0,0,1,0,1,0,0
2,21,4,37,1,4,3,3,2,27,3,2,1,1,1,0,0,1,0,0,1,0,0,1,0
4,18,4,15,1,3,3,2,2,32,1,2,1,1,1,1,0,1,0,0,1,0,0,1,1
4,48,2,39,5,3,1,2,1,38,1,1,1,1,1,0,0,1,0,0,1,0,0,1,1
1,12,2,19,1,2,2,1,3,22,3,1,1,1,1,0,0,1,0,1,0,0,0,1,0
1,18,2,26,1,3,3,4,4,65,3,2,1,1,1,0,0,1,0,0,0,0,0,1,1
4,15,2,20,5,5,3,2,3,35,3,1,1,1,1,0,0,1,0,0,1,0,0,1,0
3,6,2,21,1,3,3,2,1,41,3,1,1,2,1,0,0,1,0,0,1,0,0,1,0
2,9,1,14,2,4,3,3,4,29,3,1,1,1,1,1,0,1,0,0,1,0,0,1,1
4,42,4,40,3,3,3,4,1,36,3,2,1,2,1,0,0,1,0,0,1,0,0,1,0
4,9,2,38,5,5,3,4,1,64,3,1,1,1,1,0,0,1,0,0,1,0,1,0,0
1,24,2,37,1,3,2,4,3,28,3,1,1,1,1,0,0,1,0,0,1,0,0,1,0
1,18,1,16,1,3,3,3,3,44,1,1,1,1,1,0,0,1,0,0,1,0,0,1,1
2,15,2,14,5,2,3,1,2,23,3,1,1,1,1,0,0,1,0,0,1,0,0,1,0
4,9,2,20,1,2,2,2,3,19,3,2,1,1,1,0,0,0,1,1,0,0,0,1,1
2,24,2,14,1,2,2,4,3,25,3,1,1,2,1,1,0,1,0,0,1,0,1,0,1
4,12,2,14,1,5,3,4,2,47,1,3,2,2,1,0,0,1,0,0,1,0,0,1,0
4,24,2,14,3,4,2,1,3,28,3,1,1,1,1,0,0,1,0,0,1,0,0,1,0
4,60,3,157,1,4,3,4,3,21,3,2,1,2,1,0,0,1,0,0,1,0,0,1,0
4,12,2,15,1,2,2,3,3,34,3,1,2,1,1,0,0,1,0,0,1,0,0,1,0
1,42,3,44,1,4,3,2,2,26,1,2,2,2,1,0,0,1,0,0,1,0,0,1,1
1,18,2,8,1,1,2,1,1,27,3,1,1,1,1,0,0,1,0,0,1,1,0,0,1
2,15,2,13,1,5,3,4,3,38,3,2,1,1,1,0,0,1,0,0,1,0,1,0,0
4,15,2,46,2,3,3,2,2,40,3,1,1,2,1,0,0,1,0,0,1,0,0,0,1
4,24,4,19,1,4,4,2,3,33,3,2,1,2,1,0,0,0,0,0,1,0,0,1,0
1,18,4,19,1,4,4,1,2,32,3,2,1,2,1,0,0,1,0,0,1,0,0,0,0
4,36,3,80,5,2,3,4,3,27,3,2,1,2,1,0,0,1,0,1,0,0,0,1,1
1,30,0,46,1,3,1,2,1,32,3,2,1,1,1,0,0,0,0,0,1,0,0,1,0
4,12,2,14,3,3,2,2,2,26,3,1,1,1,1,1,0,1,0,0,1,0,0,1,1
3,24,2,9,1,4,3,3,4,38,1,1,2,1,1,1,0,1,0,0,0,0,0,1,1
1,12,2,7,1,3,3,4,3,40,3,1,2,1,1,0,0,1,0,1,0,0,1,0,1
1,48,2,75,1,4,3,1,4,50,3,1,1,2,1,0,0,1,0,0,0,0,0,0,0
2,12,2,19,1,3,3,2,2,37,3,1,1,1,1,0,0,1,0,0,1,0,1,0,1
1,24,2,23,1,5,3,1,1,45,3,1,1,1,1,1,0,0,1,0,1,0,0,1,1
2,36,3,81,2,5,3,4,3,42,3,4,1,2,1,1,0,1,0,0,1,0,0,0,1
4,24,4,23,1,4,3,3,3,35,3,2,1,2,1,0,1,1,0,0,1,0,0,1,0
1,14,2,40,1,1,3,4,4,22,3,1,1,1,1,1,0,1,0,0,0,0,0,1,0
2,12,2,9,1,5,3,4,3,41,1,1,2,1,1,1,0,1,0,0,1,0,1,0,1
4,48,2,102,5,4,3,3,3,37,2,1,1,2,1,0,0,1,0,0,1,0,0,1,0
2,30,0,42,1,3,2,1,3,28,3,2,1,1,1,0,0,1,0,0,1,0,0,1,0
2,18,4,64,1,5,3,1,4,41,3,1,1,2,1,0,0,1,0,0,1,0,0,1,0
3,12,2,13,1,3,4,4,1,23,3,1,1,1,1,0,0,1,0,1,0,0,0,1,0
1,12,2,9,5,3,4,2,3,23,3,1,1,1,1,1,0,1,0,0,1,0,0,1,1
4,21,2,22,1,5,3,2,1,50,3,2,1,1,1,0,0,1,0,0,1,0,0,1,0
2,6,3,10,1,1,3,1,2,35,2,2,1,2,1,0,0,1,0,0,1,0,0,0,0
3,6,4,10,1,3,2,4,2,50,3,1,1,1,1,0,0,1,0,0,1,0,1,0,0
4,24,4,63,1,1,3,2,4,27,1,2,1,2,1,0,0,0,1,0,1,0,0,0,0
2,30,1,35,4,3,3,2,3,34,2,1,2,2,1,0,0,1,0,0,1,0,0,1,0
4,48,1,36,1,3,2,1,1,27,2,1,1,1,1,0,0,1,0,0,1,0,0,1,0
1,12,4,48,1,5,3,4,2,43,3,2,1,2,1,1,0,0,1,1,0,0,0,1,1
3,30,4,30,1,5,3,4,2,47,3,1,1,1,1,0,0,1,0,0,1,0,0,1,0
4,24,4,41,2,3,3,3,2,27,3,2,1,2,1,0,0,1,0,0,1,0,1,0,0
4,36,2,57,2,4,3,2,3,31,3,2,1,2,1,0,0,1,0,0,1,0,0,1,0
4,60,2,104,1,5,3,4,2,42,3,1,1,2,1,1,0,1,0,0,1,0,0,0,0
4,6,4,21,3,3,4,2,3,24,3,1,1,1,1,1,0,1,0,0,1,0,0,1,0
4,21,3,26,3,2,3,2,1,41,1,1,2,1,1,0,0,1,0,0,1,0,1,0,1
4,30,4,45,1,4,2,4,3,26,3,1,1,2,1,0,0,1,0,1,0,0,0,0,0
4,24,4,52,1,5,3,4,3,33,3,1,1,2,1,0,0,1,0,0,1,0,0,1,0
2,72,2,56,2,3,4,2,3,24,3,1,1,1,1,0,0,1,0,0,1,0,0,1,1
1,24,2,24,1,5,3,4,1,64,1,1,1,1,1,0,0,1,0,1,0,0,1,0,0
4,18,2,15,1,2,2,1,1,26,3,1,1,1,1,0,0,1,0,0,1,0,0,1,0
4,6,2,15,1,2,2,2,4,56,3,1,1,1,1,0,0,1,0,0,1,0,0,1,0
4,12,2,23,5,3,3,4,4,37,3,1,1,2,1,0,0,1,0,0,0,0,0,1,0
4,15,3,15,1,3,4,3,1,33,1,2,1,1,1,0,0,1,0,0,1,0,0,1,0
4,24,4,51,1,2,4,3,4,47,3,3,1,2,1,0,0,1,0,0,0,0,0,1,0
2,36,3,99,2,4,3,3,2,31,3,2,2,2,1,0,0,1,0,0,1,0,1,0,0
4,60,2,65,5,3,3,4,4,34,3,1,2,2,1,1,0,1,0,0,0,0,0,1,0
3,10,4,13,5,4,3,2,2,27,3,2,1,2,1,0,0,1,0,0,1,0,0,1,0
2,36,3,29,2,5,3,3,4,30,3,1,1,1,1,1,0,1,0,0,0,0,0,1,0
4,9,2,28,2,5,3,4,3,35,3,1,1,2,1,0,0,0,1,0,1,0,0,1,0
1,12,2,37,4,3,3,3,2,31,3,1,2,1,1,1,0,1,0,0,1,0,0,1,0
1,15,4,10,1,3,1,3,2,25,3,2,1,1,1,0,0,1,0,0,1,0,0,1,0
2,15,2,26,2,3,2,2,1,25,3,1,1,1,1,0,0,1,0,0,1,0,1,0,0
2,24,2,29,2,2,3,1,3,29,3,1,1,1,1,0,0,1,0,0,1,0,0,1,0
1,6,4,47,5,2,3,3,1,44,3,2,2,1,1,1,0,1,0,0,1,0,1,0,0
4,24,2,23,1,4,3,2,3,28,3,1,1,2,1,0,0,1,0,0,1,0,0,1,0
4,6,2,12,3,3,3,4,2,50,3,1,1,1,1,0,1,1,0,1,0,0,0,1,0
2,12,2,11,1,4,3,3,1,29,3,2,1,1,2,0,0,0,0,0,1,0,0,1,0
4,12,4,9,1,1,2,2,2,38,3,1,1,1,1,1,0,1,0,0,1,1,0,0,0
4,18,4,18,1,3,3,2,3,24,3,2,1,1,1,0,0,1,0,0,1,0,0,1,0
3,15,2,19,1,5,3,4,3,40,3,1,1,2,1,0,0,1,0,1,0,0,0,0,0
4,12,2,11,3,3,2,4,3,29,3,1,1,1,1,0,0,1,0,1,0,0,1,0,1
1,48,4,63,1,5,3,4,4,46,3,2,1,2,1,0,1,1,0,0,0,0,0,1,1
3,24,2,14,2,5,2,2,4,47,3,1,1,2,1,0,0,1,0,0,0,0,0,1,0
2,30,3,25,2,5,3,2,2,41,2,2,1,1,1,0,0,1,0,0,1,0,0,1,0
2,27,2,25,1,2,2,1,2,32,3,1,2,2,1,0,0,1,0,0,1,0,0,1,0
4,15,2,53,3,5,2,4,4,35,3,1,1,1,1,1,0,1,0,0,0,0,0,1,0
2,48,2,66,2,4,3,2,2,24,3,1,1,1,1,1,0,1,0,0,1,0,0,1,1
2,12,0,30,1,2,2,3,2,25,3,2,1,1,1,0,0,1,0,1,0,0,0,1,1
2,9,2,12,1,5,2,4,1,25,3,1,1,1,1,0,0,1,0,0,1,0,0,1,0
2,9,2,21,1,3,3,2,1,37,3,1,2,1,1,0,0,1,0,0,1,0,1,0,0
4,18,4,6,3,5,3,3,2,32,1,2,1,2,1,0,0,1,0,0,1,0,0,0,0
1,6,1,12,1,5,2,4,4,35,3,1,1,1,1,0,0,1,0,0,0,0,0,1,1
4,21,2,25,5,5,3,4,1,46,3,1,1,2,1,0,1,1,0,0,1,0,0,0,0
1,9,4,11,1,3,3,4,1,25,3,2,1,1,1,0,0,1,0,0,1,0,1,0,0
2,60,2,140,1,4,3,2,4,27,3,1,1,2,1,1,0,1,0,0,1,0,0,0,1
4,30,4,76,5,5,3,4,3,63,3,2,1,1,1,0,1,1,0,0,1,0,0,1,0
4,30,4,31,5,5,3,2,3,40,3,2,2,2,1,0,0,1,0,0,1,0,0,1,0
4,18,2,15,1,3,3,2,4,32,3,1,1,2,1,0,0,1,0,0,0,0,0,0,0
3,24,4,31,5,3,3,2,3,31,3,2,1,2,1,0,0,1,0,0,1,0,0,1,0
2,20,0,61,2,5,4,4,3,31,1,2,1,2,1,0,1,1,0,0,1,0,0,1,0
3,9,0,13,1,2,3,2,3,34,3,2,1,2,1,0,0,1,0,0,1,0,0,0,1
2,6,1,4,4,2,2,2,2,24,1,1,2,1,1,0,0,1,0,1,0,0,0,1,1
1,12,2,12,1,3,2,2,1,24,3,1,1,1,1,1,0,1,0,0,1,0,1,0,1
2,9,2,8,3,3,2,3,1,66,3,1,1,1,1,0,0,1,0,0,1,0,1,0,0
4,27,2,26,1,3,2,3,1,21,3,1,1,1,1,1,0,1,0,1,0,0,0,1,1
4,6,4,2,4,3,2,2,1,41,1,2,1,1,1,1,0,1,0,0,1,0,1,0,0
4,15,4,13,3,3,4,2,2,47,3,2,1,1,1,0,0,1,0,0,1,0,1,0,0
1,18,2,19,1,3,2,4,3,25,1,2,1,1,1,0,0,1,0,1,0,0,0,1,1
2,48,1,64,1,5,2,3,4,59,3,1,1,1,1,0,0,1,0,1,0,0,0,1,1
3,24,4,13,4,3,1,4,1,36,3,2,1,2,1,0,0,1,0,0,1,0,0,1,0
2,24,3,64,1,2,3,2,3,33,3,1,1,1,1,0,0,1,0,0,1,0,0,1,0
1,24,2,20,1,3,3,4,1,21,3,1,2,1,1,0,0,1,0,1,0,0,1,0,1
2,8,2,8,1,4,2,2,1,44,3,1,1,1,1,0,0,0,0,0,1,0,1,0,0
4,24,2,26,4,3,2,4,3,28,3,1,1,2,1,0,1,1,0,1,0,0,0,1,0
4,4,4,34,1,4,2,1,1,37,3,1,2,1,1,1,0,1,0,0,1,0,0,1,0
2,36,1,40,5,2,2,2,4,29,1,1,1,1,1,0,0,1,0,0,1,1,0,0,0
2,24,2,116,1,3,2,4,3,23,3,2,1,1,1,0,1,1,0,1,0,0,0,0,1
1,18,2,44,2,3,3,4,3,35,3,1,2,2,1,1,0,1,0,0,1,0,1,0,0
4,6,4,68,1,4,3,3,4,45,3,2,2,2,1,1,0,1,0,0,1,0,0,0,0
2,30,0,43,2,3,2,4,3,26,3,2,1,1,1,0,0,1,0,1,0,0,1,0,1
1,24,1,23,2,4,3,3,3,32,1,1,1,1,1,1,0,1,0,0,1,0,0,1,0
2,10,1,10,1,3,3,4,1,23,2,1,1,1,1,0,0,1,0,0,1,0,1,0,0
4,21,2,32,5,5,3,3,2,41,3,1,1,2,1,0,0,1,0,0,1,0,0,1,0
1,24,1,25,3,3,3,4,1,22,2,1,1,2,1,0,0,1,0,0,1,0,0,1,0
1,39,4,142,5,4,3,4,2,30,3,2,1,2,1,0,0,1,0,0,1,0,0,0,0
1,13,4,18,1,2,3,1,2,28,1,2,1,1,1,0,0,1,0,0,1,0,1,0,0
1,15,2,25,1,1,2,4,3,23,3,1,1,1,1,1,0,1,0,1,0,0,0,1,0
1,12,2,13,1,2,2,1,1,37,3,1,1,1,1,1,0,1,0,0,1,0,1,0,1
4,21,2,52,5,3,3,3,3,26,3,1,1,1,1,0,1,1,0,0,1,0,0,1,0
4,15,2,30,1,4,3,2,3,33,3,1,1,1,1,0,1,1,0,0,1,0,0,1,0
1,6,2,4,1,5,2,1,2,49,1,1,1,2,1,0,0,1,0,0,1,0,0,1,0
1,18,2,10,1,2,2,2,3,23,3,1,1,1,1,1,0,1,0,0,1,0,1,0,1
2,12,2,8,2,4,2,4,1,23,3,1,1,1,1,0,0,1,0,1,0,0,1,0,0
4,30,4,58,1,4,2,2,3,25,3,2,1,1,1,0,0,1,0,0,1,0,0,1,0
4,12,3,16,4,5,3,4,4,55,3,2,2,1,1,0,0,1,0,0,0,0,0,1,1
1,24,2,13,5,4,2,4,4,32,3,1,1,1,1,1,0,1,0,1,0,0,0,1,1
3,6,4,13,1,3,3,1,1,74,3,3,2,1,2,1,0,1,0,0,1,1,0,0,0
3,15,4,13,5,3,3,4,4,39,3,2,1,2,1,0,0,1,0,0,0,0,0,1,1
4,24,2,14,1,3,3,2,1,31,3,1,1,2,1,1,0,0,0,0,1,0,0,1,0
1,12,4,7,1,5,3,3,2,35,3,2,1,1,1,1,0,1,0,0,1,0,0,1,1
4,15,4,50,5,5,2,4,3,59,3,1,1,2,1,1,0,1,0,0,1,0,0,1,0
1,18,4,21,1,3,2,4,1,24,3,2,1,1,1,0,0,1,0,1,0,0,0,1,1
1,12,2,22,1,3,3,3,2,24,3,1,1,1,1,0,0,1,0,0,1,0,1,0,0
4,21,4,127,5,5,3,4,4,30,3,1,1,2,1,1,0,1,0,0,0,0,0,0,1
4,24,4,25,2,4,4,3,2,27,3,2,1,2,1,1,0,1,0,0,1,0,0,1,0
2,12,2,12,1,5,4,3,1,40,1,2,1,1,1,0,0,0,0,0,1,0,1,0,0
1,30,2,31,1,2,1,4,2,31,3,1,1,1,1,0,0,1,0,0,1,0,1,0,1
4,10,2,29,5,2,2,4,1,31,3,1,1,1,1,0,1,1,0,1,0,0,0,1,0
2,12,4,36,1,5,3,4,3,28,3,3,1,2,1,0,0,1,0,1,0,0,0,1,0
4,12,4,17,1,5,3,4,1,63,3,2,1,2,1,0,0,1,0,0,1,0,1,0,0
1,24,2,28,5,5,2,4,1,26,3,1,1,1,1,0,1,1,0,1,0,0,0,1,0
1,36,4,81,1,3,2,2,4,25,3,2,1,2,1,0,0,1,0,0,1,0,0,0,1
4,21,4,33,1,5,3,4,3,36,3,1,1,2,1,0,1,1,0,0,1,0,0,0,0
4,24,4,22,2,5,3,4,2,52,1,2,1,1,1,0,0,1,0,0,1,0,0,1,0
3,12,4,15,3,1,3,4,4,66,1,3,1,1,1,1,0,1,0,0,0,1,0,0,0
1,24,2,14,5,3,2,4,1,25,3,1,1,1,1,1,0,1,0,1,0,0,0,1,1
4,36,4,35,1,4,3,4,3,37,3,2,1,2,1,1,0,1,0,0,1,0,0,1,0
1,18,2,35,1,4,2,1,1,25,3,1,1,1,1,0,0,0,0,0,1,0,0,1,0
4,36,4,57,4,5,3,2,3,38,3,2,1,2,1,0,1,1,0,0,1,0,0,0,0
2,18,2,39,1,1,2,4,3,67,3,1,1,2,1,0,0,1,0,0,1,0,0,1,0
2,39,4,49,1,4,3,2,1,25,3,2,1,1,1,0,0,0,0,0,1,0,0,1,1
4,24,4,19,4,5,3,4,1,60,3,1,1,2,1,1,0,1,0,0,1,0,0,1,0
2,12,0,14,1,3,3,2,1,31,3,1,1,2,1,0,0,1,0,0,1,0,1,0,0
2,12,2,8,2,2,2,2,2,23,1,1,1,1,1,1,0,1,0,0,1,0,1,0,1
2,20,2,65,5,1,1,4,1,60,3,1,1,2,1,0,1,1,0,0,1,0,0,0,0
2,18,2,19,4,3,3,2,2,35,3,1,1,2,1,0,0,1,0,0,1,0,1,0,0
4,22,2,27,3,5,3,4,3,40,3,1,1,1,1,0,0,1,0,0,1,0,0,1,0
4,48,4,28,5,5,3,3,3,38,3,2,2,2,1,0,1,1,0,0,1,0,0,1,0
2,48,3,62,1,5,3,4,4,50,3,1,1,1,1,0,0,1,0,0,0,0,0,1,1
1,40,4,60,1,3,3,3,4,27,1,1,1,2,1,0,0,1,0,0,1,0,0,1,1
2,21,2,12,1,5,2,4,2,39,3,1,2,1,1,0,0,1,0,0,1,0,0,1,1
4,24,2,63,5,5,3,4,3,41,3,1,2,2,1,0,1,1,0,0,1,0,0,0,0
4,6,4,12,5,3,4,2,2,27,3,2,1,1,1,0,0,1,0,0,1,0,0,1,0
3,24,2,29,1,5,1,4,4,51,3,1,1,1,1,0,0,1,0,0,0,0,0,1,0
4,24,2,31,3,5,3,3,4,32,3,1,1,2,1,0,0,1,0,1,0,0,0,1,0
4,9,2,23,2,2,2,4,2,22,3,1,1,1,1,0,0,1,0,1,0,0,0,1,0
1,18,2,75,5,5,3,4,2,51,3,1,2,2,1,0,1,1,0,0,0,0,0,1,1
4,12,4,13,1,2,2,4,2,22,3,2,1,1,1,0,0,1,0,1,0,0,1,0,0
4,24,3,7,5,5,4,4,3,54,3,2,1,2,1,1,0,1,0,0,1,0,0,1,0
2,9,2,15,5,2,3,2,1,35,3,1,1,1,1,1,0,1,0,0,1,1,0,0,0
4,24,4,16,1,5,3,4,4,54,3,2,2,1,1,0,0,1,0,0,0,0,0,1,0
2,18,4,18,1,5,2,4,1,48,1,2,1,2,1,0,0,0,0,1,0,0,1,0,0
1,20,4,43,1,5,2,4,2,24,3,2,1,1,1,0,0,1,0,0,1,0,0,1,0
4,12,4,10,5,5,3,4,3,35,3,2,1,1,1,0,0,1,0,0,1,0,0,1,0
2,12,2,75,5,1,2,2,1,24,3,1,1,1,1,1,0,1,0,1,0,1,0,0,0
1,36,2,93,1,4,3,1,3,24,3,1,1,2,1,1,0,1,0,0,1,0,0,1,1
2,6,2,6,1,2,4,3,1,26,3,1,1,1,2,0,0,1,0,0,1,0,1,0,0
4,12,4,9,5,5,3,4,1,65,3,4,1,1,1,0,0,1,0,0,1,0,0,1,0
2,42,1,93,1,1,3,2,4,55,1,1,1,2,1,0,1,1,0,0,0,0,0,0,0
2,15,0,18,1,2,2,1,1,26,3,2,1,1,1,1,0,1,0,1,0,1,0,0,1
2,8,2,9,1,2,4,2,1,26,3,1,1,2,1,0,0,1,0,0,1,0,0,1,0
2,6,2,5,1,4,4,3,1,28,1,1,1,1,1,0,0,0,0,0,1,0,1,0,0
1,36,4,96,1,4,3,4,3,24,3,2,1,2,1,0,1,1,0,0,1,0,0,1,1
1,48,2,31,1,3,3,4,3,54,3,1,1,1,1,0,0,1,0,0,1,0,0,1,1
1,48,2,39,1,4,3,4,4,46,3,1,2,1,1,1,0,1,0,0,0,0,0,1,1
2,36,3,74,1,3,2,2,2,54,3,1,1,1,1,1,0,1,0,1,0,0,0,1,0
4,6,2,13,3,3,1,4,1,62,3,1,1,1,1,0,0,1,0,0,1,0,0,1,0
4,6,4,16,1,4,2,2,3,24,3,2,1,2,1,0,0,1,0,1,0,0,0,1,0
1,36,2,159,1,1,1,3,3,43,3,1,1,1,1,0,0,0,1,0,1,0,0,0,0
1,18,2,13,1,3,4,3,1,26,1,1,1,1,1,0,0,1,0,0,1,0,0,1,1
4,12,2,11,1,3,4,2,1,27,3,2,1,2,1,1,0,1,0,0,1,0,0,1,0
3,12,2,30,1,3,4,1,3,24,3,1,1,1,1,0,0,1,0,0,1,0,0,1,0
1,36,2,27,1,5,3,2,2,41,1,1,2,1,1,0,0,1,0,0,1,0,0,1,1
1,8,4,7,1,5,3,4,1,47,3,2,1,1,1,1,0,1,0,0,1,0,1,0,0
4,18,4,38,1,2,1,2,3,35,3,2,1,2,1,0,0,1,0,0,1,0,0,0,0
1,21,4,16,1,5,4,3,3,30,3,2,1,2,1,1,0,1,0,0,1,0,0,1,0
1,18,4,40,1,5,2,4,1,33,1,3,1,2,1,1,0,1,0,1,0,0,0,1,1
4,18,0,42,1,3,3,2,3,36,2,2,2,1,1,0,0,1,0,0,1,0,0,1,1
1,36,2,83,5,5,3,4,4,47,3,1,1,1,1,0,1,1,0,0,0,0,0,1,1
2,48,3,67,5,3,3,4,4,38,3,1,2,2,1,0,0,1,0,0,0,0,0,1,0
4,24,3,24,3,3,3,2,3,44,3,2,2,2,1,0,0,1,0,0,1,0,0,1,0
1,18,2,12,1,2,2,3,3,23,3,1,1,2,1,1,0,1,0,1,0,0,0,1,1
1,45,0,118,1,5,3,4,3,29,3,2,1,1,1,0,0,1,0,1,0,0,0,1,1
2,24,2,51,5,5,2,4,3,42,3,1,1,2,1,0,0,1,0,0,1,0,0,1,0
3,15,2,23,1,2,2,3,1,25,3,1,1,1,1,0,0,1,0,0,1,0,1,0,1
1,12,0,11,1,3,3,4,3,48,1,2,1,1,1,1,0,1,0,0,1,0,0,1,1
4,12,2,9,5,3,2,2,3,21,3,1,1,1,1,0,0,1,0,0,1,0,0,1,0
4,4,2,6,1,2,2,3,1,23,3,1,2,1,1,0,0,1,0,1,0,0,1,0,0
1,24,4,30,1,5,3,4,2,63,3,2,1,2,1,0,1,1,0,0,1,0,0,1,0
4,24,4,26,1,5,4,3,1,46,3,2,1,1,1,0,0,0,1,0,1,0,0,1,0
1,36,2,52,1,4,3,2,2,29,3,1,1,1,1,0,0,1,0,0,1,0,0,1,1
4,21,3,30,1,3,3,2,1,28,2,2,1,1,1,0,1,1,0,0,1,0,1,0,0
4,18,2,19,1,2,2,4,1,23,3,1,1,1,1,0,0,1,0,0,1,0,0,1,1
4,24,1,16,1,4,3,4,3,50,1,1,1,2,1,0,0,1,0,0,1,0,0,1,0
4,18,2,34,1,5,3,4,2,47,1,3,2,2,1,0,0,1,0,0,1,0,0,1,0
2,21,2,40,5,4,3,3,3,35,3,1,1,2,1,0,0,1,0,0,1,0,0,1,0
4,18,2,68,5,3,3,4,3,68,3,2,1,1,1,1,0,1,0,1,0,0,0,1,1
4,24,2,12,1,2,4,2,1,28,3,1,1,1,1,1,0,1,0,0,1,0,0,1,0
1,9,2,14,1,4,3,4,1,59,3,1,1,1,1,0,0,1,0,0,1,0,0,1,0
1,12,2,7,1,5,3,4,1,57,2,1,1,1,1,0,0,1,0,0,1,0,1,0,1
1,20,4,22,1,3,4,2,2,33,1,2,1,1,2,1,0,0,0,1,0,0,0,1,1
4,24,4,40,5,4,3,4,2,43,3,2,1,2,1,0,1,1,0,0,1,0,0,1,0
4,15,4,15,1,3,3,4,4,35,3,2,1,2,1,0,0,1,0,0,0,0,0,1,0
1,18,1,14,1,4,3,4,4,32,3,2,2,1,1,1,0,1,0,0,0,0,1,0,1
4,36,3,109,1,5,3,2,3,45,3,2,2,2,1,1,0,1,0,0,1,0,0,1,0
4,24,2,15,2,2,4,3,1,33,3,1,1,2,1,1,0,1,0,0,1,0,0,1,0
4,10,2,9,5,4,2,3,2,40,3,1,1,2,1,0,0,1,0,0,1,0,0,1,0
4,15,4,33,1,3,3,2,4,28,3,1,1,2,1,0,0,1,0,0,0,0,0,1,0
1,15,2,40,1,3,2,2,2,29,3,1,1,2,1,1,0,1,0,0,1,0,0,1,1
4,9,2,36,2,3,3,2,1,26,3,1,2,1,2,1,0,0,0,1,0,0,0,1,0
4,24,4,58,4,3,3,2,1,27,3,2,1,1,1,0,1,1,0,0,1,0,0,1,0
4,18,3,22,1,3,4,2,3,28,3,1,1,2,1,0,0,1,0,0,1,0,0,1,1
1,24,2,24,1,2,2,4,1,35,3,1,1,2,1,0,0,1,0,0,1,0,0,1,1
4,27,4,45,4,2,3,2,1,32,2,2,2,2,1,0,0,1,0,0,1,0,1,0,0
4,10,2,22,1,3,3,2,1,25,1,1,1,1,1,0,0,1,0,1,0,0,1,0,1
4,15,2,22,3,3,2,4,3,20,3,1,1,1,1,0,0,1,0,1,0,0,0,1,0
1,18,2,24,1,2,2,1,3,27,2,1,1,1,1,0,0,1,0,0,1,0,0,1,0
4,12,4,33,1,5,3,4,2,42,2,1,1,1,1,0,0,1,0,0,1,0,0,1,0
4,36,2,74,5,5,3,2,2,37,3,2,1,1,1,0,0,1,0,0,1,0,0,1,0
1,12,2,7,1,5,2,4,2,24,3,1,1,1,1,0,0,1,0,1,0,0,0,1,0
4,36,3,77,3,4,2,4,3,40,3,2,1,2,1,0,0,1,0,0,1,0,0,1,0
3,6,4,13,1,5,3,4,1,46,3,2,2,1,2,1,0,1,0,0,1,0,0,1,0
1,24,4,14,2,4,3,1,1,26,3,2,1,2,1,0,0,1,0,0,1,0,0,1,0
4,15,2,9,5,2,2,1,1,24,3,1,1,1,1,0,0,1,0,0,1,0,0,1,0
1,12,2,36,1,3,3,2,2,29,3,1,2,1,1,0,0,0,1,0,1,0,1,0,0
2,11,4,13,4,3,2,4,3,40,3,2,1,1,1,1,0,1,0,0,1,0,0,1,0
1,18,1,19,1,2,3,4,4,36,1,1,1,2,1,0,0,0,1,0,0,0,0,0,0
4,36,2,36,1,5,3,2,3,28,3,1,1,1,1,0,0,1,0,0,1,0,0,1,0
1,9,2,14,1,2,3,2,4,27,3,1,1,2,1,1,0,1,0,0,0,0,0,0,1
4,30,4,67,5,4,3,3,2,36,3,2,1,1,1,0,0,1,0,0,1,0,0,1,0
4,24,2,78,1,4,3,3,3,38,3,1,1,2,1,0,1,1,0,0,1,0,0,0,0
4,24,2,93,5,3,1,4,4,48,3,1,1,2,1,0,1,1,0,0,0,0,0,1,0
2,30,4,22,5,5,3,4,1,36,3,2,1,1,1,1,0,1,0,0,1,0,0,1,0
4,18,4,11,1,1,2,4,3,65,3,2,1,1,1,0,0,1,0,0,1,1,0,0,0
2,24,2,41,1,4,1,3,3,43,3,1,1,2,1,0,0,1,0,0,1,0,0,1,1
1,12,2,8,1,2,2,4,2,53,3,1,1,1,1,0,0,1,0,0,1,0,0,1,1
2,24,4,28,5,4,3,3,4,34,3,2,2,2,1,0,0,1,0,0,1,0,0,1,0
2,48,2,157,1,3,3,2,3,23,3,1,1,2,1,0,0,1,0,0,1,0,0,1,1
4,36,4,66,1,5,3,4,3,34,3,2,1,2,1,1,0,1,0,0,1,0,0,0,0
4,28,1,78,5,2,3,4,1,40,1,2,2,2,1,0,1,0,0,1,0,0,0,1,0
1,27,4,24,1,5,3,4,3,43,2,4,2,2,1,0,0,1,0,0,1,0,0,0,0
4,15,4,18,1,5,3,4,3,46,3,2,1,2,1,0,0,1,0,0,1,0,0,1,0
1,12,4,22,1,3,3,4,2,38,1,2,1,1,2,1,0,1,0,0,1,0,1,0,0
2,36,4,58,1,3,3,4,3,34,3,2,1,2,1,0,1,1,0,0,1,0,0,1,0
4,18,4,12,5,3,3,3,2,29,3,2,1,2,1,0,0,1,0,0,1,0,0,1,0
4,36,3,89,5,4,3,2,3,31,2,1,2,2,1,0,1,1,0,0,1,0,0,0,0
1,21,2,26,1,2,2,4,2,28,3,1,1,2,1,0,0,1,0,1,0,0,0,0,0
4,12,4,16,4,4,2,2,2,35,3,1,1,1,2,0,0,1,0,0,1,0,0,1,0
4,15,2,22,5,4,2,4,1,33,1,1,1,1,1,0,0,1,0,1,0,0,1,0,0
1,18,2,42,1,3,3,3,3,42,3,1,1,1,1,0,0,0,1,0,1,0,0,1,1
1,16,4,26,1,5,3,4,2,43,1,1,1,2,1,1,0,0,0,1,0,0,0,1,1
4,20,4,35,5,2,1,4,1,44,3,2,1,2,1,1,0,1,0,0,1,0,0,1,0
4,36,4,105,5,5,3,4,4,42,3,2,1,1,1,0,1,1,0,0,0,0,0,1,0
4,15,2,14,5,3,4,2,1,40,3,1,1,2,1,0,0,1,0,1,0,0,0,1,0
4,24,2,13,1,5,3,1,1,36,3,1,1,2,1,0,0,1,0,0,1,0,0,0,0
1,12,2,11,1,3,3,2,1,20,3,1,2,2,1,0,0,1,0,1,0,0,0,0,0
1,21,2,38,5,4,3,2,1,24,3,1,1,1,2,1,0,0,1,0,1,0,1,0,0
2,36,2,37,5,3,4,2,3,27,3,1,1,1,1,0,0,1,0,0,1,0,0,1,0
4,15,3,36,1,2,2,2,2,46,3,2,1,1,1,0,1,1,0,0,1,0,1,0,0
2,9,2,32,5,3,2,2,1,33,3,1,1,1,1,1,0,1,0,0,1,0,1,0,0
4,36,3,45,1,3,2,4,1,34,3,2,1,1,1,0,0,1,0,0,1,0,0,1,0
2,24,4,47,1,2,2,4,3,25,1,1,1,1,1,0,0,1,0,0,1,0,1,0,1
2,30,2,30,5,5,2,4,3,25,3,1,1,1,1,0,0,1,0,0,1,0,0,1,0
4,11,2,21,4,5,1,2,1,28,3,1,1,2,1,0,0,1,0,0,1,0,0,1,0
1,24,1,32,1,3,3,2,2,31,3,1,1,2,1,0,0,1,0,1,0,0,0,1,1
2,48,0,184,1,3,2,2,2,32,1,1,1,2,2,0,0,1,0,0,1,0,0,0,1
4,10,2,28,2,3,3,2,1,32,3,1,2,1,1,0,1,0,1,0,1,0,0,1,0
1,6,2,149,1,5,3,4,4,68,1,1,1,2,1,1,0,1,0,0,1,0,0,0,1
1,24,2,24,2,1,1,1,2,33,3,1,1,1,1,0,0,1,0,0,1,0,0,1,1
1,24,2,33,1,5,3,2,2,39,3,1,1,2,1,0,0,1,0,1,0,0,0,0,1
4,18,4,18,1,3,2,2,4,28,3,2,1,1,1,0,0,1,0,0,1,0,0,1,0
4,48,3,127,3,4,3,1,3,37,3,1,1,2,1,0,0,1,0,0,1,0,0,0,0
1,9,2,14,1,2,2,4,2,22,3,1,1,1,1,0,0,1,0,1,0,0,0,1,1
2,12,2,20,1,4,3,4,2,30,3,1,2,2,1,1,0,1,0,1,0,0,0,1,0
1,24,1,69,1,2,1,1,2,55,1,1,1,2,1,0,0,1,0,0,1,0,0,1,1
1,12,1,7,1,2,3,2,3,46,1,2,1,2,1,1,0,1,0,0,1,0,0,1,1
1,18,4,10,1,2,2,4,2,21,3,1,1,1,1,0,0,1,0,1,0,0,0,1,0
1,48,2,103,1,4,3,4,4,39,2,3,2,2,1,0,1,1,0,0,0,0,0,1,1
4,30,2,19,5,5,3,4,3,58,3,1,1,2,1,0,0,1,0,0,1,0,0,1,0
1,12,3,13,1,3,3,2,1,43,3,2,2,1,1,1,0,1,0,0,1,0,1,0,0
1,24,2,17,1,2,3,1,2,24,3,1,1,1,2,0,0,0,1,0,1,0,1,0,0
2,9,2,17,1,2,2,2,3,22,3,1,1,2,1,0,0,1,0,0,1,0,0,1,1
4,9,4,12,1,3,3,1,1,30,3,2,1,1,1,1,0,1,0,0,1,0,0,1,0
4,12,4,5,3,5,3,4,2,42,3,2,2,2,1,0,0,1,0,0,1,0,0,1,0
1,12,2,15,1,3,2,1,3,23,1,1,1,1,1,0,0,1,0,0,1,0,0,1,0
2,30,3,19,2,2,3,3,4,30,2,2,1,1,1,0,0,1,0,0,1,0,0,0,1
3,9,2,7,1,3,2,2,1,28,3,1,1,1,1,0,0,1,0,0,1,0,1,0,1
2,6,2,21,1,2,4,3,3,30,3,1,1,2,1,0,0,1,0,1,0,0,0,0,0
2,60,2,63,1,3,3,4,4,42,3,1,1,1,1,0,0,1,0,0,0,0,0,1,1
4,24,4,68,5,3,3,4,2,46,3,2,2,2,1,0,1,1,0,0,1,0,0,0,0
4,12,2,35,5,2,3,3,2,45,3,1,2,2,1,1,0,1,0,0,1,0,0,0,0
4,10,2,15,1,3,3,2,1,31,3,1,2,1,2,1,0,1,0,0,1,0,1,0,0
4,24,2,9,5,4,3,2,3,31,2,1,1,2,1,0,0,1,0,0,1,0,0,1,0
4,4,4,15,1,4,3,1,1,42,3,3,2,1,1,1,0,1,0,0,1,0,1,0,0
1,15,2,18,1,2,2,1,2,46,3,1,1,1,1,0,0,0,0,1,0,0,0,1,0
2,48,0,84,3,2,2,1,3,30,3,2,1,1,1,1,0,1,0,0,1,0,0,1,0
1,24,1,33,3,2,3,4,4,30,3,1,2,2,1,0,0,1,0,0,0,0,0,1,1
4,12,2,29,5,1,3,4,4,38,3,1,1,2,1,1,0,1,0,0,1,0,0,0,0
4,18,2,15,1,2,4,1,2,43,3,1,2,1,1,0,0,0,1,0,1,0,1,0,1
4,24,2,36,2,5,3,4,3,31,3,2,1,1,1,0,0,1,0,0,1,0,0,1,1
2,18,4,36,1,1,4,3,3,40,3,3,2,2,1,0,0,1,0,0,1,1,0,0,0
1,36,3,21,1,4,3,1,3,24,3,2,1,2,1,0,0,1,0,0,1,0,0,1,1
2,24,2,41,3,2,2,4,3,28,3,1,1,1,1,0,1,1,0,1,0,0,0,1,1
4,36,2,110,1,1,2,2,3,26,3,2,1,2,1,0,0,1,0,0,1,0,0,0,1
1,12,2,19,1,3,2,4,2,29,3,1,1,2,1,1,0,0,0,0,1,0,0,1,0
1,24,4,12,4,5,2,4,2,57,3,2,1,2,1,0,0,1,0,1,0,0,0,0,0
3,30,4,37,5,5,3,4,2,49,2,2,1,1,1,0,0,1,0,0,1,0,1,0,0
2,9,4,12,1,5,3,4,1,37,3,3,1,1,1,0,0,1,0,0,1,0,1,0,0
1,28,2,40,1,3,3,2,3,45,3,1,1,1,1,1,0,1,0,0,1,0,1,0,1
2,24,2,31,2,5,3,4,4,30,3,1,1,1,1,0,0,1,0,0,0,0,0,1,0
4,6,4,17,1,5,4,2,1,30,3,2,1,1,1,0,0,1,0,1,0,0,0,1,0
2,21,3,24,1,3,1,4,2,47,3,2,1,1,1,1,0,1,0,0,1,0,0,1,0
4,15,2,36,5,3,3,2,4,29,3,1,1,1,1,1,0,1,0,0,1,0,0,1,0
4,24,2,24,3,5,3,2,3,35,1,2,1,2,1,0,0,1,0,0,1,0,0,1,1
2,6,2,5,1,2,4,1,2,22,3,1,1,1,1,0,0,1,0,0,1,0,1,0,0
2,30,2,17,5,3,2,1,3,26,3,1,1,1,1,0,0,1,0,0,1,0,0,1,0
2,27,4,25,3,3,3,2,2,23,3,2,1,1,1,0,0,1,0,0,1,0,1,0,1
4,15,2,36,1,5,2,2,3,54,1,1,1,2,1,0,0,1,0,1,0,0,0,0,0
4,42,2,72,5,4,4,4,2,29,3,1,1,2,1,0,0,1,0,1,0,0,0,1,0
1,11,4,39,1,3,3,2,1,40,3,2,2,1,1,1,0,1,0,0,1,0,1,0,0
2,15,2,15,2,3,3,2,1,22,3,1,1,1,1,0,0,0,0,0,1,0,0,1,0
4,24,2,74,1,3,3,4,2,43,3,1,2,1,1,1,0,1,0,0,1,0,1,0,0
1,24,1,12,1,1,2,4,4,29,3,2,1,1,1,1,0,0,1,1,0,1,0,0,1
1,60,2,73,1,5,3,4,4,36,3,1,1,1,1,0,0,0,1,1,0,0,0,1,1
4,30,4,28,1,3,2,2,3,33,3,1,1,2,1,0,0,1,0,0,1,0,0,1,0
3,24,2,13,3,3,2,3,3,57,3,1,1,1,1,0,0,1,0,0,1,0,1,0,0
2,6,2,8,1,3,2,3,1,64,3,1,1,1,1,0,0,0,0,0,1,0,0,1,0
2,18,3,24,5,5,3,2,2,42,3,2,1,1,1,0,0,1,0,0,1,0,0,1,0
4,24,3,25,1,5,3,4,3,47,3,2,2,1,1,1,0,1,0,0,1,0,1,0,1
2,15,1,13,2,3,4,2,2,25,3,1,1,1,1,1,0,1,0,1,0,0,0,1,1
2,30,4,84,1,4,3,2,2,49,3,1,1,1,1,0,0,1,0,0,1,0,0,1,1
4,48,2,48,1,1,3,2,3,33,1,1,1,2,1,0,0,1,0,1,0,0,0,0,1
3,21,2,29,2,3,2,1,3,28,1,1,1,2,1,1,0,1,0,0,1,0,0,0,0
1,36,2,82,1,3,3,2,2,26,3,1,2,1,1,0,1,1,0,0,1,0,0,1,1
4,24,4,20,1,4,3,2,2,30,3,2,1,1,1,0,0,1,0,0,1,0,1,0,0
1,15,4,14,1,3,2,3,2,25,3,2,1,1,1,0,0,1,0,1,0,0,0,1,0
3,42,0,63,1,2,1,1,2,33,3,2,1,1,1,0,0,1,0,0,1,0,0,1,0
4,13,2,14,2,1,2,4,1,64,3,1,1,1,1,0,0,1,0,0,1,0,0,1,0
1,24,2,66,1,1,3,2,4,29,3,1,1,2,1,0,1,1,0,0,0,0,0,0,0
2,24,4,17,1,5,3,2,2,48,3,2,1,1,1,0,0,1,0,0,1,0,1,0,0
4,12,4,36,5,2,3,1,2,37,3,2,2,1,1,0,0,1,0,0,1,0,1,0,0
4,15,1,16,2,5,3,4,3,34,1,1,2,1,1,0,0,1,0,0,1,0,1,0,0
1,18,2,19,5,4,4,4,3,23,3,2,1,1,1,0,0,1,0,1,0,0,1,0,0
1,36,2,40,1,1,3,3,2,30,3,1,1,2,1,0,0,1,0,0,1,0,0,0,0
4,12,2,24,5,5,3,3,3,50,3,1,1,2,1,1,0,1,0,0,1,0,0,1,0
4,12,2,17,1,4,2,4,1,31,3,1,1,1,1,0,0,1,0,0,1,0,1,0,0
1,30,2,39,1,3,1,4,2,40,3,1,1,2,1,0,1,1,0,0,1,0,0,0,0
4,12,2,8,1,5,3,4,3,38,3,1,1,1,1,0,0,1,0,0,1,0,0,1,0
1,45,2,18,1,3,3,4,4,23,3,1,1,2,1,0,0,1,0,0,0,0,0,1,1
0,0,0,0,0,0,0,0,0,0,0,0,0,0,0,0,0,0,0,0,0,0,0,0,0
0,0,0,0,0,0,0,0,0,0,0,0,0,0,0,0,0,0,0,0,0,0,0,0,0
0,0,0,0,0,0,0,0,0,0,0,0,0,0,0,0,0,0,0,0,0,0,0,0,0
0,0,0,0,0,0,0,0,0,0,0,0,0,0,0,0,0,0,0,0,0,0,0,0,0
0,0,0,0,0,0,0,0,0,0,0,0,0,0,0,0,0,0,0,0,0,0,0,0,0
0,0,0,0,0,0,0,0,0,0,0,0,0,0,0,0,0,0,0,0,0,0,0,0,0
0,0,0,0,0,0,0,0,0,0,0,0,0,0,0,0,0,0,0,0,0,0,0,0,0
0,0,0,0,0,0,0,0,0,0,0,0,0,0,0,0,0,0,0,0,0,0,0,0,0
0,0,0,0,0,0,0,0,0,0,0,0,0,0,0,0,0,0,0,0,0,0,0,0,0
4.24495e-317,4.25627e-317,0,2.122e-314,4.94066e-324,4.94066e-324,0,0,0,0,0,0,0,0,0,0,4.94066e-324,0,0,0,0,0,0,0,0
0,0,0,0,0,0,0,0,0,0,0,0,0,0,0,0,0,0,0,0,0,0,0,0,0
0,0,0,0,0,0,0,0,0,0,0,0,0,0,0,0,0,0,0,0,0,0,0,0,0
0,0,0,0,0,0,0,0,0,0,0,2.122e-314,3.82022e-317,4.94066e-324,0,0,0,0,0,0,0,0,0,0,0
0,0,0,0,0,0,0,0,0,0,0,0,0,0,0,0,0,0,0,0,0,0,0,0,0
0,0,0,0,0,0,0,0,0,0,0,0,0,0,0,0,0,0,0,0,0,0,0,0,0
0,0,0,0,0,0,0,0,0,0,0,0,0,0,0,0,0,0,0,0,0,0,0,0,0
0,0,0,0,0,0,0,0,0,0,0,0,0,0,0,0,0,0,0,0,0,0,0,0,0
0,0,0,0,0,0,0,0,0,0,0,0,0,0,0,0,0,0,0,0,0,0,0,0,0
0,0,0,0,0,0,0,0,0,0,0,0,0,0,4.94066e-324,0,0,nan,2.122e-314,0,0,1.65791e-316,0,0,0
0,0,0,2.50901e-317,4.24399e-314,2.122e-314,1.92994e-318,0,0,2.122e-314,0,0,2.50895e-317,4.24399e-314,2.122e-314,3.08791e-321,0,2.50907e-317,4.24399e-314,4.24399e-314,7.53884e-313,0,2.50952e-317,4.24399e-314,2.122e-314
4.74E-303,5.98709e-317,0,2.50913e-317,8.48798e-314,6.36599e-314,7.18E-90,6.23511e-321,0,0,1.6976e-313,1.2732e-313,-4.24E+292,3.24E-93,3.45885e-312,0,0,2.50916e-317,1.6976e-313,1.061e-313,9.01E+222,-9.56E+198,7.87092e-318,0,0
-4.81E+19,-1.15E-124,1.25391e-311,0,0,0,0,0,6.79039e-313,4.03179e-313,-4.66E-06,1.47E-221,-9.34E+73,2.79E-122,1.41E-168,4.84E+173,1.72E+183,-1.64E-304,6.06E+153,1.72515e-318,0,0,0,0,0
0,0,0,0,0,0,0,0,0,0,0,3.79E-270,0,0,0,0,0,2.50928e-317,6.79039e-313,5.09279e-313,0,0,0,0,0
0,6.63124e-316,0,0,0,0,0,0,6.79039e-313,5.09279e-313,0,0,0,0,0,0,0,0,0,0,0,6.63124e-316,0,0,0
2.47033e-323,0,2.50973e-317,8.48798e-314,4.24399e-314,4.74E-303,5.98709e-317,0,0,3.39519e-313,2.54639e-313,-9.22E+283,1.71E+77,3.28E+270,9.53E+156,7.94E-88,9.26E-264,3.92E-236,0,0,0,3.39519e-313,1.6976e-313,1.62E-248,1.80E+81
0,0,2.50956e-317,3.39519e-313,2.3342e-313,-1.22E-204,-7.39E+307,6.30E-287,6.15E-276,-1.36E-183,-2.11E+30,-7.80E-22,3.61691e-315,0,0,4.24399e-314,2.122e-314,7.71978e-320,0,2.50905e-317,8.48798e-314,4.24399e-314,4.74E-303,5.98709e-317,0
2.63E-308,0,0,2.50975e-317,1.6976e-313,1.2732e-313,-4.24E+292,3.24E-93,3.45885e-312,5.30999e-316,0,0,0,0,0,0,0,0,0,0,0,0,0,0,0
0,0,0,0,0,0,0,0,0,0,0,0,0,0,0,0,0,0,0,0,0,0,0,0,0
0,0,0,0,0,0,0,0,0,0,0,0,0,0,0,0,0,0,0,0,0,2.50897e-317,2.50952e-317,2.50973e-317,2.50978e-317
0,9.88131e-324,0,nan,2.122e-314,0,0,1.65791e-316,nan,2.122e-314,0,0,1.65791e-316,0,0,2.07429e-317,0,0,0,0,4.24421e-317,4.24423e-317,4.24485e-317,4.24469e-317,4.24467e-317
0,0,4.24437e-317,4.24431e-317,0,0,0,0,0,0,4.24436e-317,4.24434e-317,4.24427e-317,0,0,0,0,0,0,0,0,0,0,2.07226e-317,4.48271e-317
0,0,0,0,0,0,0,0,0,0,0,0,0,0,0,0,0,0,0,0,0,0,0,0,0
0,0,0,0,0,0,0,0,0,0,0,0,0,0,0,0,0,0,0,0,0,0,0,0,0
0,0,0,0,0,0,0,0,0,0,0,0,0,0,0,0,0,0,0,0,0,0,0,0,0
0,0,0,0,0,0,0,0,0,0,0,0,0,0,0,0,0,0,0,0,0,0,0,0,0
0,0,0,0,0,0,0,0,0,0,0,0,0,0,0,0,0,0,0,0,0,0,0,0,0
0,0,0,0,0,0,0,0,0,0,0,0,0,0,0,0,0,0,0,0,0,0,0,0,0
0,0,0,0,0,0,0,0,0,0,0,0,0,0,0,0,0,0,0,0,0,0,0,0,0
0,0,0,0,0,0,0,0,0,0,0,0,0,0,0,0,0,0,0,0,0,0,0,0,0
0,0,0,0,0,0,0,0,0,0,0,0,0,0,0,0,0,0,0,0,0,0,0,4.39171e-318,1.89618e-308
1.89122e-308,1.89124e-308,1.89127e-308,1.89131e-308,1.89134e-308,1.89138e-308,1.89143e-308,1.89147e-308,1.89152e-308,1.89155e-308,1.89158e-308,1.89162e-308,1.89167e-308,1.89171e-308,1.89176e-308,1.89181e-308,1.89184e-308,1.89189e-308,1.89192e-308,1.89198e-308,1.89202e-308,1.89207e-308,1.89212e-308,1.89216e-308,1.89219e-308
1.89248e-308,1.89252e-308,1.89256e-308,1.89259e-308,1.89263e-308,1.89267e-308,1.89271e-308,1.89277e-308,1.8928e-308,1.89284e-308,1.89287e-308,1.8929e-308,1.89296e-308,1.893e-308,1.89304e-308,1.8931e-308,1.89312e-308,1.89316e-308,1.8932e-308,1.89322e-308,1.89325e-308,1.89328e-308,1.89334e-308,1.8934e-308,1.89344e-308
1.89367e-308,1.89372e-308,1.89375e-308,1.89378e-308,1.89381e-308,1.89383e-308,1.89386e-308,1.8939e-308,1.89393e-308,1.89396e-308,1.894e-308,1.89404e-308,1.89406e-308,1.89409e-308,1.89413e-308,1.89415e-308,1.89418e-308,1.8942e-308,1.89423e-308,1.89426e-308,1.89428e-308,1.89431e-308,1.89433e-308,1.89435e-308,1.89437e-308
1.8945e-308,1.89453e-308,1.89455e-308,1.89457e-308,1.89459e-308,1.89461e-308,1.89463e-308,1.89465e-308,1.89467e-308,1.89469e-308,1.89471e-308,1.89473e-308,1.89475e-308,1.89476e-308,1.89478e-308,1.8948e-308,1.89481e-308,1.89484e-308,1.89486e-308,1.89488e-308,1.8949e-308,1.89492e-308,1.89493e-308,1.89495e-308,1.89498e-308
1.89512e-308,1.89514e-308,1.89516e-308,1.89518e-308,1.8952e-308,1.89521e-308,1.89524e-308,1.89526e-308,1.89528e-308,1.8953e-308,1.89532e-308,1.89535e-308,1.89537e-308,1.89539e-308,1.89542e-308,1.89544e-308,1.89546e-308,1.89548e-308,1.89551e-308,1.89553e-308,1.89555e-308,1.89557e-308,1.8956e-308,1.89562e-308,1.89565e-308
-1.32E-265,-1.28E-265,-1.74E-257,-1.32E-265,-1.51E-257,-1.21E-265,-1.60E-265,-1.32E-265,-1.32E-265,-1.24E-265,-1.21E-265,-1.32E-265,-1.24E-265,-1.27E-265,-1.26E-265,-1.27E-265,-1.31E-265,-1.25E-265,-1.29E-265,-1.27E-265,-1.24E-265,-1.75E-257,-1.35E-265,-1.53E-257,-1.24E-265
-1.28E-265,-1.46E-265,-1.32E-265,-1.27E-265,-1.28E-265,-1.26E-265,-1.32E-265,-1.25E-265,-1.67E-265,-1.35E-265,-1.26E-265,-1.28E-265,-1.28E-265,-1.29E-265,-1.29E-265,-1.27E-265,-1.24E-265,-1.24E-265,-1.63E-257,-1.46E-265,-1.27E-265,-1.27E-265,-1.32E-265,-1.32E-265,-1.24E-265
-1.53E-266,-2.41E-266,-1.84E-266,-1.73E-266,-2.38E-266,-2.41E-266,-1.73E-266,-2.11E-266,-2.41E-266,-1.83E-266,-1.83E-266,-1.83E-266,-1.83E-266,-1.53E-266,-1.91E-266,-1.64E-266,-1.91E-266,-1.91E-266,-2.41E-266,-1.64E-266,-2.07E-266,-1.83E-266,-1.83E-266,-1.65E-266,-1.73E-266
-1.66E-266,-1.76E-266,-1.63E-266,-1.83E-266,-1.94E-266,-1.91E-266,-1.94E-266,-1.91E-266,-1.91E-266,-1.95E-266,-1.95E-266,-1.95E-266,-1.63E-266,-1.95E-266,-1.95E-266,-1.95E-266,-1.94E-266,-1.76E-266,-1.95E-266,-1.51E-266,-1.51E-266,-1.76E-266,-1.76E-266,-1.63E-266,-2.05E-266
-1.95E-266,-1.95E-266,-1.63E-266,-1.73E-266,-1.95E-266,-1.73E-266,-1.92E-266,-2.05E-266,-2.03E-266,-1.76E-266,-2.06E-266,-2.05E-266,-2.05E-266,-2.04E-266,-1.52E-266,-1.52E-266,-1.93E-266,-1.96E-266,-1.93E-266,-2.04E-266,-2.07E-266,-2.05E-266,-2.05E-266,1.61886e-319,8.41E+174
1.10E+257,2.42E-305,1.26E+180,1.12E+07,3.68E+180,7.69E+170,4.82E+228,2.22E+214,5.00E+223,1.52E+223,9.77E+199,9.75E+199,1.32E+199,1.94E-307,7.68E+228,3.55252e-310,2.27E+243,9.49E+170,7.46E+179,6.96E+252,6.94E+45,9.19E+16,3.73E+194,6.72E-300,4.78E+180
1.95E+243,7.46E+179,5.83E+40,4.74763e-310,6.94E+228,1.36E+248,3.78E+79,3.71E+184,5.18E+160,7.46E+179,5.33E+233,1.99E-296,5.30E+180,2.44E+31,9.54E-307,1.30E+243,5.30E+180,7.46E+179,1.89E+79,2.27E-306,7.65E+170,6.32492e-310,1.79E+161,5.83E+252,4.44E+252
5.99918e-310,8.75E+11,5.01E+175,1.08E-290,1.14E+243,2.52E+180,1.64E-306,2.07E+26,9.08E+223,3.68E+180,9.07E+271,3.68E+180,2.16E+233,1.80E-289,5.78E+180,1.17E+180,4.77E+180,2.06E+252,9.20E+170,1.24E+214,6.41E+16,9.19E+227,3.21E-289,4.12E+257,4.82E+228
3.95E+26,2.30E-287,3.96E+26,3.78E-287,2.52E+180,7.27E+199,5.83705e-310,1.30E+243,5.30E+180,1.23E+180,1.89E+79,2.27E-306,1.11E+195,2.26E+271,1.93E+31,3.68E-286,5.25E-286,3.49E+98,6.83E-286,3.99E+252,1.36E+248,2.04E+07,8.93E-286,7.89E+160,6.74E+213
1.97E+26,9.08E+223,6.21436e-310,3.02E+161,4.44E+252,8.44E+252,1.02E+277,5.81E+252,9.77E+199,6.47E+170,8.09E+160,7.32E+223,6.47E+170,2.65E+180,1.10E+257,9.55E-307,4.81E+233,5.73E+194,6.21435e-310,3.18E+151,3.03E+180,3.34E-307,3.95E+180,2.54E+151,5.77E+228
2.54E+151,7.34E+223,2.54E+151,6.94E+218,2.54E+151,1.40E-306,6.68E+151,4.27E+180,5.02E+180,3.99E+252,1.69E-306,1.35E-306,3.84E+151,4.45E-306,1.49E+195,6.54029e-310,5.84E+252,6.01E+175,9.04E+271,1.96E+243,1.32E+185,2.85E-304,6.20E+223,2.83635e-310,6.20E+223
3.71E+199,1.31E-306,1.22E-306,2.20E+209,2.94E+228,1.11E-296,3.98E-296,1.46E-306,7.28E+199,2.33E+257,3.85E-290,5.51133e-310,5.29E+180,1.67E+243,1.91E+214,8.88E+271,6.65E+170,1.08E-288,5.6741e-310,6.24E+228,4.26E+180,8.82E+199,2.73E+233,2.73E+233,1.17E+243
1.23E+171,5.29E+180,2.98E+180,8.75E+247,1.19E-287,4.27E+180,1.37E+161,6.43356e-310,1.17E+219,1.91E+214,3.76E+180,3.94E-287,6.1074e-310,9.08E+276,1.30E+219,3.76E+180,5.25E-287,5.56566e-310,5.4027e-310,8.66E-307,5.39E+228,2.75E+214,1.38E-286,9.99E-307,1.17E+214
8.71E+252,5.50985e-310,6.20E+223,1.07E+224,8.71E+252,1.31E-285,1.15E+243,7.04E+257,1.42E-285,5.40269e-310,2.63E+267,1.75E+243,3.15E-285,1.26E-306,9.76E+199,1.39E+171,9.25E-285,1.31E-306,1.8861e-308,1.8861e-308,1.8861e-308,1.8861e-308,1.8861e-308,1.8861e-308,1.8861e-308
1.8861e-308,1.8861e-308,1.8861e-308,1.8861e-308,1.8861e-308,1.8861e-308,1.8861e-308,1.8861e-308,1.8861e-308,1.8861e-308,1.8861e-308,1.8861e-308,1.8861e-308,1.8861e-308,1.8861e-308,1.8861e-308,1.8861e-308,7.16E-67,8.98727e-315,1.88614e-308,1.88614e-308,1.88614e-308,1.88614e-308,1.88614e-308,1.88614e-308
1.88614e-308,1.88614e-308,1.88614e-308,1.88614e-308,1.88614e-308,1.88614e-308,1.88614e-308,1.88614e-308,1.88614e-308,1.88614e-308,1.88614e-308,1.88614e-308,1.88614e-308,1.88614e-308,1.88614e-308,1.88614e-308,1.88614e-308,1.88614e-308,1.88614e-308,1.88614e-308,1.88614e-308,1.88614e-308,1.88614e-308,1.88614e-308,1.88614e-308
1.88614e-308,1.88614e-308,1.36E+171,5.88989e-310,0,0,0,0,0,0,0,0,0,0,0,0,0,0,0,0,0,0,0,0,0
0,0,0,0,0,0,0,0,0,0,0,0,0,0,0,0,0,0,0,0,0,0,0,0,0
0,0,0,0,0,0,0,0,0,0,0,0,0,0,0,0,0,0,0,0,0,0,0,0,0
0,0,0,0,0,0,0,0,0,0,0,0,0,0,0,0,0,0,0,0,0,0,0,0,0
0,0,0,0,0,0,0,0,0,0,0,0,0,0,0,0,0,0,0,0,0,0,0,0,0
0,0,0,0,0,0,0,0,0,0,0,0,0,0,0,0,0,0,0,0,0,0,0,0,0
0,0,0,0,0,0,0,0,0,0,0,0,0,0,0,0,0,0,0,0,0,0,0,0,0
0,0,0,0,0,0,0,0,0,0,0,0,0,0,0,0,0,0,0,0,0,0,0,0,0
0,0,0,0,0,0,0,0,0,0,0,0,0,0,0,0,0,0,0,0,0,0,0,0,0
0,0,0,0,0,0,0,0,0,0,0,0,0,0,0,0,0,0,0,0,0,0,0,0,0
0,0,0,0,0,0,0,0,0,0,0,0,0,0,0,0,0,0,0,0,0,0,0,0,0
0,0,0,0,0,0,0,0,0,0,0,0,0,0,0,0,0,0,0,0,0,0,0,0,0
0,0,0,0,0,0,0,0,0,0,0,0,0,0,0,0,0,0,0,0,0,0,0,0,0
0,2.07429e-317,2.09245e-317,0,0,2.09239e-317,2.09236e-317,2.11991e-317,0,0,0,0,0,0,0,0,0,0,0,0,0,0,0,0,0
0,0,0,0,0,0,0,0,0,0,0,0,0,0,0,0,0,0,0,0,0,0,0,0,0
0,0,0,0,0,0,0,0,0,0,0,0,0,0,0,0,0,0,0,0,0,0,0,0,0
0,0,0,0,0,0,0,0,0,0,0,0,0,0,0,0,0,0,0,0,0,0,0,0,0
0,0,0,0,0,0,0,0,0,0,0,0,0,0,0,0,0,0,0,0,0,0,0,0,0
0,0,0,0,0,0,0,0,0,0,0,0,0,0,0,0,0,0,0,0,0,0,0,0,0
0,0,0,0,0,0,0,0,0,0,0,0,0,0,0,0,0,0,0,0,0,0,0,0,0
0,0,0,0,0,0,0,0,0,0,0,0,0,0,0,0,0,0,0,0,0,0,0,0,0
0,0,0,0,0,0,0,0,0,0,0,0,0,0,0,0,0,0,0,0,0,0,0,0,0
0,0,0,0,0,0,0,0,0,0,0,0,0,0,0,0,0,0,0,0,0,0,0,0,0
0,0,0,0,0,0,0,0,0,0,0,0,0,0,0,0,0,0,0,0,0,0,0,0,0
0,0,0,0,0,0,0,0,0,0,0,0,0,0,0,0,0,0,0,0,0,0,0,0,0
0,0,0,0,0,0,0,0,0,0,0,0,0,0,0,0,0,0,0,0,0,0,0,0,0
0,0,0,0,0,0,0,0,0,0,0,0,0,0,0,0,0,0,0,0,0,0,0,0,0
0,0,0,0,0,0,0,0,0,0,0,0,0,0,0,0,0,0,0,0,0,0,0,0,0
0,0,0,0,0,0,0,0,0,0,0,0,0,0,0,0,0,0,0,0,0,0,0,0,0
0,0,0,0,0,0,0,0,0,0,0,0,0,0,0,0,0,0,0,0,0,0,0,0,0
2.51751e-317,2.50777e-317,2.51548e-317,0,0,0,0,0,0,0,0,0,0,0,0,0,0,0,0,0,0,0,0,0,0
0,0,0,0,0,0,0,0,0,0,0,0,0,0,0,0,0,0,0,0,0,0,0,0,0
0,0,0,0,0,0,0,0,0,0,0,0,0,0,0,0,0,0,0,0,0,0,0,0,0
0,0,0,0,0,0,0,0,0,0,0,0,0,0,0,0,0,0,0,0,0,0,0,0,0
0,0,0,0,0,0,0,0,0,0,0,0,0,0,0,0,0,0,0,0,0,0,0,0,0
0,0,0,0,0,0,0,0,0,0,0,0,0,0,0,0,0,0,0,0,0,0,0,0,0
0,0,0,0,0,0,0,0,0,0,0,0,0,0,0,0,0,0,0,0,0,0,0,0,0
0,0,0,0,0,0,0,0,0,0,0,0,0,0,0,0,0,0,0,0,0,0,0,0,0
0,0,0,0,0,0,0,0,0,0,0,0,0,0,0,0,0,0,0,0,0,0,0,0,0
0,0,0,0,0,0,0,0,0,0,0,0,0,0,0,0,0,0,0,0,0,0,0,0,0
0,0,0,0,0,0,0,0,0,0,0,0,0,0,0,0,0,0,0,0,0,0,0,0,0
0,0,0,0,0,0,0,0,0,0,0,0,0,0,0,0,0,0,0,0,0,0,0,0,0
0,0,0,0,0,0,0,0,0,0,0,0,0,0,0,0,0,0,0,0,0,0,0,0,0
0,0,0,0,0,0,0,0,0,0,0,0,0,0,0,0,0,0,0,0,0,0,0,0,0
0,0,0,0,0,0,0,0,0,0,0,0,0,0,0,0,0,0,0,0,0,0,0,0,0
0,0,0,0,0,0,0,0,0,0,0,0,0,0,0,0,0,0,0,0,0,0,0,0,0
0,0,0,0,0,0,0,0,0,0,0,0,0,0,0,0,0,0,0,0,0,0,0,0,0
0,4.24399e-314,2.59033e-318,2.07429e-317,6.24005e-321,0,0,2.18E-117,2.59033e-318,2.07491e-317,9.73309e-321,2.28061e-317,4.64422e-322,0,0,-1.20E-111,2.59033e-318,2.09236e-317,8.05327e-322,0,0,-1.28E-78,2.59033e-318,2.09245e-317,4.94066e-323
9.88131e-323,0,0,-2.10E-31,2.59033e-318,0,0,-4.04E-28,2.59033e-318,2.09247e-317,9.93072e-322,0,0,-393217,2.59033e-318,0,0,-8.39E+08,2.59033e-318,0,0,-1.99E+12,2.59033e-318,0,0
0,-5.12E+137,2.59033e-318,0,0,-7.49E+145,2.59033e-318,2.09313e-317,1.4822e-323,0,0,-4.40E+153,2.59033e-318,2.09314e-317,1.71935e-321,0,0,-1.18E+189,2.59033e-318,2.09331e-317,7.243e-321,0,0,-4.36E+281,2.59033e-318
2.59033e-318,2.09405e-317,9.28843e-322,0,0,8.83E-305,2.59034e-318,2.09414e-317,2.26776e-321,0,0,4.72E-235,2.59034e-318,0,0,9.26E-232,2.59034e-318,2.09437e-317,2.7223e-321,0,0,1.54E-190,2.59034e-318,2.09465e-317,4.8122e-321
0,1.97E-95,2.59034e-318,2.09513e-317,7.30229e-321,0,0,4.49E+27,2.59034e-318,2.09587e-317,2.81617e-321,0,0,3.11E+60,2.59034e-318,2.09615e-317,2.47033e-322,0,0,4.94E+63,2.59034e-318,0,0,5.52E+116,2.59034e-318
4.5454e-322,0,0,5.39E+133,2.59034e-318,2.09623e-317,6.0523e-321,0,0,9.80E+201,2.59034e-318,2.09684e-317,1.82804e-322,0,0,2.69E+214,2.59034e-318,2.09686e-317,8.10268e-322,0,0,1.89E+234,2.59034e-318,2.09695e-317,1.10671e-321
1.12103e-320,0,0,-1.08E-290,2.59034e-318,2.09818e-317,4.99006e-322,0,0,-1.51E-280,2.59034e-318,2.09824e-317,5.87938e-322,0,0,-2.74E-269,2.59034e-318,2.0983e-317,3.95253e-322,0,0,-2.47E-258,2.59034e-318,2.09834e-317,2.5642e-321
4.39224e-321,0,0,-5.23E-205,2.59034e-318,2.09904e-317,2.47033e-323,0,0,-2.05E-193,2.59034e-318,2.09905e-317,2.47033e-323,0,0,-3.82E-184,2.59034e-318,2.09906e-317,4.06122e-320,0,0,-4.75001,2.59034e-318,2.10312e-317,4.03701e-320
2.38683e-320,0,0,-8.71E+266,2.59034e-318,2.10955e-317,2.62398e-320,0,0,2.91E-267,2.59034e-318,2.11217e-317,2.66301e-321,0,0,5.49E-245,2.59034e-318,2.11244e-317,1.39327e-320,0,0,2.56E-144,2.59034e-318,2.11384e-317,3.74502e-321
1.665e-321,0,0,2.14E-100,2.59034e-318,2.1144e-317,1.61559e-321,0,0,1.54E-84,2.59034e-318,2.11456e-317,1.11017e-320,0,0,8.94E-32,2.59034e-318,2.11568e-317,4.69856e-321,0,0,1.01E-07,2.59034e-318,2.11615e-317,6.47226e-322
1.33398e-322,0,0,1.60E+38,2.59034e-318,2.11655e-317,8.54734e-322,0,0,2.05E+74,2.59034e-318,2.13237e-317,7.41098e-323,0,0,0,0,0,0,0,0,0,0,0,0
0,0,0,0,0,0,0,0,0,0,0,0,0,0,0,0,0,0,0,0,0,0,0,0,0
0,0,0,0,0,0,0,0,0,0,0,0,0,0,0,0,0,0,0,0,0,0,0,0,0
0,0,0,0,0,0,0,0,0,0,0,0,0,0,0,0,0,0,0,0,0,0,0,0,0
0,0,0,0,0,0,0,0,0,0,0,0,0,0,0,0,0,0,0,0,0,0,0,0,0
0,0,0,0,0,0,0,0,0,0,0,0,0,0,0,0,0,0,0,0,0,0,0,0,0
0,0,0,0,0,0,0,0,0,0,0,0,0,0,0,0,0,0,0,0,0,0,0,0,0
0,0,0,8.48799e-314,6.36E-153,1.28E-153,6.68E+252,3.94E+180,9.30E+242,9.99E-48,2.31E-66,6.72E+223,3.48E-81,2.11E+262,7.35E+223,1.80E+261,6.98E+199,6.20E-91,4.31E-80,5.74E+169,5.31017e-315,1.59745e-318,9.37E-280,9.10E+199,1.46E-301
3.22E-294,6.04E+151,9.7785e-310,6.02E+151,1.39614e-309,1.68E+243,6.77E+223,4.91E-299,2.31E-289,7.27E+223,3.3322e-312,2.31E-289,3.94E+180,4.26E-270,6.32E+233,9.09E+223,6.77E+223,4.91E-299,6.77E+223,1.64E-306,5.37E+149,8.95E+73,1.35E+21,2.99882e-309,7.51E+252
1.50E-266,2.22E+271,1.60E+07,2.11E-289,1.76E-279,5.78E+160,1.29E+248,2.86052e-311,7.51E+252,1.68E+243,2.11E-289,4.45E-308,1.18838e-311,1.68E+117,7.42E-169,1.15E+228,3.10E-281,1.15E+228,3.10E-281,1.15E+228,3.10E-281,1.15E+228,3.10E-281,1.15E+228,3.10E-281
1.64E-306,3.19E-58,2.11E-289,1.06E-278,2.54E+236,9.06E+91,1.27E-277,1.23E+180,8.25E-39,1.19E+190,1.62E-283,6.10E+93,7.2577e-309,9.70E+189,7.32289e-309,2.08E-289,2.12E-278,-1.04E-67,1.08E-65,3.09392e-311,5.67E+279,5.16E+19,3.10E-281,1.30E-307,3.11E+231
-1.04E-67,4.80E+233,3.09392e-311,-5.97E-299,1.41E+87,3.10E-281,1.13E-306,-1.73E-77,-1.04E-67,1.41E-307,-2.00001,3.25E-277,4.08E-71,7.92045e-309,2.08E-289,1.08E-275,-1.05E-67,2.76E-57,3.09392e-311,-8.73E-251,1.43E+87,3.10E-281,5.46635e-311,7.73E+228,5.30E+180
2.12E+214,3.09393e-311,1.41E+12,1.25E+89,3.10E-281,6.05E+247,1.55E+31,2.11E-289,6.30E-286,1.47E+171,1.94E+228,-1.05E-67,4.93E+160,7.51E+252,1.17E+89,3.10E-281,2.06E+45,9.49E+221,2.16E+98,7.62808e-312,3.90E+284,1.64E+74,1.83875e-309,2.21E+161,2.80959e-311
6.97E+252,1.45E+79,1.12007e-309,9.54E+150,2.88E-305,1.35E+21,9.81933e-310,2.26E-307,6.69E+14,-5.64E-169,3.15E+35,6.06899e-312,1.49E+58,8.39E-303,9.32E+68,5.55E-116,3.15E+35,4.67E-300,1.00E+74,2.09E-289,2.87E+24,1.69E+69,7.32E+25,3.41219e-311,8.89812e-309
9.04485e-309,1.34E-284,1.31E-231,8.81E-280,1.07E-173,1.41E+190,8.40389e-309,5.35E-38,9.0775e-309,7.67E-276,5.78E-275,1.53E-275,1.97E-236,3.07E-275,4.09E+149,5.53E-222,6.19E+173,1.45E-231,3.81E+228,1.85E-178,7.34E+223,2.30E+161,6.02E+151,1.64E-306,4.73E-270
6.39E+149,1.08E+26,1.01E-307,1.22391e-308,6.99E+228,8.15E+91,8.96E+91,1.67E+243,7.2577e-309,2.22E+228,9.42E-284,5.03E+180,2.29E+106,3.33E+24,3.68E+228,1.62E-283,6.99E+228,1.82E-306,3.79E-270,1.26E+180,2.11E-289,1.54E-279,4.25E+175,7.2577e-309,2.47E+74
2.08E-289,2.42E-279,7.81E+144,1.14E+63,6.05E+247,7.32289e-309,3.99E+252,1.14E+243,9.3926e-309,1.19E+180,1.73E-306,-1.49E-154,5.82E+180,1.54E-275,3.95E+64,8.20E+06,9.44E+168,7.51E-301,8.81E-280,2.11E-289,8.81E-280,2.11E-289,3.53E-279,5.65E-277,5.30E+218
6.77E-277,5.30E+218,2.15E-276,1.61E-46,3.63928e-311,1.30E-307,1.29E-231,2.08E-289,2.92E-303,-6.62E-169,1.14E-255,-4.34E-164,1.15E-255,-2.85E-159,1.15E-255,-1.86E-154,1.16E-255,-1.22E-149,1.16E-255,-8.01E-145,1.17E-255,-5.25E-140,2.17292e-309,1.39936e-308,1.39067e-309
1.23699e-308,9.95E+86,6.91912e-312,1.29E+98,3.09E-106,3.05793e-311,1.77129e-309,4.68E+25,8.88E+25,1.84E-266,1.68E+117,1.24E+151,2.09E-289,4.73E-270,1.68E+117,1.24E+151,2.38E+93,1.51998e-308,-2.77E+130,7.74E+14,1.20E+180,5.43E-266,4.73E-270,-2.30E+106,9.76E+179
1.69E+69,2.26E-307,6.13905e-311,2.20E+92,6.58E-193,6.10E-242,5.00E+223,6.33E-242,5.03E+223,6.56E-242,3.09E-289,4.75E+29,2.87E+161,3.12582e-311,9.08E+223,2.86057e-311,1.82E+45,1.19E-249,2.66E+233,8.89E+252,6.13905e-311,9.41E+11,-245057,2.86E+161,1.82E-306
3.75E+247,5.30E+180,8.00209e-309,9.98E-307,1.73E-77,3.13E-294,2.09E-289,2.75E+77,2.09E-289,4.73E-270,2.09E+64,1.58E+151,2.04017,8.81E-280,8.64E-307,1.10748e-313,1.46E-306,4.78E-299,-5.12E+149,4.46E+178,-3.35E+154,4.46E+178,1.09E+243,2.83516e-311,2.14E+161
1.65E-279,5.11E-208,3.44E+151,5.36E-208,3.44E+151,1.62E-283,6.77E+247,2.83516e-311,9.28E+242,1.62E-283,3.09E+262,1.62E-283,4.76E+180,1.91276e-308,9.46E+218,1.62E-283,4.07E+180,-1.38E+217,4.49E+178,-9.04E+221,4.49E+178,2.08E-306,1.08E-19,3.98E-242,3.13E-294
1.80E+35,5.89E+25,7.79E-208,7.83E-249,1.80E+35,4.26E+40,5.13E-289,1.13E+63,2.10E-289,8.81E-280,6.68E+184,1.06E+248,2.83516e-311,3.58E+160,1.46E-306,2.05E-289,1.14E+243,2.11E+214,4.42E+72,7.42E+67,5.82E+93,2.11E-289,1.54E-279,9.75E+232,7.92E+179
9.98E+44,4.90E+25,1.96111e-308,5.62E+25,9.09E+44,5.63E-307,8.2993e-311,1.18E+214,1.73E-306,1.11743e-313,-3.10E-265,3.13E-294,2.67E+06,1.20E+16,6.48E-205,2.09E+64,1.81E+45,2.79E+06,7.48E-205,9.64E+189,1.62E-283,2.84405e-312,4.78E-299,8.98E-205,2.41E-306
2.86063e-311,-8.36E-198,1.19E+10,3.96E+252,7.32321e-309,2.05E-289,2.02E-274,9.96E+19,2.06443e-309,2.86063e-311,-1.01E-173,-9.43E+91,1.62E-283,1.11411e-311,9.36E-97,1.55E-204,1.02E-302,7.25802e-309,2.05E-289,5.20E-274,9.98E+19,1.03367e-310,2.86063e-311,-3.44E-135,2.36E-260
7.32321e-309,2.05E-289,1.62E-273,9.99E+19,1.1518e-309,2.86063e-311,-1.17E-96,-2.37E-260,2.70E-283,1.71943e-312,2.68E+154,7.18E-226,1.97E-236,5.62E+25,3.97E+06,2.12E+88,3.05E-225,8.36073e-311,8.71E+150,2.17E+59,5.00E-47,4.33E-217,7.67E+170,2.83517e-311,-7.04E+14
1.46E-303,7.32321e-309,2.05E-289,1.16E-274,1.00E+20,6.14001e-310,3.31898e-311,-2.39E+53,2.82E+289,2.70E-283,7.47002e-312,5.08E-116,1.20E-203,8.67E-299,7.25803e-309,2.05E-289,4.33E-274,1.60E-38,3.20659e-310,2.83517e-311,-8.15E+91,5.26E-217,2.70E-283,7.17294e-312,1.08E-19
2.21E-173,5.16224e-310,3.31898e-311,-2.77E+130,-6.23E+96,3.09E-279,1.05045e-311,9.12E+192,2.39E-203,3.79E-307,2.38E-308,1.80E+35,1.69E+69,4.90E+25,2.15E+116,3.84E+06,8.95E+73,6.37E+20,2.55E-203,4.06E-225,1.80E+35,2.79E+06,3.83E-270,1.06781e-310,6.12E+257
2.11E-289,3.34E-308,8.71E+150,4.90E+25,8.62E-203,9.44E-216,1.80E+35,2.79E+06,1.66E-202,2.08E+64,1.58E+151,3.69E+54,1.08648e-310,3.08E-178,3.12582e-311,5.87E-281,2.80E-308,1.90E-211,2.31932e-313,9.34E+68,-4.01E-05,4.57E+257,2.16E-303,1.36E+69,1.37E-284
2.20E+58,3.91E+107,4.92E+78,3.17E+59,2.57E-210,1.72E+88,4.10E+06,1.19683e-310,2.71E-283,1.20E+180,2.54E-265,6.11E+212,3.91E+233,1.29E-231,3.69E+180,4.38E-193,1.85E+20,9.66E+122,2.75E-135,6.85E+180,5.08E-116,6.85E+180,9.36E-97,1.24E+224,2.55E-265
2.40E+20,2.97E+31,2.49E+20,3.55E+194,2.02E+267,2.00001,1.14E+243,4.27E-38,1.31E+89,6.05E-66,6.81E+38,3.76E+233,8.3233e-309,2.89E+74,2.70E-77,6.29E+93,1.64E-306,7.12E-307,9.88E+78,1.16E-67,5.33E+06,7.88E+73,2.05E-289,2.83E+161,3.49E+11
3.26E-307,1.35702e-310,1.39E+98,3.38E+69,1.89E+98,1.89E+98,1.89E+98,1.89E+98,1.89E+98,1.89E+98,3.27E-159,4.08E-307,1.65E+93,3.56E-159,3.12E+88,6.49E+73,1.66E+151,4.52E-307,5.81E+54,7.12E+106,3.84E+06,2.79E+45,1.75E+103,1.66E+151,1.89E+98
1.58E+74,1.66E+151,4.52E-307,4.04E+88,5.08E+06,5.62E-307,1.72E+88,1.89E+98,3.37E+30,7.14E+106,4.08E-307,3.92E+112,1.89E+98,2.26E-307,1.29E+98,7.14E+106,1.45E+79,1.66E+151,7.08E+25,5.38E+11,7.11E+106,1.42E+64,4.08E+93,-5.72E+14,4.04E+88
6.35E+25,1.89E+98,7.11E+106,2.26E-307,1.08E+26,8.29E+150,-4.54E+43,1.65E+98,-5.57E+303,1.20E+16,7.14E+106,5.62E-307,5.38E+11,1.92E-301,9.32E+25,1.26E-296,6.84E+25,2.85E-159,2.21E+35,7.86E+20,2.68E+98,3.04E-307,7.07E+30,3.84737e-311,7.13E-251
7.75E-188,2.05E-289,1.59E+150,9.77E+199,5.45384e-310,9.77E+199,1.04E-306,5.83E+252,9.08E-307,6.98E-251,2.02E+180,9.08E+223,1.40656e-310,3.53E+289,2.12E+161,3.60E-308,9.68E-308,1.06E-168,-4.84E+291,4.91E+252,5.14E-275,7.66E-184,3.13E-294,3.06E-241,2.05E+150
2.58E-297,2.66E+98,7.30E+256,9.83E+165,1.42961e-310,2.75E-135,5.39E+228,3.66E+233,1.71E+161,6.97E+252,2.87E-298,1.80E-130,3.99E+252,-3.74E-05,1.78E+194,2.71E-291,1.38E+219,4.90E-299,2.05E-289,2.89E-298,5.30E+180,1.97E+26,1.98E+79,4.91E-299,1.00E-226
8.91E+252,-8.59E-174,9.23E+159,1.51565e-309,6.53E-301,3.01E+214,1.20508e-310,2.10E-303,7.47E-301,1.25E-306,1.36775e-314,9.36E-97,7.66E+151,1.89E+79,1.14E+243,1.64E-306,1.3594e-312,3.23791e-319,1.52266e-310,1.36E+248,4.49E-273,1.24E+224,1.42E+241,1.56E+184,4.49E-273
2.06E+161,2.16E+233,1.51564e-309,1.71E+232,2.64E+180,1.94368e-308,1.50E+161,-3.17E+48,2.76E+40,1.01E-307,1.18E-125,2.64E+180,4.56E-140,4.78E+180,1.82E-306,2.58E-231,2.83E-303,-8.59E-174,3.90E-308,5.3102e-315,-8.67E+127,4.06163e-315,1.02E-172,1.82E+54,4.86E-63
8.28E-169,-8.58E+303,1.35945e-312,-1.43E-100,-2.38E-212,2.09E-53,1.49E-226,3.14E-126,9.36E-97,5.38E+151,1.49E-74,6.81E+38,7.29E-304,9.87E-225,4.73E-125,6.04E-116,2.09E-53,2.86E-307,1.19E-263,6.1132e-315,4.22159e-309,9.32796e-320,4.17E+199,9.31E+242,2.18E-303
-1.56E-207,9.31E+242,1.40E-306,-1.00E-226,4.69E+257,5.30E+180,-2.68E+154,1.36297e-312,9.49E+170,7.47E-304,1.85242e-309,8.80E+199,1.17336e-311,7.49E+247,2.18E-303,2.32E-23,3.48043e-310,7.46014e-316,4.28E-308,1.84E-223,1.2516e-308,-3.65E+48,4.54E-298,3.48043e-310,7.46014e-316
4.66E-10,1.51086e-311,1.44E-225,3.48072e-310,7.29E-304,5.78E-33,4.66E-10,1.77823e-311,2.49E-177,2.20E+78,4.86E-63,2.16656e-311,5.31122e-315,5.69164e-320,1.05E-176,4.91E+44,5.16E+120,1.79E-307,2.08826e-310,1.72E-297,1.79E-307,2.09356e-310,2.46171e-312,5.31119e-315,1.07E+87
1.46402e-310,1.35956e-312,7.66E-303,8.92E+44,1.34E-284,6.56E+250,7.73E-303,1.67E-220,1.97E-122,3.48057e-310,5.88E-39,1.79E-307,2.10651e-310,5.31096e-315,4.54E-308,1.29E-231,1.37E-48,2.0746e-317,4.88595,6.43E-308,1.35971e-312,-1.60E+136,2.92E+48,1.79E-307,2.13643e-310
-2.92E+48,8.87E-303,3.48106e-310,8.38851e-313,5.3116e-315,7.10E+302,1.4088e-310,7.34E+223,8.42E+252,1.51922e-309,5.31169e-315,3.9209e-320,3.85E-34,2.16E-303,-6.19E+15,-1.23E-178,1.79E-307,1.61123e-310,1.93E+88,5.33E+233,-2.32E+77,2.28E-159,7.29E-304,4.73E+180,5.93695e-312
1.84E+47,9.19E+242,3.09E-308,4.00635e-310,5.57E+233,2.48E-265,6.1132e-315,4.91E+252,2.48E-265,6.11319e-315,4.78E+180,5.9275e-312,1.56498e-312,9.71E+189,1.28E+111,-3.00148,1.19E+194,1.68E+243,2.48E-265,6.11318e-315,9.78E+199,2.18E-187,2.86E-307,8.74E+189,9.49E+170
7.27E+175,1.04E+34,2.65E+180,1.04E+34,2.57E+151,2.00E-306,9.41E+150,5.25E+170,5.70E-80,2.14E+161,2.88E+161,2.88E+161,5.29E-308,9.41E+150,3.51E+151,5.39E+151,4.85E-137,5.33E-308,2.07E+161,3.51E+151,7.53977e-311,2.57E+151,9.52E-307,9.41E+150,1.20E-72
1.35703e-310,9.41E+150,1.15E-19,6.63E+271,1.83E-137,1.47E+224,7.27E+199,1.30E+161,5.51E-308,9.41E+150,1.88E+166,-4.62E+208,3.47E-308,9.06E+271,5.98E+14,7.35E+223,3.60E+252,2.12E-303,7.35E+223,2.07E+161,8.90E+252,9.83E+97,3.10E+65,2.56E+151,1.12E+200
7.34E+223,2.15E+218,2.86106e-311,1.49866e-312,7.35E+223,9.04E+271,6.01E+175,1.15E-209,1.51E+267,1.82E-306,4.89E-294,2.51547e-317,1.95E+233,1.82E-306,4.89E-294,2.51545e-317,1.90E+151,1.16E+151,3.85E+06,6.35E+197,7.35E+223,2.75E+214,1.34E+185,3.35E-302,7.35E+223
1.68E+243,2.10E-303,1.51E+267,1.71E+161,3.79E-302,5.48E+247,3.60E+252,3.84E-127,2.31313e-314,2.65E+180,1.14E+243,-1.52E+82,1.17147e-311,9.31E+242,1.5185e-309,1.69E+190,5.05E+180,1.96E+243,1.97E-236,1.60E-255,5.92153e-312,6.15E-308,1.388e-310,2.07E+161,7.18E-251
6.20E+223,2.03E+236,1.40647e-310,9.49E+170,1.17136e-311,8.96649e-310,2.41E+233,1.97E-122,1.97E-236,1.77125e-309,4.94E-61,9.77E+199,9.49E+170,3.02E+69,7.66E+151,1.71E+161,-5.98E+14,5.02E+180,6.79E+199,3.81E+180,6.01E+175,2.06E-274,1.57E-173,2.78E+233,3.53E-111
1.17E+200,7.67E+218,1.82E-306,1.30E-197,7.34E+223,7.49E-304,1.16E-135,7.62183e-313,1.07E-67,2.10E-303,5.02E+180,3.76E+199,3.23E+209,-5.29E-303,2.28115e-311,2.73E-100,1.28E-153,2.05E+189,2.51E-91,1.14E-36,4.51E-61,8.79E+252,9.56E-308,1.14E+243,-7.39E+196
1.46E-306,1.29E+248,3.69E+139,1.91E+137,-3.86E-112,-1.82E-39,3.67E+228,3.44826e-314,5.88E-39,4.78E-299,1.54E+262,2.11E-289,6.14E+149,7.36E+223,8.89E+252,9.37E-280,3.09E+161,6.62E-169,4.62E+281,1.97E-130,5.31E+228,1.40E-152,4.24E+175,2.02E-284,9.09E+223
3.60E+252,8.19105e-312,8.45E+252,3.94E+180,2.12E+265,1.81E-306,2.05E-289,2.57E-289,7.27E+223,1.12E+219,-6.78E+120,9.58E+199,1.27E-299,7.07E-304,1.03984e-311,9.29E+242,2.3089e-309,9.30E+199,6.97E+252,6.85E+180,7.23E-275,1.06E+248,7.27E+223,2.99E+262,2.06083e-311
6.98E+228,2.38E-77,7.24E+223,5.50E+247,1.56E-72,2.86E+257,5.50E+247,1.02E-67,5.50E+228,2.07E+161,1.82E-306,2.27E-269,4.72E+257,5.02E+180,1.01475e-311,1.25E+243,9.04E-280,4.70E+231,3.51E+151,-6.88E+145,1.19E+190,9.27E+199,2.59781e-309,1.34E+185,5.60E+199
-7.14E+304,5.50E+247,4.81E+233,7.12E-304,6.77E+247,2.64E+180,5.41606e-312,5.37E+151,2.51E+180,2.80E+101,4.98E+151,-8.24E+304,5.49E+247,1.12E+224,1.20E+111,2.05E-289,6.77E+223,1.64E-306,1.81E-306,3.79E-270,-3.16E-110,9.46E+218,2.05E-289,1.81E-306,5.88E+149
1.81E-306,4.73E-270,9.53E-307,3.99E+252,1.70E+190,9.53E-307,1.38E-279,1.94E-299,1.03E-43,1.81E-306,8.13E+228,1.73296e-309,5.93E-275,1.11254e-308,3.60E+252,2.45305e-311,9.99E-307,3.79E-270,-2.11E+145,5.60E+223,9.02081e-312,9.55E-307,7.57E-270,5.21E-164,1.32E+185
1.80E+219,3.88E-270,4.82E-299,-4.30E+10,1.10E+248,1.73509e-309,2.64E-308,9.85E-96,6.79E-150,3.12E-303,1.99E-302,1.99E-302,1.80234e-309,3.00E-241,1.31E-250,2.40E-48,6.37E-274,3.41E-283,7.41714e-309,1.80612e-309,3.00E-241,5.62E-241,3.99E+183,-7.72E+300,2.41E+63
2.26E-22,3.28E+69,2.23E-302,1.81784e-309,3.00E-241,5.62E-241,1.30E+275,1.49E-142,5.03E+73,2.29E-302,1.82223e-309,3.00E-241,5.62E-241,-3.86E-289,1.57E-07,7.30E+78,2.39E-302,1.82815e-309,3.00E-241,5.62E-241,-1.39E-67,-1.02E-136,1.30E+86,2.63E-302,2.19724e-311
2.77E-302,1.84205e-309,3.00E-241,3.69E-236,-2.50E-231,-7.91E-46,8.88E+95,2.90E-302,1.84693e-309,3.00E-241,3.69E-236,-2.90E-154,-1.56E-98,4.98E-286,3.21E-303,1.85129e-309,3.00E-241,3.69E-236,-3.78E+289,1.53E+212,1.22E+104,3.16E-302,1.85661e-309,3.00E-241,1.58E-226
3.00E-241,1.58E-226,2.21E+34,-1.61E-196,5.31E+114,2.01834e-309,1.86777e-309,3.00E-241,1.04E-221,-1.91E-226,5.28E+195,2.85E+118,3.60E-302,1.87303e-309,3.00E-241,1.04E-221,-6.48E-188,2.59E+234,6.15E+123,3.76E-302,1.87883e-309,3.00E-241,1.04E-221,-6.21E-135,-6.76E-243
-1.10E-62,-4.84E-180,7.01E+133,4.06E-302,1.89048e-309,3.00E-241,1.04E-221,-3.73E-24,-2.11E-35,1.69E+139,4.23E-302,1.89644e-309,3.00E-241,1.04E-221,-5.46E+24,-2.63E-06,1.93E+144,4.38E-302,1.9023e-309,3.00E-241,1.04E-221,-1.86E+63,-3.43E+47,1.59E+149,4.52E-302
3.89E-302,3.93E-302,4.54E-302,4.56E-302,4.58E-302,2.52E+180,7.50E+252,7.28738e-311,4.80E+53,1.20E+151,4.82E+228,4.44E+252,7.08467e-312,1.61E+122,5.53E-222,2.18E-302,3.44E+175,1.40E+151,2.55E+151,4.82E+228,3.11E+179,9.08E+223,1.20E+151,5.26E+261,1.48682e-308
4.98E+151,1.20E+151,2.07E+26,8.66E-256,7.46064e-312,1.82E-306,2.21E+252,2.52E+180,7.50E+252,2.66E+233,2.18E+243,3.95E+26,1.70E-254,-1.82E-173,7.92079e-309,6.15804e-311,4.61E-302,2.38E-212,1.96E-253,3.63E-217,3.11E-281,1.60308e-308,2.89E+152,2.85232e-313,5.56E-302
2.18E+243,7.51E+252,2.59E+161,6.94E-307,1.65957e-308,2.89E+152,7.46164e-312,6.57E+151,2.55E+151,4.82E+228,3.11E+179,9.08E+223,7.54E+73,1.9109e-309,1.70683e-308,-1.69E-14,9.08E+271,4.98E+151,1.92E+159,5.53E-222,2.30911e-309,2.38E-212,1.82E-52,7.51E+252,1.67E-70
5.83E-266,5.81E+54,9.03E+271,4.98E+151,1.47E+171,1.95E+233,1.98E-306,1.80299e-308,3.68E+152,8.19E+271,7.51E+252,4.27E+180,1.78E+93,1.47E+171,1.95E+233,2.52E+180,7.50E+252,3.43E+161,9.78E+199,2.07E+26,1.01E+140,1.91005e-309,2.15021e-313,4.78E-299,6.04E+151
1.07E-94,1.69E-307,5.30E-169,5.29E+153,1.02E-202,3.86E+233,3.59E+246,5.30E+180,9.08E+223,3.46E+228,9.92E+247,4.26E+257,1.05E-202,1.84E-70,2.59E+161,2.88E+161,1.98E+25,-3.80E+19,5.63E+14,1.91145e-309,2.83E+153,-1.97E+53,2.64E-243,1.19E+190,1.06E+248
1.30E+227,2.20E-152,6.97E+252,3.67E+228,1.64E+165,5.54E+257,4.26E+257,1.05E-202,1.84E-70,2.59E+161,2.88E+161,2.10E+25,-4.71E-246,1.07E-255,1.91158e-309,2.83E+153,-1.97E+53,1.68E-239,1.19E+190,1.06E+248,9.09E+223,1.54E+256,1.22E-152,2.85E+214,2.19E-231
4.65E+151,6.96E+252,5.33E+228,1.42E+190,1.53E-94,3.31E-28,1.13E+277,2.84E+69,6.97E+252,3.67E+228,1.76E+276,1.24E+277,-2.03E+236,5.53E-222,2.66E+98,1.64E+150,2.42871e-314,1.32E+232,5.03E+180,5.54E+257,3.92E+58,2.38E+190,9.29E+242,1.69E-17,7.11E-198
2.84E+69,9.29E+242,6.94E+45,1.42E+190,8.59E-307,4.69E-302,1.63E-260,1.55E-306,1.84E-70,2.17E+243,1.59E-66,2.88E-66,3.03E-227,3.63E-217,6.45E+252,2.21E+252,3.60E+252,1.87E+26,5.03E+93,1.49E-154,1.91268e-309,-1.19E-158,2.84E+69,9.29E+242,6.94E+45
1.69E+190,2.10E+127,1.71E+161,1.43E+248,1.69E+190,-4.01E+202,3.63E-217,1.60E-262,2.84E+69,9.29E+242,6.94E+45,1.98E+26,3.54E+150,2.49E-308,-9.31E+202,1.91268e-309,6.85E-198,1.84E-70,2.17E+243,6.81E-57,1.79E+79,1.91296e-309,4.71E-302,-9.31E+202,3.90E+233
3.63E-217,4.70E-302,7.75E-121,4.37E+149,7.01E+194,5.81E+252,1.36E+248,1.53E+171,2.60E-308,-9.31E+202,8.85949e-311,1.71E+161,6.85E-198,1.84E-70,2.17E+243,2.42E-71,9.29E+242,7.00E+54,2.04E-217,7.473e-312,7.64E+228,6.32E+233,2.84E+69,9.29E+242,6.94E+45
6.85E-198,1.84E-70,2.17E+243,2.42E-71,6.69E+151,1.63E+199,1.91105e-309,4.72E-302,5.08E-116,4.38E+149,7.01E+194,5.81E+252,2.67E+185,3.33E-111,9.98E-307,2.21E+252,3.60E+252,1.87E+26,2.67E+185,2.28E-308,2.91914e-314,1.81E-306,8.22E-193,3.40E-72,6.54E+222
4.97E-24,1.56E-307,1.20E+160,5.24E-302,7.13522e-312,3.00E-241,8.22E-193,7.27E+24,1.38E+199,9.72E+161,5.17E-302,1.92243e-309,3.00E-241,8.22E-193,1.06E+73,1.29E-268,5.05E-302,1.30E+243,1.83E+15,1.90E+185,1.73675e-309,3.60E+252,1.70E-239,9.49E+170,1.71E+161
1.67E+174,1.56E-266,2.95E-308,2.77E+166,4.75346e-311,2.68E+154,1.92571e-309,-2.56E+73,1.74E-205,5.53E-222,-2.74E+212,9.27E+199,1.69E+190,3.53E+246,9.29E+242,1.69E-17,3.53E+246,5.39E+228,7.02E+194,7.17E-299,1.10E-263,1.34E-202,4.43977e-313,1.75E-207,1.47E+107
2.64E-303,1.34E-202,1.43E+161,4.91E-299,9.36E-97,6.93E-208,3.67778e-311,9.95E-97,7.59E-207,3.43588e-311,9.95E-97,1.22E-111,3.52924e-311,9.95E-97,2.18E-14,2.65E+233,1.43E-298,5.11E+64,1.09E-306,3.79E-270,5.27E+170,1.38E-202,8.35E+242,1.82E-306,2.23E-308
7.35E+223,3.12E-303,3.65E+233,5.50E+247,8.29E-174,1.78E-290,1.98E+93,6.47E-67,1.13E+277,-5.22E-116,3.74E+199,4.24E+175,1.78E+93,6.47E-67,3.68E+180,-1.97E+53,-3.63E-217,1.92773e-309,6.35E+151,4.90E-299,4.93E-56,5.13E+64,9.29E+242,4.64E-302,3.31E-308
3.55E+180,1.30503e-310,5.43E-302,5.02E+180,8.04E+165,2.84E+69,1.48E-70,6.68E+151,3.68E+180,1.92E+53,1.92648e-309,4.91E+252,4.00E+151,9.29E+242,3.25E+153,1.19E+180,5.02E+180,1.49E+195,1.72E+161,2.25E-306,1.33877e-310,1.34E-202,8.35E+242,4.89E-299,4.18E+150
7.55E+153,1.19E+180,2.59E+161,1.92E+170,2.59665e-309,3.50E-308,-4.87E-289,1.92584e-309,4.77E+180,4.64E+149,1.19E+180,4.77E+180,7.08E+54,1.33E+167,3.19E-284,1.19618e-310,-1.90E+222,2.84E+69,1.48E-70,4.82E+233,6.78E+160,1.38991e-310,5.43E-302,3.19E-58,4.54E+149
1.92584e-309,1.82E+185,8.21E-304,6.21E+88,8.35E+242,5.28E+261,3.62E-308,1.33E+167,1.57285e-311,3.37E+247,5.14E+64,2.13E+88,2.25E-306,1.42641e-310,3.70E+166,4.6726e-313,3.98E+252,2.84E+69,3.10E+175,1.12E-299,5.42E-181,7.5243e-312,2.87E+161,1.98E+93,3.98E+252
5.14E+64,-6.59E-145,-7.55E+168,1.92622e-309,2.39E+180,4.40E+149,5.14E+64,2.94E+26,2.47E-178,-2.30E-202,1.20E+151,8.02E-303,4.80E+150,5.26E+261,3.79E-308,8.13E+166,1.05E+214,4.41E+149,1.20E+151,6.15E+197,5.53E-222,5.14E+64,4.90E-299,3.37E+247,6.46E+170
6.20E+223,4.42E+149,4.34E+150,4.48E+151,1.48E+276,3.88E-308,8.13E+166,3.63E-217,3.12E-303,6.79E+199,4.43E+149,5.14E+64,1.49E+276,4.85E-173,-2.30E-202,1.19618e-310,4.30E+150,1.24E+224,2.10E+127,5.13E+64,9.20E+170,2.83E+153,1.49E-171,3.63E-217,5.14E+64
3.06E-308,5.57E+228,2.10E+127,6.91E+218,6.28E+54,3.63E-217,3.12E-303,5.88E-39,1.42E+190,2.84E+69,6.07E+247,5.35E+276,-1.48E+145,1.19618e-310,6.08E-62,2.10E+127,1.59E+151,1.71E+161,5.18E+150,2.06E+272,1.63E+219,2.59E+161,3.39E+247,8.48E-167,3.63E-217
4.57E+257,2.55E+151,3.76E+199,6.58E+45,1.39E+93,3.63E-217,3.12E-308,3.85E-34,4.49E+149,4.07E+93,7.07E+194,1.59E+151,3.63E-217,2.59705e-309,3.85E-34,4.49E+149,4.07E+93,7.07E+194,6.28E+54,4.21E-308,1.59E-197,1.57043e-309,1.39E+219,5.37E-301,3.31E+150
2.10E+127,6.91E+218,1.40E+277,1.11E-160,3.63E-217,3.06E-308,8.97E-44,4.48E+151,1.07E-300,3.72E+150,5.73E+194,8.54E-160,-1.82E-173,5.24884e-309,1.98E+93,9.43E+218,3.17E+26,2.14E+30,1.04E-149,5.53E-222,1.28E-273,2.73E-158,-1.82E-173,1.92584e-309,-1.17E+34
1.92675e-309,1.34E-202,3.95165e-311,1.71585e-310,5.43E-302,3.19E-284,1.19618e-310,2.14E+30,-139324,5.53E-222,3.12E-303,-4.87E-289,1.01162e-308,4.44E-308,1.03E+167,3.63E-217,1.28E-273,2.24E-154,-1.82E-173,1.19618e-310,3.70E+166,3.95165e-311,1.7481e-310,5.43E-302,1.65E-24
4.90E-299,-6.88737e-313,1.92635e-309,1.16E-119,2.10E+127,7.00E+54,7.29E-304,1.77505e-310,2.29E+167,3.88589e-311,3.37E+247,-7.28E-15,1.78205e-310,5.43E-302,4.66E-10,4.66E+149,1.61E+170,7.33E-150,-1.82E-173,5.41266e-312,4.15E+19,4.55E+93,5.46E-302,7.58E-149,3.63E-217
5.46E-302,1.21E-147,3.63E-217,2.44E-285,2.84E+69,7.35E+223,7.29E-304,1.82492e-310,-1.80E+112,2.10E+127,1.19E+190,3.12E-308,4.50E-146,7.5243e-312,6.12E-297,6.13E+223,1.21484e-310,4.98E-308,3.05E-05,4.73E+149,6.13E+223,1.21739e-310,5.02E-308,4.66E-10,4.74E+149
2.12E-46,5.27E+261,4.10E-143,-2.30E-202,9.82293e-309,1.98E+93,5.26E+261,2.46E-142,-1.82E-173,9.82293e-309,5.81E+54,1.98E+26,-1.20E-72,5.53E-222,5.45E-283,2.84E+69,1.19E+190,3.12E-308,1.18E-140,7.5243e-312,-1.94E-77,4.93E-56,6.15E+197,1.90258e-310,5.42E-302
1.17E+170,2.20E-295,8.10E+169,3.86E+255,1.92126e-310,5.42E-302,4.78E-299,3.37E+247,1.98E-306,5.43E-308,8.13E+166,1.69E+190,2.10E+127,6.20E+223,1.34E-202,-1.65E-24,1.92622e-309,-2.06E+106,9.09E-37,6.85E+180,7.29E-304,1.95054e-310,-1.81E-71,2.10E+127,9.28E+199
7.50E+247,4.09E-34,5.53E-222,3.06E-308,4.78E-299,1.75E-70,4.49E+151,5.28E+261,3.96E-133,7.5248e-312,4.70E-294,9.23E+169,4.92E+26,-3.05E-188,5.53E-222,4.73E+180,5.96E-169,1.56E+242,1.48E+276,2.18E-131,3.63E-217,8.69E-281,2.84E+69,9.28E+242,2.00614e-310
-2.30E-202,1.30552e-308,5.81E+54,1.56E+82,2.02311e-310,5.42E-302,4.66E-10,4.93E+149,1.49E+276,1.73E-128,-1.82E-173,1.19618e-310,2.01E-292,1.62E+160,1.2123e-310,6.01E-308,3.19E-284,1.81E-306,3.37E+247,2.14E-201,-6.81E+38,1.92635e-309,1.47E-148,2.10E+127,9.09E+223
3.47E-201,1.23E-178,1.92622e-309,4.90E-299,4.93E-56,2.49E+24,2.07743e-310,5.43E-302,1.22E-306,1.78E+93,5.27E+261,1.13E-123,-2.30E-202,1.24087e-308,1.98E+93,3.37E+247,6.05E-123,-1.82E-173,1.92675e-309,-6.90E-92,1.65E+60,5.46E-302,6.96E-122,3.63E-217,1.09E-265
5.05E+149,1.39E+93,9.77E+199,1.06E+214,-7.23E-15,2.12667e-310,5.43E-302,4.66E-10,5.06E+149,4.07E+233,3.37E+247,3.72E-119,-1.82E-173,1.92675e-309,-1.07E+140,1.97E+160,7.00E+54,5.46E-302,8.43E-118,3.63E-217,3.06E-308,4.66E-10,5.09E+149,4.07E+233,5.34E+276
4.26E+180,-7.28E-15,2.1725e-310,5.43E-302,4.66E-10,5.11E+149,4.07E+233,-7.28E-15,2.18269e-310,5.43E-302,-1.30E+304,7.78038e-309,1.98E+93,6.01E+175,7.27E+199,1.15E+243,1.87E+26,9.75E-114,-1.82E-173,3.34725e-310,9.10E-174,3.95E+232,1.99E+209,2.20815e-310,5.43E-302
-1.82E-173,1.92675e-309,1.01E-43,1.97E+160,2.04E+93,2.64E-265,5.53E-222,5.46E-302,4.78E-299,2.12E-46,2.13E+88,4.28E+167,9.95E+86,1.92635e-309,1.34E-202,4.6726e-313,1.15E-287,6.02E+247,2.06E+170,7.36E+274,5.53E-222,3.12E-303,4.66E-10,5.22E+149,1.36E+248
6.02E+247,8.67E-307,7.20E-308,1.03E+167,3.63E-217,9.50E-284,2.84E+69,1.42E+190,7.29E+223,6.85E+180,1.92E+170,3.53E-111,5.53E-222,1.65E-307,4.78E-299,2.12E-46,1.16E+69,4.75E+170,5.76E+228,5.29E+180,2.46E+170,7.47E-304,2.31191e-310,5.93E-201,3.63E-217
4.65E+151,1.68E+243,1.39E+93,9.77E+199,1.06E+214,7.41E-304,2.33462e-310,5.93E-201,1.30752e-312,1.79E-285,7.29E+223,7.08E+54,7.29E-304,2.3465e-310,1.34E-202,7.52638e-312,4.84E-285,7.29E+223,7.08E+54,5.46E-302,2.51E-99,3.63E-217,5.45E-302,3.19E-284,6.61787e-309
1.59E-197,1.19618e-310,1.45E-231,6.71E+198,4.68E+79,7.29E-304,2.38555e-310,1.34E-202,6.13448e-312,7.74E-284,7.29E+223,1.54E+171,1.87E-96,-1.82E-173,1.19618e-310,7.08E-304,2.5851e-311,3.37E+247,3.96E+26,7.02E+151,4.54E+223,5.81E+252,5.89E+78,9.76E+139,2.41356e-310
7.29E-304,2.42799e-310,1.34E-202,4.6726e-313,9.69E-283,1.13E+243,2.56E+151,2.22E-70,2.07E+161,4.00E+252,3.74E+26,-7.36E+274,5.53E-222,3.11E-308,4.78E-299,3.23E-51,1.17E-32,8.19E+271,1.68E+243,1.14E+243,5.04E+93,9.75E+139,2.46109e-310,5.43E-302,2.26E+140
1.12136e-308,1.98E+93,5.26E+170,3.37E+247,1.26E-88,-1.82E-173,1.19618e-310,2.29E+167,4.38031e-311,3.37E+247,2.51E+180,1.07E+277,-2.16E+236,5.53E-222,3.06E-308,-6.26E-82,1.19618e-310,1.93E-230,2.10E+127,2.21E+214,6.31E+54,7.29E-304,2.51669e-310,1.34E-202,3.63E-217
-5.53E-222,1.92635e-309,1.34E-202,6.13448e-312,4.41E-280,4.72E+180,1.40E+277,7.29E-304,2.54385e-310,1.34E-202,3.63E-217,1.38564e-309,4.78E-299,1.39E-41,2.07E+26,7.02E+151,4.54E+223,5.81E+252,5.89E+78,3.75E+150,5.46E-302,3.29E-81,3.63E-217,3.11E-308,4.66E-10
2.59E+161,3.39E+247,2.06E+170,-2.64E-265,5.53E-222,3.11E-308,1.59E-197,1.19618e-310,2.45E-106,1.56E+242,1.15E+69,4.75E+170,5.76E+228,5.29E+180,2.46E+170,1.44E+79,7.29E-304,2.60899e-310,5.93E-201,3.63E-217,7.69E-270,2.84E+69,2.00E+161,8.74E+189,7.83E-43
1.92635e-309,5.93E-201,3.63E-217,7.69E-270,2.84E+69,2.00E+161,8.74E+189,7.83E-43,1.17E+214,7.72E+228,5.19E+25,4.39E-71,-139264,5.53E-222,3.11E-308,-1.48E+145,1.01447e-311,8.13E+221,1.56E+242,1.15E+69,4.75E+170,5.76E+228,5.29E+180,2.46E+170,1.44E+79
7.69E-270,2.84E+69,2.00E+161,8.74E+189,7.83E-43,1.17E+214,7.72E+228,5.19E+25,2.87E-66,-3.05E-188,5.53E-222,3.11E-308,2.26E+140,1.21486e-310,-3.52E-294,1.56E+242,1.15E+69,4.75E+170,5.76E+228,5.29E+180,2.46E+170,3.36E+69,5.03E+93,-7.27E-15,2.71913e-310
2.21E+214,2.56E+151,2.22E-70,2.07E+161,4.00E+252,3.74E+26,1.19E-47,6.79E+199,8.89E+252,1.92705e-309,1.04E-307,2.26E+140,1.21486e-310,4.30E+150,5.26E+170,-4.52E-87,2.78E-57,2.00E+161,1.49E+276,1.92705e-309,2.76793e-310,1.34E-202,3.63E-217,1.38564e-309,4.76E+180
1.92705e-309,2.7866e-310,1.34E-202,3.63E-217,3.06E-308,3.67E+228,6.67E+151,-3.29E+48,5.13E-38,8.90E+252,1.81E+272,1.78E+93,2.59665e-309,1.34E-202,3.63E-217,4.06E+93,5.54E+257,2.10E+127,1.59E+151,1.30E+171,6.78E+160,1.01432e-311,3.06E-308,-4.87E-289,3.90E+233
1.34E-202,4.6726e-313,5.42E-275,2.48E+267,7.50E-304,2.84114e-310,4.29E+167,8.88E+252,2.84E+69,8.88E+252,1.57043e-309,1.14E-307,3.05E-05,1.30E-274,5.06E+174,2.81E-149,-4.20E-140,1.92622e-309,3.23E-188,1.75E-70,1.91E+214,5.28E+261,2.61E-54,-2.30E-202,1.33213e-308
1.34E-202,4.6726e-313,6.36E-274,2.17E+184,3.37E+247,4.09E-34,5.53E-222,5.45E-302,4.66E-10,5.95E+149,5.31E+199,2.26E-306,1.19E-307,8.13E+166,3.63E-217,1.61E-262,2.84E+69,6.02E+175,1.19617e-310,1.21E-307,-1.30E+304,1.19618e-310,8.49E+168,3.23E-51,7.00E+54
3.23E-51,6.23E+54,1.19617e-310,1.23E-307,1.59E-197,1.19618e-310,-1.18E+117,2.10E+127,5.37E+199,2.26E-306,1.24E-307,8.13E+166,3.63E-217,4.70E-266,2.84E+69,7.35E+223,3.06E-308,8.76E-46,3.63E-217,3.06E-308,4.78E-299,3.37E+247,1.33E+185,2.17E+26,1.34E-202
3.34E+151,2.67E+185,1.38E-284,2.98904e-310,5.42E-302,3.19E-284,1.19618e-310,-5.24E-10,1.75E-70,5.35E+199,4.96E+78,1.19617e-310,1.30E-307,1.59E-197,1.19618e-310,-1.71E+82,1.75E-70,5.35E+199,1.62E+170,-2.64E-265,5.53E-222,1.38564e-309,4.66E-10,6.11E+149,1.93E+184
4.66E-10,6.12E+149,1.93E+184,8.88E+252,5.34E+276,2.64E-265,5.53E-222,3.12E-303,3.19E-284,1.20393e-308,5.81E+54,6.02E+175,2.67E+185,1.34E-202,9.53E+139,1.92622e-309,1.34E-202,4.70286e-311,1.78E+93,3.34E+151,2.17E+26,7.29E-304,3.07477e-310,7.08E-304,4.6726e-313
1.38E-307,8.13E+166,3.63E-217,3.55E-296,2.84E+69,7.34E+223,6.69E+151,4.96E+78,3.06E-308,2.41E-33,3.63E-217,3.06E-308,4.66E-10,6.20E+149,2.46E+184,1.29E+248,2.67E+185,1.34E-202,1.10E+217,1.92622e-309,1.34E-202,1.4074e-311,1.78E+93,3.34E+151,5.76E+228
2.84E+69,7.34E+223,4.55E+223,7.00E+54,1.19617e-310,1.44E-307,-6.26E-82,1.19618e-310,5.33E+226,1.75E-70,1.99E+161,2.98E+228,2.27E-306,1.45E-307,8.13E+166,3.63E-217,3.06E-308,4.78E-299,3.37E+247,1.06E+214,6.69E+151,2.26E-306,1.47E-307,8.13E+166,3.63E-217
5.17E-26,-2.30E-202,5.41266e-312,1.35E+247,-3.91E-164,2.12E-46,1.49E+276,-6.35E+197,5.53E-222,3.06E-308,4.66E-10,6.31E+149,3.64E+228,7.00E+54,7.29E-304,3.21461e-310,2.29E+167,1.9676e-311,1.78E+93,9.30E+242,3.37E+247,7.94E-23,-2.30E-202,1.19618e-310,2.29E+167
3.24432e-310,1.34E-202,3.63E-217,3.06E-308,4.66E-10,6.39E+149,3.64E+228,6.23E+54,-1.87E+159,5.53E-222,3.12E-303,4.78E-299,3.37E+247,4.77E+180,-3.41E-111,3.26405e-310,5.42E-302,3.19E-284,1.57043e-309,1.94E-77,1.39E-41,2.07E+26,-3.43E-111,3.27764e-310,5.42E-302
6.93E-261,8.09E-174,3.51E+151,1.68E+243,4.75E+170,5.76E+228,5.29E+180,7.02E+194,8.90E+252,3.33E-28,8.88E+252,1.71E+161,3.33E-28,2.59E+161,9.29E+242,3.33E-28,7.72E+228,2.27E-153,4.67E+241,3.76E+199,1.60E-17,8.19E+271,1.68E+243,1.14E+243,1.71E+161
1.71E+161,2.07E-27,3.98E+252,6.85E-08,1.65E-260,7.27E+199,1.15E+243,7.02E+194,-1.58E+237,3.43588e-311,5.98E+14,2.66E-11,1.8274e-311,4.02E-270,5.44E-169,3.62E+121,3.12E-303,5.30E-169,1.67E-307,-7.37E+231,3.35892e-310,3.11E+10,1.68E-307,4.38E-193,2.12E+127
-6.58E+48,6.73114e-309,1.78E+93,9.77E+199,1.06E+214,1.22E+165,-3.19E+231,3.40326e-310,5.48E-302,5.43E-169,1.84E-70,1.17E+214,8.89E+247,6.01E+175,7.29E-304,3.41726e-310,1.59E+150,1.63E-260,2.18E+243,3.64E-205,6.36E+151,8.17E+247,3.48394e-310,2.12E+214,1.10E+34
1.49E-154,1.81E-306,-2.00867e-313,4.65E+199,8.64E-307,1.41E+195,-5.51112e-310,4.63E+228,-6.32491e-310,4.63E+228,2.14E+34,2.12E+267,1.59E+151,9.99E-307,2.35E+257,5.03E+180,1.59E+151,5.37E+199,9.41E+150,5.36E+199,9.41E+150,3.46E+185,1.20E+34,1.34E+185,6.35E+151
4.90E-299,1.35E-306,1.35E-306,9.82E+252,2.17E+243,4.08E+93,4.26E+180,6.18E+223,9.00E+150,8.91E+252,-6.93E+190,8.72E+189,6.32384e-310,9.39E+165,1.59E+151,4.91E-299,1.71E+214,4.08E+93,1.10E+248,6.01E+175,2.79E+45,5.42E+175,1.04E+06,2.38E+180,4.73E+170
3.56E-164,5.83E+252,2.69E+08,4.76E+180,2.34E-159,1.10E+151,4.23E+175,8.88E+252,-2.17E+53,5.83E+252,1.95E-307,3.43E+168,7.24E+199,1.68E+08,5.53E-222,1.37E+228,9.52E-307,7.29E-304,1.35E+243,3.5257e-310,2.00E+161,1.73E-307,2.00E+161,8.26E-304,-1.06E+92
5.30E+72,1.17E+214,3.58363e-310,1.82E-306,7.29E-304,2.59E-197,5.66E+73,4.78E-178,5.93E+79,2.16E+185,6.44E+09,1.41E+195,2.33E-159,1.39068e-309,6.24E+228,-1.13E+270,2.80E+247,2.34E-159,1.39068e-309,1.64E+248,3.58363e-310,5.83E+252,-1.13E+270,1.21E+257,5.03E+180
-1.14E+270,1.50E+214,5.62E+175,3.58363e-310,8.91E+252,-4.09E-270,3.44E+175,1.30E+111,5.92E+15,4.40E+199,2.15E-307,1.71E+214,1.30E+111,4.42E+228,2.00E+121,3.53E+72,-2.48E-159,2.69E+08,2.33E-159,5.08E-299,2.26E-306,7.29E-304,1.35E-301,1.47E+228,5.59E+17
-2.14E+289,6.16E+223,2.22E-307,-3.17E+247,5.68E-301,2.01717e-309,1.92856e-309,3.00E-241,2.80E-154,1.29E+161,2.18E+243,9.29E+242,9.90E+169,4.17E+199,6.85E-08,8.59E+09,5.41109e-312,2.25E-308,7.68E+170,7.68E+218,3.53E+246,9.29E+242,1.69E-17,1.68E-307,3.7334e-309
5.59E+179,6.24E-302,1.94246e-309,3.00E-241,1.83E-149,2.90E+39,1.61E-143,5.16E+184,6.10E-302,1.93259e-309,3.00E-241,1.20E-144,1.67E+20,-7.66E-216,7.58E+181,6.35E-302,1.94414e-309,3.00E-241,1.20E-144,1.20E-28,-2.72E-129,1.16E+187,6.69E-302,1.95061e-309,5.78E-275
1.69E-307,5.30E-169,1.10E+154,1.02E-202,3.86E+233,3.59E+246,5.30E+180,9.08E+223,5.35E+228,1.40E-152,4.24E+175,3.40E+256,1.18E+214,9.54E-307,2.21E+252,1.25E+243,8.90E+252,1.50E-65,1.98E-306,3.83105e-310,6.82E-302,1.85E-130,1.99E-306,-6.26E-34,2.64E+180
1.04E+34,6.21E+175,1.06E+224,1.10E+34,6.21E+175,6.06E+233,1.35E-306,9.92E+170,2.39E+180,9.09E-307,9.92E+170,1.23E+171,1.59E+151,1.10E+161,4.63E-299,1.18E-162,3.36E+35,1.47E+151,5.75E+160,2.27E+243,1.98691e-309,3.99E+36,-4.58E+236,1.46E+79,7.29E+256
9.56E-37,1.71E+214,5.30E+180,1.68E+243,1.12E+253,2.61E+77,3.13E-294,1.98791e-309,6.67E+151,2.11E+127,3.10E+175,4.13E+150,6.86E+16,5.14E+64,1.98E+26,5.08E-299,1.91E+40,7.76576e-312,2.89E+214,5.52216e-311,4.78E-299,3.66E+98,3.79E-270,6.21E+175,3.93372e-310
4.16E-299,3.59E+252,-1.16E+131,5.11E+64,7.48E+247,1.73E-77,-3.14E+240,5.53E-222,2.72E-307,1.80E-130,2.79E-307,3.60E+82,1.41363e-308,2.52E-29,1.96809e-309,4.04E-299,7.68893e-312,6.72E+28,1.96809e-309,1.97E+45,2.22E+252,1.84E-130,2.65E+98,2.24E+97,5.16E+160
7.74E-307,7.73086e-312,4.47E-301,5.11E+64,-1.25E-211,7.17E+149,1.83E-130,3.31E-24,7.93E-304,4.02139e-310,7.77E+213,3.63E-217,1.66E-286,8.77E+48,1.40E+145,1.97948e-309,-3.88E-187,4.09E-34,5.53E-222,8.28E-302,1.65E-24,7.96E-304,4.04134e-310,1.35E+214,3.88589e-311
2.96E-307,1.17E+174,1.20E+151,2.88E+304,9.56E-37,1.71E+214,5.59E+93,1.19E+243,1.96E+45,-2.57E+207,1.97978e-309,1.50E+248,1.85E-130,9.56E-37,1.71E+214,5.59E+93,1.94E+233,1.99E+209,4.08399e-310,8.27E-302,2,4.48E+149,3.10E+175,4.07E+93,5.36E-32
2.55E+151,5.20E+150,1.74E+238,4.26E+180,6.94E-307,3.09E-307,6.10E+207,4.02729e-309,1.98E+93,2.87E+161,4.00E+252,1.20E+151,1.98E-306,3.11E-307,3.02026e-314,1.15E-128,8.80E+78,1.7049e-312,1.09E-303,4.54E-307,7.29E-304,9.70E+189,3.13E-307,8.88E+252,4.00E+252
1.84E-130,7.42E-251,9.04E+271,6.98E+252,4.15253e-310,5.29E+180,2.71E-307,7.74E-307,4.16887e-310,8.35E-302,6.24E+144,1.51E-187,-1.87E+159,5.53E-222,2.30911e-309,3.90E+233,2.78E-168,9.56E-37,1.71E+214,3.31E+150,9.08E+223,4.13407e-310,3.25E-307,4.66E-10,4.38E+149
8.71E-302,5.35E+199,4.00E+252,2.10E+127,3.10E+175,3.37E+69,1.33E+185,2.88E+161,2.15E+215,-1.65E-24,1.98751e-309,1.75E-110,9.56E-37,1.71E+214,3.72E+150,3.67E+228,1.71E+60,1.02E+58,3.13E-294,1.98751e-309,1.06E+248,2.51E+180,2.10E+127,2.64E+180,6.45E+184
1.06E+248,1.82E-306,2.21E+252,4.18E+199,4.22E-62,1.14E+243,6.04E+199,4.14E+70,-7.81E-164,3.98385e-310,6.34E+150,8.43E+252,1.14E+243,1.98E+93,2.87E+161,7.88E-71,5.04E+180,7.10E+194,3.34E+257,4.03E+30,2.77E-57,1.06E+224,5.19E+25,3.05E-188,5.53E-222
2.64E+180,6.45E+184,7.34E+223,1.98E+166,1.19E+190,9.56E-37,9.08E+223,1.58E+151,5.30E+180,1.68E+243,6.21E+88,5.19E+25,-1.20E-72,5.53E-222,7.68E-302,7.34E+223,1.98E+166,6.01E+175,1.98E+93,2.87E+161,5.16E-66,5.04E+180,9.04E+271,8.38E+203,1.24E+224
1.87E+106,4.35985e-310,4.04E-299,7.68893e-312,-1.12E-22,1.12E+79,2.95E+151,6.52E+256,1.35E-306,1.23E+151,2.11E-86,2.03E-271,-5.08E-116,1.98059e-309,-1.26E-22,4.38447e-310,8.34E-302,9.74E+252,1.85E-130,-5.49E+120,5.53E-222,2.30911e-309,1.80E-130,9.56E-37,1.71E+214
-5.78E+207,4.04E+93,1.82E-306,4.28E-82,4.12729e-310,4.09E+93,5.03E+175,3.76E+199,4.42304e-310,1.39E+188,3.95E+180,1.14E+243,9.29E-18,4.24E+175,7.09E-67,2.90E-57,1.13E-42,3.23E+256,9.96E-43,1.59E-94,1.06E-153,8.61E-67,2.86E+214,4.28E-33,1.06E-153
5.42E-307,5.49E+247,2.48E+130,2.88E+161,9.56E-307,7.29E-304,5.13E+252,-1.62E+179,9.38E+217,1.43E+248,4.79974e-310,6.52E+252,-1.34E+155,8.98E+270,1.22E-306,7.29E-304,5.24E+180,3.83E+151,5.42E-307,4.26E+180,2.82E-135,1.20E-72,7.36E+223,2.48E+130,9.47E+218
1.69E+190,5.73E+89,3.65E+233,1.26E-306,7.29E-304,1.17E+214,4.98E+151,6.80E+199,5.73E+89,1.57E+161,4.23E+175,4.48548e-310,2.83E-135,9.12E+192,5.38E-297,1.10E+219,3.51E+151,6.02E+151,2.82E-135,-1.73E-77,1.95304e-309,1.49E+247,4.61E+149,3.79E+180,3.60E+252
1.26E-71,2.66E+59,9.97E-43,2.84E+25,9.35E-67,2.29E-70,6.75E-67,2.66E+59,5.12E-38,5.15E-62,1.97E+26,2.68E+154,1.95304e-309,1.15E+219,2.10E+127,1.14E+243,2.63E+267,6.18E+223,1.97E+276,2.90E-57,2.66E+59,1.92E-52,1.80E-52,1.11E+204,8.61E-67
1.37E-71,2.32E+25,1.98E-306,2.07E+161,2.84E+69,1.29E+248,1.12E+200,1.69E+190,9.84E-61,2.44E+25,1.96E+276,1.45E-47,2.56E+25,3.35E-56,3.51E-33,1.11E+204,1.66E-47,2.56E+25,5.64E-62,2.29E-70,6.39E-67,5.13E+25,2.64E+207,8.88E+247,1.74E-298
1.13E-42,1.11E+204,1.32E-47,2.08E+25,1.72E-47,1.82E-41,4.28E-33,1.96E+276,6.01E-67,2.20E+25,1.19E-70,1.90E-52,1.17E+171,4.74E+43,5.53E-222,1.59207e-309,2.75E-135,1.21E-65,8.79E+223,5.30E+180,3.94E+180,2.66E+59,9.84E-61,2.08E+25,5.94E-38
3.35E-56,2.42E-52,2.66E+59,4.67E-62,2.75E+26,-7.36E+274,5.53E-222,5.14E+64,5.05E+223,2.84E+69,1.29E+248,1.12E+200,1.69E+190,9.84E-61,2.44E+25,1.96E+276,1.45E-47,2.56E+25,3.35E-56,3.51E-33,1.11E+204,1.66E-47,2.56E+25,5.64E-62,2.29E-70
1.59E+150,4.27E+180,2.55E+151,1.03E+208,6.21748e-312,1.85E-130,2.55E+151,6.52E+212,1.07586e-311,2.55E+151,2.84E+212,1.07586e-311,3.83E-303,8.18E-307,-1.35E+201,3.83E-303,8.62E-307,-6.56E+301,3.83E-303,9.96E-307,2.48E+212,1.14E+160,1.68E+243,3.99E-08,4.82337e-310
5.36E+191,7.63422e-312,1.46E-301,6.92E-302,1.37634e-316,2.57E+151,6.47E+170,1.70E+190,1.22E+224,2.45E+198,9.92E+247,5.04E+180,6.46E+121,1.02E-202,-1.84E-201,3.11E+231,1.91105e-309,2.11E+214,2.03E+236,3.99E+151,6.79E+199,5.35E+228,1.40E-152,9.09E+223,1.54E+256
7.29E-304,2.16E+185,6.7692e-312,1.59167e-309,2.83E+153,2.83E+108,7.46503e-312,3.55E+180,3.94E+180,4.44E+252,1.40E-152,6.97E+252,1.06E-153,7.40E-304,1.33E+241,-6.26E-246,1.27E+233,2.78E+45,4.64E-302,1.55E+223,7.46503e-312,2.36E+257,8.85E-18,9.09E+223,7.40E-304
7.37241e-311,9.49E+170,7.34E+223,1.14E+243,1.16E+214,1.60E-17,1.42E-95,3.99E-08,4.93856e-310,-6.49E+121,1.3794e-308,2.66E+98,2.18E-106,7.72E+228,6.77E+223,1.69E-307,1.43E-101,-5.75098,8.88E+130,-2.38E+270,1.21689e-308,4.95486e-310,6.99E-302,6.14E-92,8.99E+62
8.09E+175,1.37E+161,9.30E+199,6.97E+252,1.42E+190,7.61E-08,4.98609e-310,-6.49E+121,1.3794e-308,2.66E+98,9.78E-150,7.72E+228,1.81E-306,3.28E+161,1.36E+248,7.74E-289,9.10E+276,1.32E-231,2.46E+260,6.47E+170,2.18E-302,9.08E+223,6.47E+170,2.75E-302,1.24E+224
7.6396e-312,5.36E+199,6.09E+247,8.32E+151,1.34E-288,5.18E+64,9.08E-307,2.46E+260,3.11E+175,2.76E+53,4.64604e-311,2.21E+252,1.43E+161,5.24E+170,-6.42E+144,-2.57E+207,1.95761e-309,3.75E-274,6.26E-32,3.98E+252,5.85E+170,1.22E+91,1.70E+169,3.26E+137,2.14E+161
1.34E+185,1.95E+233,4.74E+170,1.24E+224,9.41E+150,8.71E+276,1.68E+243,3.45536e-311,5.13481e-310,7.98E+151,1.87E-273,1.27E+151,1.17E+214,3.23E+130,5.18E+64,1.68E+243,5.02404e-310,2.14E+161,4.27E+180,1.95786e-309,5.04E+223,2.86E-270,1.96E+136,3.06E-188,5.53E-222
5.16E+64,2.24E-106,2.21E+252,4.45E+252,5.03E+180,7.53E+252,1.91105e-309,8.49E+195,6.58E-307,3.51E+151,1.61E-71,3.87E+251,7.46E+112,1.29E-301,1.20E+151,6.82E-307,1.43E-101,8.31E+148,7.6527e-312,1.76E-301,5.15836e-310,3.84E-303,1.01E+267,7.30E+175,1.98E+93
-9.31E+202,1.59E+151,1.16E+253,2.84E+69,6.03E+247,4.91E+252,6.41E-67,7.09E+194,-4.04E+202,3.63E-217,4.06E+93,4.40E+199,2.84E+69,6.03E+247,4.91E+252,9.77E-72,7.09E+194,9.65E-213,-9.31E+202,1.59E+151,1.82E-306,2.21E+252,3.51E+151,3.20E+59,4.07E+93
4.39E+199,2.29E-70,8.72E+189,1.48E+276,7.26E-307,1.11E+196,4.22582e-313,6.11E-301,6.47E-67,4.39E+199,2.29E-70,8.72E+189,1.48E+276,7.38E-307,1.88E+196,4.22582e-313,8.07E+175,4.51E+149,3.72E+150,5.82E+252,2.11E+25,3.03E+180,1.98E-306,5.26382e-310,7.20E-302
8.87E+228,7.19E-302,7.65E-307,1.61E+265,4.52E+149,3.72E+150,5.82E+252,2.11E+25,1.64E+267,9.19E+147,2.53E+161,7.65378e-312,1.10E+161,2.10E+127,3.23E+160,5.05E+180,8.19E-33,5.02E+223,6.94E-307,5.30945e-310,3.28E+196,3.10E+175,1.51E-300,3.72E+150,5.82E+252
1.20E+151,1.47E-101,1.84E-70,7.23E+165,1.96E+276,3.10E+175,7.00E+54,5.33852e-310,7.19E-302,8.97E-44,3.68E+180,5.13E+252,1.98E+93,5.03E+180,7.28E+45,4.54E+150,1.82E+185,3.95E+26,1.70E+167,3.63E-217,5.14E+64,8.55E+194,1.82E-306,2.21E+252,3.51E+151
3.63E-217,5.14E+64,3.16E+233,1.98E+93,5.03E+180,7.28E+45,3.31E+150,6.79E+199,5.39114e-310,7.19E-302,3.86E+228,3.76E-300,3.72E+150,5.82E+252,2.11E+25,5.14E+151,1.93E+171,-9.45E-140,1.20E+151,4.91E+252,1.98E+93,5.03E+180,7.28E+45,3.52E+150,7.50E+247
5.03E+180,7.28E+45,3.52E+150,5.22E+257,3.34E+150,8.94E-307,1.88E+196,7.65477e-312,1.11E+161,2.10E+127,5.36E+11,1.43E+248,5.12E+25,1.11E+161,4.64E-302,9.08E-307,2.09E-53,3.67E+228,4.57E+149,3.72E+150,5.82E+252,2.11E+25,3.86E+228,5.28E+261,9.20E-307
1.43E+248,5.12E+25,5.14E+151,1.70E+190,7.29E-304,5.53E-222,5.14E+64,2.36E+257,-5.10E+169,1.84E-70,7.23E+165,1.96E+276,1.20E+151,2.88E+214,1.86E-130,2.22E+130,1.95937e-309,5.14E+151,1.35E+243,2.10E+127,5.36E+11,1.43E+248,5.12E+25,5.14E+151,1.35E+243
2.71E-299,6.47E-67,4.39E+199,2.29E-70,3.10E+175,4.54E+223,-4.04E+202,5.53E-222,2.77E-308,1.65071e-315,5.73E+252,3.60E+252,7.02E+194,-1.85E-81,6.44879e-309,3.47E-164,1.15E-299,9.36E-97,1.37E-284,1.58E+29,2.78E+180,2.11E-289,9.41E+150,1.04E+34,1.99E+209
3.47E-164,2.37E+197,2.30E+161,-2.65E-32,1.20E+151,-2.80E-32,1.20E+151,5.47E+169,2.76E-260,1.96071e-309,3.63E+151,6.21E+88,4.54E+223,5.03E+180,7.35E+223,1.58E+151,1.03E-306,1.80E-130,2.13E+127,4.23E+165,5.76E+228,9.71E-71,7.27E+199,1.58E+151,1.05E-306
1.17E+200,6.97E-307,5.63602e-310,-1.34E+200,2.84E+69,3.00E+151,6.22E+175,1.50E-76,1.12E+219,6.97E-307,1.02E-306,5.57088e-310,8.81E+252,3.60E+252,2.65E+180,1.05E-153,4.23E+165,5.76E+228,1.87E-104,1.15E-306,1.82E-306,3.79E-270,2.94E-188,-1.02E-114,1.09E-306
2.87E-188,1.10E-306,1.37E-274,9.2581e-309,-6.81E+38,1.96083e-309,1.80E-118,2.84E+69,6.57E+45,4.23E+165,5.76E+228,5.59E+93,7.00E+54,1.96151e-309,5.70838e-310,8.62E+197,3.88641e-311,5.18E-56,2.21E+252,2.17E+243,3.50E+151,1.51E+26,6.94E-307,5.72217e-310,7.28E-302
5.03E+180,3.30E+161,-1.00E-149,5.53E-222,7.32E-302,-6.05E+197,1.02E-307,1.03E+193,7.45E-303,1.67674e-309,3.00E-241,7.54E-87,5.13E+64,6.08E+247,4.57E+257,7.84E+59,6.80E+199,7.40E-304,4.93E-287,1.04E+34,3.34E+151,1.29E+248,1.45E-306,1.14E+160,1.68E+243
1.38316e-308,7.29E-304,9.98E-302,5.7905e-310,-5.75,6.02E+205,1.60E-14,1.96249e-309,2.34E+275,1.19E-306,-7.48E-111,9.88E+165,2.07E-27,4.79E+180,8.49E+198,1.31E-178,1.14E+243,2.28E-159,3.92E-305,5.77184e-310,2.18E+243,7.53E+199,2.42E+198,3.53E+50,4.16573e-311
9.74E-293,1.06443e-311,-3.40E+51,3.78595e-311,1.84E-70,1.14E+243,6.94E+45,7.52E+199,3.04E+26,-1.65E-24,1.96264e-309,-1.40E-129,5.54159e-309,3.47E-164,1.49E+171,1.64E-306,1.15E+214,6.03E+151,1.24E+247,5.39E+228,7.30E+223,1.61E+102,1.38313e-308,9.36E-97,4.14E+204
5.77832e-310,-3.68E-144,7.95E-269,1.98E+93,9.49E+170,2.59E+161,1.52E+199,1.95E+233,5.74E+194,2.34E-306,1.28E-306,1.64E-276,1.98E+93,9.49E+170,2.59E+161,1.52E+199,4.73E+170,7.52E+199,1.44E+214,2.24E+211,-7.29E-304,4.44347e-311,1.84E-70,3.98E+252,5.81E+252
-8.16968e-312,1.25E+152,1.16E+214,6.03E+151,1.66E+93,4.95E+150,6.69E+151,7.52E+199,1.44E+214,1.45E+211,-7.29E-304,3.31669e-311,1.84E-70,3.98E+252,5.81E+252,5.18E+25,2.16E+185,3.50E+151,1.44E+214,3.70E+209,-7.29E-304,5.16071e-311,1.84E-70,3.98E+252,5.81E+252
1.85E-298,1.98E+93,9.49E+170,2.59E+161,1.52E+199,1.95E+233,5.29E+180,6.97E+252,3.67E+228,1.42E+190,3.16E+180,1.09E+270,6.00886e-310,4.33501e-309,2.21E+252,1.37E+161,4.17E+199,2.45E+26,1.75E+243,3.51E+151,2.87E+161,3.09E+262,6.77E+223,1.44E+214,6.50E+127
5.18E+25,6.99E+228,2.98E+228,4.18E+199,2.17E+233,3.56E+26,3.18E+154,5.62E-149,2.10E+127,1.91E+214,3.60E+252,6.78E+160,1.91E+214,2.38E+93,5.87644e-310,7.39E-302,7.75E-121,4.46E+149,1.16E+214,6.03E+151,1.66E+93,1.16E+214,2.13E+88,1.98E-306,6.08291e-310
6.94E+45,1.49E-76,1.37E+161,1.44E+79,3.63E-217,1.25E-306,7.75E-121,4.51E+149,1.16E+214,6.03E+151,1.66E+93,2.05E+161,2.13E+88,1.26E-306,1.14E+199,1.84858e-311,2.21E+252,1.37E+161,4.17E+199,2.45E+26,6.47E+170,9.08E+223,4.75E+170,1.06E+248,9.08E+223
3.67E+228,6.67E+151,8.51E+198,2.44E-152,1.68E-307,6.15634e-310,-2.45E+125,1.45E-306,1.90E-291,1.96181e-309,2.64E+180,3.16E+180,6.97E+252,-8.29E-251,4.64466e-309,1.91135e-309,2.30874e-309,2.06E+161,3.16E+180,9.08E+223,3.33E-28,7.72E+228,1.89E-09,3.23E+240,1.81432e-311
4.48E+149,2.80E-301,2.41833e-312,2.59E+161,2.88E+161,1.40E-152,6.97E+252,7.40E-304,4.36E+111,5.69E-302,2.98E-19,4.26E+180,8.76E+252,1.19E+190,1.06E+248,9.09E+223,2.45E+198,5.29E-08,3.51E+151,6.16E+150,6.93E+198,4.65E+151,6.96E+252,1.61E+170,1.63E-306
2.59E+161,2.88E+161,1.40E-152,6.97E+252,1.40E-76,1.69E-307,5.30E-169,2.32E+171,1.02E-202,3.86E+233,3.59E+246,5.30E+180,9.08E+223,5.35E+228,1.40E-152,1.40E-76,1.36E+213,4.26E+257,1.05E-202,1.84E-70,2.59E+161,2.88E+161,1.51E-76,1.40E-76,1.98E-306
1.60E+243,1.90E+214,1.40E-76,1.69E-307,6.3123e-310,2.85E-240,3.03E-301,4.18E+202,2.06E-153,1.73292e-309,1.35E-306,1.42E-21,1.36E-17,1.40E-76,1.44E+213,-3.19E-241,1.89E+219,1.96331e-309,2.59E+180,7.41E-302,1.31E-306,1.42E-21,1.13E-302,4.00E+252,1.06E-153
3.13E-05,6.60E+179,1.39067e-309,1.06E+214,3.39E-58,3.61E+252,3.60E+252,3.45E+175,2.00E+209,-1.17E-255,4.71E+257,6.08E+247,4.57E+257,7.84E+59,6.80E+199,1.31E-231,2.95E+280,2.24726e-312,5.94E-85,1.24E+224,5.03E+180,4.02E-270,4.74E+170,2.88E+47,1.20E+151
3.67E+228,1.29E+161,7.98E+255,-2.68E+154,1.96342e-309,3.27E-301,2.13E+127,1.20E+233,4.25E+175,1.53E+69,4.75E+170,9.45E+170,5.38E+276,5.13E+64,5.04E+180,9.53E-227,6.42328e-310,7.42E-302,3.22757e-311,1.84E-70,4.71E+257,6.08E+247,8.74E+189,6.48E-67,6.21E+228
3.38E-301,2.13E+127,1.20E+233,4.25E+175,1.53E+69,4.75E+170,9.45E+170,5.38E+276,5.13E+64,1.44E+214,1.78E+93,3.76E+199,1.81367e-309,6.35941e-310,2.06E-306,8.92E+255,5.10E+64,1.82E+185,-3.58E-298,4.54E+150,6.98E+252,3.83E+45,4.57E+257,7.83E+59,6.80E+199
3.44E+175,5.38E+228,2.84E+69,5.34E+151,3.34E+151,1.17E-32,8.19E+271,2.00E+209,4.91E+26,1.20E+151,3.67E+151,7.50E-304,6.51877e-310,-6.79E-53,2.84E+69,5.34E+151,3.34E+151,1.17E-32,8.19E+271,2.00E+209,4.91E+26,1.20E+151,2.07E+26,2.22E+130,1.96342e-309
1.17E-32,8.19E+271,2.00E+209,4.91E+26,1.20E+151,4.03E+175,7.50E-304,6.56121e-310,3.50E-301,4.48E+151,9.55E-307,1.84E-70,4.71E+257,6.08E+247,8.74E+189,6.48E-67,6.21E+228,5.12E+25,1.51E+161,6.08E+247,2.24E-306,7.43E+199,8.72E+189,4.74E+170,1.58E+153
6.80E+199,1.18E-47,2.36E+257,6.98E+252,7.29E-304,6.60874e-310,3.90E+290,2.29E-306,7.43E+199,7.76676e-312,2.43E+153,4.07E+93,5.30E+180,3.19E+59,7.02E+151,1.34E+228,7.68E+170,9.37E+25,1.17E+222,1.76E+280,3.63E-217,7.81E+59,2.78137e-309,2.29E+243,7.47E-304
6.9691e-310,2.87E+161,9.08E+223,6.68454e-310,6.08E+247,4.53E+223,1.10E+34,1.12E+219,4.08E+93,5.29E+180,1.20E+16,7.52E+252,1.29E+161,4.08E+93,2.65E+180,1.10E+161,1.59E+151,9.42E+150,1.46E-306,1.47E+224,8.88E+252,2.06E+161,9.70E+189,6.72454e-310,6.69E+151
1.59E+151,4.08E+93,2.89E+214,4.73E+170,4.72E+257,1.95E+233,4.18E+199,5.48E+247,1.59E+151,2.26E-306,1.35E+243,2.26E-306,3.99E+252,3.83E+151,1.59E+29,1.13E+277,2.71E+293,1.14E+243,1.91E+214,4.08E+93,4.75E+170,9.41E+150,6.03E+151,4.90E-299,6.99E+228
4.08E+93,7.24E+165,9.42E+150,6.03E+151,2.51E+180,1.14E+243,1.69E+190,2.03E+180,2.31E+161,1.59E+151,1.29E+161,1.81E-306,1.96E+243,2.21E+214,1.75E+34,1.68E+243,7.17E-251,6.99E+228,4.71E-246,3.99E+151,6.32E+233,6.96922e-310,7.98E+151,3.60E+252,4.08E-299
6.85E+180,2.05E-289,3.99E+252,6.7962e-310,1.13E+93,4.13E+256,1.26E+164,2.98E-176,8.88E+271,1.40E-48,3.65E-301,4.40E+294,4.77E+180,6.79624e-310,4.77E+180,6.79625e-310,1.23E+171,2.88E+214,6.83448e-310,2.70E+293,1.23E+171,3.48E+228,6.83449e-310,1.21E+217,7.20E+252
3.99E+252,2.04E+180,2.65E-306,3.97E-301,5.02E+223,6.83451e-310,1.21E+217,7.20E+252,-3.42E+232,1.73919e-310,7.10E+194,4.57E+257,1.05E+298,-8.44E-227,1.95E+233,4.18E+199,6.83452e-310,2.33E+183,2.64E+180,4.82E-192,2.17293e-311,1.63E+219,1.40E-48,5.5627e-309,1.67E+243
-3.79E+72,2.17296e-311,6.03E+151,9.55E-307,1.63E-260,1.12E+243,6.32E+233,6.91119e-310,1.68E+243,9.54E-307,-2.21E-236,7.24E+165,9.19E-44,3.62E-301,9.80E+242,6.95E+304,1.96E+243,6.20E+223,1.35E-284,6.03E+151,5.94E+121,3.56E+178,3.44E+175,1.67E+136,3.56E+178
7.24E+165,3.99E+252,1.63E-260,6.03E+151,1.17E+200,2.78E-306,6.99E+228,1.22E-306,1.66881e-308,1.77E-17,2.08E-289,2.64E-82,-2.66E+24,3.10E+175,9.77E+199,2.10E+127,1.43E+248,2.08E+25,3.86E+228,4.62E+281,6.99028e-310,7.45E-302,5.05E+180,-6.84E-305,-5.58E-265
1.45E-101,2.23E-46,3.20E+59,7.35E+25,2.97E+200,1.73E-77,1.96397e-309,7.34E+227,2.87E+291,2.84E+69,5.05E+180,5.12E+25,3.34E+150,-7.00E-302,-5.58E-265,1.96425e-309,4.00E+252,1.70E-290,4.36E+199,2.29E-70,7.00E+54,1.9641e-309,3.15E-306,-2.42E-202,4.26E+180
3.20E-306,-9.31E+202,4.26E+180,1.07E-13,1.98E+93,4.91E+252,2.84E+242,1.9641e-309,3.24E-306,-9.31E+202,6.76454e-309,1.98E+93,4.91E+252,2.41E-71,6.46E+170,3.95E+26,2.16E+236,5.53E-222,2.77E-308,1.43E-101,2.23E-46,3.20E+59,4.13E+150,3.55E+180,1.21E+200
1.82E-306,2.21E+252,7.28E+45,1.18E-47,1.99E+209,4.91E+252,7.29E-304,7.12248e-310,9.68E-213,9.16E+170,1.33E+185,5.13E+149,5.82E+252,9.89E-72,9.16E+170,1.33E+185,2.97E+200,3.11E+231,1.96397e-309,6.34E+150,3.55E+180,1.47E-101,2.21E+252,7.28E+45,1.80E-52
1.47E-101,2.23E-46,3.20E+59,4.98E+180,1.9641e-309,3.56E-306,3.05E-05,5.16E+149,5.82E+252,9.89E-72,1.49E+276,3.53E-111,5.53E-222,2.77E-308,3.05E-05,6.05E-43,1.29E+165,1.96E+276,7.50E+247,7.45E-302,-2.96E-287,7.67177e-312,1.47E-101,2.23E-46,3.20E+59
5.19E+149,5.82E+252,9.89E-72,3.17E+26,-1.87E+159,5.53E-222,1.50E+214,2.10E+127,1.43E+248,2.08E+25,1.48E+276,-4.04E-284,-5.58E-265,1.08181e-310,4.00E+252,5.22E+149,4.36E+199,2.29E-70,1.98E-306,3.80E-306,5.56E+200,5.09967e-311,2.21E+252,7.28E+45,1.07E+272
4.91E+252,1.27E+199,1.91105e-309,3.88E-306,-9.31E+202,5.15E+151,-2.56E-269,2.23E-46,3.20E+59,7.66E+228,5.27E+261,-1.32E-279,-1.19E-168,5.15E+151,1.46E-101,2.21E+252,7.28E+45,7.24E+251,1.70E+190,7.29E-304,7.29627e-310,-2.92E+290,2.10E+127,5.82E+252,9.89E-72
2.21E+252,7.28E+45,7.24E+251,1.69E+190,1.16731e-310,4.06E-306,-1.30E+304,5.41266e-312,1.82E-306,1.78E+93,4.91E+252,4.44E-52,1.98E-306,4.10E-306,5.56E+200,2.79943e-311,1.78E+93,4.91E+252,6.78E-57,-4.03E+202,7.34677e-310,7.47E-302,1.43E-101,2.21E+252,7.28E+45
5.38E+149,4.36E+199,2.29E-70,7.00E+54,1.91105e-309,4.23E-306,-2.42E-202,7.50E+247,2.84E+69,1.43E+248,2.08E+25,1.49E+276,-1.89E-270,-1.19E-168,1.08181e-310,1.22E-129,2.23E-46,3.20E+59,1.16E+214,1.91105e-309,4.31E-306,3.05E-05,5.42E+149,4.36E+199,2.29E-70
5.82E+252,9.89E-72,2.07E+26,-3.05E-188,5.53E-222,3.88E+233,1.54E-18,5.81E+54,5.05E+180,5.12E+25,2.90E-306,-6.01E-266,3.63E-217,3.88E+233,7.09E-09,5.81E+54,5.05E+180,5.12E+25,2.90E-306,-9.61E-265,3.63E-217,9.90E+30,1.29E+248,2.84E+69,1.43E+248
1.34E+199,1.82E-306,1.78E+93,4.91E+252,2.41E-71,4.54E+223,9.65E-213,-1.73E-77,1.9644e-309,1.64E+150,1.07E-255,1.66E+164,3.36E+257,1.07E+170,8.09E+175,2.87E+161,3.97E+252,1.29E+248,8.09E+175,2.87E+161,7.45E+247,9.95E+260,1.60E+242,2.32E+242,2.28E-159
4.82E+228,1.06E-153,8.76E+252,4.90E+252,5.75E+160,2.27E+243,8.76E+252,4.90E+252,1.19E+180,1.68E-307,7.53966e-310,4.90E-301,1.37E+58,7.48E-302,7.6745e-312,9.75E+199,4.14E-114,8.76E+252,4.90E+252,5.75E+160,2.27E+243,8.76E+252,4.90E+252,1.19E+180,2.93E-09
4.96E-24,1.12E-303,7.57128e-310,9.76E+222,2.17E+236,5.53E-222,1.8693e-308,2.18E-106,-4.38E-193,1.96578e-309,9.76E+222,-3.54E-111,5.53E-222,7.56E-302,2.18E-106,9.56E-37,9.08E+223,2.21E+252,4.18E+199,9.34E+252,7.37E+228,3.67E-37,1.43E+248,7.00E+54,1.9662e-309
1.47E+69,4.90E+252,5.75E+160,2.27E+243,6.67E-76,2.89E+214,9.37E+25,7.57E-302,-2.57E-248,3.63E-217,3.36E-274,2.84E+69,4.45E+252,7.07E+54,2.64E+180,1.45E+79,7.29E+256,1.98E+93,5.82E+257,4.50E+93,1.9662e-309,5.15E-306,4.83E+236,9.00813e-309,1.98E+93
6.67E-76,2.89E+214,2.48E+267,6.95E-307,5.22E-306,-3.17E+241,1.23327e-308,5.81E+54,4.45E+252,7.07E+54,2.64E+180,1.45E+79,7.29E+256,1.98E+93,5.82E+257,1.90E+262,1.91105e-309,5.29E-306,2,6.55E+149,3.34E+257,4.03E+30,5.00E+150,1.29E-70,1.14E+243
7.57E-302,-5.18E-106,1.03716e-308,5.81E+54,4.45E+252,7.07E+54,2.64E+180,1.45E+79,7.29E+256,1.98E+93,5.82E+257,9.77E-72,3.60E+252,1.00E+200,-3.63E-217,1.96635e-309,4.44E+201,7.53967e-310,1.34E+185,1.32E-17,8.76E+252,4.90E+252,5.75E+160,2.27E+243,3.44E+228
6.03E+151,1.34E+185,1.32E-17,3.62E+228,2.07E-27,4.18E+199,9.34E+252,7.37E+228,1.14E-298,5.45E-306,1.73E-306,6.95E-264,1.96452e-309,4.45E+252,2.12E+214,3.60E+246,2.64E+180,1.45E+79,7.29E+256,1.68E-307,7.97001e-310,2.80E-82,1.08E-280,7.58E-302,1.27E+290
4.91E-106,7.30195e-311,-4.74E-303,-4.99E-231,3.63E-217,3.00E-263,-1.03E-230,4.91E-106,1.96766e-309,-4.06E+145,2.60E+184,5.43E+45,9.56E-37,1.71E+214,5.30E+180,1.68E+243,7.00E+54,1.96781e-309,5.90E-306,4.10E-77,9.94787e-309,1.98E+93,9.75E+199,1.47E+69,4.90E+252
1.96739e-309,1.16E-119,2.10E+127,9.20E+170,7.27E+88,3.10E+175,4.13E+150,6.86E+16,5.14E+25,5.88E+203,6.81E+38,1.96739e-309,7.26E+280,2.10E+127,9.20E+170,7.27E+88,3.10E+175,4.13E+150,6.86E+16,5.14E+25,2.38E+93,7.90868e-310,7.63E-302,4.66E-10,6.47E+149
3.57E+26,1.98E-306,6.38E-306,8.26E+203,4.58615e-311,1.78E+93,9.75E+199,1.47E+69,4.90E+252,5.75E+160,2.27E+243,1.30E+214,4.64E-302,-1.72E-220,3.63E-217,9.82E-273,2.84E+69,9.20E+170,7.27E+88,3.10E+175,4.13E+150,6.86E+16,5.14E+25,4.90E+252,1.98E-306
8.09E+175,2.87E+161,2.86E+161,3.08E+305,1.68913e-309,1.23E-178,2.47E+73,7.67E-302,1.23E-178,-5.75098,-1.45E-216,-1.98E-279,1.21689e-308,7.99695e-310,7.74E-302,6.69E-198,1.66E+82,5.53E-222,2.30911e-309,1.30716e-311,1.49E+195,6.67E-306,9.64E+139,-1.99E-218,2.18E+243
1.71E+214,5.29E+180,7.08E-306,2.41E+232,1.27E+233,4.46E+231,3.60E+252,8.81E+252,4.90E+252,2.22E+252,2.80E-82,9.74E-293,1.9681e-309,-3.40E+51,3.78595e-311,1.84E-70,1.14E+243,6.94E+45,3.10E+175,4.07E+93,1.49E-76,6.02E+151,6.94E-307,8.06528e-310,-7.31E+289
9.49E+170,2.59E+161,2.07E-27,3.98E+252,3.33E-28,1.71E+214,5.29E+180,1.22E-186,5.40285e-311,2.43E-163,6.75E-306,7.75E-121,4.46E-287,8.06772e-310,-4.02E-250,1.00018e-308,3.13E-294,4.03E-161,1.15002e-308,2.21E+252,1.37E+161,4.17E+199,1.97E+93,2.87E+161,4.00E+252
2.13E+127,1.91E+214,3.60E+252,6.78E+160,3.10E+175,4.07E+93,1.58E-66,1.06E+248,5.30E+180,1.14E+243,3.13E-294,-8.16968e-312,7.91E+151,1.16E+214,6.03E+151,1.66E+93,2.55E+151,4.59E+150,5.14E+25,7.53E+199,5.30E+180,1.14E+243,3.13E-294,-8.16968e-312,1.25E+152
5.14E+25,9.08E+223,3.34E+151,6.02E+151,9.73E+280,-3.01E-199,1.35E-178,2.84E+69,5.39E+228,2.17E+243,3.09E+45,2.64E+180,2.22E+252,1.91E-52,2.90E+180,1.13E+277,4.26E+180,8.04534e-310,2.09144e-309,-1.65E-187,1.95E+160,1.68E+243,6.94E+45,5.00E+150,1.56E-46
2.49E-159,2.84E+69,5.39E+228,2.17E+243,3.09E+45,2.64E+180,2.22E+252,5.96E-38,2.31E+161,4.98E+151,3.94E+180,1.11E+161,6.20E+223,1.14E+243,3.13E-294,-8.16968e-312,8.46E+152,1.16E+214,6.03E+151,1.66E+93,2.55E+151,4.59E+150,5.14E+25,6.99E+228,2.98E+228
1.98E-301,7.75E-121,1.19E-47,7.72E+228,1.43E+248,9.56E-37,1.71E+214,2.07E+26,1.95E+233,5.29E+180,6.97E+252,2.50E+267,4.26E+180,4.91454e-310,2.09144e-309,4.40E-302,1.95E+160,1.68E+243,6.94E+45,5.00E+150,1.56E-46,5.17E+25,1.37E+161,4.32E+276,8.98E-306
1.37E+69,4.90E+252,2.86E+161,1.16E+214,2.13E+88,1.98E-306,8.34411e-310,-1.02E-206,3.16335e-312,1.41E-301,1.95E+160,1.68E+243,6.94E+45,5.00E+150,1.56E-46,5.17E+25,1.91E+214,2.38E+93,2.26E-306,7.77E-302,5.18E-106,1.02625e-308,1.98E+93,9.49E+170,2.59E+161
7.53E-306,1.76E+205,1.84858e-311,2.21E+252,1.37E+161,4.17E+199,1.97E+93,2.87E+161,4.00E+252,4.98E+180,4.98E+151,3.94E+180,4.75E+170,4.46E+252,2.86E-66,-1.25E-179,7.69324e-312,3.00E-241,3.24E-77,4.67E+180,1.91E+214,1.03E-305,9.08E+223,5.74E+194,8.81E+252
9.03E-290,4.64524e-309,2.28E-159,3.931e-310,2.33E-301,2.45E-301,7.00E+228,1.14E+243,2.56E+151,3.34E-28,1.69E-307,9.85E-306,7.75E-121,1.59E+150,1.53555e-312,1.70E+248,3.53E+233,8.90E+252,1.16E+214,1.60E-17,3.10E+175,5.37E+150,1.89E-09,-1.57E-173,1.81432e-311
6.02E+175,1.60E-17,1.91E+214,1.24E+247,2.64E+180,4.07E+93,3.53E+246,2.64E+180,4.07E+93,8.23E-121,7.19E-272,1.91135e-309,-1.98E-218,9.79E+139,1.10E+161,8.39E+242,8.81E+252,9.49E+170,8.09E+175,2.87E+161,2.86E+161,8.09E+175,2.87E+161,2.86E+161,5.56E+180
6.03E+151,8.09E+175,2.87E+161,2.86E+161,2.07E-27,3.98E+252,3.33E-28,1.71E+214,5.29E+180,1.88E-119,5.28025e-311,2.64E-82,5.94E-285,8.60582e-310,7.35E+223,-3.80E-162,2.03E+180,8.88E+252,5.34E+97,7.71E-262,8.56911e-310,7.79E-302,3.85E-34,1.06E-305,-3.93E-24
3.47E+151,1.14E+108,1.29E+161,5.00E+150,1.56E-46,1.39E+93,2.41E-71,1.68E+243,3.72E+150,3.11E+175,4.16E+150,1.06E+206,7.69829e-312,1.03E+64,1.09E-305,1.17E+214,4.27E+180,5.63E+14,-4.59E-167,2.3111e-311,8.41E-215,2.84E+69,6.44E+170,5.03E+180,3.10E+175
7.82E-302,1.10E-305,1.28E+294,2.13E+127,1.14E+108,1.29E+161,5.00E+150,1.56E-46,1.39E+93,2.41E-71,6.68E+151,9.49E+170,-1.70E-24,2.57E+207,1.97119e-309,8.66E+275,6.47E-67,6.03E+151,2.21E+252,4.18E+199,5.29E+180,1.51E+26,1.11E+161,1.68E+243,-131092
1.14E-305,-1.79E+169,1.09E-305,-5.97E-298,8.69615e-310,9.68E-213,3.80955e-311,-1.49E-153,3.63E-217,7.84E-302,3.85E-34,1.16E-305,-2.04E+10,9.75244e-309,9.13E+192,1.97106e-309,6.26E-293,1.17E-305,4.63E+206,3.63E-217,9.21E+298,6.03E+151,-9.77E-147,5.53E-222,2.30911e-309
4.18E+199,5.29E+180,1.51E+26,1.17E+214,1.48E+276,1.21E-305,4.63E+206,4.22582e-313,1.17E+214,3.95E-34,6.47E-67,6.03E+151,2.21E+252,4.18E+199,5.29E+180,1.51E+26,2.64E+180,5.29E+180,2.10E+236,5.53E-222,1.08E-305,-3.00E-241,1.51E+161,2.59E+161,2.84E+69
4.74E+150,5.29E+180,3.03E+180,8.79483e-310,7.83E-302,3.00E-241,7.22E-34,-1.25E+88,2.31E-261,-2.53E-157,9.79E+139,5.38829e-311,-1.13E-168,7.73E+228,5.37E+150,2.87E-27,8.04E-95,1.16E+214,1.60E-17,3.10E+175,5.37E+150,1.89E-09,1.00429e-309,1.05E-96,4.07E+40
5.89E-12,1.27568e-311,9.95E-97,-9.60E-35,2.97965e-311,9.95E-97,9.99E-213,2.31122e-311,7.11E-198,2.79E-265,5.53E-222,3.57E-294,-1.68E-139,-4.58E+236,1.97174e-309,6.69E-298,139298,5.53E-222,1.34E-305,1.65E-24,7.79E-304,8.87992e-310,-1.12E-140,3.63E-217,-1.75E-142
5.53E-222,7.89E-302,3.85E-34,-2.80E+101,1.97161e-309,1.85E+207,1.63443e-311,8.90347e-310,7.86E-302,-3.83E+265,4.18413e-309,1.43E-305,1.37E+207,3.63E-217,5.95E+262,-4.34E-163,-3.16E-134,5.53E-222,3.34E-274,1.98E+93,1.68E+243,3.10E+175,4.07E+93,3.09E+45,9.37E+25
4.44E+252,5.00E+150,1.56E-46,1.39E+93,3.74E+160,3.71E-217,8.9527e-310,7.86E-302,4.66E-10,4.55E+149,6.48E+170,9.56E-37,1.71E+214,2.07E+26,5.17E+25,6.64E+198,4.61E+281,7.30E+45,7.90E-302,-2.80E-129,3.63E-217,9.50E-284,2.84E+69,7.73E+228,2.55E+151
-4.58E+236,8.8481e-310,1.50E-95,2.10E+127,4.44E+252,5.00E+150,1.56E-46,1.39E+93,2.91E-47,1.40E+93,9.77E+199,1.06E+214,1.51E+26,-1.14E-125,3.63E-217,2.44E-285,2.84E+69,7.73E+228,2.55E+151,4.59E+150,6.77E+160,1.22E+165,-1.16E-72,9.03249e-310,7.86E-302
1.65E+93,1.19E+190,1.33E-305,-9.83E-123,7.70501e-312,3.37E-298,5.76E+180,2.21E+252,4.18E+199,5.29E+180,1.51E+26,1.98E-306,1.63E-305,1.37E+207,9.09E-307,1.78E+93,1.68E+243,3.10E+175,4.07E+93,3.09E+45,6.13E+223,8.84045e-310,1.65E-305,4.66E-10,4.67E+149
2.94E+26,7.36E+274,5.53E-222,3.29E-271,2.84E+69,4.44E+252,5.00E+150,1.56E-46,1.39E+93,2.91E-47,5.27E+261,-4.76E-117,4.24E-183,9.82293e-309,1.98E+93,1.68E+243,3.10E+175,4.07E+93,3.09E+45,4.72E+180,1.34E-305,-1.65E-115,7.70161e-312,2.41E-297,2.76E+261
1.87E+159,5.53E-222,5.45E-283,2.84E+69,4.44E+252,5.00E+150,1.56E-46,1.39E+93,2.91E-47,5.27E+261,-1.04E-112,4.24E-183,6.18E+223,2.84E+69,4.44E+252,5.00E+150,1.56E-46,1.39E+93,6.78E-57,-7.31E-15,9.18018e-310,7.90E-302,3.85E-34,2.21E+252,6.58E+45
9.19715e-310,7.90E-302,6.01E+175,5.81E+54,7.73E+228,2.55E+151,4.59E+150,6.77E+160,8.03E+169,-4.59E+43,9.21413e-310,7.90E-302,3.85E-34,2.21E+252,6.58E+45,2.64E+180,2.22E+252,1.65E+93,4.62E+281,8.84809e-310,1.85E-305,4.66E-10,4.74E+149,5.76E+180,2.21E+252
-3.92E-105,7.70501e-312,3.70E-296,5.76E+180,2.21E+252,4.18E+199,5.29E+180,1.51E+26,6.85E+180,9.26336e-310,7.86E-302,2,4.78E+149,6.48E+170,9.56E-37,1.71E+214,2.07E+26,5.17E+25,2.08E+26,7.46E-304,9.28458e-310,-1.12E-140,7.70269e-312,3.45E-295,5.76E+180
5.82E+252,9.30071e-310,7.86E-302,3.85E-34,2.21E+252,6.58E+45,2.64E+180,2.22E+252,1.65E+93,2.16E+233,1.98E-306,1.96E-305,8.37E+207,1.92941e-311,1.78E+93,1.68E+243,3.10E+175,4.07E+93,3.09E+45,9.36E+218,2.83E+153,-2.22E+130,1.97248e-309,1.14E+243,2.84E+69
1.48E+276,-7.26E-96,3.63E-217,1.91E-263,2.84E+69,7.73E+228,2.55E+151,4.59E+150,6.77E+160,1.07E+272,7.29E-304,9.3701e-310,-1.12E-140,5.09967e-311,1.78E+93,1.68E+243,3.10E+175,4.07E+93,3.09E+45,4.72E+26,-139264,5.53E-222,1.34E-305,2.58E+161,6.46E+170
2.41E-71,1.69E+190,2.65E+26,1.73E-77,1.97248e-309,2.72E+160,2.84E+69,7.73E+228,2.55E+151,4.59E+150,6.77E+160,1.61E+160,8.83281e-310,2.10E-305,-4.17E+159,1.81E-306,1.78E+93,1.68E+243,3.10E+175,4.07E+93,3.09E+45,3.94E+252,7.29E-304,9.4414e-310,-1.12E-140
1.65E+93,6.97E+228,1.32E-305,-1.31E-86,7.70161e-312,9.78E-293,2.76E+261,1.97E+93,2.87E+161,4.00E+252,3.54E+150,6.97E+252,7.29E-304,9.47429e-310,1.79E+165,4.95E+149,6.48E+170,9.56E-37,1.71E+214,2.07E+26,5.17E+25,1.98E-306,2.18E-305,1.37E+207,1.99E+209
1.17E+165,-8.61E-142,3.13E-294,1.97248e-309,3.94E-34,2.23E-46,1.37E+69,4.90E+252,2.86E+161,4.37E-71,2.87E+161,7.29E-304,9.52352e-310,7.67E+174,4.98E+149,5.76E+180,2.21E+252,4.18E+199,5.29E+180,1.51E+26,5.26E+261,-2.02E-79,4.24E-183,3.82027e-309,1.98E+93
2.65E+26,-6.35E+197,5.53E-222,7.87E-302,3.85E-34,2.23E-46,1.37E+69,4.90E+252,2.86E+161,4.37E-71,1.42E+195,2.04E+93,9.57402e-310,7.86E-302,2,5.03E+149,6.48E+170,9.56E-37,1.71E+214,2.07E+26,5.17E+25,5.25E+170,2.36E-305,1.37E+207,2.58479e-311
5.04E+180,8.74E+189,7.83E-43,1.17E+214,7.72E+228,1.88E-61,3.54E+150,-1.70E-72,-4.58E+236,8.83792e-310,-1.29E+11,2.10E+127,4.44E+252,5.00E+150,1.56E-46,1.39E+93,2.91E-47,1.16E+69,4.75E+170,5.76E+228,5.29E+180,2.12E+93,7.52E+73,8.8379e-310,2.51E-305
2.87E+161,4.00E+252,3.54E+150,1.14E+243,6.76E+223,4.75E+150,4.65E+151,1.68E+243,3.95E+150,7.29E+223,6.85E+180,1.66E+93,2.58E-305,1.37E+207,3.63E-217,9.59E-286,2.84E+69,7.73E+228,2.55E+151,4.59E+150,6.77E+160,6.66E+198,1.17E-32,8.19E+271,1.68E+243
8.83792e-310,2.41E+207,1.95456e-311,2.23E-46,1.37E+69,4.90E+252,2.86E+161,4.37E-71,6.10E+247,6.76E+223,4.75E+150,4.65E+151,1.68E+243,3.95E+150,7.29E-304,9.73338e-310,-1.40E-141,1.95456e-311,2.23E-46,1.37E+69,4.90E+252,2.86E+161,4.37E-71,6.10E+247,6.76E+223
-6.14E-92,1.97161e-309,-1.40E-141,3.5188e-311,2.21E+252,6.58E+45,2.64E+180,2.22E+252,1.65E+93,3.30E+161,7.46E-304,9.77752e-310,6.12E+207,3.14321e-311,2.21E+252,6.58E+45,2.64E+180,2.22E+252,1.65E+93,3.68E+180,-5.10E-57,-4.58E+236,1.20E+151,7.27E+199,9.56E-307
5.14E+64,7.34E+223,6.85E+180,6.94E-307,2.95E-305,-4.17E+159,1.97189e-309,1.82E+185,7.27E+199,9.56E-307,2.21E+252,6.58E+45,2.64E+180,2.22E+252,1.65E+93,5.13E+64,6.52E+252,1.17E+214,1.10E-149,5.53E-222,1.34E-305,1.33E+185,9.31E+199,2.84E+69,7.73E+228
1.48E+276,-2.79E-265,5.53E-222,2.77E-308,131072,4.65E+151,2.60E-29,2.23E-46,1.37E+69,4.90E+252,2.86E+161,4.37E-71,1.20E+151,1.06E+248,2.56E+151,2.22E-70,2.07E+161,4.00E+252,4.07E+93,1.78E+93,9.89317e-310,7.86E-302,-4.17E+159,1.97189e-309,1.82E+185
2.07E+26,5.17E+25,1.82E+185,4.07E+233,-9.50E-227,5.53E-222,1.34E-305,1.41E+195,5.15E+151,4.67E+149,6.48E+170,9.56E-37,1.71E+214,2.07E+26,5.17E+25,1.30E+243,1.34E+185,4.64E-302,-1.01E-43,7.70161e-312,6.46E+170,7.35E-38,2.23E-46,1.37E+69,4.90E+252
9.96107e-310,7.90E-302,1.59E-197,1.20E+151,3.98E+252,2.99E-283,5.76E+180,2.21E+252,4.18E+199,5.29E+180,1.51E+26,1.14E+243,2.04E+180,6.94E-307,3.39E-305,-1.09E-245,5.58009e-309,1.98E+93,1.68E+243,3.10E+175,4.07E+93,3.09E+45,4.13E+150,1.10E+161,2.04E+93
7.89E-302,3.19E-58,5.46E+149,6.48E+170,9.56E-37,1.71E+214,2.07E+26,5.17E+25,3.09E+262,6.77E+223,1.84E-70,2.59E+161,2.88E+161,1.98E+25,-4.21E-35,3.63E-217,5.89E-307,9.79E+139,5.38829e-311,4.70E+180,5.81E+252,5.82E+150,2.06E+272,1.63E+219,2.59E+161
8.81E+252,4.90E+252,2.22E+252,8.09E+175,1.37E+161,2.07E-27,4.18E+199,4.00E+252,1.89E-09,1.29E+248,4.00E+252,4.57E+257,2.56E+151,3.76E+199,1.60E-17,3.10E+175,5.37E+150,1.05E-153,6.48E+170,2.07E-27,4.18E+199,4.00E+252,3.33E-28,7.72E+228,5.37E+150
8.81E+252,4.90E+252,2.22E+252,1.16E+214,1.60E-17,4.23E+165,5.76E+228,2.27E-153,3.83E-305,7.29E-304,-2.44E+204,4.6021e-309,7.29E-304,-2.09E-263,1.21689e-308,1.01393e-309,7.98E-302,1.23E-178,-1.49E-25,3.63E-217,7.03E-276,3.82E-305,-7.48E-111,4.31E+199,1.24E+224
-3.37E-111,3.0541e-311,3.63E+180,1.69E-307,2.64E-82,5.30E-268,5.81E+54,6.94E+45,1.63E+199,1.91105e-309,1.01843e-309,2.85E+198,7.66331e-312,2.30874e-309,5.78E-275,2.78E+180,7.30E+223,-1.21E-20,2.17614e-312,4.26E+257,9.09E-307,9.10E-159,2.30874e-309,1.63E-260,4.23E+165
8.51E+198,8.09E+175,1.37E+161,7.61E-08,1.10E-202,4.23E+165,1.12E+219,3.33E-28,6.97E+252,4.00E-08,-7.73E-12,3.95215e-312,8.31E+151,9.54E-307,3.97137e-312,3.44E+175,9.86E+185,4.53E+223,1.24E+224,4.22E-305,6.14E-92,-3.61E-16,7.71139e-312,3.39E-300,1.0259e-309
7.71305e-312,5.83E+252,6.29E-92,9.56E-37,2.78E+180,2.79E+45,9.08E+45,7.49E+247,1.52E+199,3.00E+151,3.65E+233,8.29E-71,3.74E+199,4.61E+281,4.19E-305,2.37E+209,5.90E+276,4.77E+180,2.78E+45,3.67E+228,1.68E+243,1.33E+241,-4.26E+202,4.23E-305,3.50E+151
2.79E-260,7.27E-302,6.14E-92,1.42E+241,-3.61E-111,4.27E-305,1.05E+136,5.64E+204,1.86E+208,9.04E+223,4.49E+151,4.40E-302,3.58E-288,1.17E-306,6.14E-92,1.42E+241,-3.13E-135,7.62938e-309,1.23827e-309,7.86E-19,-9.78E+92,2.10E+127,3.00E+151,6.63E+93,6.96E+252
1.98E-306,4.40E-305,1.32E+210,2.07795e-311,1.78E+93,2.17E+243,6.26E-32,5.83E+252,1.72E+213,6.77E+160,5.13E+64,6.19E+175,1.37E+161,4.11E+209,6.52E+91,1.97511e-309,1.22E+213,9.56E-37,2.78E+180,2.79E+45,9.08E+45,7.49E+247,1.52E+199,6.68E+151,7.72E+228
4.23E+165,6.05E+199,6.19E+223,1.40E+93,1.52E+199,2.41E-71,6.68E+151,1.53E-154,1.0433e-309,8.04E-302,4.92E+257,6.29E-92,9.56E-37,2.78E+180,2.79E+45,9.08E+45,7.49E+247,1.52E+199,1.94E+233,2.07E+26,4.23E+165,5.76E+228,-8.20E-304,5.53E-222,4.29E-305
6.96E+252,2.21E+252,2.45E+26,1.80E-52,2.18E+243,2.07E+26,4.23E+165,5.76E+228,8.20E-304,5.53E-222,4.29E-305,1.30E+214,2.65E+180,1.98E+93,2.17E+243,6.26E-32,5.83E+252,1.72E+213,6.77E+160,5.13E+64,4.54E+223,2.21E+252,2.17E+243,3.82E+45,4.78E-299
6.05E+199,6.19E+223,1.40E+93,1.52E+199,1.91E-42,3.95E+26,-1.98E+159,5.53E-222,5.14E+64,-1.27E+160,9.56E-37,2.78E+180,2.79E+45,9.08E+45,7.49E+247,1.52E+199,6.96E+228,4.26E-305,-1.55E+11,7.71528e-312,1.58E-299,6.21E+88,1.52E+199,2.63E+180,2.45E+26
1.32E+210,3.84769e-311,1.78E+93,2.17E+243,6.26E-32,5.83E+252,1.72E+213,6.77E+160,5.13E+64,1.10E+248,1.03161e-309,5.40E-305,4.66E-10,4.58E+149,4.23E+165,6.05E+199,6.19E+223,1.40E+93,1.52E+199,2.41E-71,8.55E+194,1.98E-306,5.50E-305,1.32E+210,1.98458e-311
6.77E+160,5.13E+64,5.58E+228,4.26E-305,-1.30E+18,7.71528e-312,3.16E-299,6.21E+88,1.52E+199,2.63E+180,2.45E+26,6.94E+45,5.18E+25,5.60E+199,1.03282e-309,5.71E-305,4.66E-10,4.60E+149,6.21E+88,1.52E+199,2.63E+180,2.45E+26,6.94E+45,5.18E+25,5.60E+199
2.78E+180,2.79E+45,9.08E+45,7.49E+247,1.52E+199,6.18E+223,1.03282e-309,5.90E-305,3.05E-05,6.29E-92,2.21E+252,4.79E+180,5.21E+150,1.13E+277,3.66E+180,3.09E+45,2.03E+180,4.30E-305,-5.44E+24,7.71528e-312,2.74E-269,5.00E+150,3.82E+45,1.26E+175,1.52E+199
1.52E+199,3.35E+284,1.0331e-309,3.55E+180,2.84E+69,3.60E+252,2.22E+252,9.77E+199,5.18E-56,1.40E+93,4.07E+93,1.78E+93,3.60E+252,2.65E+180,1.96181e-309,-3.38E-09,1.05061e-308,1.98E+93,2.17E+243,6.26E-32,5.83E+252,1.72E+213,6.77E+160,1.59E+151,2.21E+252
2.84E+69,3.60E+252,2.22E+252,9.77E+199,5.18E-56,1.40E+93,4.07E+93,6.23E+54,3.00E+151,6.22E+175,6.29E-92,1.0795e-309,6.07E-301,4.63E+149,4.23E+165,6.05E+199,6.19E+223,1.40E+93,1.52E+199,1.25E-37,5.59E+252,6.21E+88,4.54E+223,5.03E+180,-4.68E+34
1.52E+199,1.36E+248,2.45E+26,1.42E+190,1.84E-70,4.79E+180,7.23E+165,1.03309e-309,-1.68E-10,4.13402e-309,1.98E+93,2.17E+243,6.26E-32,5.83E+252,1.72E+213,6.77E+160,1.59E+151,6.23E+54,3.00E+151,6.22E+175,3.72E-217,1.08629e-309,6.30E-301,6.32E-92,9.56E-37
3.55E+180,5.13E-38,2.78E+180,1.29E+161,4.78E-299,4.26E-305,1.54907e-311,2.21E+252,4.79E+180,5.21E+150,1.13E+277,3.66E+180,3.09E+45,1.59E+151,2.85E+26,4.23E+165,5.76E+228,9.55E-307,7.07E-305,-1.88E-183,3.37E-298,6.21E+88,1.52E+199,2.63E+180,2.45E+26
2.65E+180,-1.67E-10,3.63E-217,-6.58E+197,2.10E+127,3.00E+151,6.63E+93,6.96E+252,2.21E+252,2.45E+26,1.49E-76,1.12E+219,5.13E-38,2.78E+180,1.29E+161,4.78E-299,4.25E-305,2.12413e-311,2.21E+252,4.79E+180,5.21E+150,1.13E+277,3.66E+180,3.09E+45,1.59E+151
4.02973e-312,6.68E+151,2.36E+257,6.21E+228,2.84E+69,3.60E+252,2.22E+252,9.77E+199,5.18E-56,1.40E+93,4.13E+150,7.34E+223,7.29E+199,3.76E+26,5.65003e-310,1.10066e-309,3.14E+210,1.03188e-309,6.68E+151,2.04E+180,1.10E+248,1.98E+93,2.17E+243,6.26E-32,5.83E+252
7.00E+54,-5.75E+53,-2.90E-231,1.97539e-309,4.90E+252,6.69E+151,7.29E+199,1.73E-306,2.21E+252,4.79E+180,5.21E+150,1.13E+277,3.66E+180,3.09E+45,1.20E+151,5.04E+180,6.69E+151,1.95E+233,3.93E+150,3.50E+151,5.81E+252,1.52E+199,1.07E-306,7.92E-305,4.17E+159
9.56E-37,2.78E+180,2.79E+45,9.08E+45,7.49E+247,1.52E+199,8.72E+189,1.14E+243,2.04E+180,1.10E+248,4.23E+165,3.67E+228,1.14E+243,2.13E+88,2.04E+236,5.53E-222,4.33E-305,2.09E-53,1.14E+243,6.29E-92,9.56E-37,2.78E+180,2.79E+45,9.08E+45,7.49E+247
1.29E+161,2.21E+252,2.17E+243,3.82E+45,8.44E-227,5.53E-222,4.25E-305,3.54E-154,1.20E+151,1.06E+214,6.22E+175,2.84E+69,3.60E+252,2.22E+252,9.77E+199,5.18E-56,1.40E+93,3.31E+150,8.43E+252,4.55E+223,1.84E-70,4.79E+180,7.23E+165,4.24E-62,2.78E+180
6.69E+151,5.38E+228,2.65E+180,1.98E+93,2.17E+243,6.26E-32,5.83E+252,1.72E+213,6.77E+160,5.14E+64,6.69E+151,5.38E+228,2.65E+180,6.21E+88,4.54E+223,4.34E+96,9.13E+192,1.97499e-309,4.30E+150,6.32E-92,9.56E-37,2.78E+180,2.79E+45,9.08E+45,7.49E+247
-1.86E-09,-1.10E+72,3.63E-217,4.29E-305,1.14E+243,5.21E+149,4.23E+165,6.05E+199,6.19E+223,1.40E+93,1.52E+199,1.25E-37,5.03E+180,6.21E+88,4.54E+223,4.54E+43,5.53E-222,4.29E-305,6.14E-92,9.56E-37,2.78E+180,2.79E+45,9.08E+45,7.49E+247,1.52E+199
4.38E+96,-3.39E+125,1.97499e-309,-1.87E-09,7.66331e-312,4.79E-287,5.00E+150,3.82E+45,1.26E+175,1.52E+199,1.36E+248,2.45E+26,5.38E+228,1.24E+224,4.24E-62,2.78E+180,2.45E+26,1.80E+159,1.15E+164,1.97511e-309,-3.38E-09,7.66331e-312,9.58E-287,6.21E+88,1.52E+199
6.03E+175,6.21E+88,4.54E+223,2.27E-37,4.32E-305,9.63E-305,3.54E-154,1.03282e-309,4.73E+209,2.10E+127,4.23E+165,6.05E+199,6.19E+223,1.40E+93,1.52E+199,2.41E-71,4.26E+180,1.98E+26,6.21E+88,4.54E+223,1.48E-32,4.33E-305,9.93E-305,1.46E-91,1.0331e-309
-2.90E-231,1.97424e-309,1.69E+34,3.12407e-311,1.13938e-309,8.04E-302,1.65E-24,9.00E-304,1.14021e-309,7.91E+210,4.23E+165,-2.52E-163,-1.43E+87,5.53E-222,3.36E-274,2.84E+69,3.60E+252,2.22E+252,9.77E+199,5.18E-56,1.40E+93,9.37E+25,1.02E+211,2.68E+154,1.97499e-309
1.40E+93,1.52E+199,1.25E-37,3.66E+233,7.29E-304,1.14469e-309,-1.80E+112,2.10E+127,3.00E+151,6.63E+93,6.96E+252,2.21E+252,2.45E+26,1.22E+165,4.40E+96,1.14634e-309,8.04E-302,6.14E-92,2.21E+252,4.79E+180,5.21E+150,1.13E+277,3.66E+180,3.09E+45,5.60E+199
6.05E+199,6.19E+223,1.40E+93,1.52E+199,1.03E-61,-1.86E-08,-4.86E-63,1.97499e-309,-7.86E-19,9.56E-37,2.78E+180,2.79E+45,9.08E+45,7.49E+247,1.52E+199,5.26E+261,-4.27E+96,-2.30E-202,1.08116e-308,1.98E+93,2.17E+243,6.26E-32,5.83E+252,1.72E+213,6.77E+160
9.56E-37,2.78E+180,2.79E+45,9.08E+45,7.49E+247,1.52E+199,5.60E+199,1.03475e-309,1.18E-304,4.66E-10,4.81E+149,4.23E+165,6.05E+199,6.19E+223,1.40E+93,1.52E+199,6.78E-57,7.44E+221,1.15704e-309,8.04E-302,6.14E-92,2.21E+252,4.79E+180,5.21E+150,1.13E+277
-6.87E-245,2.10E+127,4.23E+165,6.05E+199,6.19E+223,1.40E+93,1.52E+199,4.44E-52,1.98E-306,1.23E-304,1.81E+210,2.79943e-311,1.78E+93,2.17E+243,6.26E-32,5.83E+252,1.72E+213,6.77E+160,4.62E+281,1.03012e-309,1.25E-304,4.66E-10,4.82E+149,6.21E+88,1.52E+199
1.03012e-309,1.27E-304,2,5.35E+149,4.23E+165,6.05E+199,6.19E+223,1.40E+93,1.52E+199,6.78E-57,8.07E-52,-1.73E-77,1.97499e-309,8.44E-226,2.10E+127,3.00E+151,6.63E+93,6.96E+252,2.21E+252,2.45E+26,6.41E-67,5.03E+180,1.21E-65,4.79E+180,6.69E+151
4.23E+165,6.05E+199,6.19E+223,1.40E+93,1.52E+199,2.41E-71,6.10E+247,2.21E+252,2.17E+243,8.90E+252,7.72E+228,6.95E-307,1.17155e-309,-3.18E-08,4.03984e-312,1.58E-293,6.21E+88,1.52E+199,2.63E+180,2.45E+26,6.94E+45,5.18E+25,1.39E+93,3.60E+252,1.06E+248
2.10E+127,3.00E+151,6.63E+93,6.96E+252,2.21E+252,2.45E+26,3.45E+179,1.84E-70,4.79E+180,4.00E+252,-1.86E-08,-1.29E-231,1.97499e-309,-4.31E-187,2.10E+127,3.00E+151,6.63E+93,6.96E+252,2.21E+252,2.45E+26,3.45E+179,1.63E+199,-1.29E+120,-2.90E-231,1.96181e-309
1.36E+248,2.45E+26,2.07E+26,3.00E+151,9.08E+223,2.59E+161,3.46E-42,5.49E+120,5.53E-222,4.33E-305,2,5.87E+149,4.23E+165,6.05E+199,6.19E+223,1.40E+93,1.52E+199,4.44E-52,6.23E+54,-1.59E+124,-2.90E-231,1.93102e-309,-7.14E+44,2.10E+127,3.00E+151
