10000
58 5 26 18
73 39 59 42
64 2 9 61
2 2 1 2
84 21 38 60
30 11 28 26
15 3 7 10
41 12 33 25
70 43 38 7
84 59 14 17
18 2 17 13
14 3 9 3
12 7 8 7
74 34 9 17
59 57 40 26
73 2 52 68
25 23 12 5
82 60 69 54
65 49 20 22
67 52 7 61
3 3 2 2
98 57 3 62
52 32 29 44
8 3 7 1
35 17 25 18
81 8 16 45
37 22 36 18
53 35 39 20
46 43 13 5
7 1 3 1
56 12 32 13
85 30 70 66
98 64 83 15
74 57 31 58
79 21 24 53
88 14 33 15
12 7 3 4
8 6 3 4
80 18 25 72
8 7 2 8
75 37 73 1
53 42 18 17
30 16 2 2
87 22 46 13
50 26 23 40
88 58 20 62
32 18 18 31
7 5 2 2
44 19 20 30
75 27 23 64
32 18 30 23
43 35 42 15
71 9 25 21
72 67 63 16
63 16 7 17
46 4 45 46
47 34 7 31
60 2 26 5
7 3 5 4
51 5 9 17
61 41 22 35
34 6 30 10
31 16 28 27
75 40 67 4
74 67 28 4
50 43 3 4
50 32 41 22
54 35 35 13
82 2 39 29
96 53 28 75
92 55 23 73
66 3 33 38
8 5 7 2
92 2 63 51
6 3 4 5
69 28 17 30
5 3 3 5
2 2 2 2
46 12 6 38
13 9 4 5
48 45 7 10
85 78 20 5
29 1 26 7
23 18 13 15
51 45 26 5
39 39 26 38
33 1 10 24
60 21 3 3
18 17 1 18
40 11 16 12
93 14 12 59
68 62 49 5
81 64 22 69
54 14 21 3
9 3 3 7
83 75 25 7
6 2 5 5
65 1 15 19
63 44 48 37
34 16 30 4
50 9 37 24
79 21 79 78
69 60 7 62
93 16 44 81
50 26 1 22
5 3 2 3
68 61 9 24
24 20 24 11
76 2 29 27
98 11 5 28
76 23 38 15
98 10 55 37
3 3 3 2
52 18 32 26
35 4 3 7
10 5 5 9
100 44 71 14
62 4 50 50
84 26 5 58
9 1 1 2
89 1 9 73
66 44 15 63
14 9 4 2
13 13 11 1
30 26 29 30
36 29 5 19
66 6 8 62
83 65 58 11
33 22 15 12
48 7 40 10
72 72 64 39
32 9 7 24
93 59 67 12
9 7 9 3
67 32 66 30
94 37 88 36
30 28 12 1
100 1 71 34
49 38 34 37
77 19 71 31
9 1 5 6
96 90 41 92
7 1 6 2
14 8 13 9
99 95 7 71
14 10 7 6
29 3 22 11
25 21 15 10
88 68 47 85
24 19 12 18
29 4 17 22
54 18 20 20
84 7 60 84
51 14 19 24
41 21 9 25
61 2 18 38
67 47 11 61
100 22 77 43
59 20 52 29
89 28 81 59
3 2 2 3
86 20 8 11
59 1 10 11
92 32 25 34
73 14 7 15
83 51 25 6
97 34 68 7
7 6 4 7
33 25 11 10
28 4 7 23
44 13 42 39
8 5 7 7
17 8 6 10
61 9 16 51
82 79 26 28
61 53 9 38
42 28 41 8
18 6 16 5
92 87 74 7
40 37 8 34
42 38 33 8
34 10 17 34
100 76 65 94
22 9 6 3
9 2 6 6
70 67 57 19
73 7 32 56
35 15 25 20
59 22 33 54
28 7 20 19
40 11 19 5
87 26 69 22
5 3 2 1
25 20 17 11
97 61 86 74
15 13 2 13
51 1 17 19
38 22 30 15
39 1 22 10
22 11 7 17
20 9 18 19
70 22 10 14
56 29 52 5
83 74 71 46
28 25 12 13
21 10 3 9
22 4 12 11
67 45 66 27
91 90 70 79
16 13 4 13
27 20 10 17
82 10 17 45
37 31 4 33
53 16 21 35
32 4 1 28
6 5 2 3
88 54 70 56
13 12 10 1
27 11 14 11
18 8 9 3
56 53 28 11
37 6 15 36
31 30 12 14
35 3 32 29
81 43 23 13
17 10 13 1
51 47 26 25
35 11 22 34
21 14 19 15
59 25 46 37
11 7 9 1
9 5 3 6
90 48 55 51
77 9 4 64
35 23 23 33
10 1 4 3
3 3 1 1
48 36 8 46
82 69 9 38
38 28 28 12
66 25 11 8
10 7 3 4
90 11 63 5
46 41 40 44
21 19 19 9
81 25 38 6
23 23 12 12
65 14 7 15
100 44 51 2
57 14 48 26
43 9 37 8
14 13 9 2
3 3 2 1
8 4 3 3
60 27 18 47
57 54 57 36
12 3 1 5
73 32 67 42
95 35 52 62
99 10 40 50
100 62 59 45
19 1 1 4
60 27 46 31
4 4 2 2
84 52 5 79
12 3 7 8
43 8 37 41
77 18 52 22
42 7 29 8
41 17 35 32
29 5 17 21
31 7 6 13
93 33 11 41
19 6 1 7
83 81 5 61
26 26 22 22
93 83 42 30
16 13 13 8
72 55 9 35
86 20 36 40
87 23 60 42
48 10 4 32
19 19 9 5
24 18 5 18
20 5 1 8
91 40 5 18
54 53 21 35
66 52 53 40
26 9 24 2
49 9 41 37
86 61 14 44
72 67 41 67
42 14 40 11
42 41 24 6
14 12 13 14
19 1 6 10
70 34 53 33
37 4 20 36
53 2 49 14
85 70 52 1
94 40 78 64
45 29 27 24
75 41 36 64
59 28 52 48
46 31 12 24
100 94 61 20
45 10 9 13
91 57 3 32
54 53 24 5
97 10 82 81
24 5 18 23
85 2 74 47
77 11 64 32
34 19 7 24
43 11 40 41
19 18 2 1
48 41 28 48
20 11 9 16
82 48 82 53
4 2 2 1
21 7 13 12
83 4 57 68
58 54 56 51
20 4 17 8
79 20 43 22
65 33 9 61
44 35 2 26
43 3 18 43
82 73 15 13
38 20 15 27
99 21 63 47
73 9 46 15
26 22 2 18
44 38 12 3
29 9 7 3
8 3 8 8
53 28 27 39
34 6 29 14
46 41 32 22
3 2 3 1
3 2 1 2
17 5 5 11
49 48 46 1
92 15 80 28
9 3 2 2
16 8 2 11
58 20 22 58
79 8 75 77
53 33 50 37
95 60 79 81
4 2 3 2
54 32 40 43
36 17 10 8
12 12 3 7
67 29 66 16
86 2 67 37
42 16 7 38
7 7 7 1
96 45 12 26
43 28 28 1
23 9 17 18
34 28 26 26
56 48 7 2
27 9 27 15
37 7 14 30
36 5 27 7
96 7 61 3
16 14 6 13
68 1 24 36
56 38 36 22
31 14 11 20
38 9 32 28
96 95 75 44
53 27 3 21
12 1 12 8
78 37 43 27
58 36 38 6
31 23 23 16
55 47 28 17
41 11 23 34
96 41 94 20
14 4 2 6
4 4 2 2
77 35 37 56
82 81 62 35
82 13 15 43
26 24 11 26
93 81 93 41
75 8 30 43
19 8 19 19
69 20 60 33
63 35 44 52
64 19 5 23
33 15 31 13
6 1 6 1
95 18 39 20
33 18 2 30
11 5 7 11
75 3 61 65
28 12 20 24
38 31 30 6
60 58 31 41
50 12 30 10
10 5 10 2
85 6 9 85
86 57 36 80
48 32 37 31
85 36 67 66
24 16 5 13
59 48 9 37
75 72 41 1
56 50 47 1
5 3 5 1
97 19 18 48
17 15 11 3
60 7 18 49
75 67 17 54
34 22 3 3
42 15 14 7
40 18 12 20
39 5 39 20
31 23 18 18
40 31 29 36
41 29 27 19
38 10 27 6
7 5 5 5
24 15 17 9
5 1 2 2
15 2 3 7
89 2 15 57
26 15 12 6
55 1 51 3
2 2 1 2
45 35 4 32
6 2 1 6
3 2 1 2
53 36 9 53
18 13 17 7
12 6 4 12
96 40 26 70
12 5 1 9
81 34 3 74
52 5 24 24
75 7 44 60
2 1 2 2
12 5 3 3
59 55 37 21
50 25 25 13
41 6 20 35
74 24 64 64
54 1 49 40
32 6 16 10
68 42 26 34
11 5 4 10
52 11 16 12
91 46 21 30
57 49 45 18
14 7 14 3
50 48 41 25
86 80 62 86
70 53 66 8
57 8 50 51
28 21 26 14
50 48 23 3
6 5 1 5
34 26 12 11
59 56 52 35
96 79 13 39
87 14 10 75
72 23 63 52
86 29 54 63
3 1 1 2
32 22 22 18
67 6 18 4
86 43 61 5
37 29 18 16
18 8 2 13
75 52 24 57
72 60 8 12
6 4 2 1
48 8 7 10
46 22 25 16
34 23 32 7
38 20 4 2
38 25 15 11
23 8 13 3
93 62 15 52
97 26 82 9
8 2 5 6
77 74 35 46
82 36 32 9
82 9 59 59
42 3 27 7
3 1 1 1
22 18 13 16
63 25 27 42
45 34 33 45
82 53 81 45
6 6 3 2
28 9 26 6
42 22 38 22
45 26 43 24
78 78 44 33
22 17 15 13
40 32 32 6
84 82 30 16
81 81 75 56
54 7 20 16
63 58 30 43
82 18 46 79
54 36 50 39
88 44 6 64
13 12 2 8
100 35 82 11
19 10 13 10
94 45 43 61
85 18 40 26
87 22 81 6
34 11 8 6
41 25 41 8
40 9 27 13
14 3 3 12
68 50 50 2
45 7 7 25
59 11 43 58
11 9 2 4
71 4 66 21
40 20 40 28
83 77 45 12
40 21 24 27
92 5 40 37
47 14 25 27
64 62 51 10
80 76 13 79
54 46 44 47
69 50 56 16
59 14 5 50
78 40 3 76
93 38 55 47
94 73 65 48
32 5 17 9
30 8 4 5
28 1 11 14
28 7 27 13
97 46 26 87
55 1 16 12
2 2 1 1
91 50 81 74
27 8 25 10
100 33 73 31
54 48 16 3
55 40 23 10
39 22 27 38
42 2 19 14
75 47 30 46
64 19 22 16
59 33 56 43
88 79 46 64
18 15 7 5
45 38 6 25
61 55 33 41
82 34 51 49
54 53 44 38
23 8 15 3
83 77 8 68
95 41 56 52
42 7 15 32
96 11 80 6
30 4 20 23
34 32 3 21
33 17 6 18
12 6 3 1
38 12 2 6
14 7 1 9
48 27 45 46
93 9 19 1
97 61 32 5
50 32 38 14
20 11 15 19
19 1 7 10
15 9 14 8
21 4 19 18
8 6 3 1
44 32 31 27
53 12 12 7
51 26 37 44
8 8 4 6
91 6 4 36
28 5 12 8
63 17 43 49
88 1 16 41
23 7 8 21
78 44 21 30
5 4 5 1
79 34 61 21
74 14 2 31
37 12 29 20
83 83 82 66
23 18 22 21
100 88 99 29
44 33 20 33
80 73 74 8
69 8 55 25
38 22 17 10
15 2 8 8
75 73 66 11
70 53 14 43
31 20 16 6
43 29 23 28
83 33 32 16
93 71 22 71
64 19 43 3
81 25 2 7
91 69 58 5
28 5 4 1
26 22 20 19
82 67 33 30
10 2 6 9
17 1 13 14
64 19 14 54
67 62 20 26
12 8 8 1
30 14 5 29
53 49 13 15
37 37 3 3
40 31 1 40
38 16 14 27
86 19 47 25
6 5 6 5
99 40 6 50
3 1 1 3
9 8 1 8
18 10 8 13
44 13 40 17
30 26 6 25
54 26 33 22
4 4 3 1
74 16 16 64
64 24 50 10
64 15 36 1
88 51 25 20
79 9 56 63
83 72 18 17
4 1 2 1
33 14 4 18
36 4 25 10
59 13 27 57
37 26 24 13
88 69 22 58
29 1 17 29
31 13 17 21
23 9 14 11
27 4 4 13
4 1 3 3
62 26 21 25
79 48 29 61
15 2 10 1
33 6 23 20
50 9 19 44
58 26 34 47
61 39 12 31
21 1 10 8
96 85 26 40
58 1 14 20
40 1 19 15
72 55 19 54
44 38 12 16
14 9 8 3
9 7 7 3
69 43 10 56
9 8 6 9
50 34 2 9
76 62 59 3
94 64 30 65
5 3 2 1
64 43 3 16
54 4 8 8
99 49 48 64
51 51 40 43
6 3 2 2
40 5 39 4
17 3 15 1
61 58 23 10
85 3 73 72
52 45 18 14
51 30 22 17
90 4 81 81
72 28 39 4
11 4 2 6
33 4 12 1
34 27 20 13
60 28 47 41
41 27 5 29
28 13 14 7
34 34 22 10
39 10 4 17
52 16 17 44
93 38 26 11
86 32 54 73
48 42 29 33
75 37 23 28
29 22 23 18
99 18 30 67
52 8 33 38
74 62 70 45
37 33 30 3
26 22 9 14
66 56 55 65
91 63 85 86
37 32 37 25
92 54 68 82
59 4 24 52
34 1 19 19
16 10 10 7
67 62 35 63
69 62 30 45
92 86 54 14
57 55 19 24
9 5 8 4
30 20 15 18
66 38 15 65
67 61 42 63
39 32 13 16
84 56 31 27
75 30 3 10
65 25 30 18
36 22 26 9
55 20 52 18
28 2 25 23
34 3 16 17
72 40 32 64
12 6 7 8
84 44 52 15
14 13 7 10
70 19 63 46
61 9 29 44
87 66 46 14
63 19 63 33
25 19 8 16
48 4 40 40
82 53 35 43
91 89 24 2
66 16 53 63
37 7 19 9
6 1 1 3
15 8 5 11
69 23 26 34
24 7 24 6
61 46 39 14
100 59 92 58
31 7 29 26
97 43 34 88
91 35 82 67
26 3 17 13
37 24 10 27
12 4 3 9
44 18 38 1
18 6 13 6
49 42 14 29
36 36 23 12
47 28 24 36
98 48 49 52
27 21 13 22
85 8 33 68
30 1 13 24
43 21 12 30
13 1 10 1
70 7 58 52
17 12 6 15
63 7 12 52
38 32 1 18
24 18 23 7
24 22 16 17
54 18 11 17
64 26 17 1
40 4 2 23
34 18 12 5
29 24 2 9
5 1 4 4
25 15 24 24
57 31 21 41
15 5 4 15
88 10 68 51
38 36 8 20
56 45 24 38
39 24 14 15
47 31 44 31
45 34 43 20
42 35 37 22
84 32 22 63
54 44 53 20
27 9 21 9
66 2 7 14
90 21 27 58
39 22 23 7
96 84 28 26
12 4 6 8
7 5 3 3
11 5 3 2
2 2 2 2
51 15 8 36
67 21 18 17
2 2 1 1
39 19 36 15
20 18 16 3
68 4 1 44
85 36 47 4
43 39 12 16
27 4 27 21
77 53 62 63
82 79 9 30
22 18 7 16
49 40 3 49
31 16 11 16
94 21 27 92
56 40 47 12
49 4 15 15
48 38 35 21
71 23 37 13
68 58 25 48
75 54 30 31
68 36 10 56
76 2 19 71
24 14 11 3
63 25 47 36
20 4 3 17
97 4 12 35
61 21 56 34
13 5 9 13
37 28 18 7
76 32 26 44
16 2 1 12
53 37 21 47
87 41 26 82
92 35 24 8
19 7 17 2
58 10 32 9
14 7 4 12
38 9 8 6
35 27 29 26
80 51 75 13
41 3 4 30
18 3 18 4
45 4 17 38
11 5 5 7
35 32 3 14
73 71 69 23
21 7 18 6
83 61 1 68
36 21 11 24
77 56 38 17
54 45 6 35
43 35 27 43
31 1 15 23
52 45 40 48
27 9 10 22
30 12 11 14
60 9 36 35
58 33 56 34
79 5 16 53
24 20 23 10
50 43 20 11
80 61 31 17
55 14 45 43
42 15 36 17
74 12 20 24
31 28 15 10
95 57 74 95
51 17 20 40
55 28 46 48
85 26 40 85
33 19 9 16
71 58 1 70
28 11 3 27
83 2 33 18
69 46 28 10
46 4 7 37
6 2 6 1
6 6 3 3
83 65 76 58
53 8 22 37
46 25 37 9
26 2 24 9
96 47 52 36
4 1 3 1
87 30 50 23
12 7 1 12
32 22 9 20
83 28 52 32
100 72 11 31
42 5 29 13
28 13 10 17
59 31 46 54
5 4 3 5
21 10 19 20
51 9 40 49
45 13 27 13
17 8 12 7
83 15 57 16
69 8 40 5
8 4 7 5
90 9 9 70
5 3 2 1
74 51 74 21
85 58 36 50
9 1 6 3
3 1 1 2
75 29 26 2
46 46 19 29
64 31 48 51
32 13 24 17
66 29 54 3
59 52 2 42
19 14 11 10
59 12 17 28
16 15 6 16
63 12 20 59
81 42 6 67
70 63 67 1
8 3 1 5
57 6 48 51
69 4 57 29
88 78 87 84
89 75 22 19
18 9 8 7
72 72 10 68
48 5 14 12
18 10 4 18
18 13 9 6
100 67 93 88
13 8 12 1
62 46 7 56
87 69 80 48
21 1 15 5
54 38 6 52
29 29 27 15
73 9 5 8
84 23 66 51
20 5 19 17
88 49 25 83
99 49 64 7
13 11 12 3
18 17 18 1
75 9 14 20
23 20 19 11
38 24 12 7
87 23 86 12
20 19 6 10
34 15 15 22
11 10 8 10
34 29 12 26
39 6 21 23
51 16 40 35
72 15 29 47
88 84 21 75
99 3 52 72
21 5 10 9
3 3 3 3
65 5 63 19
34 26 14 14
59 28 11 42
41 29 22 5
62 42 40 38
96 28 91 49
36 33 35 7
96 71 56 25
36 2 19 33
64 8 51 38
42 10 27 7
48 24 33 15
36 35 5 7
37 17 29 25
38 3 11 23
98 56 9 92
33 28 30 13
49 20 49 44
34 2 16 5
78 5 47 9
47 29 33 43
95 89 69 71
70 51 13 31
52 8 13 7
66 26 26 7
72 42 8 6
14 10 7 7
89 37 46 34
97 19 9 56
55 28 50 8
89 49 65 46
72 56 72 5
7 2 2 4
8 6 8 4
27 3 18 16
16 10 16 12
13 4 9 13
93 25 77 19
6 1 1 5
29 13 11 22
45 41 24 44
93 36 88 71
86 2 37 46
85 80 59 18
11 3 9 9
10 8 4 10
81 10 25 60
49 49 47 40
19 1 12 9
66 61 61 6
54 39 15 12
93 58 24 51
92 56 29 9
97 37 24 27
35 17 14 9
95 29 28 1
4 3 4 4
29 28 29 15
90 53 9 73
92 14 38 49
90 50 10 40
26 16 10 12
36 10 4 27
11 7 3 1
71 27 62 6
75 12 17 60
61 45 59 7
21 9 14 19
20 12 14 20
45 43 4 44
58 16 23 57
7 7 6 7
16 5 1 5
8 8 5 1
70 44 8 53
39 2 32 3
3 2 3 2
14 6 1 6
43 19 33 16
81 64 38 65
58 38 45 51
34 16 21 31
38 4 30 24
62 21 44 40
18 13 6 4
18 6 12 13
26 22 19 2
83 11 48 63
90 74 21 66
38 24 5 36
26 9 3 18
27 2 11 2
12 12 1 3
77 41 62 20
88 67 36 33
78 27 19 32
5 1 5 5
42 15 16 22
70 39 22 45
8 4 5 4
99 79 65 14
12 10 7 3
10 9 4 2
5 5 4 3
53 13 26 37
94 39 60 12
8 1 4 8
61 55 28 11
33 2 9 29
43 4 10 39
10 4 4 2
30 16 16 6
77 42 53 65
98 82 16 33
89 28 42 35
39 11 38 37
77 61 25 3
81 51 42 47
97 89 4 82
32 24 1 18
87 28 46 29
37 1 18 13
90 12 1 29
32 30 14 29
29 3 6 13
98 1 60 10
91 21 20 27
82 67 54 54
81 62 54 57
2 1 1 1
52 5 27 14
13 8 1 11
95 25 4 25
51 33 24 42
69 35 30 40
30 28 14 6
34 24 22 26
97 11 75 76
41 19 12 40
10 6 8 1
24 3 9 11
17 16 8 3
16 6 6 3
62 5 21 47
59 53 40 2
41 24 14 13
59 5 33 33
39 38 35 3
21 21 6 12
96 44 56 19
58 5 47 28
11 9 11 2
32 10 29 31
47 11 8 36
60 24 28 22
51 16 22 29
69 14 34 66
9 4 2 3
7 1 3 3
90 8 26 40
66 44 48 44
85 21 77 77
42 12 41 20
67 7 50 64
54 48 32 47
4 4 4 3
41 32 11 24
62 47 47 45
92 38 3 41
10 8 9 10
99 77 61 6
77 74 18 38
84 39 13 68
8 1 5 2
85 69 15 10
41 16 2 29
47 33 24 15
4 4 4 4
17 7 9 14
51 34 41 45
8 6 3 4
27 4 2 17
81 20 30 70
24 7 13 17
96 41 50 59
62 56 47 56
61 16 36 35
44 5 20 7
4 1 3 3
34 3 16 3
13 4 4 12
5 5 3 4
5 2 1 5
49 46 38 31
47 25 11 2
63 52 6 49
17 2 1 9
45 10 28 35
66 61 6 36
87 49 80 70
39 34 27 37
81 36 19 16
49 22 23 21
37 21 30 13
39 39 1 12
58 4 54 48
83 21 35 5
70 24 41 27
44 19 1 25
81 17 52 48
13 8 6 11
15 13 15 13
11 5 4 2
15 9 11 4
20 17 15 9
60 16 59 4
60 10 56 16
55 12 15 42
30 26 16 1
95 22 29 2
58 29 6 46
36 26 30 25
100 48 25 31
8 2 4 1
44 12 10 27
72 10 43 28
34 33 2 15
89 35 36 40
43 2 11 2
34 24 20 9
57 32 25 34
52 25 32 29
59 42 28 31
93 23 85 16
40 11 28 33
11 1 4 4
41 25 18 29
53 20 48 41
81 2 13 45
41 27 19 21
52 14 15 21
94 61 50 33
35 35 10 31
94 50 23 30
18 11 18 15
91 51 58 54
76 19 60 3
88 76 86 72
56 52 21 7
63 58 54 32
43 25 36 26
26 6 22 22
98 98 65 90
34 26 24 33
41 4 10 41
12 6 3 6
98 97 52 17
92 10 45 59
25 19 8 3
65 2 15 65
71 39 53 69
49 23 35 7
17 13 9 8
83 56 33 1
74 73 14 67
61 40 37 17
82 6 35 33
89 23 4 57
21 15 9 12
72 29 30 67
40 22 11 38
68 57 59 32
22 9 20 16
61 49 50 4
14 10 7 7
61 57 38 59
45 25 25 23
61 56 11 48
34 18 28 19
87 58 64 45
37 5 34 3
7 7 1 6
65 15 23 64
4 1 4 4
36 2 13 27
29 28 24 17
38 32 11 34
80 78 41 60
22 6 15 20
47 11 37 22
94 44 60 1
48 20 14 3
35 14 27 28
55 32 4 45
76 74 57 62
8 4 4 6
63 33 39 60
33 17 28 14
35 26 19 5
20 19 14 12
37 7 2 20
21 3 14 5
94 35 13 2
26 19 26 2
83 60 70 34
65 6 10 48
6 4 2 5
43 7 10 26
31 23 30 8
72 8 40 52
8 7 6 5
53 41 12 30
57 17 12 46
26 8 4 23
88 29 9 12
69 51 43 23
34 27 34 28
75 19 34 37
46 14 36 22
32 28 6 22
35 10 21 24
79 59 20 73
67 24 66 36
21 9 18 6
58 6 13 19
80 28 27 76
78 18 59 48
100 18 28 86
43 3 35 25
60 36 59 12
13 10 11 9
49 12 47 40
76 70 42 57
15 10 14 10
9 5 3 5
20 14 2 19
92 20 21 12
32 8 12 23
70 36 47 52
53 9 3 51
38 36 25 18
26 21 10 18
24 19 15 11
56 4 9 35
4 4 3 4
14 13 13 12
61 54 35 17
22 6 16 16
25 5 1 3
4 1 4 3
41 20 33 33
30 14 6 9
14 1 13 9
6 3 3 4
38 15 21 32
87 60 74 4
38 18 25 23
88 15 12 78
43 41 23 14
6 2 3 4
28 16 2 24
62 61 59 22
76 21 25 22
78 10 2 59
35 18 33 11
91 16 87 15
26 6 18 11
35 31 25 30
2 2 1 2
70 55 25 33
34 28 30 11
34 10 33 15
73 32 39 6
96 78 95 58
99 12 3 86
45 26 36 19
58 16 48 26
8 4 3 7
3 2 2 3
34 17 22 29
6 5 1 2
8 3 8 8
57 7 41 40
79 12 70 18
16 15 4 2
57 11 53 29
87 75 54 6
17 6 13 9
11 11 7 6
20 17 20 9
72 11 51 37
10 3 5 5
95 45 22 26
96 8 50 38
8 2 7 4
75 40 60 3
9 8 4 8
66 25 37 14
96 50 89 37
63 63 5 12
64 62 14 42
38 27 7 17
62 40 49 31
30 29 12 19
49 2 45 47
65 59 26 58
47 11 36 22
7 2 4 5
69 17 58 68
75 34 66 16
95 53 10 56
22 22 19 15
60 58 53 26
33 19 11 16
5 1 1 5
24 23 2 19
4 4 3 4
26 14 15 22
26 26 22 3
100 89 46 93
40 17 15 1
87 82 33 79
81 26 42 27
34 27 7 3
5 3 4 1
82 39 23 34
67 3 63 33
34 9 8 25
65 65 46 3
6 3 3 3
26 6 17 14
18 12 9 7
42 20 32 24
9 4 1 2
15 12 1 13
8 8 3 4
86 15 54 55
61 45 28 61
99 17 11 86
17 15 3 7
86 30 82 80
14 9 8 7
57 37 42 54
80 71 8 61
29 7 1 10
33 27 32 25
83 49 27 40
13 9 5 5
58 23 17 14
65 53 37 52
3 1 1 1
47 9 6 24
84 46 66 33
14 6 14 4
40 35 10 35
34 12 9 3
49 9 33 25
15 5 2 1
10 4 10 2
91 70 76 81
50 20 39 1
31 14 5 6
52 26 5 20
55 4 33 7
89 53 80 39
13 11 10 2
84 7 20 62
57 34 51 51
27 19 5 10
12 1 4 12
33 31 16 9
41 22 21 7
22 12 19 5
92 52 14 87
55 27 11 53
57 21 48 31
57 15 7 22
52 44 27 30
49 47 48 4
5 2 5 1
34 4 16 5
26 11 20 19
10 1 8 7
53 46 29 12
54 26 19 16
51 23 3 2
30 28 19 22
44 2 29 38
55 45 21 53
62 27 24 34
7 3 7 3
70 16 42 3
89 41 36 86
64 56 39 25
3 3 3 1
67 51 21 67
5 2 3 1
58 56 34 48
38 17 22 7
87 82 63 67
63 15 1 44
64 47 52 49
10 10 1 8
56 3 28 33
20 9 20 15
58 9 10 28
37 8 22 25
79 66 46 40
82 31 40 36
61 29 37 6
35 7 11 19
27 19 5 21
81 40 59 31
8 8 2 3
31 1 11 15
25 25 16 1
19 3 10 17
22 13 14 16
38 33 38 25
26 7 8 4
6 1 3 2
40 25 40 33
28 21 4 18
44 28 21 24
24 9 18 2
88 40 52 58
2 2 1 1
25 12 8 4
22 19 6 20
16 12 2 15
31 25 10 24
13 2 10 5
97 56 2 60
72 31 62 47
65 18 1 37
53 18 14 32
32 24 7 31
59 48 13 37
99 50 68 91
59 42 40 55
58 45 43 53
52 38 49 44
37 33 11 20
16 6 8 4
64 38 24 55
39 12 3 30
16 16 13 12
5 5 1 1
68 36 2 16
71 2 26 49
2 2 1 2
69 6 34 17
31 29 12 10
97 71 83 79
67 67 25 10
18 17 18 4
55 4 43 13
52 32 3 33
13 3 8 5
84 53 28 53
73 49 38 29
57 57 33 55
10 10 8 6
5 1 4 5
46 18 18 40
20 2 10 15
24 9 19 1
4 3 3 1
75 13 62 10
2 1 1 2
46 46 29 11
56 30 54 56
71 66 50 71
43 29 42 19
73 23 17 57
12 11 10 4
22 20 22 12
3 2 3 2
54 42 24 15
29 4 2 11
73 30 35 62
94 46 63 61
74 51 54 57
2 2 1 1
71 20 38 11
74 74 46 64
76 73 62 24
86 32 22 18
99 67 9 39
72 24 39 37
9 7 3 1
82 74 60 25
22 20 8 15
92 23 62 16
20 20 18 15
72 70 51 1
86 77 26 4
55 12 53 11
78 47 23 69
98 97 26 12
28 3 12 3
24 8 24 17
20 15 17 6
35 29 18 3
58 20 22 20
15 12 8 4
61 31 55 55
18 7 16 14
16 10 4 5
65 49 12 21
47 47 13 15
46 7 1 43
90 49 61 84
68 62 9 50
43 41 17 37
64 20 5 16
4 4 2 2
77 42 22 37
67 53 65 9
66 57 48 8
55 40 29 25
59 40 9 29
50 28 12 43
22 3 19 9
52 1 3 2
61 54 3 44
6 4 1 1
86 66 48 63
58 23 18 24
41 33 28 14
61 31 19 58
67 22 65 40
54 12 37 54
18 18 17 6
84 51 54 19
95 54 6 32
35 19 27 34
84 33 34 71
30 20 13 8
97 9 84 94
13 8 3 10
98 13 18 42
49 6 36 14
72 45 37 47
38 28 7 16
49 37 13 6
16 11 15 9
60 16 27 1
27 24 10 3
3 1 1 2
84 59 66 64
35 5 34 24
20 14 1 9
57 37 2 44
45 24 34 3
71 5 5 11
85 75 57 69
99 61 21 59
25 10 19 19
80 46 78 18
45 22 5 7
67 28 15 64
25 2 19 9
21 19 3 12
80 77 79 61
54 23 37 35
35 34 16 25
28 10 26 2
78 3 4 2
7 6 2 3
9 3 1 6
25 11 2 5
76 15 32 22
49 49 49 2
30 6 16 19
8 7 8 8
65 49 9 53
83 47 51 47
60 25 33 11
56 24 8 1
95 4 63 52
53 3 31 1
62 24 2 12
20 13 20 18
33 25 21 11
35 20 7 26
64 22 52 33
60 31 4 55
51 50 31 38
6 3 2 3
77 49 56 48
66 23 14 14
13 3 13 11
76 30 36 15
10 1 2 7
56 33 5 46
60 43 29 9
34 14 32 19
85 31 28 67
53 22 39 5
37 2 24 1
86 31 76 51
3 2 2 3
26 9 8 20
88 50 49 34
79 43 30 8
43 32 14 30
53 38 2 14
91 17 90 2
53 30 5 28
33 13 15 8
58 7 9 50
10 5 2 2
93 10 75 21
60 11 17 43
100 70 87 47
87 83 7 62
12 11 9 1
25 24 14 25
48 32 42 26
39 39 16 19
23 21 23 19
7 1 7 6
91 10 28 12
57 15 53 20
21 19 21 12
72 27 43 37
5 2 2 5
81 14 61 25
82 47 2 16
73 53 42 68
89 76 31 44
11 2 3 9
73 5 46 25
84 44 82 46
89 66 54 60
16 2 13 1
3 2 1 1
31 15 29 19
32 2 2 29
61 9 15 33
31 7 16 4
87 67 22 75
72 7 38 28
16 12 12 13
32 31 11 12
96 33 84 83
94 22 62 17
46 38 35 30
2 1 1 2
93 14 57 10
9 5 5 8
7 7 2 1
36 9 8 19
51 18 43 4
6 5 5 4
9 5 5 5
12 6 4 4
28 14 26 22
68 1 28 2
21 18 14 15
83 41 9 22
61 40 14 34
61 11 43 57
32 8 31 20
99 85 83 87
50 15 34 23
69 39 37 11
80 12 26 66
20 15 7 14
100 36 83 14
49 45 29 12
22 22 20 20
67 67 54 56
31 1 9 8
65 43 12 23
17 10 6 8
52 35 30 7
28 22 1 14
79 27 75 9
2 2 2 2
71 54 51 47
15 7 7 9
86 63 64 23
34 27 4 20
23 20 6 14
100 85 69 75
29 12 27 8
23 3 18 1
47 31 26 3
26 21 20 15
61 26 53 60
11 3 9 2
2 1 2 1
33 12 31 23
34 28 1 1
27 17 15 27
9 1 5 9
53 50 24 5
98 21 54 62
31 28 2 19
46 8 20 28
17 10 17 7
58 20 5 34
23 22 23 21
46 15 28 7
9 3 6 9
94 12 35 6
67 31 55 28
26 6 22 11
48 10 22 12
72 18 15 68
13 8 9 1
30 12 19 27
41 32 33 26
63 57 13 31
53 26 29 37
53 53 43 4
65 34 38 13
71 18 32 24
79 8 75 8
30 27 25 12
52 43 11 46
26 18 23 22
11 9 2 10
78 5 36 62
48 36 42 7
46 27 9 19
9 1 1 1
75 34 26 22
76 52 75 35
48 27 32 33
62 32 54 27
60 22 7 38
68 40 21 40
3 1 2 3
87 7 75 87
68 8 8 9
61 13 27 11
43 15 33 14
90 22 7 81
39 34 29 25
18 5 17 14
93 33 86 56
75 16 53 9
92 27 78 86
9 1 7 7
64 59 31 38
18 17 10 17
84 44 15 3
31 23 10 22
4 3 1 3
4 4 2 3
53 39 44 2
61 36 27 30
76 33 44 57
97 74 12 32
90 6 48 59
54 41 45 44
54 10 19 51
74 27 18 64
35 13 35 18
84 29 76 66
72 29 23 15
62 4 29 50
92 19 9 1
60 15 13 6
55 24 23 13
51 18 41 15
57 15 50 17
59 56 29 57
65 58 40 38
32 32 16 15
41 34 38 37
82 65 24 30
14 2 5 9
78 17 50 65
68 37 56 51
62 46 35 51
61 33 19 45
68 10 16 32
32 11 17 20
30 6 22 17
79 50 75 69
73 48 30 19
28 1 24 6
78 24 35 62
39 6 29 14
80 37 80 47
20 11 5 4
13 3 12 11
19 8 15 8
43 37 1 26
99 38 39 52
55 36 24 8
25 5 7 22
81 30 58 9
39 10 35 39
79 65 5 25
67 4 54 39
90 88 11 28
14 2 5 1
81 51 29 25
85 53 24 47
10 3 2 5
15 3 15 11
8 4 2 7
10 8 1 6
91 50 71 53
55 48 33 30
48 3 38 42
28 17 5 23
78 35 44 24
75 39 69 20
32 24 9 6
89 35 68 80
60 41 7 58
25 5 23 5
56 13 3 11
75 33 66 40
32 13 25 13
34 11 34 29
89 88 18 6
100 96 43 7
23 13 15 1
49 16 5 5
59 4 20 25
72 59 48 26
39 34 11 13
95 27 6 44
37 23 32 2
23 22 22 12
6 3 2 5
50 10 9 23
47 17 22 16
40 1 33 35
81 36 38 47
29 3 6 23
31 17 13 16
95 3 29 73
96 20 31 47
18 3 3 9
95 90 41 85
96 45 18 89
59 16 33 8
77 53 39 74
93 54 90 78
32 25 21 16
16 13 6 1
45 37 39 12
41 29 36 12
41 10 30 3
94 80 40 50
18 18 12 11
6 1 6 4
4 4 4 1
54 50 38 48
71 52 44 71
8 6 8 1
65 52 39 4
18 13 5 4
27 6 5 13
94 82 77 7
52 2 41 1
48 27 42 38
37 18 25 29
54 32 42 33
33 30 9 7
95 89 88 95
56 41 46 7
47 29 31 39
76 32 20 9
85 73 39 61
97 26 97 66
27 8 2 13
93 56 63 72
25 21 3 2
93 5 40 33
42 11 7 29
11 9 10 5
72 32 51 60
27 9 14 19
40 10 14 32
34 15 8 30
99 99 19 98
42 15 18 18
71 27 17 1
60 27 7 35
77 8 27 52
100 9 91 49
51 39 23 13
4 3 1 3
11 9 7 4
74 71 68 1
43 3 38 18
87 67 84 76
84 7 36 54
45 34 40 5
81 61 33 32
13 8 9 4
27 15 22 17
82 12 48 49
92 17 80 74
52 17 45 13
50 3 17 5
25 20 16 23
4 4 2 2
42 9 42 3
90 48 46 67
89 17 62 87
72 39 44 44
81 15 6 47
89 88 34 27
65 11 25 22
24 2 3 7
46 11 46 28
53 16 12 32
29 17 10 24
13 9 3 8
3 1 1 1
95 2 76 27
74 15 51 59
28 10 17 4
9 6 8 6
48 25 23 3
25 22 15 19
7 6 4 1
32 15 27 15
57 11 2 13
38 7 25 16
66 9 17 25
36 22 35 31
90 72 48 17
40 28 18 19
75 2 30 12
95 72 37 82
22 13 16 8
32 14 14 16
24 7 12 16
77 19 71 33
16 12 3 16
51 15 50 24
97 61 40 60
84 26 84 48
15 13 11 9
5 5 2 1
38 26 15 9
45 25 10 20
34 1 21 4
41 4 26 31
90 28 43 32
60 40 2 36
21 9 14 7
59 20 21 23
70 60 15 36
20 3 2 5
71 68 17 20
39 29 32 25
58 17 26 10
89 89 4 80
67 15 4 55
2 1 2 1
25 1 18 3
22 2 2 2
44 39 1 43
25 20 24 23
14 4 9 2
61 3 60 17
67 6 50 66
38 35 30 38
67 39 10 27
97 26 34 52
9 9 4 4
54 49 28 41
94 3 35 31
60 1 44 35
67 62 1 44
17 8 10 6
18 11 6 2
41 34 33 1
61 5 48 53
69 52 68 28
2 2 2 2
84 79 21 30
98 62 26 15
91 25 26 45
5 4 5 3
22 6 20 6
66 26 3 6
56 29 32 27
16 15 3 3
85 49 16 38
29 29 12 14
39 37 35 39
27 19 17 22
46 43 44 17
58 40 26 34
64 9 30 6
87 24 9 24
43 22 22 36
40 37 5 34
66 49 54 58
21 1 20 8
74 21 3 3
49 7 38 20
80 22 32 68
92 69 55 3
72 52 31 44
88 44 36 70
96 22 39 75
41 10 26 33
16 3 6 11
14 3 6 2
7 1 3 1
15 15 3 7
46 40 25 46
90 46 9 5
9 2 3 4
60 50 8 30
76 57 23 22
79 8 7 77
43 4 4 38
52 6 42 52
51 5 4 45
60 52 24 49
29 25 29 28
34 22 10 33
33 4 15 32
63 28 29 9
20 12 14 6
18 17 9 6
68 10 65 46
41 6 14 10
46 13 17 19
35 25 19 2
79 29 54 44
28 20 15 17
37 18 24 12
50 10 26 43
6 5 3 4
57 19 34 52
51 48 38 30
29 29 22 2
47 19 15 31
75 69 12 29
38 31 38 35
35 27 8 33
91 10 34 11
2 2 2 1
79 4 23 78
67 25 36 67
62 1 16 44
33 15 12 7
61 51 40 50
63 40 57 47
56 34 5 20
28 20 3 1
36 21 23 6
100 32 95 20
53 50 21 10
59 53 50 34
11 7 7 2
24 3 2 15
2 1 2 2
12 1 11 4
76 76 39 57
65 12 48 61
15 8 1 3
65 17 33 43
54 52 46 53
49 37 12 26
61 35 1 11
49 46 44 20
7 6 4 5
88 27 37 19
53 39 10 37
92 86 4 7
68 36 47 50
95 65 31 40
95 87 88 91
94 33 80 26
90 9 51 36
45 25 3 6
7 4 1 7
60 2 40 17
20 5 17 18
50 32 41 19
56 13 48 54
37 14 6 14
100 67 47 81
40 17 10 10
91 84 61 52
72 23 25 55
53 22 28 22
79 12 65 73
52 23 44 9
16 13 9 3
66 39 58 59
13 12 6 8
3 1 3 3
30 29 25 11
83 56 74 63
23 18 7 17
87 72 21 14
32 6 30 3
42 41 22 35
92 7 69 82
68 23 18 23
71 60 55 26
97 72 10 10
67 12 33 18
49 27 4 24
6 2 3 6
91 82 67 16
31 26 9 5
76 59 22 15
22 13 7 15
39 17 16 22
54 24 7 13
62 54 49 44
14 2 3 9
97 13 55 15
30 26 20 27
2 2 2 2
64 56 25 33
35 30 18 18
73 19 54 36
47 26 16 23
9 1 3 8
10 4 4 8
86 61 70 36
77 8 21 65
84 81 66 58
67 59 56 4
35 4 15 11
74 39 46 38
58 56 16 22
68 60 65 58
28 9 27 4
88 67 32 52
21 18 11 14
36 32 20 3
2 2 2 2
47 23 25 40
71 44 20 55
40 13 11 1
96 64 64 69
53 51 18 44
76 72 2 2
100 82 64 25
95 53 12 17
56 34 14 34
12 2 9 11
33 6 33 33
69 42 31 3
49 7 15 44
67 56 20 39
23 16 14 16
28 18 23 1
64 5 30 25
98 46 66 9
2 2 1 1
93 7 63 14
41 4 37 5
19 2 19 17
62 28 18 15
30 19 28 15
7 3 4 4
96 94 67 1
7 6 4 2
32 29 24 13
51 10 19 42
92 60 65 51
30 27 18 2
26 5 9 1
16 13 7 8
59 34 42 48
69 3 45 13
28 16 2 11
86 8 71 64
79 36 25 54
72 36 60 19
63 43 6 36
30 26 20 1
29 4 12 15
6 4 6 5
73 24 8 42
17 15 12 2
86 58 9 7
96 59 41 86
55 38 32 15
44 19 12 18
36 20 30 36
14 8 7 14
48 30 26 7
100 79 75 63
5 1 3 2
15 3 14 13
85 16 11 13
89 88 3 40
35 16 9 25
96 45 91 17
80 6 39 6
55 32 16 28
82 82 75 59
18 7 9 3
96 80 43 17
18 10 16 7
30 19 5 25
29 3 6 19
88 53 46 70
23 7 7 10
84 10 36 1
18 11 10 13
39 4 2 13
13 3 5 3
71 21 32 48
21 1 8 6
59 2 10 43
96 11 27 20
53 37 14 5
43 20 42 12
4 4 3 3
68 21 34 26
22 16 5 6
35 31 6 17
61 28 29 33
95 72 6 76
16 8 12 14
21 19 12 9
17 12 1 9
44 1 14 8
55 18 21 42
56 45 23 14
86 50 67 84
10 3 1 3
44 21 8 34
41 29 16 19
54 16 9 43
72 47 1 47
2 1 1 1
62 41 42 39
74 72 4 13
62 31 41 61
6 2 3 4
19 11 13 6
99 60 75 89
81 43 4 3
80 42 26 10
2 2 1 1
88 39 88 18
10 4 3 2
19 16 4 6
97 86 68 74
75 57 5 36
77 32 58 65
20 20 2 3
20 15 12 14
85 29 48 35
29 13 10 1
30 10 11 19
24 4 10 16
37 17 5 19
15 9 6 13
90 40 75 29
56 13 40 48
86 42 46 78
9 1 2 5
44 12 26 32
14 5 5 11
27 5 16 6
81 78 42 38
35 20 6 14
69 21 14 47
65 64 35 51
61 6 10 37
75 20 12 51
95 53 43 6
84 25 7 52
38 32 4 33
93 18 68 53
48 23 24 3
58 44 7 5
40 32 24 17
36 30 32 21
28 15 16 14
40 19 4 3
7 3 4 1
26 10 16 22
74 48 66 40
77 27 15 46
83 73 25 18
79 3 18 3
90 66 24 43
92 63 90 14
35 27 9 13
2 1 2 2
12 2 4 2
23 23 7 12
88 8 56 17
31 20 25 9
87 54 79 26
56 51 32 39
71 56 31 17
25 11 21 13
78 54 64 71
52 32 42 46
38 31 27 6
54 11 32 3
83 46 46 11
17 11 3 14
55 43 45 19
90 44 26 7
91 82 3 64
17 13 3 6
32 1 23 18
11 3 2 5
98 27 89 73
100 17 76 15
48 31 14 39
84 67 81 1
97 80 76 38
4 4 2 3
92 70 68 74
21 1 9 1
15 13 5 15
41 15 6 12
12 10 6 7
41 25 4 24
21 3 2 8
50 50 25 7
12 1 2 4
83 69 50 17
3 1 3 1
36 19 25 5
58 24 4 5
85 60 9 6
14 13 12 5
80 73 44 51
94 41 67 43
71 59 43 50
94 52 22 26
22 14 10 20
27 2 27 3
90 51 27 47
68 39 54 50
44 7 25 29
24 20 9 14
46 12 23 43
44 9 11 43
21 7 1 6
28 23 27 14
86 68 76 42
74 2 50 52
58 51 48 13
34 19 7 14
40 31 32 3
91 10 16 72
64 11 54 52
35 33 7 3
81 66 6 26
23 7 4 18
10 8 7 7
49 7 23 28
27 8 19 18
38 4 4 28
99 89 58 59
12 7 6 1
55 29 52 3
99 27 29 90
38 14 4 18
18 2 18 9
11 7 8 3
25 4 5 1
78 18 26 15
58 14 57 19
11 8 5 4
29 21 8 16
91 51 42 66
4 3 4 3
36 5 5 30
6 1 5 5
59 54 54 50
60 50 8 59
48 13 34 23
71 69 18 14
73 34 32 70
31 11 11 8
60 5 2 56
39 21 19 36
27 9 25 17
59 5 44 33
96 34 37 64
41 17 32 10
77 14 72 11
58 3 12 10
87 30 20 63
30 26 9 19
29 26 8 14
34 7 20 7
33 15 28 5
27 15 5 7
80 26 42 26
50 34 45 30
91 18 2 59
42 22 39 36
48 32 30 5
73 69 65 68
30 6 16 21
13 13 10 3
3 1 1 1
71 56 14 54
83 77 2 17
32 7 5 25
42 37 39 28
42 34 32 24
63 15 8 26
73 2 18 38
10 2 2 3
19 6 17 4
2 1 2 2
86 28 18 25
44 30 28 6
19 15 8 12
46 28 28 33
67 50 67 43
72 2 37 37
84 79 38 32
85 65 31 66
65 58 46 6
9 1 1 5
4 1 3 2
80 80 20 25
99 71 39 37
29 5 24 22
36 25 27 17
43 4 34 26
62 46 6 59
37 5 28 17
81 73 42 75
55 42 54 15
27 27 12 7
57 8 26 57
84 77 63 38
75 27 11 64
16 12 13 16
41 13 39 30
77 16 45 14
95 76 73 38
24 9 21 1
19 2 1 1
70 42 36 37
95 76 86 63
48 31 47 47
4 4 2 1
96 96 68 43
61 12 37 27
81 3 66 35
97 60 41 14
32 24 1 14
96 64 73 47
4 1 2 1
98 14 71 10
24 5 24 10
78 33 44 3
27 23 26 8
26 4 24 23
98 64 89 9
82 80 8 20
63 20 5 31
51 25 42 22
43 24 8 33
5 4 3 1
17 5 13 8
75 25 60 49
19 7 15 10
15 13 6 2
25 13 9 1
75 41 31 64
72 4 46 70
41 6 31 30
61 5 38 20
79 28 71 52
15 10 4 13
42 24 25 25
8 4 6 7
62 3 45 10
62 27 21 62
17 8 15 16
96 76 27 50
86 12 14 2
38 3 34 29
94 48 13 6
14 14 1 5
86 54 53 68
60 31 33 60
51 13 20 7
75 70 11 27
45 23 30 31
70 55 34 69
83 67 29 35
40 19 6 40
87 5 1 77
75 19 13 9
82 51 54 49
80 40 75 10
75 23 60 41
78 60 28 16
69 39 57 61
100 85 22 3
12 9 12 7
15 13 7 10
85 78 34 16
99 80 60 8
57 4 17 25
69 46 11 18
27 20 12 5
84 35 4 76
63 3 6 35
45 12 42 7
57 11 40 4
52 17 48 15
16 1 6 2
90 88 50 20
47 19 37 13
98 84 19 40
69 30 27 8
31 12 12 11
76 24 30 64
36 18 33 8
72 30 34 42
51 19 41 45
19 6 5 15
66 2 38 23
27 15 24 25
45 41 25 3
86 70 16 57
93 61 79 21
38 10 28 12
3 1 3 1
43 40 22 24
31 9 18 5
73 56 10 62
92 60 82 40
74 46 60 57
20 15 6 18
13 9 5 13
21 17 7 5
71 10 40 16
100 24 26 9
38 4 33 31
94 44 66 43
46 11 20 29
86 85 36 53
97 58 76 40
6 3 4 3
14 10 8 6
34 17 22 17
73 26 40 6
55 12 13 20
14 6 4 4
33 28 20 30
58 29 6 54
57 6 26 23
5 5 1 1
13 6 10 12
25 18 20 22
37 21 34 6
44 4 30 24
35 34 32 34
90 36 49 27
78 15 16 62
76 71 76 17
76 50 26 52
97 79 3 82
79 77 9 3
37 32 18 8
76 56 11 12
94 46 25 14
3 2 3 1
11 9 1 2
46 17 40 45
84 71 4 14
15 1 2 3
37 34 30 23
48 20 44 39
6 1 2 4
28 10 2 25
2 2 2 2
28 22 25 24
6 6 1 4
75 58 55 42
77 77 22 45
5 5 5 3
60 29 25 54
68 50 15 31
16 9 8 15
5 1 1 5
65 56 52 29
73 56 59 50
96 24 19 17
15 10 7 9
11 5 9 6
7 5 3 4
100 58 2 18
19 5 15 6
23 14 1 18
82 78 72 4
11 5 3 2
5 4 3 1
9 6 1 5
15 13 1 8
28 25 26 15
35 17 31 35
44 4 3 25
36 33 2 6
11 7 8 7
85 10 24 59
6 3 6 4
70 64 23 26
53 4 13 30
84 3 74 6
24 24 9 15
36 6 8 24
34 7 24 30
53 32 35 45
2 2 2 1
64 2 43 58
98 2 67 96
84 70 57 34
44 4 10 32
26 14 2 2
45 31 36 36
88 8 14 2
67 55 3 42
36 11 35 22
97 14 61 63
74 59 10 65
46 37 30 32
42 40 33 40
85 17 43 78
37 15 14 1
88 21 25 59
65 24 52 42
78 64 44 52
61 13 31 19
83 43 35 37
77 13 68 33
73 43 9 70
37 33 14 10
34 16 15 26
16 2 16 6
5 1 3 4
76 31 8 71
75 36 53 27
11 10 9 7
14 10 7 11
57 32 35 9
41 7 14 2
82 64 7 30
3 2 3 3
96 30 11 60
80 9 32 44
8 8 5 1
74 2 33 54
13 10 2 4
95 73 40 15
93 18 39 46
98 30 21 79
57 45 40 21
79 48 8 67
10 9 8 4
54 47 51 18
34 25 27 17
52 41 12 26
26 20 20 7
4 2 4 1
92 80 3 75
21 6 8 3
56 20 47 6
74 18 41 24
31 6 14 12
91 54 38 54
20 9 20 5
30 10 29 18
33 1 19 4
56 45 28 17
24 4 14 21
20 15 17 12
58 21 43 26
2 1 2 1
61 44 41 10
75 27 32 29
88 5 25 65
8 2 1 8
63 63 55 16
34 23 10 33
74 50 72 68
86 67 10 5
79 30 62 56
78 54 34 46
80 62 45 23
14 14 1 6
25 7 17 23
45 41 26 23
14 7 3 7
75 30 62 61
36 27 16 12
2 2 1 1
51 2 41 22
87 66 12 40
65 14 51 1
92 92 31 92
81 4 80 69
15 13 14 7
66 4 7 41
73 35 7 72
100 3 75 48
28 2 16 4
41 11 33 31
39 6 21 35
61 48 41 3
25 8 12 12
48 36 8 10
53 2 37 27
35 29 12 23
26 1 18 4
74 36 55 50
15 1 13 4
91 52 38 34
97 40 25 12
70 30 13 6
89 82 6 60
27 23 25 1
57 29 3 31
16 4 10 12
61 28 42 55
22 14 3 7
96 17 45 25
19 18 4 1
3 2 3 3
33 30 18 3
66 49 61 28
98 91 85 98
49 12 16 14
53 32 12 13
60 4 31 35
54 34 36 23
50 5 47 36
57 11 53 25
91 22 29 34
70 8 57 6
57 55 25 15
40 7 39 2
31 1 19 31
50 14 35 41
71 56 45 17
15 8 8 14
24 8 14 10
37 11 12 12
21 14 1 19
8 8 2 2
32 21 4 20
38 33 24 35
55 18 15 49
42 35 4 22
86 55 20 7
4 1 1 1
24 12 3 20
84 72 47 61
95 9 79 6
15 12 1 2
49 22 16 46
84 84 83 16
77 44 41 40
68 4 54 28
76 6 7 59
86 31 63 17
74 72 35 46
99 94 72 6
80 68 15 46
77 10 29 12
24 23 3 24
20 20 3 4
23 5 11 12
18 7 2 17
44 34 21 23
30 26 29 26
9 4 8 5
34 17 17 4
69 4 34 11
71 60 19 23
71 47 9 42
27 5 6 27
30 28 12 12
72 53 19 35
11 8 8 9
65 39 38 49
62 12 17 15
38 1 2 30
64 23 21 39
37 22 31 26
3 1 2 1
27 6 23 18
37 36 18 14
20 4 12 2
99 23 14 67
52 29 50 45
86 53 22 69
66 57 52 62
51 40 13 20
66 65 43 57
41 22 36 30
89 82 7 58
11 1 4 3
79 56 39 2
35 25 12 9
78 20 36 15
62 40 43 61
75 67 60 53
47 27 30 34
61 41 46 2
36 30 11 16
12 7 1 11
34 29 34 31
25 22 23 23
23 5 17 13
79 46 41 34
45 16 12 16
51 31 24 37
75 9 45 26
91 9 58 45
93 61 84 48
51 32 33 17
83 33 12 4
27 4 5 27
81 74 46 11
25 13 14 22
58 16 9 34
76 1 17 36
22 8 12 12
34 4 4 32
29 4 5 3
53 35 28 32
79 74 38 50
39 38 1 9
42 6 14 13
3 1 1 1
28 6 24 15
95 79 48 17
100 59 7 31
11 6 11 8
93 6 76 85
88 71 2 6
41 29 17 33
42 12 17 21
94 72 28 20
100 24 55 57
19 4 2 19
81 71 2 47
55 24 27 44
9 2 3 1
52 35 27 23
56 4 7 25
100 31 36 50
16 6 16 8
49 29 8 41
99 76 31 71
25 11 10 20
50 17 4 10
48 16 24 16
46 40 26 34
20 14 14 5
15 4 3 6
57 37 34 30
27 6 11 23
100 75 4 27
86 19 70 1
55 32 36 10
34 31 20 23
75 72 68 18
44 7 7 9
61 44 44 48
93 54 83 67
37 5 7 36
41 14 38 5
15 1 6 4
100 9 64 63
73 50 55 69
68 30 66 65
95 69 95 8
19 17 3 13
48 18 5 20
86 61 30 37
53 35 46 26
12 10 8 10
50 32 31 21
90 82 81 12
61 14 7 13
28 4 5 26
20 12 13 8
56 52 10 12
40 12 16 28
48 45 48 6
79 28 63 78
54 26 2 19
73 6 73 22
24 3 19 8
83 24 65 75
84 14 16 15
78 63 67 42
30 12 7 11
51 50 40 17
28 9 12 14
26 9 17 9
77 44 70 3
70 16 11 26
44 8 44 18
96 83 58 21
76 17 10 66
48 32 30 28
97 27 75 72
69 17 42 31
94 52 54 61
26 24 19 11
62 54 56 60
40 8 2 25
50 18 15 9
25 1 24 14
16 6 16 12
85 10 64 66
99 11 93 32
68 59 41 45
54 10 28 49
31 30 6 16
81 58 48 61
94 82 39 55
94 14 19 8
30 3 14 9
66 16 22 17
80 3 35 56
49 7 25 15
97 42 94 13
25 9 14 15
27 8 21 12
55 39 45 38
3 2 2 2
75 12 38 19
21 7 3 9
78 16 41 60
10 3 8 8
18 14 1 2
8 7 8 3
57 27 36 2
21 7 6 1
67 45 52 18
10 2 2 9
67 63 12 46
57 46 5 32
78 4 47 24
53 39 2 16
79 63 3 62
75 66 55 26
9 3 8 7
15 6 9 6
61 49 32 46
4 4 4 3
40 23 22 31
2 2 2 1
31 3 4 13
56 35 30 7
74 30 1 42
33 13 19 32
74 22 26 8
72 26 20 8
94 72 70 67
94 16 84 76
2 2 2 1
3 3 3 3
76 16 16 68
10 7 4 8
78 49 47 6
21 21 21 12
42 28 42 11
60 35 12 4
86 9 25 21
97 7 76 3
65 60 65 6
87 81 61 18
61 32 4 26
17 8 17 11
9 9 5 5
93 93 42 47
68 60 56 44
34 11 4 31
97 42 18 27
83 4 50 64
56 39 52 32
23 21 14 12
47 30 11 3
58 12 16 17
27 12 14 18
42 9 16 7
41 22 19 8
60 1 39 59
30 21 16 18
34 5 13 4
59 24 35 10
29 22 11 21
85 50 43 24
25 11 25 10
93 18 79 5
50 16 30 45
70 33 22 13
84 24 44 61
24 5 15 18
23 6 11 5
51 9 10 13
87 15 44 60
53 12 15 48
31 29 6 2
62 41 30 51
22 5 10 16
39 10 33 34
95 34 24 27
93 84 90 11
35 21 27 20
41 41 14 3
56 2 7 44
95 53 67 2
43 1 27 20
26 16 2 1
71 36 23 9
7 7 2 5
24 10 7 22
33 22 22 27
37 25 9 4
83 69 47 36
94 24 53 41
37 35 3 22
58 51 1 56
82 75 31 33
89 66 3 55
26 25 21 5
15 12 9 15
98 45 78 42
97 47 57 68
35 24 21 29
2 2 2 2
87 78 76 25
50 13 24 28
14 4 14 11
22 14 16 9
14 5 13 1
48 4 9 18
63 40 16 31
65 51 48 60
92 15 30 10
85 22 74 84
58 27 48 53
53 8 18 5
83 22 65 64
99 54 45 64
26 18 25 21
56 18 33 5
7 1 1 1
99 96 96 36
54 43 47 50
43 12 40 37
38 8 7 25
60 17 47 38
51 45 29 20
35 8 25 13
71 50 34 34
16 12 7 4
20 19 4 10
65 16 16 31
91 75 58 49
46 21 46 33
60 14 26 24
19 18 12 17
12 10 1 5
12 10 12 9
31 19 9 5
16 4 14 14
100 45 31 16
50 21 45 23
5 4 5 3
5 4 5 5
66 45 38 41
12 7 9 9
53 2 17 2
19 12 16 19
39 32 11 5
64 16 37 31
66 12 13 52
41 33 40 32
17 17 16 11
64 15 10 62
65 32 2 29
20 12 12 1
47 26 1 16
70 9 3 70
97 60 28 10
23 20 22 15
33 9 29 30
46 18 37 23
80 20 47 34
72 37 58 58
68 65 67 13
67 31 58 40
69 12 26 59
83 51 10 56
72 5 56 22
55 55 12 1
79 66 67 67
80 31 57 72
13 12 1 5
32 21 20 20
49 18 39 46
29 13 29 27
69 25 13 36
22 14 1 20
92 85 41 25
27 27 4 11
30 5 17 6
43 30 10 42
39 32 2 13
52 3 48 5
31 20 15 24
8 4 1 8
64 21 30 21
49 39 40 47
19 16 4 14
61 57 16 14
16 10 15 11
55 34 19 7
53 37 45 10
32 13 10 13
10 6 4 7
57 44 48 20
78 55 46 44
84 52 21 3
47 6 44 2
20 1 11 3
90 61 49 58
24 20 1 7
58 40 19 53
94 13 38 31
84 50 31 72
61 22 22 20
82 71 36 46
69 12 59 36
3 1 1 3
16 2 4 13
48 18 29 25
48 20 12 35
8 3 8 8
38 10 30 30
11 6 4 3
40 14 5 14
7 1 1 6
19 13 15 11
17 10 5 7
49 39 27 11
79 69 78 7
96 38 27 82
78 70 77 41
41 21 29 3
42 41 3 31
58 16 31 18
91 26 71 73
72 60 40 27
94 14 59 61
72 14 29 29
88 86 58 81
86 47 86 38
93 41 53 36
40 13 15 14
21 15 5 1
99 18 1 90
69 31 61 69
48 5 21 32
78 3 60 13
24 8 2 2
64 16 6 20
4 3 3 3
52 18 8 9
2 2 1 2
71 66 26 70
71 45 10 31
61 40 39 50
15 15 6 4
5 3 3 2
90 23 82 15
93 84 64 92
74 73 70 44
41 34 22 13
54 42 35 6
44 9 40 20
55 33 1 21
38 25 2 7
26 8 19 16
19 7 10 8
16 11 7 3
70 7 65 6
82 26 68 75
36 4 35 11
84 19 55 38
3 3 2 3
88 14 15 65
56 6 5 31
23 15 19 22
19 12 19 8
71 44 60 5
40 32 32 24
54 38 19 17
48 26 15 9
7 1 7 2
90 1 11 11
8 5 6 6
71 33 19 62
4 4 2 4
29 26 23 12
47 32 7 20
34 20 4 3
30 6 27 18
12 10 7 3
84 4 83 1
88 60 38 30
45 35 33 35
57 21 29 16
51 35 22 22
62 54 26 53
14 4 10 13
26 10 7 19
2 2 2 1
28 8 5 15
45 7 24 31
67 46 29 61
21 10 1 15
27 18 12 27
65 59 16 18
65 62 20 62
85 3 30 50
70 39 23 64
42 42 37 37
66 66 20 49
64 6 60 27
22 7 2 1
84 83 3 58
97 96 67 10
57 43 36 9
36 1 23 25
12 1 11 3
95 42 90 53
88 65 73 79
60 32 7 44
15 7 7 4
38 22 37 17
15 13 1 8
47 17 28 45
61 13 50 46
7 7 1 7
87 43 85 69
72 66 56 11
95 84 35 9
19 9 13 10
27 23 8 13
78 49 3 62
11 11 8 8
85 63 33 23
53 37 8 44
37 1 16 10
62 29 28 46
46 37 6 7
96 68 56 27
67 45 54 46
82 30 5 61
95 8 89 5
6 2 3 3
51 35 27 17
11 7 1 11
91 77 27 91
84 44 50 37
36 3 36 6
39 34 15 20
27 2 3 5
72 9 57 72
20 8 9 2
49 31 19 3
3 3 3 2
24 17 22 14
6 3 3 5
36 17 3 25
40 18 21 31
46 10 43 30
89 50 84 34
21 8 18 12
31 23 22 21
47 43 11 7
22 5 8 16
38 26 36 10
21 17 11 6
85 52 74 34
23 20 5 2
14 11 5 3
87 30 6 18
48 44 28 33
30 10 23 13
67 22 33 23
98 78 9 29
24 22 3 12
82 13 79 70
49 2 37 35
98 6 27 78
6 4 2 2
7 2 7 6
20 14 7 11
88 37 28 55
79 12 34 15
62 27 38 46
50 40 4 35
4 2 3 4
23 3 1 17
15 7 6 8
28 7 10 2
41 29 33 30
25 24 22 17
53 45 35 11
10 7 10 4
17 12 14 2
75 65 73 18
84 46 79 10
29 21 26 14
79 26 39 56
52 39 47 16
64 60 53 60
51 4 21 9
30 1 8 22
27 3 23 23
13 6 9 4
8 5 7 3
60 46 42 9
33 14 23 21
25 4 16 4
27 16 26 18
49 2 35 47
44 21 24 29
72 49 55 2
15 9 1 14
79 61 5 15
22 10 22 11
12 9 9 7
33 28 23 2
60 13 34 17
2 2 2 2
3 2 1 2
23 16 18 1
32 23 32 23
53 3 36 39
16 6 15 13
50 34 23 17
30 7 25 14
99 88 89 35
22 5 22 19
22 21 12 20
58 43 10 11
81 13 7 26
42 36 25 2
39 15 14 37
77 48 60 47
39 33 19 28
39 27 11 32
23 2 20 2
63 41 25 53
60 21 60 6
46 6 32 44
76 36 50 9
90 7 15 42
15 2 12 9
7 2 1 6
70 30 14 4
42 2 32 27
66 62 7 8
49 22 37 2
3 1 2 1
96 73 85 93
48 32 14 39
72 10 15 66
37 5 22 10
74 4 43 24
46 41 35 46
87 79 22 73
44 43 27 11
34 7 31 30
72 57 69 25
71 31 18 44
81 63 46 39
5 5 4 2
51 37 11 34
88 42 17 10
3 3 2 3
31 20 12 8
21 16 1 20
29 9 24 10
10 1 2 8
91 50 46 26
74 49 55 8
71 49 44 36
96 66 26 70
90 76 6 67
67 5 57 52
6 6 6 5
15 2 11 5
68 23 39 68
81 18 25 64
63 38 12 46
19 13 14 14
15 6 2 14
38 13 24 7
48 43 47 44
40 39 15 8
4 4 3 1
46 5 30 34
24 11 5 6
48 22 37 3
81 67 12 32
65 57 57 43
57 42 50 52
57 21 52 36
91 49 22 32
52 46 8 3
31 14 19 31
31 4 3 2
68 52 16 38
28 11 27 25
21 6 14 11
22 4 15 10
32 27 2 4
94 21 9 49
32 15 1 27
35 24 27 17
43 19 39 11
24 12 15 19
72 51 8 3
80 29 73 25
66 53 50 66
46 30 10 19
96 37 80 20
49 23 39 33
59 50 7 14
91 63 5 67
45 11 28 9
75 13 23 33
99 50 20 16
23 9 17 20
38 22 37 26
75 56 52 37
39 18 33 33
91 91 42 23
50 38 23 35
30 14 2 12
5 2 2 4
14 5 9 7
74 6 74 38
49 17 45 10
85 38 80 13
30 29 26 22
31 2 28 18
49 10 29 2
3 2 3 2
49 4 5 43
91 55 36 46
8 5 7 2
55 34 13 28
86 35 60 45
95 68 68 30
91 11 38 35
38 15 22 12
48 10 22 3
3 1 3 3
70 70 13 52
22 5 7 11
20 7 6 17
35 12 3 7
29 12 8 4
23 4 18 20
12 1 9 2
86 20 58 85
51 45 23 39
47 23 46 41
81 77 50 23
94 68 18 44
80 59 55 2
15 6 3 15
84 51 28 28
36 3 30 28
89 29 75 61
61 16 33 60
28 4 11 23
10 2 7 8
56 40 16 45
73 44 18 73
81 55 58 47
63 49 31 56
59 42 33 39
73 8 30 33
38 9 16 10
69 29 49 33
97 89 54 91
91 42 1 77
14 8 11 2
58 58 31 54
18 10 17 7
63 54 41 32
51 25 6 16
45 4 37 25
10 10 8 8
26 8 10 16
28 11 3 15
10 3 4 6
82 80 54 40
58 53 42 57
6 2 1 1
19 8 6 4
22 19 19 6
87 31 8 51
68 29 35 28
85 36 46 71
12 5 10 7
94 56 74 61
95 83 11 40
72 63 59 33
90 79 46 8
53 2 34 6
97 68 64 39
39 32 19 31
36 31 24 32
76 53 15 43
95 50 70 74
65 15 22 2
78 28 42 36
82 1 66 81
82 75 69 17
14 2 12 6
30 3 16 20
21 10 13 19
58 44 36 37
33 1 15 4
50 42 17 38
63 55 61 62
34 2 21 1
30 11 11 22
78 22 22 48
22 2 4 4
34 14 22 11
98 26 87 53
50 14 45 19
14 3 14 14
65 13 15 20
76 39 45 10
76 75 76 8
82 48 65 11
10 3 3 3
57 10 34 53
68 11 25 1
68 62 49 64
72 5 38 72
62 27 14 62
24 4 1 2
49 21 34 46
44 5 39 18
26 22 7 10
75 58 64 37
44 17 15 10
65 26 37 48
73 67 32 73
39 17 3 24
10 4 8 7
28 2 15 2
33 24 12 29
57 42 26 39
68 24 52 8
19 14 10 6
24 20 21 12
53 20 50 42
85 75 79 39
51 7 36 33
46 19 32 23
90 32 83 44
74 55 60 72
21 8 18 20
13 13 9 7
48 27 20 2
14 14 4 1
96 3 6 44
46 21 15 46
58 19 54 41
36 32 19 36
96 50 75 55
40 16 39 30
90 15 38 61
32 17 20 17
90 8 82 86
10 6 9 8
5 5 2 1
38 9 16 28
66 12 47 60
16 7 3 5
45 34 18 34
28 24 21 14
45 23 15 44
43 3 18 7
80 30 43 18
90 85 58 89
96 68 19 36
48 11 41 48
4 2 1 4
47 28 36 46
12 8 10 7
79 46 59 1
13 9 6 11
73 49 10 49
99 40 35 31
79 10 25 19
88 34 46 4
49 27 35 31
80 37 50 66
23 10 4 3
64 25 53 51
90 18 6 83
16 6 6 11
59 45 43 44
40 34 10 5
14 14 13 10
22 5 15 14
9 4 9 2
3 2 1 1
16 13 4 15
63 13 23 14
44 31 25 15
14 13 14 1
32 21 9 13
20 10 10 15
15 4 12 13
55 30 45 51
12 4 3 3
47 24 13 44
39 38 14 37
90 59 54 6
66 33 57 40
88 18 27 33
75 63 48 42
83 67 73 4
11 11 6 4
59 57 59 58
86 3 85 40
50 16 25 13
28 17 7 15
23 10 7 2
53 20 7 49
27 16 26 12
78 56 55 36
5 1 5 1
27 18 25 6
4 3 3 4
71 18 33 8
67 1 58 15
82 47 33 22
80 39 1 20
11 2 6 6
51 39 11 51
4 4 1 1
85 42 66 39
49 2 25 36
87 85 44 59
54 36 3 46
14 4 11 6
84 72 53 17
59 18 8 13
3 3 2 2
28 19 24 13
73 35 31 26
54 35 49 30
62 44 47 59
35 27 8 15
77 3 47 33
80 75 18 24
30 21 7 1
83 4 38 42
86 57 32 73
33 17 10 30
4 2 3 4
78 49 3 33
32 6 1 12
54 32 52 51
79 37 2 32
77 41 50 13
53 47 49 53
7 4 4 1
82 43 39 11
80 18 48 37
42 1 35 25
28 17 3 16
52 5 21 40
93 6 75 4
67 53 45 20
6 1 4 2
69 16 52 36
29 16 9 1
78 37 53 41
54 36 12 27
24 19 9 6
86 22 77 83
81 53 77 11
5 1 5 2
6 3 1 6
39 12 36 27
84 5 5 52
33 30 24 29
92 39 29 8
44 19 10 43
20 9 1 20
42 34 22 14
74 53 40 24
45 17 12 18
97 55 75 13
57 19 21 27
99 84 1 9
30 6 10 27
9 1 6 4
58 45 43 5
46 7 38 4
35 25 17 32
45 4 20 7
82 23 18 20
35 6 1 29
98 19 54 82
56 43 26 28
81 35 3 74
44 21 3 30
35 18 17 24
9 6 8 3
75 18 12 8
43 43 38 37
48 31 7 38
63 24 36 54
37 28 19 21
27 4 4 1
6 4 6 1
100 41 71 72
7 3 2 7
88 11 5 37
84 71 11 44
32 1 30 8
56 15 4 30
98 92 2 82
100 18 27 57
34 9 30 22
38 29 34 23
48 17 25 9
9 9 9 2
100 93 74 22
18 6 6 16
12 2 6 6
54 53 38 6
63 54 8 23
93 76 65 19
55 31 50 29
29 4 19 2
46 34 11 31
92 86 46 55
69 61 56 69
46 41 9 17
46 26 38 32
25 21 25 13
22 12 21 7
89 8 58 18
71 60 33 32
66 53 26 32
50 33 26 13
49 16 23 9
19 3 19 17
93 33 88 39
22 16 17 10
60 48 57 18
21 11 11 20
53 29 41 33
96 67 60 11
22 10 1 2
42 19 33 19
73 56 67 31
74 42 68 45
53 14 24 33
45 22 30 20
3 1 1 3
65 53 65 57
89 15 46 1
38 22 6 33
27 21 11 7
88 34 3 22
25 11 11 17
57 6 8 23
27 21 24 11
27 25 19 21
79 24 16 51
85 70 32 1
63 13 30 24
3 2 3 3
29 14 19 22
56 46 18 36
70 21 26 10
17 12 4 10
94 94 31 66
15 2 14 2
49 25 26 10
49 47 1 12
41 24 27 23
62 43 52 40
39 23 8 3
54 24 29 15
58 38 25 57
23 14 23 20
6 4 4 4
95 57 37 92
75 23 62 75
56 37 39 5
53 23 13 28
50 19 33 14
88 59 77 46
30 24 20 24
19 16 12 19
49 12 16 49
8 4 8 8
2 2 2 1
100 39 46 40
94 66 10 79
11 11 3 11
14 2 3 12
5 1 2 1
98 29 3 6
19 10 16 15
78 63 53 55
62 22 48 7
3 3 1 3
16 1 8 16
85 44 15 30
44 36 6 43
80 11 72 42
74 28 21 25
78 16 42 46
89 86 33 78
29 4 20 11
18 6 11 14
18 13 1 12
28 11 28 25
21 14 21 20
58 40 15 37
94 22 73 93
34 22 29 24
44 20 44 2
91 22 25 29
83 28 52 61
69 4 20 19
91 28 43 78
51 8 42 45
24 4 9 18
10 1 1 3
27 12 9 14
75 3 55 48
46 2 6 16
5 3 3 5
54 42 45 26
40 8 12 18
77 53 15 72
65 65 19 42
81 47 10 71
14 3 6 14
54 18 25 2
49 35 49 44
55 7 10 44
50 48 23 13
7 3 1 6
32 1 32 26
76 29 19 64
86 19 36 47
26 16 23 10
5 4 1 3
18 4 1 11
92 29 54 78
56 21 53 32
22 11 16 10
14 9 4 8
11 2 8 9
100 91 22 98
57 30 37 32
41 19 6 4
2 2 2 2
59 35 38 16
69 41 5 19
76 4 23 50
84 78 55 64
39 3 35 8
60 1 42 33
15 13 13 5
34 21 4 2
65 24 34 32
84 29 49 29
79 46 52 33
15 12 3 11
58 42 36 2
45 15 26 41
29 4 25 24
6 3 5 2
64 55 3 49
16 14 11 15
89 81 7 61
66 50 30 37
14 10 2 14
63 57 25 35
5 3 3 4
8 7 7 8
52 16 1 45
6 4 2 6
94 59 25 39
45 40 8 6
85 42 11 54
86 35 46 62
82 19 9 38
40 4 6 16
87 78 31 54
75 4 54 42
22 18 6 8
73 61 13 53
91 79 6 47
96 35 76 42
52 37 5 17
82 33 76 38
5 3 5 2
92 18 53 77
40 22 20 39
58 21 43 23
40 15 1 23
49 36 28 38
12 2 3 5
77 75 57 19
4 2 4 2
47 10 13 22
63 43 6 48
96 80 46 59
60 30 11 25
29 14 10 12
88 22 55 46
42 20 4 21
32 21 19 30
46 12 3 6
11 4 5 5
29 7 14 6
20 4 6 12
94 65 14 41
75 44 40 37
95 50 3 13
12 11 6 11
86 45 46 45
42 7 20 38
41 6 37 3
40 9 31 1
61 13 4 46
13 6 13 13
54 36 31 47
53 11 31 37
48 31 42 17
7 7 1 6
83 4 60 63
46 41 5 36
95 70 13 47
44 3 12 6
85 38 63 75
76 59 71 36
81 42 41 74
86 21 29 16
27 3 20 14
14 12 7 12
72 45 45 33
90 46 27 45
27 25 18 5
95 76 20 61
66 19 59 45
29 16 16 28
11 3 7 3
47 17 20 37
97 88 42 20
72 39 67 44
97 17 7 91
29 29 4 23
17 16 7 14
59 57 22 7
93 88 89 21
61 26 61 55
5 1 4 3
9 1 9 3
58 9 44 12
4 4 1 2
15 6 3 2
93 11 7 42
60 40 23 20
39 3 17 2
63 57 50 40
6 6 2 6
89 64 70 71
45 43 19 38
99 42 48 91
21 3 11 6
13 2 10 6
2 2 1 1
85 11 47 38
19 10 18 13
33 21 3 3
47 6 8 37
74 65 19 48
36 6 27 31
50 34 6 42
64 34 13 45
39 6 7 5
56 22 44 56
63 30 6 34
74 59 62 10
16 11 12 3
42 31 12 4
24 4 18 4
88 43 84 3
32 18 27 18
42 27 29 4
27 6 18 26
96 8 80 18
75 63 48 65
50 19 39 22
11 1 4 5
65 49 13 27
2 2 2 1
49 45 23 15
30 18 7 26
46 29 9 2
35 29 15 12
45 37 43 43
30 27 14 16
51 45 32 39
57 7 51 33
92 79 83 57
72 35 20 38
98 55 37 87
54 35 39 24
61 13 26 9
25 16 10 7
31 4 1 17
81 58 33 73
79 27 16 33
4 4 2 3
37 18 31 11
56 50 28 47
58 12 26 3
12 12 5 1
72 42 39 20
92 26 49 72
46 33 25 20
57 44 42 11
31 13 16 5
28 15 24 27
25 12 10 5
48 2 21 27
24 2 14 15
86 64 79 35
87 37 27 63
3 2 2 2
23 7 17 21
95 32 3 74
55 17 7 45
38 11 9 35
45 19 21 39
24 20 1 4
47 41 10 46
86 61 14 65
6 6 4 3
88 66 67 3
45 19 9 18
22 16 4 20
62 28 53 22
31 11 5 12
5 2 5 2
47 42 41 38
27 3 1 21
5 1 4 3
34 4 13 19
83 20 43 50
81 78 36 19
75 26 12 19
43 24 33 27
43 7 19 39
47 39 24 6
95 35 39 6
2 2 2 2
73 18 38 66
72 30 7 40
73 12 21 33
78 69 26 59
89 70 16 53
66 18 4 45
86 68 80 4
25 5 12 22
54 6 9 43
13 10 10 10
31 5 29 17
43 15 19 42
99 98 48 26
42 9 17 32
37 1 34 19
92 62 91 69
19 10 19 14
41 18 27 20
81 72 37 4
72 27 4 44
100 85 47 74
44 44 28 15
81 37 9 50
50 11 36 26
81 65 6 24
21 7 18 8
88 51 27 39
44 36 42 40
32 25 10 9
89 59 63 34
44 27 33 13
39 26 11 34
11 11 5 2
52 26 9 18
18 10 13 13
25 22 13 10
98 91 49 8
84 66 3 42
7 7 2 5
86 34 1 43
36 4 28 6
61 9 54 46
27 21 10 8
87 52 55 57
7 1 4 5
76 71 58 8
86 41 83 85
27 12 20 10
90 61 65 33
6 4 1 1
58 9 29 23
39 5 24 20
90 56 78 42
57 29 14 18
76 53 14 53
66 3 31 45
79 30 18 43
50 50 35 36
17 9 12 12
10 2 9 7
59 55 23 33
93 29 66 4
92 72 20 2
82 34 4 57
75 40 47 74
75 75 4 51
78 51 4 65
60 53 25 57
28 6 13 2
65 20 47 34
92 1 78 12
18 8 4 8
55 27 9 32
4 1 3 4
90 36 59 89
67 17 44 18
57 48 26 20
32 23 18 11
95 81 17 79
76 60 47 76
74 46 23 73
35 12 25 25
38 22 36 2
18 7 14 13
82 24 11 22
50 39 16 49
95 45 32 8
13 12 11 2
18 17 18 5
45 16 35 31
33 22 33 18
85 5 70 37
8 5 8 6
94 76 32 94
27 21 24 9
52 4 25 15
61 51 18 56
47 45 34 16
7 1 6 6
15 7 15 10
66 45 16 6
46 44 32 40
31 29 9 9
47 20 1 43
41 39 33 16
68 51 3 60
60 48 39 6
95 64 52 90
81 16 37 53
9 4 1 1
3 2 3 2
98 82 39 62
50 31 11 41
41 27 1 15
42 4 26 11
92 54 4 54
88 82 82 48
14 4 1 9
4 2 2 3
2 1 2 2
2 2 2 2
95 53 77 39
34 2 10 25
59 13 42 53
97 9 76 77
99 51 61 25
59 27 27 32
57 30 47 19
60 4 28 7
45 24 23 40
50 45 21 48
33 14 1 3
82 32 64 14
45 29 4 33
77 66 49 8
23 1 8 14
40 8 24 17
13 11 3 12
96 29 74 93
94 37 84 3
51 17 29 22
44 24 30 24
13 12 11 3
2 2 2 2
26 5 6 5
100 82 89 27
75 8 65 59
75 38 31 5
36 32 22 23
52 19 22 29
44 16 43 27
29 3 24 10
14 2 2 8
80 24 38 65
66 60 23 23
55 39 24 3
32 32 4 14
15 14 12 12
88 53 86 31
78 72 45 30
57 13 33 13
58 44 18 31
64 56 53 26
37 22 35 33
17 9 2 5
46 21 36 5
21 8 20 18
55 31 24 35
37 27 33 36
54 41 41 38
28 12 6 26
97 86 44 39
21 1 7 21
94 2 34 87
9 9 8 3
96 87 84 78
26 5 4 12
99 48 23 60
93 15 15 55
45 16 5 35
51 24 16 3
98 10 81 72
99 56 74 28
5 1 2 3
5 5 2 2
19 19 15 9
7 7 7 2
3 3 2 2
42 20 33 36
53 40 51 40
90 9 51 54
42 26 21 17
12 5 11 6
78 63 69 70
90 10 2 5
89 82 45 2
51 28 5 42
67 3 36 41
52 39 11 27
16 5 1 4
70 4 57 38
67 21 8 16
93 34 20 67
65 56 53 52
95 10 69 22
16 16 6 12
81 38 68 76
63 47 30 41
38 31 12 35
89 55 26 43
29 1 13 12
30 19 27 25
30 20 24 29
84 1 32 77
82 27 64 77
82 79 78 80
40 35 2 34
81 72 63 59
12 4 3 12
96 79 91 88
64 23 13 47
75 24 70 68
56 33 52 48
61 24 9 52
34 28 2 21
20 20 16 3
96 83 40 1
96 72 67 76
91 82 86 61
94 51 72 25
86 23 67 10
76 23 15 47
30 25 9 24
19 16 10 14
11 6 2 1
74 45 27 30
57 51 21 24
16 6 3 12
29 5 16 13
89 5 24 14
8 5 3 1
43 9 37 32
39 14 21 20
75 48 33 30
19 13 3 10
100 69 41 11
65 7 47 42
35 21 9 27
75 33 36 5
47 18 1 20
48 42 12 46
5 5 1 5
63 28 9 14
47 44 3 13
86 50 12 71
81 68 18 33
8 2 3 1
96 21 46 80
28 27 10 13
49 11 32 38
32 2 20 7
93 92 50 79
63 15 42 29
61 41 4 42
40 22 16 18
44 15 20 7
4 4 3 2
51 9 13 18
10 10 10 3
6 6 6 2
55 11 7 38
37 34 16 1
66 34 2 7
53 5 7 10
37 18 34 26
95 19 50 1
80 17 26 43
27 17 20 15
8 6 6 8
81 38 3 37
83 40 17 46
47 9 24 34
70 49 6 15
65 49 19 9
81 58 77 40
13 6 5 10
26 10 2 11
50 26 2 16
100 21 59 15
51 9 5 9
70 59 12 27
86 53 2 50
3 2 3 2
67 37 61 16
83 61 71 33
47 46 4 21
83 44 80 57
87 42 71 19
97 66 48 55
69 66 43 9
26 12 8 12
5 2 1 1
81 8 49 34
95 57 52 57
10 2 4 2
95 29 60 39
69 20 64 57
64 60 29 58
28 7 4 18
11 5 9 1
68 15 38 28
81 28 42 10
47 26 21 46
36 13 10 2
54 11 4 39
25 16 23 12
31 17 25 2
50 6 47 26
45 14 10 44
44 43 16 28
3 1 2 2
93 10 87 53
31 28 23 23
80 72 48 79
42 7 29 4
71 12 24 22
65 12 14 39
85 25 14 79
20 11 19 11
17 8 11 4
61 7 17 48
80 35 71 80
38 35 30 17
2 1 2 1
57 51 33 4
99 49 53 31
5 2 4 1
8 8 8 2
76 10 55 46
24 7 21 16
96 23 48 24
11 10 8 3
34 26 34 26
78 21 26 6
67 18 65 6
32 15 26 18
58 14 34 17
13 3 3 6
20 18 6 4
58 56 3 55
14 3 4 3
54 21 12 28
84 15 81 78
54 43 8 9
94 37 23 56
12 2 11 10
62 18 57 2
6 5 1 5
29 18 15 8
74 43 62 29
70 7 6 36
10 4 6 10
53 41 5 30
80 73 62 69
55 14 44 55
95 32 42 95
62 30 49 46
81 75 35 34
95 88 76 12
21 21 7 11
9 7 4 2
86 20 72 79
69 2 22 18
83 73 81 45
81 25 34 30
90 41 76 33
19 14 3 18
61 43 16 2
19 12 7 6
62 23 8 62
49 3 43 38
29 14 26 7
21 6 18 12
28 22 28 27
87 76 28 76
93 66 37 80
86 29 57 78
51 44 31 22
44 20 8 18
40 15 27 6
86 54 37 58
72 55 52 31
86 7 47 85
63 30 41 34
2 2 1 2
85 18 2 20
57 2 15 7
17 3 7 17
21 4 4 14
22 7 17 9
50 19 14 45
54 2 37 28
88 25 87 81
20 17 14 16
9 2 6 9
34 9 22 3
69 53 61 42
10 10 10 8
78 53 19 54
28 11 4 1
91 87 65 91
5 3 1 2
42 7 16 10
93 19 92 29
4 4 4 1
75 58 41 39
5 2 4 3
57 4 36 50
12 2 11 7
100 5 79 44
32 12 24 25
28 18 17 21
54 15 17 45
52 47 38 52
37 37 31 26
57 6 9 38
75 8 20 47
76 64 61 49
53 26 36 19
29 17 17 19
62 3 35 27
88 83 3 65
62 28 27 31
36 25 2 8
51 51 13 24
10 3 4 10
57 40 8 37
90 59 22 37
53 43 1 29
35 6 23 11
92 46 89 17
95 66 89 73
32 26 1 31
85 10 57 6
88 36 25 31
9 1 2 8
20 12 19 19
82 71 58 28
89 80 22 40
21 13 10 10
26 22 7 14
56 47 47 2
81 6 58 37
41 7 6 22
23 5 13 1
72 8 52 27
78 36 21 8
21 17 7 19
94 60 71 19
33 15 27 7
39 17 17 29
12 6 9 2
74 60 34 54
85 29 2 78
99 39 71 58
87 51 51 50
77 75 75 75
81 77 1 39
66 29 58 19
87 12 59 9
26 24 13 12
81 71 7 42
58 48 50 11
15 5 15 3
17 16 5 11
100 63 65 48
12 12 9 8
57 23 2 52
100 72 53 18
70 8 56 65
97 41 41 39
76 26 34 61
5 3 5 2
55 3 1 12
42 36 9 10
80 14 22 14
43 39 28 43
2 1 2 2
24 10 5 16
10 10 9 10
82 36 74 13
34 34 18 20
25 14 6 12
35 3 15 12
83 62 49 21
53 43 14 16
79 68 2 60
92 75 1 69
53 21 42 50
26 18 17 7
3 3 1 2
98 5 33 96
27 14 5 9
25 11 17 12
97 39 85 90
26 17 13 20
32 29 8 18
26 19 18 24
92 70 62 67
53 44 15 3
7 4 6 1
8 4 4 4
57 19 31 8
70 30 51 24
40 2 1 35
79 31 32 16
12 11 3 5
15 11 3 10
52 50 6 13
21 1 2 1
84 5 84 13
35 17 15 33
20 7 1 5
70 65 24 8
63 19 20 31
66 13 62 33
73 32 2 13
98 10 11 62
17 13 16 7
74 40 50 8
40 12 37 23
54 47 10 29
88 35 2 83
59 9 5 58
20 17 11 1
72 18 50 58
100 68 28 41
85 69 29 50
36 14 25 18
44 37 38 18
68 23 37 38
50 17 25 19
94 33 38 73
20 1 20 3
44 2 37 26
83 62 67 65
34 12 29 8
89 18 76 48
72 51 17 50
23 8 16 14
99 39 15 91
9 3 1 9
65 15 64 37
49 17 5 41
3 3 3 2
77 45 11 22
91 84 91 88
12 2 3 8
38 5 25 7
98 92 96 4
96 30 41 53
12 2 4 6
16 16 11 14
4 4 4 3
100 70 13 7
70 30 9 43
99 33 96 10
63 63 6 58
68 48 9 56
16 5 11 6
40 14 2 18
54 13 38 50
59 27 33 50
46 8 34 11
83 14 18 30
17 11 17 6
40 18 10 7
72 44 44 57
95 61 44 2
35 1 12 35
28 10 10 27
5 2 4 5
47 29 22 9
3 3 3 2
18 5 6 13
61 46 49 9
37 37 13 28
28 11 5 14
85 73 31 37
75 15 6 32
97 54 44 27
73 4 23 70
99 28 8 62
72 35 17 50
78 68 8 31
22 11 12 21
42 31 24 37
19 16 19 12
86 34 33 77
48 10 9 20
37 21 15 7
93 46 71 73
10 10 4 2
4 2 2 2
52 36 37 24
79 30 46 71
2 2 2 1
92 29 32 23
34 22 14 29
96 39 86 72
90 79 19 51
5 2 1 2
19 14 2 10
22 9 15 14
67 38 17 3
95 93 2 41
33 14 27 2
42 15 34 11
29 12 27 4
88 77 15 37
76 32 44 45
80 74 28 43
32 28 30 9
3 2 3 3
12 11 7 12
60 25 25 24
63 20 30 2
79 67 4 41
88 87 26 41
83 51 60 69
19 9 5 17
30 9 24 11
18 8 3 18
8 4 3 2
23 10 7 6
22 5 6 6
75 28 65 46
32 23 10 26
48 17 40 12
31 28 19 17
56 11 34 44
85 80 14 77
25 8 20 11
71 10 40 65
11 9 7 9
54 7 25 44
60 45 31 43
58 48 14 58
89 59 32 88
92 76 18 12
35 1 11 21
84 60 10 50
14 2 8 9
73 27 4 69
44 39 11 15
40 32 18 5
80 49 76 24
48 48 20 28
64 57 28 13
30 22 3 7
78 26 71 12
81 10 34 38
4 1 3 3
69 63 24 56
32 27 20 8
86 9 16 68
88 25 79 29
25 19 4 21
47 38 33 21
62 56 53 31
31 1 29 21
49 42 15 3
16 5 15 3
58 14 58 25
15 11 5 15
100 34 21 41
70 6 39 42
20 14 16 7
64 29 27 26
52 42 47 4
83 16 38 9
2 2 1 1
64 35 4 57
85 28 63 23
3 2 2 3
49 24 19 46
31 15 8 17
99 42 12 36
44 36 14 3
47 14 36 42
93 44 76 41
63 30 13 36
90 80 34 86
79 40 45 17
87 18 48 49
23 19 9 2
47 26 11 38
9 4 9 1
53 21 31 24
87 19 7 17
2 1 2 1
19 4 8 3
45 35 15 23
96 96 86 56
62 37 23 46
84 6 37 82
20 3 15 7
14 4 5 10
57 27 51 52
40 8 9 10
91 21 81 69
60 52 12 30
18 15 1 9
45 2 22 1
10 1 3 9
97 73 30 15
86 72 77 3
47 41 25 35
59 33 50 4
50 34 30 20
76 44 34 29
39 11 14 27
33 27 6 28
24 16 12 14
40 25 4 39
56 49 48 17
60 50 6 48
66 14 32 39
58 31 1 36
54 48 23 8
84 38 5 70
71 10 14 9
54 40 29 2
78 27 78 23
64 16 46 58
94 77 53 27
26 14 2 24
95 89 18 51
74 73 22 25
66 13 46 18
21 16 4 11
10 8 10 2
28 13 25 23
39 12 22 25
16 10 9 12
23 5 4 4
50 8 18 16
76 11 3 29
90 90 17 63
49 21 4 14
12 6 12 11
78 48 61 52
22 6 22 9
59 56 6 43
49 2 26 32
91 80 28 20
84 81 5 34
7 6 7 2
45 39 33 7
52 13 34 11
59 52 22 38
37 17 5 31
26 22 7 19
29 29 24 27
75 67 11 41
94 13 26 45
2 1 1 2
35 4 10 8
94 70 51 67
83 27 65 77
53 23 34 34
17 3 3 9
15 14 7 13
21 12 6 20
12 9 3 11
8 8 6 1
17 15 12 8
39 25 9 30
13 7 1 4
23 3 6 23
22 16 22 10
82 67 66 6
64 55 42 59
29 4 11 2
9 9 8 3
87 76 11 59
93 50 31 50
39 13 8 17
68 37 64 2
17 8 17 13
40 35 27 18
73 24 64 71
16 13 3 16
20 7 11 12
58 14 35 21
5 3 2 4
99 47 81 4
64 52 33 3
20 4 6 6
77 14 14 71
5 4 3 1
49 43 49 6
74 30 27 29
12 5 2 4
9 8 9 7
74 2 55 64
25 11 12 15
14 2 3 10
44 24 7 31
42 2 22 41
63 42 30 45
92 84 56 12
99 23 25 43
71 3 66 15
97 89 22 76
58 51 1 54
70 48 34 64
58 52 22 20
97 35 67 97
72 51 69 41
60 31 32 24
81 50 71 55
6 1 4 5
49 8 27 26
10 7 2 3
92 63 73 39
61 58 29 29
75 17 36 47
28 14 5 17
33 30 5 1
21 21 14 4
75 65 61 56
11 3 7 11
92 68 10 29
53 34 20 50
13 4 3 2
44 28 21 36
29 28 29 13
81 51 80 61
62 14 31 38
56 21 18 50
79 44 6 79
46 27 2 34
87 31 1 12
82 65 58 66
72 14 2 34
34 15 18 9
63 14 9 60
85 5 53 85
74 22 20 69
18 8 18 17
91 2 79 33
43 33 17 27
74 48 60 62
37 4 27 4
24 20 17 2
66 53 33 37
83 9 12 30
64 36 26 25
40 2 2 16
86 58 35 49
35 30 20 12
31 23 29 15
85 59 55 80
8 4 8 3
32 17 9 23
37 37 12 23
50 25 21 44
38 26 31 13
55 44 25 9
97 66 91 47
50 31 2 31
29 21 14 3
27 5 18 2
42 29 41 21
9 5 8 5
31 11 17 29
58 8 48 32
89 67 6 5
65 39 64 60
98 87 24 62
20 4 11 7
3 3 1 1
75 30 37 55
33 18 28 29
36 30 24 6
16 11 11 2
25 22 8 11
4 2 2 3
89 48 44 82
97 18 45 50
9 5 5 8
30 26 5 10
62 43 28 21
71 61 63 8
53 18 28 3
25 15 15 3
54 50 51 33
13 1 12 8
96 46 33 92
59 36 1 35
82 49 56 19
70 3 10 42
76 39 45 56
86 63 76 65
54 27 41 43
3 2 1 3
78 24 51 70
15 6 11 11
78 53 25 28
95 63 49 57
96 6 69 11
8 2 6 4
76 45 45 34
50 43 46 46
91 82 74 60
6 4 3 2
81 23 25 70
57 18 19 15
51 31 15 8
9 5 6 4
12 2 9 10
67 34 12 57
80 16 21 26
17 13 1 11
26 13 26 15
81 25 4 73
2 2 1 2
38 29 23 5
50 47 15 5
35 32 31 9
95 81 37 30
3 2 2 1
30 29 9 23
7 3 3 6
8 7 6 1
97 66 51 89
27 11 9 13
4 1 2 2
92 65 61 89
64 15 19 38
30 23 12 15
78 5 21 24
71 55 43 55
11 4 7 2
2 2 2 2
73 22 23 11
79 11 76 27
97 40 58 94
92 2 42 82
35 29 4 32
96 18 85 6
28 8 24 24
5 1 3 2
73 41 72 17
64 46 59 30
92 76 84 4
87 59 27 26
25 7 13 11
72 36 55 42
34 10 10 31
70 26 30 67
39 25 26 35
53 14 46 27
62 31 7 14
58 37 50 53
90 55 46 29
100 72 12 80
72 25 63 9
15 12 13 4
95 81 56 13
100 21 17 86
39 31 6 36
93 89 92 75
51 48 18 31
86 16 39 5
44 34 11 29
43 24 32 36
16 12 11 2
23 1 20 15
86 21 82 69
92 40 53 33
53 32 43 4
21 3 15 6
45 13 11 20
8 5 2 8
50 5 22 30
66 57 15 46
87 48 76 51
82 68 14 65
39 30 4 14
35 31 26 31
43 42 43 10
59 24 14 58
21 6 18 9
20 10 3 5
94 17 17 21
5 3 1 1
20 4 11 5
14 13 9 9
28 8 5 28
62 42 59 30
29 24 29 2
66 52 34 3
41 31 8 35
70 23 46 58
21 20 8 3
22 7 14 18
43 5 42 34
66 38 52 35
76 18 38 35
37 35 13 22
86 4 12 57
13 5 10 13
91 47 3 19
62 18 14 28
56 33 33 44
10 10 9 9
75 17 35 48
68 14 63 31
8 2 3 6
64 54 43 17
43 38 34 19
23 19 17 5
56 41 51 56
15 8 3 11
73 45 37 2
43 14 34 10
52 45 8 44
43 43 30 34
79 33 13 22
24 6 12 23
27 14 1 23
59 49 17 23
81 23 76 15
57 9 4 24
54 54 2 52
43 42 24 13
64 16 24 6
70 35 16 10
72 27 69 24
8 1 1 6
17 10 9 11
40 28 5 33
24 10 8 3
17 8 10 16
8 7 5 2
41 26 21 1
97 89 17 80
48 44 35 38
61 31 1 24
89 11 78 6
24 23 10 1
85 32 82 37
6 5 1 5
17 9 4 12
95 20 76 95
92 72 7 65
85 72 81 55
89 33 1 70
76 71 46 57
20 1 11 13
70 34 36 17
56 35 12 25
12 8 12 10
31 26 24 22
67 7 64 19
3 2 2 1
47 15 18 29
35 1 20 31
93 2 68 32
36 20 12 36
83 27 59 45
34 3 7 34
14 10 11 3
56 43 15 6
88 16 27 69
31 9 9 24
41 2 22 23
7 1 3 2
61 57 47 6
98 59 82 56
27 22 5 18
58 49 39 5
96 90 40 84
30 18 6 22
33 32 32 20
89 60 77 57
23 1 21 18
23 2 3 18
47 8 28 35
27 8 4 9
93 9 9 83
15 2 12 5
50 21 44 31
17 4 13 7
6 1 2 5
30 28 7 14
93 19 79 46
25 13 13 2
94 61 78 35
96 42 47 21
42 12 14 7
6 3 2 6
21 1 19 3
50 48 34 45
32 16 30 1
62 22 11 51
72 18 3 25
50 21 40 16
57 27 54 7
88 49 40 75
9 1 2 7
15 15 9 10
64 37 21 52
44 29 22 25
51 27 32 16
24 23 15 8
65 31 2 62
65 33 48 44
36 21 28 22
30 18 24 26
24 20 2 21
61 57 26 36
83 70 3 23
83 63 74 54
20 4 12 9
68 32 29 15
19 8 16 15
92 74 71 75
18 12 12 9
90 26 5 68
51 47 13 3
57 19 48 29
98 39 20 17
45 1 2 21
26 6 9 22
42 33 29 42
13 8 13 10
77 64 77 72
20 11 7 18
37 23 7 34
75 8 63 49
23 8 16 7
16 11 16 11
53 13 24 50
82 3 81 65
19 8 2 14
65 63 39 48
86 53 25 77
97 37 25 92
28 23 18 22
23 19 23 2
90 82 26 87
51 29 22 6
47 5 21 19
12 1 12 6
38 19 10 27
77 34 46 3
29 16 11 12
81 7 44 46
20 5 15 7
15 4 7 10
37 25 23 24
83 24 44 46
78 36 17 46
98 30 54 40
92 24 49 65
14 10 11 12
90 22 72 87
75 58 63 27
39 7 22 10
78 41 78 32
13 10 5 12
49 42 38 15
62 44 42 61
68 20 7 6
65 9 37 19
60 6 40 52
40 16 28 34
38 5 21 12
16 6 13 12
60 41 43 7
96 42 67 92
34 23 24 21
84 15 49 59
78 40 48 28
63 39 25 6
4 2 4 3
26 1 20 5
43 39 26 16
100 68 38 9
75 10 7 16
64 16 3 55
69 25 64 43
81 18 63 28
27 23 10 11
94 46 33 16
42 40 33 30
15 5 13 9
48 36 22 15
39 25 33 13
27 11 6 25
94 19 50 25
77 14 66 26
43 32 4 12
67 19 38 8
26 12 7 4
14 8 5 10
23 15 12 4
10 2 7 5
77 16 11 31
29 12 28 21
98 62 89 66
25 6 7 8
76 68 58 35
7 4 7 4
67 17 17 15
67 24 2 9
6 6 1 4
9 3 8 6
75 28 30 10
39 10 15 27
3 2 1 2
12 4 1 12
58 39 32 53
57 5 45 10
12 4 10 5
87 54 51 57
63 31 15 7
8 4 4 1
74 40 43 71
81 21 27 14
69 2 52 59
47 2 31 25
44 37 14 9
29 9 2 24
80 64 1 34
41 1 8 2
85 9 42 25
85 12 72 70
55 25 18 7
66 42 21 56
98 48 63 90
13 9 8 13
68 61 20 16
73 16 27 53
71 38 45 68
57 53 7 33
71 33 4 63
22 18 15 2
5 3 1 2
72 2 71 55
32 26 15 31
31 31 29 31
5 1 5 2
72 39 7 42
95 29 48 38
13 11 5 1
7 1 2 5
7 3 6 3
2 1 1 2
9 6 2 8
85 22 15 59
60 47 51 45
68 46 68 27
12 3 12 4
71 41 53 11
61 49 36 47
11 9 6 4
17 7 8 12
11 11 8 11
79 60 36 12
81 27 30 32
59 24 42 17
83 31 38 68
29 9 1 28
80 48 2 29
67 20 22 16
77 18 75 33
61 8 59 57
85 52 16 75
66 60 34 57
48 31 6 24
84 1 61 69
88 59 25 64
49 40 43 4
47 2 43 15
62 19 4 33
46 4 43 38
30 30 9 3
31 29 24 26
71 18 12 52
81 4 36 38
31 6 16 7
72 68 30 48
2 1 1 2
61 48 34 32
26 26 2 4
28 1 28 7
95 11 63 53
46 33 17 19
16 15 2 5
28 18 2 13
3 2 1 1
8 5 2 5
57 9 7 6
72 41 30 35
62 9 27 3
41 30 2 23
51 26 3 38
63 29 12 41
36 28 17 11
48 13 10 21
32 9 13 32
18 4 15 12
38 9 12 30
83 11 44 6
18 7 10 11
40 29 39 16
21 11 4 11
26 6 19 24
67 17 50 65
30 7 3 8
76 20 75 60
24 3 8 24
16 16 10 3
30 28 15 2
54 3 34 39
57 3 38 20
28 5 27 5
52 51 38 30
13 2 13 8
29 12 26 5
40 16 8 32
16 5 5 3
70 43 46 27
81 56 56 38
84 68 32 18
63 26 54 21
82 68 27 55
44 15 18 32
36 9 34 31
34 30 29 32
34 20 12 23
46 5 30 32
16 4 2 14
80 57 63 63
14 2 14 13
34 9 32 10
76 8 20 4
60 53 54 10
62 19 21 13
97 40 42 90
29 8 28 15
78 35 70 75
54 20 1 22
77 77 77 20
100 49 94 64
58 28 19 56
49 38 38 2
84 51 60 29
89 79 81 52
51 1 12 8
45 32 4 23
2 1 2 2
40 36 39 19
54 6 11 35
86 38 66 62
94 33 52 91
30 5 6 7
91 72 54 7
95 39 40 7
51 29 33 9
53 4 45 41
47 8 40 42
88 67 63 61
66 10 65 58
79 77 45 34
48 43 23 17
69 3 42 48
64 30 60 47
38 25 25 26
49 32 5 38
95 70 45 83
91 82 32 21
97 49 81 7
74 28 12 2
4 2 1 1
62 49 54 2
3 2 2 2
62 42 45 4
86 18 68 59
44 36 22 19
9 9 1 8
29 11 22 5
90 18 84 70
20 2 10 8
53 46 32 38
7 1 1 6
58 44 2 13
64 59 64 62
80 13 20 28
39 13 27 36
32 8 26 6
14 6 13 12
27 8 27 3
85 85 57 11
73 10 9 59
31 4 30 30
96 92 21 74
41 38 9 5
75 21 29 39
100 55 35 76
17 10 12 3
92 54 84 71
65 8 52 31
33 7 12 24
57 36 40 41
58 53 57 2
7 5 6 5
46 24 13 18
55 5 32 47
80 60 34 53
9 1 9 7
49 20 42 11
89 15 70 85
52 7 32 38
75 66 64 27
48 9 8 11
69 17 47 37
17 4 13 17
20 6 17 16
90 69 3 32
30 16 20 15
7 5 3 4
81 76 34 10
64 8 61 30
8 2 3 7
77 30 57 43
68 63 13 10
64 25 16 7
86 39 24 72
11 10 10 7
82 32 5 43
26 19 2 20
25 20 8 11
76 1 45 16
39 8 10 28
61 59 42 33
69 49 27 18
98 11 93 18
2 1 2 2
58 2 12 6
7 6 5 5
10 7 5 7
86 11 61 68
99 62 64 19
39 27 33 23
31 26 23 21
37 37 31 6
39 20 6 30
69 55 42 8
41 25 8 31
90 18 43 45
17 8 4 2
59 57 48 42
37 20 21 3
2 2 2 1
33 32 25 1
77 2 12 73
60 57 37 44
61 55 11 48
63 8 26 14
59 20 28 46
56 3 38 31
64 5 53 50
94 25 74 67
51 31 16 30
92 73 55 82
91 79 48 40
28 12 21 18
39 9 26 29
60 9 21 9
23 10 13 22
36 34 28 7
14 5 7 7
20 13 7 16
10 2 8 10
41 37 37 9
83 27 39 70
39 23 29 10
38 32 10 19
79 15 55 56
95 5 31 80
86 63 20 66
78 61 38 30
52 11 40 8
93 32 84 50
23 11 11 23
54 34 51 5
31 15 5 12
79 53 43 40
40 38 2 2
58 19 22 54
35 3 19 2
87 33 84 17
20 3 7 5
22 21 9 12
20 18 1 13
71 26 12 8
57 11 13 7
82 54 6 46
57 28 20 15
8 7 3 2
47 26 3 36
5 2 3 1
41 6 10 14
21 4 13 12
55 17 23 42
79 2 22 6
55 28 6 40
62 47 15 51
91 2 51 57
25 17 1 16
5 3 3 3
57 27 46 47
58 16 37 17
27 23 1 4
29 2 7 22
41 9 28 33
100 99 85 52
80 12 4 19
96 12 31 60
31 26 23 31
24 21 18 6
21 7 7 1
77 12 28 61
39 31 10 16
39 37 37 25
90 13 12 22
66 34 4 21
97 52 27 6
59 27 27 15
95 69 91 36
15 3 15 13
31 1 10 12
4 3 4 2
29 21 19 17
58 51 24 47
3 3 1 1
92 44 63 4
73 39 51 50
30 3 18 14
3 1 2 2
61 61 45 17
11 5 6 3
15 12 11 1
86 14 63 36
61 20 48 40
69 54 69 24
14 10 14 12
16 6 4 12
61 9 22 33
98 28 18 81
53 11 23 31
58 17 41 11
79 25 62 42
3 3 3 3
66 32 31 45
37 21 2 17
59 45 13 46
20 5 12 17
3 3 3 1
35 18 23 24
56 8 34 27
54 53 13 43
76 11 73 61
47 39 25 7
82 81 11 49
32 12 13 3
27 5 21 10
35 30 4 31
51 31 22 22
39 14 23 7
36 5 4 3
76 67 47 12
33 18 21 33
37 27 14 30
32 20 18 8
19 8 2 1
75 58 28 4
43 16 4 40
8 8 2 6
64 2 1 55
18 9 15 11
70 5 48 65
51 5 15 13
72 7 39 25
41 14 17 9
14 13 8 3
45 26 2 10
67 35 11 46
96 16 96 8
99 87 21 43
100 48 71 82
33 9 14 1
95 85 51 45
72 41 69 54
71 6 46 29
32 28 32 22
46 33 6 5
41 4 34 36
88 68 88 9
13 4 7 2
69 19 67 42
62 11 33 1
12 3 3 12
43 37 1 27
57 51 44 51
9 5 6 6
50 1 11 41
37 20 22 14
38 19 24 32
32 21 14 1
15 6 12 5
53 15 10 19
65 49 29 37
3 2 1 3
89 41 57 86
55 13 3 41
98 50 37 6
29 21 1 24
17 10 1 11
64 30 18 9
68 14 10 18
61 55 31 12
2 1 1 2
89 54 39 70
25 10 24 22
76 32 39 42
38 21 21 30
38 27 15 11
67 35 33 21
61 27 21 40
8 6 4 7
94 64 73 53
66 64 26 19
12 9 8 7
96 10 70 31
69 11 34 64
25 23 5 25
6 6 6 6
6 1 3 5
71 17 12 4
31 16 1 9
22 6 10 1
11 10 7 6
94 75 71 73
47 31 32 16
54 8 44 41
52 47 30 32
52 11 26 2
94 72 91 87
79 70 38 29
51 11 34 37
38 12 26 34
14 6 9 6
5 4 2 3
86 41 47 18
19 11 10 10
50 16 19 12
81 56 17 14
95 28 27 56
16 3 3 1
25 21 18 4
71 42 61 30
63 25 11 41
47 40 23 27
27 5 17 5
29 19 6 29
87 72 47 31
78 69 52 67
49 36 43 30
8 4 5 6
11 6 1 5
37 15 10 15
48 37 22 18
98 95 55 35
15 5 6 15
22 6 15 19
50 4 10 41
30 26 17 13
29 16 26 4
96 64 41 5
64 42 17 34
22 12 3 8
97 39 40 94
75 18 67 6
92 72 40 60
83 1 71 70
27 18 21 22
42 36 40 27
23 3 15 5
97 90 93 40
12 3 5 1
90 16 58 44
38 14 36 4
3 1 3 3
57 56 18 49
100 52 40 1
71 14 34 64
5 3 4 3
63 23 10 10
45 10 5 35
53 52 22 51
10 5 9 7
18 5 3 7
75 43 11 70
21 8 13 8
30 20 1 18
52 12 51 4
67 40 65 44
89 82 8 70
94 91 25 11
94 78 17 50
54 22 8 6
68 54 31 18
54 15 12 21
46 26 43 4
25 6 8 11
10 7 9 4
80 53 75 8
27 4 12 16
34 22 33 26
11 3 8 11
73 9 4 48
74 50 28 19
53 21 24 16
37 21 27 32
96 53 36 80
49 4 37 28
79 74 21 34
85 32 60 48
73 27 1 1
20 10 18 12
79 70 72 9
5 4 2 5
2 1 1 2
98 34 87 57
61 3 12 35
75 17 46 7
19 11 2 18
57 23 23 38
30 29 18 1
81 21 19 25
98 72 37 77
15 3 11 10
48 9 25 45
9 8 7 9
62 14 12 39
69 35 39 3
63 44 14 16
77 26 52 76
63 42 36 49
11 2 4 2
35 6 17 21
24 4 20 2
5 3 5 5
22 12 3 6
67 25 66 53
7 3 6 2
62 49 40 46
22 15 17 2
20 3 5 15
56 21 15 55
21 3 1 8
26 24 23 8
7 2 5 4
76 76 34 8
59 27 47 55
63 17 27 51
86 44 41 64
28 20 11 7
5 4 2 3
41 16 41 3
24 21 21 12
61 42 26 11
76 28 18 33
29 20 11 29
97 6 40 5
84 74 8 50
16 4 7 3
41 14 26 31
25 1 18 18
98 57 33 63
96 9 23 40
19 15 19 11
93 86 36 55
59 20 33 56
53 2 31 53
58 45 3 10
45 41 28 22
70 46 4 65
25 13 3 7
40 31 6 26
54 3 42 36
43 13 11 23
92 31 70 1
33 25 15 2
30 19 3 14
49 36 35 39
67 28 39 45
73 1 71 61
30 3 26 25
20 10 1 12
95 49 14 13
23 10 9 17
13 6 3 2
41 31 7 3
54 13 13 36
97 41 61 14
3 3 3 2
77 3 1 70
80 73 22 53
81 62 27 53
2 1 2 2
17 13 12 5
72 36 70 16
52 37 44 22
34 32 20 29
23 17 5 5
91 34 45 22
11 7 4 5
40 1 26 37
64 41 33 22
59 46 43 16
11 9 3 2
74 63 7 43
78 64 72 20
99 34 52 50
84 42 38 56
76 38 36 37
10 2 10 5
6 1 3 5
85 81 39 19
89 1 56 26
78 27 16 67
99 14 3 34
9 4 9 4
27 6 16 17
18 4 15 7
50 42 14 49
39 16 12 37
66 57 40 25
45 39 2 26
35 11 3 18
77 46 49 40
87 19 35 32
10 10 4 4
35 35 6 2
61 46 10 28
55 24 46 11
63 52 51 48
8 6 3 1
8 1 2 4
95 12 73 8
22 16 22 3
89 13 43 14
71 53 54 50
92 74 70 60
18 15 5 17
16 2 4 16
54 25 7 13
51 18 50 50
36 21 27 34
87 86 24 50
90 16 61 52
63 18 54 38
31 24 23 30
68 31 14 58
42 25 40 34
72 1 44 45
84 72 2 14
7 1 4 4
71 55 47 48
17 6 9 17
30 15 6 11
35 22 21 6
30 21 5 17
97 34 7 27
18 3 16 3
10 2 1 2
45 21 11 19
44 42 11 28
50 21 34 24
4 1 1 1
90 5 78 61
14 12 1 12
32 14 26 16
13 5 1 6
21 21 17 15
91 85 53 6
70 2 66 3
79 54 2 38
4 2 3 3
87 87 40 71
59 28 33 47
77 74 28 39
58 45 21 52
43 16 2 42
30 11 6 12
13 11 8 6
25 25 4 1
12 11 12 1
81 13 64 45
54 40 37 54
22 17 1 21
54 18 4 41
96 41 24 23
20 11 5 1
16 6 11 16
96 85 75 4
48 2 20 24
82 45 34 19
53 11 27 46
65 41 34 57
84 71 75 48
33 15 32 32
63 1 22 11
47 16 46 27
89 84 38 31
3 1 3 1
82 1 70 13
30 10 2 24
9 3 6 3
8 7 2 2
48 31 15 26
25 1 18 25
17 8 11 4
24 2 16 14
97 34 69 75
32 27 14 5
21 5 18 16
15 3 3 4
17 2 9 6
51 39 4 35
16 16 2 1
74 47 47 65
45 33 30 3
59 55 11 45
21 20 18 8
21 16 14 19
65 9 64 53
100 20 17 52
39 6 19 38
61 8 32 32
100 93 36 1
88 13 24 7
56 11 7 37
35 20 29 3
27 14 15 2
54 7 26 4
58 43 35 30
7 6 5 2
99 41 95 8
93 50 7 10
13 10 3 6
33 13 4 4
2 2 1 1
84 22 40 57
49 23 12 46
100 70 94 83
98 96 7 74
71 63 8 17
71 4 31 17
53 14 46 28
69 55 56 19
93 75 3 1
46 25 19 15
73 22 73 34
52 33 34 16
4 2 1 2
9 7 2 3
59 31 51 19
77 30 15 76
47 11 34 38
97 84 13 29
53 29 2 21
3 1 3 2
25 3 2 1
99 5 71 10
78 52 73 73
6 2 4 2
5 1 2 3
94 30 78 35
10 3 8 9
98 86 18 47
78 78 10 48
6 4 3 2
92 58 41 27
30 18 4 25
78 78 35 52
66 8 7 61
20 13 16 10
91 52 41 44
85 81 65 37
74 54 33 67
16 8 16 6
24 11 11 24
14 7 2 5
51 5 32 16
50 48 23 26
89 35 37 6
76 69 2 13
86 53 75 9
22 10 5 16
96 91 65 60
88 15 85 26
6 5 2 6
89 56 9 56
10 10 2 9
89 13 66 71
81 44 41 32
44 25 10 29
13 3 13 4
67 29 21 52
76 36 76 20
98 33 67 44
48 38 29 1
68 64 35 34
99 73 5 83
70 69 41 16
26 9 26 8
20 1 8 18
43 15 5 10
99 3 77 20
38 22 35 29
68 27 49 65
59 29 27 2
32 18 13 23
13 5 2 10
56 36 16 24
68 59 57 16
98 24 72 32
90 31 80 49
32 15 13 29
70 48 9 53
48 42 28 33
78 67 32 59
71 15 40 41
75 43 45 67
68 46 26 24
66 66 9 55
3 2 1 2
88 26 52 75
88 45 43 33
83 42 22 32
87 36 47 31
14 14 7 6
17 6 15 11
22 18 8 22
76 70 48 8
32 4 2 1
45 14 35 4
11 11 4 7
93 51 93 20
30 21 7 7
66 28 57 5
55 6 30 9
67 63 56 21
6 5 3 2
22 17 17 1
18 4 12 1
34 21 14 8
52 52 24 5
20 1 13 12
35 4 28 4
81 61 78 55
57 20 37 19
41 15 8 6
86 70 42 66
30 25 7 29
74 40 37 62
91 16 1 32
11 9 10 10
93 53 79 1
77 52 26 28
38 23 21 22
89 76 15 52
82 16 21 59
54 31 45 49
3 3 3 3
72 29 12 25
24 8 23 24
89 71 24 14
94 46 82 50
51 46 34 20
12 5 3 6
66 53 15 7
72 59 25 49
4 2 4 3
63 15 9 35
93 52 75 21
57 42 7 40
18 6 4 15
64 1 20 58
9 1 7 6
85 55 39 77
34 7 1 21
53 16 45 15
27 3 3 5
98 45 59 78
33 14 15 14
51 41 47 5
66 4 34 37
38 36 17 9
91 70 37 86
43 37 18 11
67 26 51 35
61 45 41 17
17 10 12 1
34 11 22 25
47 11 6 6
84 35 56 17
97 80 89 60
60 48 55 11
74 14 33 35
71 19 63 24
29 1 5 20
96 65 58 95
86 44 20 9
8 4 4 3
66 15 66 33
37 32 37 8
37 30 8 15
41 16 5 28
27 9 4 19
39 34 23 10
54 52 44 24
76 71 59 38
65 16 4 26
15 1 2 12
3 1 3 2
42 2 33 40
95 92 65 1
98 35 73 58
48 30 6 31
40 31 37 33
71 40 6 49
34 11 23 30
52 29 51 6
92 21 42 73
46 39 5 29
49 18 33 12
27 16 11 27
26 1 15 16
96 92 96 32
50 47 37 37
13 4 1 3
87 32 83 21
22 8 11 16
84 84 16 47
41 41 33 7
35 27 5 13
13 12 3 8
86 49 66 64
43 19 22 2
72 26 11 38
73 54 55 25
21 11 21 3
46 26 42 2
97 55 88 85
63 45 19 63
94 73 43 51
69 22 29 48
77 22 72 20
6 6 2 4
37 6 13 2
31 20 24 16
91 65 72 89
15 5 11 10
91 78 84 60
22 11 17 11
73 47 37 9
5 5 2 4
86 64 51 74
50 1 1 34
38 7 34 37
45 30 11 1
22 6 1 10
41 21 38 20
82 59 66 9
73 32 59 27
58 24 26 47
5 2 1 2
98 79 79 71
44 2 27 30
42 41 17 5
26 10 18 9
63 16 30 48
63 1 5 32
18 11 16 9
66 30 44 40
76 76 26 75
71 19 4 70
31 26 11 26
6 2 6 5
20 3 2 6
63 3 1 60
2 2 1 1
48 7 16 28
54 22 21 35
16 2 5 14
67 19 16 21
56 15 23 8
88 75 27 87
95 39 36 48
75 62 8 71
39 39 21 15
96 39 61 49
11 5 3 4
44 14 27 20
10 9 4 4
77 13 17 58
36 24 29 14
5 5 2 2
45 15 30 15
19 5 17 19
92 67 9 6
38 10 26 22
22 18 1 16
91 55 22 78
77 10 4 8
28 18 4 23
10 9 2 8
6 2 3 5
66 33 12 34
74 62 60 70
43 42 3 29
52 34 43 9
46 22 39 6
71 4 57 2
51 38 14 8
17 9 7 2
49 43 15 41
55 29 52 34
43 12 7 19
48 1 27 12
99 84 2 1
93 89 10 5
81 40 12 29
79 36 53 33
74 34 2 54
24 6 24 24
98 81 89 77
56 19 22 31
64 50 50 27
7 3 5 5
74 66 41 74
82 63 59 63
38 16 26 11
38 2 31 15
100 68 4 80
19 12 13 15
64 37 28 38
66 11 25 14
34 3 13 26
94 48 3 26
7 7 6 3
51 34 15 4
24 1 7 1
65 32 40 19
64 58 43 23
54 46 45 23
71 45 48 13
60 54 23 29
81 45 12 55
5 1 1 2
47 4 44 6
6 3 3 3
62 2 12 15
20 2 16 2
9 1 6 8
96 86 36 55
61 22 44 6
21 15 15 17
42 4 14 3
53 16 3 18
19 8 10 6
84 68 40 61
49 36 37 11
27 11 25 12
45 9 21 44
17 3 15 4
43 6 43 7
17 3 16 8
81 33 62 10
11 3 4 9
12 8 5 2
59 39 36 2
29 25 7 18
92 28 56 68
83 78 37 59
75 43 17 37
21 1 19 18
90 79 45 61
55 36 6 45
74 20 48 1
26 26 21 12
34 3 18 1
50 25 24 28
16 4 11 6
87 33 81 44
28 8 28 26
41 11 19 25
54 32 32 47
2 1 2 2
19 1 18 13
78 60 59 65
60 60 51 11
98 76 9 17
58 43 7 32
99 2 11 24
18 12 8 2
18 15 18 5
82 8 27 5
52 47 36 31
87 4 15 9
60 30 33 17
79 60 4 1
36 22 4 15
44 3 35 21
51 28 43 9
70 4 35 60
95 94 42 85
93 21 38 53
93 74 58 47
6 1 6 6
60 26 39 1
35 33 26 31
39 30 18 12
12 7 9 5
76 42 14 39
59 9 43 33
86 39 33 37
82 82 49 38
27 16 26 25
81 70 12 35
27 24 8 4
15 4 15 13
38 6 29 3
58 28 24 49
27 8 27 21
30 6 2 12
9 3 7 5
43 8 28 23
99 66 98 5
21 1 1 15
72 14 42 67
76 50 41 50
77 12 50 14
38 1 25 4
38 3 32 10
91 85 78 84
94 85 26 92
39 20 30 36
42 41 11 30
66 51 58 14
62 43 1 45
76 63 31 42
62 15 60 2
9 2 2 6
4 1 3 3
12 9 2 1
83 28 2 48
30 4 16 28
62 7 5 44
26 8 25 18
7 7 4 7
50 24 19 20
52 22 40 39
62 57 23 43
21 12 2 18
17 1 1 1
4 1 1 4
20 4 18 2
100 52 40 57
85 78 5 50
15 10 10 7
88 44 37 66
40 40 13 32
33 17 17 14
66 34 25 49
6 5 1 1
7 4 1 7
37 25 27 34
47 38 13 14
92 34 46 51
6 3 6 5
31 6 15 15
16 2 13 1
21 18 12 8
67 6 4 33
91 17 73 77
89 49 69 25
19 2 5 12
32 9 15 32
84 83 56 15
47 25 42 8
98 94 93 59
29 26 15 14
59 33 4 15
14 2 2 12
27 16 4 18
97 96 73 10
22 5 20 12
22 1 8 17
32 5 24 11
44 26 21 41
56 48 15 54
47 14 41 10
66 64 10 48
28 3 17 20
80 52 33 63
56 54 46 50
68 3 46 35
29 1 17 21
8 4 6 7
74 29 18 23
5 1 1 1
75 72 16 51
3 2 2 1
71 7 69 51
31 5 5 14
26 20 11 4
30 4 16 4
4 2 3 3
27 10 27 17
64 20 54 18
31 4 2 1
97 11 56 50
93 82 32 19
42 30 9 2
46 37 36 22
64 39 1 61
58 23 54 54
67 32 36 13
12 1 9 12
66 60 44 51
12 4 8 8
52 46 48 52
80 65 78 78
49 43 33 25
76 43 26 12
67 37 54 57
36 31 22 25
6 5 4 5
13 6 9 8
77 54 19 39
46 43 2 35
22 9 4 8
40 9 34 14
91 23 3 46
84 42 2 69
48 37 18 4
94 70 83 26
99 65 67 57
100 98 33 23
86 27 49 25
88 61 6 34
28 14 25 12
13 7 1 8
51 33 22 21
76 49 11 8
31 8 14 14
6 3 2 3
22 22 8 3
26 9 10 24
18 6 6 10
18 10 9 1
85 41 52 12
58 34 13 58
18 13 6 14
91 43 19 17
100 67 82 74
73 64 12 38
100 14 11 39
79 24 52 64
100 87 32 30
30 24 19 17
30 4 2 5
96 10 33 50
52 37 7 23
61 5 49 55
16 4 7 6
80 68 49 54
64 36 15 37
12 1 12 3
45 12 34 27
96 82 45 65
52 41 39 48
58 44 16 7
90 29 76 33
65 45 48 1
26 23 25 13
26 1 5 3
12 3 9 8
61 8 48 3
100 79 4 15
85 26 44 23
34 12 13 17
99 95 76 96
71 7 34 50
19 3 4 14
52 52 50 34
26 23 2 15
32 19 24 8
17 12 6 15
9 6 4 6
32 19 25 25
43 1 8 3
43 1 9 14
82 5 53 72
41 11 5 24
27 21 5 15
87 68 21 24
93 30 56 18
77 52 2 28
34 21 32 12
65 5 41 29
73 55 57 54
96 24 9 1
39 16 32 2
75 68 41 18
49 38 15 39
34 16 25 17
42 8 33 28
25 1 21 23
25 15 15 8
81 26 16 44
61 28 5 42
7 6 5 3
43 33 10 23
91 23 14 24
8 1 8 7
30 25 30 29
96 5 13 28
54 30 16 47
31 17 2 23
96 69 46 35
70 53 11 31
45 38 11 1
59 51 5 14
25 18 25 25
31 12 27 17
66 4 13 32
71 69 10 60
57 48 8 45
6 5 3 4
37 16 20 35
51 15 6 38
9 4 7 5
32 24 25 5
19 3 9 9
23 3 12 5
6 5 2 4
78 10 41 76
8 1 4 3
41 1 27 35
32 25 29 20
3 3 3 1
83 54 45 29
54 51 35 44
72 51 59 25
30 22 14 7
12 5 6 11
65 45 31 20
37 36 29 37
18 11 3 6
8 1 5 3
17 7 11 5
38 12 31 9
97 8 64 15
15 4 7 15
78 41 33 66
8 2 7 1
49 31 25 28
18 18 16 4
87 19 40 53
23 14 2 20
76 23 5 41
72 59 20 51
61 49 35 1
16 9 11 10
58 16 23 57
75 29 27 64
57 18 41 4
25 22 5 24
35 31 13 18
72 47 31 35
5 5 4 3
64 2 40 5
7 4 5 3
84 36 26 75
49 17 32 28
14 6 12 7
78 35 30 71
84 35 44 51
60 37 54 42
32 21 26 32
73 10 30 65
4 4 4 4
34 3 13 14
10 4 8 3
84 47 71 44
80 14 20 26
19 14 12 9
33 25 29 4
17 16 6 16
3 3 2 1
6 4 5 5
83 12 39 38
17 4 2 10
80 35 73 1
58 15 52 36
28 16 20 25
68 43 56 51
94 75 18 23
20 1 17 9
74 4 42 17
66 9 34 31
19 6 12 4
83 52 17 34
3 3 2 2
50 41 23 33
50 44 23 35
43 19 26 25
31 14 3 13
31 9 12 15
73 5 23 22
90 79 85 90
77 27 51 27
98 98 36 24
89 74 83 42
72 2 68 35
79 65 79 43
88 34 78 38
48 4 24 1
43 12 28 10
77 73 24 73
4 2 1 2
31 30 5 17
17 2 7 7
87 69 9 23
35 28 32 32
58 44 43 35
24 8 21 4
64 25 21 24
56 15 38 2
79 11 5 26
28 15 18 14
13 12 13 10
67 29 27 61
39 19 35 18
9 3 5 5
66 52 45 51
19 8 9 13
44 30 43 9
94 13 3 38
31 21 13 17
3 3 3 3
17 15 3 15
34 29 13 10
3 1 1 2
63 26 1 31
61 26 6 16
18 13 17 12
36 12 26 20
64 21 63 29
20 5 7 7
55 39 30 38
58 9 47 21
98 41 35 85
77 61 22 41
49 41 44 39
78 34 52 9
10 8 3 4
58 53 57 54
75 9 34 7
32 22 3 16
37 32 25 5
61 53 31 17
7 4 7 2
51 15 12 2
64 59 6 53
73 42 68 49
36 22 30 10
89 16 85 24
75 12 14 68
60 6 7 4
66 10 12 63
29 6 1 13
61 18 7 32
80 20 63 17
21 10 5 7
54 27 2 38
59 32 1 32
60 23 47 8
68 44 46 42
62 50 43 15
37 16 2 37
95 5 63 52
99 5 31 33
43 27 5 11
40 16 38 12
38 2 3 31
37 28 4 13
38 5 6 4
14 5 1 14
91 90 27 4
94 35 51 3
22 1 14 11
58 8 15 26
7 6 5 2
18 16 13 2
15 11 3 12
23 17 17 1
81 72 31 17
51 43 40 19
67 57 12 56
53 16 10 4
77 77 1 41
27 5 19 12
50 26 24 5
97 32 79 52
15 2 4 1
57 57 8 46
51 6 32 40
80 31 39 18
48 34 1 33
67 3 43 19
78 24 42 78
17 4 16 6
28 14 3 21
95 77 68 8
49 45 49 36
28 12 27 19
12 12 11 7
82 75 75 70
81 3 49 19
28 19 27 21
63 40 25 38
70 13 17 20
24 4 8 18
50 6 37 47
78 51 53 59
78 30 12 38
55 49 41 55
71 63 13 38
64 46 7 41
11 2 7 2
83 31 35 76
98 65 75 63
63 12 47 41
100 67 5 25
48 15 11 8
62 33 5 50
77 30 49 61
4 1 4 2
54 40 42 28
60 56 24 22
26 13 8 1
8 4 7 7
14 13 9 12
80 13 66 66
7 4 1 4
35 28 6 35
5 2 2 4
95 92 22 77
97 68 32 52
27 8 16 10
94 62 75 52
44 31 33 1
78 46 35 65
39 19 6 18
46 22 19 2
80 23 18 3
10 1 2 5
15 8 7 3
50 4 25 39
55 35 16 53
71 59 28 40
42 34 29 20
4 3 3 3
44 36 2 38
55 19 43 5
16 5 14 16
43 21 1 24
46 35 43 36
9 6 9 8
88 84 58 5
88 32 74 30
76 1 68 22
54 4 3 26
72 51 66 58
53 35 36 9
51 20 26 5
71 63 13 12
31 29 16 22
21 6 21 14
48 45 47 8
12 12 11 7
47 14 19 14
80 79 30 3
28 9 13 22
81 7 15 24
84 83 78 48
78 78 64 65
75 41 34 17
36 8 10 23
86 48 17 67
72 68 42 22
68 53 32 1
63 5 30 28
14 13 13 12
28 25 28 12
65 13 42 35
100 19 22 2
30 4 5 26
13 12 12 5
4 2 3 1
8 8 6 4
48 12 1 37
76 34 34 28
54 18 20 27
71 21 11 15
30 14 16 5
93 91 57 1
80 12 25 9
55 42 10 28
87 40 86 33
55 4 24 31
22 10 20 12
88 16 7 6
77 32 55 64
39 11 10 1
63 57 61 5
63 20 26 59
98 71 81 78
50 16 3 32
99 72 4 80
44 4 2 29
31 7 15 18
77 8 39 27
77 43 50 14
94 8 82 53
49 12 40 3
35 6 12 25
88 73 68 38
91 6 72 10
51 17 34 23
41 3 34 17
63 36 14 30
49 45 35 47
7 4 2 1
8 2 7 7
43 41 25 40
67 29 39 3
47 27 16 32
56 27 21 29
39 14 3 6
56 26 47 6
26 16 1 16
15 7 10 14
30 10 25 6
45 27 6 38
9 4 7 1
52 39 19 35
94 72 15 46
100 5 97 18
71 43 55 37
68 22 38 65
44 22 1 14
20 2 18 15
30 9 17 19
99 22 62 13
71 32 3 43
75 53 10 61
13 9 13 8
53 10 13 8
81 48 8 22
91 75 59 65
20 4 11 15
73 25 60 43
70 52 68 66
16 16 10 5
33 15 6 3
75 43 19 72
79 77 39 79
42 4 15 21
50 14 8 34
66 53 8 31
56 8 36 14
54 42 2 37
67 15 7 22
27 12 14 19
88 29 30 9
46 11 9 35
53 19 16 45
58 56 13 58
95 13 60 27
31 16 23 3
62 13 42 4
26 2 2 5
93 75 64 92
82 49 23 13
39 21 39 29
65 17 21 40
28 11 1 25
35 17 29 5
100 20 98 76
57 27 4 17
40 32 26 6
80 48 66 38
33 31 5 27
71 13 1 8
43 32 3 36
17 8 8 10
87 70 16 40
33 18 3 14
16 8 10 5
46 19 42 2
61 43 6 25
56 55 22 37
66 37 10 50
66 18 48 6
86 2 27 43
95 54 82 22
52 52 3 46
32 4 5 5
47 9 46 22
67 32 7 36
47 6 47 39
85 55 61 65
56 47 52 28
34 15 7 2
61 46 17 25
20 16 14 19
75 52 59 33
23 4 7 21
56 29 23 4
13 5 6 11
48 14 26 5
68 67 1 21
6 1 6 4
31 1 27 19
8 2 7 1
95 32 1 55
11 1 4 5
15 4 9 15
35 1 4 27
89 41 30 10
33 11 27 23
74 28 28 39
83 18 29 64
14 2 4 6
86 29 41 39
35 28 15 26
74 25 23 24
52 6 45 46
42 23 22 26
82 68 73 10
17 3 5 3
98 44 28 52
28 18 15 21
87 78 17 66
34 34 23 8
53 30 46 16
39 1 7 23
87 50 52 54
38 6 18 10
14 1 5 9
58 47 40 54
55 12 42 17
100 29 5 44
74 70 38 1
97 60 59 36
2 1 1 1
13 4 5 5
17 13 11 13
64 47 2 59
41 8 12 27
32 24 31 1
20 15 14 13
84 62 42 50
6 1 4 2
14 6 2 3
68 31 65 61
21 5 5 8
31 7 16 19
76 46 37 11
22 8 1 1
49 34 36 10
30 29 7 19
43 1 6 34
98 76 18 85
13 10 5 7
43 16 43 20
22 9 22 19
38 4 35 1
22 6 15 22
76 27 15 17
98 30 2 34
86 35 21 63
88 58 23 22
34 19 19 33
82 48 70 40
88 53 29 57
23 10 2 17
28 9 7 24
78 14 49 34
73 55 2 68
30 22 1 4
52 32 6 38
53 45 11 47
27 18 25 17
57 31 11 3
79 25 69 28
12 5 11 9
84 16 9 66
59 58 19 39
5 2 2 1
85 19 20 7
27 15 6 19
37 32 18 31
56 33 42 27
88 42 34 68
74 38 70 65
5 2 4 4
36 24 31 7
37 3 23 4
99 91 35 16
14 1 11 3
11 11 7 8
90 31 26 76
12 9 10 3
9 1 1 8
61 47 55 4
2 1 2 1
41 40 31 32
92 57 41 22
40 19 36 5
82 13 20 37
97 60 19 53
60 49 58 34
69 17 38 18
13 12 11 7
3 2 1 3
57 20 39 11
65 53 51 49
20 6 14 16
11 4 3 8
28 17 22 14
36 26 23 27
55 3 43 46
55 16 15 22
8 6 2 2
61 6 24 41
48 45 29 9
27 19 6 13
46 25 2 7
23 15 12 5
9 3 8 5
49 11 3 24
92 84 13 49
80 28 51 71
3 3 3 2
71 28 43 18
97 37 84 61
93 59 22 27
83 33 74 34
89 44 77 7
34 27 18 25
63 52 43 5
56 54 56 41
44 26 26 2
14 2 12 10
12 1 4 10
80 80 36 8
68 33 8 38
67 44 39 66
3 1 3 3
77 38 1 74
35 30 21 10
57 19 14 15
76 56 36 20
86 14 51 35
85 5 59 1
73 30 31 65
55 6 42 17
72 1 38 65
26 8 10 8
33 14 32 16
78 61 77 77
51 26 45 45
47 14 38 40
90 27 73 5
74 3 69 34
52 5 32 3
14 14 8 5
81 77 57 27
99 35 15 90
96 57 87 78
80 2 24 2
97 77 2 17
39 11 30 30
79 13 37 5
37 29 22 10
98 91 92 16
92 70 77 16
13 1 2 11
86 42 64 41
53 2 25 5
67 67 29 53
49 43 8 1
9 4 5 5
70 53 17 33
4 1 3 4
47 46 38 9
18 7 17 7
97 82 85 18
15 15 9 9
42 36 33 34
13 10 13 4
96 59 72 11
66 13 13 13
4 2 4 3
41 4 10 12
70 65 67 66
16 5 16 6
77 36 19 51
20 11 16 12
23 15 16 23
41 41 1 37
29 26 28 1
23 20 4 17
5 4 2 1
71 44 27 51
59 57 10 40
66 33 23 42
50 40 29 33
78 9 4 64
39 15 38 29
18 14 17 13
86 31 51 15
47 16 46 28
36 16 25 9
92 45 92 5
67 33 24 55
95 54 48 67
76 60 17 40
72 8 24 59
69 69 2 11
12 8 7 7
21 20 12 8
67 56 59 43
7 2 4 4
94 89 37 19
11 4 4 6
88 23 45 59
28 16 3 25
6 1 4 5
13 1 12 3
11 4 6 11
50 27 26 39
68 3 61 52
4 1 3 3
24 4 24 12
7 2 1 4
2 2 2 2
54 26 17 27
88 30 77 7
12 7 2 9
76 40 10 49
18 12 5 3
15 5 7 15
69 62 18 26
89 49 8 18
41 29 21 15
38 1 8 7
29 13 1 13
30 30 24 2
69 3 39 54
25 14 7 25
55 23 35 16
52 33 26 51
22 1 13 10
24 1 10 6
41 31 21 37
4 4 4 2
73 26 35 31
30 3 6 20
57 41 21 18
46 40 19 7
90 73 69 61
24 12 15 16
48 21 15 38
3 1 1 1
32 31 17 6
37 37 19 7
91 21 1 19
25 2 21 16
26 14 12 11
55 18 1 34
5 5 2 3
56 52 13 13
48 15 7 42
39 32 39 2
6 2 3 2
12 4 10 2
83 32 26 81
68 33 63 3
71 69 21 40
88 28 16 44
32 21 16 6
77 25 46 24
62 6 58 40
97 57 30 19
2 2 2 2
23 23 7 11
85 13 43 4
46 22 41 13
84 16 26 64
50 29 44 33
81 16 15 51
90 72 9 12
76 53 44 53
11 3 1 3
98 87 30 40
38 31 6 20
20 18 14 10
70 60 60 61
11 1 6 7
80 41 23 73
54 52 25 27
11 9 7 2
42 12 26 13
49 31 17 1
96 55 53 48
42 33 25 11
46 32 23 16
86 29 75 79
52 42 7 40
16 16 10 6
89 22 17 12
65 1 51 3
46 31 6 2
70 17 68 54
65 51 10 50
44 16 1 15
29 26 10 16
36 22 33 32
11 10 5 9
87 77 17 3
89 87 19 18
37 1 35 1
100 42 96 40
7 2 4 6
42 6 23 2
44 23 10 43
16 14 7 9
93 52 31 42
66 4 1 60
69 9 4 40
33 26 29 28
39 23 6 6
78 66 66 21
13 7 10 2
4 1 4 1
9 2 6 4
72 5 20 34
49 15 46 22
26 14 24 8
77 1 9 3
44 39 28 42
3 2 2 3
18 6 9 5
71 26 66 68
50 36 3 18
21 10 16 18
94 14 92 81
78 68 46 29
89 40 32 41
79 51 5 51
47 33 31 3
11 5 3 6
51 27 38 46
75 34 5 68
63 9 22 60
2 2 1 1
74 69 61 70
16 15 16 14
18 15 9 10
51 47 31 31
25 24 22 7
37 5 5 29
85 49 60 5
65 54 25 58
12 2 9 10
51 23 38 12
78 30 38 36
75 4 10 65
79 20 20 16
40 40 33 26
19 2 6 17
96 90 53 93
22 11 3 17
6 2 1 6
89 32 83 16
89 48 22 34
21 12 8 11
77 5 72 53
28 17 20 25
39 19 33 7
54 50 23 27
16 2 9 3
2 2 2 1
95 30 76 2
14 2 9 6
14 7 6 14
27 3 26 5
78 2 66 39
8 6 5 2
68 14 52 64
13 3 5 4
90 72 51 90
16 9 12 11
23 5 2 4
41 13 32 19
35 9 30 1
7 2 7 1
61 38 29 38
63 55 18 54
43 10 33 15
27 3 17 15
61 26 58 17
41 14 5 10
82 72 58 18
28 20 28 22
4 3 4 3
26 23 5 1
48 18 33 34
36 21 27 2
25 19 24 16
41 34 33 27
48 12 4 36
50 21 47 28
96 93 50 35
43 13 37 40
22 12 16 4
89 57 57 28
28 3 6 2
65 2 57 32
57 20 25 19
84 44 56 59
62 56 26 57
28 4 27 23
65 28 36 1
72 47 43 48
77 12 22 16
85 23 78 42
48 7 24 43
37 8 22 16
42 22 22 32
59 57 26 9
44 34 18 27
65 43 59 53
66 34 20 7
53 49 1 3
90 74 50 13
11 1 10 7
44 4 17 12
60 32 34 18
29 23 16 21
3 3 3 1
17 17 4 2
5 3 3 3
46 15 29 28
71 52 6 63
45 22 8 16
29 10 26 15
93 3 86 64
38 16 35 26
76 44 7 72
80 62 11 50
10 6 2 3
79 1 29 56
63 60 58 19
6 4 6 6
59 40 52 11
97 52 42 84
81 7 11 65
34 14 14 3
45 30 30 36
41 11 26 31
49 29 43 18
41 14 8 21
38 12 18 10
80 16 26 41
99 81 27 71
18 9 10 6
40 13 18 15
65 15 38 32
94 94 59 39
44 41 5 1
10 10 9 4
31 12 20 13
80 50 47 70
95 85 66 80
100 54 63 25
70 33 69 51
68 47 38 12
54 40 53 6
49 6 7 23
83 34 61 14
61 8 49 29
43 3 7 22
75 1 67 42
29 23 13 16
18 11 15 17
44 43 5 12
72 33 17 8
67 57 29 31
40 31 9 2
73 28 51 58
13 9 5 3
30 4 24 27
28 18 1 10
3 3 2 3
34 13 9 26
47 38 17 21
47 23 44 28
28 1 14 7
20 8 2 19
48 34 26 26
41 5 27 37
45 14 20 34
22 15 12 21
60 7 21 51
20 11 20 15
54 11 45 18
38 9 3 14
76 15 55 24
75 59 27 19
35 1 23 1
68 20 34 44
51 15 50 20
91 79 53 36
83 58 78 79
65 20 59 9
12 3 5 1
61 2 39 49
19 14 9 18
32 31 2 2
8 2 2 8
57 15 41 47
29 9 15 26
28 15 11 20
14 2 14 5
96 54 10 22
85 28 24 38
48 42 1 32
36 20 29 19
22 13 14 6
73 72 35 15
73 12 63 62
45 11 1 39
67 19 46 13
36 20 30 3
83 80 65 10
88 78 41 72
57 29 16 2
32 17 5 19
78 58 32 32
96 64 63 20
43 29 27 3
30 27 8 28
16 13 1 16
42 18 27 27
25 10 1 11
95 77 25 93
86 68 66 50
6 6 5 1
28 9 10 5
56 51 47 23
92 7 1 85
61 55 9 40
99 57 24 91
29 24 24 22
34 21 20 18
36 22 10 3
30 8 17 9
33 16 18 2
7 4 5 2
64 9 49 13
9 7 8 9
43 38 38 28
94 66 9 69
87 28 54 44
9 9 5 9
64 19 6 57
64 51 49 55
82 20 16 31
97 22 31 66
24 9 19 11
61 21 19 49
20 8 10 10
4 4 2 3
5 5 3 2
82 32 37 28
71 19 11 51
41 29 14 3
71 24 37 66
80 80 13 17
6 1 4 6
13 1 13 9
48 38 22 36
100 47 6 55
68 42 21 53
95 48 1 87
64 5 19 9
59 57 25 45
93 31 89 55
60 36 15 9
84 9 29 13
87 40 7 23
28 7 3 17
19 4 6 7
40 23 8 17
2 2 1 2
73 29 13 64
39 21 7 26
10 3 6 8
13 5 4 10
30 2 19 19
51 23 50 30
100 99 33 97
10 1 6 9
66 34 19 46
99 38 10 50
73 67 2 8
77 62 14 33
62 2 27 13
63 35 7 7
42 41 14 36
18 9 4 18
88 49 9 60
19 9 10 13
11 9 9 5
52 18 44 38
98 55 84 14
78 26 49 4
79 2 29 30
4 1 4 2
71 31 15 9
90 62 82 8
99 29 89 30
15 4 2 6
98 30 86 90
7 2 3 4
32 4 27 16
27 19 3 17
74 62 12 43
27 13 12 27
2 2 1 2
23 10 1 21
68 6 68 6
81 8 60 53
65 36 20 51
17 13 13 11
79 25 1 4
42 14 30 11
15 10 11 15
67 27 33 60
32 10 13 25
22 18 1 21
68 45 59 63
17 14 5 15
12 10 1 12
52 33 38 43
9 4 9 3
11 1 10 9
8 6 1 7
28 18 20 20
96 89 85 70
22 13 18 5
73 8 4 35
31 19 23 1
48 1 19 1
12 5 9 10
40 13 34 39
4 2 4 1
15 11 2 12
71 5 57 21
100 94 31 56
12 10 9 3
45 2 34 33
76 69 25 15
55 33 25 8
92 38 39 47
63 51 46 30
21 13 2 7
27 9 2 19
77 45 50 65
13 6 13 5
28 6 4 17
30 25 26 27
27 21 9 27
77 5 4 9
75 3 74 31
58 31 41 42
28 3 16 26
19 3 1 14
4 3 4 2
11 5 11 2
35 32 3 28
37 21 23 32
3 2 3 3
16 11 9 12
94 77 87 57
54 40 10 1
65 37 36 11
8 5 6 6
79 28 9 21
35 2 16 14
31 25 25 26
16 5 14 15
45 31 24 13
75 46 48 59
84 27 53 40
96 6 28 14
78 4 55 57
41 24 4 40
61 35 56 33
27 21 5 12
61 53 53 12
11 3 10 7
11 10 8 7
14 14 9 11
4 4 2 3
34 10 20 9
21 21 20 21
50 39 23 20
73 55 27 19
96 19 59 24
93 93 17 34
37 19 10 15
72 43 72 30
3 3 2 2
86 28 51 24
85 46 33 8
97 44 1 9
34 32 2 17
78 14 28 77
46 27 30 29
92 84 63 5
94 65 14 83
43 28 10 8
79 62 73 35
15 14 6 3
44 17 35 30
89 37 1 29
23 17 2 19
36 23 4 10
64 1 64 55
34 7 20 8
64 59 43 1
65 28 56 40
34 32 13 1
26 25 5 21
7 2 6 2
61 47 40 56
93 49 46 18
41 41 29 22
77 47 74 56
67 23 8 23
10 10 8 6
25 6 18 10
91 16 85 57
95 51 93 87
15 1 5 8
63 30 40 22
67 15 67 55
71 4 44 44
98 58 53 72
95 51 84 3
64 60 1 63
73 25 7 55
25 16 24 22
81 4 67 27
65 26 61 2
86 22 15 62
95 52 38 90
91 17 32 40
82 28 35 1
78 64 37 13
11 4 8 8
72 41 64 13
31 9 23 11
56 23 48 53
73 67 34 34
85 48 28 72
65 12 42 45
20 5 9 12
87 32 80 7
77 63 27 76
95 88 34 21
18 9 16 5
78 10 61 60
5 5 2 4
45 29 24 19
13 10 7 5
31 20 23 11
37 26 17 8
6 3 3 6
49 43 22 47
10 4 3 5
100 40 74 31
29 17 27 3
33 4 4 23
8 6 5 8
46 38 43 27
12 11 10 4
18 14 18 13
70 22 60 1
48 41 7 15
6 1 3 4
77 8 26 7
81 80 25 1
94 13 36 61
41 18 34 37
100 57 74 12
31 20 1 23
100 28 26 27
27 10 12 3
13 9 8 12
45 17 3 12
13 1 9 3
74 70 22 42
34 16 2 14
54 3 17 4
74 37 53 64
36 9 31 27
40 2 27 14
73 52 70 2
76 26 27 17
26 23 23 20
51 2 34 25
39 24 18 31
60 4 49 59
69 43 50 59
5 4 4 2
41 20 7 5
17 14 6 3
79 48 70 37
47 34 44 9
15 6 2 1
71 42 19 52
92 44 28 68
84 77 45 78
36 3 11 17
88 44 53 31
68 4 28 68
80 14 64 14
89 17 8 30
19 2 8 11
86 61 33 31
28 13 17 15
55 35 49 42
49 16 19 39
6 6 6 5
79 45 75 10
48 45 27 7
53 19 7 35
74 27 52 23
94 1 19 22
88 28 39 4
25 8 2 11
33 20 15 31
68 52 31 1
4 2 2 3
58 28 44 2
6 1 1 3
68 36 30 10
39 21 11 33
57 16 21 36
61 11 24 14
63 11 7 43
84 84 41 12
85 72 34 80
26 20 2 4
37 5 16 37
39 7 30 3
72 8 23 25
39 28 33 2
16 14 16 8
65 56 46 11
57 47 56 12
49 22 25 37
75 59 27 26
85 32 85 48
72 59 56 4
73 66 64 23
78 17 29 18
61 20 58 37
37 3 9 9
77 37 1 49
64 33 7 37
15 7 12 14
96 16 33 84
90 37 5 85
99 68 90 84
23 18 4 20
34 25 19 4
62 4 28 6
70 60 61 29
20 17 17 14
79 45 66 30
80 17 2 63
61 55 30 22
82 42 81 56
95 37 49 47
48 28 40 26
36 29 28 27
11 10 7 6
37 8 28 3
58 9 19 8
25 9 13 6
34 15 31 5
100 31 32 22
91 4 37 64
86 80 83 51
15 4 10 7
21 13 5 19
99 95 99 43
69 8 30 45
6 3 5 3
61 21 2 25
56 40 36 29
8 4 6 2
95 22 55 73
28 18 26 20
20 12 4 20
16 12 6 5
75 43 59 72
43 12 32 4
32 20 13 16
90 24 85 58
93 76 85 89
89 89 52 73
61 1 1 24
58 2 7 12
70 34 31 66
86 19 16 80
78 63 43 2
32 29 7 8
15 2 15 12
46 6 10 37
33 9 18 33
21 1 1 8
30 25 7 24
49 3 21 19
67 42 59 60
98 15 75 34
32 32 31 7
5 4 1 1
62 36 53 60
12 5 10 12
7 2 5 1
37 26 35 4
41 7 34 4
91 65 56 43
86 39 18 84
91 29 85 1
71 48 68 17
91 52 71 60
53 43 46 35
46 36 40 43
13 8 9 13
21 4 13 13
75 29 54 15
14 4 8 5
61 37 56 22
56 34 52 42
7 2 3 3
44 34 36 26
80 57 77 8
61 60 20 35
83 1 45 34
44 14 32 16
67 6 20 13
28 25 24 17
2 2 1 1
39 28 31 21
18 13 14 5
25 10 8 23
99 76 7 51
25 13 6 11
92 64 47 86
32 32 24 30
97 30 13 73
23 10 16 9
8 3 4 5
85 2 25 10
42 33 32 13
38 11 33 18
48 6 6 40
98 97 53 26
84 71 32 22
88 62 38 66
46 24 33 17
76 33 17 15
93 36 1 50
35 12 24 8
56 56 13 25
17 14 13 13
70 57 70 58
25 5 4 13
74 44 22 9
11 10 1 8
33 1 19 21
25 20 13 9
96 75 89 8
43 29 13 15
51 26 3 19
62 21 27 8
16 6 3 1
26 10 6 21
78 24 73 29
17 14 4 12
30 9 27 16
37 20 24 20
91 3 44 14
3 3 3 2
21 6 16 5
21 5 10 11
34 14 25 5
20 18 18 9
8 1 4 8
38 6 17 25
95 73 56 93
70 12 12 49
25 7 10 24
5 5 2 4
58 26 10 54
27 25 23 15
87 43 70 65
73 44 39 48
100 96 70 56
30 3 3 21
62 16 35 2
23 3 3 13
19 1 17 12
24 2 7 14
11 8 6 11
78 16 55 34
35 17 35 26
70 22 45 2
24 6 17 3
35 27 19 14
32 21 19 4
51 36 44 42
43 32 42 41
98 20 31 54
44 21 41 18
49 20 1 36
94 58 94 80
34 5 31 34
100 11 45 64
61 34 34 30
15 14 9 9
7 5 1 4
59 4 25 34
53 40 16 23
92 72 78 66
35 6 12 13
68 50 46 33
99 76 19 17
38 2 32 30
76 13 31 26
75 32 40 21
3 3 1 2
70 6 11 60
53 30 31 48
22 16 17 8
61 56 19 17
20 11 6 11
34 1 25 15
85 30 55 21
35 4 24 1
65 15 10 44
66 51 13 32
45 23 24 23
73 5 42 51
23 16 22 6
66 6 58 14
50 19 21 28
17 17 17 14
77 26 26 1
47 23 41 3
72 19 68 53
98 92 50 13
23 4 10 10
86 14 32 84
37 33 13 3
59 59 22 59
3 2 2 1
24 10 13 22
39 39 39 9
33 15 19 16
75 64 34 9
34 7 33 22
33 28 14 20
81 68 32 33
41 18 35 11
79 44 56 77
21 5 21 9
78 34 63 61
18 18 17 8
84 50 79 81
71 19 65 32
26 24 16 5
92 4 3 7
34 17 28 11
7 6 7 5
14 7 14 13
43 15 6 26
31 17 27 17
65 22 3 58
94 53 19 43
50 17 6 34
66 63 1 49
46 4 5 41
72 30 42 19
46 39 22 7
36 1 12 8
5 2 1 1
18 14 2 8
20 17 10 20
81 10 69 66
25 14 10 5
92 50 17 27
90 46 88 18
23 16 17 23
42 26 1 12
12 10 11 9
33 30 25 21
96 50 72 78
33 10 12 32
93 25 24 7
42 40 37 20
68 36 28 35
78 4 4 13
75 60 46 50
59 18 51 8
37 4 19 22
43 29 26 33
25 3 2 8
52 50 8 7
17 14 12 8
93 73 45 63
72 2 28 31
85 50 21 2
47 39 34 25
45 32 40 10
23 9 14 17
95 94 26 32
67 45 46 5
73 50 34 31
51 10 8 23
20 9 5 5
56 14 43 36
43 9 34 30
40 26 16 20
23 6 6 16
37 14 12 25
77 39 64 28
33 20 23 5
61 47 5 5
77 18 75 68
81 12 32 48
36 19 25 32
56 56 7 34
52 27 28 34
34 17 23 3
4 1 3 4
17 13 3 5
81 70 28 35
90 73 28 14
66 58 65 18
89 5 57 65
89 76 61 44
33 26 1 33
36 29 34 12
75 23 61 57
42 27 42 29
3 2 2 1
47 5 30 18
29 15 6 11
36 21 18 19
42 7 13 1
16 3 7 8
61 45 17 37
4 3 3 2
29 5 28 11
97 71 39 18
3 3 3 2
67 22 12 57
13 2 9 4
90 10 75 59
4 3 1 4
13 11 13 6
47 26 42 6
80 45 63 67
99 14 48 67
64 17 47 12
92 20 48 92
34 5 13 24
80 50 71 39
21 7 14 4
73 66 73 23
80 44 50 53
51 29 20 18
48 21 33 24
14 3 1 12
35 30 22 19
59 40 24 15
77 5 52 53
35 1 35 31
37 18 24 28
43 36 18 29
14 13 5 1
35 22 17 2
90 12 8 78
9 2 2 9
7 5 1 3
41 27 23 33
78 6 59 74
35 26 32 30
20 18 4 3
36 25 29 12
17 15 12 5
41 38 14 39
80 22 77 27
93 8 86 53
32 20 1 27
70 16 2 46
70 61 18 24
24 5 16 10
70 63 56 11
89 35 29 15
42 33 29 34
31 29 7 6
33 14 12 32
29 11 17 11
27 22 1 14
9 4 6 4
53 30 29 52
19 7 1 7
79 33 42 73
100 76 37 36
17 5 12 16
66 32 12 16
53 51 10 30
93 28 55 89
58 23 14 36
98 36 72 39
79 50 72 14
44 3 17 44
34 17 31 28
35 13 22 10
52 24 24 33
82 36 75 68
61 59 43 3
37 12 35 34
76 69 72 59
68 37 4 44
100 54 9 70
10 10 3 3
88 82 67 49
82 55 31 3
18 7 18 3
48 13 11 23
24 13 12 17
6 1 2 2
51 8 6 43
37 6 5 20
20 4 1 10
97 4 96 5
90 37 48 24
25 19 24 21
26 26 12 18
35 7 14 5
18 5 9 11
70 62 49 32
25 13 12 8
100 62 27 96
13 1 3 8
58 46 57 22
15 1 6 13
28 27 6 13
60 28 12 55
29 9 1 29
62 38 62 11
70 18 44 40
30 3 2 8
31 29 27 8
71 53 4 61
85 52 9 72
58 52 28 11
9 8 2 7
85 76 40 41
70 12 68 19
52 48 25 45
84 79 72 69
61 44 1 27
52 6 8 9
90 6 90 77
11 8 9 7
42 12 7 30
82 45 4 13
79 69 67 51
10 3 9 9
71 50 64 1
46 33 38 21
85 79 46 82
4 2 3 1
68 14 12 29
75 45 42 33
7 2 7 6
29 20 15 9
81 35 81 6
31 23 12 8
45 2 32 7
79 43 38 17
54 32 33 25
28 13 26 28
64 57 13 16
56 55 5 40
59 48 7 22
27 25 23 10
84 74 45 80
8 4 8 7
29 8 1 5
43 41 9 33
17 1 14 15
67 19 31 25
73 52 61 69
44 44 42 20
92 28 17 42
87 44 78 40
63 54 38 9
55 45 21 7
22 19 16 15
26 26 1 10
49 3 35 39
86 70 32 68
40 4 17 32
99 99 76 91
24 22 22 24
32 7 17 6
19 11 11 9
13 10 9 8
71 25 34 2
52 34 11 24
70 28 38 46
69 16 23 25
82 69 71 26
66 38 56 13
81 54 19 35
91 23 67 14
24 6 13 14
76 10 15 49
68 66 34 47
15 12 1 2
39 8 9 35
5 4 2 3
32 32 15 11
95 36 40 78
89 17 42 30
72 66 58 41
85 21 21 57
99 31 96 1
3 1 2 3
23 17 11 3
71 43 7 53
25 4 17 1
99 10 72 32
91 35 54 47
36 10 18 6
88 14 31 45
38 22 14 36
78 9 2 62
16 15 8 3
72 16 71 1
29 22 19 9
81 42 57 80
3 3 3 3
20 14 13 7
36 28 24 32
82 50 63 40
81 70 71 17
47 29 46 22
96 5 33 62
18 16 4 14
39 19 12 3
5 1 5 5
85 8 51 34
24 8 12 18
39 5 38 14
32 29 5 11
94 83 24 85
33 1 2 12
19 15 9 2
52 44 35 37
83 54 31 29
38 7 8 28
96 85 44 25
35 32 8 35
18 17 9 5
89 89 71 83
8 1 7 3
48 37 11 10
18 14 14 9
68 58 8 63
77 3 7 40
82 20 69 19
97 36 91 87
46 17 42 9
43 17 39 43
5 5 4 4
58 53 24 52
61 27 57 27
24 4 9 3
76 73 22 74
59 56 47 3
30 19 22 26
80 50 15 64
79 27 19 39
7 4 5 3
100 18 77 81
85 26 34 71
92 91 55 9
72 43 62 20
54 17 21 33
11 1 4 9
44 30 12 42
92 74 39 3
31 14 20 14
73 12 34 20
99 18 84 37
25 23 16 7
15 15 10 3
84 55 27 80
19 9 3 14
75 36 39 27
20 2 14 10
6 4 4 5
76 74 40 17
63 38 22 32
33 18 29 6
44 40 24 34
80 52 4 35
92 37 51 13
10 5 8 1
92 15 62 73
59 58 6 46
84 75 37 77
67 39 48 47
71 49 20 36
52 42 13 33
43 5 18 10
5 1 3 4
17 15 15 11
23 2 14 4
90 78 81 21
63 30 7 57
44 11 14 28
56 6 25 43
45 35 7 38
51 20 12 16
30 10 15 25
94 54 78 29
37 22 6 17
42 12 41 30
92 87 51 27
86 45 24 58
17 7 11 14
45 45 45 20
50 26 12 19
36 15 18 34
50 1 19 38
12 6 8 9
52 24 15 2
44 25 24 30
88 1 31 29
32 25 21 17
25 17 16 6
78 42 34 64
57 8 55 20
90 64 79 80
99 6 38 58
35 21 3 35
21 5 8 4
22 20 1 2
14 8 3 13
83 77 38 9
69 45 46 62
49 36 44 39
73 34 58 35
11 5 6 2
47 22 10 38
38 4 19 24
90 12 56 5
55 41 30 21
53 39 2 7
21 17 8 19
98 87 65 11
36 3 26 6
90 21 73 82
89 29 47 21
47 21 47 15
26 11 3 16
2 2 2 2
71 38 21 25
100 38 10 60
95 66 33 59
35 1 10 4
21 6 14 3
39 32 28 19
99 73 94 87
30 5 15 19
67 63 36 59
99 93 19 86
91 72 1 10
51 28 15 49
72 29 27 4
65 55 22 19
65 17 7 50
92 14 55 12
59 52 17 32
39 25 8 26
56 14 28 26
10 4 9 8
24 11 23 15
15 7 7 12
53 4 32 17
97 81 95 4
90 12 60 5
76 39 8 45
19 7 3 8
74 62 59 35
33 32 33 21
71 71 49 5
78 23 28 34
43 15 5 6
58 1 17 52
47 27 41 31
86 10 30 34
87 48 57 72
3 2 2 2
60 19 11 53
32 28 13 22
77 74 8 65
24 24 15 19
87 54 79 39
44 12 1 26
83 70 2 31
40 28 31 3
99 23 66 38
40 39 25 32
40 20 6 6
3 1 1 3
85 15 32 64
81 61 72 65
56 33 53 16
84 78 74 23
47 22 12 20
77 41 21 42
45 11 35 39
60 56 43 29
33 22 30 16
38 32 23 25
96 60 69 84
35 13 33 20
78 70 10 3
36 8 27 31
8 8 8 7
19 5 14 17
37 16 4 9
81 48 43 71
9 4 7 9
8 1 7 4
91 3 34 81
37 13 10 20
71 35 30 13
51 23 45 19
22 21 9 12
17 15 11 7
79 58 39 75
89 34 62 35
17 3 10 14
71 34 5 20
9 7 4 1
36 16 4 36
39 25 38 16
69 65 12 56
4 4 3 3
11 10 1 7
61 46 14 14
29 22 25 11
38 37 12 28
56 55 54 19
40 19 22 6
54 41 24 21
9 7 3 7
21 4 3 17
92 14 12 42
10 2 2 10
38 14 19 9
98 65 7 38
28 24 16 6
86 67 60 18
45 39 40 25
89 89 51 60
33 19 10 16
62 25 56 52
10 2 2 8
40 28 14 17
5 4 2 1
73 50 57 68
91 80 28 91
78 38 35 20
83 40 70 52
92 38 68 56
74 9 10 9
60 25 17 55
41 3 37 26
70 57 67 62
13 12 7 6
37 19 22 16
66 10 45 18
78 52 49 76
12 3 3 8
81 24 34 22
61 4 51 22
38 13 22 24
15 9 1 2
74 28 66 27
53 31 15 15
47 46 15 43
33 13 31 11
45 10 26 5
62 47 37 7
19 12 18 10
21 11 9 17
52 41 43 22
75 52 30 66
28 13 20 18
18 14 16 18
26 19 3 13
96 38 53 74
11 8 6 4
49 30 23 23
11 2 8 1
71 37 30 68
65 33 44 63
10 9 5 10
83 33 17 70
80 38 14 50
83 55 22 57
43 12 31 25
2 2 2 1
91 40 78 3
68 30 14 27
11 9 7 7
71 53 15 68
72 2 45 34
64 6 64 1
94 23 63 70
10 7 4 6
8 5 3 8
10 4 2 9
9 6 5 4
54 6 24 4
23 11 3 1
6 6 5 6
8 1 3 6
2 2 1 2
5 1 3 1
62 50 47 61
88 66 65 76
81 44 10 58
47 30 24 32
14 7 6 10
99 6 73 51
65 33 55 35
35 24 1 10
9 6 1 4
89 28 29 46
69 38 57 47
70 50 25 55
7 3 5 5
84 54 1 68
30 27 26 9
36 17 36 4
26 1 1 18
79 64 68 46
19 16 4 17
27 20 25 13
74 51 69 47
50 12 38 19
21 1 7 9
73 8 60 56
85 37 5 60
97 85 95 66
69 67 49 8
15 1 4 14
29 28 26 12
72 19 47 9
2 2 1 2
3 3 3 3
38 35 38 3
2 2 1 1
41 18 17 21
61 6 44 58
4 1 4 2
43 12 20 21
90 75 33 69
27 10 10 10
29 8 11 4
87 82 24 38
3 3 2 3
36 12 3 34
60 32 11 50
98 67 43 26
35 33 9 30
52 8 36 11
60 46 35 37
50 4 27 30
39 23 38 28
77 22 57 51
87 68 57 28
54 41 48 50
55 9 39 18
98 15 36 42
68 18 38 32
63 12 19 63
44 30 44 24
37 24 18 13
69 6 6 69
90 1 61 23
22 21 5 21
31 18 6 6
55 27 51 14
76 9 68 35
90 56 47 57
12 3 5 11
64 55 22 23
91 52 90 6
99 20 24 20
65 26 49 30
66 18 27 48
53 32 10 33
87 29 12 39
15 14 15 4
78 45 64 74
75 69 70 57
99 49 48 81
87 45 41 3
39 9 4 25
88 38 83 60
96 18 58 90
23 4 16 23
44 36 41 6
38 34 21 8
10 7 1 6
30 25 12 26
54 25 16 11
42 9 20 25
36 15 13 34
77 71 27 53
44 38 26 36
65 50 38 35
49 42 25 1
56 54 42 45
5 5 5 1
37 19 28 9
8 3 3 1
94 38 62 79
24 12 23 16
59 30 19 12
98 25 55 16
76 54 35 64
60 15 12 26
98 85 61 18
14 3 4 13
66 56 65 39
20 6 8 20
43 17 14 39
11 4 6 1
70 52 31 1
75 47 60 57
13 3 8 10
78 78 53 8
34 24 23 13
95 33 29 43
67 57 57 39
32 22 28 13
100 74 12 49
24 9 17 1
70 29 49 24
71 64 55 23
46 25 30 26
19 16 14 9
40 35 7 13
34 29 2 3
44 14 29 12
85 15 17 84
83 69 6 30
51 21 30 4
7 3 4 1
31 7 17 14
16 16 8 3
36 35 8 9
28 14 7 15
43 38 43 26
12 3 1 5
71 12 38 21
67 18 20 2
20 10 17 15
70 64 9 7
39 30 15 39
11 1 3 11
93 5 77 48
52 7 43 17
17 3 1 17
85 10 35 13
66 62 52 40
52 51 32 22
81 16 27 5
43 35 8 4
49 45 27 13
22 19 10 7
15 15 15 9
77 5 75 62
23 10 1 14
67 2 67 16
85 2 53 72
69 7 63 10
60 57 7 15
34 5 8 15
64 57 4 33
80 16 21 21
61 18 37 41
37 32 33 1
39 11 18 21
85 23 68 68
20 7 6 17
27 6 9 9
76 54 64 70
93 79 14 84
16 15 12 10
33 8 13 9
47 14 46 46
67 1 1 14
44 39 41 9
95 41 91 37
63 19 16 44
6 1 6 5
52 7 18 19
82 68 21 21
18 5 6 9
53 40 32 8
61 61 60 50
20 10 3 3
59 28 37 55
51 51 5 20
46 43 33 2
84 15 38 32
39 7 27 10
84 35 52 71
38 29 33 4
46 13 44 24
70 19 64 69
89 32 57 42
43 5 4 35
75 59 25 5
24 24 22 11
64 2 31 17
56 44 22 48
74 4 67 45
89 78 83 32
44 9 6 19
97 34 88 97
32 13 3 22
49 26 3 17
37 6 26 12
40 10 14 40
55 16 16 1
40 39 11 6
99 40 8 28
30 13 27 12
8 4 3 8
19 15 11 5
25 24 24 14
75 48 13 42
96 63 17 45
90 32 39 49
56 32 4 44
27 19 15 2
48 26 25 9
85 42 74 42
39 13 31 13
62 1 57 29
33 4 1 29
34 13 30 25
59 34 19 42
96 52 13 85
94 59 39 47
21 7 3 7
69 44 5 40
9 8 5 5
96 25 49 33
21 5 20 15
43 25 34 25
3 2 1 1
92 38 85 59
21 3 5 7
32 19 26 12
99 93 21 11
10 9 8 1
5 5 4 3
32 19 24 9
53 16 20 49
73 62 64 47
85 36 18 48
10 6 9 7
4 4 2 3
59 51 12 48
38 21 1 23
42 14 20 7
96 60 23 64
61 43 58 46
54 10 20 9
59 31 57 59
60 31 26 13
13 13 10 8
96 50 79 93
55 46 13 1
51 23 24 15
42 12 37 11
3 1 2 1
45 7 16 1
35 14 5 34
92 63 87 50
93 92 87 76
20 18 13 17
76 29 21 7
32 16 3 31
71 32 5 43
22 14 15 10
63 20 13 62
27 19 21 2
83 54 23 57
32 1 20 12
16 1 6 4
14 5 5 12
20 15 18 10
65 43 48 36
100 13 95 83
100 44 100 33
51 14 13 27
44 43 9 15
44 26 5 6
58 32 19 7
100 85 30 98
45 29 41 38
27 21 4 6
23 3 11 15
79 9 13 17
14 2 12 3
41 3 24 11
4 3 3 4
12 12 8 6
50 40 42 34
65 19 20 65
86 66 50 21
23 12 20 10
70 68 30 61
95 26 91 28
83 30 12 64
81 48 5 17
76 61 7 35
76 24 53 48
58 4 35 43
31 24 13 24
91 2 54 66
84 53 14 69
16 12 15 2
47 21 40 19
100 11 25 19
38 14 25 11
12 3 4 3
52 43 37 13
97 15 48 59
75 33 45 34
9 9 5 2
7 6 7 5
97 53 72 25
26 13 4 18
7 6 5 6
86 58 15 14
52 22 33 16
35 4 16 25
13 9 13 3
40 6 29 5
17 9 12 4
97 60 93 67
92 55 20 39
97 60 41 43
92 28 55 2
62 11 18 40
30 3 14 30
49 34 42 29
61 60 31 32
65 55 49 44
11 6 10 4
74 60 54 10
3 2 2 3
51 23 2 34
96 79 57 18
51 27 45 47
23 18 15 10
32 12 15 21
56 12 26 41
85 14 66 32
81 74 29 69
7 2 5 1
32 29 8 29
100 87 83 56
49 37 25 15
32 8 14 25
17 1 14 4
43 16 30 32
6 1 2 6
16 7 4 15
93 7 67 26
56 50 29 10
57 12 17 11
26 6 25 23
38 19 19 23
6 6 6 3
8 4 8 3
37 6 23 37
33 28 18 17
13 12 11 1
29 28 20 11
78 43 2 22
18 13 6 9
53 26 18 50
92 87 72 61
55 49 18 17
65 44 60 11
72 62 37 22
17 7 8 9
98 26 8 53
51 29 29 13
31 27 15 25
26 13 8 2
12 7 8 2
32 25 17 32
45 36 12 12
97 42 64 82
64 26 46 57
21 16 16 19
42 23 34 3
79 57 77 36
65 19 17 3
6 3 3 5
43 43 26 36
44 33 8 8
91 51 35 41
72 5 29 31
93 64 72 35
19 8 10 13
89 42 73 23
48 44 33 38
28 13 8 16
5 3 1 4
89 56 58 82
2 1 1 2
4 2 2 4
38 8 21 18
22 15 2 11
87 39 21 28
28 28 25 14
90 76 32 19
53 9 8 8
8 8 2 7
30 19 3 18
94 9 41 64
17 5 1 2
6 5 1 1
76 42 71 56
83 47 24 19
66 19 38 31
86 43 17 78
56 22 47 1
88 54 75 50
44 41 17 19
56 49 5 22
38 18 17 28
27 15 17 20
23 15 6 10
64 64 33 13
37 4 22 26
63 2 59 36
62 32 24 42
65 45 59 39
75 73 35 17
97 39 72 44
32 27 5 13
2 1 1 1
68 66 50 13
60 54 31 5
62 34 42 30
45 11 38 8
2 2 2 1
94 80 51 9
39 32 4 22
40 27 6 34
12 8 6 12
63 19 14 14
35 9 23 4
94 51 33 44
46 28 14 9
57 32 19 55
83 74 67 22
72 62 8 13
85 12 27 65
37 26 21 17
31 12 13 16
63 55 59 3
53 12 16 25
53 48 7 24
19 5 2 2
11 5 8 10
68 23 9 31
51 11 29 50
11 5 1 6
79 67 3 21
89 68 34 58
95 11 77 52
92 31 65 14
72 63 3 43
22 22 22 13
5 4 2 1
55 13 19 52
55 40 1 22
16 16 15 16
50 48 39 29
89 79 18 19
81 28 26 58
81 9 48 61
59 30 4 17
47 46 21 40
24 2 7 15
57 20 29 27
44 22 33 3
36 4 36 32
100 41 28 92
56 42 42 13
100 16 56 85
69 45 29 26
29 10 8 5
99 15 74 38
3 1 2 3
100 88 62 9
92 3 61 31
38 37 22 30
47 3 29 35
17 2 10 6
78 34 19 72
26 26 6 8
10 10 7 6
47 40 15 4
28 20 10 21
100 51 5 63
17 16 7 1
18 3 11 18
94 78 5 68
31 27 6 25
94 5 2 35
94 15 46 73
14 7 7 1
37 26 19 4
42 32 25 11
24 21 18 6
77 74 65 45
98 6 27 71
38 34 38 34
100 30 64 74
7 4 7 4
100 79 74 13
72 65 22 7
5 4 3 5
95 62 73 88
42 13 29 25
62 43 41 1
87 53 5 25
41 29 40 28
51 34 43 16
87 53 31 65
25 17 10 24
76 65 63 11
84 35 38 70
79 17 61 13
75 53 7 37
3 1 1 3
55 45 30 48
76 38 59 28
48 11 14 41
29 25 2 10
88 11 60 68
18 8 18 8
27 26 22 23
59 30 46 16
15 11 11 1
97 56 62 91
3 2 2 3
2 1 1 1
4 3 1 4
19 18 9 9
98 1 36 42
78 30 56 77
67 40 58 15
11 5 8 9
4 3 3 2
67 41 15 59
38 30 27 38
8 3 6 2
11 1 1 11
69 33 35 18
99 71 35 97
30 27 23 12
11 5 11 6
23 1 6 4
66 29 58 48
75 58 44 23
28 7 22 13
85 77 38 70
18 3 10 13
92 23 22 83
19 9 15 6
92 75 32 79
40 7 25 17
86 74 26 33
86 23 1 4
98 58 10 43
90 47 20 24
28 11 10 19
25 21 12 16
69 45 59 5
54 41 10 16
48 45 35 46
61 57 50 25
62 45 17 31
67 35 2 21
100 91 39 59
8 4 2 4
27 12 8 14
47 45 18 10
16 15 11 10
76 26 33 16
52 19 18 22
36 31 3 16
41 7 17 7
85 69 76 54
13 5 8 7
78 43 69 56
84 29 21 27
3 2 2 3
58 11 15 58
89 7 48 26
91 58 49 76
31 19 5 15
65 56 16 43
64 34 53 14
24 23 10 21
33 27 9 6
72 72 22 18
51 35 9 50
79 37 6 36
6 6 4 2
91 48 29 19
2 2 1 2
76 12 35 63
16 8 2 8
73 3 25 49
73 52 25 32
69 62 62 48
32 24 8 10
41 19 40 24
26 5 4 19
99 8 25 97
96 76 65 10
75 43 10 61
39 36 27 12
2 1 1 2
59 26 6 58
69 40 61 45
24 4 22 18
12 1 9 3
70 27 49 20
2 2 2 2
52 11 24 9
96 91 71 52
28 19 27 28
71 22 23 4
3 1 3 2
77 41 54 28
95 60 75 27
25 8 14 18
25 1 8 4
32 3 31 9
14 2 8 12
89 31 78 5
80 78 58 70
41 2 10 41
39 19 23 37
81 38 24 44
43 20 15 15
73 63 53 46
22 4 3 14
82 3 21 54
86 42 44 47
38 13 23 4
98 8 86 14
32 31 14 6
66 34 16 28
26 22 26 22
2 2 1 2
91 79 20 40
3 1 1 3
13 10 1 3
23 5 4 19
35 21 28 14
33 32 25 24
93 18 77 4
20 12 9 12
57 28 51 11
18 12 5 12
2 2 1 1
53 30 19 26
24 3 22 14
84 13 8 24
63 53 43 19
73 56 27 30
38 3 9 17
58 30 52 11
63 31 29 2
52 42 8 6
14 14 10 4
27 1 3 7
35 3 13 22
33 9 32 31
69 8 30 6
42 17 3 38
72 12 12 69
91 81 56 31
42 5 21 41
52 23 47 43
92 64 78 82
61 31 49 6
8 3 5 4
47 27 31 2
32 9 25 6
52 40 9 22
56 18 15 47
67 58 50 4
50 46 36 25
53 53 38 22
67 18 27 56
3 2 3 3
35 8 21 18
76 26 36 14
68 47 28 32
42 24 25 24
2 2 1 2
29 10 5 1
41 21 34 23
15 8 5 10
23 5 1 1
86 54 62 75
62 8 30 31
60 3 35 8
14 9 11 13
72 22 29 30
5 2 4 5
30 13 26 2
74 9 56 51
11 1 5 8
29 28 29 6
51 43 28 36
82 55 35 46
85 17 54 37
54 33 21 52
94 14 25 68
45 38 41 36
78 35 42 62
34 11 1 20
5 5 1 2
42 2 10 14
45 32 42 13
87 20 2 44
82 20 47 62
80 5 51 31
75 36 54 26
37 10 6 35
87 38 9 20
33 26 2 26
96 31 18 17
35 10 16 5
38 12 21 34
57 29 34 6
97 69 4 9
5 2 1 5
13 7 1 13
21 7 6 3
68 40 56 19
58 10 44 36
28 28 4 8
94 13 70 90
86 28 25 67
75 73 46 39
67 11 65 3
84 44 3 62
20 8 20 9
15 11 10 9
84 58 81 23
79 79 24 6
60 39 12 39
11 3 10 11
65 8 62 49
20 8 9 15
47 13 11 21
77 37 1 8
69 60 10 4
88 52 29 15
15 12 6 9
43 8 7 1
98 71 12 63
24 1 15 22
61 24 41 27
33 7 24 8
8 3 7 1
6 2 6 2
17 4 4 1
52 12 51 25
5 2 1 1
79 21 68 10
63 34 27 3
27 21 24 6
74 19 53 65
99 83 65 64
11 9 8 11
68 56 66 24
83 38 18 55
14 4 12 12
16 5 13 5
17 1 8 9
34 31 21 2
21 11 17 2
48 44 37 19
17 3 1 10
43 19 10 22
92 32 5 10
52 52 12 12
92 47 78 66
50 44 23 2
83 28 42 49
19 11 9 6
100 83 53 48
4 3 1 3
79 60 13 27
94 68 38 40
26 9 12 22
68 39 68 15
35 13 3 13
32 27 31 31
4 2 1 1
73 17 10 70
45 5 18 32
72 71 33 50
96 19 5 59
29 2 24 4
6 6 1 3
33 19 21 5
54 32 12 32
36 22 31 16
100 93 62 34
25 25 16 18
38 36 27 35
7 4 2 6
21 21 3 16
18 5 3 3
65 27 27 56
42 24 34 33
19 12 8 18
49 24 32 41
17 17 15 6
3 2 1 1
79 23 20 75
42 37 20 28
99 60 82 8
51 40 19 1
76 31 12 20
75 61 34 32
46 9 29 23
74 52 18 55
74 2 55 49
41 12 32 38
15 3 12 12
73 16 21 4
63 3 60 42
98 21 6 61
90 20 23 11
16 11 5 8
94 13 31 58
55 49 28 17
73 22 31 1
44 33 34 37
12 7 3 8
46 26 30 5
63 62 60 63
57 24 54 46
97 16 72 87
21 12 9 17
81 26 71 46
66 32 5 52
87 30 57 16
21 5 2 10
72 64 39 35
50 18 24 18
100 59 32 51
80 25 4 62
83 3 80 56
85 84 51 47
35 2 21 3
70 56 55 5
45 26 18 2
18 15 5 5
14 6 2 12
77 24 62 60
62 49 48 13
65 9 4 47
60 34 12 26
39 8 11 11
27 27 7 13
68 37 26 42
97 70 89 21
3 2 3 2
53 15 5 44
40 7 11 33
96 89 1 44
39 8 25 7
85 18 46 46
88 44 88 39
72 36 32 47
4 3 1 1
37 33 34 28
87 58 10 61
69 23 54 12
48 26 41 7
51 15 20 17
63 18 30 36
60 20 53 13
95 94 88 30
12 9 11 2
78 69 6 69
64 33 49 33
40 33 7 2
37 7 26 30
2 1 2 1
39 28 28 2
23 19 11 6
78 18 10 17
43 24 24 1
6 6 4 6
66 66 55 12
20 10 5 4
76 4 12 56
92 22 14 58
74 41 69 37
84 26 52 46
33 24 26 6
63 25 5 47
58 29 38 17
81 65 67 30
67 24 18 8
39 37 17 13
24 2 20 24
53 13 44 2
58 35 35 58
65 24 39 12
89 60 70 18
3 2 3 3
76 31 24 5
50 17 46 49
76 38 43 17
36 25 24 19
34 4 2 8
2 2 1 2
7 7 3 2
75 46 65 69
39 15 12 2
88 24 37 59
18 16 3 2
64 25 37 37
3 2 2 2
53 41 6 8
88 37 24 43
48 5 17 20
22 2 13 16
31 8 30 11
87 21 37 51
78 22 78 39
37 21 19 28
61 25 29 28
64 64 58 13
72 37 33 29
81 61 16 48
63 57 2 22
90 56 37 53
16 1 10 12
22 18 1 21
70 5 67 55
70 31 64 4
45 14 22 6
16 11 15 15
73 37 64 4
84 47 23 73
97 93 91 96
16 12 11 10
92 91 72 3
96 5 16 36
26 10 20 14
25 3 3 12
84 68 8 9
12 2 11 11
85 24 20 18
14 13 6 3
20 6 5 10
28 15 1 12
29 12 9 1
22 20 19 10
25 8 20 6
81 42 74 45
32 32 3 30
18 16 13 2
40 37 23 34
81 69 44 77
66 25 23 3
88 28 31 53
45 4 42 38
17 3 11 11
82 25 28 15
75 9 58 50
18 10 1 3
97 39 64 74
5 3 1 4
49 7 22 25
99 59 8 88
51 16 16 34
34 27 34 19
40 37 40 34
54 48 12 25
76 14 3 5
31 17 7 13
72 48 68 42
53 41 12 8
50 2 30 3
21 10 7 21
40 27 21 29
21 4 17 5
97 50 15 60
43 8 39 12
15 15 11 5
27 17 11 13
76 63 66 71
71 28 66 46
78 55 16 15
50 15 21 18
20 4 3 6
72 71 67 50
19 2 17 3
88 2 80 21
65 47 63 7
23 20 23 13
25 19 17 15
98 39 34 3
94 9 6 37
2 1 1 1
68 28 3 49
66 32 47 20
93 56 67 53
22 5 9 3
15 6 11 5
93 59 54 82
33 33 3 27
47 27 16 4
67 4 58 1
12 7 1 1
39 13 10 25
92 19 53 66
48 12 22 40
67 11 3 36
53 43 8 1
20 14 8 11
11 10 9 5
46 7 26 40
22 13 11 8
39 33 13 9
28 21 2 22
17 4 16 10
31 20 1 5
11 2 9 3
75 43 1 29
4 4 2 4
10 1 6 2
6 6 1 6
49 41 12 31
90 39 34 54
63 36 44 57
66 35 62 21
37 18 35 28
86 38 79 69
89 82 32 9
31 23 29 23
17 3 4 9
77 18 63 41
94 21 16 61
87 9 71 6
23 11 1 14
38 35 19 33
17 3 7 12
67 65 12 34
70 38 39 44
37 32 5 23
79 19 30 76
63 29 52 16
46 36 39 22
59 10 9 6
51 42 29 22
60 52 43 59
62 50 4 32
77 61 27 18
82 80 64 1
10 1 6 5
5 2 3 1
34 24 23 25
53 6 42 45
48 4 10 21
23 14 23 10
85 17 79 56
77 35 21 20
58 39 9 46
43 8 16 27
41 11 36 9
53 36 8 10
4 3 1 2
73 60 20 33
57 23 23 17
10 5 6 10
17 7 2 10
29 17 18 4
43 1 26 13
51 37 48 11
100 77 11 61
2 1 1 2
100 40 95 49
62 48 10 2
43 23 38 11
25 12 22 2
13 3 4 2
19 18 6 2
99 85 38 59
64 46 55 29
43 4 37 43
38 7 9 34
17 1 4 17
97 6 39 21
18 10 14 15
46 5 23 36
88 18 23 46
25 10 3 13
93 6 63 93
32 1 22 6
42 4 34 5
72 16 1 36
61 49 45 9
41 29 29 1
18 5 13 4
42 28 5 18
56 2 3 53
41 2 6 28
72 14 30 56
23 19 3 8
30 6 16 16
52 8 36 7
45 4 12 44
77 52 21 17
82 81 60 82
18 16 12 1
61 11 25 50
43 34 38 13
12 4 3 10
43 12 38 29
83 6 44 9
69 12 5 46
11 11 5 6
18 13 6 14
20 11 4 12
95 42 36 82
20 17 15 8
75 67 2 73
12 8 7 10
18 8 2 5
51 24 46 7
11 9 10 3
30 4 15 23
96 28 76 80
83 49 71 20
10 3 3 10
68 56 65 49
12 12 6 6
85 16 63 23
17 5 3 8
54 45 3 28
97 58 13 75
100 29 4 15
69 69 33 10
90 54 74 55
79 34 71 20
87 41 2 80
55 2 39 8
46 7 31 20
47 32 3 34
83 13 22 48
91 67 76 19
17 10 1 6
7 2 3 7
5 1 1 1
70 24 38 27
12 7 8 8
36 17 32 12
50 29 20 2
4 2 2 2
49 38 44 44
79 38 5 40
41 26 32 41
35 27 35 23
3 3 3 2
95 75 65 15
29 7 9 15
8 3 4 5
68 65 31 42
19 16 19 2
100 30 75 40
46 46 37 6
54 46 44 5
8 2 2 5
86 67 17 27
94 26 44 79
35 32 19 11
66 62 29 29
80 30 54 2
54 4 48 7
6 3 5 5
17 12 1 15
53 29 33 6
96 11 27 93
88 68 37 10
40 29 35 35
39 5 30 37
50 36 13 30
85 42 85 13
24 2 16 18
81 43 48 38
57 6 15 16
30 18 26 22
7 7 2 7
52 40 2 7
37 13 16 33
100 84 19 19
26 6 7 22
64 13 37 41
91 27 22 28
26 8 4 24
39 9 15 37
50 12 6 41
38 9 25 14
98 6 41 23
19 8 2 8
24 8 13 8
61 12 15 61
43 36 21 3
2 2 1 2
69 63 15 68
88 40 13 42
51 24 12 36
21 13 12 6
80 49 28 57
69 34 25 3
36 25 7 13
3 1 2 1
19 10 11 11
34 10 15 3
52 48 1 9
41 35 38 14
93 56 11 26
85 53 42 42
22 22 19 13
96 54 67 72
47 42 19 2
69 16 63 54
72 67 36 59
6 3 1 6
