10000 10000
1 2 7138
1 3 45440
1 4 26060
2 5 70925
2 6 76660
2 7 85240
3 8 54731
3 9 57367
3 10 42402
4 11 7759
4 12 70891
4 13 69706
5 14 2767
5 15 85250
5 16 5083
6 17 56972
6 18 54803
6 19 11556
7 20 32692
7 21 36078
7 22 15139
8 23 9518
8 24 44881
8 25 78779
9 26 74117
9 27 63672
9 28 11768
10 29 995
10 30 63659
10 31 25276
11 32 64525
11 33 33113
11 34 52499
12 35 34941
12 36 50632
12 37 52387
13 38 26980
13 39 75607
13 40 47526
14 41 36052
14 42 58936
14 43 48547
15 44 19794
15 45 76649
15 46 49500
16 47 85047
16 48 44441
16 49 51401
17 50 21175
17 51 84143
17 52 54083
18 53 13738
18 54 1613
18 55 12727
19 56 55379
19 57 46602
19 58 55134
20 59 7429
20 60 68190
20 61 30990
21 62 33179
21 63 26321
21 64 51519
22 65 5782
22 66 53829
22 67 69091
23 68 39307
23 69 5842
23 70 71976
24 71 67827
24 72 56549
24 73 34579
25 74 47309
25 75 16289
25 76 34951
26 77 77959
26 78 19886
26 79 80595
27 80 37342
27 81 26673
27 82 15489
28 83 71804
28 84 26715
28 85 22742
29 86 45483
29 87 76852
29 88 57392
30 89 89052
30 90 13405
30 91 37930
31 92 42749
31 93 60922
31 94 83977
32 95 16840
32 96 60928
32 97 11047
33 98 53196
33 99 38699
33 100 30231
34 101 65509
34 102 81204
34 103 70816
35 104 81953
35 105 76744
35 106 50691
36 107 42767
36 108 78177
36 109 63881
37 110 14703
37 111 79063
37 112 19664
38 113 51336
38 114 52484
38 115 58606
39 116 7211
39 117 47248
39 118 79035
40 119 46876
40 120 38814
40 121 38151
41 122 52330
41 123 37258
41 124 7217
42 125 5651
42 126 85485
42 127 61667
43 128 30017
43 129 21397
43 130 64192
44 131 77412
44 132 3304
44 133 54521
45 134 22297
45 135 35918
45 136 85878
46 137 68908
46 138 42063
46 139 57467
47 140 83979
47 141 80368
47 142 52751
48 143 34865
48 144 38014
48 145 70067
49 146 35821
49 147 33234
49 148 37883
50 149 14652
50 150 1645
50 151 20375
51 152 19910
51 153 87208
51 154 77118
52 155 4808
52 156 51001
52 157 29534
53 158 84772
53 159 23035
53 160 18656
54 161 34352
54 162 39207
54 163 9194
55 164 30842
55 165 33735
55 166 84013
56 167 84931
56 168 1673
56 169 29822
57 170 78179
57 171 54807
57 172 36106
58 173 63052
58 174 22082
58 175 2684
59 176 84728
59 177 56677
59 178 9426
60 179 51805
60 180 63264
60 181 11957
61 182 58722
61 183 85401
61 184 74259
62 185 9548
62 186 81961
62 187 48120
63 188 34760
63 189 87656
63 190 89352
64 191 3405
64 192 41941
64 193 21029
65 194 1840
65 195 80634
65 196 58518
66 197 3826
66 198 41741
66 199 335
67 200 67531
67 201 21351
67 202 74241
68 203 17518
68 204 47367
68 205 31605
69 206 54475
69 207 3479
69 208 45339
70 209 80827
70 210 46671
70 211 37615
71 212 83205
71 213 42710
71 214 88233
72 215 28759
72 216 25601
72 217 27337
73 218 7812
73 219 34839
73 220 87498
74 221 4489
74 222 72317
74 223 27535
75 224 84700
75 225 50325
75 226 78664
76 227 73593
76 228 26749
76 229 28218
77 230 80956
77 231 19102
77 232 71702
78 233 8266
78 234 1656
78 235 38801
79 236 20199
79 237 67389
79 238 1074
80 239 10227
80 240 39322
80 241 89645
81 242 10332
81 243 84019
81 244 42539
82 245 20760
82 246 12420
82 247 54848
83 248 4708
83 249 50451
83 250 75117
84 251 8103
84 252 43311
84 253 76783
85 254 48964
85 255 76471
85 256 69680
86 257 83367
86 258 60912
86 259 62151
87 260 32546
87 261 19354
87 262 3504
88 263 49456
88 264 51420
88 265 68287
89 266 41176
89 267 78025
89 268 39043
90 269 76966
90 270 817
90 271 70720
91 272 41879
91 273 81253
91 274 58264
92 275 13398
92 276 47446
92 277 72906
93 278 9900
93 279 16757
93 280 19289
94 281 26062
94 282 23050
94 283 81506
95 284 81688
95 285 21946
95 286 14177
96 287 6889
96 288 87802
96 289 23126
97 290 48791
97 291 38640
97 292 797
98 293 9711
98 294 34437
98 295 62154
99 296 31169
99 297 19950
99 298 12003
100 299 68067
100 300 18187
100 301 67278
101 302 4780
101 303 19196
101 304 37665
102 305 65235
102 306 53742
102 307 10733
103 308 52577
103 309 20083
103 310 21027
104 311 1463
104 312 82733
104 313 62248
105 314 11449
105 315 6525
105 316 32705
106 317 47542
106 318 8363
106 319 30172
107 320 7572
107 321 26042
107 322 15877
108 323 80148
108 324 54232
108 325 55041
109 326 39550
109 327 23128
109 328 22729
110 329 34285
110 330 6079
110 331 54765
111 332 44316
111 333 60855
111 334 81390
112 335 67529
112 336 22850
112 337 8977
113 338 37856
113 339 89636
113 340 76961
114 341 70367
114 342 46516
114 343 17753
115 344 50079
115 345 10235
115 346 7264
116 347 19222
116 348 58349
116 349 47680
117 350 58621
117 351 83754
117 352 52453
118 353 48784
118 354 63366
118 355 58162
119 356 80751
119 357 5671
119 358 10222
120 359 31523
120 360 14059
120 361 27369
121 362 21324
121 363 45084
121 364 63831
122 365 8752
122 366 32173
122 367 38086
123 368 85750
123 369 14206
123 370 87885
124 371 57051
124 372 49368
124 373 6193
125 374 50521
125 375 14868
125 376 89637
126 377 18097
126 378 617
126 379 83182
127 380 76622
127 381 89513
127 382 86748
128 383 19235
128 384 79363
128 385 49271
129 386 59395
129 387 65230
129 388 57066
130 389 61422
130 390 49353
130 391 61373
131 392 15998
131 393 85179
131 394 65882
132 395 38112
132 396 13115
132 397 15183
133 398 50209
133 399 42059
133 400 40951
134 401 65200
134 402 12352
134 403 56986
135 404 75723
135 405 83231
135 406 25516
136 407 57888
136 408 64748
136 409 17477
137 410 86179
137 411 68421
137 412 47408
138 413 69231
138 414 86341
138 415 58056
139 416 55857
139 417 35984
139 418 29755
140 419 4557
140 420 57391
140 421 5191
141 422 34904
141 423 54280
141 424 24167
142 425 50591
142 426 81535
142 427 4854
143 428 88532
143 429 42693
143 430 6303
144 431 77281
144 432 36304
144 433 47079
145 434 51569
145 435 4553
145 436 63052
146 437 5438
146 438 71351
146 439 33401
147 440 6025
147 441 42815
147 442 17642
148 443 75860
148 444 25192
148 445 7968
149 446 11908
149 447 86632
149 448 10420
150 449 8934
150 450 51904
150 451 88159
151 452 38143
151 453 57611
151 454 84667
152 455 80028
152 456 11023
152 457 30641
153 458 62073
153 459 30797
153 460 54467
154 461 40232
154 462 47894
154 463 17412
155 464 71415
155 465 69624
155 466 54870
156 467 86420
156 468 55217
156 469 74808
157 470 75602
157 471 58433
157 472 24384
158 473 66212
158 474 89134
158 475 50807
159 476 8888
159 477 17158
159 478 54700
160 479 41856
160 480 83960
160 481 85324
161 482 59116
161 483 76244
161 484 23032
162 485 72372
162 486 78961
162 487 83427
163 488 22502
163 489 88785
163 490 26678
164 491 16731
164 492 58112
164 493 16555
165 494 88619
165 495 48458
165 496 2687
166 497 34347
166 498 72738
166 499 37084
167 500 41176
167 501 17375
167 502 89793
168 503 30507
168 504 62559
168 505 27100
169 506 7252
169 507 34609
169 508 28475
170 509 46202
170 510 31003
170 511 15883
171 512 76010
171 513 70465
171 514 19501
172 515 43101
172 516 62208
172 517 68815
173 518 80457
173 519 43975
173 520 16059
174 521 53694
174 522 30362
174 523 23923
175 524 25018
175 525 15291
175 526 10868
176 527 64201
176 528 38275
176 529 82172
177 530 79354
177 531 11351
177 532 56213
178 533 57963
178 534 83124
178 535 41484
179 536 40679
179 537 25174
179 538 39630
180 539 53262
180 540 67120
180 541 71736
181 542 50578
181 543 56794
181 544 21359
182 545 11835
182 546 18596
182 547 78665
183 548 33563
183 549 16839
183 550 25325
184 551 31568
184 552 53362
184 553 57853
185 554 28073
185 555 80640
185 556 65764
186 557 65569
186 558 15332
186 559 44089
187 560 34934
187 561 72044
187 562 23237
188 563 87201
188 564 50375
188 565 67440
189 566 4394
189 567 14600
189 568 8684
190 569 18143
190 570 65373
190 571 24886
191 572 13291
191 573 79392
191 574 38561
192 575 11098
192 576 83232
192 577 89818
193 578 80441
193 579 46274
193 580 51499
194 581 71293
194 582 17114
194 583 50639
195 584 39140
195 585 57977
195 586 8268
196 587 69066
196 588 9400
196 589 81175
197 590 19863
197 591 45409
197 592 1395
198 593 43990
198 594 9953
198 595 5286
199 596 82227
199 597 37957
199 598 40415
200 599 71907
200 600 76941
200 601 38357
201 602 58671
201 603 53703
201 604 34829
202 605 87676
202 606 52378
202 607 23987
203 608 41343
203 609 13294
203 610 64477
204 611 32546
204 612 65695
204 613 34948
205 614 88461
205 615 51989
205 616 37770
206 617 72289
206 618 35002
206 619 89477
207 620 77611
207 621 49554
207 622 87080
208 623 28059
208 624 41045
208 625 37235
209 626 35500
209 627 19116
209 628 41355
210 629 75324
210 630 42449
210 631 33161
211 632 10536
211 633 5022
211 634 44792
212 635 35670
212 636 23241
212 637 64568
213 638 745
213 639 82730
213 640 33195
214 641 47749
214 642 62572
214 643 56297
215 644 89736
215 645 6512
215 646 60160
216 647 25511
216 648 59501
216 649 72260
217 650 35322
217 651 15187
217 652 1171
218 653 49693
218 654 19270
218 655 89051
219 656 23040
219 657 6197
219 658 5206
220 659 86251
220 660 47103
220 661 21095
221 662 84331
221 663 24119
221 664 26868
222 665 13447
222 666 69258
222 667 19304
223 668 76942
223 669 53656
223 670 66838
224 671 31884
224 672 61422
224 673 54135
225 674 14964
225 675 34748
225 676 56354
226 677 33899
226 678 18791
226 679 45478
227 680 34655
227 681 26988
227 682 16064
228 683 75178
228 684 51140
228 685 34676
229 686 38607
229 687 11596
229 688 84460
230 689 9421
230 690 49078
230 691 87343
231 692 54353
231 693 85857
231 694 80638
232 695 20752
232 696 65823
232 697 59636
233 698 45120
233 699 68517
233 700 34992
234 701 23475
234 702 4518
234 703 53986
235 704 70463
235 705 24004
235 706 22758
236 707 37319
236 708 65457
236 709 69757
237 710 52613
237 711 72164
237 712 71751
238 713 49420
238 714 75236
238 715 53734
239 716 47513
239 717 73089
239 718 71709
240 719 12353
240 720 11153
240 721 28078
241 722 73243
241 723 29785
241 724 35460
242 725 54608
242 726 77975
242 727 25436
243 728 56999
243 729 62024
243 730 54103
244 731 16745
244 732 64987
244 733 88567
245 734 47702
245 735 59359
245 736 67567
246 737 11193
246 738 17411
246 739 45968
247 740 61887
247 741 53142
247 742 5174
248 743 7938
248 744 37629
248 745 13210
249 746 29001
249 747 13802
249 748 86494
250 749 53790
250 750 51565
250 751 10083
251 752 4196
251 753 18840
251 754 76573
252 755 14273
252 756 27950
252 757 10065
253 758 66600
253 759 38491
253 760 48890
254 761 30771
254 762 12396
254 763 50483
255 764 75427
255 765 13981
255 766 61331
256 767 1353
256 768 32255
256 769 39397
257 770 47513
257 771 19431
257 772 43396
258 773 59054
258 774 44269
258 775 73565
259 776 50957
259 777 1196
259 778 13755
260 779 58328
260 780 25636
260 781 2622
261 782 62515
261 783 12019
261 784 80510
262 785 75715
262 786 11258
262 787 11432
263 788 63523
263 789 78046
263 790 68945
264 791 22924
264 792 73852
264 793 32149
265 794 50953
265 795 2420
265 796 72443
266 797 8154
266 798 79575
266 799 57952
267 800 56078
267 801 35543
267 802 5086
268 803 48293
268 804 53036
268 805 55208
269 806 84048
269 807 77345
269 808 24505
270 809 19772
270 810 53577
270 811 25331
271 812 41966
271 813 11301
271 814 18652
272 815 19643
272 816 46086
272 817 49924
273 818 61147
273 819 68602
273 820 73933
274 821 70877
274 822 58881
274 823 3159
275 824 74366
275 825 70095
275 826 52104
276 827 79857
276 828 68936
276 829 68726
277 830 22156
277 831 68798
277 832 7550
278 833 56497
278 834 89164
278 835 9481
279 836 19836
279 837 62223
279 838 50601
280 839 38284
280 840 83340
280 841 74665
281 842 34575
281 843 15225
281 844 71519
282 845 79905
282 846 35262
282 847 25055
283 848 17858
283 849 2657
283 850 27564
284 851 36665
284 852 19327
284 853 82845
285 854 12802
285 855 87745
285 856 24834
286 857 70336
286 858 13023
286 859 67840
287 860 39848
287 861 28345
287 862 32497
288 863 5118
288 864 3143
288 865 39107
289 866 52431
289 867 68167
289 868 45759
290 869 11259
290 870 62041
290 871 41201
291 872 59308
291 873 26742
291 874 65802
292 875 8979
292 876 42909
292 877 26176
293 878 41679
293 879 35215
293 880 83235
294 881 32283
294 882 52864
294 883 59229
295 884 21840
295 885 76266
295 886 88800
296 887 55221
296 888 33962
296 889 17977
297 890 45459
297 891 36154
297 892 36336
298 893 22477
298 894 83404
298 895 87749
299 896 47477
299 897 6283
299 898 85681
300 899 57612
300 900 48449
300 901 22481
301 902 52311
301 903 271
301 904 64036
302 905 83855
302 906 26753
302 907 43891
303 908 32575
303 909 68382
303 910 17203
304 911 26281
304 912 69374
304 913 60724
305 914 75039
305 915 77227
305 916 52424
306 917 34507
306 918 60421
306 919 28548
307 920 81491
307 921 35228
307 922 89040
308 923 42493
308 924 28983
308 925 67727
309 926 17615
309 927 42143
309 928 39812
310 929 51837
310 930 18981
310 931 78179
311 932 84925
311 933 72091
311 934 52928
312 935 35993
312 936 47875
312 937 8792
313 938 80767
313 939 77122
313 940 86132
314 941 41007
314 942 68354
314 943 87123
315 944 82152
315 945 30531
315 946 9894
316 947 11073
316 948 83039
316 949 68264
317 950 30817
317 951 73603
317 952 55640
318 953 15718
318 954 21886
318 955 63760
319 956 54680
319 957 19265
319 958 59751
320 959 83082
320 960 16278
320 961 36388
321 962 47187
321 963 86978
321 964 57816
322 965 66313
322 966 87935
322 967 63671
323 968 17300
323 969 24850
323 970 80187
324 971 78845
324 972 64440
324 973 84540
325 974 18979
325 975 66861
325 976 25086
326 977 66950
326 978 69497
326 979 66602
327 980 54153
327 981 36829
327 982 54377
328 983 10986
328 984 10717
328 985 71149
329 986 52428
329 987 6797
329 988 53762
330 989 87811
330 990 6455
330 991 50458
331 992 13308
331 993 45228
331 994 63743
332 995 6115
332 996 6551
332 997 65322
333 998 24448
333 999 8043
333 1000 89254
334 1001 18350
334 1002 44963
334 1003 10919
335 1004 41295
335 1005 45521
335 1006 15100
336 1007 58227
336 1008 42096
336 1009 22395
337 1010 20092
337 1011 19837
337 1012 46984
338 1013 84309
338 1014 50322
338 1015 52670
339 1016 1321
339 1017 36940
339 1018 5224
340 1019 1877
340 1020 23702
340 1021 57887
341 1022 27120
341 1023 11362
341 1024 13016
342 1025 55729
342 1026 6861
342 1027 89987
343 1028 54940
343 1029 83138
343 1030 72378
344 1031 19256
344 1032 8553
344 1033 926
345 1034 32053
345 1035 51342
345 1036 63536
346 1037 40249
346 1038 66966
346 1039 62636
347 1040 51864
347 1041 1637
347 1042 72436
348 1043 56548
348 1044 20229
348 1045 85193
349 1046 10013
349 1047 60726
349 1048 54057
350 1049 58395
350 1050 11594
350 1051 42947
351 1052 56905
351 1053 20761
351 1054 35015
352 1055 57873
352 1056 13977
352 1057 47441
353 1058 34822
353 1059 52482
353 1060 13783
354 1061 67808
354 1062 63035
354 1063 21459
355 1064 72859
355 1065 55083
355 1066 58803
356 1067 13162
356 1068 79150
356 1069 47958
357 1070 45296
357 1071 19930
357 1072 56211
358 1073 81732
358 1074 15271
358 1075 31515
359 1076 75126
359 1077 66172
359 1078 26527
360 1079 33147
360 1080 77746
360 1081 62269
361 1082 38940
361 1083 20498
361 1084 3696
362 1085 17482
362 1086 29893
362 1087 33018
363 1088 76097
363 1089 79694
363 1090 52318
364 1091 59726
364 1092 53409
364 1093 71522
365 1094 913
365 1095 23457
365 1096 21166
366 1097 22727
366 1098 7600
366 1099 52076
367 1100 2098
367 1101 70246
367 1102 61247
368 1103 89321
368 1104 74333
368 1105 43549
369 1106 71188
369 1107 69919
369 1108 10072
370 1109 40930
370 1110 67918
370 1111 33041
371 1112 60482
371 1113 60758
371 1114 23667
372 1115 2655
372 1116 65866
372 1117 19356
373 1118 75381
373 1119 88487
373 1120 46181
374 1121 75423
374 1122 15996
374 1123 33032
375 1124 32187
375 1125 80479
375 1126 2295
376 1127 19027
376 1128 1414
376 1129 87790
377 1130 5907
377 1131 60656
377 1132 27186
378 1133 58897
378 1134 65311
378 1135 42674
379 1136 47114
379 1137 80813
379 1138 58249
380 1139 251
380 1140 6756
380 1141 8668
381 1142 41149
381 1143 89030
381 1144 36192
382 1145 43934
382 1146 8285
382 1147 5720
383 1148 77633
383 1149 49775
383 1150 2383
384 1151 53201
384 1152 85906
384 1153 29712
385 1154 36432
385 1155 89062
385 1156 67097
386 1157 17118
386 1158 31861
386 1159 28989
387 1160 87192
387 1161 17150
387 1162 64378
388 1163 51140
388 1164 58223
388 1165 82316
389 1166 52864
389 1167 80017
389 1168 1787
390 1169 11868
390 1170 23121
390 1171 35090
391 1172 18435
391 1173 45813
391 1174 88093
392 1175 8819
392 1176 9328
392 1177 25493
393 1178 8304
393 1179 27304
393 1180 88137
394 1181 81634
394 1182 56795
394 1183 31338
395 1184 49076
395 1185 60404
395 1186 46752
396 1187 28021
396 1188 65974
396 1189 14821
397 1190 19801
397 1191 81658
397 1192 37408
398 1193 28431
398 1194 34153
398 1195 11417
399 1196 68352
399 1197 77137
399 1198 34247
400 1199 3961
400 1200 2323
400 1201 69077
401 1202 1483
401 1203 13364
401 1204 89765
402 1205 68771
402 1206 12630
402 1207 89637
403 1208 62534
403 1209 36863
403 1210 15474
404 1211 29788
404 1212 44932
404 1213 78234
405 1214 52575
405 1215 76432
405 1216 60538
406 1217 32342
406 1218 27565
406 1219 89549
407 1220 1070
407 1221 64117
407 1222 73985
408 1223 82201
408 1224 28665
408 1225 76472
409 1226 29875
409 1227 68433
409 1228 32074
410 1229 32552
410 1230 26871
410 1231 45963
411 1232 52830
411 1233 39014
411 1234 56334
412 1235 29568
412 1236 24255
412 1237 2712
413 1238 79300
413 1239 63515
413 1240 41974
414 1241 19045
414 1242 35900
414 1243 52748
415 1244 67844
415 1245 71438
415 1246 66148
416 1247 17104
416 1248 56335
416 1249 55038
417 1250 42483
417 1251 79097
417 1252 34643
418 1253 81548
418 1254 40063
418 1255 10915
419 1256 12778
419 1257 31423
419 1258 22535
420 1259 89681
420 1260 82575
420 1261 45430
421 1262 35632
421 1263 68783
421 1264 212
422 1265 45888
422 1266 17277
422 1267 27651
423 1268 24736
423 1269 52635
423 1270 75845
424 1271 203
424 1272 67980
424 1273 86359
425 1274 63609
425 1275 68057
425 1276 28721
426 1277 39552
426 1278 33312
426 1279 52988
427 1280 66021
427 1281 34729
427 1282 43173
428 1283 84509
428 1284 47111
428 1285 6610
429 1286 35173
429 1287 72036
429 1288 26656
430 1289 32140
430 1290 68123
430 1291 12672
431 1292 53695
431 1293 72756
431 1294 84278
432 1295 4180
432 1296 77897
432 1297 88454
433 1298 72486
433 1299 83389
433 1300 54603
434 1301 72451
434 1302 67545
434 1303 47702
435 1304 63202
435 1305 65570
435 1306 52474
436 1307 59545
436 1308 52767
436 1309 77188
437 1310 80799
437 1311 4168
437 1312 28161
438 1313 72154
438 1314 13530
438 1315 76006
439 1316 37224
439 1317 38320
439 1318 20430
440 1319 33333
440 1320 15157
440 1321 37214
441 1322 22465
441 1323 83433
441 1324 35440
442 1325 72798
442 1326 29073
442 1327 74221
443 1328 76281
443 1329 39821
443 1330 39402
444 1331 30372
444 1332 29830
444 1333 3481
445 1334 60637
445 1335 902
445 1336 74548
446 1337 56429
446 1338 26847
446 1339 30999
447 1340 7175
447 1341 14179
447 1342 20954
448 1343 49625
448 1344 40623
448 1345 63006
449 1346 67880
449 1347 74882
449 1348 41660
450 1349 9350
450 1350 24828
450 1351 80936
451 1352 10732
451 1353 29521
451 1354 65817
452 1355 32202
452 1356 42935
452 1357 55179
453 1358 72589
453 1359 556
453 1360 52231
454 1361 55157
454 1362 79317
454 1363 541
455 1364 56658
455 1365 44583
455 1366 1878
456 1367 85062
456 1368 53969
456 1369 53092
457 1370 5456
457 1371 72490
457 1372 43466
458 1373 7075
458 1374 7873
458 1375 25621
459 1376 19275
459 1377 44628
459 1378 78898
460 1379 53400
460 1380 76980
460 1381 76968
461 1382 59529
461 1383 55238
461 1384 35357
462 1385 4676
462 1386 45178
462 1387 40928
463 1388 49607
463 1389 86790
463 1390 20824
464 1391 12523
464 1392 78075
464 1393 53258
465 1394 79270
465 1395 79641
465 1396 54772
466 1397 37001
466 1398 21799
466 1399 52167
467 1400 25641
467 1401 71057
467 1402 65591
468 1403 44234
468 1404 53500
468 1405 47615
469 1406 6772
469 1407 24054
469 1408 69841
470 1409 27583
470 1410 79325
470 1411 38400
471 1412 9617
471 1413 88249
471 1414 54736
472 1415 46901
472 1416 83056
472 1417 85487
473 1418 12417
473 1419 70014
473 1420 86488
474 1421 49050
474 1422 74063
474 1423 79329
475 1424 78014
475 1425 21208
475 1426 37962
476 1427 6416
476 1428 88248
476 1429 46132
477 1430 19457
477 1431 12057
477 1432 46395
478 1433 37076
478 1434 45260
478 1435 82622
479 1436 76616
479 1437 71973
479 1438 71091
480 1439 33485
480 1440 17384
480 1441 8533
481 1442 5399
481 1443 75520
481 1444 43351
482 1445 21888
482 1446 32618
482 1447 85522
483 1448 54886
483 1449 80564
483 1450 2600
484 1451 27040
484 1452 35915
484 1453 40802
485 1454 25911
485 1455 27051
485 1456 49952
486 1457 32045
486 1458 52883
486 1459 27286
487 1460 78380
487 1461 23236
487 1462 86828
488 1463 23118
488 1464 40408
488 1465 75939
489 1466 43755
489 1467 34122
489 1468 72768
490 1469 55492
490 1470 66960
490 1471 23769
491 1472 12122
491 1473 8091
491 1474 77656
492 1475 38697
492 1476 10519
492 1477 27460
493 1478 17083
493 1479 19020
493 1480 2378
494 1481 59892
494 1482 66717
494 1483 78178
495 1484 24714
495 1485 5529
495 1486 9253
496 1487 12026
496 1488 2799
496 1489 41809
497 1490 30195
497 1491 7478
497 1492 11550
498 1493 13576
498 1494 63586
498 1495 69065
499 1496 62691
499 1497 39085
499 1498 20362
500 1499 54237
500 1500 53657
500 1501 5202
501 1502 36804
501 1503 19560
501 1504 41165
502 1505 75745
502 1506 46811
502 1507 49157
503 1508 48824
503 1509 18721
503 1510 40285
504 1511 165
504 1512 35165
504 1513 27870
505 1514 2197
505 1515 689
505 1516 88018
506 1517 62951
506 1518 47044
506 1519 50586
507 1520 4322
507 1521 66955
507 1522 21978
508 1523 43454
508 1524 24735
508 1525 53150
509 1526 8852
509 1527 74851
509 1528 3906
510 1529 66281
510 1530 79517
510 1531 31123
511 1532 4891
511 1533 30262
511 1534 77886
512 1535 31155
512 1536 64502
512 1537 62982
513 1538 81991
513 1539 40068
513 1540 83982
514 1541 35185
514 1542 68895
514 1543 2581
515 1544 20487
515 1545 65991
515 1546 40927
516 1547 66300
516 1548 69320
516 1549 87153
517 1550 69797
517 1551 34797
517 1552 57480
518 1553 23552
518 1554 31097
518 1555 70179
519 1556 78061
519 1557 8446
519 1558 10424
520 1559 17716
520 1560 15391
520 1561 55047
521 1562 6798
521 1563 63511
521 1564 76942
522 1565 52419
522 1566 80941
522 1567 21655
523 1568 68849
523 1569 36125
523 1570 32005
524 1571 11850
524 1572 8674
524 1573 45439
525 1574 81545
525 1575 56929
525 1576 63299
526 1577 67411
526 1578 33334
526 1579 81155
527 1580 14678
527 1581 76323
527 1582 12998
528 1583 86054
528 1584 41579
528 1585 82389
529 1586 18032
529 1587 80443
529 1588 27352
530 1589 54814
530 1590 25479
530 1591 74188
531 1592 74822
531 1593 51867
531 1594 16409
532 1595 36073
532 1596 48294
532 1597 61737
533 1598 59398
533 1599 53435
533 1600 45426
534 1601 75393
534 1602 27508
534 1603 47582
535 1604 62260
535 1605 27631
535 1606 41912
536 1607 30028
536 1608 17467
536 1609 55233
537 1610 65563
537 1611 86497
537 1612 32230
538 1613 4183
538 1614 39209
538 1615 11249
539 1616 78459
539 1617 45832
539 1618 55288
540 1619 82926
540 1620 64367
540 1621 55865
541 1622 13657
541 1623 76827
541 1624 13425
542 1625 39067
542 1626 83718
542 1627 88364
543 1628 78587
543 1629 41529
543 1630 30733
544 1631 84581
544 1632 56647
544 1633 30387
545 1634 41591
545 1635 67132
545 1636 10821
546 1637 17902
546 1638 18917
546 1639 15280
547 1640 66715
547 1641 38522
547 1642 14584
548 1643 77525
548 1644 57519
548 1645 15748
549 1646 36553
549 1647 68139
549 1648 69286
550 1649 38890
550 1650 36254
550 1651 88732
551 1652 84368
551 1653 71139
551 1654 25550
552 1655 56837
552 1656 40267
552 1657 16930
553 1658 12820
553 1659 43887
553 1660 16142
554 1661 25521
554 1662 85467
554 1663 42368
555 1664 10253
555 1665 30895
555 1666 59418
556 1667 17571
556 1668 71023
556 1669 84158
557 1670 58670
557 1671 46014
557 1672 59933
558 1673 35678
558 1674 54093
558 1675 14942
559 1676 38919
559 1677 4602
559 1678 13405
560 1679 20298
560 1680 14307
560 1681 24917
561 1682 48351
561 1683 46344
561 1684 70768
562 1685 18663
562 1686 45486
562 1687 69124
563 1688 87732
563 1689 57223
563 1690 81141
564 1691 42538
564 1692 61926
564 1693 10832
565 1694 72195
565 1695 46470
565 1696 47976
566 1697 32718
566 1698 75625
566 1699 40500
567 1700 63182
567 1701 101
567 1702 33733
568 1703 53358
568 1704 50277
568 1705 80630
569 1706 82571
569 1707 42801
569 1708 18017
570 1709 87948
570 1710 19039
570 1711 89272
571 1712 71140
571 1713 8799
571 1714 35511
572 1715 9742
572 1716 53456
572 1717 13974
573 1718 72626
573 1719 73281
573 1720 44120
574 1721 86091
574 1722 67844
574 1723 71672
575 1724 30384
575 1725 11702
575 1726 36400
576 1727 76193
576 1728 17814
576 1729 68901
577 1730 22407
577 1731 54090
577 1732 22829
578 1733 33535
578 1734 45738
578 1735 51647
579 1736 56090
579 1737 31324
579 1738 47973
580 1739 68711
580 1740 32441
580 1741 41368
581 1742 60704
581 1743 2272
581 1744 1253
582 1745 16200
582 1746 70912
582 1747 56009
583 1748 71149
583 1749 14995
583 1750 84150
584 1751 22334
584 1752 60100
584 1753 59583
585 1754 8378
585 1755 28020
585 1756 88991
586 1757 16851
586 1758 39989
586 1759 49720
587 1760 3844
587 1761 64343
587 1762 25349
588 1763 89241
588 1764 15923
588 1765 40311
589 1766 26035
589 1767 13115
589 1768 70605
590 1769 81796
590 1770 50911
590 1771 44801
591 1772 56820
591 1773 17854
591 1774 86728
592 1775 68721
592 1776 18983
592 1777 55882
593 1778 44780
593 1779 26554
593 1780 58787
594 1781 42714
594 1782 28272
594 1783 81848
595 1784 36356
595 1785 76176
595 1786 78686
596 1787 1825
596 1788 10252
596 1789 15887
597 1790 31555
597 1791 84843
597 1792 26805
598 1793 632
598 1794 38448
598 1795 73653
599 1796 61295
599 1797 39462
599 1798 43958
600 1799 80987
600 1800 68507
600 1801 46427
601 1802 22475
601 1803 28678
601 1804 72028
602 1805 7695
602 1806 31026
602 1807 83026
603 1808 847
603 1809 49262
603 1810 53987
604 1811 55917
604 1812 10117
604 1813 61808
605 1814 45953
605 1815 51552
605 1816 63056
606 1817 43548
606 1818 61098
606 1819 70084
607 1820 30127
607 1821 8719
607 1822 22403
608 1823 17207
608 1824 85349
608 1825 1158
609 1826 4325
609 1827 6240
609 1828 8174
610 1829 25667
610 1830 20613
610 1831 88341
611 1832 42976
611 1833 27131
611 1834 35581
612 1835 24826
612 1836 58148
612 1837 46625
613 1838 25972
613 1839 18864
613 1840 23591
614 1841 76261
614 1842 69620
614 1843 18637
615 1844 12148
615 1845 19600
615 1846 16609
616 1847 70385
616 1848 86787
616 1849 21892
617 1850 69224
617 1851 5665
617 1852 84981
618 1853 4720
618 1854 80053
618 1855 30270
619 1856 48639
619 1857 79574
619 1858 17344
620 1859 77608
620 1860 6930
620 1861 17885
621 1862 82311
621 1863 42234
621 1864 3814
622 1865 18974
622 1866 78472
622 1867 4960
623 1868 24614
623 1869 63853
623 1870 37869
624 1871 65291
624 1872 21049
624 1873 89195
625 1874 74167
625 1875 24733
625 1876 35404
626 1877 53349
626 1878 32530
626 1879 42897
627 1880 62461
627 1881 80290
627 1882 71670
628 1883 57705
628 1884 53455
628 1885 88796
629 1886 78630
629 1887 82811
629 1888 78790
630 1889 34494
630 1890 44569
630 1891 16298
631 1892 74359
631 1893 65168
631 1894 59079
632 1895 74513
632 1896 33978
632 1897 8283
633 1898 85821
633 1899 81453
633 1900 88525
634 1901 21568
634 1902 81751
634 1903 14032
635 1904 78109
635 1905 83580
635 1906 14105
636 1907 39415
636 1908 48212
636 1909 37419
637 1910 47104
637 1911 54703
637 1912 15802
638 1913 65054
638 1914 64612
638 1915 88046
639 1916 77176
639 1917 44583
639 1918 61576
640 1919 35590
640 1920 11266
640 1921 88756
641 1922 23316
641 1923 24661
641 1924 9165
642 1925 74496
642 1926 9526
642 1927 21876
643 1928 18072
643 1929 55722
643 1930 11529
644 1931 17364
644 1932 4906
644 1933 44522
645 1934 6799
645 1935 37375
645 1936 88611
646 1937 27129
646 1938 14603
646 1939 22305
647 1940 24446
647 1941 1761
647 1942 4260
648 1943 79527
648 1944 86724
648 1945 37979
649 1946 23001
649 1947 82953
649 1948 37872
650 1949 53113
650 1950 19157
650 1951 74108
651 1952 75420
651 1953 59235
651 1954 24335
652 1955 40945
652 1956 53270
652 1957 65728
653 1958 13979
653 1959 19305
653 1960 5549
654 1961 62819
654 1962 17805
654 1963 22239
655 1964 49167
655 1965 886
655 1966 32258
656 1967 45746
656 1968 77065
656 1969 21470
657 1970 69844
657 1971 4890
657 1972 393
658 1973 8640
658 1974 74157
658 1975 37705
659 1976 50427
659 1977 57561
659 1978 32844
660 1979 55637
660 1980 1356
660 1981 355
661 1982 6779
661 1983 69247
661 1984 13255
662 1985 17772
662 1986 74808
662 1987 43070
663 1988 86131
663 1989 73270
663 1990 62872
664 1991 26594
664 1992 17412
664 1993 41111
665 1994 68806
665 1995 12333
665 1996 25406
666 1997 30572
666 1998 55846
666 1999 52746
667 2000 68785
667 2001 24029
667 2002 3164
668 2003 69008
668 2004 13451
668 2005 81070
669 2006 24218
669 2007 61032
669 2008 86060
670 2009 5723
670 2010 53301
670 2011 21244
671 2012 78921
671 2013 17401
671 2014 29147
672 2015 10326
672 2016 3436
672 2017 62825
673 2018 45765
673 2019 30238
673 2020 65118
674 2021 74435
674 2022 85220
674 2023 89462
675 2024 74628
675 2025 42354
675 2026 87198
676 2027 59491
676 2028 81694
676 2029 24795
677 2030 78871
677 2031 70683
677 2032 18227
678 2033 12467
678 2034 45015
678 2035 59793
679 2036 73912
679 2037 88245
679 2038 5075
680 2039 10636
680 2040 55886
680 2041 42385
681 2042 78717
681 2043 58907
681 2044 67438
682 2045 69076
682 2046 44717
682 2047 916
683 2048 84804
683 2049 78831
683 2050 44623
684 2051 24668
684 2052 22620
684 2053 32026
685 2054 49544
685 2055 4505
685 2056 30186
686 2057 38699
686 2058 25308
686 2059 24673
687 2060 63545
687 2061 40777
687 2062 14933
688 2063 84383
688 2064 5725
688 2065 51342
689 2066 7612
689 2067 54743
689 2068 25158
690 2069 7134
690 2070 16250
690 2071 28837
691 2072 80843
691 2073 66202
691 2074 83396
692 2075 8543
692 2076 76825
692 2077 86353
693 2078 20968
693 2079 12502
693 2080 16595
694 2081 82104
694 2082 22504
694 2083 52610
695 2084 58749
695 2085 76526
695 2086 8007
696 2087 19833
696 2088 28792
696 2089 4205
697 2090 16154
697 2091 59183
697 2092 47866
698 2093 37845
698 2094 78892
698 2095 1446
699 2096 42291
699 2097 24914
699 2098 60316
700 2099 15950
700 2100 8150
700 2101 85937
701 2102 51296
701 2103 88334
701 2104 48237
702 2105 27081
702 2106 43341
702 2107 23728
703 2108 3459
703 2109 84611
703 2110 14430
704 2111 20326
704 2112 38067
704 2113 79455
705 2114 9133
705 2115 72811
705 2116 87204
706 2117 70145
706 2118 83229
706 2119 8420
707 2120 26549
707 2121 17900
707 2122 51863
708 2123 83401
708 2124 66451
708 2125 88297
709 2126 1123
709 2127 22201
709 2128 60930
710 2129 15469
710 2130 73997
710 2131 31608
711 2132 66191
711 2133 55048
711 2134 57804
712 2135 6913
712 2136 36335
712 2137 6822
713 2138 1757
713 2139 76330
713 2140 23443
714 2141 60274
714 2142 50326
714 2143 57095
715 2144 10540
715 2145 86457
715 2146 6633
716 2147 25462
716 2148 25086
716 2149 46057
717 2150 74063
717 2151 52451
717 2152 43869
718 2153 44755
718 2154 16932
718 2155 24892
719 2156 789
719 2157 56310
719 2158 33479
720 2159 15363
720 2160 58466
720 2161 85373
721 2162 71778
721 2163 4487
721 2164 83273
722 2165 69943
722 2166 29870
722 2167 59655
723 2168 65918
723 2169 4553
723 2170 8640
724 2171 33031
724 2172 26193
724 2173 27771
725 2174 88099
725 2175 15860
725 2176 61300
726 2177 65570
726 2178 2717
726 2179 44169
727 2180 40731
727 2181 29992
727 2182 1224
728 2183 15320
728 2184 46833
728 2185 52393
729 2186 72070
729 2187 60732
729 2188 9008
730 2189 72516
730 2190 29727
730 2191 14871
731 2192 23295
731 2193 17451
731 2194 12737
732 2195 44410
732 2196 17025
732 2197 79246
733 2198 22815
733 2199 12336
733 2200 43675
734 2201 50206
734 2202 58548
734 2203 10764
735 2204 47209
735 2205 72890
735 2206 74274
736 2207 43361
736 2208 71628
736 2209 57665
737 2210 38385
737 2211 13959
737 2212 87865
738 2213 84764
738 2214 65780
738 2215 78641
739 2216 78276
739 2217 32025
739 2218 17351
740 2219 64846
740 2220 89461
740 2221 44094
741 2222 22933
741 2223 72075
741 2224 30078
742 2225 2819
742 2226 68980
742 2227 58411
743 2228 67351
743 2229 73537
743 2230 42695
744 2231 72238
744 2232 56348
744 2233 18099
745 2234 8691
745 2235 7774
745 2236 55202
746 2237 64852
746 2238 64881
746 2239 17328
747 2240 62826
747 2241 30047
747 2242 72962
748 2243 79708
748 2244 36301
748 2245 14419
749 2246 81887
749 2247 82184
749 2248 33046
750 2249 24754
750 2250 80178
750 2251 83908
751 2252 88977
751 2253 87432
751 2254 80747
752 2255 86742
752 2256 74224
752 2257 68019
753 2258 50055
753 2259 33665
753 2260 25891
754 2261 74946
754 2262 67612
754 2263 38389
755 2264 2502
755 2265 18705
755 2266 63302
756 2267 79412
756 2268 20639
756 2269 31459
757 2270 27588
757 2271 18429
757 2272 60414
758 2273 37634
758 2274 42830
758 2275 68716
759 2276 45983
759 2277 56108
759 2278 87353
760 2279 85565
760 2280 62611
760 2281 85803
761 2282 22050
761 2283 14034
761 2284 89341
762 2285 81483
762 2286 70909
762 2287 26297
763 2288 12455
763 2289 23892
763 2290 61910
764 2291 86682
764 2292 12666
764 2293 20802
765 2294 40881
765 2295 27219
765 2296 25720
766 2297 33911
766 2298 47394
766 2299 42497
767 2300 44399
767 2301 44271
767 2302 39680
768 2303 13330
768 2304 17158
768 2305 54624
769 2306 53088
769 2307 12125
769 2308 56475
770 2309 54523
770 2310 71566
770 2311 5992
771 2312 19334
771 2313 65753
771 2314 26464
772 2315 85628
772 2316 37777
772 2317 10470
773 2318 31164
773 2319 38510
773 2320 65187
774 2321 35588
774 2322 8477
774 2323 42629
775 2324 15359
775 2325 49105
775 2326 13421
776 2327 25018
776 2328 14499
776 2329 46709
777 2330 64640
777 2331 62884
777 2332 62074
778 2333 84966
778 2334 29708
778 2335 45362
779 2336 21937
779 2337 40659
779 2338 45204
780 2339 3621
780 2340 20155
780 2341 26041
781 2342 15607
781 2343 66030
781 2344 26637
782 2345 16368
782 2346 5643
782 2347 68763
783 2348 61534
783 2349 34044
783 2350 83566
784 2351 28222
784 2352 57012
784 2353 48067
785 2354 43998
785 2355 87449
785 2356 64284
786 2357 78668
786 2358 79735
786 2359 83429
787 2360 35246
787 2361 10934
787 2362 25425
788 2363 34436
788 2364 13597
788 2365 71455
789 2366 4496
789 2367 63205
789 2368 70034
790 2369 47420
790 2370 87139
790 2371 51477
791 2372 14584
791 2373 32637
791 2374 34265
792 2375 89028
792 2376 54108
792 2377 62915
793 2378 52417
793 2379 84599
793 2380 2185
794 2381 41409
794 2382 1677
794 2383 27738
795 2384 58785
795 2385 49669
795 2386 60743
796 2387 36918
796 2388 68488
796 2389 56685
797 2390 75086
797 2391 50864
797 2392 24441
798 2393 64026
798 2394 54916
798 2395 54736
799 2396 58155
799 2397 37131
799 2398 77132
800 2399 67582
800 2400 85693
800 2401 36062
801 2402 56592
801 2403 55186
801 2404 73502
802 2405 89879
802 2406 40868
802 2407 39141
803 2408 80298
803 2409 42370
803 2410 27807
804 2411 59505
804 2412 89127
804 2413 17209
805 2414 78902
805 2415 89594
805 2416 82233
806 2417 41753
806 2418 78142
806 2419 76601
807 2420 27599
807 2421 10193
807 2422 48353
808 2423 49894
808 2424 41603
808 2425 69226
809 2426 59903
809 2427 6896
809 2428 86831
810 2429 2585
810 2430 14761
810 2431 5670
811 2432 79139
811 2433 2010
811 2434 34397
812 2435 64807
812 2436 27295
812 2437 2006
813 2438 6199
813 2439 31962
813 2440 88640
814 2441 29677
814 2442 65522
814 2443 31523
815 2444 79068
815 2445 50321
815 2446 18838
816 2447 55813
816 2448 8734
816 2449 38629
817 2450 73789
817 2451 26007
817 2452 26027
818 2453 11445
818 2454 55221
818 2455 34105
819 2456 61571
819 2457 87711
819 2458 37592
820 2459 76644
820 2460 6782
820 2461 58299
821 2462 61046
821 2463 57881
821 2464 62240
822 2465 57702
822 2466 75723
822 2467 3359
823 2468 12066
823 2469 34126
823 2470 24754
824 2471 42453
824 2472 39517
824 2473 83299
825 2474 17714
825 2475 55536
825 2476 4464
826 2477 50194
826 2478 88521
826 2479 68133
827 2480 23267
827 2481 7179
827 2482 79605
828 2483 7779
828 2484 80296
828 2485 84734
829 2486 45892
829 2487 70675
829 2488 5738
830 2489 69682
830 2490 48062
830 2491 77202
831 2492 3225
831 2493 25091
831 2494 62814
832 2495 65715
832 2496 62811
832 2497 61923
833 2498 12979
833 2499 23374
833 2500 88163
834 2501 82127
834 2502 28412
834 2503 64136
835 2504 67747
835 2505 70137
835 2506 56898
836 2507 17287
836 2508 3017
836 2509 42057
837 2510 25651
837 2511 88637
837 2512 70223
838 2513 13371
838 2514 86092
838 2515 42709
839 2516 45889
839 2517 27397
839 2518 21747
840 2519 87382
840 2520 16884
840 2521 15150
841 2522 6337
841 2523 27343
841 2524 33032
842 2525 18847
842 2526 18523
842 2527 29237
843 2528 62470
843 2529 74785
843 2530 56950
844 2531 49750
844 2532 58827
844 2533 6962
845 2534 18816
845 2535 23683
845 2536 62256
846 2537 26680
846 2538 69368
846 2539 25946
847 2540 87456
847 2541 77276
847 2542 9388
848 2543 17889
848 2544 17048
848 2545 39538
849 2546 4187
849 2547 88257
849 2548 50568
850 2549 43261
850 2550 72444
850 2551 62300
851 2552 46814
851 2553 39153
851 2554 54207
852 2555 87804
852 2556 7315
852 2557 7533
853 2558 26514
853 2559 35277
853 2560 61456
854 2561 45004
854 2562 24798
854 2563 23141
855 2564 36135
855 2565 30873
855 2566 76367
856 2567 229
856 2568 83319
856 2569 77698
857 2570 32361
857 2571 54528
857 2572 9793
858 2573 16897
858 2574 84832
858 2575 80712
859 2576 84430
859 2577 14875
859 2578 29864
860 2579 73338
860 2580 7749
860 2581 12282
861 2582 76395
861 2583 2429
861 2584 46593
862 2585 35582
862 2586 78030
862 2587 43664
863 2588 13232
863 2589 47662
863 2590 78476
864 2591 67735
864 2592 81089
864 2593 29587
865 2594 51801
865 2595 10739
865 2596 14859
866 2597 3264
866 2598 64867
866 2599 64580
867 2600 35783
867 2601 43185
867 2602 70658
868 2603 49163
868 2604 20110
868 2605 24915
869 2606 82947
869 2607 3148
869 2608 36831
870 2609 61740
870 2610 52493
870 2611 76997
871 2612 42199
871 2613 85301
871 2614 30685
872 2615 29236
872 2616 10118
872 2617 75520
873 2618 79376
873 2619 43775
873 2620 79013
874 2621 78329
874 2622 26038
874 2623 87946
875 2624 84055
875 2625 73810
875 2626 48098
876 2627 81155
876 2628 58203
876 2629 53429
877 2630 75471
877 2631 80160
877 2632 53249
878 2633 79023
878 2634 4847
878 2635 14247
879 2636 7901
879 2637 52852
879 2638 30430
880 2639 76935
880 2640 86902
880 2641 59426
881 2642 60498
881 2643 52249
881 2644 2278
882 2645 65166
882 2646 37269
882 2647 82507
883 2648 52518
883 2649 54593
883 2650 74769
884 2651 15798
884 2652 67346
884 2653 81472
885 2654 25000
885 2655 8529
885 2656 87130
886 2657 47563
886 2658 58020
886 2659 19506
887 2660 48211
887 2661 17402
887 2662 28268
888 2663 64859
888 2664 6048
888 2665 8077
889 2666 26102
889 2667 67988
889 2668 3108
890 2669 83423
890 2670 51759
890 2671 21608
891 2672 2941
891 2673 67723
891 2674 41110
892 2675 338
892 2676 7758
892 2677 2472
893 2678 84655
893 2679 82675
893 2680 82462
894 2681 30131
894 2682 1713
894 2683 78821
895 2684 12623
895 2685 38699
895 2686 14393
896 2687 65269
896 2688 7382
896 2689 38150
897 2690 22753
897 2691 73645
897 2692 46238
898 2693 87097
898 2694 15116
898 2695 41118
899 2696 24011
899 2697 8997
899 2698 75949
900 2699 71708
900 2700 20074
900 2701 44058
901 2702 31507
901 2703 44058
901 2704 65486
902 2705 20058
902 2706 3620
902 2707 67452
903 2708 32888
903 2709 41692
903 2710 62805
904 2711 19185
904 2712 33549
904 2713 47107
905 2714 39727
905 2715 71306
905 2716 52321
906 2717 6726
906 2718 67768
906 2719 80011
907 2720 5892
907 2721 39149
907 2722 64152
908 2723 19637
908 2724 67499
908 2725 31941
909 2726 44346
909 2727 50952
909 2728 86642
910 2729 29453
910 2730 55396
910 2731 87032
911 2732 85711
911 2733 72725
911 2734 56888
912 2735 57770
912 2736 31948
912 2737 21790
913 2738 22053
913 2739 4879
913 2740 80023
914 2741 86766
914 2742 59319
914 2743 88020
915 2744 14115
915 2745 15760
915 2746 55494
916 2747 29594
916 2748 26698
916 2749 87020
917 2750 67802
917 2751 28096
917 2752 9396
918 2753 36243
918 2754 14572
918 2755 26000
919 2756 88233
919 2757 56130
919 2758 2513
920 2759 82194
920 2760 79637
920 2761 86928
921 2762 67642
921 2763 61662
921 2764 49467
922 2765 48574
922 2766 49308
922 2767 40887
923 2768 2765
923 2769 859
923 2770 29458
924 2771 15187
924 2772 10644
924 2773 46790
925 2774 20284
925 2775 10600
925 2776 40129
926 2777 89791
926 2778 38937
926 2779 81092
927 2780 56783
927 2781 8963
927 2782 9077
928 2783 7936
928 2784 33940
928 2785 52792
929 2786 70353
929 2787 18454
929 2788 50459
930 2789 39601
930 2790 30107
930 2791 49833
931 2792 87876
931 2793 60201
931 2794 80767
932 2795 30139
932 2796 62525
932 2797 69109
933 2798 51793
933 2799 39334
933 2800 40859
934 2801 68715
934 2802 76857
934 2803 35180
935 2804 82102
935 2805 44944
935 2806 4893
936 2807 17038
936 2808 285
936 2809 1783
937 2810 52340
937 2811 89057
937 2812 76199
938 2813 44138
938 2814 86916
938 2815 85278
939 2816 54714
939 2817 45820
939 2818 64748
940 2819 515
940 2820 80151
940 2821 47720
941 2822 51475
941 2823 34866
941 2824 56563
942 2825 31359
942 2826 5529
942 2827 38345
943 2828 846
943 2829 37391
943 2830 9761
944 2831 61110
944 2832 41950
944 2833 78810
945 2834 84211
945 2835 50904
945 2836 74149
946 2837 57912
946 2838 1629
946 2839 65235
947 2840 18721
947 2841 27275
947 2842 58210
948 2843 22844
948 2844 56166
948 2845 42718
949 2846 20038
949 2847 27564
949 2848 7915
950 2849 79848
950 2850 60668
950 2851 4348
951 2852 66252
951 2853 73669
951 2854 59880
952 2855 84091
952 2856 44970
952 2857 36230
953 2858 19088
953 2859 38260
953 2860 27169
954 2861 70469
954 2862 78068
954 2863 75158
955 2864 74102
955 2865 3014
955 2866 59183
956 2867 15699
956 2868 36504
956 2869 79243
957 2870 86540
957 2871 3096
957 2872 74381
958 2873 41576
958 2874 60978
958 2875 74656
959 2876 3267
959 2877 22371
959 2878 65161
960 2879 3948
960 2880 79659
960 2881 38488
961 2882 51202
961 2883 67323
961 2884 61957
962 2885 14858
962 2886 71086
962 2887 68735
963 2888 11437
963 2889 49916
963 2890 26031
964 2891 86107
964 2892 81076
964 2893 58457
965 2894 23249
965 2895 2615
965 2896 49414
966 2897 69100
966 2898 52206
966 2899 61248
967 2900 34643
967 2901 21725
967 2902 19245
968 2903 51338
968 2904 57938
968 2905 83509
969 2906 67607
969 2907 78730
969 2908 7358
970 2909 29756
970 2910 50051
970 2911 25003
971 2912 59739
971 2913 81614
971 2914 42656
972 2915 77654
972 2916 15732
972 2917 16881
973 2918 60710
973 2919 43655
973 2920 16747
974 2921 30809
974 2922 29134
974 2923 28722
975 2924 65499
975 2925 32831
975 2926 43694
976 2927 27301
976 2928 75123
976 2929 4594
977 2930 76009
977 2931 53060
977 2932 70432
978 2933 46740
978 2934 42245
978 2935 65550
979 2936 15349
979 2937 10866
979 2938 72029
980 2939 42003
980 2940 65158
980 2941 8235
981 2942 14454
981 2943 27637
981 2944 50176
982 2945 10875
982 2946 28077
982 2947 88743
983 2948 26966
983 2949 82266
983 2950 12879
984 2951 81959
984 2952 64131
984 2953 55510
985 2954 34112
985 2955 37227
985 2956 26020
986 2957 65095
986 2958 87917
986 2959 51448
987 2960 39894
987 2961 27003
987 2962 8796
988 2963 39715
988 2964 41161
988 2965 77842
989 2966 71948
989 2967 4183
989 2968 7635
990 2969 31041
990 2970 36387
990 2971 24569
991 2972 25578
991 2973 38826
991 2974 24191
992 2975 24249
992 2976 35754
992 2977 31206
993 2978 57266
993 2979 25292
993 2980 33106
994 2981 10882
994 2982 87682
994 2983 10917
995 2984 59586
995 2985 82905
995 2986 75093
996 2987 28944
996 2988 66507
996 2989 22691
997 2990 44829
997 2991 74734
997 2992 60924
998 2993 66919
998 2994 12582
998 2995 44564
999 2996 37190
999 2997 64824
999 2998 22306
1000 2999 25709
1000 3000 67162
1000 3001 28381
1001 3002 66841
1001 3003 31360
1001 3004 55831
1002 3005 61571
1002 3006 87308
1002 3007 70296
1003 3008 77533
1003 3009 82012
1003 3010 80769
1004 3011 25092
1004 3012 72693
1004 3013 82810
1005 3014 65555
1005 3015 46256
1005 3016 79580
1006 3017 50393
1006 3018 46297
1006 3019 24645
1007 3020 58359
1007 3021 34408
1007 3022 72582
1008 3023 6168
1008 3024 64451
1008 3025 30556
1009 3026 23929
1009 3027 53457
1009 3028 17095
1010 3029 48546
1010 3030 17802
1010 3031 20786
1011 3032 84030
1011 3033 33265
1011 3034 70807
1012 3035 59521
1012 3036 64021
1012 3037 24232
1013 3038 12854
1013 3039 69163
1013 3040 3829
1014 3041 83225
1014 3042 53738
1014 3043 26390
1015 3044 64868
1015 3045 28511
1015 3046 56791
1016 3047 2800
1016 3048 60524
1016 3049 86680
1017 3050 12749
1017 3051 76609
1017 3052 54123
1018 3053 83094
1018 3054 219
1018 3055 101
1019 3056 85653
1019 3057 11293
1019 3058 35228
1020 3059 57863
1020 3060 89829
1020 3061 74033
1021 3062 16469
1021 3063 69711
1021 3064 33630
1022 3065 26456
1022 3066 28083
1022 3067 87097
1023 3068 74407
1023 3069 41414
1023 3070 27737
1024 3071 20103
1024 3072 18891
1024 3073 25422
1025 3074 34273
1025 3075 22475
1025 3076 26194
1026 3077 86140
1026 3078 71162
1026 3079 43269
1027 3080 31772
1027 3081 9274
1027 3082 37915
1028 3083 66371
1028 3084 63119
1028 3085 17769
1029 3086 61453
1029 3087 77954
1029 3088 6929
1030 3089 25719
1030 3090 40996
1030 3091 88937
1031 3092 30188
1031 3093 81661
1031 3094 20234
1032 3095 11648
1032 3096 74562
1032 3097 62814
1033 3098 50634
1033 3099 53139
1033 3100 49468
1034 3101 66817
1034 3102 36114
1034 3103 58603
1035 3104 85768
1035 3105 65113
1035 3106 51596
1036 3107 75391
1036 3108 20317
1036 3109 55103
1037 3110 80191
1037 3111 31311
1037 3112 9892
1038 3113 2665
1038 3114 72727
1038 3115 14033
1039 3116 21478
1039 3117 36168
1039 3118 48673
1040 3119 22815
1040 3120 16878
1040 3121 60175
1041 3122 3811
1041 3123 42825
1041 3124 30154
1042 3125 87850
1042 3126 9751
1042 3127 50402
1043 3128 48572
1043 3129 85679
1043 3130 66449
1044 3131 71785
1044 3132 70199
1044 3133 16631
1045 3134 54876
1045 3135 34252
1045 3136 71003
1046 3137 12643
1046 3138 56409
1046 3139 66311
1047 3140 21197
1047 3141 71105
1047 3142 36851
1048 3143 24666
1048 3144 50715
1048 3145 24139
1049 3146 2635
1049 3147 60739
1049 3148 43334
1050 3149 76744
1050 3150 77764
1050 3151 7931
1051 3152 76810
1051 3153 52930
1051 3154 36829
1052 3155 17787
1052 3156 22731
1052 3157 55816
1053 3158 76956
1053 3159 32524
1053 3160 61089
1054 3161 26160
1054 3162 19460
1054 3163 37520
1055 3164 52784
1055 3165 71740
1055 3166 37701
1056 3167 16349
1056 3168 65348
1056 3169 87849
1057 3170 474
1057 3171 64509
1057 3172 40469
1058 3173 30916
1058 3174 39882
1058 3175 3015
1059 3176 37983
1059 3177 54971
1059 3178 55934
1060 3179 22892
1060 3180 61973
1060 3181 56382
1061 3182 8892
1061 3183 56675
1061 3184 22592
1062 3185 940
1062 3186 78970
1062 3187 23150
1063 3188 78018
1063 3189 66060
1063 3190 43296
1064 3191 47408
1064 3192 75974
1064 3193 3467
1065 3194 43314
1065 3195 43501
1065 3196 70127
1066 3197 9732
1066 3198 11889
1066 3199 15360
1067 3200 1787
1067 3201 9172
1067 3202 75545
1068 3203 16256
1068 3204 70569
1068 3205 76595
1069 3206 47683
1069 3207 80130
1069 3208 66316
1070 3209 23533
1070 3210 37467
1070 3211 22938
1071 3212 48404
1071 3213 56558
1071 3214 87498
1072 3215 39953
1072 3216 69358
1072 3217 60875
1073 3218 21831
1073 3219 86008
1073 3220 7756
1074 3221 54764
1074 3222 73919
1074 3223 83004
1075 3224 27999
1075 3225 58793
1075 3226 792
1076 3227 65891
1076 3228 41123
1076 3229 87919
1077 3230 30656
1077 3231 37163
1077 3232 38709
1078 3233 23272
1078 3234 39913
1078 3235 89545
1079 3236 68058
1079 3237 6810
1079 3238 68393
1080 3239 23801
1080 3240 50399
1080 3241 67565
1081 3242 37414
1081 3243 13003
1081 3244 81718
1082 3245 12324
1082 3246 27165
1082 3247 17467
1083 3248 69767
1083 3249 49603
1083 3250 56553
1084 3251 76846
1084 3252 11952
1084 3253 75249
1085 3254 57745
1085 3255 27611
1085 3256 56197
1086 3257 669
1086 3258 39486
1086 3259 51167
1087 3260 51016
1087 3261 51969
1087 3262 5542
1088 3263 72938
1088 3264 10449
1088 3265 57063
1089 3266 35191
1089 3267 24277
1089 3268 32586
1090 3269 14146
1090 3270 24462
1090 3271 58455
1091 3272 46899
1091 3273 85901
1091 3274 58048
1092 3275 15599
1092 3276 437
1092 3277 46569
1093 3278 52323
1093 3279 52940
1093 3280 88163
1094 3281 38192
1094 3282 25228
1094 3283 32588
1095 3284 87054
1095 3285 9721
1095 3286 80860
1096 3287 27254
1096 3288 29011
1096 3289 54699
1097 3290 65034
1097 3291 31630
1097 3292 88836
1098 3293 1648
1098 3294 6432
1098 3295 13769
1099 3296 54458
1099 3297 63248
1099 3298 79720
1100 3299 5976
1100 3300 18313
1100 3301 45533
1101 3302 13695
1101 3303 8715
1101 3304 43609
1102 3305 79067
1102 3306 19235
1102 3307 55514
1103 3308 47989
1103 3309 81568
1103 3310 53410
1104 3311 17999
1104 3312 15233
1104 3313 72089
1105 3314 82927
1105 3315 39600
1105 3316 56671
1106 3317 86006
1106 3318 21162
1106 3319 12414
1107 3320 3489
1107 3321 67984
1107 3322 14319
1108 3323 24540
1108 3324 26404
1108 3325 33967
1109 3326 60488
1109 3327 37953
1109 3328 85204
1110 3329 12119
1110 3330 21495
1110 3331 35332
1111 3332 5481
1111 3333 577
1111 3334 9657
1112 3335 81097
1112 3336 62582
1112 3337 56138
1113 3338 73836
1113 3339 12576
1113 3340 86836
1114 3341 44918
1114 3342 70656
1114 3343 38975
1115 3344 16441
1115 3345 59706
1115 3346 49213
1116 3347 61769
1116 3348 58984
1116 3349 74776
1117 3350 20528
1117 3351 4417
1117 3352 49296
1118 3353 26801
1118 3354 80529
1118 3355 71743
1119 3356 6396
1119 3357 8856
1119 3358 61033
1120 3359 8965
1120 3360 34229
1120 3361 51219
1121 3362 72765
1121 3363 41182
1121 3364 9251
1122 3365 17084
1122 3366 29270
1122 3367 28413
1123 3368 65527
1123 3369 67356
1123 3370 32556
1124 3371 71903
1124 3372 43907
1124 3373 4180
1125 3374 25495
1125 3375 19400
1125 3376 52664
1126 3377 8080
1126 3378 17933
1126 3379 68493
1127 3380 81695
1127 3381 46324
1127 3382 79597
1128 3383 75994
1128 3384 56177
1128 3385 86744
1129 3386 18228
1129 3387 53322
1129 3388 15967
1130 3389 55391
1130 3390 82140
1130 3391 70686
1131 3392 85295
1131 3393 19073
1131 3394 33907
1132 3395 74412
1132 3396 1416
1132 3397 4461
1133 3398 72114
1133 3399 39022
1133 3400 39416
1134 3401 16857
1134 3402 43655
1134 3403 8435
1135 3404 14769
1135 3405 58758
1135 3406 20583
1136 3407 69158
1136 3408 6501
1136 3409 55549
1137 3410 77771
1137 3411 12344
1137 3412 70735
1138 3413 34600
1138 3414 2877
1138 3415 24401
1139 3416 69253
1139 3417 77041
1139 3418 4411
1140 3419 67618
1140 3420 87135
1140 3421 46174
1141 3422 35978
1141 3423 43912
1141 3424 86880
1142 3425 6966
1142 3426 9628
1142 3427 51738
1143 3428 56601
1143 3429 25264
1143 3430 76598
1144 3431 54564
1144 3432 20581
1144 3433 21390
1145 3434 79508
1145 3435 7594
1145 3436 3875
1146 3437 25391
1146 3438 31484
1146 3439 77765
1147 3440 51849
1147 3441 38041
1147 3442 76429
1148 3443 48857
1148 3444 17287
1148 3445 86888
1149 3446 21774
1149 3447 85197
1149 3448 82588
1150 3449 17855
1150 3450 5673
1150 3451 16996
1151 3452 81125
1151 3453 63331
1151 3454 48202
1152 3455 56686
1152 3456 64206
1152 3457 79660
1153 3458 42401
1153 3459 857
1153 3460 2947
1154 3461 30917
1154 3462 88200
1154 3463 63466
1155 3464 75676
1155 3465 57379
1155 3466 62341
1156 3467 58816
1156 3468 33861
1156 3469 83975
1157 3470 2484
1157 3471 27234
1157 3472 15742
1158 3473 2568
1158 3474 49473
1158 3475 44436
1159 3476 72714
1159 3477 48968
1159 3478 77897
1160 3479 12181
1160 3480 79555
1160 3481 42442
1161 3482 30809
1161 3483 8225
1161 3484 76924
1162 3485 63141
1162 3486 83368
1162 3487 64630
1163 3488 41498
1163 3489 50409
1163 3490 86975
1164 3491 27296
1164 3492 36394
1164 3493 46968
1165 3494 68584
1165 3495 59699
1165 3496 50644
1166 3497 18565
1166 3498 82771
1166 3499 78592
1167 3500 15837
1167 3501 32658
1167 3502 60359
1168 3503 15891
1168 3504 40291
1168 3505 24654
1169 3506 44213
1169 3507 65838
1169 3508 36205
1170 3509 32064
1170 3510 66662
1170 3511 19600
1171 3512 7082
1171 3513 55047
1171 3514 88076
1172 3515 74324
1172 3516 82252
1172 3517 84149
1173 3518 86146
1173 3519 80697
1173 3520 70164
1174 3521 33100
1174 3522 55028
1174 3523 2839
1175 3524 34491
1175 3525 9239
1175 3526 70554
1176 3527 19085
1176 3528 21558
1176 3529 48856
1177 3530 29298
1177 3531 44397
1177 3532 80244
1178 3533 84327
1178 3534 13642
1178 3535 13882
1179 3536 37185
1179 3537 52907
1179 3538 12605
1180 3539 10284
1180 3540 81692
1180 3541 46046
1181 3542 2190
1181 3543 9049
1181 3544 40990
1182 3545 51053
1182 3546 60535
1182 3547 84082
1183 3548 23947
1183 3549 75769
1183 3550 75156
1184 3551 25278
1184 3552 48225
1184 3553 53670
1185 3554 62412
1185 3555 16998
1185 3556 10911
1186 3557 55022
1186 3558 33817
1186 3559 88549
1187 3560 59535
1187 3561 77076
1187 3562 67967
1188 3563 59229
1188 3564 76102
1188 3565 61074
1189 3566 87484
1189 3567 31964
1189 3568 2880
1190 3569 44159
1190 3570 66021
1190 3571 6504
1191 3572 77100
1191 3573 24074
1191 3574 59828
1192 3575 42557
1192 3576 37702
1192 3577 17088
1193 3578 18686
1193 3579 57310
1193 3580 31927
1194 3581 82707
1194 3582 61311
1194 3583 25213
1195 3584 43736
1195 3585 74286
1195 3586 1074
1196 3587 45163
1196 3588 37072
1196 3589 11810
1197 3590 12418
1197 3591 26698
1197 3592 71310
1198 3593 23288
1198 3594 27722
1198 3595 5608
1199 3596 89684
1199 3597 89537
1199 3598 48881
1200 3599 27732
1200 3600 17230
1200 3601 10842
1201 3602 77316
1201 3603 53533
1201 3604 51076
1202 3605 39237
1202 3606 55471
1202 3607 33214
1203 3608 3440
1203 3609 51690
1203 3610 54348
1204 3611 39685
1204 3612 43171
1204 3613 75420
1205 3614 36435
1205 3615 80883
1205 3616 43987
1206 3617 21557
1206 3618 3662
1206 3619 64594
1207 3620 86801
1207 3621 74674
1207 3622 50988
1208 3623 12366
1208 3624 88856
1208 3625 11275
1209 3626 73718
1209 3627 78909
1209 3628 9034
1210 3629 75723
1210 3630 69400
1210 3631 87952
1211 3632 4908
1211 3633 15347
1211 3634 42732
1212 3635 829
1212 3636 13473
1212 3637 82652
1213 3638 30938
1213 3639 11295
1213 3640 79463
1214 3641 26525
1214 3642 1174
1214 3643 32316
1215 3644 36607
1215 3645 10330
1215 3646 74342
1216 3647 64267
1216 3648 20391
1216 3649 70782
1217 3650 49491
1217 3651 37491
1217 3652 26886
1218 3653 10857
1218 3654 88921
1218 3655 51566
1219 3656 63223
1219 3657 66952
1219 3658 51738
1220 3659 69565
1220 3660 83979
1220 3661 73280
1221 3662 28330
1221 3663 66252
1221 3664 54783
1222 3665 78075
1222 3666 24107
1222 3667 47615
1223 3668 44590
1223 3669 27169
1223 3670 1333
1224 3671 46562
1224 3672 39064
1224 3673 45035
1225 3674 52742
1225 3675 17714
1225 3676 46364
1226 3677 86407
1226 3678 22559
1226 3679 54741
1227 3680 67039
1227 3681 60752
1227 3682 12247
1228 3683 47166
1228 3684 80336
1228 3685 80444
1229 3686 63672
1229 3687 23422
1229 3688 32219
1230 3689 46847
1230 3690 61358
1230 3691 29893
1231 3692 89576
1231 3693 61886
1231 3694 13280
1232 3695 54997
1232 3696 56201
1232 3697 77397
1233 3698 43543
1233 3699 88152
1233 3700 36087
1234 3701 34682
1234 3702 70935
1234 3703 20823
1235 3704 11847
1235 3705 4098
1235 3706 19972
1236 3707 1259
1236 3708 7284
1236 3709 10463
1237 3710 58542
1237 3711 84389
1237 3712 37250
1238 3713 1499
1238 3714 18463
1238 3715 3922
1239 3716 7803
1239 3717 27661
1239 3718 12384
1240 3719 54639
1240 3720 29101
1240 3721 78751
1241 3722 58511
1241 3723 64006
1241 3724 79906
1242 3725 4133
1242 3726 64975
1242 3727 68247
1243 3728 68527
1243 3729 9533
1243 3730 65849
1244 3731 11543
1244 3732 77641
1244 3733 24350
1245 3734 77373
1245 3735 3009
1245 3736 1761
1246 3737 68499
1246 3738 44562
1246 3739 33832
1247 3740 66156
1247 3741 78994
1247 3742 53494
1248 3743 45945
1248 3744 39315
1248 3745 37172
1249 3746 18653
1249 3747 79670
1249 3748 45480
1250 3749 23385
1250 3750 25922
1250 3751 24345
1251 3752 58844
1251 3753 83009
1251 3754 6056
1252 3755 18126
1252 3756 7398
1252 3757 69802
1253 3758 84989
1253 3759 48238
1253 3760 39897
1254 3761 62704
1254 3762 57402
1254 3763 5072
1255 3764 18159
1255 3765 104
1255 3766 22699
1256 3767 66309
1256 3768 78298
1256 3769 55260
1257 3770 30919
1257 3771 74604
1257 3772 30414
1258 3773 59417
1258 3774 63512
1258 3775 13488
1259 3776 59908
1259 3777 24328
1259 3778 41968
1260 3779 15317
1260 3780 6895
1260 3781 78059
1261 3782 14771
1261 3783 17423
1261 3784 17301
1262 3785 28424
1262 3786 79816
1262 3787 13704
1263 3788 81081
1263 3789 22574
1263 3790 66567
1264 3791 2296
1264 3792 1793
1264 3793 70029
1265 3794 26661
1265 3795 29814
1265 3796 44784
1266 3797 17311
1266 3798 41906
1266 3799 45386
1267 3800 15256
1267 3801 41751
1267 3802 13188
1268 3803 2369
1268 3804 44336
1268 3805 1046
1269 3806 51872
1269 3807 76107
1269 3808 57660
1270 3809 54374
1270 3810 15476
1270 3811 70469
1271 3812 34527
1271 3813 37372
1271 3814 62117
1272 3815 16373
1272 3816 51321
1272 3817 19301
1273 3818 3958
1273 3819 62784
1273 3820 60866
1274 3821 43931
1274 3822 70551
1274 3823 26999
1275 3824 49470
1275 3825 41172
1275 3826 83105
1276 3827 24086
1276 3828 67768
1276 3829 18269
1277 3830 54544
1277 3831 28506
1277 3832 80110
1278 3833 75058
1278 3834 74678
1278 3835 75205
1279 3836 23512
1279 3837 71769
1279 3838 62373
1280 3839 44905
1280 3840 84704
1280 3841 86793
1281 3842 63439
1281 3843 61500
1281 3844 56054
1282 3845 17515
1282 3846 47939
1282 3847 34825
1283 3848 78768
1283 3849 31082
1283 3850 5184
1284 3851 52719
1284 3852 68662
1284 3853 25177
1285 3854 78562
1285 3855 53522
1285 3856 72018
1286 3857 3925
1286 3858 48149
1286 3859 37884
1287 3860 60287
1287 3861 12593
1287 3862 19510
1288 3863 35786
1288 3864 4025
1288 3865 1905
1289 3866 84406
1289 3867 76686
1289 3868 7149
1290 3869 74269
1290 3870 1569
1290 3871 75271
1291 3872 13702
1291 3873 22086
1291 3874 59079
1292 3875 49346
1292 3876 81728
1292 3877 74645
1293 3878 77647
1293 3879 24984
1293 3880 77719
1294 3881 34236
1294 3882 87728
1294 3883 86430
1295 3884 31584
1295 3885 43226
1295 3886 77314
1296 3887 73767
1296 3888 8622
1296 3889 76374
1297 3890 65509
1297 3891 67565
1297 3892 80498
1298 3893 71335
1298 3894 43865
1298 3895 6190
1299 3896 74747
1299 3897 79683
1299 3898 47439
1300 3899 45296
1300 3900 79697
1300 3901 78282
1301 3902 22454
1301 3903 62589
1301 3904 20789
1302 3905 71929
1302 3906 54459
1302 3907 28265
1303 3908 89505
1303 3909 79277
1303 3910 31555
1304 3911 18540
1304 3912 47750
1304 3913 36056
1305 3914 78195
1305 3915 20378
1305 3916 86012
1306 3917 31957
1306 3918 24516
1306 3919 11562
1307 3920 52896
1307 3921 17567
1307 3922 40570
1308 3923 66561
1308 3924 60792
1308 3925 3601
1309 3926 29541
1309 3927 71039
1309 3928 18831
1310 3929 71018
1310 3930 52628
1310 3931 7749
1311 3932 74056
1311 3933 38765
1311 3934 12628
1312 3935 45598
1312 3936 84372
1312 3937 72952
1313 3938 40927
1313 3939 16612
1313 3940 3338
1314 3941 86105
1314 3942 45857
1314 3943 26698
1315 3944 2335
1315 3945 15778
1315 3946 68557
1316 3947 22710
1316 3948 85405
1316 3949 44468
1317 3950 18196
1317 3951 32807
1317 3952 77999
1318 3953 30755
1318 3954 63796
1318 3955 48467
1319 3956 912
1319 3957 86195
1319 3958 22469
1320 3959 57988
1320 3960 26684
1320 3961 85489
1321 3962 53449
1321 3963 40836
1321 3964 2318
1322 3965 14579
1322 3966 12677
1322 3967 28019
1323 3968 75215
1323 3969 25826
1323 3970 55413
1324 3971 89609
1324 3972 48472
1324 3973 68237
1325 3974 35031
1325 3975 37187
1325 3976 72813
1326 3977 25062
1326 3978 40096
1326 3979 52485
1327 3980 17858
1327 3981 48561
1327 3982 82029
1328 3983 63569
1328 3984 65718
1328 3985 59485
1329 3986 2936
1329 3987 56493
1329 3988 59983
1330 3989 70527
1330 3990 24340
1330 3991 85013
1331 3992 54482
1331 3993 3615
1331 3994 26245
1332 3995 26446
1332 3996 71897
1332 3997 16985
1333 3998 2008
1333 3999 45530
1333 4000 88881
1334 4001 77781
1334 4002 78713
1334 4003 13182
1335 4004 48056
1335 4005 77081
1335 4006 56670
1336 4007 69661
1336 4008 19296
1336 4009 33725
1337 4010 19901
1337 4011 3436
1337 4012 15388
1338 4013 47080
1338 4014 84319
1338 4015 9447
1339 4016 27320
1339 4017 85381
1339 4018 80179
1340 4019 85327
1340 4020 9011
1340 4021 35500
1341 4022 21911
1341 4023 68765
1341 4024 2904
1342 4025 28713
1342 4026 8343
1342 4027 76180
1343 4028 16186
1343 4029 216
1343 4030 84999
1344 4031 68933
1344 4032 9256
1344 4033 86325
1345 4034 19974
1345 4035 6947
1345 4036 69706
1346 4037 55362
1346 4038 38524
1346 4039 74016
1347 4040 63072
1347 4041 75979
1347 4042 75330
1348 4043 19717
1348 4044 7831
1348 4045 43685
1349 4046 823
1349 4047 19212
1349 4048 58054
1350 4049 86690
1350 4050 88716
1350 4051 87957
1351 4052 49536
1351 4053 36675
1351 4054 82323
1352 4055 37014
1352 4056 27188
1352 4057 41195
1353 4058 62775
1353 4059 49089
1353 4060 59062
1354 4061 1886
1354 4062 21123
1354 4063 15339
1355 4064 76470
1355 4065 50940
1355 4066 2711
1356 4067 53134
1356 4068 89317
1356 4069 68514
1357 4070 82970
1357 4071 84781
1357 4072 75436
1358 4073 17235
1358 4074 71572
1358 4075 86598
1359 4076 23337
1359 4077 80752
1359 4078 49355
1360 4079 62883
1360 4080 46425
1360 4081 38658
1361 4082 1676
1361 4083 11490
1361 4084 78806
1362 4085 45363
1362 4086 49541
1362 4087 53937
1363 4088 23729
1363 4089 8594
1363 4090 53372
1364 4091 39975
1364 4092 19688
1364 4093 81480
1365 4094 52461
1365 4095 35208
1365 4096 63358
1366 4097 75521
1366 4098 25280
1366 4099 6036
1367 4100 36599
1367 4101 62479
1367 4102 20010
1368 4103 8920
1368 4104 20892
1368 4105 31775
1369 4106 46259
1369 4107 37663
1369 4108 12409
1370 4109 34519
1370 4110 62251
1370 4111 58009
1371 4112 2265
1371 4113 30701
1371 4114 63433
1372 4115 35582
1372 4116 27963
1372 4117 54431
1373 4118 56812
1373 4119 86631
1373 4120 51395
1374 4121 63727
1374 4122 30471
1374 4123 11470
1375 4124 26767
1375 4125 13072
1375 4126 14103
1376 4127 14988
1376 4128 47456
1376 4129 6063
1377 4130 26895
1377 4131 8730
1377 4132 13519
1378 4133 24828
1378 4134 29986
1378 4135 51596
1379 4136 51619
1379 4137 408
1379 4138 76522
1380 4139 60895
1380 4140 47733
1380 4141 6164
1381 4142 49618
1381 4143 88960
1381 4144 77530
1382 4145 63484
1382 4146 64422
1382 4147 81894
1383 4148 6201
1383 4149 8282
1383 4150 65486
1384 4151 2581
1384 4152 35383
1384 4153 27507
1385 4154 53198
1385 4155 17209
1385 4156 7614
1386 4157 47489
1386 4158 78373
1386 4159 89113
1387 4160 12732
1387 4161 23993
1387 4162 44963
1388 4163 22728
1388 4164 36058
1388 4165 85389
1389 4166 43902
1389 4167 9970
1389 4168 12826
1390 4169 1386
1390 4170 45722
1390 4171 4741
1391 4172 16045
1391 4173 4727
1391 4174 54208
1392 4175 68792
1392 4176 11296
1392 4177 69226
1393 4178 25907
1393 4179 17159
1393 4180 83440
1394 4181 11184
1394 4182 28599
1394 4183 14353
1395 4184 83262
1395 4185 74882
1395 4186 60466
1396 4187 24036
1396 4188 55884
1396 4189 51062
1397 4190 57137
1397 4191 18207
1397 4192 85531
1398 4193 980
1398 4194 35196
1398 4195 11261
1399 4196 38389
1399 4197 628
1399 4198 23262
1400 4199 49690
1400 4200 41435
1400 4201 63948
1401 4202 4013
1401 4203 18293
1401 4204 12705
1402 4205 75727
1402 4206 14120
1402 4207 6440
1403 4208 52440
1403 4209 52609
1403 4210 32765
1404 4211 33803
1404 4212 23565
1404 4213 8525
1405 4214 33363
1405 4215 26075
1405 4216 58728
1406 4217 77860
1406 4218 16164
1406 4219 64687
1407 4220 75209
1407 4221 2968
1407 4222 33246
1408 4223 65010
1408 4224 39139
1408 4225 72136
1409 4226 69670
1409 4227 29545
1409 4228 34961
1410 4229 33008
1410 4230 77948
1410 4231 44439
1411 4232 18739
1411 4233 34796
1411 4234 63290
1412 4235 29630
1412 4236 24891
1412 4237 2546
1413 4238 20864
1413 4239 70347
1413 4240 20317
1414 4241 60410
1414 4242 46476
1414 4243 63396
1415 4244 84719
1415 4245 72825
1415 4246 62266
1416 4247 856
1416 4248 72053
1416 4249 78781
1417 4250 41004
1417 4251 33303
1417 4252 85379
1418 4253 87207
1418 4254 69401
1418 4255 18462
1419 4256 18109
1419 4257 29657
1419 4258 34344
1420 4259 49853
1420 4260 82132
1420 4261 47879
1421 4262 73960
1421 4263 28964
1421 4264 24072
1422 4265 16275
1422 4266 23846
1422 4267 60596
1423 4268 46862
1423 4269 85527
1423 4270 48405
1424 4271 28333
1424 4272 46606
1424 4273 36818
1425 4274 39799
1425 4275 47839
1425 4276 53486
1426 4277 2228
1426 4278 32424
1426 4279 85193
1427 4280 32895
1427 4281 21967
1427 4282 35793
1428 4283 52685
1428 4284 11673
1428 4285 40809
1429 4286 75282
1429 4287 50719
1429 4288 56061
1430 4289 3927
1430 4290 80831
1430 4291 45797
1431 4292 62477
1431 4293 15731
1431 4294 34796
1432 4295 68521
1432 4296 71841
1432 4297 66305
1433 4298 14515
1433 4299 67096
1433 4300 66113
1434 4301 18882
1434 4302 36388
1434 4303 55394
1435 4304 27137
1435 4305 49238
1435 4306 65881
1436 4307 55368
1436 4308 8026
1436 4309 11616
1437 4310 30342
1437 4311 57285
1437 4312 47121
1438 4313 77802
1438 4314 17805
1438 4315 77242
1439 4316 26792
1439 4317 26418
1439 4318 13828
1440 4319 40435
1440 4320 87383
1440 4321 55891
1441 4322 84884
1441 4323 66044
1441 4324 74613
1442 4325 81703
1442 4326 63887
1442 4327 88588
1443 4328 79821
1443 4329 46564
1443 4330 7847
1444 4331 62144
1444 4332 46730
1444 4333 63887
1445 4334 28531
1445 4335 28196
1445 4336 89271
1446 4337 64729
1446 4338 54150
1446 4339 38399
1447 4340 35004
1447 4341 4302
1447 4342 62467
1448 4343 64612
1448 4344 11487
1448 4345 48475
1449 4346 35900
1449 4347 26194
1449 4348 61429
1450 4349 12693
1450 4350 37140
1450 4351 69019
1451 4352 47029
1451 4353 86161
1451 4354 61978
1452 4355 65093
1452 4356 22601
1452 4357 60154
1453 4358 56032
1453 4359 68428
1453 4360 1817
1454 4361 86327
1454 4362 11556
1454 4363 60249
1455 4364 72320
1455 4365 25756
1455 4366 35997
1456 4367 11853
1456 4368 44361
1456 4369 46119
1457 4370 75114
1457 4371 82787
1457 4372 35503
1458 4373 38526
1458 4374 80243
1458 4375 74299
1459 4376 89338
1459 4377 30041
1459 4378 22168
1460 4379 56524
1460 4380 41791
1460 4381 31161
1461 4382 13554
1461 4383 41648
1461 4384 60034
1462 4385 34705
1462 4386 14503
1462 4387 12546
1463 4388 36843
1463 4389 65950
1463 4390 87611
1464 4391 28879
1464 4392 69952
1464 4393 25238
1465 4394 53220
1465 4395 39703
1465 4396 40346
1466 4397 35654
1466 4398 77362
1466 4399 77603
1467 4400 40011
1467 4401 3354
1467 4402 88593
1468 4403 67566
1468 4404 773
1468 4405 34787
1469 4406 35381
1469 4407 4018
1469 4408 66931
1470 4409 89594
1470 4410 44243
1470 4411 75611
1471 4412 75070
1471 4413 478
1471 4414 88486
1472 4415 88401
1472 4416 7213
1472 4417 43656
1473 4418 61714
1473 4419 80079
1473 4420 18935
1474 4421 28124
1474 4422 24390
1474 4423 34813
1475 4424 87585
1475 4425 74556
1475 4426 62477
1476 4427 19214
1476 4428 38020
1476 4429 24864
1477 4430 35181
1477 4431 42648
1477 4432 25000
1478 4433 26476
1478 4434 79233
1478 4435 70760
1479 4436 14764
1479 4437 22321
1479 4438 64419
1480 4439 33724
1480 4440 49799
1480 4441 8087
1481 4442 80246
1481 4443 4085
1481 4444 31572
1482 4445 25430
1482 4446 77446
1482 4447 6757
1483 4448 14512
1483 4449 4246
1483 4450 29711
1484 4451 71834
1484 4452 4712
1484 4453 85878
1485 4454 64890
1485 4455 55513
1485 4456 73557
1486 4457 89594
1486 4458 57062
1486 4459 54931
1487 4460 16828
1487 4461 4627
1487 4462 24641
1488 4463 34630
1488 4464 16565
1488 4465 17506
1489 4466 38184
1489 4467 86029
1489 4468 61295
1490 4469 2471
1490 4470 57170
1490 4471 87508
1491 4472 71170
1491 4473 1331
1491 4474 50893
1492 4475 60925
1492 4476 1657
1492 4477 2708
1493 4478 42892
1493 4479 39611
1493 4480 11224
1494 4481 63836
1494 4482 14288
1494 4483 81290
1495 4484 17001
1495 4485 38850
1495 4486 51647
1496 4487 3610
1496 4488 46283
1496 4489 79155
1497 4490 1814
1497 4491 43444
1497 4492 61917
1498 4493 34514
1498 4494 34775
1498 4495 75429
1499 4496 41220
1499 4497 18100
1499 4498 22879
1500 4499 28774
1500 4500 24599
1500 4501 11536
1501 4502 1590
1501 4503 22626
1501 4504 2588
1502 4505 31438
1502 4506 46237
1502 4507 17693
1503 4508 87945
1503 4509 5803
1503 4510 89956
1504 4511 32345
1504 4512 59480
1504 4513 80876
1505 4514 11030
1505 4515 15157
1505 4516 18038
1506 4517 8742
1506 4518 69034
1506 4519 74510
1507 4520 14745
1507 4521 12997
1507 4522 74519
1508 4523 9081
1508 4524 46459
1508 4525 51951
1509 4526 58499
1509 4527 50151
1509 4528 21539
1510 4529 341
1510 4530 2008
1510 4531 46104
1511 4532 49391
1511 4533 70010
1511 4534 45018
1512 4535 43964
1512 4536 17609
1512 4537 30253
1513 4538 65790
1513 4539 67490
1513 4540 72821
1514 4541 12065
1514 4542 25061
1514 4543 41046
1515 4544 54655
1515 4545 35141
1515 4546 19656
1516 4547 19146
1516 4548 19876
1516 4549 3817
1517 4550 55661
1517 4551 3041
1517 4552 43841
1518 4553 32060
1518 4554 9771
1518 4555 84351
1519 4556 84370
1519 4557 33217
1519 4558 35738
1520 4559 49883
1520 4560 38439
1520 4561 43725
1521 4562 63308
1521 4563 52157
1521 4564 18284
1522 4565 3581
1522 4566 21677
1522 4567 69717
1523 4568 47841
1523 4569 76492
1523 4570 64733
1524 4571 67441
1524 4572 23728
1524 4573 67354
1525 4574 50583
1525 4575 53794
1525 4576 50106
1526 4577 33701
1526 4578 77153
1526 4579 19981
1527 4580 86342
1527 4581 37993
1527 4582 64076
1528 4583 26097
1528 4584 44171
1528 4585 25496
1529 4586 83197
1529 4587 18270
1529 4588 961
1530 4589 39555
1530 4590 6461
1530 4591 28461
1531 4592 82258
1531 4593 14368
1531 4594 33118
1532 4595 64225
1532 4596 75513
1532 4597 4285
1533 4598 81702
1533 4599 79700
1533 4600 76767
1534 4601 16119
1534 4602 12105
1534 4603 61246
1535 4604 5573
1535 4605 26569
1535 4606 73863
1536 4607 59381
1536 4608 84821
1536 4609 46902
1537 4610 45937
1537 4611 83216
1537 4612 43012
1538 4613 59631
1538 4614 39975
1538 4615 83868
1539 4616 12130
1539 4617 2290
1539 4618 30124
1540 4619 25252
1540 4620 17435
1540 4621 78810
1541 4622 26242
1541 4623 22429
1541 4624 21762
1542 4625 4939
1542 4626 60686
1542 4627 74751
1543 4628 16272
1543 4629 43611
1543 4630 85407
1544 4631 40079
1544 4632 50166
1544 4633 64901
1545 4634 23012
1545 4635 20406
1545 4636 82939
1546 4637 21868
1546 4638 54611
1546 4639 46769
1547 4640 68445
1547 4641 6773
1547 4642 82862
1548 4643 43430
1548 4644 68246
1548 4645 56356
1549 4646 81678
1549 4647 15374
1549 4648 31771
1550 4649 36882
1550 4650 11265
1550 4651 86535
1551 4652 83270
1551 4653 13840
1551 4654 11224
1552 4655 44091
1552 4656 48096
1552 4657 65853
1553 4658 52748
1553 4659 44645
1553 4660 57700
1554 4661 6363
1554 4662 5725
1554 4663 81927
1555 4664 29394
1555 4665 29669
1555 4666 2450
1556 4667 82681
1556 4668 61401
1556 4669 39844
1557 4670 19744
1557 4671 2342
1557 4672 76849
1558 4673 78358
1558 4674 84014
1558 4675 14016
1559 4676 87822
1559 4677 87187
1559 4678 29576
1560 4679 80059
1560 4680 34416
1560 4681 29203
1561 4682 65109
1561 4683 42685
1561 4684 58284
1562 4685 41576
1562 4686 72251
1562 4687 67812
1563 4688 45897
1563 4689 20466
1563 4690 40097
1564 4691 30668
1564 4692 63826
1564 4693 18488
1565 4694 85055
1565 4695 76082
1565 4696 78130
1566 4697 32221
1566 4698 33039
1566 4699 76797
1567 4700 21262
1567 4701 67355
1567 4702 28105
1568 4703 14484
1568 4704 42151
1568 4705 20888
1569 4706 75786
1569 4707 74314
1569 4708 51643
1570 4709 68343
1570 4710 68085
1570 4711 89042
1571 4712 24474
1571 4713 76664
1571 4714 73410
1572 4715 31876
1572 4716 38265
1572 4717 35273
1573 4718 1579
1573 4719 52586
1573 4720 75354
1574 4721 87252
1574 4722 55069
1574 4723 81946
1575 4724 39737
1575 4725 85446
1575 4726 60250
1576 4727 39394
1576 4728 78354
1576 4729 85356
1577 4730 45976
1577 4731 64546
1577 4732 85211
1578 4733 49710
1578 4734 17424
1578 4735 26940
1579 4736 28399
1579 4737 57912
1579 4738 19640
1580 4739 76711
1580 4740 37930
1580 4741 48172
1581 4742 1897
1581 4743 8933
1581 4744 77437
1582 4745 74195
1582 4746 79886
1582 4747 56259
1583 4748 45196
1583 4749 14966
1583 4750 2951
1584 4751 46489
1584 4752 85225
1584 4753 4993
1585 4754 8187
1585 4755 32813
1585 4756 72993
1586 4757 32104
1586 4758 66480
1586 4759 67830
1587 4760 29120
1587 4761 80848
1587 4762 17576
1588 4763 446
1588 4764 86468
1588 4765 49033
1589 4766 6755
1589 4767 54928
1589 4768 66884
1590 4769 36448
1590 4770 64741
1590 4771 89797
1591 4772 5199
1591 4773 36616
1591 4774 5368
1592 4775 56068
1592 4776 69795
1592 4777 50829
1593 4778 9086
1593 4779 83375
1593 4780 29422
1594 4781 15790
1594 4782 55527
1594 4783 82327
1595 4784 57856
1595 4785 88318
1595 4786 18949
1596 4787 53083
1596 4788 64131
1596 4789 53098
1597 4790 73702
1597 4791 15455
1597 4792 33991
1598 4793 58413
1598 4794 85792
1598 4795 40659
1599 4796 54227
1599 4797 71454
1599 4798 24784
1600 4799 78625
1600 4800 78805
1600 4801 68774
1601 4802 31571
1601 4803 82205
1601 4804 46255
1602 4805 46068
1602 4806 23380
1602 4807 10101
1603 4808 32742
1603 4809 17330
1603 4810 22577
1604 4811 11815
1604 4812 19308
1604 4813 85934
1605 4814 33384
1605 4815 80035
1605 4816 12118
1606 4817 82254
1606 4818 12818
1606 4819 37702
1607 4820 41469
1607 4821 80460
1607 4822 59934
1608 4823 54189
1608 4824 77621
1608 4825 43373
1609 4826 59863
1609 4827 81647
1609 4828 41887
1610 4829 77356
1610 4830 44054
1610 4831 62656
1611 4832 19438
1611 4833 73298
1611 4834 38670
1612 4835 78421
1612 4836 87418
1612 4837 15555
1613 4838 80555
1613 4839 43312
1613 4840 23201
1614 4841 45983
1614 4842 4045
1614 4843 88531
1615 4844 74368
1615 4845 21406
1615 4846 49653
1616 4847 86828
1616 4848 42163
1616 4849 44164
1617 4850 60674
1617 4851 66955
1617 4852 54490
1618 4853 9416
1618 4854 19177
1618 4855 17948
1619 4856 63266
1619 4857 85802
1619 4858 29415
1620 4859 89442
1620 4860 74846
1620 4861 85733
1621 4862 75561
1621 4863 70253
1621 4864 10827
1622 4865 49695
1622 4866 55773
1622 4867 1612
1623 4868 32401
1623 4869 3330
1623 4870 86671
1624 4871 99
1624 4872 35511
1624 4873 33946
1625 4874 11094
1625 4875 5797
1625 4876 44645
1626 4877 66423
1626 4878 39347
1626 4879 8103
1627 4880 77255
1627 4881 70573
1627 4882 78876
1628 4883 8503
1628 4884 34178
1628 4885 83473
1629 4886 83303
1629 4887 58754
1629 4888 62548
1630 4889 57521
1630 4890 67511
1630 4891 45480
1631 4892 84940
1631 4893 75369
1631 4894 4011
1632 4895 50162
1632 4896 41242
1632 4897 85416
1633 4898 27690
1633 4899 23601
1633 4900 69284
1634 4901 2716
1634 4902 16169
1634 4903 35744
1635 4904 27069
1635 4905 25771
1635 4906 6742
1636 4907 79896
1636 4908 53749
1636 4909 32184
1637 4910 35494
1637 4911 89983
1637 4912 336
1638 4913 53182
1638 4914 52297
1638 4915 23377
1639 4916 72426
1639 4917 15556
1639 4918 76608
1640 4919 50895
1640 4920 1359
1640 4921 10016
1641 4922 84525
1641 4923 54860
1641 4924 48298
1642 4925 50435
1642 4926 68391
1642 4927 83249
1643 4928 30398
1643 4929 48001
1643 4930 13746
1644 4931 80290
1644 4932 24931
1644 4933 51238
1645 4934 21525
1645 4935 65981
1645 4936 49926
1646 4937 45849
1646 4938 20084
1646 4939 31390
1647 4940 22542
1647 4941 9137
1647 4942 53787
1648 4943 74346
1648 4944 24769
1648 4945 42313
1649 4946 8645
1649 4947 43990
1649 4948 60883
1650 4949 27496
1650 4950 6368
1650 4951 85294
1651 4952 37225
1651 4953 15236
1651 4954 69922
1652 4955 43378
1652 4956 61954
1652 4957 24780
1653 4958 56878
1653 4959 34023
1653 4960 38406
1654 4961 59358
1654 4962 59805
1654 4963 17875
1655 4964 47865
1655 4965 73549
1655 4966 18541
1656 4967 46450
1656 4968 30634
1656 4969 20244
1657 4970 68916
1657 4971 89653
1657 4972 80669
1658 4973 21023
1658 4974 41732
1658 4975 26616
1659 4976 79047
1659 4977 52894
1659 4978 69499
1660 4979 62552
1660 4980 84502
1660 4981 69876
1661 4982 26351
1661 4983 63537
1661 4984 39596
1662 4985 76109
1662 4986 9534
1662 4987 4008
1663 4988 38497
1663 4989 62221
1663 4990 79011
1664 4991 78156
1664 4992 27316
1664 4993 23479
1665 4994 36782
1665 4995 66875
1665 4996 87523
1666 4997 76571
1666 4998 61279
1666 4999 10234
1667 5000 37148
1667 5001 79107
1667 5002 37522
1668 5003 11331
1668 5004 11945
1668 5005 44989
1669 5006 12106
1669 5007 9616
1669 5008 25862
1670 5009 203
1670 5010 67156
1670 5011 74275
1671 5012 23456
1671 5013 28465
1671 5014 37608
1672 5015 18695
1672 5016 55923
1672 5017 87757
1673 5018 69041
1673 5019 41985
1673 5020 12504
1674 5021 45895
1674 5022 56353
1674 5023 43966
1675 5024 72556
1675 5025 87807
1675 5026 23917
1676 5027 79080
1676 5028 61868
1676 5029 7306
1677 5030 48621
1677 5031 934
1677 5032 55843
1678 5033 5957
1678 5034 1748
1678 5035 40993
1679 5036 8196
1679 5037 59319
1679 5038 69854
1680 5039 84319
1680 5040 48841
1680 5041 4045
1681 5042 16455
1681 5043 39856
1681 5044 68114
1682 5045 15842
1682 5046 2070
1682 5047 20700
1683 5048 89039
1683 5049 70608
1683 5050 80495
1684 5051 83409
1684 5052 5081
1684 5053 15506
1685 5054 42885
1685 5055 17880
1685 5056 12113
1686 5057 8306
1686 5058 66852
1686 5059 38452
1687 5060 36168
1687 5061 17267
1687 5062 74527
1688 5063 32071
1688 5064 44898
1688 5065 50320
1689 5066 16507
1689 5067 56253
1689 5068 31407
1690 5069 63666
1690 5070 2426
1690 5071 38432
1691 5072 34138
1691 5073 84169
1691 5074 19339
1692 5075 75145
1692 5076 36236
1692 5077 26076
1693 5078 13778
1693 5079 1167
1693 5080 81775
1694 5081 23706
1694 5082 71344
1694 5083 40373
1695 5084 53553
1695 5085 35073
1695 5086 76320
1696 5087 74007
1696 5088 62756
1696 5089 82821
1697 5090 71366
1697 5091 44676
1697 5092 40163
1698 5093 3519
1698 5094 67820
1698 5095 23696
1699 5096 34893
1699 5097 32072
1699 5098 35931
1700 5099 64797
1700 5100 55832
1700 5101 43232
1701 5102 6034
1701 5103 29922
1701 5104 68836
1702 5105 12120
1702 5106 54403
1702 5107 60190
1703 5108 37794
1703 5109 71157
1703 5110 40936
1704 5111 8968
1704 5112 44080
1704 5113 3955
1705 5114 35327
1705 5115 20787
1705 5116 47017
1706 5117 850
1706 5118 81738
1706 5119 80868
1707 5120 8057
1707 5121 29632
1707 5122 14045
1708 5123 89306
1708 5124 86761
1708 5125 30945
1709 5126 82827
1709 5127 55657
1709 5128 71550
1710 5129 10244
1710 5130 14721
1710 5131 51048
1711 5132 14361
1711 5133 27105
1711 5134 35139
1712 5135 74024
1712 5136 12696
1712 5137 12348
1713 5138 40454
1713 5139 64293
1713 5140 76328
1714 5141 75535
1714 5142 82909
1714 5143 29159
1715 5144 41900
1715 5145 24609
1715 5146 44308
1716 5147 59552
1716 5148 63245
1716 5149 46395
1717 5150 56478
1717 5151 72192
1717 5152 3201
1718 5153 24620
1718 5154 52431
1718 5155 60514
1719 5156 19192
1719 5157 81944
1719 5158 41092
1720 5159 17394
1720 5160 56009
1720 5161 69650
1721 5162 18172
1721 5163 83077
1721 5164 86797
1722 5165 43310
1722 5166 30664
1722 5167 9211
1723 5168 72521
1723 5169 64032
1723 5170 55526
1724 5171 25489
1724 5172 54172
1724 5173 80815
1725 5174 25776
1725 5175 68918
1725 5176 76702
1726 5177 36080
1726 5178 70767
1726 5179 65412
1727 5180 44069
1727 5181 65893
1727 5182 70563
1728 5183 80200
1728 5184 53241
1728 5185 3933
1729 5186 46012
1729 5187 24502
1729 5188 4626
1730 5189 71075
1730 5190 17468
1730 5191 37353
1731 5192 8856
1731 5193 80090
1731 5194 13558
1732 5195 5464
1732 5196 33895
1732 5197 28981
1733 5198 15481
1733 5199 67215
1733 5200 79570
1734 5201 54915
1734 5202 51890
1734 5203 80681
1735 5204 9122
1735 5205 74220
1735 5206 14551
1736 5207 77854
1736 5208 37471
1736 5209 7783
1737 5210 34325
1737 5211 15589
1737 5212 15542
1738 5213 22310
1738 5214 9696
1738 5215 23761
1739 5216 62099
1739 5217 65747
1739 5218 42497
1740 5219 82829
1740 5220 54507
1740 5221 42462
1741 5222 10186
1741 5223 76313
1741 5224 33040
1742 5225 23549
1742 5226 8260
1742 5227 8446
1743 5228 89851
1743 5229 13493
1743 5230 75689
1744 5231 7487
1744 5232 29879
1744 5233 42122
1745 5234 50214
1745 5235 67668
1745 5236 82266
1746 5237 62304
1746 5238 79913
1746 5239 887
1747 5240 1782
1747 5241 376
1747 5242 81855
1748 5243 7935
1748 5244 88867
1748 5245 11406
1749 5246 41030
1749 5247 69937
1749 5248 8666
1750 5249 67972
1750 5250 3899
1750 5251 18407
1751 5252 74666
1751 5253 69722
1751 5254 45878
1752 5255 65627
1752 5256 749
1752 5257 60242
1753 5258 46367
1753 5259 43409
1753 5260 54154
1754 5261 4249
1754 5262 84964
1754 5263 52836
1755 5264 77247
1755 5265 32270
1755 5266 77060
1756 5267 60094
1756 5268 71383
1756 5269 86309
1757 5270 56309
1757 5271 23923
1757 5272 23939
1758 5273 85152
1758 5274 1295
1758 5275 6189
1759 5276 24466
1759 5277 7061
1759 5278 43515
1760 5279 48305
1760 5280 38866
1760 5281 29098
1761 5282 78783
1761 5283 13388
1761 5284 41366
1762 5285 83093
1762 5286 39132
1762 5287 8406
1763 5288 84784
1763 5289 85526
1763 5290 80371
1764 5291 34385
1764 5292 31237
1764 5293 58918
1765 5294 45970
1765 5295 20516
1765 5296 87914
1766 5297 46488
1766 5298 56112
1766 5299 69936
1767 5300 38663
1767 5301 72142
1767 5302 65501
1768 5303 47027
1768 5304 16348
1768 5305 26527
1769 5306 1615
1769 5307 59316
1769 5308 15917
1770 5309 70609
1770 5310 9314
1770 5311 84589
1771 5312 61073
1771 5313 35435
1771 5314 76191
1772 5315 46742
1772 5316 62597
1772 5317 73748
1773 5318 50992
1773 5319 36356
1773 5320 50067
1774 5321 41847
1774 5322 86450
1774 5323 44584
1775 5324 60114
1775 5325 14275
1775 5326 68860
1776 5327 65090
1776 5328 66874
1776 5329 78193
1777 5330 48663
1777 5331 52306
1777 5332 74488
1778 5333 63544
1778 5334 62910
1778 5335 1711
1779 5336 38605
1779 5337 85021
1779 5338 82164
1780 5339 41888
1780 5340 68414
1780 5341 10931
1781 5342 80533
1781 5343 29877
1781 5344 78419
1782 5345 28072
1782 5346 56274
1782 5347 46226
1783 5348 82376
1783 5349 71570
1783 5350 7014
1784 5351 80840
1784 5352 72526
1784 5353 55394
1785 5354 22401
1785 5355 5138
1785 5356 85069
1786 5357 71560
1786 5358 36390
1786 5359 44542
1787 5360 85106
1787 5361 88310
1787 5362 10310
1788 5363 29387
1788 5364 44460
1788 5365 41689
1789 5366 42915
1789 5367 5139
1789 5368 66754
1790 5369 66995
1790 5370 12086
1790 5371 11450
1791 5372 46749
1791 5373 16117
1791 5374 68885
1792 5375 11608
1792 5376 37052
1792 5377 29482
1793 5378 15589
1793 5379 46673
1793 5380 81256
1794 5381 23374
1794 5382 33777
1794 5383 56240
1795 5384 59662
1795 5385 42827
1795 5386 83772
1796 5387 66569
1796 5388 59749
1796 5389 22363
1797 5390 12545
1797 5391 35240
1797 5392 74913
1798 5393 28926
1798 5394 36866
1798 5395 29153
1799 5396 63874
1799 5397 87000
1799 5398 8072
1800 5399 20926
1800 5400 48003
1800 5401 12190
1801 5402 27001
1801 5403 72400
1801 5404 66111
1802 5405 47675
1802 5406 37267
1802 5407 32645
1803 5408 54845
1803 5409 8851
1803 5410 7301
1804 5411 3703
1804 5412 88522
1804 5413 33998
1805 5414 81926
1805 5415 78734
1805 5416 58183
1806 5417 1284
1806 5418 86525
1806 5419 70424
1807 5420 14921
1807 5421 82837
1807 5422 27903
1808 5423 85479
1808 5424 20509
1808 5425 67851
1809 5426 87332
1809 5427 7279
1809 5428 52616
1810 5429 4728
1810 5430 77821
1810 5431 69569
1811 5432 10789
1811 5433 22698
1811 5434 80483
1812 5435 11402
1812 5436 72449
1812 5437 38717
1813 5438 72283
1813 5439 59953
1813 5440 68297
1814 5441 25268
1814 5442 41299
1814 5443 47680
1815 5444 5407
1815 5445 35058
1815 5446 75845
1816 5447 42226
1816 5448 81687
1816 5449 13985
1817 5450 69531
1817 5451 76693
1817 5452 19208
1818 5453 56578
1818 5454 863
1818 5455 54218
1819 5456 13677
1819 5457 41384
1819 5458 5588
1820 5459 39013
1820 5460 41016
1820 5461 41611
1821 5462 31347
1821 5463 46647
1821 5464 81700
1822 5465 83381
1822 5466 70486
1822 5467 17513
1823 5468 21680
1823 5469 37471
1823 5470 59271
1824 5471 44308
1824 5472 54749
1824 5473 5961
1825 5474 34057
1825 5475 23294
1825 5476 29237
1826 5477 70290
1826 5478 2147
1826 5479 39499
1827 5480 20070
1827 5481 84030
1827 5482 35857
1828 5483 12363
1828 5484 86984
1828 5485 2696
1829 5486 11693
1829 5487 30644
1829 5488 31825
1830 5489 2245
1830 5490 11338
1830 5491 33364
1831 5492 63890
1831 5493 9036
1831 5494 39760
1832 5495 55875
1832 5496 2340
1832 5497 36441
1833 5498 6118
1833 5499 37584
1833 5500 5026
1834 5501 78477
1834 5502 40560
1834 5503 44084
1835 5504 46669
1835 5505 76504
1835 5506 37198
1836 5507 89757
1836 5508 87439
1836 5509 87616
1837 5510 40957
1837 5511 74355
1837 5512 81860
1838 5513 25732
1838 5514 27033
1838 5515 76896
1839 5516 27775
1839 5517 17002
1839 5518 33658
1840 5519 20674
1840 5520 5949
1840 5521 38269
1841 5522 4789
1841 5523 71951
1841 5524 16295
1842 5525 52312
1842 5526 11231
1842 5527 50429
1843 5528 54385
1843 5529 40146
1843 5530 58283
1844 5531 14489
1844 5532 48797
1844 5533 33566
1845 5534 46424
1845 5535 60425
1845 5536 57573
1846 5537 17598
1846 5538 51192
1846 5539 32400
1847 5540 53127
1847 5541 53304
1847 5542 40061
1848 5543 76849
1848 5544 82452
1848 5545 66564
1849 5546 52048
1849 5547 76235
1849 5548 11523
1850 5549 16200
1850 5550 41559
1850 5551 75041
1851 5552 18820
1851 5553 28761
1851 5554 25551
1852 5555 44097
1852 5556 72685
1852 5557 409
1853 5558 34666
1853 5559 6050
1853 5560 21545
1854 5561 18446
1854 5562 55033
1854 5563 33339
1855 5564 40143
1855 5565 8073
1855 5566 65133
1856 5567 26200
1856 5568 70015
1856 5569 5802
1857 5570 12250
1857 5571 56548
1857 5572 37193
1858 5573 8452
1858 5574 3019
1858 5575 9791
1859 5576 77218
1859 5577 73665
1859 5578 89297
1860 5579 37524
1860 5580 32318
1860 5581 69408
1861 5582 33850
1861 5583 71655
1861 5584 6785
1862 5585 45065
1862 5586 87973
1862 5587 8541
1863 5588 46354
1863 5589 76180
1863 5590 4204
1864 5591 75891
1864 5592 75440
1864 5593 57360
1865 5594 24394
1865 5595 38041
1865 5596 59902
1866 5597 55797
1866 5598 29101
1866 5599 73871
1867 5600 14003
1867 5601 18674
1867 5602 15897
1868 5603 77744
1868 5604 47636
1868 5605 84814
1869 5606 8580
1869 5607 83732
1869 5608 44393
1870 5609 66343
1870 5610 63935
1870 5611 34298
1871 5612 13369
1871 5613 11788
1871 5614 11947
1872 5615 71861
1872 5616 65316
1872 5617 56479
1873 5618 38372
1873 5619 21887
1873 5620 29087
1874 5621 85006
1874 5622 78002
1874 5623 55710
1875 5624 47966
1875 5625 25191
1875 5626 80460
1876 5627 51745
1876 5628 7820
1876 5629 53433
1877 5630 55483
1877 5631 79869
1877 5632 33651
1878 5633 52873
1878 5634 31526
1878 5635 63521
1879 5636 17461
1879 5637 10575
1879 5638 32295
1880 5639 43873
1880 5640 22161
1880 5641 59228
1881 5642 32131
1881 5643 16659
1881 5644 55391
1882 5645 41126
1882 5646 77504
1882 5647 84600
1883 5648 39256
1883 5649 14836
1883 5650 89095
1884 5651 88242
1884 5652 79178
1884 5653 14036
1885 5654 81110
1885 5655 83174
1885 5656 48835
1886 5657 24921
1886 5658 60375
1886 5659 53719
1887 5660 32327
1887 5661 48205
1887 5662 46377
1888 5663 46010
1888 5664 61176
1888 5665 75603
1889 5666 47798
1889 5667 17
1889 5668 50124
1890 5669 3307
1890 5670 38176
1890 5671 76399
1891 5672 70969
1891 5673 84541
1891 5674 44188
1892 5675 87114
1892 5676 64938
1892 5677 25650
1893 5678 81448
1893 5679 6472
1893 5680 2269
1894 5681 17075
1894 5682 44034
1894 5683 56584
1895 5684 56661
1895 5685 1272
1895 5686 22254
1896 5687 23643
1896 5688 73162
1896 5689 77344
1897 5690 42481
1897 5691 13547
1897 5692 48722
1898 5693 31790
1898 5694 40317
1898 5695 85230
1899 5696 12126
1899 5697 46163
1899 5698 76507
1900 5699 21225
1900 5700 65505
1900 5701 30123
1901 5702 88526
1901 5703 42336
1901 5704 70991
1902 5705 16256
1902 5706 23844
1902 5707 8636
1903 5708 70865
1903 5709 85763
1903 5710 40305
1904 5711 346
1904 5712 76279
1904 5713 70209
1905 5714 84901
1905 5715 26767
1905 5716 23538
1906 5717 28803
1906 5718 6852
1906 5719 17832
1907 5720 21624
1907 5721 87983
1907 5722 86839
1908 5723 42154
1908 5724 36626
1908 5725 26093
1909 5726 60603
1909 5727 81442
1909 5728 81127
1910 5729 40005
1910 5730 79691
1910 5731 49165
1911 5732 46610
1911 5733 81834
1911 5734 28084
1912 5735 34875
1912 5736 37900
1912 5737 69542
1913 5738 30752
1913 5739 42354
1913 5740 14736
1914 5741 81080
1914 5742 80263
1914 5743 24044
1915 5744 63766
1915 5745 49451
1915 5746 73950
1916 5747 13645
1916 5748 7688
1916 5749 30636
1917 5750 34430
1917 5751 28682
1917 5752 34462
1918 5753 18235
1918 5754 85797
1918 5755 32537
1919 5756 54353
1919 5757 39732
1919 5758 5151
1920 5759 79361
1920 5760 75690
1920 5761 73516
1921 5762 81673
1921 5763 70146
1921 5764 18499
1922 5765 65903
1922 5766 83658
1922 5767 12947
1923 5768 12193
1923 5769 23404
1923 5770 18401
1924 5771 62156
1924 5772 674
1924 5773 53900
1925 5774 82875
1925 5775 17809
1925 5776 61951
1926 5777 14656
1926 5778 78154
1926 5779 66951
1927 5780 27019
1927 5781 89690
1927 5782 82850
1928 5783 48421
1928 5784 62904
1928 5785 3993
1929 5786 74721
1929 5787 4491
1929 5788 88189
1930 5789 19438
1930 5790 1143
1930 5791 85267
1931 5792 8585
1931 5793 63815
1931 5794 82334
1932 5795 19344
1932 5796 10881
1932 5797 20652
1933 5798 51382
1933 5799 75374
1933 5800 62645
1934 5801 18106
1934 5802 69415
1934 5803 29833
1935 5804 44118
1935 5805 86738
1935 5806 45165
1936 5807 17949
1936 5808 5940
1936 5809 63653
1937 5810 22726
1937 5811 5230
1937 5812 20256
1938 5813 87964
1938 5814 77961
1938 5815 30836
1939 5816 75062
1939 5817 63943
1939 5818 26543
1940 5819 55564
1940 5820 55776
1940 5821 28196
1941 5822 49327
1941 5823 22956
1941 5824 54204
1942 5825 45459
1942 5826 73971
1942 5827 36391
1943 5828 31264
1943 5829 20601
1943 5830 36678
1944 5831 81974
1944 5832 67918
1944 5833 39033
1945 5834 61823
1945 5835 37806
1945 5836 57893
1946 5837 50185
1946 5838 47526
1946 5839 86777
1947 5840 53404
1947 5841 33141
1947 5842 54653
1948 5843 49935
1948 5844 26700
1948 5845 13428
1949 5846 19411
1949 5847 61501
1949 5848 18410
1950 5849 44349
1950 5850 8846
1950 5851 88804
1951 5852 48522
1951 5853 33373
1951 5854 78286
1952 5855 15171
1952 5856 39353
1952 5857 28936
1953 5858 44475
1953 5859 23891
1953 5860 48607
1954 5861 79298
1954 5862 27432
1954 5863 33359
1955 5864 18219
1955 5865 19072
1955 5866 81962
1956 5867 36700
1956 5868 72096
1956 5869 76729
1957 5870 7272
1957 5871 44117
1957 5872 9601
1958 5873 80462
1958 5874 53795
1958 5875 8708
1959 5876 27481
1959 5877 57508
1959 5878 57288
1960 5879 49037
1960 5880 84791
1960 5881 58940
1961 5882 76119
1961 5883 41155
1961 5884 4
1962 5885 9327
1962 5886 22325
1962 5887 2641
1963 5888 22671
1963 5889 34648
1963 5890 28229
1964 5891 34995
1964 5892 52195
1964 5893 29984
1965 5894 28180
1965 5895 49113
1965 5896 72038
1966 5897 60061
1966 5898 30991
1966 5899 29651
1967 5900 18622
1967 5901 77240
1967 5902 3553
1968 5903 53156
1968 5904 34599
1968 5905 72866
1969 5906 75321
1969 5907 56994
1969 5908 85174
1970 5909 81417
1970 5910 65288
1970 5911 13155
1971 5912 23697
1971 5913 3983
1971 5914 33764
1972 5915 85557
1972 5916 35858
1972 5917 27386
1973 5918 38736
1973 5919 7827
1973 5920 5775
1974 5921 87464
1974 5922 15727
1974 5923 31225
1975 5924 39764
1975 5925 19367
1975 5926 3861
1976 5927 73297
1976 5928 20546
1976 5929 87956
1977 5930 21931
1977 5931 8290
1977 5932 68052
1978 5933 46590
1978 5934 13078
1978 5935 20349
1979 5936 13998
1979 5937 86510
1979 5938 35982
1980 5939 44626
1980 5940 53712
1980 5941 28295
1981 5942 58037
1981 5943 50982
1981 5944 46804
1982 5945 17859
1982 5946 44724
1982 5947 10328
1983 5948 26183
1983 5949 16297
1983 5950 65720
1984 5951 64782
1984 5952 38128
1984 5953 26214
1985 5954 31439
1985 5955 86540
1985 5956 7346
1986 5957 17227
1986 5958 36898
1986 5959 81400
1987 5960 20240
1987 5961 85990
1987 5962 83825
1988 5963 16833
1988 5964 52010
1988 5965 44876
1989 5966 6966
1989 5967 35978
1989 5968 19575
1990 5969 59943
1990 5970 28134
1990 5971 85024
1991 5972 24571
1991 5973 88179
1991 5974 71994
1992 5975 63720
1992 5976 4215
1992 5977 39711
1993 5978 42518
1993 5979 85817
1993 5980 75986
1994 5981 80574
1994 5982 21274
1994 5983 80389
1995 5984 66112
1995 5985 62179
1995 5986 5355
1996 5987 30798
1996 5988 44094
1996 5989 36266
1997 5990 39006
1997 5991 19379
1997 5992 4649
1998 5993 68667
1998 5994 80438
1998 5995 82002
1999 5996 48400
1999 5997 61187
1999 5998 62414
2000 5999 70980
2000 6000 4363
2000 6001 28048
2001 6002 77449
2001 6003 68732
2001 6004 9624
2002 6005 27926
2002 6006 67375
2002 6007 81648
2003 6008 35181
2003 6009 14941
2003 6010 85589
2004 6011 3443
2004 6012 21286
2004 6013 20229
2005 6014 46482
2005 6015 33193
2005 6016 19918
2006 6017 14159
2006 6018 17638
2006 6019 35936
2007 6020 39022
2007 6021 65847
2007 6022 72257
2008 6023 34952
2008 6024 15392
2008 6025 40169
2009 6026 74884
2009 6027 7093
2009 6028 36525
2010 6029 46958
2010 6030 45357
2010 6031 85316
2011 6032 42145
2011 6033 86225
2011 6034 48601
2012 6035 36111
2012 6036 34363
2012 6037 5976
2013 6038 75876
2013 6039 45399
2013 6040 17391
2014 6041 46900
2014 6042 66589
2014 6043 60192
2015 6044 32800
2015 6045 6749
2015 6046 18274
2016 6047 86408
2016 6048 68529
2016 6049 17366
2017 6050 87479
2017 6051 7948
2017 6052 34132
2018 6053 23055
2018 6054 13495
2018 6055 29409
2019 6056 55309
2019 6057 65495
2019 6058 66010
2020 6059 64703
2020 6060 71467
2020 6061 2348
2021 6062 76186
2021 6063 62773
2021 6064 65338
2022 6065 16171
2022 6066 3178
2022 6067 76458
2023 6068 31539
2023 6069 69753
2023 6070 46487
2024 6071 51491
2024 6072 77133
2024 6073 88089
2025 6074 71792
2025 6075 42707
2025 6076 29172
2026 6077 49122
2026 6078 9006
2026 6079 83525
2027 6080 41243
2027 6081 7778
2027 6082 89114
2028 6083 84348
2028 6084 66170
2028 6085 63428
2029 6086 86517
2029 6087 7852
2029 6088 62390
2030 6089 51915
2030 6090 11171
2030 6091 69410
2031 6092 28500
2031 6093 13858
2031 6094 3392
2032 6095 85331
2032 6096 64635
2032 6097 28593
2033 6098 73641
2033 6099 23371
2033 6100 58323
2034 6101 41874
2034 6102 87019
2034 6103 21580
2035 6104 467
2035 6105 77503
2035 6106 19713
2036 6107 88393
2036 6108 60189
2036 6109 6960
2037 6110 33242
2037 6111 11041
2037 6112 59896
2038 6113 68617
2038 6114 41320
2038 6115 36777
2039 6116 34979
2039 6117 54682
2039 6118 31855
2040 6119 86591
2040 6120 31783
2040 6121 62549
2041 6122 42699
2041 6123 2171
2041 6124 1739
2042 6125 15180
2042 6126 22430
2042 6127 18182
2043 6128 11185
2043 6129 37039
2043 6130 25078
2044 6131 33066
2044 6132 64984
2044 6133 35474
2045 6134 17061
2045 6135 53818
2045 6136 17270
2046 6137 78578
2046 6138 7940
2046 6139 45567
2047 6140 6948
2047 6141 5917
2047 6142 7815
2048 6143 39438
2048 6144 17714
2048 6145 72470
2049 6146 49525
2049 6147 73947
2049 6148 8193
2050 6149 64383
2050 6150 7816
2050 6151 45854
2051 6152 55992
2051 6153 39272
2051 6154 46298
2052 6155 83516
2052 6156 64303
2052 6157 76553
2053 6158 34558
2053 6159 74439
2053 6160 10890
2054 6161 74999
2054 6162 65210
2054 6163 36548
2055 6164 57416
2055 6165 26675
2055 6166 51882
2056 6167 63771
2056 6168 57062
2056 6169 74
2057 6170 51181
2057 6171 8563
2057 6172 49384
2058 6173 57733
2058 6174 14831
2058 6175 88377
2059 6176 83433
2059 6177 37928
2059 6178 51928
2060 6179 34898
2060 6180 75421
2060 6181 69166
2061 6182 8466
2061 6183 53630
2061 6184 54582
2062 6185 74431
2062 6186 45300
2062 6187 85474
2063 6188 41121
2063 6189 83056
2063 6190 81826
2064 6191 36733
2064 6192 48160
2064 6193 60429
2065 6194 68862
2065 6195 24705
2065 6196 20042
2066 6197 10587
2066 6198 59015
2066 6199 87983
2067 6200 68333
2067 6201 27545
2067 6202 43818
2068 6203 86028
2068 6204 70468
2068 6205 4174
2069 6206 54744
2069 6207 84504
2069 6208 23948
2070 6209 54345
2070 6210 37508
2070 6211 65935
2071 6212 82263
2071 6213 67988
2071 6214 68719
2072 6215 78575
2072 6216 14129
2072 6217 37207
2073 6218 40230
2073 6219 18560
2073 6220 57617
2074 6221 35219
2074 6222 29637
2074 6223 16807
2075 6224 28383
2075 6225 85276
2075 6226 27858
2076 6227 70602
2076 6228 48147
2076 6229 1939
2077 6230 21572
2077 6231 38253
2077 6232 29412
2078 6233 61390
2078 6234 29542
2078 6235 9532
2079 6236 83618
2079 6237 8736
2079 6238 5936
2080 6239 89036
2080 6240 25497
2080 6241 53053
2081 6242 33847
2081 6243 80590
2081 6244 32976
2082 6245 35447
2082 6246 62895
2082 6247 76449
2083 6248 13463
2083 6249 11515
2083 6250 82685
2084 6251 11602
2084 6252 27664
2084 6253 83063
2085 6254 31813
2085 6255 15561
2085 6256 46658
2086 6257 49286
2086 6258 46279
2086 6259 3167
2087 6260 34279
2087 6261 48646
2087 6262 19596
2088 6263 63267
2088 6264 45589
2088 6265 30700
2089 6266 79575
2089 6267 74419
2089 6268 61777
2090 6269 87074
2090 6270 89500
2090 6271 77999
2091 6272 15207
2091 6273 77367
2091 6274 22805
2092 6275 17398
2092 6276 7741
2092 6277 8320
2093 6278 71388
2093 6279 21248
2093 6280 73392
2094 6281 81965
2094 6282 23955
2094 6283 70148
2095 6284 13549
2095 6285 52059
2095 6286 60350
2096 6287 83303
2096 6288 4783
2096 6289 49867
2097 6290 59303
2097 6291 50673
2097 6292 54858
2098 6293 5364
2098 6294 45306
2098 6295 25278
2099 6296 30565
2099 6297 39231
2099 6298 47529
2100 6299 43539
2100 6300 22177
2100 6301 59762
2101 6302 33314
2101 6303 52832
2101 6304 82978
2102 6305 64304
2102 6306 46591
2102 6307 42481
2103 6308 49122
2103 6309 56028
2103 6310 59038
2104 6311 3673
2104 6312 49349
2104 6313 70541
2105 6314 6395
2105 6315 42779
2105 6316 1489
2106 6317 16031
2106 6318 75341
2106 6319 83332
2107 6320 55139
2107 6321 15827
2107 6322 73323
2108 6323 16206
2108 6324 70448
2108 6325 7725
2109 6326 62855
2109 6327 73108
2109 6328 47884
2110 6329 80973
2110 6330 84746
2110 6331 8470
2111 6332 40458
2111 6333 42512
2111 6334 30414
2112 6335 44965
2112 6336 53114
2112 6337 61135
2113 6338 39723
2113 6339 55148
2113 6340 21447
2114 6341 62190
2114 6342 39747
2114 6343 78600
2115 6344 49618
2115 6345 69988
2115 6346 77003
2116 6347 48295
2116 6348 7348
2116 6349 55703
2117 6350 86437
2117 6351 17655
2117 6352 71538
2118 6353 43147
2118 6354 29137
2118 6355 63404
2119 6356 48742
2119 6357 2297
2119 6358 45444
2120 6359 45336
2120 6360 45783
2120 6361 9706
2121 6362 76702
2121 6363 41686
2121 6364 75491
2122 6365 36331
2122 6366 77040
2122 6367 5977
2123 6368 21881
2123 6369 36242
2123 6370 88863
2124 6371 13706
2124 6372 49213
2124 6373 67936
2125 6374 39428
2125 6375 50858
2125 6376 20649
2126 6377 46056
2126 6378 17033
2126 6379 23795
2127 6380 5233
2127 6381 47154
2127 6382 59176
2128 6383 28877
2128 6384 5272
2128 6385 27123
2129 6386 9097
2129 6387 15691
2129 6388 40626
2130 6389 69220
2130 6390 9534
2130 6391 40992
2131 6392 81288
2131 6393 70925
2131 6394 38372
2132 6395 17910
2132 6396 84333
2132 6397 34941
2133 6398 33225
2133 6399 85923
2133 6400 62375
2134 6401 40731
2134 6402 17041
2134 6403 88937
2135 6404 41158
2135 6405 15634
2135 6406 53591
2136 6407 73235
2136 6408 14696
2136 6409 38057
2137 6410 51803
2137 6411 73273
2137 6412 68244
2138 6413 12068
2138 6414 81878
2138 6415 32087
2139 6416 85272
2139 6417 53013
2139 6418 37698
2140 6419 34668
2140 6420 53291
2140 6421 55843
2141 6422 88074
2141 6423 27048
2141 6424 86205
2142 6425 3047
2142 6426 81211
2142 6427 35370
2143 6428 30344
2143 6429 48645
2143 6430 82620
2144 6431 34156
2144 6432 27664
2144 6433 29072
2145 6434 30985
2145 6435 34358
2145 6436 58653
2146 6437 33771
2146 6438 58386
2146 6439 45452
2147 6440 87869
2147 6441 8763
2147 6442 42357
2148 6443 69502
2148 6444 25891
2148 6445 49003
2149 6446 19723
2149 6447 64848
2149 6448 29443
2150 6449 54044
2150 6450 18618
2150 6451 53681
2151 6452 51840
2151 6453 13374
2151 6454 9780
2152 6455 19579
2152 6456 33395
2152 6457 63253
2153 6458 79653
2153 6459 89073
2153 6460 50969
2154 6461 42615
2154 6462 21060
2154 6463 36102
2155 6464 59816
2155 6465 78950
2155 6466 50172
2156 6467 65919
2156 6468 73006
2156 6469 14436
2157 6470 16560
2157 6471 15479
2157 6472 27860
2158 6473 52662
2158 6474 38541
2158 6475 50899
2159 6476 11812
2159 6477 64134
2159 6478 27751
2160 6479 58232
2160 6480 18138
2160 6481 56265
2161 6482 13165
2161 6483 50250
2161 6484 86652
2162 6485 9128
2162 6486 37697
2162 6487 4120
2163 6488 30866
2163 6489 56203
2163 6490 76894
2164 6491 62882
2164 6492 12259
2164 6493 25609
2165 6494 75866
2165 6495 71410
2165 6496 19330
2166 6497 47507
2166 6498 9735
2166 6499 312
2167 6500 36265
2167 6501 43589
2167 6502 22782
2168 6503 46771
2168 6504 54432
2168 6505 52901
2169 6506 52515
2169 6507 54131
2169 6508 58800
2170 6509 46257
2170 6510 19736
2170 6511 80547
2171 6512 63388
2171 6513 48792
2171 6514 84235
2172 6515 45923
2172 6516 59271
2172 6517 35739
2173 6518 14588
2173 6519 33851
2173 6520 1403
2174 6521 50831
2174 6522 19904
2174 6523 15807
2175 6524 35635
2175 6525 66884
2175 6526 33817
2176 6527 51987
2176 6528 25538
2176 6529 67506
2177 6530 7670
2177 6531 51070
2177 6532 26749
2178 6533 37712
2178 6534 52533
2178 6535 63210
2179 6536 71588
2179 6537 9858
2179 6538 42001
2180 6539 43397
2180 6540 18292
2180 6541 33576
2181 6542 88126
2181 6543 51617
2181 6544 5018
2182 6545 46219
2182 6546 71382
2182 6547 46170
2183 6548 28222
2183 6549 69581
2183 6550 12742
2184 6551 85447
2184 6552 86569
2184 6553 51049
2185 6554 30154
2185 6555 71539
2185 6556 80183
2186 6557 64121
2186 6558 5793
2186 6559 4612
2187 6560 67427
2187 6561 89107
2187 6562 86801
2188 6563 51328
2188 6564 78707
2188 6565 46562
2189 6566 49922
2189 6567 86477
2189 6568 695
2190 6569 64943
2190 6570 8592
2190 6571 21292
2191 6572 53199
2191 6573 31392
2191 6574 8609
2192 6575 88823
2192 6576 15993
2192 6577 26724
2193 6578 82918
2193 6579 70342
2193 6580 13588
2194 6581 347
2194 6582 50539
2194 6583 25054
2195 6584 72074
2195 6585 39682
2195 6586 1876
2196 6587 28412
2196 6588 50788
2196 6589 42348
2197 6590 21370
2197 6591 37199
2197 6592 72631
2198 6593 89510
2198 6594 82712
2198 6595 11534
2199 6596 1983
2199 6597 23209
2199 6598 70497
2200 6599 38795
2200 6600 64424
2200 6601 34488
2201 6602 56120
2201 6603 79038
2201 6604 72124
2202 6605 31726
2202 6606 58441
2202 6607 40162
2203 6608 21494
2203 6609 12190
2203 6610 43357
2204 6611 51463
2204 6612 2018
2204 6613 69772
2205 6614 66488
2205 6615 29604
2205 6616 60407
2206 6617 80765
2206 6618 56614
2206 6619 52782
2207 6620 84125
2207 6621 88447
2207 6622 42806
2208 6623 19058
2208 6624 89700
2208 6625 9191
2209 6626 9880
2209 6627 29997
2209 6628 89456
2210 6629 7098
2210 6630 34964
2210 6631 5343
2211 6632 460
2211 6633 53963
2211 6634 2203
2212 6635 47623
2212 6636 903
2212 6637 57337
2213 6638 80904
2213 6639 32055
2213 6640 30418
2214 6641 55364
2214 6642 36171
2214 6643 9097
2215 6644 43806
2215 6645 11110
2215 6646 21467
2216 6647 15155
2216 6648 14606
2216 6649 25001
2217 6650 41652
2217 6651 18032
2217 6652 65488
2218 6653 87870
2218 6654 72742
2218 6655 13523
2219 6656 12697
2219 6657 42832
2219 6658 1480
2220 6659 41372
2220 6660 34416
2220 6661 5924
2221 6662 89893
2221 6663 52997
2221 6664 7944
2222 6665 57627
2222 6666 24796
2222 6667 224
2223 6668 19304
2223 6669 4758
2223 6670 10204
2224 6671 67999
2224 6672 18099
2224 6673 38015
2225 6674 77216
2225 6675 51031
2225 6676 46306
2226 6677 71146
2226 6678 24660
2226 6679 70299
2227 6680 28958
2227 6681 14668
2227 6682 2541
2228 6683 42781
2228 6684 8549
2228 6685 71375
2229 6686 48695
2229 6687 41029
2229 6688 69427
2230 6689 41619
2230 6690 1153
2230 6691 73193
2231 6692 83791
2231 6693 1794
2231 6694 44365
2232 6695 21645
2232 6696 16821
2232 6697 71387
2233 6698 15617
2233 6699 22771
2233 6700 75935
2234 6701 6207
2234 6702 25816
2234 6703 32226
2235 6704 73503
2235 6705 23233
2235 6706 7773
2236 6707 75427
2236 6708 14577
2236 6709 73454
2237 6710 64936
2237 6711 26528
2237 6712 58024
2238 6713 82933
2238 6714 19517
2238 6715 81378
2239 6716 16873
2239 6717 22113
2239 6718 86214
2240 6719 40366
2240 6720 41370
2240 6721 51937
2241 6722 17775
2241 6723 10024
2241 6724 16668
2242 6725 51295
2242 6726 26804
2242 6727 84086
2243 6728 69329
2243 6729 80235
2243 6730 7743
2244 6731 73721
2244 6732 47234
2244 6733 37709
2245 6734 89993
2245 6735 45470
2245 6736 54888
2246 6737 61316
2246 6738 76750
2246 6739 72741
2247 6740 78638
2247 6741 32024
2247 6742 82946
2248 6743 50014
2248 6744 74065
2248 6745 14734
2249 6746 16263
2249 6747 79755
2249 6748 57712
2250 6749 66472
2250 6750 4435
2250 6751 58181
2251 6752 46561
2251 6753 81611
2251 6754 40272
2252 6755 30546
2252 6756 32430
2252 6757 49846
2253 6758 22146
2253 6759 37532
2253 6760 71487
2254 6761 88019
2254 6762 46111
2254 6763 62013
2255 6764 56459
2255 6765 44237
2255 6766 78035
2256 6767 9280
2256 6768 83288
2256 6769 39462
2257 6770 16188
2257 6771 3798
2257 6772 44888
2258 6773 75192
2258 6774 9954
2258 6775 49969
2259 6776 20479
2259 6777 359
2259 6778 87386
2260 6779 82232
2260 6780 69554
2260 6781 59030
2261 6782 39766
2261 6783 599
2261 6784 64730
2262 6785 36318
2262 6786 88905
2262 6787 67096
2263 6788 67007
2263 6789 27847
2263 6790 57997
2264 6791 30716
2264 6792 86131
2264 6793 15222
2265 6794 19599
2265 6795 28090
2265 6796 18601
2266 6797 4000
2266 6798 41945
2266 6799 55998
2267 6800 52560
2267 6801 62955
2267 6802 24887
2268 6803 84958
2268 6804 4680
2268 6805 21491
2269 6806 82337
2269 6807 45565
2269 6808 83228
2270 6809 74256
2270 6810 15232
2270 6811 64827
2271 6812 68013
2271 6813 16838
2271 6814 42178
2272 6815 53631
2272 6816 64888
2272 6817 49443
2273 6818 22353
2273 6819 23118
2273 6820 63368
2274 6821 68211
2274 6822 47478
2274 6823 78990
2275 6824 32904
2275 6825 39664
2275 6826 2600
2276 6827 3110
2276 6828 43068
2276 6829 89707
2277 6830 77335
2277 6831 2829
2277 6832 59969
2278 6833 42984
2278 6834 50381
2278 6835 69608
2279 6836 54982
2279 6837 37189
2279 6838 80028
2280 6839 17921
2280 6840 3020
2280 6841 70324
2281 6842 75323
2281 6843 15905
2281 6844 16411
2282 6845 34765
2282 6846 43673
2282 6847 23137
2283 6848 4430
2283 6849 69907
2283 6850 14956
2284 6851 28004
2284 6852 79933
2284 6853 57171
2285 6854 25408
2285 6855 82545
2285 6856 61350
2286 6857 18846
2286 6858 36572
2286 6859 42579
2287 6860 34053
2287 6861 48976
2287 6862 36866
2288 6863 59849
2288 6864 20690
2288 6865 19372
2289 6866 21054
2289 6867 25404
2289 6868 77982
2290 6869 44753
2290 6870 88330
2290 6871 79689
2291 6872 15317
2291 6873 1761
2291 6874 34583
2292 6875 7725
2292 6876 7919
2292 6877 14671
2293 6878 65443
2293 6879 73546
2293 6880 46792
2294 6881 894
2294 6882 88576
2294 6883 67440
2295 6884 22990
2295 6885 76404
2295 6886 43621
2296 6887 4043
2296 6888 1203
2296 6889 47523
2297 6890 88186
2297 6891 37867
2297 6892 21390
2298 6893 35444
2298 6894 13977
2298 6895 81455
2299 6896 23570
2299 6897 37777
2299 6898 1254
2300 6899 78412
2300 6900 61289
2300 6901 46458
2301 6902 89172
2301 6903 5713
2301 6904 40649
2302 6905 62312
2302 6906 74419
2302 6907 49247
2303 6908 80505
2303 6909 89867
2303 6910 36553
2304 6911 23330
2304 6912 72650
2304 6913 48207
2305 6914 83910
2305 6915 82138
2305 6916 35424
2306 6917 55430
2306 6918 63131
2306 6919 26585
2307 6920 19485
2307 6921 80532
2307 6922 46232
2308 6923 46113
2308 6924 86471
2308 6925 24190
2309 6926 39651
2309 6927 77041
2309 6928 31938
2310 6929 22188
2310 6930 50321
2310 6931 75653
2311 6932 79848
2311 6933 1863
2311 6934 38378
2312 6935 58818
2312 6936 28434
2312 6937 47352
2313 6938 76082
2313 6939 55673
2313 6940 80087
2314 6941 46918
2314 6942 46825
2314 6943 42993
2315 6944 43848
2315 6945 46327
2315 6946 8903
2316 6947 24496
2316 6948 67859
2316 6949 47256
2317 6950 53820
2317 6951 29178
2317 6952 50539
2318 6953 57959
2318 6954 39387
2318 6955 24195
2319 6956 73620
2319 6957 49689
2319 6958 14534
2320 6959 176
2320 6960 41430
2320 6961 80274
2321 6962 68974
2321 6963 25542
2321 6964 4150
2322 6965 50507
2322 6966 64364
2322 6967 44416
2323 6968 68498
2323 6969 49257
2323 6970 48005
2324 6971 65362
2324 6972 74411
2324 6973 38796
2325 6974 71176
2325 6975 64976
2325 6976 83974
2326 6977 74529
2326 6978 23595
2326 6979 58101
2327 6980 61500
2327 6981 83660
2327 6982 30471
2328 6983 70848
2328 6984 16900
2328 6985 56894
2329 6986 83104
2329 6987 45020
2329 6988 50035
2330 6989 5166
2330 6990 18397
2330 6991 60506
2331 6992 6004
2331 6993 48642
2331 6994 75568
2332 6995 25138
2332 6996 13843
2332 6997 16074
2333 6998 39741
2333 6999 80084
2333 7000 25214
2334 7001 49756
2334 7002 83221
2334 7003 28443
2335 7004 9807
2335 7005 27086
2335 7006 68783
2336 7007 58878
2336 7008 60754
2336 7009 42482
2337 7010 43360
2337 7011 76057
2337 7012 22879
2338 7013 31741
2338 7014 61031
2338 7015 31373
2339 7016 79311
2339 7017 64267
2339 7018 60628
2340 7019 68143
2340 7020 49404
2340 7021 11300
2341 7022 19449
2341 7023 57640
2341 7024 24016
2342 7025 88525
2342 7026 61776
2342 7027 67298
2343 7028 83271
2343 7029 73755
2343 7030 87608
2344 7031 57649
2344 7032 13501
2344 7033 14785
2345 7034 22048
2345 7035 85861
2345 7036 77477
2346 7037 41416
2346 7038 36507
2346 7039 4085
2347 7040 86058
2347 7041 43707
2347 7042 16415
2348 7043 69437
2348 7044 63885
2348 7045 48935
2349 7046 959
2349 7047 27027
2349 7048 26437
2350 7049 16821
2350 7050 9701
2350 7051 54214
2351 7052 48045
2351 7053 60752
2351 7054 6288
2352 7055 40232
2352 7056 76797
2352 7057 30322
2353 7058 43772
2353 7059 88186
2353 7060 3108
2354 7061 3176
2354 7062 80364
2354 7063 52001
2355 7064 70898
2355 7065 58058
2355 7066 24757
2356 7067 5777
2356 7068 89107
2356 7069 900
2357 7070 40481
2357 7071 20253
2357 7072 19171
2358 7073 8528
2358 7074 13988
2358 7075 74672
2359 7076 36001
2359 7077 64608
2359 7078 78858
2360 7079 52715
2360 7080 63234
2360 7081 77983
2361 7082 86477
2361 7083 47617
2361 7084 35435
2362 7085 6614
2362 7086 33889
2362 7087 36070
2363 7088 88019
2363 7089 73772
2363 7090 39210
2364 7091 33736
2364 7092 79989
2364 7093 21360
2365 7094 52781
2365 7095 63005
2365 7096 82764
2366 7097 37166
2366 7098 12762
2366 7099 86008
2367 7100 73731
2367 7101 13399
2367 7102 38180
2368 7103 77457
2368 7104 51531
2368 7105 14320
2369 7106 23404
2369 7107 6413
2369 7108 17629
2370 7109 83408
2370 7110 24749
2370 7111 15855
2371 7112 45654
2371 7113 49439
2371 7114 57470
2372 7115 58843
2372 7116 28859
2372 7117 27484
2373 7118 80631
2373 7119 35329
2373 7120 40444
2374 7121 83941
2374 7122 42429
2374 7123 42708
2375 7124 48362
2375 7125 35804
2375 7126 21706
2376 7127 19944
2376 7128 62839
2376 7129 15160
2377 7130 44189
2377 7131 1982
2377 7132 60393
2378 7133 73058
2378 7134 64269
2378 7135 73472
2379 7136 16476
2379 7137 10898
2379 7138 35635
2380 7139 82806
2380 7140 53532
2380 7141 72167
2381 7142 59485
2381 7143 17325
2381 7144 40471
2382 7145 25340
2382 7146 68042
2382 7147 66782
2383 7148 48010
2383 7149 80550
2383 7150 34651
2384 7151 76488
2384 7152 33473
2384 7153 60173
2385 7154 60059
2385 7155 57779
2385 7156 69882
2386 7157 71051
2386 7158 32592
2386 7159 72527
2387 7160 20603
2387 7161 87337
2387 7162 81376
2388 7163 50082
2388 7164 56091
2388 7165 31409
2389 7166 52669
2389 7167 1614
2389 7168 78991
2390 7169 28541
2390 7170 59894
2390 7171 37861
2391 7172 89858
2391 7173 23002
2391 7174 28290
2392 7175 59817
2392 7176 72511
2392 7177 23933
2393 7178 66926
2393 7179 58024
2393 7180 13009
2394 7181 85280
2394 7182 62546
2394 7183 37023
2395 7184 27691
2395 7185 61668
2395 7186 24138
2396 7187 48953
2396 7188 42742
2396 7189 36292
2397 7190 81773
2397 7191 11096
2397 7192 35339
2398 7193 55258
2398 7194 61041
2398 7195 34857
2399 7196 82729
2399 7197 84958
2399 7198 66897
2400 7199 19759
2400 7200 13567
2400 7201 17472
2401 7202 56092
2401 7203 51684
2401 7204 45336
2402 7205 262
2402 7206 18981
2402 7207 89120
2403 7208 59602
2403 7209 79318
2403 7210 16268
2404 7211 11693
2404 7212 79396
2404 7213 32084
2405 7214 44103
2405 7215 43698
2405 7216 45238
2406 7217 43922
2406 7218 21969
2406 7219 5291
2407 7220 32691
2407 7221 43992
2407 7222 56630
2408 7223 83433
2408 7224 6886
2408 7225 66650
2409 7226 65883
2409 7227 18508
2409 7228 56761
2410 7229 16950
2410 7230 32491
2410 7231 32099
2411 7232 83248
2411 7233 49738
2411 7234 49313
2412 7235 76073
2412 7236 14086
2412 7237 59720
2413 7238 5036
2413 7239 72695
2413 7240 84186
2414 7241 52716
2414 7242 39468
2414 7243 76265
2415 7244 73431
2415 7245 87380
2415 7246 78969
2416 7247 18202
2416 7248 11602
2416 7249 6882
2417 7250 87975
2417 7251 64574
2417 7252 2221
2418 7253 86780
2418 7254 35447
2418 7255 3075
2419 7256 44601
2419 7257 31862
2419 7258 2195
2420 7259 41621
2420 7260 23941
2420 7261 34522
2421 7262 22584
2421 7263 54084
2421 7264 50282
2422 7265 78654
2422 7266 67257
2422 7267 5077
2423 7268 30652
2423 7269 80311
2423 7270 20180
2424 7271 57260
2424 7272 41760
2424 7273 3208
2425 7274 44141
2425 7275 47804
2425 7276 24657
2426 7277 23032
2426 7278 4474
2426 7279 69746
2427 7280 38071
2427 7281 27394
2427 7282 79839
2428 7283 89090
2428 7284 78678
2428 7285 34844
2429 7286 1729
2429 7287 83663
2429 7288 37966
2430 7289 30729
2430 7290 29280
2430 7291 45289
2431 7292 48374
2431 7293 51863
2431 7294 53814
2432 7295 10762
2432 7296 45451
2432 7297 457
2433 7298 53598
2433 7299 64607
2433 7300 67097
2434 7301 67362
2434 7302 23695
2434 7303 81811
2435 7304 35114
2435 7305 53928
2435 7306 20058
2436 7307 83166
2436 7308 42848
2436 7309 28583
2437 7310 31240
2437 7311 11386
2437 7312 74687
2438 7313 1083
2438 7314 11412
2438 7315 62298
2439 7316 48883
2439 7317 57078
2439 7318 36670
2440 7319 86382
2440 7320 30501
2440 7321 63987
2441 7322 55789
2441 7323 47059
2441 7324 24350
2442 7325 62364
2442 7326 48195
2442 7327 23859
2443 7328 18762
2443 7329 35378
2443 7330 28311
2444 7331 37586
2444 7332 31025
2444 7333 74051
2445 7334 51557
2445 7335 89402
2445 7336 87072
2446 7337 16102
2446 7338 75873
2446 7339 28268
2447 7340 52612
2447 7341 85090
2447 7342 83857
2448 7343 86220
2448 7344 60332
2448 7345 57543
2449 7346 28375
2449 7347 58471
2449 7348 81151
2450 7349 82046
2450 7350 88476
2450 7351 70663
2451 7352 45313
2451 7353 76350
2451 7354 1389
2452 7355 36436
2452 7356 6323
2452 7357 19066
2453 7358 860
2453 7359 83377
2453 7360 21797
2454 7361 36730
2454 7362 65144
2454 7363 28499
2455 7364 51297
2455 7365 78519
2455 7366 12538
2456 7367 66556
2456 7368 24565
2456 7369 66879
2457 7370 24233
2457 7371 65518
2457 7372 43970
2458 7373 45801
2458 7374 43142
2458 7375 82617
2459 7376 10836
2459 7377 21482
2459 7378 45136
2460 7379 52600
2460 7380 43186
2460 7381 44231
2461 7382 20077
2461 7383 36809
2461 7384 23262
2462 7385 46138
2462 7386 19608
2462 7387 28143
2463 7388 10580
2463 7389 46313
2463 7390 14566
2464 7391 24497
2464 7392 65915
2464 7393 48490
2465 7394 76548
2465 7395 61046
2465 7396 48705
2466 7397 54153
2466 7398 12812
2466 7399 24274
2467 7400 79657
2467 7401 30553
2467 7402 32566
2468 7403 50261
2468 7404 60570
2468 7405 50103
2469 7406 58952
2469 7407 18543
2469 7408 36968
2470 7409 52700
2470 7410 18018
2470 7411 11920
2471 7412 77896
2471 7413 34367
2471 7414 22896
2472 7415 79964
2472 7416 64855
2472 7417 70461
2473 7418 13805
2473 7419 6357
2473 7420 67328
2474 7421 71110
2474 7422 66034
2474 7423 54563
2475 7424 21414
2475 7425 50619
2475 7426 51856
2476 7427 31570
2476 7428 21538
2476 7429 16639
2477 7430 87660
2477 7431 51173
2477 7432 36119
2478 7433 16833
2478 7434 26054
2478 7435 13707
2479 7436 69973
2479 7437 5471
2479 7438 16904
2480 7439 81343
2480 7440 48934
2480 7441 64982
2481 7442 25245
2481 7443 45069
2481 7444 20385
2482 7445 74921
2482 7446 59388
2482 7447 54731
2483 7448 82257
2483 7449 51697
2483 7450 30646
2484 7451 22728
2484 7452 15587
2484 7453 28142
2485 7454 72213
2485 7455 85235
2485 7456 57161
2486 7457 34881
2486 7458 59257
2486 7459 86035
2487 7460 82190
2487 7461 62656
2487 7462 68637
2488 7463 58030
2488 7464 53645
2488 7465 7331
2489 7466 78218
2489 7467 45228
2489 7468 35139
2490 7469 80067
2490 7470 51294
2490 7471 55134
2491 7472 83725
2491 7473 31782
2491 7474 9150
2492 7475 1254
2492 7476 42145
2492 7477 460
2493 7478 18675
2493 7479 674
2493 7480 190
2494 7481 82164
2494 7482 21498
2494 7483 64288
2495 7484 44311
2495 7485 81980
2495 7486 11609
2496 7487 12594
2496 7488 49349
2496 7489 81880
2497 7490 45367
2497 7491 25133
2497 7492 37202
2498 7493 33433
2498 7494 34425
2498 7495 2494
2499 7496 82181
2499 7497 20306
2499 7498 78482
2500 7499 41341
2500 7500 53509
2500 7501 5191
2501 7502 78652
2501 7503 16842
2501 7504 37170
2502 7505 52189
2502 7506 38536
2502 7507 24577
2503 7508 281
2503 7509 85919
2503 7510 60010
2504 7511 37704
2504 7512 2950
2504 7513 88423
2505 7514 44486
2505 7515 30611
2505 7516 21334
2506 7517 11711
2506 7518 9512
2506 7519 58445
2507 7520 68611
2507 7521 4543
2507 7522 82643
2508 7523 33410
2508 7524 36294
2508 7525 68038
2509 7526 73993
2509 7527 60109
2509 7528 73206
2510 7529 68775
2510 7530 54861
2510 7531 38257
2511 7532 35784
2511 7533 49319
2511 7534 54531
2512 7535 24483
2512 7536 8616
2512 7537 26149
2513 7538 17777
2513 7539 22061
2513 7540 51281
2514 7541 27954
2514 7542 13534
2514 7543 43758
2515 7544 43816
2515 7545 29013
2515 7546 64819
2516 7547 24040
2516 7548 67198
2516 7549 71580
2517 7550 69117
2517 7551 14470
2517 7552 85383
2518 7553 14273
2518 7554 22417
2518 7555 7001
2519 7556 77386
2519 7557 14544
2519 7558 59853
2520 7559 86115
2520 7560 57323
2520 7561 81380
2521 7562 28421
2521 7563 22920
2521 7564 70461
2522 7565 15754
2522 7566 46200
2522 7567 4680
2523 7568 63746
2523 7569 57360
2523 7570 14514
2524 7571 41145
2524 7572 17051
2524 7573 80187
2525 7574 15679
2525 7575 37186
2525 7576 39483
2526 7577 75102
2526 7578 36192
2526 7579 54270
2527 7580 35711
2527 7581 25776
2527 7582 53960
2528 7583 8555
2528 7584 46133
2528 7585 68091
2529 7586 29438
2529 7587 47083
2529 7588 40630
2530 7589 9088
2530 7590 19315
2530 7591 88938
2531 7592 64721
2531 7593 72291
2531 7594 40018
2532 7595 16226
2532 7596 34194
2532 7597 33893
2533 7598 25008
2533 7599 20091
2533 7600 45514
2534 7601 88699
2534 7602 33904
2534 7603 26766
2535 7604 58740
2535 7605 7374
2535 7606 24436
2536 7607 16819
2536 7608 27332
2536 7609 50620
2537 7610 53305
2537 7611 21486
2537 7612 66101
2538 7613 8040
2538 7614 30716
2538 7615 30403
2539 7616 85517
2539 7617 80028
2539 7618 58137
2540 7619 4001
2540 7620 65831
2540 7621 85104
2541 7622 26696
2541 7623 9177
2541 7624 34306
2542 7625 14169
2542 7626 37031
2542 7627 15146
2543 7628 56954
2543 7629 5948
2543 7630 26983
2544 7631 68547
2544 7632 86675
2544 7633 89567
2545 7634 76347
2545 7635 51852
2545 7636 20853
2546 7637 9477
2546 7638 82568
2546 7639 75241
2547 7640 40190
2547 7641 20497
2547 7642 11680
2548 7643 39958
2548 7644 6919
2548 7645 15153
2549 7646 28651
2549 7647 24729
2549 7648 22279
2550 7649 71097
2550 7650 18442
2550 7651 23947
2551 7652 25460
2551 7653 77166
2551 7654 14151
2552 7655 20366
2552 7656 53137
2552 7657 61945
2553 7658 48656
2553 7659 17320
2553 7660 84574
2554 7661 67478
2554 7662 42860
2554 7663 26012
2555 7664 61198
2555 7665 34825
2555 7666 43776
2556 7667 82926
2556 7668 78374
2556 7669 54920
2557 7670 20289
2557 7671 62401
2557 7672 83132
2558 7673 16551
2558 7674 42695
2558 7675 66402
2559 7676 17350
2559 7677 6003
2559 7678 80981
2560 7679 46282
2560 7680 6223
2560 7681 84103
2561 7682 87640
2561 7683 16817
2561 7684 52960
2562 7685 53925
2562 7686 70715
2562 7687 61551
2563 7688 39806
2563 7689 53607
2563 7690 25301
2564 7691 54814
2564 7692 37886
2564 7693 27120
2565 7694 57941
2565 7695 16574
2565 7696 48491
2566 7697 16342
2566 7698 64546
2566 7699 59904
2567 7700 74031
2567 7701 3720
2567 7702 58862
2568 7703 40743
2568 7704 19998
2568 7705 49901
2569 7706 32848
2569 7707 87482
2569 7708 41341
2570 7709 15102
2570 7710 63378
2570 7711 33894
2571 7712 36291
2571 7713 1439
2571 7714 70494
2572 7715 26606
2572 7716 66523
2572 7717 86985
2573 7718 23143
2573 7719 18469
2573 7720 89919
2574 7721 41581
2574 7722 87555
2574 7723 6768
2575 7724 25628
2575 7725 15900
2575 7726 35323
2576 7727 8637
2576 7728 30922
2576 7729 15442
2577 7730 52573
2577 7731 76387
2577 7732 87736
2578 7733 42793
2578 7734 14864
2578 7735 70809
2579 7736 11214
2579 7737 15593
2579 7738 50721
2580 7739 32797
2580 7740 45439
2580 7741 87640
2581 7742 1736
2581 7743 79500
2581 7744 54524
2582 7745 81140
2582 7746 82794
2582 7747 19436
2583 7748 60964
2583 7749 18507
2583 7750 76824
2584 7751 60523
2584 7752 82198
2584 7753 8017
2585 7754 80003
2585 7755 2385
2585 7756 17835
2586 7757 18924
2586 7758 66818
2586 7759 70485
2587 7760 1448
2587 7761 59424
2587 7762 49683
2588 7763 73103
2588 7764 84739
2588 7765 88825
2589 7766 25308
2589 7767 66580
2589 7768 43257
2590 7769 22718
2590 7770 69945
2590 7771 59492
2591 7772 63453
2591 7773 14328
2591 7774 76566
2592 7775 86018
2592 7776 25964
2592 7777 75695
2593 7778 40718
2593 7779 83971
2593 7780 49386
2594 7781 6226
2594 7782 83607
2594 7783 33918
2595 7784 79561
2595 7785 66424
2595 7786 65366
2596 7787 80610
2596 7788 67587
2596 7789 2103
2597 7790 59445
2597 7791 36658
2597 7792 76817
2598 7793 45853
2598 7794 8815
2598 7795 73975
2599 7796 46825
2599 7797 20849
2599 7798 56451
2600 7799 13786
2600 7800 3397
2600 7801 69677
2601 7802 58274
2601 7803 78289
2601 7804 32517
2602 7805 59791
2602 7806 67167
2602 7807 80915
2603 7808 9556
2603 7809 18310
2603 7810 59176
2604 7811 53689
2604 7812 61243
2604 7813 47764
2605 7814 75166
2605 7815 78910
2605 7816 30470
2606 7817 17402
2606 7818 21680
2606 7819 67546
2607 7820 53499
2607 7821 26929
2607 7822 73804
2608 7823 43997
2608 7824 65158
2608 7825 38603
2609 7826 5373
2609 7827 41456
2609 7828 89454
2610 7829 4436
2610 7830 50508
2610 7831 10892
2611 7832 43469
2611 7833 85148
2611 7834 24720
2612 7835 43651
2612 7836 82485
2612 7837 66983
2613 7838 20109
2613 7839 41137
2613 7840 61892
2614 7841 68984
2614 7842 12197
2614 7843 80700
2615 7844 67924
2615 7845 54089
2615 7846 568
2616 7847 39712
2616 7848 47857
2616 7849 24864
2617 7850 24535
2617 7851 15919
2617 7852 57803
2618 7853 15231
2618 7854 44194
2618 7855 24229
2619 7856 83990
2619 7857 41817
2619 7858 53439
2620 7859 33882
2620 7860 55672
2620 7861 28768
2621 7862 48653
2621 7863 82924
2621 7864 79583
2622 7865 37103
2622 7866 79452
2622 7867 14736
2623 7868 50558
2623 7869 33290
2623 7870 18837
2624 7871 3883
2624 7872 22044
2624 7873 85202
2625 7874 72489
2625 7875 38877
2625 7876 980
2626 7877 86111
2626 7878 65026
2626 7879 13433
2627 7880 51128
2627 7881 78705
2627 7882 1686
2628 7883 58359
2628 7884 73192
2628 7885 43987
2629 7886 16708
2629 7887 19744
2629 7888 6389
2630 7889 26480
2630 7890 78938
2630 7891 56703
2631 7892 38550
2631 7893 29737
2631 7894 5813
2632 7895 74306
2632 7896 4487
2632 7897 84641
2633 7898 37181
2633 7899 66488
2633 7900 87216
2634 7901 78079
2634 7902 36704
2634 7903 71475
2635 7904 13394
2635 7905 22142
2635 7906 82586
2636 7907 42693
2636 7908 26950
2636 7909 75885
2637 7910 780
2637 7911 54640
2637 7912 1441
2638 7913 39962
2638 7914 23088
2638 7915 77544
2639 7916 70338
2639 7917 83324
2639 7918 62140
2640 7919 31046
2640 7920 30090
2640 7921 51235
2641 7922 24486
2641 7923 39439
2641 7924 17783
2642 7925 75277
2642 7926 27937
2642 7927 32293
2643 7928 63557
2643 7929 75165
2643 7930 43972
2644 7931 30437
2644 7932 24204
2644 7933 89869
2645 7934 82474
2645 7935 64592
2645 7936 29397
2646 7937 54471
2646 7938 77378
2646 7939 58765
2647 7940 86547
2647 7941 48841
2647 7942 17418
2648 7943 17299
2648 7944 11749
2648 7945 65714
2649 7946 32166
2649 7947 46165
2649 7948 89948
2650 7949 15840
2650 7950 9605
2650 7951 78520
2651 7952 73591
2651 7953 49823
2651 7954 438
2652 7955 29900
2652 7956 12157
2652 7957 53627
2653 7958 63117
2653 7959 17615
2653 7960 59445
2654 7961 20157
2654 7962 80884
2654 7963 15903
2655 7964 36473
2655 7965 4642
2655 7966 39836
2656 7967 59840
2656 7968 82571
2656 7969 38640
2657 7970 42384
2657 7971 54830
2657 7972 12252
2658 7973 60089
2658 7974 11617
2658 7975 46441
2659 7976 57004
2659 7977 46469
2659 7978 691
2660 7979 78396
2660 7980 17722
2660 7981 1712
2661 7982 56737
2661 7983 84987
2661 7984 23961
2662 7985 89920
2662 7986 12769
2662 7987 81114
2663 7988 44918
2663 7989 53266
2663 7990 84202
2664 7991 17160
2664 7992 15370
2664 7993 24247
2665 7994 60515
2665 7995 14947
2665 7996 16270
2666 7997 8854
2666 7998 41701
2666 7999 83981
2667 8000 10801
2667 8001 14521
2667 8002 12779
2668 8003 4496
2668 8004 52910
2668 8005 65717
2669 8006 24842
2669 8007 65496
2669 8008 79356
2670 8009 76142
2670 8010 83180
2670 8011 29322
2671 8012 72662
2671 8013 22637
2671 8014 42922
2672 8015 11869
2672 8016 43934
2672 8017 43957
2673 8018 76572
2673 8019 46139
2673 8020 24330
2674 8021 33817
2674 8022 79734
2674 8023 39853
2675 8024 73872
2675 8025 84374
2675 8026 74537
2676 8027 81631
2676 8028 84423
2676 8029 88147
2677 8030 63474
2677 8031 75882
2677 8032 5754
2678 8033 44825
2678 8034 20490
2678 8035 67435
2679 8036 65552
2679 8037 16254
2679 8038 15533
2680 8039 64268
2680 8040 55373
2680 8041 45523
2681 8042 22920
2681 8043 25939
2681 8044 63291
2682 8045 25263
2682 8046 72162
2682 8047 23050
2683 8048 72771
2683 8049 45749
2683 8050 14940
2684 8051 17477
2684 8052 80229
2684 8053 16919
2685 8054 53164
2685 8055 54676
2685 8056 2453
2686 8057 21437
2686 8058 37497
2686 8059 63596
2687 8060 85570
2687 8061 32946
2687 8062 60216
2688 8063 80653
2688 8064 86007
2688 8065 40041
2689 8066 89917
2689 8067 84272
2689 8068 16266
2690 8069 56846
2690 8070 12537
2690 8071 54832
2691 8072 82734
2691 8073 39209
2691 8074 85498
2692 8075 77451
2692 8076 89054
2692 8077 57844
2693 8078 88066
2693 8079 54412
2693 8080 2278
2694 8081 65043
2694 8082 84003
2694 8083 74171
2695 8084 27241
2695 8085 61034
2695 8086 24154
2696 8087 84302
2696 8088 53308
2696 8089 10593
2697 8090 57469
2697 8091 16632
2697 8092 66283
2698 8093 64476
2698 8094 26652
2698 8095 84050
2699 8096 30381
2699 8097 49445
2699 8098 84187
2700 8099 1664
2700 8100 69770
2700 8101 84341
2701 8102 47731
2701 8103 37352
2701 8104 20282
2702 8105 85543
2702 8106 11666
2702 8107 49175
2703 8108 34463
2703 8109 58566
2703 8110 36805
2704 8111 15715
2704 8112 71954
2704 8113 7775
2705 8114 55723
2705 8115 29810
2705 8116 34409
2706 8117 18107
2706 8118 51834
2706 8119 76806
2707 8120 5344
2707 8121 26870
2707 8122 50895
2708 8123 42068
2708 8124 29332
2708 8125 6764
2709 8126 44865
2709 8127 33831
2709 8128 18381
2710 8129 61618
2710 8130 6702
2710 8131 1520
2711 8132 25280
2711 8133 54640
2711 8134 51607
2712 8135 8603
2712 8136 21569
2712 8137 48121
2713 8138 3820
2713 8139 9516
2713 8140 61891
2714 8141 26211
2714 8142 28491
2714 8143 30456
2715 8144 77426
2715 8145 4122
2715 8146 79495
2716 8147 39524
2716 8148 16299
2716 8149 83894
2717 8150 11741
2717 8151 15131
2717 8152 86869
2718 8153 52256
2718 8154 26225
2718 8155 51296
2719 8156 62233
2719 8157 21885
2719 8158 75782
2720 8159 26493
2720 8160 62148
2720 8161 37173
2721 8162 58710
2721 8163 46979
2721 8164 52091
2722 8165 74615
2722 8166 1321
2722 8167 71648
2723 8168 76036
2723 8169 8460
2723 8170 20015
2724 8171 35450
2724 8172 88967
2724 8173 54420
2725 8174 17989
2725 8175 65071
2725 8176 50300
2726 8177 42169
2726 8178 77229
2726 8179 21773
2727 8180 34028
2727 8181 38695
2727 8182 85908
2728 8183 81131
2728 8184 69421
2728 8185 1869
2729 8186 48092
2729 8187 66817
2729 8188 15384
2730 8189 31104
2730 8190 75307
2730 8191 51305
2731 8192 44938
2731 8193 3258
2731 8194 6480
2732 8195 61578
2732 8196 29264
2732 8197 57901
2733 8198 13479
2733 8199 4921
2733 8200 28580
2734 8201 66256
2734 8202 64278
2734 8203 33100
2735 8204 41762
2735 8205 56935
2735 8206 32014
2736 8207 73701
2736 8208 3102
2736 8209 69192
2737 8210 59345
2737 8211 70429
2737 8212 20667
2738 8213 76543
2738 8214 76342
2738 8215 52802
2739 8216 46790
2739 8217 38520
2739 8218 71689
2740 8219 54416
2740 8220 58331
2740 8221 68808
2741 8222 58867
2741 8223 72322
2741 8224 64501
2742 8225 74932
2742 8226 86583
2742 8227 2938
2743 8228 2487
2743 8229 60264
2743 8230 56703
2744 8231 71850
2744 8232 35329
2744 8233 78626
2745 8234 73852
2745 8235 16543
2745 8236 88223
2746 8237 70406
2746 8238 23867
2746 8239 48393
2747 8240 81329
2747 8241 46989
2747 8242 78006
2748 8243 29085
2748 8244 41819
2748 8245 84550
2749 8246 48146
2749 8247 4839
2749 8248 38499
2750 8249 41298
2750 8250 72951
2750 8251 47342
2751 8252 36675
2751 8253 47382
2751 8254 29960
2752 8255 21671
2752 8256 37672
2752 8257 8161
2753 8258 46652
2753 8259 78354
2753 8260 29011
2754 8261 14843
2754 8262 5020
2754 8263 23029
2755 8264 63596
2755 8265 88800
2755 8266 65950
2756 8267 89801
2756 8268 29271
2756 8269 71615
2757 8270 74487
2757 8271 59345
2757 8272 19112
2758 8273 61617
2758 8274 49405
2758 8275 76923
2759 8276 12872
2759 8277 36099
2759 8278 18090
2760 8279 20626
2760 8280 39752
2760 8281 8410
2761 8282 45581
2761 8283 56683
2761 8284 1017
2762 8285 42214
2762 8286 80515
2762 8287 65489
2763 8288 12249
2763 8289 43127
2763 8290 36922
2764 8291 37720
2764 8292 48259
2764 8293 6182
2765 8294 69986
2765 8295 79044
2765 8296 31761
2766 8297 32272
2766 8298 38148
2766 8299 17290
2767 8300 54635
2767 8301 35676
2767 8302 85449
2768 8303 47434
2768 8304 31821
2768 8305 68853
2769 8306 44943
2769 8307 31895
2769 8308 14074
2770 8309 42419
2770 8310 68414
2770 8311 68510
2771 8312 25090
2771 8313 20746
2771 8314 53309
2772 8315 43801
2772 8316 22907
2772 8317 23087
2773 8318 85873
2773 8319 19308
2773 8320 49076
2774 8321 17135
2774 8322 33833
2774 8323 24934
2775 8324 34180
2775 8325 70857
2775 8326 44585
2776 8327 17633
2776 8328 67582
2776 8329 27217
2777 8330 56772
2777 8331 69083
2777 8332 89517
2778 8333 56230
2778 8334 4779
2778 8335 19479
2779 8336 56747
2779 8337 2133
2779 8338 59506
2780 8339 70950
2780 8340 65514
2780 8341 24785
2781 8342 69715
2781 8343 7920
2781 8344 16313
2782 8345 19894
2782 8346 86696
2782 8347 60231
2783 8348 13467
2783 8349 85757
2783 8350 17772
2784 8351 35982
2784 8352 44388
2784 8353 76027
2785 8354 64773
2785 8355 75870
2785 8356 40983
2786 8357 54056
2786 8358 61458
2786 8359 44060
2787 8360 36985
2787 8361 53127
2787 8362 41592
2788 8363 64314
2788 8364 72742
2788 8365 59642
2789 8366 3521
2789 8367 26386
2789 8368 31488
2790 8369 17108
2790 8370 20243
2790 8371 49041
2791 8372 38415
2791 8373 54575
2791 8374 46360
2792 8375 46863
2792 8376 10678
2792 8377 20852
2793 8378 10836
2793 8379 66540
2793 8380 55240
2794 8381 294
2794 8382 3656
2794 8383 52388
2795 8384 87935
2795 8385 16418
2795 8386 5436
2796 8387 80410
2796 8388 21739
2796 8389 69187
2797 8390 30772
2797 8391 66870
2797 8392 75065
2798 8393 26649
2798 8394 4269
2798 8395 34948
2799 8396 50575
2799 8397 15444
2799 8398 64865
2800 8399 25593
2800 8400 23836
2800 8401 30140
2801 8402 34527
2801 8403 57673
2801 8404 50396
2802 8405 10949
2802 8406 7354
2802 8407 28295
2803 8408 86221
2803 8409 38370
2803 8410 9303
2804 8411 41203
2804 8412 88834
2804 8413 56936
2805 8414 2189
2805 8415 54084
2805 8416 13986
2806 8417 13429
2806 8418 59136
2806 8419 27973
2807 8420 65969
2807 8421 44227
2807 8422 70954
2808 8423 81223
2808 8424 45690
2808 8425 62021
2809 8426 18488
2809 8427 35183
2809 8428 58191
2810 8429 14659
2810 8430 71371
2810 8431 68712
2811 8432 83558
2811 8433 72670
2811 8434 20237
2812 8435 80009
2812 8436 19778
2812 8437 10701
2813 8438 29448
2813 8439 84632
2813 8440 89665
2814 8441 22414
2814 8442 38801
2814 8443 50991
2815 8444 43197
2815 8445 38655
2815 8446 15866
2816 8447 38446
2816 8448 10374
2816 8449 26460
2817 8450 18618
2817 8451 42522
2817 8452 54674
2818 8453 19171
2818 8454 22400
2818 8455 85816
2819 8456 52935
2819 8457 15365
2819 8458 50960
2820 8459 39012
2820 8460 73556
2820 8461 56149
2821 8462 15397
2821 8463 85792
2821 8464 22283
2822 8465 15656
2822 8466 42634
2822 8467 52294
2823 8468 54054
2823 8469 56979
2823 8470 13208
2824 8471 41489
2824 8472 31097
2824 8473 7258
2825 8474 57765
2825 8475 34322
2825 8476 19123
2826 8477 58191
2826 8478 38377
2826 8479 22706
2827 8480 8430
2827 8481 65680
2827 8482 7000
2828 8483 72923
2828 8484 25551
2828 8485 60244
2829 8486 70326
2829 8487 58638
2829 8488 86570
2830 8489 54
2830 8490 26524
2830 8491 78533
2831 8492 26295
2831 8493 44095
2831 8494 35115
2832 8495 25134
2832 8496 81774
2832 8497 12469
2833 8498 62612
2833 8499 14997
2833 8500 28393
2834 8501 26991
2834 8502 53959
2834 8503 29042
2835 8504 2684
2835 8505 66368
2835 8506 20690
2836 8507 82724
2836 8508 804
2836 8509 76505
2837 8510 31947
2837 8511 80658
2837 8512 53123
2838 8513 84114
2838 8514 13047
2838 8515 70680
2839 8516 66531
2839 8517 44383
2839 8518 36100
2840 8519 71470
2840 8520 10309
2840 8521 1344
2841 8522 79625
2841 8523 66263
2841 8524 27290
2842 8525 23305
2842 8526 68817
2842 8527 28227
2843 8528 36432
2843 8529 35632
2843 8530 31682
2844 8531 38367
2844 8532 56348
2844 8533 10948
2845 8534 87662
2845 8535 72046
2845 8536 81389
2846 8537 19218
2846 8538 70103
2846 8539 23597
2847 8540 45368
2847 8541 27234
2847 8542 11742
2848 8543 29548
2848 8544 5834
2848 8545 31223
2849 8546 51646
2849 8547 19432
2849 8548 33171
2850 8549 47852
2850 8550 152
2850 8551 34549
2851 8552 73533
2851 8553 62101
2851 8554 29227
2852 8555 38698
2852 8556 39754
2852 8557 51668
2853 8558 13852
2853 8559 16613
2853 8560 32932
2854 8561 23402
2854 8562 12831
2854 8563 54688
2855 8564 14389
2855 8565 59253
2855 8566 17480
2856 8567 9195
2856 8568 53301
2856 8569 23246
2857 8570 22713
2857 8571 53013
2857 8572 18954
2858 8573 57995
2858 8574 66539
2858 8575 38765
2859 8576 37129
2859 8577 21972
2859 8578 23308
2860 8579 35234
2860 8580 9737
2860 8581 16639
2861 8582 4722
2861 8583 59815
2861 8584 47204
2862 8585 77414
2862 8586 10358
2862 8587 28383
2863 8588 51014
2863 8589 20210
2863 8590 27030
2864 8591 88144
2864 8592 86631
2864 8593 27068
2865 8594 64486
2865 8595 63346
2865 8596 59650
2866 8597 690
2866 8598 61979
2866 8599 15774
2867 8600 650
2867 8601 53072
2867 8602 66944
2868 8603 54230
2868 8604 70339
2868 8605 62282
2869 8606 50902
2869 8607 53426
2869 8608 40831
2870 8609 41979
2870 8610 29606
2870 8611 65735
2871 8612 30727
2871 8613 80452
2871 8614 38547
2872 8615 31339
2872 8616 82571
2872 8617 70986
2873 8618 45547
2873 8619 10023
2873 8620 78573
2874 8621 35278
2874 8622 5241
2874 8623 3064
2875 8624 41503
2875 8625 89110
2875 8626 28985
2876 8627 81318
2876 8628 44685
2876 8629 58818
2877 8630 28795
2877 8631 63819
2877 8632 79178
2878 8633 13536
2878 8634 16467
2878 8635 69999
2879 8636 14141
2879 8637 39580
2879 8638 21862
2880 8639 34808
2880 8640 71257
2880 8641 5534
2881 8642 59318
2881 8643 46766
2881 8644 69435
2882 8645 35225
2882 8646 39563
2882 8647 18642
2883 8648 67941
2883 8649 33655
2883 8650 4688
2884 8651 50193
2884 8652 9403
2884 8653 81591
2885 8654 72910
2885 8655 85116
2885 8656 87655
2886 8657 31418
2886 8658 27999
2886 8659 60885
2887 8660 20319
2887 8661 24565
2887 8662 65620
2888 8663 31914
2888 8664 23599
2888 8665 49808
2889 8666 23503
2889 8667 4008
2889 8668 67325
2890 8669 49267
2890 8670 37320
2890 8671 19125
2891 8672 61914
2891 8673 30165
2891 8674 49930
2892 8675 12410
2892 8676 87720
2892 8677 52230
2893 8678 35056
2893 8679 69795
2893 8680 74700
2894 8681 62755
2894 8682 10610
2894 8683 8540
2895 8684 88265
2895 8685 3934
2895 8686 72016
2896 8687 75489
2896 8688 55706
2896 8689 36787
2897 8690 34406
2897 8691 67954
2897 8692 21772
2898 8693 87441
2898 8694 10701
2898 8695 73437
2899 8696 62277
2899 8697 50326
2899 8698 64276
2900 8699 38764
2900 8700 82029
2900 8701 31415
2901 8702 29183
2901 8703 3105
2901 8704 59188
2902 8705 2023
2902 8706 45749
2902 8707 38223
2903 8708 29167
2903 8709 11044
2903 8710 7790
2904 8711 81994
2904 8712 36009
2904 8713 46488
2905 8714 83768
2905 8715 88715
2905 8716 83947
2906 8717 81176
2906 8718 14887
2906 8719 42461
2907 8720 70569
2907 8721 33884
2907 8722 29023
2908 8723 79652
2908 8724 16387
2908 8725 80511
2909 8726 7166
2909 8727 83835
2909 8728 21947
2910 8729 11198
2910 8730 52579
2910 8731 25221
2911 8732 25156
2911 8733 89472
2911 8734 57822
2912 8735 22873
2912 8736 14942
2912 8737 21416
2913 8738 8143
2913 8739 43667
2913 8740 60648
2914 8741 32051
2914 8742 81870
2914 8743 76780
2915 8744 29536
2915 8745 28827
2915 8746 53643
2916 8747 26771
2916 8748 64409
2916 8749 45037
2917 8750 30780
2917 8751 71510
2917 8752 72617
2918 8753 49869
2918 8754 31232
2918 8755 71455
2919 8756 7774
2919 8757 77048
2919 8758 22687
2920 8759 3640
2920 8760 43179
2920 8761 83895
2921 8762 18230
2921 8763 34774
2921 8764 52436
2922 8765 2046
2922 8766 89867
2922 8767 25597
2923 8768 65029
2923 8769 44259
2923 8770 47221
2924 8771 79394
2924 8772 13176
2924 8773 32460
2925 8774 41983
2925 8775 45969
2925 8776 4408
2926 8777 33829
2926 8778 6485
2926 8779 47879
2927 8780 49978
2927 8781 42732
2927 8782 40799
2928 8783 57766
2928 8784 18372
2928 8785 13858
2929 8786 15660
2929 8787 83089
2929 8788 49558
2930 8789 81880
2930 8790 4713
2930 8791 48419
2931 8792 25628
2931 8793 23525
2931 8794 36077
2932 8795 46293
2932 8796 41263
2932 8797 16634
2933 8798 27523
2933 8799 16939
2933 8800 36720
2934 8801 52385
2934 8802 41366
2934 8803 28750
2935 8804 70705
2935 8805 78543
2935 8806 26390
2936 8807 40811
2936 8808 5092
2936 8809 6743
2937 8810 17989
2937 8811 25838
2937 8812 30238
2938 8813 12365
2938 8814 86115
2938 8815 33710
2939 8816 51532
2939 8817 52300
2939 8818 23441
2940 8819 13181
2940 8820 62661
2940 8821 35270
2941 8822 26452
2941 8823 44202
2941 8824 38884
2942 8825 54190
2942 8826 35901
2942 8827 78386
2943 8828 29079
2943 8829 36956
2943 8830 83691
2944 8831 82743
2944 8832 51437
2944 8833 72462
2945 8834 27508
2945 8835 52572
2945 8836 24115
2946 8837 52770
2946 8838 19062
2946 8839 30283
2947 8840 71227
2947 8841 36858
2947 8842 78652
2948 8843 45242
2948 8844 60744
2948 8845 81028
2949 8846 9943
2949 8847 12700
2949 8848 76200
2950 8849 48307
2950 8850 24901
2950 8851 72794
2951 8852 5402
2951 8853 9570
2951 8854 25997
2952 8855 81452
2952 8856 22530
2952 8857 15791
2953 8858 68625
2953 8859 19855
2953 8860 32221
2954 8861 57664
2954 8862 24757
2954 8863 80466
2955 8864 53696
2955 8865 3246
2955 8866 29592
2956 8867 55608
2956 8868 8099
2956 8869 42832
2957 8870 61850
2957 8871 15429
2957 8872 39461
2958 8873 28402
2958 8874 31713
2958 8875 78883
2959 8876 76502
2959 8877 55452
2959 8878 41881
2960 8879 15204
2960 8880 6451
2960 8881 85953
2961 8882 72821
2961 8883 51401
2961 8884 82699
2962 8885 18908
2962 8886 26576
2962 8887 65741
2963 8888 418
2963 8889 45307
2963 8890 50474
2964 8891 64813
2964 8892 67831
2964 8893 44772
2965 8894 10449
2965 8895 56250
2965 8896 52805
2966 8897 44296
2966 8898 19579
2966 8899 76047
2967 8900 61579
2967 8901 22677
2967 8902 30233
2968 8903 31782
2968 8904 75335
2968 8905 28529
2969 8906 23207
2969 8907 23292
2969 8908 65534
2970 8909 54691
2970 8910 41560
2970 8911 15459
2971 8912 8414
2971 8913 89035
2971 8914 54701
2972 8915 89495
2972 8916 10712
2972 8917 11473
2973 8918 67842
2973 8919 84122
2973 8920 69490
2974 8921 71372
2974 8922 17802
2974 8923 28281
2975 8924 27065
2975 8925 58685
2975 8926 69005
2976 8927 49115
2976 8928 32155
2976 8929 29785
2977 8930 74979
2977 8931 54968
2977 8932 76294
2978 8933 69037
2978 8934 42394
2978 8935 25702
2979 8936 34273
2979 8937 18704
2979 8938 55782
2980 8939 78795
2980 8940 77084
2980 8941 60125
2981 8942 66336
2981 8943 35444
2981 8944 35769
2982 8945 40131
2982 8946 58239
2982 8947 32930
2983 8948 58992
2983 8949 6111
2983 8950 85731
2984 8951 89594
2984 8952 84275
2984 8953 59699
2985 8954 47048
2985 8955 57097
2985 8956 3457
2986 8957 76474
2986 8958 9807
2986 8959 52686
2987 8960 5075
2987 8961 1821
2987 8962 6621
2988 8963 30514
2988 8964 2014
2988 8965 41986
2989 8966 78247
2989 8967 31538
2989 8968 76019
2990 8969 25736
2990 8970 82955
2990 8971 65998
2991 8972 24203
2991 8973 38437
2991 8974 54379
2992 8975 48739
2992 8976 85313
2992 8977 71408
2993 8978 89689
2993 8979 58079
2993 8980 24269
2994 8981 83972
2994 8982 42090
2994 8983 22795
2995 8984 79480
2995 8985 71483
2995 8986 17317
2996 8987 27175
2996 8988 24395
2996 8989 52437
2997 8990 16430
2997 8991 52917
2997 8992 7152
2998 8993 63415
2998 8994 79545
2998 8995 55423
2999 8996 69220
2999 8997 43777
2999 8998 32916
3000 8999 58472
3000 9000 22412
3000 9001 76382
3001 9002 54833
3001 9003 61000
3001 9004 38637
3002 9005 8542
3002 9006 53631
3002 9007 17082
3003 9008 84468
3003 9009 28156
3003 9010 26101
3004 9011 76802
3004 9012 16065
3004 9013 34110
3005 9014 76865
3005 9015 13430
3005 9016 46598
3006 9017 64149
3006 9018 15388
3006 9019 85564
3007 9020 8842
3007 9021 6280
3007 9022 5268
3008 9023 79550
3008 9024 57195
3008 9025 59426
3009 9026 26616
3009 9027 33477
3009 9028 40267
3010 9029 88701
3010 9030 22061
3010 9031 48345
3011 9032 9343
3011 9033 66620
3011 9034 65147
3012 9035 17297
3012 9036 34971
3012 9037 50590
3013 9038 25556
3013 9039 89499
3013 9040 51944
3014 9041 67617
3014 9042 86215
3014 9043 62639
3015 9044 46058
3015 9045 55210
3015 9046 1320
3016 9047 79105
3016 9048 29634
3016 9049 86319
3017 9050 46897
3017 9051 7621
3017 9052 28196
3018 9053 35878
3018 9054 46514
3018 9055 66556
3019 9056 37687
3019 9057 44386
3019 9058 58885
3020 9059 78110
3020 9060 66151
3020 9061 55203
3021 9062 1873
3021 9063 30386
3021 9064 7948
3022 9065 60628
3022 9066 76569
3022 9067 64535
3023 9068 55476
3023 9069 63887
3023 9070 58873
3024 9071 56767
3024 9072 8333
3024 9073 6879
3025 9074 29634
3025 9075 69089
3025 9076 39076
3026 9077 59213
3026 9078 37900
3026 9079 15376
3027 9080 28595
3027 9081 25572
3027 9082 11805
3028 9083 4508
3028 9084 14895
3028 9085 3343
3029 9086 21028
3029 9087 7504
3029 9088 40576
3030 9089 17140
3030 9090 66610
3030 9091 77756
3031 9092 35582
3031 9093 77966
3031 9094 30976
3032 9095 42654
3032 9096 42219
3032 9097 3708
3033 9098 49725
3033 9099 1586
3033 9100 31623
3034 9101 21098
3034 9102 10701
3034 9103 39345
3035 9104 53079
3035 9105 26460
3035 9106 17742
3036 9107 17657
3036 9108 43069
3036 9109 67267
3037 9110 10336
3037 9111 50036
3037 9112 52995
3038 9113 6271
3038 9114 18986
3038 9115 86425
3039 9116 56262
3039 9117 77850
3039 9118 67780
3040 9119 88686
3040 9120 5474
3040 9121 41852
3041 9122 86921
3041 9123 80498
3041 9124 88790
3042 9125 3293
3042 9126 51028
3042 9127 63285
3043 9128 88159
3043 9129 47941
3043 9130 25497
3044 9131 27359
3044 9132 33655
3044 9133 85711
3045 9134 77867
3045 9135 53092
3045 9136 85809
3046 9137 17404
3046 9138 33642
3046 9139 61920
3047 9140 39555
3047 9141 19165
3047 9142 5652
3048 9143 64977
3048 9144 48961
3048 9145 31619
3049 9146 8151
3049 9147 35984
3049 9148 21749
3050 9149 89478
3050 9150 87446
3050 9151 34047
3051 9152 12624
3051 9153 67459
3051 9154 47198
3052 9155 53106
3052 9156 30126
3052 9157 28382
3053 9158 70011
3053 9159 76242
3053 9160 58049
3054 9161 47612
3054 9162 35540
3054 9163 53097
3055 9164 5297
3055 9165 18844
3055 9166 75837
3056 9167 31153
3056 9168 32662
3056 9169 9668
3057 9170 9503
3057 9171 46014
3057 9172 50753
3058 9173 54892
3058 9174 4739
3058 9175 14123
3059 9176 84032
3059 9177 60231
3059 9178 21407
3060 9179 639
3060 9180 51222
3060 9181 89041
3061 9182 15158
3061 9183 68533
3061 9184 6386
3062 9185 25331
3062 9186 12705
3062 9187 59695
3063 9188 72737
3063 9189 79509
3063 9190 14178
3064 9191 25480
3064 9192 36232
3064 9193 44197
3065 9194 34704
3065 9195 69236
3065 9196 76342
3066 9197 68561
3066 9198 4160
3066 9199 32183
3067 9200 41321
3067 9201 20725
3067 9202 5927
3068 9203 38345
3068 9204 60581
3068 9205 86301
3069 9206 41375
3069 9207 86996
3069 9208 35846
3070 9209 84356
3070 9210 9728
3070 9211 58563
3071 9212 80714
3071 9213 15177
3071 9214 20820
3072 9215 53428
3072 9216 10363
3072 9217 51205
3073 9218 39242
3073 9219 27645
3073 9220 2202
3074 9221 3395
3074 9222 8363
3074 9223 31096
3075 9224 72665
3075 9225 30477
3075 9226 4036
3076 9227 32351
3076 9228 10950
3076 9229 65203
3077 9230 87300
3077 9231 78018
3077 9232 87219
3078 9233 19960
3078 9234 78906
3078 9235 39871
3079 9236 30279
3079 9237 70070
3079 9238 20505
3080 9239 6588
3080 9240 58759
3080 9241 73827
3081 9242 34669
3081 9243 29902
3081 9244 82696
3082 9245 20663
3082 9246 43161
3082 9247 68640
3083 9248 72270
3083 9249 60360
3083 9250 8922
3084 9251 52261
3084 9252 73851
3084 9253 13103
3085 9254 16556
3085 9255 89920
3085 9256 4218
3086 9257 74193
3086 9258 7815
3086 9259 15558
3087 9260 24443
3087 9261 83716
3087 9262 18950
3088 9263 59405
3088 9264 41477
3088 9265 11539
3089 9266 35478
3089 9267 71790
3089 9268 64862
3090 9269 72646
3090 9270 7930
3090 9271 6302
3091 9272 89093
3091 9273 13749
3091 9274 4804
3092 9275 29226
3092 9276 61774
3092 9277 79340
3093 9278 51544
3093 9279 4757
3093 9280 38475
3094 9281 34463
3094 9282 53468
3094 9283 73693
3095 9284 58387
3095 9285 63331
3095 9286 48545
3096 9287 76598
3096 9288 62202
3096 9289 17300
3097 9290 48962
3097 9291 46919
3097 9292 31518
3098 9293 76819
3098 9294 85290
3098 9295 86174
3099 9296 59203
3099 9297 56055
3099 9298 14994
3100 9299 24489
3100 9300 30446
3100 9301 21104
3101 9302 19447
3101 9303 83001
3101 9304 75822
3102 9305 4016
3102 9306 7035
3102 9307 85250
3103 9308 42720
3103 9309 85016
3103 9310 59036
3104 9311 74522
3104 9312 83460
3104 9313 52773
3105 9314 31071
3105 9315 21787
3105 9316 2944
3106 9317 62900
3106 9318 69826
3106 9319 80858
3107 9320 27891
3107 9321 50967
3107 9322 38561
3108 9323 67295
3108 9324 49170
3108 9325 88541
3109 9326 19828
3109 9327 53246
3109 9328 44349
3110 9329 71662
3110 9330 67957
3110 9331 28275
3111 9332 56090
3111 9333 22631
3111 9334 5852
3112 9335 11179
3112 9336 17147
3112 9337 40362
3113 9338 49493
3113 9339 43005
3113 9340 33699
3114 9341 65638
3114 9342 33034
3114 9343 49189
3115 9344 28960
3115 9345 24833
3115 9346 78431
3116 9347 89110
3116 9348 57149
3116 9349 13996
3117 9350 1135
3117 9351 23720
3117 9352 4144
3118 9353 33325
3118 9354 20525
3118 9355 52796
3119 9356 2419
3119 9357 46813
3119 9358 14447
3120 9359 54124
3120 9360 12611
3120 9361 16611
3121 9362 36037
3121 9363 56448
3121 9364 38919
3122 9365 45209
3122 9366 60764
3122 9367 69317
3123 9368 16271
3123 9369 64124
3123 9370 88874
3124 9371 62677
3124 9372 62902
3124 9373 21009
3125 9374 61260
3125 9375 83167
3125 9376 18116
3126 9377 28021
3126 9378 50851
3126 9379 70097
3127 9380 55634
3127 9381 83260
3127 9382 47186
3128 9383 49269
3128 9384 18507
3128 9385 53564
3129 9386 59560
3129 9387 49325
3129 9388 43617
3130 9389 51138
3130 9390 36587
3130 9391 89082
3131 9392 32934
3131 9393 62756
3131 9394 49758
3132 9395 75093
3132 9396 62633
3132 9397 67794
3133 9398 19030
3133 9399 34953
3133 9400 56342
3134 9401 10045
3134 9402 19239
3134 9403 11328
3135 9404 61611
3135 9405 72392
3135 9406 16108
3136 9407 36087
3136 9408 39719
3136 9409 89535
3137 9410 20744
3137 9411 68555
3137 9412 85610
3138 9413 84498
3138 9414 4400
3138 9415 40651
3139 9416 25031
3139 9417 88234
3139 9418 69567
3140 9419 43097
3140 9420 78035
3140 9421 6468
3141 9422 48306
3141 9423 35825
3141 9424 21655
3142 9425 86596
3142 9426 32849
3142 9427 57066
3143 9428 39320
3143 9429 76084
3143 9430 36555
3144 9431 46479
3144 9432 22761
3144 9433 87650
3145 9434 32718
3145 9435 82483
3145 9436 2598
3146 9437 29666
3146 9438 13050
3146 9439 2733
3147 9440 15658
3147 9441 54393
3147 9442 83734
3148 9443 86082
3148 9444 48906
3148 9445 41307
3149 9446 110
3149 9447 10850
3149 9448 2947
3150 9449 82429
3150 9450 26050
3150 9451 24173
3151 9452 6079
3151 9453 62328
3151 9454 25965
3152 9455 46855
3152 9456 9760
3152 9457 29472
3153 9458 19033
3153 9459 57335
3153 9460 82424
3154 9461 37114
3154 9462 56410
3154 9463 25415
3155 9464 45084
3155 9465 39385
3155 9466 2853
3156 9467 61848
3156 9468 47834
3156 9469 51318
3157 9470 49800
3157 9471 23993
3157 9472 40171
3158 9473 18214
3158 9474 62735
3158 9475 72499
3159 9476 68923
3159 9477 34337
3159 9478 1272
3160 9479 37554
3160 9480 25615
3160 9481 89529
3161 9482 83304
3161 9483 22572
3161 9484 6566
3162 9485 50886
3162 9486 54369
3162 9487 5648
3163 9488 68686
3163 9489 50710
3163 9490 44896
3164 9491 61745
3164 9492 67123
3164 9493 73474
3165 9494 16506
3165 9495 74125
3165 9496 37262
3166 9497 22101
3166 9498 43597
3166 9499 51914
3167 9500 54740
3167 9501 88206
3167 9502 89363
3168 9503 18948
3168 9504 65413
3168 9505 89887
3169 9506 51434
3169 9507 9467
3169 9508 63510
3170 9509 21449
3170 9510 34820
3170 9511 79026
3171 9512 15937
3171 9513 62667
3171 9514 60549
3172 9515 22617
3172 9516 86346
3172 9517 4217
3173 9518 71445
3173 9519 19356
3173 9520 13384
3174 9521 58972
3174 9522 81341
3174 9523 34468
3175 9524 59974
3175 9525 56226
3175 9526 68836
3176 9527 2
3176 9528 68282
3176 9529 71277
3177 9530 73882
3177 9531 76350
3177 9532 15496
3178 9533 21074
3178 9534 47799
3178 9535 42571
3179 9536 17066
3179 9537 62089
3179 9538 40622
3180 9539 27151
3180 9540 21847
3180 9541 40026
3181 9542 25212
3181 9543 68154
3181 9544 77180
3182 9545 31244
3182 9546 35059
3182 9547 30448
3183 9548 29777
3183 9549 63585
3183 9550 60776
3184 9551 50627
3184 9552 22834
3184 9553 3649
3185 9554 19719
3185 9555 31553
3185 9556 61949
3186 9557 47583
3186 9558 79941
3186 9559 86784
3187 9560 69608
3187 9561 29655
3187 9562 51383
3188 9563 7868
3188 9564 38173
3188 9565 19897
3189 9566 55750
3189 9567 82384
3189 9568 88878
3190 9569 78195
3190 9570 24625
3190 9571 32763
3191 9572 65052
3191 9573 42946
3191 9574 76530
3192 9575 5864
3192 9576 25198
3192 9577 7806
3193 9578 42147
3193 9579 28828
3193 9580 67876
3194 9581 22647
3194 9582 21012
3194 9583 32553
3195 9584 34614
3195 9585 80369
3195 9586 68041
3196 9587 12890
3196 9588 34969
3196 9589 45638
3197 9590 24705
3197 9591 16388
3197 9592 87225
3198 9593 42813
3198 9594 74811
3198 9595 19295
3199 9596 48669
3199 9597 32781
3199 9598 41349
3200 9599 20528
3200 9600 60353
3200 9601 8185
3201 9602 66296
3201 9603 34779
3201 9604 64223
3202 9605 72486
3202 9606 1562
3202 9607 55251
3203 9608 19307
3203 9609 38653
3203 9610 55774
3204 9611 46688
3204 9612 72279
3204 9613 46697
3205 9614 63169
3205 9615 71967
3205 9616 22582
3206 9617 59643
3206 9618 2108
3206 9619 10339
3207 9620 71351
3207 9621 32526
3207 9622 11814
3208 9623 42619
3208 9624 11887
3208 9625 62377
3209 9626 67105
3209 9627 18725
3209 9628 49581
3210 9629 41007
3210 9630 5252
3210 9631 18437
3211 9632 60621
3211 9633 3184
3211 9634 81818
3212 9635 82410
3212 9636 11639
3212 9637 84639
3213 9638 48597
3213 9639 25725
3213 9640 27456
3214 9641 89882
3214 9642 68945
3214 9643 49453
3215 9644 86706
3215 9645 65641
3215 9646 3392
3216 9647 29941
3216 9648 81557
3216 9649 1111
3217 9650 21690
3217 9651 68191
3217 9652 4362
3218 9653 22605
3218 9654 33922
3218 9655 83153
3219 9656 21344
3219 9657 17918
3219 9658 26615
3220 9659 212
3220 9660 4245
3220 9661 88761
3221 9662 57049
3221 9663 67150
3221 9664 27530
3222 9665 41675
3222 9666 5412
3222 9667 11468
3223 9668 38001
3223 9669 8855
3223 9670 70870
3224 9671 76097
3224 9672 864
3224 9673 33573
3225 9674 87854
3225 9675 38632
3225 9676 79096
3226 9677 16635
3226 9678 15047
3226 9679 8690
3227 9680 88478
3227 9681 39215
3227 9682 77929
3228 9683 1208
3228 9684 44245
3228 9685 10895
3229 9686 61391
3229 9687 89337
3229 9688 85788
3230 9689 39123
3230 9690 68793
3230 9691 81558
3231 9692 70872
3231 9693 67473
3231 9694 18844
3232 9695 78204
3232 9696 35706
3232 9697 71173
3233 9698 25299
3233 9699 54736
3233 9700 15662
3234 9701 20686
3234 9702 50961
3234 9703 27084
3235 9704 75937
3235 9705 74140
3235 9706 79451
3236 9707 66444
3236 9708 48869
3236 9709 8396
3237 9710 53560
3237 9711 85751
3237 9712 72049
3238 9713 88558
3238 9714 82413
3238 9715 7119
3239 9716 71787
3239 9717 4692
3239 9718 20496
3240 9719 17956
3240 9720 33749
3240 9721 19593
3241 9722 70594
3241 9723 9344
3241 9724 51520
3242 9725 38110
3242 9726 26767
3242 9727 475
3243 9728 12164
3243 9729 15128
3243 9730 78
3244 9731 40058
3244 9732 44534
3244 9733 13836
3245 9734 37945
3245 9735 34940
3245 9736 17354
3246 9737 77817
3246 9738 30134
3246 9739 42009
3247 9740 16894
3247 9741 52470
3247 9742 76080
3248 9743 43590
3248 9744 37975
3248 9745 62123
3249 9746 7946
3249 9747 86436
3249 9748 43980
3250 9749 68754
3250 9750 88263
3250 9751 78675
3251 9752 72615
3251 9753 2920
3251 9754 69777
3252 9755 24047
3252 9756 5175
3252 9757 44571
3253 9758 78998
3253 9759 85421
3253 9760 74714
3254 9761 7001
3254 9762 38488
3254 9763 51513
3255 9764 82462
3255 9765 9837
3255 9766 27401
3256 9767 66591
3256 9768 69191
3256 9769 61088
3257 9770 44423
3257 9771 58872
3257 9772 79723
3258 9773 23364
3258 9774 84573
3258 9775 70512
3259 9776 34829
3259 9777 77138
3259 9778 3615
3260 9779 4670
3260 9780 51174
3260 9781 12285
3261 9782 19088
3261 9783 45651
3261 9784 61283
3262 9785 18381
3262 9786 57905
3262 9787 52551
3263 9788 34556
3263 9789 53778
3263 9790 36878
3264 9791 44090
3264 9792 2767
3264 9793 45319
3265 9794 25901
3265 9795 80193
3265 9796 9544
3266 9797 35402
3266 9798 61933
3266 9799 33045
3267 9800 53784
3267 9801 46302
3267 9802 23677
3268 9803 73391
3268 9804 31708
3268 9805 66075
3269 9806 16934
3269 9807 35517
3269 9808 46787
3270 9809 51837
3270 9810 67514
3270 9811 86412
3271 9812 1717
3271 9813 8979
3271 9814 86063
3272 9815 58051
3272 9816 63595
3272 9817 4486
3273 9818 24544
3273 9819 59830
3273 9820 69049
3274 9821 4242
3274 9822 65769
3274 9823 21429
3275 9824 74770
3275 9825 47169
3275 9826 53358
3276 9827 70955
3276 9828 79403
3276 9829 35961
3277 9830 74244
3277 9831 39385
3277 9832 55110
3278 9833 18704
3278 9834 55478
3278 9835 76673
3279 9836 19009
3279 9837 59990
3279 9838 35059
3280 9839 55189
3280 9840 83273
3280 9841 14078
3281 9842 46663
3281 9843 88968
3281 9844 41101
3282 9845 34791
3282 9846 50931
3282 9847 49696
3283 9848 56299
3283 9849 30341
3283 9850 71439
3284 9851 62091
3284 9852 83537
3284 9853 48274
3285 9854 16822
3285 9855 67652
3285 9856 273
3286 9857 48398
3286 9858 56287
3286 9859 60743
3287 9860 85609
3287 9861 13042
3287 9862 13937
3288 9863 18902
3288 9864 10614
3288 9865 74214
3289 9866 64679
3289 9867 77197
3289 9868 26902
3290 9869 3230
3290 9870 49201
3290 9871 75963
3291 9872 4464
3291 9873 18119
3291 9874 23756
3292 9875 45352
3292 9876 2099
3292 9877 67843
3293 9878 35809
3293 9879 51715
3293 9880 22767
3294 9881 48846
3294 9882 36789
3294 9883 62126
3295 9884 44694
3295 9885 77719
3295 9886 38662
3296 9887 29022
3296 9888 8460
3296 9889 67641
3297 9890 79481
3297 9891 29068
3297 9892 43214
3298 9893 68829
3298 9894 11195
3298 9895 81918
3299 9896 35017
3299 9897 58210
3299 9898 67765
3300 9899 1705
3300 9900 47013
3300 9901 74682
3301 9902 47756
3301 9903 54380
3301 9904 54262
3302 9905 65410
3302 9906 29060
3302 9907 21317
3303 9908 52668
3303 9909 36729
3303 9910 62598
3304 9911 65768
3304 9912 74448
3304 9913 38603
3305 9914 59554
3305 9915 76082
3305 9916 21195
3306 9917 5221
3306 9918 84397
3306 9919 79785
3307 9920 792
3307 9921 12438
3307 9922 55586
3308 9923 34542
3308 9924 8111
3308 9925 14923
3309 9926 5268
3309 9927 6045
3309 9928 19134
3310 9929 87765
3310 9930 15112
3310 9931 80083
3311 9932 57878
3311 9933 7793
3311 9934 21164
3312 9935 1130
3312 9936 85559
3312 9937 89443
3313 9938 57803
3313 9939 59699
3313 9940 38802
3314 9941 35008
3314 9942 46653
3314 9943 33719
3315 9944 23391
3315 9945 25692
3315 9946 57422
3316 9947 80962
3316 9948 75748
3316 9949 41909
3317 9950 17770
3317 9951 48017
3317 9952 13228
3318 9953 35747
3318 9954 11134
3318 9955 69649
3319 9956 45966
3319 9957 18794
3319 9958 58822
3320 9959 68580
3320 9960 2405
3320 9961 62475
3321 9962 82060
3321 9963 22554
3321 9964 10365
3322 9965 3255
3322 9966 35110
3322 9967 97
3323 9968 66649
3323 9969 37489
3323 9970 20545
3324 9971 7474
3324 9972 86760
3324 9973 27638
3325 9974 40020
3325 9975 51800
3325 9976 2739
3326 9977 56820
3326 9978 21955
3326 9979 12409
3327 9980 84329
3327 9981 81582
3327 9982 77203
3328 9983 11975
3328 9984 64443
3328 9985 26474
3329 9986 22533
3329 9987 36990
3329 9988 3196
3330 9989 67319
3330 9990 14994
3330 9991 4397
3331 9992 86237
3331 9993 81277
3331 9994 11756
3332 9995 60462
3332 9996 66415
3332 9997 8294
3333 9998 79302
3333 9999 75273
3333 10000 7119
2781 9092 33815 9839
8017 1514 20654 1484
5815 6835 91093 1847
4743 6453 36346 4072
4061 1056 90210 17191
155 7965 54010 5965
4592 1676 59439 13254
8762 6661 72197 19599
6357 3957 84492 14742
8909 1085 64420 17427
5002 5355 5678 4094
5352 8453 61043 19208
6295 3578 31308 9057
9391 1402 71618 11877
4131 8586 25708 19567
2163 5084 83125 104
4610 2445 58071 8137
6318 1613 62572 11798
7476 546 98530 4314
9565 6406 84008 1048
7525 8063 10590 3258
9152 5279 99991 12318
1552 7415 89953 16896
5510 2246 20361 15107
5651 5514 21189 16435
1623 6289 79541 5564
6630 1506 56051 13554
7345 9698 98245 5803
8278 3662 46700 3992
1809 8859 94011 10371
4754 3911 93539 10829
7832 4646 93791 16241
7245 7047 76666 14218
1190 1402 32663 19647
9781 4398 41256 14899
9238 343 9041 5943
3098 3429 50882 12603
1243 5813 51027 14480
892 6715 87767 16908
3896 3425 31846 10364
8101 2207 28024 15049
8871 8134 55158 18023
9647 8417 35807 3619
4417 8983 45853 16007
691 9270 40484 13459
9709 3077 50389 14553
3312 2766 93729 10646
8471 4030 88947 3196
5796 2326 42552 13354
2371 5049 52239 10900
9549 4933 99885 498
4031 9991 73328 6913
5594 8516 65599 5129
2287 4902 52 11163
9202 72 17153 5627
6065 157 13789 9847
4359 3912 27684 11961
3336 9228 31816 3121
1640 8463 63766 11453
1736 3791 29574 12719
7462 2214 84800 16495
394 9775 50098 1050
7381 5604 42600 18658
4863 6725 85927 8174
9508 7360 64904 5869
6 6472 40818 9210
1274 7698 58374 1345
2617 4659 31351 14948
8220 4388 190 14999
288 1229 88258 15725
8860 4471 61621 7690
5152 6373 76832 3386
9592 551 76386 5473
5260 5965 6615 14455
3916 9695 53497 6430
2420 8037 43271 8822
7909 4193 30219 361
5752 8223 34072 11016
9413 7308 68510 7129
9359 7437 84874 9156
151 3731 38741 2196
2919 2743 95743 17914
5938 9588 43437 4444
3163 8106 61202 2177
9589 3351 42680 13875
256 6361 70222 2827
1571 3594 43789 5480
4831 2068 2067 1935
1305 1333 47184 17072
6804 6261 7348 13811
5972 4749 43215 2338
9458 1582 99533 6044
1440 419 20880 4181
3031 229 15248 16565
2950 4936 72061 8267
2212 7632 41820 14297
8467 439 13840 4933
7988 6967 78068 2034
6921 6934 8979 5161
7487 3414 81908 12370
6512 7786 67598 6999
5973 1257 64365 791
7727 4840 88412 949
9290 4775 99896 6811
8037 5965 56581 6922
7828 5293 4884 10529
7013 4575 84393 10767
7537 850 61108 1736
5597 2833 88399 1354
9896 6883 67113 7766
5008 7753 22305 3809
8315 3902 94143 2752
3896 3289 45407 19317
4437 6377 88542 19848
7575 6214 58868 14594
3688 5349 66783 14221
9517 9806 67455 18156
8045 7299 7536 7688
8844 2123 72223 19044
2727 5564 17195 16990
782 6032 63235 18878
5787 3642 14493 16292
8812 8577 17757 11010
3994 5549 83605 16587
1672 3401 83148 18957
8753 3241 11018 5412
9202 7192 88412 5132
9780 8097 63809 11525
8623 3978 12057 4927
2812 7868 9900 13552
3824 3608 6502 4983
328 9026 21554 2684
5215 8435 34607 6526
5009 2667 19879 17440
624 7816 78065 6007
739 8295 57546 17926
3159 1067 67471 724
4992 3800 46748 14855
1905 7714 98277 16900
3434 8044 89411 12445
9709 3539 94843 2879
9901 9256 52079 10161
9517 4028 48291 3638
1059 899 37519 15280
5156 5215 4621 17198
8788 2881 28158 4897
9911 4959 67090 11016
97 8795 10592 527
7539 4237 25216 16984
915 890 43037 8469
434 5515 81607 17314
8815 3101 61207 16328
757 5667 4905 3995
6659 5392 54834 7062
130 7034 95398 14011
3851 8382 35665 13765
7201 45 86319 13064
8870 2750 94904 7129
5790 8646 19176 9477
7779 4760 57985 17754
7371 9312 88794 6736
7846 1911 18725 19450
3994 688 39996 3626
6746 9336 33374 8691
2510 9846 28861 925
2371 4889 48046 612
2281 7165 28807 12375
3506 4002 21486 17412
6737 7327 83309 17527
3610 9750 44395 17825
5344 3430 71198 5816
1140 8380 48261 12620
6512 4086 55858 18478
9393 4596 73857 8470
912 8996 28329 19469
9043 4207 32122 5959
3679 4844 52241 2362
6161 4990 78117 11706
6219 6845 41648 3503
9859 7435 93156 13754
5532 3110 87473 19970
5975 8247 82411 12732
3093 3870 39339 3987
2448 2183 80196 6732
9308 2219 55508 1600
4367 9414 40798 10765
8496 9507 82573 5459
2473 7962 14814 14422
7551 532 91082 18381
175 7147 38028 17808
3344 7828 20076 4662
9596 3078 46757 9779
965 5935 98955 4494
2970 3680 77738 1826
7085 2121 22849 20
3764 48 41644 15490
9492 2511 63303 7050
4761 7295 28344 10868
7825 2661 11382 13399
4451 8336 77444 5329
9791 7134 88887 1642
7893 2742 52239 5712
406 61 64723 3222
8453 9938 37434 13536
4967 2114 9321 18539
7374 7472 50389 6046
5208 6661 87469 14281
5390 8602 26298 3714
5199 3532 38899 14933
5563 3781 90380 6923
8926 3260 9953 19228
8583 2819 27362 6198
5914 5978 78706 9805
7167 4710 85522 15883
2300 435 39917 16446
106 3581 47545 9915
1740 6799 60443 12381
1631 7089 31404 209
6456 3774 65032 4482
1279 8557 97936 19903
482 7255 84846 17923
3569 1748 62732 6472
5404 7450 87274 11499
7607 455 68469 5518
1787 4675 11838 8546
1048 563 28672 16205
9536 781 13762 18237
27 4899 45606 16961
9267 1667 37773 11403
9100 3937 42890 3614
8203 4227 7399 19662
6629 7064 4951 15572
2905 1277 66702 3816
6039 1406 35685 10041
3688 9990 21635 3651
9346 3248 13873 2279
7257 1848 8034 1423
3634 9169 95436 10147
195 356 70381 7583
3124 9424 6085 10518
2056 1708 60029 3407
112 681 20894 2623
7740 8772 49685 18036
4601 5692 74360 8264
4485 3180 73624 19177
8718 6498 36102 10644
3269 5455 30970 12264
8279 2571 38808 6320
8897 4378 67190 2149
692 4383 30977 16589
82 3706 86158 7056
5386 1541 15642 17053
805 9858 32309 13623
7397 4010 69218 6018
8566 4085 17625 19875
5722 972 28806 2316
2526 9780 19852 2335
3712 5053 55089 7467
8192 1182 38923 907
1470 2724 39530 3226
7766 2866 32414 14050
9948 2880 52905 10610
2464 1434 69862 2997
5244 5639 9760 9483
1489 3523 47189 15410
3238 1113 28403 15980
7813 4611 50624 5392
9697 1887 32086 4245
5253 5940 63421 6153
5209 2457 58331 10810
1112 4481 40173 16755
9114 9336 93563 16704
1169 4338 16498 753
7992 9636 49217 3804
9090 323 35546 18993
9426 505 49864 12388
1497 6351 59127 13734
8119 8059 25384 5258
7094 7190 68529 19505
1537 5075 15471 5308
3910 9283 49690 8632
7146 1201 60973 13915
8977 3680 82792 1154
9566 5207 76177 10107
774 4926 83122 16374
4013 1383 27870 13264
3222 2064 41056 7693
8740 4638 17501 4252
5296 193 75832 14989
821 382 88865 11618
2985 525 38356 3201
613 5188 79727 13957
3425 5028 40112 10732
6058 1450 76771 17127
5591 3054 44767 15516
6512 4800 1969 547
6340 2986 6672 13268
6179 8354 5069 4962
8093 7710 89894 3322
1447 6950 16106 7274
1903 1190 94390 5848
4942 3647 85139 10705
990 5940 19607 9765
3195 3808 36939 5873
6632 7956 6843 15088
3192 2774 22113 15487
2798 811 88652 13808
2981 5385 4279 12310
9311 8297 8971 901
9306 3468 33680 11845
9465 9366 51374 15028
8064 4892 95764 15174
6507 7120 16080 322
7970 2804 60182 9587
7582 6880 69667 12424
8741 2752 65010 11558
3037 1585 44997 18879
5901 8083 62187 3568
2878 4552 22423 13689
2040 5885 92258 7267
1944 8317 40762 17354
6624 3140 34346 6092
5530 4545 84019 4177
8580 2319 25696 7480
9884 9108 73707 6872
1347 4506 98507 10789
6443 4689 33417 11140
1951 1796 50030 14442
7554 5482 36098 14447
8749 3338 44763 8317
506 1909 37765 4468
5051 6773 50370 16145
77 9374 20305 19381
8928 2052 68199 71
2042 7132 7774 1506
229 6884 87288 17558
1222 6284 14798 12062
7435 4257 7320 13973
8738 8715 68297 3101
6521 2642 96118 5002
1988 404 1337 15162
5395 8733 88433 10329
7146 3964 95271 10357
2534 7247 77304 4530
7860 7783 31862 18218
7203 3391 73757 4989
3205 4404 89560 14355
4743 5517 24688 17507
5571 5906 56112 11573
5811 8516 53790 9765
2109 7237 16293 9715
6466 8521 98069 5580
8875 5256 72870 12149
8783 2519 9432 16618
2347 6895 24632 2405
637 8329 75057 9421
343 4462 58044 16447
6004 1361 83507 14540
7718 8290 65864 13642
8523 8984 12792 15158
8887 8722 74554 9122
485 6058 32839 8118
1485 2827 31402 19274
3159 3530 84158 14431
3147 2568 549 5411
6782 909 66003 7315
1157 127 32410 18782
3719 6676 19436 4750
5303 4049 97111 3699
3951 41 65033 3787
7777 2263 75148 6486
2625 8908 28973 8823
106 3994 46111 18541
9420 461 89255 4815
2310 440 87100 4678
7147 2407 88628 16310
2784 9244 4947 1399
3034 7589 71820 6916
3740 3542 79234 10679
4543 7250 99360 16364
6479 7712 65142 10985
7549 8106 7782 18410
542 3301 61247 12543
7431 6391 46035 1699
8483 5273 88684 11556
3196 7975 85181 6645
1165 3624 76128 12459
1629 3663 4350 8817
9625 5730 43940 2495
7049 6161 70417 8071
8673 1716 60912 5853
9550 1485 98694 12683
1396 2784 88990 6458
2233 4189 22090 2673
7766 7834 16800 7797
1084 364 94404 15657
3865 8669 35137 7831
1576 4685 48154 6810
8463 9045 39128 14005
4101 6214 57145 14334
1351 6774 1915 8411
7135 3910 95115 16262
2460 37 69 10287
1682 7362 39994 3051
1681 5090 56907 18466
6573 4087 68346 283
2648 5403 8800 9211
906 5718 54027 3226
3006 5518 73717 10464
7633 3596 25603 7573
1857 7551 12271 1681
6631 2163 35893 1452
9354 3226 74207 1262
9126 5493 42645 1961
4326 4146 69022 18114
9111 1445 45778 19346
6729 6022 10420 4798
5576 333 83263 3861
4609 1229 89416 5931
1733 2761 16274 11591
9748 3307 38313 1870
6189 5452 73804 6870
5785 4352 60743 9852
901 9646 15572 19000
3137 5775 86665 8533
5725 9875 41350 8556
7261 2542 50973 16296
4935 2580 19881 8886
6411 2089 18909 5796
9348 9116 79077 5678
5486 9080 24079 8808
2580 5637 19291 10167
1188 5423 59063 6701
1253 8569 87993 18280
9182 4998 6864 13829
1074 5408 64421 5216
4568 4327 40775 14296
2189 9157 83293 12815
7853 5158 9097 15015
8494 8772 46957 7605
1969 5360 1812 19544
6985 7340 56594 18266
5221 459 31887 15381
6339 8443 18746 10933
262 6780 39271 7510
6409 3181 10958 9511
6834 4864 47430 11016
7786 6648 27456 11115
3154 552 2227 5495
2399 2475 74873 7072
5505 6449 18478 12385
7879 3495 99547 14183
9214 2671 84688 2833
9035 3747 44349 11040
6820 6954 60684 11800
7671 5901 84237 19950
642 2930 51654 8622
823 4401 95771 11362
8680 6116 95366 6052
1329 6807 66907 2977
6425 1132 60405 3136
5644 3935 15108 217
4514 1038 72142 17011
7261 6904 53167 13642
6106 8132 74408 17363
2866 6886 92834 3487
2099 5858 35930 8763
4333 996 76809 18218
8364 421 22113 12334
2606 1489 22918 12007
3104 6086 7751 3880
5566 8413 3342 15598
4266 5140 96434 892
863 8264 66171 3756
3152 5070 15852 18755
4161 2430 29960 18577
8409 5480 11636 18323
9352 6815 4473 13481
1081 7638 17071 9022
5162 6094 31401 2599
9541 5506 18143 9874
6753 5515 1568 12388
2885 9317 99356 4490
2551 4521 31872 12560
5501 3355 73662 14154
3891 4387 58746 13475
1380 1230 97940 12761
7095 9351 39938 12385
1708 765 43392 14782
6457 7945 26022 1942
2575 1761 92175 1310
8142 6563 36232 3692
5673 54 27980 17544
5773 932 80507 5166
5998 59 37508 11153
695 5062 34523 10986
1908 8879 4326 16046
5430 6513 18571 817
7428 4987 68452 554
2544 1377 55718 4073
467 1862 92365 8104
4418 6613 94018 8746
3957 2180 50194 1572
2798 2909 75282 7793
4079 6051 48856 8013
1491 7326 54418 503
2819 942 23381 294
6988 5956 49192 17333
3980 9516 2504 7843
1273 7022 35065 19847
287 164 64551 8634
6512 4807 59196 12276
8344 6294 53762 2631
8134 9704 53577 9224
584 9245 66572 13655
4872 8751 98636 17304
318 6050 20598 11695
6141 6478 81109 15164
3425 6275 78622 15385
8878 2188 5101 7814
5378 1316 50254 12293
1168 8968 35937 14560
5095 6131 12673 2788
3212 3772 71924 17200
6913 7522 54507 6078
4332 5048 66794 6237
8667 6768 98179 10832
1862 1146 65873 16315
4599 5447 53622 18639
2785 5393 6249 9411
2958 1630 50591 1616
6488 4766 14956 10882
4097 26 51539 9084
7734 8749 49736 10378
9412 5286 73608 4045
3460 6157 5915 7537
6647 400 47640 6788
4201 4702 11023 17067
8628 306 35868 12802
5808 8600 88566 12409
8952 3578 64506 10383
6312 7733 36105 13835
2599 7261 27643 3032
9224 4231 34958 6982
5517 3255 74151 10902
453 7512 60018 8073
2042 7353 38851 10818
5202 890 65589 14777
8651 5117 8339 3526
6567 2896 98591 131
4138 6502 23114 2161
2312 3056 94962 16542
7731 5841 27136 787
1751 1763 18173 12370
3125 5745 3329 9096
2392 3496 13053 4202
7901 9266 39439 8163
8080 8992 96679 13085
5715 350 50142 10801
3388 4528 26933 3606
2074 1726 83868 16429
8615 2303 74954 7753
1030 7376 81116 2154
6992 387 38914 7703
3941 7794 67945 18248
1598 1078 23811 6112
620 266 97624 18488
6896 97 51208 322
746 3275 95387 15885
6211 8632 14653 3236
3523 4807 68988 16851
4971 7685 4741 14334
1563 8716 15162 9047
8671 2580 68162 111
517 4443 43566 13329
5749 459 89666 6743
460 9843 76209 753
9901 1176 35133 11748
8249 2611 13011 14979
5656 4288 49536 4493
4954 6819 33067 2138
5566 3446 74195 11402
8780 9205 57403 9041
1426 4722 65761 19400
6149 1856 4026 10487
5379 4963 46602 12124
5878 7656 70968 19594
6817 6742 82480 11887
6871 6857 99594 10856
3490 2096 37465 5496
8752 2896 39970 1906
8906 6356 97812 19954
1533 6916 15390 7369
5428 1798 31161 11542
6983 4490 20610 14260
3726 2129 71073 11199
2503 3988 74353 8520
6850 2948 31782 4049
4020 9868 55310 10448
7710 3736 67644 5272
6664 6575 42073 12291
9406 2732 98887 5716
9799 420 8382 15740
6597 3255 86875 15144
4340 2738 7335 18308
2607 6845 78923 6406
6487 1711 92484 15275
4556 3178 31213 14450
611 8483 33198 12418
6612 3381 42349 13103
5809 737 79710 10959
5332 9867 6419 12236
4215 4312 34235 11685
1744 373 39446 6589
3111 5746 56439 8994
1711 1987 89363 7778
6666 178 15034 2715
8676 9886 98982 17938
7719 6443 70378 1085
5645 3578 53677 2355
87 5254 90388 6589
5541 7325 5213 13328
1615 5865 14047 155
81 8706 45826 10515
1876 6022 75477 19519
4904 2345 63642 15842
9747 8345 22999 4667
9945 4090 16584 8669
5449 2576 96035 13830
8982 3553 15635 4881
1071 5706 51797 4572
2009 9311 32941 6113
7071 5384 74803 6887
3643 9283 79837 4293
2535 4179 60503 1784
8929 8754 59997 5803
9469 3184 35717 11473
7996 895 71331 17309
1784 9071 74637 8641
7188 4075 56467 14841
51 2298 58729 5290
8662 920 49589 8658
1462 6749 48543 14813
1991 2338 73058 9934
798 1208 24916 17854
1513 2455 37260 6893
546 5079 39928 14713
2555 1082 99177 6878
9652 852 7305 7651
3701 400 88255 8650
5273 7863 81220 12123
1924 7814 37714 6063
9393 5979 65494 19216
2209 1716 65149 13111
6054 6504 24827 6171
1307 1749 96511 12793
4606 652 49255 5049
2390 813 21847 15072
8491 6657 47580 3434
5905 3250 80521 16672
334 590 9083 15462
3278 7022 86115 4413
8844 2219 81196 8070
4855 916 34017 17049
3335 9043 24252 17337
4244 7946 94168 13125
4280 7798 75456 8570
8929 2602 87785 19794
7556 817 4572 8776
5937 1804 22854 3943
7335 9342 2134 16928
4515 7403 94187 16022
6808 7104 87816 13925
3867 8972 98943 9448
9117 3732 41998 8069
9355 8786 52239 1151
4132 2620 23286 3375
7917 3188 35534 2205
3666 3371 50502 12243
502 6376 55594 12706
5276 3867 81619 9782
6529 8615 60772 6473
1330 7045 92905 15458
3188 2203 73370 5373
7462 7906 30700 1034
7013 3263 12871 5987
9826 603 37332 3492
2005 7843 57886 13104
5348 3150 48653 8444
3019 6083 63084 1080
918 6106 27624 1400
8789 8435 81570 5245
5748 82 45405 3930
6114 9560 18709 6400
1484 1972 88156 460
1302 308 13707 13816
778 1523 11826 17593
385 5102 8228 17837
9698 6702 53159 10634
6115 7436 75340 13999
7038 2671 6760 2499
38 3185 87449 4759
6718 5946 85297 19863
6633 381 79743 4433
4640 9948 26782 2182
9657 6167 23350 152
5421 5163 80680 12711
7853 3754 10704 5086
5470 5327 3744 12778
193 4066 96331 14978
625 8317 33131 284
7841 3477 93009 16724
6430 3516 48481 16917
498 8655 31719 16752
7779 5803 77377 17249
2821 5601 51605 17136
7136 5626 18681 9885
7267 278 30985 79
3513 3023 93316 565
7000 1039 27676 16637
132 9802 47824 1215
1680 9732 6085 6708
1224 3781 5674 13047
7227 2534 82324 15762
190 6071 69921 1989
935 7207 24422 11635
2903 7888 91658 19030
3491 8498 98348 5634
5685 4100 69385 12056
9321 1567 39842 6585
6666 12 84279 63
1398 2565 3397 5038
732 5355 63758 7885
6356 3614 4763 16349
5965 1455 52683 1329
1134 3666 48958 17576
6483 9819 22046 12730
417 9381 90276 16474
6333 2404 28825 15921
2934 8840 12849 13926
7372 78 52165 7555
5659 6643 53475 8348
1251 954 13074 17773
9162 9590 77427 16388
2123 3661 20624 9886
8923 393 90737 5790
4934 7445 12663 17967
5977 1676 44597 5736
959 8635 41186 18181
2803 7171 6659 6726
899 1597 5490 7467
8258 9471 61213 15923
4343 1699 43931 4044
611 7484 92528 10059
4000 2149 43175 19639
5051 7685 29630 5366
7013 4153 79597 4016
7974 5853 38041 14248
4649 5764 58311 10853
3436 2354 14413 5612
9184 5563 65564 1023
4894 6459 12914 17056
5112 6244 90469 642
2252 4891 21313 18820
6124 6382 25292 12602
8609 4 78764 11357
9971 791 29539 9529
4757 276 5559 11153
109 7116 13299 15895
7037 3349 7804 19625
8600 6210 1083 11847
5242 3473 89583 10934
255 4997 9932 16925
6059 1056 49448 2264
2764 5388 69044 14194
3082 8658 54748 16367
1328 6394 18899 12484
5186 6386 98563 10595
5259 4422 41622 15953
1849 5032 79884 334
3339 8793 54493 12532
9149 7000 96638 19587
5183 4037 77663 3198
1726 5027 65222 16520
8611 2772 14603 6516
7167 4737 96003 5110
2400 1780 88847 2326
6408 3256 65881 6843
7910 4508 39389 6452
1392 9230 42771 9320
6120 7028 16742 9760
4017 5006 54178 19033
1323 9000 79115 9584
4893 6452 35196 12908
9753 25 91217 8134
7605 3099 93339 11934
7590 9198 48754 14999
8546 5182 80731 11315
6776 6626 57755 11318
7808 7616 92720 2318
4405 5797 18292 14930
101 5636 87239 18607
4709 1563 99072 16652
930 9878 71288 3648
9699 3394 61653 13063
6371 3142 54005 7399
1849 7940 80091 5999
8887 1064 76259 6092
5520 5381 85370 10286
7839 7852 75492 1611
3438 9975 71834 3244
6961 2053 35683 12921
4315 9691 768 8383
1871 1766 87916 3209
9629 1705 72626 14200
8573 9266 38543 4824
4739 1250 75154 6962
2784 4200 2600 14724
6779 4700 86901 11259
7833 7623 11682 5635
2185 7163 53140 16199
2942 8593 93204 8507
3318 3245 80955 17733
7351 4453 88396 16224
9735 910 1319 7710
2271 2589 36312 9798
556 1833 15929 9713
76 3514 11275 259
5436 9559 7405 5876
1088 152 46393 7482
469 3430 58848 664
8474 3117 17067 18651
7136 6123 25112 12453
6271 6993 55676 2636
4703 1330 30512 13653
1496 7737 88289 13828
6528 1239 1622 4936
8928 8369 52538 10862
3974 9046 92794 9564
5236 271 20263 2425
739 7867 10004 9321
554 1868 6345 17501
3938 300 39612 9200
8578 7830 31520 17997
9361 4392 87438 6359
4844 2981 30450 19870
7343 2251 35287 2640
1474 1901 56526 235
9251 6752 90954 5890
8159 4625 31055 6596
9559 8966 26778 5043
7107 911 36012 7732
376 8602 44772 19536
4321 1890 47897 118
1096 4673 40131 18451
7210 5779 88317 15685
7073 297 20379 19319
878 8260 29977 6713
1269 1400 67756 7126
6122 131 16067 9741
9584 6016 88206 19520
8285 6074 37001 19494
7039 581 33820 17256
6945 1057 19389 7224
5105 926 52751 9176
3805 323 73959 15087
2678 9958 67113 16666
5068 1681 59949 3000
8558 2285 12726 6279
9669 8849 73718 17879
7737 4249 64749 2874
3695 2475 36897 6010
3132 273 87790 8569
4618 6607 5915 5971
9143 8151 1118 2888
8232 9420 45475 5180
9009 610 8164 5306
4619 280 75010 891
4412 7277 41089 4055
2478 5150 88858 3209
4159 4539 72559 228
7369 3410 54279 4340
3023 8194 58782 5287
9973 1327 46236 14590
6092 1430 75848 3263
1203 8471 59212 15119
4324 6920 87732 12655
7313 9149 98870 6542
492 635 34486 11202
6934 8262 98119 16104
1219 2029 32714 7498
7739 2559 26392 622
4969 6196 59485 2785
4037 3191 81696 2372
9275 2199 16887 15644
7876 3001 93033 2501
4733 4205 36007 2373
989 5326 68372 1774
50 8688 80916 5131
2061 5258 94074 10551
1595 8359 64104 2351
6931 6837 89623 19097
2963 1348 18135 4722
5466 5148 73644 13664
7266 8966 56140 9510
9964 3843 68058 11246
251 5472 59393 19417
9407 4245 49238 11271
5645 5234 73406 2590
5633 2861 28094 19790
3473 3322 95280 847
7028 8946 67956 16487
5505 1759 42758 6294
559 2887 3077 7300
3509 2934 31530 7522
7296 5349 74546 794
4247 7805 5028 8769
5579 7622 409 11869
9500 1722 51499 16116
8905 18 8997 14449
4510 2606 21491 11546
2831 868 504 14984
5635 2786 53687 10547
9193 6388 70358 13289
3315 9993 38200 5270
1893 3947 83093 9671
9979 932 75834 2397
6885 8310 17274 4199
1249 3764 92943 17937
3167 9107 66233 3321
6552 1720 71012 6252
416 1574 63168 2789
8892 4456 4827 10689
7241 8336 16427 10299
9586 3095 15992 5155
5426 3750 48037 16689
3416 7643 79419 3369
9211 7029 14185 17307
9602 5271 1667 8479
7299 4807 47894 19485
8505 2192 56561 6517
6344 7597 35201 7048
3765 1452 17549 4622
4514 6721 24716 1915
7636 5590 31033 14878
6267 1577 16503 11443
5594 1069 41502 12775
6684 9699 43570 10771
9380 3238 52022 14084
4983 6115 10775 8288
2622 5467 99223 9942
9154 7398 25694 11217
9951 6273 81671 16673
8843 9408 14070 6600
10000 1480 69479 10599
5140 3972 1134 17204
3606 9251 1347 4003
1628 9743 62480 7274
3683 955 22862 3154
3538 220 5462 11589
2742 5566 52970 15338
2295 238 85675 10323
787 1965 68131 953
2591 1284 52527 18683
4224 4578 86254 15467
358 5506 79657 13659
3657 9049 13335 8669
9682 8345 99979 4001
5405 3265 61859 7313
4589 7918 20958 2495
9739 9615 68640 1052
5360 854 43070 9950
2925 6770 94074 3689
3615 926 63221 1508
9324 9579 41442 5028
9031 580 56435 5654
2893 4906 43788 18780
3769 6237 49971 180
6675 9293 15013 12961
2996 4487 35882 11235
9975 6651 74711 12699
3962 3982 72305 10743
3824 7882 80404 16751
514 2275 47859 19577
5391 377 85599 19578
7277 4941 83661 13027
3320 1711 82066 6804
9806 5988 59148 8525
6994 2917 28769 19187
4594 1532 35103 1212
7414 4506 22727 9571
1398 8231 6057 18964
7018 1336 75199 12654
1160 7796 17603 12696
2290 820 42764 13291
4132 888 54216 13003
9939 8760 96608 6457
8256 7031 23146 18194
2101 9221 31880 8761
1794 2934 10547 12951
8332 2972 65412 10383
1663 7781 54027 6514
9459 7643 83213 1188
237 6389 92279 2301
3131 590 26571 17971
4151 8771 39849 4396
4291 5973 97552 561
1729 5923 18458 9529
8394 1039 71437 4394
8201 9339 43249 6483
6828 9296 80855 3903
5469 9361 11164 13495
7610 8522 53772 2768
3019 249 43485 3318
8134 424 26340 2098
3088 9064 48301 8483
3189 6234 74503 6253
9202 9868 20036 2513
1884 5424 65230 13606
8307 5936 40693 6167
7402 1071 27806 7343
6725 3777 90406 4433
115 2031 91096 19808
7745 5172 62132 2694
9009 5954 30691 17812
5494 9975 57499 1614
6425 3264 68824 9169
2288 9606 58603 11860
4841 906 89404 3866
6305 8514 58347 14771
2898 694 58232 9700
200 1414 4918 19392
5254 2734 434 12820
9499 4185 86154 12552
6445 5601 84407 13304
4998 9822 49949 14633
6123 1434 66956 2061
3879 3864 52133 5609
3126 8295 24048 8757
4584 4096 34071 8429
4419 1521 8917 14377
7252 6248 59577 19179
1787 4893 4323 13280
233 2786 5090 16045
8324 9422 35570 12334
4800 5766 86253 8414
4305 8171 23999 9329
5640 7404 87581 13625
4694 8185 81029 3175
1783 3753 42219 9029
9594 7411 12226 13824
2037 532 87050 12679
2760 5955 25868 9135
9330 925 33131 290
434 7514 72934 6942
4106 1516 46798 267
9866 1667 32266 7973
7104 6824 41712 3999
2243 949 28227 10736
3118 2751 93542 1235
8236 1433 13071 2257
1205 8173 30820 13016
2182 234 2299 8471
1909 3079 83745 15163
3739 702 71924 13661
9105 4938 17116 10751
2177 6955 34092 14067
3479 8850 61390 10266
4887 1482 47220 14819
6368 4556 96436 13274
15 8382 60412 11483
8813 9343 66701 3790
6409 5477 41837 19589
1470 8866 95619 8649
2581 8008 47356 14864
8858 8217 18969 16956
8379 2416 65361 15330
8976 1881 41911 2908
5236 5638 2359 7961
3246 5819 24831 15150
9239 680 6362 4528
6687 2368 94260 7338
5217 6516 9550 2333
4911 4291 49161 16838
8451 2720 26608 18743
5900 356 85069 4756
8564 4314 18065 204
7694 548 60710 19622
148 8256 73871 4152
4483 6795 59054 17315
1481 3994 38880 14809
5720 6436 89169 18374
5524 1505 19499 15814
4316 3415 97602 13418
8275 7664 72920 18188
6505 6776 55903 5762
4007 8900 88510 17020
6003 4201 10021 13664
1728 2564 45343 10689
5232 3795 86057 6707
8475 8663 13608 14283
3261 7702 11129 4059
6160 5376 59372 1535
3865 9629 56522 4751
504 9624 58858 5486
4334 1175 88209 8242
4424 6761 26637 11521
7870 6493 43875 6371
4169 6371 56129 8653
6603 3078 36162 19393
6360 6864 54324 123
9346 2695 92005 10952
31 4686 35724 6993
3387 1053 12278 1350
343 9145 27914 4652
1484 954 5023 866
9160 8687 29624 12996
4978 8284 21391 11456
6772 3673 65111 3889
9208 3761 50807 12376
3220 885 32089 1030
5265 1325 28495 8777
6603 1848 54530 6334
707 1481 29478 5074
3865 3346 2057 7858
3069 1351 56618 11666
5987 3895 43567 19590
1010 8116 6060 3657
48 7718 69881 12337
8017 9636 20060 11590
9039 5480 23836 18296
9797 4942 64745 13624
3569 3859 46663 1267
4871 2484 81774 13115
4592 9482 38162 965
4645 351 21101 6339
1643 5162 40351 12334
9799 6234 57749 2991
2216 5677 64282 10511
2447 9059 49145 17448
8201 4979 55667 16747
9080 2920 11075 11517
5525 8809 42054 17866
8564 6695 40582 8505
4378 6074 36915 4170
8902 6828 72681 9769
8461 1890 42433 2192
400 4539 39597 11744
2297 3604 13814 4602
9182 1551 4527 9141
1406 9015 40714 17560
4717 3793 34199 3163
8271 5462 2323 19314
3761 2841 4840 16613
2185 5192 73889 2883
3948 9032 42512 16546
8609 7749 26071 15393
6052 8303 63561 2952
4222 3284 55376 11822
5361 958 84875 12612
6313 1489 5270 14191
3371 2893 41774 340
2329 2245 15318 17534
206 382 34160 4134
4194 9922 45342 17666
5432 1716 42103 15925
2468 90 32579 3135
458 865 99889 7468
4905 5698 11099 11945
5668 7326 13372 16359
8092 8554 35348 2087
4386 7987 34133 4713
3252 2688 8607 1766
1215 9468 69516 14020
8444 372 48520 11963
9891 4042 43536 7268
5582 5014 21751 15565
7714 2449 87751 10021
9535 6525 96036 1677
5960 4518 35532 11556
2458 5698 19547 17378
2349 7944 52652 14014
3883 5181 72778 19530
404 5456 35184 497
6314 7589 5810 13482
3676 5388 23095 1585
5802 1429 20803 16930
5185 1893 50802 9365
3630 816 68521 19148
294 4290 389 9013
7961 7068 95568 17111
9614 7812 69992 11105
528 1819 28825 18072
1322 2317 45952 11427
1133 5934 82234 13907
9416 3317 31861 18399
1592 5112 25666 19612
285 570 17077 8920
1648 4169 40542 17176
9922 4312 60731 16883
4813 1914 44102 7830
8296 3120 55121 6938
2729 2641 27033 19627
2250 7647 30325 839
4102 9152 77974 4615
5835 2938 91720 1689
1905 1557 59007 13106
9094 8961 54064 18005
6451 346 9418 881
9102 562 55046 11327
6831 2389 5053 4097
9907 8750 43239 12983
3487 2768 42924 968
9390 1968 89598 6570
7858 5473 30564 9630
5173 2572 67738 43
4440 3736 47642 8898
8599 528 62147 9057
8362 7327 40583 19527
4909 6155 84272 13658
4311 593 15268 9137
4052 2148 55289 14227
9534 2289 15287 2418
2339 5402 63795 4577
3945 5287 56093 16541
657 3723 42243 12663
2800 6176 60238 9703
689 6846 45473 1172
7592 3657 43411 17818
6388 2587 55620 16490
4817 27 34629 18904
5964 3641 5298 8787
5649 587 38271 4258
7713 8704 93207 7564
227 6481 44346 16837
1299 413 52304 8463
3992 7599 53180 15162
4314 2141 39346 1642
1199 9689 20483 15428
5505 4463 81609 1717
3846 6061 9406 127
5648 8908 44161 321
5916 5215 40542 6578
151 974 4880 2937
6331 2200 23421 7063
9309 757 52937 5876
1874 1527 86514 11348
9830 4232 26896 5527
3819 1485 990 6190
7580 1835 29634 17632
731 5868 46208 14845
2051 4841 19243 157
2713 8568 93669 4089
7482 4904 49360 6491
5924 2485 10699 2510
4313 1671 49053 8721
1035 5388 52025 17568
8166 5821 95876 17301
7501 7686 71181 5130
2901 4711 82810 5216
6083 4547 27977 9750
6040 5851 93259 9822
6607 9688 15164 12154
7395 3448 97736 1972
8687 452 39061 17188
1771 1237 86870 19274
7014 9903 8055 7705
4274 3121 22620 6531
8560 5625 65175 9227
8651 8875 38704 12907
3620 5127 95438 8945
6504 1667 80374 3924
4358 9313 94857 9444
28 121 83843 7957
5009 121 27785 13184
4220 9806 17914 6250
115 1406 81246 2528
3251 8602 67465 8867
1000 1324 81143 6870
9007 5019 69077 3725
6742 5003 31766 9109
4361 1429 87576 12474
5465 3988 91089 17450
8352 4128 71687 15473
6387 8135 69606 9497
3361 836 35255 12480
1468 4522 73184 1867
3181 4467 87059 19077
6504 3327 33455 1165
2312 7540 64065 7872
6058 4948 6052 17588
8755 9068 82883 7621
2045 1876 92406 13773
9379 5661 35451 16867
6034 6948 4360 5578
6549 1465 62645 18707
3959 805 42352 6510
860 8119 95743 10627
5970 2033 81156 15394
4272 917 42506 6420
1227 9195 79548 6641
1475 7031 39397 14128
1895 9323 33670 1994
4511 6148 84582 7464
1584 1282 29777 17183
3973 2344 48261 1481
463 7423 57994 19412
2048 3575 24250 13649
2831 659 98015 7808
3180 2278 21910 19810
5845 7270 43055 11436
2841 7007 12120 18304
5221 3621 44064 12714
2709 3631 1002 8399
2523 5090 79768 38
3371 8147 78877 7289
3161 6357 66273 4246
7530 3208 40468 1438
5513 5278 99704 14360
6622 7940 91755 11085
7726 4827 95229 15442
6011 4209 93114 9078
4774 3945 63341 19705
3789 5935 36103 12047
5800 2223 62775 5812
5974 3944 19426 19307
6769 4642 59158 3204
2671 926 57114 19238
147 8561 35444 5952
4277 6426 56556 19744
7106 3210 55884 6739
6393 3098 76097 19261
2295 7340 55563 3032
1641 6900 22259 13342
2003 719 64328 10133
6673 4320 17593 8140
4080 153 74790 10380
7265 7724 60319 16665
8259 7139 13531 3495
1757 2122 42351 14386
1130 4237 3648 19113
3686 6259 10008 19274
9533 3028 28391 12529
4803 1557 30018 8310
4209 8157 17654 3393
9027 4995 26105 19852
2570 6434 61126 1668
8630 8911 64519 1624
1597 2056 44471 11983
1695 6573 66223 8306
7694 5967 49267 18386
1020 250 37120 16745
8905 2036 89583 16525
3088 2889 53280 10454
3413 3942 32454 6458
7710 5144 35536 8509
307 1746 58285 11973
8902 2311 99300 19039
7280 1072 24795 16204
4084 221 52797 9244
5026 2825 66450 17452
8959 3485 41646 14709
3485 8452 69411 17440
387 3597 95999 8722
9019 1270 76873 14726
1096 9961 72983 4514
7247 1362 84373 18186
3982 2834 78744 12663
9230 2837 58367 4333
3263 935 48050 6567
3775 3885 57339 10295
3070 2936 97168 18691
1683 2164 21668 2643
8269 2476 57297 5691
3622 3356 8858 7015
6814 8359 83922 16750
2107 4347 12662 5542
6488 2029 43696 18353
3333 5856 94648 15801
122 8521 73382 8053
9663 7753 9122 3559
8922 2400 47975 14271
4758 6271 55879 10870
8484 355 73450 2994
9206 8109 12227 5044
8632 7886 30947 8729
6907 1985 25339 12142
6025 5509 13215 7525
7039 2647 70615 16892
7731 8403 10933 18881
68 9765 56109 4920
2748 5032 39392 10569
1393 4712 1312 8596
5763 9333 95707 13546
3390 9633 65507 16878
1388 6140 43023 17131
862 3438 87982 5520
7527 8800 92896 2419
677 9627 34635 6164
4071 9202 57436 17328
1638 7984 10093 905
3560 6634 57758 10303
6786 360 24469 2848
8752 3361 58698 10917
5054 7395 40872 17531
2467 2791 43042 6553
2886 3751 35445 12511
1983 4561 14233 10979
9416 9841 598 9220
5299 3469 24697 15447
7075 2021 65144 14957
3713 6188 77637 3950
1084 6287 70472 14645
8362 5746 18731 12705
1780 7840 44271 18547
9392 1505 95922 11650
5030 1503 22976 5030
5009 9294 3085 14034
430 5105 25495 11278
5417 5343 76912 5721
537 1064 97964 8794
8795 9441 85455 15655
6941 9222 54570 6082
5718 2946 13959 13023
3122 8674 60921 19855
8334 5284 26975 16367
4597 196 20419 4843
5210 2398 5921 299
653 5311 1229 7342
5239 7303 97849 16332
9210 2635 37593 2373
133 3148 68551 10685
3029 7776 49 4634
9373 4499 23177 3775
4395 4181 55283 1777
9744 5683 9996 3674
4405 6551 58273 9571
6994 5521 32894 1372
9110 2386 8414 14829
1907 1199 59788 16714
1111 7567 80890 6350
8646 3679 95288 4467
5685 9922 28310 1946
5341 5551 9768 14575
7382 5546 46845 10334
7637 9350 61607 18833
1221 8861 4888 9186
221 6806 24975 13509
9198 2059 2598 19148
92 3665 63672 1631
7357 9392 42521 7945
5986 6599 34035 1571
5832 5944 11131 15234
4356 7600 39923 2689
3059 5394 66898 19427
7886 174 69608 231
42 9609 31765 8808
3923 6314 85590 17292
4974 1537 93290 3380
3223 5684 90829 2820
645 2278 56425 8575
3441 2231 33528 19118
3128 4854 12575 17537
5455 5260 54360 14554
5581 3899 1198 2240
8486 3454 88743 8914
7390 3953 17868 2406
1079 7148 66373 7769
3330 8077 3506 376
6178 8523 27997 2326
6511 9288 44835 4993
1967 3210 81832 13391
4267 43 87474 11829
6192 6333 78993 6577
2382 6601 14633 2418
4714 6152 41408 5475
2512 8872 74249 13755
1498 7234 39098 15494
545 8863 62246 12812
7623 3482 45481 1802
5099 7433 22348 5972
9410 1250 3482 15775
3262 3023 82805 17776
5810 8541 66587 9500
5792 2847 78645 11642
5253 4720 7437 3726
7384 7782 9261 7565
6451 4502 94879 4998
114 2639 40840 311
3400 828 3214 7282
3773 5652 63543 2075
8931 4146 21220 9213
2340 2971 50213 18743
6314 19 9040 99
6241 9552 65440 11468
5779 8669 37437 8691
7335 185 80520 4032
3766 2220 27881 8409
9988 6562 74449 15448
8342 6550 85480 11030
8905 5803 33771 1824
8147 6920 112 8618
9542 5479 78949 11160
8210 6960 61022 16377
5398 173 79684 12922
514 328 714 6313
7815 92 36997 11841
2918 5338 76573 1238
3642 7093 12949 17012
78 5308 25215 16155
1122 3238 49542 1395
5633 2909 26805 1619
308 9506 80210 6568
8865 6071 17748 16778
3566 8487 85739 918
74 5007 1296 17124
9031 6108 82979 5273
5528 8776 28591 19002
8741 614 48071 18766
2865 8268 67045 3783
3728 348 56270 3297
6472 1685 33033 4275
6107 4737 30784 9365
3945 8448 42554 1342
7125 5621 98470 17409
7112 9021 4332 1184
6847 1927 7177 159
4015 9393 14155 19908
3383 3230 97219 3597
4495 6613 79841 5392
1212 3718 67505 2400
3423 2104 1461 18066
4985 3413 16500 10883
5272 8078 3262 12444
6541 9284 89574 17955
9735 9607 37753 10324
6845 3574 98147 8802
1470 476 54104 9200
8930 4862 95930 1122
5548 1882 5318 7492
6372 6854 28571 15417
900 3403 47082 3557
8397 8966 58651 7494
3941 2105 39084 11324
8914 9211 67864 3361
9362 2711 30256 9913
3695 7783 36552 15609
7467 8465 47509 12432
7333 2855 14382 13605
4825 2077 15362 17052
794 8158 56738 15578
8777 3595 43757 4491
7886 3196 41781 6291
3645 382 88387 15652
125 5460 25656 2106
4766 2847 40277 8967
7769 8851 99269 661
8829 8330 94731 5285
7373 4668 79273 2752
7040 9425 50578 8145
9947 7889 8619 589
4010 2826 34394 13370
5400 4864 46302 9633
3314 3151 8544 15748
7647 7893 72350 14185
1960 7892 82957 13577
1120 2863 53544 10762
4422 355 95814 6044
6415 5552 11424 15983
7442 5220 65762 1139
4299 2982 14148 15306
3966 3689 4346 4612
2163 7450 88354 7234
3499 2808 35247 18536
3746 5895 15969 6638
8376 2477 597 14801
6961 8654 71641 19700
1411 92 90050 15831
5682 9299 18057 19323
8925 7262 23921 11043
372 4087 99073 10154
9522 45 35107 9163
9690 8235 1350 6469
6736 9014 7375 18298
8753 5107 76684 17797
4774 46 36812 2335
4060 641 26780 19083
7963 8876 47862 3583
8801 27 6008 8558
2789 6611 72052 4580
7771 2957 97489 9783
8751 3516 69103 16487
1750 3274 78492 485
3936 3506 4656 8656
4438 6238 94462 19661
3668 4141 47166 6915
746 2797 75540 18280
4015 5922 68710 11124
9064 892 51803 16778
1091 2582 23209 13823
4003 3820 4796 16009
5579 6275 10986 9203
2436 7327 58874 2849
5928 6995 25708 10329
6987 2588 48986 5607
4165 6561 47749 4095
7530 673 85195 3031
6633 4950 67476 6089
4485 2893 36948 6818
7224 2219 91821 8677
1443 5878 30489 14103
8737 9740 418 13120
7449 753 2663 8233
5682 2600 68732 12701
7854 5923 84090 4782
1432 9443 2698 14408
3972 3211 496 10859
8161 3512 73485 7419
2998 9482 4165 5341
2013 2125 74761 14334
3646 2585 47806 7217
632 3525 19981 19621
1797 2055 18657 15925
9690 3628 35419 484
4710 4810 77939 15456
7894 3964 5210 7517
3167 9249 72122 10758
1264 1118 74225 11390
435 6858 26455 5865
9330 1042 51764 10275
3822 3891 38222 12847
619 127 61694 1488
2997 5338 76447 19363
3110 377 5775 8492
6073 3519 10541 4942
8415 7669 4807 6663
815 1082 18369 13530
333 3555 53919 10976
1526 3329 8358 8559
2307 6076 1674 9306
2990 9743 19935 5925
8127 3093 30054 11559
1028 5796 97369 4216
1596 1647 24361 18242
7705 3977 67588 3752
3447 5408 99500 11429
5963 2105 14503 1260
5457 2654 28407 10866
5265 3523 97536 8282
5939 6562 9254 18994
1662 3155 79609 19848
9360 1159 35770 1813
6238 7450 91057 19907
8409 3641 35312 8657
4525 1009 5640 1381
2346 1738 48867 623
335 3226 35122 3628
146 890 50975 18961
5497 5929 71037 1664
9599 1286 61186 8812
5246 4056 72964 4358
4628 664 95370 7471
2953 8239 13532 7959
7419 325 95084 19442
7445 8878 75497 15704
8344 1188 87060 85
6977 2871 4444 8667
2549 3597 82623 16239
7349 4146 88355 7240
4110 2266 4218 16777
3374 3478 27972 9248
1983 8337 44333 7814
2058 1203 139 6016
7620 3544 60964 3821
3769 7567 28908 18044
6157 3316 64549 17
9157 1931 74801 14010
7085 6203 91917 4526
1040 1891 45077 14783
4619 7953 58121 10046
7492 7925 7665 15928
8951 9549 16463 1801
3928 7234 35379 19510
3411 3035 98328 18083
216 3597 7962 4934
8754 3605 67527 18652
6473 5720 17773 8824
6375 6853 60197 15047
5965 7347 2840 4157
3145 7689 3120 19364
5554 942 83694 10870
4855 6379 40838 19178
3489 7882 56158 19407
8726 809 17276 3045
2204 7929 19014 16613
1558 2043 2197 11109
9000 6429 68272 7493
574 4860 11518 3948
8633 2579 10839 6708
2170 4073 87700 3526
6041 3325 82267 7787
4355 1224 57181 15238
6531 8438 37276 19609
9797 5023 31455 2885
7655 5593 52423 15767
6850 8394 53719 18966
7948 7938 83506 12839
9239 5307 85239 15177
5331 7355 4406 18639
6351 9128 85227 14911
1056 2480 58948 19433
5409 1415 44926 17795
4970 1240 53450 652
1164 6832 90385 12565
610 774 21309 10204
4108 6337 37566 2314
7206 9319 81216 17849
6844 7087 14763 19426
4229 9373 14816 4828
5052 5190 86591 1144
9071 8002 62109 7708
7552 6974 70513 1425
1056 404 38784 1930
8167 9697 94277 11093
7650 9183 81974 13622
2651 447 99524 6320
3201 2948 58234 9313
2084 7439 17093 8852
2000 9008 49053 3300
6433 2511 95166 1017
1533 8873 45853 13923
8233 467 14593 18378
7378 2349 30726 739
3071 9653 278 15685
3395 8246 71356 5944
4133 1656 50194 9733
4127 389 33824 2543
2160 514 93412 19931
1601 3505 92114 6884
7308 7062 80479 1491
6781 2676 16420 4521
6792 433 27199 14869
7507 2514 21753 4647
8351 3293 48038 5528
4089 310 37474 18313
4840 8095 99064 2161
2885 4179 45393 1074
2377 2852 4196 5222
5474 1838 544 3011
5780 1246 53338 16518
2788 5355 13691 12561
5011 6396 58827 12823
571 3638 46698 2843
5136 4263 86765 6741
3763 4178 77342 8211
6292 6322 35065 14731
4747 904 27182 499
6010 9180 71145 13599
1192 4717 17484 12114
3834 654 43742 6535
9844 8309 4083 499
5044 1502 78282 2681
4726 4146 66999 2329
9466 2998 39568 15354
5178 308 29713 17083
8943 246 24956 17471
3667 4750 91407 12023
6075 224 77214 5716
2711 6081 29175 6855
4173 4143 11784 9328
6328 8702 13652 10142
6965 3628 67704 11457
7043 2998 56238 757
867 1483 30420 11028
2179 6304 9864 6843
8657 662 73227 9477
6053 9758 12658 387
3778 6921 72631 2074
8479 1657 73055 8370
505 2756 34960 5194
5049 2776 94177 2726
8078 5029 87356 16822
862 851 47594 19318
4046 9645 73071 19047
2001 744 65320 9771
5932 1676 28169 15621
201 4454 86760 18131
2995 4599 24929 1112
8696 3800 92425 2220
5691 1218 39119 17253
9415 6622 51096 11068
9904 4745 31471 11907
1247 5755 93919 3267
9684 2402 97962 12421
2437 3732 49991 19632
65 9618 59667 12320
5985 4054 59343 7790
7362 9906 59837 9155
2426 3828 41922 16513
826 5529 31256 15628
7999 7407 89604 366
7540 6337 23274 19136
7236 1371 40177 14292
4884 3237 28908 8843
9937 9349 16834 15128
6896 4738 33151 8238
8168 7532 32604 4164
2891 9914 38070 17205
5236 8658 53179 12877
4224 9168 66950 18630
9125 7147 57646 4134
6874 9877 88776 17076
9906 9057 49755 19034
6467 117 8790 18256
677 3556 25356 15280
6207 3637 65462 5743
9969 2657 11178 1855
5971 6760 49067 2919
5437 8788 52009 13215
6972 4351 3033 9688
3032 5692 98956 3501
2033 2843 83324 16932
3739 720 59800 12105
8364 9632 47474 11087
8551 2702 66557 18434
4141 9682 89184 5161
1405 1714 89778 15561
9924 9746 98084 9355
5170 5954 1785 16336
5372 9915 54618 5518
8171 7858 91163 14034
9474 966 71919 2415
3368 5730 98998 9160
4178 8136 48209 12839
2083 7762 61063 13575
5485 4490 25580 3482
5865 103 83429 10421
4123 9859 53530 7858
1158 2289 59967 6571
9696 2828 16888 3320
7547 5926 22954 13729
916 7765 97202 19824
1241 3896 90406 19240
4548 3242 37455 5792
9557 6144 4324 18126
8847 4987 3922 10470
5389 3040 70435 10037
2168 4820 40367 17009
1963 8784 8523 3099
3707 331 77044 8331
8163 8062 34401 17438
2580 48 11226 5105
1539 6759 93747 5490
640 1576 81731 12946
4566 530 3024 3716
5125 3232 47130 6720
304 2660 5590 19020
6946 8585 92436 6514
8024 3963 2362 16474
5232 9944 85251 13587
9449 8143 78094 18790
7901 5592 41578 8663
8872 5180 81026 6153
784 7402 73832 17343
5250 8167 10488 6817
839 6361 7217 8210
3080 6886 77882 19212
8799 4904 18679 16492
510 7895 99273 9088
8745 796 88869 8316
3746 8840 98970 11943
885 9532 98540 3988
575 2216 6814 2532
1268 199 7773 11404
8075 7830 19264 8048
3607 6460 43012 6599
3134 8088 82569 16569
3932 8235 82627 11093
8028 2113 55563 5532
3440 9353 53895 3763
9391 1754 59396 9382
1086 8498 26626 4799
7969 1749 61979 11364
1246 6310 19008 8763
449 522 16849 11624
9794 9277 94607 3797
2751 3232 98645 4662
1209 1863 52371 7268
465 228 27302 19397
6121 8328 43242 14138
5094 1394 53031 16524
1658 815 10059 17484
9596 8108 96369 2593
9608 3266 51599 13808
811 3345 20714 14328
2503 7838 51765 1413
3977 2859 46259 11128
7492 6089 629 2532
4459 5630 92422 7340
1132 7297 59654 3726
7928 4387 20454 1771
9509 2422 69682 2451
1389 1493 55691 17373
4247 4231 37946 1317
9892 7412 86495 9379
2364 3939 60575 9127
6216 6636 262 13149
2494 5553 56938 3415
7230 1335 81933 18007
6656 7467 23712 9423
5904 5689 95180 7170
1979 4761 14517 10809
2600 6688 3742 17136
907 6490 74745 1774
5735 2628 27926 3018
3808 2069 37586 13115
7224 4748 81644 8765
9615 6522 77486 14712
9753 1919 97879 5596
6747 4778 24294 18279
5926 646 36674 6187
9757 7746 92998 19204
7391 6685 82799 17293
4009 6315 70348 6926
3568 7277 23750 886
316 6359 8439 5891
344 8609 94003 19779
1857 9618 5992 12890
324 8644 86319 16888
5203 1362 81044 3044
1055 3634 81830 4289
2215 5671 21225 16903
270 5618 26706 2766
1080 4625 85084 5352
6205 4674 17424 3257
4279 2099 38005 6384
9169 8432 56595 14128
7191 9911 74432 9719
9657 6668 64843 6662
9114 8306 17398 4075
7689 6019 50340 10125
5126 8152 40991 3789
8235 9287 8508 568
8126 2344 84292 12715
9537 2258 53249 11520
5526 2800 59746 18886
2858 1727 85932 3927
7488 1333 25864 16040
1578 4889 66682 11797
6955 6750 62287 2700
6516 4238 20563 471
2450 7999 57354 11182
6888 7441 88560 1576
9510 875 71503 19051
992 8399 74729 16887
6828 8754 11099 3340
9039 878 83181 1021
4917 3228 47340 9536
3170 8448 38096 12705
7860 7793 35301 10700
5709 1429 12675 16619
2226 9881 63486 6091
2025 3788 3033 7706
8208 7113 87867 18016
8549 4567 91770 11854
9804 8978 95963 6814
6760 4784 53686 13210
4937 21 77929 12439
4859 5449 66182 18222
8141 2863 29036 3825
4913 3368 39139 12919
1291 7721 73235 7143
305 5693 56392 9811
7560 6411 91111 15413
882 107 48687 12444
5853 8043 93264 6717
9165 4373 18341 3010
7082 1840 23183 10576
7942 4780 18860 17687
785 1287 81001 10858
3689 8685 11936 2455
3447 640 51879 16872
8916 633 7743 7842
2742 6620 94089 2876
6009 4307 37361 1741
6016 5627 33111 2284
6830 9932 84012 19002
5279 5466 63694 8666
9344 7159 54725 7398
8796 5861 88956 164
9513 7691 96042 12618
1748 2464 18084 12294
4661 8124 69302 3848
2431 3791 88861 19739
4372 70 72795 1427
1862 5173 91472 17439
1599 6699 53220 3693
3516 4953 17584 8151
8398 5026 12045 12437
1017 7667 65033 16308
3739 8591 61022 15499
9988 7485 31852 7739
4315 1890 55926 10082
2547 2318 66314 18435
690 6071 38725 4027
7539 4510 51969 11642
9183 197 46759 6675
3028 7534 27332 13302
3278 4443 7871 15191
7668 9735 60742 13117
1728 1565 78180 13220
7594 2473 73958 8289
4770 2116 78078 18646
7385 8501 46924 5068
2174 4369 7285 11723
5018 8850 50263 14147
6846 5821 785 5287
4767 7767 78309 19518
878 6434 61788 10960
6285 603 80046 665
4079 6133 63540 8213
715 6229 34179 15073
7364 9078 23580 15623
8974 5598 91830 1318
8860 8141 68468 15523
4619 6300 9307 5171
1963 2831 89712 12174
9929 378 72010 12148
1589 7825 47998 9036
481 6021 20516 10487
1095 2011 57832 19600
6333 7718 17357 13470
3225 3485 17728 4553
1084 7417 17195 9625
5646 1280 1244 2314
9992 4334 838 8749
5381 6957 32866 13686
3066 3575 64214 13658
8168 4751 96523 12495
6275 6836 94554 7120
1574 5441 74135 2705
3081 4321 31281 18401
8661 9276 1797 6455
9608 8853 7368 12922
2106 7731 77539 17241
9699 8595 13414 6485
4215 1187 85260 9843
2760 767 18833 17985
3927 5897 93809 14226
1978 1677 13533 2497
1849 3919 19929 7977
9671 1102 39457 18828
6057 5070 14293 5162
7580 9254 97806 6914
3220 2395 27511 4334
3945 4625 11253 17925
5572 7543 36295 18807
8931 7378 40914 6321
8121 9488 58782 481
4497 8120 85481 18379
4118 8713 47261 16655
664 5857 92361 8631
7709 4133 77508 11855
2362 1677 89868 6813
515 3658 18609 1351
6897 9842 22339 3032
245 2514 95514 13293
5012 2053 54895 13165
3194 4090 57678 15698
1150 7837 96579 733
7146 7257 9882 3195
4708 9376 72045 10725
8406 6198 67140 5015
8778 4286 18695 7545
2233 8317 90694 4576
2770 7978 78381 13010
9318 4945 33739 12102
8625 4059 54 18763
8141 5680 35326 9030
2098 3204 56765 6707
6452 19 50179 12744
206 483 73742 17762
2388 4176 82637 17678
3188 5936 93483 11500
4683 3982 8237 7731
5546 4008 66083 755
1703 2005 18994 3497
3377 4440 55080 18544
7059 8525 14955 9411
2099 4926 79331 13287
1052 2787 32263 2078
1413 5233 84874 17200
9086 3377 54848 15889
8537 826 11874 8844
3491 3788 8292 10884
3533 1075 58937 13072
8115 8304 15220 17517
6232 231 90067 7236
1995 5218 43634 9610
4073 4330 59135 17193
9257 4921 39346 2643
3783 6401 71088 12000
6826 8739 72230 5724
9943 1069 16092 17759
1915 3053 43935 14122
7123 7680 3785 15990
9682 1859 87414 3209
743 584 93423 5354
4374 7502 22473 6490
23 1933 99463 4629
8406 795 36886 5373
9852 911 15348 18513
4981 4172 81029 12014
8143 5575 59777 433
6301 458 87295 6230
9179 4085 87309 11091
1053 9542 55664 13261
1287 8833 84965 14459
8245 1497 33115 2923
1745 6512 83528 9913
1911 1440 72944 17198
1030 1620 99451 4512
9621 1380 44042 12682
1300 7236 48563 12156
9384 8425 61918 10155
5905 940 16232 247
9085 5561 4920 3931
7004 6625 14516 7276
7427 7536 95672 15555
9608 6914 81457 8092
8956 3342 50444 19691
2963 1097 77434 16341
8640 2883 40589 11364
2942 8635 27334 6427
3672 8086 79394 12492
6412 7568 66083 4170
640 6441 12097 14845
631 3525 80613 856
537 2059 16416 2399
7871 9180 55962 3451
8929 9779 747 18138
8986 5601 52171 13721
4836 7306 46765 8142
9319 4621 31715 12728
2584 8164 98369 18358
8886 6295 34992 3802
2197 8190 47713 291
5588 2741 48067 17861
2166 1204 48006 17099
4945 4611 78393 394
5944 858 53750 14733
8041 2529 68510 12691
6570 321 71637 6102
3525 1602 88332 10495
6155 7878 46079 4851
613 3064 35267 18740
468 2509 96018 14516
3766 2854 4130 15587
4202 9173 13015 7721
4461 4341 46994 11658
2238 8621 94381 7998
4524 5896 43790 7903
6418 3465 91866 7470
4997 3642 16767 10948
6451 1117 14488 1325
6331 2623 99609 1321
9148 2946 80329 16580
428 831 94299 19632
142 1915 10368 12117
6539 1972 46044 18387
6640 1367 35803 10178
9952 6277 24547 15290
9126 685 49945 13438
5697 7883 30782 12237
701 3657 37557 3103
8743 5703 96039 9309
9606 8259 3480 12437
6985 4648 17762 1472
9149 7954 50933 1597
7374 3379 15524 17883
5712 4298 26168 14801
1672 4701 93657 3308
1729 3646 15408 6297
7926 4874 99711 2916
5046 6556 67252 17493
4683 9641 13374 1204
1234 730 54153 14094
3698 873 30434 19085
5133 2999 72755 9522
8788 5038 39380 18293
1187 6036 17420 12178
6389 3950 2563 10834
8990 8652 31577 16873
3261 7217 40183 7784
9979 4730 48591 3884
497 7462 88637 15675
50 6104 41984 2630
1998 1194 99600 10399
4104 1006 92751 3758
6693 7410 44076 13540
7 4039 25583 810
9339 9844 42821 10928
3183 8859 37498 4615
3003 7395 76262 12443
6824 3029 55790 14304
1382 6767 82647 656
5095 6501 88846 10509
6537 4708 81264 2030
3760 5709 62346 18689
8543 1661 99143 12083
7231 9000 98096 14326
9603 2343 70993 5439
3533 2411 74084 4746
4867 7425 25769 16661
1612 2415 92285 5248
4589 1552 84783 11216
4494 9989 92363 18213
7940 8521 3029 17354
6765 5020 86792 9036
988 4339 79546 15446
2762 5229 81882 11306
7519 9902 28452 7453
9936 3382 91498 8500
401 160 59100 9611
9346 7160 17155 7009
7680 3346 75242 17177
447 837 24350 112
3369 2664 9684 19657
5721 1690 33599 13589
1525 2514 38046 17664
9503 2035 55779 4674
4636 2824 26901 17938
6808 909 42342 486
4380 1176 86846 298
6997 5425 79314 15994
9915 1183 58900 15825
3621 6284 66493 18369
1718 4461 24472 9682
4878 7378 12452 19692
3234 5241 80265 13000
7169 40 70167 6521
7198 5564 91844 15366
9072 1575 89929 10696
6435 6785 83987 6376
656 6967 83445 17667
6710 5438 37206 16064
7372 855 2762 10759
5689 7028 7447 9956
9508 9632 90297 13052
7037 38 75025 1428
4483 3902 52556 18139
4277 9589 78202 15766
947 2716 64776 13883
5084 4084 55653 3023
5636 9230 93127 18105
6505 953 78823 12306
8081 4475 64077 18842
5455 4041 7561 305
6822 9528 39556 11309
9248 9598 36923 4658
6446 4702 46374 6160
9503 9835 73988 18517
4722 9550 62536 16802
4157 7976 86362 12408
769 1594 64980 4512
2878 1572 87339 16427
167 3675 1750 17134
3523 9467 23228 7291
3792 6682 71175 11199
4387 6388 86684 3165
9990 9626 27657 17597
1983 5099 13640 5033
5170 7587 70729 13229
7815 7825 27416 8267
4724 9434 47915 10954
1495 6895 77643 12966
8869 2769 60558 18137
3607 257 79062 12642
4377 3099 93475 16284
6053 9093 72528 9984
5686 2321 79085 583
6104 2160 8796 18240
7955 8178 87179 14197
8881 1965 42927 13765
5606 2837 64179 3804
1722 7753 83045 2496
5417 5593 96601 9750
5786 6596 51096 16987
862 9187 74864 12516
4043 8098 3146 17517
8182 4969 4025 6280
3531 7828 41592 7331
3877 3764 92205 10265
7246 8164 58957 10248
1171 2679 13313 9377
5851 7066 72135 4582
5015 2704 91495 7865
5850 6229 3447 11301
629 1080 70638 4333
6423 1921 99825 6939
6087 4155 5969 15186
744 7274 54451 12969
6255 2396 79804 9094
7967 1749 5522 7123
7684 2845 1270 1805
9805 5799 29356 16960
248 6565 24941 17588
6235 3915 25534 1717
6865 6185 44625 1860
4783 5985 29577 10288
3557 4025 56325 7522
6386 4917 50699 8702
3585 3915 65126 570
2717 652 52672 11084
7117 6401 89039 17296
9446 4061 25936 7407
8165 3183 42819 1088
8356 1017 32510 8704
2164 1333 24619 10990
8017 3939 12416 11187
5585 3855 93081 17395
2409 5700 64055 11789
8717 4522 79789 9943
2360 8154 85310 18471
2163 6558 31644 1403
3088 7295 59554 17947
1535 5539 44488 19597
6194 1737 83076 124
4934 9099 87701 9115
4562 2226 565 12302
3263 879 57840 6631
3002 2995 89370 1939
1266 5943 23767 18991
4518 9595 97090 17188
4288 2219 74845 7604
6380 5620 80990 13404
2173 6699 29869 7596
8060 451 79846 17410
6573 568 81445 18919
5067 4254 50966 1973
3600 1726 85653 7955
1874 3613 6552 2936
1856 4309 43420 2136
7930 8755 88841 16522
8720 4978 52329 5061
3879 7029 55774 7425
8468 6550 19904 12495
8260 4166 84194 1674
5923 6640 9696 884
4510 4381 45416 16816
615 617 10841 8159
4675 2970 19797 15008
6063 6282 86286 5293
3770 3639 39229 6748
669 6867 65422 13633
7075 2968 10896 2833
7248 3052 11740 6177
9296 329 94751 728
124 6118 34737 5818
4244 2087 27646 19299
7330 3573 48884 6988
3776 3238 76787 905
7025 7902 72224 6168
6810 2509 86498 3058
2276 9340 28538 1498
2059 1855 62176 4964
7573 8761 62142 14804
5050 6330 4585 6343
596 459 79703 7513
5741 1101 88745 19461
652 2756 90854 5848
491 5057 41279 17561
2416 9919 81723 15577
5548 4138 31333 19471
5913 8527 80420 3756
2937 7126 51660 1755
8154 3781 23456 18305
2027 5343 72449 13242
7040 1582 212 3187
1427 909 88627 16713
4727 8391 67188 3388
897 4900 49374 811
7758 4591 37026 1425
767 6124 97928 8341
2811 8962 17095 7017
9058 1060 16182 7601
6048 7459 30403 3841
8167 5402 1193 2255
9105 215 59665 17063
5288 2889 19384 6196
2221 3647 18838 15651
9778 5026 85079 8362
4063 3223 84355 6249
4502 5032 35427 18100
465 5740 46338 8358
9776 8140 43055 13376
6916 8769 63445 17405
8169 7658 18957 11264
7417 5437 10980 8093
9372 8021 44423 5487
4382 6907 31687 7500
4699 9052 1365 17382
6343 4450 11416 16514
3420 3215 26495 14621
7033 629 17753 7820
2056 853 10314 12558
9341 9172 4646 13257
1068 5170 7994 3601
5550 9041 15118 5441
5032 9940 3823 2289
3295 8860 63526 1198
6456 2993 15801 17898
8611 1313 59568 11221
6562 3140 49434 5053
553 3801 10262 13967
1411 5115 68492 7223
2094 4612 59300 11737
9653 9642 62451 19549
9515 186 3512 11058
9648 7656 12550 17366
8462 538 63815 1818
5393 9197 97425 4407
2148 2992 84830 9924
4791 8414 94397 683
2630 3983 78180 16510
6352 1408 2432 78
9181 8342 35056 15109
9695 4297 95221 11802
4031 2564 69412 5710
4696 2345 11285 13375
4100 9205 24506 8500
9613 2120 13506 4521
8096 6817 41172 9967
7933 8061 83925 266
118 7530 51879 12670
8961 4970 23266 16071
5923 2445 5270 8743
8693 9288 91819 1175
8061 1135 47696 19475
6176 47 96155 8226
3934 2365 39155 15109
5451 7927 4055 5838
7436 6901 48904 16278
5486 9925 92393 4637
3783 4974 52060 7064
8780 8333 36569 13413
4269 1688 13379 17772
4683 4784 6705 13472
8623 4896 65775 13137
1990 2728 71319 10932
4532 6318 78360 12338
2043 858 62465 29
1294 3953 16788 13552
5424 957 33943 12861
4773 5187 97752 14026
7109 3038 69588 2150
6153 6822 79269 3222
3946 1022 43652 16140
3466 530 29717 8253
4514 7346 49677 18391
846 1920 33018 19276
1564 9978 56432 9309
192 1817 96299 12776
1126 97 531 4455
4587 5762 77314 14482
674 8849 57010 6412
6951 8953 64111 8775
3280 6419 32552 5065
7730 7865 39321 19846
2717 7096 69613 16375
8141 827 32571 1016
9885 7885 75342 11575
7363 4492 85622 18797
7292 3831 50955 7403
3953 3628 48219 6850
968 2915 11763 11240
1778 413 62619 19368
4039 1587 81664 8766
8771 7029 25818 12521
4632 1624 80219 7359
3222 3856 93668 19143
9276 1087 52979 2162
5377 5011 18919 4885
4415 8882 39968 3752
2974 6165 82184 18038
3034 660 2113 13097
8374 5502 67867 6036
2585 91 44617 12583
3356 225 26217 3582
741 8945 36684 5074
7598 1494 27710 2614
7079 7516 57534 4935
8598 4085 73514 11010
4821 246 34380 17418
4403 7525 63662 17237
9913 1394 90423 15487
9971 8219 22139 16683
9464 2427 17350 8449
7095 9438 30167 7929
381 4204 36766 12690
7498 9146 30300 4364
3625 2328 68188 11149
7132 1835 66687 6727
4936 5593 66864 8906
4561 3084 32681 9130
2181 3267 13267 17730
1739 5847 53978 14166
9929 304 52064 12787
782 624 81187 8170
9806 2304 7977 7769
1487 489 88971 18914
3073 5326 22035 10242
2408 8731 44962 16635
6828 6368 18594 15950
2862 5530 95513 19377
8627 3573 85715 15736
9302 1521 82444 4169
6311 3071 33257 15417
8967 8904 18744 2383
8148 4611 77125 11894
6540 5428 38024 17576
158 6498 31599 3489
6417 2247 14990 16143
5963 2155 30043 15814
8767 9416 52448 17893
8575 5584 66216 14707
5665 8383 87343 13829
4550 1105 35357 888
6000 5757 82121 14040
6152 100 47852 15349
7208 1832 96271 3856
8248 9791 6106 16532
4821 498 8004 2319
713 1946 49478 3903
219 1643 34204 11666
9345 5414 99551 5667
4848 3092 75483 3790
7434 7021 53064 12474
6249 2195 80449 2499
8180 2585 46014 7721
5316 758 72574 4757
3499 7537 22646 4599
6701 5788 23674 12627
1749 7611 78450 10426
3068 637 66527 7785
7085 8196 97500 11185
1761 1615 91024 2144
4347 3127 21424 3168
9485 2807 49283 12482
3569 1859 32110 19264
2656 7266 24392 11257
2928 3606 82074 7415
1 2941 94794 17449
3519 3684 36498 13341
9165 9613 18035 18257
3220 9619 58144 10064
6494 7727 7571 16907
8749 9108 99906 3824
8583 316 93813 18808
888 9080 92870 3196
9203 4592 86444 19415
6889 6182 75300 5599
792 9995 27750 17788
1125 5285 52885 3005
7628 4504 3429 17811
7704 9402 51605 18922
8417 6696 39183 11543
4065 5993 6593 962
7498 1321 30367 18708
5240 1091 34732 3658
7912 8889 43296 6626
9293 9095 12092 4650
6548 3545 67523 1732
2903 945 88886 647
7208 1910 36954 8857
4753 8566 21934 2480
3186 4627 25705 7136
4449 9036 12484 801
1899 144 22652 13773
5167 7365 36510 14676
9904 4928 43380 2914
5433 7867 14598 10341
4541 6957 68001 15538
4046 9392 96987 6353
8546 2095 87479 237
2445 7298 4955 994
4562 2049 73567 18524
5678 3546 28292 16919
7642 1808 47847 11447
8335 3498 67994 17833
933 3183 72535 19276
8691 525 69990 13466
6874 1512 89139 16719
4086 2209 30297 10479
8760 9435 40470 3769
2989 7358 12549 6300
7855 7941 4334 5313
9262 5772 58732 9572
9092 729 15477 13564
3986 1544 4406 5826
6965 6682 37077 1000
5724 28 96388 17644
8496 46 84442 204
6934 1211 82063 11778
5521 6854 33506 18176
8257 9587 80449 8256
494 7841 45267 17187
9392 3967 57065 3989
3918 7834 50746 2721
1566 8554 34250 7953
904 4922 90745 12744
6778 4972 42239 18061
7281 6585 7397 8774
7913 1060 5355 5219
878 9807 24210 5339
6831 4434 91391 6168
186 2560 93493 6069
3689 3185 97499 13074
6945 7834 26104 12090
8479 6541 6589 16125
9917 5053 55326 11305
8459 4476 93782 12706
1144 6692 13117 10833
9258 1260 45915 15516
4634 1947 91130 16308
45 7037 19306 12015
646 8212 1934 19862
688 1837 70547 2805
2643 1093 19981 5323
6174 8226 86528 6317
4890 600 96975 17461
3060 9454 25041 7995
4641 8523 36303 9073
8838 1839 43783 6978
2305 5751 419 17237
8167 7034 44416 9550
1665 4846 72172 8141
5826 3584 10500 3848
7895 2200 22664 9976
9077 649 86886 14800
744 7803 22434 11633
4405 3214 39253 4908
5722 4657 84412 3420
5434 1157 8904 3824
524 9095 79261 4841
9633 417 65206 19721
5016 4381 89955 12160
6806 5437 38098 644
2596 4078 55781 7868
5364 9834 83473 13530
2056 5628 99721 19837
4617 4703 58496 4306
9153 6657 97607 12338
3828 9539 32243 7578
1955 68 69919 18325
4157 6263 93882 759
6412 9568 22710 15729
3167 3392 25375 13233
2939 2772 86312 13578
7074 8429 82550 19104
3499 2018 12690 1581
1107 9460 4204 14502
8863 5737 98030 8400
8104 3415 97782 18377
2873 4557 53081 3849
585 8402 58997 19248
7273 5972 34371 3714
9312 3721 44180 4247
9941 3628 8353 10555
2809 8677 32196 9035
9167 8985 39937 9891
7513 5391 74220 4445
8220 4857 99125 810
769 5987 94820 4353
6537 4495 55325 3891
3799 3474 77856 18266
463 6840 43764 15757
5457 9999 14161 1660
6809 8255 37815 11199
4291 5129 65004 2548
8756 5610 70119 17652
9692 5730 82795 3380
9955 5012 40146 2538
125 4148 52397 7831
1982 472 4387 6038
7545 6374 72736 3760
4560 4057 56170 17706
1126 1301 91014 16145
560 342 4672 5517
9081 2111 83013 2226
2016 1988 70791 15718
4010 2135 4057 11572
7136 9128 93425 15656
4645 306 89799 3516
6182 2143 92383 17187
5855 5567 79684 7943
5152 3305 60590 5179
3246 4881 89107 7685
1193 7104 52330 13726
9043 9887 98555 9463
4261 5970 407 3403
6903 9732 22434 19424
9023 2351 15388 16574
7311 9430 2366 17334
5665 9441 69108 13074
3906 418 9852 914
3151 9288 95173 8217
1324 8568 40628 13798
1845 3805 78682 17870
2950 5718 30028 7344
7215 8431 39242 8057
3907 5128 20946 5770
574 3410 68485 13776
7554 144 38319 6260
2842 7588 73645 17739
8674 8876 12253 7512
647 2134 33055 3767
2976 8936 67800 5143
7516 4929 89253 13668
1355 9087 86184 5890
7477 980 34733 510
363 5444 47840 972
2005 1843 47240 2517
8825 7269 38597 14274
9781 267 36558 2104
6485 5712 8322 18086
594 9552 97499 3546
4746 87 6673 7542
2859 3618 59827 15606
6619 8279 90851 13869
7336 7985 24334 2215
7268 6224 3592 18739
4990 112 53300 41
711 1589 29944 10864
4692 7467 3634 10243
6161 2335 70696 855
419 3395 26872 7655
170 7465 11462 13339
1939 746 32403 4865
8359 3983 43597 5596
276 5225 35681 17823
2592 477 21214 17367
9941 3121 99844 6298
9567 9609 56026 967
6156 5263 19130 15491
2070 2840 51371 18842
6653 470 31353 5184
7905 2880 45540 5061
8647 3723 51520 18308
24 1186 86372 6230
3371 8892 61224 1381
3384 6488 54182 17885
7581 7634 7222 13535
1235 9817 56552 18920
7909 1172 91214 11777
3808 9745 29441 16580
8278 1828 39206 1920
2232 3116 54316 8612
6221 9592 49985 10847
1186 2178 78684 1262
5986 6495 31288 12668
2563 6352 94854 11278
9991 8388 18059 643
4307 3210 72221 5434
6352 8805 41554 502
6514 9607 56659 4049
9705 9204 50594 18082
5307 7175 55503 11183
4252 8503 46892 3783
7986 5233 11953 6425
9123 6537 10753 14138
3905 3244 77374 9144
9061 9704 15184 11904
5352 8126 39584 17937
1804 9414 28124 306
7281 3442 72872 19790
5214 261 57905 2528
460 716 63819 9309
9538 2056 59028 679
4713 895 52265 15297
4592 4265 78749 17498
6348 1663 14937 11672
5890 1746 45316 16027
7801 8177 65306 15307
7559 3494 44218 4982
8548 4214 74270 4958
3732 2429 68107 8854
7058 7728 25357 8979
8949 3299 19950 18834
8186 7895 87143 1800
6858 738 88028 10314
5141 310 22800 11477
1877 1342 22793 3043
229 3008 83020 8903
410 8867 97416 6776
9362 9707 27151 16013
3072 7035 17097 11309
4523 2889 20811 17590
9514 2847 74732 15373
5844 8078 22132 16168
6095 3534 74613 14561
6719 3151 18421 5613
6349 3903 82244 15144
8573 7052 48573 1167
5167 6729 48069 5660
6766 8103 94397 9095
7077 827 95926 1711
954 674 87421 4991
5687 8505 51635 774
3112 2335 57482 3347
6040 9878 78780 17564
7649 8143 37444 15611
3671 5243 45215 641
9876 9915 31567 7507
8218 8933 5031 13341
3329 9265 73819 19285
9928 617 95170 18315
893 5111 33105 10767
6413 7361 63131 4623
6166 2765 20148 9898
5596 9712 30436 15762
1289 3879 21061 18755
8903 2958 29208 9328
9597 1751 2123 17136
1183 7268 64166 14236
8414 2763 898 8378
7377 5175 7798 1495
102 7314 67759 15790
2279 4202 45283 5345
5542 3649 10997 8965
5919 3885 87320 16436
390 1937 72645 5466
6476 6803 21578 7312
4395 2266 44852 6023
212 5173 88566 12631
3243 2878 78679 19048
2971 3811 69506 10216
6779 9703 70892 13904
9250 6843 81367 5053
9304 5044 26594 16591
6168 6757 15222 15493
8802 6881 27821 18043
6065 3082 18077 15007
3002 3721 99394 16869
2379 6432 67029 8882
5843 1869 63411 290
5204 7931 83929 19965
285 1394 92391 837
3049 8164 69431 17652
2752 160 99061 18647
9320 9660 79148 18970
4551 5480 66173 10048
4174 6321 94756 8990
9184 6044 82038 9067
7162 6520 3953 13884
5434 8761 41144 16296
2015 2033 40756 5863
1486 4761 27003 9404
4886 4117 48443 8090
5355 4467 80118 12391
8477 5244 86732 7662
6442 3044 1447 17684
3107 8705 11196 3849
1749 8993 13899 4232
6192 7833 98479 16550
1555 489 89844 16486
4076 2532 8210 11422
2192 3098 99326 8453
1037 7044 12591 19058
8954 7212 59773 6158
5295 3023 70640 3785
1245 6916 61797 15818
5366 4944 64192 5549
6179 6189 72915 2598
1816 3555 74575 8902
9860 7388 83155 8900
7287 9991 23281 16289
4188 1039 97822 9490
3148 4108 87477 5400
5310 5787 70511 18333
2858 7011 60493 1134
7501 5634 3860 8491
6944 1781 67661 8783
8090 1076 63574 4050
3592 5709 13828 765
8064 4706 24564 18059
8142 7463 21398 7407
3361 8280 41461 14952
6440 3284 35473 18867
1270 6848 56850 7114
3759 1322 72154 2860
1531 342 75133 17288
7352 2052 42486 7526
5063 7563 77445 8886
4779 5872 87562 12057
2996 1330 99608 14275
33 7777 69388 17157
145 4882 43059 8841
6377 3215 21438 11843
9497 6563 23497 3630
8205 2384 47141 19686
5055 2016 53160 76
8173 7050 48485 6956
1502 1507 75970 11032
3736 49 64495 9252
427 8836 63491 10079
6467 1780 40151 7271
8531 9451 83174 2004
1939 6436 85133 17918
888 9482 37397 15304
1725 9177 2871 1832
3211 8547 93075 16457
1033 2006 19367 9669
6871 7963 97185 13017
3416 3788 56609 4897
5644 2061 40416 18011
5847 5202 20333 9878
4753 2643 76908 19648
1766 5040 71106 1271
9760 9581 49537 1094
5211 1508 77718 3111
3872 3035 18911 12725
744 2173 74835 1243
2356 6716 65398 12222
4065 1654 29190 769
553 2809 7789 1058
4098 7093 10003 11964
5691 7126 37355 5391
4038 3742 78231 8203
5867 3765 81741 7808
775 4096 5526 11788
9317 8323 20867 18228
4124 5939 69555 17459
4053 342 94647 19965
1603 8905 89064 7945
8503 6114 74447 2967
2912 7031 51909 9497
3674 2957 47872 2674
6191 211 30713 9690
3337 6532 85915 18478
2560 1244 6682 17942
6083 6247 42675 5157
9843 8577 89722 1633
7819 8562 95599 10020
5835 2991 25605 2792
4365 8688 77970 17776
7155 716 50873 5062
8391 7476 32439 3064
8137 8474 81999 5630
679 9032 18332 3194
4759 9953 33639 13938
9133 1606 20816 13305
4555 9611 53963 16650
137 8227 23349 15510
9923 8833 66947 2783
8141 927 13345 759
7951 5335 43432 16132
4680 3802 36166 19623
415 4045 92623 4179
2269 318 97225 14380
6123 753 43222 4442
8248 2844 55085 4231
216 9817 74509 5474
4962 6512 63240 979
5378 1783 98442 1478
7727 7594 71242 5256
289 9129 67994 5779
7434 8993 38279 7244
9709 4572 37499 12997
5864 2088 35968 7193
8185 5368 37975 11927
5616 908 4117 13155
5002 2863 56801 2362
6209 2047 20185 445
8976 4076 54808 3989
9234 2179 44090 11827
8820 8624 94714 12465
4292 4245 4342 1241
221 1893 80167 10389
7465 6106 60192 3074
6212 7199 36179 5760
6914 2954 3995 2161
2788 5536 1771 9158
3452 3480 622 13296
4596 2146 64755 19736
7033 5460 54529 850
6492 8346 69514 7066
4444 9649 40592 6205
3327 8383 33676 6049
6310 2605 5368 11658
291 6323 44983 1654
3862 746 54549 1081
1162 4018 91991 18997
1334 8830 10679 1518
3152 6903 16300 6952
9309 3875 83919 14225
7430 5055 25795 2828
3127 9143 54631 885
249 5072 49175 6544
7691 2622 18739 14
9662 2459 29584 17392
3640 2973 47728 16944
4525 4666 40393 2140
8728 6305 96455 14196
2596 2648 79474 7740
9447 8782 30989 5204
7656 8281 52068 12812
7655 6451 52309 10546
493 9374 82068 109
1910 7238 86747 15006
9322 1520 90567 14774
2071 8951 21743 6666
9472 4782 6943 308
5278 334 3914 4291
4952 2084 58098 11281
5117 8321 91902 18099
2854 5568 42126 17439
9386 4793 79465 10187
521 104 2683 12605
2693 4191 90673 10440
9579 9012 28930 2897
5385 805 19909 12464
7472 2639 77157 15602
9685 5781 77572 6995
1842 317 27813 4624
1429 9629 98831 1336
3632 1687 93379 4932
5710 6309 84436 16266
7077 1960 11485 7076
4504 5619 95325 7155
3544 5410 13598 6981
7303 7449 12495 10367
9615 2458 65872 10383
2378 6738 43459 8301
5056 4550 79567 19346
6828 9992 44767 1994
7174 7114 31306 4518
7036 748 33098 5979
3681 2141 81426 16817
8242 1750 66930 16309
7706 1281 90225 17455
3846 4876 31479 8381
6816 1949 49629 8582
7591 5225 76490 14038
5777 8411 79012 13565
1447 7284 35921 12489
4706 5383 93782 5281
613 8915 72417 10362
6729 9707 67448 15492
4667 9575 97732 1844
5646 6075 96620 8433
9777 1107 84464 4788
9356 6131 79602 17354
9493 6112 22 8202
2869 5383 41140 877
5334 6002 44338 13472
4685 3457 80977 2493
2078 4126 1218 15219
8199 9176 97092 9166
3947 4611 85006 11098
5760 8430 82820 8485
7302 9863 10455 14272
5328 2755 97600 16178
5307 8958 68314 15694
4152 9498 92890 14776
2176 6989 27183 9892
9880 2715 16863 11447
4225 6910 52301 8880
8690 7997 51455 13636
9537 9507 69035 12992
333 9871 22426 12100
9278 5686 11865 10671
679 2314 6986 17413
3333 8075 57756 15227
9710 3009 91268 3398
6952 4809 50635 14036
1137 2829 55242 7900
6803 5602 49541 6613
3080 1193 80205 13711
852 3382 27793 1230
3716 7221 90144 10296
9362 1138 65563 8554
941 9071 80944 2212
586 9646 86985 975
226 5822 85601 10668
9801 4393 10351 11037
2749 165 66664 17857
9524 7809 61214 18673
6747 2746 16582 19039
6615 6758 10901 17441
7287 6731 27877 12657
5158 3046 6284 7301
4359 2835 77272 18591
3058 8819 75038 7925
19 1851 23635 6795
4707 4084 14892 7218
2602 3512 94215 13766
8145 7797 82458 18684
2167 9355 15263 2634
7001 2843 10532 19167
1054 9119 93044 10780
2237 2013 90067 14779
6143 6726 34755 10627
1028 6445 35306 1570
1072 7647 33394 1968
2732 690 76692 12307
7946 7889 26275 9233
8599 6346 80479 14170
6212 9153 56258 723
9468 7955 52586 4958
346 5532 95831 14140
2378 736 57318 10863
9291 1889 60040 18856
25 9753 5284 17699
9244 9419 3863 7046
4570 5316 63120 13822
8284 5623 48089 15825
4416 8530 9742 799
7855 9151 98185 16319
8959 849 14924 13685
7971 1649 90746 927
6386 7585 64328 953
888 7219 95349 5601
6112 4346 68695 19164
4683 9280 45464 7915
7307 1214 23711 16826
4653 4415 50610 10850
5214 9348 28986 12581
6365 3261 31097 9727
439 7609 67256 17191
6683 1601 32215 6704
1978 9733 4839 145
5990 1103 2163 13853
4853 5161 83118 5003
2081 7169 7366 4865
6076 6575 35673 17105
3007 8747 20321 5130
7892 8295 6245 1075
1178 8735 16130 9590
5354 8558 10381 12296
6319 2085 8129 14172
2434 9849 92293 2684
5255 6522 98638 10810
8948 3638 11712 1932
699 386 92029 16819
7184 6508 15640 17294
7874 8753 62213 12082
2536 8390 64999 10287
3983 1025 11784 3719
5388 9849 83895 2464
7685 5378 52375 9198
209 2006 33195 1794
5421 2147 62555 9519
7401 5151 39348 1405
4976 5179 88491 11036
2822 6251 96414 2730
1022 3506 13040 19310
5358 1258 41566 6167
6214 4343 5546 12495
3595 4026 4623 166
7190 8290 2071 4615
7481 7051 85361 17340
3344 6884 86521 9952
5857 5084 32175 56
1414 7335 28858 5710
6048 6169 21716 19743
2283 8388 96057 15646
9776 9937 62258 4245
6687 5593 54851 9488
1618 5384 96464 6570
5888 5819 92806 2984
819 187 72101 12340
1119 5525 20657 18884
4891 6064 87291 4519
5893 1148 64953 19278
9885 6223 4971 11543
1043 6220 33420 6973
6862 5737 26127 17499
1854 1806 73553 6698
997 1901 19811 18073
8593 903 89395 822
6847 1503 25420 13009
4465 1051 54123 18137
5134 4262 87588 8441
4613 1720 87698 18265
588 259 17851 11903
2481 7113 38234 16933
2227 421 66463 13606
5458 945 23177 19098
8908 3280 74461 15624
3446 326 70536 11434
7492 4759 14875 7603
9248 545 24361 8322
9539 3334 85248 16799
5285 3014 82675 11659
125 510 1949 16333
8402 3173 8679 2603
8964 5592 7864 4763
8976 9182 87421 15313
5628 5674 25789 1094
9344 4409 3466 4361
5344 930 64729 6411
3262 9045 54217 970
1441 8624 85339 15779
6854 8647 98421 6798
1800 9576 37874 14148
5767 177 12745 13808
4269 6808 87009 570
6070 7189 86301 7061
1421 1610 92228 17722
5851 9888 88411 11707
341 5225 64453 12331
6839 9094 84695 7168
1572 6341 42448 4792
496 1225 82169 11302
5703 4786 91875 7542
2385 2393 87487 1602
8350 1779 60939 7624
1557 3686 88290 2280
7595 3654 98265 11516
8085 7108 79248 9190
9432 5395 4762 11626
3592 3294 96435 7249
9911 4107 56857 5487
4335 508 40821 4852
668 1789 12985 10696
6953 6136 29956 7220
6272 2701 90093 7809
8883 1582 21714 17108
3624 1507 47613 12665
1529 1033 81193 17158
9817 1251 90077 18175
8060 8969 88734 1411
6379 1767 77446 10295
355 8446 40111 15390
969 3811 60986 13324
5818 5183 9561 13
1781 4697 65263 1247
7191 6604 90526 3388
7671 3905 13820 17220
4516 1400 14896 4657
1696 7700 15976 1772
3339 9366 47352 10169
3110 9174 33977 5232
6508 6793 64971 540
1660 8772 20384 17303
4426 229 49959 13961
2676 7099 206 8560
7160 9091 53747 9027
3244 5145 65317 1088
2132 9413 10053 16149
5867 9148 55378 2237
8468 7907 68554 11639
9826 6967 62546 6166
9589 9574 42935 4011
401 8577 13457 14034
6679 694 2340 2894
6778 8763 48659 17859
1855 1708 71807 15670
2988 4250 34976 772
9502 440 20367 17525
6675 8300 31445 13021
1871 9207 20251 17817
6300 927 24351 18178
3011 2953 79841 2223
9085 3860 69965 8621
3603 8573 59101 16343
6506 5948 11680 18964
6466 3466 8259 8805
3371 2207 59669 4568
5813 3609 41993 201
4144 9249 42283 18986
493 6193 25011 10014
8398 9528 34146 15806
6258 9083 67932 18926
8828 9493 45391 16634
7289 6019 13049 3530
8268 6380 48356 16436
5716 9458 81700 2064
835 1189 33135 4114
5732 4418 50123 880
4355 9319 10225 5130
8393 5134 94351 5036
9870 4885 86153 16836
2004 8602 85947 17240
9464 4678 1929 18099
9965 5719 1286 11486
3381 8345 50427 18225
7118 982 64032 18374
6692 6072 84975 6773
4652 6204 19496 14251
162 3120 885 13076
8525 7626 15068 16459
1525 2391 51173 6517
2128 4822 50012 4533
3944 2011 51236 7242
6965 2117 96411 15308
9256 4317 572 2457
620 7935 94024 14908
8193 6313 47955 12266
1165 2461 64646 2110
7182 9907 65744 16809
2581 7799 81114 12039
333 671 96992 3342
2887 3445 52616 3261
8366 7139 88375 18542
5190 9789 70571 8310
9060 434 13600 292
8690 4900 47537 14224
8197 1305 40305 17847
9494 8946 8782 1996
940 3396 66031 5467
5432 3252 23760 6822
2128 1346 90753 19411
5084 9352 97887 8414
7924 6451 10951 12079
7497 1650 49736 10025
5076 9675 91903 16370
4575 9624 73473 14573
3197 1904 42308 6443
2156 4689 90869 13632
3555 5773 76123 2641
9378 717 69382 1215
745 949 8169 15010
769 8109 40865 9812
5662 9391 46934 19371
9040 1517 79803 14301
5117 4980 9204 15274
8007 7803 59551 3265
3687 1137 1061 17313
4215 7598 80887 7007
5983 4721 95942 17715
1676 3915 66141 14293
7185 208 16649 5520
5990 2610 27681 429
7466 8793 22028 19086
4296 1544 56358 8049
1501 5980 1747 11871
8813 456 35822 16521
8166 8189 49119 4260
5957 2946 33311 17613
8701 3609 3278 18145
1420 7132 53724 1846
2657 9346 33848 17243
4346 2395 14032 11309
8571 4735 46945 7630
6992 7493 65682 11217
5617 5004 3426 13714
6801 5266 7456 3826
7795 9106 72079 8769
6130 1884 30269 1945
4682 4170 5846 4521
1151 901 86000 82
9135 9201 99340 13956
1548 7686 984 4055
2551 4439 72213 4020
934 2807 61908 18892
4513 1028 52251 10709
8465 6285 67880 9886
8710 5919 25574 13695
1945 4737 61811 7402
1571 1253 15835 4942
5186 4771 41179 2653
9252 9650 70344 2659
6478 6875 49504 15453
6610 5668 37925 11410
2308 3273 31669 11393
1103 2588 41836 7190
7951 7222 16892 18879
3040 1096 97403 9234
937 5155 30849 13138
4093 5948 34876 3483
3348 1101 51903 14107
5765 3674 25129 7371
5463 4026 70076 11219
8206 1886 16829 16421
5118 2594 30724 3528
3307 7990 29028 2296
6928 5866 67619 13810
3729 6299 26735 16755
2902 6656 33393 12528
7814 2377 91789 1574
9780 9060 37214 10356
7907 5151 18457 19264
4932 8922 44638 6255
443 7644 1878 19400
3623 3375 22323 3044
6618 5346 4481 19154
47 3570 42697 1589
2581 8849 61026 19712
1675 6294 9704 3150
8860 6028 85600 12244
7089 6713 44866 3057
1372 476 87013 1409
527 9505 99323 7818
2307 4822 16668 8984
8721 7364 11877 9871
9961 1081 75213 10927
1512 6456 44174 3733
9856 7178 57268 12750
1227 6098 85169 12446
1258 4763 69737 14697
1821 6560 72049 1617
2195 6865 45051 9757
3562 9178 44250 1922
6717 6970 31438 16177
241 3145 87396 1785
2788 607 56909 13349
6576 1842 55339 18058
2147 5838 38764 19244
3059 9768 92576 7211
8669 7640 27183 15502
5423 7656 42611 7113
9057 534 83018 13463
2465 8022 14129 10064
398 3421 38853 3853
4535 9011 57645 14767
9365 6556 52434 5157
6328 1055 57085 14824
4485 5515 61743 18503
3450 322 75051 16795
3589 2506 16468 4289
1225 623 34955 7609
3312 2024 31205 9312
6553 9309 30435 9254
6368 5721 75941 4134
74 6632 96234 15790
5546 3962 99941 423
7403 8414 36196 18481
776 4302 63191 7164
5928 2164 47066 13869
6015 2892 25036 19228
2537 7679 3808 307
1278 8033 66487 9182
9971 516 50322 7000
7187 6266 87273 14554
4741 2111 94663 7191
8494 6060 69809 13972
9812 8487 84395 14816
2429 9556 573 5150
573 9879 14966 4850
7002 9019 20210 18242
2491 1767 47843 3552
1808 9032 86304 16514
3448 3673 5328 6466
3948 4623 9773 8543
4263 3593 57179 17969
7017 4355 39152 7885
5227 9757 36 1480
9695 4262 55924 17210
5766 5817 10797 16374
7777 140 95178 5355
304 8035 27346 8533
2074 7056 99526 5347
3381 3337 767 5160
3008 9436 82107 5215
8280 8638 68766 11960
2018 3669 97094 2340
9420 6660 14867 14367
7687 4712 47360 1327
9851 5028 4867 15177
7306 7226 1311 8144
4964 6721 15832 7641
8761 3220 83226 12040
3611 447 79254 8809
9107 7984 98887 13323
2228 652 10871 11727
2611 5958 22809 13075
8403 2461 87886 7317
1999 4299 12378 8514
8774 8853 81814 7803
5050 2569 9297 13088
498 6825 57736 5959
3458 209 98043 16068
9343 6133 39574 19114
2690 6682 21492 14184
3635 7489 32846 10925
1367 4439 9260 6324
9209 9001 53988 18797
9187 458 83969 16093
1993 8214 17005 16121
1211 5715 4547 9317
7290 3803 63300 19148
1326 8564 11134 796
5715 6626 6824 11397
2758 1238 51976 13381
880 5977 34390 13420
5731 554 3082 2462
6552 8521 58526 4635
2177 7336 85930 10639
3777 4628 38445 2305
9121 3138 75645 7
1408 3143 93957 833
3765 24 14828 10572
9828 1071 71421 12242
2962 596 10245 5424
6569 9923 63845 9440
4898 588 43327 10712
6191 2524 78194 13295
2686 6797 75142 10792
5211 9563 64934 10316
8477 6259 55346 9186
4828 348 19671 3740
4351 6420 31915 12624
5953 4753 97383 9823
8965 4479 38941 6739
291 461 73222 1642
5175 7436 56046 19841
6236 4730 55277 18783
1352 6045 85695 104
9560 5623 9075 12025
9273 1060 86359 11805
1140 6106 61495 14050
3758 4041 9772 3686
1222 439 38283 16300
4212 5945 15332 5098
2083 4660 60001 5010
1080 6442 60811 16315
4131 5772 84654 2966
8196 9381 60335 12031
8530 5542 53912 9797
4632 7867 64718 1579
1575 3586 57266 10664
5872 1459 26429 4985
816 3852 25826 8654
9158 538 65438 19800
6101 2121 53662 13044
1335 9148 83774 15272
3459 1301 59216 9078
815 8455 79505 10487
6220 6811 60349 17283
1986 7124 43970 5120
3238 8548 73443 2024
7166 7391 85588 7274
9966 1961 27060 10342
4368 7928 43166 5571
8247 7661 50074 18792
9404 2419 40286 18890
9723 1239 57556 6140
4791 6986 14888 9666
3968 2079 57604 6077
9108 9400 2812 19697
7678 1975 77078 16398
4078 7579 84184 4306
5120 1441 82352 413
700 2603 63816 6270
674 7258 65259 15135
3991 8749 56908 9483
337 9338 46028 745
9069 1346 20244 17737
1286 4302 50641 2471
8558 3814 93779 14694
903 3052 89559 13115
9381 1359 56975 16635
988 1944 86524 15474
1176 5785 69023 7572
6320 1664 11574 6641
3196 6530 23209 11370
8744 2906 43225 9658
8260 315 51391 2344
8892 4900 58171 7997
3388 9155 68487 17256
2325 990 81585 4700
8608 8992 17858 16414
2191 1611 98859 3426
4470 2489 79963 13604
4412 426 71762 5494
2895 4300 58782 7215
8125 6327 57023 16830
9623 5059 30509 11239
4714 7842 3984 17747
2562 7392 46545 9518
254 317 25678 16325
6797 4601 58327 2966
6136 8622 13477 16239
1599 2034 55928 12614
8697 3762 72450 7468
5645 132 9020 5044
8307 5391 79533 8757
7120 1528 84015 9973
7592 9405 85729 1619
2208 9285 64758 15477
7351 6900 91925 13530
2493 4175 61291 16301
361 3511 50271 8328
5636 9574 8792 490
1979 4271 16101 4557
1402 6468 30864 4367
9788 6802 89726 4387
9512 8303 96540 4449
1737 5889 58178 8293
9668 2514 21426 2600
4681 3994 24940 2244
9907 8144 86856 8341
9474 5918 83034 6401
5597 1615 36853 11773
6408 9559 23302 3018
3894 2475 77624 5503
3104 6403 41548 13216
1835 7430 77772 5320
9841 5165 74511 13402
4883 2855 3489 17793
7269 8436 41425 13053
1353 4823 2886 5765
456 1084 82449 16756
988 6910 60565 16120
2829 656 60543 17293
4709 2708 24030 18109
6590 3763 40346 16317
2070 7422 3988 14302
1127 2807 31459 17160
7949 5926 72255 4148
1732 6195 56490 15230
7981 1674 16359 17301
8401 7821 34303 518
5881 8607 43586 10581
899 8543 90352 1325
1198 9543 19919 994
4850 9529 62147 6148
7564 7213 56957 16753
7593 8009 7497 17080
4443 8970 93766 18049
2066 121 24996 17729
3208 8331 82189 9013
9131 4495 52047 12928
315 7692 67077 11829
787 1730 2559 12029
214 8859 9289 5419
221 6535 5794 12601
2802 9853 44345 8981
4103 5304 49136 19722
7724 4006 25287 9972
120 6653 80725 18128
2864 7997 37227 19964
4490 3381 57281 9078
9580 8484 19031 12305
1717 4637 74408 208
7085 4869 52519 14600
3267 2006 66368 2463
435 3889 19826 638
1418 1718 34331 10038
3466 5812 3469 15249
8109 9142 46120 6507
536 6119 32637 10337
8318 8083 84238 3115
8406 8176 18436 7886
1246 3382 79368 9920
3087 8477 97022 19613
4981 3649 71990 15869
8926 8748 65051 13728
430 8803 53358 2747
7690 2656 61565 1387
7162 9823 93608 3468
2563 5448 77843 3654
8159 9880 77559 12408
2538 1368 6831 9559
3846 3827 56761 6473
1576 1363 73544 4065
885 9010 16711 7439
9080 9635 64437 4595
3780 3387 54170 14814
1192 5729 94664 15484
8333 8328 73281 8121
4174 5021 97029 678
358 1849 50244 5168
3901 1864 35007 16747
4371 4834 74464 16419
448 6462 10203 7957
1347 6050 87884 15193
8045 7795 14276 11988
928 5247 48186 7562
9350 4300 411 10794
398 2141 37921 2258
2549 6221 60125 15692
8314 5985 23746 10221
2139 113 55312 19056
466 6281 57873 4196
8357 5650 80047 17233
2348 669 62969 13728
1434 6520 97393 10348
9482 4190 47430 7972
5827 3257 68764 7578
1514 2208 33751 15473
5116 5056 57317 2222
7571 7983 25305 11010
8426 2268 17250 5429
7487 5327 18610 15550
640 9835 1111 2181
7731 2647 26839 19207
3833 7227 52444 7668
9902 8157 36070 1766
3002 3589 47878 14867
368 2478 58563 10185
4084 1315 37613 12935
5717 2790 38775 13923
8363 7982 89855 12101
2579 1918 51559 5102
247 3953 51417 4529
5910 3928 98725 1
1728 5717 19195 2162
6042 5273 60700 3564
5180 1003 33515 12637
3883 2013 90439 12064
1977 2326 30506 17748
2485 16 55036 3975
4708 1779 74613 8760
5812 7843 92303 3574
8058 9056 42099 5537
2541 8959 97967 1116
2806 7290 43823 7601
2479 9314 21429 6380
2461 3357 34588 9990
7076 9693 64622 2077
2940 48 71929 18452
6459 1397 20521 10934
956 8423 71627 3890
4336 8902 50713 1644
1092 6725 86572 11419
5973 8476 79840 8543
3781 4142 7870 10453
3509 652 96232 3991
9277 6106 76406 369
3464 8333 54896 8997
9974 1996 39547 12929
8667 7351 72335 19042
7994 1069 33270 557
2291 1622 20158 18836
5661 2131 6221 3612
9916 2721 41302 340
6479 3861 78021 5767
731 4272 49423 17373
1653 4332 69767 7852
5292 4795 27930 14954
1511 6445 13910 17784
7718 2808 32941 1364
4217 9353 33557 18589
7780 8771 65525 8851
3912 7573 495 6543
1959 4769 75942 17455
1387 3471 79383 1442
6885 9083 35585 17422
2795 3627 65439 4681
7365 8441 90961 14294
9156 8795 9279 10945
3360 4743 31989 13599
6169 1714 16987 16852
9163 6116 4340 14754
8689 7990 46580 3937
638 8949 50740 9863
9365 6333 34959 14914
4695 5582 70016 16947
9137 3821 48532 692
6103 2398 37877 17535
251 4981 62927 6425
6300 967 47589 5727
6598 2628 16007 15073
3390 9880 83552 12264
3756 9254 29194 15510
1234 416 17040 2192
7279 9996 20489 4381
2599 6800 6107 15264
1059 7903 77826 136
4380 1112 29095 8249
281 404 75706 16504
6639 9490 72535 5586
2471 3894 70835 4001
9704 6640 91527 621
4588 8953 62550 8958
2741 1285 5542 16888
9363 2460 48957 18211
1249 9629 20631 5121
2732 4509 24075 2042
2122 8857 74157 19114
80 5345 62462 16202
6562 5368 2679 2911
131 643 74915 9391
1180 7130 34081 5560
3762 6472 50417 2189
8983 5046 63667 8501
9450 7111 3215 133
6535 1494 7342 18831
1648 469 35015 16271
4074 8215 55760 10665
5127 5942 70319 17228
7403 410 91899 10439
6267 4928 39427 2849
1573 6064 13708 3666
8832 3521 34883 14622
6180 5965 83447 16035
4753 3598 85900 2216
4441 4353 23811 15889
4767 5389 52688 15411
3621 5966 66431 18362
9111 7076 9119 4392
5353 213 86982 17881
3906 8998 23640 11089
774 4721 96201 1107
571 8110 50191 6236
9364 9622 99553 813
8401 587 22235 4614
4941 1247 83167 8724
6706 4925 67696 13565
9349 2639 43559 609
5088 7059 42631 18084
6266 3041 40720 7753
9983 1819 55654 4819
4946 4914 71382 9860
4802 6199 94015 227
521 9142 88794 1062
1546 5549 56300 13323
5974 2702 85167 10737
3243 7085 76486 7022
3396 4092 65873 3443
9850 9668 36524 5203
1181 6301 14859 386
8248 4673 37911 14767
1279 7645 21545 18123
1329 7278 21749 9029
8544 4640 92064 8712
2540 7103 45810 11375
705 7160 97235 15664
3359 1961 22701 3221
7357 5699 63456 13579
535 2053 1621 16528
9471 5354 76984 6981
3748 9814 62832 1525
2121 7773 96055 7056
8091 509 10494 7699
5169 8566 5175 8510
3998 51 78216 16445
6230 7247 14437 12584
2033 8181 802 5084
2356 6922 37891 13352
1871 2076 6136 11584
2159 8080 67523 3445
258 1383 77133 13134
6925 3423 37924 13199
6327 2319 7882 5021
8136 1819 46766 7971
3995 7580 96758 6171
9995 956 86499 8519
4533 3349 41866 7764
9883 6258 97570 14919
3239 9726 33293 5539
1066 2913 74710 11589
8790 691 53180 13294
2215 1108 40771 1667
5266 1155 58567 14724
3961 5740 92075 16036
3121 1948 78345 19368
350 7813 96912 17970
8726 9664 59261 13455
8830 3074 19023 12792
8386 7645 48211 18846
9699 2221 16303 9147
4600 7377 1036 19407
3324 9634 65221 13076
2347 2045 44441 4421
8415 9944 55831 3493
4668 6883 95882 16804
3881 5894 34557 320
7456 9021 73454 8598
5540 7099 47877 6703
3974 3389 59655 9189
4076 4996 47929 6273
4147 5855 95409 17180
8808 2534 96480 17751
478 5399 84538 16316
1698 2465 26816 13131
9210 7889 24396 18683
1127 6928 62142 11308
2886 361 40865 6961
9645 8387 44069 2324
486 8974 6311 16511
2054 6328 80394 12206
6753 3720 92793 8581
3898 2276 14965 11051
7350 8845 79546 19554
9422 960 76011 4721
9930 8474 86357 3339
4253 6979 66322 13694
1786 5504 61976 9584
7268 7828 48740 17235
3026 8855 3344 4448
6511 4476 91218 16195
5160 1318 66437 16997
4471 49 62010 11720
5688 2561 95265 11833
9253 1516 69692 5582
8019 628 9162 12418
6596 8734 82526 578
4147 5546 21188 7572
7701 7269 93915 6353
7768 1566 79273 18857
3708 6685 41272 5769
5161 9267 50339 1068
7908 3314 66910 17478
4656 5252 18402 4026
7833 4405 19825 13533
8044 2185 33850 9601
2633 6199 63021 3188
7637 9477 87247 14461
2856 4821 15910 13837
1128 5210 62240 396
3622 1108 56135 5362
6469 7170 65877 14417
7805 6209 32377 4954
5693 3560 39732 10153
4486 4399 12365 12913
9744 4001 61905 17475
1900 3865 7582 16501
926 8802 31513 15302
3560 5247 4833 9348
9987 724 41215 6250
9719 4261 94405 9179
9186 7050 30860 7426
1308 1997 97035 2771
2238 7074 92222 3735
7241 5552 1641 15658
7734 1837 52913 1188
1057 2484 755 1299
7507 1705 14824 16587
3594 6708 88862 13752
8196 4149 83629 3082
6016 7057 21093 1629
3303 730 7459 12976
1320 3483 34678 13494
33 6425 3971 19040
7118 7894 57749 7448
2661 8051 80307 15920
7384 8873 88125 1689
8055 5153 28616 15960
695 1025 27976 2096
4553 444 27335 3050
2098 83 93023 15970
961 3061 19734 15185
369 8604 53977 11068
3427 8401 1854 8048
4537 6593 1347 8024
8783 9844 60717 8288
101 1651 9347 3895
4583 6023 90095 4266
1577 4034 26114 10177
299 7972 25649 19156
7199 2811 38213 1846
7157 1705 90748 12535
1124 1972 26620 7747
7275 6915 3848 1415
9336 4639 3390 14505
419 8453 47326 11689
9195 6968 17243 3690
170 4337 5454 13956
3441 5553 43664 671
185 6588 13730 10549
7083 2297 12549 13359
58 6721 58813 15961
6994 2628 29719 560
55 9885 47558 17798
6336 3652 25776 13971
4698 5098 21170 14852
5338 1581 23203 5045
9080 3513 57875 14283
6828 3668 71880 13065
6012 3533 89338 5741
4261 2659 40439 7316
4588 6541 33736 5344
4242 1271 11072 10742
4656 5142 74651 4454
7745 613 73511 12059
1245 5716 94023 2742
5126 6516 11760 9179
4255 4771 31046 17271
3055 5510 53823 15383
4169 1627 89471 19264
4226 2885 81285 4019
3199 7181 35589 19177
5700 703 83314 17925
6217 5827 15677 18898
1832 5251 81573 3453
3699 869 14885 1841
9537 4040 94637 12895
1533 2565 9714 14714
8852 6478 84256 6466
4249 6280 78339 14414
4217 9093 55284 6598
3083 9654 32141 6396
2200 3816 22479 12467
2390 3039 38759 12729
7198 9445 40872 8233
5029 9532 69275 18268
8592 8192 66551 3489
5236 8791 83637 14814
5941 604 7527 3635
2172 241 15638 4456
1949 6555 56597 13586
5454 3907 16892 2795
8687 5308 70256 13758
5196 1555 71815 6429
5135 3992 47542 5140
7006 952 93897 16871
4261 4254 42172 16460
1691 1996 12404 8145
4468 2232 29441 15034
383 3634 67153 12531
9929 8933 14158 10423
5199 7932 67379 14357
5750 3031 5121 17868
1281 3391 67051 13562
3007 5421 98932 10117
8484 8650 3910 2399
3100 7790 344 3459
4615 2331 94005 14056
7156 2320 46587 2726
9630 5651 51158 7163
6227 8998 75671 870
2788 1327 85703 16565
5636 112 39453 2428
544 1198 40049 14496
164 1447 75926 14025
2012 5729 3174 1037
8156 9939 88525 10433
5540 641 56256 2736
577 3439 64280 19143
3109 6625 1827 18891
8754 8844 60868 8433
9939 4021 84027 14022
8330 2213 46502 18062
2790 7254 96624 9782
8849 5843 95274 12451
6592 9804 19854 16749
7918 1310 78526 18757
6109 883 72879 13219
7219 4816 81783 1029
9156 3826 55262 7774
4025 5126 70026 15071
970 9980 83548 4147
4954 8038 22155 1149
8200 2598 6583 11159
5766 8781 52097 12446
2504 9745 35007 10306
8416 3441 24265 2881
6049 8583 92862 13300
1907 5649 48509 14436
432 4384 33454 15537
1473 9545 12481 12863
7819 8832 77864 8786
1056 76 80890 9009
4590 9085 86833 10156
6069 8742 17085 17169
9241 8857 36542 553
2860 1978 61171 10750
6919 3067 92171 3157
7762 9292 40215 19366
2019 4500 86933 12933
3814 9095 34699 16676
7795 3695 78384 7072
1505 1203 31959 12201
2434 1622 23032 16466
9234 1294 55053 16021
4418 9994 2580 5255
9949 3026 84930 3721
535 4938 4713 16368
6504 7600 72843 5547
1650 1111 31448 13688
2346 986 74261 17425
6760 3328 67466 1173
4623 3799 49359 3527
1900 6118 8368 4670
4929 8030 11163 58
4578 3922 85524 13976
7769 2786 88808 2045
2413 6172 78362 16015
1538 855 8107 6199
3136 8687 7530 1249
6918 1368 76726 12625
9765 7702 44340 7088
8935 669 8171 18801
2085 138 50420 9228
7685 3340 92503 9978
3396 487 40089 10458
7161 1585 33079 1892
8594 7091 26214 10908
9872 668 10316 9014
7701 1876 3505 14616
4544 4143 44576 7310
2840 8883 97346 4814
6349 1997 39184 18756
5730 2789 62466 10175
2406 1412 78703 14416
6070 267 86407 511
9823 4409 19041 16337
9481 4309 21378 11703
358 9907 17143 12463
3367 5607 47130 17846
5990 6765 38341 15916
3820 9853 59345 2075
8149 8178 59992 11354
4094 6054 1136 7673
6208 5916 76658 20
6719 9854 43096 19041
8142 1740 76445 15971
1495 6671 66418 15199
9961 324 76938 14440
3759 6772 31119 13700
7426 9960 52832 5133
2742 4070 64150 18110
1302 3456 90618 10283
3618 781 89364 7769
679 5962 62344 11405
3884 6928 19580 8678
7712 8889 94148 11018
5765 2618 8130 7292
4979 5278 88954 3820
653 5500 48010 7297
6478 9095 48699 17180
3438 7490 39068 3287
9736 9704 11674 13259
4764 2367 86866 1055
7982 9486 59396 11953
4994 2733 39918 17511
1336 7393 4905 18214
6479 8789 82445 9563
6296 5319 88308 15160
4718 8845 41048 501
7319 5680 3463 4276
810 7440 42708 1209
6623 6754 31161 2435
9255 9300 60959 9540
110 2955 62863 12641
7841 2391 51615 14755
1107 3448 97700 17712
2600 7199 41952 1211
3188 9180 90015 6112
892 7982 98233 6765
6472 735 93954 3441
8334 5257 98719 2317
9666 7661 57642 11562
6073 1341 1573 3971
8651 7644 69642 14301
545 1620 34670 12453
8246 7328 17660 12216
7940 6256 73865 4181
5774 9020 82033 14226
6103 5475 62766 9111
1037 3294 83769 10562
9101 6330 28878 14820
1472 2562 19585 4815
4914 3355 52361 5629
2723 3400 46690 11626
5187 1482 71291 15373
1904 141 99271 9888
3552 3529 33361 13487
5579 9841 4930 14134
5043 2011 49510 13095
3196 2904 40849 16209
1990 1564 74691 11500
1458 595 24228 11254
1274 6016 69969 5109
444 6126 7560 16560
3905 5541 48067 12862
4446 7624 7731 14233
6226 191 98900 14057
5728 8247 84015 6172
829 5078 75151 4178
4323 2430 47771 2252
415 9119 17775 9346
7350 1477 69628 6234
7985 7904 2340 6040
7838 4599 8780 18612
1315 2351 93665 19997
5974 8762 81170 8729
7549 5890 97626 19193
307 8130 60500 9376
7110 47 22041 14200
9368 4631 5777 12283
6099 8184 86852 11055
1905 9108 8474 7869
7970 7594 8269 17524
2672 7840 78729 11732
8868 2206 16270 17382
6485 9062 22823 5626
1247 5883 28800 16992
7109 8395 25294 12290
3572 3471 39236 19729
401 5700 80733 9662
3367 4993 27794 15190
829 8958 14638 15026
5182 2214 26111 10476
9994 5365 43608 10546
9779 88 3858 6825
7292 4621 21925 11161
6305 9999 78826 16075
4677 9903 81610 17796
5109 2424 84350 12289
8332 8627 34349 18265
3755 5068 57477 12592
3212 9787 84334 4081
2476 7032 20801 2654
7904 4013 25376 12743
5151 9327 41941 4811
9022 2076 93354 13215
3338 7065 49975 17803
6980 3404 63056 1428
7953 1547 88277 6726
5146 5521 74147 17286
3205 1507 50741 15635
3289 8800 77617 2149
6284 1526 73865 12001
7564 2718 81367 9754
1139 1612 77630 11211
4934 3588 52570 3496
1385 7803 75420 4692
7951 7275 26692 5472
1934 5653 41488 1399
2497 3394 3006 1459
1435 1874 55823 15083
9691 2180 10260 1103
4203 1680 65206 12712
3899 6180 59691 18789
2253 8675 63630 6687
6826 2469 36173 8497
1002 6150 67809 9629
6255 6877 15750 9197
9519 620 26630 12558
1442 5484 55818 1307
406 8910 19647 16308
9684 7146 63696 7569
6068 1626 31881 17088
2658 1703 61283 754
342 9811 16414 3198
307 6215 76493 11739
442 1970 60027 13368
1705 8400 37618 16531
7054 3171 66348 16921
2006 9739 70733 7842
163 8219 49057 10001
491 7028 25681 14927
3220 1297 67782 6369
3102 5187 14072 17155
2427 8575 35716 7891
5556 8708 37671 15245
5778 3859 73838 19482
1654 3093 73646 5810
3183 9154 75397 1486
4956 3585 93996 5273
7525 7601 8430 5209
6509 8427 53866 6551
2667 5953 24397 16605
8310 9139 11207 1715
9883 9420 81980 6213
5270 7038 67921 6570
4510 7847 23241 16123
82 4030 34696 1878
9478 7784 54008 2047
4049 7890 40208 10724
3283 9295 77639 6443
656 1314 10928 5639
1173 4875 34650 13018
2019 7336 98687 5351
1535 7741 50144 9899
6217 9269 15011 16386
1872 235 58303 19629
9410 7540 17310 2403
7414 7350 68731 11847
8217 8920 58347 7614
5889 9089 49792 635
2499 2504 10690 18070
8935 8720 48888 2908
9009 8097 57699 17352
3817 313 32399 4082
3081 8632 8180 12332
4338 5910 65185 19112
4417 1233 59523 3627
1570 55 41547 7135
5652 3253 8579 1629
6328 8618 23513 704
3532 1252 8386 18719
8403 3079 32004 15655
9277 4163 87379 15706
9937 2899 49411 15355
7873 3701 83703 2919
2178 8700 51225 3560
9938 7654 12265 18237
3470 8949 5521 575
9982 1253 8916 15083
8213 6321 40510 10447
3835 8778 59970 7569
3578 5966 70164 17142
4917 3969 91819 8229
9575 3635 31297 5138
9442 9133 71500 17902
6509 3016 8841 16560
477 9493 55368 6860
6997 5300 4787 8736
7024 6189 94693 3123
2800 6287 63408 1745
1832 7146 10684 1033
9105 3289 22732 12594
6755 6561 80470 555
4379 9774 84567 7213
6367 8645 1787 7504
8580 1565 23597 14503
6799 75 40277 19507
2556 3037 69061 3771
7506 1977 10630 118
8251 5032 65248 3251
3262 6296 72222 1326
8430 7187 66926 9114
952 2965 50043 7108
7826 5468 95527 15742
8660 6660 38860 12172
2679 408 4404 19425
4599 2286 87098 17853
2083 6901 90037 13389
6558 6339 31728 9646
5114 2556 18742 5184
9710 5671 75641 5024
7418 3757 54916 7086
5433 6788 29932 17085
6992 6956 77397 18020
641 3761 26643 9238
1318 9095 39777 2928
9899 4901 3213 3916
1397 348 33442 17768
72 7835 59587 11110
5323 490 99066 2850
338 9429 79778 8332
3877 4632 74626 8130
3364 6301 31907 1465
2162 946 47393 4948
831 4610 27644 8239
8833 2912 30161 16268
4412 8466 87329 6179
659 9023 2136 6404
128 74 10064 10918
6106 4558 9465 6708
8260 7291 76965 13321
2996 8799 17922 15566
4990 2005 34784 17256
782 3294 77369 17153
9697 7329 28413 6906
5899 9226 77269 8176
5792 4498 89577 13227
2324 9812 28807 17971
1820 4267 34979 12826
3331 651 229 19486
3022 781 92958 7094
34 9243 8111 14283
5762 3695 82117 4302
3930 8972 66903 5721
7805 5547 63841 10968
7287 447 83355 4847
8574 6380 6009 12879
9803 3907 15109 17914
4284 1983 52848 8465
3613 5303 85913 4608
9272 4122 52831 5584
8216 604 86055 2840
3463 1907 49292 310
1114 9582 68097 10662
8597 3077 25523 14520
8593 4810 79690 10558
6090 8812 86184 15959
4089 7748 24827 11624
7239 2902 68676 18567
7329 3169 35156 15758
6389 9096 53649 18536
1198 479 44638 10155
6131 1247 46367 4691
4842 8716 33612 9206
9060 1894 84094 4036
6270 9882 94991 7039
9572 7164 68896 4996
4677 1401 64747 12202
8074 9119 44311 135
2060 4731 11085 13072
536 3725 82557 15372
118 9565 78532 16432
4288 3939 84421 5431
9770 37 42540 4524
6615 7134 9066 15408
7420 7507 66542 6189
4697 6086 41106 798
8160 8628 37391 17394
4355 9857 80707 5775
3689 3683 67040 11388
8123 1459 28349 2895
4816 6133 65157 10572
1090 6996 16592 3895
222 4997 94055 11851
6048 6598 89407 11899
5076 1442 17204 7276
1384 138 83687 15595
2762 74 42773 17340
6867 2627 98207 15947
3340 7576 24771 1448
5553 3734 39780 6380
2922 7076 79770 5243
2746 5703 8161 18816
2558 1924 36549 12657
7466 8192 25053 18375
797 7048 7831 1633
8244 4387 79541 19285
1587 7118 66213 1753
599 6345 90804 15459
7150 6498 61718 247
3399 6360 74334 18622
9203 5816 47583 5823
7876 7884 46890 14254
5089 5118 91433 5856
9113 4317 21084 19016
3027 61 71944 8595
8319 9106 31795 11294
4009 1368 78476 17622
1879 926 42295 4913
300 5207 52941 18650
2990 3720 39689 2525
5486 1780 15912 9464
3173 9613 1449 2137
2458 4578 90730 15673
888 5820 73795 19526
4964 9835 95968 2411
9697 2256 54296 7850
370 2310 11151 11117
2200 1538 21405 10135
4081 9819 20791 8721
6098 7684 22850 3389
8651 7684 70286 6501
906 9967 24739 10921
7254 5070 552 3028
3548 539 74506 7053
765 4791 75692 14317
203 7582 21190 10099
6330 2185 34874 4876
7930 5182 24689 11903
7668 3140 50322 8189
2319 993 52485 2562
9746 2097 7529 7979
8973 4291 82884 3947
423 1414 78773 5014
2424 3733 87551 10512
7306 4382 71703 4518
3378 3256 57832 14520
2286 9813 77878 9216
7299 5649 62408 55
9630 5350 23268 2135
8975 3883 88037 12994
5941 3820 9081 9147
5839 2507 94280 830
5428 9219 47257 18560
1744 486 97539 471
5127 3688 86156 13275
375 1161 39505 2025
5232 9517 18335 3070
6228 956 25686 259
2985 3174 25567 1871
9652 7939 13511 17012
499 2861 62633 17967
2895 7931 33713 6178
7667 6377 35656 15092
4766 7518 32901 12209
5186 8727 79824 13576
5317 9895 5588 14281
6334 7116 36199 863
4267 3192 99066 17633
2721 9996 21186 6195
3633 2080 98220 8866
4627 5900 44888 3534
2864 7991 44458 5300
6350 2704 56098 10478
6102 5888 60329 13100
7982 1207 62973 3584
7426 1703 27547 5834
9996 2709 85621 18591
5760 2884 69778 12554
6747 8429 21072 5131
9856 8118 9943 11184
2572 6948 34247 12686
6622 6637 68658 2933
7833 3184 89291 12941
6895 3344 81653 3427
5333 3996 78910 4954
8059 5745 13205 11787
2364 9046 51420 3869
87 4366 27953 3566
324 7216 83434 780
2583 5071 55049 1357
9753 6483 97410 4117
3289 4855 82478 18150
2866 1312 95404 5546
2747 9809 38027 6508
4944 3965 76509 10891
674 673 75542 8324
6858 6198 89381 6638
9579 8799 29614 4706
6016 4084 63721 5485
186 7900 29702 15210
9906 674 3935 8376
6431 2919 93044 3684
7713 9773 90287 5753
9739 1802 50529 4380
7398 948 37421 13995
6063 314 88722 16769
6801 1144 85392 9347
348 9614 79356 17420
1735 869 91925 12595
1093 8029 70847 8098
1286 8140 78777 3177
4777 958 65698 17115
1457 519 78199 10769
1758 7895 6668 11120
2838 4491 44163 11120
7512 4268 20449 10904
5000 4059 38475 13983
7882 3413 53214 16893
1149 5563 31271 10369
6672 3481 76834 18441
8396 9527 64158 1533
4753 5738 42725 13906
927 3391 63344 10771
5307 2648 20867 4414
776 3376 76865 4870
8456 2199 82167 461
7929 7297 22852 9892
1705 9009 7976 2967
1729 1768 66491 19787
2784 8348 31325 14912
9039 7672 45612 18676
7878 3244 66040 1330
8959 3623 39066 10043
7232 8562 18061 15332
193 8893 82494 17518
7986 5674 12214 16053
4095 5769 63880 13341
3608 3242 34148 6110
8608 9097 4645 7362
3874 4912 63396 15683
8769 5615 97338 11268
8953 1948 96610 3759
4679 7595 33720 189
4751 4946 45087 4220
3587 140 61351 9462
5164 2434 71742 6095
5258 1131 24928 18341
5570 6730 10606 192
7570 1450 39818 3890
3342 7680 10015 15074
8313 5193 83420 1396
2557 2176 82280 18795
1773 9216 79520 19746
9146 1541 26426 16118
5057 2188 82962 10153
3169 537 86836 9113
5195 7206 71630 2917
6839 8538 11626 1077
8547 947 89347 13837
7324 9201 59800 9191
3495 1552 93119 2508
2196 5146 12130 13366
3562 6567 3840 13770
7767 1112 14548 16240
8770 1010 49373 12342
707 7669 82688 11617
4715 9839 24776 3468
6161 2072 59863 3753
4276 6860 9333 6382
8132 949 95153 14431
8085 9482 95330 13447
4892 461 99605 18748
3494 2095 45138 9012
4791 3372 59257 5488
3391 3651 13984 15098
4816 1663 79061 3360
7758 4360 41964 2437
3532 8054 92970 2771
6416 1502 30443 3092
2151 3461 9887 1262
7891 2392 31415 18160
4805 4144 83827 3721
4474 948 33078 14653
1231 1440 80182 2140
845 1643 92450 7603
1287 3392 16330 4450
3824 3282 67033 14683
9800 1643 72307 15645
6143 221 93853 2241
7552 7210 61525 181
5002 2401 52287 14075
9271 6583 12359 4638
4711 2599 57744 16851
5226 7905 55956 11782
5955 1538 35704 6687
4210 1153 5033 17364
2035 2222 87244 9924
3246 5617 21153 16378
2710 2950 53891 19642
980 9686 49611 11132
1508 7446 44834 11311
8791 4177 81789 8510
177 6843 52634 19235
6949 4503 18746 4308
8653 6754 50498 8949
3837 8271 17404 9555
2345 2541 52674 12643
712 3019 80402 10827
4986 5423 93508 80
7558 9980 58893 14260
6932 5941 16551 16819
5347 9362 49423 5835
1251 445 59635 16774
6840 6773 24153 4334
5212 1022 45023 9491
372 6884 34005 5746
1653 264 80724 16715
6215 2347 2358 4000
3034 9465 44876 16499
4484 9804 27307 1419
1089 688 38430 19677
4384 5022 13454 11082
2452 7599 37439 9264
9871 7070 40278 16988
398 6383 19947 7470
6397 1032 47141 19808
2382 3825 73851 4765
2195 7763 52526 3122
2652 7411 4933 16237
5754 9606 98762 498
861 4366 51760 8472
3961 3550 61149 14962
9682 7225 88976 12908
5246 3323 21403 890
8988 1123 96467 3826
9717 737 26522 925
9471 6163 25128 9768
6390 8955 5702 512
1104 8658 95436 875
3094 1893 86917 1785
5774 7578 24144 5594
5516 9943 28917 15492
3773 4776 34780 14376
5408 2576 66647 1761
5233 5070 35359 6583
4560 3473 63767 9757
9678 383 398 17739
8482 5480 45439 11685
7008 6526 91221 17838
5740 41 90998 1669
3714 1601 45036 6959
9889 9802 80837 19776
6821 7773 81229 11428
1124 9028 18231 12896
7075 4235 10364 968
197 9061 538 10231
9713 9941 8330 7974
6328 288 6430 12919
295 5272 8546 4103
3805 3784 78968 2903
9329 9913 49753 14411
9094 2963 57197 7300
9297 4932 8946 18711
1634 4883 90477 3628
5341 5884 88725 1491
612 9181 87630 5439
5962 6628 53345 10081
2718 5280 79464 19832
8322 6364 93755 4621
8452 4341 93304 5225
1061 8761 6701 12983
5464 594 10615 9264
7034 7679 66507 6676
2422 4876 96094 3711
2310 4094 17889 10901
139 3752 32475 3120
1691 9619 60364 2409
2433 8380 29821 12362
8331 5850 86149 9359
4777 3416 17202 6724
7888 6185 66546 11062
4014 1789 90583 762
9153 6657 99042 18031
6690 74 25856 9611
6185 6802 68508 13943
8685 7658 77018 19011
568 1728 62757 3070
7088 2325 35903 7272
4517 1962 46346 18392
8410 3263 55227 19322
3245 1777 10810 9421
2117 3504 49962 6432
4670 6098 23493 15574
3280 3277 36373 13381
5680 1055 15403 12269
3153 2152 87044 19047
3412 3574 7104 4195
4300 3345 82214 9854
8677 6005 2379 2834
4488 4320 1636 4051
9661 680 96400 5768
8599 3372 30473 13665
7687 1857 12594 14083
5114 751 44198 9345
4786 4422 62110 16728
4383 2896 59536 84
6434 3986 8107 784
6078 9895 71206 16902
4213 5231 85298 14795
7782 5636 12907 19318
2442 391 17960 17861
1461 1983 88421 14005
2872 2940 14653 1907
2570 4207 996 18410
7875 2028 47261 19442
3545 6671 55586 18153
6149 4545 57594 13901
224 4185 97539 1519
2293 3396 62342 17244
3311 2188 13057 933
1789 7677 40386 5190
4097 2121 20830 16977
4750 3505 31534 12177
932 6931 70989 19474
2450 2540 2936 3793
8814 3532 20809 12832
5770 6696 70297 12762
5587 5177 56278 7154
6366 2086 21722 14804
5510 5443 59461 4897
6669 2550 82094 3836
3358 160 89965 17197
5327 9810 81468 14535
6398 90 38994 4374
9029 175 64182 1319
9292 4881 29057 4570
3912 4693 8688 2760
5905 1620 47491 16901
9850 6165 58944 4569
7427 3405 5605 3199
3185 7711 30590 12436
9232 3708 67080 7215
1995 4663 67573 9807
7316 7212 11334 6485
1951 6200 78707 10570
1728 9616 81436 9920
9355 5577 36732 16349
528 6590 63959 18330
2988 5409 32634 18275
943 2729 27077 2504
6313 9019 34410 5502
5673 5637 28415 16199
8502 1865 53405 19026
5472 4838 49173 2328
7269 7184 45726 13306
3431 161 63080 10151
1248 8991 81540 2398
8765 8020 69072 2164
9937 4590 98786 11747
3357 1224 32634 6851
181 485 33031 3596
5849 4796 54292 13296
4814 6437 19799 19289
7714 82 99949 3381
1432 9290 86075 7924
1527 1718 38643 10228
2462 8257 39039 5813
7386 4105 36557 15680
3641 7384 30298 16616
2307 2642 24922 10881
8726 8658 86884 16209
9728 7603 1200 3306
3075 3265 33472 16932
1153 2051 79580 12064
6820 5653 27239 479
2280 9372 68268 8301
5362 487 65913 8289
4353 8853 14987 19800
3192 3633 49738 4037
5888 666 22783 7679
4495 4031 9670 15642
898 2849 31797 15241
6245 1809 47238 12715
3644 5660 95147 17031
3478 20 97114 2080
4663 6441 50259 17930
2516 9687 75983 7121
9169 3913 58868 18962
946 97 3585 900
7913 5764 91065 19872
2340 9482 92218 4480
7007 7337 10248 12444
1251 5918 79709 3129
3178 8477 68834 19901
615 6013 54158 594
4863 5696 1976 1524
9297 3260 37207 7414
9987 9537 54568 19455
4879 5305 94046 2338
3988 7694 75638 9849
463 3614 32935 8197
8214 2079 30857 18833
3931 1475 84586 10494
7746 4999 23785 2049
8521 4741 42241 13257
8149 4318 88532 151
3753 2781 26048 9946
3922 6205 42761 3797
9450 7726 32958 13928
3898 8038 39591 13292
8240 1441 94439 14383
1237 8468 85396 10814
6854 3935 49566 6806
9868 6525 26085 6125
9372 9016 31921 13138
866 2185 58058 1450
7313 5931 30386 8033
6044 1259 86475 12623
666 4888 41538 14037
1438 5600 36501 9269
3104 7920 42827 9
3754 4253 55789 9211
1829 6849 61172 19759
7478 2794 49313 1623
2320 7276 1628 18481
5600 7046 48767 3802
5041 7207 99102 8236
2464 1904 3264 19158
3522 1318 20023 12813
486 4286 21910 2209
3870 2479 18549 4716
2946 4385 15596 15145
8603 994 61906 4399
7784 2486 23300 17911
3172 548 56448 7629
9881 7762 68758 5805
2683 6414 47519 14776
837 6449 92015 3184
5230 2671 81766 7490
4781 8616 38906 3036
3442 4561 96340 5923
1924 4154 31773 3246
3162 3707 26842 7444
7797 2010 2345 14071
8407 6233 33254 19205
404 3682 24744 15058
6521 5294 7927 10889
5480 255 40424 4491
3251 4251 19439 17942
4340 1865 37600 3817
7432 2356 70803 19254
8519 7212 20572 9130
8849 514 36294 4243
8505 1667 53349 1582
4127 4274 89285 6109
9828 2701 25900 8369
1505 2317 27023 501
4157 2009 1313 9090
9469 1020 63199 7168
1865 5171 85772 702
7111 1297 98785 12462
4325 610 63850 15228
7200 2241 17164 1102
8865 508 4468 19408
592 5430 66656 18632
8911 8671 64081 18643
7076 8229 30440 5887
1723 7228 14590 11187
4999 749 66423 8173
5012 6424 48962 12746
5522 3015 41255 3272
4558 6124 79658 10920
6352 8133 60942 18281
3862 4546 84711 5603
2472 5839 69609 5937
1167 3664 95350 4083
7751 7035 16024 745
6185 165 16885 16629
2552 8715 71279 8384
5368 9380 14635 19656
1484 7687 94918 11241
2675 8578 20137 7379
3827 6069 14445 16252
6234 6160 76087 2375
4381 9942 98358 15403
1512 882 80999 6123
3008 9424 75628 15796
568 6489 30806 17080
2393 2106 48313 2670
4076 2043 25961 16541
2102 3813 74177 6377
9463 6781 68654 3619
3490 8022 6103 6345
7635 9188 80445 9026
5794 7245 98808 9069
6700 2966 48602 7953
7438 7469 32202 886
8923 1271 90739 17976
8051 7167 51316 6013
2140 1542 36675 16496
3109 2365 68993 7415
742 6131 57283 16317
8771 7623 74416 5711
1981 6531 66434 12670
6719 7330 7536 7113
3485 934 81378 16426
487 9876 10913 17711
5077 5008 68110 4078
1774 4582 30348 8232
1052 6257 41791 13048
817 1030 77629 6818
7664 4326 98342 11010
1924 8399 16810 15494
4945 7382 6532 7078
9492 4531 49613 4897
1046 5554 54906 15812
9438 9792 32892 5644
1458 9302 19809 8403
1175 6558 21095 5690
2654 937 45025 12437
8965 2141 41704 14604
9627 6013 95324 6888
616 5648 80113 6073
8181 8248 38715 10348
1098 4123 22795 171
2783 8837 69121 10989
6999 7783 33550 15502
6285 9664 64332 3434
432 8206 30287 9523
618 2801 87811 8893
9197 1424 53638 11698
882 3205 71491 2023
9294 4903 20260 2463
8328 7621 60394 3938
8727 5326 92559 17880
1610 7761 93350 13482
6307 9876 6705 15430
1448 17 89842 13195
4175 8955 88141 7469
8821 5406 49909 7593
5895 5113 39483 10310
8736 3230 47591 13794
3796 4883 22049 10596
4438 2748 37251 19072
1415 1258 63316 5866
3660 9695 37958 12671
3886 4066 11563 4776
1329 1229 87117 17482
7068 3000 58282 18694
4256 7802 88249 13817
2638 4470 44792 8655
3162 1944 87601 19701
7337 6891 51195 510
9850 6848 91630 12387
1347 3809 70009 9289
5523 9734 87044 5196
322 8077 30006 14898
1912 9543 5157 11216
7882 5379 44122 13829
5023 2499 51495 4083
3117 4643 20763 8830
1609 9094 67518 6095
846 2879 89437 7897
8104 2377 75554 11034
9107 2336 8798 9635
7142 9050 34828 8640
1297 2985 58703 18236
9483 5962 61754 13468
6748 9454 60764 15536
3620 7783 84496 16205
9819 5077 77918 13559
8357 2471 51162 3441
5018 3224 48459 2597
4895 6096 89976 19089
8538 8788 6757 18037
170 504 57403 19288
8888 9773 86201 18809
97 4599 85638 8443
422 9645 85953 4937
4991 9307 19380 1242
2778 5670 98043 484
9069 281 93022 10837
2052 2029 70569 15373
7667 5649 46158 5085
4317 1576 74853 6582
9893 845 10357 12841
1144 2179 59338 5848
9512 509 95774 9211
1148 2533 95112 1499
5598 5846 86876 10242
1847 8718 52433 5726
7866 8143 37119 18233
5607 4440 12702 10499
7184 5506 62469 15232
4504 4328 73452 18435
1006 6164 87103 18970
4588 3976 84139 7218
2244 5479 40237 1834
2121 3306 59896 8650
7354 1445 99380 9052
4269 4821 34162 7511
727 9626 59092 4759
1991 8992 19396 19890
3793 337 53793 8752
2698 9596 53598 5939
3490 5726 71186 4139
8514 5820 94035 17075
6546 5471 6595 13394
6545 9089 45525 18973
5497 5139 51211 355
3284 7751 16278 4896
7741 4281 95220 5426
3102 7567 35458 15667
1144 3424 24869 17783
1539 7580 50852 19828
7750 1938 78360 6456
1556 5315 61616 19284
1615 2345 35375 8924
3827 3038 6623 10907
6612 6503 12037 19486
9549 461 64633 7722
3065 6681 36276 3276
4080 3761 40056 10549
7894 639 76206 3299
5675 1753 36162 10421
3528 9205 86947 9566
6650 6433 19620 11024
6375 6119 23716 4960
2606 4128 94186 5394
3844 6370 63758 384
3925 3602 61723 4938
2793 7136 23394 13617
9673 8866 28383 2722
1244 9424 99788 9236
4958 6045 35329 10530
908 141 96284 15204
2054 4357 17977 6083
740 296 84152 15440
7898 1710 48354 269
711 3779 32898 4964
9250 3358 50245 16036
8313 5605 3429 2882
2780 5035 57082 10761
4828 6735 35100 17826
3529 3755 98514 5209
7900 7273 87103 12821
5228 3026 71424 16252
5120 1112 95391 16556
2306 1815 3881 5992
6748 749 84151 6967
1741 3497 52817 4281
278 2676 25617 14297
737 647 59850 7773
5171 5049 90284 3599
7447 4089 46802 5938
7404 4781 51943 17220
8828 6677 92591 6183
5797 502 84325 9636
6139 366 45125 5204
6346 6873 38911 5240
3279 2928 33866 13888
8444 1544 35997 16127
5869 4221 84363 19448
6826 5944 60492 12620
704 7026 94898 1543
5699 8514 86265 14684
6872 2717 49874 9901
1023 4073 80680 18284
8276 4754 88633 5951
3290 3298 20782 3320
8541 2708 65691 6123
7339 2504 62837 19202
9785 1958 70446 14664
6459 4677 55241 17686
5441 2282 53531 14235
3791 3441 93795 19785
2361 245 29250 17667
1898 1425 14597 344
7391 6930 47456 18065
1590 5702 21248 18651
1550 67 91982 16975
8194 323 30328 11582
2462 4085 17632 6502
9946 8587 42290 5756
5415 7531 55955 1030
7773 6415 13595 10300
7173 3282 18463 4025
7627 1802 95137 8054
6121 2142 6023 16153
3499 4712 54078 11169
7879 9927 66339 12099
3260 7640 41537 18738
5850 4838 67205 13163
5721 5573 25254 13744
6155 9561 67474 18071
7524 447 19224 2080
1408 7639 88749 13571
1828 2366 96740 4993
7904 6933 11792 13280
8332 8960 81781 2426
3103 5221 93237 9016
6463 4105 80311 12131
9312 5976 35063 17974
5687 4392 82210 18350
2131 1366 86909 13790
236 9678 76384 7843
1547 2630 81746 19478
86 999 54505 8117
8317 3689 54597 10563
6899 4539 79093 3229
559 7180 23979 7710
8561 3032 97860 8015
2938 3030 18749 17769
9730 1767 67911 1822
1885 5005 30079 18028
8641 5674 61308 6680
5127 8205 32105 9437
2082 4353 21336 209
9368 8423 53834 19207
1415 5638 60784 6060
4505 289 64519 2982
7327 9552 52207 4688
1681 7549 87553 12527
12 5423 11682 4580
8933 6038 4557 19983
143 3847 10479 6470
5812 3458 74411 15284
8292 904 87415 2994
5724 5482 68343 19682
8887 7883 66679 1238
4003 9340 41657 16681
5538 1003 56297 91
6010 416 63252 8828
5048 2911 91065 4749
4082 7769 77798 5352
9359 1844 78945 2361
735 7327 46839 1640
5559 3997 73392 19579
9514 6529 44447 12392
7794 9537 75268 11919
9118 1498 34381 10759
5487 794 60056 8177
7993 126 55597 2109
3462 8828 43388 13789
547 7447 67047 7399
5722 5931 58547 862
5262 4437 22434 1440
6231 1899 36059 13038
4042 8391 83503 10588
3012 2117 12551 15602
6610 9856 97497 8247
9061 1726 90229 2016
5169 9660 82303 6578
6478 6455 67323 6207
4261 6948 49158 8894
6962 3810 92078 9918
9129 7 68245 5855
2567 837 7924 6486
9642 6216 46743 287
8171 3331 68169 9578
5284 2636 57771 11123
8371 3154 71611 15468
5252 157 39642 7463
2172 8649 96395 14961
680 6936 36116 12523
6354 3784 79612 8234
2574 9571 87683 6202
310 134 38447 163
7116 2278 13017 18760
8674 5959 74926 18925
1575 9243 74293 8277
6526 1927 23019 8122
3395 9204 99346 5211
7744 8953 37809 13704
5305 8718 88080 10934
407 1377 32760 5344
7839 2425 2065 12951
260 5583 53604 11054
4799 7952 55049 1074
7224 9973 32730 19182
1310 6570 21381 5148
7294 6279 19272 9663
2390 6675 49607 10948
9626 7241 12162 2516
38 3553 86666 5382
1539 9942 58896 15817
3711 7941 27876 3443
6493 818 62070 19618
131 8264 53102 15172
3256 9365 84363 9380
3476 1026 46516 13261
885 9973 91270 5521
4353 3785 53171 16207
2354 7666 84614 19078
2341 3331 81081 1824
2835 7482 66085 16841
6209 2006 85487 14322
7517 1011 94942 5247
5507 3003 80103 7827
1224 9483 54645 15665
8735 132 35417 18420
6331 9111 68266 19622
6396 4896 52573 18174
740 5183 82124 16277
7597 2765 83350 15690
6696 7514 5622 13132
5405 3306 21705 15725
4816 4994 32824 10690
1765 104 26220 9359
7186 8306 16858 5441
4145 3020 35129 819
8418 7333 79440 14846
2964 878 95562 14248
1039 4204 27323 2605
1470 6749 98417 11903
2766 8400 467 2236
9782 3142 47992 4684
67 4708 66910 10223
8496 8666 63022 19321
535 8095 23096 9571
3705 8319 58437 5792
4285 402 13937 15984
5593 1498 39084 4614
5155 5273 20029 13484
617 8684 60638 6157
2489 9790 36858 13422
259 2953 7991 3403
9791 6498 30004 3279
9258 7368 13893 8017
1579 2988 58064 12930
180 3664 7940 13171
2502 9139 78732 17407
2452 8619 4627 10829
339 9186 51879 14089
4857 699 16399 19851
9062 7044 26762 2094
7353 3913 95978 1066
2928 2220 88320 11561
4217 1630 8910 10367
8103 7609 77691 333
7328 5145 45670 8341
739 8621 68600 608
2633 4065 66014 13843
6038 2805 35633 3813
7045 1601 98305 2827
1369 5264 63096 2997
1384 3459 52126 15926
7448 9954 18121 5014
4697 8813 25839 9163
5493 9208 22688 10218
7535 6906 61043 2466
1096 8742 54558 14299
7903 236 87683 1838
4786 2550 15020 9846
305 9894 30636 14085
6871 1375 49647 15727
5983 5570 77163 5157
8819 390 32412 7466
3346 8488 98323 14196
9027 9843 44623 546
6560 4576 46979 1397
1863 3298 54729 14503
288 3460 30374 6531
6323 3783 96460 7574
1364 2781 58655 13131
2000 2813 33703 10442
6423 1288 14267 18744
6318 6825 63712 8082
2499 8877 72484 10845
1597 2940 9830 8949
1380 8454 96470 9872
3311 5648 43152 8239
7401 1805 66498 16190
1560 3970 58670 4415
3378 8018 16667 30
6879 1968 16415 12159
8842 6103 45864 4555
9962 2484 91628 19806
1016 5338 26290 13030
1157 8538 39376 16006
8386 9008 12641 2754
5769 6357 24434 16415
6605 1044 45965 18000
9218 9615 72642 6795
4590 2765 40519 16784
5391 8680 7948 18310
8865 568 57911 1021
4666 6095 10640 15999
9321 2513 29439 13058
2326 4459 95375 17283
8196 5105 85847 6264
5830 7937 13505 11331
8377 3212 86498 16679
967 7470 27064 3923
1351 7315 48787 10004
7524 6842 17909 5387
7687 4012 12737 5101
4140 1597 37958 5300
8488 3977 5939 13063
5010 1492 74331 14933
1158 6425 46968 6288
6045 9745 24635 4354
4210 7699 20704 14879
4649 5427 76600 1760
1231 6918 20716 4259
1083 5332 67323 14000
2381 7476 42648 15642
762 1313 60101 65
4163 1045 38822 6156
1477 2617 44106 12224
4543 5674 5071 1732
386 6300 96622 3144
2407 6039 61902 15610
2810 6264 2525 19481
3910 5234 59813 14189
1127 9645 38864 6724
9202 2203 59484 4855
627 4229 45081 17748
6072 3789 21445 4976
6800 2520 72439 7449
3357 6766 86821 12878
8287 5955 63208 2493
7911 5331 46338 3444
5272 1230 11222 386
6917 5665 18226 3697
9388 2128 26030 10297
922 9105 86097 17104
585 3598 85738 17041
9781 3595 43156 13543
6681 1175 18427 17837
5408 4935 54495 11569
1265 9488 93407 9659
6091 9339 48220 13452
554 7047 31143 1130
1526 6303 51621 3701
3777 1907 44083 10751
1265 2231 66737 8727
233 8257 13248 6520
8348 6400 41034 11137
9195 3717 22265 18469
4210 9944 50996 4999
7526 6887 38094 12507
3349 1545 14978 9704
9070 2162 37296 5646
7854 6836 58123 16752
7961 9260 88683 5321
2805 2538 35271 3672
1073 5511 89440 2450
3085 232 12582 2798
5720 7888 72795 3383
6109 861 75589 182
2288 34 47536 16501
9111 7669 93826 9717
8342 9506 72722 19101
4874 1824 40307 17313
5480 7864 26199 13086
7581 6574 28340 8082
9681 7541 72167 14044
988 8 64098 10963
8902 1648 21324 15205
8456 6693 95227 4320
9164 843 92107 15727
1913 4856 35744 12809
1661 4582 6019 2986
4812 5330 53159 3948
9177 882 67330 15994
3771 3225 4777 7542
3615 6846 37618 9542
5962 4578 84267 18437
9331 231 38110 16490
5247 965 54180 13377
3384 2487 31059 3818
8146 7685 9594 13004
6671 2679 22668 13394
8653 8678 65874 15225
4805 7835 65285 168
660 3315 15160 4775
8161 7923 16151 2199
7631 4887 93694 4783
3477 2023 82065 15037
8066 5330 31802 13429
6530 5492 92838 6192
9165 8310 30704 11193
5913 4468 24285 4101
1233 122 97701 15170
7442 305 70732 314
3439 3143 94402 1188
1852 6216 56360 18955
3769 3270 24300 8196
9165 8934 43155 19147
2501 8342 71875 3498
4476 2160 49411 2585
7139 9962 75116 15046
8210 9256 46656 5312
5162 8890 43653 13797
7780 5773 18904 5219
1885 9831 48119 16326
1451 6038 39094 328
165 8059 93828 18169
6841 9477 65564 4839
1441 7990 94105 9685
846 7185 93631 5227
3335 104 88208 2624
258 4100 39984 7643
8757 9826 73966 14858
8739 1747 51262 4998
228 5076 5538 9958
9470 5967 78103 9830
4542 2785 16906 18542
4012 5278 17038 9767
5626 8588 50806 5917
2290 8893 54816 18068
479 9846 38788 19966
5593 5307 91968 5843
896 9683 48756 9459
8559 8665 54428 5130
1290 2019 71873 5588
1441 794 95064 12002
446 2153 49070 11580
3931 169 13126 9745
2965 1724 8617 1108
3781 9837 72354 12431
4065 2927 62928 9669
7280 3531 34108 2540
374 6419 19520 15918
2402 9995 51689 3504
4126 9871 70199 12188
25 9557 77350 12718
1464 2847 96354 4079
5215 1238 23155 5267
6262 4069 96764 12119
7970 3674 97993 19831
359 7066 23153 10649
8801 5817 6636 8403
1787 495 81863 6888
2264 9053 48766 2974
2876 3072 41000 2109
9120 2065 62383 10553
1366 5534 59902 13021
2552 1797 79673 9638
7780 3928 42311 16062
517 4063 65712 984
249 7408 39267 12399
8132 6190 61844 9769
4753 640 7894 3794
144 2261 47657 9497
307 4208 93492 13226
2920 8061 1296 16405
9610 934 24590 2998
8733 8479 7001 19663
6819 3629 17182 12093
9328 1002 84728 18715
6608 7408 60714 5603
5931 1698 89706 16539
7360 8065 51204 2427
5043 9553 49934 12105
6152 8175 44334 15523
5978 1281 53851 587
8446 6370 37116 6981
2156 4008 61901 6066
6903 5221 57481 8388
4681 2083 74330 19380
9204 3422 58263 8724
5036 1767 55949 14296
400 7629 64651 16533
1217 1425 76392 2111
2006 823 10813 14283
2125 7046 4033 12357
6567 3521 57562 3929
739 9427 84597 11205
2725 3859 64953 10174
4300 455 53102 10211
4403 9763 73424 15086
2790 2588 6802 3750
8849 1866 99566 4628
7410 3025 2252 2309
1556 4761 17326 2209
2709 8204 64507 7971
7443 6104 59568 11978
2755 288 62130 18100
9975 7230 53908 18374
5185 2954 87976 13036
804 294 48328 2228
3590 832 48585 4752
5132 8577 62579 18088
1550 8678 3335 10242
6424 4503 32966 17633
444 5424 50374 8657
8747 6000 58214 16230
662 2584 76753 11719
727 1281 18009 13092
8688 8390 48402 10548
2239 8725 15348 10756
3319 7221 36015 4001
5235 7784 65071 16861
6530 4120 38763 2876
10 1920 35081 10204
1533 5380 51222 9843
4446 3848 29886 14642
8635 7426 1290 13533
6749 4897 39042 14810
8274 1070 83710 5281
2735 3328 23097 5227
4246 5286 22001 4286
3215 3807 54811 13564
2624 5787 97747 16374
679 263 15059 13777
545 5899 54750 739
5624 5059 45813 1236
1817 6455 48148 7630
6251 9549 50421 1042
9482 6663 92882 10406
7240 5921 19202 16261
8722 9173 713 5307
6281 6834 11688 3734
2361 1440 27085 7618
6964 4286 36537 2401
3713 6303 10841 5594
2516 7167 98491 5664
2998 2643 46174 1516
9701 4789 51646 1631
6845 3960 19535 2257
1535 8418 54878 18983
3831 9323 90209 5200
3116 2091 76599 17599
8509 8643 82234 10291
8524 9807 19535 16309
5726 9712 14168 12210
8425 5715 27813 4189
6499 612 46088 5636
7645 843 78543 404
3132 8658 59760 245
1189 1088 90539 14774
3363 4968 63984 11138
7439 5626 90618 847
734 3873 5372 13226
9812 4471 92322 14951
5551 1562 66883 6842
1959 1909 36879 13003
391 1974 77356 18781
3444 9608 85591 7987
1548 7058 74159 5633
6464 4876 23757 11733
1236 3811 11521 6990
3973 4538 29807 10719
707 1974 4890 1666
6599 4977 96057 11013
236 7729 6594 8557
2080 5889 92639 4846
7357 6906 69277 11257
7893 4056 11340 6041
1683 4674 12204 1185
7250 7141 66819 17643
6992 3914 37682 16763
6097 3329 48792 18297
301 8234 22457 10254
7430 7023 71334 14354
6115 1329 72969 13495
6740 3170 76025 16935
9804 7605 95212 808
4653 6460 64241 14762
6337 7565 77234 15505
3362 7338 46981 4638
2870 6159 41187 3496
3360 3180 3018 4422
5675 5949 53665 13155
6283 8913 19029 4041
1905 3895 11128 2522
5158 9539 81096 17811
2701 8334 99167 12680
3654 1776 27482 13093
5293 8944 6895 13806
2332 7798 4259 8869
3793 5047 48554 2066
9680 2006 51662 7981
5408 2494 55062 14747
5069 1357 28659 16027
9013 2823 84999 17407
1988 3346 32991 14382
2734 3842 23398 16888
4196 893 62258 9385
4934 8226 42731 7303
8305 3728 89115 4091
1221 5930 3683 8907
3006 9577 34668 12264
1171 5697 56133 3231
6973 3720 33994 10805
9331 1995 79365 15008
5196 194 18122 7699
2119 4084 80752 7241
3629 4656 85224 19199
5668 5009 74088 8126
7333 2391 13271 16593
7210 8602 9054 16045
5932 57 54820 18568
8096 7944 53599 6092
1868 9858 41436 17318
2734 3339 72404 15380
7886 2893 88302 4956
2781 1170 74093 11181
8882 7080 85492 1174
7439 8757 14590 14346
641 8224 39915 5513
1015 8594 52383 12970
6690 2133 10371 2697
4848 6296 64753 15530
2383 3082 14997 11439
9297 5346 80782 15994
2081 3313 35535 14097
7615 470 79435 12477
1838 5590 29421 8920
7934 7124 95356 18775
2368 4528 15039 17084
2966 1657 61218 17287
6291 9576 82178 12726
8638 4747 43497 7400
6504 588 19861 5873
3745 2264 72610 16489
7508 8107 38940 11063
36 3929 26746 12787
4386 1744 36464 11661
7089 3038 33504 4226
1997 5165 37168 17893
6570 9084 17668 50
5009 5764 36953 10099
5323 6782 5616 18077
6531 4291 91316 19026
6569 2603 40673 12790
809 3552 50911 16895
6721 1813 46491 417
1461 4143 21477 3520
3352 1841 38893 15104
8739 7886 93997 12172
5916 7370 33564 17287
925 2841 837 17506
2222 6166 26773 15495
4685 6351 74031 10971
2560 1518 47771 950
4967 7522 40857 17733
4921 3759 228 13968
4356 3297 10031 10889
4650 5527 98860 17860
7617 929 21931 14145
1204 8779 56322 7988
7538 6188 25891 17414
5809 2126 85129 13354
4910 7052 92399 10281
4157 635 41625 10790
9149 2656 73067 16342
1817 6888 95156 2707
343 2560 86315 6939
8115 9853 5781 1785
7831 1572 33340 6792
4111 6511 17255 8827
8003 2205 85319 12882
3267 6364 93210 5170
4943 3390 59203 2889
3212 7028 75639 17944
5764 5773 97339 19854
7321 9758 59499 12938
1446 7417 32021 2102
2318 8246 11108 11279
6604 428 29150 9310
6295 5506 47458 5507
645 7319 67560 16713
9949 8942 94065 19274
7955 6388 11221 19394
7330 4436 67712 15688
2253 9203 76668 3386
7135 4405 92838 8103
6164 2700 14259 2316
1559 3340 73188 106
2867 3161 30154 8821
8404 4836 25172 4525
4796 7344 68619 17250
3590 8631 69917 7358
3437 1408 58615 12875
8477 8210 45154 9662
1091 5388 67517 2377
6290 8564 71867 19026
9074 1776 24828 8829
9837 1376 40222 11563
8652 1325 46100 5460
7372 6040 57008 8817
6703 1352 48585 14804
7521 3553 61911 7616
720 5793 83739 8892
5074 2399 56627 15317
9943 8664 60104 2188
1207 7521 97911 12808
7721 5621 42268 5946
6131 3174 83777 12165
9745 9057 10265 3542
6588 413 31050 8811
8414 1196 23012 13459
8092 5322 41934 15067
8009 7748 30164 14755
1471 296 66525 4798
4540 9681 29118 17511
4182 3428 71521 761
6053 4480 86986 10557
1642 6955 45976 10162
2164 2902 26213 19559
899 9459 62502 603
3673 4522 75415 1506
8522 576 7742 19526
6795 6500 73960 15476
8044 1474 86227 18692
1706 8029 59904 7035
1943 2566 40622 15063
1530 9194 49450 9852
3133 9678 13248 12418
8424 7850 84314 17225
7219 5495 99560 7969
2923 7341 43006 2047
6323 7451 68794 10234
7603 6479 39540 19850
391 2583 34556 18567
6851 7842 25789 9711
2256 4660 74457 1712
889 4159 21037 17085
4565 4133 64845 13190
8626 4846 35567 3504
5186 5485 20223 18393
2050 6757 81022 10464
7633 8654 53614 9513
7034 3061 87928 6016
5064 6436 61490 9921
3279 5320 81384 16562
308 7565 22930 1974
9186 9712 35471 16698
3374 626 46968 16656
1160 4303 20010 10408
9204 4858 24166 3565
3134 6168 6023 11149
7374 448 63971 12269
2374 9411 49948 14555
3670 7724 54884 16245
457 3769 63153 5789
1636 4535 73385 18433
873 1186 833 8736
5297 7700 98615 2414
3310 4245 39620 6063
7982 5994 57976 16945
9456 2152 59766 14649
2469 7387 41089 3774
3581 6918 42490 1463
9982 5425 50172 142
6994 8503 36244 8435
2374 3532 76770 5527
6513 9303 20010 3481
9116 7093 90668 19857
662 2228 73058 15362
2071 9810 3344 6767
8293 7795 63339 8383
2598 7383 90740 13771
3269 3293 34616 6104
545 1290 14398 11827
9079 9437 78006 1842
8434 9104 15501 4128
4934 3937 5084 18126
2113 6382 80804 19723
6450 9577 52272 316
6807 4139 36089 1381
1160 41 80598 8033
5984 6403 5463 10685
535 4317 97492 1398
1065 9583 49938 18030
7214 1201 76314 5074
1796 7379 7020 18546
5755 7597 73456 10176
9682 3877 69673 15374
561 6372 42109 13789
7181 7111 99056 10450
7536 4386 26897 5094
2560 6279 87505 15265
8945 9020 15806 12396
9986 1184 24420 7327
1475 1054 91305 11456
6423 388 3610 12869
3114 1563 11840 9079
8726 3566 9585 5775
5365 7577 84933 13011
6938 8806 1264 17641
714 1264 84209 16705
4501 4935 98863 3372
9837 5287 31609 16768
8980 1504 38091 13677
2044 4206 65962 9156
7547 8689 80755 18634
8509 4463 65983 4316
4368 1376 40820 6620
9506 427 86524 4915
3253 3792 28049 19564
8892 1760 14425 980
6717 9372 24347 14136
6488 3932 23034 7991
1611 4641 55932 14906
641 7668 16597 6723
7383 7552 46063 9850
4659 5166 50819 1745
9276 4570 31574 1948
5384 2875 32876 16878
9062 8005 7393 16827
2520 3785 63962 9307
3538 6309 4944 9525
6849 1711 28497 10514
787 2675 53397 11693
5513 6549 32104 7517
2329 6005 70970 6663
1938 1736 59567 19301
6431 7535 99133 13707
9450 8512 63205 16470
8031 3162 23495 10576
6331 5352 21931 18986
436 1214 79030 1921
447 5271 4112 14865
6033 5534 72834 2398
8648 4884 4462 18212
6002 1028 86247 19610
1400 2227 41243 15729
1193 8059 61803 13209
7468 1063 61624 5748
2489 3836 48469 11075
5983 6364 14732 15802
8970 7753 9364 1273
7584 8114 58063 9650
2066 3850 52139 2183
8772 8761 85104 18226
1380 950 74810 3087
6140 7001 59060 3040
9895 5030 58333 10457
3988 5177 81905 11504
9079 6904 94344 16700
5530 4836 42467 10003
8303 3895 28262 12383
7350 8381 729 10990
5804 3801 8847 13233
40 2525 44748 3392
6754 4463 56289 11047
3523 307 23803 427
6506 978 3659 19809
7254 4338 9890 6561
1961 3813 94774 12265
3421 9716 86145 15693
7303 1462 64865 19745
9808 826 27603 7487
55 8389 90998 17136
5527 7699 81542 1343
9065 3679 51393 4264
2967 1831 25318 12317
4603 2561 16324 8210
6043 6087 28050 6680
4580 3069 39094 11931
4475 8758 29768 12312
9547 5771 13344 15489
6422 9420 9165 409
9010 4540 42027 229
9231 7968 66366 16973
1624 183 28601 15577
8497 1101 64421 5357
2858 9391 71360 12234
5302 363 88520 12141
8841 6154 36264 16424
7991 1547 26443 5093
4207 6074 97412 3009
7280 2589 2330 13375
3780 8079 86926 12923
4287 9703 85026 8394
329 4440 46772 14705
8518 7548 25781 4441
5044 835 13847 9102
9446 2088 79616 7594
8 8271 66386 11576
1377 4497 66883 7950
695 2467 40811 17673
5417 176 4013 9136
2821 4944 40380 12280
7698 9632 55375 12936
2994 9494 94593 12574
9970 3745 23217 8662
9098 1388 79174 4502
9015 8769 14501 2380
3333 4731 52609 18812
2316 4435 6846 1795
2441 3938 30489 9216
4658 9382 66585 949
7376 4498 71166 16617
3092 9583 53691 11625
3860 7603 27259 19673
2357 6384 58675 8387
1748 3839 31859 9834
6116 412 10045 11821
7359 3727 73853 1178
3309 6102 18438 17452
4641 7980 94881 14641
1207 8480 38565 14628
7117 4981 91458 4871
7665 8337 16180 19893
502 30 73735 1229
1210 9459 3789 4335
1506 799 54386 5689
3750 2134 69651 13001
5784 9033 82150 11662
3410 993 8545 19526
8072 4106 62234 18878
1022 7654 91027 4266
1652 9357 53932 5740
6827 1332 44163 12414
3993 3972 27971 9570
8540 9228 21299 17328
1697 2185 48462 9532
8028 4090 51167 6092
7850 2538 28979 15759
9437 4609 33073 14259
4071 7265 34352 11325
3991 6920 15323 10516
5602 5337 81336 15332
6758 3756 67075 17927
2090 9343 18238 11475
833 4028 60425 14357
8845 7015 50679 5021
8581 3464 32412 16959
8843 9852 50621 16765
1044 4820 42594 12238
4350 46 96772 923
1296 6935 14279 11760
1104 380 53954 14392
4309 1025 63387 17745
6956 5489 51767 19649
8399 8750 41193 14994
2172 7382 43583 16707
6855 774 99738 5474
8388 9747 87837 11235
8262 7174 82835 19930
4674 1448 43653 18268
1828 7233 2670 12103
8575 8862 29096 13646
7732 447 63004 178
9325 5176 57745 6897
9881 3902 23606 13737
22 3617 71811 19071
1613 4017 55807 4952
8718 8139 62160 2173
501 5577 40128 4384
716 3805 51659 18829
9404 1772 73395 8191
5893 239 24060 16675
7142 2395 25845 13756
6593 2614 84445 14456
1508 3310 71643 4111
9989 168 7378 12951
9569 5845 93208 19188
925 4764 10569 5131
1281 461 68882 514
7445 424 81985 14002
6540 738 43728 15996
5333 2381 77468 4841
1793 971 75943 17333
8821 2084 16938 9344
2349 2683 18080 2707
9192 2142 20257 10855
2485 7004 63399 10403
5159 2547 40871 2387
9065 3696 49087 9101
7954 8111 13205 4108
50 7708 66548 381
3323 8593 40903 15038
5047 4835 16554 9582
7279 3460 77188 11299
4055 6256 98653 4457
9679 6918 15161 11312
5693 3903 83112 10636
7039 2036 40092 5125
7297 3156 51496 12213
458 1487 66468 14471
1980 667 50571 13903
82 3338 68832 7875
1173 4818 98631 14027
9345 5304 24442 12516
46 7625 55348 15419
898 8297 6704 5892
5230 7943 56800 1680
7504 5328 98526 813
8823 7164 53536 14305
7045 7666 25298 8836
8675 5871 21648 12274
79 5824 9677 18456
4841 7745 69249 5332
6669 2562 12214 5655
2466 6914 17160 11133
1515 1940 80725 10762
3362 6228 47605 1799
9826 6801 50833 15912
3553 2613 84917 131
42 5954 97689 11326
5505 9570 94839 3811
1776 5406 28949 17943
707 6488 28913 2382
7508 606 47643 1803
1438 7916 65779 13346
2509 6024 34137 13587
4277 2365 65864 19635
1880 3730 94074 3558
2852 2399 60873 15915
6911 652 52909 9137
2902 9621 35778 16988
6631 9662 1893 10284
5867 9268 54276 18672
4889 7284 39341 400
931 3107 56137 11345
3463 3716 6889 5258
3516 5701 70604 12183
1504 5519 75467 8245
8737 443 50592 5251
8583 7348 75273 5198
2609 8971 70729 5798
6973 1702 2620 6740
7763 7475 35026 13377
7647 4879 62056 10153
9383 96 5539 11140
9128 3558 56872 19597
6177 5798 66091 1923
8748 827 42738 3705
2780 6430 90887 12407
1850 490 81859 7952
5237 6575 71134 10276
5690 2195 18831 18154
5361 7811 95432 5219
4106 6169 18550 12298
4401 5655 33038 11667
5330 350 28119 9472
1407 8369 38907 13854
2572 8097 60009 6110
3387 9970 53674 13715
5313 1797 72092 9991
8691 314 69074 16879
8156 3082 18627 16873
7885 1798 60269 2737
4749 2976 34635 3930
190 7876 97952 2473
5230 5784 33214 14625
4974 976 34315 2485
772 9139 69828 17915
7343 4765 48137 6865
7828 1812 65622 7943
7817 8313 50546 6834
993 8525 81355 8370
1981 6915 84138 15271
2251 5951 24422 1813
2662 2694 2830 4348
8292 4239 15816 5446
7339 8351 31171 11582
6249 3570 14874 16140
8008 8825 10098 1937
669 5144 61673 13206
4634 2149 88385 14746
1938 8368 14751 2207
4691 9884 44817 6281
1625 5500 95519 6521
8167 6170 66104 3136
6086 4054 19253 11501
4284 3774 40197 14607
3802 9592 78117 12546
3766 3897 97748 15059
616 5990 51405 1115
4794 5283 61047 15339
7154 5400 66125 5043
5418 3773 71516 6283
7739 2932 31169 8247
5586 4882 51463 11366
967 9361 91748 2822
1148 9448 74912 339
4359 5733 76442 12083
5268 5551 17313 19593
4287 2649 84793 5445
1681 1162 36172 18922
2122 7785 18660 4120
7361 6214 95426 8378
8160 4838 49015 7505
1272 6920 29329 8751
9895 9442 12780 19566
9623 6661 72285 19412
9967 3226 26384 8468
674 9475 73726 17281
7918 9087 85180 8084
237 5103 83454 19887
4048 8523 25663 2419
6278 7250 72225 11311
9321 1250 69073 11023
3281 7075 27010 17616
8229 4346 97953 16603
8579 4877 53208 6679
3016 1058 60972 6264
6323 7268 2373 8276
4383 3278 56828 3627
8774 1536 11545 7800
2019 1223 83970 6507
3396 7793 32064 17575
3851 2898 97299 17101
6048 339 90974 112
2381 1329 25386 18521
715 5264 45804 16161
1798 180 44399 4581
494 287 83414 12640
924 7813 98004 14804
9601 6297 65697 12132
8602 7199 21829 16234
4531 6117 6752 14331
3508 3049 79476 5290
1306 4764 31674 13826
8676 2664 50881 19758
2106 2873 47597 13079
712 4315 48028 4949
8854 3880 72293 6838
2167 9089 73270 521
7104 654 4189 11853
5645 5117 95865 18107
9504 8714 93944 6211
3628 2991 55705 19871
9898 2470 75548 2707
4076 3674 59653 4090
1342 2713 89287 13735
4671 1698 50892 6712
5888 4585 9302 9553
6365 1368 65599 19763
5573 5072 25483 12323
9744 7967 42945 6405
943 773 24972 18293
3267 996 43492 7125
6739 7558 79302 17336
3624 9108 1921 10477
4720 5496 81869 15533
2741 3310 24281 5899
7458 8866 17515 16279
8904 4910 50794 7782
2541 2165 9533 9922
1023 5380 28359 3893
1582 8943 11015 8074
7220 2777 53103 9301
9148 6131 74338 11880
8681 4143 2888 16891
2432 8279 28650 19461
3976 7293 43314 4981
3152 4503 78673 13656
7270 839 2487 17703
4936 7124 72810 2785
11 64 83075 15236
8867 5293 81951 14939
1945 2038 91926 16121
4455 8846 38634 19543
9063 7961 19161 332
5767 3804 14097 6520
9408 7950 69784 16404
4539 2819 27740 4724
2425 1205 88466 10391
2815 6233 86079 19761
5779 6759 92449 7282
3903 7186 6983 19755
7725 9129 8756 8988
9004 2017 17118 19208
4216 7668 98311 2644
4428 9 57581 12913
1229 5979 74656 540
1424 6371 29338 998
398 5756 235 5335
2415 7118 96935 14332
2180 667 84849 18362
3705 9045 74232 15224
8528 3322 67928 6091
3338 2117 25062 14882
6660 1038 88122 11853
1831 4778 4061 8519
6136 989 23707 17620
3858 7273 31104 950
6256 6446 62870 6481
8819 5753 20212 7338
1284 2381 44095 8029
2770 4218 50331 17525
2027 9131 72047 2258
141 5418 69334 17125
8918 943 80658 7228
9341 22 97283 13327
3199 18 15764 14542
3741 2690 84760 18604
3698 1681 90871 12606
4005 8234 85426 12370
2487 4693 31713 8327
5680 2041 25865 18017
2001 6260 56179 4817
9413 2954 98097 17175
9401 7203 87855 8725
4183 3541 53960 13727
584 7654 46299 6298
3788 4257 36430 16596
4196 7584 51930 15023
6258 3496 80144 5814
4667 5433 90722 7342
7420 7995 21505 8594
5838 8296 58093 7488
5937 5774 40792 13821
808 7389 78403 9036
2714 9249 65011 10748
6497 7441 44899 7758
3436 2913 28079 13358
5558 5910 23944 15377
6743 709 337 4916
9348 4050 76624 5142
2480 4718 64775 12402
3357 5689 91250 8116
2418 4946 1835 11683
9184 6413 19386 6916
258 4199 61730 5169
1222 7155 16134 19661
8643 8056 74098 19997
468 5084 78258 13661
9157 8540 92377 2708
3797 5913 77986 6750
3785 3776 49887 295
4255 7124 72390 10276
2741 9147 48972 4227
106 3389 61049 7106
5951 2645 68365 12942
5680 2548 4873 13536
4893 5957 19411 19352
6902 1470 86730 8601
6673 8586 7567 2051
8475 9277 32869 1740
365 5587 15885 3828
4469 4633 55053 19489
6710 700 12362 11364
3771 5715 45551 6147
8158 3443 1521 11417
3043 5608 54786 893
3789 1317 48386 50
1877 574 22248 10881
6415 3491 19061 2998
943 7874 44153 18513
2585 6311 2168 8848
6139 6912 10543 15866
9740 8451 29285 5760
7484 1248 48708 5497
7193 1567 18056 19625
7691 6426 20534 17819
2191 6905 84387 17143
1624 3941 51494 8141
9098 198 50074 17118
8160 2160 63413 7663
6732 1287 98496 14134
5438 9327 93759 4337
746 149 26725 10476
7216 2666 35092 1734
3365 3707 3956 3499
7147 932 11681 17953
9085 2359 59836 8954
9217 9327 66737 5542
1984 2616 74152 11239
2393 2407 68256 12637
4966 6485 92011 10205
3599 8309 78040 14974
6155 4797 81827 3825
4175 349 3344 13973
4782 7584 33227 19670
8477 371 19788 6327
2996 6041 12764 17611
9847 4228 71086 3252
31 6375 18904 9397
1258 6304 85257 4147
3800 2210 37211 17610
8947 2074 11623 4536
6006 959 6274 17630
6096 8051 19811 4932
1325 9370 94926 18539
329 4765 45993 5724
8826 1475 1476 19781
1554 2099 96929 14094
2620 2201 28482 12122
9912 8831 11292 620
1634 9146 78905 2386
73 6551 1381 15316
691 6369 54417 12625
2803 7640 49256 16635
163 8057 85278 10491
7817 9625 33584 16690
5436 7419 11566 19692
5806 2259 21050 12926
596 122 47604 15043
9395 3197 4413 14356
6183 5371 12755 18477
1402 1650 703 1630
7158 8993 8100 584
8908 1790 62673 8417
9585 8302 24629 182
8113 5111 94765 6865
3987 3704 24571 10999
4594 8116 998 5624
9849 4630 65226 10551
7304 3667 77327 8939
1048 6694 49582 8253
2420 6714 76568 10379
8706 9838 5152 7419
743 9124 7077 8219
8632 2007 69736 13941
1037 2087 48067 9023
9416 3367 91349 8508
9514 5153 41899 18112
4138 3522 13656 16759
6980 9996 72319 15989
7402 9689 92355 405
2151 3809 61536 16029
4199 5636 2812 3463
4604 9634 71282 17784
2863 1843 25718 14700
6892 8612 45297 4490
9540 6967 88747 1092
185 4132 35511 762
3229 8346 5252 65
9306 5363 67843 9107
9346 9542 21373 3505
6349 3320 54898 5159
4373 4262 4995 19557
6473 1101 3085 1978
2511 9690 61636 11551
8221 6891 92608 15281
1044 1121 21781 9043
7934 9759 91880 12326
593 7143 33036 17966
9193 318 84566 5637
9190 7038 99230 7240
2802 9217 23643 18906
9538 1459 88245 14042
7443 5784 20219 15922
9828 2927 20278 2379
3383 6442 71655 11995
5604 3702 59274 1413
567 4100 14492 16900
8204 5399 22709 10208
7514 7862 58776 15807
1270 5884 55254 19626
1902 9190 54261 19289
7412 9844 14041 11352
6679 1463 26321 548
2875 5369 14819 11285
1752 4930 40834 13142
969 3378 65992 19688
5855 6999 39927 5825
8929 5948 54567 13176
5305 5358 93886 1141
1466 5893 98763 9037
3518 2140 96215 1286
7562 33 80399 2985
3248 6325 56736 6705
1522 7591 31667 4421
5980 8689 2704 18777
4901 2358 48153 18259
3037 8466 99686 6924
6361 7939 7841 2996
7895 4067 95420 15455
663 7165 97893 5844
3049 918 63146 9193
4252 7693 94282 18207
2563 7160 71318 15972
5376 6736 7430 14421
4542 9183 60379 18020
3433 8134 2678 18113
8814 8616 65012 7365
7873 9559 22918 16394
7128 2130 68684 6391
5870 8760 50061 16875
4089 162 99618 4536
3686 7898 93542 8650
2399 7654 77012 2342
7706 6822 52486 14038
3167 4567 25093 19584
8176 320 53899 17525
3349 9278 80965 10736
813 2178 37302 18452
6733 3169 84536 2480
9522 1831 62611 19457
1201 2246 85322 8618
2905 8108 64058 15013
7105 1040 85474 10911
5855 7154 85274 9475
6707 5549 32391 4309
8291 5440 83536 3922
5451 3195 17249 8988
1879 9462 42424 2501
6805 1728 3512 2796
6241 2314 95383 17210
1391 5418 20838 16697
9117 3247 66111 8250
2468 3010 8904 19483
7561 9456 76312 11438
4076 6761 39497 12556
8166 6502 4472 5305
1634 4624 13386 11923
895 4664 23684 5422
8921 1741 27063 4306
6839 3481 97187 16173
8157 70 71206 7667
3503 7406 49656 9060
2437 3707 35499 2911
3221 6631 89463 11336
3274 4198 23875 10932
1690 1109 55037 5742
6764 6277 22103 1687
8836 2499 13337 13625
7161 4005 41619 10735
3948 4347 40687 5612
3016 6296 49925 7831
7246 4570 54944 4343
6594 5719 13768 3846
4109 7137 52697 18498
7437 511 73384 11606
51 4298 19498 17436
125 5367 29787 11554
268 5864 18303 13354
5248 2645 8480 10724
5290 2854 64268 471
3662 1713 83962 15737
542 5919 35644 4761
5507 1463 85184 3404
2630 8943 97817 976
5794 1613 4545 10101
4746 2226 50138 10483
7654 5416 75040 15485
7543 761 62425 8370
2590 6044 41958 13819
6364 575 38329 7333
9969 8727 22607 3308
7296 4435 87142 4065
3328 1731 35665 3501
3754 8518 31353 6153
6450 8409 53317 6975
8756 2305 80391 5643
306 2792 47583 16641
6647 6988 27537 16243
1674 1599 43093 4478
1680 771 77110 6075
8461 7416 29977 17491
2326 712 45247 7031
4558 3928 33306 12217
8231 3641 96626 736
4121 2802 2850 5586
6041 7737 37023 14943
6692 3300 15916 817
4612 4707 48327 5504
7246 38 13977 16077
1276 5603 90542 3127
4221 1043 99658 6706
3766 4624 39827 1811
8832 241 69944 938
1852 7435 13287 3877
8551 4261 65009 5107
378 7547 6521 2139
3817 4637 63269 19252
2858 7008 95223 16280
8207 4924 54321 10160
7421 4006 16351 18259
5874 6291 43852 9173
5119 8977 30262 1127
3599 3869 75512 19451
977 7298 13912 3934
6735 9917 61997 6567
8771 3565 13588 14814
7891 9652 76098 10929
2140 5120 26365 16774
5254 8679 46851 3007
9804 1784 46374 1855
1457 8799 60114 18134
6064 8970 41496 7983
8955 2825 25892 4713
2798 3046 34010 15585
5343 1722 23321 4462
4056 5570 70160 11783
2028 5274 88088 19960
2919 7350 99974 4779
6473 3868 42096 9648
4911 4340 47805 1959
4742 3254 18097 5498
3472 7930 20702 8934
1679 2566 21225 8338
1366 8848 43497 10731
1326 8378 64553 10948
1322 8541 63054 12441
6222 6287 29283 18382
8511 8024 73453 3573
6875 9831 36667 7591
7195 2368 8933 18639
7982 340 21752 8950
862 5359 84203 17014
2737 5611 81176 11326
3828 4559 17448 18041
5278 8603 76284 2404
7054 9030 60221 347
3071 4433 85831 18706
3585 9070 83814 5948
2539 6307 67820 1774
4181 5833 33430 10502
6106 3080 7697 4043
7994 6370 52328 3582
7103 7512 47333 1592
9305 5085 9135 9235
3661 5106 49416 12275
6627 1029 59935 17991
3256 9137 29607 14662
9228 8588 78144 13428
1717 1116 70750 18161
1473 1436 97071 14409
2784 2776 2222 16162
2956 325 98902 2677
1117 6566 17660 17050
5775 2818 78305 19306
2151 1462 53239 11899
191 3241 93138 17402
7112 7731 6894 18703
7430 678 72610 10543
8069 9556 75310 4677
2189 953 50830 6077
7003 2246 28040 18657
6076 3320 66217 1469
5479 2856 47139 2496
5174 8260 56231 161
7543 1185 22910 6059
3333 7672 98309 4544
8690 1881 72161 6644
4538 3498 947 9044
4083 8020 9543 17221
8436 8053 73649 11480
578 2166 49792 1746
192 1933 12539 7533
4213 8790 57354 399
6138 5988 85865 5451
1514 2495 7618 12793
6457 7315 7046 4920
1788 1087 19929 10693
9370 7282 10577 8259
7299 1039 78158 12659
6674 8909 97130 3932
2786 9004 10862 4450
5800 5156 84508 503
1032 9631 70541 12933
5169 8362 78497 4222
5646 5037 5635 15964
4620 2431 75415 9675
7355 5994 62409 16597
1985 5638 25590 12931
1768 6243 95111 13506
770 3071 86048 12588
7999 3324 79105 17524
8640 2808 65399 2935
453 3025 19589 10582
5248 6429 51922 9684
3958 3883 31060 2119
261 3643 94649 16209
9764 6765 51860 17708
5838 4237 67092 7832
6042 6923 43462 7325
2514 9301 13930 17092
5282 7589 14236 15493
4225 3924 48648 9560
5532 2201 21012 13244
4876 8847 40677 6935
1672 5751 25963 3691
2383 8692 39811 10626
6368 7755 63669 11186
6053 4728 31330 9568
4079 3006 57035 11644
8737 5140 79811 9562
439 9137 66759 259
5024 6526 27907 5935
2362 8929 79715 1856
2244 2127 71471 5336
3991 1712 87241 1469
7871 5394 79408 18508
7788 842 17631 10526
2988 6987 58747 12116
5389 3958 18041 2959
8857 3368 59858 3665
1048 1878 21944 17032
9690 8254 7412 4243
2248 6193 97898 15755
8550 9071 40982 4890
8145 9297 43773 13239
8273 6264 86730 6792
6400 2679 21472 10107
8092 1408 10339 1675
2498 433 2442 8294
7962 2556 54527 18859
8888 1116 33052 11906
4383 1613 39021 19332
9818 9677 80979 10416
1993 5258 11377 7176
5468 5950 65847 12679
454 2557 27693 16495
2603 7248 8245 1206
7381 3093 55962 19254
4535 8107 57701 1046
6402 7399 8699 18378
1808 9186 33129 17062
2097 7224 52008 19260
2692 2670 20825 8878
4905 1150 83895 1045
6619 5872 46940 19755
3094 9930 38232 16765
7199 3510 74232 8422
9107 9568 77831 4625
282 4759 80169 17416
4538 2041 42297 17533
2520 2843 25583 8958
909 7009 89866 13412
8862 461 18162 10773
8588 3438 31197 11899
596 5935 73456 9563
5014 7017 83877 1442
1119 7397 88634 6711
5467 8581 89758 912
6215 8400 96863 19119
8207 230 1312 15264
5292 6327 24375 16059
4382 2527 36420 5993
2742 8461 28881 19204
7301 5047 14459 13014
5994 5232 86323 180
5997 1963 46629 9799
842 972 58807 14193
8655 6748 87638 18472
9204 6512 96258 15350
5056 7461 40711 16414
1990 4535 35992 812
2677 4261 50379 12458
2777 957 95287 17726
8823 7251 50062 1169
2930 3119 64160 3743
132 2855 91342 16312
8295 5499 15512 18895
3590 8185 20940 2010
4211 3518 78565 2949
8768 9732 2783 14565
6167 1939 62852 15153
8376 7826 18630 10143
802 2121 30992 16343
6656 8647 21969 14784
4592 6756 72031 5928
3070 2710 60631 3099
9282 5865 3618 16063
6283 3863 98581 8612
8146 9101 56686 172
1134 9847 58635 18272
2550 1880 41072 9287
2930 3376 59124 6166
2660 8295 92551 7559
607 5917 93627 2251
1556 1273 19741 7938
7744 6180 91811 969
1819 3918 25648 10702
1432 2665 89777 11146
3043 8167 26533 16313
7284 9354 96726 3654
7661 3786 26063 14787
1334 4982 38943 9488
129 4328 24559 15017
7087 1047 42256 19019
9084 6368 34954 19908
7561 7655 28057 6121
7071 6212 7772 12028
3606 8538 93881 11100
8727 3525 41412 14680
4345 8822 76863 14661
2957 2655 54022 19926
4685 6530 34217 728
4685 3774 81427 9558
5077 2407 86819 14605
6552 4538 81207 2436
4341 6568 27110 15150
1639 7958 31491 250
9716 9446 13769 10733
5196 5864 2910 8950
5902 4804 96238 625
5145 7459 20823 6704
7215 9522 83915 7244
2322 9049 23759 4860
9644 8149 1296 1947
8655 2806 62224 1353
9069 3048 97231 16594
966 6957 43508 203
8377 5605 89935 8070
720 7333 25117 8304
2661 7808 15380 11966
8980 5339 12057 6841
2135 7907 82184 738
8526 8178 86472 2470
1878 5889 41374 19357
2989 3856 50297 17789
8430 1752 40737 3968
6129 7424 364 13941
3724 7961 44971 19290
9404 8550 58458 4778
6671 8772 50584 11223
2763 2013 12285 16193
1254 7213 82137 5908
7891 7138 59080 598
5877 292 73043 19592
1076 1916 50 11963
5976 1982 95881 16114
1528 6533 79098 14841
5027 1713 65785 12595
2561 9854 59588 6711
3997 2750 43720 13588
8510 2819 96287 4690
5945 5259 14578 14125
178 3400 69760 14891
9034 6983 83788 5933
3912 7935 14677 14511
3036 3681 36714 1494
7278 2168 2347 14329
8391 1725 79837 3140
7846 3684 30600 7404
9422 8254 71355 9759
5799 9519 69808 3840
4425 8026 29282 15361
7594 8810 78099 14668
1025 6913 76153 10776
2155 6292 74619 6197
54 6045 23242 4982
6172 1875 96679 4918
5650 8063 88465 16448
8734 15 74710 5067
4435 2887 50800 15750
6966 4173 37290 15485
1128 9100 22775 5253
8720 2808 22818 8024
3063 721 70204 1894
6760 7985 69931 18745
3884 4417 92483 2212
1460 9861 77239 6066
2539 7102 36962 5889
8372 6649 35372 13903
4415 7167 11617 13811
8106 1140 7502 19696
3313 4480 30242 1334
2332 4902 13381 13407
7347 9487 33109 3181
2254 2069 79683 1900
2656 371 73834 19570
6941 1614 80861 7081
1318 5978 43335 3938
7032 4967 4956 2053
6157 3387 26649 8795
8869 5434 98412 19062
8719 6474 25560 59
7324 1843 16085 4217
567 6822 37721 17940
7618 5991 60684 11377
1909 5374 75714 5536
8864 1419 95763 14302
2060 9838 13693 16467
275 9778 56445 11477
2188 7166 98864 1925
5899 5351 97392 478
3376 7021 96774 10779
4350 882 82590 8511
8079 7559 80065 6527
275 6032 35921 7347
8336 5019 86132 1222
3157 6012 79576 2970
4470 9593 20250 538
1801 9165 30343 4263
9978 6910 90689 19790
5992 4625 5802 15045
2426 1481 73099 1965
7097 2047 52231 2734
3136 3357 80912 5813
4485 5205 7327 18992
703 7292 13757 14201
6698 4088 32701 14637
2693 5778 48285 8609
5593 9202 61329 11025
8120 350 31532 17005
8339 6024 66137 11087
320 9940 11022 7752
3559 8975 68889 9815
2096 411 18466 978
8848 5068 109 19669
5601 5765 11919 8177
3549 5973 97758 3681
7093 668 60433 15950
328 4343 80300 5982
2079 6234 28954 19821
9206 2404 92815 16031
882 4382 7338 5660
4004 8838 54616 5113
5639 6129 41852 10564
7428 6408 24266 2621
4400 6681 386 5896
6841 9142 83002 3976
8369 8010 13925 14259
4926 4776 93888 14540
7088 9616 37070 8314
3412 2976 91682 16108
2550 7833 1772 10868
8585 5489 98770 9182
3917 5421 52588 206
5329 6767 88309 13253
9969 6533 6754 5598
2350 5547 54549 2981
220 9758 59557 9000
7898 6478 6816 3468
4159 7222 3571 17339
3593 1940 33395 7316
2581 8122 256 13196
9235 2803 45466 2294
8898 150 73996 13445
1589 5971 56581 17373
733 498 81124 534
3657 5640 15331 4746
2072 5519 54386 14763
3915 8037 72172 13280
1106 1095 67195 19313
2498 7936 22830 19586
1864 1437 47214 16907
7741 9939 41336 12164
3257 3674 90103 15339
5186 2851 74040 2393
9338 9515 4992 10881
2188 9977 89939 13814
35 3032 30163 4707
952 4543 19046 2224
7634 9032 1220 17505
224 9158 43487 16959
4233 38 5694 17844
5123 9466 76139 7785
5478 494 10696 8940
8050 8276 29460 11009
7917 9991 79258 3229
8058 7870 2521 14808
7090 4714 42707 16836
7183 7359 74720 3615
7943 8330 34562 11946
5946 504 43379 11598
6340 7635 19867 7195
4803 4942 39848 2809
4104 1316 61632 16483
2663 9486 26151 7009
7301 277 90671 17686
2982 6361 35130 8630
5730 1051 93501 11122
6461 5741 94742 8465
3211 8093 49096 7239
3934 9185 98079 5449
583 1202 66845 5783
5727 1046 54074 18781
2072 8535 98523 11417
3104 3215 95344 8948
276 8681 9146 14721
8557 8333 66065 3489
1970 3234 55858 16557
8386 9515 68112 5196
5115 1702 47935 5936
2972 2950 49767 11893
1860 5044 54600 8276
7346 3020 5420 12893
6992 3591 82385 10142
360 1597 43043 14059
5812 9459 48170 2957
5583 8476 7644 11912
1535 73 80440 15978
6189 8869 55108 10856
7428 2807 52179 19295
7884 9915 21417 12380
4391 966 25910 9585
7516 4596 26558 371
772 5792 83120 12530
5401 9557 87776 17696
9850 733 99867 14727
8934 4763 5864 3800
6784 8298 51430 13826
8383 7201 4007 6848
9513 8768 70011 3101
2336 967 45765 6875
6612 8318 34953 12829
6649 7455 85572 5746
9302 1164 49450 3022
3857 1795 10228 16942
8279 8935 5968 14159
515 3876 28089 7734
3970 9066 30104 11269
9370 2685 5762 13671
6893 3826 40049 18304
4413 4306 93973 4224
8633 2437 17561 17984
9055 2666 26772 12074
9090 3824 70625 1260
5122 7526 47112 11225
8241 4456 61735 18353
2389 8922 48353 19011
514 3860 82187 18211
4554 5367 29860 16120
7159 7892 26184 14815
3910 9624 82364 7906
6434 1317 56589 17520
6499 9990 53214 4909
4796 7788 71132 11443
440 7871 59718 19510
2759 9374 48286 18943
1814 5827 7463 2203
8356 6565 38771 14418
7280 1340 21974 1093
9301 3011 91496 13441
3415 2495 23093 207
2845 3822 54696 14698
5177 1092 381 18383
5344 2962 20886 17069
2822 8450 2534 19681
1709 3906 82839 16645
4316 4040 54497 11510
9315 3004 28839 18306
9780 3619 34440 12229
3647 6626 83498 16262
258 6515 67354 7774
9776 9574 66652 17998
5226 724 59698 3647
7006 6667 70069 11005
3256 6907 71059 12448
1342 2813 26548 5115
1487 4223 50209 8837
3787 3031 9534 19214
8394 1251 76234 13961
6580 31 95339 1215
2786 3192 86087 14586
7504 7684 55972 14150
9282 9154 81903 3601
8366 8473 18959 4423
5039 5915 30672 14779
3761 6681 95751 745
6550 3077 92928 5254
4983 3860 69623 15176
8851 5190 61573 8307
502 8624 81063 11522
6352 3598 87498 18359
6873 5719 89121 11468
7795 6785 29957 423
4983 9052 485 1852
1509 9287 4561 3193
2318 7742 75647 7537
547 8052 92717 8023
6182 2728 30375 18471
91 328 3960 15390
7789 3337 23416 10161
8007 6420 5098 18424
6707 6538 30496 1464
3461 6591 6418 8416
7170 9847 82995 15773
8206 8373 59494 3685
8223 6674 91169 8662
6304 5474 71198 9159
9392 4475 12421 6061
8386 1199 11695 2660
6016 1495 63014 4668
4017 2438 33419 18685
8930 7142 61207 6426
3337 5845 24812 9073
1211 6227 73661 8484
4527 2769 6423 11908
6252 3104 30565 3992
5003 5414 69013 5779
7672 6622 92409 18608
1347 1350 18705 13614
8748 5604 22529 13285
5691 5175 39924 17618
3184 3822 58639 8209
7853 2095 82974 4685
9726 3143 7020 15426
7837 5874 14558 11082
976 3486 69837 10135
6400 5310 4204 3446
3350 2337 84780 5661
5871 9769 50448 5405
5893 6670 32586 11079
7718 3835 86594 1169
5845 4744 90921 2357
5269 3196 39924 2201
2449 8432 15529 16778
683 791 71636 11997
4761 5987 3398 7183
1032 8673 78741 14777
2532 9893 6148 4684
5640 4245 16384 14700
8535 5412 93844 1441
7935 4533 88008 14855
2333 2779 32365 970
3494 690 47652 16852
8111 6941 63494 16300
7013 2678 64218 16793
5557 3135 49820 11718
9048 8278 35135 2627
2882 5088 7931 9484
9297 9511 39708 15036
4665 5486 6830 7023
861 1632 62484 7265
9105 2477 49283 5265
4522 5364 41060 12829
8651 2587 82091 11543
7950 2541 29390 7451
6607 3474 58899 14371
9818 8895 3619 7419
3188 6187 31185 14437
1484 3182 78461 12212
5733 6330 86871 7476
9949 6443 56632 8119
61 8247 85940 6960
303 8090 72742 8263
3363 2825 9967 4640
6141 4021 14706 7106
2425 8918 18720 19094
6457 5395 43507 16692
3766 3288 62871 6064
3306 1630 45575 2219
9222 6309 19475 5810
5457 9499 68347 3283
241 4099 27696 12373
304 3727 7230 4383
258 7667 33896 16661
3867 9500 62650 3510
7502 6642 25078 19702
8868 8030 3662 7558
8220 6775 3532 5905
8660 7076 19745 12004
9407 8437 27714 16143
281 2234 63046 14464
5488 4923 60887 15714
2485 8004 1481 18615
5051 7040 30383 5335
5494 4042 12438 1842
8996 4132 34253 14849
5235 3943 19877 16515
7951 3113 16686 11377
2819 8530 68331 14641
9305 4777 26165 18757
4565 749 8695 18908
511 1999 2651 2727
8240 1155 56251 7109
9669 8136 45098 12972
7445 5021 414 6823
73 8595 73152 3488
277 7721 49522 16978
6748 2570 29418 10662
5787 7216 10871 4646
6661 7242 1094 8483
2970 287 92374 1680
4746 1352 32810 12529
2635 6543 55626 841
7672 3836 72860 11760
7159 7075 16484 18676
1478 6358 33706 15555
897 4405 71702 11360
4339 3358 83124 19754
5586 7962 86212 19562
7594 3748 66898 4129
6188 7140 24627 13615
5571 9466 79233 2297
4703 7693 91077 15299
1179 5291 9129 16607
2257 7510 6747 2982
8447 6023 84724 14856
4587 9986 86076 6682
9577 9503 98280 17687
5944 947 83715 6591
7967 8251 5744 8943
2041 6448 57860 7470
3278 7811 35733 19118
563 1186 27275 8493
7120 3032 93986 3798
6058 7518 3321 12421
7447 637 7287 16375
7673 2403 49184 17976
6803 1881 19418 19091
6646 9530 12693 18067
4754 4921 59296 17136
1808 7591 98465 8402
9282 8400 32037 11242
5429 631 66733 11230
181 6941 17963 5520
2400 8225 31281 14231
3502 8963 8362 1177
3780 9364 27495 16648
6080 9434 74095 2246
9065 1944 36907 13672
8978 7513 71490 15353
9604 5302 67458 12890
1509 7993 59965 582
3505 6980 89624 13162
4763 5819 18536 15594
2927 7851 81744 3007
9400 5513 81779 13601
7296 7048 33843 19862
3551 8475 41019 18200
8835 4725 50831 15372
2315 813 13186 12242
7256 9046 95729 13420
890 6548 19443 2892
599 772 18124 18193
3031 9593 43930 1307
4277 8211 51242 18483
2445 1755 29200 2494
5981 8442 7340 11452
4514 307 55937 15434
9903 1614 85360 14124
1275 2252 9060 12946
2396 337 196 18144
8262 1452 50032 8129
2661 7841 35785 7215
6297 9478 16128 15775
3452 2273 81704 8820
6726 8957 10606 7082
7776 1810 38686 3771
6286 8234 45090 1069
5424 757 22092 14536
4382 1186 39334 11846
3926 8753 53405 12748
331 115 80154 7646
5722 285 46005 6968
8545 9556 63297 5277
5635 9233 39540 10813
2679 6460 47809 9269
6980 7420 69487 5701
1432 9157 93801 608
5388 113 32073 15178
2901 6024 58662 8024
7937 9182 85988 15944
3820 2076 27263 454
2228 7327 88134 6120
2203 3661 22377 11316
6572 9229 39292 442
636 3029 30768 18915
2723 8976 98800 5520
7171 8657 20013 6030
9304 8968 63775 17970
7414 1483 26618 16364
543 4158 56848 3572
4916 4752 88087 510
7970 3706 87879 1724
2976 3456 24673 6398
3917 8356 26095 5228
6144 9969 10245 6525
1352 8364 63561 14892
9940 3505 11498 8543
1621 5878 61091 408
2840 5010 30630 6571
7272 6837 54924 9413
6748 8004 58047 4450
2362 6605 536 11792
3145 6054 16063 7717
8385 7840 72383 15837
2770 5748 57199 6162
5125 7518 94329 1915
5057 246 22790 16338
9964 9614 67504 11931
4123 6362 7714 9860
6681 6677 46750 19311
2580 4781 25976 3642
9323 1764 45330 13153
4205 1626 83450 13970
3018 9118 81670 5607
6484 3305 83202 10819
6819 4208 6798 566
7159 663 76993 192
3996 3200 4718 14185
3323 9121 71098 3192
7927 6763 94467 16274
3753 7745 90525 19937
4414 1511 9805 10695
737 6025 90022 1099
4720 8071 6527 945
4206 804 1625 1831
1520 4390 25573 17180
8956 1119 22981 9435
3108 7531 5680 16875
6683 3331 54837 18082
106 9283 41930 1298
8070 7740 12957 13877
224 7620 45059 6231
4916 2002 7744 19628
7568 6982 60363 14713
7236 6511 57163 6491
9462 2215 13575 12941
6744 3739 35980 12821
7522 100 49971 16833
5405 4583 59366 1764
3456 7070 87687 8076
3274 3370 46084 8728
1254 7737 68877 5037
5971 4663 23913 872
5951 9327 61207 5390
4633 4258 85235 12845
1886 3622 25941 2935
3995 4473 80924 9286
6918 2997 10514 11475
3392 6693 98102 19321
8582 5194 7678 19755
3984 2626 46491 1678
1039 2067 99616 12098
8674 4613 79732 13861
1027 4721 25333 16228
2805 3594 44665 6288
4037 9740 50046 12134
7826 2656 98909 5072
2207 6461 7697 5604
5248 9115 5777 15622
189 2942 54897 420
5735 3890 31616 13320
6128 3501 73331 8017
9678 6007 37277 6807
8573 7107 41459 2857
6898 6857 32249 2340
1496 4658 40888 2632
2849 2456 63467 9404
5038 5427 57297 1043
5281 7340 99384 9933
5013 6383 70798 8532
7445 6854 69123 15678
8135 7301 12296 14090
1810 471 57672 5734
4123 5571 61696 18373
1742 9546 19720 18493
6199 6879 78215 18645
3024 6717 98017 6064
3262 6449 43499 13202
5367 8012 83938 3924
9931 338 4736 15236
1615 8977 10821 6978
2074 9763 94251 4919
1985 7413 52807 9882
5574 560 96632 14359
2299 225 88721 18534
1430 9688 43861 7978
448 4531 40678 569
5595 1158 75263 3688
4274 8957 96454 14851
296 4472 35816 19633
8235 9670 13321 6731
8685 5932 16784 19320
4067 378 81989 18624
2315 833 7670 2720
5736 3954 34571 15600
2575 8114 5880 13622
5500 2229 70660 11640
7712 7984 37526 14259
3040 4631 71752 9471
2770 5298 3410 2647
1905 8567 50311 3268
5703 469 49213 12559
4822 3414 51152 19891
7553 9642 61020 10770
6714 8953 48714 7570
1921 777 84445 8212
6523 5402 6325 6069
2749 2126 92817 16939
8257 2813 7477 13437
6486 4762 97730 4333
3270 6234 15721 4863
7188 815 32787 4867
3607 3927 10120 12653
6779 1680 23850 19688
2407 5271 77636 18969
3719 5569 99713 11289
679 3137 29190 6224
8370 9493 11088 4053
7660 5579 92350 10985
4552 1834 50859 7402
5816 8010 33006 8920
5954 2013 93780 8172
8613 6105 281 7611
3129 5231 48124 10183
5895 9233 83834 7046
4342 4737 1680 2045
7440 8785 32284 7432
7849 1920 20993 2802
4551 4731 96585 8807
5326 1979 5400 10729
8870 2877 95212 9272
6018 4288 43658 9696
9035 3638 34838 3775
8940 107 93032 19322
9937 6106 11851 2259
993 1681 62917 6930
7724 3692 83731 11634
3232 1900 19301 11137
8793 9494 68782 14319
9957 7371 51846 14624
5841 3906 14646 17620
3947 4409 46644 4650
9912 8620 34931 8475
799 7412 27642 19860
1215 442 42725 3500
4381 3280 23809 4263
2255 359 21317 14151
8384 7496 89343 19461
8126 1694 93694 7226
1142 1727 58554 11158
5550 218 17157 2579
7293 9381 72741 12658
5172 4430 1272 3393
6706 999 63082 15305
7337 7792 29545 10485
604 3437 26643 6941
3285 4313 6420 9502
291 9893 83462 10979
4574 8853 43694 17324
5683 5085 76245 4670
1741 1886 76143 6011
7216 5049 74390 4891
7811 973 53790 12852
1034 9075 18260 3361
9235 8103 91109 6881
3519 9466 28087 17623
8480 6756 7643 13040
4082 3747 3733 633
6858 5721 83548 3400
2495 2662 51651 15210
9317 1017 47901 8073
151 7722 13567 9803
2449 5439 28330 3581
8316 4280 22606 17900
7209 2262 57461 10501
6554 8666 63089 2949
1533 8060 21936 17555
1587 8301 55282 12045
2383 3562 61978 8828
4022 4030 57570 13298
4675 886 93986 3110
4959 4395 26121 265
1925 1769 49978 15646
7782 3507 68825 16802
4932 8047 49908 14454
9678 3596 52892 8922
8628 5072 76031 18769
5318 6275 44930 9821
1764 3093 73000 18249
6241 3554 34011 9428
8931 5239 69682 628
7549 6156 99989 6475
8539 6667 62600 13529
5734 4322 73442 12307
6988 6858 79336 6345
7720 5043 77255 18764
8360 5645 23719 16346
8812 3615 23628 19146
1731 8903 80332 18686
1111 759 92719 12096
7508 828 21903 9510
5721 8027 36274 10217
4274 4676 54 5180
948 9788 19470 3688
2916 4268 73879 19046
9442 9221 92992 18536
2006 8101 81221 10915
5103 7171 743 16662
9135 6851 20731 19055
7699 7442 56037 14738
2067 5811 7185 4683
3346 623 72238 3573
5666 1860 82407 9466
8950 5648 6720 18621
4472 4024 14094 12127
4435 2640 69145 1238
1366 8781 79888 473
892 8104 72281 9970
3959 3255 16628 15685
1017 9627 54211 13119
7388 9716 62741 13048
4691 5249 46918 10977
1442 6923 79655 8212
766 7019 72166 1068
3317 8013 51234 490
864 2995 96374 7044
1082 7708 41931 1370
8561 4029 9943 12674
8354 6115 97286 14341
5028 244 22574 1390
3911 7212 42821 17824
4968 9664 47235 17832
2949 7924 5898 9299
2269 1997 77069 3721
922 4237 47307 6604
808 5266 56323 14936
6052 7170 65949 10673
5562 6151 73747 9179
6744 8754 44935 9409
2203 9077 25403 17382
6315 3928 68931 2321
7374 9788 10645 3762
5355 1257 7905 8280
8360 8432 69379 13088
1379 6194 95751 3908
2966 3812 82808 204
6147 7620 41250 17559
3702 7025 2949 9274
4856 7068 24842 8592
6496 5128 78898 14268
2001 4221 56359 17710
6882 1591 22473 16792
1058 3709 54945 16694
1294 134 52405 5066
1671 2589 2957 9932
5002 3610 19137 19963
9963 57 96507 15540
7581 1683 78484 7426
2463 7526 13117 7619
9711 2231 54982 13390
3426 4167 8207 1495
6062 2317 70687 14515
2727 5369 36049 10198
2039 7908 94330 16866
7762 5982 69646 2146
6765 3971 77592 6393
2669 3913 43230 4708
1483 1062 27008 6632
4446 9009 33596 18580
2779 6850 26391 17010
6263 7408 77469 213
8615 8772 98830 1622
1981 8963 59520 4145
4525 5751 68974 12521
1487 9742 80730 1754
3455 6552 36360 16648
357 3086 22482 19450
6974 825 56541 12683
5956 2201 7575 3090
6576 8446 77409 7339
5258 9086 98411 4916
1123 9696 3351 18248
4379 9716 97489 4401
8026 9169 14324 9076
5282 2647 57532 2402
4148 7073 27597 5195
622 4219 98973 14794
43 5253 95625 17741
5286 5071 24151 9740
5657 8020 1226 8168
898 9742 30725 16061
5925 886 26393 8360
9540 3705 36151 2678
4578 1607 41103 10375
9074 9939 53051 10499
3408 7818 90595 11026
9610 1129 32873 3497
9595 8344 96069 11155
2074 2417 21802 9710
362 6321 56793 6643
1063 1124 51750 14771
8572 2188 20564 3701
4298 6421 99516 5938
1513 514 88728 10302
4285 6827 87616 13114
4237 4455 39015 9682
3353 4642 41401 14926
2558 3985 90202 6045
4133 4575 33108 14871
9011 3443 783 19375
481 6002 47916 17722
4344 1469 49074 9895
7291 3225 8473 6498
4977 1546 78359 8157
3713 5808 2905 3933
2889 2450 81808 4298
4095 4081 6490 3416
4207 2588 69303 8798
3316 3375 91508 177
4690 165 11374 12568
6165 1434 10283 885
6757 8518 3670 12977
337 3033 83149 2770
288 7970 67442 8086
1490 3699 17982 18987
9023 1659 72348 10813
1243 3909 77054 12337
7626 3170 72747 5772
3448 4218 92593 17971
6462 5421 3092 13012
4178 5250 17604 3215
8955 8628 3607 6660
2316 6470 51365 17664
6086 7059 94151 19861
5914 4272 45196 10465
9687 652 79815 15324
9693 4397 62431 10492
8235 6001 94581 18955
7070 4593 34081 3103
5133 4793 82277 18280
2826 62 85040 10181
2928 3683 64472 7578
7182 3712 71955 16911
3016 2809 64599 1256
2883 2030 83710 18349
790 6445 62644 12936
2295 7893 76966 2219
3412 1312 48073 442
937 4466 5194 4924
8426 2424 95547 12217
9160 7608 30293 16825
2003 1532 24417 956
9257 5976 97893 6327
9353 4363 461 18859
3151 2420 47032 14815
4809 8145 16990 7710
2080 6849 29574 3476
7550 493 67259 8746
5145 9661 97896 16129
2062 1182 67082 29
8006 7981 34097 13697
976 3967 21571 3078
3016 779 57056 7236
6713 3290 65776 13870
8948 9024 39713 18835
54 4560 22927 5609
8012 9399 30745 14030
4630 3949 68772 9297
6020 1856 89648 8975
1943 295 64499 6084
9986 6308 21236 1379
6474 6310 39451 407
4893 3365 83407 4196
2835 1778 16151 13517
965 9812 95254 7465
6921 8475 99446 18368
7405 7079 22492 14327
5532 4950 23742 6084
1381 495 72513 16494
2003 2296 13773 887
2188 2769 33252 15845
6888 7293 17024 18167
6372 4430 81099 7003
8682 4780 42015 7633
7303 7086 72197 11885
562 9639 62276 44
7385 222 42185 13937
5640 9294 5366 2733
7153 995 28487 8766
7221 6289 32874 7353
8189 2849 39750 4317
7230 3007 26417 2700
5488 4922 98753 10880
7040 6600 68580 7424
2088 3446 84923 10814
167 1226 59588 15690
5986 144 43755 15561
8945 4921 86764 8993
2467 2578 12201 9323
1964 152 35455 14307
4103 4640 10932 7117
2498 523 86799 27
6822 1581 82801 616
1982 2190 61037 12405
6569 5420 33983 6472
5068 8210 92561 15456
901 9986 61128 14798
3288 9314 40956 11579
6825 2274 84689 1017
8763 5481 59322 6227
5892 4704 27286 16499
807 8542 62975 6106
7965 8041 82023 12167
3718 9244 20700 2632
1541 377 68157 16026
5137 2423 65558 5847
7101 5841 23834 8411
6889 904 76660 13547
115 2239 10845 15658
5429 9036 78909 11418
9230 4084 10173 13789
3345 5812 1438 10914
1496 8540 65837 19278
9952 4356 1473 17413
3099 8084 56141 14595
6060 7146 42209 4153
1962 5521 20436 14923
1185 9980 29156 5025
1424 8353 15095 13972
595 9778 17444 12135
1947 106 22976 10242
2478 590 97686 14740
2806 7580 88874 12063
5119 5501 88724 17295
9011 4008 55031 4085
6411 8542 67249 7577
24 4043 42951 3128
1723 4707 25435 3693
6389 3369 14448 12397
8494 2188 55680 9333
4543 3913 5765 537
1056 1801 51642 13067
2418 9113 49340 2268
1947 7226 70707 17820
6750 88 40905 5054
3468 5132 76654 10690
6 8488 57597 13318
1908 524 9255 1110
4732 2018 40776 18153
8497 835 97812 13999
5950 1886 60539 3971
8947 4372 64633 12172
4935 4297 36571 6809
5195 3251 87783 12274
7483 3362 30306 251
853 907 78814 4200
388 6840 56400 1115
9563 3401 86462 7633
6715 5922 80121 2762
8232 2775 55871 83
1066 679 50876 7062
6382 5636 76614 5651
100 9188 93500 17672
2885 2669 88244 9137
9678 2541 73383 13490
3428 1221 54052 3724
8011 2291 70743 18561
3617 16 37857 5776
8692 2801 16263 17265
3650 1532 19790 19276
6824 1066 51398 15113
7481 272 19442 19244
8746 8733 99320 13941
4034 361 75964 6642
3591 3492 86312 16621
3293 7672 92029 2364
3581 9172 19067 19195
9089 4996 28267 2736
9795 724 512 8655
4147 4797 27639 6203
7361 9329 79749 7095
3156 791 99123 1730
3059 9285 46845 9905
2680 1496 92771 2862
7949 3923 78723 12758
9809 8539 8568 5923
7398 2180 61556 5827
479 5737 41842 5819
6634 5586 52123 8655
2826 3105 78886 11822
6507 6264 27224 9078
4386 270 697 2464
8610 2146 88685 4887
4012 4476 63407 15357
7027 358 12823 3268
6129 1327 546 6554
1194 1375 13405 13970
8568 3522 20403 8393
9132 981 20355 12196
9267 7980 67085 9608
2728 6012 25023 885
8460 9299 28697 5226
4014 1850 91152 173
1366 726 73878 5411
2799 305 98688 8687
5520 6145 12010 11737
1392 3488 98930 3446
1267 366 73922 15761
4802 3509 27873 3224
9441 726 93765 12061
620 4190 59867 4794
1919 9986 2499 6967
4910 8176 22986 6672
1315 3261 77890 8539
4415 2562 59811 16431
1183 5024 86668 17984
6208 4643 13381 2904
9285 3363 26154 12062
9498 2946 59970 10790
5677 6026 83024 13853
9967 1566 8413 13437
9368 9182 18899 25
397 4329 9801 13837
4406 6954 38160 15534
5837 6720 31193 12128
1470 1383 74363 6587
5784 4217 91097 8217
517 2364 2814 156
242 9254 15227 11568
4544 2727 69756 18509
6789 3575 12050 13066
3162 6288 33692 11840
7567 9384 63509 1989
7844 6991 76346 2607
9820 8578 15433 314
8209 7651 79981 17027
4008 1196 38411 8336
3017 1562 58927 7794
4011 8417 19273 6960
2047 9235 1103 14037
1717 9230 29410 17432
6911 4270 37390 5370
6179 8929 129 2902
321 4497 77717 6125
9256 1112 87896 15360
8944 9166 62448 14935
3542 8143 70383 18113
3260 9931 23839 13922
5498 6612 57774 19204
8098 3564 66434 9498
8384 1233 34362 10201
8562 8601 66099 15133
2463 1922 10434 19121
9261 97 17429 16743
2101 4525 65397 3632
3749 9981 85498 13798
9205 9331 91775 13211
1434 6575 35641 13822
3339 3217 57832 14319
120 7899 29934 17023
6287 1251 99648 17995
655 6917 48225 4024
1317 8877 53473 13473
7362 3737 20295 2540
3420 9394 19173 16707
3866 3699 2748 2555
338 4578 47768 741
3903 2467 5509 5507
6257 4544 73901 18732
7752 5758 68241 8518
4116 5577 39511 12745
7056 4804 6606 16820
8875 9929 55795 5638
3734 8352 99865 19911
7491 9267 17283 2187
7413 5193 7627 6771
2838 1466 71547 5811
1877 4006 25948 685
753 5887 92388 6847
8010 641 70774 12167
720 306 4875 16349
5989 1068 48205 15832
4029 4825 47847 3386
8307 7318 87969 19748
2570 4611 23006 2737
2693 3297 13015 9051
1167 7389 14596 14631
9468 6206 83054 15551
2432 4992 95739 16810
9571 2429 85304 3299
7806 9709 79680 17338
8001 213 46236 19496
4204 7684 70935 16697
609 1766 82589 4622
6723 5423 68070 8637
7831 3022 1922 6422
7281 4498 33523 8031
6775 2564 89679 14048
9381 8095 79295 17453
3210 2388 33348 4897
8595 4978 87674 2666
119 1229 23379 3386
1134 2926 22381 5588
945 601 20124 16492
9648 8419 21593 6358
7513 6313 20303 17230
1067 401 87944 224
8181 8824 85927 1185
9209 5748 81786 19452
8820 2585 56904 17328
138 1339 90555 5937
6325 3654 98004 11583
8071 6147 65967 9171
9077 9170 51187 10343
3282 3505 18595 12911
5253 8844 30039 4360
7210 6541 28553 8498
7498 8252 88507 1175
6063 8890 83655 15126
4292 7025 26425 11079
1609 5509 26247 15828
5139 295 30157 3744
739 2305 35298 15797
9377 8264 51018 14931
6487 7420 45642 12228
5649 2140 15356 994
9582 8505 63604 17200
9819 2393 2971 5672
9994 6095 58205 18670
3559 6638 14335 8817
6363 3626 92850 19306
3018 3027 81294 12497
1442 9194 72070 9813
389 6211 85304 4813
4758 590 41777 12259
9392 3001 4375 11650
2917 1224 35669 4901
6472 4497 35037 19117
7988 8565 53078 12326
6488 5227 89881 15748
8930 3174 52394 17187
2518 5704 2718 1031
8670 5988 19472 11946
7415 915 58249 7601
2702 9243 98499 15905
1910 6042 29063 8013
1606 5782 51658 17126
5756 8676 91522 5536
7934 1707 83261 17439
132 1007 90384 9215
6352 1892 71783 6370
1530 7531 37783 19974
5196 3849 37860 12349
3644 9711 22862 8954
3850 2588 18543 12676
6325 5744 20526 7900
9381 5077 81269 4041
5844 4257 79728 3335
8973 5159 50639 3935
9061 3544 74583 12772
4179 4110 54085 7451
1578 3516 12374 12050
2360 5131 50572 8192
6646 3528 24164 17374
3193 1515 36296 14787
489 5708 37774 3787
6198 2243 19233 16630
6559 9243 17863 5900
3417 261 68783 1642
4785 2929 16212 19940
6404 7692 97865 16159
130 8208 74673 3386
5699 1271 69029 16522
4411 2218 9798 14822
7932 4007 55196 1532
1979 9265 31756 3654
3487 6079 66812 1738
5771 1651 62511 7091
6521 8228 44802 12858
9915 3243 47088 11636
4731 3513 80705 12834
8420 6656 19688 15848
439 7832 4760 4606
713 3512 19192 129
588 2466 55827 838
587 4439 87742 9392
9926 5352 95977 11027
528 4219 61197 9666
7496 4536 94893 167
5269 9028 68258 19735
3617 8609 7787 14059
7835 2754 27519 1045
3100 262 46297 2821
3982 3668 98528 16915
6293 987 45427 3300
9484 4380 54942 3398
6849 8713 53958 13985
5189 1350 53295 7971
9106 249 11060 11284
9994 8930 8959 17881
9215 6033 57322 7392
751 1588 13504 9845
4109 7042 99255 18842
7794 3914 91823 2188
1595 5330 73201 1508
419 6703 49055 17184
2372 2844 96202 15527
7066 9286 79257 9855
3903 7006 69828 4218
6822 6344 18256 5892
1058 8216 21211 15861
21 238 83584 11266
3541 6698 22836 14177
5119 7913 14731 12610
6070 1840 67526 16913
658 257 75780 15458
8227 9167 37866 13308
7461 3050 31622 17632
4404 3941 28837 6788
1244 5148 5331 2967
1620 3686 98102 14247
8575 1706 34161 4045
9574 239 46418 1685
7215 2473 86006 7914
1586 8274 69837 7901
8665 8669 43452 7080
714 4003 81055 3203
8125 1886 23472 11198
4069 3268 74346 15497
5912 5083 58708 19985
1103 5539 49970 9375
7743 5800 8084 3159
7465 269 32301 4262
5854 6309 64810 10938
8591 7619 30325 11544
7071 2133 97927 9277
5343 9587 5218 18861
5587 7561 91987 4166
3403 5816 99988 7859
477 9954 15442 10210
5435 6514 1690 3753
5396 3560 60761 8380
9209 3813 36901 8683
6084 4977 12680 12263
4160 2611 53154 2097
586 5100 35630 14288
9101 2133 24718 10427
9336 7785 95445 14530
6640 9878 12832 1832
6655 7934 91704 19363
2890 9772 40975 9499
946 6649 83742 9691
1533 2083 36762 4548
8780 728 6174 16986
2583 9416 62715 17844
4271 6760 43763 6344
798 8077 43778 14988
5588 8608 53252 6728
3269 1614 57731 19297
7979 3280 42076 16230
3378 9157 68304 9807
4342 7158 70742 3485
7720 898 19490 8038
5127 8870 84419 7143
4350 845 71714 3135
7374 1537 30763 11528
8163 1760 60909 11664
4434 8095 38221 1422
9410 6781 68791 8614
8728 2618 65724 19207
2611 9614 75479 7408
7103 1149 98921 17860
5262 5655 52241 9985
4045 6906 61361 15951
5654 3264 61214 17706
1869 8153 25133 5132
1493 9582 285 2762
6939 2229 21003 15803
1615 8311 68054 8530
9871 5482 88427 11712
6232 5352 10297 12057
782 3411 83917 12968
2485 9655 2716 7357
8330 2925 49236 11623
3777 1603 59880 9320
7196 2463 80673 11114
4236 3847 67723 16372
4849 2652 16857 2124
4907 6528 68381 12904
3415 2979 25005 1504
7594 61 93585 14954
9870 4272 85979 16981
2032 2292 93822 997
707 2543 58008 6748
7135 6803 86414 19856
9836 7626 45439 7777
2188 7914 73849 19097
5681 6144 47776 13677
3618 6929 20099 9787
9327 8606 49823 10171
8564 4758 1254 12246
2083 7447 64569 8625
514 2245 21894 1775
7259 6770 75918 80
7618 2573 17459 10148
8831 1495 16774 2978
3985 353 8302 15881
9792 5216 56787 18405
5258 4722 65862 17112
990 5910 81380 17051
20 5310 62286 7885
7544 9751 72987 17091
6177 6990 97693 5233
4914 4869 17215 10576
2830 268 66854 4702
6743 8391 13162 17815
7342 2434 92564 5699
7176 139 43819 5199
9210 8832 85042 18794
8336 3082 85072 1149
7343 7070 86241 8103
3210 7887 86044 19696
9947 702 70095 8872
5706 5245 72238 7003
214 2658 76791 9469
8912 3227 6957 8372
3099 732 80453 12872
900 9581 7449 11253
6775 1145 19500 17983
1609 433 31263 14910
2719 3572 23216 9501
5915 3511 4622 6526
6179 9385 92926 9229
5960 6089 35932 3772
4316 1702 36606 8514
9270 249 26775 2254
9134 1893 84016 15626
9199 650 57511 16292
4387 4533 12141 5008
1979 6791 21957 5726
9042 7257 64911 12820
7052 177 98325 17290
4583 5003 19816 12041
5365 5651 81536 1103
1442 1253 2397 17084
9038 645 28881 13803
3787 3024 44354 2016
991 5628 38145 13190
9276 3233 38109 2551
3569 1290 45039 12817
1517 5310 50029 7003
2424 3407 58054 10254
7068 3937 70861 15378
341 6909 35598 8701
9303 5924 45352 2434
3667 9380 30651 17237
4649 880 81081 10104
6879 6715 58880 400
633 2513 34355 6313
5660 4692 14237 18878
4906 8435 49972 1261
5167 2388 3695 3029
3136 979 14037 6440
824 9422 56924 18753
8376 3215 96404 18576
2166 129 17893 901
8838 584 3685 8985
2566 7377 3929 7258
455 1293 54218 2637
4619 3121 60743 1103
1238 1205 73206 3333
4549 9446 84678 5003
9871 1181 34534 14943
4745 1543 33138 1956
823 8696 53884 5081
6190 1247 98064 14198
7366 5911 35597 19125
7154 8928 70552 3898
5970 743 88401 6607
1107 3007 48011 2993
2218 7031 13972 11491
9879 558 97628 12534
4197 974 28887 4695
2093 4239 70720 48
6284 7226 39856 13196
2878 3128 22073 7551
2599 2954 7167 14024
5861 8286 34717 9657
9073 4626 47029 14328
6676 5017 672 16324
2292 4018 75206 12261
8464 5530 34032 8746
8287 9716 25699 19234
5722 4510 58250 14999
6917 3972 58119 10803
1884 5299 18146 6521
3079 7869 31803 6483
2443 9435 5541 19770
2640 7009 83966 4179
5737 3892 42791 1245
8736 5189 71574 19559
5889 4677 84447 19308
3643 5843 22943 11208
501 9085 26646 3142
5402 7485 82934 17261
8138 2692 11432 19387
879 4025 41130 14627
7922 9924 49336 13107
1523 1691 64035 13115
2177 8165 8872 17115
73 9757 93153 10432
8754 9474 70241 7928
4258 7995 12646 10442
4820 2373 43548 17761
7521 3022 24964 18241
8812 9583 12086 19763
9728 3491 54276 10484
3204 9338 97518 5752
7870 8314 81032 124
3277 5920 40732 6247
6625 8139 14788 3233
4989 3445 64436 17211
9704 8969 62735 12164
3926 8471 15191 8231
3550 2859 91085 7708
5663 9206 49274 16093
4993 5516 54965 4562
9983 5938 55742 1831
2260 4363 86978 666
1098 3805 62972 6988
6238 5399 98885 14395
428 956 3503 2828
1261 2269 64571 7587
7243 4186 36776 11757
6582 4114 43876 19468
9108 8258 3911 7010
9084 7429 70373 11786
3692 7644 98856 1933
656 731 31051 6298
301 2162 15057 7053
1529 2221 44388 7909
4327 1642 84986 2902
205 4093 90040 13411
6171 8711 11307 9314
6024 5506 91486 5778
6956 8937 44365 4181
8068 2094 28619 16359
6505 4361 97413 10918
1069 8677 8297 10370
5023 33 79748 15239
9479 4182 69802 13286
1824 5592 62682 12749
7730 129 72467 6321
2266 6918 5542 12558
1928 9000 1064 5731
464 2982 29752 931
7282 9145 18627 8968
2209 3576 841 494
1729 2361 33400 19801
9745 9613 40290 1299
3733 4738 38751 3002
8713 7023 20846 18938
3029 4669 91958 12245
6833 2829 72171 15564
4000 1674 66031 3212
8385 8692 20804 3951
2528 663 17506 13373
2327 380 31266 12327
9228 3039 78329 1089
316 2441 90544 179
9863 6002 61949 12956
2200 6583 62264 16489
8496 200 10842 16307
5540 3397 53589 17964
839 3367 87019 18002
8418 2074 6434 6702
2267 9725 28720 1750
2862 5414 63137 5646
9664 4185 2538 6732
1995 3039 92237 18341
5958 9503 6857 1550
928 391 16346 6150
6306 4883 3359 6497
4441 5881 64610 4514
8650 9664 5602 10083
8976 4257 10395 19820
1392 319 54039 12118
988 3855 93762 10111
6035 2843 10288 1731
1498 6956 44587 17342
1589 4641 87353 3208
7737 2230 81902 4109
4999 7874 56147 2020
3306 5155 77318 18788
1689 2913 83362 3120
9661 9856 53754 17668
1228 4313 64241 18172
1112 6515 51643 13689
6400 2383 47558 1637
6488 681 16314 88
2909 1291 9810 14590
5110 2262 63936 17945
1742 3637 43436 11885
3873 1329 70758 7444
945 9999 9785 7167
2392 9817 2342 11302
3693 2995 66604 5284
9690 4620 40524 8110
6709 1112 685 10166
2800 5998 10514 14109
6574 6287 79615 19414
8417 4967 37336 16763
528 2904 2764 17111
3665 2055 42357 7894
7652 1778 94076 5621
1497 6379 36312 13222
6225 5843 28832 18308
8149 4104 83093 15057
4270 4616 54768 17723
3865 3745 52990 12236
7072 8111 26906 18837
4188 2051 24415 4181
1093 7676 29030 9636
8439 144 36920 16104
495 377 84685 8939
3471 8488 43659 1261
8682 1702 68979 5850
5308 672 84056 17903
6831 9850 93428 5854
3604 8832 33922 10928
3246 8528 32098 7528
6829 3025 916 19383
8560 4985 32485 18621
5132 1000 95409 19002
3377 878 67574 1436
4038 4105 36784 2026
4914 7066 53121 19256
2116 8755 52058 4170
5262 4308 19705 12469
6039 6506 56031 13842
8749 5353 99527 9946
2996 2397 49969 15911
8534 4613 52507 11026
4752 8277 90739 15342
234 9816 8094 16077
3597 6812 95492 3308
5754 4101 93491 13298
6104 7092 22914 7203
9322 353 48438 19997
8150 9335 15394 18948
8202 7054 82079 7584
6607 9119 4494 4151
9252 2581 83688 9527
6022 3066 43888 15022
8029 3602 84204 12185
8346 2526 15618 15472
3068 494 78696 4260
2438 3358 72186 6685
8345 5125 16879 17424
4469 7007 409 13158
3682 9906 39996 16455
9263 3581 88276 7168
6408 9756 47351 9861
4745 3083 35339 19720
6670 953 34675 13726
2407 2658 59988 15224
579 3325 42425 2655
2164 8170 24987 1002
4948 7460 13556 4055
7440 3904 48069 2476
4958 3609 77493 14232
6434 3554 97004 19834
4959 9972 85923 5247
7059 6399 21953 10795
8111 925 63204 18353
1423 8962 72201 12682
8889 8117 1140 815
731 9612 44837 2602
3650 4200 87997 6211
2839 3645 55451 5786
705 1944 62805 17478
1685 9998 33591 1457
4914 480 85480 6873
480 9271 66775 8201
5447 4251 38437 6921
43 2285 31984 17950
866 4699 31647 3015
6346 8927 31618 16297
9265 1145 3850 9785
3285 4038 99292 17676
5026 8689 19025 11328
6421 3514 63791 6183
7836 8038 97271 10915
5812 5580 34224 2400
2352 7857 55979 3261
8154 8197 34192 12701
4343 113 96066 6858
5992 3686 21543 4940
5674 2499 46684 1744
5018 5971 32837 9528
4462 6015 79875 18022
7128 7011 1118 3128
43 15 90832 9392
3727 9018 6426 5594
3640 4629 2946 7001
4260 8256 54770 3570
5032 5106 55908 19235
1887 861 25552 19066
8942 5 89561 8250
6295 9715 48042 70
5579 6482 85121 3076
7865 5435 21494 12601
3657 8730 43192 14434
5835 5519 98671 8286
5830 3469 74310 10291
2482 4062 26053 15929
6785 326 6766 12290
6574 6154 65471 10745
5277 5180 42823 3944
2209 7146 89346 13977
7176 3530 57255 18904
4781 9085 83577 17950
6464 6008 43168 12716
5242 7695 55821 14687
8959 7465 66711 13728
3512 9883 27174 1082
1704 4010 57878 3676
9517 9777 79630 19893
1374 7874 11989 15208
3834 8063 35047 7522
4645 960 3204 6466
827 1910 29110 17485
6547 1740 84256 407
1633 711 85189 17782
2000 1690 78035 11241
7367 3895 38109 1833
72 9525 70045 19179
8280 1421 1733 11276
9575 2286 50775 16406
1675 4818 71209 6773
4756 4522 3090 13946
5492 7789 24089 6371
8956 8195 67898 17331
2044 5025 29235 16844
1968 5002 20289 17912
3488 6917 4290 17787
1322 2899 40254 13652
4212 2106 96768 16231
9384 2693 71370 10235
7578 6754 81913 14721
6971 8678 8070 8265
6219 842 96904 12744
8856 9850 59809 5754
3535 4996 21381 10470
2103 6654 40198 16891
4218 8047 54775 13611
9094 2674 7273 5271
4822 9129 64587 18156
4579 7592 49638 12963
3056 3953 18401 4918
4603 8753 1240 604
1490 762 714 14686
1285 1440 86574 18279
3523 1990 29499 2731
1481 4903 22554 17179
9078 1650 85238 16885
6193 7035 66091 18829
1089 2802 82763 16273
5997 9934 47976 14262
7010 6951 90191 19853
3562 1335 14036 10971
8886 4322 22977 8013
9314 9111 14707 427
7856 5506 88053 16998
2114 2748 46865 17100
5917 7061 9870 12309
3652 292 14573 18459
5516 6931 25530 7236
6740 2103 18863 13565
5964 517 62527 15906
5656 6340 99299 8628
8343 4965 1250 3706
7778 3823 36978 7369
8562 9820 7934 10640
6382 9289 26389 18872
3718 3279 88143 12607
31 7434 49517 255
6592 7449 34827 19700
9359 1642 77540 9861
6341 6835 74763 798
1910 7882 76884 15913
5297 9859 87110 630
9921 1720 57974 3206
3144 1965 38842 19646
4796 9340 58795 12484
8828 5230 86548 18293
9334 3514 16897 18435
1826 6755 43970 8772
4256 6761 35511 13144
7443 2958 42472 12806
7770 5284 13688 4774
6855 9917 39274 5610
9468 8332 76020 17239
8416 8446 42291 17722
2496 1194 30552 13032
7276 6778 57030 8548
3949 2378 10389 14566
9149 8061 42852 9844
903 2703 80956 4357
30 9435 41798 5962
5682 207 85374 7258
5715 27 35833 4921
2438 9316 88340 1567
1360 7377 24064 10966
7458 2328 3239 3459
6186 139 99485 19426
5690 1191 73152 19008
8027 4817 82435 11598
5363 7676 24774 4044
5116 8941 61092 19922
7148 923 49793 14946
6163 9275 41732 14477
6480 9491 2534 346
7893 418 38130 5507
5669 7127 16184 19120
4908 5559 14245 10865
8235 8823 20351 10963
7587 8977 41084 13566
8988 3136 32460 1971
1955 5786 10057 13699
2856 6255 61070 6201
3172 972 96695 17732
5893 6393 64734 12351
9851 8777 97175 11273
95 9368 68631 9006
632 7310 65829 6591
8832 7477 45725 12217
9488 8163 70746 12040
7294 523 84954 12800
31 2171 39666 16481
650 7090 49193 18948
7676 3136 79045 5132
6719 6603 85539 1575
118 5980 99626 723
368 5977 41467 5894
2457 2443 88986 9386
1171 4244 81648 19128
8998 641 22669 18263
9192 3042 73036 4327
5640 2464 31314 14304
5509 3669 41081 11833
7157 7419 84116 4605
6067 9266 1705 14060
7438 4987 81068 16186
7386 6138 21570 4732
2760 2327 98131 17819
1927 2488 61970 15230
3067 1887 62114 12590
5019 3883 99461 14892
1675 5398 33134 8039
1077 2727 67429 9995
8678 60 77581 13545
7192 1580 60565 5620
7442 6409 24636 11723
9049 6571 21329 13750
9069 6655 50659 428
9780 7635 34773 17549
4101 3061 5240 13832
7012 7494 23726 6632
7483 5007 29583 2978
5066 9368 41197 16826
3518 9118 98514 15777
2734 1354 16760 11440
5277 8793 82830 9831
8128 7159 33300 6783
1712 6291 62883 14604
1571 6067 70264 1453
556 6367 33745 18090
4877 9682 25819 7124
5048 5124 33795 12065
6353 4111 35510 14544
1623 5675 86295 17469
4999 2419 34690 18854
1804 9580 68893 13361
8392 6057 33433 19556
9954 7122 24261 5582
1351 3346 66635 3123
5816 668 42018 19233
4326 1805 32690 19510
1073 2872 38523 13227
9569 4503 37182 17874
3650 6374 19140 13984
15 9356 62950 5484
2398 2218 99654 11884
5907 4637 17667 7236
115 9943 23337 12564
6351 3904 24254 4363
3553 1413 22402 13538
8618 7444 44103 14587
3657 2013 62758 8336
5169 3903 75065 14170
1086 609 4040 16858
9300 4558 38180 19852
7211 7594 31694 13620
574 4935 1808 395
1973 7054 37585 7100
2360 1041 44873 9137
4018 4904 71991 17121
2687 821 89959 18166
9503 767 31209 7820
2330 3470 45629 12555
5634 3436 34935 18906
9564 7985 81194 18986
9760 7644 82444 18735
9033 7058 89920 5268
9176 2787 81322 1776
3951 553 50981 12225
1251 1223 75983 13090
7063 559 11473 9788
6814 9742 91337 12225
8410 4100 98193 11071
8988 1082 90916 13995
5461 4490 3605 4805
4344 851 41195 18935
6928 6111 96405 8370
6197 9460 33277 19000
4946 9771 56919 1392
3954 7021 11048 10648
7948 6522 4399 18507
4187 5462 68556 15445
4817 9978 82359 2595
9015 9880 33193 17325
849 3709 15842 11231
4502 8998 27717 10533
1498 523 1065 3725
6346 1562 66135 2009
4413 1185 5068 11507
5831 4921 84990 4624
5012 5660 43163 15919
9791 6649 11244 4755
1988 877 3474 15064
3023 1285 33034 15222
3232 2888 38425 14000
4951 7196 9619 9530
7978 2752 44346 14249
398 2566 47314 12942
8794 5305 89664 4877
6325 8113 88109 11009
1139 8975 93731 12996
2928 7713 89000 11205
7361 2697 40873 575
1934 6977 74509 7224
7676 1085 53635 3667
7333 7898 36587 4052
7736 4969 71033 13915
8269 5606 55839 1117
5098 9021 15671 5185
8685 6822 33568 15222
8493 2868 85037 5398
2556 2198 66565 3271
106 5137 500 10901
6487 4373 90261 19672
6405 2848 13326 843
6441 6290 27166 9777
4880 5672 9418 5598
5719 6911 57614 18040
1058 1571 23316 1116
9034 3743 26556 13071
5156 2437 26938 10522
2835 6663 53800 5739
72 6240 81873 9277
1841 7164 93925 19816
1622 9514 92547 11498
2987 4549 1637 8637
505 1679 7920 14216
3035 7359 42066 3102
423 2243 85375 10780
6764 7582 5958 8899
8476 1981 85864 9939
5834 4762 17298 7563
8763 2198 52653 19014
5186 1480 32663 14617
3815 8326 4504 11920
1184 8382 59929 10366
5579 6759 50343 10807
2319 6750 64051 12550
6875 9372 95183 15599
345 8133 58612 12688
1740 686 24729 8228
5115 8132 74652 12904
8424 8041 3104 18514
6058 2098 23904 5345
2182 7683 4949 385
3097 1451 13910 16753
4289 3241 99921 18789
5834 3952 67774 8123
6561 6847 52186 5251
8712 1777 28555 7551
3935 7521 62465 8363
3898 1869 93112 18056
1321 2085 18351 19786
7317 3407 45324 4895
5254 4480 73776 3828
7325 9398 55824 15042
5024 7938 62995 6522
3630 892 90196 19893
2506 1904 70239 8849
3966 3544 39722 2642
8731 5556 66818 18705
1411 5073 32836 10779
2182 9900 89908 12860
4866 6474 42454 797
3329 6916 7560 11514
9195 8800 56039 8951
9354 6928 67561 1776
3163 6065 43117 15338
2358 2893 49168 12439
1276 8454 49857 9459
7969 9535 76202 5427
6579 1386 51739 6067
8408 6666 36527 7840
8915 4318 38893 7186
8441 9009 19652 1886
972 772 19479 10711
5470 9678 59800 2733
7383 9683 14462 2216
491 7011 70787 2540
2022 7049 37796 6157
2494 7557 26290 17026
5982 1826 99011 11221
4654 2479 76265 2936
1784 3440 61952 5744
1427 5417 73495 706
7437 7089 37147 4969
1431 3587 95181 11960
7346 2834 4979 12005
8755 5585 32500 18042
6717 3476 82079 569
1214 3834 52372 19826
3137 5679 65207 3686
3613 9678 9038 16611
1157 2070 62136 3275
2147 3801 97974 16571
4955 8694 67082 7377
2374 9601 75178 734
6530 4371 55117 5072
2139 4934 90016 5033
3577 7402 99807 6473
896 3177 49276 14253
2518 3955 96608 18394
4457 3404 90024 16787
9972 7737 10156 9710
842 876 18241 15460
9579 3312 43926 85
8181 6906 19362 332
1732 4076 25386 13838
6907 58 62538 8023
1908 8004 53107 16482
2112 6834 63542 18213
3151 7548 73859 15396
993 3289 80677 2183
5164 5939 78972 12961
5945 551 64783 9407
5296 9845 11016 2719
5925 229 83366 8066
8035 6837 83543 19807
6618 2358 53590 7366
2845 5340 8111 4384
1679 861 53056 11972
4859 2832 28792 16183
1171 296 96641 2524
1611 9706 8307 649
8917 8994 28885 16450
1288 9105 84417 7978
3484 9598 57804 4178
575 8206 71346 6295
2664 7196 29322 3209
126 4001 27977 3703
8786 5188 29718 13777
1975 1350 76148 10850
5260 8761 73823 13654
3777 4344 45136 14619
5391 5269 67704 6621
4926 4025 2921 2219
7136 308 39799 11388
8880 3743 54948 7365
3364 1790 78114 5250
4798 8433 20653 7349
6656 5161 36120 18384
7117 2676 44121 17575
7586 9061 56907 6585
2285 7065 66006 7807
1139 6512 97230 8001
3932 3780 18629 8501
5509 5148 55417 17946
7419 5635 61323 6086
6670 7266 93593 16311
4176 9829 84759 6664
7784 6160 66956 13273
5201 1482 80262 3991
5467 1159 70964 2554
6430 7890 90476 13255
2840 359 99201 11388
801 6879 99363 10237
3607 4444 90292 7541
6280 8714 5774 17653
1224 621 3189 10885
1754 8127 4327 5364
3370 9945 59204 10995
4598 7197 15312 6812
7262 8473 8735 8767
9307 4988 22191 18524
2863 1918 57227 13256
3138 3740 83351 4971
4279 2461 39390 4931
1675 2916 28767 853
3249 1228 43063 14210
3297 1213 39802 1182
619 9741 90875 14850
5546 3153 27525 14397
5313 7227 96492 15340
4617 2482 87697 12145
8191 5267 59208 17542
9421 7631 49766 4006
3652 3660 25586 11575
2789 449 24824 9860
2185 1053 22918 3464
1599 6150 99999 10254
9330 1298 7826 6598
5214 7249 44047 2973
4326 3583 92746 8995
5434 3746 16175 1069
7536 9228 29888 195
9203 883 81063 18766
7171 1103 14815 780
2071 344 23405 1166
7075 1713 5750 5322
9278 6221 77078 11265
1942 1936 4124 1788
6651 1809 66671 1570
9644 3527 58254 8521
80 7273 91641 2187
2234 6467 62354 15979
7936 3885 47407 17830
1950 1375 64324 10499
4194 4691 79883 12050
9184 3753 46357 4711
8792 9454 59031 2046
4445 5915 96790 9696
5840 3787 52021 4809
4160 2903 58179 11111
6446 3588 50356 12665
1681 5818 2401 10925
5974 4716 93349 17384
8027 7788 47698 10170
2300 4315 20424 10521
6637 6540 77779 906
9559 1575 86535 18919
6467 5057 48839 18110
5413 5260 1400 7676
5365 1532 16911 10069
867 7286 1937 18089
3456 8536 68936 2235
2472 5323 82789 545
5402 5139 26779 16245
7877 8697 46495 18770
6923 8082 6851 9526
2053 9588 76756 19174
5993 6107 80734 2300
5915 1970 617 11524
4088 6098 11998 11061
1262 1905 30447 5980
9597 185 60217 6084
9899 9241 54727 10380
8730 4732 77487 17973
8936 6074 51969 13480
6433 487 71940 12107
7377 1198 93501 11893
8476 5807 54578 14369
4256 4351 52242 14155
3056 3810 31865 19787
2965 649 89663 16654
7240 1587 31060 3551
5636 7653 48458 1165
1339 2187 93460 1001
3173 5262 20414 15932
3283 1972 23647 18655
383 7448 36084 3986
1978 6613 33587 17150
8036 8830 27683 11744
8450 2132 67410 9848
4242 9015 83907 6818
6665 2254 54566 18538
8190 1861 28927 9938
8738 9874 92432 4659
2546 3976 85783 10922
2174 8889 84550 2017
1666 5286 71514 11227
8535 6429 39585 15861
9870 3192 6624 8725
553 3185 60509 19444
6991 9586 42604 11218
3602 2925 60751 8890
2921 1762 12817 12253
9303 4116 22805 10214
7367 9691 57843 16990
4598 7243 13705 14453
1956 7470 28869 1319
3829 3043 56412 19457
9 7635 81702 17659
165 9196 84496 4086
1746 3130 53038 6678
8215 1539 56255 7205
4138 4647 91901 11219
600 7346 31976 16110
3454 4598 26890 4233
1620 8599 83043 2927
7901 289 54057 4603
6731 4210 84633 3882
5210 6173 65900 2879
2445 1001 72024 13710
1997 7019 92663 13439
378 4883 76989 7566
2198 8199 50589 7931
5705 8761 29715 9689
7158 4163 88721 8256
5334 6599 54692 8084
6363 4628 10334 18596
9662 4729 41494 11558
3329 9125 89205 12014
7914 8663 47287 5452
4896 3596 80358 16100
219 6424 3971 17775
1551 5865 48918 638
10 6588 23198 17249
6 6393 24041 18086
3325 4074 19788 11721
5226 5151 83420 2922
3690 5849 36782 8625
1779 5663 74215 19810
1302 622 56495 13842
5421 2886 1406 17496
4814 7855 18838 19431
4712 6084 7325 5223
6863 3933 85977 17145
6634 9398 49227 19787
954 6883 36207 19196
969 1775 81992 6398
3164 6838 83308 4430
6315 5265 59029 12854
8485 5835 69450 1631
5243 777 57045 7382
9261 3532 24488 2623
3600 6401 70316 19289
9845 4245 52918 10828
8379 6815 33901 6133
4017 8875 78534 674
5218 649 17796 14892
1172 6479 53257 2616
8977 4309 50256 9265
614 5187 4589 13017
8818 2877 85352 18709
1379 9541 80881 7946
6558 5701 72038 10856
5052 9261 12456 6873
951 4478 18095 5525
4508 6630 77254 5997
6866 786 95466 11495
8939 5717 47827 16598
314 4013 62610 11989
1530 6700 83738 3829
7028 7615 71806 344
3196 9561 6652 13548
4222 9226 55970 8785
6186 6386 49155 8728
4893 135 66820 9885
1433 5500 77191 14768
4789 7268 73642 19858
2128 1194 50926 3884
6168 7041 32403 9559
9670 7574 16457 9279
7499 1476 76841 16120
9577 8011 3765 15828
8871 1586 5271 4924
6245 4914 49502 8519
1323 231 54178 10043
1447 722 19388 8129
3470 2240 78463 474
4583 1407 4049 12530
4484 1276 23411 12981
228 3327 55823 673
1803 5294 47593 4709
4570 3566 13965 14723
344 8327 24537 15010
8701 9512 89154 1817
1394 1269 43213 8980
7860 8257 84700 16379
8477 6235 71464 19481
4117 5449 5538 10705
9719 8050 61358 6788
7004 3542 36107 16053
3117 1373 64180 5777
4812 9850 8060 2801
6722 6923 82699 9230
9277 6895 19594 13142
9391 1332 30353 18263
9479 4217 64395 5582
2203 5508 47154 7408
6879 8754 44681 17862
6493 8723 64020 1676
7886 8011 81677 8664
3668 2148 69271 16348
1576 605 39878 19239
8520 5004 9441 10783
8882 1052 35481 17816
3034 2447 23035 18682
5004 3682 37265 10853
3305 7233 66693 11462
8986 6439 58745 18384
6442 1438 12775 19263
4761 1305 41197 19596
6474 7025 73543 8595
6038 9935 80464 14002
2468 7939 53039 9124
9488 206 87683 12984
4619 1559 53123 13962
842 582 89031 18179
1031 8838 45605 3999
8884 4053 79864 12446
4207 8937 2629 14114
4411 816 32530 3524
5353 1818 77591 4905
8119 8620 41413 10874
85 5027 899 4991
7038 5245 78045 3410
2335 8206 59349 10629
2978 9220 17505 4624
813 3663 6301 2132
6195 8164 98165 3928
7414 9837 61705 13622
6212 8281 34249 8546
2726 8524 53581 10590
4399 567 96131 3107
477 8155 25877 1901
7989 713 78006 11848
8384 336 15196 12331
3857 6582 50046 4824
5024 5666 97197 18963
9909 4265 64005 13712
285 4567 96286 14436
3025 1889 52335 4930
1717 5833 9553 9827
5867 5687 38639 16017
2814 6616 21798 17519
3953 7768 25573 1074
7229 3783 37763 18384
9546 8291 36105 9743
832 1902 87951 6992
3989 3589 74250 5419
2621 6388 18503 17683
5199 1574 58904 19389
1341 8505 51198 4524
5948 7540 67746 6996
8498 2582 33057 7085
1321 5120 94829 18020
78 916 63455 14504
6887 6848 47351 9948
3845 4559 15278 15249
1648 892 6033 14488
4295 4151 87723 16292
1732 1105 26490 10804
4368 6154 21788 2520
2500 7178 41123 16695
3449 8871 54071 3283
2826 9425 59890 4036
4105 1588 5505 15232
5304 6739 27367 3307
7680 8534 70420 18085
8319 6199 30210 755
9970 8132 6318 8409
989 1726 44385 2794
8721 2373 45285 18524
3923 1210 75308 15629
8193 4740 37615 8070
5020 1828 52174 19415
9818 2227 14111 13152
919 7424 48074 6997
5597 8335 43129 8178
3598 2444 47575 4673
3664 1933 34152 580
1851 8797 30557 792
1146 9300 14036 13131
6448 5261 81078 7335
8098 1060 88721 19508
6619 4949 84164 17382
9441 2077 44181 13153
7684 7060 11871 16506
6158 1409 7858 14559
7735 852 35514 17776
8505 5668 20018 7297
2894 9404 93300 14759
5541 6511 25823 12326
5509 1517 77874 18431
390 5963 71611 6154
3830 2551 50089 9468
7460 7194 38945 5404
2777 270 65883 14100
8207 662 98757 3344
83 4520 19756 16925
3523 6335 40126 12407
4023 750 44769 6489
4175 2221 69145 2166
3256 6301 9331 16220
4627 9932 71820 19741
5442 9078 71251 18897
5238 3157 50726 3432
5282 8508 1364 9418
8992 3437 67165 4571
181 4574 75375 7690
5986 2919 8799 17812
2618 777 22675 19293
4277 886 10613 16568
3197 3247 43439 14532
4020 7996 56463 15726
5021 4013 19373 7023
9182 6204 94692 15093
9471 1811 20660 1058
9897 7115 65544 19422
1766 9409 47218 7414
6048 8627 10535 16765
3023 8952 89875 10468
3311 7753 30751 10971
9823 6755 8891 6967
563 6860 12842 16208
2198 8207 77496 19385
1428 3388 62602 5507
4294 4579 16171 8344
6139 6227 61718 12037
9095 401 2469 5928
9415 3259 36133 6860
8340 5663 9138 13113
4647 9293 74338 7458
1262 806 36995 17256
1712 6904 13901 14952
5377 5102 1794 6599
7817 993 6411 3120
8493 3099 55287 17167
9751 6361 31613 9946
5511 2043 93051 10540
7055 9667 57180 19354
2343 692 42361 4395
6716 3189 34072 7888
2671 5933 59336 12977
913 4742 43317 12975
7516 672 60027 8381
8686 9389 66270 4931
850 3751 12225 4909
8485 1589 2727 17629
4803 8236 8391 10085
8558 9425 30021 15555
6462 273 68209 7478
4666 2281 62040 14853
3312 6693 61974 2455
4601 7404 81763 7666
9662 9048 33100 16026
2245 3314 8881 17462
3902 5722 31798 8928
2503 825 58175 19136
9509 5704 60257 15507
5919 8533 45908 18981
383 3339 39079 12344
4137 2629 79946 7127
1275 8763 57655 7176
2761 8779 98252 6799
6620 5684 83608 6833
7415 9618 84698 3642
5477 3691 19822 8596
9547 9314 95525 8568
9589 9591 1873 1983
156 1218 62272 10218
4339 2335 60732 668
2652 6080 69813 19776
804 3106 95197 16381
2 564 83473 2421
8158 9014 73782 4339
2490 1562 2480 7819
3008 8638 35016 5177
3715 5651 77645 4708
7224 5054 45630 1726
201 3478 707 13938
9920 8905 664 1648
8984 3918 97500 11172
2768 8625 72662 6342
4497 1731 38925 4788
3849 1103 52176 9477
8710 8513 84304 14606
8194 8119 77490 10691
520 4843 45116 13472
1647 8139 34520 2141
1363 7162 1336 13008
442 4111 18502 4723
2465 2482 72309 7508
3492 7972 63492 14099
3686 6084 51123 10962
6200 7867 41351 1092
4199 9279 70878 6414
65 3091 435 10307
636 7110 35390 19074
4849 5668 26397 13387
1656 460 39858 5856
5696 3286 67976 3357
1482 5476 12088 16886
5253 6594 72741 7458
8031 5288 24724 4560
6955 4775 93321 4058
1405 1938 61826 12133
9108 6986 84189 8518
5729 2784 36454 749
1362 8902 73812 1910
5537 8706 94193 17764
4199 1909 34055 12596
8162 4590 84801 691
4938 6716 44994 14037
9046 4769 3872 7001
3114 5430 53767 19751
3458 963 54684 19332
7233 5078 10079 9440
8167 3066 96425 11580
1703 8494 43542 18138
5347 1708 67551 10946
8300 2514 61324 11798
5769 7298 9790 14677
6431 337 35213 8962
6254 1085 93152 17550
1669 8923 72602 7358
7708 9577 38349 9302
6927 1514 78932 601
4487 4354 67790 2819
5229 5000 92053 7553
9814 2494 34880 12245
9654 4466 76305 11263
5590 5744 66371 5000
7935 1513 74923 18939
8687 8474 2428 4520
6622 6581 40346 6520
8147 5745 13734 15421
9999 8754 69441 19614
8096 5410 17279 16447
6368 5697 15231 356
2424 7127 50437 4514
9982 5714 74363 8161
6649 5596 33350 6533
9582 1908 56127 5181
3850 5354 34893 380
6961 3540 20187 4801
3858 6566 78871 678
8555 3659 66852 14240
6056 4517 927 9752
3191 5853 31758 3012
5215 5673 85788 2935
9815 6338 5471 1810
5091 9906 73760 9676
7942 4912 15320 88
7085 7495 73252 11481
6296 6282 37065 1665
3973 4122 38211 14976
2006 5569 24075 888
4120 2597 13060 10088
7385 4791 65186 16426
4457 8181 15482 19812
2819 2798 50491 13004
452 9951 8587 9297
8816 4142 84092 2640
4724 4117 36711 2698
5311 5013 21582 10424
9985 3545 95547 19375
4325 3498 4928 11111
5916 8238 94475 14885
9653 5051 96399 18284
3554 5190 70450 5442
6050 7063 15539 5456
111 4982 24004 12591
1448 5276 43367 5742
1814 5326 18251 16807
658 1406 35569 10350
1070 2949 68535 18775
1238 4858 89008 6238
3121 8286 81199 17353
9027 375 74101 7778
2147 9520 43137 16320
7794 2100 48007 5891
1845 8911 79933 17622
5945 741 33628 671
1272 6894 18713 6338
4422 5584 57529 4869
4630 4237 64761 5087
2166 9647 90950 13905
700 6354 12338 7520
445 5473 81688 8329
9477 329 43953 40
9527 631 72696 4524
6860 8229 21740 15324
3125 372 60322 1479
7452 9479 39886 12117
7104 3849 73544 2102
3101 8230 74736 6407
1991 9728 6702 11609
8329 8764 25791 8463
2523 8886 71498 8139
8509 3861 35690 15798
5674 5473 71971 1754
1403 4617 77177 3657
7826 4558 55113 10696
9411 2480 32834 17657
3375 5060 13901 2357
8747 5498 82765 4822
791 8304 3292 17067
8086 2449 15317 16272
8265 4829 84306 4079
6587 4137 47619 15478
3337 6856 78486 2748
4562 5481 17380 13027
9611 2753 60676 5614
5994 2157 5803 18341
7877 7725 82096 19822
2064 4324 71573 14328
2151 7924 75907 14913
614 6562 63604 17272
328 3680 66044 13006
2058 3035 879 3663
5966 3209 58428 1621
9773 6181 78556 7445
8517 6651 14494 10316
4231 2090 91837 7974
965 7079 98706 6590
4001 6455 53215 3109
1511 8078 72640 6318
3905 3750 29889 2722
371 59 91027 10789
9596 8315 71441 16087
3687 7459 34977 503
1361 6396 96211 12091
8934 2129 29957 19334
8979 1382 55423 15400
2442 2945 4186 7576
2047 3158 17826 14124
7811 1939 3417 6222
4068 7730 55884 16662
9712 2789 83097 12240
7314 8614 16229 7943
4172 6396 36011 6760
3204 9037 3384 5599
8472 8217 67085 13911
9513 7681 41786 12386
3158 1405 52962 16484
2716 3608 94789 10215
4477 2018 34811 9955
99 1449 18361 3959
1336 6821 50267 4070
9332 606 41905 17891
8934 3474 86075 14967
8482 2406 31964 7823
5886 1090 42503 8291
6650 3629 18423 4914
9183 1133 40513 1977
668 7162 40145 18394
7068 3853 13521 8757
5210 6983 44590 9608
3747 207 57903 12033
2307 5537 52899 13185
9770 1022 44495 4589
8926 1169 28570 18091
2778 3777 12421 3152
6972 5711 85117 14504
7765 8232 21467 5403
9626 3472 4882 12301
697 8967 7426 19220
8913 9103 12759 9360
7695 6358 26943 11536
932 21 9379 11271
7197 9972 740 8635
5759 3170 7538 14610
9561 5932 4627 5660
8172 5927 88794 10053
7697 2983 96834 6660
4637 4891 91916 11623
6943 4039 28643 17158
725 5550 79123 15302
190 894 35771 10787
4257 3457 90936 6260
1553 1790 27951 56
5934 9895 61949 6546
7673 8807 23437 7971
7302 5996 96058 5383
2269 1119 99227 6311
3804 1292 65979 10821
5232 6012 84700 16942
663 2047 72416 8151
5756 3942 58770 7761
7482 2523 11276 6646
9504 3730 84452 4643
7581 9406 83562 8016
1983 9853 37356 3288
4383 1013 43402 18910
71 1356 37883 17105
9894 6421 75127 5417
6101 1457 96374 17260
8650 7041 67126 19134
3564 2310 6073 7882
2158 9908 74989 2569
9830 360 17171 2767
9026 4344 83501 5553
7233 4068 97973 3725
1302 2274 63208 1685
8223 3447 70984 435
7818 8061 24064 18084
5841 1844 97930 1693
774 4829 86208 15629
8452 3319 32562 4577
9651 9378 87938 12692
8710 1216 91014 3254
7966 7135 16470 9292
2441 1728 34060 8908
9428 9059 99211 17548
3944 7087 64190 18905
7897 8329 20411 9209
9656 1877 57761 3686
1632 4124 24539 15092
4930 5975 41821 19362
1148 1084 97396 19216
9728 7303 91992 7038
9070 3198 33187 14501
1044 6523 56876 16653
4208 5530 17220 3551
2758 9534 61981 17538
8569 846 77534 5147
2647 6301 30865 6476
7336 6844 19172 19222
6908 7097 95130 10626
9661 3022 49516 11914
1667 5844 61164 2188
337 4301 26075 16166
6307 1589 47429 5887
2403 6658 16362 12840
4201 8412 72738 5348
6545 9869 4432 16807
5367 2880 58492 12765
8569 4767 63583 18893
3919 8188 20768 14094
9869 3721 93898 3829
4760 5899 35996 223
5889 4378 82004 9199
9560 3362 90280 631
64 9671 99710 6137
1430 4038 49181 2048
6615 4478 4633 18033
1276 6697 179 12581
1627 9835 26512 4837
4079 1223 60485 12459
7469 8405 95342 3092
1076 3153 59061 16488
7618 4873 41867 324
5151 6228 19934 14053
9590 6651 51610 14307
5029 6056 35521 333
3404 5520 64016 15604
9576 4727 11435 6266
1382 80 34775 4448
195 3848 28218 4807
9423 7580 18241 10002
5147 4554 57455 8103
4227 6011 75371 18077
5979 7240 99993 8201
601 3389 25499 9594
6517 3286 47241 8479
2994 5890 32379 8740
1547 741 13962 563
8585 5875 76588 7237
661 7726 25994 17134
2001 1613 58477 9111
3101 8479 77496 19429
9725 1729 22952 12411
2039 4757 8611 11038
7232 1708 20420 7400
4252 1094 12956 2760
4375 3629 31835 699
6676 6544 34483 18425
680 5825 51783 1117
4615 1293 93066 5033
2090 9342 24664 6623
2104 1253 2908 2634
7849 9906 21926 18452
4207 4626 68834 19061
2976 500 80885 2346
5807 7680 78883 15074
640 1605 96001 8164
6752 4150 37926 17259
4401 6084 22850 13529
5494 6384 12430 8709
706 9277 21324 13662
9791 452 208 15892
5291 6373 40754 15859
2863 9688 46936 4155
1126 8668 99894 16214
1711 117 95387 7689
9603 7372 24624 3499
5137 9659 10313 2433
5988 1352 17973 17518
4959 1718 9437 6961
3422 2673 33077 4215
4195 2626 97479 688
198 1555 88657 14802
6694 6022 69967 14186
4575 5253 41245 13127
4247 7640 61657 13989
1138 2114 9399 13793
6997 9865 83342 1595
9442 2375 136 5519
6865 8627 61930 3919
4929 5748 17468 1989
7591 1178 88489 17426
3508 6926 41084 17097
1588 1547 62951 18625
9701 4175 60050 5784
2030 3223 43591 18298
1374 6918 21825 16651
5377 5345 11951 1299
1014 9859 11715 16639
1053 3873 80341 17927
867 6686 58484 17614
1630 7680 4011 19274
9443 7237 11458 2918
7807 6755 88920 1304
6170 5821 85171 14518
779 8578 89337 5001
6859 642 49460 2447
2202 1464 56171 2562
8650 3465 51417 2183
7534 589 86023 7500
7029 2845 99760 7974
9423 5564 42027 2218
6470 3344 30628 3313
4890 7115 84060 523
8608 6215 4401 16767
8200 5190 27361 12114
1140 2802 11946 4017
7195 202 78415 18385
1447 990 61598 18283
1595 1360 75902 19681
2030 9329 15320 17608
8704 3843 564 2199
3782 9058 4233 17075
9863 9108 27475 12527
4389 214 74502 11017
876 2164 83977 19407
7289 8146 17736 3405
6244 8713 51969 4380
2457 500 88332 13151
68 4558 67255 1110
1789 5849 81041 16574
3544 903 83279 16947
5991 5017 63380 10852
8580 1839 13335 15032
4438 9623 21554 8752
3881 1256 49807 1807
4204 2221 85066 2811
1274 511 7770 9426
1349 639 27999 10303
2956 1278 23144 13874
4135 9603 5827 4018
2 3364 28072 749
5424 1900 62503 15950
7966 6786 18601 3501
6568 7574 16942 14180
9989 5636 57241 1169
1534 8737 88342 10447
4941 6503 1459 3198
6428 4770 90481 11847
1886 6443 30585 18942
3675 7775 18454 6947
2784 2119 31889 529
5198 9686 24923 4064
2545 1216 76406 9413
3193 1015 86434 13804
8804 1207 32629 1498
9098 712 49861 16043
3764 4191 66151 3302
2444 6326 22214 16547
2484 6224 10397 6577
3689 3050 22468 10020
1976 9961 89842 2254
1621 8935 22293 4973
1640 4076 61778 9970
9183 746 14808 5131
6782 1506 88558 15092
1487 5310 94514 16294
3954 5104 30233 15910
976 8203 84086 3181
7685 8935 11602 2695
362 8926 81431 2331
7353 1476 26844 7920
1153 876 40171 11482
4948 5238 73525 10199
7318 9381 46590 4894
2041 1173 7329 16148
2940 1773 17351 3901
7781 871 67698 1989
538 5207 72283 1381
2669 4393 31484 16408
3137 2363 63585 17329
5480 6170 97756 10395
24 3529 11298 17034
7334 2171 85244 3997
3010 361 19871 14024
6812 292 72559 454
2534 3304 85002 6812
2339 5624 8638 9529
2153 3403 17224 16975
3667 5078 33167 18970
1114 3396 35998 19792
7255 8294 26429 9445
9656 5248 79820 7510
8105 645 55934 10205
8226 5146 69019 8616
4939 2830 83424 9641
527 5262 56450 9888
4566 7500 6014 3742
8484 9558 81871 17131
6430 6421 74736 11365
8497 3638 64240 14527
4717 549 76424 11550
5210 856 25900 7941
10 8151 29203 11442
5813 7039 13486 8233
8866 9799 36851 4465
577 5241 83717 12325
4913 9797 80068 5045
8743 5888 44623 12901
471 7134 85342 4840
3140 6946 2563 19937
5761 1893 79215 11576
847 2779 46181 1091
4357 1526 52847 13403
9399 609 45570 714
8026 5709 32219 17706
7089 4892 96715 8818
3634 4720 55725 1471
5883 4275 83189 16073
1222 8053 61158 624
9109 3775 57282 6529
1650 5924 67725 18762
770 2874 47745 4529
7539 7497 47010 16902
8146 3830 50689 9128
8481 9078 75974 15884
3742 8854 58610 13710
9976 2810 10767 13056
3571 3659 67075 14985
9861 8352 31640 3140
753 7294 460 1526
4674 4226 68401 19084
1937 5533 64977 13290
5534 2199 81331 19230
5160 4940 93626 19266
4968 3303 59073 12321
1202 2647 61712 15592
898 7449 17705 1463
1040 5616 3214 5587
4790 330 70326 13396
9578 2673 38980 6025
2061 1924 56386 12489
3765 6626 73644 7031
8898 8781 72732 19651
451 1125 7045 4626
5555 4749 64220 320
4232 9411 12281 11630
7200 7964 12941 6896
4360 3000 15293 13110
9226 8574 78455 482
7337 9755 71944 6601
3930 7923 21188 12949
3418 839 13599 7145
2819 4106 80610 4054
2460 868 72580 8765
7218 2756 93414 17237
4856 1833 25169 2378
5713 8749 23362 14265
9156 808 72539 16661
5363 724 72037 4065
7635 655 35912 3625
1620 2685 24162 15824
8763 5252 59545 6488
7580 5752 46239 1558
6449 3869 15046 8301
3692 2578 98534 10107
1753 9103 57023 1936
617 4009 2046 18727
8210 6712 12240 18457
4066 6479 7592 12193
2894 1618 14898 18452
9773 8921 99098 13196
1607 8156 23016 19343
8939 7830 65362 17349
3156 3005 58350 14142
192 7185 83976 10091
118 1092 76215 8702
4683 2661 10234 14341
9217 3448 89922 13962
3993 6656 58703 10600
1497 5517 10709 16509
9051 8402 96929 13625
9277 8464 92575 17519
3978 996 99928 18580
1014 4352 55128 347
1562 7769 80288 481
7901 8060 7514 133
7774 3910 84887 16246
5283 523 50223 14402
9797 8321 9756 58
2965 7004 21884 6534
7112 3241 73472 12349
1473 2661 95031 13087
8488 5289 78293 7301
3691 5466 68532 16707
2291 5977 18793 16656
1338 919 31172 8188
553 6920 86182 7851
4991 6435 47021 11951
1618 4645 72757 1209
1019 5823 24809 14858
2946 355 2776 8788
3080 8000 39327 7046
1354 9604 88505 17833
2447 6920 83639 2497
4624 379 22017 8227
8540 7065 57338 18068
1807 131 892 4446
2934 6565 55893 1107
4792 7547 25571 13648
887 8055 34933 12072
6116 1908 99217 14971
785 710 6809 12846
8608 8877 35240 11013
9058 3555 34268 6415
4747 1399 68335 13900
6834 1289 66250 12936
8373 8864 46774 14873
5651 2004 62310 10675
5127 5885 58817 14980
796 2069 7499 2754
2998 1778 11764 1054
2057 2749 63405 17051
4142 5028 66665 10569
1161 2522 55917 8413
9348 6887 57279 1834
493 8385 96849 2737
2747 1298 3498 15558
3207 9731 38655 8088
5581 6899 69704 6306
3427 4100 37048 2080
5136 958 35908 12640
9246 7634 75894 4915
760 2751 43679 15574
1185 5302 52505 19157
1840 5471 26714 15913
8119 9332 91390 11082
4478 1699 65887 13860
3071 6388 86980 19402
393 6204 20270 18197
7319 838 77741 16565
4566 3854 74471 6201
107 632 82562 18491
921 4697 13802 8879
7025 9967 10620 19959
8994 2942 99138 12593
4826 8760 61243 17151
7167 3954 44498 8981
6405 1842 8610 7354
6854 6809 97572 11403
6818 2650 89704 745
9167 6823 98171 15355
9243 5275 65067 3747
8454 5724 20474 7121
4070 281 61319 8679
8670 2675 74821 17217
5642 1834 19698 13591
6244 3938 45044 6367
7352 8022 43256 14975
3268 3528 54456 13933
7640 1726 34863 12654
8318 5441 62819 7829
1408 4009 37719 6533
4302 839 63328 6109
8565 3547 86595 7032
8418 3925 7635 5526
5220 8128 14102 7668
5469 1783 39663 3202
466 2625 15402 7659
5743 9759 29262 12445
6536 4108 6358 10828
4528 3249 90874 18180
9469 6910 46201 4635
9700 7543 49160 10388
2290 839 5442 6174
1558 5058 68438 14711
7124 2590 23414 348
7748 1538 79345 11382
1341 5484 32326 10008
6786 1957 18154 18284
4347 8669 14076 8451
9308 6675 1966 7077
1936 2154 76787 12830
6357 6435 18855 12391
8693 5433 15559 6906
4606 3841 30446 12922
2805 1259 81108 13589
6017 2020 91056 10147
9711 2743 37025 18150
4394 9522 9023 6
7835 2904 49905 18893
1760 7803 55347 16631
5904 3979 78514 9644
6102 315 88633 19275
1555 9726 46915 6593
7817 596 50694 11716
9956 8522 16456 6634
8067 742 56900 13189
5534 4808 57 13978
837 7791 29596 9235
3881 3141 70876 237
6285 583 82697 3508
4784 905 55832 19920
7188 4489 50600 12758
5249 8737 94868 5324
4263 9619 34730 13029
8970 1013 93416 10872
9027 2717 41636 13102
2434 9837 36376 9323
2474 7651 67380 7924
8357 7393 25531 19665
1315 9611 74386 11519
2817 2487 93656 15466
4221 6473 35203 6033
3343 9286 33385 11200
3330 2050 64301 11158
7791 892 83301 9470
7521 4491 17967 7016
655 6927 42003 16600
1156 4790 376 16522
3294 8073 62593 2242
4712 9563 8525 13642
7843 1590 8420 2499
8814 9664 97578 15191
140 6777 61064 16122
9238 5085 49110 16531
9154 7518 8670 5296
2695 8524 70730 14399
9322 2247 28115 6578
9547 2057 51714 19512
9590 5936 63744 15774
7835 970 93786 213
3392 6760 8802 16115
2250 9640 48128 4923
7140 2552 54453 7040
8560 1226 87760 14937
2304 1667 36124 15662
5046 5316 75934 4469
911 7602 8479 9886
9010 9428 46059 10855
3119 2610 13997 19486
14 7976 67624 14266
3315 5978 87700 9790
393 1913 32037 19957
9053 5867 56377 2476
588 3740 50257 7010
6775 2326 58234 16000
4402 4393 58343 17193
1324 9666 95791 12229
3462 5870 11385 16974
9020 9802 55176 12742
7085 8112 28320 17152
7266 6163 22574 13912
2510 650 80581 15186
5583 7382 23601 15893
5088 8501 84958 19754
9914 9735 36655 7616
3215 8374 28254 8376
8911 9336 64558 4615
4982 3884 33146 18775
235 6208 54446 9298
9026 8538 28363 3465
5945 7129 60231 2074
1573 4686 92264 5347
4756 28 96798 18353
1462 3218 27302 17471
8899 8118 28922 15935
567 1434 64875 19388
4394 7502 73009 4471
7245 1360 86881 6197
1693 3418 45016 3173
8082 1276 34009 16343
7224 409 19491 1439
5242 5895 98695 6325
4452 5262 36174 3223
9346 124 95351 17470
9997 1346 72782 11001
4360 3020 83898 19161
9113 8173 60937 3384
9441 1771 97617 7896
6988 4971 34182 6829
4388 4312 16566 13395
3316 7366 53405 15724
1784 6115 61304 17501
8740 123 16041 2434
5740 978 74480 753
8252 3229 56060 7937
6847 4787 61592 11260
4399 1870 52913 2854
8990 197 59570 10283
3359 2576 50065 8399
7303 6629 99251 19287
4968 6697 41374 19625
1720 4669 98838 17274
4446 9460 93932 10721
1918 1751 30033 2948
6671 8969 80364 19991
3179 7830 7993 6705
744 7571 62114 18746
3459 786 72940 19811
7106 3540 97119 999
8639 3839 41120 307
6350 7187 25609 2677
9798 7772 66034 10977
1176 226 40390 2371
8429 8889 67721 6661
7000 1230 64767 11693
808 238 86025 17383
1313 7200 7201 13502
7446 479 16757 13230
9931 9773 23637 17793
7643 3349 11236 8379
9448 7772 17265 11318
2380 6196 66157 499
5021 8875 7648 13566
7758 6568 475 15163
7370 8250 74374 13688
3250 9389 14211 236
5868 1785 26378 10212
9978 2655 96153 570
3547 5464 79668 2944
8912 112 16579 14268
8302 2345 53185 15512
1503 2324 97997 16017
8613 6366 14717 19649
188 9296 28353 2534
1309 5879 13134 2300
8105 3871 34503 19896
7064 8272 65997 4757
2555 3364 33861 5190
2145 564 66372 5931
2792 3494 24434 4965
4254 9318 87555 17127
5184 7940 60687 17025
207 8344 11600 8510
2928 5992 67825 1281
8336 6925 42775 13677
6825 1677 17714 171
9607 6546 85961 13643
3481 6303 89147 10053
9762 6825 69759 2890
210 2197 18890 12385
7551 8876 2432 17529
2116 3805 24124 10194
7872 1618 126 18090
1284 2957 28684 11459
4785 9579 38335 8305
2275 5299 88990 7682
6136 6332 99260 14557
8515 2680 75365 5256
4074 999 28921 9074
1467 5315 91844 9042
4213 2840 2478 11099
9750 5407 18712 19945
713 8519 86892 11233
4713 467 80980 13986
1050 8015 19686 4959
5460 8334 29171 17974
9107 53 7507 17683
3562 4031 77315 10772
4600 7378 13593 14848
4496 7814 76700 10312
5606 9613 62633 1808
7681 2213 9061 11286
9203 1046 75701 15868
4510 3547 57606 5761
2950 3837 67163 11437
7854 9590 15944 58
216 2470 12822 16142
6281 7064 24136 18167
416 1239 23919 14037
193 3812 90956 11372
6889 6222 18139 15541
1371 3559 41644 6015
5114 3221 32140 13294
9483 8944 48671 12940
9627 4134 7307 10315
8524 8821 51471 3013
3868 2376 40740 3225
7538 5096 89532 9865
4160 3288 19897 8991
3925 4965 99080 13380
3286 2056 74554 8188
8725 1367 91003 8473
824 8310 19705 3870
4375 408 50482 10124
5708 1181 69160 1444
4968 8589 98328 18716
2868 7750 57352 4503
8969 4257 91548 11290
6508 2479 45282 11593
4539 8402 17950 6609
5052 8962 37297 4411
9260 1239 60848 9895
9576 5581 68428 17881
4844 5254 41197 16511
7617 9622 91009 17878
680 8538 44096 2098
6320 8550 31185 14433
6799 2140 38332 11508
2033 6259 53889 8895
9132 5909 48611 3733
4803 6509 70133 5516
2936 4828 28432 5612
5895 2457 57156 10117
2074 5110 80358 19893
6688 8556 54415 9381
7543 9682 73806 10382
1541 5047 57556 16475
5315 8336 68515 18103
9792 6292 57635 17631
1024 7887 69635 3595
865 6754 29362 8703
8020 4433 16067 13690
7999 2932 53338 17877
6509 744 41260 13079
9679 9957 69554 17669
8728 1546 21827 19022
2434 1703 22104 4011
4914 4575 9653 8402
3134 231 93025 14721
351 7953 69330 1107
7215 1961 64735 17783
2038 7953 95628 11408
6339 5013 31749 4154
2655 9519 11475 3913
1465 7169 48705 17802
8281 3142 81177 3023
8347 7860 89791 6151
3171 6533 49402 11837
2321 1713 65345 16450
9411 7730 41261 19440
6887 3998 15827 1537
6453 4649 23438 9639
58 6897 16480 4426
4278 289 70196 4199
8623 7464 72740 646
14 2025 57215 2175
6091 9028 94409 6414
8725 1079 33457 12949
565 3870 26216 19054
8163 1645 46919 16410
1833 4223 46636 16203
6629 2176 99253 4438
4036 5626 70081 17185
6066 3157 62032 11639
2256 4158 92828 17569
3470 2693 64308 10342
2930 4718 78594 5413
9602 4377 33128 7603
7039 4832 8136 5073
5957 2119 34898 11171
423 7436 7813 5564
8982 5622 76067 3599
6005 5499 86336 12410
4085 1993 30500 4200
8424 7953 12261 389
6755 9226 98582 6925
6442 6683 80078 11202
2579 3080 54555 1140
8024 2208 73413 431
7851 949 41307 12322
8198 9511 76633 7215
7545 130 68014 19532
6574 314 2098 9290
9509 6842 47800 4290
267 62 48424 6321
4238 7920 42772 3777
4894 2996 99345 16959
2859 1752 59653 1319
631 4244 55695 16740
2860 1247 76356 4349
7113 2963 90779 4549
5069 1452 42157 3304
6407 4271 69252 1292
4489 1114 88030 2821
7242 8857 17100 4276
6986 1353 21961 684
1689 2570 72476 1338
1448 1484 99469 3686
4934 4712 80 13845
6148 2112 4740 11070
1464 3969 3219 1050
9707 1837 24567 7120
4120 5268 2718 12837
9267 7162 91648 2080
1372 676 68680 12405
3328 3483 77761 9844
8072 5010 89781 7249
9436 9457 34722 7217
9080 4669 27099 15822
5413 9684 15696 2694
3657 9969 77326 1591
4973 111 64472 19257
3611 493 3220 2445
8921 9142 6411 5170
2413 3728 41376 16978
165 6924 15383 4804
8257 9840 79795 4019
9837 4337 69734 6356
9036 6096 70794 17282
4434 8918 25374 11517
2683 5968 30316 2701
2718 4417 36601 5726
4012 2992 6668 12813
768 6160 1656 3236
4009 9487 44093 6678
7226 1468 56068 16944
7045 7294 89329 19714
1217 8106 32559 8684
8633 4600 60726 8968
5817 6989 24527 3245
2334 8229 95739 14589
7019 9717 88542 17676
9832 4315 27597 13394
8991 150 79966 4238
545 4750 2265 9921
4904 1213 61688 9229
2390 5234 30914 12658
7287 5763 60845 9367
6346 1547 97031 2711
4319 3252 55972 13484
7427 7661 92644 940
9324 2742 48780 16549
