10000 10000
1 2 53533
2 3 81427
3 4 10613
1 5 41141
1 6 35704
2 7 29247
5 8 26950
8 9 53075
8 10 42217
9 11 73446
9 12 5941
8 13 58717
9 14 28959
12 15 45549
14 16 60424
15 17 82194
14 18 29635
16 19 14274
18 20 54077
16 21 255
18 22 33717
20 23 46086
20 24 27482
23 25 74894
23 26 7474
25 27 69022
23 28 50911
26 29 84248
27 30 71859
28 31 43915
31 32 10941
31 33 66185
33 34 39047
34 35 996
34 36 67045
32 37 31784
33 38 10508
38 39 60495
35 40 80216
40 41 76090
39 42 58340
38 43 5665
41 44 45813
42 45 5764
45 46 82892
45 47 85007
45 48 50885
47 49 51181
45 50 57567
47 51 4798
50 52 23274
49 53 80324
53 54 70331
54 55 27530
55 56 23592
54 57 81400
56 58 24328
54 59 45785
58 60 25759
57 61 41470
60 62 26687
61 63 45084
62 64 12502
61 65 57008
61 66 31163
62 67 37974
64 68 57681
66 69 89215
65 70 76925
69 71 50365
69 72 75328
72 73 73900
69 74 7859
74 75 36977
74 76 8983
76 77 50613
76 78 1690
77 79 39599
76 80 19890
78 81 8967
81 82 76536
79 83 58767
79 84 56064
81 85 25728
84 86 84775
82 87 36652
83 88 24654
86 89 60166
89 90 40620
88 91 27200
91 92 9555
89 93 14668
89 94 86512
92 95 81469
91 96 69456
95 97 10350
97 98 44946
95 99 5328
99 100 51790
100 101 42118
99 102 25848
101 103 19973
103 104 42509
100 105 42595
102 106 60399
104 107 58959
107 108 17486
105 109 83968
108 110 53186
108 111 2977
108 112 78178
112 113 45383
113 114 14190
111 115 18383
111 116 85635
116 117 7670
115 118 75013
118 119 62047
118 120 48895
117 121 5452
118 122 61425
118 123 11665
122 124 55506
124 125 73499
125 126 71155
123 127 67973
126 128 10627
125 129 65610
126 130 57051
129 131 26570
130 132 87557
130 133 12333
130 134 55521
134 135 43042
133 136 49769
136 137 34634
133 138 1764
137 139 82457
136 140 21011
140 141 52455
139 142 5767
142 143 47705
143 144 83909
143 145 62664
141 146 26559
144 147 48927
145 148 53909
148 149 49377
149 150 69625
147 151 738
150 152 27455
151 153 78228
152 154 29760
154 155 29532
155 156 73955
154 157 19779
153 158 89962
157 159 75846
158 160 82205
160 161 32225
159 162 66927
160 163 66160
163 164 52431
163 165 29778
162 166 36853
165 167 75971
165 168 54379
164 169 40220
165 170 30189
166 171 37424
171 172 67931
169 173 66643
170 174 48633
170 175 57320
174 176 18354
176 177 17152
177 178 78513
177 179 89509
177 180 40251
178 181 1055
179 182 1136
178 183 36179
179 184 34302
183 185 42472
182 186 58547
182 187 18032
183 188 39278
187 189 34481
185 190 703
187 191 84216
191 192 73950
192 193 48187
193 194 50235
193 195 14474
193 196 73553
194 197 53608
194 198 19921
197 199 9313
199 200 54702
196 201 22065
200 202 49318
198 203 35040
200 204 82933
204 205 5736
204 206 58417
206 207 62848
206 208 13250
208 209 11617
208 210 74897
208 211 54790
211 212 17623
212 213 31516
211 214 20680
210 215 64311
213 216 60358
216 217 10632
217 218 26016
216 219 7225
215 220 13001
219 221 39701
219 222 18860
222 223 54382
219 224 17328
223 225 30630
223 226 70697
223 227 21920
224 228 28086
224 229 89706
229 230 87593
228 231 62350
231 232 55455
232 233 69635
230 234 20831
234 235 57432
232 236 9227
235 237 31815
235 238 67787
234 239 77650
238 240 68038
239 241 72950
239 242 47813
239 243 33267
242 244 78888
240 245 77676
241 246 3658
244 247 17257
243 248 27033
246 249 54850
247 250 70081
246 251 64111
250 252 50201
252 253 35531
252 254 45502
252 255 84177
251 256 40998
254 257 33539
253 258 45229
256 259 50872
256 260 29997
260 261 9090
260 262 16361
261 263 8087
259 264 40676
260 265 84843
263 266 5219
263 267 22323
267 268 3209
267 269 71632
267 270 8609
267 271 79114
268 272 20452
269 273 35255
270 274 41595
272 275 21517
273 276 33327
276 277 7637
276 278 70388
274 279 11564
278 280 34764
277 281 9678
278 282 43129
279 283 81668
283 284 36619
282 285 56224
283 286 1220
286 287 57450
287 288 28019
286 289 72430
289 290 67957
287 291 62351
288 292 85883
289 293 62488
290 294 39609
293 295 24580
292 296 68583
294 297 46272
294 298 69918
295 299 6025
299 300 37347
296 301 72912
301 302 42543
298 303 31157
301 304 11478
301 305 84529
305 306 6055
303 307 79516
303 308 9769
306 309 37457
305 310 45141
310 311 66781
310 312 79516
309 313 33861
313 314 44139
314 315 54055
312 316 38481
314 317 65770
313 318 47801
314 319 21292
318 320 12034
319 321 68541
317 322 52705
321 323 51743
320 324 31240
320 325 33436
323 326 34445
322 327 6510
324 328 16941
325 329 72465
327 330 17305
328 331 68126
328 332 15746
328 333 26739
332 334 77674
332 335 35743
332 336 83465
335 337 69437
336 338 64868
334 339 18105
337 340 9250
340 341 28674
340 342 59319
341 343 82197
343 344 47639
341 345 69870
345 346 26299
346 347 33053
344 348 15107
345 349 27519
348 350 45639
350 351 42103
349 352 39751
348 353 42057
351 354 11074
350 355 67825
353 356 27228
354 357 1663
357 358 11306
354 359 24231
357 360 37257
357 361 85210
359 362 13594
359 363 26203
363 364 34183
361 365 84426
365 366 17871
364 367 35657
364 368 51951
365 369 50830
369 370 70034
369 371 7623
368 372 28858
372 373 18776
373 374 17340
373 375 6627
372 376 63019
376 377 36840
374 378 17209
374 379 56295
377 380 37747
377 381 43106
381 382 44215
378 383 46445
379 384 17591
384 385 4808
384 386 5619
385 387 31902
386 388 63910
384 389 49175
385 390 24878
389 391 32573
389 392 24151
390 393 21703
391 394 74839
391 395 69305
394 396 57936
396 397 41589
393 398 43434
396 399 5981
396 400 49293
396 401 44175
400 402 73340
401 403 46246
399 404 42435
400 405 79855
402 406 6834
405 407 11899
403 408 86404
405 409 84357
409 410 5807
409 411 32162
409 412 40438
411 413 88201
409 414 73828
411 415 5611
415 416 58792
415 417 78391
415 418 81001
416 419 70819
417 420 84948
420 421 66185
421 422 32393
420 423 56448
419 424 53832
422 425 17696
425 426 9627
426 427 57708
426 428 17929
428 429 6186
429 430 17932
428 431 85595
428 432 56178
432 433 61336
432 434 5966
431 435 54382
434 436 64884
436 437 74713
433 438 52943
436 439 8576
438 440 56827
440 441 32373
437 442 54218
439 443 56996
441 444 35134
443 445 18076
443 446 79894
444 447 4439
446 448 10756
445 449 69790
449 450 73584
450 451 43960
447 452 75426
449 453 88892
452 454 89691
454 455 57319
453 456 12480
456 457 84645
454 458 66896
456 459 6453
459 460 59248
457 461 59618
458 462 53404
462 463 33290
462 464 3728
462 465 19246
462 466 40402
462 467 18818
467 468 32358
468 469 61786
467 470 38223
467 471 23555
470 472 70164
471 473 66716
470 474 59256
472 475 87985
473 476 37314
473 477 53015
475 478 60763
476 479 49637
476 480 76077
480 481 37196
477 482 13015
482 483 4248
480 484 27637
481 485 49025
484 486 84870
484 487 76700
484 488 66110
487 489 56179
487 490 44554
490 491 57998
490 492 15985
491 493 40215
492 494 46076
490 495 66723
494 496 48957
496 497 62746
497 498 72825
494 499 14926
498 500 71260
498 501 68750
501 502 77802
499 503 87525
501 504 7730
500 505 71595
501 506 89773
502 507 84034
504 508 72716
507 509 78228
507 510 12983
510 511 87482
511 512 1358
508 513 75819
510 514 34589
512 515 85367
515 516 83083
512 517 14542
515 518 79077
517 519 30105
518 520 88653
518 521 51545
521 522 59846
522 523 72464
523 524 62274
524 525 42102
524 526 53649
525 527 12432
524 528 6593
528 529 303
528 530 62280
529 531 66505
528 532 57369
528 533 55740
532 534 14859
533 535 79122
535 536 64290
533 537 71476
534 538 36672
535 539 29491
539 540 57885
537 541 80740
541 542 87812
539 543 62632
540 544 34705
542 545 83202
544 546 23266
542 547 2339
547 548 86913
545 549 28462
548 550 37166
547 551 42093
547 552 51247
551 553 75648
550 554 87677
552 555 31517
554 556 24510
552 557 78495
556 558 25186
558 559 3331
557 560 36714
560 561 68309
561 562 35306
560 563 85499
563 564 1765
560 565 9757
561 566 26933
565 567 32437
565 568 78196
567 569 64044
567 570 72800
566 571 69853
568 572 34471
572 573 47634
570 574 68664
571 575 55578
571 576 40222
573 577 32029
576 578 54974
574 579 9326
577 580 23264
579 581 57909
581 582 50891
578 583 39303
583 584 5030
582 585 9547
582 586 60990
582 587 8169
584 588 15035
584 589 45726
589 590 84846
588 591 7576
591 592 46917
591 593 68328
590 594 57384
593 595 45724
592 596 59541
593 597 30966
594 598 37907
597 599 58072
595 600 77437
597 601 75279
598 602 4501
598 603 70457
603 604 19312
600 605 24151
601 606 48441
602 607 58099
604 608 49652
606 609 4078
608 610 8355
607 611 49222
608 612 80959
609 613 86569
609 614 64619
612 615 3842
611 616 50859
613 617 20503
617 618 65402
616 619 66913
619 620 69403
619 621 70116
621 622 58993
620 623 77293
622 624 15704
624 625 63132
624 626 53207
625 627 44660
627 628 67980
628 629 59942
629 630 19085
627 631 42974
631 632 11120
632 633 41097
633 634 47515
634 635 29821
634 636 15072
632 637 38939
633 638 2637
634 639 15059
635 640 68562
638 641 30363
638 642 25060
640 643 39026
641 644 1982
640 645 24648
641 646 50256
645 647 43641
646 648 65815
647 649 77381
647 650 82929
650 651 38784
651 652 33631
652 653 71760
651 654 18905
654 655 14886
655 656 57584
654 657 36797
656 658 2667
656 659 24715
656 660 22789
657 661 40808
660 662 34325
660 663 86144
662 664 62903
664 665 8947
663 666 88776
665 667 19754
666 668 41453
667 669 14261
668 670 20627
666 671 44733
668 672 79982
668 673 25077
672 674 1638
671 675 61835
673 676 33974
672 677 12640
674 678 12720
674 679 38346
679 680 4037
680 681 64757
679 682 83707
678 683 78370
679 684 48523
684 685 30660
685 686 27669
686 687 17004
687 688 10475
687 689 48102
685 690 23206
688 691 9196
690 692 85968
690 693 22497
690 694 7218
690 695 78429
693 696 48630
693 697 71469
693 698 70829
698 699 1337
697 700 65000
699 701 76599
698 702 21225
700 703 54775
702 704 86031
702 705 58789
705 706 20309
702 707 65828
707 708 20658
707 709 69341
709 710 43283
707 711 40006
710 712 85785
709 713 13760
711 714 64982
713 715 87374
712 716 41549
715 717 64690
717 718 26538
718 719 61741
717 720 73312
720 721 50688
718 722 20602
718 723 85372
720 724 3425
722 725 47708
723 726 36287
723 727 63542
725 728 65224
725 729 2688
726 730 25232
727 731 77503
728 732 6981
730 733 22191
730 734 53154
732 735 81229
733 736 56409
736 737 14341
736 738 4541
737 739 57827
735 740 2072
736 741 38580
740 742 11791
742 743 78346
742 744 66327
742 745 20873
742 746 29992
746 747 47746
744 748 57416
745 749 76933
747 750 15340
747 751 19035
751 752 77246
749 753 31009
751 754 75424
753 755 1952
753 756 632
756 757 29254
754 758 35760
757 759 71554
757 760 1898
759 761 16783
761 762 30571
761 763 20078
761 764 5497
764 765 51021
761 766 63672
765 767 38570
764 768 22292
768 769 51440
766 770 61613
769 771 7837
768 772 45297
769 773 47888
773 774 2410
774 775 13278
775 776 65205
772 777 6582
775 778 86502
774 779 58988
775 780 57642
777 781 77444
781 782 60022
782 783 53507
781 784 71774
782 785 66827
781 786 69317
783 787 76420
783 788 11329
787 789 55800
785 790 49712
786 791 59901
787 792 60524
792 793 65773
792 794 12100
790 795 3518
791 796 67974
793 797 33421
793 798 87289
796 799 27622
795 800 17619
798 801 30402
800 802 46865
800 803 11
801 804 57153
802 805 18014
801 806 48975
802 807 3896
806 808 72847
807 809 70683
806 810 24171
807 811 50404
809 812 33349
812 813 41476
810 814 60924
812 815 72461
814 816 30666
812 817 4798
816 818 58043
816 819 88850
815 820 13523
819 821 52052
820 822 8845
819 823 84638
819 824 61037
822 825 65601
824 826 42838
823 827 87075
825 828 7977
828 829 57007
828 830 82480
830 831 43119
831 832 5421
829 833 64085
833 834 632
830 835 21203
834 836 72988
836 837 88664
834 838 9630
836 839 20267
838 840 70060
840 841 88924
837 842 27213
839 843 39003
842 844 17773
843 845 27542
845 846 46984
845 847 9560
847 848 3009
845 849 40682
849 850 4513
848 851 59160
847 852 73265
850 853 76417
853 854 20663
852 855 26796
851 856 64030
855 857 73398
856 858 30912
855 859 6355
859 860 63452
859 861 18459
857 862 64711
862 863 54724
861 864 18688
860 865 2366
863 866 22700
864 867 32531
863 868 57660
865 869 35568
865 870 43519
867 871 86907
870 872 61250
869 873 58411
872 874 26094
871 875 74186
874 876 79326
876 877 68811
874 878 35152
876 879 79846
876 880 28856
880 881 57082
881 882 51164
882 883 11703
883 884 33731
880 885 64997
884 886 74006
883 887 87108
887 888 67704
884 889 39011
887 890 31541
886 891 40653
891 892 41345
889 893 58531
889 894 33268
894 895 43521
891 896 8304
894 897 33500
896 898 10338
894 899 36712
897 900 49717
898 901 26193
897 902 28076
902 903 21930
903 904 36546
902 905 66952
905 906 65254
906 907 10356
907 908 27572
906 909 11966
905 910 4464
907 911 69683
911 912 63370
911 913 77202
912 914 80290
910 915 82573
915 916 17100
912 917 17911
914 918 70987
917 919 71765
915 920 4784
918 921 17148
921 922 23682
922 923 86818
920 924 86887
924 925 88759
924 926 73504
923 927 33224
924 928 3444
928 929 565
928 930 31161
930 931 82288
928 932 507
930 933 19018
930 934 2699
932 935 13609
932 936 3609
936 937 39886
937 938 89480
935 939 63254
939 940 23983
938 941 83715
937 942 59437
938 943 61040
941 944 42749
944 945 30172
943 946 63432
945 947 86353
944 948 43712
947 949 21700
949 950 88258
948 951 37735
950 952 80701
950 953 40056
949 954 21433
951 955 2371
952 956 65525
954 957 74594
953 958 55563
958 959 12838
956 960 2005
960 961 10192
957 962 5088
961 963 79080
962 964 64442
963 965 1806
962 966 5228
965 967 69406
964 968 1769
967 969 62471
965 970 42454
967 971 7574
968 972 51085
970 973 12516
973 974 3794
972 975 65881
972 976 61724
972 977 84221
975 978 68865
976 979 6498
975 980 58311
976 981 36098
980 982 5423
978 983 4664
981 984 17560
984 985 24443
985 986 42832
984 987 1266
983 988 45380
988 989 31449
987 990 77689
990 991 59127
989 992 11640
992 993 76215
991 994 43959
993 995 47045
992 996 12023
995 997 22768
993 998 51467
994 999 8414
996 1000 72203
997 1001 6423
1001 1002 44497
998 1003 40108
1003 1004 77168
1003 1005 45657
1004 1006 39056
1006 1007 34675
1003 1008 3777
1005 1009 60909
1007 1010 15946
1009 1011 9926
1011 1012 48544
1011 1013 9240
1011 1014 54673
1013 1015 53514
1011 1016 60287
1015 1017 4528
1015 1018 82220
1016 1019 80016
1019 1020 58006
1020 1021 49551
1017 1022 11513
1021 1023 69876
1021 1024 41918
1020 1025 54680
1021 1026 68266
1023 1027 81702
1025 1028 13448
1026 1029 26090
1027 1030 29202
1027 1031 69003
1029 1032 49655
1031 1033 88965
1033 1034 17612
1031 1035 28151
1031 1036 11005
1035 1037 82805
1037 1038 53519
1036 1039 35624
1039 1040 36679
1040 1041 86316
1038 1042 80504
1039 1043 58675
1043 1044 23657
1040 1045 47309
1043 1046 72006
1043 1047 13076
1047 1048 39095
1045 1049 50372
1046 1050 59834
1050 1051 46034
1047 1052 79876
1052 1053 52012
1053 1054 36620
1052 1055 59125
1053 1056 37907
1055 1057 24707
1057 1058 31571
1057 1059 27933
1055 1060 78251
1056 1061 54509
1059 1062 36205
1061 1063 72007
1061 1064 59679
1063 1065 73278
1062 1066 8662
1063 1067 29081
1063 1068 21945
1067 1069 15998
1068 1070 62407
1068 1071 28301
1069 1072 61236
1070 1073 67113
1069 1074 23308
1070 1075 42154
1072 1076 63065
1072 1077 55264
1074 1078 28242
1074 1079 35678
1075 1080 12924
1077 1081 20599
1078 1082 55498
1082 1083 35613
1081 1084 38408
1084 1085 45124
1084 1086 85312
1082 1087 56345
1085 1088 16898
1084 1089 69152
1088 1090 18247
1088 1091 22121
1087 1092 27977
1088 1093 6146
1091 1094 84707
1094 1095 24577
1092 1096 84669
1096 1097 65199
1094 1098 58410
1098 1099 71442
1098 1100 77115
1100 1101 34924
1098 1102 69602
1098 1103 4640
1102 1104 66528
1103 1105 32006
1101 1106 1559
1106 1107 65359
1104 1108 70538
1107 1109 74816
1109 1110 30338
1110 1111 33473
1109 1112 39306
1112 1113 56991
1111 1114 8926
1114 1115 67256
1115 1116 72056
1113 1117 59801
1117 1118 27315
1118 1119 72269
1116 1120 56659
1119 1121 26864
1117 1122 34194
1122 1123 7444
1123 1124 52511
1124 1125 32073
1125 1126 23811
1122 1127 13676
1127 1128 42065
1128 1129 31873
1127 1130 19249
1130 1131 17960
1131 1132 80065
1129 1133 43394
1131 1134 61524
1131 1135 64208
1133 1136 13159
1136 1137 59311
1136 1138 3782
1134 1139 75320
1137 1140 85413
1137 1141 2106
1137 1142 62512
1142 1143 4981
1139 1144 18787
1140 1145 65016
1143 1146 77998
1145 1147 21271
1145 1148 46675
1145 1149 5932
1146 1150 28756
1147 1151 82724
1147 1152 79208
1152 1153 57145
1152 1154 25759
1150 1155 5281
1153 1156 47353
1155 1157 84829
1154 1158 88121
1154 1159 62645
1157 1160 2638
1160 1161 83554
1158 1162 71992
1158 1163 64846
1161 1164 53934
1162 1165 41379
1163 1166 11533
1165 1167 64626
1166 1168 13466
1168 1169 38055
1169 1170 42648
1169 1171 33027
1167 1172 29383
1169 1173 37838
1169 1174 69707
1171 1175 16752
1173 1176 48773
1174 1177 41799
1176 1178 86025
1176 1179 47598
1176 1180 30372
1180 1181 4772
1178 1182 66318
1179 1183 80397
1181 1184 16660
1181 1185 10198
1183 1186 72316
1184 1187 26886
1185 1188 43394
1187 1189 53017
1185 1190 48502
1189 1191 61940
1188 1192 25162
1191 1193 67393
1189 1194 21881
1191 1195 16005
1195 1196 28387
1193 1197 4304
1197 1198 79797
1198 1199 66680
1198 1200 79603
1198 1201 45639
1198 1202 29416
1202 1203 84097
1201 1204 75627
1204 1205 78208
1204 1206 33861
1206 1207 4910
1204 1208 86708
1204 1209 87070
1205 1210 78456
1209 1211 66606
1208 1212 36019
1208 1213 24327
1209 1214 24404
1213 1215 73008
1215 1216 44546
1215 1217 56732
1216 1218 47934
1215 1219 50565
1217 1220 70934
1217 1221 25340
1217 1222 39245
1222 1223 38665
1220 1224 74665
1221 1225 51557
1222 1226 27542
1224 1227 72736
1227 1228 59964
1228 1229 50094
1225 1230 88201
1230 1231 6286
1227 1232 61812
1231 1233 15890
1230 1234 51277
1234 1235 297
1233 1236 71657
1233 1237 20813
1233 1238 54062
1236 1239 1396
1238 1240 1991
1240 1241 38817
1239 1242 46451
1238 1243 49857
1239 1244 25301
1241 1245 54135
1243 1246 84916
1245 1247 27619
1246 1248 4293
1245 1249 72762
1247 1250 28987
1250 1251 27327
1247 1252 84231
1252 1253 10529
1249 1254 85637
1252 1255 78908
1251 1256 82706
1254 1257 67080
1256 1258 30161
1255 1259 65700
1259 1260 1462
1256 1261 83474
1260 1262 41260
1258 1263 47718
1261 1264 10175
1263 1265 75568
1263 1266 40982
1266 1267 58421
1263 1268 37388
1265 1269 41549
1267 1270 85624
1267 1271 54159
1268 1272 46768
1271 1273 28718
1271 1274 80766
1274 1275 11534
1271 1276 33377
1273 1277 27027
1275 1278 60756
1277 1279 71204
1277 1280 40325
1276 1281 41321
1277 1282 67882
1281 1283 77691
1280 1284 81154
1282 1285 37435
1281 1286 17658
1286 1287 40050
1286 1288 88695
1287 1289 8797
1286 1290 26415
1286 1291 87063
1290 1292 71572
1292 1293 89619
1292 1294 62895
1292 1295 44380
1292 1296 47093
1295 1297 17323
1293 1298 3254
1294 1299 34465
1299 1300 80797
1299 1301 19571
1300 1302 34207
1299 1303 18910
1301 1304 31259
1302 1305 13778
1303 1306 65074
1302 1307 13206
1303 1308 38028
1307 1309 61307
1308 1310 86687
1309 1311 7505
1311 1312 84792
1312 1313 73987
1311 1314 75103
1310 1315 68945
1311 1316 36899
1312 1317 18516
1316 1318 43326
1317 1319 68967
1316 1320 77309
1316 1321 43821
1320 1322 37058
1321 1323 33545
1319 1324 12629
1321 1325 62939
1325 1326 9107
1324 1327 38351
1326 1328 31768
1325 1329 44086
1328 1330 11951
1330 1331 13405
1328 1332 74099
1328 1333 11092
1332 1334 60799
1333 1335 22124
1334 1336 72401
1336 1337 77214
1337 1338 14942
1338 1339 42403
1337 1340 89235
1337 1341 16405
1341 1342 51396
1340 1343 75266
1342 1344 88524
1340 1345 39606
1343 1346 17026
1345 1347 83389
1346 1348 11899
1346 1349 62923
1345 1350 26891
1350 1351 62972
1347 1352 68570
1349 1353 47837
1349 1354 68233
1352 1355 47837
1353 1356 38282
1356 1357 58825
1354 1358 50308
1354 1359 42003
1358 1360 27428
1360 1361 75253
1359 1362 32963
1358 1363 36289
1362 1364 72098
1360 1365 44144
1365 1366 63116
1362 1367 12253
1365 1368 2388
1364 1369 76949
1366 1370 9109
1367 1371 2288
1368 1372 40033
1372 1373 75261
1373 1374 61547
1371 1375 4616
1372 1376 16037
1375 1377 52437
1374 1378 35255
1377 1379 46683
1375 1380 65021
1379 1381 27709
1377 1382 88618
1381 1383 44558
1380 1384 41352
1383 1385 57785
1382 1386 14242
1385 1387 66530
1387 1388 65281
1384 1389 57046
1385 1390 72937
1388 1391 1735
1390 1392 36367
1389 1393 8227
1393 1394 44837
1390 1395 13756
1393 1396 42266
1392 1397 48344
1394 1398 23304
1395 1399 81508
1399 1400 5159
1397 1401 6339
1401 1402 39301
1401 1403 36755
1401 1404 56818
1402 1405 63213
1403 1406 6475
1402 1407 36599
1403 1408 16877
1404 1409 11359
1408 1410 64034
1407 1411 34888
1407 1412 79398
1408 1413 15651
1409 1414 45550
1412 1415 78484
1413 1416 30328
1416 1417 73075
1417 1418 14977
1417 1419 13644
1417 1420 52616
1418 1421 19221
1421 1422 63192
1422 1423 85813
1421 1424 26079
1423 1425 86793
1422 1426 7438
1424 1427 2395
1424 1428 4702
1425 1429 12551
1426 1430 64339
1428 1431 18650
1429 1432 19872
1428 1433 3351
1429 1434 24190
1433 1435 89857
1435 1436 54378
1435 1437 40480
1434 1438 31760
1435 1439 25067
1436 1440 59828
1437 1441 15817
1440 1442 44064
1441 1443 87313
1439 1444 26625
1440 1445 46816
1442 1446 70621
1446 1447 369
1444 1448 49463
1446 1449 37372
1446 1450 6678
1447 1451 68117
1448 1452 65217
1451 1453 86348
1452 1454 37382
1450 1455 15633
1454 1456 4969
1456 1457 3333
1456 1458 1758
1456 1459 35257
1455 1460 77987
1457 1461 33214
1459 1462 77479
1460 1463 7318
1459 1464 72025
1461 1465 33831
1463 1466 1425
1463 1467 38564
1464 1468 11117
1466 1469 48342
1469 1470 8434
1467 1471 50489
1471 1472 3061
1468 1473 78574
1470 1474 72273
1470 1475 18216
1475 1476 51520
1472 1477 53986
1477 1478 15962
1478 1479 49027
1479 1480 35784
1477 1481 21695
1480 1482 33367
1479 1483 23162
1482 1484 89365
1480 1485 9092
1482 1486 6351
1483 1487 79111
1487 1488 29424
1484 1489 68247
1487 1490 28353
1490 1491 10938
1490 1492 22121
1491 1493 66915
1492 1494 78892
1490 1495 40701
1495 1496 79719
1495 1497 66724
1493 1498 28119
1497 1499 56587
1496 1500 44771
1497 1501 13964
1498 1502 87881
1500 1503 7194
1503 1504 34810
1500 1505 1884
1502 1506 26449
1502 1507 11249
1505 1508 32703
1508 1509 31140
1509 1510 48820
1508 1511 60740
1511 1512 13294
1511 1513 32333
1509 1514 61594
1510 1515 87510
1511 1516 79625
1515 1517 76874
1513 1518 40075
1516 1519 5471
1519 1520 83365
1517 1521 68428
1520 1522 5150
1520 1523 61712
1523 1524 21045
1521 1525 31116
1522 1526 36171
1522 1527 39644
1525 1528 7873
1524 1529 6895
1527 1530 30842
1527 1531 37074
1527 1532 85674
1530 1533 28338
1532 1534 16598
1531 1535 972
1533 1536 31312
1535 1537 11507
1536 1538 4777
1538 1539 31317
1537 1540 45417
1539 1541 38162
1537 1542 70564
1541 1543 23271
1540 1544 76226
1543 1545 16369
1544 1546 55917
1546 1547 59775
1545 1548 29614
1548 1549 24381
1545 1550 31602
1546 1551 61653
1548 1552 47729
1548 1553 89084
1549 1554 1157
1552 1555 63077
1554 1556 29623
1555 1557 11504
1557 1558 45584
1558 1559 54926
1556 1560 76106
1558 1561 75100
1561 1562 60453
1561 1563 78994
1561 1564 78532
1561 1565 11579
1565 1566 30993
1565 1567 34456
1564 1568 58540
1565 1569 73662
1569 1570 48665
1569 1571 55130
1569 1572 12211
1570 1573 72395
1570 1574 52677
1573 1575 26628
1575 1576 40309
1574 1577 7368
1574 1578 61337
1574 1579 27340
1579 1580 84180
1576 1581 62297
1580 1582 88764
1582 1583 22297
1579 1584 23053
1581 1585 26471
1581 1586 86038
1582 1587 31457
1583 1588 59829
1585 1589 64811
1588 1590 2581
1587 1591 31967
1591 1592 48968
1591 1593 45308
1593 1594 51051
1591 1595 28701
1593 1596 77001
1594 1597 67379
1593 1598 10802
1596 1599 65807
1599 1600 27159
1596 1601 64194
1600 1602 72121
1602 1603 57794
1601 1604 44083
1603 1605 60484
1605 1606 64677
1605 1607 59886
1607 1608 84173
1608 1609 2273
1609 1610 27613
1609 1611 42407
1610 1612 25447
1611 1613 10158
1611 1614 12967
1612 1615 47435
1613 1616 49516
1613 1617 35425
1616 1618 84615
1615 1619 82818
1618 1620 86585
1618 1621 40791
1617 1622 73858
1621 1623 22864
1619 1624 50311
1624 1625 48397
1624 1626 72393
1624 1627 1873
1626 1628 56220
1626 1629 43060
1626 1630 76271
1630 1631 44575
1631 1632 73637
1630 1633 33759
1630 1634 38518
1632 1635 37874
1635 1636 77426
1633 1637 33521
1634 1638 62301
1634 1639 27394
1638 1640 59303
1638 1641 38948
1637 1642 42658
1640 1643 46057
1643 1644 7686
1640 1645 41574
1645 1646 61542
1644 1647 72188
1647 1648 3407
1645 1649 6204
1648 1650 46685
1646 1651 429
1647 1652 920
1649 1653 18491
1651 1654 46666
1651 1655 34578
1651 1656 19699
1653 1657 21542
1656 1658 16422
1655 1659 38462
1655 1660 54253
1658 1661 29514
1657 1662 60114
1662 1663 32441
1663 1664 27915
1663 1665 63247
1663 1666 27380
1664 1667 11373
1667 1668 3358
1664 1669 3399
1665 1670 50047
1668 1671 13015
1668 1672 55910
1670 1673 11968
1672 1674 29078
1670 1675 49764
1673 1676 33690
1672 1677 12535
1674 1678 38077
1674 1679 10706
1675 1680 3726
1677 1681 1027
1679 1682 83996
1681 1683 16541
1680 1684 61913
1681 1685 71687
1682 1686 79951
1683 1687 47424
1685 1688 29981
1687 1689 12669
1687 1690 57016
1686 1691 50844
1690 1692 72373
1691 1693 89975
1690 1694 20407
1692 1695 47338
1695 1696 89989
1692 1697 44728
1695 1698 71412
1698 1699 54718
1696 1700 79333
1698 1701 61268
1701 1702 3174
1699 1703 49648
1700 1704 36377
1700 1705 2077
1704 1706 87076
1705 1707 2897
1707 1708 77248
1708 1709 7599
1709 1710 60577
1706 1711 53063
1707 1712 84310
1712 1713 80417
1711 1714 43576
1710 1715 8476
1713 1716 49207
1714 1717 74248
1713 1718 35304
1717 1719 11203
1715 1720 677
1720 1721 88279
1721 1722 76185
1721 1723 72980
1723 1724 27683
1724 1725 20430
1723 1726 73119
1726 1727 71501
1723 1728 86588
1724 1729 84333
1725 1730 31181
1728 1731 83422
1731 1732 75095
1732 1733 64386
1729 1734 21707
1734 1735 83801
1732 1736 6728
1734 1737 61419
1733 1738 79824
1734 1739 44222
1735 1740 50487
1737 1741 20380
1741 1742 80587
1738 1743 51610
1742 1744 63441
1744 1745 78365
1742 1746 1377
1742 1747 65250
1746 1748 45833
1745 1749 41206
1747 1750 23600
1749 1751 26165
1747 1752 33614
1748 1753 52664
1751 1754 84292
1753 1755 21509
1751 1756 21834
1754 1757 35587
1757 1758 13395
1758 1759 17836
1759 1760 5626
1756 1761 5863
1761 1762 6007
1762 1763 28841
1763 1764 61369
1761 1765 22065
1761 1766 31362
1763 1767 56760
1767 1768 78710
1766 1769 6466
1768 1770 64423
1767 1771 25723
1769 1772 57727
1768 1773 20964
1769 1774 50257
1771 1775 30881
1772 1776 63766
1776 1777 78617
1777 1778 13023
1775 1779 31634
1778 1780 19402
1776 1781 77832
1777 1782 31672
1779 1783 85976
1783 1784 65714
1782 1785 35860
1784 1786 4822
1784 1787 66127
1787 1788 26390
1787 1789 66972
1787 1790 69860
1787 1791 50552
1789 1792 56444
1789 1793 52417
1790 1794 31039
1792 1795 75584
1793 1796 81702
1796 1797 53724
1797 1798 39036
1796 1799 55824
1797 1800 25593
1798 1801 87599
1798 1802 41073
1802 1803 27654
1802 1804 70703
1801 1805 16594
1801 1806 74758
1806 1807 39963
1806 1808 32115
1807 1809 50195
1807 1810 75369
1809 1811 79588
1811 1812 64281
1809 1813 9633
1809 1814 19392
1813 1815 51149
1815 1816 7695
1814 1817 37267
1813 1818 79641
1815 1819 77808
1815 1820 42482
1820 1821 66530
1819 1822 65181
1818 1823 84632
1819 1824 42473
1822 1825 65990
1821 1826 31682
1825 1827 33031
1825 1828 13160
1825 1829 83106
1825 1830 87145
1828 1831 68954
1827 1832 9080
1830 1833 14644
1829 1834 66444
1830 1835 31603
1833 1836 76637
1833 1837 89334
1837 1838 28248
1835 1839 72496
1838 1840 66232
1837 1841 49669
1841 1842 15685
1841 1843 7450
1839 1844 84389
1841 1845 21900
1841 1846 12022
1843 1847 79971
1843 1848 79350
1848 1849 41526
1847 1850 8273
1849 1851 3710
1849 1852 71698
1851 1853 68672
1851 1854 38257
1853 1855 80943
1855 1856 34620
1855 1857 29230
1857 1858 29844
1854 1859 49501
1859 1860 83318
1857 1861 3547
1857 1862 19989
1861 1863 26342
1863 1864 48291
1864 1865 55931
1864 1866 1189
1863 1867 38865
1864 1868 73825
1868 1869 6645
1868 1870 80439
1870 1871 19038
1868 1872 77574
1869 1873 34080
1873 1874 9773
1874 1875 63168
1873 1876 3499
1875 1877 65447
1877 1878 13113
1877 1879 88178
1875 1880 84524
1880 1881 11567
1880 1882 83427
1878 1883 10114
1881 1884 23784
1884 1885 71433
1883 1886 58170
1885 1887 66988
1885 1888 45507
1888 1889 81250
1886 1890 55329
1890 1891 40731
1891 1892 42201
1890 1893 10104
1889 1894 64014
1893 1895 58767
1895 1896 29771
1895 1897 17006
1896 1898 14494
1895 1899 19644
1896 1900 28781
1898 1901 61849
1901 1902 20737
1899 1903 50307
1900 1904 12356
1901 1905 63860
1904 1906 63513
1902 1907 60869
1905 1908 1827
1906 1909 56764
1907 1910 75534
1910 1911 38789
1909 1912 39474
1910 1913 67672
1913 1914 67961
1910 1915 15328
1912 1916 20249
1913 1917 35603
1917 1918 8202
1917 1919 1309
1915 1920 65358
1916 1921 20599
1919 1922 11445
1918 1923 54201
1921 1924 55219
1922 1925 78284
1922 1926 71920
1925 1927 46823
1927 1928 41453
1927 1929 42867
1926 1930 26318
1929 1931 19066
1928 1932 46848
1928 1933 52312
1933 1934 48645
1933 1935 62467
1931 1936 37862
1932 1937 51757
1936 1938 42291
1937 1939 22773
1936 1940 35448
1940 1941 63820
1940 1942 27886
1941 1943 36
1943 1944 40238
1941 1945 21468
1942 1946 47875
1944 1947 20155
1947 1948 37583
1948 1949 85052
1949 1950 14929
1947 1951 23397
1951 1952 26941
1951 1953 87710
1951 1954 77199
1951 1955 41616
1951 1956 81409
1955 1957 2212
1953 1958 64322
1957 1959 44969
1958 1960 22444
1958 1961 37570
1957 1962 35190
1958 1963 79992
1963 1964 13034
1961 1965 69839
1962 1966 79358
1966 1967 85527
1967 1968 85850
1968 1969 35700
1965 1970 54034
1966 1971 5159
1971 1972 24343
1968 1973 35181
1970 1974 19527
1974 1975 581
1971 1976 31029
1975 1977 41976
1975 1978 16855
1976 1979 20496
1975 1980 13112
1977 1981 42905
1980 1982 74947
1979 1983 17011
1981 1984 55629
1980 1985 59744
1983 1986 52814
1982 1987 50813
1983 1988 44710
1985 1989 89181
1989 1990 59362
1987 1991 47634
1988 1992 42145
1990 1993 4822
1992 1994 13718
1990 1995 69392
1995 1996 71280
1993 1997 88730
1995 1998 16511
1995 1999 35778
1999 2000 45982
1999 2001 2032
2001 2002 55554
1998 2003 25799
2002 2004 26079
2003 2005 33165
2005 2006 69307
2004 2007 60942
2005 2008 12501
2008 2009 15650
2009 2010 65939
2009 2011 46391
2008 2012 86237
2009 2013 60591
2010 2014 12872
2014 2015 9360
2011 2016 76205
2014 2017 17353
2016 2018 74328
2014 2019 14571
2016 2020 41490
2017 2021 29469
2019 2022 50490
2022 2023 1536
2023 2024 29769
2021 2025 23648
2025 2026 89272
2024 2027 55774
2025 2028 70620
2025 2029 77363
2029 2030 40967
2026 2031 79191
2031 2032 67654
2029 2033 23018
2031 2034 31281
2032 2035 52175
2033 2036 79878
2036 2037 12566
2037 2038 39502
2035 2039 38918
2035 2040 77833
2036 2041 84770
2040 2042 68402
2041 2043 54342
2040 2044 34241
2041 2045 45196
2042 2046 88978
2042 2047 60698
2046 2048 16118
2047 2049 14225
2046 2050 39601
2049 2051 72708
2051 2052 5125
2049 2053 61296
2049 2054 18183
2053 2055 69070
2053 2056 12759
2052 2057 44686
2057 2058 71569
2055 2059 48773
2059 2060 79555
2057 2061 7109
2060 2062 37605
2059 2063 78872
2063 2064 5647
2063 2065 87160
2062 2066 36975
2063 2067 77711
2063 2068 68692
2068 2069 21495
2068 2070 59607
2069 2071 11977
2071 2072 69985
2068 2073 43548
2069 2074 50214
2074 2075 41251
2072 2076 81530
2076 2077 30498
2073 2078 54440
2078 2079 41118
2076 2080 60163
2080 2081 28444
2079 2082 47773
2078 2083 47063
2080 2084 56578
2084 2085 7229
2084 2086 52005
2083 2087 23351
2087 2088 52894
2085 2089 7024
2086 2090 38363
2089 2091 16766
2091 2092 48306
2090 2093 39118
2092 2094 87374
2094 2095 56258
2093 2096 41859
2096 2097 58407
2095 2098 6658
2094 2099 6749
2098 2100 6159
2096 2101 80717
2101 2102 65426
2102 2103 20712
2103 2104 35327
2104 2105 29495
2101 2106 49629
2105 2107 50935
2107 2108 46533
2106 2109 31696
2108 2110 48168
2106 2111 70375
2109 2112 75481
2108 2113 46052
2111 2114 62383
2113 2115 33696
2114 2116 25214
2114 2117 71840
2114 2118 73317
2117 2119 34570
2117 2120 36829
2119 2121 44649
2118 2122 43025
2120 2123 2933
2122 2124 32817
2122 2125 73095
2121 2126 79413
2125 2127 69564
2124 2128 69319
2125 2129 85272
2127 2130 6329
2128 2131 38917
2130 2132 43683
2131 2133 21132
2131 2134 14098
2131 2135 59686
2133 2136 13424
2136 2137 55391
2137 2138 22242
2138 2139 11920
2139 2140 81587
2138 2141 38417
2141 2142 75957
2139 2143 6189
2143 2144 43948
2143 2145 41973
2144 2146 87813
2145 2147 29392
2143 2148 19458
2146 2149 41676
2145 2150 25858
2148 2151 46116
2151 2152 3003
2149 2153 20455
2151 2154 30551
2151 2155 5433
2152 2156 24582
2153 2157 38125
2155 2158 29646
2154 2159 10245
2155 2160 2011
2156 2161 85083
2157 2162 66264
2160 2163 64532
2161 2164 54095
2161 2165 7234
2162 2166 364
2162 2167 52819
2163 2168 70470
2167 2169 67276
2169 2170 44121
2170 2171 84156
2170 2172 17214
2168 2173 86261
2172 2174 43645
2171 2175 68183
2174 2176 83029
2174 2177 16731
2177 2178 23807
2177 2179 45728
2179 2180 77637
2177 2181 72800
2178 2182 89480
2180 2183 23317
2181 2184 48055
2182 2185 88303
2182 2186 64582
2183 2187 73312
2183 2188 80802
2188 2189 17378
2185 2190 48040
2186 2191 61777
2188 2192 66805
2191 2193 56769
2190 2194 23927
2190 2195 41614
2193 2196 38770
2192 2197 41819
2194 2198 75381
2196 2199 25476
2198 2200 46261
2200 2201 11638
2197 2202 71786
2201 2203 781
2199 2204 21100
2202 2205 62271
2203 2206 40421
2203 2207 51522
2207 2208 1132
2206 2209 64539
2205 2210 19980
2207 2211 61040
2211 2212 47730
2211 2213 47619
2211 2214 10076
2213 2215 54878
2215 2216 37754
2216 2217 83321
2215 2218 37783
2216 2219 73853
2219 2220 33585
2219 2221 7533
2217 2222 27511
2220 2223 13560
2222 2224 20524
2224 2225 80744
2222 2226 77090
2226 2227 26915
2225 2228 21706
2228 2229 22827
2225 2230 8988
2227 2231 89894
2230 2232 1022
2230 2233 29095
2231 2234 6357
2234 2235 1803
2234 2236 22705
2232 2237 27489
2237 2238 83990
2236 2239 86451
2235 2240 21809
2237 2241 46957
2240 2242 36655
2240 2243 22049
2241 2244 38293
2242 2245 83857
2244 2246 53212
2245 2247 86643
2246 2248 76607
2246 2249 11192
2247 2250 33818
2247 2251 52269
2250 2252 47836
2248 2253 16276
2250 2254 35288
2251 2255 48035
2253 2256 39079
2252 2257 23510
2257 2258 27377
2258 2259 70030
2256 2260 81969
2257 2261 67568
2259 2262 31364
2260 2263 19758
2263 2264 60203
2263 2265 54440
2263 2266 43289
2264 2267 34270
2265 2268 64074
2267 2269 113
2266 2270 59833
2267 2271 38316
2271 2272 46007
2269 2273 8423
2271 2274 79097
2270 2275 76491
2274 2276 13420
2274 2277 68182
2276 2278 89975
2276 2279 19
2275 2280 84348
2278 2281 11631
2279 2282 25982
2280 2283 56321
2281 2284 56275
2281 2285 2091
2285 2286 87943
2285 2287 57680
2284 2288 59058
2288 2289 21317
2287 2290 84879
2288 2291 78509
2290 2292 42999
2292 2293 37859
2290 2294 81971
2293 2295 14793
2295 2296 80785
2293 2297 29855
2295 2298 88196
2295 2299 63478
2295 2300 51559
2296 2301 12431
2299 2302 26957
2299 2303 77363
2302 2304 85907
2303 2305 65474
2304 2306 13281
2302 2307 40057
2304 2308 89750
2304 2309 78954
2305 2310 9641
2309 2311 47249
2311 2312 79220
2310 2313 54441
2312 2314 64421
2311 2315 38239
2313 2316 22966
2313 2317 50905
2316 2318 62367
2316 2319 64883
2319 2320 13051
2319 2321 84786
2319 2322 41079
2318 2323 71020
2323 2324 11692
2321 2325 31889
2321 2326 79490
2322 2327 51609
2327 2328 48137
2324 2329 1991
2326 2330 24791
2326 2331 71981
2331 2332 30016
2332 2333 14936
2333 2334 86308
2333 2335 12485
2334 2336 82212
2336 2337 30242
2334 2338 64395
2334 2339 2721
2339 2340 43564
2338 2341 63439
2341 2342 75392
2342 2343 3705
2342 2344 61679
2342 2345 29068
2343 2346 25996
2344 2347 13101
2344 2348 64984
2345 2349 65151
2346 2350 41077
2350 2351 71553
2348 2352 87632
2348 2353 71578
2350 2354 18810
2352 2355 78309
2352 2356 5706
2356 2357 61785
2354 2358 74371
2357 2359 57862
2355 2360 23940
2356 2361 82023
2360 2362 43398
2362 2363 21200
2362 2364 74133
2363 2365 15481
2362 2366 3772
2362 2367 79839
2363 2368 44885
2367 2369 55242
2367 2370 32293
2368 2371 1261
2368 2372 39496
2369 2373 24891
2371 2374 67370
2372 2375 85778
2373 2376 52027
2375 2377 19136
2376 2378 14630
2377 2379 69220
2379 2380 45479
2379 2381 52674
2381 2382 74597
2381 2383 8459
2379 2384 16559
2384 2385 38007
2385 2386 77946
2386 2387 56757
2384 2388 82422
2388 2389 31310
2386 2390 4544
2389 2391 2166
2387 2392 23401
2392 2393 43484
2393 2394 77536
2392 2395 75327
2391 2396 7145
2393 2397 80376
2397 2398 89060
2398 2399 35917
2396 2400 74550
2399 2401 8872
2398 2402 59258
2398 2403 4
2401 2404 58200
2404 2405 80414
2405 2406 43849
2404 2407 17224
2403 2408 85167
2408 2409 73045
2406 2410 63298
2407 2411 78109
2411 2412 68144
2412 2413 88226
2409 2414 14579
2414 2415 21285
2414 2416 64597
2413 2417 60621
2414 2418 14028
2415 2419 89331
2419 2420 48213
2419 2421 73760
2421 2422 64202
2420 2423 72990
2419 2424 50998
2421 2425 68713
2425 2426 63089
2422 2427 30673
2423 2428 13048
2424 2429 46255
2428 2430 46626
2429 2431 76142
2430 2432 27129
2431 2433 26324
2433 2434 698
2433 2435 72285
2435 2436 42852
2432 2437 55718
2433 2438 58074
2434 2439 49868
2439 2440 82149
2439 2441 16964
2441 2442 40731
2439 2443 22500
2439 2444 65420
2440 2445 46055
2442 2446 19740
2445 2447 9347
2444 2448 51960
2448 2449 12270
2449 2450 66661
2449 2451 10812
2450 2452 36834
2448 2453 12809
2451 2454 71411
2453 2455 23677
2452 2456 25775
2455 2457 85006
2453 2458 87389
2454 2459 38483
2459 2460 69810
2460 2461 70974
2457 2462 78675
2461 2463 4044
2463 2464 48387
2461 2465 83987
2463 2466 23187
2463 2467 75292
2464 2468 14458
2464 2469 33508
2466 2470 86971
2470 2471 4849
2470 2472 42798
2472 2473 41385
2472 2474 77918
2473 2475 39994
2474 2476 86501
2472 2477 47063
2474 2478 8543
2475 2479 82155
2475 2480 24243
2476 2481 78847
2477 2482 48300
2478 2483 59120
2483 2484 47543
2480 2485 74351
2481 2486 82194
2485 2487 70744
2485 2488 40346
2484 2489 62359
2485 2490 58540
2489 2491 70674
2490 2492 85198
2489 2493 44763
2490 2494 66822
2493 2495 54377
2491 2496 7663
2495 2497 31657
2495 2498 70747
2498 2499 66276
2495 2500 37886
2497 2501 50112
2499 2502 57802
2498 2503 52425
2501 2504 25855
2500 2505 32222
2503 2506 27549
2502 2507 67037
2507 2508 13059
2504 2509 988
2505 2510 472
2510 2511 83829
2508 2512 23425
2512 2513 59844
2510 2514 16987
2511 2515 34890
2513 2516 22420
2515 2517 83045
2515 2518 20777
2517 2519 11878
2515 2520 34404
2518 2521 4838
2521 2522 7000
2518 2523 35210
2522 2524 48290
2521 2525 25668
2522 2526 19039
2526 2527 68586
2525 2528 20974
2528 2529 54883
2525 2530 52150
2529 2531 64915
2529 2532 50287
2530 2533 27898
2530 2534 12879
2530 2535 2269
2533 2536 26933
2533 2537 46515
2537 2538 66698
2536 2539 1986
2535 2540 87512
2536 2541 79503
2537 2542 48977
2538 2543 59453
2540 2544 54747
2544 2545 64617
2541 2546 11192
2544 2547 42880
2545 2548 15745
2548 2549 68905
2545 2550 35861
2549 2551 34935
2547 2552 58668
2548 2553 46662
2552 2554 60833
2554 2555 18867
2552 2556 88553
2555 2557 3777
2553 2558 55668
2554 2559 59108
2555 2560 8346
2559 2561 62184
2560 2562 88240
2562 2563 48352
2561 2564 22425
2561 2565 58619
2565 2566 51056
2565 2567 82091
2567 2568 4049
2566 2569 27576
2566 2570 33378
2568 2571 81763
2571 2572 28981
2570 2573 2214
2573 2574 79527
2574 2575 83875
2572 2576 36703
2574 2577 83099
2573 2578 60079
2575 2579 74487
2576 2580 51155
2579 2581 45385
2578 2582 40325
2580 2583 29157
2581 2584 82365
2582 2585 21351
2584 2586 47297
2585 2587 18293
2586 2588 68216
2584 2589 6603
2588 2590 89189
2590 2591 24453
2588 2592 52377
2592 2593 30432
2593 2594 11247
2593 2595 14705
2591 2596 16491
2593 2597 9134
2596 2598 55420
2595 2599 19761
2599 2600 20021
2596 2601 16761
2599 2602 78726
2600 2603 54080
2600 2604 66118
2602 2605 51002
2601 2606 88690
2604 2607 54021
2606 2608 40462
2608 2609 71414
2609 2610 28605
2608 2611 51677
2610 2612 6078
2610 2613 50052
2610 2614 44038
2610 2615 83066
2614 2616 65881
2615 2617 23313
2615 2618 51886
2617 2619 10315
2616 2620 2285
2617 2621 57800
2618 2622 9760
2622 2623 42713
2622 2624 41048
2622 2625 13511
2623 2626 31871
2625 2627 51841
2624 2628 28982
2628 2629 83129
2626 2630 87823
2626 2631 34142
2629 2632 40351
2632 2633 72041
2631 2634 81807
2634 2635 45461
2633 2636 15925
2632 2637 13229
2635 2638 51190
2637 2639 35885
2636 2640 47802
2640 2641 25227
2638 2642 79712
2638 2643 77447
2642 2644 16130
2643 2645 13734
2643 2646 56081
2645 2647 62290
2647 2648 85430
2644 2649 72366
2647 2650 37340
2650 2651 11036
2647 2652 33690
2650 2653 43431
2650 2654 54662
2650 2655 49123
2655 2656 35508
2655 2657 41819
2656 2658 65713
2656 2659 57900
2659 2660 43979
2656 2661 13982
2659 2662 1836
2662 2663 29791
2661 2664 1200
2664 2665 22174
2662 2666 68774
2664 2667 8206
2665 2668 43646
2666 2669 15167
2667 2670 88887
2669 2671 12498
2670 2672 76150
2672 2673 48403
2673 2674 85839
2672 2675 13911
2671 2676 69873
2673 2677 78965
2674 2678 77955
2676 2679 32282
2677 2680 75527
2678 2681 25790
2681 2682 42739
2680 2683 14912
2683 2684 151
2683 2685 51022
2684 2686 11283
2686 2687 28231
2684 2688 73226
2685 2689 3537
2685 2690 1197
2690 2691 9481
2689 2692 17411
2688 2693 7155
2693 2694 82015
2694 2695 12784
2693 2696 43494
2694 2697 26073
2695 2698 20105
2698 2699 50706
2698 2700 11372
2697 2701 47715
2699 2702 3563
2699 2703 6535
2701 2704 81064
2703 2705 74805
2704 2706 66373
2703 2707 55278
2704 2708 56653
2706 2709 15162
2705 2710 34474
2710 2711 46824
2710 2712 51163
2712 2713 77281
2711 2714 62825
2710 2715 17709
2713 2716 45087
2712 2717 31025
2715 2718 53488
2716 2719 40485
2719 2720 27949
2717 2721 49099
2720 2722 43650
2722 2723 62964
2722 2724 61943
2720 2725 46001
2722 2726 35748
2724 2727 54644
2723 2728 67720
2724 2729 62112
2728 2730 25365
2726 2731 88317
2728 2732 25835
2728 2733 48415
2732 2734 17349
2733 2735 23076
2735 2736 13715
2734 2737 75563
2734 2738 54141
2736 2739 22355
2738 2740 84585
2737 2741 74976
2740 2742 84314
2738 2743 68981
2742 2744 31915
2742 2745 81684
2741 2746 35287
2745 2747 13852
2743 2748 26634
2747 2749 21715
2749 2750 74017
2746 2751 35590
2751 2752 51194
2751 2753 77015
2751 2754 55587
2752 2755 26206
2754 2756 9601
2753 2757 39380
2753 2758 13444
2754 2759 28662
2755 2760 26218
2757 2761 58681
2759 2762 36999
2761 2763 29788
2760 2764 24254
2762 2765 61872
2763 2766 66846
2766 2767 85599
2763 2768 4237
2765 2769 39853
2766 2770 30387
2767 2771 45691
2767 2772 76251
2768 2773 88169
2771 2774 69272
2772 2775 89313
2772 2776 10453
2775 2777 68325
2774 2778 4677
2775 2779 9043
2778 2780 78591
2776 2781 38405
2781 2782 30166
2779 2783 17307
2783 2784 33313
2784 2785 62559
2783 2786 30382
2783 2787 32860
2785 2788 69757
2788 2789 6752
2788 2790 65970
2789 2791 45571
2787 2792 77002
2790 2793 13102
2792 2794 84538
2791 2795 59364
2793 2796 73012
2796 2797 22645
2794 2798 5237
2796 2799 77683
2796 2800 20376
2797 2801 29515
2800 2802 71663
2801 2803 84744
2801 2804 33517
2804 2805 87036
2801 2806 36945
2804 2807 9423
2803 2808 12433
2807 2809 70504
2805 2810 67230
2806 2811 50732
2810 2812 50670
2810 2813 17369
2810 2814 33624
2810 2815 62907
2812 2816 36258
2813 2817 44245
2815 2818 43303
2817 2819 88620
2815 2820 15778
2819 2821 703
2820 2822 75229
2822 2823 66695
2823 2824 40405
2820 2825 67512
2825 2826 49209
2824 2827 67063
2825 2828 44663
2827 2829 60428
2827 2830 49537
2827 2831 34297
2831 2832 5418
2830 2833 61051
2829 2834 27640
2833 2835 36323
2831 2836 74097
2834 2837 2818
2836 2838 64318
2836 2839 2626
2836 2840 69850
2840 2841 88283
2840 2842 17520
2840 2843 73178
2841 2844 81138
2844 2845 41038
2841 2846 9510
2844 2847 50801
2847 2848 51907
2844 2849 28110
2845 2850 32838
2847 2851 83052
2849 2852 61075
2851 2853 18543
2849 2854 46388
2850 2855 80249
2853 2856 33917
2853 2857 32042
2856 2858 53608
2854 2859 85145
2857 2860 65205
2860 2861 7444
2859 2862 50202
2859 2863 44921
2862 2864 6641
2863 2865 18004
2864 2866 4959
2866 2867 64190
2864 2868 13627
2864 2869 54190
2865 2870 77645
2870 2871 20518
2869 2872 84525
2872 2873 83770
2869 2874 85128
2871 2875 82138
2872 2876 15789
2873 2877 21255
2875 2878 5415
2876 2879 50243
2876 2880 86596
2876 2881 12969
2880 2882 25182
2879 2883 27513
2881 2884 57156
2881 2885 78735
2885 2886 78120
2883 2887 76690
2883 2888 3037
2886 2889 49950
2887 2890 44818
2886 2891 8515
2887 2892 22533
2892 2893 67546
2889 2894 33647
2892 2895 69306
2893 2896 81281
2893 2897 88778
2893 2898 43134
2898 2899 11462
2896 2900 53686
2900 2901 57036
2901 2902 36278
2899 2903 76959
2900 2904 1724
2904 2905 9641
2901 2906 48860
2902 2907 60478
2904 2908 35352
2904 2909 62277
2906 2910 65406
2906 2911 26065
2911 2912 47005
2912 2913 8177
2913 2914 28729
2912 2915 76437
2913 2916 86434
2913 2917 46585
2914 2918 58166
2917 2919 64629
2918 2920 66404
2918 2921 27689
2917 2922 35721
2920 2923 29645
2920 2924 50419
2923 2925 28951
2925 2926 76832
2923 2927 37250
2926 2928 17097
2925 2929 62659
2926 2930 57519
2930 2931 870
2927 2932 60467
2932 2933 11053
2931 2934 55732
2931 2935 18163
2935 2936 76792
2934 2937 46376
2936 2938 27940
2934 2939 54180
2935 2940 86801
2936 2941 72379
2939 2942 44518
2940 2943 83132
2942 2944 8323
2942 2945 63137
2941 2946 55351
2946 2947 78154
2946 2948 64334
2947 2949 38722
2946 2950 15446
2946 2951 58022
2951 2952 66033
2952 2953 43843
2952 2954 46416
2950 2955 85726
2954 2956 25524
2955 2957 14795
2957 2958 29674
2956 2959 83859
2955 2960 18107
2957 2961 54083
2959 2962 41218
2959 2963 80967
2963 2964 44484
2961 2965 22332
2964 2966 26768
2963 2967 9531
2966 2968 67488
2966 2969 40976
2966 2970 53461
2966 2971 76130
2969 2972 16693
2970 2973 13169
2973 2974 50689
2974 2975 13186
2975 2976 47142
2974 2977 62616
2976 2978 42758
2977 2979 10247
2979 2980 66898
2980 2981 71638
2980 2982 23846
2981 2983 65159
2982 2984 39197
2980 2985 41592
2981 2986 2731
2984 2987 39540
2986 2988 74256
2986 2989 78448
2985 2990 46258
2988 2991 49217
2987 2992 83557
2988 2993 71095
2993 2994 18529
2992 2995 69343
2995 2996 2154
2994 2997 75556
2996 2998 55123
2996 2999 51122
2998 3000 4161
3000 3001 28526
3000 3002 48739
3000 3003 12366
3000 3004 2459
3003 3005 73746
3002 3006 29629
3006 3007 17135
3003 3008 85298
3007 3009 69977
3009 3010 33584
3008 3011 7759
3009 3012 49251
3010 3013 40446
3009 3014 49427
3010 3015 68107
3011 3016 31629
3014 3017 50481
3014 3018 19455
3014 3019 16444
3018 3020 48802
3016 3021 38003
3019 3022 4357
3021 3023 7958
3023 3024 9679
3024 3025 22651
3021 3026 49665
3025 3027 53243
3025 3028 32356
3024 3029 53715
3025 3030 23633
3026 3031 67671
3028 3032 82219
3030 3033 54964
3031 3034 26773
3034 3035 12303
3034 3036 24070
3033 3037 79603
3037 3038 84118
3038 3039 43028
3035 3040 14707
3038 3041 23424
3039 3042 1400
3039 3043 29644
3039 3044 770
3040 3045 89283
3043 3046 85311
3044 3047 75535
3044 3048 52779
3048 3049 80531
3046 3050 55518
3048 3051 1659
3050 3052 31816
3048 3053 4283
3053 3054 31314
3052 3055 80048
3051 3056 64424
3054 3057 51862
3057 3058 29274
3058 3059 85076
3057 3060 56877
3057 3061 39402
3060 3062 21458
3062 3063 63067
3061 3064 25620
3061 3065 53085
3064 3066 87164
3064 3067 72411
3063 3068 68705
3068 3069 78405
3069 3070 55312
3067 3071 64954
3068 3072 16855
3071 3073 39941
3073 3074 4241
3073 3075 28325
3074 3076 30266
3073 3077 87706
3074 3078 22272
3076 3079 80063
3077 3080 69141
3076 3081 29491
3079 3082 61251
3078 3083 44585
3081 3084 39002
3081 3085 34354
3082 3086 20187
3082 3087 83055
3085 3088 62417
3088 3089 43071
3087 3090 80729
3088 3091 62580
3091 3092 59347
3090 3093 25121
3091 3094 36344
3091 3095 7509
3091 3096 76826
3096 3097 14409
3096 3098 39419
3094 3099 11525
3097 3100 10507
3100 3101 88364
3099 3102 88929
3100 3103 54332
3100 3104 50094
3101 3105 39203
3101 3106 42031
3102 3107 51103
3106 3108 6438
3106 3109 75979
3107 3110 56136
3106 3111 76832
3107 3112 23737
3110 3113 83214
3113 3114 24539
3113 3115 61022
3112 3116 89597
3114 3117 19112
3114 3118 28081
3114 3119 47792
3116 3120 20450
3119 3121 45815
3117 3122 29765
3119 3123 27817
3120 3124 62430
3122 3125 26276
3123 3126 60738
3122 3127 89434
3126 3128 30527
3126 3129 83485
3125 3130 68027
3127 3131 80359
3127 3132 85063
3130 3133 63128
3133 3134 56412
3133 3135 931
3133 3136 31981
3136 3137 22146
3136 3138 6315
3138 3139 44898
3137 3140 40141
3138 3141 69536
3137 3142 71464
3138 3143 45943
3142 3144 2249
3144 3145 72676
3145 3146 40157
3144 3147 35185
3147 3148 23780
3147 3149 69249
3145 3150 15009
3149 3151 22096
3149 3152 80144
3151 3153 84461
3150 3154 53024
3151 3155 87586
3152 3156 70843
3154 3157 26779
3157 3158 58785
3158 3159 77930
3159 3160 36920
3157 3161 21137
3157 3162 48537
3159 3163 88311
3159 3164 33912
3164 3165 41519
3161 3166 49764
3163 3167 68772
3166 3168 48783
3165 3169 53110
3165 3170 58360
3167 3171 78299
3170 3172 10337
3172 3173 74351
3173 3174 72530
3171 3175 46585
3171 3176 1021
3175 3177 5749
3176 3178 82390
3178 3179 3340
3176 3180 27948
3179 3181 52640
3179 3182 12735
3180 3183 11117
3179 3184 17961
3181 3185 71300
3185 3186 24231
3184 3187 64407
3185 3188 34209
3186 3189 7138
3185 3190 80298
3190 3191 54445
3189 3192 67935
3192 3193 31836
3190 3194 66302
3190 3195 20982
3191 3196 61583
3193 3197 46467
3194 3198 70667
3195 3199 32512
3198 3200 37114
3196 3201 69254
3200 3202 41432
3199 3203 51037
3201 3204 64438
3203 3205 32921
3205 3206 65319
3205 3207 65462
3204 3208 78476
3204 3209 35550
3206 3210 83374
3208 3211 7596
3210 3212 19243
3211 3213 60566
3209 3214 81174
3210 3215 37800
3212 3216 36352
3213 3217 65171
3214 3218 52926
3218 3219 69327
3215 3220 18786
3218 3221 26893
3221 3222 61993
3222 3223 22155
3222 3224 83426
3222 3225 22504
3224 3226 24031
3225 3227 59014
3225 3228 53085
3227 3229 84853
3225 3230 60596
3230 3231 4151
3229 3232 41278
3230 3233 3907
3231 3234 83613
3233 3235 19830
3235 3236 78167
3232 3237 60322
3236 3238 78070
3234 3239 12207
3236 3240 45125
3237 3241 63202
3241 3242 61338
3242 3243 85549
3243 3244 405
3242 3245 75544
3244 3246 1803
3246 3247 14655
3244 3248 72272
3245 3249 13912
3246 3250 76475
3249 3251 79212
3248 3252 71546
3249 3253 46034
3251 3254 61479
3253 3255 45370
3252 3256 71914
3254 3257 71713
3256 3258 47803
3255 3259 30954
3258 3260 13918
3260 3261 23984
3258 3262 80771
3261 3263 24911
3263 3264 19199
3264 3265 12898
3261 3266 73344
3263 3267 35933
3264 3268 11109
3265 3269 47884
3265 3270 8674
3267 3271 4617
3267 3272 7474
3268 3273 38187
3269 3274 45495
3271 3275 38269
3271 3276 41598
3273 3277 88570
3276 3278 70744
3277 3279 3563
3278 3280 14696
3277 3281 24549
3278 3282 20471
3282 3283 12571
3281 3284 42821
3282 3285 47605
3284 3286 54054
3284 3287 29130
3287 3288 38132
3288 3289 3108
3285 3290 64803
3290 3291 36637
3291 3292 55697
3290 3293 60965
3290 3294 82565
3294 3295 71738
3292 3296 34720
3294 3297 89629
3294 3298 58490
3298 3299 62833
3298 3300 86814
3299 3301 45014
3297 3302 74089
3299 3303 49928
3301 3304 43778
3301 3305 17441
3301 3306 57619
3305 3307 78032
3304 3308 85413
3305 3309 31767
3307 3310 12751
3306 3311 62040
3311 3312 19212
3310 3313 46349
3310 3314 64523
3312 3315 72506
3314 3316 39132
3314 3317 85321
3315 3318 64123
3316 3319 60891
3317 3320 67817
3317 3321 12701
3317 3322 66134
3320 3323 19673
3321 3324 21660
3322 3325 23683
3323 3326 69308
3322 3327 56275
3325 3328 45758
3328 3329 26545
3327 3330 9717
3326 3331 14643
3327 3332 12028
3328 3333 78344
3331 3334 38189
3331 3335 53355
3335 3336 56754
3335 3337 53469
3335 3338 45950
3336 3339 88397
3338 3340 71708
3340 3341 20108
3337 3342 28964
3341 3343 55753
3340 3344 23978
3342 3345 47755
3343 3346 31927
3344 3347 17314
3347 3348 17564
3345 3349 52343
3346 3350 19236
3347 3351 33595
3351 3352 29512
3351 3353 3430
3351 3354 42030
3352 3355 67809
3354 3356 69186
3353 3357 72418
3354 3358 26250
3356 3359 45422
3355 3360 75571
3356 3361 21930
3357 3362 87603
3362 3363 27628
3361 3364 11210
3362 3365 6991
3363 3366 7779
3362 3367 57912
3366 3368 52554
3365 3369 16716
3368 3370 3417
3370 3371 36639
3370 3372 79609
3368 3373 30551
3369 3374 17149
3373 3375 7382
3371 3376 6723
3374 3377 57318
3374 3378 35595
3377 3379 38110
3375 3380 13649
3377 3381 41683
3380 3382 33188
3380 3383 3303
3380 3384 6508
3382 3385 89102
3381 3386 43656
3385 3387 29713
3385 3388 67208
3386 3389 73067
3385 3390 21393
3387 3391 15610
3387 3392 23714
3391 3393 24524
3393 3394 86297
3393 3395 15668
3393 3396 46723
3395 3397 4301
3395 3398 21063
3398 3399 49258
3399 3400 57564
3397 3401 34015
3401 3402 12784
3398 3403 86828
3402 3404 36780
3400 3405 57125
3402 3406 66421
3402 3407 24943
3403 3408 63797
3405 3409 45004
3407 3410 11314
3406 3411 58415
3411 3412 42737
3410 3413 45006
3411 3414 87816
3410 3415 3407
3413 3416 63485
3415 3417 64588
3413 3418 49790
3418 3419 36944
3415 3420 14415
3418 3421 58298
3420 3422 79233
3421 3423 44362
3422 3424 25208
3421 3425 79015
3421 3426 24883
3422 3427 39936
3423 3428 81331
3428 3429 24951
3426 3430 20724
3430 3431 69761
3429 3432 65207
3431 3433 29435
3433 3434 56195
3430 3435 32259
3435 3436 44603
3435 3437 69656
3435 3438 29428
3438 3439 6703
3439 3440 27163
3440 3441 59058
3441 3442 20891
3439 3443 23039
3439 3444 52726
3440 3445 30639
3443 3446 20103
3443 3447 51907
3446 3448 89482
3446 3449 69200
3448 3450 79002
3447 3451 70954
3450 3452 79320
3450 3453 66701
3453 3454 75405
3453 3455 14263
3454 3456 34221
3452 3457 3897
3457 3458 73174
3458 3459 13994
3457 3460 17468
3457 3461 18711
3460 3462 6563
3460 3463 43646
3463 3464 38513
3464 3465 7126
3465 3466 86525
3466 3467 45254
3463 3468 75389
3467 3469 89018
3465 3470 68709
3468 3471 17912
3467 3472 77165
3471 3473 65248
3470 3474 71768
3471 3475 18269
3473 3476 12146
3475 3477 62191
3477 3478 84661
3476 3479 59368
3479 3480 86897
3477 3481 50634
3480 3482 7618
3478 3483 43253
3479 3484 39336
3484 3485 76118
3484 3486 52554
3482 3487 53092
3487 3488 50979
3485 3489 20450
3486 3490 36061
3486 3491 18752
3487 3492 9804
3491 3493 45552
3493 3494 75945
3494 3495 10138
3491 3496 55827
3494 3497 18631
3494 3498 52278
3497 3499 59254
3497 3500 3264
3497 3501 69057
3498 3502 54220
3499 3503 38227
3499 3504 60342
3504 3505 10666
3501 3506 59289
3503 3507 18335
3506 3508 5409
3504 3509 84424
3509 3510 10653
3509 3511 16966
3509 3512 59969
3509 3513 24980
3512 3514 53068
3511 3515 82968
3515 3516 18344
3512 3517 83034
3515 3518 13105
3517 3519 18048
3515 3520 55471
3519 3521 68461
3519 3522 22305
3522 3523 81010
3522 3524 65400
3522 3525 70906
3525 3526 78106
3524 3527 25760
3525 3528 49482
3528 3529 29277
3525 3530 24334
3529 3531 10667
3527 3532 73543
3531 3533 89646
3532 3534 51858
3530 3535 48663
3534 3536 13961
3534 3537 26195
3533 3538 69571
3536 3539 54027
3536 3540 36414
3539 3541 69307
3541 3542 56664
3540 3543 77336
3541 3544 7167
3543 3545 79187
3545 3546 33879
3542 3547 50911
3546 3548 53068
3547 3549 25163
3546 3550 84372
3549 3551 29268
3547 3552 974
3551 3553 83182
3550 3554 43731
3551 3555 11196
3553 3556 589
3556 3557 40926
3556 3558 83924
3554 3559 5538
3557 3560 7293
3558 3561 6119
3557 3562 83532
3558 3563 11804
3563 3564 36572
3562 3565 75228
3563 3566 68648
3562 3567 1350
3566 3568 51633
3566 3569 78042
3567 3570 85959
3569 3571 12026
3570 3572 20630
3570 3573 58636
3571 3574 8803
3570 3575 17504
3574 3576 68720
3576 3577 55260
3573 3578 62423
3576 3579 84471
3578 3580 74680
3577 3581 79985
3577 3582 55913
3580 3583 53369
3581 3584 55742
3583 3585 36818
3581 3586 39773
3585 3587 48095
3584 3588 72762
3588 3589 38534
3589 3590 26494
3587 3591 50120
3589 3592 33100
3588 3593 5121
3589 3594 1007
3590 3595 84960
3593 3596 35011
3595 3597 25798
3594 3598 86507
3595 3599 18105
3598 3600 28649
3596 3601 73755
3598 3602 71042
3598 3603 87343
3603 3604 52373
3600 3605 29905
3603 3606 35523
3602 3607 77510
3604 3608 57748
3604 3609 1809
3609 3610 29562
3610 3611 59769
3611 3612 38417
3609 3613 82032
3611 3614 3558
3612 3615 73273
3611 3616 30098
3615 3617 46338
3614 3618 4241
3616 3619 61155
3617 3620 73638
3620 3621 42230
3617 3622 61983
3619 3623 6994
3619 3624 22491
3622 3625 13825
3621 3626 31222
3625 3627 7676
3626 3628 76388
3625 3629 6554
3626 3630 86692
3630 3631 57873
3627 3632 40169
3628 3633 21568
3631 3634 4724
3630 3635 6433
3632 3636 23460
3633 3637 3083
3635 3638 45237
3638 3639 55949
3639 3640 85470
3638 3641 63067
3641 3642 49455
3642 3643 23055
3640 3644 76786
3641 3645 29763
3645 3646 71164
3642 3647 7700
3645 3648 17767
3647 3649 69148
3646 3650 31707
3648 3651 41258
3651 3652 12790
3648 3653 39954
3652 3654 1863
3652 3655 66606
3653 3656 74115
3652 3657 56308
3657 3658 35002
3658 3659 39494
3658 3660 47461
3659 3661 2441
3659 3662 60716
3662 3663 33276
3663 3664 73040
3662 3665 17195
3664 3666 65072
3663 3667 17484
3663 3668 54270
3668 3669 74368
3665 3670 83862
3668 3671 39331
3670 3672 63923
3672 3673 42797
3673 3674 8174
3671 3675 10995
3674 3676 53811
3672 3677 74599
3675 3678 25978
3677 3679 38753
3677 3680 58804
3678 3681 38641
3680 3682 22193
3682 3683 61460
3683 3684 70809
3681 3685 4412
3683 3686 4717
3685 3687 14262
3687 3688 41823
3686 3689 6203
3686 3690 63763
3686 3691 9284
3687 3692 77813
3688 3693 18194
3693 3694 49376
3690 3695 1895
3695 3696 80203
3695 3697 13017
3694 3698 7960
3695 3699 25908
3699 3700 20692
3697 3701 57299
3697 3702 34242
3702 3703 47201
3700 3704 36260
3704 3705 23268
3701 3706 37999
3703 3707 67208
3704 3708 37596
3707 3709 67870
3707 3710 66364
3707 3711 74500
3711 3712 2076
3712 3713 28817
3710 3714 14101
3713 3715 20748
3713 3716 40507
3716 3717 8247
3714 3718 62529
3715 3719 79789
3719 3720 86319
3716 3721 58095
3721 3722 83119
3722 3723 27404
3720 3724 12294
3720 3725 62850
3725 3726 24412
3725 3727 43261
3723 3728 35509
3727 3729 57743
3727 3730 64401
3728 3731 26737
3729 3732 7114
3729 3733 89134
3733 3734 61120
3734 3735 11870
3733 3736 26405
3736 3737 88665
3734 3738 36085
3737 3739 52073
3735 3740 5997
3736 3741 27541
3741 3742 79466
3741 3743 4653
3743 3744 59049
3740 3745 36537
3743 3746 67560
3745 3747 16955
3747 3748 17062
3747 3749 69692
3749 3750 62631
3748 3751 35395
3747 3752 56514
3748 3753 25587
3753 3754 74514
3751 3755 62046
3755 3756 62762
3754 3757 15698
3753 3758 56174
3754 3759 8089
3756 3760 32141
3758 3761 46114
3758 3762 29356
3759 3763 25537
3763 3764 6655
3763 3765 70712
3761 3766 26476
3765 3767 61402
3763 3768 56257
3768 3769 43450
3765 3770 63971
3768 3771 11651
3770 3772 79557
3769 3773 3052
3771 3774 692
3771 3775 20160
3775 3776 87175
3775 3777 36866
3773 3778 75622
3775 3779 69003
3778 3780 18958
3776 3781 2143
3778 3782 35192
3782 3783 88906
3780 3784 85932
3781 3785 3317
3784 3786 28764
3784 3787 55201
3787 3788 385
3784 3789 43370
3785 3790 60756
3788 3791 1959
3791 3792 66832
3792 3793 79102
3793 3794 33003
3791 3795 1953
3792 3796 29326
3792 3797 66200
3793 3798 3832
3797 3799 49733
3796 3800 86666
3799 3801 45305
3800 3802 49753
3798 3803 64067
3800 3804 11379
3801 3805 62855
3805 3806 45471
3806 3807 81365
3805 3808 48738
3807 3809 35627
3805 3810 54393
3809 3811 21818
3807 3812 9916
3810 3813 45049
3812 3814 18026
3812 3815 17300
3815 3816 88899
3814 3817 13955
3814 3818 83221
3818 3819 19028
3817 3820 41820
3817 3821 46544
3819 3822 84954
3822 3823 68673
3823 3824 26567
3822 3825 57276
3821 3826 87909
3824 3827 27274
3826 3828 65873
3825 3829 75029
3826 3830 82332
3827 3831 81639
3828 3832 32872
3831 3833 55970
3831 3834 70612
3832 3835 67084
3833 3836 72343
3832 3837 47299
3835 3838 12967
3837 3839 18076
3839 3840 42659
3837 3841 33450
3837 3842 57581
3841 3843 89522
3839 3844 66226
3840 3845 78066
3841 3846 59372
3842 3847 81913
3847 3848 13415
3845 3849 39378
3848 3850 62460
3850 3851 42076
3850 3852 47928
3848 3853 52441
3852 3854 18176
3853 3855 74803
3855 3856 18595
3856 3857 37740
3855 3858 47012
3855 3859 39338
3856 3860 50663
3856 3861 16082
3858 3862 43389
3861 3863 58509
3860 3864 82530
3864 3865 68657
3865 3866 85264
3863 3867 7643
3865 3868 65047
3864 3869 33922
3865 3870 19548
3866 3871 72583
3867 3872 47527
3868 3873 7227
3871 3874 84660
3873 3875 71091
3872 3876 50015
3874 3877 61496
3876 3878 22122
3875 3879 54536
3877 3880 88043
3880 3881 47396
3879 3882 25921
3879 3883 88826
3880 3884 51696
3882 3885 84335
3885 3886 70741
3884 3887 33132
3885 3888 30954
3887 3889 71056
3887 3890 74723
3890 3891 82678
3891 3892 21258
3892 3893 1904
3891 3894 50541
3893 3895 21731
3894 3896 12145
3894 3897 73917
3893 3898 32546
3898 3899 57798
3899 3900 77112
3900 3901 73298
3899 3902 42432
3902 3903 62878
3903 3904 71079
3903 3905 4314
3903 3906 48951
3905 3907 50001
3905 3908 57360
3908 3909 46282
3907 3910 47250
3909 3911 85560
3910 3912 69038
3912 3913 84650
3910 3914 37833
3912 3915 75423
3912 3916 70187
3916 3917 23045
3913 3918 45411
3916 3919 66257
3915 3920 50829
3919 3921 1279
3920 3922 84547
3918 3923 15420
3923 3924 40016
3924 3925 13193
3924 3926 24818
3924 3927 43240
3923 3928 43697
3924 3929 72094
3927 3930 28616
3929 3931 77198
3928 3932 50232
3930 3933 22253
3931 3934 53089
3932 3935 87996
3934 3936 29470
3936 3937 71925
3935 3938 55591
3937 3939 76348
3938 3940 69286
3938 3941 57359
3939 3942 6592
3942 3943 46663
3941 3944 35004
3942 3945 25921
3942 3946 24623
3946 3947 81141
3946 3948 58329
3948 3949 72276
3949 3950 61581
3948 3951 86601
3949 3952 79851
3950 3953 45117
3952 3954 88656
3954 3955 26611
3955 3956 11844
3954 3957 80848
3957 3958 74463
3956 3959 19053
3956 3960 59950
3956 3961 86070
3958 3962 42340
3959 3963 48887
3959 3964 6803
3963 3965 50837
3961 3966 78574
3966 3967 991
3963 3968 79261
3967 3969 45911
3968 3970 66328
3970 3971 73057
3970 3972 40242
3968 3973 412
3969 3974 82696
3970 3975 74668
3974 3976 38334
3972 3977 88593
3977 3978 39850
3974 3979 74678
3979 3980 86698
3980 3981 68843
3977 3982 45517
3980 3983 51106
3982 3984 38686
3984 3985 44566
3981 3986 67673
3984 3987 25696
3984 3988 52081
3986 3989 71156
3985 3990 48436
3987 3991 28650
3989 3992 31113
3991 3993 75866
3993 3994 16068
3992 3995 76044
3994 3996 4962
3992 3997 51544
3993 3998 84855
3998 3999 41191
3996 4000 11083
3999 4001 86705
4000 4002 68872
3998 4003 53199
4000 4004 57230
4003 4005 86256
4002 4006 68770
4002 4007 44258
4003 4008 6656
4007 4009 9574
4007 4010 75929
4009 4011 62206
4007 4012 16881
4012 4013 35031
4009 4014 1700
4014 4015 15477
4015 4016 86502
4015 4017 36742
4014 4018 89702
4014 4019 2446
4017 4020 73240
4018 4021 30294
4017 4022 42055
4022 4023 26877
4022 4024 38618
4023 4025 9263
4025 4026 44485
4026 4027 46523
4026 4028 2712
4026 4029 4046
4029 4030 6643
4026 4031 33727
4030 4032 22619
4030 4033 1739
4031 4034 43457
4031 4035 3850
4033 4036 48369
4032 4037 88015
4035 4038 14629
4035 4039 10282
4035 4040 25671
4037 4041 17932
4040 4042 77912
4038 4043 9224
4039 4044 13020
4040 4045 46337
4042 4046 9129
4044 4047 16651
4047 4048 34306
4044 4049 85264
4046 4050 79712
4049 4051 63088
4051 4052 5774
4050 4053 85407
4049 4054 61057
4052 4055 80500
4053 4056 46372
4052 4057 36116
4055 4058 5785
4057 4059 28058
4058 4060 38718
4060 4061 89427
4060 4062 11971
4061 4063 4833
4061 4064 2608
4062 4065 85019
4061 4066 3241
4064 4067 30265
4067 4068 55984
4068 4069 36705
4067 4070 68636
4067 4071 24108
4067 4072 79867
4069 4073 6197
4071 4074 10581
4074 4075 31648
4071 4076 38661
4076 4077 8291
4077 4078 68799
4077 4079 51637
4076 4080 45254
4080 4081 70931
4077 4082 80544
4078 4083 49306
4081 4084 64843
4080 4085 29020
4084 4086 84581
4083 4087 83537
4083 4088 4455
4084 4089 19080
4089 4090 25585
4086 4091 20840
4088 4092 41658
4089 4093 9383
4092 4094 10383
4092 4095 3127
4091 4096 69431
4093 4097 26824
4096 4098 22335
4094 4099 62239
4098 4100 30755
4098 4101 88527
4100 4102 23650
4099 4103 33716
4101 4104 75548
4104 4105 87182
4105 4106 64732
4102 4107 18546
4106 4108 49987
4106 4109 29814
4107 4110 55966
4109 4111 13288
4108 4112 12025
4110 4113 26175
4112 4114 53200
4111 4115 40774
4115 4116 82733
4116 4117 62885
4117 4118 21110
4118 4119 14901
4116 4120 59901
4118 4121 34943
4120 4122 33461
4122 4123 5265
4120 4124 73231
4122 4125 7597
4124 4126 84072
4123 4127 70582
4124 4128 87692
4128 4129 22540
4127 4130 30387
4129 4131 60613
4130 4132 28424
4131 4133 69846
4131 4134 65813
4133 4135 41413
4135 4136 65304
4136 4137 31111
4135 4138 73838
4137 4139 68137
4139 4140 85339
4140 4141 48561
4140 4142 60821
4141 4143 21998
4140 4144 42028
4140 4145 33766
4142 4146 1723
4144 4147 27924
4143 4148 13194
4147 4149 17632
4149 4150 41912
4148 4151 5365
4150 4152 40058
4152 4153 37342
4150 4154 42551
4152 4155 5292
4152 4156 22803
4155 4157 49526
4154 4158 69974
4155 4159 22227
4157 4160 2363
4157 4161 71476
4157 4162 797
4162 4163 36022
4161 4164 61532
4160 4165 41359
4164 4166 59540
4163 4167 55769
4166 4168 33267
4168 4169 45128
4169 4170 53533
4168 4171 31292
4169 4172 18987
4168 4173 34141
4171 4174 41464
4170 4175 38905
4173 4176 71471
4174 4177 79714
4175 4178 26221
4177 4179 12300
4179 4180 71601
4178 4181 2329
4180 4182 70999
4181 4183 16264
4182 4184 28951
4180 4185 20783
4181 4186 20771
4184 4187 46121
4187 4188 74805
4187 4189 73098
4188 4190 69047
4187 4191 89678
4187 4192 15163
4188 4193 39606
4190 4194 78258
4194 4195 20643
4191 4196 57961
4193 4197 12197
4197 4198 69735
4196 4199 24325
4199 4200 66486
4199 4201 583
4197 4202 10149
4202 4203 44496
4203 4204 27996
4201 4205 39586
4204 4206 68207
4206 4207 13203
4205 4208 3600
4208 4209 11330
4208 4210 37517
4206 4211 56593
4208 4212 75964
4211 4213 22612
4209 4214 7382
4211 4215 3909
4213 4216 61416
4215 4217 16535
4216 4218 28126
4218 4219 75747
4217 4220 77643
4219 4221 71046
4221 4222 33736
4218 4223 89307
4221 4224 22499
4223 4225 61458
4223 4226 81677
4225 4227 56943
4225 4228 26768
4227 4229 80856
4226 4230 58820
4228 4231 53436
4231 4232 75141
4230 4233 73695
4229 4234 68774
4231 4235 60616
4233 4236 26361
4232 4237 45761
4234 4238 74380
4235 4239 70539
4237 4240 65693
4239 4241 6705
4240 4242 6278
4239 4243 86453
4243 4244 28107
4240 4245 32368
4242 4246 2483
4246 4247 53510
4244 4248 83669
4248 4249 7129
4246 4250 67151
4246 4251 33938
4251 4252 36171
4249 4253 46305
4250 4254 50782
4254 4255 4660
4252 4256 25147
4254 4257 50813
4256 4258 35158
4258 4259 52932
4256 4260 40801
4256 4261 65218
4259 4262 73888
4261 4263 51020
4262 4264 73527
4262 4265 81753
4262 4266 30096
4262 4267 21770
4264 4268 73915
4266 4269 21807
4267 4270 63649
4266 4271 70968
4268 4272 62365
4272 4273 1592
4269 4274 45722
4270 4275 45286
4274 4276 88764
4275 4277 55656
4273 4278 69726
4274 4279 79004
4278 4280 29597
4278 4281 33013
4281 4282 73476
4280 4283 84588
4282 4284 41835
4282 4285 58668
4283 4286 46083
4285 4287 83354
4283 4288 84258
4284 4289 80684
4288 4290 73963
4289 4291 23898
4289 4292 16127
4292 4293 10053
4292 4294 28130
4291 4295 20004
4295 4296 36565
4294 4297 19851
4296 4298 79710
4298 4299 88743
4298 4300 42989
4298 4301 75663
4300 4302 18900
4298 4303 49524
4302 4304 39539
4303 4305 60194
4305 4306 31415
4305 4307 66557
4305 4308 63351
4307 4309 55345
4305 4310 42375
4306 4311 68677
4310 4312 3028
4308 4313 75788
4312 4314 55669
4312 4315 33893
4312 4316 22109
4316 4317 56549
4315 4318 54657
4315 4319 33183
4317 4320 29519
4318 4321 36170
4317 4322 32171
4322 4323 59034
4321 4324 67940
4320 4325 38640
4323 4326 22001
4324 4327 28314
4325 4328 83843
4324 4329 61381
4325 4330 47621
4330 4331 46465
4327 4332 29783
4328 4333 49756
4333 4334 20896
4333 4335 38983
4334 4336 5326
4333 4337 82130
4336 4338 3270
4337 4339 75962
4339 4340 45266
4340 4341 40094
4340 4342 41151
4338 4343 84255
4343 4344 69389
4341 4345 45403
4344 4346 84597
4345 4347 77897
4343 4348 43675
4345 4349 25059
4348 4350 78993
4347 4351 39995
4350 4352 4703
4349 4353 79542
4350 4354 32935
4353 4355 10689
4355 4356 31455
4352 4357 39814
4355 4358 43776
4357 4359 45000
4359 4360 73458
4360 4361 71774
4360 4362 38057
4362 4363 19432
4362 4364 7168
4363 4365 56333
4364 4366 22964
4364 4367 64168
4366 4368 25871
4368 4369 2189
4367 4370 64559
4367 4371 89070
4367 4372 30880
4369 4373 86409
4372 4374 1482
4373 4375 43447
4373 4376 13926
4373 4377 45670
4377 4378 40774
4378 4379 66423
4375 4380 45246
4376 4381 57264
4378 4382 68227
4381 4383 19779
4379 4384 86588
4382 4385 78585
4381 4386 72896
4384 4387 34151
4383 4388 43234
4387 4389 18389
4389 4390 31297
4389 4391 70547
4390 4392 75041
4390 4393 45512
4390 4394 13506
4392 4395 62514
4395 4396 17606
4393 4397 52309
4393 4398 22125
4398 4399 47313
4399 4400 32253
4396 4401 71929
4398 4402 40791
4399 4403 68764
4403 4404 30681
4401 4405 63923
4403 4406 20766
4405 4407 81922
4403 4408 34622
4406 4409 5530
4409 4410 12461
4408 4411 89519
4408 4412 48380
4411 4413 1178
4410 4414 88519
4410 4415 12059
4414 4416 9580
4414 4417 9055
4415 4418 24032
4417 4419 6887
4419 4420 72202
4416 4421 46168
4421 4422 6402
4419 4423 70595
4422 4424 70642
4420 4425 59940
4421 4426 20644
4425 4427 41024
4423 4428 72003
4428 4429 52898
4428 4430 62713
4426 4431 50618
4427 4432 17506
4428 4433 21373
4432 4434 55638
4432 4435 56259
4432 4436 35565
4433 4437 71551
4434 4438 19970
4436 4439 33107
4438 4440 70683
4436 4441 20333
4441 4442 9942
4438 4443 47706
4440 4444 8396
4443 4445 65081
4444 4446 6765
4442 4447 46141
4447 4448 18832
4447 4449 49043
4447 4450 53835
4447 4451 60852
4449 4452 4020
4449 4453 51275
4452 4454 17502
4452 4455 88792
4455 4456 57204
4452 4457 86883
4457 4458 63122
4456 4459 25452
4456 4460 38662
4458 4461 65219
4461 4462 28224
4459 4463 27784
4461 4464 54603
4462 4465 82595
4463 4466 10360
4462 4467 46584
4463 4468 54554
4468 4469 61901
4467 4470 35156
4470 4471 43430
4469 4472 81093
4468 4473 8820
4472 4474 25711
4472 4475 86050
4471 4476 62956
4472 4477 35388
4473 4478 30540
4474 4479 58280
4479 4480 57875
4480 4481 58654
4478 4482 73418
4480 4483 80741
4483 4484 8819
4483 4485 15462
4485 4486 54607
4483 4487 9861
4483 4488 11037
4485 4489 64269
4487 4490 40925
4487 4491 74692
4488 4492 21207
4490 4493 13101
4493 4494 51413
4491 4495 59669
4493 4496 4152
4496 4497 59881
4495 4498 55162
4494 4499 65938
4495 4500 5888
4497 4501 38121
4497 4502 17057
4502 4503 79578
4500 4504 25392
4500 4505 14941
4504 4506 20015
4506 4507 62666
4505 4508 62026
4508 4509 66791
4508 4510 87493
4510 4511 20485
4508 4512 40130
4512 4513 27509
4512 4514 83294
4510 4515 75550
4515 4516 75038
4513 4517 43230
4515 4518 56927
4515 4519 16610
4519 4520 37984
4517 4521 41414
4517 4522 80104
4519 4523 75753
4522 4524 77100
4521 4525 35121
4523 4526 81327
4522 4527 16189
4527 4528 77615
4528 4529 51778
4527 4530 17090
4528 4531 19120
4527 4532 22164
4531 4533 71178
4530 4534 31276
4532 4535 28895
4533 4536 77991
4534 4537 31005
4533 4538 88436
4534 4539 31156
4539 4540 74796
4537 4541 58058
4540 4542 70920
4539 4543 9887
4542 4544 80499
4542 4545 47270
4543 4546 54040
4544 4547 76812
4544 4548 18806
4547 4549 25115
4548 4550 18451
4548 4551 36045
4547 4552 19226
4548 4553 42432
4550 4554 30249
4554 4555 64691
4554 4556 14971
4555 4557 78316
4557 4558 15962
4554 4559 52736
4558 4560 58145
4559 4561 64848
4558 4562 54787
4562 4563 46737
4559 4564 47737
4560 4565 32630
4565 4566 77195
4564 4567 27654
4566 4568 89743
4564 4569 69474
4568 4570 68027
4568 4571 51957
4570 4572 82921
4572 4573 4745
4571 4574 7132
4570 4575 56278
4573 4576 55527
4572 4577 76398
4573 4578 41175
4575 4579 82009
4576 4580 3607
4580 4581 61173
4579 4582 65796
4579 4583 81055
4579 4584 71099
4582 4585 75802
4581 4586 68874
4586 4587 41652
4583 4588 46690
4587 4589 11012
4587 4590 27865
4586 4591 69750
4587 4592 2815
4590 4593 54904
4591 4594 78227
4590 4595 83452
4594 4596 7922
4596 4597 41378
4593 4598 77297
4596 4599 34535
4595 4600 28003
4599 4601 33252
4598 4602 89626
4600 4603 38185
4603 4604 14197
4603 4605 60448
4602 4606 28753
4603 4607 13680
4605 4608 82698
4608 4609 69726
4605 4610 53862
4607 4611 8877
4608 4612 87054
4608 4613 21354
4610 4614 81128
4614 4615 57703
4612 4616 87241
4616 4617 48785
4615 4618 39699
4615 4619 48047
4616 4620 88566
4618 4621 16657
4619 4622 462
4618 4623 26999
4620 4624 53239
4622 4625 50568
4623 4626 26655
4623 4627 89230
4627 4628 62845
4627 4629 22701
4627 4630 66800
4630 4631 30458
4629 4632 7837
4628 4633 26894
4630 4634 47507
4634 4635 11202
4635 4636 15178
4634 4637 11421
4635 4638 86800
4637 4639 11859
4635 4640 52981
4637 4641 8582
4637 4642 16152
4638 4643 87215
4642 4644 83063
4644 4645 48797
4644 4646 14955
4644 4647 23587
4647 4648 45618
4646 4649 28141
4646 4650 19989
4647 4651 83169
4649 4652 33607
4649 4653 24055
4649 4654 88377
4654 4655 3686
4654 4656 9348
4656 4657 76875
4653 4658 70542
4657 4659 77535
4655 4660 32085
4657 4661 32004
4660 4662 52727
4658 4663 63343
4661 4664 60441
4660 4665 11779
4664 4666 13227
4665 4667 23746
4667 4668 60346
4666 4669 56797
4666 4670 36609
4667 4671 59264
4667 4672 42237
4670 4673 75197
4670 4674 810
4673 4675 56955
4674 4676 35801
4672 4677 69304
4673 4678 22052
4678 4679 39926
4675 4680 20378
4678 4681 61327
4677 4682 85042
4678 4683 45491
4680 4684 45106
4681 4685 81801
4683 4686 22738
4684 4687 1967
4686 4688 83257
4688 4689 74476
4688 4690 34156
4690 4691 87499
4687 4692 44020
4690 4693 30796
4692 4694 72400
4694 4695 46387
4691 4696 6237
4693 4697 76198
4695 4698 612
4698 4699 77244
4699 4700 49055
4697 4701 37661
4701 4702 5036
4701 4703 24841
4703 4704 22127
4702 4705 82310
4703 4706 23337
4706 4707 77589
4706 4708 20755
4708 4709 24680
4706 4710 35075
4709 4711 49210
4707 4712 15040
4711 4713 43397
4710 4714 7210
4714 4715 48225
4711 4716 7964
4716 4717 80264
4717 4718 65892
4716 4719 46223
4717 4720 34615
4720 4721 42458
4719 4722 23153
4718 4723 47469
4722 4724 7261
4722 4725 65843
4725 4726 31487
4725 4727 43188
4724 4728 64521
4725 4729 31224
4728 4730 36318
4726 4731 34313
4730 4732 36569
4729 4733 85697
4732 4734 72877
4731 4735 86762
4731 4736 45682
4735 4737 23851
4737 4738 65183
4737 4739 62182
4736 4740 61251
4737 4741 87771
4741 4742 55014
4740 4743 18397
4739 4744 88940
4741 4745 40180
4745 4746 39892
4742 4747 46577
4747 4748 9560
4746 4749 83787
4749 4750 22106
4750 4751 61933
4747 4752 34420
4749 4753 69339
4753 4754 21216
4754 4755 33750
4751 4756 61930
4756 4757 82059
4756 4758 72410
4754 4759 30345
4755 4760 47640
4758 4761 43461
4761 4762 39259
4759 4763 47588
4760 4764 2022
4762 4765 53186
4762 4766 14761
4766 4767 83191
4764 4768 69683
4768 4769 11281
4765 4770 50369
4770 4771 2246
4767 4772 3046
4769 4773 45209
4772 4774 48868
4772 4775 20376
4775 4776 42918
4772 4777 46220
4777 4778 28625
4775 4779 43366
4779 4780 82721
4777 4781 75078
4781 4782 69374
4778 4783 4685
4781 4784 15932
4781 4785 48754
4781 4786 5157
4786 4787 83944
4783 4788 14264
4784 4789 45512
4785 4790 30972
4786 4791 89576
4787 4792 14663
4788 4793 11463
4793 4794 46850
4792 4795 51201
4795 4796 79748
4792 4797 72332
4795 4798 43610
4796 4799 638
4799 4800 8484
4796 4801 88659
4799 4802 63936
4800 4803 42712
4803 4804 22415
4802 4805 66453
4805 4806 14166
4803 4807 34145
4805 4808 10081
4808 4809 49046
4807 4810 14674
4807 4811 9333
4807 4812 46119
4809 4813 55108
4812 4814 53984
4810 4815 44871
4815 4816 73434
4813 4817 8708
4817 4818 76036
4814 4819 11284
4818 4820 62772
4818 4821 14169
4817 4822 9260
4818 4823 73331
4822 4824 56474
4823 4825 60725
4825 4826 44641
4822 4827 20978
4823 4828 30718
4825 4829 74238
4825 4830 81680
4829 4831 14863
4827 4832 61828
4828 4833 27904
4832 4834 57563
4831 4835 79042
4831 4836 42692
4836 4837 48787
4834 4838 71051
4836 4839 74681
4836 4840 86797
4837 4841 67183
4839 4842 84758
4841 4843 8300
4839 4844 26442
4842 4845 13681
4841 4846 79541
4844 4847 31296
4846 4848 45784
4845 4849 22411
4847 4850 4608
4849 4851 75040
4850 4852 87792
4848 4853 45819
4850 4854 83540
4852 4855 79397
4853 4856 37617
4854 4857 51001
4857 4858 27942
4855 4859 64026
4856 4860 48178
4857 4861 72838
4859 4862 60306
4862 4863 39574
4861 4864 293
4864 4865 3091
4864 4866 64323
4863 4867 5039
4863 4868 57230
4867 4869 57076
4867 4870 37026
4867 4871 86254
4868 4872 51088
4869 4873 55427
4872 4874 27903
4871 4875 88923
4875 4876 84519
4873 4877 1870
4876 4878 47102
4875 4879 44731
4877 4880 2504
4879 4881 60439
4880 4882 47194
4882 4883 52094
4879 4884 36542
4883 4885 29884
4885 4886 9089
4886 4887 60947
4885 4888 27587
4886 4889 73687
4886 4890 32471
4887 4891 55841
4887 4892 85119
4892 4893 37768
4892 4894 89886
4891 4895 79609
4891 4896 45542
4896 4897 33882
4894 4898 61621
4896 4899 83418
4895 4900 6716
4899 4901 31841
4897 4902 2357
4898 4903 23490
4902 4904 49036
4904 4905 58574
4905 4906 61239
4903 4907 54899
4903 4908 89300
4905 4909 45619
4907 4910 88141
4907 4911 34413
4909 4912 54772
4912 4913 2803
4910 4914 20461
4912 4915 88388
4915 4916 5396
4913 4917 12474
4916 4918 55673
4915 4919 392
4917 4920 42435
4919 4921 41557
4918 4922 47876
4919 4923 20376
4921 4924 45509
4924 4925 85032
4923 4926 66326
4925 4927 56762
4927 4928 37624
4928 4929 69816
4926 4930 39906
4926 4931 61638
4928 4932 43593
4929 4933 42290
4929 4934 89555
4934 4935 69278
4931 4936 58953
4934 4937 988
4933 4938 89138
4938 4939 71561
4939 4940 57548
4937 4941 48228
4938 4942 82024
4938 4943 8119
4939 4944 88132
4943 4945 72930
4943 4946 9627
4946 4947 52099
4945 4948 80231
4946 4949 55035
4945 4950 22737
4948 4951 80635
4950 4952 78038
4948 4953 76219
4951 4954 42980
4952 4955 4142
4951 4956 29332
4955 4957 34126
4953 4958 5353
4955 4959 11672
4958 4960 20724
4959 4961 71376
4958 4962 29726
4959 4963 51673
4963 4964 87640
4961 4965 18812
4962 4966 82387
4965 4967 2953
4966 4968 69174
4968 4969 74777
4965 4970 28882
4968 4971 81639
4971 4972 62205
4968 4973 39581
4969 4974 59996
4970 4975 6758
4972 4976 81420
4974 4977 31678
4974 4978 51968
4975 4979 34777
4975 4980 5930
4976 4981 33535
4980 4982 73815
4980 4983 14026
4982 4984 80573
4984 4985 67658
4984 4986 39125
4985 4987 31034
4985 4988 5867
4984 4989 47455
4987 4990 8225
4989 4991 73311
4990 4992 26701
4988 4993 1867
4991 4994 88680
4993 4995 78690
4995 4996 3236
4996 4997 41411
4997 4998 218
4994 4999 44285
4999 5000 79774
4999 5001 61000
5000 5002 8830
5000 5003 34148
5001 5004 36054
5004 5005 1996
5002 5006 27641
5002 5007 20748
5003 5008 63477
5005 5009 81967
5008 5010 49865
5008 5011 61842
5010 5012 9966
5012 5013 54847
5012 5014 51470
5013 5015 27716
5011 5016 37327
5016 5017 69605
5013 5018 41673
5016 5019 21084
5019 5020 2589
5018 5021 46648
5017 5022 67898
5020 5023 87282
5023 5024 45421
5024 5025 18944
5022 5026 84815
5023 5027 1601
5027 5028 40545
5028 5029 39185
5026 5030 38116
5027 5031 43066
5029 5032 154
5031 5033 28163
5032 5034 40169
5032 5035 86925
5031 5036 2584
5032 5037 68955
5036 5038 12260
5038 5039 46199
5036 5040 88604
5037 5041 30205
5037 5042 75768
5039 5043 38619
5042 5044 81898
5044 5045 24182
5043 5046 76251
5045 5047 85721
5043 5048 64804
5048 5049 62966
5046 5050 48964
5048 5051 47428
5051 5052 27923
5050 5053 54220
5052 5054 75165
5050 5055 65346
5052 5056 48606
5052 5057 39812
5057 5058 57875
5057 5059 31797
5056 5060 34235
5058 5061 83731
5060 5062 16872
5059 5063 47034
5059 5064 82878
5064 5065 515
5063 5066 70028
5065 5067 8713
5064 5068 5884
5068 5069 51390
5068 5070 23032
5066 5071 55877
5069 5072 50912
5069 5073 89321
5071 5074 33409
5071 5075 88027
5074 5076 56716
5076 5077 40300
5077 5078 48464
5075 5079 73824
5078 5080 15835
5076 5081 55063
5080 5082 5272
5079 5083 9720
5079 5084 23509
5083 5085 58217
5082 5086 79354
5085 5087 64434
5084 5088 21253
5087 5089 43005
5088 5090 7014
5086 5091 24069
5088 5092 38235
5091 5093 11680
5091 5094 27842
5094 5095 17163
5094 5096 5106
5093 5097 49095
5096 5098 67097
5094 5099 67559
5099 5100 78212
5097 5101 89395
5097 5102 59465
5098 5103 11397
5099 5104 70947
5104 5105 89107
5104 5106 60072
5104 5107 27980
5103 5108 6034
5105 5109 6794
5107 5110 25220
5108 5111 19231
5108 5112 27431
5110 5113 72306
5110 5114 86932
5112 5115 74338
5113 5116 28894
5115 5117 60461
5114 5118 65352
5116 5119 25156
5118 5120 68127
5118 5121 35890
5121 5122 3632
5120 5123 46188
5122 5124 79274
5124 5125 39549
5123 5126 27359
5122 5127 11698
5124 5128 61901
5128 5129 5284
5129 5130 70090
5127 5131 15547
5129 5132 5075
5131 5133 1983
5133 5134 33849
5131 5135 78307
5133 5136 42886
5133 5137 21786
5137 5138 77571
5138 5139 66700
5136 5140 5143
5139 5141 23683
5137 5142 89741
5138 5143 53795
5142 5144 48957
5141 5145 70812
5145 5146 7939
5146 5147 70315
5143 5148 81013
5148 5149 56899
5148 5150 58089
5149 5151 44754
5150 5152 55464
5149 5153 53302
5150 5154 56194
5151 5155 83226
5151 5156 69384
5152 5157 39464
5154 5158 57263
5158 5159 87083
5155 5160 69550
5158 5161 2423
5157 5162 83678
5160 5163 22728
5162 5164 6891
5160 5165 64443
5161 5166 25495
5164 5167 25469
5165 5168 41860
5165 5169 71928
5167 5170 37312
5167 5171 58179
5167 5172 7165
5171 5173 54938
5171 5174 11688
5171 5175 44990
5175 5176 46489
5173 5177 17422
5174 5178 295
5176 5179 58626
5177 5180 57463
5176 5181 82633
5178 5182 6847
5181 5183 4132
5182 5184 21784
5180 5185 69005
5181 5186 84396
5183 5187 26738
5187 5188 14650
5186 5189 14125
5189 5190 79166
5189 5191 3469
5189 5192 11011
5188 5193 18188
5191 5194 83224
5192 5195 58879
5194 5196 27854
5196 5197 85068
5195 5198 32857
5198 5199 24544
5195 5200 85961
5200 5201 23663
5200 5202 31412
5199 5203 84342
5200 5204 39743
5204 5205 3023
5203 5206 21013
5204 5207 55862
5206 5208 2318
5207 5209 25968
5206 5210 84987
5206 5211 8203
5211 5212 64703
5209 5213 59088
5210 5214 35298
5214 5215 74262
5212 5216 41267
5214 5217 53442
5217 5218 44177
5217 5219 67467
5216 5220 49841
5220 5221 80578
5220 5222 67745
5222 5223 28564
5219 5224 14187
5222 5225 69650
5221 5226 32892
5225 5227 6178
5227 5228 10578
5226 5229 58680
5227 5230 81970
5229 5231 9460
5229 5232 11352
5229 5233 60838
5231 5234 72675
5231 5235 65756
5235 5236 75236
5235 5237 57991
5236 5238 49508
5237 5239 73754
5238 5240 8206
5236 5241 45843
5237 5242 87919
5240 5243 24439
5242 5244 36893
5240 5245 52665
5244 5246 86029
5243 5247 10447
5247 5248 34413
5247 5249 31156
5246 5250 9988
5248 5251 11679
5249 5252 41032
5250 5253 41889
5250 5254 67993
5252 5255 21226
5255 5256 39944
5255 5257 24118
5257 5258 73755
5255 5259 80034
5257 5260 81966
5260 5261 2466
5260 5262 14000
5260 5263 67985
5259 5264 35405
5262 5265 8979
5262 5266 64520
5264 5267 86027
5266 5268 70977
5268 5269 49875
5268 5270 22778
5266 5271 53153
5271 5272 28945
5269 5273 15480
5271 5274 42901
5274 5275 37645
5271 5276 76869
5274 5277 83651
5273 5278 28790
5278 5279 14344
5276 5280 25220
5276 5281 56892
5278 5282 56703
5282 5283 75239
5279 5284 4413
5282 5285 81001
5282 5286 48651
5285 5287 85782
5283 5288 31843
5285 5289 28329
5288 5290 792
5290 5291 31738
5288 5292 31927
5288 5293 35223
5289 5294 87446
5294 5295 65362
5293 5296 8961
5296 5297 26572
5294 5298 65265
5295 5299 28015
5297 5300 68901
5296 5301 43075
5299 5302 58401
5299 5303 39037
5301 5304 6330
5300 5305 79312
5305 5306 80745
5303 5307 26003
5305 5308 34562
5304 5309 40028
5309 5310 21838
5307 5311 11151
5310 5312 19179
5312 5313 21260
5311 5314 3834
5313 5315 78285
5313 5316 67927
5313 5317 82971
5317 5318 78958
5315 5319 27963
5315 5320 89984
5317 5321 76137
5319 5322 27744
5322 5323 45483
5320 5324 89349
5323 5325 65306
5325 5326 10186
5325 5327 32417
5327 5328 53555
5328 5329 33628
5326 5330 85636
5330 5331 49461
5328 5332 85545
5331 5333 78779
5333 5334 56822
5333 5335 23929
5331 5336 15476
5336 5337 7537
5337 5338 34778
5338 5339 56348
5337 5340 7353
5340 5341 52615
5341 5342 87305
5340 5343 11582
5340 5344 47038
5341 5345 9534
5343 5346 47108
5342 5347 41257
5347 5348 12582
5344 5349 63726
5346 5350 54320
5348 5351 2860
5348 5352 28684
5349 5353 15418
5349 5354 3233
5350 5355 89546
5351 5356 6633
5354 5357 61610
5357 5358 66690
5354 5359 5665
5359 5360 67244
5360 5361 78610
5359 5362 89399
5361 5363 10007
5359 5364 40918
5363 5365 8438
5362 5366 23904
5363 5367 41937
5364 5368 59096
5364 5369 52025
5366 5370 16243
5370 5371 48690
5369 5372 21860
5371 5373 59997
5373 5374 49567
5373 5375 42452
5371 5376 45393
5372 5377 63165
5377 5378 248
5375 5379 77489
5378 5380 31540
5380 5381 74324
5378 5382 20838
5380 5383 31132
5383 5384 66026
5380 5385 23492
5382 5386 63455
5385 5387 61640
5387 5388 53070
5386 5389 46955
5389 5390 23460
5390 5391 88484
5389 5392 6774
5391 5393 52205
5389 5394 57407
5392 5395 69241
5395 5396 56232
5395 5397 32301
5397 5398 73940
5396 5399 53852
5396 5400 53304
5400 5401 42362
5401 5402 50333
5400 5403 59759
5402 5404 65522
5400 5405 83295
5404 5406 60489
5402 5407 88887
5404 5408 67524
5406 5409 50746
5406 5410 69975
5408 5411 22555
5409 5412 62795
5408 5413 55003
5410 5414 89461
5412 5415 66306
5413 5416 39464
5412 5417 2391
5417 5418 4205
5417 5419 26453
5416 5420 44927
5418 5421 12572
5417 5422 1811
5421 5423 39964
5419 5424 37406
5421 5425 11517
5422 5426 71148
5422 5427 77247
5423 5428 59897
5428 5429 5231
5426 5430 57197
5426 5431 62102
5428 5432 66932
5428 5433 32700
5431 5434 5112
5431 5435 56396
5435 5436 63700
5433 5437 32792
5435 5438 59841
5434 5439 71130
5438 5440 48289
5439 5441 83723
5439 5442 43486
5438 5443 13077
5443 5444 80600
5440 5445 87694
5445 5446 74399
5442 5447 61011
5445 5448 77097
5447 5449 61295
5445 5450 71937
5446 5451 61677
5447 5452 89878
5451 5453 75483
5453 5454 71078
5452 5455 16075
5453 5456 80989
5456 5457 52222
5457 5458 89399
5456 5459 27398
5457 5460 69502
5460 5461 83794
5459 5462 88869
5460 5463 72201
5463 5464 20806
5464 5465 70026
5463 5466 52429
5465 5467 41398
5463 5468 50422
5464 5469 29258
5466 5470 29299
5466 5471 38480
5469 5472 63337
5470 5473 10838
5472 5474 80926
5473 5475 9153
5475 5476 34474
5472 5477 35020
5476 5478 72807
5478 5479 58870
5478 5480 67452
5477 5481 21627
5481 5482 81266
5479 5483 31491
5480 5484 22565
5480 5485 86430
5484 5486 13344
5482 5487 62810
5487 5488 5661
5487 5489 72411
5488 5490 58239
5486 5491 17556
5487 5492 39712
5488 5493 25215
5491 5494 1009
5492 5495 24466
5495 5496 65037
5494 5497 64336
5496 5498 2941
5494 5499 8037
5497 5500 33226
5500 5501 60527
5498 5502 88876
5500 5503 16106
5503 5504 45662
5503 5505 19475
5503 5506 16341
5502 5507 79469
5507 5508 34626
5505 5509 30159
5506 5510 41789
5508 5511 79566
5507 5512 44140
5511 5513 23552
5513 5514 14854
5511 5515 89012
5513 5516 58079
5516 5517 84283
5516 5518 89697
5515 5519 41253
5515 5520 24538
5516 5521 46987
5520 5522 2377
5520 5523 28518
5521 5524 14562
5520 5525 27106
5522 5526 21390
5522 5527 52692
5523 5528 36581
5527 5529 39222
5529 5530 14818
5529 5531 6812
5527 5532 64815
5528 5533 83705
5532 5534 83065
5534 5535 55186
5532 5536 48585
5532 5537 37817
5533 5538 64271
5538 5539 31829
5535 5540 41128
5538 5541 61002
5540 5542 86792
5540 5543 64692
5542 5544 55781
5541 5545 16976
5542 5546 89178
5545 5547 22913
5543 5548 36671
5547 5549 72238
5545 5550 9385
5547 5551 6174
5549 5552 88011
5550 5553 66502
5551 5554 10407
5553 5555 33183
5551 5556 23420
5552 5557 1802
5556 5558 22982
5556 5559 87944
5555 5560 21094
5559 5561 33182
5557 5562 10090
5562 5563 13826
5562 5564 16008
5561 5565 1922
5563 5566 26219
5563 5567 62097
5564 5568 41556
5567 5569 47978
5565 5570 50252
5567 5571 41571
5567 5572 11157
5570 5573 39034
5569 5574 61344
5571 5575 76784
5575 5576 54403
5573 5577 14623
5575 5578 51917
5576 5579 38234
5579 5580 57899
5576 5581 34691
5580 5582 35055
5579 5583 1536
5581 5584 36966
5584 5585 8911
5581 5586 78522
5585 5587 13136
5586 5588 64049
5586 5589 66581
5587 5590 89098
5588 5591 47620
5591 5592 23297
5588 5593 43816
5593 5594 81844
5593 5595 17398
5591 5596 76121
5592 5597 38966
5596 5598 12152
5594 5599 26034
5596 5600 79929
5597 5601 80646
5599 5602 2074
5600 5603 80684
5601 5604 58469
5603 5605 15376
5602 5606 86473
5603 5607 44794
5604 5608 45610
5608 5609 69131
5607 5610 18496
5609 5611 66953
5610 5612 22043
5612 5613 22570
5612 5614 49774
5613 5615 29883
5614 5616 62689
5612 5617 60762
5615 5618 2573
5617 5619 59161
5616 5620 1817
5618 5621 76221
5617 5622 36412
5620 5623 85028
5619 5624 48802
5621 5625 3484
5621 5626 39081
5625 5627 60620
5623 5628 67027
5627 5629 2648
5629 5630 8822
5628 5631 205
5628 5632 83830
5630 5633 22502
5630 5634 39513
5632 5635 79391
5632 5636 63268
5634 5637 68118
5633 5638 67985
5635 5639 80403
5639 5640 13898
5638 5641 73587
5639 5642 45042
5639 5643 17113
5639 5644 1626
5643 5645 42771
5641 5646 86564
5643 5647 14988
5647 5648 73764
5645 5649 55120
5647 5650 55478
5646 5651 37345
5648 5652 72136
5652 5653 37411
5650 5654 39351
5653 5655 24668
5655 5656 4528
5655 5657 87916
5657 5658 33576
5658 5659 84930
5659 5660 12983
5657 5661 31245
5657 5662 47696
5662 5663 39774
5661 5664 67015
5662 5665 58570
5663 5666 29488
5666 5667 7520
5667 5668 11004
5668 5669 34357
5667 5670 60493
5670 5671 22780
5667 5672 69565
5671 5673 67305
5672 5674 50346
5670 5675 35202
5671 5676 87611
5673 5677 66828
5677 5678 317
5676 5679 72014
5679 5680 50684
5678 5681 37406
5681 5682 12376
5679 5683 1654
5682 5684 12926
5681 5685 44700
5683 5686 64480
5686 5687 21820
5686 5688 5303
5685 5689 71616
5685 5690 30340
5686 5691 23473
5691 5692 54299
5689 5693 44588
5693 5694 74008
5692 5695 41163
5691 5696 58926
5694 5697 87143
5696 5698 2446
5694 5699 60289
5697 5700 80513
5700 5701 68790
5699 5702 80366
5702 5703 59378
5700 5704 26522
5702 5705 39371
5705 5706 6986
5705 5707 13553
5705 5708 82190
5705 5709 40306
5707 5710 77755
5708 5711 40566
5710 5712 51668
5712 5713 812
5710 5714 6113
5713 5715 68672
5715 5716 79338
5714 5717 15545
5713 5718 77446
5718 5719 34075
5715 5720 79244
5717 5721 82632
5720 5722 88786
5720 5723 76370
5719 5724 52639
5722 5725 12068
5724 5726 9697
5726 5727 29092
5723 5728 63294
5724 5729 49595
5729 5730 85886
5729 5731 13595
5727 5732 4270
5729 5733 24568
5729 5734 87998
5732 5735 10161
5734 5736 79656
5735 5737 5485
5734 5738 73203
5734 5739 45221
5738 5740 1050
5740 5741 37044
5738 5742 6922
5741 5743 54115
5742 5744 14295
5742 5745 51438
5742 5746 69680
5743 5747 88503
5743 5748 86890
5746 5749 73068
5747 5750 82523
5746 5751 27301
5751 5752 7322
5752 5753 46259
5751 5754 62000
5754 5755 31533
5751 5756 27487
5756 5757 70926
5755 5758 35176
5755 5759 65779
5757 5760 32504
5757 5761 50329
5761 5762 89940
5758 5763 58594
5761 5764 49851
5763 5765 50840
5761 5766 3500
5762 5767 61292
5764 5768 48629
5766 5769 27593
5767 5770 63008
5766 5771 17064
5771 5772 78720
5768 5773 57943
5769 5774 27523
5772 5775 491
5771 5776 41569
5772 5777 9609
5773 5778 88942
5777 5779 40570
5777 5780 23888
5777 5781 22491
5780 5782 10208
5782 5783 28397
5779 5784 45509
5780 5785 80784
5782 5786 15247
5784 5787 85474
5785 5788 75477
5786 5789 9210
5786 5790 63014
5790 5791 32412
5789 5792 29170
5789 5793 33769
5790 5794 67281
5791 5795 65811
5791 5796 75218
5795 5797 75126
5796 5798 32357
5795 5799 28126
5797 5800 25393
5800 5801 8640
5799 5802 47964
5801 5803 39683
5802 5804 20748
5801 5805 43249
5801 5806 1519
5806 5807 46444
5807 5808 23189
5806 5809 26338
5805 5810 21209
5806 5811 81511
5811 5812 70165
5812 5813 70909
5811 5814 27041
5811 5815 69318
5811 5816 88163
5812 5817 38457
5816 5818 8158
5816 5819 16501
5816 5820 26002
5820 5821 55553
5819 5822 31860
5818 5823 86390
5821 5824 21028
5821 5825 66115
5824 5826 72701
5824 5827 66562
5825 5828 65494
5828 5829 38615
5829 5830 4985
5827 5831 49695
5830 5832 40206
5831 5833 58523
5829 5834 64729
5831 5835 8695
5835 5836 2715
5836 5837 8887
5836 5838 80356
5838 5839 58522
5837 5840 26236
5838 5841 84361
5840 5842 68489
5839 5843 27150
5841 5844 11674
5844 5845 13812
5845 5846 32178
5845 5847 72956
5844 5848 15936
5848 5849 56547
5846 5850 14436
5848 5851 23866
5851 5852 53835
5849 5853 72267
5849 5854 71679
5854 5855 23071
5851 5856 36141
5853 5857 44090
5856 5858 40101
5854 5859 15020
5856 5860 83835
5859 5861 28241
5861 5862 79740
5862 5863 2750
5859 5864 80908
5863 5865 68326
5864 5866 37841
5866 5867 31478
5866 5868 80555
5867 5869 45894
5869 5870 30471
5868 5871 64744
5871 5872 72873
5869 5873 7773
5869 5874 76770
5872 5875 87313
5872 5876 61322
5875 5877 84746
5877 5878 40331
5876 5879 42552
5876 5880 55208
5877 5881 16431
5880 5882 85164
5881 5883 38630
5881 5884 13675
5880 5885 14462
5881 5886 28799
5884 5887 11801
5887 5888 12639
5888 5889 17895
5888 5890 39647
5887 5891 2431
5891 5892 6710
5889 5893 20312
5889 5894 6538
5893 5895 325
5893 5896 73387
5892 5897 4221
5896 5898 57692
5895 5899 58994
5899 5900 26761
5896 5901 55394
5900 5902 9858
5902 5903 37384
5900 5904 28564
5903 5905 82552
5903 5906 68442
5906 5907 15140
5905 5908 4645
5907 5909 61113
5905 5910 17884
5909 5911 37277
5907 5912 35312
5911 5913 69710
5911 5914 9468
5913 5915 36879
5915 5916 63961
5915 5917 60270
5914 5918 17523
5917 5919 5523
5919 5920 82942
5919 5921 68371
5917 5922 74097
5921 5923 73079
5920 5924 15106
5920 5925 19386
5924 5926 61452
5924 5927 32190
5923 5928 48983
5925 5929 51974
5927 5930 38640
5928 5931 43707
5931 5932 78615
5932 5933 54730
5932 5934 73433
5934 5935 24954
5935 5936 26306
5936 5937 46204
5935 5938 197
5935 5939 8049
5938 5940 55417
5940 5941 41169
5941 5942 36270
5942 5943 13916
5941 5944 20214
5944 5945 51592
5943 5946 2219
5942 5947 37024
5947 5948 4553
5946 5949 1498
5947 5950 23686
5950 5951 1555
5947 5952 55375
5949 5953 11344
5951 5954 39986
5951 5955 10146
5955 5956 40355
5952 5957 64450
5955 5958 47795
5956 5959 74652
5955 5960 12886
5959 5961 22803
5957 5962 21658
5961 5963 85113
5960 5964 21723
5963 5965 51628
5964 5966 32558
5966 5967 5632
5967 5968 20712
5967 5969 81389
5968 5970 80375
5966 5971 56716
5970 5972 71500
5969 5973 87591
5973 5974 77243
5971 5975 39759
5974 5976 77380
5975 5977 65261
5974 5978 57479
5976 5979 84115
5977 5980 83564
5977 5981 30197
5981 5982 5742
5978 5983 6365
5980 5984 23975
5980 5985 73195
5985 5986 76276
5984 5987 73128
5986 5988 61888
5987 5989 88818
5985 5990 54457
5987 5991 73194
5988 5992 57035
5988 5993 43780
5993 5994 77044
5993 5995 79064
5993 5996 11949
5993 5997 71396
5993 5998 71390
5996 5999 56440
5997 6000 2813
5997 6001 74752
5999 6002 16255
5999 6003 33264
6003 6004 17827
6003 6005 12781
6004 6006 84164
6003 6007 8789
6007 6008 47552
6005 6009 72260
6008 6010 87587
6007 6011 22761
6008 6012 18023
6009 6013 2090
6011 6014 73391
6010 6015 46549
6011 6016 75301
6015 6017 44188
6015 6018 27456
6017 6019 70597
6017 6020 39096
6016 6021 21713
6021 6022 64062
6019 6023 28411
6019 6024 80438
6021 6025 85750
6025 6026 82523
6022 6027 44405
6025 6028 21546
6026 6029 7408
6029 6030 84063
6027 6031 40156
6028 6032 87644
6028 6033 65946
6030 6034 89908
6030 6035 41268
6035 6036 37455
6034 6037 78909
6036 6038 60666
6035 6039 16298
6037 6040 38854
6038 6041 85627
6039 6042 23764
6039 6043 17583
6043 6044 82836
6040 6045 84125
6042 6046 86023
6042 6047 21091
6047 6048 49778
6045 6049 10357
6046 6050 12688
6048 6051 84221
6049 6052 51859
6048 6053 67267
6053 6054 46589
6054 6055 73587
6052 6056 81369
6056 6057 17026
6053 6058 72363
6058 6059 3713
6057 6060 1244
6058 6061 68362
6057 6062 89639
6061 6063 67442
6061 6064 11373
6062 6065 2761
6065 6066 46970
6063 6067 74013
6063 6068 86043
6066 6069 79081
6068 6070 16577
6069 6071 35452
6068 6072 34665
6070 6073 64209
6071 6074 28719
6072 6075 75726
6075 6076 57985
6072 6077 49576
6076 6078 52524
6078 6079 51815
6076 6080 53033
6077 6081 14401
6078 6082 62258
6079 6083 39299
6083 6084 75320
6084 6085 77747
6081 6086 81554
6084 6087 64030
6085 6088 51785
6085 6089 24318
6085 6090 30459
6087 6091 27444
6091 6092 36450
6089 6093 11033
6093 6094 43809
6093 6095 258
6092 6096 3793
6096 6097 19670
6097 6098 1432
6095 6099 4379
6096 6100 50949
6099 6101 26341
6098 6102 7679
6099 6103 28677
6101 6104 70262
6100 6105 65150
6105 6106 2316
6102 6107 36866
6104 6108 81880
6104 6109 15626
6109 6110 46150
6110 6111 13871
6110 6112 30630
6111 6113 1665
6111 6114 939
6110 6115 84249
6113 6116 2369
6112 6117 25471
6113 6118 31572
6115 6119 51615
6119 6120 9635
6116 6121 33903
6119 6122 25976
6118 6123 49099
6123 6124 6173
6122 6125 27821
6122 6126 47801
6122 6127 38026
6126 6128 17613
6126 6129 5217
6125 6130 22730
6130 6131 85085
6128 6132 68685
6131 6133 80856
6130 6134 2280
6132 6135 35212
6132 6136 24520
6134 6137 25913
6136 6138 4278
6138 6139 80046
6137 6140 50103
6140 6141 23337
6138 6142 87440
6141 6143 83965
6141 6144 10281
6142 6145 25863
6141 6146 85208
6143 6147 77174
6143 6148 78878
6147 6149 30119
6148 6150 66243
6147 6151 84148
6150 6152 68110
6149 6153 62544
6150 6154 27058
6154 6155 50486
6151 6156 23968
6153 6157 36452
6153 6158 23083
6154 6159 52516
6158 6160 23164
6157 6161 55305
6157 6162 4086
6160 6163 11597
6162 6164 9820
6164 6165 52886
6163 6166 5691
6162 6167 11991
6166 6168 4075
6167 6169 30188
6169 6170 18590
6170 6171 77721
6171 6172 71619
6171 6173 86010
6173 6174 31691
6174 6175 63924
6174 6176 68805
6175 6177 64805
6174 6178 89926
6176 6179 13924
6176 6180 51006
6176 6181 51963
6178 6182 8784
6179 6183 63535
6181 6184 83647
6184 6185 22972
6184 6186 30587
6184 6187 80630
6187 6188 25269
6188 6189 61024
6189 6190 33520
6187 6191 26165
6189 6192 2376
6192 6193 54973
6189 6194 2176
6194 6195 86020
6192 6196 87550
6194 6197 35483
6196 6198 76643
6197 6199 45589
6199 6200 52060
6196 6201 26997
6200 6202 83605
6202 6203 85083
6203 6204 78261
6203 6205 21818
6204 6206 72433
6202 6207 916
6207 6208 46972
6208 6209 20544
6209 6210 15803
6208 6211 19506
6208 6212 78691
6212 6213 88816
6212 6214 70910
6213 6215 27915
6215 6216 14469
6216 6217 30488
6214 6218 10152
6214 6219 20217
6217 6220 22376
6219 6221 56799
6221 6222 19536
6220 6223 6011
6222 6224 45853
6220 6225 19075
6223 6226 72183
6225 6227 55976
6223 6228 41220
6228 6229 59628
6228 6230 70388
6227 6231 11558
6227 6232 6039
6231 6233 11807
6230 6234 24883
6233 6235 23171
6231 6236 34742
6235 6237 4726
6235 6238 82806
6235 6239 55862
6236 6240 24513
6238 6241 46707
6240 6242 65214
6241 6243 47495
6243 6244 59706
6242 6245 89327
6241 6246 79696
6244 6247 31534
6243 6248 15825
6247 6249 5345
6247 6250 75141
6249 6251 7203
6249 6252 78342
6250 6253 62584
6252 6254 75515
6254 6255 84427
6255 6256 34671
6254 6257 58022
6253 6258 16450
6254 6259 27098
6255 6260 46135
6258 6261 49448
6260 6262 20958
6260 6263 12280
6262 6264 52948
6260 6265 46404
6262 6266 88162
6263 6267 69471
6265 6268 55532
6264 6269 75267
6269 6270 84706
6269 6271 65885
6269 6272 21474
6270 6273 79978
6273 6274 5498
6273 6275 24910
6272 6276 80524
6273 6277 15183
6276 6278 2191
6276 6279 302
6275 6280 18531
6280 6281 79907
6281 6282 14803
6280 6283 39750
6279 6284 7160
6281 6285 26981
6284 6286 74500
6283 6287 16756
6283 6288 65743
6284 6289 60363
6287 6290 58578
6286 6291 86157
6287 6292 47490
6288 6293 71335
6291 6294 1905
6291 6295 70513
6294 6296 87991
6292 6297 72347
6294 6298 484
6298 6299 16000
6296 6300 22264
6297 6301 34619
6298 6302 37760
6298 6303 38211
6302 6304 30231
6302 6305 19278
6305 6306 67605
6306 6307 71680
6306 6308 56804
6306 6309 44389
6308 6310 87355
6308 6311 82360
6311 6312 49993
6308 6313 39540
6311 6314 48069
6310 6315 65088
6312 6316 37027
6315 6317 78725
6315 6318 77985
6315 6319 16787
6319 6320 82152
6317 6321 86554
6317 6322 21178
6318 6323 55640
6323 6324 36725
6324 6325 66885
6323 6326 9061
6324 6327 75511
6323 6328 46677
6325 6329 81565
6327 6330 83691
6327 6331 38685
6328 6332 73199
6328 6333 46799
6333 6334 28154
6334 6335 68352
6335 6336 58025
6334 6337 71832
6333 6338 24874
6338 6339 62564
6339 6340 52182
6340 6341 9386
6340 6342 54087
6338 6343 72901
6339 6344 47177
6342 6345 59407
6341 6346 80726
6345 6347 72576
6345 6348 71080
6346 6349 61081
6347 6350 64687
6347 6351 86765
6349 6352 86469
6348 6353 67861
6350 6354 58357
6350 6355 73244
6353 6356 72106
6355 6357 73894
6355 6358 50877
6354 6359 29889
6358 6360 33441
6357 6361 35571
6359 6362 42809
6360 6363 79027
6361 6364 34089
6360 6365 60654
6364 6366 50783
6362 6367 64984
6363 6368 73353
6364 6369 45087
6365 6370 36463
6366 6371 85169
6370 6372 7766
6372 6373 38395
6370 6374 306
6374 6375 53857
6374 6376 82928
6372 6377 46709
6377 6378 52826
6378 6379 24332
6377 6380 23440
6377 6381 64161
6380 6382 37399
6381 6383 20909
6380 6384 1331
6384 6385 57659
6385 6386 88130
6384 6387 65364
6383 6388 55680
6388 6389 14776
6387 6390 55110
6386 6391 55769
6391 6392 60549
6390 6393 72282
6392 6394 69824
6394 6395 10355
6395 6396 25070
6392 6397 88127
6397 6398 69942
6397 6399 16116
6395 6400 36893
6397 6401 43711
6400 6402 6698
6402 6403 69197
6403 6404 57794
6404 6405 55323
6404 6406 20725
6405 6407 81359
6404 6408 36282
6405 6409 4126
6409 6410 35134
6409 6411 13999
6408 6412 13854
6410 6413 67965
6411 6414 24195
6414 6415 15636
6415 6416 42549
6414 6417 17106
6415 6418 13718
6414 6419 16987
6419 6420 68899
6417 6421 27999
6419 6422 8457
6419 6423 70383
6421 6424 1603
6424 6425 27896
6424 6426 12297
6422 6427 51295
6426 6428 76140
6425 6429 37638
6425 6430 58268
6427 6431 31823
6431 6432 54626
6430 6433 47181
6431 6434 77397
6430 6435 84930
6432 6436 18960
6434 6437 49044
6435 6438 37616
6437 6439 63373
6436 6440 8767
6439 6441 76760
6440 6442 66709
6438 6443 4203
6442 6444 58307
6443 6445 58565
6443 6446 50480
6444 6447 89847
6447 6448 61700
6446 6449 38575
6448 6450 5958
6450 6451 58882
6447 6452 68143
6449 6453 12614
6452 6454 28114
6452 6455 49904
6454 6456 38900
6453 6457 26302
6457 6458 61003
6457 6459 75874
6455 6460 40044
6456 6461 50073
6460 6462 41900
6459 6463 25111
6460 6464 14544
6462 6465 41671
6463 6466 14073
6466 6467 50
6465 6468 19655
6467 6469 10885
6467 6470 53110
6470 6471 25446
6467 6472 30473
6469 6473 14193
6469 6474 52377
6474 6475 1208
6475 6476 13819
6473 6477 2518
6477 6478 927
6474 6479 41140
6478 6480 69309
6477 6481 10734
6480 6482 22552
6479 6483 2586
6483 6484 3206
6483 6485 59739
6481 6486 62569
6486 6487 29923
6483 6488 68874
6485 6489 70681
6488 6490 62403
6489 6491 36549
6491 6492 73841
6489 6493 26228
6489 6494 22751
6492 6495 16050
6492 6496 10439
6495 6497 36937
6494 6498 14415
6497 6499 17119
6498 6500 25076
6496 6501 40706
6499 6502 33460
6500 6503 63756
6501 6504 79785
6503 6505 66209
6502 6506 40712
6505 6507 77004
6507 6508 78913
6504 6509 80092
6507 6510 44971
6509 6511 36387
6510 6512 49233
6509 6513 76905
6511 6514 9780
6511 6515 40688
6515 6516 69931
6516 6517 62142
6516 6518 41059
6518 6519 12940
6517 6520 6625
6518 6521 69662
6518 6522 3585
6520 6523 28258
6522 6524 54874
6524 6525 34649
6522 6526 4022
6524 6527 83333
6525 6528 35508
6525 6529 45266
6526 6530 45853
6527 6531 78732
6528 6532 66141
6531 6533 62464
6532 6534 71658
6532 6535 20992
6534 6536 16036
6536 6537 33284
6534 6538 81215
6538 6539 46356
6537 6540 60769
6536 6541 37424
6540 6542 78065
6539 6543 22373
6539 6544 17066
6540 6545 51621
6542 6546 57744
6545 6547 15952
6547 6548 19658
6546 6549 58557
6546 6550 51212
6550 6551 89237
6547 6552 79722
6551 6553 14415
6550 6554 75114
6552 6555 31315
6552 6556 72555
6555 6557 49197
6557 6558 31101
6557 6559 5807
6557 6560 57275
6557 6561 82688
6559 6562 87785
6561 6563 67436
6562 6564 18066
6563 6565 62614
6564 6566 1190
6565 6567 64218
6563 6568 31088
6564 6569 45518
6567 6570 39912
6567 6571 52628
6570 6572 69370
6568 6573 8587
6571 6574 63839
6573 6575 54739
6572 6576 43687
6576 6577 70600
6576 6578 87002
6575 6579 75293
6579 6580 80289
6576 6581 43995
6581 6582 6509
6581 6583 33496
6579 6584 78608
6580 6585 66271
6581 6586 12087
6584 6587 15109
6584 6588 39226
6584 6589 12922
6587 6590 71975
6588 6591 87836
6591 6592 52481
6591 6593 73686
6592 6594 86668
6590 6595 19756
6594 6596 8563
6594 6597 15518
6597 6598 45936
6597 6599 627
6599 6600 22103
6600 6601 58668
6597 6602 5528
6602 6603 38153
6599 6604 215
6600 6605 86402
6601 6606 15744
6603 6607 60614
6603 6608 20854
6604 6609 67516
6608 6610 57659
6608 6611 13059
6611 6612 61292
6611 6613 33804
6610 6614 38185
6610 6615 57702
6612 6616 17120
6615 6617 83100
6617 6618 6760
6616 6619 66875
6617 6620 21916
6617 6621 9317
6621 6622 51299
6618 6623 43535
6620 6624 11673
6621 6625 49395
6621 6626 9889
6625 6627 46084
6623 6628 54691
6625 6629 53998
6629 6630 5484
6629 6631 79701
6628 6632 26600
6631 6633 35258
6630 6634 32121
6634 6635 59893
6634 6636 47345
6633 6637 36377
6637 6638 75684
6634 6639 1573
6636 6640 3426
6637 6641 37213
6637 6642 70019
6638 6643 25728
6640 6644 64966
6640 6645 67802
6643 6646 86272
6645 6647 55172
6643 6648 4258
6646 6649 11182
6647 6650 68694
6646 6651 72701
6650 6652 89080
6651 6653 67320
6651 6654 1555
6654 6655 49021
6653 6656 63290
6652 6657 75165
6654 6658 6914
6655 6659 68276
6659 6660 7823
6658 6661 79633
6661 6662 25255
6662 6663 21474
6661 6664 8052
6660 6665 38277
6664 6666 11651
6663 6667 5146
6663 6668 86467
6666 6669 88593
6667 6670 61940
6669 6671 51016
6667 6672 89612
6669 6673 62212
6672 6674 67759
6670 6675 80989
6674 6676 32286
6675 6677 62614
6676 6678 76247
6676 6679 23280
6679 6680 23315
6676 6681 15315
6680 6682 42162
6680 6683 33824
6680 6684 41334
6681 6685 59826
6681 6686 24151
6685 6687 28705
6687 6688 5741
6686 6689 59302
6686 6690 73673
6686 6691 4628
6687 6692 22187
6689 6693 81766
6690 6694 44357
6694 6695 54224
6694 6696 4127
6695 6697 73704
6694 6698 15077
6698 6699 23630
6697 6700 50883
6696 6701 6375
6698 6702 12485
6701 6703 43924
6701 6704 63070
6702 6705 30758
6701 6706 79141
6706 6707 50240
6704 6708 3324
6706 6709 79754
6707 6710 6388
6708 6711 62678
6708 6712 16899
6712 6713 13165
6711 6714 19837
6714 6715 52507
6711 6716 58542
6716 6717 21909
6713 6718 29152
6717 6719 7514
6717 6720 6885
6716 6721 79551
6718 6722 14889
6720 6723 44502
6722 6724 52417
6720 6725 72309
6722 6726 62221
6723 6727 54848
6726 6728 6482
6725 6729 53922
6727 6730 34882
6726 6731 88191
6731 6732 35583
6729 6733 81975
6733 6734 73272
6732 6735 21608
6733 6736 52678
6732 6737 59664
6733 6738 53236
6735 6739 60187
6736 6740 52101
6736 6741 27695
6738 6742 27160
6741 6743 79832
6742 6744 65554
6740 6745 38707
6743 6746 71779
6745 6747 22410
6743 6748 74662
6747 6749 89586
6746 6750 36018
6748 6751 52351
6749 6752 40476
6752 6753 15783
6750 6754 42023
6753 6755 7806
6755 6756 80315
6752 6757 36734
6754 6758 41864
6758 6759 4187
6755 6760 32949
6758 6761 17678
6760 6762 31755
6761 6763 48381
6761 6764 79070
6761 6765 83540
6761 6766 86629
6766 6767 43690
6764 6768 71348
6765 6769 15481
6765 6770 6227
6769 6771 32846
6768 6772 65703
6772 6773 66886
6771 6774 62484
6772 6775 46286
6775 6776 53885
6773 6777 58476
6777 6778 11729
6776 6779 75776
6779 6780 2170
6776 6781 17081
6781 6782 42958
6782 6783 53018
6783 6784 13258
6781 6785 81612
6784 6786 60714
6786 6787 81366
6787 6788 61520
6786 6789 18007
6785 6790 58701
6788 6791 47996
6787 6792 16014
6792 6793 35176
6791 6794 79204
6791 6795 74488
6794 6796 12575
6792 6797 50742
6797 6798 25093
6794 6799 68818
6796 6800 49611
6800 6801 8272
6798 6802 11716
6801 6803 37024
6800 6804 44892
6803 6805 14994
6802 6806 3708
6804 6807 17602
6803 6808 64577
6807 6809 27297
6806 6810 39622
6808 6811 33967
6807 6812 9457
6808 6813 88578
6811 6814 16353
6813 6815 45153
6814 6816 71046
6814 6817 69870
6814 6818 9381
6814 6819 541
6815 6820 72429
6817 6821 33779
6818 6822 29243
6818 6823 87317
6822 6824 40914
6823 6825 19810
6824 6826 78678
6825 6827 58633
6824 6828 87459
6824 6829 88579
6829 6830 15920
6827 6831 16116
6827 6832 67670
6831 6833 68307
6833 6834 52627
6832 6835 65438
6832 6836 68141
6833 6837 25537
6835 6838 53609
6838 6839 89945
6836 6840 4515
6837 6841 12589
6837 6842 28644
6838 6843 23372
6840 6844 33164
6843 6845 62546
6845 6846 26817
6844 6847 39890
6844 6848 43254
6844 6849 14883
6846 6850 80358
6847 6851 78883
6849 6852 84134
6849 6853 82440
6851 6854 9985
6850 6855 1711
6854 6856 72293
6856 6857 38911
6853 6858 5326
6857 6859 52455
6859 6860 85480
6860 6861 30290
6858 6862 18744
6862 6863 47566
6859 6864 82669
6862 6865 67784
6863 6866 75590
6862 6867 66536
6864 6868 55470
6865 6869 63945
6867 6870 88349
6866 6871 81695
6871 6872 83836
6872 6873 62983
6872 6874 11625
6871 6875 36181
6875 6876 61308
6875 6877 76013
6873 6878 55529
6878 6879 48953
6878 6880 81505
6876 6881 88441
6880 6882 80785
6879 6883 39337
6881 6884 22102
6880 6885 40513
6881 6886 9061
6883 6887 35484
6885 6888 54624
6888 6889 4787
6885 6890 79522
6888 6891 10498
6889 6892 44822
6891 6893 45572
6890 6894 47081
6893 6895 55090
6892 6896 2459
6893 6897 81640
6894 6898 4413
6898 6899 13016
6898 6900 89885
6900 6901 13888
6898 6902 28270
6899 6903 10519
6903 6904 68790
6903 6905 60623
6902 6906 22778
6903 6907 83112
6903 6908 47839
6906 6909 64667
6909 6910 12561
6907 6911 52918
6909 6912 44146
6912 6913 41662
6911 6914 78642
6914 6915 41687
6914 6916 88290
6914 6917 61958
6915 6918 13218
6917 6919 72158
6919 6920 88795
6920 6921 478
6920 6922 7169
6920 6923 66259
6923 6924 68212
6920 6925 40439
6922 6926 13264
6922 6927 8000
6926 6928 70763
6926 6929 15769
6928 6930 81503
6928 6931 69781
6929 6932 37551
6931 6933 25452
6931 6934 70927
6934 6935 35946
6931 6936 41051
6936 6937 61685
6935 6938 20156
6936 6939 23980
6937 6940 41406
6937 6941 16664
6938 6942 79210
6940 6943 37859
6940 6944 14563
6941 6945 83064
6944 6946 68557
6944 6947 87800
6945 6948 88973
6947 6949 1394
6945 6950 19091
6948 6951 4335
6950 6952 46375
6950 6953 31927
6953 6954 840
6953 6955 26847
6952 6956 72907
6956 6957 17617
6957 6958 4747
6956 6959 4111
6955 6960 42956
6959 6961 79369
6959 6962 28780
6961 6963 22542
6961 6964 61839
6963 6965 40204
6964 6966 80918
6963 6967 79806
6963 6968 75111
6965 6969 70484
6965 6970 34320
6966 6971 20593
6968 6972 71021
6971 6973 68033
6969 6974 31902
6974 6975 33414
6975 6976 57189
6973 6977 74812
6974 6978 12647
6977 6979 31423
6975 6980 74461
6978 6981 52678
6981 6982 76136
6981 6983 49485
6982 6984 48043
6982 6985 46427
6983 6986 17
6983 6987 33196
6983 6988 84605
6988 6989 43819
6987 6990 49980
6989 6991 80588
6991 6992 88926
6992 6993 15492
6993 6994 65945
6992 6995 25058
6995 6996 11270
6994 6997 70464
6994 6998 3450
6996 6999 38863
6998 7000 19263
7000 7001 29411
7001 7002 6442
7001 7003 85081
7002 7004 33967
7004 7005 69695
7005 7006 36059
7003 7007 61959
7006 7008 24895
7008 7009 70920
7009 7010 87430
7009 7011 1991
7008 7012 75586
7008 7013 53414
7013 7014 43572
7011 7015 4348
7012 7016 51093
7013 7017 36422
7015 7018 41287
7017 7019 67744
7018 7020 73465
7017 7021 31692
7020 7022 40420
7022 7023 42355
7022 7024 79940
7022 7025 41272
7022 7026 8093
7026 7027 4577
7027 7028 55782
7026 7029 24093
7027 7030 34946
7030 7031 6908
7029 7032 85472
7032 7033 4613
7032 7034 5414
7031 7035 28307
7032 7036 58334
7036 7037 2336
7037 7038 59028
7035 7039 5957
7035 7040 9770
7038 7041 75423
7039 7042 88583
7040 7043 13244
7039 7044 67142
7040 7045 81021
7045 7046 43493
7043 7047 11722
7045 7048 46021
7045 7049 55138
7045 7050 30332
7049 7051 10125
7047 7052 61104
7052 7053 32679
7050 7054 40515
7052 7055 20835
7054 7056 89286
7056 7057 71985
7057 7058 50508
7058 7059 72264
7057 7060 82415
7056 7061 52320
7060 7062 14429
7062 7063 38077
7060 7064 28763
7064 7065 27619
7061 7066 27339
7064 7067 28287
7066 7068 33284
7068 7069 15449
7067 7070 71559
7068 7071 32555
7071 7072 66756
7068 7073 65236
7071 7074 47255
7074 7075 75534
7072 7076 48329
7076 7077 26495
7074 7078 19094
7076 7079 35772
7077 7080 28808
7078 7081 45106
7080 7082 31675
7080 7083 9581
7082 7084 69303
7083 7085 31497
7085 7086 37250
7085 7087 51913
7083 7088 49788
7086 7089 62294
7089 7090 13811
7090 7091 22315
7087 7092 40995
7090 7093 63355
7092 7094 43405
7091 7095 25962
7094 7096 28435
7094 7097 68408
7097 7098 50435
7096 7099 82677
7099 7100 69323
7097 7101 11258
7099 7102 15935
7100 7103 73342
7100 7104 11962
7101 7105 26053
7105 7106 4240
7103 7107 88625
7104 7108 3964
7108 7109 14696
7109 7110 55672
7107 7111 17458
7108 7112 76365
7111 7113 30821
7111 7114 59443
7111 7115 39579
7114 7116 43110
7114 7117 54328
7115 7118 54922
7116 7119 17705
7119 7120 17572
7119 7121 8604
7119 7122 29829
7120 7123 5473
7122 7124 58382
7124 7125 69195
7123 7126 21496
7123 7127 36250
7124 7128 84645
7128 7129 55931
7129 7130 10274
7130 7131 66109
7127 7132 79405
7131 7133 4908
7133 7134 86042
7132 7135 62702
7132 7136 45433
7132 7137 49346
7136 7138 72058
7134 7139 59909
7137 7140 16125
7136 7141 47025
7140 7142 48943
7142 7143 5895
7143 7144 89355
7144 7145 17075
7144 7146 50914
7144 7147 46530
7146 7148 12329
7146 7149 25689
7145 7150 21621
7150 7151 68842
7149 7152 40396
7151 7153 44445
7150 7154 48840
7151 7155 42157
7152 7156 43142
7155 7157 26213
7155 7158 77797
7155 7159 41772
7156 7160 73813
7157 7161 41657
7157 7162 84103
7161 7163 30263
7161 7164 81904
7163 7165 13811
7162 7166 20768
7163 7167 82016
7164 7168 20533
7167 7169 43699
7166 7170 60594
7166 7171 66679
7169 7172 38264
7169 7173 26682
7170 7174 35887
7172 7175 48827
7173 7176 48375
7173 7177 19212
7174 7178 55261
7175 7179 19352
7179 7180 55678
7176 7181 1277
7180 7182 13721
7179 7183 41966
7182 7184 76633
7182 7185 83866
7184 7186 30873
7185 7187 59156
7187 7188 81323
7185 7189 73766
7187 7190 51848
7188 7191 80684
7189 7192 87299
7192 7193 21236
7192 7194 54121
7192 7195 80501
7191 7196 56323
7196 7197 60965
7193 7198 49363
7197 7199 61668
7195 7200 64660
7196 7201 41306
7201 7202 67407
7202 7203 67881
7201 7204 48509
7203 7205 89356
7205 7206 32130
7206 7207 10965
7205 7208 77509
7206 7209 77320
7206 7210 28823
7208 7211 27257
7210 7212 77691
7208 7213 80738
7212 7214 33186
7212 7215 56276
7214 7216 48824
7212 7217 14899
7217 7218 23832
7217 7219 25483
7216 7220 52680
7218 7221 47041
7220 7222 23337
7221 7223 79730
7220 7224 83490
7220 7225 39950
7223 7226 23666
7222 7227 12065
7227 7228 36402
7228 7229 86203
7227 7230 72038
7230 7231 1140
7229 7232 64977
7230 7233 7312
7233 7234 22466
7234 7235 22106
7235 7236 52528
7234 7237 44812
7234 7238 9688
7235 7239 69504
7237 7240 42237
7238 7241 74762
7241 7242 27698
7240 7243 50670
7242 7244 61964
7244 7245 17475
7241 7246 12689
7245 7247 22562
7246 7248 54827
7248 7249 24378
7245 7250 11457
7250 7251 17335
7249 7252 63252
7250 7253 5801
7251 7254 31665
7251 7255 37798
7253 7256 72219
7256 7257 63209
7255 7258 53751
7257 7259 82318
7258 7260 7897
7258 7261 71534
7258 7262 45293
7261 7263 30505
7261 7264 2643
7264 7265 20841
7264 7266 28175
7262 7267 32285
7266 7268 17912
7264 7269 39736
7266 7270 83379
7266 7271 2761
7269 7272 15809
7271 7273 18666
7270 7274 10754
7272 7275 7459
7271 7276 80295
7273 7277 47744
7274 7278 59432
7277 7279 62156
7277 7280 53888
7277 7281 29845
7278 7282 41844
7278 7283 72427
7281 7284 76303
7283 7285 89765
7282 7286 18237
7282 7287 84484
7287 7288 60542
7287 7289 1926
7288 7290 26890
7287 7291 8262
7288 7292 34093
7289 7293 26626
7293 7294 17322
7291 7295 73037
7291 7296 83932
7292 7297 64242
7295 7298 57003
7295 7299 73024
7296 7300 30693
7297 7301 74386
7297 7302 49405
7301 7303 38607
7300 7304 57436
7304 7305 58174
7303 7306 25108
7303 7307 75286
7306 7308 26819
7306 7309 26374
7307 7310 49154
7309 7311 35398
7309 7312 30838
7308 7313 1472
7309 7314 12989
7312 7315 18768
7315 7316 70037
7314 7317 15323
7313 7318 40872
7315 7319 83368
7318 7320 40035
7316 7321 54565
7319 7322 37903
7318 7323 38414
7320 7324 31552
7320 7325 39904
7324 7326 84948
7323 7327 64651
7325 7328 43648
7325 7329 73832
7328 7330 1653
7328 7331 30259
7330 7332 59015
7331 7333 34548
7331 7334 27116
7333 7335 20895
7331 7336 66980
7332 7337 3255
7336 7338 78282
7337 7339 77274
7337 7340 84912
7339 7341 41351
7338 7342 53798
7339 7343 52924
7339 7344 56658
7340 7345 80522
7345 7346 19372
7342 7347 67449
7344 7348 5653
7344 7349 50284
7348 7350 71311
7346 7351 48007
7351 7352 79424
7352 7353 28125
7353 7354 64400
7353 7355 25607
7351 7356 28488
7354 7357 85718
7353 7358 29739
7357 7359 88268
7358 7360 4155
7358 7361 89868
7358 7362 47446
7358 7363 15453
7359 7364 51174
7364 7365 2063
7364 7366 23328
7363 7367 21169
7365 7368 40746
7365 7369 32510
7367 7370 13701
7367 7371 80603
7367 7372 39896
7369 7373 81540
7372 7374 36047
7373 7375 53816
7375 7376 15585
7375 7377 27598
7375 7378 87946
7377 7379 78695
7379 7380 60637
7380 7381 26504
7377 7382 48285
7380 7383 13866
7381 7384 36509
7382 7385 46449
7385 7386 51300
7384 7387 27815
7383 7388 2027
7388 7389 34484
7385 7390 45311
7388 7391 11417
7390 7392 70077
7391 7393 7128
7391 7394 87379
7391 7395 61305
7392 7396 34667
7394 7397 15774
7394 7398 36279
7396 7399 19766
7395 7400 76952
7396 7401 58644
7398 7402 79907
7400 7403 54419
7400 7404 38925
7404 7405 89597
7404 7406 43698
7404 7407 63580
7406 7408 28652
7407 7409 81065
7405 7410 63752
7406 7411 70376
7411 7412 56399
7409 7413 23530
7411 7414 50513
7412 7415 33595
7411 7416 51086
7412 7417 52021
7417 7418 72510
7414 7419 51806
7418 7420 63048
7418 7421 19826
7420 7422 16880
7419 7423 72702
7422 7424 39286
7423 7425 51803
7421 7426 47697
7425 7427 13088
7426 7428 48186
7427 7429 72770
7425 7430 81719
7428 7431 41490
7429 7432 41686
7429 7433 23160
7429 7434 63419
7431 7435 78138
7432 7436 11012
7435 7437 47436
7434 7438 5505
7435 7439 79642
7438 7440 59802
7438 7441 54764
7437 7442 1898
7439 7443 22451
7441 7444 20499
7441 7445 20049
7441 7446 24154
7446 7447 87505
7447 7448 22628
7448 7449 77087
7446 7450 77833
7448 7451 33422
7448 7452 9458
7449 7453 53268
7451 7454 25515
7454 7455 15057
7451 7456 77244
7456 7457 76199
7456 7458 17263
7458 7459 18871
7459 7460 44932
7458 7461 72426
7460 7462 83781
7462 7463 9164
7462 7464 13966
7464 7465 17917
7461 7466 82138
7466 7467 75943
7466 7468 83081
7468 7469 16663
7465 7470 18842
7467 7471 22725
7469 7472 22815
7468 7473 24955
7471 7474 13346
7474 7475 9478
7471 7476 64778
7475 7477 53749
7477 7478 78333
7475 7479 20089
7475 7480 3025
7480 7481 43336
7478 7482 41338
7478 7483 88309
7479 7484 15070
7481 7485 29698
7484 7486 58586
7485 7487 66608
7485 7488 69418
7488 7489 4253
7489 7490 47435
7489 7491 54394
7490 7492 5872
7489 7493 82881
7491 7494 19379
7493 7495 42080
7492 7496 48766
7496 7497 9025
7497 7498 88466
7494 7499 71928
7498 7500 42196
7496 7501 61764
7498 7502 47807
7500 7503 26514
7499 7504 23319
7501 7505 48879
7504 7506 68759
7505 7507 54490
7504 7508 81905
7505 7509 86417
7507 7510 68804
7510 7511 15203
7511 7512 60975
7509 7513 21594
7511 7514 84472
7514 7515 22169
7514 7516 66877
7515 7517 18065
7515 7518 87502
7516 7519 80699
7518 7520 30029
7520 7521 63854
7521 7522 31437
7518 7523 74410
7522 7524 25892
7522 7525 42025
7521 7526 26579
7524 7527 18524
7527 7528 16779
7528 7529 36669
7525 7530 62624
7528 7531 40271
7528 7532 82132
7530 7533 34740
7530 7534 60261
7531 7535 78987
7535 7536 4179
7535 7537 33896
7536 7538 72528
7534 7539 84445
7536 7540 13322
7540 7541 86539
7539 7542 66090
7538 7543 86728
7543 7544 83609
7544 7545 57453
7541 7546 77718
7546 7547 48432
7547 7548 85037
7545 7549 89231
7548 7550 65692
7547 7551 45074
7548 7552 41940
7550 7553 59603
7552 7554 53590
7552 7555 83273
7554 7556 52279
7554 7557 72026
7553 7558 52175
7558 7559 19596
7555 7560 42581
7559 7561 77143
7557 7562 74599
7558 7563 19041
7559 7564 47845
7561 7565 52951
7563 7566 47731
7563 7567 32171
7565 7568 633
7564 7569 19265
7567 7570 88023
7569 7571 45499
7571 7572 8397
7568 7573 50221
7570 7574 8456
7574 7575 36104
7574 7576 67603
7576 7577 62724
7573 7578 59476
7574 7579 6843
7576 7580 78894
7578 7581 16960
7581 7582 51259
7578 7583 39258
7580 7584 72797
7583 7585 66212
7583 7586 62169
7584 7587 35509
7583 7588 19531
7584 7589 9855
7585 7590 65958
7586 7591 25426
7588 7592 23371
7588 7593 9229
7589 7594 36967
7594 7595 23236
7594 7596 73382
7592 7597 15165
7597 7598 80668
7597 7599 85737
7595 7600 81562
7597 7601 9772
7598 7602 53482
7599 7603 33008
7601 7604 27800
7602 7605 47717
7604 7606 46682
7604 7607 60659
7604 7608 69537
7606 7609 85741
7605 7610 87808
7606 7611 66470
7609 7612 3363
7609 7613 56891
7613 7614 32147
7611 7615 64522
7612 7616 81454
7616 7617 75634
7617 7618 49458
7618 7619 30619
7615 7620 12249
7620 7621 76300
7620 7622 52101
7620 7623 86825
7622 7624 53277
7621 7625 41995
7621 7626 63349
7625 7627 82924
7627 7628 47755
7624 7629 54
7626 7630 82416
7630 7631 63645
7631 7632 74085
7630 7633 58521
7631 7634 7744
7632 7635 85863
7631 7636 27332
7633 7637 78970
7637 7638 57488
7635 7639 63245
7639 7640 63323
7639 7641 79796
7640 7642 37397
7642 7643 39241
7642 7644 73615
7643 7645 51821
7644 7646 72726
7642 7647 9400
7643 7648 38886
7647 7649 40234
7647 7650 37647
7647 7651 66027
7650 7652 33804
7649 7653 25759
7653 7654 29966
7653 7655 40269
7652 7656 75899
7653 7657 88122
7655 7658 19906
7655 7659 11065
7657 7660 39295
7658 7661 57477
7660 7662 61919
7660 7663 44484
7663 7664 31691
7662 7665 52817
7664 7666 70101
7665 7667 46908
7663 7668 23347
7665 7669 46738
7666 7670 27699
7666 7671 42868
7667 7672 47087
7669 7673 18753
7672 7674 53907
7673 7675 8654
7673 7676 28321
7676 7677 34404
7676 7678 89281
7674 7679 17373
7676 7680 73964
7677 7681 25156
7681 7682 8349
7681 7683 52718
7680 7684 27554
7684 7685 78757
7684 7686 3047
7685 7687 18487
7684 7688 45175
7685 7689 72445
7687 7690 75955
7690 7691 84753
7687 7692 57538
7688 7693 52838
7689 7694 15600
7690 7695 40000
7694 7696 71332
7692 7697 52908
7696 7698 15906
7698 7699 82557
7699 7700 29589
7700 7701 71368
7698 7702 8484
7698 7703 27973
7700 7704 40125
7703 7705 22485
7705 7706 83502
7703 7707 56050
7703 7708 9181
7704 7709 13575
7709 7710 71791
7709 7711 29108
7711 7712 20047
7708 7713 83700
7713 7714 41966
7710 7715 46236
7711 7716 80647
7716 7717 10007
7713 7718 49933
7715 7719 31079
7715 7720 58575
7720 7721 52881
7717 7722 13650
7720 7723 76096
7719 7724 64331
7720 7725 53921
7722 7726 5508
7723 7727 17211
7724 7728 74075
7727 7729 76333
7727 7730 48947
7730 7731 24075
7730 7732 84404
7729 7733 17091
7730 7734 50863
7731 7735 31407
7731 7736 51735
7736 7737 38331
7735 7738 83862
7738 7739 52897
7739 7740 45022
7738 7741 15363
7738 7742 73324
7742 7743 33090
7741 7744 69343
7740 7745 51511
7744 7746 74271
7742 7747 22881
7746 7748 6257
7745 7749 44653
7747 7750 68156
7748 7751 10598
7751 7752 22356
7749 7753 25000
7750 7754 71355
7754 7755 6225
7751 7756 81718
7753 7757 31788
7754 7758 86079
7758 7759 80767
7756 7760 35432
7760 7761 33397
7759 7762 34388
7760 7763 37665
7761 7764 55336
7764 7765 68379
7762 7766 71038
7766 7767 63416
7764 7768 9607
7768 7769 76005
7766 7770 53233
7766 7771 84721
7770 7772 69362
7772 7773 31322
7769 7774 23809
7774 7775 13815
7775 7776 1402
7773 7777 61630
7776 7778 19796
7778 7779 62349
7775 7780 74110
7779 7781 25760
7781 7782 36663
7778 7783 39902
7779 7784 63600
7783 7785 87874
7784 7786 79164
7784 7787 31232
7786 7788 25038
7787 7789 26547
7788 7790 15202
7790 7791 30045
7791 7792 25873
7791 7793 80718
7789 7794 52863
7791 7795 71727
7791 7796 85517
7796 7797 74103
7793 7798 21598
7796 7799 36996
7797 7800 77266
7798 7801 59332
7798 7802 69676
7800 7803 85396
7803 7804 65773
7800 7805 9876
7804 7806 42333
7803 7807 21579
7803 7808 9964
7808 7809 51050
7807 7810 59408
7810 7811 83446
7810 7812 58041
7809 7813 35810
7812 7814 59770
7810 7815 8440
7814 7816 68871
7816 7817 64104
7815 7818 55630
7816 7819 69800
7815 7820 25097
7818 7821 55949
7821 7822 50570
7819 7823 77775
7821 7824 39675
7823 7825 62252
7823 7826 64312
7825 7827 39019
7824 7828 51506
7826 7829 45856
7829 7830 78282
7830 7831 3532
7830 7832 33280
7831 7833 60721
7829 7834 56865
7830 7835 57069
7834 7836 52645
7835 7837 75713
7835 7838 1479
7836 7839 67217
7837 7840 55929
7838 7841 18921
7838 7842 74397
7840 7843 72913
7843 7844 31663
7843 7845 16694
7841 7846 22501
7844 7847 429
7846 7848 47060
7847 7849 5584
7847 7850 10784
7849 7851 88706
7850 7852 63832
7851 7853 27363
7851 7854 33806
7854 7855 48521
7852 7856 31308
7854 7857 47394
7855 7858 44508
7854 7859 64743
7855 7860 1661
7859 7861 8938
7860 7862 57021
7860 7863 75155
7863 7864 70021
7862 7865 62618
7865 7866 56207
7866 7867 74357
7866 7868 61284
7868 7869 64996
7868 7870 82879
7869 7871 89030
7868 7872 49514
7869 7873 5780
7869 7874 71478
7874 7875 70541
7872 7876 8779
7874 7877 75032
7874 7878 84290
7878 7879 24147
7875 7880 30441
7879 7881 9430
7881 7882 61020
7879 7883 55168
7879 7884 72917
7880 7885 75988
7885 7886 6971
7884 7887 70510
7883 7888 52870
7886 7889 21425
7886 7890 31437
7886 7891 51845
7889 7892 30913
7890 7893 72624
7891 7894 3001
7890 7895 76678
7892 7896 56607
7893 7897 24320
7893 7898 13627
7895 7899 29212
7899 7900 77048
7900 7901 55815
7901 7902 70488
7902 7903 67881
7902 7904 4608
7901 7905 27885
7902 7906 75222
7903 7907 57680
7906 7908 2075
7906 7909 1077
7905 7910 3489
7909 7911 1439
7907 7912 55725
7911 7913 13970
7910 7914 19450
7914 7915 81386
7915 7916 69753
7916 7917 4536
7916 7918 74071
7917 7919 31174
7918 7920 89928
7919 7921 37742
7918 7922 26556
7921 7923 71559
7921 7924 37390
7920 7925 85302
7922 7926 56410
7922 7927 75206
7927 7928 75959
7927 7929 37704
7927 7930 16447
7930 7931 83813
7927 7932 65769
7930 7933 42772
7929 7934 70514
7932 7935 12968
7932 7936 62474
7933 7937 52844
7935 7938 10307
7935 7939 20796
7938 7940 1364
7937 7941 75852
7937 7942 38596
7941 7943 87237
7939 7944 37087
7944 7945 79669
7941 7946 61136
7943 7947 26199
7944 7948 78926
7948 7949 1571
7949 7950 49658
7948 7951 48746
7949 7952 60958
7948 7953 50423
7952 7954 40573
7953 7955 75255
7955 7956 19933
7953 7957 30340
7955 7958 5887
7955 7959 30430
7959 7960 25355
7959 7961 66263
7958 7962 2408
7962 7963 53466
7961 7964 34483
7963 7965 48106
7964 7966 27442
7965 7967 5780
7964 7968 55085
7964 7969 53352
7969 7970 79749
7968 7971 342
7969 7972 37018
7970 7973 17784
7972 7974 22741
7974 7975 71972
7974 7976 1466
7975 7977 72139
7973 7978 52479
7978 7979 78369
7977 7980 20055
7978 7981 6225
7979 7982 36283
7981 7983 9007
7982 7984 14631
7980 7985 74698
7983 7986 9965
7983 7987 65802
7987 7988 79310
7986 7989 47210
7988 7990 22599
7987 7991 10483
7988 7992 47779
7991 7993 58643
7992 7994 1210
7992 7995 48581
7991 7996 43351
7994 7997 36775
7997 7998 44324
7996 7999 42735
7999 8000 9155
7996 8001 31216
7998 8002 60859
8002 8003 9410
7999 8004 67641
8001 8005 75836
8001 8006 51431
8006 8007 31726
8005 8008 61271
8008 8009 15691
8007 8010 47152
8009 8011 28809
8007 8012 8252
8012 8013 53411
8009 8014 51413
8010 8015 80965
8015 8016 55589
8013 8017 286
8015 8018 84258
8017 8019 57390
8016 8020 14813
8020 8021 46288
8017 8022 65691
8019 8023 56680
8021 8024 23024
8022 8025 48748
8021 8026 65058
8023 8027 89003
8024 8028 18174
8024 8029 4632
8026 8030 39765
8026 8031 48543
8027 8032 39481
8028 8033 4514
8033 8034 66059
8030 8035 43985
8035 8036 44624
8033 8037 11620
8035 8038 44646
8037 8039 63511
8037 8040 50355
8037 8041 67166
8037 8042 5233
8041 8043 2997
8042 8044 37792
8044 8045 38875
8044 8046 55459
8045 8047 20548
8046 8048 43544
8048 8049 53800
8047 8050 59281
8048 8051 17143
8047 8052 18551
8050 8053 61879
8052 8054 29050
8050 8055 77901
8051 8056 6768
8054 8057 8998
8055 8058 25463
8054 8059 250
8055 8060 63045
8056 8061 67673
8060 8062 43844
8062 8063 39615
8060 8064 27777
8062 8065 82152
8064 8066 33160
8066 8067 16328
8066 8068 72500
8064 8069 25483
8066 8070 24696
8069 8071 85826
8068 8072 38348
8070 8073 84431
8069 8074 37857
8071 8075 29854
8073 8076 48459
8073 8077 68619
8074 8078 14533
8075 8079 82280
8076 8080 26090
8076 8081 9664
8081 8082 12096
8078 8083 9528
8080 8084 57201
8080 8085 24510
8084 8086 49576
8086 8087 70440
8085 8088 69012
8086 8089 29723
8087 8090 34404
8089 8091 34519
8091 8092 25897
8088 8093 48313
8093 8094 57029
8094 8095 24948
8094 8096 31501
8092 8097 16730
8093 8098 89110
8098 8099 61747
8097 8100 50765
8096 8101 27150
8100 8102 58190
8102 8103 57560
8103 8104 48063
8102 8105 35052
8104 8106 31215
8103 8107 41471
8103 8108 68935
8108 8109 48649
8106 8110 6307
8108 8111 40348
8108 8112 6921
8109 8113 17727
8109 8114 80638
8110 8115 6249
8113 8116 69048
8116 8117 23586
8116 8118 65891
8118 8119 23051
8117 8120 75703
8119 8121 39934
8121 8122 9134
8120 8123 55053
8122 8124 64925
8124 8125 10121
8125 8126 67025
8124 8127 10952
8124 8128 27387
8128 8129 79753
8127 8130 87809
8128 8131 4853
8131 8132 1320
8130 8133 42217
8133 8134 70706
8130 8135 7172
8135 8136 23925
8136 8137 16722
8133 8138 39412
8137 8139 2478
8138 8140 19934
8139 8141 88777
8139 8142 10530
8139 8143 5415
8142 8144 81699
8141 8145 12712
8143 8146 13847
8146 8147 55120
8146 8148 55839
8146 8149 72270
8148 8150 57561
8146 8151 65117
8151 8152 58786
8151 8153 16119
8149 8154 67904
8153 8155 22380
8154 8156 30408
8153 8157 23078
8155 8158 2296
8155 8159 17054
8155 8160 6678
8159 8161 87210
8157 8162 85383
8161 8163 48798
8163 8164 66144
8164 8165 37957
8163 8166 38157
8165 8167 30354
8165 8168 33593
8165 8169 20698
8167 8170 46747
8166 8171 19102
8170 8172 64496
8168 8173 67620
8172 8174 35008
8174 8175 74154
8175 8176 63365
8174 8177 43274
8176 8178 38530
8177 8179 65857
8177 8180 53595
8176 8181 33098
8179 8182 30593
8179 8183 1302
8179 8184 51238
8183 8185 7844
8182 8186 61258
8183 8187 57188
8185 8188 25794
8186 8189 79134
8187 8190 85102
8190 8191 28088
8187 8192 81787
8191 8193 24835
8193 8194 83975
8192 8195 79737
8195 8196 4449
8193 8197 17698
8195 8198 50895
8194 8199 17032
8198 8200 64097
8197 8201 8974
8197 8202 75975
8201 8203 14678
8203 8204 53940
8200 8205 51729
8201 8206 27163
8203 8207 21779
8205 8208 6661
8208 8209 52491
8205 8210 45442
8208 8211 10673
8208 8212 62411
8208 8213 4782
8212 8214 1739
8213 8215 8332
8214 8216 49328
8215 8217 69070
8217 8218 26635
8215 8219 2391
8217 8220 54373
8216 8221 83200
8218 8222 84809
8220 8223 51930
8222 8224 86789
8222 8225 49887
8225 8226 64525
8225 8227 12121
8223 8228 42469
8226 8229 49215
8225 8230 56708
8229 8231 86570
8231 8232 23101
8228 8233 77335
8230 8234 88905
8234 8235 86402
8231 8236 8877
8234 8237 38381
8234 8238 2071
8234 8239 61703
8237 8240 27512
8240 8241 64263
8237 8242 9263
8242 8243 70724
8242 8244 64404
8240 8245 37099
8244 8246 33609
8246 8247 58512
8247 8248 77834
8246 8249 53342
8245 8250 51230
8246 8251 69019
8248 8252 16170
8249 8253 38698
8251 8254 58572
8251 8255 50828
8252 8256 88721
8253 8257 78447
8254 8258 21451
8255 8259 41844
8255 8260 85330
8259 8261 56383
8261 8262 37996
8261 8263 9596
8259 8264 73545
8260 8265 3806
8261 8266 43270
8263 8267 69899
8267 8268 37655
8264 8269 27038
8268 8270 78390
8269 8271 70183
8271 8272 45220
8268 8273 28040
8271 8274 41972
8272 8275 16232
8274 8276 89755
8275 8277 17082
8276 8278 15042
8276 8279 28104
8279 8280 56825
8278 8281 21591
8279 8282 84900
8278 8283 37543
8283 8284 48845
8284 8285 49158
8282 8286 58320
8282 8287 78778
8285 8288 57701
8288 8289 30754
8288 8290 35925
8288 8291 15050
8290 8292 42820
8289 8293 62587
8292 8294 75597
8292 8295 59498
8292 8296 70027
8296 8297 16323
8295 8298 62350
8296 8299 43487
8298 8300 17139
8300 8301 81084
8298 8302 73763
8302 8303 63156
8299 8304 13374
8304 8305 25563
8303 8306 63997
8304 8307 84931
8305 8308 74086
8306 8309 83010
8307 8310 82649
8307 8311 48954
8310 8312 37577
8309 8313 47326
8312 8314 15239
8310 8315 81577
8315 8316 72733
8316 8317 47204
8313 8318 67195
8314 8319 16776
8316 8320 49008
8319 8321 15852
8317 8322 33848
8318 8323 54175
8322 8324 73989
8320 8325 28198
8323 8326 5684
8326 8327 27951
8326 8328 50792
8328 8329 56826
8329 8330 4078
8327 8331 84726
8331 8332 52180
8329 8333 42537
8329 8334 87524
8332 8335 38412
8334 8336 37136
8336 8337 19163
8334 8338 74864
8336 8339 37028
8339 8340 89450
8336 8341 71483
8339 8342 71201
8338 8343 70146
8342 8344 77939
8340 8345 26243
8344 8346 50893
8346 8347 78402
8346 8348 14981
8346 8349 56738
8347 8350 34423
8348 8351 88633
8351 8352 82085
8351 8353 58345
8351 8354 37531
8350 8355 68555
8351 8356 77433
8352 8357 61043
8353 8358 5039
8356 8359 9584
8358 8360 88441
8356 8361 27989
8361 8362 60954
8360 8363 1013
8362 8364 71772
8361 8365 54982
8361 8366 75847
8362 8367 84113
8367 8368 86885
8368 8369 51163
8365 8370 69418
8367 8371 63775
8370 8372 71473
8368 8373 24903
8370 8374 7040
8373 8375 54066
8373 8376 21966
8376 8377 45071
8374 8378 53691
8378 8379 2072
8375 8380 25623
8376 8381 70005
8378 8382 46086
8379 8383 57632
8381 8384 70469
8384 8385 66653
8383 8386 17255
8383 8387 20787
8383 8388 19232
8384 8389 20977
8387 8390 25921
8388 8391 40003
8387 8392 68354
8388 8393 29969
8393 8394 83845
8393 8395 34723
8393 8396 55010
8394 8397 22193
8393 8398 59763
8395 8399 84246
8395 8400 16761
8399 8401 87809
8397 8402 7265
8398 8403 10031
8403 8404 56301
8400 8405 3624
8403 8406 71860
8402 8407 45608
8405 8408 39398
8404 8409 55606
8408 8410 12604
8409 8411 31458
8407 8412 40929
8412 8413 44573
8410 8414 29823
8413 8415 68948
8413 8416 56640
8413 8417 86792
8414 8418 4681
8418 8419 15322
8416 8420 12121
8416 8421 46409
8421 8422 87923
8420 8423 45510
8419 8424 31312
8421 8425 33084
8421 8426 42618
8426 8427 30016
8426 8428 70843
8428 8429 23415
8425 8430 51151
8427 8431 56750
8429 8432 3651
8429 8433 12581
8429 8434 8639
8434 8435 21084
8435 8436 42870
8433 8437 19053
8437 8438 52780
8436 8439 47045
8438 8440 51978
8436 8441 56094
8439 8442 22869
8438 8443 78730
8443 8444 54166
8443 8445 20880
8445 8446 51001
8442 8447 71
8444 8448 51574
8444 8449 19055
8448 8450 29677
8448 8451 77754
8449 8452 12115
8451 8453 79624
8449 8454 71524
8454 8455 71295
8455 8456 48320
8455 8457 41842
8456 8458 77906
8455 8459 79661
8455 8460 60299
8460 8461 79834
8458 8462 55346
8462 8463 17052
8463 8464 49186
8460 8465 55393
8465 8466 12076
8466 8467 67608
8466 8468 80979
8464 8469 33737
8466 8470 8268
8468 8471 37556
8467 8472 12271
8470 8473 62875
8472 8474 11414
8473 8475 82179
8472 8476 73713
8475 8477 7590
8475 8478 54999
8475 8479 30639
8476 8480 28996
8476 8481 60460
8481 8482 42558
8478 8483 10947
8481 8484 77726
8481 8485 58465
8485 8486 9957
8483 8487 24474
8486 8488 3037
8485 8489 70863
8486 8490 50746
8488 8491 82294
8491 8492 89585
8490 8493 32083
8493 8494 42776
8490 8495 77468
8492 8496 878
8493 8497 58858
8496 8498 48743
8496 8499 75197
8499 8500 16009
8498 8501 81036
8498 8502 61894
8498 8503 40957
8501 8504 62324
8504 8505 56713
8504 8506 73490
8504 8507 24817
8504 8508 57489
8508 8509 71637
8506 8510 70292
8508 8511 83078
8509 8512 42748
8511 8513 38826
8512 8514 72786
8512 8515 57038
8515 8516 25696
8514 8517 40446
8515 8518 62247
8517 8519 23799
8516 8520 20778
8517 8521 1300
8518 8522 43330
8522 8523 26814
8521 8524 30894
8524 8525 39522
8524 8526 17558
8524 8527 55381
8523 8528 75916
8527 8529 56168
8527 8530 15082
8526 8531 74188
8529 8532 14736
8529 8533 75151
8531 8534 11076
8533 8535 12458
8534 8536 41089
8532 8537 59832
8536 8538 17473
8537 8539 27835
8538 8540 36662
8540 8541 30757
8541 8542 66184
8540 8543 65139
8542 8544 19016
8542 8545 53837
8544 8546 2846
8542 8547 30898
8544 8548 69331
8544 8549 36599
8547 8550 16143
8547 8551 58488
8551 8552 71775
8550 8553 55344
8551 8554 39848
8551 8555 88619
8554 8556 35785
8555 8557 778
8556 8558 1288
8556 8559 67361
8556 8560 66202
8557 8561 26010
8559 8562 67638
8562 8563 11830
8561 8564 3791
8563 8565 89681
8561 8566 47813
8565 8567 85069
8563 8568 83448
8568 8569 15687
8565 8570 24866
8567 8571 15946
8568 8572 64532
8568 8573 89682
8571 8574 86756
8573 8575 83182
8572 8576 11630
8576 8577 71727
8573 8578 3339
8578 8579 10588
8578 8580 61563
8580 8581 83536
8581 8582 19838
8580 8583 52194
8579 8584 38520
8582 8585 57152
8585 8586 40081
8583 8587 83300
8584 8588 89333
8588 8589 25634
8588 8590 1389
8590 8591 56545
8591 8592 77110
8590 8593 21973
8591 8594 38673
8590 8595 2038
8592 8596 72590
8594 8597 89629
8594 8598 32228
8594 8599 10925
8599 8600 48134
8599 8601 66648
8599 8602 63602
8599 8603 35566
8600 8604 82819
8604 8605 76019
8601 8606 38855
8605 8607 19409
8604 8608 19636
8604 8609 72438
8606 8610 53976
8608 8611 10985
8609 8612 58251
8610 8613 11587
8612 8614 36532
8614 8615 38906
8613 8616 14149
8614 8617 34965
8617 8618 56608
8615 8619 23539
8615 8620 71917
8617 8621 68606
8618 8622 11577
8620 8623 87718
8623 8624 30044
8620 8625 38554
8625 8626 86431
8622 8627 81100
8625 8628 66349
8625 8629 84366
8629 8630 65302
8629 8631 35069
8631 8632 10997
8631 8633 89207
8631 8634 31806
8630 8635 62453
8633 8636 42234
8633 8637 12733
8635 8638 11613
8634 8639 82257
8636 8640 34432
8638 8641 695
8638 8642 43813
8642 8643 37553
8642 8644 73259
8640 8645 48878
8643 8646 72958
8645 8647 51271
8643 8648 69717
8646 8649 73055
8647 8650 87869
8649 8651 4083
8649 8652 56134
8651 8653 75878
8653 8654 44713
8651 8655 87211
8654 8656 11948
8652 8657 46666
8657 8658 53308
8655 8659 20512
8655 8660 44962
8659 8661 88898
8657 8662 623
8662 8663 49519
8662 8664 12206
8662 8665 6872
8663 8666 4013
8666 8667 52799
8667 8668 62965
8664 8669 22562
8665 8670 18078
8666 8671 75899
8671 8672 81014
8672 8673 20282
8673 8674 73732
8674 8675 44521
8671 8676 15226
8675 8677 78084
8676 8678 11656
8675 8679 40325
8675 8680 61949
8678 8681 54877
8680 8682 58294
8678 8683 8094
8683 8684 8373
8681 8685 81435
8681 8686 35649
8684 8687 47147
8686 8688 78779
8687 8689 74027
8689 8690 27191
8690 8691 20585
8688 8692 23042
8689 8693 44384
8690 8694 38718
8693 8695 41742
8692 8696 59879
8694 8697 2937
8695 8698 22036
8695 8699 21183
8696 8700 17505
8699 8701 84597
8697 8702 22451
8700 8703 24810
8699 8704 85959
8704 8705 46886
8702 8706 89147
8706 8707 8040
8706 8708 30367
8706 8709 57202
8708 8710 42817
8709 8711 60639
8707 8712 76316
8708 8713 1665
8709 8714 17228
8714 8715 56194
8713 8716 31488
8713 8717 64092
8717 8718 21308
8717 8719 6954
8715 8720 8216
8719 8721 37822
8717 8722 30695
8721 8723 25314
8720 8724 82671
8722 8725 20612
8723 8726 62742
8724 8727 78852
8726 8728 8292
8725 8729 66568
8725 8730 11520
8726 8731 13791
8727 8732 30538
8731 8733 79467
8732 8734 29526
8731 8735 53102
8733 8736 53030
8732 8737 80760
8736 8738 50735
8737 8739 2009
8739 8740 68762
8737 8741 16083
8740 8742 60939
8741 8743 42761
8739 8744 53422
8740 8745 46182
8742 8746 17889
8742 8747 25465
8745 8748 65033
8748 8749 80940
8745 8750 79581
8750 8751 66627
8748 8752 48969
8750 8753 86762
8751 8754 16228
8754 8755 76781
8753 8756 64531
8755 8757 16909
8755 8758 74191
8758 8759 83995
8757 8760 60568
8758 8761 74640
8760 8762 17027
8762 8763 76416
8763 8764 12795
8761 8765 32639
8761 8766 35799
8764 8767 23752
8764 8768 62133
8768 8769 46260
8765 8770 71280
8769 8771 28580
8770 8772 24398
8768 8773 52565
8771 8774 62992
8772 8775 5407
8774 8776 8177
8773 8777 23817
8776 8778 84762
8775 8779 34666
8779 8780 76965
8780 8781 75950
8779 8782 2333
8779 8783 38958
8779 8784 5297
8781 8785 52696
8783 8786 5482
8783 8787 12138
8783 8788 45333
8785 8789 115
8787 8790 89983
8786 8791 30641
8787 8792 78840
8792 8793 86504
8793 8794 88860
8790 8795 38950
8791 8796 67525
8796 8797 70337
8795 8798 24532
8794 8799 53568
8799 8800 35131
8798 8801 86968
8799 8802 26846
8799 8803 75148
8799 8804 14453
8802 8805 48244
8804 8806 23799
8806 8807 12378
8806 8808 29891
8804 8809 72439
8808 8810 52403
8807 8811 36770
8808 8812 2295
8808 8813 88332
8812 8814 72833
8812 8815 57489
8815 8816 39831
8815 8817 65099
8817 8818 77854
8818 8819 37679
8818 8820 33420
8819 8821 87954
8819 8822 79800
8821 8823 76714
8819 8824 58045
8822 8825 634
8822 8826 89085
8826 8827 32860
8825 8828 18072
8825 8829 62129
8829 8830 83466
8826 8831 65938
8828 8832 48300
8830 8833 40067
8832 8834 86238
8830 8835 47022
8831 8836 30791
8833 8837 42496
8837 8838 85587
8835 8839 57564
8835 8840 44837
8839 8841 75195
8837 8842 24383
8841 8843 71454
8843 8844 14089
8842 8845 70229
8842 8846 22146
8844 8847 46598
8847 8848 36955
8845 8849 51532
8847 8850 1732
8846 8851 81043
8848 8852 43553
8851 8853 71031
8851 8854 45967
8851 8855 8823
8852 8856 17051
8854 8857 29639
8857 8858 47624
8854 8859 47366
8858 8860 47791
8860 8861 15495
8860 8862 41724
8858 8863 89490
8862 8864 20252
8862 8865 39106
8864 8866 19709
8864 8867 51201
8865 8868 6141
8868 8869 42758
8866 8870 82286
8870 8871 44807
8869 8872 12694
8870 8873 37983
8873 8874 19405
8870 8875 72614
8874 8876 73435
8875 8877 50756
8875 8878 81528
8875 8879 36432
8879 8880 65102
8876 8881 45513
8877 8882 37025
8882 8883 15551
8881 8884 20942
8881 8885 82240
8881 8886 65002
8885 8887 84442
8885 8888 16581
8886 8889 50807
8886 8890 22594
8886 8891 54927
8891 8892 16964
8892 8893 25773
8892 8894 28301
8893 8895 88168
8892 8896 42010
8893 8897 21111
8894 8898 63240
8898 8899 25280
8896 8900 25737
8896 8901 82843
8897 8902 38135
8898 8903 33514
8899 8904 31044
8903 8905 36865
8903 8906 24773
8906 8907 6584
8905 8908 22826
8907 8909 85211
8909 8910 28944
8910 8911 13741
8907 8912 63249
8909 8913 44304
8909 8914 12738
8910 8915 76461
8915 8916 37971
8914 8917 83157
8916 8918 58547
8917 8919 75989
8915 8920 36920
8916 8921 73910
8920 8922 59171
8919 8923 46520
8921 8924 20536
8920 8925 78175
8925 8926 4941
8923 8927 60478
8924 8928 65740
8925 8929 12376
8928 8930 11918
8928 8931 68400
8930 8932 30942
8931 8933 37497
8933 8934 30024
8933 8935 50098
8933 8936 74986
8936 8937 15231
8937 8938 58235
8934 8939 34455
8935 8940 82388
8939 8941 8654
8940 8942 83085
8940 8943 23777
8941 8944 27002
8943 8945 27244
8941 8946 9743
8943 8947 89966
8943 8948 78677
8947 8949 83805
8948 8950 55677
8946 8951 86267
8948 8952 13367
8948 8953 81655
8953 8954 19612
8950 8955 22614
8952 8956 7505
8954 8957 30828
8957 8958 56107
8955 8959 77689
8959 8960 53509
8958 8961 11574
8961 8962 45233
8961 8963 65317
8959 8964 36533
8960 8965 83686
8963 8966 38136
8963 8967 32361
8966 8968 34164
8964 8969 84425
8968 8970 84918
8968 8971 32842
8968 8972 57292
8971 8973 7365
8973 8974 47976
8974 8975 43254
8972 8976 43308
8974 8977 12315
8975 8978 78088
8975 8979 76502
8975 8980 85769
8979 8981 49068
8981 8982 18390
8978 8983 12332
8982 8984 37056
8980 8985 34502
8981 8986 8765
8982 8987 68578
8986 8988 38375
8986 8989 48400
8987 8990 89232
8990 8991 64494
8987 8992 47444
8992 8993 34183
8992 8994 78875
8994 8995 64605
8994 8996 54967
8992 8997 30391
8997 8998 38584
8997 8999 57024
8997 9000 10471
8996 9001 49460
8997 9002 85264
8998 9003 15033
9000 9004 47600
9003 9005 56165
9005 9006 55485
9003 9007 5236
9003 9008 61984
9006 9009 57436
9006 9010 20898
9010 9011 9375
9008 9012 62974
9009 9013 59315
9011 9014 48959
9011 9015 36575
9015 9016 68935
9014 9017 7460
9013 9018 32381
9016 9019 23813
9018 9020 23483
9019 9021 43782
9017 9022 18222
9019 9023 7240
9019 9024 58567
9023 9025 19388
9025 9026 12295
9025 9027 84269
9024 9028 64741
9027 9029 32591
9027 9030 70016
9030 9031 56321
9029 9032 77990
9032 9033 83676
9029 9034 20341
9030 9035 51975
9031 9036 74620
9036 9037 41300
9033 9038 10141
9036 9039 70762
9035 9040 57505
9036 9041 48531
9041 9042 79482
9039 9043 30438
9041 9044 49809
9042 9045 50570
9042 9046 67312
9046 9047 41123
9044 9048 61085
9044 9049 18163
9046 9050 41477
9046 9051 84397
9050 9052 65005
9052 9053 80234
9052 9054 56345
9052 9055 34208
9052 9056 713
9054 9057 32636
9056 9058 44910
9055 9059 24386
9058 9060 27584
9059 9061 59666
9059 9062 84556
9059 9063 86049
9063 9064 35081
9062 9065 44809
9063 9066 45172
9064 9067 47990
9063 9068 75913
9067 9069 57992
9068 9070 20183
9068 9071 19979
9069 9072 20851
9069 9073 45112
9071 9074 78628
9074 9075 16084
9072 9076 653
9072 9077 49423
9077 9078 7888
9077 9079 83738
9076 9080 84531
9077 9081 71432
9077 9082 37018
9080 9083 88589
9079 9084 65901
9082 9085 29793
9085 9086 74657
9084 9087 82945
9086 9088 28422
9085 9089 44346
9087 9090 42652
9088 9091 36499
9091 9092 2470
9090 9093 64279
9092 9094 72419
9093 9095 47757
9095 9096 42432
9096 9097 85644
9093 9098 52656
9094 9099 16635
9095 9100 482
9098 9101 89416
9101 9102 39417
9098 9103 26307
9101 9104 8795
9100 9105 26213
9104 9106 78414
9105 9107 18701
9103 9108 39806
9108 9109 56760
9109 9110 16692
9108 9111 81844
9108 9112 88907
9111 9113 46936
9112 9114 18209
9112 9115 19197
9114 9116 42121
9116 9117 47804
9116 9118 77504
9117 9119 11345
9115 9120 71545
9120 9121 36557
9121 9122 1367
9122 9123 78652
9119 9124 89874
9120 9125 28053
9124 9126 55072
9125 9127 31824
9125 9128 13258
9128 9129 66930
9128 9130 2548
9127 9131 24571
9130 9132 76012
9129 9133 10809
9129 9134 52533
9131 9135 68900
9134 9136 3989
9135 9137 17936
9135 9138 6052
9136 9139 31615
9139 9140 12517
9137 9141 63862
9138 9142 22626
9139 9143 21418
9139 9144 80898
9142 9145 25425
9143 9146 89086
9146 9147 24653
9143 9148 54702
9148 9149 40099
9149 9150 2671
9146 9151 11236
9147 9152 15874
9148 9153 4188
9152 9154 15215
9154 9155 1380
9153 9156 69540
9155 9157 1154
9157 9158 41124
9158 9159 64912
9158 9160 41842
9159 9161 14973
9157 9162 19675
9161 9163 74091
9159 9164 46013
9161 9165 39638
9163 9166 32699
9165 9167 57577
9163 9168 77911
9167 9169 913
9167 9170 45166
9169 9171 66692
9170 9172 51146
9170 9173 11397
9172 9174 6679
9174 9175 48399
9175 9176 64872
9172 9177 33944
9177 9178 30183
9177 9179 79906
9177 9180 10119
9178 9181 19705
9179 9182 79777
9180 9183 61370
9183 9184 73758
9181 9185 49625
9184 9186 82783
9182 9187 23416
9184 9188 48203
9184 9189 16067
9185 9190 46161
9186 9191 16515
9189 9192 52079
9192 9193 78349
9190 9194 28627
9190 9195 19457
9195 9196 52503
9195 9197 55224
9197 9198 72991
9197 9199 1312
9198 9200 78906
9198 9201 50652
9198 9202 4255
9198 9203 86023
9201 9204 70422
9203 9205 31394
9202 9206 63349
9206 9207 78648
9206 9208 35013
9204 9209 76472
9209 9210 49350
9206 9211 82934
9210 9212 2868
9210 9213 12583
9211 9214 80146
9214 9215 27980
9215 9216 66668
9216 9217 7606
9215 9218 73427
9215 9219 25111
9216 9220 62783
9217 9221 88389
9221 9222 19737
9220 9223 11452
9219 9224 4101
9223 9225 71446
9221 9226 59131
9224 9227 27656
9226 9228 74446
9225 9229 41090
9226 9230 32205
9228 9231 71525
9230 9232 14723
9229 9233 76955
9233 9234 12243
9233 9235 45655
9235 9236 57138
9234 9237 74663
9237 9238 66407
9238 9239 78509
9236 9240 32460
9240 9241 11205
9237 9242 88413
9241 9243 56140
9239 9244 50490
9242 9245 50136
9244 9246 36052
9245 9247 66042
9243 9248 18231
9245 9249 78369
9247 9250 17064
9247 9251 48329
9247 9252 78130
9250 9253 79527
9250 9254 6331
9250 9255 79814
9255 9256 49063
9253 9257 53836
9257 9258 7459
9255 9259 55054
9255 9260 58413
9257 9261 46807
9259 9262 19712
9258 9263 89209
9260 9264 40274
9264 9265 85509
9264 9266 59224
9266 9267 50896
9266 9268 77488
9268 9269 23613
9268 9270 55180
9268 9271 20588
9268 9272 14097
9270 9273 7158
9273 9274 78680
9272 9275 7559
9271 9276 68215
9276 9277 6819
9274 9278 55566
9278 9279 20024
9275 9280 63724
9277 9281 46807
9278 9282 16236
9282 9283 89261
9279 9284 1421
9283 9285 85378
9283 9286 10040
9286 9287 21388
9283 9288 35525
9286 9289 52146
9289 9290 65539
9287 9291 38706
9287 9292 69010
9289 9293 52499
9289 9294 10556
9291 9295 87113
9292 9296 87241
9293 9297 68082
9294 9298 16503
9295 9299 37199
9296 9300 23836
9299 9301 83189
9297 9302 13415
9301 9303 55819
9303 9304 84570
9301 9305 21711
9303 9306 18871
9306 9307 78885
9306 9308 76809
9307 9309 62500
9306 9310 39241
9307 9311 29726
9308 9312 60292
9311 9313 81651
9311 9314 30061
9312 9315 8936
9311 9316 83849
9314 9317 81910
9316 9318 59719
9318 9319 31235
9317 9320 55092
9320 9321 72833
9318 9322 14105
9320 9323 47417
9322 9324 72629
9323 9325 69393
9321 9326 17101
9322 9327 38873
9323 9328 19196
9327 9329 46634
9327 9330 76340
9329 9331 81887
9328 9332 44905
9332 9333 16302
9329 9334 58569
9331 9335 36039
9333 9336 78408
9333 9337 58599
9334 9338 74378
9335 9339 51110
9337 9340 43210
9340 9341 27612
9337 9342 82553
9339 9343 5703
9339 9344 87035
9344 9345 77366
9343 9346 4599
9343 9347 19787
9344 9348 65572
9348 9349 45209
9345 9350 13408
9349 9351 41101
9347 9352 47493
9351 9353 76278
9352 9354 60108
9354 9355 55030
9354 9356 5967
9352 9357 59143
9353 9358 19140
9356 9359 5474
9356 9360 69322
9359 9361 58719
9357 9362 38526
9362 9363 39768
9360 9364 4272
9364 9365 49364
9362 9366 17329
9363 9367 8771
9363 9368 47575
9368 9369 60134
9367 9370 49344
9366 9371 791
9369 9372 53790
9369 9373 18628
9372 9374 71895
9372 9375 17237
9374 9376 76957
9373 9377 35215
9373 9378 28389
9374 9379 40473
9379 9380 5217
9380 9381 51710
9381 9382 39378
9378 9383 4450
9383 9384 11535
9380 9385 39187
9381 9386 64867
9386 9387 69076
9384 9388 63144
9384 9389 70832
9389 9390 41706
9386 9391 9111
9387 9392 29025
9389 9393 8751
9390 9394 24641
9390 9395 857
9392 9396 8922
9394 9397 69915
9396 9398 70839
9397 9399 8097
9396 9400 65697
9398 9401 81460
9398 9402 35912
9398 9403 33651
9403 9404 32273
9402 9405 79693
9404 9406 66014
9403 9407 73947
9405 9408 49646
9408 9409 5051
9407 9410 78990
9406 9411 26087
9410 9412 23852
9410 9413 25139
9410 9414 82813
9411 9415 88670
9412 9416 86876
9412 9417 85986
9413 9418 88511
9414 9419 50982
9419 9420 27635
9418 9421 24492
9417 9422 37214
9418 9423 86646
9421 9424 69503
9424 9425 80479
9423 9426 26299
9426 9427 37830
9424 9428 20364
9426 9429 80138
9427 9430 16719
9427 9431 15399
9427 9432 67617
9429 9433 52334
9432 9434 34856
9432 9435 41869
9431 9436 62563
9436 9437 8251
9434 9438 71725
9438 9439 82709
9439 9440 77451
9436 9441 79549
9437 9442 78128
9441 9443 42822
9439 9444 41901
9442 9445 35033
9441 9446 46007
9445 9447 1884
9443 9448 71723
9446 9449 67375
9449 9450 83001
9446 9451 78233
9448 9452 28897
9452 9453 66836
9449 9454 24810
9453 9455 42974
9454 9456 2826
9454 9457 85664
9456 9458 74582
9456 9459 24612
9457 9460 52278
9458 9461 14939
9460 9462 78720
9462 9463 12434
9460 9464 43310
9462 9465 24906
9465 9466 21604
9465 9467 35505
9465 9468 25473
9465 9469 8282
9465 9470 28447
9470 9471 35520
9470 9472 35533
9470 9473 28485
9469 9474 49161
9470 9475 43616
9475 9476 84159
9472 9477 23451
9474 9478 82488
9476 9479 18792
9476 9480 34344
9479 9481 13927
9481 9482 3134
9479 9483 59668
9480 9484 25221
9482 9485 15937
9484 9486 67474
9484 9487 42564
9483 9488 66915
9486 9489 68347
9485 9490 66932
9490 9491 13315
9490 9492 2767
9492 9493 48838
9491 9494 79199
9494 9495 42977
9494 9496 58270
9492 9497 72872
9494 9498 65472
9498 9499 62821
9496 9500 9364
9500 9501 13609
9497 9502 51483
9499 9503 941
9500 9504 24018
9500 9505 63679
9502 9506 48190
9503 9507 8507
9503 9508 62638
9506 9509 85605
9507 9510 68045
9508 9511 3297
9507 9512 31064
9508 9513 1214
9513 9514 7669
9511 9515 86337
9512 9516 46785
9512 9517 88202
9514 9518 85004
9517 9519 35194
9515 9520 30584
9516 9521 75620
9521 9522 11857
9519 9523 59645
9521 9524 55029
9523 9525 52029
9525 9526 2725
9525 9527 53224
9524 9528 77837
9525 9529 13592
9529 9530 38852
9527 9531 64774
9529 9532 7197
9529 9533 1075
9531 9534 73860
9533 9535 72045
9535 9536 55629
9534 9537 29094
9534 9538 46052
9535 9539 7123
9537 9540 10361
9539 9541 12152
9537 9542 3534
9539 9543 33651
9540 9544 67501
9544 9545 14674
9542 9546 15896
9542 9547 23364
9543 9548 52149
9545 9549 28216
9547 9550 20884
9549 9551 84534
9550 9552 47637
9552 9553 42417
9550 9554 69057
9550 9555 7056
9553 9556 32359
9556 9557 17254
9553 9558 61741
9556 9559 69796
9555 9560 50890
9558 9561 3359
9561 9562 31706
9560 9563 74312
9560 9564 45957
9562 9565 62879
9563 9566 72153
9566 9567 40922
9565 9568 48125
9568 9569 81882
9567 9570 63121
9570 9571 72219
9571 9572 30034
9569 9573 51061
9569 9574 75616
9573 9575 47640
9575 9576 1703
9572 9577 66662
9575 9578 32302
9577 9579 41639
9579 9580 69207
9578 9581 88425
9579 9582 12770
9578 9583 47707
9580 9584 20723
9584 9585 52822
9583 9586 86111
9585 9587 68037
9585 9588 80236
9584 9589 44004
9586 9590 68757
9587 9591 48613
9588 9592 75436
9592 9593 54501
9591 9594 70825
9592 9595 36490
9592 9596 67718
9593 9597 25284
9597 9598 14565
9598 9599 62939
9596 9600 71923
9598 9601 84858
9601 9602 9420
9599 9603 15444
9599 9604 16649
9601 9605 25738
9603 9606 13822
9602 9607 33144
9604 9608 16157
9605 9609 20394
9607 9610 28555
9608 9611 33338
9610 9612 37821
9612 9613 17832
9610 9614 79714
9611 9615 51240
9614 9616 82590
9613 9617 57120
9613 9618 31923
9614 9619 18184
9615 9620 89763
9618 9621 32382
9618 9622 82712
9622 9623 27641
9623 9624 55347
9620 9625 18363
9623 9626 28253
9625 9627 47400
9624 9628 54374
9628 9629 33586
9626 9630 20669
9630 9631 16037
9630 9632 7165
9629 9633 82174
9630 9634 33816
9630 9635 3901
9631 9636 11615
9632 9637 18578
9636 9638 74800
9636 9639 24
9636 9640 82873
9640 9641 60808
9641 9642 51916
9640 9643 11264
9639 9644 81456
9642 9645 78376
9645 9646 25515
9644 9647 64454
9646 9648 58320
9646 9649 16445
9648 9650 8642
9649 9651 85380
9648 9652 61261
9649 9653 50675
9653 9654 38977
9652 9655 75620
9651 9656 62856
9655 9657 39985
9654 9658 89070
9655 9659 14876
9656 9660 28654
9658 9661 55631
9660 9662 14965
9660 9663 32586
9661 9664 49662
9662 9665 56147
9663 9666 81895
9664 9667 77344
9663 9668 11136
9664 9669 77374
9666 9670 76422
9669 9671 33758
9671 9672 31356
9669 9673 58874
9670 9674 80740
9672 9675 41362
9674 9676 2016
9674 9677 54348
9675 9678 74490
9677 9679 37639
9678 9680 86583
9677 9681 81137
9678 9682 86166
9679 9683 10772
9681 9684 33640
9682 9685 51666
9682 9686 74338
9686 9687 49552
9684 9688 51102
9688 9689 46425
9689 9690 46934
9690 9691 23479
9688 9692 50703
9690 9693 14114
9691 9694 10254
9690 9695 14337
9695 9696 68494
9696 9697 31070
9694 9698 41667
9694 9699 12986
9697 9700 86891
9697 9701 9573
9700 9702 72873
9698 9703 39595
9699 9704 79467
9700 9705 31117
9702 9706 52465
9703 9707 78819
9704 9708 84949
9704 9709 65085
9709 9710 87633
9709 9711 88664
9711 9712 77929
9709 9713 34479
9711 9714 75661
9713 9715 50990
9711 9716 62320
9715 9717 11164
9717 9718 35791
9714 9719 42086
9715 9720 5593
9718 9721 58431
9721 9722 35357
9719 9723 32147
9723 9724 9865
9723 9725 43461
9723 9726 24158
9724 9727 54378
9724 9728 5258
9725 9729 32195
9728 9730 27257
9726 9731 21362
9729 9732 85067
9731 9733 74483
9730 9734 30295
9731 9735 6305
9731 9736 11535
9734 9737 38085
9736 9738 26083
9736 9739 14519
9737 9740 18910
9736 9741 64463
9737 9742 18702
9742 9743 4712
9739 9744 78356
9741 9745 86451
9741 9746 11615
9745 9747 47111
9747 9748 27065
9744 9749 31250
9747 9750 19642
9746 9751 80859
9750 9752 62037
9750 9753 73681
9750 9754 46435
9750 9755 71929
9753 9756 75209
9753 9757 84460
9756 9758 25598
9756 9759 50674
9757 9760 39230
9758 9761 62587
9760 9762 60763
9759 9763 47901
9760 9764 84223
9763 9765 58713
9763 9766 32245
9766 9767 86305
9765 9768 72146
9764 9769 86282
9769 9770 2478
9769 9771 52087
9769 9772 25367
9771 9773 60483
9770 9774 5749
9773 9775 21348
9775 9776 83349
9776 9777 8592
9773 9778 11253
9775 9779 50834
9779 9780 20573
9779 9781 83095
9780 9782 3687
9779 9783 81131
9779 9784 67913
9783 9785 165
9783 9786 81112
9783 9787 24902
9786 9788 10805
9787 9789 88980
9786 9790 46283
9788 9791 58111
9790 9792 64745
9792 9793 57442
9792 9794 42914
9792 9795 69353
9792 9796 88807
9792 9797 13473
9794 9798 42925
9795 9799 85875
9797 9800 62516
9800 9801 65979
9797 9802 77684
9800 9803 65712
9799 9804 39925
9801 9805 23562
9804 9806 4557
9804 9807 31643
9803 9808 59598
9806 9809 16193
9807 9810 44202
9808 9811 26128
9811 9812 87085
9812 9813 30850
9811 9814 43506
9811 9815 1717
9814 9816 77076
9816 9817 30497
9815 9818 73685
9816 9819 26987
9815 9820 9417
9819 9821 66188
9819 9822 72495
9818 9823 45310
9823 9824 21256
9824 9825 76022
9824 9826 40945
9824 9827 28645
9825 9828 42804
9826 9829 58952
9825 9830 54978
9827 9831 38812
9828 9832 46512
9832 9833 21455
9830 9834 25381
9834 9835 81341
9835 9836 27480
9835 9837 20719
9833 9838 35953
9838 9839 32553
9837 9840 89603
9837 9841 79183
9839 9842 40777
9839 9843 46060
9842 9844 63014
9842 9845 57775
9842 9846 24151
9846 9847 56061
9844 9848 80627
9846 9849 53169
9845 9850 33481
9848 9851 23840
9850 9852 53629
9851 9853 8257
9849 9854 73306
9854 9855 9191
9852 9856 67534
9854 9857 31664
9855 9858 65177
9857 9859 43164
9858 9860 71462
9859 9861 21036
9858 9862 56062
9861 9863 31130
9862 9864 34440
9861 9865 33181
9863 9866 32031
9862 9867 22636
9863 9868 2148
9864 9869 69208
9865 9870 36260
9870 9871 49204
9871 9872 4553
9868 9873 77314
9872 9874 8194
9874 9875 14482
9873 9876 35963
9873 9877 76591
9875 9878 8122
9877 9879 57610
9875 9880 76389
9880 9881 59523
9880 9882 62828
9879 9883 65972
9883 9884 50877
9880 9885 45933
9881 9886 19693
9886 9887 16435
9883 9888 35397
9885 9889 1577
9889 9890 35612
9888 9891 52246
9891 9892 30061
9890 9893 48915
9891 9894 12489
9891 9895 8222
9893 9896 73811
9892 9897 20018
9896 9898 58274
9897 9899 55619
9899 9900 40710
9897 9901 42805
9900 9902 89757
9900 9903 19733
9902 9904 80668
9902 9905 50545
9901 9906 74720
9906 9907 56544
9907 9908 49629
9904 9909 49893
9905 9910 56138
9910 9911 43123
9911 9912 39484
9912 9913 18074
9910 9914 13998
9913 9915 48400
9915 9916 24495
9913 9917 79616
9917 9918 752
9918 9919 64310
9919 9920 58187
9919 9921 60830
9917 9922 35424
9921 9923 83282
9919 9924 8883
9922 9925 84908
9923 9926 48791
9922 9927 12573
9926 9928 16812
9928 9929 75856
9927 9930 83351
9929 9931 25155
9927 9932 15256
9929 9933 54752
9929 9934 419
9930 9935 67037
9933 9936 76320
9935 9937 33554
9936 9938 85670
9935 9939 27390
9935 9940 85793
9940 9941 50766
9941 9942 1107
9941 9943 45190
9941 9944 13975
9941 9945 86847
9945 9946 25966
9946 9947 33389
9944 9948 76537
9946 9949 73025
9945 9950 72019
9948 9951 10524
9951 9952 39593
9950 9953 38547
9952 9954 45036
9952 9955 89149
9953 9956 53301
9954 9957 38988
9953 9958 9333
9955 9959 64053
9955 9960 81592
9957 9961 13847
9960 9962 20090
9960 9963 59261
9962 9964 44525
9963 9965 44065
9961 9966 4223
9964 9967 45228
9966 9968 83440
9964 9969 5181
9969 9970 81021
9968 9971 77633
9968 9972 63062
9971 9973 39376
9971 9974 62788
9974 9975 56022
9971 9976 9205
9975 9977 37396
9976 9978 45643
9976 9979 64738
9976 9980 77885
9978 9981 43708
9979 9982 974
9979 9983 51349
9982 9984 82997
9980 9985 15522
9984 9986 17213
9984 9987 32299
9986 9988 71517
9985 9989 54304
9986 9990 78525
9987 9991 62674
9989 9992 40406
9992 9993 34026
9990 9994 49416
9992 9995 27774
9991 9996 81097
9996 9997 59569
9994 9998 7309
9995 9999 22533
9998 10000 5272
9313 7148 17016 4007
9355 5466 3981 16106
9268 2198 12689 17872
3294 8811 45077 18856
2621 901 66005 12682
7081 7804 72231 15279
9144 8596 94474 9474
6021 4609 45781 11342
9377 7946 66034 5430
2441 4030 22125 11560
6917 989 83466 2705
5650 9872 95808 8309
3755 1544 65484 14861
9630 3287 63627 3872
9347 5443 33126 7044
7522 8734 87842 16344
7676 7055 85096 7986
8519 2065 39641 1988
5423 1714 13380 6834
8321 1551 78276 2894
727 5229 31062 5603
5250 8043 39648 2441
5199 7119 1625 2706
7156 5902 14318 14804
1508 9903 7987 7566
6083 4717 15856 10430
8416 7289 50821 14929
1017 8779 85587 10509
1418 8020 57098 12670
4333 211 35287 12364
1626 2233 61266 13232
8362 4035 48070 365
6109 4759 53747 4821
4706 6554 66754 18989
7277 7211 73228 18889
7858 1729 38147 8699
1881 6579 25402 6903
6267 6302 30437 3499
6477 8927 33627 8722
5306 1029 90939 18984
5894 3543 93752 3742
1755 8202 15388 19928
7100 1118 1293 16095
9814 7983 3899 460
1532 6443 26082 6410
2971 8900 72305 8400
4063 9441 7723 13847
3351 9900 72154 9536
8074 802 80444 17822
7902 7396 49793 6807
3839 394 23283 10708
6590 5282 68062 13829
5555 4843 55978 15521
2992 7389 13771 18979
7691 8674 57211 9152
5552 2564 5605 16894
5323 701 58237 10554
9090 2442 50133 18848
4711 3167 10133 13167
5627 3976 3638 17555
9643 3437 98239 8588
636 3481 70476 5259
8692 4491 35813 9028
7290 8037 27139 15712
7754 5519 89159 18990
2266 2177 49215 9514
3349 1685 93677 12391
5022 6446 80312 10999
4855 1855 50487 19164
8950 9028 40603 16263
9492 4920 27337 19966
8385 8642 50588 6715
9194 5285 99716 8523
7517 6211 65170 4596
1936 4831 31387 15805
9348 7723 38044 11124
8675 1963 26205 15635
4605 4302 54601 18911
8792 7759 76451 16897
5529 1195 75011 4775
7939 6842 24948 5721
6672 2555 65807 19933
4956 1407 76338 18781
969 4046 94148 7962
1494 4856 17227 14258
8870 8806 34281 9641
257 5115 43398 11325
2423 7620 45686 13542
8505 5479 30002 11516
1476 8240 58054 18637
498 5571 50812 5307
504 5881 70468 16087
5164 7080 51037 12475
4069 2278 74351 16261
2317 1469 71160 17100
8891 9125 36421 94
3953 7988 20950 2599
5070 1904 37241 384
2859 4861 96976 6346
6515 2395 28207 6954
59 5087 70422 854
4161 9256 12454 13393
6926 8846 50398 9580
3754 5628 94944 15184
2464 1392 38862 3533
9656 4174 26122 4066
3203 5118 66859 6129
2086 11 95822 12715
8440 2748 22208 9349
2709 3736 44740 2636
7864 4175 98122 2507
3575 6274 10119 18194
9576 3868 60482 8686
6397 4400 21889 19318
9445 2637 17005 15189
736 7683 61243 17139
4807 6465 48831 19946
8711 5558 33511 18070
8500 8611 52111 5012
3038 6994 50510 198
5022 3594 34942 6974
3752 7722 5739 288
960 6535 448 1084
5798 3895 69403 17064
5263 6004 29043 16131
5302 612 48214 11558
8612 4118 5911 5470
5011 1302 8876 17712
5062 8874 11836 12235
4198 5839 82017 15293
3648 7770 48804 13082
2435 8551 475 5330
1607 9808 60293 5274
691 5572 18235 3811
2016 993 68933 12425
2839 1928 46464 4397
2884 5804 86002 982
5486 5825 64334 16817
8826 3789 75398 2009
2107 8151 49181 179
3734 4502 67005 14015
2046 5132 52273 4964
5534 8867 78843 3512
3871 691 48910 7781
9840 7607 73089 18103
6974 4360 37875 3621
8711 1098 86853 17097
8369 2497 45712 14674
3303 8906 25237 19280
6768 110 29296 6677
323 2308 82965 6011
4011 5638 55060 2145
4781 4159 66345 8775
3797 1168 23356 11752
3144 8020 61369 7201
2189 8340 95900 17839
5261 7846 60108 17068
6729 8518 7603 15828
206 631 75781 18001
2021 9243 72156 19851
7893 777 57057 12995
2925 8430 54104 2159
7657 4113 84818 19203
478 636 26326 414
1648 1228 45369 10835
4158 1716 80605 4990
1669 7716 78704 1966
6067 1539 78313 3750
5777 4170 92538 11938
4574 8192 10220 11327
2132 1425 6593 19674
375 7408 93974 6499
5533 5682 92880 5398
7396 7842 59018 2570
2735 2544 27428 11985
7495 323 92157 15452
1245 3010 78968 12957
7376 4192 4588 11693
7243 7061 57329 1160
7590 8940 96029 13278
8820 2477 98964 8101
5991 6365 84846 4505
4794 4515 59213 15186
688 6195 64981 15583
8737 8973 5632 3840
9188 4528 99328 16966
9707 3065 62904 4592
3673 7282 25947 10188
8541 5754 36459 6671
4212 1671 5954 13097
8805 3954 7563 840
6067 4498 27082 19117
9745 659 62819 18769
7823 6052 82863 11299
7318 5131 95872 17553
8653 9670 22372 8832
603 7988 33867 14911
3073 4310 88449 12396
2377 8094 50354 11873
7951 5031 65358 9156
1102 7123 29187 19649
560 6254 40763 7850
6912 301 45605 2000
8966 4012 32418 1920
1916 1595 71747 8205
8321 9707 45169 9318
6491 1846 14411 12014
9509 1110 13428 4185
497 7047 77870 7843
8164 941 67750 9508
6343 4424 61893 1662
4182 7085 83179 8027
3722 4065 66783 6351
3201 523 81020 633
261 7433 27000 5323
9378 339 71194 2883
9511 9113 852 15349
2456 9779 54406 5881
4307 2322 4463 7219
4903 7013 10909 6934
1720 9655 26295 2450
4203 470 41773 1061
5284 2642 27239 14920
649 4815 13246 3106
6829 5545 17312 9752
6089 8016 82057 14357
1978 5658 30498 13702
2651 5269 15450 14449
6095 8147 79508 18157
7080 8553 92931 7699
9052 5182 86870 3261
4081 863 67020 14989
1504 1038 69644 14705
9099 3204 11793 13597
2407 3223 84370 224
6325 93 26933 2609
6421 5988 19003 14541
9300 4750 20718 7617
3113 4264 53127 11469
9582 3020 75204 11726
2407 1672 23230 12850
2585 6762 48370 17608
4027 6443 99505 394
6152 2442 68112 14501
4878 4428 11293 3085
8318 2667 74200 2740
2618 8596 21857 15560
4327 9050 1433 10751
5671 8484 94526 10063
929 5133 90626 10814
8147 9505 75922 15291
151 9152 23778 15500
9319 4207 79397 11990
1626 2208 21690 1062
8622 3483 57631 19655
8245 3773 93112 4827
807 2149 21706 12966
4132 8209 57185 12450
7378 966 63724 2370
668 8582 47006 9074
954 3090 96628 6191
1470 7834 59336 7347
7970 4540 8579 13313
6989 3314 7342 11779
8671 3906 12177 10870
3617 9620 94941 19392
9446 3590 99231 18846
9511 5042 8688 4144
1070 4571 49376 8198
7635 4731 94933 1711
6134 3375 48022 1456
3451 4976 26574 17199
6721 7157 62193 7804
9339 3329 20818 13450
9574 3038 94722 18697
8732 1175 15839 15646
3546 8311 78689 7146
9661 2022 60907 19251
707 3840 34509 16961
1860 4521 26097 15510
7818 4124 58608 10532
854 150 63565 11068
5007 1417 99649 6578
4531 8461 39114 1352
1853 9552 54849 3218
6505 6253 51789 10025
6617 6144 44949 8506
951 8204 855 19005
9022 6909 17813 18582
3190 6837 50346 16905
4547 8177 8374 4749
3486 7456 56256 285
2691 8326 34085 18925
808 1367 24920 6222
1955 7638 26797 9127
10 8995 56415 19392
436 1853 99053 10959
2152 2981 55056 813
7463 6750 71779 2295
5395 8868 77267 16622
7443 3480 34774 2552
2620 7347 93143 2525
3624 4020 83358 11286
2375 7930 55177 18149
7569 6701 56595 3228
2634 7859 18407 11410
3556 8749 60254 10193
6976 892 89935 7650
2241 7215 67292 8652
1902 8569 84831 9379
7245 9741 16836 5971
5225 9185 48474 10262
6655 412 15959 5653
2308 1281 13888 18040
6543 1642 58363 11835
1243 9799 90009 4339
3222 2810 40004 12701
7229 6523 6028 4116
9836 7656 41261 1727
7597 7624 64831 8767
5081 3371 1494 14806
6941 6924 94946 6731
9615 5146 38238 12575
2998 1670 1646 15226
9221 8406 66760 15414
5364 8371 32491 1362
8615 5802 6943 12838
6349 7193 73294 17145
4859 1114 40989 2641
914 4270 38094 16530
920 8180 15314 9728
7335 6975 46622 16212
4785 3682 76745 7212
8310 9972 53580 1738
7007 9427 54935 4169
1963 4681 46003 15177
6829 8310 71632 3967
5189 1991 55566 15764
9910 4073 96475 9479
1008 9513 62398 14512
3611 3335 82154 19011
250 6075 60837 5339
331 9045 38152 18494
6569 3044 36536 14824
2900 3015 42924 19579
3124 4459 16105 7026
6964 7487 90980 11041
8377 7936 1971 11028
7713 2778 70917 1330
4894 927 98424 6786
2478 6603 14978 15672
9877 7525 66633 14710
6783 1181 48696 14991
2800 7522 71323 2601
7961 13 46839 12538
3209 7768 21626 16841
3478 193 64386 14761
2134 6990 68611 15193
7703 7895 72542 12883
3045 1438 31428 9716
1886 3635 84529 7144
9652 4673 13931 6452
1154 7116 67624 3660
8470 2587 10945 6434
5572 7440 90642 12650
6868 4692 71011 11388
932 531 5659 13605
3266 2354 91353 16418
1885 4348 60571 9584
858 8519 91184 3701
8257 1415 15267 12695
8301 9638 40762 405
7983 4682 63404 7897
7684 2611 15039 2218
147 9852 12979 11898
3555 7921 30817 2608
7097 6350 44125 9895
9198 4725 47384 2293
3680 6767 79506 4057
5799 7532 8740 1879
8908 6712 9844 8487
3349 9741 39031 5533
6584 599 58276 2115
7242 6073 37549 15351
3192 6866 80381 16328
5339 4263 23194 17767
4334 5501 11685 13202
104 4977 73116 10148
9640 5032 85143 1431
5912 3683 73395 8578
7471 164 40469 18660
9857 99 72100 1564
4503 8890 10131 15638
5853 9407 80558 17293
9466 3272 77314 1969
5017 3071 2510 6964
6641 9085 24233 8571
7850 9680 88662 14783
2407 6854 25625 18361
2556 2133 81744 8762
832 7991 45567 358
8235 4442 99326 7917
5307 9272 37551 681
1980 9851 31193 3209
1802 1066 92315 13128
5589 3483 2840 16120
2237 9963 87666 5557
8660 7526 76857 9754
5297 3763 37588 9946
6242 8065 63822 12000
1835 8018 18753 17748
4426 2902 34876 19831
5519 5297 74039 6058
6422 9146 13595 19349
3445 7172 3335 10244
4891 5365 63032 7354
9934 7954 68930 13655
6403 9637 62763 10349
9709 9839 95128 5325
2013 1077 41330 1653
5291 5559 77402 17390
8904 5808 32933 6412
7923 716 96880 4701
3607 1727 8302 3206
8929 5503 15544 18581
5380 6486 31997 5581
9896 8321 16032 16890
8945 674 7147 6828
8765 7087 39777 19578
9847 1182 27539 6378
9304 5628 45621 10321
7148 9733 4096 13291
5930 6961 78906 8532
4442 2928 12694 19430
4520 8632 87615 8409
7461 9175 18524 10905
5295 5285 71295 16884
6977 8256 3084 15777
1678 2053 59962 8618
8182 4973 91851 8971
5924 772 19125 6331
916 627 36027 3835
3112 4506 65527 6875
2587 8410 86304 12315
5106 8652 56375 12486
4348 4041 63677 14977
1130 6940 21303 2934
4688 4922 43416 6082
831 7798 80971 19821
2962 7928 65158 16296
367 2014 70582 8452
245 5690 18342 18957
7576 6161 25254 5474
7185 1304 7116 9422
988 9835 57676 14293
3946 1614 30715 7640
8768 1793 75746 4183
5463 6945 43806 11961
5778 8585 17128 14516
7679 407 89422 9971
7018 785 17694 5593
8527 3286 87308 3776
7143 3604 13488 2485
355 2006 26231 14495
7495 4949 578 16215
9730 7385 5395 15133
1933 3733 29436 8574
4501 6014 47348 13286
3058 1870 94101 4697
984 5223 72118 5642
3990 6616 63472 15048
8462 5599 82011 10111
3982 350 52324 8008
3847 422 94728 1474
9632 2764 56137 9786
5451 9349 98572 6537
1830 6780 1145 315
8339 8386 29832 17930
9122 8372 11752 7985
250 3723 3673 861
3352 4728 9129 11140
3964 2372 20439 3796
1832 5475 52973 1518
7650 7096 91293 9652
2464 8123 31118 3901
5451 1392 69982 11275
1153 5490 53130 17962
3641 3782 48553 5833
8848 437 87789 3707
3987 3230 51102 5321
6746 7070 27700 8854
5564 8533 46500 7798
9963 8675 19550 5912
6556 1871 72586 1555
2629 2677 95911 5948
5619 810 51114 11066
9979 7738 13525 2261
6569 7112 57922 13582
5837 7547 25338 18263
9873 2670 21876 14597
811 4488 80225 10324
5928 3424 77925 3335
8156 4313 97011 8291
7201 9821 6849 2460
8915 8319 45974 1364
7490 2072 64162 2576
8076 5507 96490 9978
1240 2072 25013 16142
7946 5697 28295 16666
6471 1781 97813 126
1680 5631 2506 9924
7077 2273 34736 4791
4239 1303 63017 6373
2431 1278 9516 11742
3283 7105 67793 11091
4185 947 53995 14817
2655 373 77750 9783
583 5358 61318 5006
296 7201 71677 16301
3870 7082 42848 10383
2914 6742 6705 3361
232 4372 52985 16766
7719 5365 88993 4810
4436 2306 80203 12503
1100 1670 30551 19207
870 6465 92034 6131
5371 4167 5842 17917
1828 5109 28439 12942
1283 3269 25146 8230
2916 512 57006 6474
9962 2000 58881 17993
2806 1153 71347 13534
3448 6084 2528 4476
9786 7554 99443 17474
7544 3875 34560 5252
7232 460 64060 18489
812 7599 61217 5903
1360 8011 32697 3543
2582 8940 41393 3529
6446 802 38182 9106
6433 5938 98676 6545
2526 2410 46851 12847
713 84 11562 2236
2256 4283 26311 7726
935 7105 19018 1486
6108 7618 74061 3038
3302 7326 67300 16557
6484 4029 40224 12416
8096 5047 83974 17916
2448 5664 54160 1843
7202 4402 62196 10195
9452 1613 73044 9354
4567 3943 63779 18898
659 5951 39906 12019
265 1766 36815 4226
5153 7312 31845 8179
555 2140 61025 3692
5720 2556 84409 8503
9258 7692 91609 9948
1202 2107 16493 5348
5597 315 9942 6891
4916 5928 72180 9080
3050 7155 34319 3416
9421 5116 34398 224
1231 2996 46006 14368
3159 7393 32178 11351
3613 4254 55089 9376
955 7506 25500 17680
972 1152 24016 8004
2879 1560 45732 13936
5624 9803 96385 6521
6635 6832 4847 4572
4057 9710 93932 11178
6354 7934 14689 7248
6674 4448 31594 689
1207 655 40744 15197
9425 3784 65902 11043
990 4514 86351 15445
5300 9492 59179 12335
6303 2537 63591 9628
8355 3048 95584 4741
810 7768 65619 4100
6621 8800 14312 13188
1189 8623 34250 18049
6943 3495 63192 17544
7738 6607 83870 2201
9680 1100 98339 5727
1254 3690 96058 8421
9552 4565 92572 7225
3925 1178 91035 6559
579 7783 17450 6125
8475 965 66725 5020
8736 8306 32711 9035
255 354 98654 4581
8901 6236 97626 2520
3022 8173 52646 14739
6762 6990 75969 15321
798 1602 59100 18077
6994 6058 3769 6126
6102 4992 66635 6
394 6859 42290 8633
6233 7878 72366 1090
607 1822 70476 1285
7013 4424 34483 9050
3189 8249 9026 14891
6483 2082 33416 19776
1614 3734 7043 104
3269 1630 53877 13257
8438 3483 16672 7050
168 8237 68963 4995
540 1905 54921 13885
9231 5620 77315 13492
2654 5469 23507 12476
2467 46 25134 18627
6551 3021 14118 6768
5344 7660 68948 11660
9889 8174 58268 4885
6537 4493 66570 13449
7703 435 39110 15397
2990 88 72958 11245
7178 6368 99403 636
1390 5235 64398 16958
2796 5677 80918 12289
7284 5874 84950 716
966 1682 65796 11169
9141 1694 64846 1236
8137 5866 27854 17469
6879 6956 18214 8814
1963 5372 43203 16751
8208 8509 15269 8064
8628 5483 78182 18568
7876 4199 7848 10307
4981 3172 35549 8530
7746 3234 46374 9173
5104 5353 70670 4884
4845 4352 72422 14344
9628 4379 62208 15526
7606 9790 24297 1915
9586 2177 58886 17658
1154 1074 18739 7884
8766 4579 69755 3089
5838 4687 27066 18753
8350 9018 25427 19259
3830 6362 31895 18785
4684 7881 40594 11564
6995 9347 15670 17034
4868 9513 98532 8411
991 3677 24406 6835
6649 7208 93029 19455
5928 7133 69176 18057
5034 5690 92381 4728
5040 1072 28535 11767
9297 9793 2692 11064
4239 8606 53875 1406
9085 6113 21186 2987
9893 5634 17514 2295
9864 8856 60925 8496
7295 1793 83258 6270
6381 4453 98170 1454
2554 5975 11330 12429
2758 7633 14304 17156
6852 246 59471 5619
2094 9451 37892 14166
2877 723 51375 10759
1553 9737 1098 5817
8890 6732 8693 4779
6476 7553 14067 12618
4078 1502 64070 19512
7402 2439 87365 4394
6915 8512 7547 4641
6114 5309 3381 15767
1817 9289 93131 3180
2246 9406 64012 9789
5709 4550 92511 10032
2237 2022 40371 7857
9388 8682 93551 9908
9478 1350 25324 19646
1042 2310 96244 18923
9336 607 53630 18170
5083 3283 80581 4646
2099 8506 44286 19006
1256 9081 26342 8287
6736 2584 58970 7025
8832 8342 2299 1164
5800 55 7505 17320
4869 2273 73420 12881
2088 9987 81535 10918
222 6155 12084 7572
4857 7626 84246 16713
4109 5643 42946 12305
1790 3826 85117 19133
7013 2396 86568 11280
2241 152 72665 355
4987 5896 89159 18736
4399 2221 49436 9887
1179 802 67665 12399
1200 57 66610 4659
8535 7772 15134 19449
784 4878 99533 19546
1434 2020 95271 4611
2281 5456 37862 5287
9781 1886 48764 9678
5036 4545 15041 12240
5163 3374 41640 19675
139 3873 30012 6401
2689 6853 34056 2467
7866 7405 32850 4674
627 704 9849 19163
4533 6664 6731 19470
5687 4908 19892 18932
7774 613 90909 14105
5011 731 23669 15480
1873 387 1426 2278
9444 154 8544 16331
8776 2401 26789 3235
6613 4339 19728 3735
9746 9327 35714 9068
7180 9405 65095 15757
7837 3878 24696 17134
6392 6771 44094 9676
9560 4780 72030 18059
3702 5250 29347 2920
2074 6720 54613 6237
2714 5662 35108 11015
2319 3409 30943 4157
3556 3114 67433 483
6674 7107 57235 6597
5682 6342 24174 16718
892 8476 34630 7969
2269 1350 57406 16401
4007 651 32531 968
3734 7437 14438 7127
8327 4760 29388 17242
9524 1134 32426 6888
2320 2247 41556 1728
7651 3158 33103 11090
7882 3145 66947 7452
3508 6505 99309 15050
1105 2942 91056 18153
2825 4139 18146 6956
7265 2162 68794 6173
9236 2106 10513 2213
9605 7601 51283 8956
7840 8931 81447 13352
4714 7531 2707 17195
6282 4276 71952 13986
6942 9852 27610 15818
8796 709 46338 17970
9934 3185 92997 4553
3169 5943 53291 14879
2814 3905 80730 4721
7676 7203 86950 18751
6121 3883 30661 17505
7636 4725 68141 7087
8641 8781 54688 14230
8132 1584 25699 19711
7901 2104 47561 2410
7590 561 5464 6321
4782 9092 78537 19270
4166 9137 49178 4801
9639 8553 48963 6729
5155 3321 97932 3048
6109 7439 98374 13827
5664 2878 84559 1448
344 3681 38580 7627
7133 2066 95862 5796
6540 4818 3923 6617
5621 3218 93982 411
6150 8033 8222 16516
9299 4370 28512 5312
4224 990 99993 15343
7968 6522 90989 14816
4974 5353 27889 2776
2903 1398 79416 3945
1872 9102 42093 19879
8706 7513 93989 4128
2284 8664 1764 6248
6320 429 91580 8484
1492 385 7992 14963
723 5365 81763 6524
373 4238 79591 9642
1364 4679 23718 3274
4102 212 5281 15582
4873 2420 8126 18296
672 7780 4353 3430
7642 7573 79407 6460
4101 14 84138 15257
6034 4813 98365 787
3168 9014 43045 15523
6377 4368 57495 12022
8530 7749 28652 6279
5025 9991 82216 14269
6304 2740 74885 12485
5283 7861 5816 11146
5035 5582 58695 15008
3657 8343 66261 19457
2505 2527 51681 18176
6488 1781 83637 10161
1642 6160 36040 2769
9502 6182 22936 13365
3541 1457 59948 13717
9485 351 47889 7142
1539 3408 67583 14401
3917 687 15865 13594
5788 9399 1423 2683
3935 8882 33356 19831
8399 2607 19458 1012
3226 57 34024 16714
7223 9916 97253 6348
274 1187 60220 5486
8691 2042 22413 19812
8508 2081 80466 1945
6565 2963 28254 17265
2275 4300 14617 11902
2148 7643 90711 5840
6002 5355 30589 5111
6312 9034 47659 7763
3370 8222 80648 2669
9310 646 48840 13001
2763 1661 19079 5323
1658 5995 24378 7803
3511 2045 30283 16727
6929 9641 17721 8018
3719 5368 38827 5126
9634 8678 28208 5093
1186 1914 82935 14962
5830 2968 58470 17759
3622 4116 12754 5915
2020 1944 29398 7007
1643 6917 71393 16701
4614 5782 70969 909
7381 6599 306 13736
3639 9737 98669 18486
6675 561 92566 3147
8526 6350 18206 5298
5681 4276 67839 6700
3728 230 23729 14590
4414 8050 26662 5960
834 5543 93074 10992
5954 4462 77078 19070
9493 7668 28403 9881
7889 4765 50783 18335
8046 1183 55145 310
6533 2492 52007 18988
7671 3000 40312 3939
54 3047 72815 10580
2964 8542 87771 10780
1335 9332 92705 10886
1874 7503 1101 20000
7604 6943 85949 16754
3161 5946 56272 1988
1914 9058 72629 14495
7661 3542 43525 7619
2393 3328 98513 9776
9663 6843 47073 6822
5964 563 83606 5690
2307 5686 1085 16545
322 5843 89129 13213
2377 4826 30346 19715
7744 6983 22192 6881
8060 9281 24224 13600
9859 8717 3012 19624
4064 982 58876 7436
9049 5481 59095 3933
720 2936 79382 5387
7115 4488 37276 17252
3999 4530 2337 6693
9369 1477 89642 4486
8069 1456 25442 792
3338 6015 598 8727
595 8704 22746 9728
5415 8882 46086 11734
5823 7522 56269 7340
7018 7493 2975 9944
3007 5356 8319 18128
5497 1002 68308 2771
3490 8208 36685 5097
7112 9977 55533 8849
9800 6359 38364 14029
7241 7872 13899 4372
3209 5465 69407 4235
2342 6498 78307 1542
7981 510 8873 9825
9609 7470 99089 15926
6720 7083 49480 12733
4969 1957 20882 3502
7725 975 64438 15641
5333 713 67476 12466
2200 9604 95225 5907
4641 2834 24973 7611
7449 1572 63705 8687
902 8784 64060 12719
5511 4384 33040 3570
8099 1692 75444 18483
742 2900 95992 7067
7234 1818 51164 5191
2949 4339 35572 1921
3625 5102 42662 6812
9154 8737 74951 11292
7708 9163 35227 11925
7418 6262 20301 10447
7625 9887 61932 16983
6165 3054 90679 10886
2672 137 80399 16304
6878 93 36484 1507
8631 4744 18408 12575
9088 3956 60112 19849
5243 5387 71437 5318
7258 5948 38810 9410
4853 9352 13617 9022
1425 6500 48338 7635
2390 6086 36429 15301
2377 4826 61667 19291
7802 402 33138 10435
9794 9332 43358 13449
4910 3604 74430 3222
3363 1401 96849 19571
1471 54 44722 6824
1825 1718 57181 13293
1788 4865 86697 8346
9928 5254 93094 2234
5538 6491 61392 2670
6673 3139 9117 9707
9298 9209 28383 6309
7834 6091 77819 4358
4564 1578 42390 12928
2332 5909 53027 8251
8477 8016 28329 9969
1998 2096 73658 19390
1351 1563 18727 10166
3100 8965 31582 19864
3199 7774 64870 2003
5171 9458 7676 14326
7261 115 53199 14905
7156 1533 78938 576
3934 3499 44467 4995
9872 7981 36333 3936
1485 1501 8107 2625
8667 1165 52958 5340
7044 1 76916 14137
7503 5051 27181 16722
1431 5404 9929 2755
8862 5170 63770 10013
3419 1774 41157 4108
4937 6656 50788 14820
2958 7329 86354 1221
5088 3106 80724 14901
5891 7270 17748 3433
8824 6853 66629 12959
870 6432 44284 1392
1545 4289 81663 17072
1101 3728 17158 16147
9326 7389 83923 13747
3720 807 34839 17784
6243 3123 30114 19037
2008 557 36614 4438
3076 5077 97375 8867
8959 6597 79070 1620
2679 5266 94882 14827
2409 2386 43128 17560
7417 6632 47444 3767
9145 4546 15490 16343
460 284 31563 2821
1665 7205 95378 19491
9651 6860 91272 2060
392 6733 55927 4501
8695 1573 13684 14686
6690 3963 4569 240
1976 5052 14385 8818
5733 4258 66907 8663
8706 5743 21873 5246
2400 7132 7012 5999
1590 7998 50612 18667
3011 2401 58837 7392
1750 5301 38764 15136
6029 9665 68879 17737
7360 7467 87436 4322
8407 8868 97883 3888
4472 9948 13543 378
2338 9435 15834 4832
417 3382 44862 2833
5842 2085 79469 7356
5061 1238 30547 16950
3578 6647 48795 17768
4166 9325 96453 15071
1902 7773 47595 2459
9230 512 70873 4235
3829 2317 70228 10181
1146 4294 80859 13642
9835 1285 18619 10124
4280 3466 61750 4741
8622 985 17869 6248
3307 4644 38742 9762
442 3348 83435 9254
4361 2144 41481 13994
3459 8276 22582 2275
5559 2839 68336 10077
239 7850 23172 7917
8241 2847 45847 14202
8004 3507 48861 1110
138 3667 34584 1960
8486 7540 45992 10305
7152 9624 8167 6206
3798 4096 32647 19304
6430 6264 31399 18510
5132 5876 61307 6355
7556 9831 87178 15202
6080 8268 67384 14635
6068 8855 8394 17014
2141 3219 28779 9010
6485 5522 81624 13564
9277 328 84479 2915
7525 4331 1070 65
6930 4668 7976 3157
5081 7725 20190 14652
6563 8615 26531 14170
8486 9786 39500 4671
4431 1611 12635 14822
2139 607 5805 211
8719 9193 68519 9573
9482 6043 96012 1258
5923 5951 24064 8032
7610 1618 89688 2322
9703 9552 26991 15139
513 6197 93226 3297
1263 2557 13941 2925
5084 4642 11646 1206
8414 1767 78772 16508
4701 5830 56084 9481
1908 7254 45590 11179
204 3068 69844 16832
8611 2214 36686 18701
4291 5885 37751 11649
5795 4411 2860 7133
1367 4312 19039 2356
7810 8714 51337 16103
1391 1560 75590 10813
4188 2267 70847 16586
9136 5066 62875 10084
5300 9397 46373 2030
7119 8598 3064 19316
9199 5728 800 6974
6483 4096 70587 13045
1673 8534 96100 2310
7668 7189 54690 2040
1048 1129 76512 13146
1510 343 60213 19919
7042 3016 64774 7019
2207 7668 79390 8712
2424 6251 90913 19598
2914 4595 61607 10393
8419 8186 9238 3754
6360 3687 84871 15711
8783 1368 35411 5617
2142 8684 71071 7522
1518 1433 26821 3365
3006 3811 24644 5539
6170 6402 35605 4315
6378 7069 23535 6518
5168 9072 69910 12434
6990 2026 45406 10081
9540 2463 45996 1987
4310 6753 74884 8874
2915 5497 37453 14554
8696 9257 87520 13476
3409 2712 56486 588
1605 9273 28083 1838
8738 673 15162 15781
8718 6710 36862 14317
2033 6628 72209 6101
8833 3337 65894 9921
1226 2789 47766 14225
8824 9945 93022 8659
4882 3661 94164 6316
3539 1873 93425 3076
8836 87 30891 9552
7029 3036 94116 19794
8834 6815 78638 19571
7707 5500 74952 19596
5474 2085 11814 6256
8726 354 40217 12884
1156 8515 94768 11806
811 9136 78939 1786
9396 4337 44528 15474
3808 6443 39841 11607
2715 3290 13715 6362
6150 6490 50156 16756
4749 4924 962 9417
5894 3676 39876 12946
3656 868 49615 18494
7738 9759 67992 9105
5605 8349 82724 4493
4042 769 36727 9320
7838 2919 63612 10764
5564 4963 79728 15125
2389 8288 6472 12719
3635 8555 77375 9034
6798 2562 41703 19853
8645 3788 69841 1245
9072 4293 76841 8643
6592 1167 29393 2762
1477 880 58713 11049
7685 7293 8254 2036
9771 5210 46531 11186
6423 8697 98456 17128
3232 1444 33906 6242
8168 4409 91434 6625
4391 5477 79570 8098
5409 2455 78368 16421
5408 9413 41586 14404
7484 4712 59772 19810
4575 1346 42019 12800
3531 7617 1970 16458
618 174 21493 3068
9854 1973 65197 3291
6248 1649 1781 7320
7797 6868 31635 956
2179 2593 86396 10765
6632 5851 87200 13138
867 4276 24373 8507
6265 7484 42743 12877
2649 1605 41971 11464
3808 1044 23700 18530
3268 5053 26378 4935
1490 2739 60414 8834
633 9827 17982 19076
6607 2128 96422 3091
1776 5791 87983 1432
25 4816 39610 1244
9200 1896 39872 9514
9820 4636 30994 11261
2511 4297 1089 6991
5681 4678 7903 18499
3921 1125 12764 15377
7976 7589 28721 16380
6934 425 31692 16852
2381 1549 11911 16637
6596 1550 54040 5931
9969 4984 42973 10099
2268 7944 37485 16598
2998 8078 32835 13343
6505 6620 23942 9065
4984 1397 61954 12401
1319 2222 65694 7983
133 216 43907 11632
7801 7871 32512 18425
4058 9735 59319 16943
4897 2037 28921 16433
7423 1566 58837 18901
5253 1786 48162 15337
3492 5117 92532 12430
6891 6003 32300 8230
7742 7286 87047 14360
6651 8501 30801 19493
2582 4902 58513 14444
3445 8561 55288 322
3907 5354 7381 12506
3121 7906 40044 1997
5919 6898 36783 15958
7639 9383 57890 449
3323 1150 9166 14835
4939 1585 73958 11910
8188 3214 54228 11842
2262 9154 5080 10456
212 8972 22265 251
6706 8650 94700 15612
2772 1486 60355 17748
4557 6569 95935 10615
7195 1121 85184 7810
1637 4012 40464 591
4227 131 90181 5324
8065 2938 49293 8182
2504 4163 89769 17860
1768 2245 83417 18125
7593 5480 23694 17473
4316 4882 42219 12092
3211 7849 61755 15453
4872 3874 73346 1653
8202 5033 1378 3129
9098 9713 97080 14123
1363 1594 18716 5026
4716 2050 67702 15577
894 5853 30097 10852
547 276 90414 1590
4139 4911 75321 10396
2894 4690 69953 13521
1978 8796 56590 15481
1997 7552 28511 10896
6097 9499 68525 6193
7634 7646 88981 13165
8012 290 21733 4007
1474 9568 41315 16715
4493 3056 88552 10060
5214 3813 47232 18406
4135 7943 49273 19681
4597 8121 48622 10905
2500 257 92009 14124
2289 6455 39462 18567
5021 1817 55196 3740
7580 1084 36547 16850
7878 7268 99238 10679
1725 8525 87802 9683
6398 7560 66527 17605
4243 9384 30234 6980
2924 6915 42803 1854
2974 9860 51295 2660
52 6228 15452 13163
925 1940 36268 11247
2949 9700 73423 1344
9513 3515 22505 506
6742 1276 99953 7227
1899 8095 49597 9028
3633 3805 7365 19800
8102 6933 64136 13693
4871 8436 63871 6260
8221 3565 54713 6357
865 9665 64000 13769
2622 8591 66912 1142
6062 8845 3889 11447
4783 3443 14698 19035
6875 3790 82511 13327
1442 552 93937 8761
284 1085 75884 8596
7119 4287 60207 9741
1665 8398 23365 15011
8375 3949 47243 19488
4810 3648 42958 7813
5545 8708 44074 19632
2702 4087 25125 19488
4902 8617 60246 3173
2472 5836 52641 5464
4406 4942 68473 7571
7388 7872 74941 3494
1905 7144 63737 15550
4366 5363 2539 1025
8038 7453 15444 15491
219 6032 47412 14287
8687 8763 75325 17630
5706 6408 43842 12129
7077 1053 65557 17666
9598 902 44736 7230
6657 8084 90799 13170
7758 4167 13278 3666
8056 3355 50172 19330
5134 4592 70525 1320
4948 5750 26386 1297
8271 9597 65222 16772
18 82 45204 13998
1095 5316 48711 11035
8142 2734 6071 3564
1172 7914 22995 1040
1942 4394 65463 19986
3961 1169 12294 911
3114 5716 14450 5282
3688 8101 22205 4167
1881 5924 9827 8278
3961 7125 17031 13156
8671 1451 72103 3990
4655 9145 35955 17145
8936 1727 35809 15854
5328 8550 61301 5580
8742 4318 14761 5631
4855 322 36307 17632
2346 6163 72153 10795
6481 6365 5275 3740
4283 4798 48817 18054
237 3683 72984 8292
3331 1253 21143 1460
2088 2022 43106 19927
1963 5333 87085 19034
9220 1979 32452 18863
568 4765 42628 18940
107 8212 67817 8813
5477 3831 93614 18401
1965 4157 62273 9446
4888 3303 42618 11700
3967 3319 82100 11871
9726 7849 46703 10693
3359 6614 9883 1417
8380 8520 47148 11201
672 5106 64493 11756
9626 5337 97459 16427
3428 9117 26899 3641
9589 6659 5492 2419
2213 1914 39318 330
7407 8311 43502 4876
1738 3662 66835 132
6821 2547 69093 14182
1812 6681 22054 9152
3459 2679 99337 12903
5537 721 74264 16852
2690 993 17522 11252
7256 4592 13836 61
5213 2018 44792 1346
5887 5682 70447 6568
1018 2424 14182 5847
37 5924 77778 7143
7217 416 81536 18363
2188 8461 33828 2350
164 2754 10000 16857
5512 476 38308 17892
9827 540 36476 5163
3754 4124 8254 8296
7533 5902 4935 18557
7680 9832 6027 12266
2646 7199 51384 17543
4317 4964 22259 767
512 940 7269 2315
8656 5313 22763 8430
8425 7944 78560 10555
5228 8783 7357 304
3934 881 49382 19349
1916 8344 82300 4312
1357 9882 83498 5977
5171 24 55487 8859
9854 8820 40756 14478
7788 9734 51976 11725
9114 4798 95979 10006
8862 1229 55948 14507
7617 5663 12458 19941
7306 7712 47690 10152
8946 352 55476 2215
4991 7748 42860 6109
2374 5409 59270 7522
5736 1371 31046 19742
4703 4158 45810 3083
1329 5962 84179 7226
5630 2631 4012 10339
6811 7645 93260 4620
9402 5201 74754 4846
2456 8864 61189 19129
823 321 78956 17045
1071 1423 79694 12472
7404 1150 59880 19717
1903 2485 41533 18895
9560 8609 84616 15281
5436 9172 85379 18146
7954 9404 66565 10809
5293 151 68696 6399
4391 8866 22838 4416
1632 3515 94006 1659
9664 936 51928 3389
7429 7842 5846 6741
9073 9724 3932 10706
1280 5836 80455 14597
4456 2723 30197 7013
9175 1280 28931 1703
8719 7616 90869 9793
6514 2127 49621 11225
2554 9683 93990 19068
3542 2521 61280 10175
9936 877 79217 10562
9908 795 55687 17300
7320 2164 18827 15898
2128 1389 29957 10245
7850 918 23862 17840
5621 6449 2599 13095
5842 7894 27741 18003
9126 2381 44872 971
6121 8446 11584 18452
6064 3921 37279 13915
1054 9473 93682 17846
3770 9938 16688 7262
7125 6608 47435 3537
279 8098 49480 11622
7982 2914 82926 17801
7523 2344 95776 1413
4651 5503 85222 4691
8118 7167 56739 10038
3733 3038 47803 12581
6442 3226 1793 644
7211 8176 84516 2748
3966 6149 26538 2872
7285 6330 2292 10998
7902 6275 63435 7797
8871 6035 46416 14839
2955 9566 90012 4737
9900 9798 88090 6374
2860 2812 79129 5672
433 4281 34002 15942
689 9258 99287 11995
8495 3283 92259 12758
7150 5126 73860 19946
5839 1678 76070 9624
8329 9203 84307 2101
6478 4442 28956 12552
3769 8515 65136 2142
4964 3482 2265 11659
7948 6598 55497 14106
412 2167 85585 19490
6767 5268 30109 16895
8211 1069 89866 3890
9897 8131 57319 2519
247 6024 56830 10878
9524 9740 88933 14336
1258 6433 75239 18009
5549 6826 8270 12945
9903 52 64253 13881
3427 520 6280 4862
9124 7916 63608 3089
8841 4709 7896 7240
47 2989 59488 16601
1863 3277 32797 12849
6648 749 25507 9992
5151 7831 85111 16954
7139 2483 58011 2670
2282 8847 98289 890
9308 270 76462 17738
7013 1354 64623 3621
8897 1831 48351 7861
7265 2177 2035 13454
1840 2355 2790 2988
5667 2416 18387 4525
8996 2209 80695 15239
5824 120 93088 14327
4016 2558 2744 9347
6929 1605 82846 5381
5124 7959 47525 4549
5496 2970 34285 15295
2959 9007 54601 4944
4407 4648 16429 16852
87 1967 37228 19830
5264 1585 27029 19245
6197 926 94912 12036
7701 5727 67546 10012
5894 7044 41734 4281
505 1566 1456 16552
2516 734 2197 16767
556 8070 11506 7077
5351 3251 45552 16132
2000 3036 70875 7821
8976 3956 75445 11188
3098 1649 52389 9351
1660 8656 99762 5449
2127 624 47930 15689
5145 8817 31925 11340
5014 3156 15422 5175
2076 3144 14457 2018
4742 1490 84545 16088
4671 4424 91520 14393
5810 3496 88130 461
9082 9585 62876 8986
8067 8806 7135 5525
632 6540 95181 11937
9659 660 65408 19864
4102 334 35971 3003
3917 4603 1771 21
3289 2760 31841 6380
7239 7433 45284 11389
5243 5896 8351 1200
9386 177 55304 11198
554 7863 9217 4920
5830 9771 52931 9997
4558 4206 19727 18037
1907 3271 75153 17784
88 8640 86190 13716
2544 5326 75257 19298
1978 1676 11375 6873
574 8333 39259 15066
6644 6596 19016 761
1810 8555 1919 1417
6451 169 84598 1213
9529 3290 676 19912
9895 2725 79894 12326
2752 8370 44563 98
4616 8716 14489 13179
5614 6497 93450 19908
1207 9682 56283 1374
3155 7287 96620 11554
3379 7793 39317 2149
9505 4853 52118 1581
9646 1875 26319 11193
569 8033 29480 15704
2215 9570 3939 10668
5608 5915 79794 12759
8425 2685 32336 3933
9198 6671 71320 3492
4015 1221 32541 859
8803 3989 84488 5163
2344 1221 36145 5446
7096 6538 11254 19878
923 2295 15650 10354
7277 946 27887 8672
379 4201 21427 4133
5221 6562 71449 11405
2758 4352 45839 18511
9361 4952 47685 18493
112 4353 62557 14801
6395 2572 96282 19115
2243 2596 34024 167
8963 9952 60132 15908
4666 7879 54535 16196
1241 8825 69806 9064
6628 8491 53045 3415
9435 6082 61437 10242
8308 9850 21425 2489
4912 7927 2814 7296
9150 2009 71908 11885
742 4247 37511 17464
4200 7021 59788 10800
5759 3922 30233 3023
247 9436 25956 15079
5472 6474 5441 9261
6599 4537 73102 19754
117 2309 53736 9827
7260 1874 56220 113
484 8240 59282 18513
2044 2002 21806 8544
9615 9139 43584 17316
1299 8862 56121 829
633 4517 67258 15957
6910 8082 59882 1188
2612 527 36892 9671
7748 3288 29373 2064
9850 4056 17870 17206
5276 2509 6498 3961
9641 8385 89701 13443
5252 5856 31606 8496
1410 5578 36449 4515
8909 7529 6020 1027
4811 1732 73040 10283
1816 1002 45289 19262
2604 9029 12533 9014
8137 4101 41408 12863
8326 128 2023 8894
3527 1925 35582 19521
9970 3676 60181 11659
5046 1400 81728 4736
9021 5093 94547 3120
7572 5272 84563 12027
7082 9538 16563 18608
2307 7 34576 15840
9509 5546 79675 3337
8270 6849 57674 8003
9081 2022 40042 2576
8936 7243 64447 6281
4918 9318 7289 9468
6687 1456 28199 15346
8562 3456 90184 4434
2188 2063 40119 10501
2619 4446 21174 16646
7289 204 92039 10092
7557 7407 64546 13469
427 3492 33646 19118
2640 3638 32199 5347
9304 3446 57957 1072
1470 3632 79554 1596
3535 8924 17453 18937
1657 4461 96221 12175
9599 8731 18155 17102
1873 4876 31932 5983
7644 6397 81784 13746
434 1860 9518 11888
5697 4114 88561 14429
912 773 32786 4047
7759 2446 96809 4163
5890 1233 29008 19519
2983 9774 71885 3278
6184 7415 99386 9821
7045 8658 96139 347
6071 94 18840 12172
3576 8393 17787 10460
8679 5915 88181 1915
3977 9382 46299 3268
2099 6169 40205 5313
3917 9281 13455 19745
1522 3713 8140 7435
647 4746 98747 610
8459 2740 77819 10573
7103 9609 6520 19670
2494 754 8694 13412
9626 5054 57939 19853
5036 6908 2716 8833
9308 8824 9010 1144
8852 1996 6780 15997
9298 3092 11640 5081
6516 6498 62690 8957
808 3149 35462 19677
1444 1714 8495 6525
5214 3750 18655 12223
504 3968 70386 5630
6939 5090 42350 13415
7670 6765 15133 11857
944 6649 47148 11123
7898 5908 93702 11985
7156 7857 21828 16420
3202 7729 75356 5242
9948 6547 46946 10815
4445 9638 3875 16512
4584 9849 75286 10694
5446 657 6724 14564
1353 4004 71388 2779
532 807 12982 271
1945 1071 86502 6557
3275 2507 93304 2119
173 3608 94720 16410
4956 1094 14295 1351
4689 9583 53226 19832
7498 5191 56516 3630
9805 260 97562 16403
4711 5810 98798 2340
7508 6339 99560 4488
4971 5172 79907 11230
7887 7503 16427 13211
7702 4804 57805 4034
5670 8954 45786 202
8032 6875 47418 19342
6306 8417 70010 12223
7505 7954 19247 12217
2326 9751 30912 7440
4904 9806 11278 15075
9402 3668 10177 6367
1563 5785 90660 5652
7636 8250 5464 8661
7832 5250 55966 14089
9885 3901 26461 1448
5216 9099 65645 11063
3321 4577 42405 5020
6466 6622 85773 8054
2284 6000 25894 10030
8271 6540 678 12795
4527 7302 56390 1117
85 1525 9646 14993
9049 5621 52317 14590
5283 6452 53672 17571
3904 6628 50433 7085
2866 2345 53551 6039
6793 6221 32321 13422
679 7242 12989 11091
5550 3812 76829 17128
2033 7332 52830 18931
8050 1283 54283 18723
2846 712 68918 9494
3544 7342 38406 15974
9797 3587 49440 1695
41 7376 43751 9644
4974 1641 43908 19759
8146 7832 82860 13407
3336 4248 90954 16483
9107 1121 34490 4276
835 9623 33433 9293
715 6335 17295 10483
4877 9888 23224 891
8826 1827 69380 5484
1138 5564 99766 15737
5126 3944 4125 7564
3098 6947 99518 9191
1295 7479 96280 17293
5368 1608 40168 8352
8088 5364 66717 10892
2895 8385 62075 14693
190 522 34688 6001
5582 1516 87381 10876
1833 4224 69902 2904
4475 3484 62003 1353
2869 7437 7366 11852
5340 9688 54843 16530
6005 5369 10351 13161
8074 7278 33674 6871
4867 966 11110 19882
1089 8699 28769 18409
8037 4253 36626 13250
9232 9586 10718 1137
8513 5037 14738 1691
404 4681 77882 19149
9466 4758 55394 14720
940 3372 53302 19309
2706 2314 71973 19912
4950 3354 81887 11224
9151 1485 76522 280
5686 9686 18319 1803
3039 427 30759 6219
8778 1081 1628 16560
6142 2100 2813 11837
7369 7343 74173 10360
3862 3729 6726 1732
4310 7173 87371 12948
6075 8800 61399 1440
6229 4002 16562 8570
3905 3022 37310 10220
8702 1668 14011 18434
652 7254 44546 10074
7875 9285 43873 8167
5351 2318 91409 2349
8231 9027 98486 13283
1632 2303 6114 1302
3911 5293 91043 19652
8141 4911 89198 8105
8297 2873 81070 1232
4989 7347 25323 9710
1157 7407 83722 9040
3715 9321 91401 9245
9333 7610 40293 1655
2289 715 88700 5592
5147 2596 38987 9113
8009 909 16581 2272
820 1741 33929 9122
3034 1649 42824 18348
5794 6082 12656 19857
2654 3883 63994 5300
4766 8030 81439 8194
7102 7329 90874 13746
338 1232 67973 6131
9394 5246 76310 15652
6389 9714 79065 2434
408 1810 88546 13668
4826 6305 2745 8042
2342 167 55179 17278
5777 7677 10345 9669
7249 6558 7860 17272
5331 8288 13503 8641
1094 8700 48670 16733
9915 651 31589 13161
1235 5092 28378 5388
6247 2193 49413 9870
2970 1732 8271 12088
4603 1072 16064 3524
7600 3851 95024 9355
8045 8261 20270 19452
4808 8539 88389 13478
8723 619 61950 10118
8497 7945 24407 12811
4128 1300 52375 12040
5147 8021 61999 11310
1383 8230 50440 15665
1323 5180 62699 4727
8450 521 25409 231
4866 5016 31675 10620
8825 4407 16843 13373
9219 1910 68269 19969
3397 9817 87447 8210
4358 3327 75704 2096
6274 3414 4378 17426
1090 4218 97251 18066
5051 808 28046 13202
5849 733 47147 7159
9192 8165 11553 1764
916 8585 16870 18113
433 2550 41601 15666
2684 7261 44334 12792
7806 6178 62931 286
1231 2184 8990 13040
5833 1595 99648 7336
3778 5283 45191 5314
7877 7550 28116 17694
2386 5455 11773 17415
6756 1522 1588 17179
8442 9351 62570 7903
3409 4716 94836 12493
4391 319 77213 7449
4516 2282 51391 18429
3148 3959 42501 9313
5554 8576 87180 3964
3487 4355 64457 17974
1649 4214 64450 6839
3189 1668 23770 10481
9431 2081 73659 4700
8478 6089 96672 18301
9551 4623 48352 9428
4666 5362 66430 6186
1671 3969 95101 8703
6982 7491 57402 14950
8285 8475 97559 14727
3410 4393 65704 7188
1527 4947 50769 17361
691 8234 62742 19501
3610 2401 95416 9216
764 8816 14632 12602
2616 3990 89632 11603
5669 4308 58934 2308
9717 9735 97622 4645
8905 4115 85589 4981
1534 9798 88105 16884
6295 51 51905 13169
7775 733 5559 16493
2371 4793 21247 18183
3482 3243 77656 18486
3777 453 952 6
2355 2848 50558 6767
8391 9272 48771 4946
2352 8541 86236 1680
2396 1085 70157 10749
7675 5544 66212 6960
4731 8228 22354 14692
10 3918 64506 6300
6282 6132 73552 4787
1975 9183 26344 6146
916 8805 12640 2831
5974 1441 99439 7834
791 9857 91537 16001
3966 3794 63345 12321
5697 8679 70680 12225
7493 1457 91847 3809
8281 1402 75261 12927
5298 3223 75078 10294
7398 8609 12502 92
328 4242 7369 13082
3980 8583 23641 3396
6367 8531 83669 9154
5606 5947 93243 6817
5882 2456 21396 12904
1037 3538 29360 4981
6694 2255 2612 11340
1458 8979 62672 3599
6823 5644 9502 11344
3692 8219 14584 13126
7284 5362 68879 17784
5496 9836 39330 19684
3787 8676 51297 6672
4454 8075 80948 4312
36 2133 91570 18319
7075 9192 78731 19770
2646 9195 95560 10883
2187 610 55479 10879
1772 9997 51287 17187
2692 4480 57086 403
3306 7800 28762 213
7361 8214 28055 3911
823 8730 96332 17765
2429 202 64452 2939
8281 7861 30839 18088
4862 7082 95011 15507
1351 8565 17075 17408
2105 2532 44518 2181
6500 2070 5786 16825
2925 5695 73382 11590
3584 1305 99354 14624
6251 7989 238 6204
7833 5303 9804 17680
3804 8947 25616 6756
6457 2770 60114 18514
6263 3156 3599 3165
4262 5238 91606 6098
6425 6027 23105 12982
4086 2312 21413 14701
4693 7807 1382 10343
6378 1407 50046 6544
6565 5825 68252 5058
8019 9631 76592 14485
1354 9263 70122 4907
1411 1904 62330 15235
7055 6950 94434 17939
5285 8710 15681 11415
8253 7056 73351 12131
9455 9102 60564 12525
9087 9506 20762 4102
3670 1154 95969 7075
7702 4215 65307 10683
5979 4336 31401 2354
9348 7205 68167 9305
8044 9548 17060 1058
9077 8862 2940 5421
6244 4125 71881 13334
5303 1531 80234 19430
775 3952 16206 17453
4507 8384 50558 5597
3567 3336 20514 1523
8942 7985 51991 417
2161 8467 39435 16914
7303 3392 97936 11993
7773 6382 20796 5233
3691 2599 57922 5188
759 2513 52911 3394
3204 2086 85714 8134
7536 5595 60124 417
5930 8356 48501 18654
928 5978 35620 18175
2480 2990 64726 2210
4948 1281 13311 18953
3372 1332 23580 19714
4819 8520 75747 73
20 118 66276 711
4548 2574 77601 1324
2936 5848 74606 14099
4545 7908 78250 19752
1983 67 98089 12133
6371 8574 8411 17696
1326 1398 70966 15536
7808 6138 24064 19162
3932 7423 15474 14012
4869 2804 89350 8646
7989 2175 63762 9231
3207 7873 18928 4580
4800 6549 34101 19988
5736 2239 28965 16459
1279 588 66663 9377
6118 5555 68096 13856
8314 7303 47659 530
1789 7067 1221 17644
4816 6964 10398 14381
6577 7 20128 15922
144 8052 19760 12324
8695 5254 5615 2326
4971 515 86735 23
7793 9983 62396 4851
449 45 33024 6093
6084 9772 45149 18840
329 5552 74670 3256
7326 9797 25666 15854
4413 4699 41735 6876
1632 5298 54753 13542
4242 3702 98819 8256
4988 1598 9223 2267
9261 5801 33627 12363
7812 5417 43660 6168
1910 8184 9653 14380
6118 3052 88286 5969
8698 4818 82578 3738
3502 1504 90445 5943
9502 1420 6124 2371
5284 6694 58252 504
7831 8803 87823 7057
1364 497 14744 2954
5687 6445 41062 9805
5788 2506 96023 18461
5104 3956 91245 422
871 4613 20207 1968
1707 1276 31687 18937
4121 2957 85711 14684
9546 25 4373 7075
2406 9701 39391 18067
6024 3200 92075 17321
9606 8266 6157 3336
2835 8617 97795 13867
7572 2906 33282 19189
864 1892 26385 5120
8831 1848 14160 1112
3143 6090 57081 19586
3502 3316 15326 4207
7651 2100 95853 478
9655 6622 72734 6145
2501 5171 52695 205
9066 6120 11665 16029
1714 6614 53211 5069
1885 7146 50770 2308
7720 2443 28024 8142
8613 3381 727 3335
3670 6046 37058 13744
736 4429 88780 2608
4572 6561 93092 11712
4124 9001 88906 9262
4465 53 59519 11763
9714 708 71742 1991
9515 9652 55441 6601
5038 4832 32546 18886
2718 1622 96480 7979
693 2176 48455 10127
4114 782 69376 4269
4565 461 20373 15727
2928 8359 18114 11069
1351 5807 25868 13126
755 429 88077 14737
4442 7763 97855 4232
5507 4804 90763 11172
7702 1114 40659 12855
8310 9328 355 8424
8826 9467 54213 11621
7959 3941 74485 10187
9513 9975 50884 17311
4701 9308 52135 6113
287 787 90376 4297
8650 5400 47179 9874
3389 9803 4270 6686
7439 9494 91156 5737
8882 7325 7048 17966
5543 4283 28946 8638
1242 5254 64291 6825
1868 7078 39468 2619
1657 3551 76544 8421
8892 4156 10285 3821
1299 7478 10913 8119
1209 7542 39638 12700
7530 7520 16291 14728
2461 7243 63210 15868
2859 2736 22155 5591
7932 523 87374 6119
6105 4514 82468 12763
6387 5887 78338 1295
4333 276 67273 10908
3172 146 18524 5881
545 1524 459 15266
4318 3632 93006 15623
6076 5812 27498 9237
1539 6799 64162 16634
4174 5122 43435 7965
9221 4941 74736 13353
3722 3846 21766 6836
575 7779 60991 18482
8024 8294 94824 18571
5356 6625 89916 13757
1874 391 61869 17269
183 6716 59090 641
2902 1 3917 13035
327 6065 14917 14118
9781 7941 25114 16529
9157 392 65229 5330
7333 9979 79763 11026
6554 1449 94448 4143
7107 7136 66178 5445
1781 8030 18879 14151
2060 3001 56810 17013
5797 6334 65314 3166
7347 8023 94599 9219
6352 9356 30990 2097
5428 6655 81217 8200
5727 197 31730 3366
5069 850 79266 8663
4573 3711 9186 6066
4250 8987 76285 12812
5147 7331 46121 14870
9176 7771 53114 13997
9633 5481 7473 9183
5194 1119 44346 5435
4629 8311 77231 5794
2040 4155 77005 6302
3853 2444 37654 10693
2741 7605 12115 13642
5951 1320 15133 11532
1291 378 7871 14575
1774 7540 45037 772
4421 1090 53639 16202
2359 2603 97060 16094
5110 4582 23410 18421
787 6681 88013 6012
2457 4073 68770 9310
166 3393 42900 5296
8673 3770 84558 9300
8987 5748 31894 15243
593 7221 79375 14332
8088 6088 11213 2794
1340 2954 83987 64
5950 2516 26983 13805
3471 763 30560 18999
3912 5371 65015 17263
1463 6276 98963 6542
5222 1895 31799 12147
4379 2147 42485 2450
9769 8516 87017 837
7296 6533 24540 16782
921 698 3732 10730
4582 4859 50536 17136
6714 892 31781 9750
656 5216 50423 8000
3913 5269 61384 17611
2426 4709 46015 1043
315 6200 20165 12586
7726 7166 98212 14435
8930 9183 64718 8332
9176 7587 15603 14006
1183 5428 71823 16574
3787 8171 10603 8103
7771 2591 69604 13309
3570 9512 52815 11871
971 3201 40003 7189
3508 8247 89234 9985
1444 3206 74395 8546
7059 447 5528 9697
9555 5384 19444 9864
1802 8526 5916 16883
7793 2814 38230 11685
1473 6668 19931 9808
1496 9846 20991 6475
8324 9642 49458 1539
8360 8152 68292 5695
9289 7536 4796 16529
4358 1306 37770 9007
8295 7997 52539 18723
720 9308 70114 2825
802 5269 68399 2264
2865 2300 86424 16895
2380 390 57467 18997
4047 6243 34894 17070
3970 4035 15243 451
582 8018 63066 3488
5716 5676 64216 8736
8449 9508 49303 15546
903 5635 99092 8413
8963 1123 94858 3026
3888 3718 79604 17576
9658 8973 25258 17454
1526 4173 9842 618
8135 5882 77805 3967
8146 3755 19323 5294
354 8053 43176 5675
2437 5415 5558 13073
7048 1635 65891 562
2331 3464 98244 3752
9270 5486 32215 3181
4080 3453 6127 8482
9504 7725 34048 2133
5657 6459 94209 11917
663 9888 88683 16437
3068 8215 18694 6652
4875 5626 62517 6119
1756 8101 38875 3017
2134 584 28077 6969
3916 4418 81438 4662
1449 9055 87376 16975
7465 5314 15808 16622
3977 8362 51677 12645
3455 9871 70367 19187
2827 1819 75904 8533
9536 7354 86298 2111
7354 8937 19942 19512
2246 8552 94340 8056
1562 5557 26418 12441
6452 6416 32364 11696
2360 2193 65793 9785
3014 4239 30607 6004
1570 4809 87621 1574
4031 9214 87859 14216
7971 5287 78248 11483
8144 5259 15443 12535
3237 5349 50732 14549
1704 6656 93142 2603
5007 7959 11809 16323
4919 2034 20427 1290
2855 1032 88521 3659
4086 7016 40356 2699
3787 4031 30253 16076
3597 152 9986 6720
3104 5417 97423 16364
3298 5409 45242 301
5244 3425 47434 8286
2841 4342 92698 18660
4895 5163 68198 16453
8094 1075 56533 16320
4019 3053 36607 18420
8515 6163 39055 7492
4497 928 98813 7016
7406 162 22748 8385
4611 7391 97483 1381
4947 2818 48247 2352
1840 7125 12609 3929
225 1689 7042 14234
4163 2253 79212 1806
6019 8499 32059 13353
9737 1264 68307 10688
4552 4442 34098 11095
6102 5918 16906 10369
109 3359 71374 13354
3305 4831 89984 7747
3511 9126 35351 14594
8754 7911 61121 626
5568 1955 5820 10938
7926 458 79240 14695
3224 4350 65176 7482
4194 3860 80389 14773
443 4407 96288 1703
2137 6832 42631 5864
7424 8933 12451 18004
8564 1245 82225 3018
8800 9982 26682 9040
3679 493 57670 19528
119 8716 88626 8096
3529 4357 70315 4312
6430 3851 56379 11846
2147 1006 67142 150
5022 2551 22252 15410
6128 481 45754 12365
9795 364 87222 8438
9441 4580 17812 14688
6947 8696 77359 922
8343 2819 47117 17778
9305 481 25812 19115
863 3527 38885 14361
2965 6808 95556 3726
1956 1908 25625 6824
7567 6761 15664 17719
6255 4650 57491 9159
8208 5797 93537 15448
8547 4584 65913 5425
5162 6900 18576 19593
3087 9794 15909 19695
359 7521 2455 15865
2214 7193 76174 19589
1216 72 5806 5597
7030 15 88335 12982
287 1403 19288 13583
2317 7509 71184 16352
8280 2188 74414 7754
1811 1491 80405 8087
6132 585 6290 7930
2627 408 41260 3402
6333 8638 1342 13918
7701 520 63309 14750
7628 1414 57453 18323
8553 584 15420 7484
378 9842 41081 16390
2695 3265 68186 982
562 5037 64410 10136
6104 8307 83469 7978
7065 9985 61007 15128
5178 9006 81580 35
4157 9266 26142 13676
2716 453 48067 13472
764 2815 9814 15728
3089 9826 34633 2398
3757 4464 68642 10430
4041 9240 95442 6435
5280 2429 13196 8538
7812 8144 25047 591
7314 9283 8020 15370
4719 9514 82846 15315
1927 4870 33438 8932
7000 626 15541 7775
859 5881 4802 12680
3199 2295 35638 14784
2506 9306 83485 9299
3570 1828 82410 7580
9944 1515 49495 15169
2196 2479 64997 15433
1032 5367 87715 13504
3421 9556 70885 11684
2078 6502 43746 15023
2407 5195 43291 9619
6039 189 7588 18874
5774 1696 48961 15622
5979 7699 83784 8281
5019 6995 57211 8313
9843 6682 39896 15752
1785 9914 19043 11187
8651 8326 20795 14068
8760 7373 87921 10185
4776 7678 45878 18413
7215 2 98867 8607
4568 3423 59541 16422
8658 5792 50715 12384
6072 2604 88606 9190
6019 273 5496 12999
895 3549 96429 11362
9774 2231 98633 11345
7203 3277 56629 1933
7410 9398 63329 18429
7992 929 57587 11534
8809 9177 61927 1646
7031 6731 9592 3193
4129 2503 18594 14911
1313 2749 53682 10517
3668 3367 14688 2335
5053 4036 61061 11227
4681 730 94133 15161
13 2033 93503 2249
3543 2948 90478 18666
2238 2512 269 16233
4091 1854 36846 7285
1641 861 95303 11643
1062 8115 2764 5248
803 4697 4238 2137
7992 6714 97290 13436
365 5328 56809 10960
5672 6416 56736 6590
8393 4292 64494 15391
7418 9852 62413 17245
2232 3174 63660 7397
9203 410 2857 910
5872 1598 14159 9773
4974 6624 83858 12442
4455 8948 36181 11919
6633 6447 1381 2893
6668 5657 33189 2045
3241 3611 26513 9948
1812 1303 29522 2777
3955 7220 41731 13133
8910 6576 36980 3700
2824 9078 39735 3544
5071 1409 94645 12850
5850 8316 82792 15269
7737 886 29783 17750
4767 9232 77890 3075
5404 6174 19367 9288
6593 702 52797 5276
1393 5700 59504 8445
6056 2519 20960 12321
7379 3410 52282 11744
2932 9759 78189 6231
8315 826 1467 1040
159 5413 81874 4905
6516 867 36118 8767
934 7345 86162 16383
8402 6964 47997 17148
9887 8001 94077 7222
4673 2532 15760 15938
8848 4062 94920 13632
6235 5738 23989 16811
9214 2287 51933 8348
363 6173 25594 8650
8617 7690 5376 15139
515 6395 23951 13942
4168 8620 60671 2116
8663 5695 28914 2166
4232 1721 6815 6134
9703 3658 29484 509
6437 3999 40891 8990
8374 8411 77026 11418
35 2225 31277 9420
8200 1251 45704 17342
5783 6456 61234 4617
6528 1811 71952 11392
212 2536 15937 13942
337 8516 60390 6512
3727 496 7714 2892
6445 8983 87262 1976
6150 7091 40071 9438
751 55 26480 19259
7391 8682 16956 8110
2597 6562 63508 813
3763 4641 98329 19368
2624 466 25003 14779
5895 1678 92595 4237
8939 4566 42673 19514
6692 5854 70855 8314
1749 8493 14013 7789
2899 1946 28858 5604
7713 5014 89228 19701
312 917 39283 10179
9228 3790 64214 18506
8589 5901 83087 15981
6534 9291 30455 6692
298 7836 41909 6368
2360 2543 32983 4287
9885 3143 61728 19895
6371 2365 44891 7627
4189 6510 54653 680
8276 2693 4746 14811
5406 5093 10356 8819
6508 5709 99583 16546
7339 8937 22994 1952
5746 7068 45593 17435
7062 9112 27416 8079
8655 1850 42506 8517
8708 6431 13041 4567
7416 2390 2902 7486
850 6354 7612 16930
8846 5934 21925 3141
364 9645 73127 18237
6754 4243 6693 1058
2023 3028 76811 2994
7062 9699 44618 7161
6535 6047 73805 6852
9758 5173 86099 8972
2783 5529 35226 12201
1123 5110 2352 19635
9128 2577 26030 17617
7331 6650 41481 16288
197 4208 30114 15112
3457 2537 65937 15782
5129 2700 4233 16297
3152 419 74519 19501
6590 7762 83012 14709
5020 3976 56222 17196
2579 5713 57160 1173
3938 2388 28651 4296
4589 8974 93596 1510
1579 9950 5241 6738
4971 7199 76505 3731
5976 1308 36769 18954
7161 349 11571 19978
6327 4255 52629 1520
5500 7342 2860 6569
6581 7102 85698 9079
9637 740 56688 9357
2548 9523 50417 16482
2836 1892 89077 4976
3433 3930 34682 12316
8552 7387 61546 7466
9395 4143 23463 3733
127 4907 73925 86
7650 2114 65208 10425
8333 2507 1250 8309
8931 5344 85343 3701
9985 7827 54052 17694
3297 5705 67801 5807
3584 9209 41729 7853
1355 9137 22320 4061
5167 2372 28969 14777
9371 6736 13404 2637
1854 8114 5916 10705
1234 4037 39863 12611
6013 5632 34575 18011
3295 4649 95518 18129
3236 6884 15430 10276
4834 6159 53983 11454
9142 9926 99114 10947
3179 7297 22675 278
5914 3576 19149 228
4939 5792 59443 19707
7100 4972 58250 13516
8651 4124 2425 7311
1070 1194 11286 7948
9139 5030 53404 6508
3662 5800 16616 8259
9813 8266 47942 11737
8881 7018 44701 6140
1454 7828 57545 11149
9084 7946 43753 3492
9376 2594 18047 10791
8386 1986 68596 9130
5462 7754 25257 7948
8209 9447 64628 12548
187 1492 56563 11882
4542 9342 1680 14470
1190 4150 59518 14485
5191 9035 32813 9906
7880 1842 77826 4067
9042 5498 91566 17707
5938 9213 72998 14211
7882 3174 24647 15240
2625 8027 65372 11917
5870 1228 32307 16465
6911 9739 5117 10095
7833 8728 42593 8189
2519 5212 94435 18636
2587 7190 96569 7799
978 470 19214 18846
9189 9861 62190 15218
3758 7537 12670 5952
8198 7582 12812 14922
5935 5551 19710 19207
8186 1612 6575 7253
543 7764 25617 1428
2772 9107 44999 9135
9463 8477 52669 4332
9324 966 70569 1151
6852 3270 97544 10691
626 1520 13404 8809
8728 8839 93455 2725
8851 1643 6718 18523
4248 2619 50853 3481
4169 7327 89230 11452
2729 5403 49401 16208
9960 9982 47829 14294
3675 2257 52696 17892
9010 6823 62210 1997
7586 5045 28322 8030
4241 3009 98181 10912
8398 8803 43222 8406
7663 7095 81548 12709
8094 9822 70650 2131
7875 760 42622 7237
4492 9563 87893 9992
3974 4864 41305 6204
9468 2364 51371 1553
3418 5025 21315 14236
9242 9503 4346 15977
7906 1885 36090 16282
8623 2450 40939 7216
687 3547 87535 13211
643 3340 20404 10169
8383 762 50877 18600
6272 2385 46272 8209
9355 5077 8449 6496
5018 8591 65174 3913
7282 9864 74258 1534
2245 8370 22206 7074
2529 2636 58130 18357
124 385 8497 3812
8166 7115 59083 1812
5616 8246 82649 9105
7039 3619 16091 936
3397 3352 40061 12682
1332 8899 98608 1320
4166 3002 47820 5988
7213 8713 96734 11760
7518 7866 71243 18581
1119 4027 18855 14418
5286 4474 95997 12974
5990 361 54094 4993
3484 2619 11498 14410
6527 6321 78742 7000
7866 5408 10790 9919
6202 9727 30263 1949
4925 8441 2103 8140
3239 8844 61907 7974
4895 2477 49710 18771
1852 7369 16172 17449
4493 9472 1833 7559
4345 1637 36891 291
4395 8727 12767 6883
9634 1381 89653 16839
6425 8575 83533 1032
4119 271 95958 9218
4398 941 82261 9405
2573 1108 30044 11005
9764 5423 73985 18010
8764 7095 7467 14944
4737 1277 95608 3956
4297 857 82340 6664
6567 7530 47840 3191
6967 3739 37364 6991
7739 578 29578 8533
9517 8352 72565 4394
6459 6233 59899 5133
3363 1138 83735 18138
9321 7595 94525 13288
8753 3087 58733 19907
2963 3516 60197 295
7662 309 68525 12320
2595 5093 52789 19586
4078 3250 72067 173
3398 6286 53067 17498
4046 8434 62870 17275
1184 3788 34731 5890
390 3498 47018 7996
6515 1457 95675 12975
1555 9467 43691 9170
7941 5603 92968 10176
2069 3289 94991 4011
6896 5114 85598 19193
9281 5419 55707 17867
7825 9507 61039 10976
2744 5388 20566 8191
9835 5834 78368 19703
1085 5131 36267 15563
8427 4440 96707 4806
9580 7110 43987 19094
8538 7725 86701 18955
4406 7595 64301 1353
8964 5868 46443 16744
7484 7477 9227 2981
1442 1387 33143 2439
8501 7062 95433 10998
9614 7584 57772 16151
7962 4449 27073 6335
3119 6137 99861 19917
3912 7665 19410 8266
2145 4913 83090 12588
9680 379 30080 6436
5354 8133 58353 13499
543 7748 69000 11219
6034 1791 47138 14108
4408 3794 76977 11494
315 1668 92244 19601
9218 2022 80082 5527
5547 729 55227 17554
5721 340 4449 7233
7890 5278 98998 2294
8712 183 49905 1949
7920 8766 88909 9083
2224 5631 98832 7079
8442 39 1478 276
6615 5460 72936 9100
3620 9339 65153 3818
737 7626 34248 10655
2768 7867 98326 8480
7511 2043 52997 17233
8876 1582 19354 4135
8365 1965 11453 1299
3954 1101 14866 10025
2209 8787 2443 17169
7800 330 51701 11204
1462 8156 10928 8649
593 4709 4361 9459
3724 347 6885 14233
7638 8407 19682 8735
1913 7274 40502 1454
6816 4123 69016 13865
2564 7555 71084 15586
5770 6931 45687 16089
1383 5822 77941 10047
5434 6255 36068 709
4209 9090 35089 1141
2441 5727 48631 3314
4723 6357 53860 1660
7991 4258 51021 16015
6570 3976 88732 11023
6535 5727 59608 2437
9386 2847 29929 17340
7165 2984 92350 2833
5177 3449 89210 17031
9786 9401 80088 156
7814 5523 88128 5803
4307 7992 76916 2285
4704 4275 21693 18040
7165 2542 27405 12409
6922 5817 45821 17523
1666 3818 12079 11872
4325 3880 96330 2834
5426 1145 84048 14941
3378 1571 71972 17579
4552 4 69939 13479
5916 8675 6627 12429
3731 1618 76708 8658
6948 2085 43527 10477
2817 6629 78832 16758
3095 580 45311 14347
1195 1605 41607 3963
2873 7245 86196 9753
7647 2613 80109 19730
8697 8554 96537 14728
4336 5 85672 7478
4829 6040 38823 13653
4772 4774 8988 1513
7573 8332 33149 14821
289 8779 46998 10137
7130 609 707 8897
151 3092 26656 9072
5903 6396 39174 3248
9140 7381 23169 11691
1448 8556 78644 3690
1746 9570 34692 14880
8502 1569 9022 14586
588 1221 71219 1710
718 4484 32637 3036
1909 8851 77557 10173
1137 8658 69707 11754
788 9377 67407 10579
6239 3760 89716 19659
4338 6037 30309 7012
258 754 47435 9547
9788 361 3705 17954
960 5693 22520 19490
4492 2064 17535 1554
2665 8452 17289 16296
8346 4544 78359 4516
398 2323 6768 4368
2818 197 5923 14330
6984 3783 99047 12849
5360 3579 86179 14674
8913 9487 37410 8734
4070 5235 85106 10120
7899 1377 1193 7308
7093 5930 80918 19403
8061 8560 29234 17583
9664 3865 1221 14423
772 8440 84812 18603
436 6563 85244 13735
2165 4142 93757 163
7798 5153 43926 15318
1349 8537 41949 128
5076 1515 3016 14228
2988 1440 59614 13351
1074 4200 68772 4709
2466 7586 79295 11707
3970 3712 91070 13778
3349 9664 90346 6265
8671 5746 56244 13240
1116 9410 33510 1725
8053 4722 19765 8194
3599 2870 74863 14385
4133 8542 54124 3266
9491 9248 78730 12761
3524 2258 84871 5400
1734 2713 34762 717
2161 2825 5912 6695
128 2524 11895 15361
7569 4999 77922 3847
8021 595 90216 9336
5977 3996 99488 15560
9372 6324 18108 4206
7975 6328 21382 10755
7995 8791 17264 6828
8169 6405 51263 2304
2260 2993 55126 11435
7101 5012 84726 16697
8733 487 59000 7044
3864 3911 85549 3853
4807 9676 67964 10673
3654 2959 83180 5786
4710 610 91227 14594
9134 3819 86331 958
3450 2937 95266 17494
7695 2016 9886 9545
2561 4288 90112 18172
6294 7876 48919 6500
528 4971 39179 4380
4606 4223 59307 12399
9712 9930 42602 3483
8610 4544 64084 14081
8978 1555 76578 15724
7775 9732 11203 14937
7921 7903 20894 17298
6152 4934 99309 17728
9164 6525 24794 17804
4146 9254 16526 11331
5586 475 91087 8090
4400 423 27689 3111
8079 6140 81757 8183
2605 8015 22032 108
3254 9153 77355 2762
3984 3606 41125 8069
2405 5900 60436 15839
437 3904 19722 10713
7690 8537 55035 15062
2032 2935 37806 4248
2263 2806 52749 2639
2012 3128 83597 18847
9169 3335 55035 4134
4826 6125 14278 10253
5206 1754 98466 15808
7717 5609 40629 11616
1613 6947 8838 12833
7890 5614 18091 633
8455 6627 99456 17862
8190 3195 31626 13701
8907 9629 91876 14337
1270 6446 57417 16629
4087 56 56634 7373
7283 5704 6086 18593
3906 1902 87407 18719
4324 3871 19224 10444
4445 4316 20079 2704
954 5708 7896 13374
5173 273 47180 11377
5434 9230 20215 8715
8551 1440 34146 14120
9583 9733 89773 3603
5086 1893 72608 8023
2471 7349 10500 7638
5295 961 37260 3223
2919 8801 578 16964
8897 6198 5776 18442
7033 7104 24906 13139
5656 4762 58518 13879
6347 2205 90499 16488
2981 9924 75416 13777
7853 5030 58036 9682
8560 3405 89549 19023
7246 5423 18037 6178
8081 9038 99629 1123
9796 6806 81137 13055
2932 5785 11923 2886
7350 7489 62013 11160
8156 478 67542 14553
2433 7623 24153 19493
3989 5975 46947 16677
5810 5389 87618 3761
4431 170 15636 16597
4086 8943 9048 11225
8498 3489 19532 17369
3844 2518 27734 16372
3482 9390 56939 6844
2681 1599 61936 5102
9155 5960 99539 8827
3904 9869 34996 152
8225 9530 1567 11117
7592 653 5340 10617
1039 1521 87714 2977
8621 600 59357 18846
7788 9677 65234 1886
9791 9984 15130 3960
2392 1685 25368 19504
1749 3716 22174 5774
5161 7498 21150 7037
2139 7879 79474 6706
8961 1380 33483 944
3207 279 97638 1189
4099 7278 15469 2472
1044 1542 87556 19204
4596 2505 91437 9111
9148 3570 81831 2928
7657 5730 24989 131
4810 1377 20836 17480
3075 1524 6845 1936
6662 9498 33212 7992
5917 7141 66429 15103
6315 1807 89415 13663
4619 8578 29777 3863
7995 9404 60208 5661
4336 6743 10248 15554
4652 8182 63322 15064
764 2880 65173 9760
4714 8003 466 4628
7480 1227 85387 6015
8513 8594 13744 4154
9329 2831 36434 3130
9445 6237 99324 1168
8541 1293 991 17079
7495 4754 24219 7034
774 9327 574 10239
3032 8147 70593 15132
8977 3110 91110 11287
5905 3103 10214 15331
953 7678 57669 14004
5891 7427 10900 19371
3579 3731 47608 3797
1236 4291 10224 14667
1569 2607 26197 11491
6799 5185 81664 6893
88 6569 36649 17431
3106 5875 89100 9571
441 3957 16083 13244
8747 4896 84085 16968
1807 439 46222 19377
7874 7648 797 1403
4542 3999 25694 1183
1848 167 9647 10988
9097 5371 45422 17100
5582 1787 3359 13595
4329 5831 58548 16093
6409 2198 22154 4056
4429 7652 58377 18878
7733 9868 91647 19282
1850 4479 39655 14701
2056 4762 44358 17418
9208 1942 91781 3652
1068 3378 62526 2314
1678 6138 93859 11272
8711 7180 16523 2043
9120 6018 10862 246
9477 2645 50981 1406
8284 4929 5605 18678
2524 3899 81338 2667
5024 1511 83684 4666
7306 6155 20860 11233
2150 6858 23773 2170
5715 6226 85508 15013
4576 9115 96761 2616
220 9371 24576 5920
3165 9908 10973 13627
6758 3623 75698 9366
9553 1795 35905 10532
3918 395 49846 15990
3255 665 89168 8009
7098 3020 36248 12623
9060 1442 40893 15525
5036 603 69343 12487
6824 6407 64900 5346
9714 8435 11898 16256
6791 4585 28252 13928
7468 2827 69289 9096
5477 586 27717 14529
2290 8813 49786 219
1781 5205 68289 3937
3530 7894 40381 6565
1838 4682 26833 10663
6014 3116 79642 5546
6462 3685 41166 17390
9159 29 79337 16532
1948 9130 5782 2511
3887 302 3076 7124
2831 4952 71599 2519
6579 3926 87548 15600
9805 180 4845 2448
2832 7864 48229 18571
8958 156 85792 10378
9889 5450 46726 14118
3883 9627 10008 18149
6439 3728 87830 2316
7506 4906 98412 12479
1383 2200 2302 8826
2581 5865 48518 9418
3561 9716 9045 14842
1540 4184 5405 14869
7740 6206 39168 10054
9071 8432 38584 9585
586 9177 5139 13878
4801 739 4698 10453
4595 7887 2618 2019
1732 6712 5176 13330
9013 1694 32452 12793
8407 8047 33072 9428
3094 8691 77876 18787
6167 8209 72150 13244
2088 3250 22464 18401
3537 7239 37593 6830
6610 5567 45101 892
8012 8141 40921 1500
5167 5537 56639 3121
8308 4506 89447 15822
9723 1076 50557 15527
4875 1167 98999 15807
3631 2981 72290 4627
9271 8448 79116 11409
5016 5794 76879 16888
5422 8141 58201 14783
8284 9216 19247 17026
9733 8562 35402 16535
8168 2430 47100 6287
5575 325 11064 1705
937 9423 35009 1607
9728 7904 35101 6115
6616 47 28043 7780
2599 1835 16325 8852
7576 8590 14667 10948
9571 4 80601 16369
3655 4957 9322 1127
5186 1582 77117 17394
1934 1310 62865 12518
7297 7632 39958 19846
252 2124 80651 8966
1069 6912 43972 4711
3745 2409 62647 14790
776 1527 18769 15799
4067 3068 76716 9327
6607 759 95271 15511
2536 1361 60053 6135
1699 6473 30377 10187
6141 2340 3437 7915
6176 4287 79821 9634
3501 2720 7183 13655
1080 4310 99119 7999
282 4256 51857 15869
3364 6184 43461 1908
6967 9957 31908 17984
7134 6785 13438 3555
1734 5599 7902 10366
9704 2928 39563 6077
1840 3420 43999 3510
1537 6097 78388 5439
6887 7357 87762 19034
3119 7062 56049 14764
3289 3141 60181 1279
5071 2767 64656 15753
2908 9205 59170 150
3500 1314 31894 17775
2906 8316 89806 9572
7400 6395 48454 7170
2592 4128 66380 18228
2774 8944 15333 15222
6895 2331 84675 1625
921 6756 87325 2687
9836 4795 92281 8679
1444 3761 1482 3524
5544 933 21307 9736
8873 3649 88005 8337
7458 5767 93771 759
7406 2056 69132 18280
6881 4238 42995 3482
160 1335 4779 17832
5345 8091 5739 13564
6619 9625 85159 13647
8609 1911 12064 10421
7068 963 78225 7348
7296 8141 6610 17390
4374 5735 5410 14818
2404 1114 88038 18704
6544 2427 27631 4782
1246 6051 14061 17552
5061 4107 42338 528
6458 4651 35244 3852
1102 7288 96648 4252
4872 2196 74013 4801
8096 101 82222 8247
1256 3675 10842 10285
6027 1796 5392 163
8666 4893 81412 4647
6809 146 27847 14579
4027 3326 74350 1989
7094 1468 91170 6672
8754 6381 3868 19887
7230 4921 90006 13300
2966 4895 78539 2761
5452 8319 77204 8032
4077 3164 87747 19983
5636 8096 41319 19863
1929 9121 18313 1041
3850 7802 39350 9035
142 7689 44956 7905
5742 2042 47715 19435
8901 2585 35022 12139
8979 1284 41694 3761
8191 3508 41824 15420
6934 2920 35618 19586
5612 1404 68696 19085
1070 9508 25811 19865
6424 784 27080 17187
6866 9623 983 141
4934 3049 72436 3675
2317 6694 29899 6220
5925 8536 52565 12119
1581 1887 33607 12694
793 8398 31268 120
4332 749 64104 7234
65 9064 72280 15151
419 898 26366 15316
1118 6059 11620 7083
3806 4685 29554 17556
5110 3682 16934 992
1593 4653 4335 19480
2286 5722 57993 5246
2982 3225 78326 1110
2570 5808 45586 7983
2678 881 18612 13959
2605 9855 61286 11270
1660 2702 29374 13685
108 6347 13640 16609
9250 3128 32570 12811
1530 1145 57316 2505
712 2452 23501 15017
8990 5343 63599 14636
7738 5249 94474 2167
1214 7126 92979 9071
7789 4574 90666 18702
8689 3811 79819 19054
7666 861 96298 1054
8637 2771 22400 2086
7858 9070 15999 17312
9419 9245 8765 2118
8053 375 92942 5184
4805 9644 67842 18980
610 3343 7222 9221
6929 6236 44974 16593
517 4275 28668 16666
7866 8658 62774 5058
4615 8320 36324 10295
874 3057 24408 1036
1831 4031 33176 3724
3103 4193 61151 1901
3245 9490 26766 9451
1139 6490 14803 1182
7372 5307 38681 12076
3915 7823 57993 4712
9077 3515 52930 7342
6816 8496 68573 17412
6736 3621 3436 3105
4607 2369 88986 973
6754 7585 70571 8649
646 7456 31176 18067
2851 6678 76322 19151
5060 8811 21449 13469
3515 3878 15996 19742
9775 2065 73236 2823
4550 1382 17730 8852
4159 9732 18747 953
6421 2542 70642 4758
5589 9996 89060 1600
1399 2304 59862 14599
608 2136 70844 7895
9969 4026 64178 9201
4677 8518 56446 5482
8555 8512 6492 1241
1885 6204 19972 19417
739 8966 86119 3338
6129 7360 68597 8432
5524 7635 63629 18408
3705 9766 74193 3646
3206 448 78866 4800
9777 9405 30852 200
3571 951 79197 17047
803 85 51968 8399
7301 4437 66351 7742
2046 6577 49353 7712
9564 4355 96358 15529
1721 2756 74075 932
359 6021 25000 16739
8679 9282 91488 12274
1411 8196 15684 9656
517 2835 55968 9741
9329 2577 46606 2019
1029 7039 77478 9019
5518 694 84646 4921
4774 1052 11767 13818
8914 9738 38046 13684
3281 4521 23703 2332
8581 698 25305 6592
1341 1253 98737 1080
3603 7060 60083 14440
1916 2985 1950 13626
3066 3297 92368 2166
7482 3133 94393 4917
227 5765 11895 12163
7336 9451 96741 3613
3918 4002 30108 7512
2825 8390 18869 13641
5719 7867 61505 15813
1986 5642 89786 19543
7788 3555 21583 1237
2617 1163 52147 2186
4010 2751 82418 6972
3880 6957 17853 12216
290 2217 4449 8521
3415 3886 60161 15468
9077 9484 3452 9945
6404 9311 75912 19111
5039 9977 63915 13800
1675 9761 73551 19948
5979 4998 1633 1988
1209 7547 31330 12863
419 9053 80298 12032
2704 8793 63200 15982
209 4563 13588 11044
7903 4863 47438 13121
351 2690 62353 15624
8332 3780 91990 2923
2927 6523 73704 10959
4956 5133 23777 9579
2165 7989 34824 15565
7307 4671 94302 12429
4576 9918 27059 4414
8404 6381 43014 10702
4250 9775 77487 11919
3194 5728 23295 12139
2431 3639 54413 13465
8532 1232 41617 1233
7945 9416 42250 15903
2801 8463 58608 14552
8313 194 44258 2914
2512 1664 15468 4903
4915 7079 60720 1985
9642 5286 17086 13964
4119 5960 56386 1775
8348 5698 21606 6121
6135 7126 10836 4085
7226 3073 86262 11436
3012 1749 66839 7086
3714 6856 20615 7459
4097 408 28808 6558
6875 5591 94747 4075
4301 2374 65949 3884
1507 3844 37604 18251
6723 6968 24121 3336
5403 2259 14852 14467
1006 668 75892 16391
4590 3307 29945 2268
8453 9578 10897 9878
6136 9168 41053 1183
6522 4218 5616 19561
5997 9448 42915 10226
5140 1259 77557 16764
3716 7809 79280 16018
7021 1379 37882 3033
3433 3513 47262 16953
192 8522 36481 18535
4357 9719 41501 19256
1872 1961 13862 12673
3787 1331 21020 7164
2097 5646 70530 16387
7811 5557 14959 5382
1043 6754 26978 17720
4531 5693 65468 4250
5461 6275 92307 312
9655 2925 11010 12448
5054 331 48537 8264
2945 5785 11136 18064
5313 19 18455 4166
7729 6563 9057 17571
5305 2088 9318 6355
2985 8357 82778 2206
9998 4688 61550 18358
4152 8748 76142 9002
8078 3793 72681 7798
3335 3423 1805 8093
6969 9469 89834 19434
3315 8759 76095 3755
7181 1993 55 13312
5121 8677 67456 9
6739 2747 49638 18241
8591 7703 11873 14340
5474 7914 89973 10109
728 7329 69799 15453
3773 5681 54903 7271
2236 4651 85674 5105
1733 3284 87615 15893
1039 6508 77454 16822
9053 862 34156 3023
4901 1168 13959 6184
2934 7435 51606 16006
9847 3461 35070 10846
2252 6431 67178 2951
7723 3615 64391 16392
1733 1996 37761 7596
9429 8758 572 7203
4403 2842 72255 1744
8829 2420 83786 4503
6276 3534 92287 1461
6911 2298 24513 7819
3468 4638 57631 12005
1798 8370 98487 11098
3274 7844 12476 13590
1563 3166 59959 175
5161 207 99351 14466
5279 5891 81644 3478
5430 2807 82159 18308
5434 431 64480 7638
4414 893 5661 12775
9800 8354 63698 11624
433 103 96447 17141
1700 4941 35798 14052
7256 9032 7922 1950
5786 3502 27990 3673
5294 8077 94894 649
8513 8938 329 13945
4773 9648 97839 17963
7645 1227 48147 1153
5812 8372 18642 32
3222 3933 74395 10877
4050 9388 30822 2661
1206 8956 36966 8532
3569 8605 64558 7783
2981 4445 28355 5296
3838 3274 9746 17171
5083 5305 6850 10630
6789 7464 99851 834
5279 368 93818 5869
3171 1185 87432 15123
5643 2835 6834 3486
8302 2524 97301 3193
2564 3190 1939 18600
3824 4951 20564 9787
1035 6916 24892 11038
7332 7324 27052 16573
7013 9833 17989 16939
4484 9024 88980 6770
5195 8978 84675 3146
5445 4771 49760 6311
5970 891 61491 4084
7996 7024 41972 18
2718 6627 64281 6323
3677 8241 54696 11837
7955 3486 68227 2142
8154 6506 80939 11243
4708 3610 56779 5460
172 3113 72261 11137
9909 6008 87407 6650
891 8829 81521 13249
9692 1791 18796 13397
5869 3761 11572 3543
4765 5779 36699 13653
8965 2717 77751 14146
1399 3092 44888 6338
5443 1149 98259 8017
6378 3579 12192 18607
8945 1150 27531 17231
3201 1797 89543 4503
3865 3877 38794 3345
4548 3753 79999 1422
9266 7081 9221 9883
7625 7367 96856 15191
3843 355 51437 18639
3806 9531 80987 8391
71 271 87194 5297
6615 8307 30943 11744
3069 1185 25034 14927
8394 5320 10280 6676
3865 4212 69958 14378
4414 2423 30153 18373
8180 6343 90034 782
942 727 66444 5808
8784 147 90297 1242
2358 4076 98481 10420
1716 9341 34050 3761
9340 8330 59762 2955
4877 5567 38993 2148
7114 7952 22116 145
6466 1045 43453 8964
1544 4322 18685 18496
1191 303 53430 8970
3255 8490 35363 16928
7043 2488 88028 12394
2915 2166 69700 3966
5770 3380 40320 227
2739 4500 8342 740
5542 3117 37672 17469
2879 6874 76903 421
2603 118 58939 1196
9213 196 61861 16183
144 3301 75778 12896
5158 4402 20097 6945
6202 1742 59624 1153
5914 7857 79460 18493
1792 5543 96342 15757
2032 3863 18193 1835
6467 786 96747 14726
6406 5669 15253 798
731 8909 41231 6565
2817 4932 86047 1265
3125 3219 88447 18611
5936 2043 79058 9530
6293 4348 29418 3799
8652 8655 24352 7126
1695 4163 74529 12752
5386 5745 29591 9126
6684 2127 7192 15950
2716 5982 41843 19909
1627 1208 18351 7919
3841 4112 61108 5397
779 6329 33488 15196
6543 7579 56698 13617
6572 9486 537 11617
8874 5271 48594 16987
2288 9933 59947 18698
8247 8452 82623 16562
8465 8967 42613 4142
6338 7143 89216 17373
1902 7894 41581 3616
752 279 49859 17475
5011 5822 57422 1762
2830 6967 10465 9182
908 5050 52249 10781
5841 3149 56400 6699
8210 846 67201 3167
4708 8713 823 19304
2880 1527 96985 15179
2943 512 11739 15827
4427 8919 98767 11796
6045 3973 91538 3385
4091 9503 35668 12870
3614 1065 81390 2185
1248 5355 13032 1092
3733 5350 86260 2644
8636 4163 15089 14698
4458 7938 46540 10929
8572 2708 93807 3108
4124 4811 50297 16405
1729 1207 71494 11763
3959 298 24498 7961
3298 9165 8658 3675
1516 8847 22817 981
2648 2740 71015 12591
4601 3633 18742 6758
7237 4280 64653 893
3084 6811 89143 4622
26 138 8765 5261
2917 3796 6860 19834
7519 8795 82053 16026
7743 4801 29458 10204
9706 1670 27835 10363
8285 1226 21957 8575
8561 7606 45250 1102
8635 373 23074 18051
9352 3079 41401 18623
6806 5152 53957 13642
1580 6627 72567 5968
2710 6632 89505 7765
2861 3945 22345 16042
7175 8703 49211 4855
8521 7424 12745 12673
2171 3320 326 1202
8206 4422 61611 9271
9041 8448 72908 11096
5620 9986 38768 18208
5842 1225 78025 9280
3608 2087 21316 6097
9071 22 69127 11737
5648 3549 53727 9322
2325 2042 85592 10388
5966 2151 71823 1098
7896 3604 95091 13144
9861 6664 29817 6731
6378 4218 58246 12403
4171 3968 56943 4945
1261 362 33530 5944
7772 2950 63519 14265
9779 5304 39206 17734
5737 2647 93519 6244
1281 7862 16547 5496
3366 8047 50073 2005
6283 167 54935 5853
4443 3405 36681 2584
4945 7034 60319 17632
5478 1161 79214 17825
8119 515 70277 15740
3932 6547 38923 13192
3577 4437 9132 4873
8985 8588 19911 1551
4988 1658 25894 18418
8811 5551 67275 19035
3302 1054 70724 5915
3792 475 45445 10992
8308 5570 54740 11781
7752 9426 15302 17185
1460 7140 1297 1513
3687 8055 98874 11089
7825 3624 22883 18366
5975 3802 40799 6209
6601 7994 98722 15935
9651 8295 81867 2516
583 5082 21876 17590
596 7698 27281 16573
392 6974 9559 17931
4493 2754 40092 7678
9195 8700 99088 10428
6734 6506 73495 547
9377 8632 20237 12448
9517 3479 92657 14810
5451 1455 84780 15492
6223 7533 56695 14782
7420 5448 92927 16230
806 2019 439 13708
8762 9350 90097 3096
1988 9206 85059 5089
298 8364 61721 2288
5862 7262 17373 1969
5707 5695 16089 10227
4535 6899 64520 16787
8966 9941 53888 11758
9226 2878 16714 400
8947 8072 20525 1619
6484 3304 26095 14255
5766 9408 52592 7772
1031 7132 1570 12504
9193 8657 92151 6390
7583 4356 73182 4122
3602 1930 72361 9653
5076 6021 54442 785
192 9056 79866 6353
1195 3124 43068 13128
9141 1151 86770 18559
6043 8331 16251 11577
16 1196 81517 1186
615 8732 62252 9491
9443 5801 54001 13476
6508 4943 33352 14581
3585 6551 4992 4472
6981 842 49023 18141
5501 1541 68151 9958
4760 4116 9164 3320
112 7542 85879 10600
8445 5346 81044 1429
4099 1050 42651 12302
836 7596 20598 13832
6278 9034 63587 9000
8210 5904 2587 15076
640 847 9483 4868
7266 2614 11302 3775
5396 7105 16772 1614
2019 8075 547 13991
8285 6675 49636 19543
6639 6259 8350 18934
2973 6532 32950 4082
8796 602 83037 6866
9092 9592 4241 19100
4285 7328 40780 8679
3715 8422 65373 2998
3683 1841 12566 10831
9757 7443 78766 12851
4991 1273 87918 2336
9612 7901 26618 13293
7102 1079 67459 8285
1436 1805 74944 17591
8431 7359 97046 18178
1670 1692 62312 6120
6095 9654 542 5788
9961 229 84231 3747
8995 2114 82393 4643
9841 2857 88563 6265
6432 260 90008 4878
6807 2191 51525 11345
7111 3404 72324 6806
765 5657 53074 1622
2596 886 73406 19009
2317 28 49602 14972
2228 6774 63735 556
9730 4243 9167 13474
2803 9450 57992 10700
9224 9993 42623 15726
6606 1660 21011 3378
9793 3961 45552 19898
3397 731 14108 9821
4461 9975 63882 4553
2370 6756 64689 2836
3231 6288 87776 10348
470 7414 67848 7725
2221 283 88113 537
7247 7073 99251 9123
6197 166 84831 3765
5777 4921 35217 1681
409 9746 77050 15496
5584 7828 99706 11708
4294 7930 4425 8452
4971 4995 24336 5698
6570 283 93501 17627
6784 9775 75122 13496
7518 3882 70906 8998
3728 8639 76835 10037
5912 2948 62281 8698
4362 2370 64530 9149
5411 6127 6333 567
8268 1775 54859 16877
5591 2118 60817 1482
7517 3080 99775 15357
8478 3542 1911 14406
2736 5565 12101 17690
1152 5193 46836 5274
9619 7407 88345 15861
8666 7330 59028 17893
147 616 66051 18223
9080 3405 79631 8536
3811 5397 41788 1438
1416 4716 69657 4742
9284 2633 5360 3111
1843 511 59475 10398
4074 1158 5868 2360
7181 5759 98252 10572
5588 6558 49939 9278
363 6069 93590 7029
306 6315 19275 4600
5601 4403 62496 14753
3536 9482 37866 9916
9129 1596 41370 9782
7448 6725 26181 4780
9009 4999 86276 2587
1205 8788 95061 1028
3139 6355 49212 19600
6846 2982 24346 13446
223 5977 6314 6490
4641 5635 70642 13134
7773 1270 63796 6434
3398 5324 81107 13172
6756 8796 54346 6286
2657 7983 38723 5650
4622 8576 24121 6954
1831 836 96715 18558
5495 3924 3186 561
9865 5616 29921 15164
6150 7416 7828 1147
9366 200 60213 18722
4503 4804 15066 10553
6987 3831 65239 18678
8834 8822 68758 10791
4045 7570 29501 17434
679 8331 44005 3073
4793 5433 61590 2840
3444 2926 2519 11373
210 1238 81699 18065
6196 2701 14537 9248
4484 3406 35046 7513
871 2858 39196 7038
2361 1963 82743 16515
3378 2065 89357 2481
1698 999 49593 7119
3625 3538 63898 19230
8070 5795 26906 16872
4525 8526 61210 15919
3646 5962 83534 3138
9610 847 5190 16881
1431 5089 29790 8200
6196 6052 52520 2350
61 9460 29658 5577
8638 1525 89908 18478
6839 2242 25057 3231
3554 289 16535 4427
7871 4949 3665 2017
2025 3494 38574 1654
5828 4023 73183 16574
1247 3994 80539 15543
3673 979 18957 14111
8945 2022 53587 277
2687 4879 28634 3348
7566 5969 19714 2539
6913 3819 36109 17418
9253 9267 47804 1168
5936 7497 12776 15747
8521 289 86428 9041
2366 1768 29169 3172
3170 801 38494 16044
4389 5207 9503 18208
430 3094 77826 3031
9658 192 36667 15952
6970 5558 14457 7008
7150 8164 3595 3860
6383 846 92931 5683
7775 7372 62655 6038
6017 5610 20437 469
5801 3428 13142 1824
8796 946 95810 13290
7045 1180 69972 6933
2780 1899 45147 9290
8476 7804 8682 10685
4796 1644 16913 12149
5453 5413 67053 17346
259 6695 53511 9035
8206 9507 41658 259
2731 2542 11924 1975
8798 6996 18377 9361
3939 1809 52823 5865
7954 372 82397 4891
2516 6619 48696 13525
3121 6344 80929 2537
2850 222 88506 8964
5205 9981 48753 9029
4998 4215 18334 7289
4498 3833 53137 1535
1212 5479 65090 14392
4357 1122 37255 5521
4792 7736 96776 6832
3978 9255 78202 10224
3076 8928 58439 16779
9150 6522 36010 19247
889 9113 90178 8359
7037 1990 52973 13134
8494 1789 39202 17957
3872 2536 6826 15267
590 7568 25141 11855
7249 5049 27631 3422
7047 5488 38297 2381
2432 8665 69524 15593
6625 3272 11209 1265
4255 5945 32528 3777
2123 3504 71024 12901
5137 6988 91812 11625
2642 3645 55586 10613
9869 432 77971 5096
3870 507 80366 2631
7442 215 78244 617
8152 6966 32035 2294
8118 9982 41428 792
393 4598 75630 19253
7505 9633 2799 13235
2674 4190 72702 8643
8407 3765 64345 2850
6456 3271 3210 3541
414 4956 76394 18166
6157 7111 21970 7220
3358 5583 97416 7046
8915 7693 98083 13465
5612 5599 94591 3059
7969 9226 28212 17881
624 9564 74505 16401
1999 1263 61226 3107
6869 4661 92258 3075
8707 4386 13332 1590
9134 7240 41916 9669
4863 6890 22897 16355
7078 7094 28187 12060
3375 3925 10591 7747
8303 8076 70360 7972
6408 1808 91613 10774
6006 1757 62574 7287
4199 393 67614 14898
2126 2282 7597 4078
6445 9726 51199 16021
5098 8873 61317 5109
3641 950 18534 6885
4469 6675 36197 2301
1735 2737 85756 9659
3606 3987 92857 1898
9888 3924 34003 8735
5448 6368 58333 13849
2156 2853 39114 6658
5818 897 83872 17831
3803 91 42070 8724
3487 3860 39288 14074
1893 9915 89497 18853
4061 2392 24697 9834
6446 6542 16448 17295
6334 2276 8524 19826
9781 548 61638 1856
2771 7685 52983 11894
6561 1895 11371 14693
6374 9854 42571 17613
1890 5361 10533 1237
6543 7288 19949 12247
6493 7488 55084 1197
8649 6517 20220 13568
5084 951 36601 2000
7586 1310 24107 5876
9514 1484 19784 16512
8669 8322 78669 9166
9859 6494 20729 16025
7255 6296 34191 3827
4374 8496 80757 19297
3608 951 80027 7702
1254 818 949 16704
1236 7803 66414 2005
5034 3541 14291 1680
915 4155 74165 13352
2691 504 37528 11901
8798 2523 1803 19652
9076 2122 57113 7381
9753 7448 53152 12824
7593 1051 9806 1693
934 3678 41281 187
7821 7856 26380 19109
3493 2409 27500 1453
9459 8068 19729 14101
7298 3039 76418 1634
6927 5914 41428 7848
1167 3404 40950 19394
6984 7660 51121 2070
9122 6451 51058 12407
8309 5083 4334 16909
2206 9695 28975 1685
1279 8837 76581 5217
500 408 41896 12899
7748 3525 14335 15509
4270 699 5648 16589
3263 4459 88121 2272
303 6202 6269 7415
3830 3991 25907 17345
2277 1480 84902 17291
47 3128 56883 13928
1193 4504 83806 10025
7458 4606 55210 227
9683 4080 85715 622
1222 1210 67622 14950
8617 839 19537 8928
2751 7555 8743 13067
2253 494 15396 5152
3569 2935 28609 9721
9546 1940 55549 14973
6771 4956 65880 6817
8470 9656 40117 12598
4381 9945 71275 15374
2953 8925 16955 17348
1827 5539 61933 8838
3479 292 86584 15312
5288 1151 44050 48
1289 6860 75521 1095
3488 6200 93105 17460
3840 6739 98450 6785
3068 3204 32674 5234
6186 3291 20788 9858
560 6154 74424 420
7559 8442 40132 10843
6824 612 316 17230
5276 3075 42520 13259
1120 2848 2913 12170
3922 773 99446 10371
907 5152 86735 11800
1424 2370 31450 11103
2971 8562 3593 18634
855 4476 58248 9318
5841 203 65173 12723
6928 8051 87021 158
7746 4792 80803 2525
9803 5236 97080 1780
4517 9989 88484 11866
5370 4863 4522 11455
8735 5839 84190 4189
8376 6452 94498 17360
1202 4150 77021 16233
326 7833 96059 9274
8156 7249 26248 10069
6744 2033 58603 14197
6468 8525 33180 1731
3276 3091 1733 8880
7905 8860 45216 13440
5076 5346 58191 1623
8875 2957 94748 12920
46 548 8263 18235
4959 550 37661 5764
8273 8345 79627 1682
1495 2150 77381 16564
2195 1647 84413 17619
916 6413 39264 10009
9203 7174 81544 10576
6204 3523 45921 5255
1618 1476 35559 16120
3340 9386 87215 7634
6162 8614 89425 3269
9806 9399 98634 3694
131 1447 95815 1517
5142 1968 4943 15631
2186 3931 27495 1368
2819 612 93753 8493
3957 6491 28872 6042
972 1829 74247 3707
3042 3955 84518 13062
3871 8050 14577 3242
278 2860 50544 16651
4184 4061 97702 4620
5781 2695 80858 17332
9977 7606 16782 2788
3118 8468 24715 1172
7511 4168 12412 3290
4818 214 21212 1727
5546 601 53192 6466
6695 15 63485 19832
1633 4640 12486 11011
864 7968 32229 18909
7277 4676 23670 14257
6786 4612 76393 12746
8287 9911 26553 16416
5678 528 20296 15429
2503 4614 50083 6763
1874 7590 51841 8097
7123 8767 53678 16391
4156 6612 39369 7864
2797 2042 18413 13061
6441 9307 92467 13240
2398 8717 74827 9766
6525 7228 57870 18685
1165 510 93282 10827
5538 8556 60525 18109
2108 3288 4158 6182
9310 304 48264 5450
2483 9075 61436 9777
314 1399 49487 9294
6690 2880 71926 13777
960 7934 74521 15255
9002 5938 86207 3613
5882 827 80390 12580
2950 3204 1390 1987
2328 3811 27873 1315
2324 6115 90428 9497
1694 5469 39626 7685
1446 2246 14112 4751
5319 3865 63504 9709
1191 8875 30511 11624
9753 3222 68540 3088
3286 8146 96577 5317
4830 8468 79027 15
8614 374 66691 18318
6847 3695 70932 11057
4814 2660 85691 19854
5164 6761 7667 14237
4303 1910 96680 6890
6387 4007 24134 3211
9648 7469 22657 10048
7494 1315 38046 5807
1547 922 83760 12871
7825 4068 24456 13400
2043 7189 4274 10332
969 5920 15272 8980
8183 6010 30481 16803
7444 2741 46218 10038
7157 469 22248 4847
8938 8012 71821 6983
4787 2735 88197 9901
5051 2886 73227 17402
5459 867 93930 1675
17 8436 32033 1480
4098 7153 99006 13987
6675 6327 67429 11581
873 2893 6267 5998
2648 8690 2693 5497
9515 9197 46472 5506
1960 2473 327 17505
6768 117 63972 6737
9924 1714 98261 10010
3576 6341 68155 9417
4820 8141 83761 7476
7867 9196 37390 1811
9793 379 16470 6206
962 6837 32243 6807
4231 4617 32506 13819
2693 8527 19949 14445
3159 9660 15878 17434
9821 189 41552 10115
3395 6820 12277 5932
6296 9134 83192 7940
5140 6162 32558 15044
5146 2855 483 6611
3205 3449 24534 3734
5334 3286 75992 3880
89 6584 21771 11930
5578 1102 32980 15090
3048 5319 89783 12283
3709 8632 69710 9363
353 5540 24065 12978
7741 3929 30064 3805
874 3205 20351 7925
9510 4157 65882 4426
7279 3609 44380 16286
9118 464 506 12426
5976 2796 60843 14123
1299 9063 41646 12106
502 3452 73141 6637
3169 7124 34883 8953
6051 8021 94315 7705
4148 3319 19142 12553
2118 9642 2454 5323
5498 3354 52501 3567
4534 619 88056 1581
2978 5094 39864 13375
4773 3771 70522 4836
3130 4674 65624 12010
2838 9220 26091 9466
8114 2168 43311 13061
6295 9929 82495 13581
6577 5720 65358 14692
3738 3193 69465 4596
2821 6593 36517 11051
8019 4396 10172 3065
7172 7248 48607 4670
6491 5600 10980 13477
2633 6729 62830 9518
3487 8713 77099 577
9271 8479 73285 15844
7140 8241 4180 15773
9121 7746 20676 11655
8947 7551 39961 5698
477 9966 62913 18569
5703 8731 42812 5861
3502 5854 1170 18199
4915 6576 62064 1451
5565 823 25399 15756
6045 4326 37438 15083
8254 7912 70345 18976
9275 7110 46928 17021
7324 1464 96747 12797
4848 5980 6882 17729
7866 207 30243 8024
6852 5743 94888 18267
1437 6039 35419 2140
1681 6527 70524 1764
2149 6443 84089 13398
6871 2590 23110 1842
3612 9803 55740 1104
5342 1630 85199 1532
7754 143 12249 16664
9155 5375 36043 10793
1107 3952 25832 6386
8191 5171 17208 1843
285 8961 6611 9750
2085 6191 70600 15495
5518 1800 42005 11844
425 91 79321 16248
6377 1407 72671 777
567 1267 92988 241
3984 4299 38051 19681
9787 6817 63668 18850
2943 3771 72272 18789
8405 5464 71141 9542
4372 6638 43341 11881
5277 5248 98883 16998
3007 5056 35757 15285
7535 4639 44513 1065
8186 2469 93168 18805
9109 8998 79038 16456
3303 5745 35807 7602
1169 725 10230 11845
3359 7645 55817 8438
7956 2477 86465 16972
5202 756 71028 18948
422 4973 31305 14416
2261 1399 11889 8733
6173 4224 30662 204
8549 2345 49527 14569
4663 5267 99242 9285
7755 4724 31438 8781
8898 7643 85502 2430
3080 9630 71304 14284
1722 2121 7058 12024
4405 3999 3864 12587
1666 6425 12966 19871
4427 3564 81274 355
5084 928 97226 18880
7746 1511 72173 19341
4175 907 85861 12488
6065 1747 37174 13947
8426 1341 34935 3573
6154 4067 9129 2626
4545 7870 8298 10564
5545 9176 466 2046
2440 4143 54586 10343
223 337 59195 5597
9149 4230 71692 5089
4590 3785 29766 19002
4578 1531 41373 10762
5033 5752 94339 7528
4490 5181 1118 9197
3083 4745 45700 12772
8609 1477 88867 390
2146 8894 73049 8925
9786 2816 33956 19581
7825 566 32341 14061
5563 5111 99053 7810
7307 1161 24235 17129
9649 3044 1765 17784
9895 2904 71719 13312
4394 2875 88430 200
6096 2283 12962 6165
9504 4426 90208 18063
5858 5367 59737 5893
5345 9179 49399 1906
6372 8565 84854 11550
8643 6722 55833 16479
4387 6216 64474 9001
3004 3904 45120 9794
5919 464 82723 7171
9124 3779 53640 8677
5008 6022 36869 19743
1529 513 29025 3105
1543 2117 51319 2635
6984 9744 54119 13784
705 3513 78465 14582
8969 3277 91050 17276
5479 2534 28385 1149
1432 5802 9468 254
907 1410 25724 3854
4711 5149 50139 8722
6200 2477 2039 5996
8220 5718 12873 12175
554 11 89899 18743
1728 9326 34548 17937
88 113 18361 11259
4033 5357 34507 17267
1023 1035 5004 14541
1917 3655 19704 6775
8796 3849 41715 6231
6210 9905 89111 6484
1271 9455 2833 16856
72 9025 65183 16288
954 1183 90162 12884
2843 4315 53524 13314
1350 6284 81325 6094
789 8423 57854 17353
4552 3385 72869 4904
4362 3148 7057 12129
8404 20 32355 9830
3471 4994 35048 5364
6595 4734 65262 10921
6324 9728 91688 12696
4531 785 57646 11174
6069 6822 59904 19241
6690 2567 491 4696
585 8506 50091 2073
4092 4715 52164 2710
366 8176 88159 6534
5999 1420 27655 6030
9836 9618 25657 15924
4202 285 82781 13310
5357 5443 34554 1611
1416 113 14007 8003
978 2332 8648 8049
2924 3790 94763 6252
4030 6928 3229 6526
6490 4520 18008 3023
2170 9042 14717 17794
5706 4132 61634 3400
4325 3536 84641 11432
9023 7973 62932 5471
281 6209 8203 15876
4940 2282 99045 14133
5764 2056 13549 12923
8785 8090 87770 4396
3389 4518 12824 813
1342 7687 59776 6325
8336 3145 56242 14588
3233 7670 11158 19193
7437 1398 76760 16076
9772 2264 83823 4807
9899 2554 34272 7162
9207 1502 77895 5193
5996 2293 54677 6102
9974 1144 35171 7980
8246 3202 91997 11303
7217 838 99544 16328
6158 4342 89927 5965
2375 3442 5006 107
5302 68 844 16143
6097 7383 21779 14133
1431 5507 72170 4000
9318 6801 44745 116
1901 2233 24513 19847
623 540 311 786
9411 2711 21035 17388
4370 7976 27118 16160
9491 6975 28886 5059
9405 6445 47691 12755
7405 2018 29590 6182
8746 7883 39086 16513
1206 5302 48858 9235
4716 4424 13859 7332
1648 9441 64232 8167
2958 9465 77191 2207
1334 6185 55764 18546
4352 6090 12668 10759
3645 4719 48217 14751
844 767 96918 403
8361 3225 9157 11373
9791 2202 98171 14345
7563 115 11039 16074
6288 5166 76657 1265
4281 5950 89953 19619
6321 1688 81059 8065
2270 3911 80044 10821
6191 6806 27727 9718
1526 2464 9778 16615
36 5404 76211 11231
923 7580 70305 19313
7089 5013 15105 10145
1911 9089 93729 18175
3903 6683 42307 15943
764 1950 92144 11464
3703 6857 24414 556
6978 6891 82115 10944
7433 5202 42847 13070
7133 3867 67122 19819
5454 8204 37646 1284
5797 5903 68739 7429
1971 7541 14504 12268
711 820 94720 12983
8785 6278 62545 15586
9947 571 46638 18113
1543 8153 1613 19132
5974 1321 5627 12248
735 7880 81854 11500
2615 2753 20194 1805
8054 9295 85320 12425
4401 5335 92275 6528
6908 4419 32714 16240
183 5178 49915 2379
4076 2772 50514 4308
5127 5434 28426 3310
7700 5466 34234 12287
8519 2038 56038 5479
7232 2405 80932 721
1648 4940 53554 18756
8097 4455 39306 13818
8498 256 98186 10057
9319 3683 6177 12768
7449 4198 46894 8994
4992 5005 54315 11795
6735 5496 96612 15874
8754 4309 63824 10821
5126 5900 12711 16206
2152 1801 48578 10602
2881 5074 38330 18667
2839 717 5846 4707
6387 1541 564 3487
2077 4840 30897 4755
3667 5585 70911 10825
9083 6466 44363 18774
305 9279 34107 4646
8402 3328 6767 1916
1146 4955 47131 14199
716 1362 87538 14030
1187 3579 89716 5317
4130 3639 7389 8514
4380 5947 91036 15856
8864 542 75480 9374
470 7349 56672 1970
3497 3690 38937 11318
6783 9342 78278 15843
2353 3826 8396 14976
2376 5031 91345 11133
8387 5407 7649 19059
1215 303 58687 10396
8665 4789 26291 1706
9574 9959 91490 17963
6379 189 31074 4536
727 3196 68436 10916
373 6286 54804 14499
4316 8554 65279 8078
1582 1459 43992 362
7739 1747 26308 17453
7912 913 40771 14014
4976 2078 6264 7345
7819 628 51409 6478
5504 5600 73509 15310
9009 8172 56662 13934
4951 2801 33750 18025
7406 1493 67833 13231
7843 4163 50251 11163
6340 5144 61610 9422
3510 8570 40149 7307
6252 216 48284 5283
9757 5892 66541 13181
6531 2441 67961 2324
4468 2233 72981 19005
2519 1285 45743 8527
922 8258 74761 5731
9675 5496 18570 6737
8374 513 51458 6981
1167 7887 56004 16661
9934 5210 36881 17106
4838 8262 69277 14609
3918 3653 94053 6552
2268 6417 29423 1757
9110 5085 39492 13847
7824 1357 80889 18697
363 9884 31917 5525
5599 5721 8306 1553
2892 4307 2066 14228
7622 845 2627 19792
3988 2199 82766 16770
800 8353 25109 11575
4398 6760 35296 8135
5514 1564 96227 3754
3045 771 15996 9637
7443 8381 60746 11731
1811 4413 62402 15582
8427 4803 89073 1813
2551 5089 59022 7453
8272 825 52332 3145
5089 6377 82836 16354
4200 3215 488 12047
444 1853 52086 16162
3864 8788 38867 7946
7186 2567 23073 10989
657 7620 57592 14319
35 8380 96329 16703
5735 2085 77527 12868
7194 7588 62720 5609
8911 759 78822 10216
6974 5990 64143 19694
5383 5132 68737 14705
3494 6953 38293 142
3851 7704 27927 6519
5307 2850 64565 4919
9185 6480 72042 4800
4045 7319 97877 19827
1242 2940 70208 4159
5830 1322 87246 1033
862 4824 3776 14249
1310 3990 84793 18890
4967 5311 25981 5976
6508 1394 71610 5111
245 2608 26862 6074
1630 1913 21369 16507
6406 8056 28014 18555
2168 6623 29235 12340
6089 5194 58854 8638
2002 9336 7550 13922
8835 2349 82641 5366
8078 2720 12370 5827
5975 6586 30702 5953
1719 5311 17201 14432
1647 134 53179 16582
9642 9789 50801 13623
5458 2422 18187 10816
6391 823 30330 9095
5944 7298 40191 11287
3967 9442 87765 5762
2652 6734 68918 4076
4605 6023 42478 13268
493 7304 32318 19237
9412 3878 71781 4228
8237 3884 36821 19465
9812 4717 7940 7461
4106 1265 69247 19213
357 4441 21650 6131
1269 7142 44375 8926
9075 2289 83147 8989
1407 4665 7111 7385
6637 5805 8758 4811
2524 1437 82849 17574
2712 2172 68665 17686
9894 8182 94443 14030
8520 7736 55310 17938
4353 9713 48416 5364
8359 1232 58006 13021
2907 9498 73150 441
8461 552 68021 15603
4713 9572 93848 7008
8857 7547 94894 19906
5759 7637 52283 17246
923 66 77395 16780
6390 2706 57378 17849
6107 9359 4951 12142
8101 5965 21810 3161
4149 7214 48625 19034
8760 7732 26084 1482
6316 8928 40203 10705
1494 2960 19796 19710
6853 7539 62840 14799
6836 3964 97534 5311
5288 5659 16642 4918
6821 1181 2141 18251
7980 8659 20207 7682
7049 401 33330 19280
3110 90 54835 13977
5311 7326 65807 18379
9078 8148 56461 4564
4372 5614 29246 17241
5605 7306 30063 7910
3738 954 13942 11665
4241 2656 62221 3746
5811 7019 73789 16226
6848 1271 63213 10882
3866 2857 6775 5584
6762 2039 37383 11638
5290 3523 15906 15500
3579 7891 95163 10746
4165 4669 43360 2722
9815 2941 22018 12896
3710 2898 40974 17561
4147 3669 97283 19127
224 696 48399 15120
54 3080 1436 9599
3371 5710 30500 4229
5835 8674 32659 14408
69 8480 17904 4536
6963 5759 72440 8721
411 1093 5208 188
9480 5179 85345 1465
351 3354 30796 1150
1035 7075 53401 6232
9495 1359 19848 9696
2224 99 43609 17755
1265 8979 35117 18016
3218 1039 82590 16694
343 6568 22756 11425
8581 5328 94021 11780
9159 1848 98870 18702
3481 6393 15021 14421
165 9857 26685 1117
9864 1180 11964 9747
3272 5006 62215 9077
3761 9499 98482 4898
3087 959 85325 12097
6046 6678 6797 14288
2302 6098 45438 2441
3972 2028 90074 14807
1619 575 19234 15089
9355 7523 98920 1798
1054 1487 3660 19212
3162 5520 8827 4781
6895 3693 58163 7680
9900 3306 93059 19830
2979 7308 26140 12711
668 8927 80062 8562
9431 3848 73306 8879
4229 3532 2643 324
4306 6147 59811 11378
9761 7451 57261 3838
8298 331 71215 10105
5676 6695 72772 15634
9445 7464 74825 19835
7448 9675 35136 226
9788 4824 34371 4308
6044 1604 82197 9589
5912 2658 4203 18665
7769 7113 93089 19847
4340 7079 25065 15635
5063 8606 34854 3213
576 5345 58868 5892
6954 155 82175 8416
2056 3540 1846 9322
1446 1631 96518 3219
7086 243 91536 2374
6927 5545 14420 5480
646 428 2342 3435
6479 6538 89664 11092
2646 4331 60518 7527
7274 5596 71147 7122
2456 8882 21388 8352
6316 3364 84269 18613
1906 3010 32669 7423
4567 8541 81334 8992
1637 2658 9924 19702
2482 2178 10104 11665
9848 4413 52724 18372
5898 8643 5361 3453
964 9554 64339 467
6024 290 56392 624
9223 2434 24133 7156
3235 3335 76951 1231
798 1292 61722 11325
9645 1113 72751 18305
4641 6299 18796 24
916 8208 24385 2560
8728 7520 55326 16291
6965 9011 58575 16326
9332 7124 44694 14425
2796 1557 30814 4985
7001 6143 50714 11245
4847 2890 9727 8938
4604 567 64182 6185
5782 3885 16637 3966
9321 2693 14358 1632
6957 3420 25316 15298
1806 7542 66591 10038
7726 4633 6709 1237
5799 8243 64000 1236
6495 9665 20 19663
2713 1827 30299 15018
8512 4228 15403 19977
1024 3256 77291 3430
5457 2854 92637 11533
9522 6162 11015 295
5443 6273 5139 2734
2225 1730 40833 10327
6801 3728 88280 561
7800 6801 48697 11041
5450 276 51991 7601
1433 9576 158 2492
5974 5175 41012 12013
4863 1230 88681 1272
4735 1129 89092 9057
5710 1869 19776 4571
2117 7528 29074 5143
7167 3921 48525 9806
6315 1012 93248 13018
4286 3529 36375 5143
8426 6520 17040 10495
8413 3907 41864 3292
1981 1597 69705 12960
4147 213 68021 15845
6829 8919 29904 7174
1934 4696 52507 11919
2403 6621 38051 12231
6897 4092 51097 1515
8302 9579 70852 2626
6653 2559 17217 2463
4641 2529 95146 614
7759 6695 9470 17020
462 2122 37144 14996
7420 8456 31341 18271
952 55 76625 3815
7607 5521 74457 2056
8717 7846 51286 13882
4555 3921 14120 18935
1452 1717 70505 5523
7504 5220 62497 18204
5726 4723 53624 17309
2889 2514 97563 19907
2494 2527 17633 15961
2627 2961 45509 2324
2519 1690 55697 9110
1982 4519 62476 14616
9575 260 55573 8806
8681 36 62889 15150
3667 5360 53648 410
8879 6289 93134 17865
7790 1191 13154 1075
6900 5303 18437 5270
7703 9381 45856 2400
4552 5915 27752 19619
108 8834 8911 861
620 8751 39221 4323
6458 1351 36411 4799
47 3780 50666 14980
6533 9899 75529 18924
8028 2553 18242 19120
1050 9990 79807 15992
8206 7645 29179 11446
2234 5137 17708 13409
6500 9932 59489 13401
9826 2340 16616 9536
3877 7503 40031 12422
5045 8519 33790 3280
265 7511 46404 4976
216 3662 74748 6812
7633 1974 9080 5653
8856 6804 43227 15049
469 8927 35087 10732
7092 4134 25561 15855
1997 6231 95597 5411
4815 3863 92978 6383
3490 2805 13101 8625
5515 6912 49766 8729
3070 7718 49026 12626
5266 5103 88934 6794
2871 170 28238 5104
9794 9183 34917 1985
5824 684 38399 8905
7316 8045 12249 13070
9793 8609 30358 5825
568 1501 684 4053
8496 2696 27835 5659
6220 3045 92583 17952
2773 4031 17618 1184
6195 7579 41010 6323
216 4449 5316 5873
4474 209 6406 2268
6748 4482 84094 12771
6628 4179 410 16170
2891 7328 28755 4855
8276 384 70119 5541
2430 6824 73824 957
6358 9888 64605 12723
2084 7660 15411 19488
4642 5435 33516 18860
6696 4424 33494 15607
2613 1385 31312 18653
3780 4536 35828 18955
3065 4754 7054 3808
9930 8476 54698 15413
6332 9554 67460 4731
5817 2685 71429 17912
3553 6228 33574 6546
3403 2145 72648 14318
9304 5434 48872 4795
6336 2075 12474 5571
8063 4050 64927 13942
3281 3405 11661 12042
6974 3732 95489 4332
6635 1613 96913 4374
2920 3915 71089 7957
8637 7820 81212 6607
3901 3500 36669 15344
196 2045 27757 3970
3564 1071 48992 13444
8611 4541 3025 13113
5089 9017 45087 7061
8127 8961 27523 9390
4778 6789 31148 8900
7675 8378 22715 151
1714 6433 39961 360
4403 3399 46185 10618
829 5911 24162 11280
897 6838 1358 16438
6934 786 38947 14527
3729 3364 59860 6529
1891 1176 46324 3846
9843 1862 46633 8828
3369 2270 81603 15276
6671 276 44396 1541
7226 1429 3146 10338
8442 6868 66849 14471
3024 2342 41998 11747
3005 6794 48460 15034
6051 2369 86364 6467
9246 9094 91821 13509
3165 7913 30379 2011
1681 2674 18074 1913
6272 9876 55385 17475
9332 1847 76076 17296
765 1316 27603 12687
9358 6448 2556 16365
1051 669 69921 19224
7588 7153 531 6030
283 8507 65268 1418
5969 7378 54430 3363
9283 8473 77847 16543
3261 9050 24286 19462
6096 2851 22243 3662
2165 9767 27075 3654
8411 6789 24440 19477
2408 2611 3961 11814
6764 3948 72820 6533
4837 4077 85454 10366
988 9887 59254 17013
5287 731 44233 19298
9252 2834 81690 9561
8811 5347 12586 15230
8457 9967 86966 3997
357 7820 72359 6417
2116 7801 61390 8516
2848 2311 1948 6054
6812 289 77555 2023
2784 8474 60043 10952
6438 4173 73253 4149
4728 1943 90263 4702
4097 9920 10931 2095
4253 1068 65429 6820
9110 1376 7398 736
8901 5955 38703 1186
1738 6153 37656 9230
4033 8545 10432 18859
7018 9656 86500 14807
4291 5822 88655 2206
972 3596 85577 15378
1156 5444 63186 14029
2326 4908 26056 17326
3687 8324 2499 14512
4906 1088 28856 11806
693 1785 11003 8171
5472 9530 34754 11562
1656 4524 94545 14810
5773 6216 43912 13797
3461 3208 97836 14163
2488 5963 39217 12277
4518 6669 30689 5917
3664 8329 96351 14739
1211 3101 88054 842
5251 2257 34875 6484
7324 4608 88581 12916
6517 3234 92400 11458
5035 9347 53740 13479
3917 2021 31894 3124
8090 9170 8807 1754
1606 6644 15828 6811
4613 403 23095 19507
5369 8028 38560 1937
7980 9974 53412 17980
6446 2069 89320 497
3654 5768 45802 4560
7495 3471 52015 12165
9789 293 50473 17006
3678 5713 34888 145
8982 6939 4809 14770
504 9933 57383 738
9392 3763 6655 6275
1741 8187 71748 3296
515 994 3567 11549
78 6948 10411 18677
361 5665 79221 104
9142 757 74600 17155
9738 1970 12753 596
445 174 13409 10690
9218 2504 6813 15900
3977 9543 52710 15874
4123 651 99443 8360
90 7631 67970 11687
5951 3424 21855 16873
8011 4710 14753 15680
3905 612 9927 8846
7730 1060 31498 11863
2178 5753 649 9814
6264 97 77606 520
1396 7708 6784 12649
2906 2988 78084 16372
4213 3416 41369 10091
3801 9323 89208 8020
471 1094 64328 12872
4473 88 14138 16212
6517 6378 78869 8785
9757 4848 59159 18925
1373 7585 51875 13072
2209 2927 82788 12237
6155 9934 9556 9918
982 2503 89330 4741
4698 2844 74080 9750
881 5000 46097 10700
9079 3431 80704 16799
3710 5675 35548 3480
7304 2838 26392 7965
8371 4414 94529 8328
6018 5934 89808 16021
5851 7724 35408 6354
7296 8272 5551 1339
6194 9527 20563 17831
6227 1956 17870 18012
9878 4157 33432 18282
5640 9454 6324 2000
875 4036 12238 10222
6284 9872 68361 4526
2735 9152 33012 15541
7766 4913 55182 15802
7396 5205 71220 15465
3958 216 82089 17131
7636 178 33723 11042
9979 6554 74882 14910
6525 6452 46037 17330
412 978 80353 5258
2952 8599 49424 1754
4821 4264 28750 3073
4647 6441 75086 7723
1327 3279 17471 11777
4743 6554 86749 16142
9680 6568 93864 12266
7965 8969 46679 2688
8809 2972 14425 4544
9844 170 4669 11605
986 3108 40223 1773
4402 8597 21690 13515
4718 6103 99413 19415
1881 5638 49461 16938
4010 950 70584 11103
1034 1048 7569 10620
3972 4284 74878 13964
2505 7270 15092 18689
1147 5036 72951 5787
2612 1242 33960 2469
4891 8762 29964 2008
3475 1916 87748 16747
8423 5528 7222 2940
386 9263 4320 16088
7044 2668 6643 17020
1811 5547 72261 9301
7655 5693 84649 19569
3963 7092 17025 10922
9562 3518 45992 17693
3659 668 57998 1579
3842 304 17694 8264
3761 9666 52910 19166
7158 2599 22676 434
1155 2296 71057 8534
3946 443 586 14078
5432 8353 4616 13689
8419 7506 16061 14614
6615 7637 11900 9122
2702 1585 91390 15384
5691 3442 89196 7204
377 7509 87943 12703
7308 4061 62531 4569
1001 9814 17179 7407
1979 194 84251 13263
4465 6003 72331 5677
8352 2674 50401 19961
343 8727 16038 16899
5658 6186 40782 10107
7909 2019 46402 19238
5105 2672 28322 12344
11 9788 24833 7685
9387 8907 51405 10678
1695 8306 13962 10846
4159 7568 64905 17673
8807 2229 26827 16784
2830 2581 31591 582
4967 2494 40993 7988
1958 3395 36094 13117
4549 6920 6319 2867
1142 971 74073 10702
392 8628 84 4597
5901 2282 10156 2206
8376 7421 22358 1764
9745 306 54586 6855
9232 6466 88634 18969
3471 226 53136 3648
6820 9797 5484 6659
3637 1252 47200 19594
1594 2067 52084 13226
3897 8633 58470 17846
2852 7364 69068 19815
4406 530 30098 12666
4957 5634 35817 4030
2074 1176 55227 4922
7414 6376 40069 855
8889 6542 19895 18832
4294 4041 6052 12325
7211 5330 53968 6813
4443 5934 32823 7239
5894 229 6058 16100
4918 6203 98403 2193
4430 3999 23332 16290
2498 4010 75596 15193
3029 4302 54383 12531
3909 2111 2123 18534
2274 8356 55855 5335
7964 8989 77447 5910
6095 6540 71735 3664
1670 6257 98777 1104
328 5024 61976 3689
5882 2989 7655 4934
7903 9196 64144 3849
4973 6644 9670 19522
8659 5904 54770 13136
4266 8229 19955 3770
6760 9026 70736 4543
6829 58 98462 9074
849 1656 62350 11132
8981 6603 47650 6730
5081 6835 81993 8326
2739 2232 11992 581
8448 2894 3918 17916
6884 2418 88792 14942
2896 9375 78345 13734
382 9401 21795 6872
9589 9541 56014 10213
829 2632 30283 8475
5698 8341 99772 17209
3698 5763 31774 9172
4969 1872 35954 15221
7575 728 5811 18241
6332 487 53729 11917
8143 5719 9110 15056
6342 1101 73031 11803
7665 242 76569 18461
4225 6203 52999 1737
2901 9527 75161 16220
4235 2161 77094 6079
9343 9871 6207 10244
3560 9077 61341 7019
1544 8824 78700 9080
9181 3857 82792 16306
5654 6095 91975 435
7125 7978 59550 3770
4884 3188 62149 11008
1441 6334 18115 13842
8702 7284 53996 18133
6511 2451 81940 15130
634 9262 4804 14275
8073 4998 2688 12953
2138 3412 79940 9034
7382 9773 76896 19796
7472 1790 5653 8262
8900 8171 58014 2575
9092 1479 44612 166
4423 1745 60095 12053
5508 6703 62959 11136
8194 9624 43076 3889
7485 4499 43029 18793
9046 4541 87446 14043
4690 2430 49347 14588
4230 4335 31854 14671
2809 8864 42326 9529
2354 222 73701 14872
8233 1203 86040 11170
563 5980 56552 7052
7455 2463 83376 3121
7884 2936 85078 702
2489 1816 71694 19341
7571 7034 465 16535
3069 6878 55855 6732
7026 8059 60988 13295
2819 3079 97301 12334
8979 2779 69779 7461
4208 9820 81976 15511
3545 7619 6980 2968
6913 3821 60749 8252
9585 9020 37157 18164
9837 6692 69625 7294
9599 8501 53805 15475
8394 1502 86100 6865
1610 7681 39175 11422
6149 2726 8266 4998
5193 2476 54435 1215
90 6527 51483 1492
1621 350 75138 8054
4345 3268 26876 12136
7313 9856 42626 18264
2102 9924 94615 376
6949 2864 67182 14957
3300 9305 10916 1478
2871 1576 91247 17193
9881 8804 27413 11371
7761 2855 55700 7870
8024 6902 85098 19226
9557 1626 22948 13832
1421 9935 94182 4807
8725 5102 66216 19449
6644 8324 56375 9326
6792 5625 99495 15633
30 1015 22661 13464
3210 184 48018 1677
4156 5506 49005 2511
5788 1911 86249 14500
3277 4091 49722 10252
801 3419 86319 19250
1540 5922 14672 3366
4264 3158 50467 13843
4335 5781 8956 18472
3305 7407 21459 5235
7418 4600 96091 2863
6648 8480 56049 1164
9599 827 73497 16846
8855 3663 27930 14893
2841 4202 19365 5169
5376 1678 36103 9823
7653 1822 19010 255
540 5059 4029 10630
5325 3705 56813 16846
6130 3151 10431 12912
2414 2929 58624 14452
479 6435 68254 1137
6420 4553 87565 10002
6720 8320 53379 3513
679 8277 53428 18529
9373 6665 87291 2677
9378 405 3376 7187
6355 4988 66986 1545
9072 3778 10509 19778
7677 8260 46153 13283
3880 7663 39895 7737
9893 717 35207 1608
1929 628 32004 15716
3650 7189 53373 1842
8570 9039 25307 4044
2173 5713 16925 7724
9817 462 57207 15919
1565 5365 95108 2057
9318 2318 103 3296
1723 5505 91532 12137
155 3163 54468 16782
3510 657 5726 2914
575 8289 13247 5722
9038 9525 23270 5028
2254 7209 96291 395
2160 6841 9721 19020
8696 1674 42771 302
6102 7599 2692 17988
1690 3797 26689 6626
9630 4615 35526 16844
9932 5283 59466 7187
1437 5732 68965 719
8249 2252 36892 159
714 256 48246 8017
9334 4418 94170 10160
3387 4047 6458 7909
7551 835 55454 12024
5871 8428 75279 1444
3720 7511 14299 985
1676 2935 54998 13634
111 3964 13017 10657
4636 9929 50346 16804
8185 9948 67591 10807
1902 2838 54354 9240
1452 8158 12194 2230
9935 8254 96041 19904
7469 946 51650 14741
6535 6309 54021 8639
8128 4997 30480 16768
5114 949 5139 16977
6626 794 36713 14285
7546 4131 84127 2449
3048 5052 44496 7748
2413 6296 16660 13087
8718 1438 92588 8935
1264 875 96743 11812
5214 4746 80583 9882
3900 1139 33852 19332
4335 1412 27184 14833
6219 1379 37047 14130
5042 610 54780 8730
89 1209 96356 18112
8556 720 82545 3388
3402 6730 71175 9488
2027 2857 92375 5463
1962 6661 69666 16325
9784 4446 50690 10444
3130 8900 78228 11858
3354 707 14101 14746
6627 2926 1765 9132
2355 9992 82036 18885
5343 3485 75604 5314
2825 2132 37124 10652
4930 3369 24741 12755
5038 370 41288 14898
7702 5013 4188 376
2670 3313 42681 1976
8331 3981 88449 3230
2423 6620 90392 12388
746 5237 28375 17658
3499 4272 61656 13878
129 9153 58687 14751
139 2804 5035 13052
8961 1383 30540 11207
6477 1977 45764 12564
5149 7888 34252 5923
1786 7749 66265 9003
3235 6695 60525 9455
1459 1981 91285 13937
445 9657 11798 11076
2985 7247 13854 15777
5760 5500 12706 18518
2329 3641 66737 5963
9040 4354 8401 17758
6493 2158 69885 18865
7125 1019 69622 19025
1942 6455 66497 6593
9283 7312 44097 6324
3575 1533 75929 6667
1774 4756 56022 8307
2516 652 27689 18758
5187 5714 16250 9395
5575 8907 27674 1316
6431 2105 17574 11833
5034 9586 22854 18533
7617 8033 72680 19047
1744 1378 60561 16770
2341 7163 45364 14094
6932 4690 53233 15710
8645 569 67762 6955
2719 6447 75550 17164
5234 1774 9131 17382
1540 8647 35836 1948
5662 8986 85723 15417
5021 9473 88014 2171
669 2818 17473 741
1983 4969 99609 12173
9961 9816 63592 1570
5802 5097 53210 19145
8509 8230 67358 15658
7244 5712 20856 6144
3048 6661 25214 18450
5558 6581 33970 2422
777 2207 21671 19737
9404 9175 18035 13667
232 9899 71777 11574
5429 2282 69301 5490
9393 5833 83358 12083
1848 429 44615 16039
3281 5458 89155 11183
1469 1889 58811 11572
2191 6712 34276 14105
3312 5273 44788 18674
882 9368 10548 2191
2241 3863 59480 19225
8808 5662 84346 4964
5750 5239 84260 19086
8508 8040 96086 8980
3122 8820 95813 15850
8359 2014 53967 11876
2622 6830 6728 409
850 2672 82649 4514
3991 6100 38444 8404
8285 8505 50389 4525
7383 7387 27663 15536
7900 5106 14964 15539
9566 5463 12626 18898
208 5992 35203 636
7972 4571 9087 6069
1989 9044 41531 8237
9932 445 16745 8980
9615 4656 5589 17984
6272 5957 12203 19329
1381 5869 33258 3336
3470 7599 76957 86
3274 8879 82597 1612
727 6749 64558 1774
4075 9714 87904 1536
8866 8675 26775 6171
7048 214 12499 2625
1301 5208 41465 16605
3873 8542 52678 12812
9834 6801 60636 14061
6128 1157 3188 18093
9382 5369 11467 3630
8909 3961 58554 4255
9748 4490 66431 596
3151 8717 29418 16527
7573 6599 54157 5434
8906 6524 16397 14113
9004 2052 61009 9404
7595 2265 9766 972
5178 8869 17280 3365
2128 7383 8737 2986
6417 5553 9127 18993
1949 4398 95253 5231
3213 4691 18046 2505
9780 6571 32893 7510
1753 8760 4365 13529
686 5062 172 14613
5256 2868 52234 16861
5551 1206 60101 15697
4423 5072 2126 7976
2157 4418 25846 5768
9527 8118 25963 10720
7592 2366 43683 7682
9795 4924 47878 1945
2954 3953 27971 14245
4952 252 12072 8361
9078 7799 98836 6752
9618 3427 998 9445
6313 4667 29804 14770
2755 7098 52150 9704
2312 6003 38349 14230
6342 186 94823 14717
1578 9313 75963 6169
4640 6584 16071 7052
7699 9293 48909 9263
9074 8007 70718 15282
6201 8721 52797 6966
6555 7661 28949 3789
5246 5133 32202 18921
1432 2592 35414 3482
6885 8245 99579 2692
7111 9574 38673 9464
4742 1329 70820 11529
7704 727 42215 18375
2622 1175 6578 9925
7880 9165 29263 1814
8722 3542 3170 11741
9185 3209 65287 2697
5498 7346 58432 2532
7180 9507 57103 6647
4941 1701 48455 4491
1392 4161 98014 10084
4521 3481 49643 7659
1856 2635 73037 12041
2466 1046 17822 9473
4006 2092 35781 4142
2345 4239 72483 2817
9652 4796 71207 3953
7312 2093 27594 12795
8056 2179 29854 4194
6057 179 97781 15199
6787 9720 27555 19123
1315 854 41686 19062
4851 1893 34973 4781
2610 5811 91131 19564
2259 7696 65237 11945
9300 7385 36554 2788
1858 839 11874 17207
7996 381 56251 14582
6048 6946 39837 14863
4218 4720 78911 2827
2443 8307 56478 1115
2673 1998 30400 17962
1487 1910 23764 4076
5156 7247 996 2329
4315 7069 1212 3044
4917 5680 81473 1743
8202 7010 99206 4040
4656 3500 62907 3177
6208 3449 67767 16228
323 8837 96668 9068
4382 8290 80939 111
7611 8590 63343 8697
2467 2174 16615 16193
3856 3734 2723 11725
7901 269 60394 8711
6818 1349 75389 12112
3044 3049 2162 8775
6891 6597 40800 11691
1751 8089 77376 8672
6452 3185 99866 19082
3792 9002 58736 16885
1990 3531 7569 14273
9765 175 6499 6469
3529 9289 15452 4458
964 7856 33361 3349
3238 2384 10811 12370
6538 1776 78721 15649
9491 7507 68429 7612
667 1064 50350 381
888 2352 49518 10650
8973 5115 1044 16373
4169 1767 80252 3597
5612 9627 8785 1001
749 9527 60959 9452
3672 4464 92314 13475
4496 8353 58628 14273
712 2559 55336 14143
8672 4977 70021 17039
814 7672 53715 14505
9689 3444 62388 16245
3985 296 59537 11646
4680 757 88450 10163
1195 2267 29643 15909
1890 7669 87451 17764
1521 2648 8181 2117
6006 8850 33982 7069
5583 6293 55589 6743
8849 7730 22993 2811
4367 3218 52694 9203
142 1361 98282 17272
4660 9157 63608 13614
2337 1452 48739 2098
1922 5630 43381 16701
5974 7501 59372 5829
5779 1266 77694 10533
2315 1498 27511 3556
9451 4683 70290 13802
5518 5438 97720 8091
9742 2148 94896 7477
3357 7375 89166 13177
2669 3815 20866 12329
4012 9986 46551 3322
2278 5407 78825 16477
3296 3618 83732 15320
1916 2106 51858 15441
272 2712 92112 16933
9785 5477 64082 9460
2997 3193 10580 9116
8838 705 8020 12002
3579 2879 31676 16264
6682 2253 25247 12106
2681 2652 62967 19565
9474 3563 2283 18754
7297 810 13461 3704
7628 4603 62626 13725
7853 439 15510 15305
7414 9047 61492 19000
294 2713 41345 17658
97 4659 91276 14262
2578 6018 59637 5686
5588 5144 37231 19386
1506 6417 6602 16180
4876 9171 15370 833
6882 2036 4407 116
9739 3057 70316 13372
7045 771 27515 1939
2726 3996 55502 19334
4580 3402 57478 5589
1869 6978 13105 5153
7816 5765 77756 12707
2426 7968 63616 3275
5428 3687 27880 9728
5985 969 14 5507
185 7405 22166 11121
268 1069 12326 5485
6940 3252 98896 11872
4880 2536 71810 19892
4644 3426 39761 4111
6189 2476 11433 1710
3452 8006 9651 8659
2909 2649 55491 8845
9524 6216 52110 14696
5970 1073 48178 12025
6769 7707 40882 6821
7308 7836 21615 9029
6742 7224 59875 19272
2705 5695 60113 5491
8369 3343 94101 15428
3773 6879 42155 3801
6760 3940 23422 2468
6370 6340 37888 14695
7916 5678 73264 7522
4884 4562 83003 12340
6630 6203 15239 2455
2886 2031 75936 6796
3891 4839 2387 6577
3708 7632 27496 9368
7851 3034 79189 10843
5415 7744 92093 6703
6430 4257 19143 14431
7419 728 3050 2360
6497 8961 3691 13555
5959 5392 70583 11410
5086 1735 88857 17847
1384 7793 46619 11610
2545 9055 19045 12421
5638 2650 35163 2165
8965 1876 43471 2485
6713 4807 14943 14057
2102 6212 59695 2852
1185 1975 78135 18913
8912 5009 6352 5337
7997 8124 40998 8920
3366 1165 83093 18491
4999 9409 94884 474
8028 7567 65702 5547
9103 7892 85181 18925
7927 1644 61298 13898
1538 3678 55952 11540
3892 8209 53803 17087
6848 6715 45468 17498
625 9224 541 9497
7127 3494 75443 18579
2303 8146 1085 7066
247 1012 86339 3815
7824 1066 7261 12606
6762 9910 51510 8817
7545 1485 59362 18023
3383 2008 64923 9233
5919 75 77501 3973
8326 2594 34528 12547
2754 5026 58634 10643
6501 294 54410 7122
1329 5779 89588 19222
2959 5904 91430 14815
8909 2419 70403 11660
2996 2520 45394 7111
4002 7360 47211 8365
9488 7697 64215 2172
5700 5405 92361 2769
1814 5196 87865 5093
2262 9307 72754 8723
4864 4208 68512 3977
4114 5588 50695 7816
1932 9270 53684 13738
8546 9972 80649 6073
8571 1946 6843 2571
3647 5826 78680 12837
3647 6935 63076 15575
7225 6437 28772 5726
7465 2872 16260 8217
3200 3928 8167 19246
9365 7093 632 1257
966 1964 61443 17871
2849 5241 65990 9564
8048 2472 46447 3931
2660 4628 96347 11884
854 6709 28721 16327
9288 9115 11856 6820
327 7959 74255 14332
4503 2782 36050 15209
8632 9013 74828 2117
1351 684 91503 13445
7985 918 64744 5422
6119 5148 46955 2050
3815 8679 9722 9621
2929 9278 73139 5733
8705 6116 25988 12764
9702 8922 19110 14672
1233 8386 30196 9369
5186 1688 16665 13723
3981 4493 37078 15491
1839 2506 2087 6534
5757 8198 6461 3197
5537 2851 20785 4332
1693 9133 73961 14727
5653 6826 81989 8418
4608 6973 28603 11748
9956 3253 29626 8374
1041 7968 31581 2901
8464 6447 21584 14039
3264 2494 22060 7987
8131 7127 37338 166
2522 6647 82237 8495
3787 9401 7307 9075
7364 6456 80620 12027
9151 8111 2362 10938
3638 7431 90382 9612
7445 4361 9287 1078
3890 9258 90392 11808
733 7910 8707 11224
7219 6005 24674 2566
6478 1356 95547 8923
6861 6896 96355 9742
9974 4451 33425 10475
4462 5052 15619 7823
8366 414 76925 17066
2550 5542 37397 14734
2179 2026 44863 1362
3352 777 2004 10561
7303 3744 61432 11801
1193 501 96517 2218
7839 2452 96294 6167
4205 7079 44782 13546
5636 9334 67227 1468
9032 3322 9162 18021
5527 6752 14580 580
7510 60 86643 12502
9014 3280 59803 7993
4515 4246 97766 13166
7194 1221 36976 18401
2041 5739 86186 19704
6121 8720 78848 8389
2892 376 40949 15049
6945 1075 88869 14842
7045 9686 86717 11311
4478 180 66964 14153
386 1425 26570 10445
4763 5927 87221 4533
1679 3274 42479 16131
4645 4642 33384 1328
5412 3339 3301 10936
3394 1520 16643 10460
2208 9157 90584 8057
3005 6734 2278 4237
239 5210 62297 12803
7798 6536 21590 10757
4779 7750 78006 3784
8812 8492 18729 18463
9488 2312 82506 15326
9097 9987 98362 8246
4002 3069 8107 19140
610 2719 86442 16483
7994 6335 71414 19446
451 6696 79049 7335
2056 4198 34556 17866
5529 1071 41588 19692
6130 7943 79673 18824
9730 6389 34210 6874
4864 73 21086 5192
846 1049 10593 12637
9291 2186 53680 19047
4150 7720 76631 18287
6833 6262 90982 9498
8235 2340 6159 10245
8838 6987 11741 14209
2 3441 39071 16900
713 1360 90828 15344
2979 8592 45100 3443
2649 9600 83834 19984
7396 7948 16176 15476
2973 5496 9702 14505
7455 8542 86374 9731
3438 3694 41923 10575
8045 9909 94058 13751
9730 4602 39667 6035
5531 5763 7092 18926
4521 2355 21152 12276
3556 6475 70324 1228
8042 5680 29117 1758
9779 2791 77784 11104
3887 7474 24159 13772
2462 9287 82767 14773
4631 7982 66655 16462
3039 9194 36159 17125
5164 7851 56122 1936
9125 5651 62048 15431
1443 6787 28402 12798
2461 1325 24866 7144
8379 2023 8622 16605
2525 3736 15157 5630
5832 3607 25153 1830
5971 2068 15703 4210
7802 4047 17763 2520
3111 9497 38975 7400
1299 9184 45999 7050
6532 5871 74289 15766
890 1341 5654 9323
6792 807 45434 17637
3817 9774 15148 10177
6039 9400 63051 11596
3841 4006 31734 14332
8796 3901 58252 668
8009 9695 29096 7897
7963 2345 98628 13189
2304 4374 49768 12740
6894 2031 91430 13578
4016 5300 56221 9602
5433 2073 26467 2623
916 7409 96962 743
6811 2763 83543 18013
8770 2782 39531 3475
2782 9411 3468 2462
1561 3889 47538 1871
2897 820 65862 9296
3743 6236 67098 10507
9173 6328 55118 12918
4162 4308 8203 1549
2323 5374 36057 16835
4610 8434 56109 16084
8399 9159 55913 456
7342 7040 4458 2062
732 3246 51729 5281
3060 7681 56935 13356
513 1416 84753 12379
505 7643 89292 2288
8140 2714 92111 3862
575 4140 46077 12263
1320 9220 69789 4506
9836 5960 21428 16708
9613 2032 41971 7083
6892 1194 68040 11420
3680 4577 86874 7359
680 5419 14721 16477
7623 2336 27427 19859
7322 2975 242 7189
7678 3333 89501 4447
9330 4888 1280 3970
2625 9709 52372 6309
4119 576 21984 9716
9900 6841 34283 16255
6234 5797 4119 12768
5871 174 16523 10136
8149 1631 39269 12012
2917 6645 37794 16516
7080 2454 89702 6842
7174 2170 55291 6347
7100 2833 38763 10794
2992 4786 43903 7918
6282 3694 19305 186
3448 8128 97787 208
7693 3174 46431 10538
9236 3308 52670 12726
7811 2628 18050 19909
1176 7462 46235 11222
3860 3443 52593 17300
1323 3509 80942 3547
3082 123 35873 18367
8998 8294 88389 7147
9100 8852 40735 13892
2892 3651 30060 8532
2544 6641 49304 976
7638 6478 88913 7148
9399 9075 6811 5097
4160 8406 77994 13739
409 3106 40093 14565
2539 4716 23489 11037
1338 4022 42458 8039
4933 4043 22282 3667
6510 8881 87468 13227
2545 9727 10776 15840
5365 6855 95894 1847
2207 4417 91198 10478
8752 1364 66580 17984
9188 3118 59879 14441
4975 1377 38005 4117
2512 7269 57921 11337
4494 8832 324 18177
5805 7715 68250 7126
3770 5781 25031 4318
8805 3462 20361 11554
3211 1793 11530 12452
3631 1714 10492 13850
1399 8261 92585 10963
6208 6805 23601 19752
5141 3602 49825 14092
4497 6693 67406 798
3458 7434 79530 16734
7115 4012 9874 10008
4393 1404 90544 14187
1203 4681 49262 17709
2275 8917 94272 4770
6435 4891 80123 8722
9190 9433 48449 8960
5030 97 3564 1552
494 3703 80804 832
903 7436 95994 6794
4922 1921 5586 12919
350 7776 4961 15983
5533 9361 10593 12158
9015 5893 71600 10412
8554 2098 92912 2937
5577 1946 99363 13095
4529 1892 84088 14165
7286 9591 69375 4032
4993 473 33029 4568
5266 4804 4872 539
7160 1596 73503 12989
7193 1756 1807 13533
2020 3060 58406 11241
9407 9728 23975 2004
6876 2542 58685 2388
2633 2610 19072 4022
1081 6669 237 9235
6424 6758 46884 8796
8263 6886 2146 8241
9321 697 30716 4327
9234 9659 97337 13610
8798 9485 6136 796
4461 3016 87537 8019
2757 8741 43307 1356
5892 5385 45334 1906
6334 2136 22316 17690
5924 7490 57135 17178
3113 7200 1685 1885
6980 3572 80716 9887
7186 6506 85416 5350
8099 856 30812 11315
4059 4923 76912 18272
5427 7574 54466 228
5638 1 505 5261
7505 9371 20972 1033
5180 1499 26669 11165
2836 4014 87075 11819
3875 2895 38709 4052
1152 6069 60288 11720
1602 217 4721 5407
1222 1961 80450 3751
400 5300 61482 12804
2117 9809 17327 19076
1141 1485 99718 1490
3525 3457 70763 16262
6698 6435 81495 18101
59 1630 99817 18522
6099 6990 2658 3552
6721 6468 88110 11816
4867 4793 9069 2120
5424 4431 42801 13672
8568 396 13996 13270
8870 4846 31596 4817
7358 2890 43264 5071
6659 4003 33649 18722
8702 8775 29894 2574
9717 3075 22176 6395
4221 5673 29175 14435
792 747 82895 16656
6087 8523 6962 1674
5822 2670 1864 7429
6943 1966 17592 15979
7561 9091 36814 6967
7967 6614 39597 8280
6556 550 62986 12611
8529 7518 61245 4522
252 1924 59473 9316
3458 326 57454 4332
3333 3055 84012 16513
2610 474 35125 12149
6000 4127 79698 7095
3667 5293 35400 14136
2109 4723 93641 7819
1383 8976 9070 12747
1819 8125 7025 5740
1306 2787 89387 12345
7362 6104 22255 11668
6787 3640 48214 7487
2514 2947 71636 645
4696 4326 69466 13200
3117 4036 27305 11019
9890 5374 54322 14106
234 239 61069 14841
5690 1844 46280 16654
4177 6697 43019 3150
3910 3708 22014 13705
8743 6271 24280 1044
5524 8153 25304 3299
8252 5645 36660 6310
7655 1892 75613 789
3888 4810 37278 8882
8736 6731 24378 12740
9496 5888 76412 17740
195 4472 16991 7832
7522 3881 32862 19527
133 9677 30616 15382
1536 3238 13293 11865
1970 5532 99048 5646
240 2939 31589 11161
4366 5485 31514 15621
3645 2628 98480 978
7588 6195 94038 4831
1668 6140 74334 18038
1839 8878 56022 4878
5484 617 33613 255
3725 7153 4204 13152
6002 2686 89561 19713
7447 72 78199 8985
1680 8635 47959 4385
2907 9335 41779 14527
7215 7627 37479 233
2792 8684 81667 8278
9430 8942 804 5596
2107 9078 54325 16180
9540 6994 71894 15225
239 94 36221 8391
7225 9003 61445 7720
810 4023 1856 14775
3969 7664 34348 8847
69 9396 9452 3889
5254 3393 12007 1501
6827 5427 18227 18836
5053 6267 89224 14487
3244 4806 54237 12703
6358 3324 41879 16692
1921 1789 87494 5628
7802 9106 34551 18424
2311 9824 59695 291
8944 5920 91280 9929
8991 652 25550 6877
1127 5288 57539 13463
7972 860 2162 1689
3686 8401 9472 14892
3795 5569 65845 10144
9353 3122 69478 17973
1375 5358 12077 11688
3845 3803 8502 17589
8557 7982 19485 12662
4631 9011 14556 12669
415 6565 2066 7063
9780 9455 24061 8691
3395 2581 35823 16464
4196 7871 50107 4601
6136 7410 70301 5513
638 7221 22957 3668
408 3286 43149 13268
9755 8282 82317 6853
3221 5180 65875 4122
4527 8104 65881 1341
1794 3343 62210 13543
1646 5500 49321 18496
3758 5102 67917 10823
5594 8421 57751 18703
1003 6590 81825 1946
4643 2130 98167 4578
5799 4951 86793 18365
5984 9027 45207 12275
8397 722 50069 3603
104 1725 67938 8491
970 2207 69096 14858
3574 5512 71449 9965
4487 232 58487 3331
5580 9477 40354 8968
1055 2085 79485 5480
3874 3354 33249 15893
9029 5216 67625 13910
4945 1354 37613 14559
2833 3336 72587 4080
2531 2702 30229 14468
6812 8101 13089 1010
2707 2839 56415 4593
9763 3140 29306 10916
9380 1561 78244 19206
429 7323 47339 15665
7647 169 14778 564
8976 8073 44498 6139
9079 1530 72742 12443
8914 848 39076 179
63 488 97272 12104
857 1388 18300 712
9558 7892 64774 17039
4622 108 55270 10459
1982 2778 8956 9226
3134 3902 81984 12838
1825 973 40065 17098
1375 2802 94268 5657
6279 1928 16301 17897
1467 3339 62372 19221
3261 7356 69956 13915
8106 5447 39145 14600
4537 2321 88177 18638
8922 314 66485 7185
5164 3987 95955 12529
496 3313 54560 19355
2546 8675 36914 17358
6175 4532 98676 10212
5222 1718 82560 13988
7338 5891 21453 14867
5400 5271 99246 17313
3714 4180 93270 11422
1696 1904 25562 9345
1588 5657 78203 7736
792 2851 87623 17073
5141 190 17216 14620
4793 3127 15547 10093
6800 9436 52085 5554
897 815 42419 19432
8122 6537 26049 1207
6912 8642 98754 10555
9247 7328 30657 2851
3474 9815 76572 9849
4473 5060 73114 14415
3703 3169 36253 15165
9600 3065 96612 3888
6149 3420 65789 688
8230 4166 12779 9950
5937 3914 40043 2878
5765 1676 49084 5694
4953 7604 68099 9230
5719 3466 56083 12451
1594 1077 50718 7529
7210 9746 3639 12931
5175 940 31277 5996
559 2335 3550 3507
2577 9492 99370 2162
5688 8686 98782 6149
6938 5209 76564 14887
8550 961 90504 1542
1599 6370 36926 16164
947 6039 395 17584
1421 4693 72126 6027
2110 3095 32618 13543
6919 7101 71948 7126
9836 3682 25610 13364
5587 8612 98313 13765
9601 5749 80767 8909
6115 8718 36941 6672
1224 743 33338 5771
4073 8903 73942 7477
2126 1654 94382 17134
8455 9518 55548 3884
6778 5198 690 9196
6736 80 80579 17243
6380 880 87425 14776
782 1843 75493 6496
8541 2239 91527 6254
6392 3824 17485 14083
7142 2431 45732 17093
3871 5385 79406 3355
2392 5533 50079 19477
5419 426 88421 17097
5189 4936 15850 1698
1272 5162 41845 9639
5841 1077 66525 1651
8734 1325 56598 15640
138 275 87140 11285
2635 4970 85830 15298
4001 1300 28348 18952
6287 9571 725 15934
8015 8822 88074 10174
3847 4010 84303 35
5942 5736 65612 15600
1454 3380 28925 8642
4942 4820 30855 6450
690 1736 30128 13493
6866 5750 75703 3552
7672 9984 24454 15445
6579 8980 3683 8968
3935 7744 89108 17272
9817 5382 3665 10652
8443 9371 33186 3854
4302 9969 14833 17780
8957 7147 36431 15851
9225 5545 34603 17933
3880 2871 31877 14350
7304 2401 56847 3517
405 2559 57331 19934
2873 5481 34597 17483
1140 2862 26795 7253
3058 5098 25423 7464
6230 8491 51687 1285
1042 8489 42657 15349
3580 9233 94073 2435
6418 2643 20862 12225
4046 5724 57718 9322
3286 7996 83531 3296
1102 41 64570 13243
5949 1144 62976 13879
9302 6214 30759 10039
9648 2853 87117 7031
9232 5715 10915 10496
1384 8973 12930 12655
3954 5425 17258 256
3473 2325 6909 13335
7814 9191 14616 1806
571 1840 76488 17057
1766 9419 22549 1136
39 7655 93328 19336
5802 3229 89516 8019
5747 685 93178 6509
7905 8798 41651 9834
5747 2205 95122 8832
5968 4860 28170 4708
5914 3011 27249 16060
4139 7236 33786 14181
9601 3907 18549 13071
1057 2788 5421 3792
4764 1334 58763 16404
3727 2478 75452 17500
1965 8868 17121 10355
4611 620 93918 174
7638 5190 22851 11787
9038 2179 10424 3993
612 1273 96448 5321
3829 5623 54734 10179
8204 9225 96209 17394
2644 3634 51395 15272
6983 7669 53483 15311
5716 8328 15776 13532
4040 2734 71301 6882
11 3880 35073 3442
6636 9123 71583 10528
9544 3815 19267 6786
3834 4756 94780 10320
3583 5973 87969 3955
1133 4044 59327 15242
1761 6209 56957 5918
9276 6409 96926 14448
7979 2819 78809 14134
2036 1623 57685 16620
917 9852 22084 14944
9056 1815 12016 10369
9633 607 41962 8746
444 3987 13402 7299
1173 6461 56940 10786
6304 4227 32258 5546
5236 9687 15588 2070
2 7135 2476 4673
1900 5999 50856 5598
1740 1184 7188 3830
38 4480 95450 13349
5699 1710 34555 13134
9853 1600 86871 8541
217 5749 91275 2028
9129 8667 42288 14999
9589 4934 36734 17497
572 6937 80238 16498
694 926 33821 19818
9765 3319 63313 1685
8211 3747 6788 9663
2556 8306 73510 10609
4072 897 13542 15511
5023 5109 54383 4948
7577 334 16992 17944
5440 6474 12270 1327
8205 4654 26291 1766
2507 6727 79018 19624
5265 7704 61045 5660
9901 7351 42475 17093
1086 2583 35293 1071
364 7157 76678 14608
6476 760 84485 14449
9221 7030 94960 5634
2725 6736 4191 13321
4 5369 2060 6730
2312 1370 89830 4842
1196 7928 38503 1608
5707 5681 74703 12320
4031 5667 86301 11369
49 94 99247 4831
512 4365 15717 3126
7536 2597 40245 1162
9327 3459 74891 8728
1158 2836 61458 18121
1942 9842 24252 1676
2003 4152 23238 6404
4982 4398 62842 8454
5890 4342 66314 735
2485 6018 21696 2154
9133 7122 73938 14755
3076 811 22868 629
46 8641 23153 12382
1613 8071 91379 12251
9001 5342 56940 6657
7502 7660 50863 8762
3970 7788 69963 4354
8773 5913 93539 5491
643 8242 71099 14940
2667 9485 92052 10384
2529 4833 28124 10521
5774 3614 19032 10888
5982 9535 90604 15082
8397 3783 25981 1130
2514 8697 56514 501
3789 9886 57424 9282
6455 3904 97874 15972
5951 2426 54694 18002
1327 4509 45388 11430
6298 3907 4681 13048
8275 5350 66833 2018
2867 9093 18131 19729
563 1053 43618 5868
4815 97 41278 2112
317 6321 83690 14005
4133 5020 94979 333
597 8855 58977 16608
4960 4901 5308 5271
1555 7119 7945 19772
9923 4496 30914 17119
5507 5093 14782 5455
7816 7822 95450 1485
5442 3230 10285 17302
4071 7123 56945 14748
208 6763 546 9507
2869 327 14742 10053
6194 4077 20549 1358
3891 3949 57799 2867
980 1640 40147 3346
2542 6635 81257 10783
7793 2995 57200 3346
1640 4065 77592 4418
602 7602 55428 1031
4466 9857 13796 5072
3534 9295 11041 17583
2314 4668 13291 14919
4955 145 77751 19897
1937 6392 8648 3328
1828 1176 47615 16889
7838 5116 38807 1738
5202 9700 87585 8696
2490 4218 42270 14105
1246 9629 27783 7063
7230 4494 18117 7100
600 9539 12085 5988
3116 1227 11441 7141
1900 1127 48111 2454
6654 3808 96509 17045
1365 1392 95312 5973
2880 7785 4876 19580
6781 2401 18838 12660
2504 1899 22688 15579
4367 2382 49880 7693
548 8583 45723 9481
9417 3341 94425 15747
4243 6866 1254 6329
5454 6706 54917 1987
5055 7254 12650 4605
7559 3384 62874 500
8943 5070 87463 9240
2429 7381 3525 19161
4341 8702 21674 15300
7077 4750 30332 10821
6390 4864 85922 3864
8079 2543 62144 15630
9522 6549 17280 18829
4816 5833 57896 74
8519 9115 75147 5201
3836 8600 11044 9183
4888 3428 30273 19219
3898 1875 92934 19466
7131 5439 91604 14886
2033 3620 53 14735
585 8045 53156 2147
2637 8502 87927 14858
1104 9737 32838 8749
795 3457 93663 8392
626 4551 22064 12008
9133 6983 6920 14367
3022 8911 96833 1721
6377 227 2737 5194
1742 2817 35357 10195
7002 5518 24879 9951
5123 2798 44572 14596
3572 7413 43436 1061
8655 9524 70304 11392
7479 3045 29572 8926
3176 7066 97071 18142
8396 7673 7252 19664
7310 1362 43780 19618
8379 6431 65499 16337
6211 7097 76424 3239
1762 4221 11635 2669
2951 3308 20553 18618
6766 8566 50345 13659
3740 2561 57104 14027
8519 1376 10495 19056
3649 2521 49220 19191
8539 9046 28620 1502
7054 9848 23335 3343
3834 2365 71189 9713
4082 6843 73407 16964
5778 5993 58237 17698
9126 9528 84365 10874
9092 2168 36002 18896
5990 4525 20658 13441
722 884 65155 15503
495 1545 38548 8087
8052 5669 32582 16671
8091 2430 57347 14396
4552 8437 92473 10556
6746 937 46268 18369
3937 8124 11154 7404
1298 9994 82116 4125
5583 3658 56880 13985
9030 2418 67473 9175
8144 769 46418 17075
162 1546 38711 4358
913 7018 92525 10771
7456 1318 50487 19693
3892 4617 19885 19304
3424 8813 32453 169
6363 1093 14569 6754
1333 9359 94490 5816
5884 8292 66380 10617
110 2887 10470 17916
8031 8258 81277 17728
4993 1896 75401 12266
5510 482 62097 3957
4788 6920 59384 15294
2457 1920 61660 17530
5262 5929 12965 14349
5350 8250 88413 11899
2098 2223 74747 19780
1807 5927 62550 7621
5139 3988 43842 5332
9043 3743 79423 14453
3053 6256 88669 4075
9598 49 3353 17733
8556 3010 41026 12057
8900 233 92173 604
6868 5709 17331 12384
7859 7463 61884 5671
6867 9791 35410 7656
6003 1669 84078 9906
5725 6517 79913 529
1202 655 95829 13814
346 6181 23753 11444
5242 4615 24949 5908
6417 8537 17288 17751
5825 1576 41282 6168
9820 3973 87096 1659
8762 2331 79310 9203
1536 9553 89381 14478
1495 1410 76741 15936
4062 4819 65747 13495
1521 9794 13752 7632
5769 656 55089 6354
6960 105 67728 18644
5822 1246 13556 3140
2861 2686 73110 18083
603 9775 45079 6449
4303 7279 3040 12555
5865 1882 69368 2369
1520 7135 55084 18008
2134 3208 57007 4859
3593 1182 86891 13609
784 7448 27087 17650
4435 235 40014 13320
9549 7006 18878 6269
6366 2543 69940 11486
9154 2618 66994 9074
501 5415 48939 17232
9453 1667 32159 15630
5772 3094 73706 11892
1734 5132 50567 11124
6325 6191 54723 269
5681 9123 26574 7136
8178 2338 65713 13473
5135 2012 77953 18279
3203 7256 42549 6088
3068 944 96861 180
2954 5723 36518 5593
170 2833 90039 14828
3798 1893 86312 8529
7660 6982 83917 8766
226 7271 65437 6871
2470 7067 24006 18363
1008 9175 26235 10481
8299 2980 98895 2833
9042 5117 12692 2144
6385 2875 76195 14300
1208 100 53426 9386
7368 6309 28736 2741
8843 3077 28808 3335
2942 8701 30491 2558
9472 7257 65055 3689
6293 7008 70685 16570
913 3861 68424 14918
4067 9753 95583 12024
9707 3656 89243 11010
8547 2654 21025 8945
5540 2198 93212 5726
1061 1816 12747 146
9856 339 36195 6540
1098 2816 74749 1505
558 7069 81485 13725
6452 7816 44624 7969
5034 2436 30307 7151
9213 5881 21792 17194
6769 8669 43052 11954
8132 5668 21426 10617
372 6009 74113 7283
5246 4709 72677 15941
1515 5673 64246 11844
9990 7637 50734 6298
5838 5479 11784 3878
5937 7498 44927 10779
9491 1969 99106 506
7471 3825 22196 2912
9665 6139 77075 16109
3577 7929 43923 6150
9995 8704 9365 13162
2506 1792 1245 17039
4479 3296 41456 11729
5680 1687 56083 9034
4561 7660 88708 16753
5468 5180 21123 14883
3715 7308 81049 12544
8645 2297 90761 18356
9784 2521 5696 6561
5543 2961 49946 14383
1723 6390 7627 3357
5665 5501 88681 6711
9616 7661 70644 16581
3677 335 90078 1831
1501 1936 38150 7372
8243 5999 35712 1046
8480 3104 15587 3552
440 4551 58618 5700
6668 965 4317 14212
8827 7231 52529 7857
6725 6217 45341 3824
6542 4862 72955 2169
7849 1540 14954 11078
8445 126 73589 18363
5236 6110 59673 13612
7921 6246 88480 12489
6593 4802 84728 13603
8368 7250 74422 4393
8454 3802 83138 5363
2469 9595 93673 2589
1272 8926 3914 11230
5952 8811 5728 12686
9791 9987 18309 12112
1948 8296 98250 14421
4343 4182 19065 6244
9326 9088 52324 3856
6728 8348 34649 11245
1841 7945 76406 17572
8038 953 57074 8713
294 4154 21063 5462
711 111 90126 12485
9974 8074 71314 1718
9547 7984 34800 1056
6478 8763 93139 15175
9939 6449 21521 4736
1045 8140 12326 13919
3563 9616 9362 18895
1873 6991 47288 5925
463 7086 20861 3979
1723 6710 31910 7735
2944 4731 25432 16169
3810 2030 49576 1756
8868 9926 29782 7080
8497 1675 33277 15302
925 9675 41377 10320
9931 4267 51723 15343
6877 1062 49057 18645
7950 5393 44564 8289
5672 4936 84647 5305
977 7255 71731 5548
7193 3589 31630 1888
7980 6547 91044 1734
3359 8551 7130 17881
5379 8038 54363 17346
9736 4717 87656 16881
9567 2650 1964 13224
7148 6013 5723 3345
2845 8219 59970 8150
8051 8718 13218 11861
8655 4400 4023 17751
5134 735 90870 1685
4784 7526 11156 16537
4817 9626 95354 13155
6463 9469 70740 15801
938 6127 44512 11417
823 3856 88860 6561
6355 6602 36602 2420
2280 107 79159 16411
6716 3258 64667 3489
4559 3795 22122 13742
5969 16 52910 11498
2082 8623 36079 19377
4666 2219 18787 4298
1903 7122 52707 17062
9140 565 24212 19366
3261 8585 89249 2608
7455 6676 30235 12651
4045 7207 79122 3877
1899 296 48680 15786
6773 1105 63539 4160
2530 4067 16732 11156
9845 6696 49595 1948
713 8781 34224 13047
8837 334 63341 3566
9251 4196 94537 296
5076 7985 80312 114
8015 8887 76137 7715
3778 4267 82101 3516
255 4740 98216 7853
8820 826 40324 3791
6818 6661 36367 1416
2532 6245 96832 19099
2124 7728 30261 7336
7168 9617 20928 9857
738 6248 41622 16312
7048 5707 18068 908
4999 2619 82989 5182
2430 1552 68007 11461
4774 6568 28898 3892
1437 3449 48953 5353
9823 4285 74497 3759
1521 7833 99531 16367
6387 2143 74610 591
9590 8231 70181 1639
9918 3354 12651 4291
5677 2269 17766 13835
3164 2421 727 9302
4884 956 4495 5914
5436 9372 84966 12122
9779 7460 29299 486
5541 4352 95344 17456
8016 3931 13749 16672
3547 44 24465 11363
3686 8172 6879 11016
9799 9973 41098 15056
1063 904 71034 7221
4898 2603 55846 3349
3427 9872 5596 18174
4139 5860 41180 13167
4111 7104 52277 2862
9653 7052 41893 17735
4207 4048 1459 9648
6303 2699 57378 11030
3697 6616 73126 2340
57 7852 90830 17908
8804 8924 44576 19342
9127 6480 59828 12568
2722 4218 13702 11215
7738 8929 68287 16100
1198 2828 8651 18074
4690 1468 86852 18816
2898 7707 64611 18217
5981 3570 88723 3257
7622 5806 44656 1800
8902 654 87412 19164
838 1510 18692 15426
5584 1580 95894 6548
1258 6545 21882 470
8630 4240 53832 6484
4321 7755 88689 18877
5070 6459 31803 7488
6986 2430 22769 17980
2950 6654 42382 12291
5809 6980 30565 10789
1493 5981 14970 7506
5336 4468 76366 13932
791 6223 2848 4368
1045 97 9166 11952
3072 6419 38716 4523
1104 4260 92910 3941
3287 9547 18800 11165
8945 2211 75331 17720
4289 8504 28597 17560
6219 9717 49416 6515
1705 1411 37448 9517
5962 1539 60263 5458
1230 4990 80640 188
2592 9110 72487 9366
3184 4028 80567 12904
3245 9121 99882 2114
9786 7907 28071 4851
3021 6815 3594 17235
7204 5353 89261 9014
2643 7078 14900 14749
428 8730 898 1555
7924 6520 6924 7614
6177 3696 49560 14390
9867 7356 71842 9808
4234 6279 74431 7223
2043 8133 5285 11063
474 9785 70963 1109
8020 5947 6368 11048
6390 9319 85740 12670
8681 4413 14312 858
5762 5675 83739 5776
8222 3767 39978 9013
4764 8837 92365 10708
2565 1408 83939 14029
7360 2021 77233 7349
9109 8138 61596 4607
9018 2309 18137 6252
3187 7656 68846 1073
4842 1280 24714 10762
9678 2933 75438 2444
8545 6766 62230 17717
92 4048 56689 15949
102 6780 42314 4675
8668 9599 20885 17480
8936 8671 219 12986
5349 7606 31660 2152
5568 3011 7379 14206
9161 2700 91990 9581
6456 4494 58502 4543
6046 7935 47972 13040
282 7309 36202 165
3042 5130 73776 7145
748 2827 82336 2264
7718 1152 5 14028
9570 1770 80418 5684
2078 1655 25890 12132
6747 1810 24182 16996
7417 4811 70115 887
4192 7657 76735 10964
6350 8919 63951 12554
8398 9349 45114 10865
4198 9509 52110 14597
8840 2571 20369 2292
3696 5870 43315 5974
5833 4284 84295 8257
8867 8667 25150 12491
6265 3458 48303 17700
3786 8270 24727 1841
8196 8088 64265 5961
6858 2438 79561 9903
5977 5331 42519 3804
601 6163 15353 9533
9806 6013 75982 17090
7928 9603 80277 13564
772 8972 22096 5892
1960 7734 66032 16249
7541 3463 33544 11361
113 9248 1749 1426
2729 710 50407 12141
797 5129 37351 17267
1999 6402 1666 19125
7329 7125 68578 19542
8130 6715 93953 13605
5868 7982 94496 7065
9915 8521 85501 3048
4189 6234 39790 17711
8682 4917 85071 11424
8449 5404 45801 3570
7925 7100 42227 17485
5078 7081 5139 9705
213 3067 10983 13628
4413 3554 66361 15936
6402 4572 43674 2223
9970 6360 74147 1854
8688 1114 43927 4013
3320 4143 82199 5273
4642 1296 44328 15095
4051 1116 5061 11972
8413 2216 426 5163
2593 6749 20986 8812
6348 5557 36691 16309
8076 715 22064 5531
438 9672 17740 16770
8390 7449 21123 19889
9984 1036 37908 16493
8710 8281 35438 1813
8316 1776 80832 8663
4256 6563 50744 17815
4628 6076 53233 8090
3392 8956 72096 9692
9449 1422 80047 14701
9879 3389 9887 9573
1293 2898 97892 11757
383 4710 35499 13250
6129 342 68586 11883
6121 6099 31694 10352
2283 8778 53862 10016
1989 6460 40043 17759
6723 8994 67867 13834
1566 3066 51987 10491
8988 1679 52615 6919
356 9284 65954 8079
7904 9078 71808 11128
2222 6844 58797 12583
8320 1819 11589 13865
8223 1056 83667 17570
9810 7213 49447 10540
8907 5950 27056 2847
206 749 28614 16126
8493 7447 75605 1720
3072 826 75584 13298
7143 1777 25805 7842
1138 719 36205 5559
4963 8785 62789 3695
4890 3974 36721 809
2345 6311 37586 17395
4066 5539 83541 9296
8257 2862 5743 568
5335 3727 96060 9627
2948 561 51348 1978
4802 2204 9586 8115
148 9809 16108 854
7209 4565 40109 12506
3297 5969 38442 18221
9607 2241 85290 8834
4605 2506 86427 13626
516 9572 87867 17368
7289 8544 85480 1633
9540 2042 267 16580
9182 3851 21046 16938
9040 3977 78222 16989
9438 2360 90145 1715
6086 6966 37698 12984
5934 9072 37835 10563
1759 8348 86902 1862
7355 8842 10277 1889
6622 6694 31872 15234
373 6225 79232 1936
775 7435 98522 18858
6752 4748 73177 15223
5587 7762 75450 8006
1772 2909 73534 3896
1340 7237 38060 9541
9844 6265 51114 12980
6153 6042 18942 19327
4824 2765 79294 17692
4066 2301 41743 16349
8621 2450 58160 12296
9793 5342 47515 4280
434 1545 41950 8248
8115 3271 73998 11516
3207 1474 81334 14734
6061 9021 75121 13894
407 6136 65934 9578
3403 569 56916 14412
950 2897 72471 5552
5768 4727 78764 7354
3891 149 18260 11748
5131 8863 50049 18246
7951 2155 18547 16631
2709 8720 75005 18596
6846 3532 82021 12428
4141 6052 50038 15549
8786 5002 115 17078
2299 5774 45094 7602
8264 418 61575 10088
4507 7098 94369 580
6197 1552 26997 5781
9449 1057 69945 11111
5642 2597 64974 10808
6497 8496 60306 8337
9024 364 67327 5435
4797 6833 15792 9970
2096 8999 277 14707
6291 1702 46661 8131
3116 9720 62077 2500
4778 5154 33495 17320
5092 4517 49056 5521
8487 1697 46619 10650
8113 2685 67793 13905
4977 3786 7214 14680
9579 7127 16284 5443
3532 1927 4494 12048
1211 3631 58909 7916
3127 3375 22336 1120
3033 8884 17078 9050
9126 8551 33503 7476
2468 7049 79308 12295
9173 7882 44975 17385
4125 3066 90873 8186
714 6999 10129 19623
548 8067 13202 6394
4205 4276 89916 649
7482 7197 35621 5807
7563 1161 53751 18512
7427 9082 33783 11633
7700 5783 88127 2508
5193 9466 34215 8282
8231 5285 38599 6088
1287 9459 29388 16438
4830 6575 59970 342
3902 2560 73773 15621
6331 1111 4071 1766
9566 7638 76089 5175
7979 4906 9439 7733
170 5733 6356 1462
6311 1269 62228 12499
6617 9362 565 11514
3907 6780 97740 3968
7624 271 153 2265
5471 3078 22207 5159
426 1533 61441 7996
6171 7168 94089 7770
9099 5470 33783 17605
3800 2662 27052 6159
2392 2156 26213 15493
1436 8940 80332 14563
9331 6821 416 4920
7646 9226 28649 19877
6104 7818 84834 13152
2076 3125 11310 1198
2839 2319 22050 15389
2057 18 4768 13961
925 4892 6622 17359
6228 8607 77108 765
9078 7275 96177 18680
9775 3879 83154 17461
3711 1808 146 4114
2915 3595 70469 15021
5909 5488 5707 6773
4087 4394 44955 13112
5185 6473 49925 4113
2771 7961 1385 1173
41 374 85026 12921
7805 4604 72969 7663
8813 7915 62536 14541
8849 8074 45113 8883
560 6689 97035 1008
8847 8193 7719 10330
1651 2707 74855 9448
346 3761 34152 14865
5502 8694 65783 5423
2788 9785 75129 10033
4271 9398 43075 11611
4827 7711 75809 10584
7997 6512 77011 17888
9217 4186 97884 11322
3158 9198 11531 15479
4133 9621 28935 6896
3851 416 96156 19698
3347 9953 54564 18034
6998 151 21452 13786
1641 4953 75886 2165
238 6216 49188 19517
1100 8675 61240 10631
8326 5058 5469 9623
3142 4559 87235 995
1334 7824 31415 6943
4148 4206 74236 13838
5703 5685 34182 14098
3929 8755 98481 18929
3263 704 79442 8247
1213 98 93972 17833
3457 4760 1365 2294
7581 9835 62140 5205
159 7504 82037 4049
6047 6335 83874 5390
7236 6890 10575 1519
4226 6934 44007 10113
5392 2310 90047 2644
8085 4579 94328 17323
9762 2410 92821 10664
2835 1959 53817 12350
1667 1204 7122 1426
1403 5277 79448 5258
3435 1612 43595 5713
1996 3298 40002 11227
2904 8955 2904 19570
8145 9971 81132 6384
1813 8486 62877 298
5904 8020 98413 14818
714 2327 42535 2048
3076 9166 55211 16889
9545 8713 30684 913
558 4471 8022 14475
4763 1111 28526 1118
9973 8228 62637 17354
8394 7053 66888 14880
3256 6574 18938 7050
9199 7574 77649 15668
3306 9559 81647 13207
2017 9428 8801 9192
7121 7895 78908 8757
6365 4774 91889 3267
920 4844 42134 16988
6770 529 14358 15949
8157 3485 42151 13344
9551 263 36644 19431
1423 4664 23661 8343
9121 253 2702 11303
2977 9760 73768 1160
2580 400 16481 16921
4908 9984 43934 11105
8172 8159 50132 12471
2321 6425 94107 6877
643 1618 10919 1189
3190 5083 55833 3489
4938 9133 60884 17055
7756 3941 119 18070
9177 7149 35257 1902
2288 5193 16943 9574
7991 4514 9108 11531
1012 1564 31230 17106
3909 1201 58802 3169
1304 6816 15680 15815
7629 1693 58327 8300
3717 4711 22899 17774
9163 1577 67347 2437
5759 2507 69543 11077
2018 8353 60923 13305
8226 5582 87401 16716
8355 1810 63645 13326
2265 672 67292 16343
3338 4600 85315 15814
1871 2230 4339 16589
7045 6013 68595 18533
4311 8778 99533 9402
2704 818 35935 12566
6237 8891 41373 1825
3509 3706 45904 6755
7774 8966 57184 701
5690 8913 82912 16327
6047 8214 49522 7511
3894 1140 87081 19345
7864 2228 69911 1900
1604 2647 61806 6657
5629 5484 28642 6305
6052 1398 83463 2611
7817 5305 28054 19602
6849 1846 54079 16457
8878 9401 54714 19249
7984 3492 14696 12059
3109 4483 41076 12346
5570 9020 1868 19013
5368 5081 44213 5271
6517 9473 65398 11548
4464 2026 21454 7015
1094 3432 47673 12890
4852 1634 55635 314
533 4725 59171 115
7912 2985 32869 4215
7812 3077 18412 7669
6362 2790 2557 19298
4991 4354 92167 955
3893 5648 60384 12465
3411 3178 5541 6471
3167 4769 79688 3192
1498 3700 59003 10829
7434 2217 7501 18876
5649 9928 36906 8255
97 3024 96265 7270
8512 5457 20244 15263
4044 1845 11499 18666
2852 4383 34045 15810
1296 4535 53985 14374
9831 3093 46851 4941
585 8320 90921 9423
2727 6072 65634 3507
6023 9757 8485 16687
1151 5964 49472 15770
822 7076 17398 7630
5680 3697 51763 9397
4757 9174 38811 15639
7102 2073 4341 12156
9864 9445 20111 9446
8712 6377 17166 11632
1206 1132 57897 19481
1477 1711 94259 18651
2999 4180 92257 10403
9824 2368 37899 4766
5589 8733 40337 7716
2321 9235 29367 16388
3174 3007 7546 19273
7414 3563 7940 13192
8318 6008 46018 14329
6459 5868 61318 16522
313 7621 80748 12224
7522 1898 31355 8001
8429 9836 7622 13314
1383 6827 59036 7709
7515 6455 76858 6313
5571 2832 52755 633
8125 7788 12519 12983
8494 9109 58095 15919
8302 2198 65883 4990
8765 8537 76183 7918
9886 1256 3134 17072
6217 8237 60344 19798
3538 7221 68951 13384
7053 5343 69764 5478
3272 1751 3296 11559
4235 2260 55506 15465
9214 45 86741 419
7165 6453 40322 10068
2050 1041 55296 15770
4902 4373 81535 17586
3032 8971 81020 13614
9899 341 55338 7085
2660 2499 87716 18006
463 4139 11677 89
7231 7547 43461 19532
4611 3606 90075 4926
4009 5543 42195 12775
2522 8847 86062 2799
7445 8348 50866 576
6803 6955 97003 10696
5879 3015 47307 12375
2497 6829 15014 15360
5960 2728 92555 4464
5422 4190 12852 8193
3676 2774 89041 11082
6611 9615 83179 16260
3495 5732 49227 405
4434 4698 503 970
6514 6175 56719 5988
3540 8038 66341 9861
7332 1556 947 5876
1678 1741 90392 5773
9344 7206 82757 681
484 8732 11114 5689
9594 3096 71346 19179
3083 6809 48392 11281
3747 472 82942 7662
3208 8209 93124 9855
8880 6050 28098 2010
2558 6987 29393 8408
5116 9808 12957 4329
4219 7109 32984 15393
9904 1930 91273 4232
9942 9294 11071 12879
9914 9829 32884 3123
4126 3301 30946 7855
414 6629 32933 573
6820 7600 68026 3903
2369 7713 21906 12934
5641 7705 29927 3340
6892 3892 27324 2281
1787 5895 22345 7834
7099 7375 94586 18569
5586 4547 3 7733
4149 868 49094 15486
5560 2258 73646 920
9296 5141 44189 2196
8153 3508 33268 1225
5431 7861 84188 13908
6680 6364 65305 9451
7004 2196 54591 1090
2111 758 89067 2193
365 9028 15866 11215
4247 8989 83196 10017
7836 8028 4918 12238
1885 6600 9834 791
2727 2451 35144 2997
9678 4405 87082 9056
262 2469 79028 14402
9484 3547 51672 14373
1591 7279 45326 15004
6975 3828 22769 6240
2486 5076 37527 18549
6873 9632 75165 12747
6385 6583 13189 7068
9883 3429 25406 13472
6349 9543 72862 8272
2058 457 48990 5142
9752 3398 18954 3785
894 9048 66534 3827
2970 9213 59214 1368
5872 9173 89534 2537
3880 7802 95362 12271
6544 1192 80977 668
8428 3043 15474 2248
4832 7370 25391 7545
3802 8886 764 4479
3546 6898 22139 1294
5620 3328 53778 12921
2278 5453 11935 15180
3377 2687 3515 19062
2909 2314 41651 15949
8992 3543 26815 11662
9829 1492 11524 7010
9906 1203 70940 11150
5006 9368 29006 3651
1307 660 34615 14602
8806 5103 14753 3913
2869 9533 78052 5838
5357 1499 96781 13507
6020 6928 43272 3274
8028 5525 21447 687
6890 921 53446 5637
759 4288 5735 3305
6294 7438 67204 3277
854 7672 54906 17734
4490 5678 33429 19824
2178 4198 53437 1297
1145 4835 70433 17396
6646 1343 87364 10387
4009 1889 94805 16303
728 2015 12086 16172
9613 5832 42052 5392
9240 146 92765 6599
8721 7803 3957 7799
3116 5942 14990 5487
550 3072 79885 16380
4525 3972 13099 2510
5964 970 17785 16300
9470 4552 91793 14053
4323 1677 44001 1158
2178 6810 9015 4396
6067 9654 15068 8893
5855 7550 66252 19255
823 9443 72654 16356
9977 6788 88630 7062
4175 3111 12834 4537
2368 188 75295 11695
256 7101 75360 2235
1911 4519 29792 614
591 2858 24350 7916
9939 9085 91360 18988
717 2888 6052 2241
7268 4344 36087 12479
3185 4692 69246 9568
3819 554 50252 14393
8126 8131 65395 5615
4827 8817 24130 1692
758 7140 94877 14182
9691 4478 37745 15564
9415 8155 50736 18257
1694 4795 74236 5079
7348 5363 88251 7078
8559 3505 80939 4926
1329 3301 85914 9976
6996 3209 704 12184
8221 9826 51327 6389
7693 662 14180 17941
6261 8118 47475 13230
1219 9477 14948 3377
9410 8003 26598 9503
4020 8662 89508 18171
4308 8583 71073 16856
4487 2614 12268 17795
3704 2211 48182 6217
6123 6996 37732 52
1291 5062 19187 5094
3630 1907 11278 16895
4273 6431 15091 9985
8845 9753 6916 5985
9580 6632 23368 14039
2547 5209 46441 3581
7915 8500 99833 4936
3643 265 73654 16885
2629 1449 46517 18180
2222 1757 6214 2647
7099 4732 44574 1887
5347 7796 7044 18991
8886 34 26951 5509
9393 9160 43235 2115
8776 4423 41113 16323
9707 8728 91831 3080
7371 4649 9076 11338
8886 2591 44062 5936
7346 1590 58876 14897
627 5617 41949 9568
8459 6867 20764 3355
8911 6378 70912 2855
206 4202 37233 13787
2059 7694 66111 7837
8049 633 93884 2656
8563 7747 61639 9072
3903 3201 16028 8835
1658 9607 61946 16117
3155 9555 36639 7304
4019 9788 87824 12213
6322 4527 30520 17199
5052 9625 44694 19212
5243 9094 28011 10376
26 1746 59815 10280
7694 7362 89401 16683
5112 3121 37945 3756
5133 7276 30884 19997
5215 4141 69272 7339
2186 3390 86062 4143
8428 7883 45764 4672
3856 8320 17828 11579
6774 9274 55061 17622
7809 7552 65809 594
4808 7777 20253 7665
56 4979 4794 3548
5827 6817 26196 3217
3684 6011 53527 12370
1538 3224 82572 8150
3760 4365 74089 11627
276 9381 27529 11763
3082 2608 23562 18629
8775 296 89399 13015
9677 9773 1602 12564
4469 6303 87603 3862
2688 7535 24790 17845
6655 1478 7290 10313
6136 4196 95144 1527
9967 4257 74963 19426
5716 2759 210 10980
2984 3871 7467 1667
3164 9538 4983 7870
6870 8183 68845 8184
7498 8803 38946 15752
3341 2539 68466 12915
2439 6539 47574 6353
5633 8846 46241 17546
8916 7537 56149 10528
7888 3247 64259 13414
8708 4797 26559 8526
1549 2942 2784 5582
9865 2333 54993 3626
7484 3930 28001 1562
3685 6739 70885 16156
2844 1643 16091 11358
26 1441 87715 2478
537 9405 9558 15131
3895 2603 24030 6737
2288 7581 84532 1462
6450 3093 38058 12306
1817 4865 62119 15747
8680 9901 28834 19683
4812 511 37040 3253
9580 6628 93855 16344
5919 3274 77784 8835
2622 6154 13743 1187
9089 8988 49096 5934
414 2698 46081 3627
2150 8188 53153 2947
9815 9656 40527 11493
963 8739 20722 14879
752 5711 70603 13254
6783 9919 29248 16589
6484 2767 90683 4197
6522 4310 49169 12859
7242 5511 37747 7705
3240 2382 12956 2578
9794 2238 7698 8424
6268 5202 17052 13305
8117 4816 72295 9428
5445 2970 3071 3897
9107 5863 62751 8817
2872 9934 78637 13077
1126 309 41329 14637
7040 1029 39200 265
428 6659 10347 4155
4355 8268 79354 18378
4850 1058 59090 2210
1781 2863 47512 18005
2665 1694 7505 9012
2633 3487 74629 8971
3000 4948 61162 4361
1971 6466 27237 13455
3659 263 36231 10742
6804 2008 32397 8474
8212 7196 28351 12120
7895 5968 80578 17628
7122 4541 23110 15231
2904 6699 84151 483
4099 6399 2841 1869
8258 8060 20995 16277
7617 6236 17291 7222
8697 1934 34972 3115
8761 7598 47985 8735
4573 1075 35079 8822
6551 6340 16931 6806
1080 6505 21377 2781
4045 185 57851 6224
4747 4104 40871 18606
1704 9865 54405 16470
707 4547 91486 15966
9701 9517 2025 5732
7715 6845 37345 10815
139 4282 28519 8798
1576 754 45967 19456
706 2675 81350 12958
8716 537 73582 945
8520 9572 337 7816
5214 3034 47698 8342
997 4974 35339 5827
3906 5934 37956 19153
1517 7298 2303 14623
2109 7920 52093 16133
6353 7905 65764 1971
9741 3855 74668 7230
3067 3803 11607 10828
1729 6275 76581 5070
7396 2368 50101 17376
7294 1905 4380 17784
8490 4150 29573 241
4093 1941 42880 8901
7735 2510 46003 14551
563 9761 85848 4353
3841 2165 9068 261
4713 6246 56905 12616
8761 5991 63795 13047
4208 8458 18206 18445
4823 4081 17657 7189
9063 9121 88404 19531
2721 565 70046 10473
3946 2716 5353 18231
6485 6456 97698 5893
7906 8560 56687 3872
8629 7865 63972 4982
8409 4416 13046 18677
490 5090 42937 16084
3145 9569 71866 6184
8486 780 92418 4804
3467 4964 13374 2967
9384 1201 70164 15589
5540 4587 53876 5927
2718 8876 41187 2229
3069 2213 18624 8115
9465 3005 3708 313
3881 7903 18216 9154
5656 9007 14390 19839
2691 9664 70886 2902
4640 3877 62731 9662
3581 237 80373 10580
7055 6070 70581 11119
8842 4081 26132 1601
2616 6519 98644 7198
9871 545 31250 6617
3285 6214 12888 7001
8264 1139 47386 13225
9645 3353 61860 9329
704 489 85963 13001
8213 7975 17127 15303
8016 6601 80933 14112
5648 1507 35670 6894
6144 5061 67689 19186
9106 168 63167 2520
841 1553 77553 8097
6141 8718 44584 9886
276 4286 7564 4565
8399 7627 47576 17858
2796 4259 92397 14052
4328 679 65227 2323
1894 4742 68581 4492
5455 2595 51904 18237
5942 8197 25558 8940
6604 8380 44091 2527
5431 2634 11113 4242
1849 1299 59208 13013
9038 856 37397 19984
1846 3583 89862 18290
1817 7567 89885 3312
7720 9826 21356 5147
9580 3030 60251 4295
7650 7940 2220 19800
4650 9754 93405 5735
8018 195 83255 16645
8483 6128 28053 18440
910 7160 3730 8605
61 5406 24533 2944
1947 6843 10790 9851
3401 1449 80822 6490
1101 5703 40084 2417
1766 6230 85221 13970
9644 3418 67340 14974
3189 5314 62566 19256
2989 7580 77870 9288
6779 4302 35336 5268
2501 120 99732 13246
4243 8558 51239 6762
8260 5768 39675 5154
9211 8927 20019 12926
5217 4055 90962 18231
7340 6123 81320 9303
3365 4619 13902 356
3070 5986 24893 8870
6802 9116 97042 19031
3420 2967 98411 17142
3383 9504 54708 16107
1965 1222 17236 4850
976 5783 26287 7430
1524 6683 71855 10377
2476 5646 38717 13595
533 1063 53460 17216
9476 6945 4858 9408
1300 5474 80587 523
7658 9855 49336 5493
4374 2814 52485 7250
2390 4684 27043 10060
9417 2984 38473 1707
9975 2138 69312 12686
3652 1451 29630 11214
4640 1992 15911 4300
7770 2031 64130 19334
7933 3120 8115 8081
2794 869 99273 4760
933 9111 37156 15817
878 2918 25001 14698
7450 1400 57784 14387
3587 375 12557 131
9742 7127 34912 18694
493 5799 26217 7180
874 6524 23440 5746
4664 3924 72909 7909
5587 7438 59408 18724
7691 2173 17602 2122
8540 4878 1914 7842
2458 4965 31785 14384
326 15 41407 11224
2889 6945 86441 8489
3961 1744 7351 16272
6591 9652 90750 19004
9876 5031 30628 7934
1856 841 81737 13522
4721 1271 3019 4724
608 6762 28169 14467
1926 4209 8194 19856
9487 5647 5290 4234
9573 2796 47020 16924
4183 2978 26945 9717
9228 1114 16087 2979
7928 3262 84346 10115
3236 4441 15812 7997
8369 4880 73104 5810
2935 1185 40716 12516
9230 9239 80555 694
8452 6902 45439 3089
3598 4423 34542 13768
1373 8480 78743 17637
9280 3540 18723 16634
8467 2595 85175 162
4401 7012 52983 5632
9506 7987 12979 8842
4135 6450 88709 11143
9138 5869 84632 8999
971 2463 96223 9482
5435 5407 16813 11567
262 5894 17047 16746
4991 9508 50266 5252
250 5290 44035 457
5597 8260 27886 9782
6543 6070 94696 11572
667 5850 62503 16875
8241 6894 63554 15090
2138 6191 35586 19586
2775 1212 33960 479
9207 3224 65093 9054
4539 3960 61714 8393
3088 6565 40285 17407
7528 7891 44714 18269
281 4191 18341 18978
6262 3380 83959 12848
3937 7576 62898 1902
6167 6903 88432 8095
6173 7195 56405 6355
2874 8548 78740 9339
2038 4352 83234 4072
9652 443 51388 12308
4483 2829 21718 7225
6476 9857 82313 18251
5619 4117 51330 9301
5850 3263 51373 19435
5140 742 38557 14843
1141 8652 23737 14148
9975 3737 91861 8410
6470 3452 26201 14493
6712 7644 84259 2400
8795 5636 71736 10472
1344 9987 86196 12059
800 4790 43727 19773
8713 3836 93692 11593
3764 2654 12938 13009
2655 7411 1460 10307
3158 5974 49966 3566
6873 5811 80005 5169
6605 8992 21842 13
8845 8387 6110 1194
1731 8857 12945 4225
4072 6959 59484 11575
6650 3691 73777 13276
2115 3118 32052 12687
4477 1314 38617 17199
9422 2605 70080 10378
7400 9009 30124 3861
1103 9420 86582 4477
5358 6392 26429 4323
2476 9870 65524 7528
8159 7400 28311 12449
2641 9567 84815 14141
572 6414 97130 16249
9568 6659 92899 19162
8475 3458 41296 53
6954 2349 48421 19894
4095 6640 67897 1408
9964 8463 49654 2232
5093 3650 99535 16347
4240 7380 5907 6787
1605 9664 54231 10781
107 7496 67582 5581
5469 9999 77650 1655
379 1801 52864 5829
7897 105 2186 8535
5201 6686 50589 3803
5067 2424 40090 18197
7791 6360 68654 8986
1746 4339 80263 18552
9909 4567 33630 18853
668 2957 73274 12804
285 4041 91890 19686
7496 5899 94539 12106
7552 4528 94085 1621
3195 2260 81893 18787
9079 2032 98138 5588
5704 4627 90441 15850
4736 6888 37244 19896
6421 9680 13610 9557
1093 629 20393 9582
6796 1208 72586 10032
9751 1450 78751 5957
9534 9867 82199 14957
9323 1240 56255 4808
2468 2403 16763 9470
4485 4694 62248 18972
1691 5959 58475 13674
4377 1940 96034 15910
7078 7845 7960 4661
3930 8453 16890 219
5236 4249 10923 1446
4675 146 65898 18915
9711 6179 22707 11597
384 2352 42378 16476
2278 2104 760 10509
754 2235 33914 4777
7378 4458 845 7741
6036 9352 54905 8603
4253 4980 42893 16591
7074 346 62806 13150
3707 5227 9845 16514
9018 9979 96448 14495
4512 2436 70394 9778
3635 6963 45355 2793
7756 7295 99473 3245
6232 7557 65032 9190
1931 5236 7243 5963
3560 4171 72601 16627
9930 6466 88051 2717
4708 800 88107 18938
3313 2348 7902 16049
4485 9440 87934 4868
5852 1232 86673 19883
6250 2554 10494 10814
7148 4634 75450 9796
1881 201 89263 13803
1893 2757 9869 3692
7954 510 64710 6296
864 4671 87849 19496
9539 417 59327 8422
8599 6413 22139 1557
5695 1318 66875 13100
7331 2403 40697 1959
7033 3881 59622 19525
2893 2726 11638 10653
2802 4640 52593 10333
255 4899 24992 7992
6251 5126 35507 10658
9968 4993 23541 16419
3714 5672 70617 18663
5201 5553 14964 1591
7069 9478 8145 14609
5368 9207 6629 7124
6633 8714 15458 19898
4749 736 1565 15249
1948 8869 42413 1567
8597 1864 83318 5387
4401 6836 9961 1634
1177 2509 60967 4080
4237 8189 38030 18874
1810 4912 8821 13774
3136 6907 88041 12594
1426 6763 7324 19168
1989 380 93256 7259
4089 5563 69637 7547
9129 6650 93753 8202
894 1211 16610 12458
7644 3437 78159 4281
2306 108 43685 6497
9521 6820 13417 12854
1530 5153 30996 7808
5231 8475 56538 16231
7415 9541 69244 5018
957 4778 58055 4925
1534 5451 85243 12216
4929 9349 22270 17306
1464 5659 65579 7254
9804 2207 68162 12630
329 1777 12305 5536
5632 6743 85111 4269
8771 6238 71517 17824
7461 8141 9385 6426
8281 7624 68215 16256
8606 7838 68212 11953
349 1832 63337 8949
1607 8871 8581 9529
4216 4516 89910 16955
4204 4375 795 1088
8327 6389 87219 5283
2696 3701 31971 11742
5285 9914 6885 10410
8536 8289 89934 15065
290 7088 32208 7031
2673 1300 51546 8018
7786 3426 28142 3739
2311 5903 37440 16214
4490 736 77083 8881
6486 8908 14234 15930
7409 366 57700 14681
2861 3921 77920 12169
2483 2758 76956 13576
8601 2073 87383 16061
9825 4783 85437 14663
8262 3758 29956 3744
288 3769 78451 5626
7049 7457 84202 89
3469 5541 557 4532
7868 8914 53178 4165
7378 8808 15481 7469
1554 4906 29270 17582
4041 1014 8184 14986
6396 2549 86703 5228
1653 3252 16343 12327
2427 9721 72066 16728
3729 1515 30460 12002
812 2610 88948 16149
789 2540 20062 16758
5927 6583 83884 15363
4885 524 93269 10529
444 5888 70465 2341
3906 9468 57928 10967
6119 6497 13208 12426
5813 8309 42432 508
593 638 1168 16150
4345 9385 74093 16760
9048 4060 62577 16108
8589 4143 8688 1856
5166 9891 81595 10561
199 7258 23762 16694
5459 9562 74277 704
2645 224 45246 14813
7847 8402 83466 6159
5484 6971 58685 16856
6717 6979 64899 13133
3050 8486 83007 19427
9825 2026 54414 16099
2183 930 3008 3748
8490 3655 52938 14039
2519 6374 69713 17049
6939 6992 85956 6093
3836 5626 25529 781
3899 26 64200 9022
8833 6440 26841 2443
8748 1968 47620 12776
9595 7628 67050 6812
1475 8629 30670 18209
8393 9327 853 14286
2669 6889 67976 882
6920 3097 66516 18154
1470 3028 67538 13676
5178 4191 33048 2791
2115 3747 27050 15423
3067 9651 55020 15112
4896 6459 98490 11608
8503 6615 61667 2816
3807 4802 25124 11803
4087 5337 95017 3147
5729 3495 87223 15837
1405 1907 39043 13150
1913 3251 46671 15575
9725 9308 26986 15786
5239 374 6012 10368
6431 578 86725 8869
819 1875 63848 2895
7021 7590 10365 2908
8834 4182 26328 8639
5500 9972 98462 1365
9268 8970 55174 12493
7453 3969 4966 14416
7770 7067 52506 12500
8096 1509 11215 16662
3436 8037 88124 8579
1444 2584 3185 480
2031 8208 96282 764
6373 3542 10163 12592
3936 7502 70491 14838
9220 1244 17695 19871
5181 2195 84119 15264
8382 115 41710 650
57 6079 63623 17431
4953 9153 88079 19858
6394 9161 24765 3462
2532 6328 91263 5462
3256 1874 86514 7214
5362 9730 28238 3958
3116 2383 38381 8357
7292 2647 56454 3100
9636 6167 96617 579
3696 4605 67540 1125
1085 688 78699 2319
8130 1263 62964 17223
2815 7784 36495 7867
5874 5274 12566 14068
9207 3323 87139 14317
2833 8796 39802 10441
179 7032 71403 7609
2031 3917 14020 6092
6211 3537 4167 14633
2209 42 95182 8274
5269 5758 49503 12532
7413 9970 73035 10495
976 6904 99625 5777
2658 2097 73448 6418
8053 3127 13969 17705
9816 5648 48874 12077
5692 3979 24301 10751
8528 9122 22355 12035
7526 9827 84476 9639
4213 1873 78522 11859
5260 5437 88781 16435
4012 6223 31476 6055
817 5844 95649 9718
7801 520 40140 13259
3533 5771 91694 3734
8185 2231 44204 1686
6792 2869 62120 7867
4112 568 71274 18848
8024 4822 65325 19875
5182 2436 62702 17374
543 9435 58803 650
7309 5790 13140 7965
733 3974 76507 4744
3743 6787 24939 635
749 1218 76026 14625
1389 5751 39031 10549
136 2979 22198 17662
4860 5665 6073 14837
6956 1352 32134 5879
6442 3779 19079 3726
5750 5376 87511 12535
6590 3502 93456 6096
4598 7637 46105 17301
5927 3990 25658 8335
9657 8035 7709 17399
334 5655 28655 11704
3717 5775 33175 16294
6441 8436 19772 11713
7029 9567 53865 1949
2859 7829 93071 8891
3748 3845 2133 9564
5112 1688 52603 19067
6366 9834 65799 1081
9667 5535 60571 19947
5931 2993 15901 5642
4342 9206 51594 9942
7297 9386 5462 11863
1603 246 64844 1950
9476 3380 58410 12726
3556 3968 75400 10988
9285 376 38483 19562
3705 6571 79483 16224
7144 715 62418 3754
5827 6040 22322 8717
2062 6116 21829 13484
1166 6665 5886 8697
8447 2322 64858 7902
2071 7119 34898 3827
5428 2108 8360 19906
6915 4294 23885 13129
1986 4327 84306 3342
4883 7037 73950 10895
6986 7924 12022 14294
6335 9091 9261 17130
701 8558 8991 10619
2267 1314 72452 8127
1551 1698 69414 9979
1195 4693 59929 4438
9540 2899 10497 13758
6740 7042 74464 4241
7849 5158 1386 4736
3370 1336 65942 6340
9190 3684 4147 15045
5813 9782 71551 6514
3700 9588 16664 270
4617 4312 56861 8947
5927 7632 12173 11503
6687 700 8160 13576
235 6396 70880 15093
211 4994 37968 8937
9410 5868 93256 17261
1700 4413 87884 316
7329 2190 50066 17826
9285 6 6228 8793
5790 6928 55570 17736
4040 5301 74889 5222
5824 2073 9624 4027
9115 9451 31184 561
3257 65 20723 18883
3436 2118 26357 18753
5585 9634 83561 5212
7306 9478 48758 7597
9222 9569 89745 9586
2972 9607 84141 15318
6904 5415 56623 5652
1445 3415 37887 16593
5849 1558 8793 6430
3943 5390 56724 15685
3138 9643 93425 601
2445 3569 49529 19879
4108 3382 34303 99
2408 1269 94275 11118
9019 5572 6706 1953
8025 8767 86893 5679
5309 2191 41509 5767
1507 7076 36710 10286
8282 7844 80386 6634
1475 1596 7457 1995
4174 4835 98665 13710
2883 9865 26837 17161
7364 2857 57692 12358
9006 198 63769 5668
8145 5274 32622 2088
978 3650 53150 8828
315 848 12303 10895
2426 3207 90733 10041
1866 6014 4921 7994
3235 4373 36231 389
5955 8939 59626 19437
4459 1485 85169 19638
8152 3332 84023 10997
4573 3542 45890 10372
5025 6798 85224 11917
554 6093 43080 9390
1210 7871 39520 17648
4108 2610 36095 12477
4247 733 51997 14502
7925 4630 10807 17031
3575 598 12743 10479
6252 8477 65786 16660
1990 7587 97238 2238
7369 3906 25515 231
5488 506 28501 7061
287 5036 63454 7194
9062 2671 87523 13707
7355 6509 26311 11447
711 7571 35747 2483
6011 6680 98800 935
8081 5479 91963 14672
4549 2758 91682 2
7945 4180 77540 11166
1528 7999 23928 15282
1605 8154 18828 9956
4393 9072 72918 19024
8048 1234 84483 18776
6423 1468 60415 17728
9235 4466 99903 1308
4796 6639 46281 6459
2396 7905 64084 7140
5906 1577 54296 6195
378 2942 70194 13330
7831 2561 7585 16915
4631 5365 85316 4703
2805 6634 5013 5974
9590 6136 15737 14281
6153 6464 66467 4905
5032 7144 6109 3373
1176 7998 8325 14179
7422 6861 83378 2755
4504 8607 54734 8572
4693 7642 77759 8791
720 9854 70170 3657
9975 1981 74539 3025
4103 7859 58757 18289
9687 2583 40429 6233
4259 9660 12994 14589
3924 2028 27985 16289
9174 3912 32165 19957
7056 4038 97383 17158
1681 9309 3858 2474
6581 7931 67050 5669
6765 5431 77102 9004
7172 3288 59039 15561
4973 7095 47003 12478
405 1937 44430 11269
726 3714 48023 15410
1654 2216 85178 8900
2816 2311 46936 17906
2240 9483 42142 1921
6641 8680 37466 16824
9573 9228 12348 1243
7997 5579 86741 17451
6623 8308 41898 17840
8690 8248 46353 10457
2591 8673 44016 13420
8078 1379 62042 12163
7170 4186 67700 5800
2866 7586 61698 400
7147 4597 3068 505
1595 1364 41679 1437
9888 2374 85477 503
9625 6512 84640 17011
4296 3153 88254 8465
4516 7431 86790 10688
7154 9167 86360 13382
3983 161 7119 7846
2868 1859 37452 16386
5390 7846 42356 14747
6233 798 95409 11841
1617 5853 78832 5412
8750 6567 23850 4557
4183 9227 28746 14112
8444 704 23658 17065
6914 8345 2558 3015
8446 5570 70514 16441
4161 677 68546 16487
4314 7775 85469 8113
6617 5777 11271 12127
3915 6802 39911 13281
383 4873 2917 11313
4592 5967 45065 9964
6250 3786 36545 14382
2738 3383 7132 13398
8367 2390 12617 5359
8625 6720 43962 17264
6238 1769 79324 19204
5300 8598 77598 5156
607 3542 91409 8532
1468 321 2704 5026
3454 8664 58662 15435
1419 3658 52045 13294
3863 9135 46529 19528
7312 6941 41315 9865
7941 5816 25733 18040
5712 6472 76456 1528
1987 9573 97372 11141
8222 4367 68498 15065
1242 6008 69513 9437
2964 1564 28082 9570
6379 3822 36021 1675
5302 7205 87951 11150
9346 5384 24766 9987
2437 7123 89247 806
9890 8335 40693 4162
8423 4437 8712 17943
3797 8530 20705 19776
2641 9124 56489 6667
8897 2937 71712 15709
6397 5870 25317 8020
6319 4324 43349 1031
7554 4342 85406 7921
9777 4723 57312 11891
2216 2796 26411 9527
9355 3834 98419 13722
7403 6386 92192 599
7891 3217 19657 17050
5775 8928 314 3954
7335 369 91381 6315
8239 3139 69715 8438
1672 1076 91634 18037
4054 3401 2371 1152
3327 3968 94976 1392
9765 2111 10755 3589
7026 2590 23719 16173
818 1492 89988 6092
8177 8440 80491 16425
7252 2994 99488 8311
1910 8049 72441 14060
3124 1590 39482 12260
2138 4623 79344 17728
2627 9815 78488 285
4263 4025 7562 13760
9188 2634 35142 3307
6127 2275 30286 19188
7583 6455 12432 2974
6257 4678 78344 4425
1308 6926 59009 10508
7190 9490 6627 16699
6065 4697 42426 19255
7180 1569 11533 11115
1903 9417 28193 13643
6963 560 4107 3983
3987 330 75012 4937
3434 3731 39658 18412
2423 3712 8128 2913
4777 9685 11707 16576
574 2856 20917 17189
18 8907 71969 6409
1454 965 5389 4587
1768 7382 12487 14599
1984 1040 79388 5482
5237 2241 72669 2094
6650 7562 19815 16429
9600 8858 75626 5174
4261 6222 62543 666
7277 8107 52414 4049
3218 7358 4499 8709
6372 6118 86513 4807
6162 9527 55026 1702
9266 261 11493 11658
3252 6008 77567 13572
8942 2541 66085 12826
9865 213 19025 3759
8438 4317 98170 7103
7869 1893 81201 8920
8667 3154 30215 12238
3150 1872 47462 3320
9924 8175 65061 5336
5402 9344 67936 906
3553 1103 49398 12887
8390 2055 38780 12519
323 9002 79672 9913
7125 4661 82882 8177
4830 7281 84220 16826
6642 7896 49292 18199
3263 4699 56682 7854
1859 5274 63695 10485
5362 77 29205 5531
4727 620 736 5786
610 3807 9576 18466
5138 8596 32712 13782
8405 4134 43354 7309
1966 8902 25190 17455
7772 9853 75611 6703
1440 1925 91615 1384
7881 6338 1783 8159
9464 9469 25366 3530
6335 7453 91370 13186
9477 1698 45362 13159
9115 5137 14886 12468
5865 7413 3613 10215
5790 8222 93143 8299
499 2393 39563 563
1655 182 55937 18445
2189 5493 67872 19372
5269 1254 93011 18037
7916 8975 12884 13327
9888 3589 91622 16980
2520 2167 28042 9302
8401 8751 97728 19979
6895 6641 60651 12723
8288 1255 4915 12775
6749 2420 7996 18236
1561 3311 15577 245
5706 222 70456 16698
163 7030 90498 6696
1616 1976 75339 15122
311 3977 3952 5049
599 4463 56684 3710
672 7950 95019 17506
9208 356 270 1908
8200 375 8814 3778
9488 7482 81075 5168
8459 3036 35159 11611
1129 2307 87638 18246
1551 2610 19384 16612
5153 2730 74780 12727
911 6243 19521 17589
7723 1432 13810 13953
7454 198 1706 15906
694 8716 66090 17901
232 610 59190 7939
633 1533 65696 1259
3809 7423 79396 11766
8731 1451 16421 16539
4373 2344 90379 5297
9659 8270 69460 13081
822 7838 46439 11549
3924 8161 58477 14718
112 6395 90020 10061
5343 819 87470 19920
8840 3133 2484 288
4562 6551 21010 13928
6066 1657 33232 10187
5148 5627 5829 15908
8402 6422 10482 9935
587 1001 74049 7206
8050 7455 67073 658
9307 3566 66410 7692
3686 6597 91005 135
8630 1717 9216 8935
5490 7413 72438 5139
536 1053 63425 6378
5241 718 63785 11012
8827 975 85729 13458
7597 2373 9311 13826
2151 8874 91203 5399
4327 3320 41450 18847
6853 7152 88885 5075
6630 6278 17680 6258
4665 1946 67440 6104
2204 494 50555 6295
4526 4397 26915 9000
997 2480 56337 3047
7829 5543 81449 3127
1014 770 36597 4814
9409 1769 90294 12751
5672 4788 54191 3911
147 8023 48187 12175
4024 6296 36519 15367
4782 1544 56769 18601
4044 5539 47473 15421
360 1342 76765 8942
4830 540 67246 4451
5809 4202 93750 7716
358 7170 47071 6792
6469 7066 43118 2847
7621 4970 68786 1721
7183 2705 94909 11085
7998 9722 21533 10522
1518 9129 14886 5005
583 1003 28787 5257
2293 5811 3193 11851
1418 9235 86691 1956
4765 1288 90192 10867
4453 2753 36470 9359
4162 5755 5285 7562
7174 9924 44038 13136
3284 4602 64742 11405
2471 9497 63024 19438
4288 2652 95071 8243
1641 3876 68486 12313
4615 2976 36849 12936
4714 6381 79043 10676
9128 2333 45507 16940
182 3672 69126 11857
9425 5303 32974 2306
8284 6068 16734 1162
9584 6036 44890 3583
9159 1663 99141 4589
9902 8218 7876 10389
6454 4851 29862 3802
5766 6813 73440 18547
5262 4988 10467 643
5056 9352 21718 738
9021 6244 27210 11849
7083 351 82643 13084
4561 2255 38438 1176
8848 6329 63216 6087
321 1895 72783 15528
7107 1860 59289 6905
964 1044 82021 987
9024 8121 3240 17490
9895 5124 16210 19388
6026 1873 78215 8282
2046 2752 98333 10316
2784 9837 84339 8749
8555 2559 1659 14276
4817 7562 60860 15406
7351 8509 91402 17195
1052 7007 51845 10087
7020 9055 21462 219
1009 140 47775 19608
9558 5220 38300 16857
8208 2314 63906 11017
214 2683 25375 10087
7235 2788 67543 9754
9032 6838 65637 590
3609 7970 35004 6299
941 1913 76692 12871
1405 909 27341 10391
7403 5657 84473 14260
29 1339 87511 16833
5597 3108 46959 9848
5577 1302 73833 4093
9522 6011 45247 8254
3183 1069 16895 10596
135 5960 96324 10071
651 9589 54000 15424
9365 3069 76379 16229
1209 129 62871 17101
379 1966 68270 11105
4608 2931 5108 7336
3529 9590 6085 16358
951 9334 2500 6573
6839 4512 68285 17421
899 9669 31332 1957
7811 4053 29903 8868
9467 9050 91638 18346
1169 7869 88667 874
1659 4918 86490 17193
5194 8352 42155 16177
8744 3673 18924 14332
5645 8076 69454 15341
1814 5336 26110 12034
5801 601 61717 952
4112 3562 97924 6583
2136 8695 78014 19709
9248 1726 694 3833
5645 1788 77387 58
1965 5160 12822 10094
1988 6073 77210 2011
8236 8846 99877 5153
4261 5271 47950 6488
5943 5850 59004 4244
613 2871 83953 18564
3975 4555 33845 3755
8636 9967 77634 18868
1510 217 28644 13851
2675 8676 46806 18276
7774 4742 97599 13256
9406 6862 98374 5245
6749 3267 97987 16311
4048 4709 40991 16353
4450 8201 6768 915
374 1969 58196 3354
8394 1941 55968 1497
6088 5141 47409 12446
47 5090 11124 10118
6299 5445 85870 10375
1872 3334 20969 16548
8942 2300 78722 18720
2736 2875 48552 18579
5525 4312 73381 4003
7708 7685 8950 18491
3334 8331 49580 794
6216 6348 1909 18883
3573 9364 21040 9837
7841 4248 44212 3456
7904 2075 99792 15087
8945 1272 67257 2069
8234 4649 46634 16898
101 3513 16168 9238
276 2575 7438 17643
2473 3197 70170 11922
9610 8568 27363 11783
8114 171 68246 15098
5237 4502 44873 11079
9573 2057 66268 388
1506 9995 45215 14877
8310 9680 50521 6742
9196 4220 87974 2977
9325 7390 16363 13459
7048 6690 35360 12459
553 2911 9137 11532
5592 8514 38602 12741
9787 1065 30419 10525
5486 2299 83549 18919
8000 6427 47323 11768
3690 2988 39747 9785
6944 5977 56147 7052
8294 203 70243 19986
8013 6293 56358 11655
9482 6209 74421 15805
3646 4525 27028 9537
1547 6826 8860 8962
4140 2129 6228 7304
7369 6821 9680 8841
188 9643 31169 9306
6422 5806 70527 11820
6606 7314 84119 16105
5299 3994 96739 10092
8381 5076 36803 17889
3313 7086 28945 17569
2942 74 36397 877
9156 3626 58930 12122
3769 4984 62943 18364
2884 2167 781 681
6370 2419 97967 6708
9866 4056 87432 816
8303 774 88048 4068
6596 4910 88648 5596
2284 5525 10892 17996
6674 3286 71430 8548
5791 164 60555 5096
9574 3667 2787 11392
1568 7055 38559 18038
5030 5207 91916 11023
1440 668 75375 16448
2179 9040 57717 7184
7101 2225 64543 17473
9796 6411 74912 12715
8874 674 35294 9063
5532 9096 9362 13637
7252 4645 74903 12973
9320 2205 19310 13545
2353 8610 35304 19183
8867 5620 34136 19254
6197 1708 14588 15851
1685 463 17120 17494
6535 975 36020 4097
523 6144 69347 16193
821 2694 95721 6035
4605 5270 61200 14187
9348 1431 46205 12896
1552 7503 69729 4417
8450 7413 47476 6102
4410 9774 27610 9802
368 9300 95306 8507
3547 9514 27154 17555
4731 2904 14171 10864
5300 662 42557 10193
2957 6006 44312 11522
5838 7473 38750 11378
7846 1997 62013 6733
963 8094 69199 5047
5524 6063 66908 7504
8973 7172 94847 12851
1285 4291 22198 3650
7632 7602 37975 4055
2983 7141 61557 9237
6637 2993 54412 1544
3335 3567 58353 18435
2625 4919 52603 11441
7903 6349 342 15200
8759 5175 97773 11600
2913 9311 66281 4170
5146 8659 72989 5607
5659 1721 80232 5167
3740 6525 61758 19302
1638 2717 35824 16875
9814 9007 84193 18097
1806 3658 52017 9073
5041 6263 55797 4978
3285 2042 24840 14412
7767 1182 77975 18750
4066 7745 68819 10433
5469 2918 28213 12731
4314 2692 67748 2934
5181 4686 59119 11366
4422 4165 20198 2870
7144 9065 9620 13424
4474 338 96316 10534
6133 6801 65144 8357
8931 955 15997 8008
4250 6556 47176 11952
1355 1946 22476 5669
959 694 69237 6548
7938 9214 39274 4487
6173 729 95277 19758
5248 3959 16052 3196
9490 7535 97176 19370
8728 2625 45565 19223
5886 6962 37102 6852
3462 7847 40868 9689
7381 7264 55752 11544
6568 5524 33018 1161
1528 2265 90951 10076
2108 7029 9168 10908
810 6501 36907 19091
3239 8036 82137 16239
6782 8940 54717 6775
9068 8783 29154 4951
3552 7243 21316 1134
1260 103 99710 3473
6505 617 12421 3712
8653 2218 24925 9778
2794 2870 53079 1394
9027 251 2660 1475
4799 9564 71749 2591
9398 615 93961 18695
8382 2440 18621 15385
4486 8519 22380 8486
1075 8721 74910 4387
7378 875 87349 19223
1652 5599 2903 16982
9146 9717 1129 6382
2179 4350 77783 4095
375 8201 56373 13373
1501 8528 35425 18120
272 4041 9206 2819
4377 7838 74172 1624
2715 1970 99787 3811
5810 1744 81319 4136
9178 3999 45985 13102
2081 2829 12324 12156
2498 1434 10751 19839
7966 5048 9727 704
4991 7656 38167 6835
6839 2326 90411 3052
5920 5227 359 16920
3397 6981 4680 3076
405 8895 3412 12168
207 4484 3341 17994
8157 3288 71912 3283
7462 4552 54980 6194
3172 1020 42021 2859
1202 9028 27958 7927
9929 3974 15847 1926
5353 7969 23401 19483
290 116 15009 1761
171 2675 82189 319
2913 5877 72736 10461
2152 7849 15468 11357
322 7690 36805 9876
870 8681 30521 7446
8826 4382 23699 17268
6532 4072 95859 4727
256 78 1554 10705
9789 1549 73656 7542
7567 1305 45757 16862
379 5620 66287 4303
7584 7306 356 8311
8862 9318 47730 15525
889 4914 14955 10903
1500 8187 69645 15561
1016 7144 469 13397
1746 2735 83423 11122
9324 2554 84640 15787
42 7373 12401 10130
4087 8961 53530 10548
9313 5973 46491 12241
5221 1162 70108 9526
2744 9572 95606 17684
6025 3405 26037 2118
2994 3125 67979 19307
2676 1202 42968 3982
2944 4397 14382 7277
2982 1177 95201 15810
3046 2017 56420 8436
3636 4507 67437 17973
4951 2870 64122 2268
7315 273 12695 6319
4203 9671 73547 2706
4220 3500 22489 9715
9766 5715 50255 4086
5065 961 87589 13005
5280 7243 35145 9559
3870 9866 39563 9192
8650 5806 20209 12276
9347 4571 94122 3499
7093 5300 22067 3291
9905 8406 50839 7316
7526 8940 89993 17141
6328 3079 63461 1148
7745 3610 52186 753
9057 4987 49702 10452
3316 9522 3127 16384
4107 9499 77304 3262
2981 6234 52631 5305
6037 3467 71777 13743
8190 3335 70556 13505
9166 2025 62016 6560
8401 3994 49222 10103
7863 9951 83892 4311
3529 4303 96611 4312
450 6692 15114 15689
7322 6676 87072 15401
6757 8269 82817 15472
701 5740 69078 669
8434 1296 65956 9953
6038 2674 62997 13923
8632 1439 5608 17937
8412 6807 51174 2055
3410 2900 12669 13693
3101 2222 96138 7107
6089 2316 43523 4694
9682 5989 39412 1955
1207 4106 44849 6829
6190 2087 31303 3004
4666 5779 90302 12264
1718 7686 59711 8947
582 9206 6744 10291
2623 3571 6256 12403
3411 3764 64615 19059
9782 356 21632 10965
2321 830 97055 16992
751 7732 65634 6066
6576 4691 21931 8099
8351 4519 68687 12760
9236 4479 59883 16083
6599 8963 45402 11366
2182 43 20026 8121
6514 5288 41129 15989
6360 5264 2540 12673
3037 7055 16116 12133
9244 4222 6858 15510
20 6605 68230 2533
2689 9663 35634 6702
9591 4401 24841 13948
7595 440 75602 4526
4872 9265 97100 9203
1150 69 54860 10010
1207 1027 15593 15353
6632 801 25509 3203
2614 7669 51861 14741
4005 9770 50723 19360
9907 5444 80924 13974
5871 1935 91353 7382
1574 9817 48676 12948
7929 5345 51599 14179
9168 1075 48302 15859
920 7281 13480 7360
4426 7834 674 10128
6051 9552 15664 7402
9465 472 24187 17944
5129 4704 81052 14046
8172 9352 30654 99
2461 9924 39793 19699
2338 8512 42764 8897
8104 9899 99896 1205
6073 2050 59086 598
2409 2710 17178 7572
1586 3750 95974 1263
8240 4540 7864 12887
9576 1266 25506 3698
3484 7062 30350 17766
4024 4652 96230 14779
1142 2466 4833 6183
528 9284 9331 4299
2614 5865 57548 5424
3343 1812 3372 10095
7395 7486 14574 19705
467 4162 28261 9149
1036 2083 56936 8307
8915 1830 25910 907
1592 3182 27334 16609
2526 1019 35027 14526
7405 1590 49554 19404
4318 7428 69096 3185
9858 7059 85738 19592
7074 9546 21256 4481
8411 1196 31381 3157
5382 7721 61739 10262
7820 9971 32891 16463
6578 7818 54327 18078
5893 4620 74069 13937
8780 1211 73363 8227
1908 164 84555 18433
4101 5141 7560 18021
4379 7811 81605 10866
2597 897 50937 6031
9846 4410 66181 17108
6567 6204 10671 16331
5788 3203 85366 18997
4742 9053 62395 13394
5273 6931 67225 15908
97 5539 79691 14691
6566 524 10418 13160
8400 9925 71094 9123
8493 1357 59980 9029
8228 3062 88195 17673
8822 2752 83197 4627
8469 207 20693 335
5860 4541 23078 11337
6994 6921 63844 8594
692 8669 37315 17372
6814 1468 49402 12364
7200 196 11111 7472
9518 6495 27738 5526
4705 6534 30679 1631
2981 5853 39267 1858
8826 4697 6826 658
390 8450 13208 898
6861 3479 85944 18041
4664 194 878 17203
9403 8883 31506 1664
3495 8023 73158 19611
8499 5840 19039 18749
1174 3479 26711 4535
3601 2411 46118 1119
2983 1416 1964 16807
4598 2721 32623 8215
6737 4199 16409 10257
2907 159 16969 10203
6258 34 79924 10173
9214 496 85897 8721
2191 3284 21534 7826
8367 6505 40764 9354
4592 176 8224 4676
1571 4691 87802 18484
6949 253 94049 17779
6353 7873 96683 19159
9294 63 8490 4163
460 461 73987 763
1426 1772 50388 6686
3815 94 60120 16900
2975 7912 25421 11140
4316 5331 23408 11889
8867 96 60510 995
1725 8335 97456 7597
3002 4918 28149 14786
3309 8783 87898 15242
9814 7623 7165 9946
2585 5056 98816 7771
7973 740 22562 5397
6394 8367 86827 681
1590 7127 93527 15646
2061 9902 86522 13584
3896 8214 72180 11288
6897 4491 37431 1816
7853 114 84725 10169
7032 7743 78252 4789
8379 2644 17975 5250
8984 2919 98518 12909
2776 7133 2193 8395
6736 8740 61590 10990
9536 653 30868 12363
5711 8613 50906 10031
6794 8910 40940 390
4111 1919 53334 18113
1899 203 95262 7678
9746 1002 98372 1766
8830 3786 78396 6130
9251 1526 31269 5646
5639 4387 79217 13546
706 4317 82967 14114
1969 2659 80956 11082
510 532 31425 10423
1606 6296 2403 9998
3484 3143 60888 13252
8992 8832 6146 1213
3195 1786 86034 16006
362 8876 25869 15511
7337 9813 72896 1383
6786 8161 54488 4080
6980 6637 48099 5160
1649 8877 7909 13292
2894 6835 9008 16842
5017 2514 88910 19143
9639 1029 97118 13738
454 520 54918 15141
3086 3873 74351 18273
4234 1608 64952 9508
3563 88 63382 2474
7110 7001 50677 14925
7092 1366 38434 4728
3150 51 88077 19491
6396 4935 60585 11453
2479 2777 24459 6900
8305 1067 1939 17242
1923 3631 94327 19145
920 8522 86698 10045
5662 4543 99111 19431
1101 7853 31778 7666
5394 9293 26160 863
2298 5467 16774 15409
7956 2319 1560 11072
5929 167 63253 11340
2750 451 1462 18976
3412 2803 56413 8691
1577 3562 7778 15156
7335 7493 76770 4381
4363 7616 63910 3618
5396 7271 7958 2401
3991 3853 16058 14210
6101 9589 27519 5234
1377 1396 88276 2449
5640 5846 15763 15967
1590 6228 11276 1361
7271 1985 73127 18661
6068 5054 21033 13001
8097 7229 45436 999
831 3870 85148 513
7787 7268 5439 18851
965 8270 3152 12001
5406 8437 80840 6952
4596 5377 5048 15660
4839 6362 56758 16696
7699 8423 169 6752
408 3787 59165 9929
7989 6252 574 5145
4381 4898 57582 12377
7772 2077 66791 16403
5391 8582 97712 348
6533 6725 77097 8774
5981 2347 74296 16090
8887 736 8790 8192
3792 9359 40380 13254
1239 4093 58063 14100
6576 5922 46721 11650
256 9741 13900 9644
8137 113 67222 2707
5262 9892 69369 3844
1381 941 84713 9277
2497 1491 5026 17638
9683 2799 28440 7275
9351 2238 90451 1825
5389 6369 46642 1980
2596 4393 65506 398
9517 859 84054 5333
9511 5714 57221 5
5341 9551 92583 121
5395 7911 42924 3567
6145 7273 85576 7533
312 6232 48454 2677
4809 7273 37477 1443
9002 4403 41088 3133
9293 6450 3904 5733
309 5217 9845 17169
3110 2502 5847 7075
2050 7518 5593 12104
2873 1875 61058 3484
8389 7102 47596 1453
5786 3239 61889 10555
9928 3190 9457 16325
5796 4683 4511 6462
2733 2042 75820 10859
3824 8320 98529 9312
8573 3803 46695 12123
7147 4195 39266 15131
9703 3580 77631 4520
653 8818 16933 3244
4040 6139 24687 7340
2404 3692 70095 14240
6127 5153 31263 19920
864 5500 77632 2264
133 5077 84305 2298
8625 4150 91841 14240
2883 7339 14749 11185
9939 2373 64458 15211
6067 3198 72904 8184
3195 4856 31976 12225
6083 7008 29282 4170
1228 4223 14046 8231
8398 4417 90765 11233
6018 7385 42534 19391
8417 6859 65987 7160
7472 4720 19001 18339
6744 4037 70425 8830
8972 6102 93327 12681
9814 8491 70751 18506
4164 9593 93100 18114
1218 9300 67034 18274
3861 1068 40159 335
9082 5386 66032 270
6670 2019 82375 19122
9779 2680 37274 19112
4935 5353 33453 12215
2787 14 11694 11870
7252 6108 85039 14267
4171 3567 62787 1891
8396 4133 34578 6039
9643 8296 69777 11190
5058 5209 74619 2441
942 9593 6999 11808
1191 70 90267 4568
4236 427 38227 6852
4213 9086 43819 19038
6504 3602 21368 3515
9041 5939 36309 14274
5942 3712 69477 11337
6714 2245 67810 2969
4725 3428 44157 15975
4489 1935 36136 18867
68 9597 34539 13667
7837 3431 35870 8972
4514 7441 31811 6143
1799 3472 43763 1854
492 8237 75045 6499
4181 40 3784 13117
769 7072 5402 18340
9581 3722 62349 7736
8284 487 59122 9445
5189 273 95316 11543
4553 1527 90516 939
2004 1704 6304 16761
4135 9179 22558 8713
3236 1423 12215 1938
8269 8782 92625 10312
7017 803 94 5218
8873 1886 52659 6978
9460 7109 5362 3410
7632 9925 36705 4274
6042 9665 39827 16364
4114 2713 49805 4459
8885 8434 10986 19390
9069 598 69649 13324
3307 4217 22388 11756
1846 9663 58003 10948
2148 5990 30910 10929
9292 3803 69410 16420
8831 9921 92097 13706
7725 6886 72690 6473
9547 1541 55381 5469
4233 2513 38630 6572
5465 3945 69525 15023
232 8523 72810 9379
7914 1141 21013 8366
5810 2055 79245 14045
1344 4521 94886 5727
9629 8862 84110 983
4000 9030 16507 18032
7479 7830 10423 3860
6541 1172 61649 2551
3310 6170 53081 5867
2508 6886 64669 14546
5563 6850 80362 11896
1532 1591 38605 9751
1215 7683 5151 3118
6344 6240 38856 12505
9674 948 87645 1752
2384 821 99404 7795
7960 8790 57929 6350
3799 1853 23340 10408
6124 3434 70121 14479
2822 5442 48322 8860
5078 9325 98233 9502
3216 2230 49784 9042
5523 1241 7361 3821
5306 5181 19344 8290
5895 5880 76845 7201
5161 2067 62214 1134
2606 8967 59561 11268
2722 4227 55424 11194
6613 6822 32433 13433
1145 6772 32799 86
9260 4076 43310 17471
8007 8687 27325 15399
7902 6124 39355 19462
726 3711 98060 6318
456 7712 53450 11687
1491 7214 13739 8365
1146 5153 67909 2034
4170 503 51579 15449
2622 8548 30158 19095
5549 7657 24055 10675
7330 1586 54464 2153
2028 1531 64618 19059
7557 5923 37803 18501
8935 1640 75132 18964
3519 3178 4535 852
3960 1810 48476 6475
3589 9577 68515 16862
12 4323 4278 13224
5805 8391 56800 8141
2289 2419 27852 1866
7744 6569 98862 7345
3051 6940 4925 8459
1556 3627 67033 9176
8894 7395 11623 16861
8989 8673 16190 11486
4001 7002 86275 13126
9999 5337 40065 15406
775 2891 86753 1687
176 8526 44524 1230
6610 8372 2847 16051
7572 6478 55525 9820
4094 3552 9376 11151
2587 9648 33934 4848
5468 3777 9768 9364
9593 7266 84835 3465
3685 2545 44991 11421
8834 1498 36445 451
7387 9949 51181 5751
8306 3099 66654 622
5064 5690 63302 16209
5694 7308 57164 15785
9480 4344 77882 12964
3633 4151 79007 15203
3998 5863 76349 5277
390 170 46928 6347
8171 4416 64901 9469
5247 8241 22895 18546
6950 1125 14730 15840
8440 2751 89002 1478
9805 8831 83671 8390
6190 6237 9762 14451
4984 2339 47926 179
4220 3819 86821 14897
103 623 14852 19024
2985 7428 54043 3398
258 9030 1341 12292
7896 258 54681 11781
6179 2253 90895 10231
6158 7127 80851 2452
7988 2641 38851 16581
5838 3430 58742 5214
881 1587 33959 3229
538 4505 87472 3820
4584 2701 99995 6099
3131 7809 37390 19693
602 4115 71717 1356
8515 5802 41550 15861
1509 7064 32720 19160
1983 5691 30534 7488
3550 4836 47246 11459
9095 1359 84945 6787
990 8810 19343 5614
2952 9238 11117 3355
768 4702 16356 18384
6228 4849 80198 12151
6625 5899 39720 5392
1721 4840 82614 6536
3982 3322 85507 10122
8249 6384 33011 8217
3464 7626 9369 11994
4017 9759 81770 5153
6731 3599 20210 1441
238 6148 5962 4194
6269 8312 97731 5631
4201 2587 92152 11901
3580 6750 89410 6090
5867 3060 85208 7869
170 9701 61954 123
8737 7632 57703 1819
9500 6767 16966 15530
187 1104 78557 2557
9904 2594 22640 1573
3631 9160 89660 4449
8152 1757 427 15666
5179 1730 681 16245
2649 4728 5735 14501
3850 60 3233 8072
2797 6783 18637 2281
5462 1757 5622 15182
694 5613 45595 6281
9285 5926 25536 7244
5063 9277 88118 6842
3523 1432 60739 6867
3205 5347 38246 3482
2169 6875 42270 19808
3169 3214 75529 4030
7131 1674 59530 19202
78 616 87526 16080
8217 2503 36301 19843
5137 738 4579 4304
9875 9535 27734 15223
2058 4608 14163 12414
9634 415 43699 14805
1498 4196 57006 15450
6062 99 44492 4596
5110 825 49656 18745
4565 2666 71857 19123
8943 5830 92747 5783
265 6840 14185 7933
461 5755 83928 17877
4471 7144 67240 19615
2186 1881 95831 5760
9976 4736 72043 8017
2991 7225 2285 18838
2811 6266 6660 5406
534 4785 14207 12062
9442 9500 83080 18714
7253 1325 57747 4205
9896 3457 55263 8315
7967 7625 35131 18149
4377 3951 27057 4444
583 1247 27303 15497
5788 7319 39961 15230
8872 5592 19110 2266
3331 2894 24495 16551
7479 9 57755 10254
3478 1284 37019 10236
801 3100 53063 5732
2468 6963 18783 14528
880 8517 43239 1142
175 3465 27018 5694
177 2620 20512 5303
1851 1773 92548 16562
8329 7432 41098 12246
4844 5266 8470 8200
1095 4855 24139 11689
6292 7456 69675 9848
3830 5425 60128 17916
2570 2624 79844 18521
6118 4458 31458 14280
7572 8002 67312 9704
2513 455 3236 16914
3357 3023 79840 14763
6243 6418 37396 12287
1069 9853 71344 2841
4592 1186 19147 6598
5785 4387 36041 13791
4985 2544 42925 14412
257 7005 59965 11352
4048 1675 89314 4672
8388 8261 33572 4854
4883 821 3186 7972
7996 7180 63116 11288
7898 9981 83268 3437
6630 4406 82309 16798
2600 6542 42958 10322
8104 6484 90405 2173
6896 2832 15032 11448
346 641 31458 2073
8974 9984 50035 3163
1978 7957 72246 6424
1610 8681 75388 8653
7837 7982 89922 14252
9322 201 42574 10057
5095 159 48505 14457
2842 4251 34935 19710
6697 3312 30501 14137
9297 4910 25921 918
7842 2651 63628 5387
1089 5388 61624 8195
6897 522 47736 1118
1821 7110 8747 11788
5138 5149 65876 14085
3506 3784 67301 4356
6030 3106 14031 2762
4168 6239 43885 4540
6561 2622 96368 5907
9576 6322 32638 7477
4703 9687 78295 17032
2394 6707 47725 19456
4117 5198 80098 6018
2756 8784 78654 10368
5986 4797 30301 4478
2733 8063 23152 10093
4854 3984 77878 8963
1966 4977 65101 14728
8353 8676 44973 2104
9640 1352 18 19345
3635 2605 86820 4830
4088 3098 58947 16840
4766 2634 79840 6586
7542 8046 29796 1622
6993 7929 33293 6057
6499 2533 62057 3168
4649 5231 65856 5830
6850 6159 93450 14594
8137 7094 37851 15582
8614 5933 14995 2628
1286 9549 78968 3397
79 7389 17549 10412
8480 3546 66752 11631
4757 1092 97527 4260
3062 2330 47820 10262
3329 8153 72092 8008
8443 2645 81858 14884
8337 2788 13113 15404
4500 7089 78272 4317
5269 5057 37250 4008
2528 7983 69063 7730
7 5460 60227 1616
1971 5108 3893 562
2081 970 63842 19760
4165 3 5914 5832
659 39 90276 16332
1839 7181 60747 15895
6062 1973 29736 18142
9297 5739 77300 19132
3965 7799 1399 1954
118 4856 97318 5850
8024 4588 78396 6338
6155 640 94453 18706
3699 9727 11625 7445
1409 5620 11575 12122
6963 1032 57306 18430
6219 7670 99675 17725
6011 4873 71552 7554
2336 7694 58598 17503
3959 1924 57088 13797
8896 9284 70695 8162
2383 5930 15728 18803
7060 9945 23718 145
5356 9662 83723 3571
6747 505 36070 4290
7937 8788 45992 18365
3148 4936 33628 11994
594 2937 80842 7252
2248 1694 34284 3541
8744 2198 14816 11511
1017 3665 20695 506
1125 3454 16014 16458
345 530 26479 9550
5468 4092 48762 12229
5051 6366 87492 13699
902 4989 17504 2155
8252 9254 8823 9246
7249 404 10412 11716
9165 8871 80520 5723
66 5924 55464 17645
3848 4440 51545 4719
7495 1089 59098 12052
60 6282 82563 5604
5640 1168 50989 5876
9175 339 56538 14627
3405 4357 78187 5176
7797 683 16510 6243
1076 2081 36389 9192
6695 4950 10209 1676
358 9945 53313 6704
4735 1904 30957 342
874 2290 94456 16057
6570 2033 99319 16755
5888 8305 1726 17253
973 4481 3166 8265
8056 4023 26108 1154
4009 880 22766 13206
9732 6237 55142 8165
429 8340 65326 11119
9628 8033 71077 13457
9223 9597 61573 12672
6763 7785 44403 6492
2732 9089 98919 261
2461 2383 80317 18607
3086 1920 70423 7959
4999 6655 44761 8519
8557 3268 50087 17069
3037 9720 33532 18615
9181 4468 95355 939
7079 1504 44503 12666
7944 4911 97890 17101
6312 7709 36492 19547
2776 1040 27309 4026
4795 2042 64657 2064
9836 9492 68594 19698
2808 6687 98914 8425
1629 367 56701 2297
3437 9913 18806 9048
8265 282 30885 16851
3770 1866 8371 9522
8763 1723 56167 5343
7772 2895 36537 17425
279 2181 91218 3240
1251 3010 44898 15328
664 9416 36183 16429
2150 512 4652 9505
1579 2855 6918 476
9612 9476 45974 1461
3964 5678 2478 5875
5804 1058 5506 9177
3858 9937 4551 1965
716 7399 46254 17649
6712 7939 49060 10265
8329 3363 74774 12134
6088 6343 50165 2130
9339 1117 29218 1926
6961 1024 30514 11273
3033 8784 66949 10765
1249 5684 18677 3667
8175 1234 27520 14853
6854 3614 86149 12567
3999 8287 9104 14474
4233 8626 73038 4386
9337 2808 7563 1680
897 6852 77445 14705
3000 4671 46071 8959
5074 3778 77979 14432
5035 6665 24480 10069
2802 4263 82233 12854
7947 8786 70691 11773
6978 538 37458 11462
5800 5292 60489 1755
2210 8465 19452 14512
1405 4862 69178 2415
127 8931 56360 15664
6471 8918 11213 10060
4257 5214 54917 187
7239 575 1663 12784
5555 4223 84614 9215
7394 5335 58212 3218
4282 156 51652 10831
5507 8054 21306 17016
2097 4388 70512 6009
6838 3996 36583 14351
7513 69 77536 4539
3014 5387 30156 19722
4567 8417 96606 17892
6840 6055 23083 15972
1547 7526 55056 16859
6280 7578 48275 11529
2266 8345 60866 7090
6602 7309 79556 18496
3964 8777 11482 6820
9725 4499 82019 9678
8535 7672 67998 11776
3835 593 78739 1493
5098 6943 48198 9204
7340 6769 9074 13495
8528 1980 52789 18530
8893 6851 28565 10643
4227 4251 22941 393
5970 2056 47019 19516
6689 5007 95249 10135
6212 6371 77490 6915
7641 4511 35298 10422
9821 7970 18411 15977
9101 1474 85062 16321
1252 7298 17647 13417
9419 3778 99557 1106
5963 609 88156 3980
8728 1383 10083 10327
5594 4271 49175 19365
7046 8552 69770 4668
5466 3571 29823 15968
5820 7808 46450 7150
719 6136 56190 4961
8482 7495 64496 3702
3842 1069 20431 9341
8567 8455 86142 6436
5343 8383 29334 4411
101 6938 14015 13843
8220 1155 22301 715
41 7170 61438 16800
7785 312 32739 6324
1809 5171 1272 10999
3815 2477 56997 4016
6758 4538 95093 87
9352 8213 16777 14199
4654 5210 63810 8169
6582 4655 36561 19957
9064 7337 31231 5435
7576 8959 92732 9961
7873 348 16990 16734
4686 4089 32222 394
296 5874 32570 3275
7016 5685 7697 2746
5301 1685 99815 15493
6196 1661 54420 9219
4561 3214 31376 10227
6622 1962 93003 8473
7246 467 73789 4882
1481 4585 86352 11627
7964 3810 16175 8283
3217 5327 65206 13591
217 3843 99385 15126
1615 7388 64823 9129
6911 6147 64134 160
5581 7486 40774 8081
5503 5475 9783 2160
5394 4041 91976 14875
5933 4100 3791 17464
3608 7161 21835 2118
95 8173 41644 3895
3868 8317 97383 18867
6259 3084 59792 5200
1131 6427 88938 7030
7167 3373 24443 2194
9131 194 8631 18996
6534 6916 89036 8823
5325 4086 63409 8020
8181 7772 57539 90
6324 7492 71641 6792
1065 609 85741 7163
2845 9480 30966 9712
846 6339 79181 15587
257 3670 47311 14366
8732 6506 84589 7510
9458 9515 5615 10011
9197 3404 82910 17547
9783 2756 82280 19815
5878 4020 2161 17857
2123 8797 27165 13336
6272 5554 50244 5164
8268 860 28851 16043
673 1321 77798 10412
9038 1795 40448 16921
3244 1814 58829 5813
5343 9333 44299 1047
2679 8182 18625 14924
7151 8935 61141 9071
908 9451 90958 16475
1732 7353 80470 16497
4907 2169 97444 8735
7483 2696 36331 17593
8386 2056 47322 3224
5396 7903 70687 15548
863 8427 16539 8101
1230 507 45481 8042
7291 8314 48193 5130
5148 2483 81662 5511
9819 5081 75351 1440
3222 8140 64306 5930
7189 9609 81354 8956
3202 8129 33856 15818
5637 1907 82976 9713
2949 9170 30559 4617
1334 9318 34305 3441
8195 3733 68108 11813
8997 4521 2948 7801
573 1238 66363 2726
1404 9131 68152 5145
2845 3883 82762 18594
8822 6494 91918 10141
749 6896 93957 9884
6678 8382 76320 19247
5653 6524 10823 19883
3914 9636 65589 18470
9562 2674 21352 19112
6307 5401 32000 3287
1596 7795 94182 4766
9913 9691 76672 4238
4326 6602 80690 162
8239 2819 19412 19257
7268 1740 12250 13940
6063 5665 84030 15900
2963 7059 77039 13983
9063 4335 11643 4043
30 1461 88585 15501
8443 1410 71731 11131
3763 7254 21213 16129
4869 9077 4569 9263
4576 4774 66611 12541
8117 682 84806 17081
2742 8644 66720 4519
4333 2667 52399 12535
3667 9912 47059 2306
3298 7679 56127 12079
2522 3917 11082 12496
5007 8740 37615 16411
8746 5016 75183 4321
9040 3621 62420 2141
8177 3279 13944 609
2805 1133 23803 15433
6986 6072 22309 11117
669 1783 58843 2206
1397 3321 56166 3510
6484 3936 1937 12426
3024 8322 88285 915
6550 209 84420 19452
2350 7142 96138 1876
5138 7886 48631 1523
6398 809 85839 1672
40 6899 85202 12236
2094 86 39980 4894
3651 6278 61312 16242
6983 5918 7117 15209
2968 1011 25663 5775
2359 1280 37874 1038
7839 931 13498 11357
2031 9746 95662 3781
6025 1039 31955 3070
3872 4665 31635 14179
6190 1895 79402 12018
3495 535 88910 180
6875 9833 54025 13876
9485 8291 45041 17712
7059 3396 10420 19336
4328 2442 52332 3580
4045 3844 45146 16032
192 2427 66985 619
3389 3602 4249 18459
8029 6719 57484 15782
8030 336 83856 1299
9869 7249 78470 14397
8862 2189 38320 15825
2228 4409 40863 4548
8407 6926 7319 7142
7227 8178 19456 1125
8438 8256 59435 11674
4533 7960 48379 13024
9511 6902 10771 3316
8925 339 70844 14084
1622 1512 77021 14336
1999 6503 47380 11194
9644 1089 76657 1664
8441 7654 45567 2332
4501 6772 16660 10954
8843 307 37684 3992
3370 3409 9828 12486
5774 5634 84030 15993
9635 2085 80994 10023
5759 3405 27297 12051
556 1829 17582 4964
4524 7707 73880 15868
5396 3278 95229 5086
6724 3001 90492 19600
3387 9144 23122 19213
5479 8307 96914 18447
6699 8537 81076 11622
9413 870 42495 18563
7654 9382 93851 5637
9470 8470 62229 9951
5792 1584 76338 18386
1702 3792 58749 2257
3356 7804 98735 19393
2363 3010 5522 6802
5101 1655 36530 10450
2356 4758 72571 7558
1344 4020 33866 14262
1347 3341 10114 15862
9156 36 75088 11979
9701 8223 85968 3256
543 9020 40602 10619
6364 1220 26137 17142
7543 4755 38754 16830
3519 611 68716 3046
3087 4129 78308 14062
2544 9742 28023 4859
7042 3544 66032 2080
2605 1777 95750 14321
7185 6594 35946 14934
2805 1641 73357 4893
9396 1765 19575 14325
8086 229 85325 8685
8502 2813 47729 2266
9373 5404 7838 5568
6248 8510 60141 2445
9242 2937 78536 13445
4602 8411 46932 11917
1007 759 57608 15391
7003 8451 88620 17643
1792 6806 87666 14627
2699 486 73042 4454
6727 6565 48913 8750
1000 8259 93741 2730
1339 7687 35535 19043
5573 9038 18977 18593
2690 9483 2829 562
926 981 98356 6824
6958 4299 15351 18749
8082 7158 76695 3920
6012 8496 43275 15230
6974 3485 20611 18894
8582 5722 75452 2048
7387 8137 50759 9017
8519 7853 110 5512
901 1210 42965 9238
7261 6786 9612 13502
5343 119 96018 12117
2817 8954 57306 8239
6985 1752 61043 9656
5825 1828 94816 7098
1272 4274 98568 15406
3340 3895 46741 1921
2392 3201 22080 4923
3000 2178 63512 10932
5298 9102 20415 1261
3590 1803 10981 2275
3674 8567 2631 606
3642 7258 33903 7963
3922 8657 91921 8248
1263 8813 22175 11137
8802 857 17605 4801
9359 924 48170 13447
4994 6581 42003 4535
7383 3712 25113 6218
12 8811 94169 12326
97 8887 76277 112
6914 2995 16323 5411
6640 4406 52876 12098
5905 2775 89605 12109
8710 5475 54185 1011
3935 1312 41115 5175
1802 2792 36728 6813
1324 9733 63260 14882
6701 9769 97591 16945
3290 2140 28882 16972
7067 2993 88905 2998
5128 1814 51311 14981
7254 4512 50939 5464
1165 5994 19002 12966
4605 9094 4703 2600
2171 8146 2449 19649
659 6798 42748 4417
4076 1573 71389 1513
4873 6755 72931 16942
6790 6547 34039 15494
303 9815 82806 5536
6085 9824 46607 2965
2961 681 4523 16200
3458 5903 16067 13121
7871 5872 56530 17869
6229 211 60558 4803
2887 4557 52639 12678
5600 5160 60324 15701
7679 8038 30007 7126
4207 3545 66880 8921
1170 4161 63731 12910
2289 9222 58812 17099
6009 6963 11517 6140
8417 9752 23621 12611
1222 3724 13365 14241
5372 3003 68775 18405
8155 4700 55677 19012
4312 4525 57462 2344
5450 3393 46218 4372
7106 881 34228 7439
2676 4906 7718 5412
1538 3421 74101 11958
3624 472 56191 1647
579 1568 88347 13490
9762 6209 20335 3388
5117 341 51295 19743
6516 7910 13700 9648
2626 491 90846 16888
436 9183 92577 10033
680 1648 99640 12890
4158 9176 74587 18144
473 2968 91932 4889
6257 6631 41200 6066
693 2853 4727 8520
8810 7837 97055 14916
9319 3950 56398 10765
1025 9601 98669 11016
4610 3267 57238 14071
9629 4221 43860 9971
3278 5063 70907 11910
2670 1482 83698 13807
8472 5697 31306 8944
8416 1530 8600 19225
3270 1831 17460 3582
8658 6047 22178 11152
2015 1852 35719 11288
9639 4963 41630 11975
7689 7166 28099 16958
4042 3104 54611 19395
1579 771 84106 8951
5315 8272 30882 2149
8787 5114 52099 2458
3186 5861 22238 16514
840 3627 44306 8328
8033 4148 36952 6177
751 943 34881 7677
4169 2038 67020 1546
6125 8693 34958 6618
2367 1781 4686 5132
1762 9533 87466 14500
6697 7717 6902 12326
9076 8952 8339 1383
5089 8977 66560 319
9079 7788 38587 18395
4107 3443 67968 16541
3576 9660 35442 14704
857 9210 2769 18640
4964 3437 3853 9691
4894 4510 43352 8404
5152 6647 14148 9737
1223 4758 43655 7693
4816 4843 5298 3387
6021 2726 78415 19910
7164 2046 29587 19523
2355 3530 16963 3019
7193 4551 1883 4856
127 9324 19332 17980
7630 4834 65214 3520
1565 1068 57758 3537
4000 2718 82008 15542
5230 3720 61099 16639
5917 6402 6593 5060
6886 4033 17930 15182
3561 2234 89704 11170
5297 1846 4692 11234
1425 1613 63884 9514
8959 2828 75536 3881
1192 9011 52592 5492
4472 9361 47510 17908
4325 2075 70268 170
2224 6758 56229 5364
9743 2600 12037 7199
7466 1171 71170 8587
5212 6460 70073 18739
8057 6970 20040 2590
4437 4176 1652 6998
9343 3090 1796 994
7728 8493 64153 10911
8404 2084 4554 9851
6383 6229 98948 19184
3602 4370 79239 14742
9268 1202 41122 6508
8401 2897 71580 13175
7825 2161 69028 5794
8813 1259 60818 11158
8228 800 10703 670
9359 7419 50871 11704
1562 8328 13071 2349
9937 6423 48483 4495
5061 7142 37697 11697
8498 4115 26131 11604
6373 9500 74454 9083
5450 2415 70717 16708
2922 1504 87100 4192
8994 9430 92821 16435
23 3952 1645 12762
6207 6615 31028 18521
5115 746 33299 1247
6384 8637 15284 2873
507 7225 3328 12056
9491 6540 57694 3418
1434 5309 77961 9417
85 3897 39714 6622
9474 5733 61723 3689
1547 9578 40409 12201
2609 8403 46955 14197
2024 5328 33103 4025
2735 4862 90608 2977
3531 1251 83256 16085
6964 7167 54952 6062
6389 9197 2662 6786
3815 6214 48908 18980
5014 4326 46271 18408
5682 5050 47473 12236
6990 5092 61748 16329
1369 8199 6085 4923
543 2321 86148 7976
6952 4956 4342 16965
5401 9554 21652 15124
7209 8119 79960 12702
6062 2453 3872 1642
1146 6009 28648 4769
3021 1391 98590 3085
4312 1720 35090 17107
1175 6366 9643 3551
7635 3756 42885 1912
5902 9995 83081 5083
4149 9078 57772 5691
9143 1601 73665 4492
8678 5129 14155 12131
3419 7851 87173 16242
2266 9697 17335 11122
9202 6765 11158 19814
8151 7010 65229 12352
3165 5275 85957 10891
3544 6312 74287 10726
919 1838 64987 5020
4653 3498 8805 8973
8975 343 36227 4432
8878 3118 83908 16512
9985 1005 15904 15095
6725 7271 37767 18984
9594 701 18198 7810
5857 5535 6258 5165
3111 7984 65303 1845
981 3166 49922 13638
261 4149 88808 12863
1858 9548 43209 16154
7635 529 81388 8596
7415 8610 54996 15753
7975 5551 38694 19752
8822 1051 30217 7593
8843 4819 76223 10988
3485 1899 71738 8649
1466 8024 99109 18009
800 7994 41256 7237
9192 2070 68290 18613
9760 3009 74263 12165
6028 1401 44005 4145
9882 1 88808 16301
3898 180 37875 2465
2402 1629 59076 11445
3463 7092 12400 1499
3590 2274 83635 12861
4380 4411 16805 2519
490 9761 92528 10426
6298 1279 55499 8350
4321 7086 12954 2355
6453 8771 35331 9652
3806 147 81434 13376
1811 8259 23778 3500
6555 10000 99951 19843
1081 4609 87265 5937
1859 7548 83089 6997
1055 7934 31819 743
3736 9971 95842 19747
7400 4397 82639 10474
284 5540 56098 961
1327 9956 37303 11084
3447 1013 90932 2701
5751 7611 81480 12305
7259 5287 13440 5895
7103 7777 6469 18822
4985 5991 84762 9675
5498 8900 79207 3712
9010 5418 17934 18977
2539 9086 15740 7777
7785 8659 23341 13825
6135 593 81793 13721
3327 9845 63022 6392
7952 1441 29841 12554
9334 4998 72094 8755
8954 95 15695 18682
4636 4499 38735 15138
8419 7515 9791 2204
4225 2410 82165 4970
4059 710 53431 4990
5719 3071 13906 9640
5079 5510 81668 6722
9247 7254 13529 12024
5228 2983 59131 14012
2088 3265 72376 1214
1983 688 32763 1077
4793 5043 7917 2113
7512 5253 90132 7308
4792 5510 63524 10930
4846 3104 78146 5256
4783 3614 6298 4020
3597 2747 40064 6580
4946 2928 86383 15238
7106 3375 80413 3417
2661 7751 78202 3171
5719 7553 72000 9159
7564 4106 6864 17746
7861 955 9024 3017
319 5163 10080 18364
639 5233 25818 6675
1182 8554 50750 18644
6108 8654 37095 4597
3835 5705 57176 12006
1460 5943 32247 18147
6132 7749 10556 9524
1276 8462 16497 7881
102 6263 98005 18723
1283 4533 48191 6382
4207 4577 25395 17596
9708 7757 69188 11915
4923 8822 40892 16407
788 3766 6729 16130
2515 1992 29669 15485
6103 7321 47977 2101
2218 1018 86626 374
5177 3253 41184 15015
9790 9455 4628 8101
4865 257 82876 13844
3867 6395 43491 18645
1824 6944 63076 13436
8395 2601 44038 2665
2343 4116 48732 13541
3548 352 73586 778
2580 7969 57351 14541
4259 4340 65955 7373
8451 4973 20776 15250
6456 7219 43121 6200
877 8921 81724 17644
9829 3009 44228 3020
9442 7948 78682 12466
2132 8075 50293 11963
4688 7894 89789 2578
9436 7312 10428 1110
4337 6302 20994 12000
9612 8652 35457 4578
6663 9119 64848 12733
8716 4122 76062 2789
7014 4345 17986 861
9513 7488 45858 18553
5203 9793 78251 8539
1755 637 68415 18768
3970 8132 86984 14112
7588 7749 58546 3492
2003 8387 74276 15066
8969 687 68711 13023
5937 797 46939 10213
2774 6794 55951 19414
9413 7251 49968 10589
1203 4188 30130 18008
2598 3934 51625 14044
4690 5071 97137 11783
625 6127 24182 16194
3236 6005 31931 15752
5768 4224 46921 9755
5525 747 30903 14208
1820 1366 49550 12248
6574 9682 97004 1014
733 3839 98882 17766
620 4161 61895 17702
4805 91 74986 7189
5134 4100 90016 7079
5978 4784 97415 18481
8018 7069 77897 11225
5138 6456 94451 9801
4163 671 96447 6139
6055 7740 3170 12256
8206 9298 58791 1236
14 69 55444 2513
7113 6964 55550 4144
4797 6081 45377 9883
9368 7487 93716 7376
3690 199 88100 16935
4457 3811 49691 6373
1077 2054 19811 13921
712 1992 46086 14802
6990 1420 39385 8152
2088 7489 34661 13410
8176 8089 59358 10305
4131 6152 96684 3115
5699 6370 91853 8993
4868 8914 15837 4023
8569 393 42806 18154
3537 9306 58792 9649
8346 5066 85660 11859
7233 8860 68600 2422
3613 5614 59400 18133
2101 2440 20040 10176
5498 5273 2822 11695
8789 1652 39528 1386
2769 9096 90779 10922
3799 2683 69413 3080
4558 1582 3585 16650
7461 4508 10525 2884
3920 6086 66813 5046
7695 2645 55181 18442
4743 1496 79165 13162
2587 5733 71954 4132
4305 9770 66142 14305
5746 6960 86983 2382
6597 5559 744 18326
3378 176 79696 9685
855 4564 96175 18479
3766 5039 47286 19849
2228 8991 79240 19324
5952 1384 2734 5464
1807 6736 32836 10323
831 1365 8755 19474
1062 5188 81455 15346
5187 6995 44525 7304
5541 7687 51996 267
3985 5482 21409 2618
9848 6221 90036 19624
488 8094 14734 13271
7586 9625 83004 14176
5814 2552 54477 969
7819 8335 57616 11702
2739 273 54928 14597
1217 896 87588 10603
1926 2076 6324 1104
9935 1354 86629 874
9864 3499 50790 3818
6979 2842 36666 11064
6255 4411 67050 16590
1699 9927 78929 3880
7721 7824 74031 19106
1395 6980 26151 7396
6697 5519 21828 13209
7533 6056 59785 9670
2670 9060 6172 8749
3197 4855 47066 9663
6230 9370 32282 699
7975 1245 49956 1483
9624 8504 23601 6556
6217 718 55023 4027
7473 6273 50143 19563
5910 5581 45968 13095
1467 7749 77635 3898
4796 235 20197 1143
9104 5398 58773 6121
7744 4650 18401 7365
7914 2109 98429 14590
1039 5191 90644 3600
4692 7759 62273 14505
4507 8138 5568 347
8159 8387 45641 16737
7524 4645 90529 2099
8575 974 22472 6443
1019 7885 48382 8547
1480 5402 90462 17966
2352 5542 60655 5071
9288 8256 91729 13606
5479 7803 46267 19003
4958 6495 17190 6551
147 9804 47496 13394
8142 7276 25529 3692
4840 5363 9299 8594
3640 7561 68913 18074
1900 466 82925 1686
7010 6474 99063 10165
3933 4742 19694 2573
3321 7513 24783 4172
8878 1264 88554 1
5914 3296 13183 15540
1122 5205 34139 13128
3424 8673 24722 10728
2878 3340 94221 12527
1731 9099 30781 12608
7064 1353 77488 8653
3004 3638 24202 15540
7851 8801 85475 8559
1151 9703 50564 14254
9918 4284 22911 2138
8296 7239 51518 5718
155 4467 76258 18242
9006 4954 88733 4379
2076 5109 21374 1003
2317 4560 39196 3437
1725 9132 31348 16433
2924 3154 67184 12269
5595 2941 16842 19048
739 6471 88945 7821
5706 87 40824 186
7793 2784 52968 618
341 9023 45606 82
5633 8622 11427 9259
5837 5211 76666 5562
3617 3738 51485 14038
7747 1896 68475 7742
2049 941 86904 16108
2972 8418 26296 5754
8167 5440 30438 1638
550 7741 37310 8063
1588 8069 85068 13949
1110 525 51697 13250
672 2957 92631 6846
4834 7073 76530 1755
1786 1889 29111 8794
7922 1688 6014 11378
790 5645 90525 1418
1112 1009 17125 17562
4216 8426 32908 16193
3077 5517 19443 19075
6632 8352 36414 4136
2580 7975 95614 6760
7548 781 34480 19769
43 3791 37920 4692
8287 1899 96785 5011
6035 2291 99458 3534
9128 7325 67242 299
4317 8269 73817 44
5137 1735 66245 17542
7320 5446 32517 1244
8322 6269 16799 12484
7394 1623 21308 5069
826 6789 57578 15837
7997 2974 84785 18267
1790 6601 19617 9312
9685 5848 7269 18185
7141 638 40180 309
9835 7982 61591 11613
7742 6249 66262 19344
9366 4774 74875 3956
8183 3580 62377 10244
9808 3800 47924 10270
5059 7705 93607 1261
2080 6978 25668 1418
5345 184 77044 14717
6897 7608 77696 3271
8735 604 68309 17509
3729 7777 1274 17870
2279 1575 63338 6816
6690 4600 34909 3566
2126 8886 95412 18155
38 4418 98223 11441
7110 1110 84551 17048
3808 2483 47328 7591
6152 5604 10733 6268
1834 1772 48809 10226
7155 5515 6611 17123
5905 7630 54484 9593
7383 4125 60183 5376
1794 1183 46012 15942
3958 262 65368 1463
965 7927 70037 1804
9030 7744 40788 8335
6940 9786 44088 10635
6875 2193 44157 8191
8922 7003 17697 13030
302 6949 97478 18973
6796 20 42474 8225
8724 2918 15825 10071
7786 1782 42180 2716
2759 1397 55359 3421
4716 1905 55236 8862
3256 8284 10698 16985
277 3672 11502 5019
6675 6082 15130 4447
7285 470 41556 5303
9607 1443 58882 14041
67 8282 24762 10080
1029 5034 24950 6171
2723 2536 8080 7648
5732 2377 82684 10863
9964 7906 2469 11704
6634 1245 74756 13924
4495 2570 24888 3961
8872 9333 33168 13984
3037 6140 90216 2905
3274 6361 73474 15705
3070 2759 99877 18971
6828 7645 41751 9963
9368 1264 31157 13536
1261 1948 57871 10789
6821 2267 87130 5805
6567 9247 36360 13124
2854 5562 31000 13406
7079 7338 19540 14879
3083 5450 48828 14536
502 5819 51267 15859
4909 619 10672 11494
5723 2965 57977 12863
1466 9735 4127 2622
9439 1376 23286 12902
2252 1298 54087 19610
6728 1507 37965 10070
3073 8030 57679 7514
4780 4560 70514 4193
1472 684 22817 1028
5478 2978 39873 11522
3552 5783 63616 4097
3812 6706 95204 2629
701 843 50928 11075
8830 6742 59649 5878
6657 1507 1875 15619
7861 1249 31843 19911
8669 9710 26600 2458
9080 542 54755 14028
4838 6512 68600 10987
4844 5219 15613 15132
1342 4886 28211 5822
6111 6989 19821 8557
3662 327 48671 13217
1551 9708 18870 72
9739 3922 45798 10082
9691 4297 37687 10678
5795 3035 30227 1099
7573 3346 32947 13623
2670 2016 87044 12455
7164 4331 17091 11978
7896 1317 35597 6073
4308 6692 51961 5668
101 5911 26633 19950
1974 59 3479 16911
2293 2031 73224 12621
6203 3496 98044 14729
6746 6531 10645 9967
2141 6758 63578 19853
369 7345 3471 16758
7165 7786 56919 133
4763 5028 69096 19597
5494 6549 18791 11614
9570 6573 82767 12216
8352 3574 62332 19372
9131 4147 49061 13268
498 7490 13318 8516
713 7722 90095 7792
3928 7850 68107 4444
6061 4802 36055 5425
9920 2798 11709 867
7560 7762 72521 9943
2686 2025 61516 19625
3566 2172 35658 17969
8359 8981 83091 6747
6828 5762 99297 18441
7246 8433 59772 5823
3179 5651 4604 10082
5297 6542 10876 4055
6772 1627 85832 59
9402 4773 15239 18631
2165 2679 30104 14765
1183 7006 44987 1768
6720 2678 94028 7208
5427 9941 29467 17279
4329 6586 6003 6604
3372 3794 75466 5562
6757 8654 20899 6467
9013 6429 94754 18829
737 7641 85964 3122
9584 4290 97396 19295
2075 6781 58306 768
7204 7348 89428 3354
6875 6931 69768 5845
8255 5089 37630 10887
8365 9760 83691 7552
4361 4931 89257 5029
2990 9130 61631 12949
6648 3592 72067 14126
8380 8051 17854 14977
5502 866 52667 10053
5147 1754 96373 7835
8781 2279 82275 9396
7920 7925 62542 19729
5401 8505 28089 7197
1686 1527 6904 14483
8858 2044 40644 9622
753 7501 30408 17575
1877 672 48898 8292
3350 2202 47762 3755
7472 2007 31017 18540
4042 2757 44568 6286
7955 9630 63223 9871
6547 5564 16135 4414
9009 9697 2690 11960
7537 2357 90359 18039
6450 4559 14627 15070
2868 1891 46392 15962
8618 5212 35580 7222
2691 286 56111 11501
1539 3093 84370 9081
1032 5256 85281 11900
4842 6630 28638 7179
2229 3674 99475 11433
9195 7622 77359 5825
6848 9167 28449 12916
6784 9215 81783 18797
4974 5240 84455 16341
3441 6859 53368 411
9565 8109 2289 3862
3734 9133 16725 2775
4828 3030 98029 18470
2221 9525 12272 13770
8088 265 11161 6621
6139 1311 73142 8342
7428 4602 42183 7705
4411 3537 79392 2942
357 5799 40433 1778
5929 6625 11431 11535
1083 9162 77228 7077
8247 2379 5886 10425
800 2683 58825 189
8999 7617 40479 17045
7694 4205 83955 1432
4278 9949 30926 2884
1683 1388 22327 2193
6597 9277 93878 15952
6927 6858 29075 10833
7520 4833 74886 11235
5764 9088 48383 4915
1191 5219 6554 6367
4265 1506 12196 9539
3606 6669 1198 6935
7054 7552 32408 11542
1523 4026 83187 5508
4987 3446 86504 8879
5 3604 87396 17459
4972 6109 35071 10955
8248 6530 67315 15578
6305 7348 71084 9518
9737 7603 10954 2721
9545 2382 6212 10210
462 8615 12850 5604
6091 625 83725 6345
4447 8200 38196 4192
5898 5225 57075 12062
7560 7717 68825 14911
3928 6175 65299 13049
9788 1655 35009 5914
9238 60 15538 14403
5401 9747 99188 3090
2377 1882 92498 16707
2670 6578 59243 15066
478 2792 72583 11697
5042 4055 17753 7838
5542 1713 78573 14938
980 2937 4741 8423
6082 8527 63019 5936
7014 5526 67610 378
6564 9153 23021 14755
7364 8555 81034 19901
360 3203 36923 5942
597 2554 37813 6503
5257 564 6624 16628
504 2227 4262 347
9135 3340 35176 9769
2348 6817 78846 5612
570 1444 1635 14886
7441 7431 93802 18565
7880 4277 41743 7884
6333 2237 32096 16426
5546 8421 57009 18852
9397 1499 20631 11941
3062 7800 22619 10254
8609 4386 48231 4520
6253 5300 58538 18977
7514 1279 67298 9565
7037 871 28994 16132
5131 9178 19365 12769
5948 1087 70022 7610
6378 3134 5571 19405
7198 9825 40178 3552
3561 7314 14193 7611
1854 5539 5424 13860
5391 6647 65686 3103
8743 8532 55719 19446
3598 8206 30129 15932
3098 7669 78492 149
7407 1331 30743 9010
150 8803 49046 9928
7103 6678 54303 7755
3485 4187 51635 19405
7960 7384 7662 17681
1648 9651 8535 14124
3808 94 53590 520
5629 2177 84420 1518
3882 6954 27089 6267
6575 2652 37041 5497
9239 4562 5197 11909
7964 9692 25812 9183
3465 3558 49179 15662
5264 9397 36211 8343
286 1451 54226 7346
5415 1046 53130 7347
6436 6415 23712 6394
8225 7476 92298 8687
2079 6869 36503 18214
3854 8179 92209 16353
4677 7637 29167 1145
8694 4882 33303 6861
9109 8810 75932 11152
3802 6870 20158 2419
9481 2829 23343 13557
4671 7756 57738 4215
4493 3555 80486 13420
8963 2521 23056 12400
1760 4263 86977 4877
471 2354 78860 4304
5708 5780 9772 18508
8317 9150 17781 14062
9312 4071 33643 9293
4446 34 8584 3815
4067 7718 53463 1840
9884 7125 50229 6124
384 74 16896 6944
3364 2979 69320 2438
532 2820 59566 14477
1213 3165 45450 1286
1850 1984 83954 572
6558 8953 41571 16022
2010 9712 71766 10505
8662 6391 65617 15256
2070 6559 90909 9558
8532 5286 94192 14285
4848 1427 26679 9991
3729 8675 97554 15889
824 8865 46216 7597
8532 9340 6773 17631
4153 6614 48953 1632
8826 5615 48702 12720
2083 3991 67190 287
7687 3098 87842 3093
214 1719 84957 8049
8359 2784 99775 9868
3039 6135 90955 15572
3784 6735 96185 18087
8028 5860 35694 12265
4149 831 24244 19215
6048 983 43452 8478
5344 5649 49322 3626
1067 9456 19483 844
7676 2859 49034 3639
379 9564 55421 12496
2347 248 4426 16691
1554 7315 98956 3963
91 6531 65539 11927
9779 102 85908 1433
6807 7668 43867 4466
4147 2327 75434 7364
2042 9947 80773 8524
4454 5425 70645 12770
4571 1167 14947 4779
5018 3969 51971 8490
7216 3042 26952 19056
2569 282 64254 14970
4915 2266 5198 3644
3415 651 57999 3416
5956 7687 16961 8862
8306 8952 94782 2359
2459 7444 60073 6939
9651 9370 68737 2097
4456 9938 86993 2877
9577 2779 53929 11692
8737 5563 83324 9384
1877 9379 47506 727
4680 8311 13737 6368
6285 761 98558 8848
3425 5271 46975 169
8013 8477 800 19571
7316 2329 85251 152
3015 902 59017 5935
6685 8064 66410 15437
5508 5005 37422 13308
1181 2555 81711 6314
6684 6814 3179 113
7309 2953 820 1973
5834 9544 50332 13065
9545 1230 98642 9497
9139 1979 82698 10501
2080 4729 64212 166
5888 9254 46077 8428
5051 5968 88132 4908
7438 3845 95268 2305
4698 9834 79595 16296
941 4265 86353 2966
1406 5199 41046 12505
4641 4564 87572 15394
2445 5599 53427 7960
2844 6498 52681 6216
7407 4915 29359 6991
889 4145 3310 16725
6125 7142 1290 10440
196 4908 16814 1951
4653 5676 14617 19415
4293 6693 12104 10742
2417 9406 87454 11626
3712 8166 47230 3792
8571 5782 68112 8118
6036 2061 3391 17024
1534 8540 7551 13610
693 7400 79836 15477
3680 366 6560 19390
7280 8951 38500 18137
8354 4424 6810 1925
3204 2219 16590 17134
3832 3178 8490 453
6766 6586 5677 10385
3766 9412 65017 1480
8485 141 42136 16025
4467 4514 15036 9009
8797 7093 1544 14053
9521 2361 92073 10338
7412 6740 13582 3991
6839 1744 24602 16987
1899 9188 42876 1567
6796 1058 48048 5191
4955 2554 73295 15470
8637 5771 22832 7613
2271 3757 47496 8951
8595 3816 9648 12847
7436 9447 9215 9234
8214 2083 96977 10784
8368 9601 10402 8293
7271 2464 98573 15311
1767 8891 60522 12977
9545 406 27485 10677
6183 4436 98947 10208
9449 4589 33237 30
8822 9877 69249 4224
3087 7105 99790 2590
5563 2484 55171 3270
1590 5718 64909 13209
1947 3276 60420 1054
5156 9403 23533 9965
1544 14 60932 14075
9564 1729 15292 19521
3554 7929 1095 4251
4205 8325 95850 3036
7961 1514 59339 9568
8159 509 4970 14436
1036 5923 27294 16825
9542 9606 21569 4313
6984 3394 65903 19254
9668 7854 24031 15006
1399 1667 88580 5816
3230 4048 6080 11205
6174 3117 31836 13634
1798 9036 40747 12045
396 3955 71016 1533
6644 6951 45629 10658
8133 1753 94849 13973
5263 4214 34082 6098
1308 2413 42044 15551
4743 566 97386 10627
8321 5121 73450 9982
579 7600 75631 7778
661 1162 2662 15866
2173 200 85009 17007
4772 1152 54636 10800
5759 3040 32482 13762
5463 9550 12461 17946
7298 7914 78172 10177
2749 2864 82705 15674
277 1447 40436 12006
8092 3925 52000 10025
4491 7774 50009 9828
5537 2157 86015 3924
2371 2008 57378 3429
5857 5682 69948 15892
2840 7443 57490 18044
3772 241 80552 1702
5715 9256 70506 19110
5030 9831 93658 10551
7367 9846 38338 10802
7516 7745 75382 5821
1954 6412 2 12408
6825 4691 56521 8275
1355 6015 26782 15241
4114 9300 64072 3684
4759 5549 59887 12230
7850 8028 48311 18963
6758 4502 59292 116
5815 2173 87075 8968
3759 3674 12384 17388
3396 2636 72463 6800
6093 4416 83613 11268
4719 9431 84184 1940
4837 2430 70202 18874
5927 5440 3450 8739
133 3637 96996 9346
1443 5455 71992 124
1960 276 46833 4477
202 7794 6049 15670
1731 1438 19546 12278
204 9856 8832 7259
2064 7982 69757 15180
4997 5285 29028 12595
3549 8292 69000 16977
8085 3648 95261 11754
4367 7665 29713 6639
7166 813 12069 14405
6494 7384 10515 8219
1009 9246 30205 1303
8058 4420 14480 9774
7950 24 8918 4102
593 1505 79096 17129
9406 4601 43360 9081
7264 1338 11040 16790
7491 43 37186 2035
3263 4762 54597 16524
2085 2000 60263 18609
785 1163 13460 17398
6043 9313 67983 10112
5265 7514 45612 12418
7783 795 95220 546
