928261620
377723380
776492343
577997851
658731376
972976967
23576022
424163723
464880
876611658
331742310
77533983
929849101
609343310
637437985
917695012
125685636
853462282
60386041
895103284
139094723
151305127
685899423
142585539
407416062
313359845
611365552
769231831
400497915
580096634
267925464
921655981
387890793
138617462
180115466
982843359
372419174
988096685
791352309
532640808
320919874
632303720
418510546
455360333
659368099
573846112
35103535
783300809
213682661
413106546
340290033
574168247
723383060
151068358
500549690
372198298
427064486
218483518
418777972
268096192
799773074
724898643
684515417
435242775
187262230
805604186
588970613
826759523
923492852
656294695
642608648
528537509
607552239
833889839
86684888
571600551
18370399
284339154
649448328
617574334
926882359
914417166
289946258
166462536
248988567
204983633
620957048
805884411
222022500
292520273
717876858
161424120
348376983
554049527
850310808
668442180
893086170
696801054
247507321
390293636
633074514
898328812
933690423
150169346
804216039
226439006
677650692
603229541
147284026
97054608
233103655
622819218
333437522
709588273
609142984
490780768
807853661
854582836
116360948
491900719
741165659
21950579
85200425
777119691
523235486
969509336
951694253
230317633
78750610
369733392
446913286
730809689
790911391
17975615
669116204
643438960
732266906
667358350
393730642
650199224
427308944
1369431
49480623
426510939
264007545
14208876
475286341
808065248
904051362
264599372
946903856
608869957
577366059
458020303
226164826
93718300
511059216
381838087
506546117
343309771
858674005
514958381
948015676
532132197
155610948
886143531
444066671
766741517
24158418
930169638
883381333
392924782
267145718
989418993
388633016
911834161
201809055
997559784
829330556
779994939
904956172
88998542
644885725
814529975
198219513
824660267
194639939
30890299
978565690
747735925
519028341
214025298
594520843
350998464
137589846
643511993
935982501
818541051
722617442
63763430
7207990
461018482
231401698
62972768
343433862
242068432
384644900
345995331
822433745
79732325
257689019
947691646
913146967
561175167
356786916
492393177
705961196
662800674
611848751
969856135
116694088
384802296
860276642
320237815
699740395
633390175
655528732
71400343
33203115
689009965
197589394
326641151
773228159
825197490
134547566
891617091
41574265
718655128
879718909
920625823
153899011
700353533
230857770
945361299
161748044
789861657
562761064
898297100
734770557
288384370
847498224
494013552
937513780
751057659
760181700
6901183
503421182
293487987
982358256
48634287
429481969
274736102
716362424
989649378
974199836
565061941
189874888
175663407
11788621
973866562
520890917
858134086
601973927
840420071
247806347
271738401
876693613
721488261
607162372
445078738
627597747
683860408
670084140
221117729
114521866
808548247
489817166
21957263
526503324
122212412
723028413
899380714
627139707
317211626
590032651
709709325
555080128
715460534
829593926
54457314
806569055
622914191
517075707
164392843
328471170
556253791
654405638
243152514
32610322
618069433
825134168
771211367
887205153
951155841
937554653
620390276
154358167
121164125
96315830
406267949
711395170
185201477
33680236
112214293
757150835
844395958
524660940
44515389
918877304
354171165
607016221
713555761
490919136
129806275
454334092
955040800
859149671
157233328
736626281
660781481
351912672
27899121
592183625
27338069
691631336
932674605
345302996
365362884
114277875
183723798
149526899
19005184
668508152
457990922
904906847
997604034
369148251
791291130
730573075
347749033
563391560
74619168
210958581
840712232
779908539
765890186
478811882
857192109
625796130
252375336
955184098
515231049
764156955
870905928
278060564
244281499
895996039
124909094
147002332
152279861
798039819
782123067
897622728
489043335
453238723
257813369
20176792
614574094
964713699
83357441
836085372
417850868
765478924
96394955
795142173
976329194
228207278
135816726
466276759
771559877
271905125
9879708
124174043
27475041
291975296
645170867
503611370
128698070
252957708
547521692
585705863
193893964
727758998
783071399
850741886
664048696
140412707
113676125
511763836
997592834
294019641
689948120
728103468
512759479
746401007
91612429
103105467
878761961
605353802
471841571
931107883
867415756
416449239
523178179
584313614
934842833
365946324
261647859
959178911
803369824
593826364
632710034
933256036
290748513
423793801
799464569
660380035
146250431
172770214
862441612
510135163
515667602
830783576
340435754
842768409
354345019
251591058
252727306
687548018
565566264
587831647
983762245
754666345
74406244
729675984
61766572
832774396
801759760
275524702
201161705
869083436
46404644
949269239
36268631
546861784
39879009
711796720
546237487
971073473
988250079
977071272
514978967
738491807
103002847
124279915
919761626
44893099
672289311
277258940
756338908
893428506
756398754
881923143
712854081
601483380
821698616
799037407
686975743
21007546
850003329
869673325
130938497
420746767
882063374
745654382
357337038
904280358
882198522
239310437
676840580
928381522
846263357
548098674
775630783
536370049
490458984
449398898
99796658
844149829
971208536
749398924
676688656
951836545
399520197
354718788
186432438
519355734
711346591
279105049
159791217
535327757
462382842
510471721
655703282
699092859
862251462
562092432
344749064
295701954
380218147
784924671
578745934
83116750
101561562
466789742
706779069
243182804
784532043
550222856
573503930
251669190
62908905
328978993
257073165
146957456
642135193
755441406
11845512
587490479
155285021
996723017
214812091
457618853
777371715
983721508
624196602
831572909
666231828
273546261
978360661
403825028
525042690
766384476
828245889
388702934
81043325
643138708
749047659
712552931
351762941
746153010
386708203
87784894
784799363
259661798
790146595
75745792
574365787
216202095
42881619
116237489
362787176
522622957
27162498
447057876
195502620
801708794
279890993
886509982
150408757
932367571
259220987
704348637
38956483
170965952
75886413
20859319
721167369
826011379
164476065
275992234
875706192
540501317
173851543
828907936
353371078
794125149
477752740
587666571
901793422
428745583
998055919
460446851
334403751
317833305
160637232
226570451
480961614
292747580
498138645
966732720
223613549
236003622
18748383
664643922
758559011
480659976
72270164
695537252
854193023
913306092
769139008
446749112
649476282
355037244
118641644
155430341
400955323
232688197
560091336
752383450
186141373
926638307
465910914
234971407
435457335
867536023
838883608
231286345
869578829
898935068
283485233
694518141
906445162
265667868
281108317
50176659
686082547
857665580
175784102
768175564
111932007
891492329
125004811
54660331
975306772
147110879
770712772
197790001
260657203
328693540
108676573
90627295
475076
76905305
265257544
629224857
726187237
873367268
725588847
709535395
210937469
419414359
475445563
889222654
643388570
440203089
949291960
977030645
240582911
658258667
45336331
437659944
333832903
760402117
856815862
205012910
84218638
859449196
259479163
11426317
78510254
660360160
979113337
879291918
35075943
607819316
211510569
724128306
462323744
742326528
400110346
873392931
234268938
518754909
228011604
354162529
83517367
950215169
828907597
822579991
695513110
382002020
448600822
637188537
473206893
584556736
142029422
96447607
448016278
228182037
762060994
745983442
770404875
220546930
636498168
510791969
582285826
304607843
625694715
558454929
33540884
193034867
412853611
241310605
740286485
349191873
11720918
918115701
363371593
116302657
883258080
869359564
367629373
731120969
227072394
166705869
219287164
959103437
507993078
508705118
471102582
894509537
173706981
34906390
70022609
952505778
194014597
242330112
839108995
546178750
442940012
727504000
223202796
294855892
74318506
636343632
732075407
652113240
402325544
50142706
177379936
293664746
451774327
783343783
546538924
661151665
1867416
752389049
472223142
879063761
477623336
275051894
284163347
877041048
896934900
803271178
354199334
300070757
529522809
803609636
745926849
130627203
610499288
861357859
519904717
669093327
461522620
658498601
864543172
711620278
264961709
308262649
189121408
868744094
9920549
570301585
58174519
124713973
844614896
127325238
546508524
533823055
676744884
347156431
521960935
7033023
7711607
478918415
638896757
895893736
820675551
372665394
921967640
891114853
869896239
157041704
368648067
309923227
525646266
154763667
182643453
734665887
151792377
363845834
258489204
577440512
619585690
851746907
733466459
749352508
513584750
837106300
434579741
155131462
967230385
578216076
531522767
717336391
245506453
467314240
191970551
867412270
533867326
144752874
539451878
360049429
852721946
706946109
921226613
546590273
776895020
729401172
105300518
229987899
752836946
393840427
571508465
493351304
719733062
938644027
605699054
97695395
755752331
471413940
251358070
83846158
87993473
251995731
157669764
947052685
64318889
367863158
556993627
29813541
55117484
590817721
997391172
559574636
437308441
88959012
860877498
771525505
537641433
326233329
380563757
491375072
154536880
234389321
789190846
418380436
432140344
134521088
663009709
385166112
291288025
598028919
786034455
459258281
898229242
712953117
107661914
227625438
179911793
34837606
966717081
75096478
450449751
793774984
689207764
229190166
544486030
288393292
725973825
904301009
569110328
293706208
855654715
483855566
84461492
20775776
993992436
836359531
973994549
284935630
357481036
84185275
893096496
625037993
408243167
844551000
952741880
270011875
846436314
411075569
495031583
233274901
774885853
492938704
625631134
259405878
407828412
710583249
683204693
300693699
870963662
348714536
387747872
692978487
489136108
484574357
112569949
653083965
242346190
482512811
647486014
497888497
997796249
724463868
737232553
469354965
966086024
955865285
436522402
633069302
690579834
330678228
471568145
149552296
24705495
927709495
23970005
330676782
547625105
774718414
461252551
536584678
693925951
404399454
201881016
1492724
736310371
535021750
965983572
676558094
116865098
116985173
303354010
818459146
110574002
658782427
401313552
332482446
541242973
959516997
783440502
991127783
221394086
824946003
85778710
878975585
646414687
462289934
634961215
469447076
870463151
593491133
692311258
86118023
348976784
150601137
672880952
830105599
389641225
144474961
228906952
115905592
684316036
378932794
471498171
662927774
401404188
659542010
775887192
169336705
708578163
521381220
636506514
688103466
232357697
992512426
259755067
948013042
466948325
101225125
231688777
76136512
135009122
368280917
302542625
338275608
52849033
620046352
869429532
327410953
76013644
360435189
665013445
201352108
722127297
936666829
578187966
759952448
843826335
367373524
45969362
762804087
921013815
312425323
365804390
302901014
87724604
264773565
27117026
831141253
276924621
965050705
647249217
370984229
334057960
124549982
961494642
311173378
86530536
328011354
368986849
420779567
230294405
905276287
97326372
114727049
487100077
787587515
76179560
54542644
190129696
788528417
397972685
77754856
879873311
726753509
912669614
624175561
811271997
767744793
37101290
611984160
522066444
223989419
142507661
467813303
102749846
740446373
838003418
521955742
335207568
38772089
459651414
736161951
9950855
916830752
789705720
936158864
951398601
200986973
907518294
908200349
406953548
814460252
953172082
476048045
178456785
942111911
864080649
859852166
311259665
492312351
660161207
35057975
921014125
510130295
120322461
457653870
155765540
884013644
633255262
184782636
290944569
370842535
476982781
32401752
186439288
686482091
622405642
669235239
484703491
578567399
386712628
5831590
905534498
616366447
902707381
746015742
608768943
656067750
348397630
418207768
538781230
947967495
128977223
37409106
823803007
76860923
412019606
643114689
729020154
19027298
103877950
260469186
312763491
844960362
142492622
703499444
595959016
391044347
719532253
235329445
912698043
333237568
872667757
622956505
136520244
506556898
975724612
437112354
681864130
307440760
801505564
75022876
445307472
779938945
937324249
458036647
814998103
177435545
439665537
663405425
816063961
138670532
8619355
9964655
559667083
632254333
404360876
385473986
53311744
650059275
560427843
887371139
498030803
84564969
34798034
638940170
372217234
476627698
469628209
297255245
727957797
258905584
273484181
194909736
644802996
984677767
779316256
358437325
815574499
233392187
30532111
198939978
966071642
166367883
994094360
907285334
143691058
382703891
133825149
170878015
2681456
624320392
904801688
45148054
900771603
67044365
834836339
167081457
907480413
248838550
657213037
101464652
148841768
794749248
738894399
592608473
258402069
272696627
406928411
399157623
603313930
325032544
22139619
495541883
741310200
250547304
720594436
577416687
129888412
498885994
905973410
922835242
34404943
109195360
503189817
184861128
338880239
829706648
246089059
844377581
783247652
863966319
11320862
44656373
22231153
628658024
296987663
268867720
726305248
544460746
228702069
354789398
730494120
934477580
172245314
198635267
434910385
580166207
816599636
809371823
143222584
52596932
159566095
668320592
772207650
123821368
239757514
54236288
437247653
218299305
167039656
299356064
182278985
268319140
251286396
643871524
670555976
308484869
269042841
768137873
146568248
495372081
320947124
641037450
404598663
55311127
986441238
452267907
995686108
418228711
714750272
862184788
939139643
474168555
803615526
3689201
206259620
349408439
221840604
442523750
393507817
990230972
369528471
77648277
839938690
200398334
739573183
950075557
329370253
735642983
264818220
850903968
839130860
1575984
770939555
985761029
549277456
973198189
430056985
924367813
770057248
98877946
130709676
537725551
424129989
222461137
855867986
239840974
55266165
754854513
106764437
776620392
725898193
422586577
652823811
418126614
962595086
246183456
434188366
445611745
599137773
53644025
963533276
345434552
763859091
842315430
363848019
941879615
48879071
569427084
181385503
850678103
767690155
698934556
168161573
200471722
314651759
644927538
140211210
804306737
78799920
111292238
347079098
482004657
557875915
250561644
794212816
380752240
806949969
105332123
393395232
194536186
836295390
4285949
979153281
129128239
868369116
149398198
341426207
307223026
699954357
525348163
788642473
443188293
764988389
162441732
603408900
460115780
666970197
131966960
785091101
754297949
334999299
706101987
889561514
714761477
748328811
337486339
872383388
798469524
80114083
423196583
37839623
351289450
978428462
853360608
837260518
875215509
446498480
993080818
935631087
248846056
250696635
99496090
392685019
386586843
60248399
251554706
995353140
375748618
907162905
113730449
662586221
579472377
776046328
859681044
923747534
332041948
856226841
178149238
698013026
242493413
286956451
970175979
287627229
654086603
592889972
554886119
288541700
129672538
563872460
856089527
234250998
349288181
707238303
415008217
161198482
334422040
572022990
314947149
724276049
230566540
935978544
952215871
671260309
842296420
515541653
35258944
426426121
27865691
202171472
912128739
4096564
690408732
291928482
212414849
293855956
741497569
824092841
537369058
78685572
790814296
643916660
78682897
925084511
138712437
108727779
283752012
713527539
808500528
892465156
629781669
297227427
371920419
938357299
749232835
818850217
531004389
110087898
272896205
486675059
792296840
409514981
582535130
442753965
991784542
40340347
38482756
59403467
491708494
261768316
305897226
776033000
466400431
76230308
304520985
38995628
378463108
297665869
123164980
500751809
174293648
654392147
90051477
351457751
360163832
795090660
294135657
481504004
155687842
677517596
559962979
86319881
82505120
505411332
354706884
931784638
287608267
864860780
371834529
908945133
628334700
379012628
906680156
766105052
971860504
825809346
962134533
787041967
865559473
71714857
488661123
195509123
107892463
621775581
617159881
154619413
263235448
632358199
129467485
530776348
777356183
828575298
84472576
323036291
696206752
985136182
848265350
762562863
792198366
511314580
298324263
781637761
776426863
91385076
731365750
748652179
348212919
372895361
417421403
47581440
254083862
141132054
217491089
531307227
179314142
645756687
320639285
306785413
845003585
782714666
726877720
631796695
196534086
187113713
711666480
234379245
236146161
636210372
345601141
18500788
146601992
781437004
771081502
615176927
204228208
122861508
20393132
894957444
415606870
279231367
963463783
920447102
71301024
473439224
427820909
799728529
560667411
110784387
540915604
425334657
13976932
762586981
744672111
564065172
100938271
308145545
441291952
490165907
527424255
327022524
556904560
71506861
696567423
437230498
484021484
387562432
175909527
341324007
668401432
715393534
361604853
516340511
852266594
100745691
343983358
786679053
952304972
490504182
615357929
469405352
263368899
585366505
830609261
419294478
469732184
52837663
248843737
794267916
375302009
145079556
701373049
979137866
172919699
293291521
264465320
482472799
604603054
603893837
427448977
905078952
878594735
344582341
319461088
827159970
947894341
181864125
292278198
472522471
530050059
205096309
146251033
71009803
14814891
493857768
372695234
92274782
485473930
846101403
629036375
232515918
913699554
857927269
688143486
342405780
443677457
995218134
617471451
6209267
331906840
176552224
364779892
734158353
671607272
964913169
414544799
885487182
974171652
146362196
613745246
298160662
306516436
837098017
802315218
839695574
162834853
989928380
130875972
275140332
937104806
196308849
300062279
69085101
422535002
112249210
611754314
616648493
514486386
76560959
719880469
282417780
864179926
235303063
83777966
93415040
180950637
688105298
11198770
903389407
371570397
316116938
265551063
300985238
127675798
205099471
373559365
43620867
447012388
361749137
790080159
174078602
418663499
891547180
535826531
127127932
809732071
525820983
578694094
970990933
508682721
390710077
682338073
541127713
975172534
991060910
78403982
568822777
605095326
57471577
892701914
433748667
731831461
971966168
147232686
172968863
283224941
442619359
788859938
453720708
960046739
952324286
304708353
166592135
990756256
824791539
268362225
894494602
616200471
517877882
998094121
307731436
39572456
2163524
857372393
483755432
808715463
430959391
487696167
18908596
192232340
797149354
522112108
923314371
920349359
835993594
707507491
922231446
98965294
891795476
27244352
931430343
420191791
908450849
926125959
820323601
303978853
306757714
907787762
869520139
747860802
235797017
296500436
769773927
142797996
969732235
126245448
7369984
260099170
59319766
46585217
895335729
595214528
771334740
513299938
138380596
688592598
662053004
568785332
192545148
128028044
924182245
389705173
642597283
102777871
706387941
793131055
442975140
224183001
416440245
732153078
698242956
295875847
487959917
342389042
776406483
606875716
189414165
600628383
14794374
465076433
130567500
858074453
241873148
233381267
655216682
879398667
452870119
812797872
985509229
865285414
632737657
768778865
144909118
591054618
173370427
609573774
410826947
104393111
223954092
44989284
605843380
993628266
365411019
573559998
872929032
480614593
430022521
501615520
964586598
424855264
304789819
271229934
821707359
495389275
64107636
731703787
192213970
246221217
324532591
491497118
33620281
102567327
959597094
99265697
537775078
681148384
606003043
843346250
191300995
961813134
965911851
221540655
883879965
991752759
46037004
864182159
180113720
538767298
32542474
682408798
973637303
507244462
688674834
650072216
946867843
648873038
224070006
529272562
224597830
848482339
47478683
962318656
347500489
880989164
459995364
711351684
781161378
79664239
967459822
289629526
742273853
469191707
30176157
164708
200842884
193415238
486994191
714970454
847486036
508144210
797702985
783921793
75517967
316344193
779130109
561791062
699711915
454782788
617055695
398507978
157159699
791417148
116479695
551396451
395052158
965643791
381367673
645954405
51586938
282248858
261400096
789031584
157410028
361004022
6322060
330320522
875336419
901339014
232177721
788812920
936112686
648841530
925702053
925921248
238934477
286266936
562077293
810665737
546080445
609187660
228177359
573636338
374738530
619978371
536824604
451128485
157604619
449468085
618053719
546422654
747646998
249739751
691420973
721212562
178135421
94139265
935565536
793823952
996364058
919791384
169802449
860711062
735742631
782348072
661735387
126484136
127298047
979078097
244439752
804257796
780769332
638904333
535838790
580420276
486646381
597268439
433411747
800012120
829560868
31625893
707397107
867971752
943626030
432951823
172127478
884579701
205607137
915658519
383050059
258781200
513013794
176884756
484683314
648825068
338958334
781845786
778884901
796654581
708096810
518985434
619663696
925357882
44773307
415578958
542069413
837491060
350654772
979693371
713023650
728408792
492101041
17873279
508611974
539464940
310907275
54250106
11271815
856776852
3341544
985811804
123621588
532518586
192573724
241677507
973483891
918862539
912295277
89484141
289249789
618563150
851841132
763356304
644365171
322294580
125117191
608592798
634350664
108750531
23166255
372643987
435519818
769209141
695971487
481395723
369986350
962342369
885310597
820260281
348927588
607834712
867896409
308802128
774255791
469379263
912526201
353377970
567464841
935429342
814131487
458525724
533643041
511963473
625377690
935714253
714934900
800105862
554891938
988936251
539930983
598787364
347649343
255113730
312246142
397806177
895850296
666015914
474584257
285100499
539618186
580981858
974610724
591768373
546377675
329707544
528372837
403868781
189733015
505035103
341182900
262715513
747757934
29759153
797500594
66530133
189384780
286338082
656965593
824671212
294901202
465326551
882438714
350264133
734471018
831500902
463132576
914574287
893758531
469318156
882787452
64328147
724165880
96033880
952415890
283662323
890712931
129284305
448346167
6305989
417089551
647513835
557150028
779330274
512656695
562101354
241999877
168873455
582862894
154273152
900643814
239685074
501964443
878369898
284562821
191986728
182941423
961866263
218691254
105710753
778602398
92690405
56229998
528267912
154119004
35181016
988307103
149261244
897900089
734298572
966055671
623866323
177533882
987042638
62060564
190609532
860462792
351335725
360871320
408289467
304387785
754657243
129012577
784570566
917166771
775547064
32032220
929708252
616062596
34897975
553132072
817095811
290163784
160125359
566660214
384496651
913941072
568800273
566774988
267750772
505380706
466535093
104054423
190587104
820189002
842634128
779920801
908077841
698986170
779789447
811425695
670391849
898731476
451346955
158271851
675358794
819067772
316740580
628869648
643366722
820007099
280430844
779623017
839292009
551595466
22235105
642018054
654794589
344809470
165804780
908651517
78684853
892096946
966214123
331302521
684344424
903465866
324174596
313234056
987915133
246080047
704267470
948689446
681296460
845130617
669501083
677185227
31831951
235958202
172325697
670786180
273285693
977497010
786145750
10072048
490482436
344548460
247041427
630171375
393498916
223345805
435025573
405051534
311119104
523669639
203943592
599714461
387135965
649801264
140691720
679912098
100985771
489168005
651464654
670272322
275001097
997291254
247333130
383445556
382160245
104379932
436513631
357681646
10658187
746904635
665807950
791308313
318111677
288639583
323823891
601959697
90983068
685044636
218601310
441204705
315298380
210169991
416749745
705638362
367835591
926629339
527545417
690757841
196186489
909646787
417757587
493487804
606004687
60113786
508635827
451121415
976803595
226287310
931050234
905007785
393089925
778562467
342393844
623217313
105427059
448626178
864712644
697745388
72564955
809412844
756676510
926781073
97243531
842721917
599587786
476792982
941376190
503951733
416978682
595588567
419534555
65445750
228081032
380574908
652749778
777156062
205841109
873731157
802213850
149743245
98737795
832259718
486795287
328682165
605999433
595618367
32213364
313452350
61147608
735667
543952265
79948350
647724320
173621729
39179496
212098669
109412722
627244137
565608745
633129625
785311673
129294702
13844215
860109320
971583260
425425812
480250467
346535675
978080323
179804914
170713624
671802487
307720147
530168985
713666318
564043660
240414468
692305248
637699021
666477477
98569073
214661725
334376171
996498188
839042565
831284623
193037822
348548566
445120566
914472783
179108291
720536263
803703476
589537731
494959026
698126895
918626556
681322412
41699684
571345204
818905233
561820467
721846806
276634781
379387263
978447859
604075144
25007273
209776255
613613281
499085492
822687807
441741016
408604060
500589073
199808114
154054004
798624053
697215187
212676807
222362915
414669279
309719872
159029879
939893131
83231655
511052886
42903040
138860177
430138293
818043083
997541623
714305919
867950902
18738340
505516661
695972826
78808113
606509865
920278569
815210503
94769228
861933478
513333414
714496733
789479053
896612839
520850142
908887814
220499323
641808786
388609140
739209379
861206115
782493210
58293312
336217205
919887666
249963622
498081165
452247463
166903881
904316539
111625156
798583384
612628985
698834789
153945614
657666093
154371005
552414920
426364623
310715548
270134960
491003098
823586648
531329789
203533915
858256055
577964751
778498278
860795129
489662851
331637383
410161348
580387843
437055775
373133597
943767528
391970369
358551943
903373843
939861643
154198207
527973632
698480081
782317122
120862024
48149256
250110115
947674676
258709008
353806845
244320969
277477795
804768074
901330289
455584891
2653001
308452047
69146397
129928451
977462893
940045390
619786128
912587005
171436179
493424228
928227325
652364323
334410158
592542083
489424710
348350316
915749837
270511889
450419734
802907794
973609849
15816844
620189019
382396223
505561407
56245297
22472720
502517186
255292116
739779252
728472150
268561348
469177023
42671581
542517392
746040402
887499885
564938604
409479475
689058729
351676207
847470418
320458242
85208516
995950359
631844528
767450958
696834755
271786957
168442558
773371893
998145736
578983245
522845065
327486735
528170139
770587609
662001525
579306550
610692732
883633614
803213046
374543378
86731408
124982144
181008682
695191548
265120737
495561043
676465150
521547150
784805279
230554760
831136768
422029712
233406300
285232117
299353475
529776358
451240910
15736899
956440390
292185783
323235942
273717179
697284388
879333432
181683699
466540028
116483366
939019368
429079123
464211890
253618559
765983118
121272354
864892756
241546693
946595087
664616141
663920046
726467782
791675756
311385450
252486940
625070097
545474148
684413314
315368498
72511719
931682080
771843039
525803940
758292318
337304961
425031446
728369526
943150219
35244959
62844049
218579439
453263502
92405500
366789803
113908604
84485104
692917481
14769708
145940268
751701144
314193283
671750368
981442997
767857125
883060909
651333164
975489059
428838921
710156083
280188156
179485486
908489587
479279925
461184514
267597638
443875537
507410277
241529866
550376151
709141496
848923127
203373894
585936973
739579672
127559863
938554850
695353500
125346110
869067147
685579397
695192529
971981017
942829950
548083629
964450644
533012705
943010084
32816299
273334830
542985159
564498835
530001996
763285827
611013544
441337172
747433000
491169650
803957906
956322090
762907735
57566288
101536079
831884232
71037388
818016652
846514427
579651273
896178155
680708859
912200720
959717769
180486733
59126239
403781566
467018864
486058671
102677395
280926105
771760062
396553886
44502021
921034863
164775332
554573466
992342492
763754890
786463634
363284768
739717059
387199050
342023860
707955253
972061676
160586143
613660288
997603981
329797787
519633041
882710993
513987189
626661644
226995309
775270893
79706146
101489363
607361370
962912317
109410658
711354323
498403689
766529850
879471501
371186291
198853838
873465521
514512175
134247430
360697991
35369398
913162644
814852314
822638133
690486514
600976024
189591175
440064720
562847006
789546760
949723519
309034780
505549637
172973755
441002747
286368972
235573188
928281056
595390331
412891408
862984777
907542217
866063313
259068588
818116400
408557359
90976644
270923254
873777399
421845631
436780120
641806324
478720356
871111494
406446919
404488729
792471838
134772180
899039246
16130575
213572299
772306247
483118135
39867512
36519461
261458594
491776059
363346249
762378274
347087224
995318024
97082899
789572320
671859665
132365465
560096006
536931923
862514891
709259234
193690185
732812750
197279642
673211666
902648199
380883124
348833197
783796864
511267898
695088986
30232649
233260983
253627737
602941988
167607749
846546623
718251750
506544569
700506775
763942290
691897615
920323606
543782137
878818752
197536609
308241728
159786092
206280305
936342040
242825618
452582696
606697638
186283771
154897727
504223051
345421635
886231983
799147742
372731815
916227757
670504974
515380779
687531697
738866667
486702410
53097435
55618370
730020367
382412657
153379750
295170640
216440983
321914248
596877217
63212918
917849982
117642129
787658710
511332891
697219736
937401339
264452288
831671250
838443074
422524134
245485821
931656644
519156542
431830115
247490406
446097038
386199330
586541677
642524260
586732916
166478373
960467576
906456790
636101580
918434173
431845600
808525238
762705041
799296957
818643612
923476066
193631140
408910489
482868353
884844223
291431957
782395796
898754093
873980537
187353444
979517536
733640763
319967726
604748955
729602929
940928334
158838056
242657476
552710218
212632886
501195024
150063333
90679607
79367710
17641422
110558901
667068707
954241329
769546882
897822128
230986936
142144834
117708129
73418596
838180749
11263249
346731765
311554124
775257379
791095619
986883025
21270289
254974012
255219557
16150224
155578168
913430017
51140551
544922628
460922099
587597447
759456678
304887351
243647715
779592423
805853233
260078000
134353038
836292666
770145049
485150626
714272033
560169012
411062614
202332124
313833184
414213112
647019194
858433940
688484307
413665675
769659682
865435989
93311134
326295557
871409522
624802692
814831919
301113474
589568699
881058313
581197010
28969077
775345603
946997020
564834403
174324716
635307509
111605444
69931468
28365943
252300203
373253728
32893537
706858753
33769265
633038703
321268295
401658047
516416781
241412090
163239979
978745692
106584775
738778593
804774067
129581005
278457447
775362377
154998899
240442008
270471743
383737986
98504794
747808838
692642953
511785471
235717605
31995087
488631820
121340825
521546326
71761297
546740792
653822159
957304352
665916991
827598706
800080390
706543520
193835578
281646682
781055507
293356896
630721895
932552135
7831870
956494829
912050227
104778487
176156824
179303691
975971172
320406856
103852533
407020347
433082143
904819424
671651396
437224995
980711898
679414159
100361411
119889783
229967861
608332873
969735572
130300182
275344129
65037849
350441384
531128993
536744270
919967464
891700199
195360312
152648999
738984696
527789740
76098164
199575069
694527561
573533399
447496073
653487949
891738183
169860352
958508027
442624861
791899550
61381232
776546019
911527749
610692928
677240965
706344507
124895107
479596142
562077774
910146308
979943868
648779549
338599044
861187775
507739881
458209286
108052812
325428605
603930960
327239490
549119930
462514453
903622410
286974281
235363025
342441798
930370436
520181614
147361927
29679888
444173006
5243185
672028884
716587830
434633319
532639215
702519660
599016557
374710297
246328782
495629331
20369858
630011835
796242275
747434261
637855717
80955018
963657455
42285900
852573824
64981797
361679668
549276027
665697728
948791984
303275096
593513420
588462862
130491181
805376143
548439590
234932789
802749542
105275902
669622062
428379918
331045898
230511235
399811932
401605276
386497107
922695802
223838876
403933568
571906519
693858915
403722887
109631715
871975534
919752529
532406439
863783773
718733324
653204989
315267472
979321758
639370500
923174335
485003426
436696435
940173819
816147527
74531537
214188266
946259643
783223438
348408991
440636686
445623657
499398487
744409663
888431526
158058673
592473331
410816271
525373362
735045052
679759355
821960126
993796901
850897075
158739293
577093745
669519304
179696283
879079130
835034901
948157259
901542397
814214543
641742600
373354060
934196884
825399269
387589393
595539729
671407898
891515956
358950390
854567446
102564520
712099419
421257638
74588665
462269017
675846737
592551120
875950782
487263848
598878655
905519079
431106534
225640590
469423082
53933592
273723116
789632577
728192128
35796104
568814331
69922899
901192069
102357479
905719168
688479238
924167284
323727384
450420828
974282803
395785068
197047083
627276097
369936149
872401729
536963619
208759948
51089858
588499651
613149679
8072504
443823783
546197607
242159501
212838179
995569709
525269321
48372995
964500714
838532180
258885178
230834032
44063803
449329553
27714609
39537491
653438863
396865327
7075982
185700050
648410486
119137872
415984936
103782341
63695514
819703589
474123957
485886948
740471433
45608272
400958480
248139328
368473996
211500344
538888985
750328349
318221503
233344121
940155325
489741056
685423290
396722174
83904275
249646010
571581732
685177087
414352305
183256675
486128024
982887102
425765841
984559451
275310707
80483889
765893427
358584046
761683051
20125389
858654770
437301004
746072455
584861763
385926839
717922664
911158964
920738085
101706760
137975164
314220525
405211636
518467037
477639287
359284228
968143371
20122664
897595253
265475894
458586521
453121365
404447484
331943952
600542395
79021980
30128048
808706520
150512393
119862009
904319510
681888506
706622496
164356275
941819962
868070701
530129627
196192045
580414587
878239073
152248025
83491373
130414674
65064972
273849148
667249066
222778136
208328582
168877258
5314819
236221051
250760027
455594331
85996644
900789509
260391689
366944925
374626394
254819371
875642209
406756916
68885721
143207649
610140430
293901778
734617099
314696762
337547946
343227336
891995395
434550132
623346101
570861925
906399147
577501350
687361647
946133352
947673350
788722526
219419113
527551026
324499842
872942094
589611956
515537361
564289349
843116135
869213323
416863586
219346062
126067872
217865907
189454273
678920768
45161248
363015128
60095702
237674924
833787179
137224087
997640703
462393730
697760700
12327474
361238662
652947739
356761004
837119149
828523413
921357964
741720824
758994319
418608113
634287971
775632960
861649152
364211827
377484128
949669716
617849647
912785889
630514194
538864594
665527100
147202994
965201389
17364642
753779573
690022959
722198733
792432393
266749984
674663384
712793768
726611614
556447575
268914981
976318465
896003747
305116068
735410180
14648941
558617498
121318254
704708637
524978936
226619901
261299782
547564018
279825485
825147603
295778797
152955656
499525124
116002314
889153378
908837089
320382504
246890927
805811931
979410580
557424037
473189810
572218060
69512044
898789700
714049881
661249384
717546904
240788994
293492705
781632919
244990193
240766753
284275042
176594600
488647075
835840651
711474074
233170000
433867265
30053675
176759751
710934117
627482553
753202129
34249762
443499490
972361819
75886594
838112768
350263398
821362281
751901712
383506405
713972217
818800307
454248753
387323187
546447166
554241081
180511844
137302329
560736527
721719738
193594514
629664545
190852075
549013646
589304521
556077247
390114845
942089840
160097424
750769020
233993257
947894481
985863920
504564613
400340614
847867940
55037432
841563629
165951804
913458478
82050442
882039666
246579784
875957808
639261028
333223745
382803060
845967516
273819200
87707111
254374966
252736045
268843304
59039007
268825413
964871211
551628660
895022052
290688079
326356554
767607866
406835395
478031157
404766646
505775719
863023882
379046600
139988192
480086261
90794361
633646023
703526215
527826814
477986402
572580301
178344981
809527343
904047325
449788728
264445206
814767398
979982797
403569523
858566103
234734067
593974154
656435378
217138285
537625054
711455619
881259993
136029323
129589929
289240624
132739932
161688642
29708655
81702072
526021123
453038132
223499552
527610569
556545583
306520644
40875061
372663543
370257054
291814845
861776915
471266747
692231848
870304148
846136971
102421623
544803740
314986256
39843618
462209036
665973773
969581272
870690439
193413759
208140471
126342777
966536956
477435480
320084175
544128391
9438670
811649058
282229965
874728858
43963761
370718951
879509970
377608975
368921278
947126626
816276598
297049564
290489557
59897914
546908602
131935582
908039329
487081801
71594697
743489060
650050386
200604378
663354085
644773066
907673650
692756524
469435972
542112078
338108068
835474039
586875834
735735493
797893477
718933983
160857924
290175487
376605949
765152470
507001470
687207643
302348858
842159755
407552349
907113050
330809116
520085156
456942678
561190950
569320516
724260451
605262758
544979737
810318759
877216829
451112981
441906658
636514512
704853170
673681082
541928159
115184537
441003225
340225032
6220639
617807128
864020361
561632360
221256670
271290135
785387632
988708155
797628182
534038645
525802631
185027110
892580324
16197704
258684021
256218234
841505394
169862730
611998661
858212720
140823479
103112380
177037915
617831277
938028771
246136090
215494834
355782623
280469588
653823270
893639789
8865764
754583013
46933547
248327086
955426691
195068155
448269159
307997638
88429249
254755899
824146393
809355564
124544170
108125789
525859884
973659722
858604140
164943122
635073018
48185903
992524932
236426192
680997032
794826332
669505817
537169345
184479598
353350573
469924404
253280754
769264797
689233331
798378586
456193096
82952115
983031528
572564470
960613866
808593861
17733270
192297608
277794525
234861611
412470005
878850246
317838913
356660138
852035244
178537207
496734773
692537770
647892163
524640280
513664310
779926674
46027699
913002727
541264456
312567295
306121563
518728475
876538074
74646953
518683459
453905188
175923850
548489803
727125809
919033554
834951811
677804941
830812443
609861876
139500160
535369905
274169119
508322483
598696410
959347272
757539906
80848649
214614590
930836590
439274599
75686588
280140151
655373000
219227437
537611819
922144795
582079751
464694597
255545574
996921647
595906016
207721704
926767611
114523230
664065114
264522997
127199599
920718217
935011940
250310217
487219603
481807983
455827998
852335949
569982546
109646942
940997885
678192586
731099797
308682937
443577595
238562694
663653002
26868298
291321771
308421558
221370282
217172715
70966931
625265706
364500389
377914525
846800849
688658974
70610156
325019198
979117159
570208917
38598399
192189859
836417339
862581458
629862780
731854177
242566160
226948699
330317870
262156821
607980202
178195054
38931768
609535204
512201310
566815719
991549106
765506224
143510492
450592483
207030873
679448911
653350012
349910961
52484631
124350552
887257523
422933965
800892698
430573237
47771723
774472877
750249048
449336856
253923837
566356748
746771396
237755883
487587053
194752232
248152236
209729844
580565378
750753210
617594137
852849993
7702461
519078383
38112719
190653857
466178676
788905941
667508009
29956735
574461284
670756687
126405012
222516967
295094107
550532354
404931688
529545002
32671407
312050437
125610198
28631687
443543789
717636489
53193373
967078395
804717311
664450417
138656372
815342469
804904201
517925574
562439780
354574751
590659638
534229440
670515230
842144636
618431284
204630237
950152925
127656455
437702803
383259786
51345281
423697255
120344354
685458066
779272145
456054131
278765452
220357672
185645269
183867522
699830831
956432032
357018248
758411805
894473400
857553842
402008982
976071853
64112762
149534306
622846067
650537983
929165584
442252000
81798170
306999528
17841107
212671417
258827605
984096372
626329536
92650306
818311163
517159857
22004626
778047249
484824364
74913079
582477444
383333706
408987253
608638009
636015274
214571487
341157773
702275013
813021234
262594390
489117045
683085515
393952701
457501043
537892553
382935451
329506116
240445716
466147904
985014448
119647585
939247436
547437354
712049474
137735910
625256375
646841184
59822616
585007621
572175441
770934064
638288890
967333479
131854982
259142332
206831736
213647159
454725340
720217785
455102120
422624318
907357561
798461745
846837944
750323927
825647613
248285032
796636457
606080247
55477265
398128315
115653776
861129535
954069783
257172061
863735862
171882438
984407970
829318124
759902532
77660125
615916278
937880400
663218585
4839403
695216150
614760734
442706233
406203346
362356287
158064589
274402955
855763903
851639828
462676208
778049801
259003377
392049725
77216185
715109654
31139988
286647023
652907584
192695149
547340700
174875163
280459503
511511024
69424604
491927770
413836959
62492809
962787929
59685137
461980939
567086363
303464525
23536301
990277325
970493042
442221232
420179801
264558382
457011381
77154026
171636053
634963454
278314673
653844285
740651798
541997809
632500698
497141256
912254137
568268559
936196565
63423061
723427870
104479964
3486863
495682027
831683523
921099228
306417129
505529283
933949439
212350884
93604630
554739283
36135850
506161102
955292240
237989179
9121401
417590756
325060341
764898324
907473372
809999632
430125911
485914365
306094912
721458648
761135852
266917377
122731548
654312041
439743159
890537721
722566272
860704841
70541934
632910710
520721497
288586065
394571026
746034546
770025514
945704093
795579302
926620328
568983662
316989681
191723511
959382439
873330821
583456916
281213661
341762046
444578436
496880720
625731121
822429870
592468946
64813517
905064491
737417069
503753111
906559279
418366088
189914749
951524355
388754122
107484344
490158471
139895029
49878166
315013379
979555929
933261408
212245084
809889661
389862563
841978933
656502784
947299895
148645220
629298664
167133319
693275212
15333566
484364271
187007727
846697521
591612507
541934138
728081806
321810939
447741520
570509775
432630015
431620600
225223732
192194209
55885350
633874379
280362308
166827749
224342152
428913939
593643621
497801863
750347476
994691025
429037933
994999800
56343594
101640759
47993150
515920187
922548460
996197176
660328496
180564431
872304305
833550337
297310807
817011248
690855667
447622885
894619349
867921498
126906978
906326079
508654880
187426016
846365956
410202634
72264000
792583417
293216780
190520755
229320157
147987424
149280651
804070964
918786315
946740769
624860460
409001549
577897131
432193059
385478466
849449889
463852741
697536791
861866096
17699044
808373769
337555030
145780468
791626655
937271930
943544342
958837318
820599384
810504441
32835018
770078073
500653358
406539331
200920724
988696226
108410664
577338832
247848929
363211518
189061264
965003566
671669484
220150608
615740471
504139504
974858558
447437178
824810755
968188351
392151396
819418719
420608058
582962413
389524769
442095563
732067615
593767049
270521878
107798551
620855732
853354337
750924718
107812795
692102047
593678674
39276617
191076124
944345498
543693950
309943089
704950275
389248189
91101487
558037408
983403758
784178017
330233502
123721367
799010429
164650617
584080549
487960471
527077375
421025869
217845571
579489726
289190762
795465875
615693309
543812477
317587585
304042238
310930140
525650828
730948808
58410068
954964174
382524010
581647206
609711060
495444785
531243254
339726511
158596471
886129865
93698889
993780960
383985365
833120688
647623837
394456472
190022540
426901092
871248218
724038468
872531159
96001276
68107819
807587029
637585572
469182855
36325364
694219824
90349694
723270369
289003281
146402294
112006073
140557933
893833480
571556481
254896546
277200121
17477615
432065698
390721975
920356652
462767725
543191110
762767553
22574812
514079570
698490818
36762423
535624832
554385543
714336172
367062040
600969838
570092401
156733665
706454105
786177485
185651833
487125854
568280120
376853545
190876435
797329379
605022280
558869155
325162555
937908956
319158435
551817757
660822468
773412584
32434084
465182988
377478022
868753922
765115123
2154665
771387287
438564178
335927325
726572148
732748130
658078875
229981403
230576370
412433327
955851100
645367362
203177947
893250826
169380476
544147498
340310227
566307359
959677597
103758306
699104187
704463858
591264843
761456346
918747826
699674352
755893431
538109056
762311445
889548332
505202788
969255920
270943134
46980710
523572067
31221432
361995158
887370117
874809438
310908170
343957940
460293222
424819184
657008580
32159425
432202599
988715727
242387585
159227502
997348681
113570539
875926812
66987875
926648711
15219850
601014878
691815267
732475667
707057812
896109664
691956728
297111653
326158124
150522597
641266510
709136285
585151644
849523108
614562920
399791782
230732534
274009470
367676036
970870416
777624050
633358500
498468116
387833883
713129020
187164735
412739228
159882486
100197410
295693354
189629913
359932952
373272730
609267988
831817787
879796292
637070145
174463588
209402209
962237203
854364114
977221825
723981138
307482388
79489538
209514635
121981825
378001565
841636832
786533236
435362063
832059180
160565727
673133616
244627833
452053911
884672264
489849144
940378276
8736652
118300387
966739101
109223752
169455992
671145939
955458505
469915998
983765888
202766025
208917552
140478043
318611393
47581798
352278435
507875639
575766492
899415164
145480356
242266824
332057172
503721697
108284253
25133145
54082620
705436411
291003767
650420501
629435196
489079890
862251310
20987571
697661649
280106415
771266274
242669382
330837677
785930117
609304010
303492718
878411826
317305720
111043804
982673705
587711857
452691455
405989388
475762607
925864785
179690713
492076086
361985096
279677594
270894208
441104124
752588160
444829027
749487782
46517291
145216069
376243811
188654905
576027911
99601743
724158414
493272302
673854742
568183058
519291596
175493342
315929738
968479991
70413083
626469229
688891836
3119152
875997319
612001407
796815789
634263100
531381628
817513440
845594664
111955083
666406785
542388139
633075188
301942481
485265264
981521696
174020320
598246842
692281286
355101564
33260561
319632924
629518332
78367764
113251787
46490342
676085721
400163482
956006644
385158026
564885676
627913622
741106895
882874081
114646895
280281933
59970768
406351404
135093981
472761438
860590774
822746712
754944118
88233065
552448566
746114129
107735750
98835252
969882255
8977170
160099065
551078129
790521713
642298411
914580475
700746666
823243773
760458422
497587910
744763498
559545802
501369109
764513366
778474715
746887074
921239550
851943827
110792082
653870628
859284973
349038047
900417960
300048893
951970210
971500151
971427471
131014384
726101435
944971016
814653855
47692534
648497834
545236226
864264141
289766191
779928142
74300231
757982923
760768757
322811062
837390928
955205844
305848585
908708884
855089071
771012471
837653705
551397680
308692632
98858851
309944717
48953092
199257449
196089261
732233639
681556008
847836226
565258527
156609227
947507653
774653700
977447716
728491444
307655120
658628170
815998622
540852278
642317396
934263655
943555276
986846511
401060844
642361266
172920866
11436553
50265997
212243816
290461909
853692068
495298213
140636797
145238211
938066354
837290532
741012581
858822244
780709876
659713974
736089175
451502328
170950553
95773008
791976889
401265204
163457526
721270677
629734952
408394909
288572213
808482196
451596579
261020438
746399847
830705730
604647749
197779192
377085259
723213164
402943233
427509121
837777828
25868986
904512236
572621800
859210637
134082745
472250758
45568838
522786570
5335267
371304261
468594261
422889956
630049996
567874012
287226715
212095470
431238779
696135801
781162256
405574205
506804697
417035876
476892056
521007397
286200490
46202413
396141835
444008323
734216911
21403148
347260266
685177147
989139514
250879057
387439146
504253419
263029039
489643438
962442668
924119619
953633170
943587953
408967186
263609705
388322982
533806538
296614983
130707203
456685261
270051325
516552785
897765908
824550763
874812110
637618964
804919647
504246005
232300662
77132611
685581615
481056584
99558487
234751294
234802549
466948695
994846276
596521697
771133573
429541174
843584881
28692197
658139189
617455660
969476646
382203953
458859574
531736175
89195521
583729318
980516992
430975710
337991747
305452822
23426567
396376297
411663253
357003422
61143350
12989121
299237779
500760269
325795679
821692363
731239789
826228090
80520843
839740262
140745425
947410161
804535927
744132484
579190314
94289461
701986497
454394441
828936750
765889077
863360675
687625087
786521907
526243359
424973767
620616290
937376741
503279157
750671119
889173061
202499068
633229771
741282341
440034214
125442385
697184848
415597596
974177815
855279738
940331621
826713364
951387907
289670683
802912087
117836584
447473113
106986026
912985679
551769409
209141740
724230897
540491773
314492186
309126192
145550819
737717283
215658688
857649880
583172825
504809818
803953837
86841203
689684581
657143554
313062770
814443362
537200404
199914352
848758870
484831587
691337825
530587962
180804903
61513697
616921908
111475894
88437707
522949803
196445173
556556443
336214651
838177745
411831087
304230781
480974412
169038143
844704913
738361012
248653944
943447864
740022315
117109018
960688313
20084600
108678005
139546545
395619678
955711012
657943341
366415972
79674109
136234346
396349540
909938427
634572984
140331500
557094171
75211956
396647520
863816068
830471311
854673593
427151545
302733381
71023698
410280088
571227632
356366199
854251555
221850449
796047971
931266929
691327610
628862054
879489713
716425934
280027624
752586460
695759995
581726751
215912553
799258778
607128286
848790529
689537139
404772149
898445792
594090817
220232490
251537153
576991161
316248620
326080297
836823840
450430688
197717360
430537368
706457715
946934350
492841978
615601729
665043153
401787892
610928218
892341456
861428696
958623557
747451856
957264449
868056908
177703393
14395675
186103251
145314162
676682281
635102929
820229647
57087050
897107849
283028021
311333025
634472078
594935593
799197954
770186218
280909340
347963157
937222914
376800589
914525403
25005995
480781646
326698270
883813702
764983822
653011117
457829156
985576935
468827218
600546522
572290006
470835909
767419114
371048979
747114247
764339132
140895696
612568651
602671248
764056764
445047762
931428434
553445533
350795271
771252856
387223629
720644576
789741839
838355325
582202263
868422981
851627333
526896236
646563695
909958754
814493413
269066382
700008283
951771586
703525136
470484168
12496911
239426386
895883238
461061997
82183444
41617626
609183069
716411696
594663171
972627503
798840131
44909785
125925387
932086560
241469133
945993902
434732362
993596892
315040966
222374012
619800446
883588939
469387219
71483240
52654565
156261097
443700377
183255109
312771508
942835122
459358386
584110713
957278304
147646336
345392505
207541790
813249690
918177731
716125895
85494646
409220085
40233834
902154928
32976486
107468430
717385835
853189935
34016503
604382598
969216005
276478407
87299751
849091401
306626024
800743310
447055878
138059092
607617311
593506694
627985236
442436104
537652260
126469239
62592805
574376884
282473755
449870869
345620206
556931758
968194345
595125901
803463392
673106451
785725669
692796641
86927809
712053357
89756683
778094595
304118292
427377832
368650223
10191090
663506302
640044381
903937481
704577800
9754748
989621239
954999510
833609246
480896174
836192012
305227038
927134242
173628792
458428353
812529541
278897445
9512621
804036073
175852275
717482871
151720017
72851188
476838791
921456381
510315479
809608744
952606107
102128461
834056808
65265037
581652927
878679614
47823570
162797501
171845351
799669051
601206074
845056319
21045555
444688212
732627975
188467191
380970248
162116228
992303474
180189859
321466940
443044107
195887783
209496884
594664452
826695433
170009502
509768136
198837167
919139655
162385328
487973497
51949398
680113939
933208805
344407560
44228343
733655359
934015975
586701625
647824202
12157915
867385501
794398251
809024842
273049338
19747427
905901392
203936759
399809282
898252943
955007751
835631378
24786479
948961711
489554157
82094932
706408895
420246828
70359384
492669972
924369128
936484229
301891377
908761103
650187046
377378950
997177305
606808206
754575444
447341790
661191787
256767608
339158403
530817065
440860493
892882128
949449713
511015749
319582989
626375005
594640837
792823034
316195352
909458961
881116192
58416278
708490205
245561894
663719629
666845434
176437010
691983856
416759713
148221764
222948442
539190716
702750695
922670995
555834335
489563568
793651328
898353555
854733622
243683218
322357012
412076295
130425511
938401507
811337027
928024802
458331988
953037716
424486144
143486974
192031555
838341837
630827462
843398554
563955
276601054
168065048
221325121
321593896
869942288
354776684
838482168
84115982
540496466
16866071
314137930
493470835
549079675
808117678
675653782
463496565
888474968
160808288
169345497
199576280
493458453
553825233
28751931
445859730
69213631
475061153
298684552
337351686
768063810
442365443
755846410
926298242
160193662
509737348
833358051
74076177
477263426
33976625
572679570
736285439
130800644
156647073
699933212
429062845
698074369
405869125
595324109
573116828
860855510
344456707
172595396
640504629
387445692
851651279
848996195
832237665
422279932
56306858
504967778
488148884
167077711
436364682
358963461
430515926
783674701
889552318
240642460
220844040
456593432
683429049
95517892
676666434
460867468
92524580
948086674
807754444
518487368
760732876
12115979
176475924
172363358
886536360
555396477
302652253
36745352
110621506
225244451
914721885
497690293
557244033
989838548
731530788
760956025
816350088
774649427
880698703
51383467
79899168
576915693
508115959
324387846
868045429
779440288
114305777
992950325
166693384
897125255
953864341
276093757
299540458
952882601
951557576
753742380
713080738
507541811
629619027
882156963
462862784
155996967
889380705
498349167
251366662
655831658
279977009
809533395
21642682
862189938
726253432
944270714
620841041
280834643
491370025
945670609
417204135
663218034
26555485
953603227
792426746
323564632
148587433
850671241
228951358
126828360
156064341
463213506
195381946
938975470
864357744
930423580
819731109
100600005
407424851
292165775
926042936
657932335
676264862
903960448
983932181
384502867
462684545
467257194
528816192
105149919
604896191
8029002
547593543
510357814
218779423
694230795
467520221
729898706
224000141
206758274
362475641
553647220
896141622
68006885
385355456
291934950
331532492
431276595
136695393
75122914
827792774
711739472
336890087
142713395
477719291
78428266
676684863
9775306
656319637
210238495
731537397
996299700
798189973
765636785
515876846
831663375
60630517
455071555
146272195
958679435
243828316
527180022
734954186
694252611
669773391
269045650
930195748
336994469
396686675
823411260
898000565
305530263
680494587
609235837
686572018
709653985
970559757
305056621
831277863
851729432
633375303
887041131
358711403
23836468
114024824
934581129
811019377
391611241
791653812
936415957
972335188
515060040
881835581
338774136
264355753
946152439
82235944
357258364
965888320
839928513
988119928
968014841
309072905
405304180
625020621
394607823
467578809
501054406
315514961
406747704
621260230
835275988
290358066
544112425
691149817
390433022
643769342
384073139
722506389
74798120
216236411
235813137
109112849
115846365
682318132
140273689
314330437
847000565
344154725
193587839
798445753
589306928
892041622
646993779
980145018
919731547
84148789
122834062
287308831
718113856
900431209
389481647
899979497
736866503
17610001
743785137
442176367
874960547
430345393
651642616
345989671
158951052
887195596
35646974
312219118
39666500
578052674
108637743
84460887
775006792
942096006
600649688
490357040
990407655
783050246
891568616
465446599
426866010
238652144
922426709
4754680
761551831
328129621
28749455
754859678
923066091
823443883
430063824
614744089
587502506
862093502
410582688
536406845
394673167
701711754
494360303
469746610
24589964
956011061
385991731
854597379
266513595
171315110
661040621
370219302
487091543
7250176
437316997
719772686
751803822
821916253
394070556
835599485
239967888
650200819
726103868
355264469
994503384
63989108
57698495
913021049
799848978
888970602
33718685
129078243
633586153
817521425
807697588
314394005
890197137
451627247
992854019
142637409
132779622
611365752
14640966
424576763
840314979
348415286
717807301
977013185
807801284
136445237
656028017
156287633
870367906
815212087
39018667
19237134
698780837
906564457
700978623
775413686
776261180
104953865
679472327
187424382
816855213
342934777
701864620
215678281
162735135
467963739
73248018
962585681
896722323
228228971
159249235
620426486
141808991
286411823
6735070
950934670
441833925
378772113
580972595
116132979
508881416
335530457
234221723
72878974
228623407
19854009
525977235
836716322
580227003
178516478
4873930
80491178
2186699
961723117
768379410
995256193
312133837
243583425
793576208
824697117
751067394
828464356
812330402
796527068
418100553
374103892
468444120
103827600
766440189
739304922
229785953
330400387
553291010
490612366
934263672
375662569
511730014
646656410
877379168
388616417
191237775
546831411
51934493
511532890
975052459
955471660
6237934
239317693
108482965
329530203
409195428
334494886
575548212
128704266
363803683
913409431
461206622
614015780
658330539
852436192
652969874
93655469
353478356
461750292
474935740
203929561
949767024
874583283
364715044
467481235
161966194
296850475
223463651
260667247
130028577
895930702
231053527
139657639
687533618
424142345
997241599
698507812
5982431
826138758
98587657
934504348
907904912
726230177
582134513
414078015
357952195
80200258
805759359
40528828
195007413
135669540
353010253
712710671
663394208
471243496
970260707
31379639
31661231
874039520
928863286
541525467
876435704
821491260
164697038
544228878
735960488
580708969
834750766
649216905
980951230
829646129
641649042
326386781
851004883
719698432
637333469
305254057
978881483
985310118
802745733
495135893
579991684
452083622
278292122
155074408
895582714
702759398
681259136
476295273
535380266
250830258
418544346
239017445
22557899
748221713
465687845
99297646
334640303
270502359
147200856
188423293
380162888
152275454
920659377
903388505
994163323
888031237
319645805
119766088
216027944
379999782
103123318
922724394
405100464
45685543
124460395
150940698
76168946
367580732
770030579
716473159
544652493
366325157
154696629
583946281
455059230
888650965
670386167
83547203
865296883
423713373
52581729
570713192
798174334
221632815
412602018
579083430
510637463
555626333
343823289
367256311
529943261
209957816
162979593
221578276
539631522
106838662
724788265
185639030
57523735
892429856
827621625
130134105
487280627
119594202
874361887
233296600
118241003
580873582
486626155
330425801
962171880
676610951
369092768
475912995
641015178
515310896
441838820
835238515
271977869
81404444
106606514
257476823
939955903
78170957
279278273
879757375
121469917
818502133
947685172
303432401
948720434
292873338
139572601
266887150
981397448
527160836
162126397
499731079
495843637
561646315
267220572
552285910
344905843
191848389
30503864
249520044
135927249
531590996
601406289
829408564
623871777
255609908
364163625
347596733
538180126
1337965
72794850
389972839
914105237
315681178
271190571
178034914
206407513
448090924
293046282
138208847
192161554
628529334
964908132
561722680
374810711
250403879
350115274
588346924
153378644
656571658
711816827
967072614
775997215
776991363
732023121
601600704
333589897
455169490
676052399
287064471
911835185
294215897
112672402
453752097
323258411
358133251
313845032
147595371
63444821
296757608
479247227
675776365
747286171
202360127
840969878
157577704
62438345
544429491
117011199
304236184
915663607
330960985
972319005
592189591
700903935
761354700
453876026
583277443
695107296
330128617
160196305
548752364
787700887
459175833
354732499
169903750
605296195
128165690
467660159
795187173
289110209
485988404
673544002
315421193
982995054
315338186
794330053
309020412
263353488
502006659
610907288
707164883
867600474
762782242
113373639
888578024
621280725
667647016
163225030
832652010
77826292
238627662
345525883
143727152
585394815
496659498
289526358
722461475
225404864
504347950
685728996
557391183
686120231
115099806
455008257
246053480
469085495
651762894
993149108
111443343
545172397
166033689
770867077
789627024
922473126
267668235
365824739
134802463
873409086
170698892
969870895
202158244
776180753
47974446
649561574
214642115
295252019
215591163
496753078
81978207
642373011
839183218
15637072
753974426
577935151
804112069
631850393
386974885
477594858
663080081
740708769
994498201
96970730
739891950
962554471
338932264
668976384
987810542
305536184
324327061
36224289
404406688
655799937
721448500
168864972
461033866
660750649
469799389
800927509
523108899
43600018
10067496
431934604
861041668
570923018
195906416
352734657
895949880
35991765
891594719
219543067
891293804
855170870
441676280
842410503
852675522
176519406
884259107
712602672
33290471
378684620
196191485
839449487
884906466
451129669
391969504
2842772
983218659
524177454
628706791
94204812
462738473
482947744
702483722
385841375
635258171
278133742
905260111
848776894
555983866
732377055
677481047
818860588
962514406
628389015
239907764
21064418
335792261
289082541
836403129
283538158
277383417
622255251
21809617
572327760
160467377
128049410
30669442
252290166
264238762
477495380
852594349
264922130
774975684
839536313
636754132
744340114
162815053
592340769
868759395
412665162
806350768
54449988
199960902
376285677
369103288
388912992
985927935
882151972
753704824
179498770
18139879
808342629
519837684
471088370
622528275
244669863
172852576
722391728
284981157
153260415
487199579
472976862
706379041
367999824
748796418
418659464
343255100
363457329
478992958
516980470
383049450
643972087
392659661
216115456
231002771
166023992
160051978
328650794
51593635
847574184
55437492
776278036
587257526
621547156
184713511
684016501
523327857
98608100
734984150
752654503
373591780
97860407
211198
45473873
746367199
734265655
121171078
728211239
6787860
826822956
571237094
804338060
619315995
304973868
448737277
833356575
645615108
552356500
536717339
682798724
943658705
773121992
238861321
659981166
343857833
602867034
695108072
117734540
556660595
270343490
660444542
930454832
956306461
786846303
556694940
546704052
784650945
500795657
159656401
698545999
970719748
39089025
195666926
909709303
798581962
631741973
946618687
813546891
761878547
238666903
758052551
191002684
904468159
105365361
410763181
28353102
395909076
722779161
928476110
907587187
26094724
329326228
677260886
548270929
559903030
388634715
746017557
490333230
568579219
499848180
810938879
755085038
767954352
251588053
988204435
215334671
518147730
663821763
104296796
635234927
908786326
551490903
957131913
432863357
536945804
538677350
394253657
201921372
970719760
660735418
167194461
491982882
237271897
172010364
81222045
837612363
485575253
623027195
677043353
14671977
961222721
707674348
752290995
223776217
257906855
259710097
379754887
746570254
477265933
496079174
392148452
550743675
235749842
333644737
659630616
74826157
416747673
379457227
14612873
679280436
316477843
495008573
690630536
750983792
688742796
481227982
940734082
911863838
938956257
206160184
802436912
977260382
75861808
991723310
406207128
683220491
819544941
492875756
558384504
560142819
804332703
935441290
326685198
552080485
51927123
425331942
555790345
87205695
529262992
977884933
203312527
399847532
588426087
381822464
314719359
142407859
119643778
162600004
2115984
15113731
861435431
689605435
246834041
188475776
186835194
709559267
888124521
579153432
481751983
930475816
664612971
720649950
278860256
427781978
943424430
250412979
776048672
384103712
391556875
199821405
55294807
497617157
590519723
557372479
786262504
242667142
957933531
748971869
679892194
636794885
366524683
838374566
864182364
545244767
791886033
21080600
753257416
773087851
781267205
88833422
473445709
940448167
387895388
286923132
35508539
22763506
437681100
476226707
573590434
561650045
409391379
87607546
419269883
264330417
665889307
859410952
439532503
687866221
340775832
702212838
323344984
223918564
242620865
490422984
584062824
324727862
892251694
728562513
445545485
163607178
102176700
289605273
285896387
986234196
670997698
139575817
940280121
325691479
430545822
920753626
622452222
68827456
658072033
570588505
245265351
780784952
727752740
598942153
917479378
704690335
892176413
979036848
34373041
851416458
749712312
330232257
356946170
553725072
170841232
883816519
767406263
918921637
830280398
501203371
882402323
711586882
416047670
938591401
416138661
578478539
727609262
897876669
484940038
423405683
611286661
813740311
655960131
334255942
143884887
246348529
820294321
509137966
570332089
901662585
206260398
926339576
473022724
542824235
320116770
490652949
506130348
459280482
588906134
814899463
78695892
508414397
202525769
95368714
441156055
897485793
49088505
249629407
212350220
140729020
970018903
224947536
530836490
585296330
452555033
102564603
715335162
462980087
931984487
412673527
706149476
431900790
540984784
808500019
499152213
168402904
855886262
752235257
465357218
440667528
784922379
223768086
548243574
435261715
866904123
862973051
890870788
373534170
320489744
559824048
545223902
158641584
153562618
191864956
82181606
385618973
536987698
449057416
587655028
201284977
928868469
150191784
91732584
608376416
887389681
589045065
751793803
602236800
169088549
155771025
702825335
141404209
432893402
42599830
539460894
769331304
701043891
765731509
853020263
383992116
303588944
252507674
341492306
411998345
9443834
395873102
445968617
795957905
732527870
269840090
844751233
59804740
694172872
612795477
334940685
623319087
285604351
731357550
827727230
777323382
614299250
865371494
219287767
412926193
275856989
167173340
720033233
701277828
294435862
24271794
365819937
518644489
973759657
966372324
315838862
400768911
582285707
720396948
768492817
38092467
203305757
298220371
950903015
95471021
172285911
389335713
743609498
497397889
383258436
156305069
471236047
807033605
208825765
534647188
875670027
128943571
194693564
79327204
525112400
157468482
216643524
756977285
27220993
683803353
112814263
768775852
479361060
241747829
778720324
694895431
487804208
453601321
104869145
18834581
865117232
337681463
8270816
47530164
721025014
363974167
100974527
904603702
691147758
647998064
29554550
145915242
644074653
905133005
436522208
978280848
183983598
74016939
766759374
509018575
200144078
766982707
247114731
537872683
371414884
376198146
277055841
393936712
573462487
171252986
690083082
888041996
533713421
263173534
823195015
784113844
7189959
991161259
200560668
60690587
942319037
371957726
171213795
70912158
849343052
595994318
194975411
261066695
873216734
714157225
151516557
654876532
382000269
816379517
798546193
739959012
659080954
772685716
788220134
809622229
518946042
888507426
94943823
594148146
395667087
318929701
634116111
115297114
438840236
35120950
281175916
112416691
654762320
43261517
366918959
769112821
32609190
4672928
581622352
494651720
160789581
845321879
485409773
799006497
922479498
448504358
546768740
619410052
491521930
538983895
419872267
720324396
153050502
187989004
383445638
541694702
560138276
345123546
85928717
29328152
830797622
958702814
652658718
346703765
813941005
760576639
822325358
841749723
694605973
311222583
394935700
914700956
604095796
814268315
373702705
372878959
926599342
428741522
278320109
954803815
787406306
752944531
633372462
867774073
614942345
885072902
194905124
333851237
389509618
769957453
964763402
615206115
245912911
583233087
857420171
600558626
59589591
445411138
462034696
653639186
948653846
958837066
834749747
290750450
758663879
52666923
43527935
247023139
502199217
319395420
54790663
544732115
780285949
830162043
878459474
608896885
451065461
852382900
88664541
23799526
767101757
76560747
774698382
551253346
122333425
177815519
252403906
496621477
888773945
935866515
483010756
6087627
345225678
948862322
375449746
161319324
301427433
953073107
750604084
648379927
90550627
982448016
601435915
2461874
535047469
234972192
403398292
390492432
737862859
834051051
613619686
44982734
976312844
454427101
721072604
461400679
691855776
296145308
351081829
839368438
599755873
357838987
796700064
812579743
792612421
232607112
84847836
653289986
595507717
254871202
974830338
268922805
296764743
536901982
113311132
937034825
30004448
835150814
652156301
736140559
549741236
898732065
409054800
547888309
350451314
84225509
310842537
994655913
415925993
94232057
322389454
873179453
21151203
612307015
364259970
849007056
323240188
739564283
509763139
297174983
400058669
482147699
348178132
941665005
876054003
871026810
865174946
790164781
394205848
864023361
813768514
817428053
515977687
926072159
574493242
767366614
830946737
619141429
698812760
157904529
387287386
950226141
221240351
109309910
329826991
625430925
482922470
420534488
864596037
754259275
601311914
967751669
831636515
771084967
165813232
439939002
477732346
617083674
957631483
953326235
891398252
236358495
692473697
389429609
720248735
474591297
974043218
695103351
303616959
571700056
909748834
562930319
803772728
604556968
793054535
561211292
948258993
716893820
503816049
110112855
578489331
581110153
776992411
701372459
4411944
829702772
360692487
117266601
598128236
104900717
549087060
527775091
480800343
261820702
441021815
536303016
756211497
199351564
212185638
858220561
683438411
587967700
209465702
330565682
926423015
303487033
488450236
506602137
102278590
723753913
825937631
963284412
58718620
515777769
517521262
961501044
832288455
522616284
415370876
180308720
458747722
931817666
756435772
295348918
331811873
481179372
976707551
814893271
654842252
300191146
475760518
189670814
100296271
527491546
553266858
489479802
762515179
633822150
607488397
902415766
166172917
720844895
325679445
586909392
822184493
208690388
342960582
201123498
20509681
953072394
825920364
472187991
578078745
923713489
904868254
822059000
536284628
547455645
646219208
630974859
760140526
218352372
122449285
601275991
995152555
52526651
833417816
569497801
782478753
796525190
83857905
11100581
861629075
807704417
640041945
764806794
496515386
843785566
355741537
214180144
387178715
897333482
101567685
339967310
426752225
605735763
197852220
186894886
633153239
833618169
429551260
363578748
739622295
471855826
599060735
417552018
985982207
791071150
381338350
613728232
881824156
156205801
972531813
995283076
994011205
446804724
686504741
101587200
173955673
877472419
340370275
865012550
144106012
793410611
728708394
9061984
511106211
452596111
439188309
219621002
309846883
919059399
766019171
30450082
113780714
807719845
252830910
85969173
653802786
82430120
750263516
724902686
310302648
312226666
72184348
411683828
262659479
775780027
23007309
53669764
477818502
446347575
460786034
62745506
167235329
602930113
45354912
778245708
718823889
929946100
201730050
709543095
604295954
992794834
202478781
477563282
302933824
968077028
507027690
691381303
795815498
815482082
475100119
256118374
687111346
834569766
44829716
632903048
887400257
566743137
916470246
810761213
460125689
213293326
486560812
237363716
235361867
500516438
255050765
810055215
160455239
771241798
640940717
115846927
165265529
229228551
12793615
204960029
915820197
310825025
125406184
610338626
93525885
982670392
711933041
850440844
221747885
766606849
27434192
774208416
233240714
598931542
426064641
422868396
282250348
930994047
543341612
739627833
919921390
563158350
671873717
201194655
486687269
769346989
784169265
196078256
309113314
859584412
984804854
628786937
891039922
51878225
5885198
941213770
348401308
829366271
230682
90781299
228899571
746310054
682744571
302963431
630932166
951240052
204713028
802045077
441792686
500621551
822313434
29753361
289138901
838512952
399599678
566074039
177309329
889138940
970794367
580126407
479856329
71291305
341382741
509908956
696854939
79621825
717910520
265540477
700709207
936758248
151655792
437209478
194860702
8159577
79291974
210359318
75024742
105030007
891905160
879864373
109398956
744177299
989043853
900309797
650604878
831176873
364078604
805058823
247279950
797297719
588199597
744509826
973378108
601705136
744912988
762257493
859248485
674187006
4644903
653632852
653426725
113350887
677281050
922834084
465883206
234040067
410885388
436232700
461414348
750432807
344966293
422434645
942131417
317537864
832474220
133107195
175354199
798271050
142908469
686513571
766693720
814692680
898230403
243030720
272722110
631965353
326673916
220129410
417750605
732631626
975566450
785704183
699721142
76619701
260440403
363321842
731604578
2883522
445386918
972234514
786776246
220867598
307441938
639381687
474015681
563123396
103381692
359696404
446570456
16509857
645745524
324379432
105406355
882880492
945565916
722671495
323953604
751699879
800927398
279139082
135361318
184466445
401776772
95925428
703946588
483727299
806276775
234602700
948607509
925294352
283633210
277713645
125207623
700782555
620698664
769495049
386298977
578203641
840429909
652030074
519851963
757588814
158692278
883430540
3598047
486369412
966832253
976410363
53033402
486713224
751701926
26968244
117646856
389197917
271795648
636879053
423514363
575311607
783169263
858800511
625607787
679995577
385134789
231114208
117853369
722272935
975866515
797490327
857649350
473133939
919244073
149811606
733855135
335922747
219287293
272498082
106451751
427937337
737791519
498457313
703392259
375907617
955492699
433091508
563435344
810621718
619731712
534853595
33862655
371383399
597494514
213554501
343827609
817544887
87195754
446126259
60551772
73190463
345610114
274441746
971198585
751087266
647310745
276805941
569351595
940615369
613750388
884295982
783365249
427196773
896171997
966439240
751193263
779776668
281989428
523069557
845538196
481948723
590442373
54954770
395915623
435946767
568077145
481046404
278697810
603515820
303382970
448831923
226911369
958227651
676838214
898511529
554407352
968589000
611517826
664758740
87668788
268997673
372158498
563397836
411041446
40652774
494329768
324905765
387410284
998188260
609669598
335472034
560449034
624425997
126343905
699713554
602935522
929243308
652963056
667455046
533957448
179981397
790332885
27164387
144434133
855227679
969873096
630928238
25286434
244156599
689352586
833765729
348634419
673299325
726586424
913667018
297272068
915495414
328423355
636787904
485401955
912877342
13435495
321455053
726772950
957104619
644494736
705603611
728564586
406172827
141106979
757202060
113633384
70676622
990882023
941135001
580960847
655300556
85703513
122278900
728204383
213762933
489768210
787461795
400610367
496603243
561382834
55263733
241885123
681350561
154014717
669829159
275230550
546739680
534840858
598534031
411701918
796942981
448223952
956516379
442785897
347721906
11774739
721574834
842379277
82800459
92661071
3560742
572081477
917394276
324040860
168216731
364840350
798572039
396290159
786596857
544307171
64950400
104495873
41569786
338394483
400691001
192382210
929294702
565918675
245328182
768267440
810829025
467610569
156582569
167572402
128495719
341219789
248833889
450740930
338501966
984525876
374187332
945810133
861766257
303744577
291137470
672215377
951438044
825286628
359718404
976135868
300230693
4716343
529431779
230606551
897085745
607941033
583771287
793370255
430872639
648466555
522462309
20808598
133304888
714927205
418362030
494874176
731682447
29412107
484886744
134965355
271842790
695812091
365111909
642221971
436910993
184973197
255869492
62227398
824840392
173658093
1683277
225408602
913337372
688745100
287515087
983330955
563324439
897112903
138076169
114805622
674452322
974145593
143059183
431109446
886962423
476369201
981116618
216578017
623565957
265825041
994240958
196545941
975903438
115130614
780742484
853811687
948113468
558578296
620679273
55420285
648824417
346092033
998223122
493093028
600134776
725351099
361121061
499563401
446309162
56612765
732876922
369840062
423596521
524934932
39233669
383602423
580705477
159102420
646266576
169014622
442267465
97716277
566668136
259891821
44579120
322361928
502296812
906434304
204063716
350887654
486734670
673925005
316065883
878215161
959548985
935206522
775104550
991501370
939236405
462482033
159814513
960952773
869491505
520198890
681195130
859709747
160796651
424763403
385424587
113859687
726042557
245853165
230702323
220933994
783253010
370993247
314094375
667413145
770401405
256694402
565790456
338044305
962702494
16582602
435526228
516929327
629150968
552378783
192016034
266995390
294529772
753417449
887198771
915816398
261190422
45987743
159824349
230019749
905410366
874921908
16380174
354871896
509119878
222336253
436270616
7678064
761796219
552132819
909920194
878108142
974454340
947602864
945397166
664581566
844464326
4796718
45242952
279457987
117159125
8913885
165289796
135051162
130655884
467638893
836264549
248499230
18512884
616766009
424350102
985389938
533683046
812116035
458048009
389967371
103531736
360010647
341302226
467287690
133326696
201080361
623107059
126219405
483064742
780684648
452801354
150891376
753083916
572618130
336027861
903697081
558736789
254693675
698201796
526094298
620607948
143908018
249664328
130763553
242058578
286542707
26648197
206679535
660722962
684588552
543008793
121785596
804840612
948427869
423621734
776170387
627838236
233089364
682779773
629764296
82060440
639443188
240623740
725642884
382913160
278177864
545898932
49396737
470648643
930037276
904802790
939098787
538757290
817450385
50530103
11101125
336698444
789671979
661246875
611666259
82779695
682699537
110580
755272285
264149785
527724661
294736585
200034571
169006485
277301623
180841793
694260719
529668727
297684966
961355408
361857461
504862008
210559007
685019594
996761465
791383039
392625149
937637976
476031579
938821297
537553882
883015117
594853442
250504398
996036220
982948595
670665648
700154697
170402711
984039023
500687747
500002946
388253772
103541157
159003720
819482832
649084721
340736331
479930663
357011103
971455230
130383645
822039017
794315162
881953759
389574414
110558241
603605503
639771707
974098687
440843680
367630541
995069515
590619552
166944684
688203022
117122703
222895418
865659565
750077095
580150343
539486102
190026054
17710314
815543242
18684839
370479025
256208547
978588339
890582990
276344004
911516867
888965877
750808574
384647222
820103450
778580103
415920736
674401054
300879141
997272551
951950315
735628746
719990257
3029692
414227356
434956027
124248749
159426661
895356036
38505766
607187725
373491818
881642629
832898218
321262078
348222209
190378798
237576648
810171385
900209555
155968375
203811875
192727989
933749345
80424497
737428763
773858862
921453681
656812588
810614806
879155899
486172627
883364458
601475939
868119953
656081929
797308778
467390553
244810058
519141661
701527144
563302140
711162838
453733035
11258462
419282634
348927263
651354559
572784246
418223301
212688663
757712550
432095263
742848574
968519280
917320435
795010941
314557305
457017537
961980447
728963293
122425762
187604694
356819667
660709217
766299409
719587385
664322275
373848737
479512065
887009916
949330347
147443641
636817749
814069000
824355677
630855597
80738824
225953442
335002393
445642906
801151181
902440914
994631308
475713692
8505978
84819155
541625705
486036484
742586544
850965108
110775365
694152879
582600741
287134496
782486151
356058650
400896910
71465588
112162130
834143945
147115228
799388833
180628240
370487331
813589346
985591152
590533052
660490007
684255793
37125299
586627850
363680047
66975135
383604671
754497517
91875919
171351424
697258369
885750695
903997890
85944235
757146938
506283477
578818127
48433095
620479061
413508387
959800399
420866828
311914843
165796407
973323904
516161974
633063622
472014463
4996860
905406085
942428618
307616054
579447761
760679596
173334798
667478056
546608211
225254237
709398672
51588357
264167468
457394876
366820828
950838392
791000127
207856512
649796444
150641368
428975197
936548978
738877118
389416089
502139111
782817719
706466532
29397647
782689592
199124511
834254470
875551086
83490183
91891972
230467811
774646382
497120574
295556924
170351849
89379440
117104003
887430565
429614893
912178882
127930956
115488908
856735489
828489396
912096735
192506260
120840364
576671453
149981676
818526042
271677995
979225707
966863707
681180926
13293820
796512633
980039646
143142030
742793242
57890710
915402024
950152119
537369994
787810019
123547574
130336786
108544054
748790540
980354001
452866644
479635320
318632166
311898522
417661138
452054334
366399283
776525269
56499928
628742114
223851414
199453398
817131478
195175647
662600854
60138529
12418133
978431172
906241159
974960419
944120034
985993165
593051213
227779114
892998511
626277439
679348133
166453655
572551885
234209314
619384930
450899240
633084939
101951016
370739212
378218959
155141976
910969137
948143993
51146745
828915149
382634587
325382870
130035679
3331497
407594635
672119885
557193376
752352841
689276670
832647532
573024420
298924801
5147152
277884576
200296270
460668672
703222781
366108756
459042618
829097359
23295403
949255533
851633946
715671241
548759500
836877337
875463342
437221508
763180071
696718669
287224219
428008099
89852711
854001354
662652725
257217423
437706535
611373954
532193236
907389584
659208209
320235181
48202682
752059991
431806068
301493454
827658853
445115022
990154678
299517529
328324637
754201570
202761092
889804309
550817811
431016997
245991411
842652820
923086882
843213036
750125055
993320954
508025520
357440596
475314488
757272081
21275437
123740409
507104524
992468700
151855478
121810005
593002057
676908104
552226290
621989496
471278098
718586721
898737743
180920290
848206484
566276603
838336346
57836431
435279408
624775652
731484898
478251330
792716035
92713860
572196582
755083127
215306893
567439721
8831955
622439383
733936642
670530911
147103213
402446676
643054774
717219916
452453407
562300002
246177029
533191584
808596262
841986384
544666264
367425544
365463241
903557844
623048355
36919877
489892897
184156813
376009605
444329245
867809622
923585942
319696835
805669852
512922033
391014664
312992414
851772973
439538513
446512173
419066586
605559748
712169690
333599878
53548164
474921610
647196281
897432331
242176426
363572776
546081919
224606494
197603854
389330219
817526663
356631545
834378227
687215055
374050543
47127935
910974011
9535131
130643064
74332588
985247337
569243988
402058806
791327783
731150902
895609849
616220353
29636958
995078015
553060606
783281972
535450825
238438472
926950672
514867604
906181053
870520769
503981259
813247469
922238320
539392033
473723830
633836938
276619825
100681847
74343939
528498935
712891485
537750427
366901325
391007721
559343997
626646106
122619341
5111918
757522949
235827959
296717716
916579135
69981314
761541710
977137484
459856117
469546169
618373736
889149988
638684350
39248123
238920233
439735045
816140608
873713462
302953202
138360135
209881639
488590543
470802103
128688012
158450950
221983880
93171066
893192289
854986770
214694266
120753386
253177793
602981961
310822091
315452115
393500217
827476016
799584905
644483643
873266028
288138291
683155570
943928683
902647691
459281085
879556136
738427047
996600994
743926391
660494217
679043163
962605702
348334391
899113413
918992893
220580515
432019182
363643128
68812211
824386478
273822187
200609227
17752495
938664618
178457758
909086649
714659721
870568019
106684588
628432115
764782360
729518484
289765171
726178105
22112548
434506199
499206753
545900886
498900141
410089107
744423275
473966514
347518342
571751509
972018342
522583508
199041176
712686109
780261617
336651731
265879879
299050073
28304623
194601685
97641846
299844367
270587237
682770702
202310831
33585130
577055496
130080184
534846179
337744727
392312503
90879388
985906284
605134384
985762999
961346678
207057276
354500247
199640118
626454748
384327639
848221952
899511605
798433166
669185205
688583763
611710883
365722713
225472683
617515351
818560828
641257698
200473882
893925086
852941981
290475407
703263514
864049500
618420502
665531268
762165478
938839582
523310009
783462695
265490093
212755001
725819557
301591427
849456108
90598460
115266134
22925591
804913552
467560690
495469139
852617222
747555706
926620783
123429621
178534708
440717939
585386949
255621144
870229116
330658481
221497916
540351179
972488724
232783061
348221698
594841669
528159913
513872259
931492684
673892464
126095607
774007569
943474410
860999788
319390377
332886058
360155427
871048257
791032637
212306607
469561522
551199662
674583759
263585878
430913057
499058477
763525439
430947322
93710640
911268856
708115109
317741561
556949441
307844001
71071396
740452928
87723302
859905352
857778458
640068126
762327476
229811081
791180902
190760489
717418340
709548012
686276499
702492727
9097423
410632244
688268972
495193642
61240432
607572900
274212717
175689370
208698098
668929960
631111253
635805199
28356582
938801205
651459355
658269972
561691296
77688540
674285592
481652427
521897293
996982392
107158764
813840921
249279913
865950576
69006747
434386947
814376670
843319422
493724617
899612044
726338325
809614782
222660997
888972453
436650480
465875172
830424810
845330945
314311534
593984743
903863223
721092317
360015927
868907047
368399695
405342150
940623023
629934154
638926587
926231002
188824556
346219598
417706325
340110865
117031513
672879377
713514282
37690967
706245503
959295413
741307387
100040811
994902410
436332770
4677665
470026998
364466327
695341325
634238894
115051061
808091286
829674474
375295360
141346739
463217385
45995914
572245845
68437467
38517303
363679871
71653074
379365496
80453499
702364246
35099339
944429760
104158515
125470326
951128749
574881310
556767610
733668511
356773003
679462453
494681438
512737486
242647939
933188527
512103388
379447230
491793090
857126983
585703841
507166201
987006004
33982972
285316415
167331245
25913627
410812632
283283629
866449652
519077611
504117453
51904603
615152645
89955818
49354976
740582775
22010578
308988605
975529171
799690667
707709549
111683593
612004134
26340473
656503900
951839723
566963623
372322813
613905751
430136647
454963680
818834365
122657066
291924825
757607692
109710701
23079252
797427349
201277551
96919944
525352153
218953763
949935032
817657543
180063627
602222347
895073968
612971520
842666413
487360179
599959515
99949260
341879777
240493796
638204172
882308687
948256481
53038515
227790632
534327803
175817547
907114882
131633062
53338931
552458939
14760092
469572156
196029843
591398957
406444490
43288875
718049980
623817802
30348407
54200361
870586195
176237841
873332860
931809974
724156943
643403502
435972420
20244095
383142178
769427641
829224754
101624442
904689776
560634590
561763199
916432501
153114811
184528529
282588430
160323630
360422469
507237130
386362139
642254427
787453000
472645105
214806918
855424097
485927727
260349903
205526283
55797133
327333454
678310584
799889727
456659389
74892134
460915175
78138976
516703801
627792031
695885074
38770289
519751402
249926706
291344325
291463027
89036387
625543773
126552355
811269057
690955017
118407654
978329768
425909702
37056330
220339645
424854349
971426093
470469998
119858487
543061258
837557613
275908192
80127078
231305153
787141394
68854309
20130870
630172499
238845574
687165413
326714387
598955151
88890935
309180670
900893364
981299705
863372242
830335756
969489029
641405004
325893015
573336666
160998097
534691153
10976613
574645841
450705126
366177230
801704332
912098314
410545780
734251414
771828403
795794255
948783751
661586429
298460502
901226190
379626834
813709606
548388386
404578299
331087136
632304870
336538406
395861187
337826618
329270436
832539772
24788013
40617858
549477899
678953927
696464464
631072460
61688680
565228641
941599188
688075912
846035905
637511611
111188743
80352021
101813012
876017314
128732308
269048313
11320150
345333723
578059617
910659176
880901451
198418595
959448006
907963091
161613696
71047953
792743700
855533264
904138202
910518756
704316798
189822065
68024669
717556703
799212728
339538911
537052035
635965496
917538075
394862625
25256903
291259119
486662
375868512
842666054
697203490
935844327
608109071
182192675
680049454
121081752
229615726
402258761
761382172
783651941
409431920
196301734
477839714
960690884
96135150
261963765
829997392
265192427
967307900
320265728
903222527
628252090
391467624
971093116
489331548
111904742
160524849
723609279
702776377
924646131
143037667
511059382
696304378
792116654
304817891
123671297
489394806
73582945
926528009
163268338
813019379
19135419
433404783
305356211
343469596
183985827
164942987
706485999
398363382
337107672
617297338
399310921
295094460
989865096
237650938
79024887
736125270
99921582
848486639
130375445
105578860
938469340
190050656
411668754
25384909
214143166
746592273
684579707
440066310
50422377
91692238
857521623
990450351
876982945
746484590
461692176
178415142
50612346
211588408
696566599
975904042
925170872
51380226
672127362
596726113
387710623
181914625
856997394
169706292
866816050
900568839
298096381
617034796
688314749
5430439
943955424
699861658
103988935
720153865
924930556
476331651
627408762
122132764
482261514
8128302
480147838
262940636
178259461
504533037
183404773
112666315
722696530
863819194
258065151
341258285
622049032
818439007
229529224
641775259
744192145
694222435
874562317
509994626
58180879
470314733
913098477
859290868
760018050
259243540
697757413
456976352
732760220
85321669
481587687
951428612
962209698
727302939
866806350
481912860
67837871
838227311
449453498
255581203
639087050
976856758
938677909
429235371
209681960
373436664
176682810
915268700
307049445
865989733
322088637
331670185
82689748
181923830
331846379
118914501
363163640
454009901
870716665
685839164
326722993
557861713
697890130
646464472
381422810
454326813
700688721
707033839
704813320
396480467
518315520
229287650
819688727
553765311
882569276
671046238
925880538
916198850
190073725
652795341
525209630
674944535
631202357
943364778
134145755
609850895
53347928
684527493
423009644
938889227
375798105
680710336
734473070
698889370
805124312
744292460
761841540
250032117
336202611
790771830
214205222
744942444
669534878
941637080
989837335
249408805
230165754
626652400
821918866
340391580
65122736
823662600
445393877
659565679
710770296
752721787
52082700
860127077
807398421
905612480
326081930
678392348
636252547
74828363
661791654
434258899
739489444
112433051
227361783
794699330
798441469
460723513
815924379
924435467
30331187
358299880
89255056
85244700
381966864
829367793
990061321
169277940
681944042
249407358
945633078
569694231
182821508
16441414
898818031
846617115
699432397
14585820
589942503
363492852
264719513
639094026
502946350
108916143
754532173
564527900
204067487
190201873
295998815
561112674
69893538
3133586
864412367
27101032
514303417
464391383
121144950
4563355
612650103
555839648
601349105
13964884
389556841
472179844
859503709
777055591
643205793
129829102
806978613
587747420
123960098
365302047
162828952
397706108
145181694
802194821
431777756
518104115
709994697
656987784
532881405
847292152
747803180
670013273
317532249
996277036
773108589
560653967
748128254
974736311
120467218
375052395
874779342
531670100
428964411
362235494
23395872
701763729
39121589
966945216
923577546
14453057
962862666
400205247
424318578
967518447
245388653
239008892
824050667
707999176
420672295
852743605
405350451
536322911
388362091
978129662
952573522
857345737
224509073
865483859
892442815
178932964
725125361
938615507
468173892
985464032
921141192
701376497
107121076
929961465
229217156
383675510
68985637
361180675
482903802
656651091
619226589
990940122
52681183
855728121
937897568
122240441
751344460
944192557
782110581
289720859
492247816
725755124
392810249
2392485
592972501
184826314
49544099
676210000
940158965
717315269
575268025
770941569
20261981
39928221
492756690
642585009
185892451
885225818
907255144
800033923
753029493
435800505
269680004
749710726
988209290
219914092
104601270
747625569
546089017
636645787
857965859
649262546
757829125
152080702
154282451
828183990
586089662
259176536
457416395
580852878
505959524
565908206
718416316
41343653
868149740
508030118
76429357
448170507
377857121
640515447
694498167
616457888
65166949
526017453
476537121
996046862
62901935
809129197
866841816
719818188
850503380
838444404
154796267
600064772
73224478
207435525
970373854
267487099
610781993
863117076
826019087
293306853
736416401
78504237
199947364
629498093
271355715
101439667
292988272
627121501
181344551
167882753
662418467
264161014
72864774
469704483
14831521
675927768
792619034
438971204
825244689
609826035
414821823
1774567
386564687
630145612
733426605
508391358
615473880
211160847
632105257
6546670
600042116
846022342
1740543
70432492
988256047
60580234
778003482
55701693
489598782
481868617
219902068
819293691
137158209
819865340
206384070
801606906
835131800
473420522
749426528
680596826
963680713
595345998
954121920
843566406
730494924
730023172
195669344
947925474
992785985
594412035
526421256
73216395
685106804
54283054
514304505
127051631
10363303
180014172
232835105
282592708
932243562
839451709
421345986
710695234
933531847
372068775
921736270
880279231
553292450
891882817
756268544
833570301
7613157
766697068
921565926
912434287
481540848
431744087
194296405
296396880
665907440
477175355
290934357
561764648
527935019
204394845
420152707
693743405
259643820
249818209
200048583
662481677
275192076
545276768
246436345
799860096
107782442
231867532
829484054
108001024
65061270
742518336
82148488
416510941
503002153
496359296
874013819
951136293
640805835
812853256
324082593
691898625
548431195
73116633
881629341
668441833
833944172
122032474
602081287
579428912
166104691
661693092
395543298
529833227
466796336
808309094
588919691
335002294
352664909
816497503
600417458
874874930
870826760
356775067
878933126
588669511
355814680
371421847
534147458
814575748
168737683
644954778
9640406
577691270
35203790
211486054
800780862
913888394
5486979
783935901
57458034
556426133
497521056
565935746
898951115
204883775
7809243
41097619
673333304
599311564
330589715
181986509
388273727
265144488
176423746
938512368
171119948
743188289
690607217
623536617
445610300
797245139
54361944
66164447
26059572
460181674
290977804
431987417
372786259
811360248
637846108
689196001
838425449
814760041
251835127
923843925
857672770
325445348
587506390
353090871
609317518
573971333
765278723
486227015
502851258
199324402
660413305
648159451
455472591
33380818
605711250
974691429
376076219
674277899
683969848
71057870
524905299
969227579
982501360
254807466
366422163
875318624
187128152
563947837
648849435
898582352
792795097
296679309
735568293
477077588
427801424
464079065
530150632
775028376
582084241
781237649
175568750
189770108
735490931
537171624
751465398
135128086
740722951
44939816
174113577
287428712
765525613
913104542
990336679
738871513
883689392
480136156
843078730
362522435
458599360
670161578
252487918
615895929
831611870
700390398
64566767
648738711
557518068
82832846
231065556
786912416
455034884
13473076
119029038
919889661
783304645
545099306
492334299
776034443
268514196
689460029
862912714
149263899
796402806
865732534
10532994
492476288
409296575
545496665
522732966
227584519
339212402
589031744
183043888
501768277
371227531
862467289
654418141
783740335
200239351
851497062
106792469
248332085
800170224
425312130
575543075
223626240
983405890
429849683
547567793
996033073
660414980
515848266
489638022
647283503
139533034
496486964
442684108
929095819
972021125
189486995
183204038
913665460
719122449
868199497
989988384
429242733
809418603
267748789
41869413
983165545
950843344
380825056
366737664
303108160
400776181
453871605
465857386
890131128
155246102
578428694
206341982
993499041
524567953
701094381
686335701
206565678
584421827
78819496
776939678
798261408
674730073
344200257
518950082
914269490
991569437
133494440
724526998
703167212
602082977
96269035
246348447
280502388
206303164
124909708
405779068
882509071
151747527
107010675
138545016
297914471
906022491
167824262
677623841
802924293
747095687
741571233
428874240
257330563
642331788
855612853
639428187
754350978
469883931
443134692
569153053
529903363
114694603
291914694
292167297
615029279
115325020
411342293
209363691
947792554
33247016
36801056
458560124
125000726
739796023
666737448
401424784
898478634
670266877
55180045
569639398
951613683
177822749
682272368
319617559
48178399
666434089
979454770
723419915
906198168
489136281
744524838
116941384
859729875
535061068
763301113
300242282
972199745
935357769
633979337
483160426
721470748
301477902
566421792
7449683
782175495
269293505
256846074
115781487
499379668
834401373
205901874
70343384
533661963
784113573
681293072
91032153
847235672
737357054
329064330
658795610
221012675
783158165
395608915
12919772
679875066
759608980
28343717
41498531
264367243
372601277
22977069
301922007
990818158
876128841
511079453
975924371
696395127
632026580
50684961
973961664
37154682
68373295
187422422
220424277
824492188
169450488
47761204
673392877
549329810
622291268
396139350
494724224
226566565
621270222
144797209
70932480
516780391
648542902
344843885
515182096
390803279
123954822
882558795
794810831
292177202
739157494
801391356
846192588
267477083
231875030
862891739
262307121
814887680
757377042
763374142
926101979
964949921
74607120
591022537
426565651
251810101
60449709
932616296
119880642
116524477
378518855
221043822
15590285
795178209
294520748
935776320
855571813
670826200
987103895
70359652
35332203
955186994
541136481
428838991
633999756
966426222
826691083
900014808
836433085
827250026
812621164
296583036
585792826
81754994
574633147
893948431
353799024
233575372
477236339
869043472
63333843
634577678
973941594
353147326
461988981
17110646
436196184
858490663
506138168
508077213
819587211
224473739
396097275
387165655
449962400
980019548
372706149
304820805
524315737
916680270
941884809
57608049
627758223
71771048
111571938
492769627
603310960
747804033
382200125
166839143
349408709
316974145
291277618
633339407
151674744
806343135
97719493
193458018
837795842
316634877
914024747
630012178
440175206
748149927
772663806
360703319
857492654
311310566
212863159
507654767
67425930
383332931
811444974
670797753
890633629
56935337
780495097
398037919
433711671
250299656
153150490
628124130
623453279
193483086
979671198
449785646
96686136
227505630
377996356
38452001
69340959
469813038
386738346
875309636
316832331
361633302
944035676
436847965
233309840
801769851
996822413
852770778
286715117
480518970
507362494
511000046
713355601
336076709
140995175
349316865
159144888
168401151
416656585
673678657
623789581
346903598
508526102
594979040
698862992
112062356
100900675
906201205
451735939
126787361
313005229
832748953
968500668
870763874
949609122
230657610
587123657
517304082
523365074
950872835
740556547
949694117
14577588
295314556
85788801
630824962
464088204
650653319
85154130
343159403
175279307
444302797
384773029
140534327
278130302
837888050
872337645
25665413
95880077
290051646
378359340
61013927
824439863
489905660
385584813
125672866
197400053
475793893
814405439
863432750
186037940
665541239
253491735
787866185
710133785
144095441
844235617
487771674
89512977
168415895
659498684
628106073
135951868
301002587
209266075
490612048
853190085
204364847
461831104
666974162
909265270
255580457
232578609
20971410
235951973
358159068
701140323
304981375
662726183
868350495
593791287
164755543
297989940
649886950
524941901
514060810
812827282
378818398
472631341
884490417
627192442
663726640
418622511
942109420
741423430
586016911
277649554
161668200
408032577
350721929
719380599
242683758
760399681
5763508
102158922
858829661
748610133
138441620
160860808
502476152
427710014
823928957
359037653
148374230
228915493
448415461
828446751
201700814
798490124
263816205
334293233
157634847
565354241
593878583
342895820
860022445
673827265
162811706
330545005
137170083
367952069
865097337
94474650
613679362
724598981
361031138
911784483
975151954
889127766
65036191
694586302
454476157
735365565
640621617
951942218
545861636
847296145
762410754
189669245
505593672
467820213
626468510
350113729
904323874
880476370
549432204
752217845
150277001
576416246
867897730
606889401
107029519
668358758
12834462
436644743
87053347
708445560
90091362
299931565
232698858
148936674
183050029
619359622
410126296
988474952
556225705
655271407
782567640
333281933
813770278
53379669
720343657
120680945
650633344
704973539
156448136
652103
933059739
504956884
364305714
914547858
122783746
663830572
950601574
294615137
84378895
141677344
719757847
230396317
835706197
56715451
609298949
130636174
641700524
2591713
766139650
787444789
516188050
137337199
959746017
76295539
189302065
201167859
44210285
918733356
374449136
808128261
844577730
31979571
602914330
57692021
410359661
928008001
762444360
825465762
507205333
541932479
439863615
609249242
700852801
816322241
618852143
33949470
442888244
981994446
604423527
649263645
337501776
193569205
215717699
553044805
313032469
762582988
766137009
601165467
886479102
62655782
396998998
41162856
525459250
456609974
664974296
659662704
556921361
859574701
123440563
831338344
562078300
19951309
539113593
647804338
955357002
40668924
11508851
862655973
170419847
880263657
711333170
324201067
838262861
349146607
101594958
528561386
642301037
780029448
207535152
691932587
47264958
366584179
15527829
395298973
706146255
384276190
819988845
449317160
608082545
128930231
691530163
43165115
773769149
544461421
449818254
411598467
388474425
899150270
876526426
932422554
614989573
839004030
116684746
812530945
705143268
474025596
553960711
106058305
798136042
24663858
657565912
720509890
173692645
33594249
780452557
860712245
227710719
624191451
980892166
792005088
59531060
107324326
494183385
663014979
188981469
977217032
58182514
470423017
954261169
749248017
785041
410648169
572746592
408768715
355350766
747799174
618536948
625753728
573214194
661209270
958442644
905793462
194864900
918255943
960790167
366539968
505270963
428659855
693703322
33664660
415734884
520389482
823752628
410941150
302105178
980527757
838877756
935833812
966207354
788558631
92099743
784060215
154211318
648631460
81168635
774936521
437730676
766666449
396841567
737856417
195239015
793139854
891190390
202276691
487327352
283751297
368640035
538625290
21071238
540203529
183771687
876114228
340497495
882826492
304531809
477799897
873435646
448890499
703814957
390221818
165532161
306664694
928315798
418280941
66997214
220137528
848920021
178461318
690896682
336568957
777485329
435184622
169777799
916374922
953056361
996979101
571253504
720943435
55925472
252285612
98359534
49303776
59858512
947934740
760669892
315601809
401668643
105591267
425441341
450962725
148961928
62734953
762674711
431628401
506363906
793842521
829004331
153339184
84454103
220225849
915318852
466446306
243926629
389290160
918740537
812565827
897423465
958519770
803093836
830586309
131439289
566103817
746625182
613377145
624485279
120737609
295596703
149830568
916728748
317784501
56116307
402710478
568973509
452303610
968794757
768667069
447000429
57502702
758319135
231567942
720526184
780249870
583025351
160329842
618281675
156958609
675368415
118756321
162009274
559206484
426464708
136675730
402625788
854833579
841104129
794816508
764723209
249942683
835628235
242868326
285246509
733708837
765532359
283618031
241889678
253913262
560762424
551915869
554697854
458292459
8150451
540442694
976076317
709893248
933074079
953467612
532633755
428844719
647031069
89052732
225253761
903735599
604866353
418667060
687931108
558534617
346551697
220263988
183558965
188720618
383964196
301422299
347216549
871119695
11957598
331752432
863377663
266361998
837621038
916831053
166586161
248380983
85152155
902846727
143009928
28109964
633865441
576892472
283932123
477042415
635774900
871228696
123345244
910069933
10386843
38173081
508484779
138323837
385434720
285160140
161138184
457868755
65239211
592558673
389623035
50370545
812543108
498648701
162510314
957534418
508500806
367615583
56968836
633013179
499792267
586254881
906876810
798733874
404430986
733527032
578532683
668165175
861125650
189783355
271439503
699015829
461017255
829560789
83549847
190663008
47274912
870242909
803303127
250624529
265133740
954645873
458838229
1617190
487521599
118320980
955159685
567511861
294834722
328963974
820215446
602165203
536176097
360702677
813783651
610110145
685093345
196368554
278972704
383452056
877697812
884055831
856065577
625699730
949988269
218263068
151736368
629606748
242772459
878591044
371635697
395981129
653047368
857742896
669102665
444826458
162989716
735348101
895075344
386233727
123921979
710723382
755498870
161754911
382007201
340477566
22856073
888023959
369443910
892661379
405172172
577648385
629269375
535117355
571847659
211937094
180323630
207804423
869473831
492914372
820758677
98190731
455781253
155608090
179103432
849894295
743363433
720528096
895130385
989871803
245272057
952697532
107131398
254377090
367018843
925779507
488951076
337046699
145371334
704234187
529431911
879337503
507001446
529097277
636770085
735970927
303324059
108536516
201470158
719194972
343633671
364356482
590499702
651289996
471413237
77333040
38399056
938369197
846036907
890260087
997442032
666278162
167192422
12107687
205601168
286090602
539672547
869990120
833724580
628221018
469397435
937531981
404674760
891102083
221809202
652391430
675129499
502807139
734181745
611672305
340801254
630541331
498991165
748625473
631337774
446859870
989697397
781473190
886669011
129348080
242734854
784778999
997384829
643899766
70560235
783493374
755889459
968813634
783070915
565269795
538387748
103738251
384950839
116422390
564735532
72308640
867931719
473744289
88284174
926690411
857889227
700262111
878920013
921688800
460347822
105515210
975216281
546356797
364284643
696648822
847677065
119154583
129122413
344614137
16485060
110488487
439575181
260747294
827668456
211593120
660455656
679857519
271732177
307017386
521082374
443695453
929561284
397014430
810196921
137196199
750213139
473797097
692681589
595763228
290195208
412086965
245114322
753534698
413966319
954079768
583523108
393097695
2189725
772245541
762358318
243582594
633943819
342832770
809235112
758568070
931852512
815875377
520129978
295370453
337409390
670625819
77368178
610410819
300639890
277414519
89260578
531764982
496721913
606269948
782775575
891142194
244049653
173353578
604615440
942302253
118087246
142461353
392478278
117623476
262027047
605064780
985234398
722976958
806688478
79603930
509194804
110952401
550311356
133722298
646763251
383568037
865859327
674085495
786296507
730567047
333375796
812002847
85638398
832135343
194403984
455000253
745024228
389865739
310935876
879448074
275700405
24548571
934804342
516111748
410174524
231320749
77778148
133145155
87096819
621473509
466002445
900280921
510523124
401912601
403660442
564852069
773429339
129002632
701639516
810343440
571898120
16801345
115210065
898122871
101760079
933075091
229077622
276343927
682746667
376105400
903948190
632227363
24189113
896279458
49538798
601255626
503289558
685013989
815689834
599087480
625384375
442221882
995448519
588055283
430941195
25932865
104822652
6777483
567525246
285775620
716950901
744452213
180226256
625719669
393577719
716557739
805668736
595341765
196327738
472361799
607945058
106636720
440245511
939145880
954936332
673648009
159201564
106545374
907609537
801732085
424405609
440800039
457631484
772604934
234962156
468051656
457657992
810523494
418369390
951137915
979508491
513090152
885325640
781402595
391157249
402673268
475674072
729151892
805397103
47595973
475552485
554795684
788851984
621615932
968341983
975402806
201315924
859780692
756189080
682082218
64839434
690980934
386596666
445017280
957934197
372033247
131479383
125010148
601858119
732022286
263907797
781424336
25001658
898952928
700940322
429717910
413604179
75674362
533471669
586828345
640205098
829580461
919196859
346010229
279330961
901478285
768793072
227152326
661058919
354919123
701142505
869886478
253155678
126183080
210259260
397027845
142555463
538718530
23173134
987998322
148547306
952109255
44522127
995674188
766083496
632013802
531506551
531560152
19844817
718662085
398793354
702780197
903042645
305677911
93788082
476033223
805579433
232128960
263088576
466817402
837605914
945356938
76819995
388672232
981021066
245629423
775443550
801764942
190073634
829667229
836843973
194579362
277236410
856341709
628206532
366034683
585543465
404364843
243556398
738109618
60454540
118370434
656497835
256338904
893407682
990039975
399371918
936371006
416154092
8661768
381995751
533523985
135595975
754483003
270087847
303019816
753157324
691991332
105502903
711008234
70832710
209228244
786277197
920650393
643315169
233684906
186814691
710010232
663811112
344311632
216868158
77298901
349195500
889046254
100666949
297651059
578728708
308368446
774855901
682647346
335124256
311187338
275368912
496401808
802427671
596907813
118427164
896498632
438696257
383292177
270534387
139559737
891664215
580479347
222867252
984888734
725414221
6647156
160243450
469173010
624247485
16587070
821411608
270602118
887992857
400375702
613625223
284074803
680448789
387205155
509831964
907940165
402991004
724094908
17091759
445277365
772736187
380720036
98426014
816172039
862616876
928797240
647390654
174487177
399066347
459971033
88572580
361654337
801158142
950967764
622259772
881933573
205690777
110019109
463534110
126760490
835930641
659437177
550246568
217632023
310272039
867669065
426206040
525772027
716169881
141984399
302420678
46645489
317862385
758230704
426084180
817204225
463030649
364846581
530191649
718955219
401589691
486359261
679635593
111677688
125724168
496569688
982923610
374748644
299620304
705233286
880065726
122383714
396555065
259561835
273530510
451393312
820929255
410509578
350899700
230338617
426607117
321279432
940477452
200923818
162340943
884430634
945230709
38954394
709293183
694618235
364530576
883853769
359359212
133091437
842272570
804252956
240724102
635951539
287354516
189335353
816902523
389196928
375581626
2483404
372551816
343729678
324770758
601338540
516325755
547941462
943035635
431652790
806013253
273968991
507336609
75520984
164844728
796019199
209383074
988961379
890820880
573382594
205438151
179842731
783698131
882781715
750770852
924863106
160064052
71244812
204389353
84353500
593924856
403139113
915249915
843913772
595132522
127788631
557633347
724226570
433951675
189925810
218615602
799892081
471232321
429513111
625541154
915533974
680422044
384968651
15106287
229601117
158304784
601470026
751310932
985033504
782998
120825064
629266795
275464101
200332570
573949841
31017377
511518577
381612427
899682471
535954585
596056139
287937464
556533614
71098287
568492968
855876210
607351316
846345639
933279488
338468001
154994582
303596333
516252400
732917346
479082594
788478050
292992395
745681393
642564578
862901817
811473850
548476062
76028060
43531731
157515715
9366370
394995612
654238943
286366971
650771231
460984551
503641791
720421416
543423829
990817400
797418310
61402206
720729324
142782304
275029497
230527648
325863909
264722097
936787337
582637752
469234762
157287469
79290641
685476278
494536582
824403792
714263930
428287848
976102519
181089167
613841149
954588526
20973544
755894280
697159824
612065099
781730270
849565584
939030209
81857973
602584513
488580465
383597900
786516138
626272189
577823769
545625616
216564325
286011965
850519131
547695683
889353338
752648312
89839533
274925964
53837862
736557369
852576772
600698550
475118916
863206723
586160977
968809734
946529078
657780189
512960059
826862356
363821723
219500479
926175920
41596451
150155482
6463143
762779432
617428698
55517824
306929869
766159252
153037915
942043628
889391790
367426031
320712530
537277641
477250484
349640582
971456297
287631477
997241636
734256606
2622764
393160578
739489156
677982021
503241723
343216531
186973693
625988355
777580208
260266499
942990960
159296401
955438392
363086672
178741722
936577125
729720036
34927259
726998618
629037771
343096644
589028068
308839237
858338491
535670321
747624809
947488247
60969650
823840743
626731976
293994881
758548745
198634420
881187200
186644763
601876961
448738605
440834668
558078655
483064822
965409597
73484211
914127018
24619413
685182956
190755317
491122969
415528638
16452877
871952158
152271457
180026112
157983458
543717790
787552042
779654053
5604721
923626994
1224616
577599756
16661501
702354282
10334555
995458118
222504245
165417446
112790021
308171407
139701416
894617079
429378891
784263359
343282334
705546109
621374966
767718124
3251785
558261561
962501396
476134761
907780138
364592177
226721305
965811166
739100832
364173202
624710820
856520456
799373145
657811780
48423488
232549291
214562511
206635157
799523766
770675036
379839728
866985369
814061499
787567078
849656711
629824746
494621109
757447239
872713390
963044966
819503645
717017030
539819849
34100785
746850453
453154345
302351062
250106986
780172884
360199861
553062971
789539954
193713099
401108817
77664503
272767068
429931479
597478878
60284276
637637757
82349147
950317255
828533935
515788428
935582280
700765114
982983416
918211953
617500715
903394358
833701597
724990914
276265999
407227726
561167822
297964592
976994619
419208338
62811643
939874213
561319250
178777360
217909879
44224643
8213286
269168995
306439516
943073171
793591052
609077017
282038280
79825243
887313464
789689994
309229878
824114514
178015431
501058400
277449110
733359126
823235510
740127854
665135315
325718898
652428291
677150980
294520786
356168573
74886966
225447447
993828307
686134508
154126054
736856373
521765172
592029302
675557764
223270710
634933932
707038263
291151716
579887905
620031722
666583048
18163656
356813796
796743040
230024482
175967942
879706825
144943655
931298783
891273544
48665569
344668275
738585004
895058309
844933948
552467647
582858224
495812911
124762774
583480594
525927111
87793603
561114481
741794768
209236670
84373976
759775539
773010561
437452377
355052634
487583355
508098528
349515873
838544739
238370070
996950166
155735549
783762912
708508760
129362659
879360297
169053165
139811631
191247306
303026690
909558853
586157996
690955888
326306053
601660592
750910103
486421562
173056663
470727527
703559722
235210078
707513549
618922370
645204292
379484877
346536459
589115039
993155571
858915328
898253551
760083648
318478193
338735605
569291731
574925677
739834894
297434048
719662700
363882668
396330203
516433406
303742703
691341631
492816903
939029714
826275428
962862889
893000126
808011310
718923328
872303479
837018830
411596537
297449758
485421395
843541418
882684405
601079678
249819793
414400199
984755940
267971380
478765019
441204983
967600826
188146376
909282282
581689619
909755032
912140142
524136374
347366461
920626612
171874960
411354080
874325977
814182920
373433514
457325689
436565914
784890901
82328601
263802488
957290233
921760150
522200672
594355314
385413998
733504243
145038491
685191644
750903445
89094172
598989907
377417306
996692358
118669524
459364773
875742046
961789689
85851205
638076599
359978634
145622951
541057987
100095248
894214732
753606723
425869536
981348641
221532017
825647048
728121955
790120755
199284843
187175093
922472050
914416424
7594160
292120299
67421239
700851849
376480945
432478925
899884068
122734005
229052920
38753688
68449825
609922945
873878590
441707011
264227831
749297974
696062163
796265731
929662868
499263499
518688780
527213434
835783172
951301717
641353775
528561667
756542535
105318112
694723428
561065586
16321231
904724913
744288340
370304884
341133199
454042573
321840199
105731101
449655945
744593429
113758503
988963465
525620059
239510385
22377948
732386829
590520625
958619866
82529486
16839773
299711904
40852727
334826470
963562133
218703212
735361307
37936017
361566350
634170814
381160829
214204707
117620180
116799153
620620984
407968436
588621428
575238065
867860576
708290775
361229620
42876575
232334746
177742526
530355677
231429321
58063347
987442179
691449909
375688986
416869248
521518723
904243888
125693621
381706125
686443605
594233165
537032469
119276748
287323433
719407275
396919538
765250994
914329695
361175692
824270326
509631205
376581168
10363225
146569915
805925143
724762961
481558824
179285327
172754876
841462849
968905542
624465331
477670957
23049766
20152528
46764611
602602269
335126323
759852046
755722396
739859119
363909158
872061535
787563510
963232475
319213506
282658052
740274894
363468573
42991943
106629021
901462044
643070864
967135523
644607753
500585210
562767291
705589459
413391473
715446025
813763985
177201069
286871138
348084320
985296339
303463376
848429640
450077564
376764942
445324505
85606364
821821799
264731398
289303269
598643973
177708344
247058462
746828117
695694091
843245330
291850545
389437543
865471455
254027548
987233142
350485545
802996191
52097294
320968540
47555051
143980803
975838434
15026556
787690143
699210272
117090736
501516658
976391203
424316406
759165783
865119819
443346895
430794682
975356604
648474818
111362477
833957388
968566545
972639108
796342677
630610175
342230407
29284638
992731410
495259704
98991720
374753674
451840762
99813831
881504072
24954190
274018539
21391523
332210418
856408671
738036625
59670091
742857202
372209949
819698637
496354886
554521644
150490412
693778008
49942525
833306840
8377465
795385649
475685481
8943841
729197526
692661952
582286242
809194755
230241700
556503368
888149752
63824746
255004796
967547991
445152229
205595758
37887078
234788885
469447727
875211646
687017434
792741219
97977792
299481741
269216547
806236135
707598793
401465651
328865952
386866736
65299702
867838992
954363854
483963586
811329298
756978869
991141023
109730326
313132346
610992296
996419302
511702707
853055974
764956490
115177374
386040618
468852128
202839076
465518160
218832464
118800963
104865441
666552103
488456886
442635529
756090885
717351688
773181906
359850296
296348251
358140509
791175709
321710394
760194765
304223771
664929073
240671024
916720517
873217062
416975428
850630503
43471194
946741415
276834349
675200012
774925838
841617874
858791297
903821517
377647873
523235386
554799943
367232685
798502319
586297987
426488465
422143730
597824585
595490368
626360231
890729983
736949655
429109086
501170832
830100076
676210117
402422065
43889713
441537010
793575940
170258916
864417462
391605172
562208903
957474336
600093701
992132692
202170963
862820107
810551270
296098285
942054727
83457959
64816088
23512291
751875606
62513186
24192618
660747925
208073916
651909700
279370947
146837737
50637983
459201435
216499048
23785160
954318068
492005964
844267044
199047982
784293024
606179633
98125064
939619228
439415941
53484571
425294400
239629180
34011311
351415021
265806028
918779697
123688388
297163042
401799821
486002414
541259243
245288921
975780831
330604176
399623995
22953172
319174002
288120440
690493000
223426912
203014822
703638415
135573277
486885400
147830411
251667168
11061503
215661970
722135182
555788420
921525599
52554310
551593088
316426493
722423716
607156291
385989205
552171205
600989508
740519841
243889576
614818496
292494540
878749054
727583953
478129735
482734059
862064149
474977994
996730292
563530744
915819243
482571753
273329883
755049209
343960203
209934460
681529524
664622916
540966963
855383785
404836293
13394341
445763277
803821150
417371501
469517906
74298014
91285069
553579713
9094859
393632134
245481361
120817624
165083361
878835563
268069381
897627481
909362572
706303143
766096749
842349840
79967165
930969255
365092359
121072023
978771084
905225361
851194890
607010192
352757694
930905219
307055051
932930906
574399460
320780623
538066113
715923651
883818965
223104722
807027195
229330925
693349762
837800996
384848105
342913970
514542041
409194709
136280467
356223153
515278398
893765145
355845985
263044736
25786729
749494318
194784922
277873337
593342808
314724497
89629727
989203252
537951500
464470950
681743866
918960960
133611272
765060627
997029335
170116628
141778154
593445203
65677894
5754155
93325491
751219464
325813253
957897770
195453775
44220372
440898095
288264935
563235820
395508065
243349245
987932795
926149992
250501275
468265542
306259371
697836020
559239187
143882203
616864595
960035119
720827208
818289156
422159025
871746961
392438566
506812834
578078020
590718678
534928145
57659655
253459043
855849378
497224472
11381618
84501099
267359048
625035448
451003896
861819110
546790478
174639695
660783641
893711505
603910754
279969173
199896656
872788060
177075867
511810164
138347841
203468058
643302048
787582315
659473740
703245203
339506131
413242526
245656910
14857686
828871799
860659746
459000991
749129740
390317970
261642565
274230890
401837627
639401847
869402410
790132947
417350499
894783684
587326806
737267678
329308628
712165568
607628413
122205810
628562408
796478231
781134194
770705497
479315169
944994264
546820917
997618787
790976626
278692654
683696052
495127338
397756413
142866907
79563650
240429863
373001727
87552517
723239167
798006661
183999640
609601527
223550392
698955438
330364631
178397414
976499958
781107122
324083837
762824666
911646204
514446970
899290413
505348892
444453791
706130833
833701484
199137906
30978727
901298503
611839342
162749337
133418324
66746110
609236090
459907919
849148277
246660409
387948663
563970763
684856313
519449424
507934208
295860334
908695974
965125376
223472363
383153943
33238950
642371129
649996299
406069989
658108218
57356496
869653452
893699705
585408230
17036516
988427654
445243220
490893392
245270554
188361510
590607632
282552230
508760593
561940850
611375278
742621088
240729014
831499947
792002713
714267125
536455786
829526466
431603591
895707625
576898597
467763184
481827879
876531680
240080322
926395078
233098302
789811140
393651277
944687681
834163389
174643301
158982349
118188652
147343537
821778966
268820390
138932509
404766404
763847864
921920428
554330937
874430309
960301424
795953855
270033501
720427591
266682338
719729689
854036946
159378998
348025950
842750750
599084348
693530141
248723005
12365064
350301304
611687147
418703924
362861708
411248177
133158593
838649815
609552326
329522097
398120461
831188903
519063891
734867370
723966992
725925887
477997596
8650039
696283823
917456069
285772437
235468233
11375614
769732204
875253635
161487478
244547504
918878769
424779480
73693589
478021724
770559106
544962878
549116742
977443891
205511306
391617159
838837898
192297068
689980977
113335546
336180122
461021683
710050684
228907689
934338403
462890934
509664759
215068782
98252895
695581065
160478378
780041181
230433935
331118519
212954630
613399763
253669226
499924292
22169271
9308826
417084175
473637159
93154628
783893439
580091875
907814252
174831803
383569916
373584743
688278462
737421219
530354355
979829017
200212578
44993748
477030178
481450149
539603166
318476285
937607283
421805129
145145118
159840611
255896307
275716937
226219688
394792289
250190971
209899623
4373369
643053115
53349196
703107038
962534100
790125054
95833266
258548069
247690690
157659978
341857779
113183426
685263984
509409233
884630407
332428974
340321457
832496231
438353947
116368537
595231838
813093483
531168044
647818901
77566670
189789474
120011797
684546591
977678902
44046979
542301881
16960858
962177068
565972085
169746857
688945834
33454933
446471435
805699426
450340310
676208876
502833036
483763179
479208093
649322609
960133279
225892453
629334517
297089555
487664295
402175665
357263545
376360250
453300174
478992811
304601513
174377
702819250
27108771
970187394
695075067
521293450
932945868
898531136
383053920
818660426
318132289
775074965
62326805
742457311
479516667
674813615
618518303
969623978
510064602
690286070
203756768
46927835
109612249
298583989
825124728
678653671
333901452
588615299
521379027
283339762
888307165
609544679
842335306
45200109
273524765
288288881
714143884
944900066
335521677
777673791
879408758
532937573
658911572
158498972
384860962
884615153
751972153
719962202
117258898
179116057
251687763
856368901
68726469
167743209
570156545
220977387
707425172
254375638
293931805
803589705
372460271
87723011
352028536
818066062
787948599
92696427
888751493
401381127
237500814
417435466
922582627
851730476
913726250
823324478
503709837
122728231
599261987
152630901
905992401
10570667
292860170
560982205
560378210
261068718
184234826
916506080
350371563
827899649
142853012
534925708
633631421
679999981
568927708
567003425
165954361
426841065
15814379
218262466
663503919
355263946
316378548
39425944
804349075
615356213
617192141
941470678
432346898
186366498
801147983
701110038
261664919
521133397
410185954
971618829
179438619
286565459
656953738
845473401
863268836
747275952
211798915
545256173
959506623
483127024
968098459
612815055
521080149
111267421
476515884
947307661
249087999
46861461
561360315
202595801
195090434
630186474
512637675
608378034
111249184
908481473
63625196
440580935
376140872
382316855
839743921
973736636
7537927
55867283
75417714
203136000
605836579
182664768
380885657
798085426
995718796
162356342
480764209
375130210
30643612
168793861
412764738
249567995
357265578
235324062
246928776
821279780
276977770
756482318
967432554
896871936
432286306
544777937
991296740
708716959
50549229
850157487
433089535
277841560
548946954
408034855
104385281
519340006
825387810
193921549
460946805
783114388
360372812
799769743
718139059
735751767
85545556
124509933
92383922
308362528
101121207
976234487
583575574
720305445
682730766
703607531
869683464
219500514
91734182
564755247
418309137
647725322
730255948
547186024
827313779
918894144
518412167
428791526
319453393
350149331
886949471
912737386
103217060
639839121
644209255
166257
620398648
787712331
448330469
484207706
924366985
892473665
445309745
123830258
647002851
319803804
513294097
176449354
917287686
89339980
877512172
197750777
324983434
420099130
784492813
866374487
793314335
819683643
268566127
383186747
490274240
215410305
8960461
559282923
648561826
368118541
974657563
532450207
497820160
782089793
541650134
13396874
151423824
863540295
248675771
90907211
876504069
435616011
572724407
150019438
401456137
505913535
397011314
805259840
264218931
328959995
415276064
308288900
755953970
227415098
940407516
421524580
677868894
944903528
677553729
204868076
798674081
150504050
812495684
973060621
703296588
727606984
778324774
736764244
131148921
825722898
342235539
949010598
445238547
465301692
193133284
895237626
38745358
48871140
375950889
846556449
191617117
397545194
2767842
758072089
591205968
154706721
937556687
333799652
601472527
65022570
111256374
364134490
218064044
822126004
322031323
891471643
128959665
864523403
769466282
633283069
635772500
816005471
79231245
399367211
794901811
258501023
257795974
150828157
748188669
158782998
958499865
489378383
107539194
412506258
592412465
667891826
479864858
946150795
135317030
907500698
384055963
929518559
913491747
876974980
33069235
346191324
840762445
388081570
722240688
232742934
697042687
312593417
742384887
549191385
547133209
62193405
742238519
220717194
489220979
719647738
736392875
934513480
569191737
404579420
754149661
259349841
734415748
862376195
296164933
417626684
97577388
134991115
884612724
93378848
316722025
111754115
638392273
815305563
445131231
50929588
137218851
939179828
98300394
717430674
949977431
922592848
682490737
203912192
809916143
68861711
463425228
409495820
175860442
242170629
146843425
886792359
406177256
197877351
273581460
147810635
742275788
163920409
386748613
385407426
566527880
619713232
755593761
774057467
318107664
859999112
627911555
419236388
971030386
121421514
438748559
338676368
38650438
635540112
686828871
627993138
371181251
669615922
344709192
47929842
657206468
551251255
906841057
689644735
423276267
436073882
601286213
644267577
622440903
739778141
318613883
187969000
378126310
22210884
823523306
504004002
874284924
135470437
321906726
201788237
689128922
179085848
891017114
655326505
622527610
553431110
886361409
830377750
365454293
303291687
291034963
443666834
195914152
613270033
154371674
808978141
940329050
897628102
997716220
925064268
169048558
937193785
52162455
209033736
245108731
312056916
543953539
914871267
87683484
731770427
988388389
353714858
435133573
468955580
622229159
166932823
723172300
647476660
438162472
192712062
864394665
60914245
623267773
138332481
426888023
260679629
756407533
463344729
411991179
123345648
942145166
359026204
912481862
828763857
741387554
885456754
24644863
448285398
729168927
995649776
605492051
99690923
836163430
115974199
805817315
874295217
295050392
338488603
518422718
884426021
798554513
331904448
439362087
198171530
980881456
824484575
62821795
138198577
86224694
458666874
588250426
145535169
658449982
657370292
203949928
681581679
265148984
807762127
246784931
903221770
973114676
775734241
218516255
927244783
804977697
139435748
458570833
547190751
727905314
291293023
75505065
447494868
615404096
342580751
890287627
789709762
264612798
777399740
88155202
926017421
163630443
819270907
29416534
165859131
531718319
358834861
411807355
543556566
1732595
388208639
84766795
55929986
968898023
568348460
885526173
246493539
897537357
467040272
296318069
417963380
294895541
589646873
224586154
152580200
317186946
345165565
6482112
105820115
109906330
498668548
52248557
371194316
239938146
834354302
955036069
320187966
84792893
458426260
909141446
268742199
486801469
203505917
759853485
261847035
700920368
621184907
218325416
394496680
388324426
662326026
490508765
27361592
264731791
893911646
997984898
914217249
419308298
455020602
91380270
904526894
457242156
245026163
698062570
203311016
710948058
472228103
734467746
293342875
98389642
521922910
260067106
302789362
993043645
582510835
42067221
819140789
876879471
658506063
103401916
731284818
121854166
536656423
539283832
931428222
626031671
197087219
674512375
478915951
308352307
321637468
591952914
651706515
341269619
426267595
253500334
640177442
61851887
353147605
75170874
544429670
927430237
388929336
342478121
567697070
917052866
782952222
449573287
871295162
43252266
275275536
878407282
364056203
110448079
25275939
823467700
827476643
883981843
408245192
500526744
436887624
660611632
99198297
221028806
23137811
165728881
211385672
626770121
570996398
717209661
48911521
72420093
415598050
164513978
460838761
139327057
368856187
15377468
799153857
382604085
210859705
727537225
787257812
47478241
333374821
514056966
911140641
495614923
799144945
479185624
935842713
221482809
239360586
497880539
780768088
755567344
425476702
672529394
394468980
510969312
740679180
314348652
610086657
131759331
563821197
765282760
924182240
793670456
289417265
584174725
93436411
587670185
378082449
117305601
659301115
749940624
736380831
128141609
322456703
446452334
25980082
606135017
438415159
511806708
124965347
846496982
362263122
320152170
677906990
507590389
327031133
383032803
543405698
353739628
63139166
569983477
186245376
654858696
514901726
712252879
177506606
718704086
233068741
19409311
761814696
256761544
853780222
135365515
730500057
878292267
995958849
806385535
298850164
201269681
958165653
691698932
911148117
430046643
913233352
257560458
503469296
240416325
786810907
210609936
758489436
375376259
507762468
479680255
345405425
771745234
366836373
549730326
24158652
405575882
104090269
478788490
46775148
413159923
59710052
256265736
666026077
361878987
921356376
584451606
491105299
689695817
409692904
974597790
26317671
80108729
495342391
313840232
641512584
765941080
857429109
39736962
365883177
823763607
745599317
876962526
730615820
952142198
373867962
1304058
421292384
887148384
155108709
115367566
302693611
898542382
946854530
850087473
760335075
100274926
187029799
894179547
795816581
778310561
150399892
901562476
747966308
200274059
78977326
461432658
247946582
521199383
971066333
921996750
134799423
357402780
962460034
295069492
251805177
425165488
214456613
834842897
907347346
39843864
226311107
978530440
42357248
429635468
463607
976412660
704777368
797292714
660862546
795767431
20739892
889732174
877816161
886818619
986974996
872736676
573915266
613328859
278845078
981412976
841398393
327787583
682725232
823396689
628811003
690237290
678420625
139356611
734914340
158520777
507992079
283809943
985685665
221755414
228783879
578710040
502703634
978350910
450239889
332464109
708134033
853244289
764611282
737413583
539761661
115505533
983409245
719258576
781056993
233949176
866500993
961858859
273210359
866853759
116568493
672164608
901789950
698827811
976692658
724718242
158198547
585953609
159555544
915039932
760832830
958973891
810100057
674524411
501608995
853496135
577872528
297078058
65281887
727793775
414663499
913592610
835279849
777448043
226203361
890888300
420309053
907631333
307563400
759695274
82359212
524307002
250363681
589968770
321371944
756062751
448245533
359207142
671061722
526620648
726306595
937813753
730113522
970805532
641147429
598219027
131221866
258464342
340027299
177047611
922614366
196766638
423881794
359103653
107799081
690034145
256954426
887248182
598827354
370571238
697035926
463869049
237981348
460752912
808877585
556595967
341272297
96720290
766904070
303514561
653248400
888571141
145909329
692038503
510314544
614190282
395141517
833358516
726855937
464921298
460907344
740336425
959262023
133005334
650288323
391282465
92377845
314601393
646532714
98998188
142888599
562047867
133232145
691175022
111591901
331859876
808455976
588498251
52604925
626399523
355510994
533129866
508307560
476514994
539856123
421207242
473517268
244806605
524822676
855060739
680211746
776718654
479372978
576349127
581025058
988517169
317145470
286574047
425061401
350840138
450032768
701248421
808290064
914186122
468564144
301076807
260202114
52018992
537099225
183428804
100401066
85158725
415034419
394041358
66338662
562592151
804563495
452763037
321708205
267798816
298247658
833479506
1920878
692225342
912883968
233949278
252302262
263736518
919850208
522360340
523547189
515426742
660734507
651667014
610359129
425312880
79632220
755012256
243282914
198963351
264675555
830213383
924070550
382132390
962985006
23816393
22963608
105149026
592920140
594190881
110483171
733021303
164744571
39401979
297775960
363898597
767255471
407798582
676642443
464378920
745105735
15028028
842971440
817285477
711278371
47969843
187821758
496035796
308424197
633771925
792172500
343076449
38509969
921111701
421922358
117664046
10295777
681486559
74154040
298569642
700854902
297046332
937660580
539115826
371157500
872751488
834995527
668417070
266570125
810796665
803033448
46105834
208974329
632467459
893410909
20804989
825978929
118554805
756063876
335061392
812905363
108497283
23712858
788061957
631543270
763645457
728812851
787279593
159929545
953228234
916062128
36877703
934401097
700597486
222468078
959601740
301807260
876744052
679627602
511274143
33313896
449312411
840717563
845984982
750725835
179403963
552984311
435378655
912047256
3093492
658637413
340499279
101738524
349342996
197164485
747348775
664031510
261536336
210875571
625862632
292825436
358481037
730179127
413236089
906154216
223725965
938771875
124730215
470056327
223994069
439586362
856849931
758685656
947434529
992440418
950139875
373884125
483288920
448498667
2843797
974599165
416763906
657629267
510516952
318538932
777905767
797757050
776248326
849639153
853995166
903696297
387993900
930822904
76588691
737304377
134398696
689305943
109543707
658287428
389359299
537975990
153822630
968855855
94613116
138979559
904888535
894124915
677286651
318465237
342402869
887175669
976938555
529967899
44028970
981732713
183473503
822121525
772667837
879433893
35101700
51978604
390116645
281151666
658832107
554223512
769282775
128830498
505064103
104580693
816608634
975709124
478496465
327866057
155770367
965225009
417850089
636165635
825383909
186390296
857614092
118132213
626311764
87710879
568434909
73635248
775234914
33951825
895735078
698335449
259053848
921235515
746209479
386924028
142239044
70888394
498994754
363024803
651948924
752810520
407458527
838124250
151597065
793741662
260337922
641271421
971845219
689209902
88053840
650641240
127191608
796144552
147443946
668106521
46037353
582669190
132111864
513668895
440606280
201911617
952256985
726928015
549953314
831280496
81404546
114991339
981741220
507309656
952275460
856811041
405433743
977292715
407154979
182869829
863991578
667992024
980351474
487586743
133278537
381637034
641955207
644868033
520344348
306023502
125340329
827741069
876969400
420330550
29517543
194553676
825701579
118041016
906190173
771419364
383411420
156509210
377844595
464032279
340346010
12443551
348998837
564021405
375807936
138687893
766887935
519243886
939485045
822301670
907944090
351918650
67928980
719141240
367615722
243584180
340938937
301475706
716136439
427618887
623757818
98942809
580179365
8980857
695263487
851728427
283639927
209678073
639397646
460406189
771071219
859988816
82789089
180577397
565311830
374918365
1902292
72125585
698558101
121055636
49053637
146618037
834386603
513826918
84575273
65841106
597261144
409668000
501754433
302878766
289866325
312297582
941946069
821127064
134194464
167448527
413207117
212174936
860368361
820543687
43786387
648894664
60569593
943376945
871193000
621097353
189279741
548894750
216475174
534144964
394814859
972618970
139622468
150381453
176826380
224138850
580245897
413163207
980033232
167933500
199025908
514916449
699515549
976045193
810871355
917404395
329263969
170095037
213406541
731352226
8450303
827827738
995519056
237372684
812099980
557084365
612342832
14697432
872526581
983937214
790469305
284050071
891873050
730870396
727271744
202962023
737045357
9516694
259376808
659181173
958757190
373858036
353402160
564108817
566967868
36937377
135762545
610204874
170219381
736758025
545060019
649143240
155264155
479752504
146228034
531682215
948620883
607111560
151212054
462653721
333576423
82820445
641960697
136092803
687736977
634524997
218419795
952394385
187313910
524730591
507138839
903823119
886548636
568557735
402835514
757331130
454898678
212643426
964077828
667292758
548448607
289363513
441772186
333815217
527968801
941705322
47171546
925253334
37263397
281342211
339864369
421016928
942115476
422561470
147959
296482438
924173494
64948505
989426258
860463630
772599772
619883289
95172539
753620156
43258039
989917503
253534308
866419343
852022129
161859746
881762144
58544132
505024590
129342409
795677138
865454240
22385992
932755237
1915715
955168993
233591234
480814361
705944064
491622720
281309230
579007768
954131336
750510396
526301578
523251024
284732849
845725630
281542781
473648251
530529680
91747505
865876014
207701413
546918131
695390937
503089984
524630109
195030213
225381935
223933751
404942214
864750881
464434073
742297568
560455530
327889501
482067648
545897521
729398978
415185283
181192916
224693067
433882090
668033046
694479911
17551619
843208025
849305096
721379508
629949875
536180240
216297806
165304321
888226457
857746130
41345891
510998794
751053447
806191089
591978976
797698533
715548994
459061418
114847529
339420653
169751642
35901049
933804164
180752358
676743631
128789592
391689998
306514922
94984830
336963582
498448010
747373617
580439854
978510314
942113078
566846072
792666073
167337916
690926482
183235599
586657072
197823638
805164600
414020823
825373453
458463797
861226957
190306586
373249615
258359310
584160038
171203348
615855835
969181173
673288321
707358929
665645537
888378689
904435101
386231450
506411189
35290556
627017854
53186068
569378654
715042665
612439948
709094717
494236737
304897465
196567761
911693807
296759349
236031836
831406631
704255669
751562735
363155511
623120171
649516004
241074478
765377467
491720690
813181924
772746282
632245631
762731995
571952154
911360404
538958969
312226744
301107535
127907029
694599317
881627788
294119847
949345333
852337420
616934493
426738236
609917990
94573531
491198645
51346988
230753629
608255508
423500597
742479745
864376721
14087248
267384173
698114465
90521092
663558469
52281675
20578090
314168093
237314161
786901621
375307296
351190337
285764343
555722267
889657528
746185203
785152983
218422420
535448847
756000400
983941151
802171860
454192881
732966632
371108187
321628871
503329543
596789968
623592684
521452943
532152082
744358094
858998424
377671993
771998829
71615481
143458418
600085225
225185900
12289075
852615758
625140288
900991640
134028701
160273690
507297098
655594820
835023818
784683618
232439625
475921855
946118638
22185611
770253071
92170575
141116636
344024270
173679162
384472887
247075765
504038883
487244766
776168101
902160546
14837237
152418298
176302279
731865266
685530014
160947312
520509353
322615057
439462496
804654670
833304082
112511204
550932147
528385334
948672377
745586788
62563147
27661147
266483582
178033925
722023303
345068886
919155021
682954787
804192714
705717115
199281057
275613359
988788303
206031266
741862556
518620759
763412912
238770998
328279838
27445803
92196598
979798922
958879310
200333603
874950433
855632357
208623705
416904852
992956
350125436
973670337
781183591
721491022
230015590
155235243
875854326
966873555
878874752
309403709
847147622
955492008
607170788
202573229
669354632
471145282
34486337
748201912
293279665
764236728
77378642
146539559
953823733
403042253
736444118
925928288
84165329
78713829
572893273
982905385
275030562
37673380
695606491
628341826
732129697
445553785
238155045
276866465
122485152
616548300
782937281
101721539
598046868
115857960
836816523
718446062
538011123
279206552
34667628
161576451
876757405
781277833
627427395
374013560
151276589
727682203
558816051
776337483
487188292
352954454
253928509
690539266
654818080
616543981
623450192
869144005
297299256
414051756
331732542
19405436
661283350
667664989
62215931
908649727
229591350
61726646
425715689
1483398
21411514
140445773
909176881
689339537
104522808
803817757
642305943
347715841
228477551
582621830
566553260
780064288
305398765
771221861
742408956
793172846
680122615
143905492
996494119
517882016
117801330
460988618
466727360
266159047
199476953
284436505
978921257
147353154
521292649
950605041
906234031
355082908
750315144
427237204
821783053
935853055
826855003
701832270
778223653
942662784
338905598
207094294
500195695
717437630
126171291
847084452
789491787
647921210
910538769
596819988
173918155
883982362
133947508
172618123
24832849
865243139
769590505
920603221
824913623
437642566
733204106
685767788
919276008
801750006
51534358
182312494
554108561
32569632
952900367
177874809
509581318
725318418
509827262
602163300
533900846
277200339
286035290
589181382
634097414
658083880
307339162
191529165
381938912
414844047
322137776
123261383
344387448
870924271
600722522
957519776
543202456
832764300
980307737
764514275
83784521
757335250
439993281
759593184
689400537
559168046
970933496
994115646
935231889
530758237
449234453
978841720
332553904
177161397
477302236
704662102
139610383
602936296
447592327
346666335
289250041
431873234
765109124
262674867
843617185
115537609
661118327
414052399
159153756
775725772
52334635
872437613
279543590
426795297
688205043
335724929
519174924
97586531
114714384
303098244
197248444
966544834
378415853
75537485
932704962
295564169
13524552
270308365
924393847
417495919
313186539
203758518
177946190
38807264
559415851
610776000
63347960
751850843
522237882
313206916
318886320
529191231
625732836
273159099
652148777
101580443
412141920
44756227
475060710
231028016
658039512
36718193
701320297
744541507
94228877
362512836
929136877
253210420
159146069
582006283
448319507
441177109
54552552
273266439
688268057
204811395
879542161
90035471
502992091
776846999
251661533
685210947
258643528
173272206
484443119
608783763
41449773
269491644
642887600
36351417
781826630
144326672
682028692
203584833
721091116
883494154
315132287
823941149
997208070
546244651
670716469
726221985
145071599
397547951
494199594
817458864
890999766
827948017
413296377
8111574
752803527
557702973
508951829
537265376
940325827
816209023
162890853
753075896
434921939
308583490
181015228
630982908
533172803
899391529
605523645
254137132
872873542
712240411
267873576
274031820
544123802
651286881
382836946
986497139
663646416
471781937
121954036
825666465
663139311
751161794
831262213
52556932
173266254
696838850
28164058
730506678
885354491
496048268
733805633
630074452
389688302
874504906
201891772
902855216
335803771
966107054
721252709
446838604
995986066
833445072
368383766
369237567
691368097
532076902
859213349
505667405
823752502
234812997
464666275
526681420
692254204
268816198
535099550
587380159
471690974
219521730
560425527
732337381
756388984
755334630
144918
171857055
177771211
737212064
556629262
793189351
20518306
786323566
570890180
137221856
360204732
937398964
459842306
813336083
103917452
485058524
327469168
352001897
405027620
821384778
644379933
19627050
652019447
687367525
543389426
87019303
357789024
804369555
884482115
302326892
846401459
984959651
227769238
227586976
225100468
813059124
672179019
89786540
339119430
904992588
841359095
746534914
439277426
924506346
821875439
113945104
89554001
73613472
804590265
364770191
513378225
300732906
216652006
70216070
111418354
118002775
940957154
890672463
781152357
814164021
128575972
111303388
222902883
505826048
124911504
237392436
535138250
869041089
819690766
591255081
120594236
610041007
584967399
24932259
649325333
826495602
518054167
938655721
778567980
569783787
522443299
598770328
26224174
148259269
975558324
179378791
924479209
539318744
479748047
742104947
612606046
806462468
719704171
651916060
515880570
577936506
262294729
322641448
765498677
843350613
47821831
210092970
438977183
591518592
844166449
365153721
172624436
738113170
361330162
694902098
927398507
308070934
615933013
58643459
845726072
65401397
280740731
202572930
438824429
430318077
499811275
841029285
701347886
874455119
324672853
192261921
172153396
831524220
625262134
834675344
427104393
810434685
696139414
100945136
91101603
96157156
364163304
352256954
136700997
324631238
82623410
887724244
279745228
7585585
218360440
696230197
621825024
899047935
593957542
539159276
206936506
409261234
742580205
617182441
508860677
662836821
293243652
932997348
112986400
109876374
646862554
326506500
411452620
807216408
921510108
280501267
21152786
327145350
896110966
606660389
111866417
602900574
807304694
943765171
348647449
514783541
771472349
357628274
632643969
370220417
980335117
725725550
972853492
484719821
627834486
69388138
201482155
62734069
627875768
726650626
741942626
72195863
834544662
87828091
682683509
336268474
236320143
904220404
252136084
531977544
730113286
492079657
415874999
316138299
459406600
86735717
915283807
17757120
403974062
194713344
857192669
259033465
512364479
776008980
68149215
342532610
496104705
551972859
882254013
243985119
954469567
773675923
322189950
678285045
86935564
634717737
757775660
211563244
38407178
2952114
191239264
250846734
354342116
697623971
259698389
8491330
419317135
846920590
108294159
148463579
663860871
386771855
871260898
43579358
274367215
930529470
971288121
105618706
66868545
863814860
933125560
174547620
816087058
895017127
206742091
423809775
214375031
632541295
319732969
89671409
743972639
643864331
379418426
868076727
231297659
962946518
607561805
660588882
579229255
37320957
985272053
332608918
9897937
183529879
964610146
469775105
253279847
7223783
906668655
250880445
642794982
339765104
773403094
18448639
540528727
292890347
443734760
344305046
969789639
767606773
13054048
952671219
271923373
719364211
467648777
65870457
49397483
260719951
508059331
625872839
861843156
617184942
853238148
997375197
523279716
879765899
334454579
882182579
393323760
388029790
140910037
884612373
610153703
544091304
319849255
507471758
442414989
611219680
794212119
485055745
280957849
374442369
542330299
771346778
750518207
909062940
377606288
586802491
538478064
614482295
178680644
295378342
452005428
793435168
336413608
698426621
743141028
63828047
639734515
636201374
500147967
610270177
872727287
985718866
189945630
292942185
383564995
117937505
119216299
813774449
870058752
62195168
573853173
650525523
389181258
292240631
393212292
320481640
722119165
46261317
798330880
248510907
163640246
549234117
55620030
266494763
884837422
478575211
414493817
448694537
818076163
372150486
62386702
863002505
30157503
445171054
821895998
518690486
796435220
477090004
189552522
186863998
576520875
385023842
518140072
252767326
864927933
303615922
548423942
82927363
827239247
903830357
681580989
737043343
4829070
955911475
469177683
311363236
665520938
732584524
502478041
666612507
112860567
138406210
410548589
125507036
448801189
123506058
460004724
683646068
277052180
908243058
775267896
502898504
227817567
846238039
493802399
591672243
730257041
75765718
443023590
738400571
625561578
978032395
251203329
852012120
205759463
189088153
694584283
185977331
228451471
270416675
774709921
921602920
431710543
775463406
408659529
749042565
913096579
280252080
979434202
994020338
883949145
115328587
990234842
510316926
836561228
949745857
265558708
950873259
703804094
733925726
2087381
960220809
515257673
974682756
102001294
306296539
199639644
321273707
530594263
350873824
725786163
955481600
493355117
505162474
383994448
935839679
41681403
101847785
39709521
99137761
494867702
699768408
132629650
520192380
493332618
87825643
545256707
347905880
633333512
523574309
159174167
808046612
230204596
585540236
196635597
510393970
720805974
752190755
481930757
127077772
611435071
708104571
230971150
812255184
260560082
451588688
913786989
888205190
397864996
660890816
953116702
841682523
564866952
733154818
955539209
968404296
10273485
791773797
833452280
384497814
156602439
120077208
649670400
759476158
462883803
995965597
809254627
421033160
579656080
666092140
763927016
222802203
305622627
141335400
767240297
490432770
102961795
713889375
718151784
628008468
806725968
329900433
7214952
581223285
848863827
368594776
762547866
946495388
118441689
387268265
844123263
656699847
305950711
208020593
808784334
166720480
835534600
563461847
371299846
533951902
361893888
122665229
831900314
411067492
198617409
896701427
195733754
1930947
436145973
920522712
381754135
177557839
271371661
707459757
326579697
648372003
422786513
804978280
562990270
758221709
230937187
561549997
394868166
550072597
783894110
503782638
967435748
657172062
487051809
576779500
588556846
487783014
330220454
8069571
476694428
940566861
898316298
245942132
236438300
810691619
132042308
762380129
10474003
991356246
884836322
842237732
209201529
531288654
632542276
950140898
845787380
137125937
910522118
199298776
472716534
961176524
717113950
638565437
157733886
842013383
888481627
463372670
127625330
544198006
625802026
64092103
111715237
719707606
741066179
184857285
586147279
668821157
373499553
676098996
429386118
809928016
405700665
545854385
84693448
875204169
469076382
390850625
114850385
931304080
825899891
699458696
139401625
177852079
755253638
495812869
321620589
652991427
327506275
168163091
739086872
620972908
557316306
50734092
546092713
71235929
64096813
900223702
275038292
904085027
543030843
307472005
26448740
623276682
137055358
487638320
780342331
274648794
136245982
979837225
727252567
787903268
113699882
757044968
482078154
461501055
860706924
381807933
213943102
740022507
859291558
889036932
250253436
205952539
866575644
893936362
290592774
259554389
882126430
425893118
543691485
86887549
372953245
76484268
732074069
685131518
314614025
863298738
225431396
354648433
939308878
432417456
181579384
311492023
377370756
924487319
223080065
41323046
378874384
646398551
682076921
177732430
644072462
415950993
35591090
68405749
666678372
124458128
606616241
945396620
209618195
599983432
598293964
806110825
714419539
266273081
215213878
968383351
931569920
76936910
760877869
84683797
780144173
997896972
34720329
140782110
317517159
177331077
556983595
809481118
192595728
493689657
767461833
983354199
350906261
338491937
235261319
320611689
844520347
180948286
221473036
134219506
780109657
845042692
272543185
878693289
653710832
286019427
925455972
942391655
392808047
752194173
992664229
971908430
752443925
530599614
442721814
919179182
226446857
437575770
629638444
969558087
198295224
314041408
373226822
619554887
146407021
417897201
111710887
748255942
907896646
720578355
449218129
974101967
435683563
869150989
422281762
501193605
795061222
570914597
681406228
677086174
824643291
223605191
682468051
200615381
433056166
403641531
8879782
411296162
454631786
19761228
237621351
372108945
712817006
288761761
922925855
816997840
109192023
327158309
739600241
344119208
656453302
591199135
26768060
554788811
194842885
735903598
325056689
921452364
422837694
372429555
238902597
498535792
459386322
880064751
728389683
575032023
622091181
584061702
521812983
341888202
789719214
828404292
673758828
983240209
994119311
439408021
727122501
469249757
801600891
764520658
497899653
698461800
441032428
716282759
842887194
3824091
896244040
15411443
294772556
608422805
738864910
533088779
629827682
203271344
917262419
563982237
973834515
374256088
101537422
497736178
562000633
486951354
10915133
675197067
906119333
557558620
496441655
572567464
995699960
63079769
330765250
722371980
893634473
913800687
385618201
373678442
423817044
441534819
732535643
306686943
543454399
381645784
339779482
549237106
429147882
51260805
564521867
401552876
675000641
817806281
365650290
506602903
90863718
67396461
41057631
900764493
567141120
924565927
27135922
413660847
308031864
161096406
978774555
185866566
802894450
968417999
176823125
446902179
292145182
960413414
816804202
58512951
150840334
974269043
697624242
80039551
457112517
474896690
708847638
948546360
535030110
550837934
193839286
396727121
318933368
668886874
147563070
136345940
225382990
361990852
411959617
203629234
753039061
192230460
904567709
566350332
349639173
619576040
479558083
919675046
402648687
656598679
704961326
522477565
357743782
341125509
775372266
591338530
143859851
333273126
13237033
611745594
987565112
847773230
417439866
664930617
927229701
572401674
676687511
532704780
589014879
795470743
349433987
255344281
754114283
892717533
255770004
343283671
142800130
461535752
871519012
406522516
682997154
446216881
245235687
785327028
428476419
695810583
966756000
304947294
163090235
287572065
103657279
113080608
717734903
490403678
267474259
420773044
133459080
79982789
765999427
629324635
305271031
66056605
237146391
133438745
383968611
326244561
289671734
126772709
558246231
363569844
103336418
322758879
216991619
261522033
958660759
901529509
472082112
909502257
59805868
821096259
85333561
896563585
783570404
575631603
337020899
954990802
816638053
256895802
646356614
658973583
220964935
910420172
903727978
578397107
114697122
211266212
546992995
772930514
751868477
430626500
379432194
317099147
699632607
948311198
567756698
636681742
764515719
476312124
979988610
124536940
619853397
56508878
426387487
997156644
768150794
751363293
648982064
782443775
946964822
461806209
492336024
90918810
5117529
701570000
92441831
302747995
694071915
995120451
911395317
99407746
724795228
381489422
377807225
298134460
430775840
364061112
188422335
894862641
351744078
152457182
647636490
814958554
218036226
383055531
646970799
156321372
284241374
673061219
882411661
45386722
795061293
105986780
810290379
712020607
137697097
304420665
693303243
504596997
700053084
955464672
378555525
927965760
651470580
610555123
867950226
654813129
366344349
514931324
448107917
368949518
60216346
771608538
188809321
540611024
161214374
827824179
13110108
269643763
910699990
864544033
498034423
667988750
580596969
724943641
162358003
176019466
369506231
559363277
252715994
553010865
387987562
126789023
152156912
747408481
833412692
251220603
279301899
746981843
736103132
782737889
432599497
442423217
384821918
121727352
977828446
24770651
410768718
987278435
437487000
811681752
351398308
469798933
666932801
695827703
801451008
890035867
147180895
124153283
695577856
761064920
221669443
99659959
106497081
173933392
814181873
936299083
908723390
502214383
954111982
73193059
2576908
741766423
132304773
160881908
677100516
865423295
740920902
318319190
975831400
683378703
501638927
759595200
925204724
949686525
588484201
230711153
348200381
284741055
817425229
354865992
198874909
80725444
341381010
848789380
573510584
329266265
142400195
187013208
528935642
204002453
529095087
192770211
699190129
855707426
352704784
76865906
892512983
98175625
165295513
904684568
745434806
294717221
643412884
114936371
238893386
997660695
217688311
659570290
280697193
929639857
739192830
41013782
144373410
129032818
572375678
434926093
25688231
751467276
21742304
126660757
307766513
478682990
254601055
34349324
503870863
375540341
583602308
565624298
299105442
391463038
48218697
951828898
32488445
438865833
204911062
862863456
168762016
303021116
157550275
111594939
202963066
830660499
128831751
589811604
819452044
392119958
160081576
645301978
978476761
495844562
366828776
447052313
25269875
658130593
29813397
121296066
551347641
289842834
121128746
225343935
661993749
876258522
29185244
612316045
787885550
717361572
119643785
773894734
774922743
173270241
340935543
322493029
806902258
595124167
858930303
798755161
840954049
38362611
177337567
739829648
829845169
1417850
941749681
272277980
361025765
338795137
348296781
280770117
736268639
89469745
175147761
605795700
251834253
209958763
460377311
362267494
986360568
166954725
818014494
858136820
462774437
25374595
236693968
14368564
370386728
964038198
454965528
246802996
197203615
18556735
945201874
399862537
827767696
382136039
339254590
291680690
196685858
906096131
340785008
470317036
547061498
472977776
134758624
452059014
148728590
309101510
982394715
350084867
302778311
749392692
209800862
790834787
158659094
967082976
864389869
305197359
521885732
324788447
457408795
804596830
608464712
703470934
122334186
374037077
713253869
371938431
549034181
517288876
551163019
97683461
96196092
960353499
350187022
860970816
82534985
198974949
37992095
991091898
835611879
876908277
840448492
422519062
872907822
644263357
528522954
152064533
130966121
922134225
164109858
594693670
354277279
920642473
827971168
172995834
991999089
350757837
490719038
171606656
7437123
113316677
842964493
981786222
449930502
895166926
139629710
992469593
207158518
379653120
896951109
677518638
911389601
537396194
335460713
453102841
828705568
572277084
152590208
281805812
676318103
112805530
944792243
726131353
576270973
81096042
150816552
637502206
827158179
477869609
539549209
353513393
181738973
113975675
566917995
440375831
879408088
76878568
92687601
985891999
356302195
827495003
15999512
296971005
327004729
90298621
531270256
84922069
35840003
357286530
802363631
832255653
602109037
863405096
733325068
932588761
755815397
432008505
792291874
523887298
611574645
885110773
711786474
634199745
835174962
706723412
102870148
103499760
556482243
177814588
480083406
831995946
624287067
114280828
486199845
747241074
507945473
867614473
794700572
317982471
511664180
864577408
89086260
95651797
680461841
486141545
897782174
313853207
295976828
929225570
235253062
876269611
109312283
103669627
839037112
662880010
916001710
480276069
326114421
785721808
431566847
255737509
840775722
470776490
833218598
142198876
336361468
154750822
752583023
439882909
846022031
8784843
827174835
481576415
278376395
371205109
963914839
108833417
57960364
484804335
517477684
722055524
341577243
605173582
943566492
370714056
742303446
413990905
197457809
994056052
42350945
699665964
863071255
352075616
67520244
369785447
806902755
791270718
885336671
212935585
212692794
92462212
138411936
366856239
956143590
81084157
598929562
7901025
30069197
542231766
150307973
39329027
818423936
500709621
806635770
14286545
913215392
606402758
511469290
9717836
361881000
851774975
70780776
912283147
428001310
151600929
777092880
143142569
783522877
211521434
755765262
530132678
190157882
973470198
612459656
687960694
659226266
792577830
685872119
841119541
184255765
249406082
978602698
64736118
448273195
514831036
604994684
529589191
409278905
822337102
64084744
122981382
698223650
898108139
591130398
851528520
88365757
756427100
895096235
373297554
281330744
385927343
738036897
630598574
764283487
577643046
706266015
196136305
435290972
969223113
204750363
785170204
474295165
325597707
467787407
934278875
142589377
584473060
424130650
626837928
104661286
391839192
327963089
455584315
308124540
565720757
404771112
439664127
433190541
393536358
659070971
579202410
386798664
531812373
193405433
873012911
734224260
435091883
34267977
348846547
394990347
192904381
639472579
238264832
72501787
85277813
802243811
298327385
600764041
314997737
856710761
595236467
888084366
713541948
350952788
764221351
559674476
552310821
744526615
171783696
933230133
662256174
786931863
412804568
200214565
74718572
492514586
274283067
884657965
218612713
879223823
867382721
877437190
949685429
665188290
929508900
904415817
76525838
794725232
933975941
45528829
337323104
254165777
559767627
892678410
829060095
991235093
452971568
346622019
689460051
544437264
906913914
592802722
855898693
522682191
728220473
952503735
647315050
640142077
430399094
715603995
339645507
952379350
792326158
495147201
844459043
765084816
416675656
890391571
921998546
620150730
233767216
213111967
258051557
136217732
570858509
792928293
430256091
104567028
710764039
812549533
584361928
266379510
20372298
620088678
59658742
128670803
58171840
460849295
968312840
584512374
843036782
432865527
951926572
949332732
44082353
368454168
684165145
222119735
678446003
985305778
676937878
781178008
372965096
990315930
976836352
1647251
59281489
1765100
857131389
454552289
744036344
409035867
722642804
609057544
374320574
798325065
66077130
59327566
51267609
254648471
609996350
928984689
315131980
434288484
892895941
556902435
97253912
174063711
876899662
441068321
525310589
692842906
507993262
656331410
451030238
660874528
978640565
972189104
600341117
864326850
523179028
84753039
995838461
348798417
553852253
507956400
366098815
371857436
648490590
10043896
739019016
558188075
857265197
990840048
943886655
432073541
937787027
501107426
747300968
631573893
353624546
989584640
587635126
492267898
86997206
704183977
243990427
164444254
954390859
964313478
122275065
630548339
9926682
151355013
743315818
98165862
508011827
826581554
439369059
730346714
165037047
356101489
357011733
905789651
478024819
3341017
557132233
663723706
541672975
887462587
887106410
459831306
86919973
383725606
89751399
6323075
494313730
756028905
964370957
286844382
464198996
147704734
775088106
767828051
442142693
481771415
52466633
966285279
220169012
74683392
757314517
878426344
343173621
954290748
342279132
639972366
415589854
301916905
798978646
525713331
233663039
919563746
583569610
186349600
85571593
116088197
892104945
452104538
426571529
861069400
876178128
9613139
129344266
750749370
617553762
978744687
599307513
255275613
328313737
598468784
386020879
577526380
706397434
942114911
377173280
32935565
30939035
827538246
485993903
795013747
747361138
46554351
614103646
52678499
645358390
815453670
763735967
577891231
494935610
973648373
682137358
445463091
467462664
357729735
566705737
123852341
197222843
240973916
815994648
785940526
734369632
382285566
104799955
684711230
79139031
87275236
349343898
777918460
236062870
818887866
126002901
381472559
315344411
461320457
358659767
512045002
827112813
958144988
981903044
472306923
529886934
311590500
595694240
982662788
482392801
823831517
45026692
976418679
130048249
205630580
940454815
95541818
785441490
993878962
895866637
804868057
491953167
32936387
705548320
254464113
55030710
284684455
753786700
190724483
138852718
598088800
614618291
565651958
872361861
115871327
275210974
153467269
9714420
137454421
110711706
346209105
991875974
75456143
14799006
955638679
852674153
763599298
469159414
791522916
613491113
801195638
275323025
665236307
129159533
289384622
633273626
553089956
151335849
575564028
772330533
322897871
639994272
309943268
293046728
442508165
145633492
295559415
789399947
818140443
233763700
709918674
17159053
396757622
531007661
404088268
812678451
391160302
201659678
358433165
185717118
187657893
311106167
573070576
138876140
33102765
166817337
44345061
353709563
332478433
515037391
280252852
576432064
501032979
350257622
883364061
478656073
104990588
625434725
665311610
585148758
685205305
669952106
572397091
872784655
89885756
567741494
185975676
119263030
947232973
908025458
697218192
575861614
897192303
829376274
762193793
909880874
685299751
200033393
3077565
864616312
851163445
870983689
996540647
882128807
17770372
368745771
439495111
256535549
778661957
795926502
818624150
758125012
401571300
712674472
644581448
281988359
848336057
280049733
707659745
432327377
728492746
322583661
88963243
432616125
803139977
979094207
347107556
84437440
932211958
987647558
708420401
942816788
51932410
465943746
690328352
240783649
732557905
592455849
732458747
603314432
520896796
88409006
452617312
565905955
320442767
994910783
708736532
174662446
759069899
75593292
302751864
929177472
418505214
676122890
458514712
977009972
347222840
277702794
392629901
41299699
104176595
505586028
571729381
347035953
662959417
15545857
437544867
825296471
30525914
241847808
280504973
621824438
991344321
89277229
378808639
322172652
475674573
931051788
46097670
36848959
86325772
512066012
413655889
799418845
105770856
904374198
745354987
857545195
676947889
389298455
517264813
794711460
109515232
857446139
231014211
16493449
489187457
425001598
536372067
318043259
979606978
357375811
535243854
547401574
704589023
665022363
842162217
675863336
259760023
171752821
338547484
76045805
913791830
493423055
208322372
250016241
81490956
36826999
849449344
42480041
944978038
699610634
752410939
476194458
45305961
329478102
834121485
567679603
395485278
432070237
460549515
668977964
10804319
955993873
72594516
51557234
879733364
830122879
973140804
656593188
707566234
131625981
656334831
394020987
620752250
891461752
119233315
667212900
501690224
261036947
443285816
986483604
104260570
692086362
112237249
111421685
316408062
358338742
307604649
236966347
880963518
851106173
446481475
73512143
133973960
695013596
206786133
71765517
690239973
936586323
416541815
350676474
122312386
203404356
223963555
983117358
993390276
489417187
958335689
590505028
104527411
971645076
189712018
143277156
496428074
588619097
330948978
474918015
965638026
23949145
912217726
994477772
944083542
91915276
941004835
106263256
47010177
823834049
426989693
886895232
328115921
442929151
831493073
113784216
724509612
76313874
287631088
927997452
407824120
358280757
567781704
356043162
874639462
484581097
244607015
32121575
84784987
315300153
337274063
510390296
272262069
658895576
907675588
592937506
701580407
723247915
146305227
834038421
995929389
383263549
939319013
769719896
854592372
514866563
408589711
876743259
677724144
854640523
247828701
247167700
203631992
848559989
42519281
9769598
525787619
178495266
596353310
662576224
562146810
655466834
546883656
704818701
327197381
342984675
406726404
556743936
922963830
790982404
650182350
891725127
739757250
747174967
55363071
525427642
664916349
266368562
799158431
828640070
730383751
9243884
566297169
412766408
820783684
298962377
175866878
121872057
316321565
655302104
306099621
204988866
574323922
831117028
253810943
545477022
492474460
906499255
238048323
257865160
176910402
140878984
285800484
256268277
883616689
719619546
912790272
922339896
334134654
635244186
982629439
86825575
121890060
292967823
657396524
480446617
59993103
268789814
989667978
310464966
810916835
173429526
2496589
149368227
971996640
557685968
671994553
951187869
217105175
631829643
684841256
905374855
832029398
420244136
801566274
919133236
73852731
274433662
933719853
805432966
195435287
915333649
170967073
831985066
667777076
387566295
883349906
746948487
904139002
520593730
686982907
649506313
504726540
314003510
298515607
509118153
865358583
551821393
378760694
773829523
611010983
184723059
676295034
334175116
996011247
865840273
381158450
367110779
871663045
222936060
629783731
578773264
422756291
468546562
600816508
231920543
410345957
745028115
789035804
495151211
969676022
739663350
365518098
449325495
78951989
621514189
537376634
533869398
692966399
814421038
640637567
278787820
830216949
681773734
354600073
258495038
553333275
36422357
919869212
158204529
755394253
886632627
708400119
989802285
914740587
305307467
753950116
201353343
426080685
984408765
994132075
433463857
989275624
506813882
544031947
744450086
136323073
729452478
489572169
414430963
889103299
411948390
85126834
50789635
9745758
408530493
934469480
548113625
791522260
715017142
550218345
501487270
137992917
279887553
167641088
881275316
259338297
863411887
107077201
259101760
369502555
816781945
781357048
304701824
934422122
896193965
430214611
538594191
958072586
931335849
79588095
447253574
53147783
436453644
277531790
763076406
767788340
106781627
227710377
926356595
511946103
320103843
193834296
710005312
728952110
47692255
949576518
265906893
892243731
458837721
601465314
653505116
94128422
818790112
798807170
105430506
438393419
695512390
158375306
775496225
996851958
989469399
155151876
327309997
109894861
153661479
122157820
727487063
926872670
773795382
529869745
176296269
820451259
92679625
282531949
229179193
103099534
13763289
155239778
406389035
92336630
529373986
950996404
336510642
362279131
112843279
384491667
31030888
791612383
443326068
249734158
841619108
284174198
273203530
679776320
807592342
265247432
862108879
370343075
623230548
703389635
107430579
298013242
600258198
499831400
463141260
101108886
914151722
100732523
50260244
910731411
50009763
422549123
115390001
742465101
124234311
962053923
336830156
20205189
316689073
739804708
121998954
192665776
613569514
218398377
575961321
110283553
790240186
174296658
670281391
152994580
663032185
40932521
298991413
109589987
142881204
538610799
500761312
616302119
155287216
203659757
157376014
779124013
708801487
80536229
534080019
285908557
823958620
316693341
431573950
583012792
444103228
926715974
632406174
694673118
900304850
144998752
375353103
500778644
879636229
920730716
15830418
272846975
196355542
301595177
137267451
160339167
687951278
171014455
134238291
681018851
616043991
365977990
901089715
659918849
419456009
221653966
450675436
175553546
560470338
480750925
241384659
602704771
159719211
390819669
906333828
467303667
441397710
616937919
602627385
663982182
450565849
67516065
517450978
976583510
743872839
893391691
489257191
89856222
532855188
726007754
916407946
843223469
685802667
686870735
94224049
902614985
151393347
430820197
571756841
46776340
777891757
800922540
3763379
813065715
851354407
812252781
908908430
546326637
994799244
336551925
719469253
886543052
516409497
810377433
983678639
10866445
207619979
590272442
45520194
185378469
732610837
203073907
669432172
272315150
90280599
214952268
343731426
416070395
145068004
870302581
700922873
839500131
531636388
192483766
923959691
431985167
926140300
765095185
417918576
407803200
908373812
831776384
644731634
77086194
820910912
911207425
773987699
658280456
331495974
48917266
578593948
996349974
457598357
569264894
585908008
595792070
849438586
664647926
342561855
534169098
428066846
285906614
346168162
787375139
86883695
225469736
861062910
538717131
964617217
630992104
376594700
245452182
953131269
919513869
919787364
155029959
739037994
621957871
404304066
879801997
93767155
742543707
540628231
521021806
787719248
677328048
657419318
122251254
608508972
395834677
550233637
790724892
631057404
239661490
749792819
285930681
629551826
987230706
470767932
3952702
218795687
756912979
384317096
718794318
974318781
964435908
901911674
682597895
71880795
677386046
255880028
805469342
330676067
865238043
912949579
323850037
333977137
43544954
522209422
24099852
390102816
469154503
690844521
768344655
868880129
85555201
684308677
465566094
4662613
143787082
971147988
682263513
550631015
731099436
450866520
676384688
545134161
674264982
424097796
392467082
852033100
879347034
106754281
596989806
560815866
920976006
143425939
396356722
171780174
711293566
255159524
916165993
61833004
411336384
73074093
906288088
759312986
897609126
363417928
911224067
906191488
635014555
687087447
285514844
404811708
56826421
934655774
796689752
807893659
47943542
36806003
826746788
468076665
143094987
258548908
732620779
722840168
85872928
916789530
811403672
658055801
685855632
71511126
72853810
398021323
898434966
637204812
158081651
179840928
455249140
609095352
586295604
803070236
843802417
510812462
850964110
487570937
138281383
927439106
694862629
358713221
198924023
702350760
989934463
861504553
192477743
746229587
327743391
363686965
343499618
227577361
683714745
175191985
746100008
485990507
616642832
52733567
828038135
813589296
930079810
576354012
134195892
857879237
866988627
915034003
113389965
429745816
562209214
19554376
618948504
505878117
79329569
843910092
569593986
534605521
429812447
42985517
535606671
989640742
299716407
948796726
130444867
516958974
462456115
39613823
103195246
291821683
37562628
160362256
437397480
138151728
337755266
401463980
303703771
124772916
45401479
466918080
192365594
348934246
639289588
631309183
10438834
330249649
576146468
82120440
148527598
215360080
701174025
361963105
540803477
960747307
230982028
293223855
212102864
409197358
968856414
471002146
590664560
26765815
346798269
969435715
238967225
304511758
598242835
536083985
196243729
621874681
122824028
248904794
958477164
566880119
55034556
342430908
642921701
309711571
975251751
531583286
162400788
825008426
437664176
145521498
170757878
390113872
213779931
744363521
926786204
851898593
607695745
946486230
996803336
935140166
239562978
315118194
480015641
199165448
325463199
445453392
510176929
700286043
121066980
907265798
243518932
439632651
873864745
329686321
909869855
107896918
29963815
364781998
504332506
31058221
982676750
214701688
6437343
80563895
390412834
419759498
136187763
290879334
408556492
47050918
639728726
644101134
370361720
508738057
745595146
390729564
336530078
319947278
335004290
819590647
529048926
629722486
431695235
777689065
122703005
548742209
794893866
924724939
3729882
520041568
411411136
210704978
747374131
688497461
953075531
1108267
393389743
935905926
650264465
382090544
518604550
573697991
704944322
356988747
653804432
885951076
24008489
903364962
858628175
809371204
919946036
290349133
83394208
681691122
312740909
429723979
460384742
625219869
787670485
466682262
272896225
372377467
466235969
585716409
704852023
219594369
551180383
657242465
345738874
656092289
85806373
326675719
421827384
588400213
148399813
442966046
888467725
561616080
250137087
635180895
74271123
994225168
671113200
113133549
989294660
419983053
329537583
85837460
15914076
797485220
254341876
954730120
857355000
750373228
357656078
744006009
864415341
737190117
753194472
389072977
754680256
635069304
870546725
869736566
731614429
160406774
766030975
894478482
245300467
36901453
200086660
754558238
402595143
122861491
673240142
77309406
187348909
433307423
856365945
419538292
360775776
175624860
378966025
24631176
71622996
113945333
995847967
708319939
283668461
148846175
196073367
16897718
632033428
926963531
725729389
625960900
680157901
342704550
983699056
440446864
349035946
564711532
373614766
785247143
570664815
244105271
324011349
639569560
429749944
776394272
481626138
562851058
574640909
690102145
399587524
772008599
552295714
244637626
932215246
755241395
803187308
506222629
575104846
17560229
587435015
246666215
210557301
958305192
256382433
682893029
457900046
725680938
293854629
742359738
395213287
817281351
241511760
904496679
96182650
857526959
512478253
57660765
569015552
451433729
351750663
939945581
339938925
298880020
120761043
205991738
493352810
175293839
310980096
759208672
393956253
247793757
246742425
72439416
435892751
122939392
631889288
8317788
604142724
237612274
489326035
152649171
904846819
188339903
312307460
145458587
897202644
772733590
663299935
137258151
440048236
333366723
874449153
878287039
843022455
73300291
557582253
927650033
344949954
166730354
141634067
613260244
925729573
794639976
429475967
333646065
657022044
817560407
136106640
312735829
956793983
978764195
468284946
161570751
961143907
186478970
468248284
220344529
815606248
747388477
394356387
657936360
699364419
110857351
506784056
722829937
982371322
654647078
974790502
439897040
35198515
425550962
524006554
794691039
506391228
203052402
623617285
938529319
647273369
949840476
689535547
61520270
703664530
148176869
807995034
414888195
467176933
862692701
151011001
545141768
504769301
11827472
754760926
738418261
604536373
417227193
365465739
814316539
249422185
292805815
224614887
95730794
551530053
150944742
721773500
928954713
793814426
407013591
884926206
478754087
408590294
3798431
660156579
517973740
928998272
455252406
925164625
463436795
525554815
614208344
126679389
465927117
147087715
728006092
189430008
410074020
77087825
951920022
504286251
635955475
651747244
978890550
181096788
20067315
194923056
829968525
475701262
286494375
985004491
94805848
250492626
217043532
772876679
627720443
598228806
825526609
811263186
769168527
683803443
496877328
601883228
767228780
408709994
514982469
270237568
94281058
438624273
887747821
655238724
895402893
591519653
163602400
322741036
310069651
174914677
894513992
525406265
732836521
37920584
536093307
494491861
492698292
895590163
263688222
795946466
465872383
968505809
680083607
480861864
934256255
16499358
49200319
532008945
139894545
317231966
948296593
246270624
519378616
264726959
146144242
39402204
444422767
940935643
861291529
613195713
364276887
755815428
841460875
52298212
51999251
445506668
852204951
420331723
368171518
138001824
464202478
217154405
328245176
973750237
591685015
134149371
998115878
939629629
353083572
294679509
318487793
912439555
559663785
585829671
762010439
747039254
700465542
962135971
199743123
533551175
221260511
404908632
604198226
493806153
464817924
686666143
801598624
733663450
275345722
969211224
367363858
397601958
810874027
908545606
802899354
733255281
922786011
145693748
912216987
974290408
167853399
878040505
208365905
464098896
17503146
890551010
980636369
930857078
414092229
650728318
356071165
621779683
15387646
210034772
21606559
497330188
480386783
700192291
389252526
982759506
289585517
199593846
738379710
170275452
684458932
775949977
807052933
793838430
546389802
294415716
521056939
763172742
576626685
322353558
223476657
238166670
104515874
859144524
36955200
508303084
760688047
246144639
7123473
257540004
426899875
590035812
551826866
828901386
563064094
112863911
975177149
941209684
607604361
637305526
958155643
244495200
518683607
859460876
126340741
141778394
183937034
266784431
896066977
828099947
195317975
804171562
550308650
50386455
244733304
458997226
391564000
947666465
878071546
34628719
218515834
448077104
925054796
738053230
436567763
957228485
933934832
634731784
685316712
282821347
399497958
349538007
767777245
728184816
54472404
415950243
450735036
154491994
305249244
392040661
197756574
133724007
639989840
176027209
19170152
60620456
763000734
396416308
690942293
97560337
909571632
336233516
382315447
724377190
561394117
274906776
465129201
790126281
572462283
553318052
941770465
263361121
128113382
715098288
247111074
606807693
499646353
304125164
374629949
721037948
785441927
437404296
789342813
826120682
774837681
187171358
175685286
640900659
675617062
960282862
535489862
332377244
868960223
583880039
967651855
278534411
612500449
547557065
519894848
551091042
602658033
321447170
312726952
724276689
393808286
712708921
822286849
658608203
588410097
487564238
436923674
692119611
456768427
40747807
97846099
5349983
74460014
450156214
318973215
62413589
673706932
793904866
353780687
647022777
392298411
383807759
747511817
358512483
709707721
380245844
548096535
111387685
355866759
380273696
741188549
749843416
881747048
541385258
410617235
286842850
44953048
10083404
279765761
255620103
603894688
445240817
913084109
351423407
252302256
27424632
735315490
481497322
92303556
907944948
8061924
860648547
113433857
156731697
884272417
646968943
367388941
111283594
994784528
983741472
462616755
335372678
949500846
144539064
829840397
149394621
837464996
532792678
340546773
731116700
505503538
705521058
259425536
581520198
628812665
406893545
202881025
160396007
97145202
916733202
499161428
439270157
621135171
494720081
127601278
863199525
320045581
339257621
149675489
170265310
473709840
319116042
270790826
134346507
332214489
250598216
108354460
330144338
804797405
918820567
227649145
248980809
592938629
77308569
168762079
326870471
293774495
520061242
399028451
558789912
901184962
43610880
860628167
708743617
708953520
880557993
394121889
575453262
842874032
944724658
19574296
34847398
327314139
288802982
785664294
335304307
946923752
157119784
962775676
595845333
545703575
574484433
324111539
49904235
476068691
220515915
538986576
671041963
238358433
685177643
82791890
417782275
784176838
217338460
104815991
223218196
250322496
929838837
40506240
973869142
54378688
422861171
257898130
80361957
180521537
359371063
685308224
973397324
675079572
484734153
468432759
608171179
341901740
722044817
349755594
749661193
229962195
749747563
936693721
952727503
489060463
942104758
412554351
790107157
991104024
221853772
954206310
858604992
333343176
115128360
373732975
584709488
475557338
347660927
91855784
663139771
656142257
158537473
345789889
810464248
307220822
216248056
414481550
696273797
809924328
574764656
809645681
368252424
627260156
162529506
975761739
735338914
444109960
438215120
604430409
997964996
628185258
485855089
151915212
149684835
149385883
636231892
378820292
788007611
34301286
377205137
782591772
368168508
257865790
419161528
780154450
553560796
131659594
783615590
843016331
540795259
501894997
279613032
625033274
514624117
994322519
274167922
351066344
742965794
409426840
249397827
287351194
270889930
208719189
258618274
212999711
518700621
161702657
92829641
780862657
386198062
927304713
425286539
382202389
504884946
194300049
278239422
992862326
694426445
170651928
818937430
646454920
785966276
443348075
841948256
637464172
913162124
64814230
76928542
302365358
591035094
502939219
643652881
946696633
97535015
431564035
503534649
404938524
769149380
58626470
679644240
719086982
557791291
437480325
676205432
700645804
185199625
579565111
57362732
365616283
282821174
601839713
26936163
987171283
201689647
818892792
656247574
394338050
806159175
81173351
512756868
191842163
497191851
893360106
416888306
251146993
227244380
837579680
245368247
822730479
259449323
547283236
702128269
425074339
621074330
601061923
959451995
918725742
494170407
321222618
357521767
490656968
267707634
266654801
683572750
804263439
226567996
732499884
525378349
283666690
681050239
504397133
195668603
890793559
420191997
742936249
521669193
553129431
401564229
529748963
463722894
417654926
438192484
745291372
928516219
397766715
947139538
832571884
311452226
696958081
240671455
898305938
715827185
480378207
771850371
777239610
703378297
185518487
359151323
387841125
648373914
440853737
672397400
175782342
332053991
825116194
20834643
801565210
443278518
244728041
383192987
669681883
645115292
618534533
367712460
977236270
126051647
764084314
329796036
539470924
228836818
831155358
95820583
664601361
678224886
700286407
550859474
581312710
38326256
635255803
183122692
961591485
555082973
469856562
80341687
862874837
257929524
216067928
898206801
634497748
787030500
470791664
740631373
438699094
580073723
219732924
635575710
288085061
480157965
286388615
107499228
273664104
894416554
526144302
82096492
34008028
467501904
32624885
338979427
134572018
127253660
553252896
914698981
251471252
82493040
622683110
689978234
118875438
230854696
269605614
511937737
526988176
241315537
334614364
740780628
415801056
643531366
942909279
906103930
888976802
637865734
790686067
258100816
330914047
74814569
551235525
959024823
495187920
271348789
550738088
236230490
342380606
290534914
302008936
444975132
326228819
328115001
303536445
511012922
348008424
136047371
632689010
247980816
477710727
162605974
863632833
116386262
980026118
561497486
448896866
277123251
470447629
905020695
61029324
517943554
997546996
991432935
51300730
105478806
499225152
841648459
167378465
250747118
538221445
384232987
865300631
840195766
272398467
859630014
874554799
236136198
615174359
311651180
20453178
420827957
72635232
807862078
269415023
970151377
749552390
408452269
570490928
704749519
342243266
927485701
460570457
243558782
180391061
842750037
564168887
419033571
772732579
393200630
861548928
515697447
416092162
535541030
695828265
413391680
255393173
560851464
549430152
143092650
347146626
671617105
718601715
975452428
234549229
304532929
429988366
918410347
213675533
734074217
929444638
823715011
361762885
306795319
976706806
218927082
530149892
354018067
989126482
488731261
664146709
416522369
367014482
824777136
267221658
618005455
206099702
945067035
103757022
776149707
356755822
333391582
53292965
124682519
336802985
223060980
425907845
553998271
75625616
564473646
129282809
372221874
881548910
859217995
416706925
420431445
759847656
358058342
91952685
867013216
326904080
234838806
476470190
331676037
953275778
150305071
200535624
20544827
906625989
556241263
666795767
514259454
242905134
327471758
464659763
259088070
503024908
287608694
808583511
966381365
620296784
648608350
88144333
265712158
554046805
395405217
701885265
539481750
720874593
102995971
375298398
811704956
150291742
128070660
776378033
810405046
733403433
509513021
591169604
706210703
743244981
752173880
5190054
374072684
212474306
225402314
196975338
267557292
730059173
922781507
342221514
24541773
663904879
904363021
924053309
277900417
649264608
766248310
147819855
128779263
761181421
454441968
793086328
736690874
218604768
32802486
263381839
220836363
487941582
886078749
839625538
537616848
828431186
757451511
942984028
944264800
9233193
813753199
597142806
975418614
218414784
332169781
176418402
251635762
436876660
208786769
594532003
146956697
899909851
581837407
289039924
861432153
222118834
135973273
912850744
516992752
479082902
918870313
18077917
196093006
584102996
31284418
964912995
442449930
809140848
390997228
259067003
961809164
838395965
368318453
703696151
186601453
615551947
186020687
715025608
155171569
994673378
577183668
474696657
183763390
465346776
805607107
151035724
861331721
716214710
45308884
230000222
178286985
141964751
304259496
676509663
778614403
640488498
905276935
758305113
675974998
685401363
792378645
800396274
154242950
805617950
976685404
215581728
167175674
847751453
38440340
758825481
350292362
214040247
526827579
949334437
836150624
276083781
957994224
431725900
807629772
629928042
933277096
997143350
838368719
274643172
944219973
309234564
403773966
903599936
510209674
888449273
140249337
323279050
683483728
84456168
886474750
411374312
633392726
875171871
174405984
85928807
199032487
104336444
61035724
981294931
327621118
554431932
463624910
778838850
269666102
207708284
170908686
51563914
712287934
283130417
650317904
631491340
665112244
760155113
678957417
226810677
747971538
207903228
214803583
355399965
861521512
981478498
396203387
193811102
489919502
700126930
195404685
22840897
854650259
263447028
54557415
739714843
743407717
118213451
889615428
269359373
334341884
853591149
210612817
540638084
225378243
936583683
998233181
524565102
262587195
200586490
635726965
142591593
845382768
911379410
281514430
585061124
473291748
66829390
623359743
542979814
612452951
446657596
394973879
209288104
389726272
83774217
901256542
859873964
21291960
742047074
982597048
622002495
503546875
747712332
518540026
709193104
77017019
350996400
254927202
809594055
907047159
18298721
761952029
782471180
540040954
53075849
676241248
38300619
208167527
47595188
883923876
213666300
655412356
496404141
313092398
250018430
738247289
625042855
1030457
798031275
864385969
809326618
174770508
639606105
242641084
372445716
144496990
789310235
920791127
624810529
213055027
283409743
711104217
216464237
981688471
907510545
943420963
511023885
132928822
359488146
653636735
338528094
672067607
957664898
940777045
295698118
54089111
81113050
884340285
770097622
619615153
642726102
350158869
788165078
102941936
665606695
828085762
827889229
877155740
211058480
209817060
93353041
858892274
332703526
181280031
658402182
119236283
666942457
868947299
211966177
551924438
134156578
956991456
421439942
629637219
331638862
666008920
578812413
180171783
610456616
536452605
705242148
320513675
910952194
773658391
823497903
679862023
270605637
668702642
656490436
469943345
682385793
138342754
404778089
476036853
811849528
809855139
854070712
232899716
400569750
897789360
263787608
422501931
982602863
618095500
312640698
237534424
889423958
449661724
310512098
68186315
170908968
998120154
980077857
979864329
486006758
764356833
715352928
51736044
12852099
286938948
105520231
61814837
228207764
718893459
715921917
294451582
356086864
451421119
316652600
95172283
351902613
91740785
48558730
409357476
650947580
861992755
492474198
496794741
88474196
133317883
963644022
895963616
485602697
89665862
716878868
604766833
545226160
949140737
543465846
611986826
79226045
469650307
54898442
369543787
628433896
80574457
699771769
665740798
916883270
321932082
936521356
703247380
67913899
964695725
138851050
412589456
695210930
112917049
756452180
54442560
262492618
639900048
120325362
311423915
469630175
427927946
444119671
214989100
615380704
669826096
656112339
968179709
210159814
836708294
764925832
341473940
228383266
487294794
684892665
523947447
437830612
106127398
62892861
492579740
852065763
326030848
704324275
565431647
986542035
857954457
389209935
328130996
113113836
629541994
974837269
209348615
241058077
702529626
357494434
37216700
743355802
675445714
835245140
569034983
819498226
464763190
906256742
61961920
957869893
729635270
195342011
366015309
311384667
502561391
448618322
735271306
256930885
335788921
977087958
80770941
340807001
174852653
938692909
253705409
141877868
815771389
93740029
856607864
873354908
823296447
127968433
621597826
559849229
384503095
925729188
568692003
499381538
302148718
868388042
485017779
520056430
112592363
569998965
477566564
562443489
309624090
192205605
328948224
320476496
531238931
198222681
318679337
124169214
498002954
647835747
906264931
271028824
615703979
726310576
70101636
165941434
581236417
248401357
97317797
457753356
64079036
776028607
65642528
455327892
316867556
370312974
135724676
471850160
34833637
626187235
57447885
970468567
336213801
709116436
348880724
15359778
554003585
643409581
197174785
958994407
668251370
590708022
927783939
833493551
963688170
797800734
548654647
676393127
294456817
942888180
8150552
337714795
113970004
135285671
837071493
812838632
626382308
638260646
221936821
985138534
851644386
424426644
920282069
466232579
36314663
149121651
307727130
277111471
509492212
491812109
507868997
954735912
600304344
295091776
443330563
716615637
525901591
227519457
763348631
907629473
593026110
544733809
598501791
787007901
119558962
406766377
628481681
269153651
344235000
831150507
723849941
627746310
393980615
307924405
789529189
608823894
644637977
987865116
694692948
403328219
968277885
356420882
454729684
409731005
759534269
386551216
400713233
939775790
775784372
322993395
679972371
932858009
76948317
614277731
798211174
581304249
282721729
12471373
622459599
164379491
157758385
435471028
28710358
219249100
265640369
834518313
17991928
944973840
394329467
274523241
662642500
258802133
810488919
254166928
168026521
798834630
875225600
146566755
671600892
38046728
581107575
618738373
198989431
456797375
113843398
935654759
631896823
659590935
759352368
269186605
815074056
812914845
392468816
616038122
300762636
5351913
825498990
951648714
438485335
880054136
931761095
413203089
772157534
546509057
85954781
586258649
835294530
738773112
198613551
113914156
333135948
90884533
274906130
874021529
707151625
42398918
804577074
38463353
310237416
420817012
836887318
384225658
210716860
157767690
290222711
49276749
906967730
81305821
571200929
197524431
585711746
918002484
284045854
932663437
329731107
119589364
808394233
38741191
779290493
641638636
755040362
225118696
15795387
890418454
560410567
834742598
930056477
696599232
486766246
761223771
165951548
773835568
9299997
817415026
798059103
67368962
948048635
758889159
404705666
393152237
989657577
202653574
695184982
866549952
389810366
684817390
79337021
456600626
807019534
592106900
543431515
323588333
658204454
980613625
801586373
571958368
732364164
2662311
568694402
55179485
427000928
88487691
238760247
43594537
488983058
227327508
974721756
524116932
149368489
813907709
28782410
182721684
106237148
128203164
682611349
183440883
591182959
41028120
33667157
984041452
783399984
525553639
316853661
462664799
63826760
125340321
305992896
988188522
399657239
279819773
501603688
396168573
68438264
663193152
416411781
418569858
797512488
410866597
93682207
602258017
59447697
198241887
671767234
254702040
590464287
461061176
952764591
906775252
796658286
363802337
257460415
172310584
165825447
188011163
142879421
661720389
331565951
244494972
439211663
951951847
380124133
602993196
79404256
31431040
261932557
196384012
571584705
823170199
317090720
504350354
471431998
424335327
967532864
948940315
965417345
410667723
825557730
168835168
554371291
112261612
406758456
568209042
576289706
723076563
569316705
881917856
525904568
147407536
631657452
744111332
508506755
61839827
659781220
141805095
666662379
518077612
497944508
37379003
288128415
619947208
901776985
161754236
318527281
947783396
99610254
502265961
582706144
841241206
664851308
456598303
688492708
669541340
836431630
882976573
471493820
106572231
887958578
641587141
410140402
651135674
466678876
547422828
955946631
270145201
100619772
425043677
707249143
612716020
63042414
282935863
389349439
774411884
783607818
110841636
861821503
669390989
579098722
57696239
468588124
716245879
22425136
315146113
577174577
905588646
693646982
641649878
564282317
608861528
177601194
714818
369771772
386356545
560318253
169769911
480060907
424195770
708019498
80195071
351119649
279337688
347915210
758852664
450302647
762118803
652140224
273253702
820813392
70409582
208355674
30749761
678956025
798292000
430632308
391145060
183709633
347003625
167581446
127774325
650784494
80015490
571830129
663415417
121452825
995523337
866264253
412122844
705708094
290487130
579350803
133003847
328810464
592195774
786240574
697112376
463323113
922611195
6301166
811992888
110350143
658701176
709442141
518664290
679853722
782053293
447657185
920741726
204784089
690937040
730787040
538215091
489910252
301961339
119996500
942619949
137764616
343004383
118814194
116870188
473038122
605638772
818332990
532534071
384073724
312443241
40317529
513535105
848011484
206338562
751629254
207303478
356790919
132601803
893411394
854869239
529761554
969637398
543668548
484862239
109162689
905637332
552732610
458158899
614514167
802417527
988697834
931092227
52502756
716596434
395775332
97631263
595492276
991029534
67640801
703200064
600397122
784313811
893745510
746379894
60003105
202932110
217717506
866163816
667313550
362554241
475255056
464204117
488216082
299410151
55693609
226402594
146959199
221878236
261758210
241329361
294091651
293635787
301018075
572912808
873065016
236571192
237031306
434978190
498405528
47325765
224593311
476757621
246762299
309829011
975388320
284971685
945551639
51367914
836468619
741120048
119058434
550488198
150017529
596772350
348665326
701511278
901353016
152656753
395753304
742411147
835972936
585298460
899310139
728199282
834771049
674972765
511993793
915621716
760618639
677121630
904646594
23119118
56477021
110740442
758136450
290004999
339102567
931524573
247031675
340284544
571813372
171524447
835963971
677589057
75753782
76780065
428276671
949688711
969650626
676670007
81187055
379013940
638926973
269661848
690954053
405491111
89589776
377399395
442900136
633138179
282594908
941553462
459079200
352430699
521659908
697132418
149004416
763014689
53767386
267559665
854135039
244520925
408509487
90509755
813371366
347242112
372060486
331463305
10286765
175561187
628115463
130822123
99419133
628796948
929055225
402320812
241478895
175836128
78924108
752071417
586608217
49885134
331656203
892557116
957291884
938389021
218379011
72074760
951208402
901493183
27264723
832079188
846580285
931277049
166243817
916830641
844874324
633091363
875422025
767030372
985059161
631010269
108311712
572050502
484132809
191053740
118355091
69480557
860218134
29948667
296926543
127853755
537687991
828471976
354755059
410289133
544784869
402147812
155528431
52768974
345174659
848782994
562908261
453454236
863913587
700993643
195015610
177552075
973613612
21665771
641440739
306626420
785035922
637763314
47776336
23855207
838529111
180961794
679286362
638478593
895865299
710311581
862293268
671091177
555649388
13414327
272140496
73057313
912166164
558675099
801811245
295387859
196921824
115855747
929573413
355978135
946261243
206405608
299675556
513202639
960692818
38759007
533201394
241187111
500357862
170970921
927447603
914943660
654758015
3046262
930058161
754418103
351792144
948357226
645514526
366597816
8457182
973857329
452542624
746254363
674039045
305895809
706064551
230483780
12443857
350006087
126028101
316205634
828044671
774697051
269175884
684103916
213019957
84962102
307307860
476296760
440145160
564461158
926033682
411683965
613810339
424730196
468033439
276445143
281234472
377012050
276604671
883901997
566089199
371377291
507050541
67640623
906356708
231267623
987902635
440807317
261064379
497839510
723924173
677004313
472863206
881161398
167252071
788518854
406792474
827048321
920027187
692098698
164175176
510018339
187988476
499828303
183172409
545211236
440329545
155045089
714438751
438946843
181749864
415365963
242682974
561995602
471548574
606681319
157614547
796955434
454882210
328089624
524355689
86944405
33930336
38731860
796928946
310784434
383762070
314186573
659999788
583148836
690878825
496679971
15935952
278635690
221549345
798152449
997149003
951459469
393805270
861243880
924713477
630299271
235213118
197793487
120203812
323265421
853949106
647925374
892814906
201563100
812701267
970693532
41154489
509780313
723271980
356853905
50509338
480662116
810890253
386771063
645458418
219183571
434859798
291747817
959736406
798726378
137648186
774375624
568256175
663974290
486251228
803952320
556182442
378592236
29498253
866437701
827034790
401828775
878936938
83065795
350542124
725369149
141883864
598020080
832020316
224487217
589413792
5472361
568471438
215879110
770597707
468702708
375433010
250412799
715767819
724386651
90512269
137665933
655111981
959951475
658459806
671314920
350566424
569739956
70170844
797798150
439332491
384553483
930105026
766327951
800118545
880294884
597339475
527842055
264565934
836186030
213884532
564660549
44089218
791464801
520807464
548724316
200611251
681670719
717344245
863302205
373053021
953609538
66599764
546946616
319794918
370933645
74595698
883281223
650428165
864236546
822802461
694435620
839087972
576338786
832063028
88963660
423316368
801709755
644969344
383251454
786706399
181664664
212839718
362378936
84804703
435027677
737200275
218514759
808128817
632727919
264514908
610727293
231866478
375915730
21612488
875933957
52195071
982309016
154428552
405723360
186345305
473542614
521140106
858465203
676818879
562694624
728750213
102674925
36081206
829555321
882090504
78343741
105411667
642143608
577452039
631458595
116396563
760259994
98884849
484719205
802155220
431798922
173717499
946695683
864866773
139177173
928526686
896743733
424069892
24270608
413754482
593745475
358373247
471686395
495296252
252088304
967029871
978386506
252207676
298748132
947313805
936819079
162241301
397155074
741621461
623060162
752676667
924118832
121053137
865088388
720758336
404293621
838584451
686029753
43511946
702970654
810885457
619609922
467891664
19904039
569547809
277879278
648316849
859585673
501300558
552560852
617698760
779749304
175124527
427248643
144012910
693579956
828553530
848432492
813210484
820752597
656433782
288712065
400564663
856846276
558598378
71277924
443007080
10048276
392787762
697933705
360206165
378770845
728616753
259608075
605402780
21795777
987644677
335119181
65834816
932743626
510535469
251575768
436941577
638237500
907565291
680652946
2955069
478593037
828235595
148743292
207110389
856827903
95912261
107802573
250121334
931254846
624593264
80228164
700240897
310219975
337571390
90828191
373344165
963291990
572023695
545114524
877426828
576231706
482887056
339657080
774019046
235378631
534953336
879682052
614496940
209333949
157461285
458556347
140606861
595448491
309838632
622228227
354737783
500772609
737014581
950124164
585181449
929011225
199640910
918057467
794370385
715838384
464534295
892822876
832045754
895339729
296376539
140547062
72587696
695045093
213966989
939715395
315136767
288441166
332083865
351426883
44151590
262255838
242847427
946640958
410746508
775412748
754524514
577585805
809191658
376085254
289454046
651925500
248261102
906430401
103666375
692984056
606305263
94960897
904533974
780765940
671133489
326153459
546465965
574995410
696671144
555163960
725666215
784502479
784497594
266234260
969865433
606849987
200493529
577608702
829433834
200230485
625955715
249407831
976602094
681773830
537746099
987907041
786688136
802958928
420008316
283274047
683449494
586056927
541953789
794610757
965454352
17315377
491315569
36810617
921565696
978966764
979335237
120223285
284391125
349981531
208102833
660233352
229892887
592478668
754995381
946782587
620980333
341559779
30053138
577894545
509887002
559657788
834300218
221497527
45389986
148517109
660925061
784220572
438818919
97307994
238071027
518822879
898370199
271922637
405987185
60735149
314532491
389041864
542423643
105974371
651291263
231407610
834075639
742766526
380995968
257801886
697904725
958415473
463411054
501655210
244404339
620866618
563919732
254629971
133481902
505322824
573884647
395110878
680955273
541111615
154182399
783883581
122274317
773687085
371131897
428612406
3232642
714038502
220375146
107081858
263132806
460934664
960309494
852112805
294269438
16721011
244551474
195112447
418353478
703012487
223133590
828911494
785618375
936619021
877093399
756619220
937575715
123138190
171924510
405742751
741191966
216354512
940823457
947509727
847546707
831051752
699491782
915256730
315254738
594495239
997649827
637480880
688816937
694126554
976547857
610854092
104228305
142356363
692677816
633991766
49169254
606438192
668453412
752584238
884185434
765009483
86960949
213784236
941838258
492423304
494469942
150279917
121030764
113360198
603399627
691925661
786744270
24013904
281221915
700088614
159873243
62504826
981139535
663091927
32256385
237188971
536732666
651585412
964331236
628991101
198243060
146713030
820188798
316274719
881612048
15041212
814249143
963279092
514517926
169087408
825145
264009220
384909621
135573658
865821197
313752348
706869675
892857001
406976602
715246673
929142283
788023331
922993523
151731602
759422798
290535077
13185155
723686447
261419603
610667904
465194065
787912212
284283477
966572533
889399616
228310144
913482485
289244182
133655827
303972137
316564381
580997272
457632353
458978103
221088429
309912166
524154230
194400129
222545011
871598230
40076912
76199083
335446221
926616184
427553533
267099395
238444596
409554059
900115842
86144004
682786245
221841239
95170504
708300779
811750039
68100135
936085854
8649038
832950613
227681407
542366098
261200711
149715547
535799130
661961348
548096487
280097088
600256195
66378731
830519986
137759990
196815450
442572353
676258409
349916459
890882169
179918427
826893831
55485824
52237140
460964834
310715531
778046072
308586041
600037850
328779490
137662339
211674609
234813029
551599265
887912880
703220747
983071927
766984243
137616952
713774055
87499495
21388382
490936742
814951069
211480612
185325247
219515647
513771805
651456677
468146890
138395240
31385803
752542277
298722961
48348495
484605695
964156861
744239547
228344753
808009511
532781202
488623958
960855912
877467132
984393446
95491329
698164640
620199966
708206826
940300750
970024784
988027446
734482675
367510368
762871233
853234610
329446232
781599620
463272967
621508505
354251815
250536772
859130007
941165478
300769992
136122468
614169422
82674276
867775709
754430206
296302520
286363395
402312239
282176538
1914880
689508261
899921232
990207726
424781824
915466757
372962661
644874061
313802018
889060632
564311115
862361781
903617294
798130600
207292766
586858408
297856403
818740559
466671190
236100886
614528342
712712450
11267234
41561490
45779207
559990993
651717772
427933294
284155602
161886157
599742103
309309009
720843702
474404146
442435400
978781377
173120040
537828393
438006720
353944542
658297562
715600512
371016717
793502262
460955725
423007384
490648680
859294488
995572173
872839123
201262636
282797849
357594868
80746289
238233703
457273629
781572627
839326248
41643201
771979431
995764152
38486473
330019255
486910142
155613788
462431895
699447277
65134662
197026208
483281121
948290668
920348489
543741207
824031936
205111816
77973880
750142047
804401137
61212225
85085731
300851256
275922982
771629325
755140860
995193456
198213848
376795404
459916642
100794120
45640630
967234619
123373063
627683849
78671532
851376000
671881883
330785142
872445138
548228958
973495869
4863662
19621405
942580797
762583030
166008045
476922448
987521675
28827013
281786653
748907009
696870318
362901344
776077431
665430550
704913273
985632755
599464323
256181826
743102948
489372108
636963416
770603096
585384571
184316384
510860918
920517162
362151190
641599079
437432733
117260261
332757140
400731005
714654618
769128363
454441119
798891166
556467263
260679500
17293161
774442187
180363167
848380747
713635729
247007920
536744858
607845400
759468640
922115012
60622610
413570674
915929943
854879716
743299269
480259395
434196202
269727087
96847925
371173325
697668900
910059324
657889177
384189694
270701781
609254337
728675928
276620554
341943273
980330491
731345665
898039013
487813288
814615415
500117192
699086442
437590413
732279983
9341053
822489170
153133341
383556550
521512575
757753790
357307804
620941655
288150934
26140163
127962821
31480426
572939834
613199894
564905004
111568680
573222656
845317281
188407655
11770430
838025352
412935627
685750236
278792572
976979257
630394258
779719727
915994792
210285235
682004937
986030071
623576783
164239484
870978763
333037551
690258700
285586312
485445710
158923384
911168803
544389111
880648632
904530735
260449496
823372265
507061007
865391309
2679834
446072208
336499172
468581179
495626160
218031470
52399024
50124943
963642978
618038915
142478213
40441462
974743355
205505563
539814027
549039404
276940245
962854341
845960934
161768029
790222953
358160586
665588544
949849833
730399436
79200444
364157110
345335796
644093584
244135781
706109538
415373816
144887989
690414514
193365420
395225176
859227578
626885054
856340810
413162366
951902242
332512772
672027877
30428842
661026067
761426521
127903726
969608974
613280367
173115152
465747951
365088814
824660354
950167642
709582256
952396264
292952528
333454455
260883708
588507545
312099406
805130670
895598849
61680654
304040846
57617651
952228452
570216954
241272309
46001679
707184362
531430171
724723775
281589476
376666571
654939834
812752875
912323167
10293143
548356792
561028404
565265721
804311473
315000442
850843041
4966858
651421479
590734765
608535042
15830520
270134190
591173459
743083007
973876884
945727283
838746301
733530629
382215582
603378499
325232809
651395244
193023752
344670514
288549223
991651394
199058604
189935829
578100833
173120522
452590975
446427490
94523810
967876688
213793608
568622916
529460645
476262632
315667696
734064986
852383633
973060860
34297532
769762376
71735353
406418725
766857489
412774475
743912628
785912892
703236957
213403580
462615082
807806005
856990568
579758813
797283710
188808812
10652840
103914375
633711903
56213409
810963187
494455665
497864755
84240674
832497627
386105513
454211855
756796125
888816905
689508716
194088563
847347325
625604733
378094336
799919943
77035241
617835559
377201658
939962305
712599391
229365273
729680172
582598835
218547611
345618723
11447485
111907625
178730369
602394778
587019579
764548068
156571349
528015747
440172418
125374161
302848024
31230326
864783417
482061737
671880121
564354657
906464648
984399129
707259247
997226680
254351640
230635055
602236733
253829404
58471636
589384067
28816649
642138255
176918594
81426246
464982931
680424782
635933567
483658995
430725945
855338896
797485387
166118928
604417067
379426982
979051885
802926267
596927041
794401050
422133649
652098889
528386550
637420948
196733244
445012504
625895158
22810431
975729297
708312356
605161267
462770155
127673282
19384548
104576887
590839219
533206579
452680778
224870669
771797343
36081163
450347410
132934065
936991536
139298889
155554849
959177870
243803363
518956185
68702880
674573852
385973143
729049935
815244711
872028336
859012244
472780135
539844513
706130775
398291840
284186970
59671086
634824263
55046588
670909635
594762819
173044370
448139220
707779271
72313788
234311282
8475870
234925357
157474883
120508387
389229661
804885667
934780808
984469252
269950777
568265618
875886753
432056180
625096177
340927490
206181060
357473971
332441642
723983861
78763966
217414555
879013857
615746197
60133847
809871732
129752324
343424332
463024668
480148688
902669278
774131127
772211977
812533180
555885314
509088556
14902278
859096529
689287940
432604500
914685940
286921963
462149199
29794682
258370349
450435126
60277708
672031972
639598582
558637108
9334268
895345264
754838497
642154847
461570257
792421523
288814485
814395541
629724554
822505963
142624674
897497358
532658347
31634524
671992221
310506930
750341924
935882482
734218540
366233167
730470987
644229809
516994719
693892432
188054645
597031713
298347684
580572358
407036659
3057227
668800144
57711897
618754467
363272287
538008490
421204077
575917474
208846279
913901430
775337163
916386703
921940147
424275935
197554285
780581744
348989889
360997897
60281824
477917396
124597799
456828097
70582073
472671988
659400922
509222073
280112977
621004983
718450778
708311496
782205193
322420114
614078321
73237798
300128298
79508544
574775425
613846318
498291690
489476872
175472992
112796812
741813281
917304141
704195673
900146488
922910742
592231179
741246580
473405599
571201560
747327359
529731335
994296115
927154400
397403015
31043866
656859017
847981452
696222171
708011120
440955144
195116780
515624544
307940250
639968485
502465467
811445331
111469202
635479291
639937012
51486416
705446469
393228724
941951152
954925567
685931283
315467632
353895911
350869761
33885456
181468919
927162685
209753346
6372232
757015964
197317576
410902338
267996599
721242084
957030541
393798806
376709685
949636888
79260192
435004856
39785942
667168027
911659575
879965037
553455360
1225112
949602015
293144128
786176580
912764996
961962363
139797586
154890569
298743585
887267788
801491009
521957898
681377078
381384102
882483388
754118303
729099109
134571511
739369246
673295488
537487674
876649984
120130947
305012998
774911199
708566418
597449038
935968450
903839174
959835756
326572350
363599873
513851077
358038352
261356819
178528473
307649298
467185949
402831927
548756890
493273072
231859111
134705150
537561861
832958413
838632143
846959121
525794357
505182849
151957522
7391948
776492833
347564832
484804371
708533792
674311827
518737873
112232729
732200212
591815820
823774542
167374830
388498510
112229866
829104144
44968012
210640573
237405100
317193751
736353339
599968439
52730498
307745407
972153609
44057491
739801271
474157502
622987909
699383822
374895328
906256062
682817265
80074512
473525629
844722898
735167208
558004071
126947102
55344430
32682777
728869901
109348094
609727508
328814188
302439904
937181492
442867024
745488309
371744552
943202801
283506418
750478090
481177537
881376772
752708458
561570545
65034738
119874163
260329690
957258506
265294756
785790503
508929792
979759769
56967762
625850694
86028316
239594349
815768605
15947463
495607787
197723144
772250520
85534687
879407333
319931210
918266975
911051639
574474019
470465939
479764248
13148393
500567696
389488235
438010537
818485328
678251174
760734901
344577766
909337150
398811837
548491225
769450781
7168279
335671691
469130322
685841988
753472393
735958756
795666683
642737272
951538414
878995758
920767449
789275653
694153779
835579351
466698601
131715715
690705949
76293239
84537737
517309943
90121755
161070921
74506739
313440360
198263988
66427727
298594415
664172686
71765326
542346209
439644479
412477847
799020237
665568503
692309606
866153489
465301745
921117756
210076180
295959516
586426465
71449643
756288439
51581728
213700460
253606016
440141017
970830470
820883102
4855040
157211305
845684508
459298099
452918240
879528737
39944079
389903431
236412837
675616383
845207490
657974578
991028146
814762376
864251562
342483926
434817117
996240146
354314849
644193607
582614922
242198370
224410011
581025774
919723338
878310899
319701078
901942129
992038542
962811327
386419897
24273227
738415391
763625364
451915735
192601342
58175456
322592731
484152942
797774764
89238058
531712871
546642815
30797714
866291842
841981124
576518850
401520416
498322237
878618891
463388467
719559773
686424373
338088678
981771645
466087880
459010036
302774579
99644192
854557596
78115821
893250528
720855250
140382600
915029655
773376541
154275553
861071052
196238962
15636934
91683855
732047081
472251223
884128290
722466412
954973967
176331259
940780474
347574217
375165539
31214731
89705147
659136416
841054756
108232109
98101177
794680381
925665000
391058657
853921945
451276214
496541048
210886800
159226306
821088078
377023371
678047502
667784336
533303632
547940038
561468112
491325890
107865658
389397452
34039715
236102408
68051310
730396871
987224190
204001611
750143063
369196877
856944147
49786556
804546032
295388293
301089783
618523534
335848925
77523944
724877437
731948818
658207726
842859240
428395816
491391519
997454635
375000325
250306136
979562464
788146673
735551373
491414898
85136154
620886882
154975896
287564437
157540516
767896268
302684417
49648120
362448847
295145540
313558471
905523468
507060453
142704425
957512771
376351487
437911146
136077931
612251531
54968209
82645257
822767765
386312279
13811123
23108272
901534021
790525481
399503484
150819221
592190216
560112427
586706284
673140529
300469908
726600395
379558080
926030593
136177629
402436740
199150644
789687215
879296128
869758788
393529820
215819477
754479917
384005672
361134203
202762719
802757885
456207773
834114056
761282339
74914042
116175223
954105495
244959169
879303124
118598830
100154638
287024390
660492374
125736390
608540703
18978060
418895101
144677528
862231636
264785557
363586515
535539226
71151648
971134111
636596582
925646820
310254250
961987212
111490463
98979149
643332075
386354767
106236648
275002219
840610550
150872077
38087569
296545259
154266809
343081273
236626943
498241397
276106661
77430381
18253585
457799507
23259890
902429195
955538500
384086856
755146743
313830225
243083604
138359548
30388956
576524879
904917081
831645207
949751109
468375332
963706464
871656463
615140555
303908849
402243879
410729830
299852328
339964991
418061762
856870065
96860094
243045066
362920094
439667060
973540336
506064344
474415615
621621175
186648745
578044700
434148675
690273183
523180904
82447036
183695073
169830105
422964244
614711128
185474223
987419450
84631428
14402612
859753985
76107384
444571676
17166129
598753704
972650329
824540878
163866299
639844952
653631990
402531971
310784545
56269596
612544376
727453399
684052138
540484631
154974780
989429424
657005251
788170937
729111701
179232195
94172705
465407348
841273815
583526546
503552241
239182370
266995070
32452307
436250962
47676154
424683385
322472339
385998605
850847070
854721165
962726524
751563839
45064922
389346390
894612162
636532045
438913621
629311688
176605245
671472739
614937782
773834175
780130809
67323530
62137893
381267168
100458838
492142578
569649906
847573337
346890060
897741141
135220559
318431430
344332193
927910584
935786879
61030168
476906548
955650352
288299310
935656886
376606839
266357646
934448813
265557194
138977027
521492364
515524633
935345919
228866053
786484030
808920321
697721574
487346530
376843152
49361201
220336657
431550906
934022598
685386606
391454947
279490087
62826308
987998257
82622545
239010107
745571922
962279406
81916625
935127425
454253334
183138427
224026741
752017630
622530194
295548215
376425333
961351036
734392961
193205114
73152533
206991586
166206114
782774089
994594482
504358065
912631376
115174811
667925695
140538587
576881544
113395321
820559080
848371667
157888309
389583244
674365379
504880900
699216967
295429649
797717503
919355276
312332322
659857925
637973885
174178589
112514174
849004007
327576596
335779513
774883433
282452982
656697051
285348307
119097971
322004355
31613053
868861062
534400094
464076388
99874475
224756191
411809735
318869814
60102080
14422265
348213522
363544043
636280783
278205832
958763598
233446614
569481915
755228408
511209015
927886557
541421377
655208277
740823540
569634445
922140920
680265324
718004053
901654078
233921312
614173282
811300706
87625693
642509356
852722355
617125550
554110256
823863179
88564604
652200455
677183811
744086824
385549764
671628453
625299623
640402543
662670360
179853846
904112864
550398746
244285542
802122883
635842496
255730946
464251424
985092483
613809567
645173487
772256642
632784202
300168643
762753235
397784119
877151926
140940876
565607745
565161842
681400073
38812568
550029140
549478598
94878750
512685588
621427175
1242701
152176736
185552018
938093115
362457205
895239051
446131746
645547416
942543722
788679632
272645525
264031687
817285619
872899730
819078261
222570374
344784843
829583787
30118963
590262259
620539324
698408378
382224112
753490953
157731145
925830352
960987629
640672524
635736361
895893554
863490954
574841761
282776868
369903834
753830064
109698796
678332519
784819514
485917452
727534623
429835124
151837719
796319320
423410423
882496032
814137783
383284437
950225529
286916503
875519526
483778286
23844386
816509375
781359322
813579731
889289492
19828266
546938612
116161892
331905555
469548858
841046494
544067643
199374594
879492428
42910753
124029246
355871286
583864964
154900111
52058620
483345844
206128327
134575122
472778018
165401423
220319098
979423948
390941909
989468537
230332634
330683444
164333357
506769454
654213482
217216450
147015004
439421833
114750486
132039500
749507190
192992786
493533540
482908969
672449424
994859468
941300032
299380862
921253310
326360763
997080817
565394959
210559812
546646208
277368004
815421672
172770068
63514631
569334482
707323617
240108718
807432742
439093973
519211180
861058161
438232401
862483577
197806456
894966929
74437960
168185782
151425577
107940915
884802387
635135587
429540065
869331586
900091600
625351730
668934909
827752376
435614117
930076394
227927576
803704959
225582516
707601828
576587863
839657252
442319741
262350141
988116859
46009561
484768297
401203851
228259544
550456160
990153814
780734423
8648940
184560570
676018303
389042482
328014910
172598865
818394977
364503878
255547284
106279923
464771101
263116659
106707930
432774816
392267384
665633182
174052376
913330311
426429207
977157443
595990116
413300471
174174149
929925187
572796653
572003393
285404451
939435162
153024238
695393849
681331066
934796906
767278446
520880771
865839382
904355704
194394807
112442574
473935078
21661533
622714186
439740842
951123794
249798270
576770707
15894823
297806406
88768664
314824860
167431403
574958594
116270935
318066641
362571848
38573254
215052429
650841097
948510731
938921869
331849442
493799370
633398690
174191340
551337264
170807995
537361807
603026583
823862616
973166434
413633717
203261129
28082840
612675167
81787271
437720775
469034527
911551376
445447130
444014017
683711025
472557970
280680022
648193235
666386057
156632271
906127789
864167177
547895767
82127226
275582417
931572241
618271840
193420894
329785512
191521400
15517643
87836694
421391540
24379184
990050780
414569602
964833816
867889441
417097239
917267710
596562374
528821015
804273633
512396362
173590197
643052393
8958761
777833264
912597616
213971404
850210221
133254971
431461391
912946551
988297354
504012148
371677262
450017988
900446150
697391697
635020602
842120294
662981406
534383195
94863840
416575824
707121502
39051549
112733691
491338248
251446974
170278231
928184070
399540619
543702359
726771142
482258743
445138568
150199706
753486587
562298285
485718520
336917718
269991603
652525267
251267147
982338739
922411620
795395900
359254610
886964578
944776939
654248691
35329838
674884326
833625033
60117035
160862873
752356279
809450580
27754010
740949085
60772827
576530207
170794189
466132604
618859149
116615429
326747135
343915666
621831944
763251477
208918355
193687883
787886563
400775469
324229298
989989318
979761671
116223971
211111199
736103584
608063871
371543048
322549996
225895980
164776550
356104002
365464967
164289439
293641172
283417208
20976568
30860970
350005598
805335116
219090602
233037070
494793322
808261363
472108870
26894178
333232037
316709582
186254517
460868153
501208768
12817900
486692278
280962506
685335861
832437190
887452480
240476356
396255147
558029310
347000299
318284842
675069584
759335074
216759242
57914068
627037818
284247136
736669309
434613637
457530652
484476079
727860561
505177099
532709574
304761884
451167997
99538477
171774427
27725695
939218882
112964996
173800811
943681359
813462206
961297818
702852661
510572179
245179978
973377923
693552229
741184223
276501514
772333211
160425605
761238481
373519066
282844779
238891134
692611680
534417132
265812041
499010149
222725211
250387870
978497664
209667280
530500664
822390621
454226308
81782537
706163633
442171304
665004690
863338234
509091676
627518413
863311957
974117072
46214968
182991082
499060569
201030233
37884583
963273851
352601603
38490868
445772635
436226586
7771477
379799331
312670014
678284252
482592581
557853516
17410737
496369732
643660910
84124829
570876697
364706575
838001909
138804077
320873593
257059836
493532505
604519112
775818602
643670347
838117166
339321760
57631483
747724877
466783295
454999969
570678766
192973763
927879000
15465513
472267893
697637239
143987009
273059174
680738901
521525000
230483402
587352858
268670974
372430708
237179570
635164134
699314217
537603470
720914944
5051353
316134194
774308593
38027009
65415868
503402573
158864072
523156953
856696243
966164877
875804973
40881440
498656024
628881832
862458577
791361892
97665249
173880190
979685351
599659306
787760269
492370983
845017628
887801213
552988274
797545023
183904648
916791096
128745926
223052984
256565798
30202048
522345281
51534925
988104857
571881669
623966774
132847455
670478775
556149758
590854491
445724984
608197010
409098009
354590900
843405619
952724119
221197879
540098287
56557187
954971970
823975104
133768134
483303886
563280431
543447887
249403619
986750545
362221979
290369632
476578346
437632982
657892998
298466574
811913613
524143136
377748367
817933849
3233550
454624932
459335913
580616156
769715848
659118625
858849476
364250514
69419502
781488706
803778444
662938153
784258037
662496468
187664371
573592744
276813413
452548168
172263255
909806823
677875506
233456689
907801324
533119421
237716355
367385404
472333868
423998889
364130767
201350082
351726250
316775751
487902565
251903655
991214127
369271789
952220342
383593426
493962827
865438368
749349676
703592931
855931812
265367077
275776487
934116254
726704804
10771931
928883789
811466203
969635582
83275541
716674712
607370470
868219979
777727346
121114597
809191456
528013297
474476984
118857548
606053027
740693686
993388207
524706202
203703220
232705841
245654290
289799553
253446685
913777367
389343806
816928448
864093502
621336369
274486291
403754164
116651812
13611284
219328141
88582352
244060105
295459833
873145348
108086076
580567268
767657124
578748623
71174352
567869967
797238981
726755045
42990078
333161440
837829934
646685007
429801159
541656516
227049577
968429345
119403111
849948455
662804623
462040000
233848639
225069993
921123303
825554443
645845171
531878184
677513138
40518824
737253173
910941740
436559601
517996411
770757109
333848572
882664225
707497050
119200193
592142493
683725464
169481868
885273694
692047063
743396916
52299539
650545112
288726222
311131484
34836970
542745581
904418794
274164599
78493
406119567
13993981
549857459
539674321
874199769
152354514
251313941
196775293
37425176
583818411
70903093
826319512
316421084
471244815
639711802
254396704
332342800
113106151
845013508
122378495
801990396
94632844
445953320
894626786
668483943
481766083
177655983
852754202
402481101
434949216
72789501
429052455
832507102
708130749
898905524
525866930
116056878
923620812
195466954
433518783
741032605
552320908
318447074
637172351
29019382
498619964
451884486
275723358
741858414
805548160
883304748
7711557
660942059
52575756
252207066
230674565
752468787
742363340
926171584
516656786
455369766
34133043
294554509
736905238
458195430
540005963
145726487
761890063
621756088
521561802
687382971
301082465
963184891
125615081
209177896
663635534
293963425
913479784
204485989
816012431
561116459
811731410
254287035
804735816
630798973
488202160
469911539
302405927
398210130
108366944
249937229
814980117
467557415
541885402
224382334
148683341
437400279
978665777
858082311
820557061
620187358
24753936
371852421
96111795
951406402
826300060
855116543
77475647
96962631
157319731
834800139
93709152
211182437
218907412
601121435
868724167
765627917
143541654
218430543
799923272
187334582
398528096
996990777
959104777
402339876
273703914
461298871
632377475
533938220
178431088
337953573
321812007
253759246
864339585
910726280
493854402
249112983
238849382
144522327
897622926
475946008
951145789
713694186
657536264
256711021
227122948
766044303
820351067
50397922
676588119
35408810
970830694
653110325
431880159
452876242
783974625
106175776
270927744
796402253
548092704
369629052
431021170
469853148
632825163
287421055
641334989
308218889
239385002
889163125
549148339
423446982
870767158
738736197
338827416
58291543
280184616
862455718
981723450
193331071
429053951
40782515
610632500
394219450
827938770
554853055
673111048
369378245
546412866
517285271
540114612
886935790
429501099
500079871
148166006
450687420
162666819
597619365
699041911
359744074
123625857
711805638
180152230
736736613
911095869
336501583
743320403
762195612
389056436
470493812
70878358
236225079
70438216
285188512
452461199
297103848
739747148
806874937
615099729
130030776
334664940
737026005
122166624
138339233
187176418
434722015
474540984
356478665
933536806
748308042
896852056
645612389
987508733
926516117
953187303
57193470
50516877
205153118
399149732
273527841
838805231
489116188
688934338
271570862
920410278
205683015
651482524
470287202
241833819
20161490
165807999
185422334
844906775
990772543
924444991
291985422
27186812
284835305
501819979
468921385
296622
302965757
234217209
322125123
302445394
183779587
429330006
52965224
36033148
423124427
135168472
726811441
189230651
490587700
845032585
903409692
735328830
742213537
516984137
921172455
684394632
785862617
258766363
552903803
507292787
857403793
933633166
617497002
138713789
235246554
982721029
738311938
5712126
598983816
186026918
217779537
616723590
12313772
29546059
372382341
310517742
76194019
990351424
961429675
467134455
298455488
608595198
894075694
386223484
219148840
238139199
776928353
338420651
23131179
193848681
816963527
251685957
225340689
218736341
542146960
940105920
760453948
485345858
514712978
935718694
237030001
592098369
548921830
119113940
690056350
704301984
42293678
256577093
782500168
408598433
929441810
657890495
240389813
256096017
801966608
943611573
197171097
447072050
216162343
800861535
385196941
513515471
339137732
40365527
651817956
175244479
466629308
367797716
781034136
60734566
589446710
788331166
416883002
436583044
81812409
672659917
304754833
314697174
329929983
474337631
991789414
194236552
777177958
14180825
461449161
791801274
699023061
934168463
688159838
464724181
201819453
304758005
507224965
905547812
318940166
976217257
990204408
236287136
987008087
520667286
559940295
374153595
342805623
753739545
260972233
209056680
866247537
330010146
754131286
471288070
272570350
616342174
588364255
784172659
652525047
931321699
375120693
264468008
167105590
463383139
190208892
365033280
523170005
305337178
34403235
273665102
375267012
972178788
431837005
626623091
415005993
900922832
32361444
828378540
288574948
413739550
985732401
838506664
262606506
972102545
327012757
323734391
733937090
675739231
560288978
262020600
134626056
135405357
292061283
103598421
407616304
320575038
785568452
608791129
640177839
950169786
973225654
478874286
538960553
565374133
605025782
118779671
538330289
878046079
202729852
526969573
564411401
423116024
604660647
225782354
881724508
376089233
562147545
183719451
496452370
261017152
141907260
532964408
471545200
317898205
795441013
147152428
367412100
352630044
24910653
17032912
590018796
803246570
16146382
201202134
744063293
65932695
205201423
932249810
263711742
393735478
578225846
717517367
251098738
735887558
653000091
757812353
347759505
376329955
300626100
950586080
730037152
595258033
930905569
810546550
963166130
786329361
137808585
490943925
825100867
189524717
569861340
744063515
452486971
457291731
919823466
980294704
865693159
200958127
886232013
355990303
655710436
230264113
673063624
383938924
823122379
705770220
483827628
697490589
674171569
829476712
833836614
984700941
580403806
128307136
109454613
779367880
459633983
52719558
808093778
550042555
974667657
348352032
847096861
777430179
44401000
432772038
547569779
942265863
809106464
402808783
590056698
259506635
971061331
798988694
932467132
426116191
74656633
272857931
710587225
680274709
308347579
163051381
582908132
882601404
396408377
208623851
356606893
281305345
971712590
619155762
888348256
995916024
367096153
437640397
487678406
780782277
123765821
719395910
848314668
839602844
821491294
384581454
561782220
700699264
206174680
595153626
198205348
914422328
985322351
782379766
228893120
811256094
608916507
623430631
31353889
700525416
68470459
744480616
318462433
86142965
390783722
694082979
522345193
111373214
409807992
863387184
346934423
876341867
693192236
666213063
483046786
749636450
138956168
159146491
783371453
652131160
789242378
962019809
689163201
135996641
24461270
497913198
889644483
475314726
883770280
589053025
83730467
341516108
288186915
749215052
360976330
113164737
701199759
171897852
56550586
152230833
645497594
516372793
47869355
530774958
796646299
610850991
499353770
417659341
208852045
656385877
808843222
447348741
408469107
732155384
881852827
164240203
141265742
426873772
306292717
74754316
14050385
499028750
754818448
633337460
102979970
724199345
735607706
822820822
892059623
572307979
439743806
654843588
576946852
186070016
988703582
767403722
481408221
109122216
777706982
583955349
31192131
781389208
491582613
705802756
261923903
591918420
494061554
256725650
609265103
16286216
444544121
886560914
580245387
675796683
340542494
106868441
501873564
730570611
971255196
573161863
701549220
343361494
657122466
739503631
994112022
738947047
374920928
525436141
190010886
81550203
744909257
289409152
530153973
430286066
783805846
326354501
625232775
218572635
866871940
564898444
433831112
824892471
597436349
649539747
396726400
713480304
299932104
549178251
386694576
156614799
698929053
697123105
283054163
916834155
704248723
793127123
197700537
94400429
793385961
39239313
413980652
208758592
130996616
534426399
989337800
20706971
755964543
925730234
330340889
887859596
369429925
38941067
440311296
276764914
455054888
736862826
882536312
269246527
712391085
364514802
677049999
120214367
267520829
326617669
199456361
983394788
869580032
17126231
558140409
42894342
977420435
884723065
856861361
180863367
292643796
284201762
119260580
529539616
665423695
578606981
447913177
846001343
436076501
314172141
697001889
918290010
885305564
942490296
344966440
560527858
88617706
779829403
919944422
61796855
840018826
585278073
419524037
893371707
481680487
15592572
783609198
186320600
45883599
349735214
769456064
419302121
691590839
558013106
876440030
176601565
767514161
100065220
457502040
728607636
926889128
425966571
451458352
146755904
75330399
165328001
816560150
118079462
347322463
360534975
485542009
947871278
939884477
196822209
224777578
278404732
303460940
594808079
763940628
763765809
887982192
82460922
250331386
537662438
850321219
306352827
885393109
248211760
886055837
657729131
172213250
830721545
171909693
502743541
487111896
845331290
963852083
713958331
286143562
910064537
443346369
179698886
83153119
41557285
863345666
589589623
229435040
558998233
259979413
627160316
329807768
312229693
136715067
47905710
491669693
31417417
964554272
735545188
460344565
585584901
640217251
953672198
633987147
157604650
389010523
670921522
577998431
131129106
733902834
268242380
703418749
710773556
646550567
503290414
923749469
266764984
140446977
211760588
976957091
940135454
798165404
55936925
80022984
244585133
609964351
28887815
234192132
325697326
406690655
27371607
85659929
851000907
799281732
836876757
209250926
667513219
640253761
205549383
260680731
565807741
951810049
35908422
690977980
342521716
865953075
479731534
304563601
167909513
641924752
575649940
377404781
790435108
879727137
265606411
278291831
194302396
809042751
596689571
634227387
609995004
845732456
383227898
346619668
196079585
175845701
855433945
317559184
529315707
180139097
730519895
916251010
866643640
934711486
138219192
827788506
191780449
372560953
903596230
902977854
997461517
553005575
538517021
768867271
588044756
953724107
368555382
133265547
563640095
418041125
536059647
966586020
967431068
741289835
607411741
765857206
540610639
101443262
949749215
173587667
850246758
507165936
917678248
501550903
527936533
183153792
540124323
795229305
322909286
914051933
847199693
783545851
426653859
845179503
113610008
226406400
597125088
728533275
148595494
538225851
683208964
851251174
207007033
973340292
832489127
904243778
982371616
213482370
99578122
266648060
65953301
503905943
217648070
564060953
632243434
993412722
49528598
58836122
624021172
220270792
316137157
2174559
719059862
246913957
241902749
515379500
940572216
134489126
747391602
611563039
102390411
699781148
330512929
269805456
388385648
171056320
981247455
286767132
56073495
412913896
594593544
859513649
907402940
908849662
46074187
74392842
770130116
698891257
572558274
778328216
614794429
878229267
283263405
598089108
328489512
258115147
680527361
841609732
147131580
811644229
627014454
370184711
967863722
925442116
94336438
677015802
146511599
723319456
249669907
230868686
320320536
537925170
115283723
505356571
57234737
49927904
346384516
728413622
843302776
923784281
602895882
355165738
421115238
449367954
487783323
922652635
344089687
413282890
21622079
449517899
696785629
473112549
254277440
120110670
419402404
187798815
80882744
475683878
898073779
863593293
685944992
333411794
251756895
57026335
530776628
550020386
598851893
666785611
408229881
684258588
596271571
857651324
313854195
777590041
729776233
332953356
594102859
52441556
781438837
195520923
739811988
670261851
302829266
504687926
182567331
403878659
98335128
497937266
283985706
284494682
326948509
395443888
77771855
627234747
459180477
246579734
50186489
967112725
748847756
370552704
122459890
788941552
402170971
659825230
614410622
968408914
862622729
522004198
510529697
831754915
730689699
321204019
345417716
680530805
833331949
919852281
871610404
225852822
195297958
159779102
259038494
477053013
634047752
192031929
788327388
131876725
2537224
615369296
868283922
402475297
641876000
704506374
33814977
860872518
131045976
819828541
818423525
617438594
317983228
588012432
715459321
613417774
524987579
898831702
431931943
69284700
711577578
168526507
877578224
859072899
540045855
110959605
87944707
550409218
778858958
958698977
610338462
102057406
1349742
443212852
509041594
510061595
837041172
62127825
640939788
268581842
352794245
419179521
562319021
506259130
575841552
290553164
663835549
945151833
848627964
157535222
690096742
902458375
339469956
435248980
673631804
735619833
935956000
299683937
482873303
536814786
212159983
392240684
64010748
678762734
371343620
713317566
60386305
613034797
701755302
975382782
610965633
769842014
887016454
953479783
239693129
293652844
428195485
631799857
67290820
966083919
131996031
318331383
146798098
265067451
467372039
705858292
691978631
20251581
976224773
708330791
40907825
406404818
49743051
459349900
783732188
776798392
465262245
129877
780996715
644321652
243931204
451280447
167554642
327058919
541550924
502847342
515322550
266988795
699902940
545022005
512026729
389298592
963016427
206258203
862160256
931196948
971686631
60859217
626584040
726262113
356820529
572058804
93895259
203682290
284746245
733217324
592930401
423105474
541375974
53624791
726089613
256082478
965839868
427599441
286828425
445209905
343648476
196939721
299703890
777211908
304814171
249778333
248777108
756045600
743186334
191072886
995758888
371428263
27848542
175478226
902210264
873047738
602047515
341234529
937472258
628408765
55723161
84567642
268296228
497740580
242719377
496429255
915929257
345238364
414063261
111767109
317633972
523542242
372873720
9562023
347700461
886021067
541087902
95036148
757627202
346536339
50275820
153906726
708486841
871360540
142249219
481316808
490528461
378947954
551562561
50365914
506182972
221761527
335926586
731524684
635675151
903049627
39032760
422364346
832101069
497671289
856438091
337423670
619890999
920251097
682395495
538738425
469838044
427177006
75023599
802935622
788808001
496734647
481351965
377750002
986442061
744365371
812037946
543443122
818652146
502105809
491628079
599116751
683425106
268639335
55991084
99263423
965813182
532727848
543269218
523264409
319439037
123942049
717060552
699476118
225728213
372531807
482036763
635821791
978668896
732442006
113454874
755347269
688172529
283818820
861389541
203358410
409753021
904423912
698508479
43068981
44242199
67102380
969757227
763633517
212499682
671126344
459089469
658850717
901119525
270601019
996672890
616935498
86696241
943481829
501944892
47913638
648394100
48664185
525220047
215433573
525247007
500418208
187731072
198187835
967586131
716427226
446342806
757862067
303301987
300785303
571244875
510828174
520804917
538777310
614416708
584909235
904291707
546551973
249269706
461657267
461671690
653761250
160687071
138271942
684407106
917272888
748682225
220809707
84736632
722848979
155308046
918018608
43789745
673762645
263533544
725788400
703390147
862249388
424258825
832811350
921438859
348618521
844069587
738933361
150804210
670766776
213328583
672575319
185787896
146907477
495812909
527500484
732219491
447402220
995624618
890395392
161731724
535931218
297818144
69848070
434930939
206308547
232401259
590326369
42749501
732988670
872083891
748466002
736001935
8405579
215598968
374874252
338668236
139495360
551825118
804835341
505523269
683604442
65733248
606834666
591641819
535016062
129974962
551741833
290534941
947820678
801508013
262066411
796188195
86290374
955705631
240029287
286094509
392159215
618050585
386458607
682280784
197031872
461185221
774794984
745027527
707270219
804008742
599697214
18814377
175917034
515078942
868565776
530800746
934652017
133336822
601891860
25705233
222962911
569619471
354140274
415008935
717130421
546335457
960929040
130491050
498180065
629281239
210535027
355004005
461383303
202462871
242084327
738513331
649724419
890716728
122051614
632893815
475818335
610493362
214641569
612561877
481721521
451688793
528424018
292100095
39956164
216867025
10571345
15621401
701981858
229616265
372976604
354160608
454475792
777897722
841888273
674363783
692698803
103072053
501748684
697858374
829575052
133127447
313225559
877298609
345306963
665217476
828426864
103556572
904358947
391278944
361846911
617631087
747938975
305058318
415296708
930206710
398537467
162992669
321100060
793133231
844867537
18595169
742906154
250493836
720162682
911864887
269571976
558308866
860004366
831215161
167637088
852805253
748439274
574856495
534765859
580271861
180266712
78085025
601382625
361155884
30042270
603015279
804148895
862051654
461268152
811371465
978704575
63044410
301219320
783800083
271158324
959895370
325024753
975222361
406117398
282296630
50717383
422211249
547832924
453703495
798841303
186883479
732483318
433962393
860960077
45114198
198200404
430901159
364220322
908329151
566026210
13896568
231238390
704666713
971043657
878745615
727194114
417806598
869212491
994309813
640083280
278416937
34285640
180354233
951154049
839215871
219353707
775387808
397562299
643182908
327280917
736116225
994759461
749665382
76824132
956093468
293354138
579569468
128197678
59189413
791989129
516028907
792643539
261050203
483205955
161666144
861627372
242253518
344480939
646513935
490962439
187949002
205690322
92980278
97081973
234951715
758008115
203673282
144708449
76086300
702071625
570797145
509029966
862835056
153732337
840095264
635767790
175744274
811770969
364969787
160335190
123662152
894548541
75733014
911226018
650525752
591879208
259282417
234367856
804978102
770297352
92260495
126801891
928308547
357309991
491473085
506660981
60349833
58702676
214273876
818098583
250050473
869951317
954395134
597735555
462356881
143062268
274135464
226495242
639306755
624431891
251553416
335555472
258255408
916418040
336860876
422739764
799332413
890360941
853989893
960256613
414395751
826907280
192541019
453256978
994814867
922129933
659907215
520517948
191095675
774630140
884508049
325026556
388967438
436893140
330460857
924363968
215437878
859466519
668951511
889231355
295948375
44994290
944925133
19295256
419796718
509967884
919388306
710579078
511656924
31253265
649686122
196900856
595924395
883637383
80575112
592580483
520136395
896984119
121042757
272872443
888731312
675444060
451420973
979477384
238020038
582072869
77197572
434418012
605813520
449087661
258618778
619833968
365836082
332987339
868742048
898877192
282274874
552285527
195933358
555501160
345755321
656866038
794873579
290064520
219837624
361338772
64847445
837613699
515767155
68765167
189890372
608016438
624928456
462362633
761245498
146880460
97032609
405872627
544287156
656364686
341950752
534885376
363680020
232340582
942436557
563896509
556078704
576695786
70789814
402744057
815269580
244536
41528084
645816733
233410063
447409122
12916809
254399017
704892917
922471764
850051638
51075517
647769200
1984010
853007770
745876609
603242631
45449688
939443238
488385590
358164344
618431961
441853151
671702167
541703546
530558847
314359215
555800925
704057800
740413426
569123895
622609193
519484365
856246684
595042923
487428660
114321161
896346357
975992879
586785856
577595614
434929264
727560556
231281925
143307093
208332398
17235922
699575621
352769890
443040857
694276597
172100201
672054840
736031139
558668518
983873537
421207387
388048429
755448702
712976019
30080625
529064475
344726805
245331401
580940347
191433979
795522221
187385758
258369821
87740991
529362979
581979138
265965564
647288642
270806526
616708946
315923201
153534867
279657068
757230850
270851362
516518200
178004861
154920070
334808663
545421398
76816587
908387362
413059387
570338562
499351525
855597212
60420737
601361327
236418753
31816233
742989696
769972656
985391770
737870508
43271497
357323480
67210217
527294568
661531008
470875518
834081725
513241423
211090727
880644265
393350140
581439254
254686297
640232432
325704077
488191496
774156512
493319765
617520578
864689658
54652403
429937495
386770973
935919554
73725668
40218324
753606603
44715813
284478844
555289224
249664591
503617977
456057497
15451320
785649529
304795997
637780666
347413268
988587556
76756143
297474975
768686811
311523730
941802736
852843418
156147945
418689568
319038585
358558088
703999549
342211013
212763022
927107295
159801797
617026004
851370156
856516166
372691578
307792660
365447941
20163486
271063566
627941126
488407012
256386554
637586274
514060636
649162115
985387665
995983237
547564624
750969124
896538562
218695488
155135567
414817963
981136222
202658858
550722753
166031764
436064352
839808797
792933633
43914739
840103837
434445512
919380534
256305195
49243837
339877010
359853779
285947128
806215195
964175518
463879765
836134447
540891872
712009698
870597567
778395441
906026237
836492071
625700329
455233494
9826806
31001624
744296042
851542054
501158184
33635835
595141328
589079057
912709358
369187731
508619694
324425901
519302916
896020126
276884143
438983652
922363135
655855263
888742967
13233971
889750743
966523437
685736468
945458309
41314495
922005129
419980726
76885954
794235670
238719687
589005743
165386242
797870661
779680596
404292836
899541037
790417824
575708504
265189389
719062853
739095421
945745760
860120090
617373147
337671136
1663969
61486230
898329457
449889270
87563403
501245237
566021401
891851973
989521556
379709797
987705985
482605928
224490121
175097045
646322477
922859056
736055021
115332912
202996890
469373398
730019207
306803101
271137131
642787762
83338453
176085837
454539621
965350444
91824182
539772828
783412982
686919659
418335763
769815176
822425702
645676569
773174061
739626632
129591247
907782584
760615990
979297752
408005351
840234979
870381486
603049626
214903433
878014100
958168294
434072096
96900315
502174880
516934069
436048447
578780057
468516986
520428839
257115705
610181381
954359348
247645795
288172228
491131963
506514444
102180933
655954466
511487759
656637129
514704260
323105135
770485873
752853479
331710859
199845615
328584502
672651981
274346924
259904465
879836270
59107787
199999931
880931681
401830688
215637313
219292206
827138506
260887254
623098864
606383372
842167864
295077411
476804750
513041357
193983779
903384786
78569619
406820209
921485442
53370056
860587247
141872425
65481612
251538238
505005390
755288818
273980688
5328260
453131185
484338638
637766201
165003061
839412963
546192755
529655568
551411917
33711988
400068356
886189977
310681678
454731098
673096031
841018228
980286318
649004936
182302702
957415879
600616538
939486937
625471188
753655787
823459768
739217578
772770678
342754183
984313701
101148744
393016150
926217608
576986500
769249689
920280627
949635130
495106408
335553701
772060113
35276658
806473597
11466698
516005254
591944591
46300251
952247393
463371811
664446645
814941257
91263937
914189074
706116862
298290364
349928013
574614446
899716129
295729017
990950688
949749243
644980961
481349710
821498038
261634252
45083119
76347117
546634359
453153544
735949643
384621643
831277615
996353843
992453769
509934759
657556524
946404314
336119080
440432970
923551270
431245835
707808322
465776201
196067248
185477439
536845720
48740246
84609391
233550239
410111514
149599876
506302806
913096908
383075252
548856953
647652777
470970168
657071090
77307249
12629711
521289705
847263291
243490900
566421150
14446357
949361557
927142399
550949959
514518961
426610779
442798508
224935623
930397772
806112747
888459117
564359120
791773226
956771213
814040485
346634109
186109564
158088429
490930863
899209093
205241987
553263227
423229463
96614930
932996797
953481621
279955140
329589708
167351709
597009538
797857468
836308323
144045915
699024292
123255341
574692013
77965725
293147432
575704676
258963089
764339127
373049517
653697511
770854906
371171961
824296349
768272087
407294239
167049082
280399981
423433989
210504183
346964454
543415506
419811713
716423812
427806387
414403396
624869595
652572842
919730034
933751177
378665896
759841656
35123495
764459771
859590823
764018221
833958828
327828797
78295577
889366325
861810789
28335688
222862520
5236832
822538441
574632243
305967972
453515181
820048279
882708528
447117245
375454644
931203240
352206144
942595102
375759042
575080380
428766234
455829789
546095954
569330541
856293424
882522178
795087715
296044208
415458563
669064950
546546774
134516337
528051405
798294626
157044477
751009675
574814267
115117641
521832848
775625865
756299431
2956940
750308446
508901371
178873121
334300147
406208934
198053282
548628818
781996095
193232416
746348593
816149297
234891052
361659986
835005490
816446027
990934219
277911106
728679028
209233972
879652207
644364845
939032486
833801913
823809379
738183409
868592988
272853643
698430763
55000005
723634962
257232630
15730916
924911143
733685735
82508655
58669485
883569027
579506900
897095152
819676340
908795453
518828118
935859520
640062655
774631205
986413073
119560459
301292543
881213143
561335747
157088411
251419451
299684621
490926782
137032122
697479643
385102692
233678329
833316192
290959380
782064453
900254088
441590896
226968199
344239956
223761884
331709245
372543665
708488376
783736696
423255835
948917372
979088444
309972469
986336259
703440714
494330807
765948305
174953302
329362100
301550165
892715413
310612578
379898586
643423257
574744619
70790496
986333775
739443758
732518302
713012829
21714198
865425570
38467172
739121089
702371135
262715782
350552862
136481670
947186075
802056880
371298031
619724181
819488361
994572052
847290273
515488261
465617260
398074916
468554857
849825894
492942290
753203382
483097192
418489179
645229869
278514231
987932828
741798332
555706367
578356802
386195173
462689042
813657040
128861236
859631596
737661850
635776070
618794027
871416285
119304019
313732060
736837713
977183145
112557224
734013289
323616979
402852254
970253871
727399354
426779148
251681410
112408464
533069342
181271080
253788908
766276054
65186552
57911040
615146459
25394727
965404023
965739992
862771942
76948219
766737446
183512803
109818704
715448425
98480897
152743616
785650613
319123218
36623557
15052864
249744504
117328709
829080381
247308775
925412480
40202308
21414857
292138919
800988975
643146494
70550252
680753034
102849904
89524733
188888383
215377672
240608474
690636404
506111911
228930899
55845467
429264496
365677829
188254353
426447741
949556925
238785195
462769829
858263581
525683497
399363519
860202741
61414736
192966090
416553488
825598420
595929215
404324578
103579200
363105518
728198971
380028859
940647724
215357664
722084288
624635868
152464152
728945652
559497233
494082103
235588373
545824791
962695738
544714682
236722994
748837780
552076244
364636892
60633367
382115073
831026622
970960803
30567146
277507177
879819975
285936181
910335269
703365719
479475310
752928537
689876179
96968366
444676551
113709271
817512500
823760877
71685340
918016522
784586118
785684356
774750466
597372443
520733705
595530509
801111127
112730951
298312082
322820082
940655587
840668632
837340514
136759647
502266189
127741546
402868756
813676287
222786521
130881488
358449117
343520851
420048827
420605252
989048267
263258436
614816328
231689349
78392792
492412930
117710902
948063794
693751969
243937328
310378634
762369174
660732286
694228867
951128990
321710369
636565997
401795318
828299275
292254861
481154739
341646425
826671890
161434674
826818234
191920360
115155998
195461043
488548961
107617894
108375262
507438747
788412390
163210228
492305293
327047949
654828856
593396939
466142700
365857531
651492789
807619224
157513559
541485309
662380695
880825290
543318136
188917947
142856412
860255432
913556803
870798761
491021171
850065661
330306935
513753403
372016231
621261041
396950408
473579520
933517736
389143457
436981368
586144381
721456093
264685731
232500911
959011949
957560896
854071989
438137827
352292237
34927166
92168967
963846724
578742796
279676229
94877502
872899398
85693676
350157444
837467791
301185023
720950711
52637863
161378935
270539425
784975938
308931399
571498011
601959764
658898447
233609587
441273303
378848810
902983203
196287586
209550454
161621128
746725093
974488471
692300475
258209016
713894996
713837559
3107768
992625303
977578961
879837398
689775899
138298538
929624132
548513483
269685758
827168471
132973258
118783411
109528024
283890781
729666426
679322740
680224987
972024297
504749857
16810269
839730060
168057937
202215826
205369892
49298778
710214819
915454935
462841904
452650737
20059255
227153581
230980202
381227943
705749723
88492506
168838214
373544093
517559152
476191262
607523495
820669711
242180298
961300156
384873982
392482634
849885093
550479845
483167419
902388608
192655191
619730151
794671498
260843292
102289221
770038665
938381991
875507826
807000347
849440992
490951503
859762939
277144364
1691661
346911114
24113208
137519266
622195665
545479898
757399053
737477738
747429839
352753348
881346194
959538485
511514034
703741981
853691322
983654353
204952574
640496320
794160428
442124437
82114579
447546885
685350621
515478584
860468318
365588985
387286395
966193069
382253938
738313036
170207724
339709239
486850039
811283180
912867139
963617278
517631578
23488054
282466324
645182449
129497566
363985864
977249768
242533186
177034784
299767316
251857251
496996409
637828297
59030535
255966027
347399272
118415004
45327775
915881705
845016246
724421022
77924714
352035822
882710459
577191492
192173273
813302653
32444871
188595872
493643946
449373187
770928460
441378621
674847643
138095961
936089677
42878699
183594790
5545395
959871534
317498368
53904101
178926992
971532966
469234911
808500994
614805552
143694327
22721060
597177500
231203606
477484275
723193025
304395572
375534004
235372508
729339971
378635430
74046237
792924764
430538267
992959385
277302463
271686917
93078749
188362510
590228125
390688407
29978825
925622375
298379919
51373105
801062177
749704281
913201654
726314167
744258504
406983634
873556276
963462694
671713150
320359924
526767832
777659376
636766841
369769334
14241211
418270512
836914409
464685310
842805294
270761587
942934027
474741317
146656401
331655418
602334265
934163403
960610253
247642114
35712821
571633391
337940024
61572093
786098091
217403715
479764450
783469767
326528749
978125870
201008934
147643830
245902228
535438457
661464399
332765025
906735384
487406686
707338780
641713898
115952647
615394701
957344762
910724754
985605352
363632832
347005645
171372607
748244747
925742383
952924515
952224297
336848079
480189875
403297656
879735667
385881351
413944679
590660448
142456079
318232256
874629766
575517310
702729274
852844543
200810881
934611795
832421927
688524221
465700069
963596649
202108409
348977582
402000549
390368888
600347904
492358444
742067098
652389269
141092542
937048222
843654921
662538703
916738745
285607468
131131002
713250223
812885181
595274429
273109994
822471598
156507824
358103947
51011846
630889000
834305024
723233748
356941831
195492823
366684071
317731995
216619250
385868323
958948546
809852400
551002421
233081878
159513808
166552101
643070573
885927084
15142557
560447721
218661421
602428949
61209840
164219376
949864120
994192978
82555977
908160347
166857435
414188147
253372949
154967277
467757097
783519711
809520737
443020703
462184695
884202752
882384898
271860461
619553657
656343435
239910954
201074239
183136376
208831851
320010140
226477233
325390985
92314483
937787328
335528669
186510283
336835417
947134417
526240482
545295713
85582196
625966468
43191074
891673519
148699406
125315863
670620135
662063127
151577936
737156744
434530314
663112841
140489518
514620785
967983818
823142336
918638584
896020173
170372219
636427171
950515814
456651656
136780969
795431807
796775720
979521669
262569521
13964509
193213594
801253780
740158428
438133037
30428022
729029718
232493995
466728539
214644493
16122620
423773338
993765952
989866563
390267268
572509016
964493514
907174719
567595384
822824555
602333594
398387374
190932501
305734506
369712600
54677665
906729028
650595729
538312855
73657248
712661431
173965084
24856691
349618371
981384256
199224096
995147067
221148818
949876150
128057542
893544405
426126773
521062035
619873105
854208215
516059396
636586156
745383063
207471170
313245434
680529991
347295501
872499028
864646427
302911547
579300196
65143531
237292580
915990919
839240903
66117839
42355617
569530202
459982256
743369419
882371248
255999840
951990064
958100023
247385109
543074835
517621804
302878001
408904897
104819727
19042050
256496928
101082437
419740691
863485533
475110517
691664649
856871397
26350961
641120054
715799656
940218138
58582359
848314084
147873876
196706709
914983175
628628445
674991444
751925505
327877846
634718215
411263343
648486731
982603401
452978224
123483417
110084383
626227826
861504012
806787073
316195771
891622841
387842068
175377455
310929706
129540764
538124613
443499592
692897142
626934319
812203722
121229529
808889024
281393686
346622618
805486655
140732222
888695485
112475194
693609537
112548368
470192009
740909051
91582104
924509711
798294194
26942318
886187762
650811272
240714406
803506381
403197566
996337683
203120053
193596944
174984774
727423748
117153448
799199159
158737329
970621922
348169077
827725364
926315341
523747535
453280214
649007449
744436528
918423681
67662152
70289275
293753927
324641181
807960012
684798489
636065306
826754929
880821698
418329906
420724861
809815407
447583312
618811273
151573689
167533806
709434256
332498468
694230241
992734547
734021016
193227836
346295805
420394215
296117194
388090040
206880411
514829086
573805577
802338798
381651786
22818700
33272560
621887249
589549010
976802601
149496370
327971447
578801245
162139353
545651019
977612250
103223263
800997213
79982391
691191961
780833759
917391981
62322787
831354748
617385708
421525903
439417098
946939957
13746998
442744180
413330959
81374983
619073146
210659186
962915093
984935611
59611248
466447946
396122287
59915584
504791066
302874951
807040268
607526434
363924641
872955829
374265232
916715645
32312764
319583074
722599717
510003186
409572481
361313513
475761239
556704088
78920209
666642592
6122193
13985197
699967342
353248015
951712369
103573915
642861565
775333584
242336759
801838074
627701368
889674926
405994876
431194306
24572435
955569377
884335297
30452617
909716254
45064688
767763174
56132769
74531009
343912398
446962029
974022883
943908391
444768256
773762671
29762231
380899979
61568188
819046127
754120020
486578778
734665414
234496909
912756384
526289840
448877764
153052853
837632164
802362900
542983892
5038349
680310383
563257583
842916982
357747578
694842130
387437369
236671412
107370351
884031134
661726136
938909851
896018211
973919425
912299463
525963922
39771911
281169827
487938112
941720578
390842905
12332045
683130170
523815672
164265238
679809936
208720463
674055368
162127501
807795520
949487819
260679658
905841947
3151828
825085855
354658878
355882396
378364218
941163761
473960560
508145296
243580415
948928802
351658606
805688765
607411794
916070817
714384904
25869362
721057489
236927329
76084804
82482826
361503737
620807307
154316757
494506149
885432466
971730679
112451480
631449260
390095797
547612224
306967684
864216462
633579120
744595638
957276460
714978456
89288995
531342099
472921953
19185218
692828549
152633521
286694578
90965221
32314840
596515834
750262409
150405660
536014096
868255074
965353443
328224552
714282583
358416185
593015623
266614631
451271974
414040355
868287072
905533152
733380233
149991214
71983765
513190414
272444880
35050114
599408646
421281901
332759833
971482613
717576370
15920728
775480085
787638932
770771618
288318174
553400427
578771799
15783800
258749152
376320449
754949103
429586927
929494628
295546497
138945094
995416143
72850156
224077944
353150005
177287471
538236184
681653863
181921291
929339173
619800702
379715409
930799872
724450626
261424421
125951585
149758023
447825525
866132404
269975466
850177211
407344308
305382525
836733802
417753914
414578168
174125830
52629904
729728997
884155693
655480258
534997619
683390542
303706341
299902952
676012141
284641721
587118187
620481224
519673148
167943258
142593611
680349870
343076099
440339970
783296248
954712397
520430123
66085106
957931420
146551651
282605578
695214697
126632447
85621626
150648156
650566128
770467029
156867225
263283096
314147934
536126752
446941382
927151381
633551712
673120939
344226387
543607617
993093471
653421437
25285283
154790536
717406878
52502106
136179382
16885711
477994698
187238469
257119404
83496636
103047631
822611213
721332517
521603053
828293092
994748570
721240246
700426373
333752420
691494518
327680751
51034413
731821555
900806153
913158862
436584153
789958793
581728565
556701364
394723754
469065140
982493150
837164606
392850929
3408356
329661311
796306287
52264406
569874126
689928908
646577887
179915302
768922096
379148078
834448273
525084066
31247965
203176047
507002255
391084203
303360227
399043312
700024650
498210535
641305484
628940778
779929200
498371159
786364358
994940938
705240976
418174034
989690280
371256541
847016313
722930911
877244257
525490972
131195898
986469026
229126678
521008588
327448236
515704571
45400841
251224401
154373273
688524583
371896939
153184226
865998762
308364025
684444130
167045958
315326669
633762207
733988239
822082289
538619863
584401243
948312956
849007609
768213852
337478327
372425754
217603074
663146660
988115887
709319082
875520594
178662282
290274834
557943154
244984490
139274225
4533739
153418478
969921725
730572338
812140172
691661129
343098115
63083974
181285574
293454077
611361473
456148642
779650082
513096038
597464377
236226355
232482713
983185362
320222386
194281059
110596834
267132974
709361197
419781617
147654949
655946059
517544454
925711538
446511119
531337611
133662036
262103202
290477010
174413962
643323820
685178920
143737598
961095932
247246974
349979133
850597549
692587491
746155956
228454312
333396612
650734273
416079041
832976663
627419177
339488457
759798776
565732473
665986763
232264486
389783063
586894072
166612313
822278140
784217076
48127750
342521141
802674859
47952546
267241753
407645924
885117457
842396671
123639842
960785726
217527698
986716586
166236927
9529997
45426015
824137246
651751748
206763484
519401686
858305232
489137501
670420497
723361151
87274279
275147953
687842227
794820755
355551914
591546123
299890807
751643989
131687629
231766758
473910822
570760187
548450350
842256470
275014800
825793067
763314591
932652173
350927773
375672953
367112357
61027202
370870671
704076594
648977068
104147756
380554548
63240996
646074533
63584351
292751468
375119206
859054065
223914713
939297038
689685071
291428438
855106491
595935797
663256452
392881445
162076266
527329918
455093554
454245513
590766991
724516958
264186576
868653457
738078941
41961772
611181705
167117420
86476712
872031259
500345756
681231326
260087277
824822615
397266487
739731277
437841143
810384689
536215145
281879922
361217394
228111386
249548170
685408183
675008676
133707697
713172684
287031031
687860751
270110752
151490482
496063528
565229527
852316652
426842961
401662436
657346320
257655058
690056025
552324316
622853520
22875961
567304566
171856122
54342821
379908338
899324000
239667518
565082149
48390993
341391496
453155914
34689848
986407771
406554094
965655275
567245250
190992397
634810109
145214418
517314994
853520830
857842909
754790314
348712047
901239723
608330633
342484701
572969152
784783792
215210287
932348407
517695113
261889846
707032217
215306441
940794952
823058040
822091762
36588844
268581445
677464399
880047060
758753912
165205706
22536297
588101986
743287917
429265695
700864453
4974576
822645685
110749932
175332931
830651812
5820730
15438726
540747351
129819265
267647125
794435192
7146633
28373542
873653445
620262070
36181186
921403524
540450644
175969424
319803180
698252706
12295201
800516792
944459542
464848303
416298442
44677556
62168469
452864566
215952088
306012971
196925688
549854500
529978553
371617942
461136650
102011898
471954695
475846249
108787746
672213207
604502628
59632669
869369317
485709793
980661250
680442297
244941298
182617739
757294756
55734019
675507794
683035529
933080094
838938973
58175687
865511485
86664539
506819138
257883419
162789029
749331388
173244519
700569030
250201005
322288010
722947388
150428238
714306811
144579963
326297962
937148143
635923007
371588310
915720380
422446417
316597597
10650601
198028431
429346958
556683511
709564459
726594509
523453446
913191561
38065934
749272710
233344556
462630221
373057468
965314676
965010280
873627114
460031408
285322757
481885853
948400835
84980026
919501653
728271497
138522553
384193011
70035992
547487897
478024534
854820886
393541544
516003491
438576616
761524517
337612829
873933511
963644167
575274151
871262562
708449620
344831727
501656775
545060486
792745896
91867377
818427697
748739967
386802206
691492281
13358371
37929259
216808235
60405236
715711374
472601523
226511867
762147983
268393479
464605927
272226424
640651927
605969268
989446186
367903700
858773983
88546161
845529510
240616213
832826494
611182710
630290644
790026852
258071795
352335952
224503362
195283176
801804086
308747405
326693765
413910581
272755812
95014616
557013028
326609711
644610379
842567366
254979659
820004090
896671955
18630232
416746308
827976798
751579476
720357275
961713773
488963288
270645136
109962745
116799717
670490655
945428549
278446937
905351196
235124130
221524724
972808292
215211804
667170249
583405538
688634317
338202967
803281798
716172508
59805847
936868026
783373914
424705734
795311823
801895156
100786668
42424381
491885995
686885534
861853487
637301352
411176350
33022757
22642372
152301350
882647646
627172740
592301438
258001345
111386127
366995727
642062373
146354290
954886782
415805771
807177621
616892607
815589037
785758643
854729308
243629018
590127115
476794708
894001435
120264388
937637147
13956693
368827147
512258648
256031907
773042239
852088151
360497543
336953335
463123180
504181810
46185917
425141649
735992303
152360922
543535568
973578575
475571615
211384346
519104596
969970998
826647502
769756737
424019866
308784597
941164074
186827067
613345873
895274787
403104868
400669491
847457857
625100033
512662602
733116589
852456827
766464145
991417219
639583262
300373404
839418633
650302567
683346431
637277733
27567890
660388058
918288366
566498418
8168911
279849855
718674974
473936651
548843366
332896060
598715097
140193436
423808578
91388321
872711009
877384095
613807822
408238675
536561555
478416159
962022724
4972418
934035664
985756304
781126344
154156758
613147325
416251379
775717592
557998822
89634499
690304988
180105952
856628271
743405919
369876144
488782257
749305057
526476355
521685875
155996195
294235766
483926157
683543976
557982319
211613035
901551887
776725740
65033747
165016187
543892407
869778346
815504238
155377599
400489932
23146137
901745250
975462362
303981868
105721981
469604924
380726518
10979746
390263954
754609600
124566668
357197945
674503098
433009768
700638375
87595287
226457314
467834836
230773348
984772459
750642037
397178998
131227541
657919705
343718027
199171135
361046021
369225589
537621655
298257068
502609100
855309521
544417808
25630186
17703935
921431454
730621446
341247333
146461603
380911557
838512420
468073851
849048816
375727512
798288532
628833032
107340909
309211225
336660468
880053098
412166408
735469658
707511594
371388890
892046808
947539680
908654160
548111157
853620687
208747926
199984414
588661804
345620330
617700314
435947022
639062698
156918753
332367491
708575312
945757706
998008172
353432664
902292368
622925572
997858897
72574198
1137195
178874976
177690722
645261402
975568836
175211604
406181855
880186500
87976610
143175411
813860783
538884304
156112104
253773462
489893349
714692944
620472852
208506733
853063299
423420859
929467109
556485857
886900085
197388868
995438424
167445586
645683584
313637261
549300934
201456510
2801485
822524143
217378320
151991210
432549642
845045002
757703961
141287507
595686900
477500218
119708250
537454790
36158359
324511867
904109233
40971655
709840622
770591541
282184731
9854425
100592820
398159834
142103723
715715760
709230891
358223208
898433468
175083380
303612801
64805931
134981085
368428944
882395334
90330910
489727763
485810117
718984934
166350560
761471171
865389178
558361719
661120479
996474483
651243224
601920686
529411635
826297663
973809362
108697015
107740119
129831879
632691701
836532983
828817328
733259863
311628183
523313832
767954241
198010341
294093561
337000695
215921739
89410337
133868421
515349344
516547966
313795172
230278222
426863738
479861686
934050506
646272637
589872377
508066421
301662373
895751383
677974535
695888246
506449350
89654852
160150811
714466766
390372996
547793375
933571918
823580056
269275434
449827618
27145610
584318247
365429850
205562429
169230438
648269963
179968516
166434882
774821880
63589235
533413426
225799325
963417541
554116800
25386076
235902375
618555484
924749483
121442612
48533405
673808482
311298892
888762304
577395599
826006169
767227381
748565606
411429562
800660137
740832922
805671205
754070339
602323420
78466590
282622094
235227465
369389849
837777261
157634377
292998102
469476905
31037309
799471846
808672046
188565731
780226076
378792043
697209719
946787925
824935420
699577353
925626841
683817308
882623832
916047800
403078716
841160946
49731087
452873142
138482637
445568654
18753840
556455767
99786366
644080892
616565697
764717083
674532072
260628626
66163220
139914487
155976349
53181587
476076531
339368967
929307970
269083881
700862625
264528203
562412520
828085843
609241161
1038321
43975987
870588640
12265932
871225081
170470658
117678295
538016048
711845323
246678086
179019854
221820138
408671419
253307525
29364222
341000592
875313323
231022838
692510972
254700918
895783050
552858512
114010404
277134269
882172734
843666622
835084271
675986151
749174998
483314243
93045469
76663235
662803992
886888456
771172812
692686610
100666467
591627846
107260574
891167835
847959851
914536955
293143265
175538147
92613249
973975109
487258802
784132921
664380717
258621092
235413449
577053302
149413472
737702442
811100338
852472084
3660732
596444099
927179480
590692446
382263049
9514111
125448216
58430140
752547799
159800081
14362156
114284707
584387896
338615310
530732621
26118733
44785889
117322608
117112988
79087320
495154033
196038475
93740895
154078957
669691649
27744977
506073552
649417080
148803851
661603224
589006321
912701252
523569710
269531202
633218897
525072558
425004741
394308629
358684188
432743735
595966032
503016783
37221513
737703841
508764127
103175646
148440795
865935255
348259638
754921258
213875563
818620229
332173017
168677614
597914650
108733130
327148470
708499180
739616243
750528816
406741804
224198456
84801154
197617853
296907052
689239231
594377965
483843946
580165383
274319851
976709932
957562921
771617995
503521005
629822377
833715340
492832088
257676957
930339000
858326222
947154705
174559211
107313351
980601063
472509915
658755632
329333251
612565792
661098560
496956377
827501836
990514060
224476713
546510880
357032851
307928944
267408422
189963674
984093431
643594933
5970374
52478266
526980163
754247403
468343815
629246298
956659077
742392512
213321042
304975122
365831814
281499762
849610662
212799600
833974918
211141158
51439311
663005440
22884394
925184725
3893191
530662380
603115488
349456513
408696694
513580510
788813535
297499597
8868759
448514229
123463266
60123806
571974112
606847447
267854950
867273973
814784944
877548395
220054666
506744162
899078659
771678683
470787658
165662787
400052746
863234177
851520519
709529996
47719484
59761341
702528305
334120520
551869811
817498499
231001698
772943849
314884949
625613131
57792310
981829524
629415397
958889148
4392011
803296490
629714143
870917939
946727411
287317758
700919243
487180236
190813836
594481736
544889845
462495390
220355317
675443664
263424093
544571990
43503550
960612824
755502842
172194070
55451136
716886774
753468851
892184653
312445826
132407445
679398008
600156888
245157963
976989740
651342730
852553632
948211895
260648423
145134423
967824319
804726424
59873015
951885604
362159331
452108380
995202755
968560169
333008681
909612508
896381368
918797318
103379764
662108892
4971803
19453806
597288527
190040359
263456221
100591172
769467164
515394692
137308359
916967149
6716050
614813341
722398863
993132803
885959791
57275720
920413126
228347366
830321492
336229582
571831983
691118435
886630546
467340154
111733391
87507821
828444978
905013770
994217308
237150376
255376465
89089666
700558501
836152128
474632341
774940554
616954367
325302600
264900946
687408204
375644823
322309441
107330464
300917640
703458881
589449913
270562406
317270397
226022218
174302712
100304332
126808083
791989365
386518354
754864528
461738663
776986036
883471279
804653047
95976094
835455188
944120713
345458428
888998521
448372861
460971990
464486039
968614510
17532629
805450474
832690508
813875337
57152524
349320420
235024938
201167961
417299496
281560231
731028415
240122952
129086422
879702143
577104025
265596188
689442428
244314082
600387352
290339416
431469706
725057459
33631807
114417404
643405118
215063201
786658713
859553767
294544422
541167102
719055388
251504649
839936586
66173903
339191088
18100705
542380639
614625847
989254482
948513012
612809702
622353270
382396404
683520168
83427270
895536917
385623594
231679818
840876281
932088650
913972415
495818935
483166499
956731671
711544558
264000156
435320416
17265977
153544744
453936688
983888394
272973142
781097477
588032189
278905423
104525695
733282985
68384937
116389491
239446944
755139336
245734193
224070506
643028805
376967025
645824206
498431983
370515729
40829070
591011957
397123315
826801244
85424007
334540620
512866171
879747633
629697842
161132947
140766351
594370195
206292790
297741524
175294665
166911968
95856594
640848811
631528686
233459862
567864528
750972632
540087455
666500251
899090838
99630130
411342276
734707793
585149866
565045548
862770357
546553969
557192579
719776365
442869697
259668935
385044284
49510013
533628933
549233782
552706547
558515258
745194637
11325836
734105043
390093471
232438522
338593364
938331949
341350044
136590258
17748043
883772362
930202296
127673883
701741402
341747125
199168524
499686517
976278589
541236433
513699004
542083170
250830830
815354643
852568881
218173926
173482087
709778370
844220470
4884005
281820740
915733208
149839097
877076551
818504702
959226795
501545841
921311019
847731192
381687475
832561981
582566594
45189454
5848994
555669992
531409520
692206472
790194542
95821246
548467221
435598877
125437055
467740375
655002655
810053986
218235382
34274153
672802679
896258756
834590089
749887981
878813769
611317977
665759917
26080738
339857209
524172144
848405756
133772898
568281818
470383412
123671900
319085296
861503319
303636046
580902193
303566909
55082314
993580900
214393592
224625516
230870517
129817459
928698707
429831074
441691161
43212526
318598831
755498070
259710439
137581055
151199076
75128100
470656889
844593662
882776230
453325308
767454238
817374525
463210644
34137196
593559934
735289646
838968891
810630390
415220832
506750710
166539943
568605774
966442204
253109354
667776587
847817708
829780110
189388263
517944176
856965627
941758847
325088032
455581008
397603502
413501716
535860057
556403439
423580508
728160683
689771838
562258605
731148087
823232785
928508436
436784819
761412941
717026652
649568356
844327608
133562417
928851199
328913698
785155230
628411521
14537534
463072169
778095641
289434256
907276976
556123236
460805422
775569386
830018817
497845409
898767883
819246255
365361670
870463558
86514428
758015769
439441008
749538530
563116565
226809764
392202826
450553468
597010154
834617140
275799910
884762762
699783909
800419698
569759728
651814471
503920889
840068729
408702565
749438998
140765341
236412185
109492576
121629507
816085998
969136314
544299931
399880125
93708755
66670944
679207621
424120548
203355367
348863022
429532494
805883561
134143644
703367100
291286806
509765005
467726933
614905156
906940670
993810805
683646970
57455705
470093242
482446941
287583787
463154278
889731132
241006133
147046961
236400770
635273754
23458973
413565885
777377606
889664187
567575393
57828515
322444663
205325709
401395550
791892892
758427368
200208875
708439933
465826920
97507649
910539064
901504668
889355066
71022198
870582334
687205624
402220517
664053828
954958533
521833332
264504505
717487582
675348946
840124375
736578527
288477579
433825010
875708010
580674285
884572561
19551357
109596600
366549401
779404374
658501718
158784897
872795312
307405686
802398591
420873851
746851430
470611710
376521922
135665883
766446380
815999326
431093899
93580502
68191985
704521687
203111579
494943661
448138885
903802099
138697906
221750144
144722450
455768979
203887598
550283070
939929799
124666498
454383891
301109910
962893973
142256229
942937443
495388157
73620676
571179818
505805411
261929700
127896954
33133812
648765295
948630586
545442799
742823123
563744292
930391316
99259181
727069377
954095883
171204538
662186776
249704170
80457205
265005547
171937827
781765308
722963514
883699015
892407715
241333540
826874595
212222826
769394993
172326904
223510736
141230364
50159041
144637132
11242889
280170714
892883382
411394042
754921447
179163094
69433598
4849723
902849089
874067499
51621503
553769130
439087788
818985894
731189992
291262570
720515830
269861628
394275844
934437910
60628345
52567914
988490909
634652703
712810449
681991107
762111860
395836580
3313699
733890818
536067858
523120021
453491311
997291215
496928219
435348265
699642688
247397154
704246243
494873093
449644682
886784418
851979699
640179471
997301734
160891126
782522967
256568449
871216071
929694130
626223108
193963258
795999856
243704308
341538858
195851275
827378981
706334895
163910037
357835475
760089950
712922464
6295316
858412439
942320135
549284713
89451393
229799889
340023560
734333446
908399785
77704198
258704554
146178690
707234994
654210958
254327254
767041747
492178673
575806899
637588967
485654494
463130381
664539718
607295970
435104455
715378028
47871407
887335895
810323238
53634754
518403805
227609938
44365910
633889128
137795973
393320659
667490292
442503017
269493551
725342369
247170239
92064920
26117850
708000
813205421
56133217
423057069
568119353
672724436
149897055
443910620
680293977
920728758
509822104
595342816
87825344
467734904
670270837
449843004
267653297
833143206
39577937
422607571
935248277
165564988
52247245
182608338
264630391
606264862
115419457
667886288
956206441
489401123
787700443
948565718
958322062
792819368
768742104
972438878
288977983
16415822
597161299
816725493
230991197
860325071
909423944
250003458
666194462
943670003
689766661
508138183
198812330
179233683
34334782
231058364
957078681
694508082
704536725
942997912
626894909
832714140
817428489
856400531
795919537
931416813
387940097
26504882
341160907
43315662
471423005
835444064
653654058
941410342
558952212
817390844
50777402
953752758
318093899
152119043
795073126
652703672
921869037
605885594
509861580
622579730
957645689
898324591
820564209
526782686
239984061
748176222
27887809
973886715
835874798
489691403
447717999
144406536
921558563
804956680
816881610
446253841
663425413
575295594
259282549
321442347
571485047
167825269
583957769
725683639
656826790
247297499
493303533
41977598
895966404
968219398
412282828
45500728
853066580
788661997
452623886
204584851
646835475
851711550
869663743
796931534
712859551
850655463
920203792
118399347
704359081
333496971
249267060
736193563
178055038
816635374
847185369
861024712
313790514
403616410
276511763
232276352
477590051
118844009
627234351
740178429
111274813
336767655
945027462
624995170
634262892
333947958
949113409
407297486
497643569
847395380
807107720
280689343
688880618
552334996
881644513
237960738
880525470
295407124
948446877
467275927
884463462
436307243
979007341
62730821
21725680
243123627
61313195
510320707
461877152
367753460
826182874
721350174
259335894
115292515
153202574
819219091
503013919
601489019
464576331
264571948
572231868
507439379
738377966
128602432
857269997
20065743
476380432
662944567
277896802
796288461
78630973
649715385
899621262
994859181
320793745
766905823
641537810
672679367
720857195
667195955
56845591
700551027
158816105
964019930
126419612
456222931
329762910
722284538
328316907
9952567
752965927
605692121
434933162
185726307
913138215
122669644
414575586
883560460
55950942
338338907
506538951
721679731
608106869
935309033
118903965
630240622
150312198
302525111
689239797
595284419
436142109
655890868
151127571
181250732
427169431
569114885
858177835
178531652
897247036
635259517
353583298
419702754
298889715
104039798
44965034
996618633
697336874
101576820
133057551
528608498
700814613
17791919
917575354
591601190
52629213
628079311
762978814
383597963
649307759
974065100
852210244
281423393
104028256
641310841
898150767
79194325
701045922
587271743
546611706
842622639
18137108
392004257
404031412
318795791
661180987
921370882
90083524
30097260
108011120
408946568
551490535
733469898
696948345
881654679
47320611
128880496
744310533
981136163
989023986
305438057
915436474
321638012
954331747
355677814
13230439
822233425
829607583
642298301
198448775
828528702
164167603
402262554
371738583
682023107
189002924
730395200
943370196
594585079
830864854
40000029
556959993
549961241
289584708
296340975
50385764
968457896
855712731
73247953
276120138
667961003
411523618
931943229
285838541
230543812
16676462
958725442
213937969
52332677
864071140
111973720
638516288
104051115
806685326
579557146
878511314
961655572
308356608
918700649
653062746
135234579
704812826
403500714
215892487
718168458
342880232
167460572
15960131
400594978
260258847
279213015
339845104
157655004
917177218
860322322
561746962
826776923
671865358
746102883
194485037
664591603
641206747
50941856
870819132
791389012
957205041
418689836
403429805
321508195
259429650
570513266
183213424
692585459
794237803
196798656
324213598
656867541
51244498
552904376
43214833
424067770
73864139
890257039
641095491
916898812
992167299
498172761
433673184
256318223
895184341
918132029
792266678
637005139
901795078
719505263
247122750
199332289
235693585
471292603
789710070
316959501
265362537
394875978
976239129
725176392
43226342
381779348
92544386
508070488
836925011
699400866
118344892
965190098
552479749
524054246
755059463
752974088
966365379
436426455
926813717
687576550
526433953
342227264
689795271
925135064
757038248
442806418
787735641
601370886
676329804
849778981
745032011
396262934
892754336
850787612
244043358
31879611
277882997
592296872
767433346
395666555
980345854
174379163
48321282
966615144
285170515
676819807
451819120
645267403
945583669
19887869
107934695
858682101
262328283
872351704
178656135
374737477
523430473
327708506
938219867
494971683
131819544
854094632
923196014
788416944
174512019
160901180
712600467
869623342
596548252
370121966
602462631
583976491
290460234
93883159
247464634
514788362
230736636
681016940
421110075
614340845
421944662
760702142
346244185
423041968
547033600
730508292
915031749
154484306
72441776
114341730
834944495
977997187
309458599
502071452
259054467
447772746
344525569
668184768
311799420
811449772
76531232
37738774
473481731
850909986
371638207
298538495
743096003
587253538
823941238
671968625
7531984
10943500
908921224
441554751
580474002
588494196
183340491
833238550
503632211
225999990
291473838
414665118
662377554
836204803
940632982
185490228
126390231
30391407
353449542
348354768
122604976
173777349
206927992
820053054
512025445
408307942
212448375
696100719
759664623
857383485
747815354
690518780
96148981
134315921
108919135
841131881
819463203
435521366
110388697
156109016
187901347
75752186
461126725
913606752
523104176
210475414
235250577
712561825
259148131
752467132
478360794
367237260
537637421
272473740
625058379
578371211
107025454
704184834
452649467
804712515
111811828
502814673
574522392
510036147
760283772
512664881
784213663
105973193
269322748
494080364
96530199
177241976
687947737
395737822
968394520
713513435
813898165
747027334
281863868
663862626
504453446
390808648
343285821
390069413
711868081
391892336
475187401
378772811
655073252
984925986
429147554
677331109
19382711
464436880
664097552
940514608
435311174
178217477
232465497
454688040
944525586
430944374
196901944
748687816
468109142
681687681
955756393
281432244
481124236
960129204
86852884
84278880
546303543
541411371
683667640
781586350
722272475
834485893
893567163
809058278
821286486
955747356
353010772
721173085
593729986
668053658
858164447
388868560
400502052
786326485
226802247
637634584
42695773
90943849
982709889
786472611
515852068
346745747
777000393
268144377
74620480
61541149
3104248
616433902
932346416
622536275
898226358
399501239
838099545
798788668
866705265
78510893
757709559
618484919
159649536
77409875
721820672
156183598
436569955
355679230
996279431
958511481
806894110
780909835
250571693
935027651
560508004
541196371
75991149
530062183
2077608
791115149
405225738
347842956
942647028
532251859
398625782
980206877
311954854
752721149
432157323
569579240
74629991
259631033
324483316
427756466
393425617
42537243
372622427
195991364
769952655
648683384
728630780
617749342
279953248
561105723
565185170
316108722
950569430
92432370
606109964
945878055
474713702
741172153
880205489
768360937
878025617
21187754
102092149
987907360
557374243
843791767
28097967
558318734
409801179
287370367
611596453
735529624
26218049
588455322
128668966
514045145
520752301
433614007
447974963
869517451
21713249
223764636
465005517
403185168
561795714
188469120
801676769
106432037
434035982
908643281
805407736
177705313
38576505
21251280
758692860
286252940
368968768
24898762
629770259
930064982
732544502
483635311
970410485
970683727
979206488
472248590
317652429
944317191
96406066
769857388
368217220
184759747
175999573
758721354
132966791
282396885
163113382
473297305
218251989
288138391
830412705
747672633
919984028
297874040
510377591
310798017
159856606
620514511
340394480
611415900
224295624
633412264
208575280
946547527
347379269
382209102
698327186
546032732
553445094
706427484
289073608
670021698
363593229
707057794
63375676
737715187
686178477
864323576
121700037
597549594
723075674
911320940
560434317
208204198
468229703
254943901
832152159
316100976
607074094
60143542
496972056
655419883
80145741
349505419
72542212
643301626
878750928
458148199
30388673
215489896
335046426
168290078
288852414
151051108
148642333
957804664
244467674
642521372
993179427
546067724
726909778
237280789
556304769
694234675
817712978
692725734
850842829
441503559
308730055
192438359
773072677
571163600
86804550
563587696
381679846
18430109
476241565
474983415
777411238
512943351
267256793
499983495
148131548
276977563
514082363
228851370
836409332
989718624
587002542
89152514
697791754
674798037
850879153
604124335
440574457
152545517
675345279
263913033
435641054
304926217
783833685
734539048
249272951
990923371
908527142
719834514
632654631
413615723
504357566
28495916
915153177
99604371
268978808
774527120
850977488
366191191
905914154
664519648
400945011
451611525
86429867
821098344
16918888
105969985
82340881
488158502
237834944
442154270
599564184
653379605
866210744
583612407
113065663
912997243
402330466
93482206
723440159
395117283
490384479
892862518
236946653
914531346
846338464
969136667
382984626
638391253
236160047
709394315
912169427
82571398
562728393
457108895
260049485
638596415
756726225
772062368
772726454
256454714
571393121
912020556
196521101
425307412
776834927
40862021
761944343
387930418
419679468
301613087
759597619
892960900
442886254
129781007
627732923
172242178
388548229
450620082
291010650
805940155
284779013
637122292
534491430
20158046
476963753
561058887
412715277
860325306
948053207
952994862
477069519
68203505
712017647
294158338
200913126
860860360
719493946
588619562
516042834
847508646
205254923
371706471
980502854
657772020
366948336
661560573
708200277
821476957
406240831
601216027
375478921
68640100
591475214
472709937
821142239
289485193
772358184
424914900
215386906
189020415
219947144
930076507
901436849
79637553
386107346
475207207
924187589
550402808
11244403
774058990
855021753
213782293
404483064
890386309
859449914
259332825
761892106
790094435
80801878
101260179
546078014
372229285
414234570
226418140
640024601
997441443
310481982
693665386
22692534
585321312
952105589
305885850
142585468
915664336
919774692
984936689
179361078
625355283
25514600
682647725
918082036
366568258
343877012
354321959
671901912
975692831
822780778
259385455
763290588
442725835
862710458
722952150
751416169
217272523
791387363
151723231
512363278
263302878
265617966
638038305
490609596
244825318
324312643
413660479
952625359
718873099
920131319
478813706
960517563
465442213
949070630
233528209
810037357
238212662
941029796
592270619
815469220
993076142
236531610
111021230
473617370
356454214
140610638
874755697
50119542
530528563
806044021
859309762
602668608
169360289
819625671
163781485
86826371
654520074
647555513
637084805
118808732
727977145
360595203
474202350
349515666
157972255
931166562
360103277
336619917
860596229
789227882
298760152
394192961
218277738
656764104
977511899
28181772
496928569
463501826
679718232
131411632
128208463
208686202
381007789
401612332
615168290
435514210
772017498
595072239
687349423
979833178
416126663
263767183
611639603
101088998
312834883
538790455
812536849
307764831
919560469
410214851
142467356
730693453
346119876
585111184
431846343
829473849
831178698
282718141
376160033
179289109
12196536
52494853
642498424
559745077
98876588
580580333
460391495
48544170
129519350
844191137
949005795
729986032
281518514
521178370
693402733
108300646
444714378
754365773
238486489
906121061
69115734
93965345
915993977
889606653
327318629
872351466
773915278
286684643
707187304
170923195
231970272
673713306
434730735
417371031
111010976
641491216
435701417
440697642
699501494
589362514
440107070
389849061
676510279
13790503
364734639
677547550
116934232
767655705
892102041
526065019
349943785
447882550
443082261
201139444
845148645
608985227
366284920
910487327
40205331
208929887
753754822
722955848
941269303
600689584
392262891
208056415
513232043
22303041
908178930
395026920
147987536
583243804
304999165
919083477
831712103
752758294
825960792
401212326
40568459
7204618
833099545
288030620
450635711
352422910
616097401
157381141
245717183
578893338
749822479
112886795
76842915
262448613
851358512
712127992
133966101
938292262
862953425
794661214
275917890
569856246
505460785
82020909
412787097
676987314
604957744
494231151
470740746
521764294
204535450
316238833
822637362
730207365
54988918
927824175
704778019
390512577
98756714
812006084
926848563
957230033
262886796
530002827
308483397
234381061
874296479
978212318
131174167
36803691
409963138
370312920
290589574
510547214
83350285
259160937
67689107
47295632
597108035
989438696
733188463
603395821
118591414
342758055
13905405
88443065
534776979
866024754
472769472
180262642
206933634
996520429
66839284
53540896
762117807
528865958
569346459
187885343
218383319
930998910
176022603
982635706
640109860
74877154
282222078
740249103
847356521
988420585
993722920
187051551
377419099
984126888
291343377
680125966
202330179
662508999
716078882
164348129
147638695
56119506
881827717
324472287
15427801
312681023
614981216
6338686
879643188
842034757
263014389
7046567
50866605
987098984
814638268
617563901
863839562
905811784
887198534
4289668
526903449
975640423
691237498
669406780
12090645
723716151
681463509
885222677
393362367
182310461
879315199
444233984
574993262
57632092
534269674
395108785
786216712
46138837
447757003
481635572
260859263
889783109
540778981
347134049
496805118
754285110
314447236
721350969
144650579
756356314
65445442
784514647
233621905
571832315
67900651
40852361
819853353
541049176
513127750
577885294
16201171
676859006
687230321
895528259
684180548
238294307
527200078
887412231
599761642
665432220
67790727
277192625
223507004
347003609
655747668
310400938
142662142
473652274
204672326
38345326
383318332
83743261
571443854
156985401
847479592
153978300
535799521
66884570
267803520
828287951
809835526
266909716
471052848
171677953
305369535
5670549
33675683
470852787
267039288
337291384
401487446
860834430
434441610
677603121
754649010
870977760
55515717
691275446
379828801
484584006
728187798
226607532
705374072
56019326
712984446
678569644
198616568
913697181
215649380
526569979
367952554
18017198
692711986
351667891
618273765
60287976
870636632
586983173
123799423
130402942
665109584
282893495
214675064
566458051
157790145
1378485
480127465
906149614
364592832
606658496
863340120
266688627
878970477
542411707
703810404
525420296
117334145
667749355
587772165
589246839
453197780
673479717
935957275
574894016
711210397
242961584
575291842
393840623
362106461
645109064
70771464
173712329
836181868
18663860
795709854
172651835
850384592
858060023
245046918
14488921
581301874
944643470
775963079
870118715
575620825
529151447
43269944
128492795
2284481
154726683
122973546
614572450
428799289
559064802
141576878
807123658
62887169
864019677
588673959
15388600
225178932
699328098
734938821
105093026
138745451
763822564
408950857
808648745
686121347
897254807
471918224
763551541
209907053
534695518
938940253
263476791
906726361
921887713
914706048
112792786
770228958
958392023
971133350
506988918
822605653
17320627
109556229
456228095
994977259
964829752
335485603
555598731
103864125
926031704
180215132
485177317
882236296
554917646
369409094
360110655
330142300
309474975
632875413
348237847
703154315
821169263
625365175
478301365
85258684
618659555
736501055
969258892
981310833
131194181
532203606
937432940
510421036
906328936
509313943
527470326
811676746
878874335
199061739
179422697
513441853
745176129
120107890
265137186
765080717
366449227
563823713
484403562
389092546
599671350
586810497
233623315
669778273
917772320
992670395
183015279
361265804
322891261
842454321
372755588
700116341
923147239
776056859
703268994
783793093
318566532
768661860
657312740
932906114
610545737
398407688
365015996
607312545
989053191
576699657
345224073
283021897
965242072
540920418
372042940
181693797
571211621
143289960
971419150
605809159
426641980
189818708
930881970
697799381
216776225
730606639
706537857
245591642
935490463
557073737
807779020
779751790
248476294
417294322
939733864
737697608
949862413
588412479
486639734
450210927
516889707
594634981
549236820
361734092
73149528
197890233
446957813
410407125
942541725
353393173
621871715
467338927
376141542
385896959
705666827
343149241
871354289
62336368
873355415
538321672
475637990
418758651
861608182
214219115
203348753
289981318
37992179
531686773
823188232
911752639
50237346
876247051
76945557
961156820
60238853
573943611
840347648
463155517
760585902
322136147
306217977
458992491
644583488
275911979
235216735
584258911
960755893
988321765
649077332
615446028
32855055
558826461
651275768
330561744
194422288
933518449
916366208
545029324
197220055
419551204
185122856
935368571
181823087
231972666
318695258
39982480
973716398
969644949
194931857
946812460
203531503
167121097
690167742
636593539
65765573
46200090
917537273
80656599
190238706
86142088
378345312
971070012
748681790
197687290
532744768
735436702
210815811
950436569
780843574
668474275
525428148
694316604
508623837
942002940
105656556
889136706
117767733
671532397
535475682
162607844
426816234
601401737
940760311
129733127
418856454
896008654
393869212
672941608
813365723
719177985
864706035
388812892
378235046
99642958
836313639
358353058
739839911
48886782
852957350
913583469
617655876
418409757
184888443
476187846
495846980
783667838
704283018
371778564
112236755
724064019
698680521
814477024
965730948
125400556
725941964
216561982
362352330
514930468
346666667
159575048
124113461
132878465
919791595
334502149
118471641
787551184
597139573
260570908
361271822
715820242
139606608
854478544
262567961
488219789
629199696
462431828
887384880
5891289
659308769
250073671
221736757
311513938
954793580
315079074
331180129
562617511
380646556
986908030
58577546
68747697
826853587
252524984
532724104
578602354
477458321
754722060
449068239
303746941
182942850
306299669
415926379
169233543
781387205
33102054
746828314
218987292
150714165
33542062
841109200
608181117
941993539
257293709
478668141
908643426
419015699
794309255
884043200
473487734
713430174
712352306
491510392
522333563
392077412
473229149
175644874
756962047
54541439
156850228
998079531
851789045
382390597
386551801
981388410
26307133
534749645
877775195
478765342
201615302
479792891
202644544
640980118
410046688
954365443
716036113
921718580
755349353
360317179
396061298
718726959
191478184
704430272
394926800
80651526
441555810
639712566
538413473
757258110
160555994
731888530
559182989
382271175
232111542
687856941
459727234
199666228
375518173
152910660
34799044
653175639
794677862
666164441
595963970
555427258
564470974
570264095
437618912
680392215
472192311
73169449
188298759
903016167
44483713
2532895
117346465
807462619
645275180
836928938
7954448
609884744
134777513
771711924
607944561
337753134
636363749
867587390
336645626
734399900
341295950
649180336
776112878
750722402
235701385
295840455
730448913
507803156
740115930
340052538
212931972
219123328
289529784
424484582
985143492
129652226
139802656
792590107
761658772
974413279
905917704
703080463
7040154
622938866
164826718
263503026
558872338
945748084
430398403
579682210
511769199
921350228
661010395
751622791
7027988
738303045
916071147
658676729
613191497
907345863
293910913
455859514
540106653
189060080
320099683
615362395
537566649
301203647
41455657
279963393
184912814
133407497
643871244
905687876
546395453
396835978
891570937
786406161
441270963
806884498
89347816
176304382
963152518
299434868
161810119
688185186
58571865
423149602
189798248
893330058
778469919
378348726
432595058
374942587
318998389
592136327
527790201
122621790
709703510
858577603
816439360
731246817
634076510
94653568
718411344
781898787
840902331
103901922
214948739
404474532
959942630
977514392
864485513
6154565
85121178
165276692
418516660
236255332
538319233
527834640
500121804
419959161
428265511
817815343
846879974
988765876
30453330
449814684
136829992
376988711
165466014
385658545
908844072
701802381
992336313
462696320
572179377
896042121
61786032
676722171
199571142
729370379
376492991
236374188
161750087
910856247
577489213
465501689
935204921
923560219
564426809
138493981
182752214
315026011
761185219
19518106
35848925
328400550
189238405
236793101
341857781
923013935
427276663
90908515
565199094
345232700
266153634
307635270
839125953
298656415
294143090
741783595
182138882
511952616
210104427
570579822
314617615
370234921
611992185
745924533
279987462
41852022
293327840
387629514
355595299
171912771
817048359
33700722
543924800
196339571
465013050
768138707
549127506
647129355
510879566
739880787
239945057
668936543
548702244
820897728
109084278
214901608
183284002
29240181
313267803
425266892
778115971
542734706
399549760
592009405
332175234
941733841
572337286
121455336
757366929
251522627
892127582
764410996
968796118
589195748
981921807
113032019
937502717
252459922
55460212
969239208
44968471
746533609
397350538
847516227
647626709
318813275
616929588
479010781
846660947
464478819
148650830
412153712
423893350
228679345
404001380
863831033
686480900
818556657
135823261
419199423
387946368
456313447
904765009
703840056
355104934
509789311
181247941
633308118
257214446
688631900
364681444
975575517
83745251
477072116
30289459
90575084
916919113
583638048
887599853
937743962
535425299
762771237
138717593
936350285
896843597
812065821
422520894
856033058
104258539
640198816
283121762
851293898
123415564
649152786
46255477
665522708
151037943
44004496
989209256
547155982
576201235
522547805
973335307
520297784
521110734
531599263
963052922
876346272
529181589
214997695
675508556
346369891
272891526
260520012
695520269
667293435
447323984
628777314
52958700
164690827
413999180
330102394
303644428
911206497
266606495
15793352
529765314
658688376
809787408
589169849
272552149
707493874
582038304
894498150
601991441
318181446
51587697
890451843
192884407
324727039
124996121
205246970
294457552
575250928
879757471
947293142
949004472
172427007
486423221
205430303
977158473
561318292
301181127
884738369
654321580
230475164
773535467
897377549
724675907
683030370
735486578
343122164
352906843
126349562
609493378
634673391
730370139
339370357
313150752
27741554
386248025
141604829
153746019
75083752
115650153
533549586
952394250
146143662
807299989
559209284
115379035
630953567
370201168
650947110
990376887
484790908
84632148
266565784
99169849
61150274
758804261
989970579
877500475
58748519
897341753
259917751
5415583
621027514
430363674
906454102
969755172
713614278
678492693
262762413
848310266
917204684
534869379
506514046
396073943
116370274
124416076
861518785
606894109
313949493
799790146
607628879
855411534
708737090
170984957
515573099
267228350
387596521
295096228
544640787
825259960
332191375
165340595
395920951
367632195
325900911
184867870
590141714
495824037
152876165
774432261
366357496
945343992
885530662
801744526
908445012
380586336
663524746
688878638
846223280
374342373
327192887
755646903
706942386
942477084
41078847
984496158
887003055
32503847
443504955
837851059
224180655
856376443
702456836
744738476
237923065
472463739
902962267
867984702
531181424
113924684
458410483
140489112
557813981
923093181
980645604
672321668
308630048
788730580
986652646
160834026
405947120
575507292
803884263
2728914
651344696
212444371
545421613
37822447
819583754
977930197
679551312
928031487
856423239
274373742
182853840
698005429
753222762
424255311
660315683
27922577
418458109
752334817
358975657
104116443
566984542
444860646
325200323
170712
806420790
791061847
192275626
605802000
699466070
11355932
218506181
709495354
639086929
32869139
300347761
868916733
397166722
34947529
547735968
90937038
631433573
485844916
313249884
788756923
790425159
38670712
770636235
481322159
641806772
961273939
418656796
108567900
251236702
873172233
306700166
335691328
926703227
639360973
172959733
640321110
837837149
17231728
377748192
65185627
781887462
503656626
798395256
102526738
733245845
811698810
337558165
63134363
331503097
799747076
254915538
29449884
222263860
96981137
993845803
241408608
57465796
991548023
565792299
792720357
714743438
428324535
96197965
724213841
469868580
761517009
280513745
818186942
905623534
39998656
429712735
47624272
138549817
461791297
489800856
230194933
445288033
427339149
225353392
867563693
62770116
842078480
969397226
675168737
713033122
257596934
961035808
914073169
833575491
277842239
84916667
868494957
837640455
578700967
301286943
974618764
95187090
580151313
231658855
734230971
64074339
667429112
106974661
486490213
506681745
766831415
894844289
776684274
499909052
252321749
694443366
606717424
891720774
385093406
376597978
335485587
934548223
89820271
109086374
290799170
510251456
356786183
281931839
3705083
275707256
294423778
997141548
306213969
794974034
974715324
355974070
612656661
772533082
824776641
365738287
65768014
141935781
223954863
94061059
401392333
160147591
822834982
209606474
935593156
408100766
248795885
72957387
42911787
775381757
567584541
710553977
243451917
917861636
460643931
195461386
574836927
854971916
833235352
677634083
590830326
72297312
387067476
178191360
54860983
78205314
786040211
766269148
442856940
748236961
496294803
80435521
232602055
942885244
893316786
365592642
807204840
483300683
321525637
736582390
868712709
39016244
261294560
540124172
35438108
980537975
593867875
814406747
470057961
480190172
749716595
634685513
656951926
910714059
638658373
95218801
190343530
789122934
288104647
440168455
287902167
308796481
839942748
751798910
274487168
822033186
577474779
595544302
850691793
23049325
385552090
110852380
669917017
672562380
539397019
61438878
290744765
467391000
79100096
576164305
599595663
116651301
752775206
715807924
814512305
193994638
561059069
408562133
200105088
767185485
757537271
939478554
941666089
605243709
955525542
1696285
295511803
960741526
527254612
322098178
988949239
690714663
62485366
975844705
297233393
360213073
129660429
268913461
892251228
565763867
442071557
707878061
162497487
983794045
104463790
918921888
358849368
171039400
229345356
364025415
538259386
567709987
558542839
642358429
397270239
401718096
415910101
672962556
654102744
386408389
299765888
556818730
204639929
727609241
579406731
321779173
934136741
327279884
424908379
947380146
682643306
608486795
56364467
527397695
833302912
84737515
771700004
684259271
691169937
192893269
786655850
558765330
321352361
755147900
180831052
110640081
734961240
808854019
780485578
723746055
360699094
482436236
821296130
175459806
411150175
117525269
18637361
162069611
3869088
191982540
271988040
220836488
986495101
43128101
483367490
120618903
986354459
768505044
768882903
241075665
611082253
110972644
952814732
105296157
441431422
625774227
39923631
756708845
330964273
350952644
473575598
838622798
456072091
302928841
584271538
484944177
683832658
783273127
960209229
719968214
676093332
454552234
315643622
258937886
564562209
170670316
777685326
644604158
282249939
531241321
75848376
210514169
771362723
343832352
362817956
715469970
457204391
769300228
137350161
856594472
61331178
682875509
537958716
428075765
972201447
634408171
782793286
265602589
385776427
747663518
31762378
531195048
243887734
963119868
379481113
786883222
834633874
190023396
942177774
734949756
788409581
752992904
666572777
638693766
482257438
347487934
3176170
647899475
558377211
933625387
821382141
715071215
799205666
148823893
286353240
294232840
434660420
671222995
304458528
460244044
491019307
653536166
715210154
337293560
175156270
666908892
704232858
936974107
942535759
330101758
417627150
336991018
4643205
140489999
865344472
211070352
695655175
118395453
760907779
876179287
404924927
975444437
283463202
596745441
541375677
955598473
813750182
974971173
385239698
996596182
669299652
466976628
694168253
464123403
925413046
461012405
866178036
212568457
245739096
847050779
644675652
2716279
508251272
867054743
203928831
702792598
811693955
621457136
885337051
618490268
383566058
433568484
699222136
759486748
308935959
156483709
657564375
542393639
738930604
602831008
959546542
32064971
106967338
537881556
185458301
517309866
387409819
13376743
235887561
326464685
99523685
428876734
385469965
110177006
481977574
650245727
565163489
566464851
728297713
868670267
573876148
388199076
654505539
967531988
355354152
487365075
950874599
43833454
790704102
728659904
720633898
923144513
109877906
991260572
937465079
848328901
168735556
482872113
332386741
682137308
100355352
633245276
469115513
129668097
717840393
460890166
41925814
616643627
719300540
340402527
227133772
616404456
694928378
966782424
966005296
214192339
404013869
250107767
394898437
334752101
559073049
133426869
868004277
484342415
941980242
272731697
90847480
884475682
95474731
802682267
268776367
490743839
427376113
288339580
585010477
528963692
720146000
601664742
968497956
73569061
942397196
617439532
27082940
319400104
848686023
804773929
516249337
627478785
347503709
843408878
53561078
155326829
296956351
425658966
868489665
389385101
533646030
273230798
689600859
639984539
941186287
179237157
407694777
927968207
282692446
887007446
60778762
14561755
140483246
67507759
296313396
809819416
610517955
4259718
255658325
670840237
893879865
53441330
935205456
596751829
304164311
237169934
36423691
924166721
188735515
49597524
11990702
130620788
304540040
247941277
646541209
282708899
132353380
919375657
594535651
10208350
399345134
236617701
788458106
709093181
120793534
927200402
707969793
158506812
108863764
296635097
922871532
206970776
198879486
322801646
942795628
518836763
174195938
307310781
734987686
426956241
782781620
800830107
579389466
461588029
453651973
829174972
902234921
317012730
687588979
549442182
729087074
368109327
255092488
17223361
414748871
850175179
654150505
234339426
455935892
954786146
802118473
313457162
178941501
360934728
832184344
88784343
763669237
123581954
212295263
760089473
845203208
184045765
780004738
417811543
210798999
948017606
960337809
166722618
193936204
652872063
967001034
261428541
235043471
340903105
462470413
389418451
712944811
442023627
658042619
829436914
871898810
426621653
809577563
33131977
826778302
312915809
255782534
62427234
127205448
50956615
294208814
318972056
825980030
809176594
801893750
312198385
968477659
179127118
679316560
638903087
930328385
546770484
88571133
775506350
805926592
945109711
290676251
288271329
726757403
699309198
260762111
297284100
116846182
652548841
516797563
448421472
363932632
99131801
332909218
946860226
24739588
775476898
40741787
71697469
552971748
329760430
170881500
775734506
834981532
144250302
627336933
495390642
674915093
524841650
834251025
7226744
163843618
123530018
581528028
663770850
18779416
546896449
609651679
560912334
150463429
418318711
957003004
498086630
89778217
597493028
915973420
586186122
780215717
659200959
645542566
640916804
224464300
549992858
639498389
750491295
984221846
907800751
808373984
242060175
747224679
510858170
728189216
941225537
256683570
389563341
410529864
180451011
818869462
302645601
816011030
426542525
428359355
813491682
586297970
194871589
150116072
940721918
730185620
913045653
605566552
122814366
414844270
681187133
370363054
371448242
453882133
95484239
977481484
155987862
885440900
788613884
819747545
788862735
170126688
659833236
654619578
910508632
468608781
240334257
943035770
542368682
923891602
305584029
945796165
243407318
622301889
168426937
171413273
855429436
845236183
627987994
57461131
406172728
412447588
805713110
8595397
864698616
91430741
760797980
435726310
835172284
442224170
948643434
992010469
200141305
131438463
662523896
688822589
701246474
498682290
256268235
974367073
893492451
565947493
610054593
725474424
529241966
503402953
534067280
41151349
68999
850886843
953184411
514840492
115053201
962621742
450271140
409407141
239065116
424530343
367555503
464619619
352610323
194489932
754043623
850741119
608449722
847364940
31252573
9894588
233043753
425300471
105635685
473023693
507511128
901396497
58276
479670538
60244063
130219150
142529759
54230609
958712097
106339012
544329753
495046131
443892220
92953018
208862651
800125694
276553016
42849418
712326589
610675878
595584762
638127269
800769705
913217410
830113111
806900174
975784321
664212583
121859052
916384835
694482862
674983145
463001691
190140707
411899095
615789955
995872871
805878191
637422360
202826918
93812971
209448597
808820367
626696658
126968181
987885998
523227065
942040639
376696872
412111605
80225768
765569974
757124649
143870300
441098303
759341574
741241562
686218114
380468310
992374884
86372317
872521594
603964099
595280769
394316552
740565955
785340166
740304864
206764961
240227716
206846773
533375742
188228432
621654210
23864743
649021162
38759859
795076450
431318195
898504294
844170477
943139419
74934670
97455728
717083754
803945644
681349665
534468804
789584990
603162629
859735236
398502045
36198595
315451948
563601704
942900756
882600991
515013312
379131045
384693287
158240466
691555977
595622714
715231768
960268587
908934562
808071485
992002204
948402199
703480581
527694288
280834291
496927490
262215945
146783298
253379532
452248802
619358096
5120778
424231468
897544734
588809454
394082505
714482522
21938160
704405186
146178496
36421703
238712372
239529177
627252553
795676650
224752576
239458773
121717635
492918805
812887425
605218343
853389044
277308208
26785808
118923384
413093663
362969489
241222348
837861531
920122285
215705839
191013650
831549113
34609170
340540499
559212530
776727813
220685663
218260324
154488640
440349204
403332891
233600063
946253593
175071297
732612328
917345538
200563556
833788040
551291140
817211701
412023797
407310845
160251404
149348215
157019074
635625540
821676556
269947163
159565874
988064329
802971284
634678115
136211172
760585306
74400853
492734947
75921738
170003139
817747026
522585910
428326828
628291941
267173624
744703428
21695695
861628550
213519345
736398162
438752523
202787899
703988606
347225495
256844405
167946160
461658340
639760566
845546766
249993294
318849525
155995854
251667195
935010013
94591216
66348884
606045762
176182238
873862003
633431608
526125522
670293169
953564029
495654953
530685190
947555439
849679164
160373778
874391915
394122265
944703856
198469773
221759767
228873778
82797501
50530435
667276959
877531566
250330993
119243133
870947487
507933682
805731257
574487240
304897694
609190239
725860880
756255245
677245985
248630565
672412337
623916285
342254341
39112465
163388338
538645446
427540375
496097171
441405951
204906370
192849606
711859949
852693501
519439928
229314153
431314570
510451468
221289367
426944898
979113056
424081626
236105283
238831172
834638288
702585308
45495985
81952986
763508208
381684181
674514632
245899267
600738991
157995165
452752215
460069324
172172217
178392016
387863846
297222615
952328571
68481186
842075041
147339694
625733009
966312683
398741187
393250418
197686503
789677548
449122144
983927553
702740797
488966250
726564592
513772235
287958880
689727615
704978928
949058227
404790393
809506771
206492377
19506809
647595384
973232487
898491574
289874604
904022874
51614878
412647041
687468072
239975506
551771386
722242196
633954040
961413537
922224888
258870413
179923149
577029814
973725882
441038582
62008391
59192087
916405508
464268015
800650815
74679142
587682064
379913911
640545081
64037755
443201067
120338996
778465384
250393715
897247483
699766735
264793140
952381255
492138354
316400873
739772660
897949304
538839930
844580867
165768298
106458567
816553807
717365696
758941777
633391208
246467863
961073718
576718029
660003037
437935008
76835746
905253737
158603071
334076684
657439330
664175952
962635526
416702148
60852894
497180214
373293215
342560197
380215668
682916955
685709280
558385429
950396975
851079893
740204795
926856274
167069650
551146422
461851705
632724225
667422027
212776261
384102211
592160018
35495712
777410168
871495298
494191615
289496721
438466090
761674690
132664976
307864570
606373990
965613013
545202454
935713166
833974705
109675479
858092780
56726857
388632791
634491416
269366974
41543481
74079742
239172498
544997579
384344285
914281575
184334614
621442103
100747370
793255519
210741056
824240781
798370577
186883243
648117227
335892904
624899767
451748077
47374722
875725376
975469008
634039158
115377400
411498921
364913867
827042556
107862995
715102719
409336475
92508329
1149977
900448970
94105528
598955831
682259434
504493995
900338393
83472691
226922006
872219439
825932816
567457551
507536132
394616603
996646705
756168730
936549206
387573722
595800785
841612994
150445483
635679404
966465499
673709612
706308528
491010805
738993088
409428763
365063066
436294341
991797049
551022434
76294003
996866003
26161520
87918880
835269199
922188974
660971937
8169093
621298495
554248714
531698360
865323534
528172106
318360812
544357641
855179152
88064671
588405453
584179723
514621230
628522937
849849412
438451921
850408208
197713620
645525570
615418134
260557044
545378630
405587840
372271953
572478729
170176792
586770573
953980683
868996572
593969787
186198267
66882008
891289614
429257717
890943303
641127072
151287711
745882879
336156112
534958390
209527590
181203666
824556754
34285605
989245510
388344175
238761121
539853691
400171385
940448242
282755599
437786395
410366976
735707741
973649367
457988139
726037186
392046890
39689127
520515674
567604516
773673404
694050208
11494711
282183565
852396233
946682050
310543532
883253723
916326488
294725165
674878707
824941987
60992378
649743196
939134162
587067063
16953532
153666886
932270685
290451429
665066926
272104251
107113
972687337
570002048
511767393
596803430
248304899
282540553
556098664
108717566
398568656
634826220
60451311
839676515
836816276
51478731
674190192
124388069
71656540
775202525
883255292
654687729
701908554
363118015
460012260
601918877
912059835
332169883
874658710
830377771
780187537
9599432
405408802
861794375
432348463
66017444
390687113
125920628
100168771
561391056
969393872
134250457
447192318
867080815
609262971
588650199
857195783
849531568
77680509
686049355
691021956
8929783
870197813
904985534
939280284
593819640
472025374
45149764
519933765
383614343
524336930
355968453
27026949
619930825
937331419
372578582
237196175
178657972
238702243
225682407
713905351
464396163
896979153
377324408
537020411
788893517
773904754
169097259
564770913
11613276
418682174
258945658
65768638
232314128
567007471
752679918
63073676
151856476
548228419
607458834
418793654
228500198
978625867
772584934
621802322
470528269
735683860
796323325
138622806
584611903
956089397
681072695
135531112
579342255
109433309
9397947
403639541
46547297
917422159
911262571
533566649
175954279
133978499
111253590
109878337
455315546
744795194
342992423
330953306
509964227
202236571
224106164
976049815
676977411
112256409
83846659
979792075
113367053
89185541
353615302
109206500
128865952
451876490
169576869
669072239
285480339
725618469
983452681
960447656
698017308
545809183
967790148
623137707
398934750
671594846
773668628
868531733
971250801
107612890
905579313
783393894
921245556
469036596
303306755
838395696
944534269
929642105
104896405
708995121
439028900
95078599
238872467
553537648
605509143
48992730
541955774
101382774
215829376
55515956
294626963
507911852
210232767
562778145
844194029
52848013
134394923
394277765
126977286
994225826
458328068
241283189
919335040
769689188
415936642
339799610
313246261
871133534
528212330
390268950
192006068
723367666
234718077
71176979
61302164
708577083
780746749
755348394
591234017
8525002
411619227
807246280
392441506
329319878
60857321
727688168
278318342
201775716
178936940
830909242
355679828
585270505
327653464
160099872
537755764
480539119
100099811
691575585
58789673
229847221
88442510
256831633
751415683
690437215
350346795
52547932
629971517
684324112
560174412
561414371
366939181
889515424
272521544
268723910
274979852
393191579
108485440
596294831
635679373
877943889
195666477
536970785
833935089
98383400
266379508
699649516
784260744
678197897
254903393
215058365
290825032
909559893
121873565
308835131
323315982
893123190
569778116
272809945
432414827
800421999
825050400
189127488
694102240
580771969
386703124
886621460
896701244
909882470
928179169
684241616
50486444
404794197
885085436
170872678
197061583
515968774
882926547
422270149
377099053
558786877
232606926
127955300
5457804
545799061
115590199
981421720
787312247
219985828
987573365
529483599
869630400
801928036
86504757
608037121
228102730
941111784
566229737
23084229
554504471
26951484
46380468
583667616
60278108
760302878
323918058
110108057
916401960
585706187
337454818
637384205
296449188
128028682
706460105
673852851
763037082
69990026
639303552
637017580
19338756
489516810
171979599
745661667
542466395
123092659
783208027
920496833
264597433
251611275
649370413
528920737
943457482
317663281
10601059
580420466
462885802
787193181
814981386
810724752
703252120
78127130
377322201
624989519
526149652
480379645
666199568
672088018
309133225
195400768
121050946
177531122
917907319
72889699
699729298
197309395
170149847
750179777
490810716
217205057
584170005
368928380
904804657
684657477
306552014
386613220
914933467
687456673
115237367
886459891
112134730
184992921
422398195
655890979
770708430
898796320
622403703
591497688
826428504
959443905
83765495
832105507
9619920
783709120
789944273
140290358
32700588
131398330
828545432
980055731
795611526
598249648
247398651
111462588
608172110
901627692
146793208
84771004
687861227
56422846
71747085
840965313
191767971
911515020
37820103
419200524
387648141
747458042
547977227
254649455
868020694
555629928
761892939
140898205
772892655
868694714
311737266
492430975
991321651
559146328
684362222
170366401
736669589
129804825
420387077
116233135
128829189
415251978
404476474
991602133
866141175
131668900
784331868
692305939
293951707
366833865
697394054
852243073
742882194
452846764
377355994
619998370
54833140
583064216
8362416
423737116
205650788
11361877
821996480
425972313
737479527
165708023
16201394
25273833
591216230
832620674
670335638
734636625
948450101
57205303
259116053
231113905
242238263
832930807
822015813
334592631
515754181
778062270
767862664
262425523
2086747
797469783
267926757
157266199
742880107
830947764
879916150
263968273
587251632
420247233
295663565
523902128
489232943
737242421
359354505
970554958
951325121
874063422
597150956
379863968
772894420
400765654
436672977
875804220
829846421
236442700
26325954
369838721
780400498
926730003
468205356
965621245
702698476
807673029
505166238
864900725
728462616
841168422
112860001
676424259
780405802
135954766
872111728
292106692
327534633
948257297
716239846
351483111
918724466
630914021
370483272
252181616
45364047
947243479
327783672
873305303
937127655
883120064
136486731
594493057
880841229
841570642
288474176
217497294
311635364
293311627
215357200
494464862
606660300
797938455
444369299
475801254
829095322
434304513
367805527
854454665
640505663
970964679
822852724
712635383
663182797
795596506
452312448
208433096
938680776
218862491
85696973
748032006
537815636
709562251
880064248
327634617
980588929
286529217
685201746
164656669
537232264
643439154
890165909
19308412
970472171
935411120
254780509
382352508
336280629
504010846
367483768
391328943
21678320
378059658
216633536
132742008
511783754
632343444
195550904
688002308
509340628
907711825
305707550
361205136
189189154
850014680
83166136
938365423
837522343
579676754
77410063
81361230
243063070
747989914
356442566
107981382
834853142
103867040
714709685
779620960
576207809
683542256
122734778
917622127
855329298
983721648
83615803
272001476
494285708
99503020
713949109
78257346
872301736
619514026
118216681
165427665
42135307
981029838
903735671
94243943
835459384
520933338
423762716
234592127
579549331
438067321
84077816
629704076
487062207
514640655
254369690
546071727
982665116
205505039
483582355
922345588
288828132
86413111
195884112
193972880
314495950
737112994
603875430
15503399
230607933
754299705
179726011
715643856
805800004
383235633
282847630
884346736
623042837
15070704
14714293
465720627
103091056
147793450
873191410
513610947
530387151
116534414
874310475
15999675
805635521
200976591
445233395
23525654
312070768
233492478
522368344
65546029
28076334
869440530
129498476
15884516
468693465
864511161
307120991
714276325
498223895
605424476
239225525
867941374
575990311
942667248
680122362
695577184
580547752
183160364
946748433
67879321
296568701
162449662
331373202
344711985
817699516
566514294
793766593
461726328
139154434
333052504
245302940
366892793
936820088
6697209
661771186
969088813
774408193
764159455
406486664
519469405
895108745
806912174
702386606
960121391
248561567
301205703
986437847
717392
662469321
183957266
423500449
160105493
204355559
963409795
503808502
647650738
991811647
74436579
659430120
148431104
524558166
126430631
510705892
265388228
728363473
204353539
308480340
497551232
644440803
717210152
216677572
682822712
195464493
297981295
657282413
19995736
980023003
297151556
428959597
322922746
161645590
236288800
140098721
827793986
15490438
266380341
367866132
640437449
522597134
14122104
509166529
685025934
428389995
68753667
760629736
543964834
19081396
315620864
574880220
849161796
242306985
780840894
337383867
343241336
8030876
839007768
498872023
88166038
903905886
793412889
90903166
903171905
41656551
259557455
743346604
863316487
719120082
3337589
526351722
585355470
900059451
246210033
691959030
568823852
822469801
996724630
829458895
255648638
373088151
901696743
276566893
23173442
966725050
58680952
95307176
483321828
77959031
541381361
399032520
741844435
99554447
671103341
958474307
465933575
664053130
413969343
397273932
151636066
280250731
140154450
535983554
540783139
854666569
958356502
692202135
397257591
870585370
256103579
571916464
779276472
81210783
911901754
934501831
574796470
97333221
243641619
289438737
389715518
67112524
268401427
5276938
14756133
29424611
910209296
251401425
433194198
253983211
8209456
929185182
614728395
619432062
375847140
234258077
605999668
590316021
478334201
417665994
373876392
157488277
490641136
917366601
689570404
457009201
174348247
216143672
719720287
168477961
836042404
314817874
105003723
68131449
879575856
108986933
406959143
679071681
971291394
149426777
240138043
657240020
486749697
215787574
63497523
161647665
267246119
900193457
130762900
102201737
234320759
299393544
527666577
264463451
980883345
316551958
172173372
977832661
431069770
253719351
123307521
413559773
314783373
332683009
1733637
250795663
153504424
139585011
534689841
520223535
268552364
565854977
152991145
330396866
237187057
372165982
945801640
832907019
957730087
169321685
600298658
410810031
890724961
750302267
899699930
852345747
269779459
455586480
150467494
324799872
792711609
390790824
890231284
584821189
906415578
844525711
905613398
462101362
159361284
688748339
844555637
436830581
748669447
431926593
201035602
29061690
687327845
356067896
444569388
537818774
335733877
32860848
830840538
47061766
63514801
760029141
31327488
846879585
395230963
129044617
442758535
30127051
709892108
513176453
441560706
436300867
763343646
63252525
605030145
680928722
595554300
60480214
577753035
40204085
261141100
108462638
604084261
682263041
24201871
504464981
165151476
396871822
75985280
76618045
473749340
714142709
567334747
873781365
418486775
491416739
561868674
763820798
924389690
390705281
279130443
416394526
390116714
643000265
100009039
877300565
205866691
10560812
265488170
551355692
620567907
500562327
646933271
756790181
494220029
166015699
838026806
508440133
13914649
780178559
434838128
109435771
467633655
191957853
354036634
824169471
421532329
271306731
140106358
18123388
238792806
820689732
215261719
72305502
614290233
444600471
324910139
639626744
922685870
91957004
339949198
226976725
11159809
861577386
933729891
886806111
335175178
42748950
509556460
100240619
689762308
854321354
516189993
867534669
741701586
964482426
707533378
514252575
614891632
975616284
872067687
301740314
802018770
584825486
291342594
596558364
366401250
847534510
529115696
407763848
551428573
310668693
379986017
225899870
762285243
820590984
678029634
887206652
407755775
737749348
768984125
849208004
8522215
678872185
340983564
815946248
339159996
462924511
865270255
140232132
695304476
542087858
47400323
188421919
232173332
329834962
936419913
195852160
607728806
642390600
68753194
690826801
925437457
438261777
697334194
211002885
569677818
663510867
821943712
855804680
248452406
13923423
960710176
53503485
847263260
453255783
338582302
528856327
261283998
753902389
909171120
816332412
298153549
388695708
362937645
650720798
384955502
290567875
460984146
40546830
234550076
783880743
583299732
509138192
442288981
78667476
408973892
826754768
839391267
897424888
981197909
714657210
513767220
382925756
50220165
895883241
645508606
606872457
105719768
174512976
740929570
846399791
886132357
330406572
914896879
761595368
100639213
148541961
141932383
753409040
714742589
316740224
516468260
680409097
97735462
487491222
295582591
552079326
695787500
97673808
917626728
770496568
944767278
860018682
710941795
565274989
248801756
355183144
566627083
321359595
719624854
21819780
66976125
171124061
863530081
210352352
85030009
36114870
432322778
259665705
70182078
135588547
535530384
435589243
215903715
633766192
398426504
93636439
657411178
436651834
896954778
47862520
866088311
324159479
854579923
958374280
616518418
303694552
91079372
275089533
156407012
385653858
50197312
719879340
308602282
979674608
990415647
14087282
476960212
594910173
482618752
299087547
267542151
915643774
484178737
563128369
34383258
329375747
891392492
126944118
334425228
767029031
452579297
957024364
293839872
784349036
935014275
119992350
847127007
562366634
616933097
733835914
828622827
265492893
284306877
638303727
11773255
868016659
248835101
925340122
463160935
782154134
366217723
308436686
249182275
341801523
339840444
765291938
520982388
961750992
626062523
755798323
119635939
269646411
637789381
547994309
948384416
648414787
540183716
974808995
270548744
324965029
192725383
98589578
216513231
632101895
385674715
962375130
764981415
949985182
846740276
136918773
382306193
553807536
437100427
625136260
372909891
134948698
520675869
54635785
273615597
157465072
675551764
463170625
15256833
223120705
78724924
657694253
160796837
123297616
186569583
461486066
273557686
931878996
347927324
669320697
465154655
687742442
958871182
17947359
720745841
529188782
737016644
538868327
36075518
453090521
959618843
435315877
692549147
359644802
767989459
532328409
12685960
225968836
894869831
251681659
817025971
31808875
74045950
23865487
33827399
822839340
275741679
347284570
407891043
176775062
292806592
596240392
988381891
505014374
111359746
440806058
487726275
844850986
749772615
906050046
295740727
525928866
267756366
892312014
18736573
345300610
925754623
452705198
662255015
777784072
207786643
255974996
413437806
430522183
292278030
792106353
386227040
382245664
433211481
477661558
737880174
641708010
558012418
964758515
34461961
657134210
361099332
322645366
893592758
678573947
91430133
236251540
473585263
252376521
668752492
785691563
799619118
463500278
787016974
386222121
263720943
918816004
112500686
153270907
900288456
934718239
750339071
106492649
333718155
613819141
703347678
713146211
271255260
941553280
687081448
477198275
955872369
249908104
912394305
955730651
814298606
462942673
343669385
979431787
288687174
856244983
52528950
982321310
551092531
680314045
473075690
200644288
851286149
426545814
993864034
245690351
976050884
615392397
966277925
749420298
167022717
655887341
465429355
726576574
744425393
505491860
840678008
790995712
90263250
597044979
251234000
65324862
419713529
184343485
701101973
636442384
714404240
492506502
823692364
113179326
676622294
813113473
654776176
231733141
735847180
76366284
617035439
767302774
212118799
446404476
868842058
763414969
95631334
547939686
553570121
410828919
907027294
231243869
964665138
555464808
374701118
933694509
201598144
847047209
989265224
690869776
548776740
118860913
721974487
324846599
439235254
324221947
207721604
625487363
649906804
975696614
488910442
630091496
819027764
874322797
938650966
917619386
611695419
488527726
428045486
143243396
510726472
987141869
240062742
34090110
667199009
989433797
455029873
28918008
195142647
227201393
898250644
389920246
957380770
27619209
684954272
607552506
91744817
797620181
613337248
852079052
71830264
123852176
402678819
204369978
286074026
533077172
543683238
988798963
202993532
860814953
663298490
255817551
177481070
108514355
674712351
918501437
457593019
564260889
739722437
667863180
447503824
420644532
80737947
733337442
259443077
40542676
617268621
293215028
773612050
502491472
55262762
281631323
443214088
672596498
23233852
160066998
496683935
940467086
712196627
16746882
815129413
957628736
785628922
197609903
487995582
915553743
665996795
661074616
567663377
898066453
531072717
841790956
28108513
735646306
366873615
591784596
149644746
467316028
324956598
868060701
467874503
798497566
729632301
602772182
816372274
48825734
553282340
560102943
532201107
819728924
566128998
91906524
802296779
322688812
139418016
704515360
850095151
353415852
780887862
587002595
496810144
304942695
899901711
268334417
566399117
864456065
601740994
353652502
522894494
724585927
667627354
570078309
560412922
172520500
667506088
500310693
857113239
202394832
434076625
735455536
241135410
397962208
975073685
899396913
888856835
217970465
736455444
378956075
100373880
180454482
623003568
413839535
616337277
349189658
900061823
722546563
16223072
183732953
751740207
718947645
565941980
483164246
360928220
11292527
610051986
68572171
41938830
406110821
201187127
395311306
530883517
476559902
111446029
918114091
607092648
433468209
389147135
173894720
984285134
701995870
1261577
263835307
727104373
300988665
896500264
664751649
491721245
66157810
446553111
33762882
776684549
361355475
986780956
447922110
193550690
588655754
369565064
819190886
258307506
31427678
627557803
333457721
156172054
202657302
488756101
411195795
746699873
171945326
516614808
351024006
106656069
895266140
229955981
348871546
514715835
205939571
317925933
464016297
301111422
780719459
112110907
650020604
399730042
764609442
810247692
819719182
553264988
631741383
562950069
39495709
853137594
652698474
380243462
216378401
283280427
878165881
857370583
514261786
872114668
122323655
653718327
641831964
908828312
923129875
573761614
265205664
34781818
531866008
620934614
318644060
280172289
381879558
702340584
285419024
116371181
785122054
722527775
62674692
746282116
194183301
366390274
685554008
721322626
573446482
604036854
744493346
272572143
477504886
531441573
634491824
650091700
332532060
339129927
783189672
487896845
241811922
941446533
173705448
683397781
701590796
782854724
817173469
592513349
744885078
533697355
534824511
295723553
485116530
949200771
793550689
428011849
437637362
86153468
391286689
26308302
541432354
792797080
597168956
812801418
275578697
45685250
501507655
354180261
679352165
77128855
150126720
214441792
808458721
80403593
808643749
468712924
614725010
269129151
132958305
728422821
898377444
910384823
275770655
939997274
528469452
636970104
310922197
955827378
809253541
275573284
282210698
735571361
904502710
594787464
647350732
2842108
634008307
732674691
511319908
697284078
395583901
822334103
988014005
897046545
717446313
689373508
255969491
984004152
651981906
305880456
564318587
124703567
766204338
922777378
582448808
866526303
562773355
406830415
734855344
85959513
435539212
885267608
934532162
852206963
344237926
248747077
659162732
79047310
810868257
162648919
298129852
129119722
808614260
419695416
470355272
49721320
939111596
840304343
380644974
151224134
846978024
374274093
993516846
218053866
529911450
194938359
676360499
93200983
521242155
935049549
518417020
102940528
771346069
545002612
36939651
870116067
847529991
548631631
781006001
843742284
958497461
525017325
17814112
998016431
670056729
292562061
450469640
263733570
634394323
825963153
117883729
713242767
62060829
547021935
788717837
684281445
323340819
249566512
197767953
798111501
452204746
481553867
940083355
768321575
948671492
920979178
825344099
956195936
49043918
345350241
169106380
430801608
535129191
165349597
397114750
286246894
406923384
274432001
289695017
795895184
35411261
103314416
220543579
308666205
232869922
685896836
396477172
959666350
964634729
188093589
866229568
776994805
905968303
367033360
984593094
675007605
953493484
721124961
626343780
947070040
877539059
896391372
964395617
403295806
166897472
497307735
421735344
195602744
655430553
363434569
688774050
667834243
486319725
845844389
289523226
14321943
881494248
599356587
778258926
772263224
458653287
356059774
365651858
759315698
388401350
855642480
16394086
211974043
54159698
639726280
689773521
524209821
93066419
52451189
716566541
175504665
450205548
392555992
158935634
408809598
449947429
369922891
884142436
746339615
520309912
486961493
966645575
423792500
105802905
523731869
680804422
330688670
580839369
558620381
581288850
863069267
997610938
75538004
500258475
211291231
423978659
553799416
530350281
857810848
483909709
52198301
717344773
62098089
254715446
662603925
182319857
89320320
79738220
758553912
161012513
331038312
452616963
588036676
737955631
523481033
654646856
246217495
78296882
678685284
547536766
922439296
237364153
37458787
672470313
507521053
19222512
708303444
297736610
561779563
595833567
660527133
651607084
712302032
673908923
410608612
800202817
515998602
771852157
42756853
776868310
984293390
520593655
827167918
324180695
868790134
569455378
78497785
752403768
731037983
452835603
241127352
630340515
480960743
338471573
825258657
677152563
290840559
356597866
640021580
990843632
12269108
138459950
753476121
290206428
977198027
352749430
235783175
203213367
988263107
213344493
653301542
346322482
951940749
966530223
476632790
540752579
354803051
741195978
616228422
93493124
616744280
101571995
614950552
977726289
937923168
995317362
726338555
314939106
250288197
954233397
163548181
969926181
14652927
854543361
841181096
403993014
11772192
42559688
556088793
612290491
765046215
486341149
483640194
112015967
299611852
541416752
558493023
471841458
238122176
596499713
436110548
941349621
607052598
603435460
695642301
538201485
424746641
293292052
768879296
354563989
845638634
673045327
635866426
351630387
24006387
220822264
542165736
442515323
791900759
714485014
66378327
941353576
655964494
471788594
43392550
913967273
361663282
893426416
914874731
906071760
372329907
444960463
707829871
126803708
489211562
905149592
854637009
491483053
373577137
56320933
192786852
170552419
348800229
342801610
715771338
275558933
733931509
401933075
89741282
679106789
938173265
474228275
862911746
791444440
370332408
993921685
891159739
288831228
172061453
598605732
124748268
993429062
540134401
19338428
761512823
951798240
388129488
36374374
14578420
650203938
12154977
658513635
888490694
203563328
325178620
518614510
590290679
734460145
347175845
781843643
459741889
725432850
847398009
164300471
236530862
193893331
143453783
97052316
897105574
406502088
143856992
267207765
203480283
675371297
28761725
207063348
144480951
48292000
159801915
277598189
113767857
191052865
918305558
65899953
469967837
118004993
756770678
103388605
320099823
974877148
879414080
266194223
943547942
599690523
682171624
946182735
282494969
810218713
550785762
652711577
889321324
39536932
70560253
871657578
515527778
422259037
510814283
750038445
808500153
220671644
803767273
859393979
725149797
89802822
593741720
179465522
689655587
510083943
548949014
869956599
753082966
817693197
266511165
212228593
254065301
973866485
904714080
954680223
644922974
105357146
919782513
480979733
393170631
895430758
181038552
210005250
969248650
552675708
15772053
374161760
51184656
509598489
789461331
478950135
359202874
514654813
812880165
658927255
334200999
309759975
521995519
4622588
642618799
810927946
318160003
299470995
630806136
369119995
77318179
214566839
212740734
948107455
820886693
246664559
105460578
494263977
941563958
661813542
325336788
27624451
402445937
536020085
956300580
398348606
694851323
952065573
546294509
850669785
225597550
842109821
717845611
616084356
271854409
234513714
589345955
919416448
103741983
925387477
688767638
466866799
199704090
657093683
950798792
448877596
254584995
657209040
750166649
299606672
614139824
828730138
327342693
484024239
298149816
488967974
50621018
511756923
966969774
593951936
188976789
61712670
794140730
896383589
515260853
454532767
916397202
612516695
746307023
961530879
658113737
803787752
815210529
448163464
60572119
967895943
923521741
903498090
353089270
839075566
714800837
756372289
879435651
250709090
437581326
673706524
782081445
177006473
524760353
538869105
195573072
828717880
200332355
816408556
647775308
681455610
527246003
888954515
968785151
894014588
494858503
166438841
452006942
608656696
311372991
287933181
436258066
493355045
428617603
604411601
51082209
505964386
891597752
145200249
227639822
287596489
545824134
241723727
409685888
825543290
886514888
614052070
348997570
387170016
312357970
257578435
331216077
186201918
176563825
845496511
757557341
927014903
364364725
29697854
585012577
389116213
161424080
61116558
446325435
290411518
301113256
732467400
138787317
81561119
342946723
991122578
168325608
146498212
262683469
694931155
233922786
735401638
23385729
417478461
253980437
638523063
445238158
123139886
10626250
562647832
768106470
119180007
250991031
496717512
555414502
933533894
496354914
578786438
528778964
622402722
251754740
575001705
200761092
613148488
650384982
631814562
151912045
422057127
521034852
952240360
615084831
215824202
756553469
896279989
624390952
673895286
304446809
622700725
369149184
536416318
34628440
710726526
361108655
351273576
16090518
511174753
961905326
820373497
548292781
454662896
353109793
404042913
489757154
327880065
425575101
754695214
762799063
986795721
659194589
712523613
453760942
302523983
551719538
737245076
19996026
737855548
262813469
772091701
24490334
7451869
833620739
467014319
995614458
423325410
921092150
237179069
851175647
335681191
42207240
295415873
492592124
182093297
70817588
384728441
401209842
855538756
210410308
541149087
123541011
54408085
712071437
610841703
677063807
390395234
960101797
891779321
451071637
602884282
539146455
258971493
202700054
522326831
470970271
384865208
63470907
977784821
961576595
216972243
129973541
417211754
468926851
86527121
979821485
742805070
566020410
644997971
330932728
191907261
954110803
818246517
404000359
131841441
918414182
740050848
543033655
594236076
6108053
571719128
636868546
589111328
733427381
956935548
289460561
721781613
197545903
620399888
268212115
782304888
455266959
356412823
468727312
568187448
80885145
2273205
884225790
569887054
129318843
272652582
49497505
787788133
236985100
944093262
247880333
221527384
325911570
104592950
762341634
970443050
59473551
208821971
552271339
482921354
682264754
318156331
907105530
787431571
198909375
67565724
829683116
709552593
928233851
367821230
10944895
322593245
835988409
889361879
475441442
396728486
312541763
674361153
15483522
28369134
792798555
953330351
506781606
695042288
287462079
476197108
529310058
938884472
239653993
281531229
884796405
338804772
238374026
739763004
704651869
121720760
103265652
21607183
444283342
578935702
370560958
407309782
377622638
788762414
382035318
47334577
427948958
520432263
820942950
86553801
293689945
280077602
23238259
715561423
101634413
94485934
700505392
341268740
94797659
415414059
661350334
432062244
531046309
573916623
662215133
788138113
902450916
886213053
18112142
716025428
679026208
990354369
922326746
597937256
930061469
490377210
199810200
398551230
718981335
818652390
464933211
347895527
414115258
158709695
629469549
861145827
945629138
15196459
819044845
204633671
566410335
762539565
735354917
157381602
318963051
433385893
34755984
555082087
583896053
79768145
409939801
181376833
758395216
715417113
480413858
636830087
841409786
968797678
906395791
905958450
434876830
29961789
771488235
91262887
992037215
460572834
336077768
983694989
105589514
181319023
956527795
43809778
292357521
958345990
48517585
410237566
747333974
716040327
466913391
237279199
731206163
621669313
949353093
913827039
943975068
445906185
226890941
12070429
787615994
785780956
437630762
785155831
421776620
837427041
548675233
875095567
362097635
483157738
563559278
105439219
529062534
200559448
279803259
702901725
828073093
857570739
249069845
905432267
218046711
413395243
516830918
482641266
559208956
899403716
621894665
364711490
826312974
728002274
288893131
49942921
407144996
619065765
87700272
127474938
747292778
994863775
691898172
841867062
29327749
878899442
657941493
656064211
331462319
809431555
721777644
552693463
10997893
373280464
73200215
22750111
396491507
787900324
735601788
420994552
665552228
848329677
226575795
396810261
473354158
512620091
453293500
943166562
164917918
507772399
47449374
690599493
434660028
453854844
146404167
420239736
215771478
359445251
582051501
993783484
565507353
181396379
119463912
367363281
201161241
685413460
413960291
817655970
360253355
109388999
404137934
41730852
570686495
442619892
676757958
91982530
96065883
573448394
644478502
9232525
201125534
447414646
170235536
788839566
484007086
540496823
255279465
486083344
761739169
599023425
264264288
645278722
980309066
493558090
243553685
833233030
773667568
683643955
860941089
477025597
861156683
512325556
984078739
322026208
991799521
282262177
844872526
258862422
330579538
892410004
765194065
214304910
973041163
476417329
567499128
901734691
490024479
676453920
88797951
751256747
759847234
730749678
498875001
743650149
572232717
124474069
584134482
421288097
850072270
149958652
713031338
886994989
543159674
929818684
448884368
794854676
982598883
759022395
862265136
545415018
448113535
582546143
275103906
456899561
59605579
584646901
705407180
742502880
362276173
947054694
161175154
314201213
393660838
194896136
539067708
260450912
154982300
332039448
677341095
226490892
546740262
876761738
964512603
516354251
43024984
653536844
156405841
670029
517684242
345164518
928607561
505264163
147803587
40527331
687360231
405919920
698433712
666310290
832197240
369537506
514038348
759014788
590584500
948710086
972830774
974279024
509500539
458882857
904255950
608603250
911668601
531671214
569304983
946584648
184194608
216625658
757418611
358521161
915958126
803833213
557141354
277556259
985223453
351431110
524075779
7439813
340350875
870219450
76446381
18412732
204612240
443053850
895560721
839062898
192913901
925794377
448684711
132139193
844290729
140990734
940055039
213298042
671717271
412385450
404083692
319335671
165159695
139386773
44715373
132744310
958173637
883097545
388803590
698193055
953813169
780598498
603566314
730786396
792854454
373167202
886484779
214919331
272707784
90777279
677851139
644006435
438454903
283252797
982989893
120925815
665682120
933198246
225503413
961854680
511513685
488273812
655727420
235662103
50459422
483321915
747936586
192678308
811554853
860475802
506934313
709099173
13031057
462148588
79418549
510798175
51977525
873654596
452522214
822684574
170897386
195754494
479847942
792224317
706476083
996857838
700908557
467640599
82828701
468184899
759363279
393545545
349697972
992307857
22900066
842601965
661343070
572613311
225656242
766946171
958219086
804365432
956392129
564019634
104552382
572900215
297622095
341214422
511313151
55822742
762568535
441791125
452072144
993085916
625514989
762092718
420368783
417724335
544152469
992051105
462336784
840885216
975641743
19055459
406111705
703713473
525884553
765954788
993798292
479815653
237709261
639036755
719295322
208702246
17864058
119741170
773425351
56368281
562740607
186095008
855811285
843962958
353521618
311850672
6699910
405903318
437782115
118624825
652404258
134843318
694137634
65714951
817006057
933269410
458463361
266171032
878169014
960941611
719099918
47795565
302035672
649560116
964998003
27466853
447431956
614807747
30999811
920452463
691587427
153146239
59739576
26178485
433246823
78951790
542056906
685118260
320371390
181790536
942223488
211253321
753289153
350786795
656272160
344511757
529884634
764176276
983932444
280488221
981554940
560214405
161756533
821575149
784942708
592175627
761131612
116420098
862780309
499112804
41998586
32637016
400578511
457065766
668731149
169768569
889295872
639841658
71175624
552961226
756073102
245646785
810057440
518484480
129750707
667958548
891186280
563606975
243068130
228960052
507473405
742423883
117144901
754190703
766817443
892900054
635231953
598867695
645296009
511253826
522183886
296152373
804103701
206384916
224973287
275889052
881641269
829633834
40386853
3040959
375500931
193360332
795884685
465913454
581037132
287098771
748173654
82203633
379539832
726719830
993235634
258422634
442877588
485959719
212021069
233256366
416249192
856647809
524324078
75137834
419137023
426298127
68444434
768387262
768169932
498152034
772147961
123532551
129781087
619630554
639540807
244423934
275045495
440830531
292923621
810718453
132917455
934516378
772608848
790664639
836501812
951239849
453096243
581743830
602691291
32229052
407672752
895064151
457224140
200240233
661565136
619249362
241582047
271006611
489032133
718052205
238717132
790067808
242188951
268409270
594118835
583612421
110141612
600019967
884243289
507296016
371118419
746753695
763827889
241860411
871051187
415987536
143771805
481799040
406884956
750674868
681741156
620596431
880757670
143297286
138449292
835780592
608662134
854377523
442876099
621734602
980035742
757965793
132560438
233544245
352500145
255613423
279877875
837369572
579150485
124574985
814263367
733892140
318105892
513352025
462183398
682914616
74647989
564330823
982467585
401268306
880407431
644166828
216211558
581249954
359042442
828587974
681427035
42593106
892764051
592994802
728889802
79743225
947325741
953008740
647669078
575026726
5111453
909455429
197078250
243304430
941388271
344324032
649340974
294310164
532389447
556102676
983333857
700954954
206631209
707317174
729689551
734596450
954180273
138659376
132381757
440640013
229266869
463141430
748588323
917506793
902661313
443040974
840767514
492686884
720599146
670749811
634670258
144217163
944946771
38474491
602795282
894326189
356587637
881526951
994981673
788499895
971612665
475788512
712093641
731456495
717716588
892388040
426288839
493898930
976185340
373388410
802101790
164079646
556483939
289880250
599972686
820992515
92837449
870791419
605868122
628105813
746841668
267994129
574214357
488079826
975171194
677478553
987633702
825905536
214297824
35477447
270875965
140188126
535090402
892975866
442959374
529155056
993711988
361854124
624373273
105651969
752681141
395971079
723063279
184134772
771501222
262830903
417117331
880060248
283074443
803448180
973307574
339719767
547932684
740980303
853204337
151019273
883253359
19339578
702962519
113831915
46036424
383612262
124851095
630559849
120703343
152716485
125296658
678899414
465166251
321352840
673673501
497659799
189760082
884224391
503203253
965152785
948873623
991913593
37978785
652323382
454826980
236700358
818357973
320276492
93233185
659611792
257276743
907183096
150414889
170706605
252207720
977592885
479874094
688457900
417677815
444034473
199557271
60160733
418655304
678801712
156853893
417254855
832310052
178063400
253854285
283089962
427506025
881772502
230960764
239256747
817814319
71773153
616604679
929733549
842661213
153793668
814124209
447597545
244645004
639894651
747537546
931558643
747882349
961404292
148759827
391083411
291382601
954011650
720591566
273730460
997975553
230114178
90513546
825058245
589641897
249913441
308003758
142678080
887995205
152253887
944375092
225953732
142093270
586902289
94159621
162572702
931407450
644976355
535010319
467422914
738502971
411636369
691839361
858185372
465194555
111265245
417782641
246315603
488928344
646874256
403192208
237142935
901432198
100489650
389612599
655147257
13981003
236617108
877732241
276377641
6211004
204911783
264045647
717485833
882853366
163020064
955093262
745696614
808717102
361636020
224123878
547859616
650253145
15379304
950696586
156121178
757596799
712982018
649230507
772471941
784432004
821419121
230142510
266663128
24245643
8192404
984153917
849211060
335284770
746836699
30978137
147225118
15774451
956587522
914732658
119222636
66789192
716585804
647130223
256207580
490141560
103064891
26901233
195062555
210187670
357743226
5069711
831700995
675416478
860516230
710902643
945091556
846017735
219893346
327444961
906667443
951812158
301375289
157132994
422292140
281938058
613141056
822013531
98968727
891021012
848844966
196593582
982145388
568881410
8315649
294739273
597044799
512875440
745841428
447034975
244140466
369822423
313836712
5000072
48331069
840534994
124324188
177519043
215975392
599021663
900786340
994042196
744154838
894918274
721726397
320186404
307646878
406003610
691993540
116898626
346631759
494963811
223113246
64334058
34421714
652087286
13937434
648892296
576116169
856869988
746362385
168916064
806860991
646996314
500297068
655362073
371626390
38381108
114427420
486298501
510407590
163396399
997499912
8149842
9051865
581848141
277071713
764038613
476252035
448048539
306288391
587337588
72173582
675366854
213816149
745250785
418502583
865053871
610451493
63922768
585839884
921900515
731464042
115600239
914808042
457931875
576971547
71613483
329107286
625007790
111266676
974050392
931234041
118585877
713446431
808003765
77239729
352903085
388917344
722398213
596465566
287984845
761219777
200605727
17741504
713606036
410515677
456494473
64429205
86362034
523378205
635548375
51435103
50930524
137851134
918552456
571572035
673619610
614524053
890858524
201731926
182455484
408832199
600664395
44290397
565574276
829068425
74233321
720820296
687736244
342764914
720831876
979952008
351170121
77561961
544730777
135251280
21425858
308279043
465906561
285178621
14733187
936620121
500993233
896290220
576238682
671803482
453095475
784105180
487570912
612712840
301215849
89316407
460103735
552148063
218052684
394458668
84402668
385521164
516253731
336828222
942927957
721259594
680938000
207915812
760043439
54212314
848417595
476867406
885911392
868636133
193540932
486522194
245274940
866931433
269385742
405524721
272375115
657840571
638543333
437734007
971077880
905396761
790838094
92106098
865885407
492791197
416586522
125184055
437565457
263304478
309672445
713055727
712113832
216494895
482912523
995609926
927731674
150582894
895090010
931885846
858211089
703387504
265547977
757238829
690384210
480361147
547400981
969068656
551506992
965183740
928709938
831732496
697054615
242524817
420990746
770366861
657643141
1683540
138863152
213706375
74515129
272198238
489484967
405819568
385327513
10191324
123379810
437774635
943893936
995129320
168956976
90156
506038805
168294382
804432750
964548154
849308048
189940824
934463994
99519417
434551888
899798651
678155619
569575968
372504395
345907546
515702237
179599890
475610011
827927413
513411231
214452355
546107388
911136348
551757982
538044533
430981122
773810252
337785213
471215317
785235824
609062099
764365687
194509941
544790916
737536222
77679524
830359276
307740343
111036845
368246723
690759551
351601668
472304143
202807892
628649285
685919799
8769417
811204967
190122554
943524554
18152446
223060339
274377438
558255952
354979462
459513428
446258616
998085154
542760986
325644552
652522578
291385222
342906141
434295992
862237145
182544408
868917827
180821612
692560767
872613640
890137596
192775136
58769299
779011828
658181016
153296895
547491795
127657105
675908851
417925748
256187806
498262964
247068006
531517824
28265191
468656984
467697687
342842126
218078042
12427600
458945167
780420109
316546092
993317565
824171808
872323735
200648753
979433083
41792246
770529345
699733237
945599293
636509196
935131028
460462000
840746079
638421674
505341559
655788284
986173595
466905649
134313947
141086698
50550596
760930041
349854579
294017053
822485611
900012951
362886273
339442231
172500544
666078745
265644769
984289393
793843205
920867031
932548552
495349068
518329185
838540251
887231191
584360205
259311032
373660431
367043266
114296189
173116274
525737668
647487071
764574823
258951935
20176956
618663483
146617368
677724803
349776101
436308137
548935374
173983099
589329999
620412953
306868047
890413035
365223252
271557796
618539147
195644792
989622967
249293712
314800023
759002696
122479225
853021502
614014074
578738616
162220636
113794371
98244112
492459895
338855655
631257569
516016050
527841443
626958624
414262242
17670017
669705426
457368463
387992546
370590472
879474368
928153189
730749311
275522158
659549629
491858842
703602449
411125519
470486873
845864911
976230985
860493862
29484203
949615607
832004334
873044424
239844256
652503937
29838124
882852915
717178954
392755651
327440383
780114031
364596731
18613408
529529667
789434084
881200101
882214898
569832682
593265716
875548376
346122631
749047795
106636559
402404336
139201422
405728624
23765453
227139587
1409260
607853279
709585000
184341228
743697665
446831936
428829105
773300205
118842401
506660204
265494310
119715424
804376746
702411848
325638455
7583388
721021815
279094544
267023186
533162224
623751115
132886849
380896994
773343070
822469410
748799803
429256580
478950970
857363603
438689983
919384817
658611940
135995058
84980644
323177119
238268507
56951091
84715506
723029994
582556697
540574384
397721989
764626380
110716084
371513685
132737408
70668616
510567401
225363255
942947405
394038400
6281229
929671026
713027469
557305577
528044410
439987469
584320155
28571194
980452068
747262218
7570934
829139913
122739077
409389843
777063808
732244714
168312789
452525027
568500574
545217497
964609880
940962512
121477860
784986017
481182141
100707176
728049208
861871037
457145306
915807074
367230839
68863787
342113274
717552461
229173704
269338481
643809617
724644641
889201397
631874778
786007289
770461489
286448283
496725815
443997758
343136680
119328022
825109420
475222544
248226922
108919396
833946142
817800997
384018125
466070085
103647597
652057025
879221190
180901239
657031183
783844356
288209080
286948672
364805749
963904952
587272206
391828402
954091263
313172783
105405384
693774933
703726944
743899711
89829055
566382574
44197987
248226194
426863565
473307354
380011274
546799083
522946079
103453964
868804150
277791269
181499906
19566342
393138790
338339956
330593508
251233873
298081206
318035161
554316075
232929723
118258191
230926481
303609542
220216858
373934147
320633410
858344702
381624779
817706037
876031654
994784833
223080230
514381927
763355806
407610732
728891884
986360094
878975441
911885099
531672803
320156064
809260861
504376587
547719026
314572763
274511284
526188465
648831271
167683430
56132199
672145781
25323469
825381562
767421257
713801775
914925884
563845245
526091826
297641796
785075655
737513507
963592835
144112881
978542538
254737516
637398950
602146164
624653953
339564287
96584883
665947905
550293949
733770091
901180495
236776098
550056161
569941842
368529019
533699368
973871601
682996332
64963743
531923355
741266779
578668845
225773606
207371237
234480475
570745586
653265338
304006583
861804811
722523298
875782659
341506214
449807919
472259855
632145938
920105613
943296392
375269303
304574195
72087585
256498905
992697513
254656304
514268557
846080529
298451575
862174302
673515801
167963022
496663072
880386321
994907729
908999485
23111085
966843936
888398549
440689063
888213714
361736813
209877518
130231490
992612114
110872710
460628652
825637038
114978839
689526473
473361959
133047097
73473350
515475958
785648557
155013983
251334206
122874393
697708322
571298154
286829731
340668330
820324311
938844734
322161739
420560243
812996160
436837494
867222385
64199000
186369041
16165876
475963802
429282719
500674177
934183122
522233173
123061165
622405094
533916011
462688646
946485045
464298015
586743363
842045494
149574029
428970217
499992352
396632737
433781225
298559425
245361843
322361917
409123727
192576175
753185558
642774505
729595208
206961227
51802560
992576405
537789270
819025190
586898122
37442870
668748973
239086737
466257938
137436419
1095034
318008521
112653282
96833341
43269348
495248831
403387218
434375367
358956698
290102113
643321569
849182769
511063481
896195502
587989845
387637625
533944595
972637225
277673878
143237682
867776062
158617801
349323207
658245606
614568315
363693086
189618813
241176108
885192739
869811688
12370629
927402077
623780753
555957993
191246180
920109452
95401952
208568546
65593778
586607634
926126020
112954693
478025233
338479126
32859168
609427418
591354538
939877305
137283707
194768607
103252594
712082132
106583951
426167957
373702003
474986069
709390742
52441965
747852939
344364596
524017112
875633400
335834959
973697275
981154247
200948075
693006629
609822627
350490603
323862968
981565595
332338865
620265348
539859753
718939666
129855564
355040806
385965436
980677915
569871000
167804564
179332777
337274393
513730185
809028419
15152535
690687309
505641689
530488334
318526026
987196954
362756807
658545248
810856916
580264016
450350632
790630966
741967198
767073485
386738704
787597899
664361134
238990146
735603868
883289041
698029642
629127425
193879883
951914994
486118381
42044598
749313028
724718798
457989979
60634432
659104486
91543912
838299413
579019523
97155407
744656250
152348543
390164031
295454282
844638373
641239594
495836083
931485229
160056208
663928592
91033449
388133735
180698480
325618302
436038653
300518072
580919976
511632134
598750047
260660184
228347889
917901528
345506579
774708912
457213872
459250838
56499761
529951055
289071463
233599828
340670835
88894874
623010833
494000889
791494244
17757074
933319278
332005920
980835665
554523234
456375782
858662527
760815535
871734442
29884621
371926272
584441621
919465790
303671214
786033061
903874724
360102230
58438667
931932249
579619631
462591255
583252473
619449740
889820979
723840284
19936081
858037967
391316256
960165233
420657134
543057642
989302214
371319316
117664960
185971799
960175185
137587310
228485559
661377089
847404775
248347666
816473666
168378343
483612991
368065463
520827323
372281744
661633829
939282005
950115429
850727546
655615824
201439983
654917787
191834626
901070586
508239062
321900688
641165153
413273906
461303765
874397554
333354923
148552840
219138206
683479837
365781211
202832655
755656160
526518016
644034813
773351484
301686326
924353029
825398505
662433761
769518128
231022157
783264984
549315485
526713356
87583192
847361946
687778180
737739953
738999564
817575262
828326167
727087429
546729420
743247286
7138617
977205003
296452727
473544893
610350589
279735156
805253134
63266671
447512325
254136439
351140025
915563444
31953893
531322506
355324922
652310740
310584897
428928699
488668035
829476289
551720297
314950673
228052599
327560727
679059817
712670917
675741912
676911842
682720928
609947982
676916081
354635862
461357977
475018029
461356621
655470398
721060094
144775182
314817841
260041888
689658610
322807888
152127229
555494726
407511950
265264083
250425122
74578499
283921840
534528142
22855481
373182770
550356073
128317291
211258083
253670600
915343280
954594761
459962968
473025873
985970043
767094541
387126462
671827656
645567654
45602586
522046335
470158367
337484388
251907005
581929403
808504545
819963618
271663217
404626392
354296339
551305524
968075071
889134498
650696289
311346755
337484899
506555514
878786287
486948702
259323683
674939913
352721480
508830272
461926336
87252996
71342955
772933633
575104015
464599861
172471471
100784551
684855785
518116488
577332816
288961263
385402474
429815117
99588563
461458757
13919374
944484099
348354060
202520423
108003855
242736210
110966954
127536201
125862993
544597309
928834377
38512492
340920313
79015684
825816833
552711853
16897098
905449998
395395120
724078585
493327455
991970294
387634033
97617523
852824280
337298951
389884695
728900077
757919438
993380356
234052201
505854418
350306495
469613790
548468099
456880605
91470796
576163836
932177041
433281265
599482190
145338089
335741592
598113821
639070486
222691750
963450361
780436782
845842557
710491796
373280337
263597260
30580066
953099263
49446155
59667601
270772432
296978558
881871414
471419656
455321908
488505254
383572944
544350523
677768416
649802311
399649003
828948067
99324491
979362780
399811913
152379570
658775511
538017274
435924815
640329308
284157748
349733514
552220860
214333874
489609827
529030573
348947851
509971322
2356222
631670842
605141018
87884190
185833271
28105283
421583014
78018141
605591797
417328980
126749450
845191841
166092205
573872101
869583060
431094558
488917910
36186438
211008823
186230051
270777041
311434313
534169576
502792693
830661158
280481051
621731190
3514137
938023027
317031024
245847294
5223085
248896156
626044455
439220916
209841417
895432121
56472432
723978008
658362462
915829770
144246136
694665310
893951393
305721342
323143222
949458206
133451251
537372390
682297916
528445404
273763361
942596730
175325155
762896177
990717475
9951209
720307054
214610428
127802854
180810891
810506990
829162888
923706482
617932369
637989519
818191093
903006085
40625269
428773838
446735166
794219659
590239551
138817684
22853663
868065912
166665012
250726872
967325130
307066328
81759884
7635360
801996709
420601620
980211928
79753552
987025512
517500929
317845642
940603385
282850560
668487556
896683106
988624365
503910281
955151076
902506208
653152818
584214751
408504223
513222030
190021868
43467576
482681447
195572271
574856103
371442185
997678797
376626262
227219899
964973609
777655611
958824797
148801992
767986321
538605761
614738783
249455378
774292694
376447295
659357728
76623187
728849357
823319249
728466900
304625246
858460075
455169312
602912588
55201130
477644604
940805053
741883169
974026751
219430329
571851236
508893388
161051362
95097660
713884227
21080762
406642963
844861268
21058311
912478790
882133434
230918410
56310831
123562713
427953292
88410424
889586713
37192139
272345794
382842340
779769065
263887178
916904895
975809283
133066873
516188814
462925609
771777890
946036302
812565677
604359107
836583500
915278554
956881954
267044288
285520901
101910546
930208334
576174979
200789975
59508533
184910558
685456424
473440009
369238799
292108356
878521413
655754852
661145990
565534612
126051410
322969776
743776178
385793585
509742780
756403970
168639321
413644007
878056347
63393682
765956335
925946792
750225773
282115321
25812312
967649257
738307953
931997686
271822889
825951471
611900411
206208569
793875004
54911595
363817504
413786728
736271808
355893522
619739059
665034810
575649058
420648121
71053851
424262414
957877668
940522685
40171449
147949072
457656863
944821489
819520627
278130749
557158257
115238036
646978344
593646361
552956078
815016227
738813132
892781387
647451911
196556336
10076824
797884138
592450503
862828726
563035949
406542134
78182727
191243985
293063448
908608471
81466597
558970139
680524893
84013764
697284647
848974798
551972421
176966048
399524402
931316627
359512554
648264472
274659982
724417471
176459506
219245663
522270748
649627556
727322763
893327626
257202481
396961990
793865358
264646375
950544380
110639520
986812699
959469259
356309819
450341420
898192354
132784347
595200661
582880626
159918596
296966446
802705560
27135163
600343925
44499624
469645783
890132345
614019975
57972072
665108774
535933930
177780515
330892990
644358473
57982979
574494628
264494488
183218635
535270872
331553616
300565875
484321308
721061901
784315999
250795992
969814873
378905961
578603375
847792927
711212863
132990594
281003382
330989681
28947275
307162778
484155376
901887944
93876550
279688044
245927719
393413182
463824049
675971091
185006413
345768309
657071333
850157483
291270525
81807167
482085700
134686581
113635557
71856089
203419881
919310604
413116566
18778735
273900004
705957718
955166608
298648847
410724729
916136647
984589007
619272729
839493930
729045848
200592402
545655973
1642785
758420390
841252269
186142226
790951165
717484488
907589870
439227323
835248572
169217239
434274664
696021426
79515741
380491310
734797217
865530403
337342006
246154975
389458071
269795122
967202683
320458448
393299009
557817495
970772514
276027290
525816514
547121405
346726410
138938596
866852152
533493664
370924209
193435538
156159158
566276912
718487706
309271429
27445253
161180337
102491412
1483346
398277914
408129923
724444523
566958115
350375569
121818712
739606190
138456332
852317546
933139761
962231300
321570400
232986291
596229303
945230080
692722864
403732024
798152386
944143498
365914085
226191131
335820696
552539622
339253486
402901318
638338759
166640745
491731451
952188665
292203465
249661240
416869186
375843264
494303223
273200901
481078209
307599928
917560967
448678540
634115046
317464217
124694728
245220211
2119647
417000963
116213507
289520285
530726442
869489171
24261849
561513096
77798870
592831223
621077677
569784474
27322430
19190643
137281337
391338979
746307878
529800081
373686565
352688604
509220477
615450113
654409781
928040214
40909188
577544125
704846580
338226391
407087851
521197219
84232731
393139000
321923068
582186939
745818612
131544148
543103190
253044819
867614556
99252629
749574450
582529482
970090378
133978758
400452853
406828273
985252537
255383310
155976391
256941734
558080797
641436913
907959562
69931517
376560180
808197753
76587234
747316868
174759505
956014519
884873166
223658971
882280177
191156070
295363927
161340546
767886466
509986435
896507316
937469598
87527098
143985228
639884247
323601076
512460352
804086848
878723138
6054315
649047388
525171704
56481948
576166314
804644519
6583485
234421266
213699625
544377116
807417228
743091577
530141477
145807988
266060829
246726111
321183832
654359459
419174688
961122927
988293384
567224049
951515782
513351347
175668883
135570888
750395465
655294898
855662958
902419014
702050705
829323661
578348524
327743444
786374023
445113045
736971020
7723733
38269713
335619361
535705884
598172737
674188805
434217649
388854872
18608015
445450674
757921209
375037578
314664213
339678989
889261555
401525069
119210020
974941026
399409973
569967565
867743177
708324566
217156920
583348123
744751753
861832951
817148686
908776341
940108423
432758965
601362373
945065321
230198756
914144843
738111075
556584273
338504351
502910397
173816373
802886581
50143868
164114486
323898473
47058021
77408356
985539203
625001
409587610
381080089
188622420
343307437
758114449
491578263
692076606
855549107
613313227
989871368
936264757
839880763
530581414
592364785
868345308
325418315
495877741
410873093
794389294
695928419
832754319
924538120
975465724
156901240
83127864
97981774
269600607
869969638
777027235
903444067
730404492
261878034
17360113
59665598
360103440
975699663
288316645
194477910
769991580
621754165
706326135
67428242
564314549
657430003
144208031
318520549
978969839
232528282
53463315
979553958
351599646
797270156
448731427
917435132
404779588
123574483
602869952
879142159
833086021
273590718
202867429
387241671
933404376
57928992
725326253
203281423
32250494
772476358
441909828
512559780
247464023
903465915
256738516
70344987
350414796
793142914
70736777
630067786
719668304
391258993
677191173
556565596
241151634
510412519
436122577
103276410
314774317
95425437
57516005
447893206
872827003
803087189
276887548
872496859
320277883
383773337
853469318
905827261
947598428
955628206
66032877
77815335
350748135
886802602
197985808
177112065
674594455
525791291
668071221
338615807
751003170
13664662
683798781
275143786
597179059
336923915
59752434
796967591
79464221
410177379
856160823
250119907
573306978
593701010
500168037
793194711
416601385
53516087
101003855
322466243
804785031
476462214
910685839
337045225
899336485
439467939
623919043
665368804
866665999
438297295
790685168
150593054
64296284
73008594
161981421
775054536
686471809
414408783
286907341
767318636
490759996
523260266
253588779
506325234
208054946
474247466
549806664
584919096
191749270
230568049
932145784
693422107
482088386
693881690
282511172
904736398
161729491
940361043
104990769
813250616
252581199
473454381
972238930
42313160
592816622
913199501
346880177
401443386
371162211
826736432
386999478
177743458
500526394
817166497
223772221
797891744
275309802
525731357
604117466
136741984
116172775
657424467
169067864
703630394
109538710
575769001
878600809
969523990
540613466
468077133
382353857
35067910
135053190
839560392
515255488
911447196
514304784
476066811
679990356
712373276
822502411
69780194
682847487
164244377
789986112
656366733
215778949
43602152
306173082
926884632
257747065
332441308
398761889
564223091
664590772
362352324
981104702
810338140
540993087
328001224
324059034
486146188
717838591
77384167
51854241
235847864
18350415
149687082
923290193
949340752
184430154
504792030
390975222
50231544
320781219
32748052
130530333
240480023
61829874
379574072
170164403
724051475
124744393
448540065
333708705
139718452
838492992
655374158
71806484
529513220
676435788
106305565
236193501
819123511
850239735
118683684
86896177
671126368
775002449
446546921
407149995
692106745
499954252
401821532
778662763
144113007
118762271
263626659
157839942
824586057
2197026
306751299
747386389
556453595
733733548
200879091
764034771
124708744
462816358
544749578
760789016
581444389
34068828
483839734
470849362
529659390
562496684
278530300
63905087
567049569
984612278
614971357
460813541
522821557
189888268
557071787
630416950
387535702
203069484
725096211
946578790
85720693
166077612
667743709
612742364
285367596
869024773
494760038
367516632
98955622
539016989
912508051
475421589
203844517
536045170
387382859
62424110
119322250
459738674
669521603
344617291
842268459
360226774
549197986
77044674
647914228
215581700
737008471
194789636
216609534
638538667
838740614
31752151
854501244
46905135
281400301
352187500
58613356
829778435
723846913
562041910
226085861
600862511
381221896
739203506
66153236
606808976
287595326
635945492
101099141
649196777
35214433
867403063
547395903
531199917
561623200
132685113
640449389
389975667
743350719
473443538
458765210
252780550
646345577
789012360
249034027
62457434
506790392
474394949
465736174
693877348
809521613
531548194
17458363
820697387
689056535
36439914
765881769
453642278
804608145
166340899
34432061
135291798
412596633
566484051
449967356
566622705
6109726
36628636
328137253
379270993
123123859
271366083
422241091
759266662
453095261
170652328
306465486
479399805
127736137
418453414
431500950
274568318
946275973
326199689
40300874
990982183
696356960
555699480
890803725
214250125
212038197
700419044
978866217
413960331
200023072
500764184
122686956
392583206
800492640
227295385
918629988
946099266
786536550
646812395
460753358
823608985
911117244
218431448
595895717
161146960
624519341
687099454
606137072
760062618
293592852
593990027
997472232
269394564
767609712
610507683
756388226
552074586
659577249
888228054
389917452
190168145
705820096
254881162
35836696
986376021
304276936
575650148
631980462
519136833
22038934
19615405
612238428
475464122
58025241
524342407
766193399
241631808
472630691
718203400
926059041
897227228
696393798
564330852
25810913
357887722
751561110
590457045
585915608
716781917
157451051
623759132
939642480
462567605
752683943
390469633
527642772
499443427
868532478
282330974
976137424
511646737
951522807
638904603
468876805
457959664
697843029
569912421
585870224
715649273
948422022
416928284
274286631
350761895
323457827
604856991
691742822
576984388
587701420
288469024
194212118
392204095
536340260
150539056
108723874
822997826
322020681
531893714
997509049
543754831
942569038
342958441
762871894
431393226
672608763
630582757
423163299
608365872
512865397
57880690
653130811
353367536
767728737
772260994
652023974
57013890
230563314
142849874
845189205
2589651
431601071
414200968
603762801
216603019
789824998
622271385
33752436
541597358
239006871
637903001
204337645
549079892
587620941
735695456
28411792
671755948
711997961
491432840
115922747
632487732
408437318
87781671
138321690
742045850
788116487
647929456
19217998
348597520
816285946
434531826
849899439
168128976
243415670
447002435
196087241
183318692
759157679
102061980
910634667
600262107
218826812
665802113
174591787
420053533
302802119
187331312
119400469
787987180
651553821
146758276
708200207
601911939
135240704
381175907
862990124
618304017
462572660
569338028
23993464
409763517
821863269
283059619
747303332
462545328
278790240
748436086
248923691
455705286
78779984
204474333
304424455
912909062
298536716
654538424
153483054
315164483
725881696
580519888
765087158
63210753
379197749
278075409
592827475
228434683
85393781
900444715
254146541
274542541
155901120
770362439
318554562
614265267
396939375
916581784
855557466
306340896
877187734
112370412
55714905
443042170
581071289
450056523
581330956
703694786
762759131
207095347
671939838
385966845
633393938
864607898
781248080
419630274
132223145
927709723
940762635
457361451
144556557
899444364
73127301
31190220
785713603
825143075
862564146
452435902
976319680
161044645
203789765
651754468
697095585
887995540
143883471
858323703
439467774
827875899
933481307
411401604
704478802
677369110
360750549
39711141
702872949
619429330
458761456
53802815
342731080
54910039
431469188
600867133
976972802
910767759
351205137
102026949
428862348
142905475
284610341
537290360
12630094
715127689
965232951
427084573
225111422
67017609
646936600
730947371
960252811
492174422
702762204
197647864
54750948
464215115
101669809
424248947
432064335
600802838
176239593
742774481
406281693
224796381
930885620
461427359
136950201
100517247
228885467
177375638
968992344
338284560
475572500
725228570
311797628
467632384
103804700
739888134
622692563
439273570
389979423
423713039
26287033
143847570
827408216
579848602
194755912
349802258
436738188
214622280
926677185
335062269
961040272
579715855
550385836
18538625
156723266
425183515
558213206
748808838
36729340
339047929
109779377
403299050
452261380
640381671
158117660
466502661
877611911
838277822
429713235
340749711
651991479
573676736
274158923
834747877
715033126
96170028
853463409
661018815
738720566
90505387
597486430
552217070
667541312
541492781
966787600
793059411
198990416
900007014
65932954
236855038
729966460
636042083
131242767
861573679
372525654
95917656
850265563
443326789
723765338
416805288
633646928
845339639
287369933
521787689
304337981
781941468
79028127
920897611
315128529
269237765
973810190
288143716
741753579
73168940
579825985
18517276
46577543
641787603
473146436
643918375
596072683
551358867
28371531
479721857
106389030
623817250
69350956
641541198
360246438
878604065
281805544
13294277
876380916
15165085
596670373
680844709
346507935
147183421
140551389
914427653
582116992
246306087
757443271
147001431
667491523
389109425
248367773
107926968
750786191
373059212
142040900
145002530
678785696
316393681
561872276
990470524
994419950
208280672
888494407
788685231
22043941
880216175
97600989
473810511
308132530
621037985
286459884
444253827
606506764
417776686
966404044
340566246
460587996
939698856
71056346
978752178
348078429
873568
503512259
369267007
785613446
669781831
259201873
841209140
382187069
545294885
539465023
81780894
25880286
492401157
833559619
423729930
897106791
258851354
34277943
43760173
679978835
970465395
274991923
276190536
646947066
25901215
306452641
810468867
489690909
906260127
8776699
597948358
552588652
252960276
838801941
727644182
988396277
434626567
692775069
113389575
19326683
609022370
761329134
850937351
721651522
306889233
512599139
841937317
530459781
379578433
790033320
691784956
48508540
708092942
71457678
738615099
393607959
359558777
549030695
854168150
444555857
518683253
74885904
238985148
274145565
785724212
301582293
526323930
406316622
798083853
648699198
26212830
169292396
169294050
356455806
932356168
939434480
715697798
96406543
272620991
852463708
714888298
140782512
206645821
965843951
71804647
643148758
701984811
148020673
860853608
827002219
43772391
143186129
464326589
194845328
746606860
988049440
54571516
374904201
131407508
461903551
349461048
749370848
796544474
484332281
72881144
406573723
584502731
780139840
631403234
918902427
256541800
334272585
642282349
49500661
665354547
509557337
654441480
631048203
755645340
450413847
20427197
557482657
214215923
85958263
253669504
241085761
412054978
32127200
904540575
709841732
443125624
887271114
262320425
174565154
931011991
684828263
592094025
727127028
195764780
984615671
121278065
904306897
129589545
885437715
367584681
308693637
7533462
882021273
527976283
794784078
809137773
685107141
593775409
410721257
482541044
952194832
768779983
639455267
311226916
536841819
131867133
908514118
802880166
490935655
836704312
409683421
795451270
705936366
833029384
774382010
493436138
432681848
284316762
394134917
457905708
662956284
943281746
67334975
127124542
323028086
365288059
365112817
467099017
616449160
109438386
468571647
721854272
838636179
746698547
189712140
338770505
184050093
729623160
381689705
709100665
448537585
416071005
372490926
705781373
378532467
277158493
666284590
704895552
656931879
374959472
82507472
311571053
966500445
123711093
862847192
62410153
15973581
325163934
786107361
835348647
491575497
186327349
209871974
656364086
336773389
862370371
463507529
782437102
238475204
466001711
722038707
428056481
467872436
423715201
436320744
628666112
750996518
304932925
92785602
834142862
184935339
679399734
567143176
910178067
806460781
790987869
152801668
559234484
11229141
662773130
447754417
528065393
965697546
155287416
129821168
287234915
938846178
830000946
383032685
507220371
598147918
63069384
503053089
322112922
605979780
437753942
528425377
536689185
176496454
225376975
920536820
234000605
267484886
403598281
807475796
475795177
976852877
569649542
754304011
485148020
632517438
16224283
40838598
200395648
425993827
689232710
513566548
609603402
93298747
800821867
531326808
686598430
943299418
310547747
625495219
513615895
132043744
955921171
461387183
836293024
435896907
312853611
191160339
692367022
354739079
698291893
331117165
766865607
635917220
202936207
727801305
451852599
955752686
451809673
408248573
181037339
565476161
56059539
619505637
722719221
859153794
160429973
22658470
274448769
253528701
177307041
30685674
883542786
165462808
493709054
165469490
648002991
531359856
927258169
658959865
67817810
851440818
814810975
270028433
709570473
823336087
969108224
983830473
403610243
5522872
868822927
281919188
929558229
564753544
661982514
707870936
656832597
105389909
302729072
353217919
371836143
824621376
246530945
474645460
897910676
246901134
632804641
963217190
166566841
676152839
512138396
223065714
964986571
947266326
853589954
130483732
487106640
432217476
424243280
505864616
283731955
908968493
32568056
986234023
635175797
513574699
865713522
387486604
336699712
266750198
952001768
160435542
778165386
427456233
585979596
422060180
492649615
227387913
811872778
364380937
55982922
919872579
931090381
695082894
317349721
650248729
163397294
368127828
832858967
766237132
848920399
850801099
848887503
606647449
694728518
441382964
908983341
904801827
289201748
165074249
123289982
972226788
605145763
923002150
722334324
914017674
264513646
69921988
918217267
542548805
947567171
177629718
866995044
109739027
648629313
389808367
195381784
24832285
7475021
651334308
955607862
786962098
870890166
343000441
805423248
680848248
336854183
267470678
852168524
293406701
382428955
752117851
882291168
471078440
107938860
157610056
336616198
570842340
329019472
460577374
160497617
676360438
498149679
524543577
898587
138885667
818872424
311797609
307091634
685122310
93585930
874275961
25296003
134467119
212706285
615287925
924497319
77255381
996386568
3710575
569195015
426476969
394171873
90125844
505009068
662141494
429585346
442551347
994969971
300125186
569266730
678128302
395206290
209770227
923264414
883598065
542972424
848018255
324021725
778049756
343732934
340951926
526039881
612403649
332135588
836836582
801390432
323462401
437890312
450574108
370773570
425585426
104558294
774887636
549364945
965304343
249097448
477423360
316770268
754313630
554938016
681922316
616477621
278592263
558704188
189533657
419848807
688944398
739954970
875049816
848215130
776185512
153095407
797720157
940108905
5595014
598424876
263743289
187849965
353674831
922937927
134802761
381587242
805583425
597350321
196295080
980672802
255023163
851038004
226385139
651043125
66724404
731174572
601361222
242523280
283930237
944125872
70066890
266962627
732633637
993778015
594053510
252438896
744707050
521446268
878008747
636444403
933944736
489885163
644467344
92644381
490624753
501714258
639525936
937728130
131421741
306107437
817568360
312015869
893352328
33878762
593461424
236530523
680254565
586590164
874914223
488765881
232007681
997246508
55525149
872665818
874724680
607127110
263916786
686995590
183492467
41312493
400267495
190770268
263584640
650816681
500797421
889053680
361657240
217361989
592970834
746691447
996534150
702763961
802018561
582568315
549593623
820470293
121344036
865781964
950004695
604756180
198351107
726651678
179992854
562757223
269244653
588750753
149396737
187011646
829917501
454938471
985789
796109
787508641
546104895
638559833
750933229
885252688
942753521
564786567
447892251
183764154
747502476
477655528
384634289
906833080
687741982
350440441
143063183
508421058
896925860
311024392
298163570
202816388
287107762
791372696
632490180
303088129
636511801
437552688
976983146
860230819
503173227
250063272
153533937
133453595
734901953
241105038
600511237
617190177
349500738
873916748
403789143
158987997
618267580
105087946
960075770
433350853
548488444
881018584
413459403
45348120
517997785
495796458
539180022
399730098
829980937
13256262
316482686
289274685
337176921
117971702
683562577
371690690
183816033
412145148
500961724
679187332
520583961
753309147
704090569
29694233
576270147
216021502
739808087
812566979
838147059
696353034
274856452
3954456
185259251
125518479
129711918
763737591
669599875
190086598
725829623
190956908
505803372
960695002
281624967
15145657
704480709
878592736
965214049
792758595
395908437
454555713
319707747
896114452
819750145
392138302
859059854
894434408
574917463
715717031
859136885
869939177
607709542
793864646
241441586
348483203
559300915
4379134
272162412
602660246
763564807
238448727
847956969
16446927
775749238
650100563
980698288
656195981
671224184
199626905
896098265
5940095
623824792
938837363
882816410
692240420
554236627
396161745
373764245
532321785
433334486
690408642
166266166
534590377
890963020
564419396
564844157
996196644
937848555
862803530
216888271
925588161
760351337
70510939
805005761
191351154
521681005
750165177
165162800
106698066
875756837
794661685
611142071
269275421
752712645
729217952
535807910
622777510
562133533
494011298
573823760
993182519
730028397
540738711
282533668
508188878
310286895
466035623
976340425
406338973
657072238
822486812
183955878
809578355
232663063
478768967
181832932
309197203
684824420
255321192
834797064
230221795
8555859
789252334
912917346
730305235
302460927
724812126
654026419
225687927
186356825
617287464
15352347
737061593
130085218
578103093
920229148
857985848
308067742
656807635
805389053
922432480
460492612
737628203
869374821
144166421
320496949
909733026
717264493
723439456
549943354
705640101
209289265
618111163
71314851
938905145
153037119
864925590
121798858
219726226
81256535
391237171
286128478
834004844
34471224
301175363
908912042
342684377
931923463
347466084
231781702
950781189
185382197
398534732
347476154
224368773
809926521
975433735
871768386
735078669
719501853
675234338
374250542
359569232
896682943
338583757
703164913
535665016
273218680
628542312
842048636
269347478
492793364
117715084
727994732
509043247
219353072
446609171
458555582
518501722
614143534
40850547
595751752
833554252
733768711
370930362
895439212
274925273
145775527
455165079
464490377
115466502
235631691
802377007
935577866
830019447
203275409
401463472
486845413
747196362
192571346
43356240
16685070
658135037
435246374
240055430
467737526
313116174
621363212
878095716
236449590
372442776
879536143
49268674
77333365
831903063
713761610
530834770
809460577
408657467
737929875
176491002
334500960
321230772
303235961
925620792
959439084
854241050
362224671
588120146
668161369
463975222
166775194
648404021
156633156
796192654
757686157
534179163
269516891
32209551
159141231
240515387
7032760
604303831
350018996
685149217
232666393
581563805
343803839
197892606
568702436
975128162
679027008
517439783
621942227
690249568
868572222
525422825
444916347
458998765
129449210
353630335
31095779
240270847
272005423
876247393
770819108
677708113
93656011
612480344
72198271
647548445
865292462
18230542
344819788
343107711
555816517
952102752
851175345
671394219
526977261
414649468
894226534
143721315
530696016
712420138
959690295
932653447
251824656
227056678
178268941
559609946
399947312
550446243
34915797
108466572
915307505
993366637
427921780
898139539
894646522
178876214
76509369
531063922
272300330
834193428
178609571
588434109
123262983
35451579
883311009
514921110
565347485
981557312
622767255
653550339
601387290
313403669
72470849
856556336
767722271
701558336
897241417
207680856
814205145
208407056
865120420
772391972
557854174
727390678
310093737
369414349
794277555
664637551
742938187
98349082
482152064
498896552
455134632
569041061
55200102
204561851
589579797
176352845
680638549
862426599
108910829
813475763
141751964
661562642
870645366
175937549
708892895
827123244
954598177
379575833
434931740
650571051
536180479
509613825
721886071
877916825
33052904
229357410
569958980
520006293
987810923
47192382
438994936
593642170
656114634
486681923
861566873
331860995
490214627
762614538
981199738
275408595
57798799
775908985
968199486
396157585
99360410
264323375
14611187
716546754
363751483
65283371
58125026
205694200
201744323
716612705
887623489
551321317
919637467
994470029
12520426
343228675
223177782
277733264
438622687
751018651
261405865
593101625
775850621
127556845
173452895
701494265
568518270
196663345
235849146
529907748
108344273
499831284
172387484
985967899
649477087
778673561
686292642
290479402
285188746
288451792
212628107
989261256
522445327
459595086
521541265
668589922
243478481
561130286
654756786
978572846
633946706
861200671
119027385
46527617
383118011
798819629
298914049
196942979
704985504
555265098
991296965
912948242
678971765
728562828
919218459
288102863
347690295
710610977
706035534
947990188
569899779
923720848
748584344
877287262
63408108
328671932
297098850
288923030
610610464
896590083
799171258
605812337
834434415
418352374
312981311
960900527
54086801
585348473
630329775
12040696
189454493
789079915
977664017
917454034
697279866
384981600
149910612
521527165
783727177
446308204
704202826
337763389
232846698
624997019
4753632
109419822
720661072
947986953
503088323
461707494
994041666
19283279
100576428
6912901
743409979
936337372
438593727
862801144
549316971
428773212
686745454
192031394
49834774
109265131
110484817
200777881
573251825
804813211
431313313
96770216
529390198
691126841
400731744
777476056
52150122
324872718
678648259
502059311
897643289
895969716
225470544
455676583
399268485
184074340
792996645
616764612
950752489
278523633
35688217
455265007
157329244
231242061
995941659
515519575
261317916
682084328
777934975
518112703
811465685
54009603
25765153
22224413
109064792
97612133
959669722
44743575
575947757
333432840
199094929
78099598
888017903
22407916
40790528
840050246
938863559
577618167
546980436
761205678
14546748
802607389
704374027
399096283
548270681
294835190
825807021
871038494
618738785
234060845
571652503
147334911
7654566
802642916
210753802
292170159
745146883
68698412
734608028
442171714
286167168
969496971
779807368
895184163
88760489
506976486
896158839
154288673
956533354
449721980
469608111
267632021
827385840
415675167
63655482
339139788
46499008
812442373
692862106
790214999
703199866
374825941
908516642
208866478
533377788
825693671
238820101
707003210
548602584
701578633
574155447
726968266
519881379
40656902
715618911
213678353
710166437
811987028
913529306
446645037
476172599
152605816
480038535
212274124
91200335
94350132
409017614
922911199
440479845
6231365
18561709
509672640
122621656
709452569
440810666
89839314
730338845
746601657
611349386
895002904
952242523
871014975
583673243
250242547
638426036
328934347
390860083
133639296
468551823
562112133
867031513
192186849
893472468
901629488
163058545
923712192
851092259
838508539
861351605
847882978
567552001
427967412
567908439
488186979
475872404
194946416
441301177
565161794
401791602
389568232
871327003
747290613
489107090
983256014
108652222
431636751
915288495
100999931
781482711
278835470
249109181
164992029
954408732
634716002
86232634
179505342
647986346
811295476
976078036
611013962
670598308
599008488
440584663
425240372
399572012
811814135
833712446
628986484
152972856
180539623
370324825
236608761
475395964
923155571
657558927
827188883
352504041
212311096
138832510
231880338
179511512
556771674
449138538
22541987
775263202
717109499
845039026
45582910
768241560
896170887
920793779
44342441
357650256
219555371
465066466
465918680
724310660
184027246
531848189
819568017
816961580
349199281
430600313
618733612
57723420
576651184
865539023
87397249
992744986
186624625
635461347
483725387
424465531
759702291
863374905
979189387
609117383
212792119
309430341
918139781
403111712
101029083
285718787
649537707
326686872
482186766
370554109
282295878
490881755
891626219
228472193
113087230
258854892
159276568
914570471
322692892
136081673
335707691
91745300
448810551
12589790
737281877
191224876
653158609
172872650
706593351
182460658
687666554
867283732
153248501
98055415
67129592
384921086
59059193
817125263
215754929
751292340
996813570
69369474
364378890
940759030
362253979
746560325
115853795
785393754
719990367
552065548
188870438
824431998
199611994
445044023
64276929
512433077
493866314
142162880
119937090
728126158
780628112
592143946
297813761
613890044
782827939
659833699
175861520
143833627
164287391
674481510
444130889
373477302
249108593
787006765
586487303
789870949
73219795
127791034
335887025
464004064
944545463
377881428
569280453
564645411
713640307
713723008
182491791
940267463
346600675
242604541
324423637
730765549
970879784
181638681
592236655
602189483
165140078
538159742
685161297
960231729
896609846
325138891
996923666
42905821
128710305
311476740
496599223
460604944
910951387
9602184
881310340
239496176
653697190
625360856
11977876
698311886
22422737
609953447
927424030
459145460
855729478
655478086
749543600
418358792
520143124
744779101
875815853
526077593
57803704
411202844
294127400
989080300
933501540
109020458
789870154
698147137
68384356
225750265
550309889
387541487
607686415
307988158
101642051
848181336
122248224
99275762
345698104
415870554
847968051
692385173
171538921
93641518
80034787
36171612
807606216
360423770
729584908
690985387
656506711
90232237
557157246
346416833
888528495
308349458
257971188
450800343
783470573
515539177
791009732
672358183
512888881
203902542
485381264
871858577
322640464
75402155
542461521
674014296
453374981
157088633
616270863
836245515
624890164
674227032
883282944
607920555
120756602
716740277
235760355
686143978
354716310
995213930
885840600
402054627
805407616
825471857
532386720
177672087
193705296
176648814
286814768
707978836
625316860
916225298
649640246
289809387
885269837
849794347
268729513
4767221
404296513
179641657
879963964
743216668
876115687
82729949
515028539
699156826
897952690
759653787
692422477
901232669
717184868
281304797
4148399
571724579
35189633
448153392
871687130
206957751
649016327
436355562
547213464
261625817
441393557
961309713
685479969
698722361
389671745
687763160
476332473
190947999
979537233
605293407
229826410
436279727
264304257
944059416
68569803
363190225
170501577
18839286
579150209
341965976
241796410
33197997
429831426
747230943
472922841
357474702
206772840
640358164
380216586
785215189
159794942
417849237
387803840
916517230
58943352
221983727
934410299
626987138
386345866
328873922
362549334
916233275
440304419
599586114
22097862
128938049
30231845
536906612
540163154
802312702
223016865
340206490
66805547
285989583
366663249
490979446
587996408
253587954
337181262
59891031
549805494
83689705
742004534
696039227
191444278
47212301
993938515
459976229
122779126
913219698
210848212
299700472
19142322
302320454
231387213
833437638
85600959
819204672
347074567
176576353
279753724
570931009
693655912
936677074
621464734
830250599
667771755
970383775
982429973
284391375
126112214
352883232
10861071
942368804
455948850
438011352
532489637
848563676
205325371
272419885
94242884
914140068
946655187
312483184
626430655
644690376
776597165
483784511
943715299
351059897
589317894
574341445
115007621
542549932
761653722
259648586
101708506
862871666
404065316
269014187
373258150
78073193
730558210
12012314
88929890
301025024
452349403
164854204
6817265
22770947
637048440
451328131
376508261
353034635
911881642
838885062
160739646
307048661
443797398
958436291
64534358
12015123
810972759
256907031
896876131
515682980
746123052
144375504
562006298
232401778
189602556
249017841
277317218
862741530
692552599
842484396
770390935
359835981
862990462
546718139
433765574
228546484
95846583
630075186
700866982
615317796
226977479
960171040
748862427
9180076
846933660
744169520
433903026
624749400
130159219
426440609
400379880
821776163
458041832
262107639
324015182
502100450
719311923
27300761
158422283
177016775
272752036
236019382
659883551
690877888
48892231
645279942
994513513
216330695
223573674
197463874
116247683
320408801
501675073
529649561
429277055
873162297
604643344
104226571
885154535
562621227
482979208
957117943
645265418
972959966
864469506
773969517
505366755
839785213
781698659
375447863
674633614
978021169
410868820
976868812
511741531
665137922
876989054
57629002
282575542
368500412
495384942
92274188
977937453
186642283
940355155
874078711
254424316
813601560
847974611
142274200
952034938
765889211
448747016
59972507
668918793
757331915
542588503
406253754
853812623
489939805
984353587
729510000
760869203
47787347
497276715
825518056
396829168
261719828
34434629
738732649
260533900
513975742
106512543
886174789
878120223
612198551
518077792
144904933
647541621
671527570
314593509
602518139
729798679
564522283
110155103
536679659
822852419
289339237
991467735
62162267
372275660
306226442
746480500
319131902
601466596
747500828
271498974
747533756
928264817
781546402
358285254
938917793
145164021
990750545
531756235
59527273
234921419
615505306
974088579
955298680
664003998
538175255
626523263
124953864
357048399
271124335
382349978
176829525
763147238
389608316
357031427
98892548
927613402
265858107
7353854
620935507
698058434
669740392
825032076
63432791
439914526
410529971
587533602
224943352
299024066
190370232
564764268
816065883
965194558
229059913
938113708
781306482
253624489
151510007
604168135
423582193
793342540
397203920
861578395
625463977
908433790
117729767
127311037
657126894
943078849
143348919
263122044
353655959
561120604
80694077
326013379
236191278
583316762
793358509
809934483
556273014
970538521
438037794
395498517
306971810
284245346
846482490
860765512
754417583
475600782
732313695
536323603
810262974
162480503
113282533
416281526
471811861
168137098
719131727
622226181
225243530
214609612
114135714
260286412
908529861
873765800
320001019
337039696
494823810
753869802
298369038
720683603
257896248
844580340
586181358
679890178
345755777
5371
637162421
247658736
698973177
788902402
826764928
380995458
548082910
533779475
778117084
329754435
139168168
70229231
176907032
648481932
537787282
267962428
584146792
47619252
712298518
451117416
862903268
925939836
591724216
23726860
505542502
255831134
740431862
384433224
126543668
842349607
725549236
979784393
492976036
806866887
739870980
619497953
473804278
60380766
676295345
511375574
737987408
427034322
606112557
519735811
231403450
864123383
663217293
714666478
525990399
5282388
695598287
937547817
988962963
516136719
805920932
502028381
296041988
175147628
587026936
494872527
139613632
291122934
475711334
597175286
603031592
497033215
434874212
260707646
549827972
221266610
2589445
983889210
57013694
147356591
641964345
822956053
868059257
455100277
77814281
746513623
407809166
369966959
52131596
782007418
638040611
311864704
520062589
558478450
583263655
70586232
236610009
189670131
531318338
948162241
737882932
576162212
307841581
842998271
378810268
498550175
495825441
972330606
940285815
53566829
62817484
325820833
74414325
659815035
837614263
912434367
291728014
334442900
568526836
769706356
664528937
736445614
988910521
254736136
341664943
319408460
991813942
759007428
14466775
128346313
695963382
180034950
717360404
801981530
644948475
776498490
968886812
259794157
268722002
666649213
876112398
931967750
308394100
348046029
47849772
339804755
72146973
937243089
486273507
790014310
303760781
480936490
478524972
847740797
604137711
887652066
640710858
244497492
158088712
948928546
324122067
696040907
371546291
604629154
792670866
827364929
206698549
903092210
874312978
523728695
837969769
266065335
753854838
153525877
491655018
846508617
564874995
562486052
244885964
410392306
482288138
273899654
447126709
115509904
600708109
573489383
732789189
837734209
631296052
455415362
148775116
486790935
73956328
15438731
61273808
805348158
643185159
573321984
623413291
573414100
216697930
596135096
386850971
201450182
20090486
335020205
712448926
534537795
435410483
287302332
484194186
432122473
551780844
81980725
795599932
490604755
457416728
41454587
408825817
897687
975996977
714898045
477778478
786784524
592224845
724234150
984235465
797036692
854918388
640857371
467038985
364000876
351923949
778060266
551508737
192020360
639518324
718722112
219341254
918671197
127494453
679417630
6253958
237069467
808810626
417773463
59792522
642574798
221416398
552283803
499785079
531706084
512462302
726400241
20213120
664954442
920174465
552058094
475030231
688885150
418888929
664376942
438757282
510718671
569539439
3857532
231760776
259462174
91796366
992487899
57693238
631882329
393253816
638724387
440712219
783907814
987427673
15800465
894123105
992333340
451620496
712116093
587586345
831779971
427246364
870498945
547142072
363280122
211800722
203633291
868372215
116537740
383215460
265597128
389705087
121573187
606316454
497436856
334747583
377629576
640234353
140119289
473031724
789897677
672637914
414988566
344654137
881781064
46593054
741123405
67144431
735481107
489095476
420377679
535913077
777589853
801129797
275729454
72660855
584255238
504333169
361270250
189711378
865598053
221043192
435974951
696265439
291207328
276373478
403034511
300653674
956136809
867030997
223647714
690981838
14572515
320436753
594561045
873779954
844892778
134130846
983082452
97174026
990980617
61221215
139782847
861962133
180563537
428396315
466847436
936251412
561491824
275698017
801860760
831322441
616343967
275755309
725487131
744326178
262805042
120305512
312432991
752773390
815791572
369910811
994987066
937553687
80119738
933743640
411217361
554458375
5867167
941897249
956706381
504624992
649341144
47935687
713774030
274559286
512611812
645305015
227889008
422832619
860734367
795103336
349928111
69530478
960066148
909921813
499594089
462186188
434553772
749828699
343296996
216817601
717040226
621557155
149111900
513158324
538318402
255500636
236747270
656778589
608592670
693259351
630076858
737782417
602164450
821542308
22180334
45472578
801527940
233432186
980956507
881155388
784453396
651024915
760420203
742375728
253527915
345044736
211021602
168515828
844706775
170059727
901341285
501786861
234877296
125923972
244430941
322428941
705471959
692519412
456304217
577840990
451837691
587041329
46953243
570826429
239132282
301797026
180074709
741501878
285243293
150321346
584458891
283832959
232930202
810280560
14874837
222520401
337389566
726996671
872649947
994399605
385389848
680909141
941010410
205834987
475222378
138908336
877855636
758197092
687178844
306890238
809214382
465317832
426102261
220329175
379256234
584481534
54407753
901242240
444143740
345945061
605383546
397437120
428741651
809774071
678682513
18622929
353194228
988677421
354094678
358114455
170476996
768305663
499877090
396030244
609318801
941645006
241732847
863394141
466653993
556957679
280056008
908103328
866299831
723095248
654204268
326728329
966347166
525162191
983168099
304046680
127429767
599450274
250959833
264527046
278308879
960514738
356474082
711767191
144023729
935528944
804033732
401072006
493425195
466210977
580942758
244606982
896368266
309491971
943542056
471727438
309465944
590280926
333087626
741084218
735750805
357482962
142203199
302769236
738539397
196649365
74127409
973034095
33847596
538386501
73324719
267058532
26998262
181342514
745595683
917328123
409729722
934824868
589119875
412861177
887857202
582869299
505609375
591699637
208897924
284942759
900816092
668835209
884714525
619682820
218773564
406101799
255488218
376565844
409053804
80890253
980192865
318369483
922424789
660867378
416888430
356937184
32769328
386326576
956612595
208273137
516096764
465667431
853619879
67690370
492977026
292390481
55261430
748781914
939845076
265519498
429489639
849029926
198036766
378119537
834809109
540100200
374048985
863033868
963141722
632416969
849395077
866124789
414558364
312654452
180908642
288782145
909868300
875670814
340252444
965473585
180957990
846773546
396140641
360252593
205389967
292530821
304660742
788703217
390224542
727809073
872646942
275582255
500502736
362012301
443792450
432223312
508488406
185569786
110109479
141785559
849912395
343474974
592589867
749650610
141196482
982792152
88271545
196896348
44552675
348466466
756265674
705787218
867462008
861734765
854484621
89394835
253426945
399393322
729725438
409629292
124976486
17106706
123687581
46135851
737127883
96162856
644492084
687325519
969745241
527141449
295261537
299302209
652502493
652488289
74358002
578422481
329090334
105039235
627118286
559211406
884028097
608181883
611240412
590709956
295722542
780886522
11220078
492434666
716822876
393502566
918886909
84956501
153365762
487354903
646905474
355071640
305261321
731756647
494776280
951751295
347628882
344929075
343903431
357590960
230410437
38317572
627347364
403910174
234415704
523797895
489414338
226587734
571556909
72291947
971502011
748462880
969790288
830356932
452170135
225344776
143649653
331572353
352442167
142677534
366650186
503710313
135126662
696079592
368362455
908445679
347541812
627011964
545469158
662624593
295304397
810952775
517747012
750629426
836918974
112789161
459594628
420656337
846429577
801332559
513811039
229552991
412140721
480584084
542719498
17060302
706999031
584757802
966301857
223637927
696682354
103942250
386185800
175438377
778660539
173181142
4535070
13225128
815834256
386145401
84302392
575166631
775219099
16480106
706618788
826313513
647552425
411197388
415903668
917511746
170735934
722609951
704806121
155814869
524583444
173279511
339134100
860167583
135429582
987727623
653814320
200766097
226991802
575783499
49920744
659091523
121495584
645203850
132106924
714430649
433360293
673614685
744758490
838395123
843270578
65152375
129903130
72820663
550931544
145437676
21286341
892323091
497361555
842875187
820714494
77680566
569523853
763193468
482613894
396249526
756763143
596499228
668303379
664270967
646637663
937926790
864445156
699817669
444434894
475400105
421013023
700238020
905723789
701269555
326203173
665933756
141682131
535839242
377420499
694290527
112682333
340639700
365367962
105652025
658263940
492765904
15691013
193214612
808359460
723747729
965187389
31126490
950768362
612678977
653383047
984218238
788976394
406251265
269048559
972298428
844970980
136184530
532662487
602891992
409679378
724362644
633268523
978498551
281346415
315438246
223675297
38010368
626174871
867546249
749569775
563616781
565828269
234235364
391345463
323477868
407084023
867078978
646376164
188229328
322010563
804582535
344111081
809147844
928337336
495557487
374314061
561970430
640993329
617817468
868114691
565857553
14275263
950924269
58680230
335484367
77369989
890772211
682993276
223380429
921544358
857577718
78385288
440466578
673966168
462200086
888122472
279825280
975611728
178377943
178149328
603738335
33223730
612196051
343566346
299208749
25693031
648063360
837661245
964338639
210455917
394156983
449723147
838819183
554901762
270506940
655300371
540864829
156475563
916193346
216790931
449156795
686819226
612419799
257299919
504772118
295732714
576912132
479212352
894166155
674735164
75644095
768577642
244598837
485291841
72359898
560583191
626957264
169836825
74410910
162150704
868231543
321439159
450501641
554179351
277346490
124871167
791036482
17304876
709902253
230292034
439819777
751167865
511611685
249622149
402165931
298566543
135805138
217686958
131757371
336159629
270716818
277859154
354678893
898542310
541831325
907162542
311913229
534051761
970646614
527874748
883860309
285669851
606175775
725295749
303958288
560962992
74846239
758678862
485754104
758115222
581357450
754381413
11941715
957244468
739886808
957774094
425996223
277353681
197385427
638391746
376323425
296227963
985041072
265819551
315512090
506005176
958753461
193112581
301358482
990334305
674680287
535580834
798891349
890570806
27756055
425925624
663877928
594997313
180024253
60461513
766833
736323434
419801982
1656017
786477598
733865103
940470939
215112071
873124283
580792616
992289678
557859961
871042335
67759458
340766787
501090122
432411877
530570873
39615122
587372693
611758905
365029362
938312663
96767073
449411998
775946056
870694033
211954059
942879007
495033130
358134955
425849070
183465303
18104533
81195413
197814637
550148738
67238252
230514743
810137555
242970512
292639677
245613319
785747965
804239907
397082423
278143948
850113508
422342487
826941483
54304011
149410437
53964155
601413623
471284031
252011735
525874833
76281931
486681390
840342145
806852599
467234462
750267262
92665422
805749581
336608448
908713566
64770051
241128950
148775152
106577253
409272136
397201599
514170531
514556194
799464985
457148703
632021760
809605856
791369481
69899022
218605494
235324794
778293060
275677751
437013887
540092133
80333248
585984482
780119383
671043389
885835029
157404481
597037989
448972927
961587694
76181426
426730779
848967312
874451070
441711009
453335959
983156666
810459667
487765272
336560588
528803944
968516808
419302664
393304421
15743821
129443694
471751258
888984586
501311134
403587550
365507597
378033210
936984895
749075766
843031678
970902247
352121312
779799762
186933220
303356036
954492773
874910347
757657433
517558387
403234911
928798983
217879123
934849364
371210083
871124024
835720731
929312241
38773051
267154985
427158342
57082344
547921078
982807110
285546390
538776058
173121033
978241912
326432533
151002005
846554151
939522871
699223144
759639430
912928819
179136438
311430090
369520398
957129581
883078394
280131057
716025031
980337544
202139185
318834237
656716185
170681997
1777952
263450422
904844441
786262512
211211342
935685720
531224861
886941931
977432566
492661023
690703181
811012853
363457881
467830090
134991005
293949614
508568189
881111006
443566940
902936614
510399778
696639235
49361710
35420495
117376839
884122634
552540533
842695906
107750079
129730023
831627735
642520079
934368671
311814871
927319863
175044973
783195014
169697191
417638076
777166166
611334448
191390097
231373984
86117071
583141620
589312635
175954920
63227747
370396481
354352765
425762683
185218728
674809482
479202807
130079021
133750591
550395394
681217119
32724332
367686891
608972413
63736566
301139148
947983226
984311013
706579897
678032431
762605655
767592050
187019520
225673622
919949832
739781700
297074972
888366234
979972311
10906460
50967929
437520863
666133455
963053155
221897263
715914489
11754517
130584034
967219647
155851187
346500622
851870995
449134159
903640372
519006213
521300449
548067989
721812024
834012805
960999328
606607025
291386097
105277662
582566541
114176405
108443256
534854427
353979443
953532255
460054619
482736895
684748156
520156466
104948861
168297126
169585052
730027197
152783013
856189862
404232037
237819514
735024889
570244980
762224725
758159925
145438684
414013293
188988578
543826658
513344025
670942665
120993177
874693574
103282871
779793003
54458266
367195004
968487892
442895706
698369859
401737065
731936436
727618835
84749643
853248497
551658742
961063299
575578048
258963983
635747383
285759770
983327333
358848285
530025110
513233597
183136794
878878148
493075457
658806023
533828117
317907116
594645479
548856886
661484086
203203855
107141856
804715781
14409320
560548902
116984561
353369817
181545690
100325557
975211913
443493438
208659257
187627667
867930842
357515524
218986210
171689763
416562585
163886125
426873449
176308923
369276007
68579406
648022567
340102140
61992188
541170511
531846148
428393393
833937061
589367740
315856861
682213488
161664868
797729542
691773468
142725548
857352901
562319166
588526362
441224219
627997525
97099495
339978526
77890532
138097965
841865778
757402256
873219600
920592979
298432912
134197187
579606865
904251210
212734006
274362828
344399594
852803490
731264246
306117265
981588418
293486693
978089972
386668412
617604993
752806704
447726078
689920143
254048925
923729382
88303158
771527486
228252698
487749579
90225597
14559543
345148299
648255046
298895642
493283061
951254604
645211531
157549504
53386907
602506642
495511891
48533167
382711397
66694287
862715247
726019573
365750366
334147361
584684287
855048399
995737594
706632147
925411687
685047132
533149317
752479712
868743351
489118039
159572173
949703952
357950406
728860819
554480783
527997151
687194200
340160829
375339053
996030395
823687470
990992720
875205194
15398554
601538248
124293755
879559629
361122473
623103100
959931716
893384424
446957907
68182367
266078845
842026112
749373216
342100275
342656034
157757202
283652260
449460787
987979675
204304930
924274360
274415364
936234205
637742863
405742622
82076293
358410993
829633503
801824564
518118032
933879276
39070692
700597448
894335921
948826283
725843696
657162734
110271774
912861736
99846299
656147211
511536576
69963425
174539185
444889034
960588301
623325511
160000710
774015179
892576475
951670136
899777686
246385009
992049980
933032772
329770019
264651670
4027308
899539736
239369528
670118308
382318988
91620192
759680191
936165473
537492980
857042654
316305112
90892454
755021709
54569722
554389819
981205292
703564276
584204040
337708309
84642992
454231137
843476835
994309178
152340938
904104350
790659342
957191656
424579547
924261421
526235571
150679320
127490772
454244423
440241235
262964509
868430829
790552064
493060242
499796981
970184874
375345246
866820447
812416720
768713459
806978389
150471120
154388690
254930205
296917220
757652030
236519493
850046199
101940770
780481125
797725594
786558678
648983640
873938325
877921059
671841046
101008702
625963643
640390835
364092976
722268130
818989070
683970277
531166026
805076663
27009253
261614528
816399325
851586352
158991772
117185392
945362571
880064942
454564090
109137287
933732953
225855328
389621185
229569436
720511962
304160143
592096414
388794414
402237711
990157960
94086186
213725255
347559347
240552609
652529740
5717125
641952493
997305076
549548097
599544085
857567618
297955042
376000742
314009013
907633107
408075784
300992819
463117885
199701775
8780165
916717570
372639537
640247396
383033757
745502025
514003456
642652640
665269303
804841821
380842715
557305886
591546008
240545765
719538589
884732211
12428467
898224891
925341887
297847887
894550068
95033080
861914190
831537812
406010089
199055673
979255500
507183247
544689528
714259204
94016634
434722866
11842469
544420325
710283603
393208231
598440210
574157888
191092644
870779303
920819135
131590717
706495857
644992485
197511733
707193785
606772848
472677249
310299853
596938783
513220231
125909203
274620994
519067481
101847463
208843377
518402500
537434186
589241935
672055371
700996830
893797509
835241360
210934269
436019477
354088805
819569179
106248662
679454668
813582893
263573453
604968935
125398782
761813979
462553053
807465408
313862566
25248197
414217976
569498939
859077894
770687963
73025734
919474698
335591957
524271157
535291461
851568127
264963900
548763495
521187803
42693965
374420156
139996808
245987673
749109793
141132244
232982754
425854359
266498946
927655145
798900961
646886515
796124868
403070369
419612220
405410435
685338692
976370389
604745401
649214723
209480079
283823648
550313678
445153526
523936042
341774409
313911810
458850023
262176868
701668171
727510910
739657986
311830029
36582470
724209436
315548375
270220271
314209206
686140361
717241840
168244527
554259641
720244139
62785656
696066796
473052661
700055696
774839308
72826700
596658394
47873634
455892241
500085390
883268805
807030779
732085951
124653648
394473324
963979454
677547620
8752089
347969549
297881201
262892171
239685785
253578739
269961905
253167535
718755793
7707019
121537736
739655968
685794919
815719369
616858281
87025209
512609824
167851340
273138386
855539846
122080678
309797656
485025635
754257001
149593920
785689590
861411499
617678901
939751354
955442134
994582524
943965152
319058562
506395721
422474671
520338575
495866056
300511266
765932285
693854970
243373159
153019296
921998007
674273736
784622888
226181448
613298855
353479870
661977066
680710080
304458364
905307787
569417633
276583440
600518518
642997653
795160241
247774310
388494256
315070
846055905
30335834
602046650
9503902
304157706
714256846
979334094
757424220
927520024
967067933
974000739
163192759
93467419
302390748
924530576
742080856
671156493
540277700
476518953
187071841
292124601
373344675
654170326
986784437
778397657
844691566
804147262
839391803
627737542
334570903
153316744
804436516
649862850
103668757
72483127
81313316
99934346
970764155
739981855
290254000
740895577
868916650
953675736
204053915
801438348
464600024
134967845
675178233
703279634
527321391
89222479
472794827
847950734
57994170
165944700
254221774
407460606
921160120
699520038
920883123
766140268
20480865
843265193
511230294
649605915
385999606
169630630
128251291
191906113
82927755
46590148
729386317
854973477
592738579
125042110
950365805
217843458
307771497
442376198
712025540
120692509
371429549
64855670
821887357
285804849
766738991
387790364
460183024
166935294
680230023
206062018
325078616
383393041
853495401
961100712
501407997
305462736
897566270
310739395
117042217
125184941
836391428
111982134
757937516
424808362
876430410
59835641
412958765
776736668
908226265
373571806
982630907
944086587
179324264
716626093
827489318
706776131
650427090
864865002
25468069
559745110
516051035
672400532
334547438
419634228
132618284
912459697
954935297
223788173
373905226
774022813
967402529
161680141
104220273
305301037
531065862
353955553
695558032
804747416
40885647
991736052
216362249
958606482
163916970
77266556
717575357
689721018
992144861
272272737
723032676
282417941
53233720
783157522
378895330
673888945
77997242
147659662
174180
922041079
285238065
274139775
221351094
582918394
635951194
783488936
578725348
146919672
239003916
125869407
27504307
856069984
970492463
248985416
435853084
861446456
959067896
924977777
448553812
810418546
944114575
454027851
970667616
624756478
584595037
286172967
940220768
309810448
302183875
934641732
786583033
521600805
660679176
905160348
697216623
320408439
836271052
942742364
558782399
619037333
851954405
685804192
88741519
146822636
352289130
179663618
942304884
425513176
181532561
740534201
805019753
15468893
832435712
257062598
917081039
601192406
634095193
184709119
380017472
399107097
982700960
104075741
70886546
138890905
422052964
905577975
677787745
318835715
629754754
910335521
431264668
731010906
105080814
456802703
853531085
853130085
493036204
425392217
528948758
890256607
733865294
928226967
516579231
428927364
101375850
438378892
703110335
624224940
598991387
547083401
315451916
257288568
435686037
657231786
875839689
274048896
518735260
283409951
84859128
607081147
813886821
190432805
945253851
642797050
739428951
641553909
941265271
639438279
705951851
663870487
733976298
872590610
807854446
729410395
102578148
387109889
182582256
407010242
66483475
293576612
726260597
27079741
85459338
890578047
16670994
800277493
678730736
198191053
676645446
319252945
217002835
575379229
706094140
916646298
718959013
644631498
763088935
496635782
599190658
866073255
702667246
274594807
373944055
994241102
428705560
165844200
160526564
73624339
393339002
528716384
758674800
829148692
508536177
403886524
494657343
238750790
836951403
196132906
189148309
356579030
99846950
806260970
911466947
941016589
935271309
972316164
529138101
141934256
290473675
873600009
547888462
130018975
788197692
645630328
485903466
50523928
361764804
620741833
33015679
509615136
251708139
794478039
264152191
438716212
675243772
422857307
487306967
674719031
6335429
855361122
760890211
945114296
42447898
891658931
703930066
921272869
432339210
662156871
314669693
525965838
924190000
676455778
179459506
284390011
217693684
71560005
781401248
40167804
199850873
732335786
76312056
57221829
482245320
591558263
295768801
302708019
911979234
353983969
194707011
293043060
805517049
325600718
150850861
622960942
353294964
774464812
371260359
361993952
825135396
458828525
836970279
573824095
225223507
906259599
842007198
198039262
449759682
901575269
87401051
504035299
553856140
305022612
946177942
195562774
275477732
183740673
494641111
500534156
100369291
207927780
83564815
405660040
220944927
10025646
778712491
590442009
520951736
766150536
417541513
132854022
770296907
3120386
855285806
909495183
417554985
315873513
456270047
245687018
547829996
429370411
593378831
401322390
947437492
497154911
382031692
735190783
156190176
279170759
869417022
688796137
567955310
208011945
988828468
815630343
704239366
316483817
520810306
870701749
465314921
815874433
884119456
947497437
613098783
692559396
15837436
679757998
733571589
150583913
573463057
314418348
695030153
128591980
516445594
719725318
135611239
822240641
743857620
769806110
617657484
794873856
524249921
724237463
405072855
805164052
613137936
849829870
605492161
924994911
126148392
909974758
914405614
970223605
546404633
947658819
368932044
129130962
875326195
766755963
980370582
472974246
860174139
874431021
925722310
388302856
516003926
490013746
595352984
514785214
84400353
609317831
487638986
245764386
783900225
220604576
649768645
970616867
195842665
117025278
718768923
264816912
638052674
402223828
432022850
204449445
147485397
81083525
207009200
917301211
859592436
225885529
293058263
305061547
769501575
241421571
789684282
982234928
383963028
570973838
733806469
330855288
72552766
171593421
114903304
871852359
260982597
153797736
171626044
858198700
254815679
289138055
276555344
522414911
60602444
627139130
94719191
987872003
32915909
19865527
18344323
470798127
826304509
405233364
347499861
54083436
613179070
56060218
610534903
476356551
724742524
436534721
152189147
806087863
853361271
979036834
560517239
509249290
327704711
595803301
577275951
575361728
100647522
782086500
707789685
666573370
582467622
344624526
935713675
801340769
488241098
495647052
854672201
396891585
751691657
235037406
702223438
384493938
490819100
407727000
120170508
345008994
371244733
551490743
43638819
109170772
654433750
406109897
201867715
442644744
959435136
611012994
636700242
303124108
383734918
916223330
788801936
723409093
797352974
54695022
743831442
378105587
487083923
463618346
774029929
62456378
101671655
102891664
996269070
741751367
13430694
152399367
166691708
842122322
197626738
63458703
331133215
558230496
261317095
476535519
665740725
896454129
559387827
511674913
762885411
147113693
984862603
675896250
828012096
279920369
629878924
190056676
14468996
585747816
774747247
715970494
719842310
603493148
856972605
159815455
8083303
478223043
484609175
897455559
39991656
160136952
609195602
478919307
232793260
917275671
110795877
766119135
964329584
797998574
853539892
959158654
381923313
208403369
826985177
66203255
616107874
110321245
246444285
850949712
588172367
709997378
650437917
195994712
681597599
28462474
145387773
493776157
466567671
658689221
589090111
709368664
548913048
108281815
428256848
210908176
219654573
648096122
129284833
397884065
813567286
13508572
304053062
709844204
887732951
64613672
364653493
335637388
935805134
190243364
345807658
698325375
677997996
418229748
38273546
715527039
88743227
370167648
753302001
814826617
611640787
286025035
531213739
936359936
779222452
684560683
630795140
472367727
859947091
649306393
650518418
47486689
492770175
470042585
163877283
452231100
373485380
633459905
36355395
863302124
177157079
667597843
240450094
865916883
96283893
582278853
365887046
936327619
907218770
359716632
6016576
253529209
695760345
368184605
709058958
794801280
815327512
180240031
743294763
515727614
296925483
875664137
389319871
911785883
722957381
773924706
297070195
937002136
517846849
290225551
597173112
775304914
904089880
277241584
319896730
33509131
334359170
412252775
962692910
131304911
382716434
68066731
388787898
184858262
776910163
790278449
687865161
821558912
307041181
526279460
663832386
101700312
299484323
857930166
715961837
412357287
723604745
65908116
828839558
120990845
518355650
734379139
991591552
736306478
645687221
241237592
326324899
128449694
682583694
313523227
468048857
865715262
346816834
943378456
474883652
606859296
659129534
807114228
364128474
842192054
749224083
451794663
569559278
924086414
155137267
628824993
75056918
447394642
764894048
21815889
953674896
16080617
305541541
424982476
928947924
289802110
258219355
296001642
3736378
768302532
585777625
832965512
955206644
740048862
569837487
669828120
448911645
315051394
373956666
543005923
657884640
834867368
656277290
2753285
80681650
243438839
297488137
776686109
447708421
516296831
589907440
578369649
577347498
665859551
680980141
401801129
489736790
205246226
965366969
773183965
78873026
962718674
782303283
8939028
357777558
55439381
85804623
313981817
61220626
356524471
293025427
797544499
318415022
38650532
477883714
164928179
762780412
461892699
284584730
599585003
701699655
414540807
576447258
477236394
862006397
357752847
678613486
719511726
136972350
694803766
181067819
306508828
178727473
113156980
755049244
510780952
889683697
645353902
962805474
468051888
83959240
660161970
530331840
889594764
194000497
799135897
782589134
10036983
426877229
784659775
373073484
161519485
836285535
500803480
430479760
497876251
313626113
237675597
346348708
879367
598313630
847840350
318481232
325508464
944142353
993035168
938870256
789245836
540455439
685995981
969894558
401220751
585125092
576432636
395928669
408887542
777968162
207484053
774237689
307354260
889824842
87727874
30885864
211214997
153250374
316106434
624927676
367762074
213942561
387147943
787239043
35742516
564824585
72499737
365072436
593954294
190184889
791040630
56478189
494847878
686572586
785530580
452911951
813202890
368290574
699629165
108165003
980243965
851364261
973752197
394283242
425042667
94778755
267506849
396026753
166137415
722576399
397663802
984537305
118163739
555115282
58862972
446895571
466896677
126975569
756013576
561669707
870829188
836405984
373803489
508702664
737711532
161701209
916726141
280399687
853043430
587280248
623340071
760173508
460105486
834632562
608897211
141056894
993195629
69391377
336718595
119367542
15357743
508969385
254212207
595838088
225448840
572607719
514518075
218550491
8606106
430320028
924476934
270555146
582514056
279282049
611145103
10231979
569536895
821362813
773516521
428316299
744337266
430243613
128468030
43209756
729880214
585784160
782850944
453060347
455535420
732248965
435190947
512718104
839781251
252609805
666428705
533280827
164872275
536254536
116380884
543546023
745687627
963498194
314000180
443383390
249396696
700626868
543633334
698257530
519680727
277600495
254849047
297442077
87628369
530731784
129359943
117016314
240671790
219053448
689934699
407113869
57472493
862804829
762370691
151751918
352553307
176969527
544641996
257998502
373132305
847613560
836623052
95483910
510325253
64305645
266215043
622019003
438584571
610153647
990080243
510496821
78790411
862678999
36077750
394554541
398465964
628957794
501914535
406178952
399665831
898037055
945224904
811331750
789322657
894540181
74159889
251438273
636840604
724681969
118862336
947120193
24428949
403581601
27864658
653720394
873604435
570341325
654260921
63596938
617363010
503119395
84797860
320743421
160083526
353809609
656978699
221557327
735068757
556578472
816203591
133155148
137322555
730970871
115919713
554589602
162588669
922266044
151665609
499327298
548934435
892437584
345496735
60267909
127911677
939268507
450962307
56355480
476645841
717630012
313713652
853695362
829632233
81286632
94474456
699621908
158407206
763930588
553040896
33630278
451131453
560195541
909390890
679656137
72823527
457556007
190241966
372929514
329045580
444629843
474418759
472195948
827227541
449373809
430553482
271100565
918851733
35325085
358795266
717341089
965270374
878233117
273406844
382100687
96233695
536275328
740132463
466783173
573869130
880211591
685861519
600040121
227828460
771337945
535869664
975623123
46907029
320136832
51765985
934022331
427532721
140017016
810398987
499639727
758480211
809735154
985804131
520936595
390724291
909042249
770774240
493868740
264592339
337754515
188351513
319954327
341036092
497212015
382455544
504217146
458531906
350918847
852317558
428810186
346301780
375957063
285136221
357188008
128813294
147685965
320559160
130665544
206095188
950465548
27278873
700865441
271802414
766109242
394336326
183478104
478694291
182821308
473761770
663331818
558600662
509835147
348748570
302476556
567122026
978723427
435613756
743406501
468057040
164131744
605114038
778986813
374737434
142050290
233297659
482570673
448953669
46891491
51170886
942863209
21774117
131137385
386154345
881523868
322839551
894447555
605680424
549069699
486512508
856629845
564064422
471108151
385676541
296362096
374977224
361686956
494850360
732791366
63524422
300587691
865967024
291479149
73043410
972899002
515324476
625886196
874436218
574926866
385694238
127061476
837987696
360113433
825016060
652938353
685186588
376169880
112113260
90608949
767699393
596262294
486038432
373846642
882891779
492826050
579425513
400597030
826991174
551792356
690930052
934343191
529339417
323535657
59583254
151645811
723092367
536223282
321603844
482003797
569440008
434479666
55235512
399111745
125484599
39556236
364833551
239332118
430170210
428858366
482776086
378343007
61299497
99233117
185781401
856239148
243668969
155097456
950619456
426512284
956182665
617974737
713258973
671894795
945087067
4628598
68162913
427443273
71474524
214376660
734253327
312468716
577088510
925094478
305533476
306951130
718793444
808524588
736249520
76229819
571959634
190208426
77779128
969777141
695514096
381469215
417496540
399449602
84279390
801034793
28189182
105063649
619240995
972040586
363334910
743112936
908019501
897249178
95935563
691973957
712032927
599884603
206211895
567508289
329577116
43762374
677331301
847164252
302694571
4052110
481982510
611799963
391866076
721541221
530855198
154372532
744667658
513689737
14116291
460267889
542348944
493238210
917398408
495536296
688973064
564811169
845835691
374984627
412544481
162493044
763286233
354864576
656011678
817056619
397309781
994925138
53574216
27731501
486229908
156924157
81810399
538918235
793248270
477392165
969244856
423995583
456199642
236281683
2635751
294839737
896618001
984119579
872242837
321398770
545391389
591799277
471144679
618952727
3158828
142727724
737922482
100260069
322191118
589969740
96931709
949162872
213183212
295241999
860886428
740094716
151492412
145491697
131873786
943287523
737703136
681018351
95002520
243213667
574768622
613500545
384813357
188038
70214373
429823501
676368151
493546566
647455614
452135802
517800773
91516189
139073596
624560258
88156630
865222134
427952996
535425707
742041155
561788345
231938524
178184928
381508778
878257409
132339140
827300201
834427900
244818444
143084872
697533127
140954329
805671149
171633058
171772664
933591207
379351551
980330217
519977013
181589248
406793493
63933848
387704432
728147907
682765202
663085080
583552028
377709036
436793888
763806859
516446416
930216597
743655385
590937637
152045240
801035361
242169820
258932350
923378099
79578725
467681639
455234721
762688416
426827036
201784965
934562445
868613729
312657767
651086975
77134186
285441295
915578608
686835540
546474381
845583160
655726044
415130177
292183332
817981329
691564926
370086517
716412102
512660671
334054928
877689569
805169724
497881777
357171176
685955042
996517185
72094090
668488272
867236577
986920657
614211197
841911440
72821055
901623212
433271593
359707693
571473373
700970841
384709567
97833479
955397094
663749168
631945945
644212091
885133081
993573075
492227426
93256595
962636067
791814459
380549488
605779711
908749424
401768012
443624270
131110692
457851180
567317125
370498370
564650310
41061001
908647166
75255395
687341829
286561289
661168697
681516269
990109502
994078640
336071494
29587426
130929731
633601229
755118824
617886541
903940937
409800123
566936045
221387018
777560497
845985928
806144089
704342913
879771943
60929168
724663173
841028387
344313310
834592228
77980598
149982418
838434146
384570793
95662691
118160676
112138260
395609593
256328332
697845013
801855954
18376998
228336386
510243729
259142769
683343553
798121596
53431859
730669892
738086482
33266586
8017214
791674480
206671844
470958588
957595205
401167971
584339921
901898789
225808478
318537613
23201060
899938836
16901364
376988599
100841874
777026274
993023657
835785839
561886419
832696253
198583553
610195568
101468744
531314949
631634184
187042702
433377607
191620852
225068222
171991397
101773200
522864326
519384658
905507434
527111871
187788278
546113931
708670325
498946078
96053161
64768480
638455159
124588857
78220123
993941290
89255537
4449864
99130729
775104389
780681066
506033709
312934854
536552027
435487974
821748840
730125022
809878104
614474739
947528521
291665065
961163449
705232324
307339503
57129455
482381634
519251280
981432430
428643194
624070795
513486776
61303403
401310167
424796564
468181542
923104592
728369192
259499415
59127704
168362640
279735266
865946337
594095863
463076564
738310313
956200021
429785838
607347521
291287225
838243245
220805160
387706471
582992336
639720607
510715794
781553950
229919762
995618255
347801567
329299969
423972476
126291266
860942318
159721186
654803164
686081453
831294721
33244307
630682416
786317036
620739784
803951478
645439227
20901470
707795330
908998872
321215897
622126685
937201425
184933341
369010527
498330471
989514505
296718961
82361112
139437244
508017529
600246046
205005291
141399879
47839705
2284826
32678367
135979804
26380081
913028663
141180622
475391175
20857435
214983616
208019200
449719394
81324456
918509779
663152045
949675110
726537786
323459718
167684360
928924446
135720185
909486746
135975460
711350217
671488923
649865973
116049625
946778166
930288806
758436701
198201738
18280066
973371249
661388386
339246118
134497503
861398808
365452346
510016729
764403207
241726460
247475152
34501831
749682159
428669904
353729943
933058757
260800579
102410188
446053574
875278898
964183918
192351442
2888025
766146465
432683499
280813994
177493511
647542234
129726665
619057347
895638488
395539688
353322971
710342097
339059896
472084330
906636923
525456146
894306295
939986332
973263606
473195736
234502347
286970382
610769098
483592267
745962329
115699395
737699428
402407220
753384310
104892733
433535407
945552458
997855263
122480869
575033328
440250519
480867082
726193351
116284337
410232846
695648418
915010466
42847232
324053354
44138606
2923784
167929167
984336592
288623180
778121448
463000231
406593561
982852376
915731104
903732517
337531293
562866835
885753838
498031632
250637347
216295007
38288297
326296956
307915968
186030176
137540130
29792522
325900705
784478357
615182553
398656781
499167702
281970104
912673731
834551132
886040804
902585246
387257523
429853059
479009602
891500650
397062478
926750618
417641295
603998366
889752604
779077750
114373704
951707444
241213197
559242537
254176239
953874542
137918768
415902910
544632576
489727615
517639221
652108726
298904788
592692638
422422676
960451045
360046061
704958818
422271395
50442260
320788832
668965168
386049807
631812904
489986775
795516014
20236325
962799132
552221910
852395718
958053077
124895390
213979432
24488904
989693784
802996922
527267999
702993213
614075079
394004548
299839712
787060354
50584341
720008426
427901642
261086963
584985438
52126525
369265798
863044509
219619399
184485532
648974572
55484107
135908471
548418441
625964436
968377271
294394373
142380638
84373828
33022185
458377271
516753451
457518992
323740192
19525933
996782803
849927637
416750201
64432131
127655406
59534873
349598819
645308988
469260335
304909014
292228254
238117142
305585244
274008005
818042371
692302603
233043532
121864897
791834369
879880447
66783329
522143778
886679166
325838024
222615579
609356708
706319202
374502720
12627924
463844124
546288318
523323843
139792258
440571435
156477833
720530827
32347581
855515662
343737244
850669053
722163004
477196439
299418992
777714720
268866455
690681529
620915867
575886057
786011758
82883965
617941581
714758191
613562044
351716377
395156802
211845714
422339679
643257045
622313625
526882649
432526614
727804043
191687471
528740496
873260412
993617843
98553666
22538513
455771348
433906583
181210614
892141215
593875620
432282230
53676816
299962153
249659933
583353189
873447075
880564546
881389684
525445508
682999056
855898646
599972449
674791608
15606290
946375889
989972694
114124510
8152017
80506889
869135593
691004965
68918570
902589664
668460104
66056711
961449806
535187515
759290640
952434419
916375983
628867972
93937895
250155099
41369983
600437265
177388640
271914042
559785724
41786367
92633367
123009708
371022527
627070554
847836595
226230055
583378106
616378119
182607237
416674371
243993973
598844312
580566051
270977503
123526649
726257619
244928605
741696819
464639803
505852256
393346694
939661008
432278768
657258474
587096800
471021482
635748830
211353179
446722022
574198187
476263433
69274009
809894499
982741876
653452080
883905262
892872742
659828878
410210320
787314120
642635247
817449729
79677072
493884330
710240199
370905047
829609132
106861667
807188794
285292184
456836347
260297840
725192669
271178627
584426470
487777172
432292691
103608407
430571416
737548361
59006852
727248816
539224202
909775318
828706539
61015887
351784604
832170348
792593607
373799606
610182562
54566533
1776503
277969953
513384265
582669330
578794612
273222149
161529849
155139235
531666471
704568114
179350689
365868217
101308895
19390085
659571947
428743087
96159069
340617087
608877987
265772530
912371552
52914759
863704893
634601492
39867182
926297628
388969982
378059276
524581360
948417715
849202604
177053546
152790314
343734595
315650968
775009822
24367345
811099761
948660693
63449392
777046265
139834092
443287847
309361363
349319075
579573133
606130052
106427939
297849488
802936981
792739902
170874021
405875686
755891552
656488515
777202703
443165379
791539586
341853485
811053964
868911900
522215883
604055556
563015296
912854118
101923616
135990452
849268499
698579144
515587008
724867434
78118897
381617406
9109017
20511410
402672511
958639390
159486725
467278057
320159031
91949646
467663773
549320366
327342591
191727004
1235281
178471322
348031314
121839033
387636908
569950310
105191581
944163047
979832695
775214104
781775530
980410845
593454836
714560540
649568042
52357342
241111157
407416978
906384602
5551540
59147499
337371938
385759653
603756821
515387176
280557618
201809698
539149981
622935506
672798915
970823865
741889955
443671589
724017696
533124480
554965375
124304912
628997772
639600160
346127804
669848806
604542564
333124364
893546070
755210821
360540007
523965552
955244001
452405477
628644914
937896582
31931444
783019256
518500913
188270069
642031272
474504617
314891652
564071581
861276477
25239048
99384013
153422694
305705814
131477201
225306892
319486137
164786968
918530229
195769603
48682330
669697420
894204053
841689245
500078883
366610715
296227877
714276622
171578003
721521595
469837749
294663575
613060998
866911279
784689524
528441170
635235989
517655708
779437629
753361811
773727769
436732815
848597923
979308177
317298947
631400318
660346976
88454011
68760560
363468622
933034888
901760225
545145963
508955070
868117945
42086282
236472443
53781721
500643955
747021893
867077543
151075288
916332886
615730812
128672742
340445446
546707849
756633995
9300581
510532516
717091653
695780095
332209575
621461705
128173462
590654669
330054303
97931880
442470263
897158598
244249773
781341005
266814025
670483519
143909324
668720868
52094444
730542805
319726108
826360000
296470660
835802970
935259645
326436722
753659474
467945300
364862577
18892521
226408013
111413324
792001767
86646110
381384841
647653664
536636817
28393873
736175577
869039933
167747311
442260015
489140388
90560316
30402052
200432409
485654448
640798279
815673993
588104855
522064241
306436566
309915419
42534287
665983971
731041712
976128959
831944912
25735887
924995659
650977806
469979212
152828584
45129011
557823628
414589999
243921029
218979995
374004222
563853026
577174359
76863828
774338452
641340903
663510887
841815253
330931336
763404745
663046868
532709970
150854797
786697525
255456230
279430699
554834920
517606145
42419886
289544030
51966912
745510540
675255319
801655402
294001532
242417921
424834599
317943979
866527870
507595565
178364881
542324167
241343495
575742023
146302120
205432264
513808700
862402997
576879554
305639121
854937350
645748033
490972857
729657574
97313466
748186329
362510244
197752892
403005819
915710841
383672895
216558903
432464275
502729788
632738793
748181097
424780603
535613486
374795664
2595518
658195115
590980502
504296068
774580109
962946601
107752479
758112815
909691497
499299420
136184607
892512652
372594325
42731430
642578095
730996717
202504722
444609689
616436875
790198801
77377668
904456933
681873647
698947574
794075827
878348091
684424756
116086034
673254495
267018364
826796191
608049393
310313330
194774125
439113356
505318790
485566716
765950429
145429199
938800941
473059931
654032425
178852799
444813628
341092216
437053480
580617539
726471618
467873221
55029914
797466005
776621628
11888572
781639193
503310356
845819883
219889510
955376238
888098960
675968121
215247254
805532448
247093466
593568642
541349145
663826572
828027378
663121167
755397633
702387279
896323052
861924781
327082258
584008837
930998380
773682373
742430158
584648904
103180353
870109387
307250600
550666176
350664850
678698432
762422683
547841782
977309802
811019422
132704920
783587402
707756389
642675685
836743770
370910019
31891682
13029680
790904321
380298751
807904788
613978207
705901951
562543131
398077174
995543460
808232617
169803430
594362494
224305908
883196551
662834589
919999833
781123006
232520673
835381970
818537365
86150017
336531601
720290577
351617970
686229423
465689514
832824499
751456462
273477726
167261529
960367063
520401272
693054012
807764551
347310304
631423012
798615224
493227404
35596312
43791915
409512051
905374194
859053961
962013339
806759281
507512847
840439382
642316768
699972636
614914078
831729682
426575861
662935175
268038074
198912849
210491458
341106318
125770274
964864360
575873731
967422767
933725456
982405519
958736892
338956337
601913662
20112553
845688730
61870473
453026926
221212721
905593574
500317158
746698424
447240031
74052945
678879859
497706623
603598402
363899964
387520073
4251476
731973558
725537338
246146301
408997906
283979366
302100997
865499631
972383873
790756069
136639340
859367514
703742605
778626260
526175167
279734092
60341265
911069867
292194132
851036292
110559363
134064421
733866828
410005163
292514478
492158413
61001950
66507147
286727073
33503150
819672246
531205792
901516060
115603927
990040194
497920029
650100829
60345741
238517990
415067005
637537026
53286905
449949811
760797725
669712442
887382266
228792143
879033561
822952163
967707331
624703569
116905650
329102888
444016852
424557909
805303849
112405972
111500686
928432330
359134474
558724633
514144318
448491769
132091127
360794156
969717820
37413434
499375692
224272865
864579032
910603509
356142334
52822773
163576443
983133225
669995801
949746348
801251719
759008373
533154376
849240628
724528159
162183111
598891475
417032899
986727365
684080120
401951942
138162247
221576785
130726310
86642368
220096708
788147796
357412745
719283451
783469616
229062717
916341195
103049071
30478837
785949909
239368278
22879299
433930141
405216933
622050369
795682584
505473382
63177189
681595311
312006912
608665294
826450010
204923476
245457638
155832367
462370606
743555678
995070904
841511186
560795396
72105798
865254152
63329864
136407475
831838002
986718819
208582833
57439644
167160760
595339675
740632902
395710390
447160150
826922907
85019981
544196147
856798813
777644405
502590462
313451005
371931567
58205070
9586607
306905630
356312453
630867975
161348464
286245145
223620616
421503456
4153535
79327899
813093309
833388845
811974539
714229760
209856178
604994777
764072340
42487176
512001487
218082937
618731999
847937459
880426542
341563416
367604775
20913600
358428880
428227582
616679782
770210140
27658324
89689860
1100008
520480146
278737053
556720989
556995104
586102139
983418221
529563705
906676875
833291272
994496470
140953947
86108647
962371950
491393235
87362353
512097069
693909885
189361279
845729272
658300651
775112745
652090056
377023105
415450348
692414438
640158223
54424293
419493940
879653063
579718275
589754957
975720096
955283490
279239546
677103483
595317490
937544559
383313255
65108244
930431379
10510840
15530220
63354556
584567042
411877305
786211325
839675354
558477394
217634655
535773145
812526176
228684873
69137347
556152388
799937378
7611458
459720022
757501627
509046508
460632811
758677236
135164715
665137564
512170476
63206820
23970840
765120454
877162436
450282678
238452132
507980686
904008825
932988129
196989732
412236289
685165761
762984835
621768184
194033847
700862456
314505818
921595797
849654066
357633151
944339861
706217704
360100675
575323598
669958192
325299746
192696165
662724487
696438164
452380889
969406539
133633645
413019644
217710573
259175624
293004967
919118811
368293103
698048539
836410297
762780936
211232839
374598407
725371568
103031827
106381391
76365722
851948200
527562574
313876229
604324993
312439618
608416571
626187574
85208880
381114577
255016903
10804588
160147760
844420735
942908734
932576055
644927243
720006908
908200060
165966017
527458107
557860987
411889597
341470381
610574181
610829766
735720769
100474129
140139993
230298751
938973191
975382083
92343258
435952959
400378686
149618401
955105236
489963155
99758139
208553056
365453439
92556342
281560852
865116504
558041980
260138846
525872588
563897211
108103817
88078342
88238568
732045612
543021483
497736603
150406681
388643028
5233419
232388487
899683187
120533373
588013099
906105168
348889587
281321485
128201737
532266635
501393231
838251351
948846627
737185519
840216509
333497652
627197231
617989658
30481001
295752389
683521991
516352001
757944581
896021554
156218998
976103739
832135760
164583663
441700563
499758772
77856082
162117786
325016104
369166633
657382185
349964023
761796518
490045414
745875402
226800511
634978259
485673046
793635082
710584749
430089585
486985570
457120529
681552180
610769766
905592038
342072845
43867911
860025771
561899495
451135181
758210970
828262958
102715479
104617154
474256351
53119702
811716139
251492975
704730575
252524578
110569434
17497230
497815677
715956506
708135371
772983456
711853783
880573513
733977484
445046193
328630744
734508323
186408667
61220238
322776242
646116246
950450344
269879477
762659863
939026911
854149594
536397118
203167425
367676834
95048174
180502909
427732789
835804194
611866954
301185333
98241121
268802238
98565670
97738722
342193326
723982187
983912334
797746113
554888728
546524046
402961199
695916761
359708116
220558706
875164437
304550276
564989034
217317990
683535119
824566472
646705496
457989401
943174470
585031393
86683481
513553904
978705038
399234608
802595726
519638833
768602776
219588322
870201571
325375798
456222132
819030584
28269025
625775770
40791814
337526725
648724422
929412713
127577223
87889146
600633653
921583359
991043138
753825902
146281086
46969089
830994994
719755726
844220287
38049048
736947798
302098410
331231592
976040505
15894843
867304767
858918574
200657602
574848697
471832761
741287558
450195520
962736067
524238969
427513479
829609683
445051400
149272041
820736467
108496371
192183715
627500518
934879525
116571966
524975280
814184717
349882355
580712190
779226089
835277175
157007735
278765121
44866003
205724145
174738006
267520688
277514802
425747086
427690209
187368607
625304714
849636558
421803840
535413627
543826484
147415629
306995029
921004319
454520579
800703421
560218132
970342504
139572938
774695741
404728165
995132961
580212982
440453091
850772869
52432463
271343658
993468301
853894169
757524593
859357300
449824195
435404345
558182375
244693265
662908245
656300965
43853090
658426335
275497785
557227944
11011770
244274129
409441628
41177640
360654502
912890101
873560202
611484792
223996332
109837246
385234813
712704850
703674576
322274862
988392663
720198865
346717462
122559187
704625891
852014406
299665009
693099071
674309759
469872496
209571758
742792119
795556218
811435563
231031315
268873601
34659033
171616274
723276783
647211362
513461539
393689188
365918484
69452794
886363082
172159269
509738319
730476480
950657831
286572162
557116103
119495209
759088317
398647687
267429996
22180535
67005493
976684879
922857539
998069147
606225516
371137865
602573337
353746643
547570106
480620229
55745395
398132161
321203986
331614444
144057087
776778223
26012358
853619297
588895045
12535068
827110632
615295483
739148158
49081346
745254983
238793258
379625998
761664992
413026679
988415548
112794504
986756435
111082262
725680378
285248271
843020578
341437219
264319837
415256789
350481920
122701205
790319083
878474386
183518768
399240331
364421039
37139972
584240213
345087865
429705021
665867580
596804719
567275058
39596879
748074022
670032065
601295886
968900132
808148761
952292375
103542002
747086149
989167009
689684623
65668911
416887290
338684123
84782798
91509147
490924301
105908775
577369796
370036194
717456049
852884261
346842536
968925796
826435073
890145992
947681440
128305348
497780308
973955978
560723428
682409175
518605562
298883838
608309971
913599372
722276024
43527466
139283087
362594548
429366396
168499564
627936419
215225695
970238097
816565357
228747457
83259074
713410473
52210485
410893347
330641880
31569058
599996498
282647413
336317385
492610314
470948400
155328162
295479160
350724940
762772101
485126430
940874691
29149991
277665725
705956172
733480718
72106856
701641988
423578353
304930965
705791702
868757548
158099650
559756200
587854843
104171394
28393404
577063647
343169075
965273918
45323963
973793568
354822608
654191364
2709081
141435919
256321601
329733367
423006695
434553879
482082282
551871442
254380899
128852776
953615962
215642019
535105658
139685935
517187865
302933392
229656936
96205594
340342445
182020051
133654050
115094895
203187606
49961024
313096824
627003885
519855
716799032
516782795
859036089
719658043
138265660
305635366
799502710
523498226
87715816
39342368
695428963
597092140
126672763
549941512
94731311
49936149
474271616
363266092
574987872
306539052
70652711
501907370
365667807
249080158
895287483
311288469
934859794
667399122
714497470
180253017
303078260
699215396
455297528
634919411
38622942
533344432
800651397
754510041
556940557
92739811
324226987
704646721
139337572
97338695
553879273
860909809
245747850
29068678
126718628
965005349
295887952
194367261
88308268
41098441
650797983
419626049
757860026
586605467
288014280
407180381
246884386
584981945
545889716
48022221
504703474
83315244
389083063
72136221
256461882
827580325
720441029
417553956
835956461
657793768
479381406
324347034
165393549
556915466
861519614
96438731
549468500
548386981
688962755
958089852
941229248
355043734
924226115
693214538
26936188
461449832
841197396
618655797
621105066
346013731
647412014
674765009
919138113
962206857
455828631
47316781
183848917
421225632
136515259
30278326
343957543
294501050
283045920
149262870
127247775
832769864
681144271
518415346
202658414
712541796
884294809
340933283
301671560
828334048
799044850
282324354
310423883
905767378
18978470
608550638
300800657
673465058
543612143
414894052
363217601
337185819
16462283
197658169
545719534
837344997
529727952
279995620
939434332
957925299
105358977
942545581
61402468
864601022
716802484
744342156
892160998
393481562
98384847
962173292
440787761
548778848
319445000
138895557
116265046
42650276
513113416
430397675
535297607
291419766
26371094
532395326
311201695
825340738
696403291
250403655
422356617
577513306
925271915
482948453
88123902
961959690
385811200
634695080
824894429
649413501
889120280
530538629
836614865
665674121
510674099
619650511
648886489
24857648
14841355
172567664
505290764
847809619
302702249
778583295
289031385
535793532
476374018
960502715
572451727
575602124
77692272
930674089
310489954
136846589
843180284
363895534
238207786
533366972
132260388
45674745
767779275
945509499
643390097
439163473
509034882
113396122
92944195
4577594
655559594
359948302
204483732
882892219
70110307
833142205
995797195
650088905
712984872
996923683
522591831
146848536
92310723
76327245
930843667
655158938
195372996
495939777
819513914
293315120
438270923
597746343
238323596
979315807
240917284
338084504
104207564
724969415
338551625
679139735
382411139
58928907
70341292
336507411
942170911
845446978
765176084
707931088
763416634
574833551
334837484
451485272
392016844
576669880
929582157
229883985
163036186
592963277
966477095
311126332
551961635
769620673
21486016
285357679
503280314
434598766
86655864
260324766
675037426
576068975
470667938
670144705
332804959
33055218
223147301
593651204
919378792
254904806
897769939
984587370
873566675
449512143
959314717
867986185
261711193
157993762
854445481
694035608
117845676
672559336
667436190
548520215
53083350
755293695
213401433
671085553
702142708
770465494
764390441
326359278
71734705
48067054
389112254
197917328
253169654
753592064
271986180
884155823
66326318
187932769
488255577
941642457
472875424
647640223
446787164
487201937
353401654
656501745
974508548
725749773
182135502
278279417
95685859
877982803
368242199
883893538
784179387
256433266
958423091
950121739
146784021
302650733
813870579
881657916
492834198
624832125
600439015
136255996
805074387
913881053
158416791
571535013
365661225
937973211
107012034
500369916
539528971
861945788
564677709
747739640
865444960
58914343
633912986
433178012
921366210
375801802
554047898
924240268
699536911
431995
670000002
965891501
96818698
193192430
712184778
602354185
57590814
747290261
900416125
173699139
730038720
382238631
666310152
694358410
317368117
611042141
184675843
441167880
996872812
658798933
754646595
497082615
855903863
756470966
838878958
292479
314683924
433902016
934409145
599244823
871150496
649015199
95544505
485871779
909298707
415877240
850046872
139169653
299840300
196272330
615814621
812359841
507087531
735778900
80535932
108875464
214040675
854211245
475222533
604813874
804582388
499433747
661051922
32320938
124710235
382109265
552039915
557513393
347897653
320505798
125982074
793812156
611063632
512412796
339604749
170429701
95608051
170498884
123989327
186663683
101978687
541947550
773486026
482321091
34865858
276535134
395356738
770239993
179229663
683619031
349175741
688368826
642230228
148462114
187976902
717685334
598097001
285051267
712397512
661734656
95471968
985378376
215002708
86625588
182694307
47782388
215086279
63745610
773141489
28137242
862675803
818973793
11853900
749111571
216499701
509143848
711097677
935986676
506060193
750730982
432134494
167718634
978048335
201313313
290074620
476529510
608842346
652476838
994066831
992431969
7778093
280724640
360113280
2043419
75903159
72642436
287978285
149451076
839441431
741002235
946201292
799985237
942230559
322964434
446360373
1450249
628899954
95922637
525103521
806402180
227893550
943592700
489671813
638200253
820383471
98405165
103991607
734909888
866676853
567341880
972244003
702489134
889036402
370044654
789128946
469409805
731221748
55460618
260301123
889585392
853529370
190175239
274538431
345173545
634836835
255434957
202493463
186998323
615053723
329094581
559980897
718897916
87847175
148969328
370458525
791501677
981552939
290317217
638316529
333996541
656067783
19940600
955180307
364598544
789072684
105758427
481950500
235356525
952511013
979572526
47403334
599983323
361703642
396479495
775175017
608225657
206092307
857135498
491785250
575823126
444553481
923890552
929408645
233830809
369326451
180278838
864479229
518528585
843758680
409416218
747338061
860374205
184768703
724939688
709427017
72164074
63799024
749051059
55566676
34070044
80375555
851223901
543960275
567470633
634857993
45847113
319547546
385906053
166423700
818021989
493996449
507547378
521420646
425197367
674797738
575254557
197766504
306875286
161043517
503037898
653220587
647581315
511917176
424135839
185271983
921414588
933580923
251148074
825927149
751172922
688094216
135350742
376641777
185431656
218440371
353683699
734871301
731039138
630593534
630030533
850634173
119242910
130580563
164492124
763400502
992747146
927587790
123665834
624114901
367087421
777517037
335136868
163869880
488918209
880425523
360435244
583447678
618515161
601314798
159461333
327922599
23456736
590385823
376935403
514041603
429946245
717875178
2667272
627335143
250392167
652281229
65108573
130064323
972898343
768200259
634562522
247828481
621272985
633157537
380338427
608701026
392647973
34729631
75083906
468540210
340572228
685938495
163916332
914201416
907579264
956409405
258281194
842647570
86374174
698916191
796592793
371936218
772584487
785099210
127466316
866223676
496863025
940823955
866967173
120711943
458613111
382934162
640468312
924861605
903058774
785502954
387046070
706177152
47058457
844672646
542871633
272866715
185493607
981463562
31222286
12532797
144147482
893490125
70553224
204498699
364289631
9076434
683059654
767460165
395999799
53063684
386044490
685104520
976648380
991406149
960351457
649462201
997790889
408784675
449803533
756233850
167337858
871797220
183966836
237698968
244522367
778210152
310316827
823703243
857676162
596550279
56823183
106839002
958344237
208333653
392115345
795829686
950174355
179906108
618005592
664050344
40575912
653292992
790308019
950308926
497862034
724541084
351087111
196901431
449342276
881807015
795256518
797572768
275415392
75124159
905939246
91145475
953471064
622686412
711523125
108034350
948764228
24105506
188925667
781784504
954860990
935895883
349019990
174703794
909684022
536175316
194646590
634176732
80160632
26315841
77543100
700151449
402154199
735837999
148080557
936184478
581876555
271542547
888295525
109530616
338824135
50819057
820568616
666385551
745277290
819192712
117742278
655857258
72418262
869740577
806212858
984115840
198034437
239491577
609422876
915532141
584272532
805894739
591587327
206982246
130798688
837888293
387311728
366752964
897905980
864981153
676354080
776138294
395554871
889404866
66086174
62940631
891724101
224408004
796630629
621481252
921865821
787234722
552898090
699657735
62613935
981917082
170911291
254724888
972655556
797878237
286794623
872523155
550607260
190448705
946997982
674053398
898775473
630814266
792456200
197802526
908973666
394481804
154457152
630945590
811882672
772789140
44690769
959237810
226440429
687173847
290496566
954869155
218273333
435641205
462616013
727076345
63928628
259582873
523154846
674536191
597200811
204595968
410215982
42469564
547749678
117947028
652654384
345404030
214481739
808902863
830275305
834832282
209449225
410705443
598452709
45065544
619661896
125585412
615762824
984273523
80928827
376217874
975925780
741006983
502869235
401881730
912814385
168127557
962194376
105762084
426145021
810575736
631750144
955835817
286075520
319623263
390652189
834832819
304203830
43938232
930545282
374710763
82333385
593553133
324561742
911896397
284556574
213024755
507764178
622553024
295996055
838578118
132239796
726478314
612929526
471991411
705577525
490969703
321494412
636472435
434106187
985328891
304935793
175174374
108312797
460129085
131054169
221523427
441230719
30167556
465405583
178183975
838249927
508352559
866973985
222370903
515917326
933586690
1274148
800630790
337409921
630266540
545051648
756180168
897167289
818857523
417595016
476985007
932200029
960791679
790969366
691411619
426432861
131694400
785991311
472086462
654360337
651457782
653694075
328473896
875872977
164719973
86365598
319312582
316051412
895997457
392502704
872312371
140997181
315900546
804953915
57139968
685610557
46352631
278511432
914643441
106442707
981976694
293299574
223085517
661630753
765186905
570942518
915116759
504922974
872334463
105003981
550717565
179757244
174266342
4337714
852896978
413457578
720393777
958874089
125084427
280053027
91145198
147113576
173192909
742879435
711577500
708858181
441759985
495967176
494008906
82084466
109835423
659069666
885407815
468059796
313502657
604008271
675649675
781663751
718772072
824184531
433912321
39782252
749287224
331171580
573930131
693924511
644778923
849526867
480563449
85339721
789446789
698218598
522134545
422445129
264612129
320974627
877328606
44539262
586653092
139988251
339165406
195499708
851223797
226132670
798743238
479133941
151231322
505934966
920655852
783591177
741568642
880926600
408644773
663739476
936577838
167765036
279270161
549028272
127575335
95280702
908020754
788576698
64826028
22144879
361753571
762140860
870403170
457686353
973721001
133524153
555414087
20676561
762286743
434157432
719370745
374077005
40479266
700025749
892661616
260182869
766544963
436318160
318498717
956954397
569234867
618597347
172119558
403049132
225066145
154632981
55247184
663842442
357833285
895194080
873925391
404660481
664580428
699184283
272377437
297384934
119487422
613124058
702119003
259069146
225019163
423060817
26520629
904045172
191415790
731022558
436273957
767378353
786238165
771951465
173725125
169348605
679567338
749111109
51449357
131998877
920124497
872114516
237327397
391559513
886049214
332873740
567334611
210454418
190973405
943213628
207808874
438338269
352217295
602018566
684035973
267323859
181737739
856228325
285493640
449446281
932790833
684532545
188480254
471536063
7488828
184800597
917604907
827276132
587365783
659908679
439838376
434750952
37505470
528714620
357902255
689082377
600148865
202442092
739979013
628743704
540422475
367758050
188163045
964214618
919785295
53288593
761002654
274236713
691646334
420108987
430581691
140971325
471131069
926583361
905904018
550427378
395605745
257759887
904981866
479050531
108908311
852957050
878567274
460106092
317590434
992543550
263104633
976504644
224108888
229133769
118263452
792338277
699209292
397106335
502757317
172107857
638679434
505626013
662771663
386314320
914270686
950645978
349869034
734905940
442769104
44474268
314810243
203303380
665850107
245825034
717499877
671957240
315037278
514238519
19224597
567914648
70954363
478820343
758632996
545507553
291206316
152853021
60451679
964395309
77817044
215703053
636915560
776426202
379246932
946343800
925183612
458100480
132232429
464987439
679459541
886693797
167613772
678731746
168712585
152356593
457768302
248147890
448280805
892231309
712017419
240155852
914685624
254993417
215850751
490025367
553465667
674093789
569855973
190606880
617659704
857030884
869223393
541354130
235301936
475686826
479066444
270749166
110327324
864457734
74925815
12678165
342672707
390073859
850929482
860129106
700976350
166486492
592394971
758524178
19972443
734958239
366513954
422744123
936546888
834146592
736032560
135353747
155119966
455280391
120089333
781118618
558931986
926026774
988839857
705624489
400832137
248598995
691573922
247840493
151834201
213583520
84649759
80424204
236655546
679549436
481268579
391056082
643090454
906215398
142361231
542706869
270326066
21571425
734785203
404119991
270870619
610698226
153977057
579000170
537010901
840281201
568233196
899951585
537553513
604305702
721739875
524542763
761658119
629268255
864570733
586562525
168584799
812749195
935092146
591325899
330926938
105851562
626641844
701017149
743517692
334345460
642076539
675343055
831726911
743816086
478564278
591044203
251879453
238937993
496776216
52316147
577260126
721816887
854768225
765130956
309901119
531721333
877811623
184954473
714279044
203015616
603646322
299128525
398713852
647171913
209798801
92410934
936508213
751120632
878569899
553771408
448859763
875194622
322094061
124918993
69610798
939807872
916198773
398901552
856181112
649132899
629209462
246162499
503691571
873053760
411927876
41662964
536590195
997037167
397672401
310222400
8169174
948257999
898029448
44645174
437343475
501887871
760513719
564824941
386623085
38605207
834519605
389671864
401760725
385896950
227856594
562996427
39814350
427010985
979872393
759621256
582939350
339065017
502937968
215513483
742926980
209284606
869437883
65066051
140941093
544744434
619525717
324569760
400474861
673721118
879071588
955244992
953932337
298759906
628784939
108536460
20644265
555240774
454834212
26908252
970652773
698027571
281446999
123896617
331026701
107535576
126187991
53244637
818929646
5213374
902287105
661194718
882290972
850964910
205913514
93111153
52489131
203385479
59863756
325728889
220802831
386721959
360284215
995508510
908496298
965723269
381434990
202052374
926885293
958929574
338567904
391545969
115157708
80386303
143429514
213578955
579583758
912974989
139506884
738680506
287068124
537606296
338838063
324232337
731963607
482352898
712994429
475490450
769692237
682403954
960297515
578897582
206677375
124362580
755960541
603360628
744450300
398185958
279506977
771275277
857432946
348779841
340646454
254788607
691931593
244112821
31779472
76842999
608757793
579367050
361618241
136428881
152970685
737010708
920257100
139780915
767662413
639263799
724739996
677082935
935036837
483716424
517862213
53016792
669713037
194760043
893490032
178380409
346211565
751918654
150550499
152171653
824386870
255331091
745786293
267942843
693687708
537246026
842165902
430416216
61585678
119390539
541845028
608135578
997588834
803896117
859566086
565317999
820210959
813143454
528550338
612677599
865573385
107546725
632365952
793997070
699724254
251214574
394242093
307261286
56571825
993126584
385417573
131801293
642962153
658321610
618170999
854332269
795753249
123248358
424811158
594000583
497031991
780643370
605964366
985623422
302706653
900299305
851484451
949134320
453320641
109693704
616416813
221516660
40704990
817390398
868704163
142440833
183076211
487967653
16826908
168295381
59539951
779854800
982652695
141493693
263456185
425265448
881457487
134572483
657178307
974090067
104741203
931949345
73450580
232471347
670933053
752926009
890034166
829601444
792420086
775804571
279927329
774038961
916483845
490404716
452949371
91895662
973682770
646563326
974908250
637227578
411102551
802193133
108032343
221507293
908157890
164982137
1055942
815422843
201444204
847223832
333780008
536259861
80404995
484273285
260821935
23917408
318087006
922656164
830633721
566386807
351803975
845448859
524821037
839759330
985789770
203858002
510806032
879726411
6655922
417560464
167072883
752580332
248615105
38347640
708763317
622624660
20764393
609892663
337286040
524313490
823969126
898168047
554813701
713323114
237771879
63939451
725405889
362522855
729598649
196238063
798382754
464862841
512128919
201029798
606261662
245194886
864900329
456486274
319909262
142847623
4271445
854838203
865265310
359104692
890679758
40389328
608433367
101691974
357800252
877505110
613849119
727480107
355610378
461513713
844042844
426943506
79408242
959186230
930814065
417009403
351679529
202019032
272938116
916044094
477098474
274846914
347403484
11211629
408853118
803630526
3381967
81033412
983512447
962167887
426890922
846145851
949788741
132683681
824020914
445411939
549416980
455024513
401177812
744809816
743899569
955112730
104933243
111983739
834115951
380086971
632131122
68980383
15921344
199470141
574493093
508867904
471570897
640700872
171993055
465311185
83715486
140688133
565945400
54852795
561893663
284733799
428501997
502862118
410592495
228114010
559958049
593362259
159743868
451116137
758731662
455834423
684630075
935424787
401725029
216279463
441288892
503596704
45858451
819159398
243031935
337194711
475626012
196811406
726061519
123140592
120481869
469447038
141396970
824756786
646459781
683186246
287651065
895001454
219833949
578764753
641626869
761245916
352779200
216347512
780495166
399925526
542924370
166212222
964236419
632003222
853967117
462727300
58042485
314824445
928304960
820682126
428656520
756639293
779061599
657477349
136782062
139948086
707708139
991161836
954740907
504145484
949973128
181192832
257407761
600462957
691649656
363507634
980901018
248433261
566811756
77768123
309136859
381035293
44905214
399162054
812124063
823108745
804193309
760022005
651263768
766903727
447600485
14201651
301295538
962361819
44086780
885408317
966084522
366632443
103198845
236909934
793073990
94926269
64104199
19749673
228283090
289840089
531608590
978058034
991653800
761367245
851150885
296685562
516822211
63519013
5935685
838332566
657778630
482534350
603890946
918992033
84660343
42902048
778931452
304734368
865868419
209149840
978002089
597276922
208410557
452997868
29915513
42798806
221390304
899740205
959168286
88010488
328776352
931755154
971374344
446479047
901129834
677000100
447145080
508624264
963400571
516401658
505774634
934144432
779168546
140495042
773004987
597101680
186088251
835584425
652027397
353151917
624136150
447835080
58858101
891046689
569795202
364685196
562512653
96624095
232338871
511087552
638423780
670058650
513530591
413507263
947132175
212810363
481189299
319646004
860535949
341410754
212171355
327796082
399009845
486510854
316665696
210985543
275065641
957143617
827199011
606776360
76858255
766528829
885271025
18163624
298816247
35331968
463816942
824720155
97187250
672906589
38054106
311408652
666933075
737759529
702576049
485264039
34985605
233265781
821335065
771912890
484938783
957901088
79433485
807011552
819376600
887192376
478567310
389510600
129146503
519049728
469302314
853847567
782055500
587208167
973966103
811375107
751567920
683756903
825040755
830670037
836363395
992776010
541304506
447367996
363952381
866178977
284332158
298864158
307095608
832457669
2618042
361362960
865133026
595728170
89371625
344464129
957628090
95668970
278980073
238955783
8862909
227937000
839730646
586662655
636808478
529952963
423918400
400070517
358954372
36584459
607559461
909105884
269729117
788931656
899615555
547728798
137568607
726159540
336900771
576797397
103455076
242296937
411090057
890147591
80422111
585872396
943486491
309420499
19588474
567699350
280352906
485343187
124493481
889189542
150483940
13291153
799295816
479315194
109517258
298470881
44460844
250182324
387465810
423753894
432635545
221857015
809227906
958304026
707310629
215702966
79200087
294339195
28935217
588551856
192345605
47956236
310351976
168138868
10922107
299039021
768749657
908839680
831264744
292016237
967057601
941835028
32128115
481880723
537844425
886474430
115715312
875181001
710739505
568258204
574906396
625572150
502799835
628457404
585488359
478082231
339832435
787055684
445485327
590625785
524681571
960039522
256685303
576041247
310384252
200205725
500653172
670650460
351865268
495802184
112724025
315856318
7697184
121751097
38803023
402219676
866661667
190185900
163808970
590781033
581166983
960385523
562782780
531815217
778353572
828531066
167982821
782805500
814850522
867951620
720725362
120379751
23967008
21760587
716456333
490262496
605782516
615497858
848019937
345841892
413761950
727306646
351193328
163689463
360932191
388796474
444574524
865461396
986166632
831855798
498006289
505955631
862220198
174101397
264113524
808579889
282188253
736256276
191002756
700043008
7045046
316687660
143411739
694283592
901311969
506220173
309318351
651843390
867356822
986314876
520990446
230509603
224613865
939240969
587401722
846595413
759926597
729400124
353527182
62778865
595108734
951513513
29312039
868958311
704072367
623103274
826346283
672880424
900130140
984547361
319501554
585108952
739932737
77070712
718554707
109822387
108913418
538980112
614417835
16925204
478250258
324422716
69934168
827757883
772862634
963423504
17085423
938346822
622422012
844246101
522214205
557513505
243515694
963210301
241634051
291424305
514711371
405953299
141894507
832218289
540840045
124783951
811946684
411296008
649422563
844954972
796770012
608340381
197926592
162612296
755349198
469320890
634102802
515085457
874167825
293999058
696526213
219732822
210745907
981398051
480214842
468627606
706761602
833858391
736020120
886252398
529077160
347356772
881815458
511508715
332120115
101873888
948723231
542682782
467786976
190415855
23331451
571534545
853549023
360755288
273145626
554312305
832803322
552092486
184219013
219435025
139740992
239121901
896733519
618152487
871822640
577476786
488406898
362883129
771431820
963896966
356787597
227818291
813674064
300717389
45234419
15701920
611704590
682860907
76674077
719459006
45425223
246277941
930416228
269451087
467359989
683007511
25762993
5493685
665239998
465608732
20599215
175392727
964884026
571814129
394056654
73014559
732765475
242717267
975705423
665377715
351597881
606591897
224443245
565680158
251313487
267035576
178911208
494902829
300318069
331915864
800556693
648185298
707629620
471386375
412317125
497172538
695461599
880818439
537416567
960192454
877762689
729299697
780836699
381764632
331866045
268207182
250042707
438279442
224172855
995953673
618230641
311569565
576853209
853002714
414033139
860498344
539754551
869096346
698271701
270349793
953310015
346369663
717939408
836469437
250244273
850897781
587623892
460736724
433636692
812680930
110207029
87077013
716612970
422091456
690839139
873427542
935896012
650646370
281825484
224433558
654153010
453135578
579573381
281716963
647371379
119765254
770498416
639040014
870573327
529201188
880741839
731925621
516724554
821606631
747647480
791124516
835649242
829924513
481058371
946000542
640511648
506366379
341358604
121912662
241373794
572984233
53718931
48584725
53612114
525345672
253480324
935688873
263893234
357219926
378396228
944245761
150428743
152894369
168572837
309972402
419864332
58595895
466781894
59782195
351039096
897396460
753428751
293382403
983918003
659232336
194195862
267889563
542340569
167808350
310031234
159649376
671568811
558656010
858178296
346881493
445897243
49521752
783853465
551701265
172502827
390793173
508669932
358080065
865230487
311194383
569189542
71905927
650274647
698167207
720176511
174872796
738846018
403355855
612838419
19245967
614640311
152765361
94366413
976742947
278652136
400081692
654705369
321803097
623147508
214167577
61949548
873195932
657714707
534313239
720644181
824801069
679713163
330818918
692421684
480672808
848710791
136486669
280826849
723421261
358230091
131098066
583693171
853085928
384483642
791296661
402116722
752211162
763334166
824235982
318752560
139935203
996904630
432270422
571105711
485740195
788356159
877020688
267536294
56783718
715117119
284241492
930020233
619923473
515911496
265042480
887365716
156987713
819101506
731050043
571602784
802942685
944551717
69457353
677422885
237394834
814026405
35943364
793815925
99174032
861408759
76286504
795313429
284706569
196002021
412351003
89645986
277449848
370421262
864066720
480244817
943563639
547063741
458164884
342660916
942862889
360072706
114439204
771303192
390200327
800825148
250439452
901848457
10525590
336188475
798028881
549062498
173299374
665253807
735093219
990985041
863456939
558252126
33956157
508785428
241831490
410581185
856989095
913265375
727001743
750545075
926973943
345346230
412087289
331769922
491240398
582065817
356290883
166946187
159942616
369440542
656991220
128447384
153315931
111411119
857507415
625512819
283567470
948402977
217240657
985910033
695814706
843853661
841591981
782924647
190422310
848115306
902346818
797631163
859999148
346997630
84772350
234857240
616572155
586474865
205051024
831541130
471326679
458551851
127332221
220339708
158470237
995841197
978425753
310228861
660537814
782628067
446111269
553488577
512298044
435179452
422935824
449957854
76913807
962931472
839866201
889060648
845977104
660830155
518192938
8965220
515278960
497078800
27568374
153608206
346206994
700865916
606257735
820530232
581813663
826487003
352574234
508094524
740459319
714990170
572407532
768494248
669248742
168307732
571046348
480611590
346652530
497808508
155099475
315122591
317083844
461744412
771986455
454376849
136363326
698767219
728992151
83769977
648585681
777260633
773640106
961775891
12320010
637074320
488163155
521820400
342620861
552490969
505078061
398040901
400675841
40693299
595624728
72909859
310329635
383505906
644242440
168802362
348184791
193131641
575785222
528653752
747128108
208057802
779930060
568502769
827797128
383183944
844657276
831734669
735351494
231156370
592675097
67293956
891940031
242865695
570926747
547688363
923386294
340513909
945933116
484894615
294940956
940835601
257832348
535165912
194279082
508893168
256456813
325833200
993919003
440169353
784841661
404732086
24849617
650070779
114000706
722259457
923471045
881096451
841541578
576408821
664848512
10119890
698194447
706717743
514596659
973650029
944618924
712250312
493555900
191737851
283391365
316071094
597911649
628619181
327669313
525337522
404922054
863854647
676303451
890662491
181579288
503349074
51138255
931657670
157329435
629906954
179593846
275672069
345298406
310328009
924219283
518649397
291128686
294055729
281288247
33988996
14538488
10795257
268610971
864511921
422850900
564694876
564022736
487184627
278918255
886893700
34531764
933256781
455326285
708044554
19466203
956527566
966292357
623328210
814225847
569546564
594373609
603306796
103502636
659109638
591056475
324174847
175388307
367561342
375713335
23900839
557213649
289725696
400465891
105222410
558755608
33164935
8294614
442626475
996357510
302452847
966711809
667054389
388888094
599786380
52107447
684217290
188946788
395145558
975026390
680425098
363148612
918408710
452792783
501521916
67928105
78762358
617940599
651360407
590803811
53891232
240890145
579673270
629694605
230096121
116640987
649077927
739626202
604075467
648762476
186470223
438885574
14996912
576091285
848959796
356862584
673058688
341892958
592839810
756179590
942459045
224077817
788994628
799035943
172975286
963352210
703622828
862953820
174321913
724407757
58706234
887319415
539249404
690175476
255699186
74090514
48272381
282605620
118064569
785300208
653927043
711659015
815730542
620444080
505604228
820605395
709260428
359682346
881677498
873735289
498918956
738324255
471321335
586423763
405688745
748414135
970692960
19573415
273005499
586118566
669804711
453510810
444732725
458083052
30788286
203460662
898776634
580866060
781584041
48066136
580919369
317566902
503324216
451536345
98087798
669945569
933864270
555618573
568395011
720596063
635249354
576283366
796189433
210339891
704510163
299690838
863404194
897235824
597277897
793740805
525594343
903507032
571491209
479139486
964585550
200552688
907043210
388661453
582891020
81100195
716302200
577345093
934643150
365402029
668182931
724979270
878067309
954446510
898272723
40429741
379112669
434449766
716465836
932475440
92249207
221177405
729774539
700456882
541666594
187681862
561575797
689444654
775003380
420701425
939536967
962991890
441634936
829935597
236014221
382645958
808052149
504577756
748644817
429114263
712542384
693197175
799591709
917420661
308520280
171327252
505906152
308363849
299512612
565094132
14626967
863846608
55145554
417986471
255582391
246427992
779624036
656677322
128001554
356805413
957310226
866206605
119870051
150554368
406370559
977912477
638780498
589063578
882414560
901632694
984496624
356016126
899705635
768726825
126377757
960576862
201446131
584919230
665748933
698028117
100567810
235370947
215153667
440930314
851211817
11491744
405608450
437774747
847845694
966623981
515524984
316868067
362209822
780979293
16290498
85665487
60762877
401787426
654033417
243848847
896176243
847711228
72617285
769413513
914196354
981733509
395536800
811611113
288997503
165583734
647177556
574069874
696714871
948313596
41061007
251414230
906287221
132335469
106735861
258139475
552691702
668176979
656869510
129274416
581562718
372589280
825023920
648674519
913945123
223905078
122246868
16358206
911650902
760355293
893672665
963871261
897003711
919830214
244531943
146609365
518924296
722414522
693938281
534547728
382970990
103043607
278886188
492024551
342225480
882089927
518796149
149689087
171803545
643636630
510771659
797313106
789503657
11378404
315582864
658546010
460107903
864117560
709221167
389740346
938506990
85670018
689034572
780245077
524130416
673322600
23264121
411545121
867261529
289876290
407819327
635592639
855910792
189381107
277897271
473169642
224871496
969923129
444558390
919816861
353885417
871360942
101128227
411517867
902090228
720055973
490636949
283234425
571190486
236529829
858525621
739898085
949454216
562829947
949258020
588983553
12711415
689726179
207357936
2399350
439483393
396512512
149568442
302485717
365657804
395030657
26051395
788822906
754347156
478464180
224542671
525871741
275509043
417602972
805624116
780066297
371581104
734201462
520577398
47825038
945878823
303363115
256306224
977066387
564642012
869875954
779525464
518863268
301438889
681591701
82667856
800295487
176471793
831214471
993424512
419164758
115285495
387938286
881762806
199026544
984727915
472231892
854892884
21463359
152006772
368418551
49461408
723102781
324459367
809354116
776722205
498011148
56367504
470820449
656189967
788969921
522060799
763015661
534756872
102713728
235341089
222008198
356544920
145737720
888094050
548807387
178526179
875441966
845784234
463345245
355891177
653213563
275247711
859396030
296023308
268863720
853292321
832094519
774224279
927993441
254881573
286196812
8506225
171996110
307561543
319776453
92502603
282231764
719752802
364988552
620798052
909625569
616741470
514020820
784680844
117020343
108330228
486810503
873013935
132028867
703945323
449340844
967106686
214086419
519899010
433087752
814256848
332869088
643789065
352928236
913959146
791456489
717732999
187095740
303673037
366461484
831514430
908123196
984605979
310673643
974208033
294928338
516868886
264079126
72230072
515922884
841008478
663073872
96262134
396531160
306243915
102181973
15638556
938285278
597953731
955153237
468097144
508469804
766366882
660750195
690412490
263015367
443744017
697518116
117788855
249821846
283518568
715473972
276808311
515049273
480846367
849639688
295795056
665730027
102001281
23625989
507562855
709958143
622058119
123394900
864354460
136299959
12282147
264854080
690212348
931110413
630415774
765364992
661026325
372507576
704185539
172143378
536849251
948660489
695306969
486399136
309110536
955171890
710237436
817897003
520692694
645171507
32274333
861377909
197361140
255134800
437051997
114889495
61561284
127556286
118660821
454402055
787236747
460493559
957961935
181922179
676239594
297835983
902846659
752614625
222615900
974707560
649426324
903939692
245848175
568888348
457427880
6088493
539839479
567427394
146854119
508992094
231604260
827266664
129586869
512449736
536011601
40066490
251831281
339359615
276492293
622126335
243449965
454241577
827710291
203373437
451909813
779509800
973394419
462436440
758135299
218562697
450164413
977650103
843278
83049247
630545993
141086802
510316434
976982880
449704795
289685963
105303950
652700626
578159007
5143578
840895256
838981814
906531662
80049376
672843024
726167568
83306852
543566056
822483381
495062591
313248709
323726605
582258276
430896447
158866362
688198091
768988712
995327339
68436123
915285504
347250521
275384532
289524540
887625700
959797965
805583757
433741969
692363125
340088873
226521764
602474484
151674022
102520424
574195464
867614889
477381828
449407931
706086810
822823589
621192726
480727215
224237415
289396434
680744811
662016390
623242098
319314915
406057007
753455037
671725641
212686988
694474278
611218670
182110323
803112719
938688512
905864310
782081094
397682251
401775545
200333766
454433403
6464509
598153679
803311597
280095308
541369131
76861661
727981165
166168812
283580341
993948548
952338251
55159554
465087918
535299918
959210238
282478834
262334177
121341074
243147321
759662952
754859527
689268971
323839116
288188733
568524052
611482927
441950860
934212796
507585480
846473606
773587394
631307456
722148348
672947836
509540964
83226781
552320530
635745004
430819099
41082028
440052635
807129440
93705839
929159957
330160598
944509852
436697297
745702326
494425701
456797264
957706258
503861361
805101995
720045581
233740966
992009299
584380105
262407896
369684441
328606083
232261025
367505422
671453119
684851343
443804351
325471366
142623111
669895306
294522335
246235246
734998182
683032651
295612385
816622253
655793397
776843612
25287081
929367309
522389760
878838571
166435686
569761959
287875980
205214799
7809279
193649886
726288262
976894524
126165900
793070920
843540820
797723506
250644034
685958684
71899553
563617410
601127840
122010076
716291373
826767624
966897357
871734449
47366858
405076569
78154226
937582302
814968532
853167919
221224650
27453313
169791151
48637581
857399802
525790504
234306381
519097393
912327241
992512052
416510360
996084106
564196958
200503088
744461613
769920900
831126161
745729202
762950019
77760123
94435703
107780978
618617392
34135745
830920908
127495586
188570792
82191458
770177291
626953141
704915777
295701789
51726756
515473326
996464738
813942725
274038216
94874740
951582767
215644798
708820645
117391455
294478605
487276764
66361630
558996105
591011467
481746236
548534979
687957692
446954965
968678364
544515787
477709074
136162547
536549986
225548184
86058420
458492587
538692244
266505939
958909292
187652882
372280324
806980589
105208798
663668547
78497568
831593368
617464979
41281718
585710955
668603907
643864128
947237012
153071440
502429356
767458031
881601272
552259240
145217663
66793021
494240353
279029902
544476503
657118537
642728357
183587649
698447192
34667695
481541324
41870835
300730903
688931823
23548555
768718939
86684405
60204367
191341022
979642500
832292350
961553373
752324983
953805115
312587858
900318907
404777900
626487219
432665807
394423686
669982885
874524386
89895673
821110399
658246512
652368560
295604895
240389903
64641485
409863038
980348242
637488804
774196542
538248942
474732793
91033205
98346825
463793085
702643890
541853901
189190978
854225872
68513845
529390720
434309799
103930598
792188216
711091093
611894727
277565228
887730377
985384433
890428630
750306053
788169133
614896100
298919243
503944201
516981980
247093845
888879272
206915544
856079565
256536586
707710933
576450800
479023581
487780963
84169643
84778206
959407582
283418535
138216378
545524885
754843177
608908231
703602024
521261940
921203916
855229026
288162976
310324259
222809304
272002517
342754685
422112220
450057124
945927559
66772809
895551763
359500036
297898059
485528800
845937355
368157006
775412947
188882165
965245447
414250877
9125992
632820002
749461318
72923308
6302239
833614314
873447776
61061747
868337567
461872147
358135099
684470259
491295257
552444524
972041794
250290609
255933957
506746792
748087368
205782532
117656701
997036886
151410643
252686123
508790009
703553815
768977902
889651209
322960764
26610151
887391557
371658345
5623406
212339773
62395976
421939076
209789106
855394044
820224262
752065098
578219920
757786081
326774998
167541181
401372077
93780277
340999887
709151499
67273850
851745035
147967499
890171006
665445684
478646404
189519036
311287853
868513703
161250068
530310319
117704935
48626233
361649244
215557526
106438139
706829200
627203671
278894802
596908022
753406694
902130529
664536837
695628550
8210207
715706756
771452552
665809318
916512518
915268676
108045748
897471101
614795286
476372067
424519195
75222670
512867373
916476709
670339417
786076047
532119278
170131719
681094952
390793028
952901892
907928550
984958839
458681927
334858009
962805705
62254949
385399614
337840247
198783192
281912283
448441866
114813825
783959565
512953757
947100805
943684427
582434571
782025078
935578537
319481812
695210250
495718986
311727051
187091117
537399954
707013720
922970823
447584945
667331047
601988873
964650173
744141717
122317942
762940556
782531408
162351647
491528166
833947817
380207693
552966298
995479111
842877240
115980083
534393836
640508746
288580335
756569284
259621258
384163670
92044220
605377119
560952960
118184124
181502412
234779631
116002497
596471578
139968090
678277411
421987382
87194229
46084570
832543049
276347534
922249099
336124812
620991616
837728934
771498970
937094976
686801196
396424769
147137906
573562073
371093578
180545096
432199449
194860723
635010506
209672952
502079229
970042082
890642993
542900481
280834542
780680088
615673863
717358066
342404548
273804787
358738652
842120710
220315348
384613620
193366382
43548837
492959721
551021374
636840959
473046635
787357939
600702526
125093573
130480311
711133766
221362488
976251961
246603726
267339481
910890048
29564548
691167278
111523319
730913538
947783614
705533227
541148603
214380588
108150405
224752166
911793173
676895171
627050161
233926812
355831712
578512999
262567202
679993025
830460271
363834202
325787043
838996074
800929822
238950094
78333245
235785111
613641121
369314580
101506320
600853462
689169926
237874197
229952259
201151697
374135626
670421498
154564290
132472487
484490063
537519308
982181393
558965836
2622257
342917598
625236530
254590422
911552289
703685266
846691332
372817694
70864486
615592023
775449201
545442754
853493571
920826614
916874237
102671236
391043772
528523415
50943336
368457041
730395867
916521260
221663606
155913178
921508388
448682178
421802813
589202204
316663542
79344797
694368701
621324236
305842742
308223353
754938084
615128815
483700755
561331535
641756389
631722472
311119147
390904409
860555641
270496910
765722599
582081167
890385031
4794344
807786969
460207547
270493547
992957537
631739946
703006482
280298134
479022134
787326959
433427175
181172721
710609314
945568343
484484486
583566063
574218335
333720453
596762578
771499636
410373479
772427538
924222193
732453850
269754499
703135650
509016574
3464970
317322883
973601044
710626345
160213818
559412735
340281
122237515
856845010
435914208
728404539
733229476
932332713
128250729
215909607
270155940
251424425
554345572
22862913
971321024
477682426
291467708
928585270
458050592
48470142
760176018
548069014
529438131
33286944
572171965
702047870
771058997
949797851
480885770
872567613
985273081
513899115
714292201
575989539
751082381
47156710
514779632
838317149
460487564
231065644
319047034
848088560
450178622
641203228
135223871
892634180
754779222
476102326
996091732
230044140
749224918
818901723
78125031
725756617
200824293
410099195
606012372
41850735
357593539
722230472
920428345
659169550
332439395
919661426
195192172
43358596
67539859
110060895
959413151
411461397
189749520
51143447
587399316
427061097
400241402
581786870
486878748
485743866
178228091
816628174
751021392
955162614
473975938
125122270
737536815
970519430
524758893
855631868
280778569
834338246
355180842
180422079
217857135
146760342
24583754
760477908
761497817
196854174
709651277
948994393
644992486
724250656
266387265
964042435
398692843
185210260
379857950
49922872
240485786
179323468
177933216
959696343
656813529
900374301
860520956
336841445
447330824
557532243
689764397
929101060
245430259
157622990
4542146
793180394
854084686
9398819
735488733
807994984
666526859
746709643
579953349
845457653
662697588
643249580
579272872
923392266
906723169
416338323
927618679
184898975
905344601
304969664
657750751
569813172
606839502
242821683
707397236
303434144
721876812
439907995
965115434
14839994
351291533
399626895
106896858
441097307
167817584
56527054
646866960
124132343
628488938
65291245
35071980
57340148
568351416
412297220
222315632
340905514
363801860
629209465
907771405
357729989
456556320
976489447
99459102
667057076
346003260
684438334
138976340
145686095
734421021
821373601
549824886
651279966
477856340
820630302
585815781
908845474
495672736
611226583
601417613
919692523
994254237
910297944
489543408
836559948
887981989
802367941
150209729
475286257
759950043
443155026
375628663
759816618
328633452
739792775
489873140
76233846
653924843
676851506
620680913
122400973
804370654
293675288
29132299
480840295
36398305
934141849
676371081
742678871
697451150
135673103
107906625
918072626
393906827
135906798
113909777
323956476
448266167
900202704
206491078
13382223
970376314
454252783
307383193
199387549
504540384
234695753
261887532
865363808
487798804
474078092
372373746
526904607
530896207
206676562
320939539
988448620
493471781
215748828
937860293
137430310
638877346
598417814
739466486
817769205
351874391
295559490
151554080
804621139
8973692
635567155
860194213
199625835
548337113
447924703
422567270
216578783
914525241
659244613
883088494
143517871
90522467
632173299
622984408
669944112
410043563
26580672
376172042
943271439
810099523
904955822
340045302
908681140
536841364
162987982
989918179
940313061
803260424
871476576
632852239
325178843
921751195
660712460
680579723
177416624
621019797
36191808
709816570
984934456
648058251
995859874
329834934
51682177
735039590
278121418
817679494
414675281
998084206
827088514
834038376
344847930
740700187
718718013
727474757
253574300
769851033
180411124
417004760
501387655
972546405
357240755
229287755
458719140
620307658
53278060
874593690
339470882
60464080
694605418
872250173
412532621
150180366
521424350
277853927
520764108
54225561
625441267
643542516
621262405
504214080
996801421
885888564
246285837
399461028
179952951
533188560
112837555
951152967
740123368
798055075
913655111
489241294
802767123
613330587
301247896
432770606
827979358
822333387
827466435
328114858
29732369
271439252
756332441
534328536
116080689
494352590
254481608
850200878
848070975
77957435
892737303
50646040
960035442
657508584
326638514
536873909
283411566
273653527
265352388
648336783
46180674
219373563
542003341
797255108
84309241
815531493
359648585
4602677
602607381
807326616
158788245
60683769
534804265
535539502
681121996
241038037
186878242
240419063
399767621
680720016
784681784
438677235
802077029
948670207
731395956
95878407
123549457
30550945
926220014
278752992
684066823
813500274
382499859
460005553
875085141
484964069
810606077
617060724
812226885
853852205
912048653
791465091
747395647
428718406
354725940
768714486
284872168
688242653
87813460
547157654
737331223
795953850
670818472
427625467
407584102
306334064
32591922
192039027
700557504
825566994
59433144
842898609
456344083
439752385
961668276
391355578
46869792
894950079
371492182
794004823
237807975
476259460
204128615
780942228
842206031
550804311
611531475
816149689
618744843
770346209
105504841
187370285
419109077
812975414
603898557
807022320
385172743
935962326
526855234
432572686
786707250
602749810
441631585
268465757
838240946
693923135
990425004
25213843
517369190
943544778
531181671
47943938
375395837
638192373
226726361
229120956
812634672
974872761
173771913
692914350
975243602
989561409
299173221
226982873
921618068
16976964
847070993
711345638
93146162
258630362
125297087
684021763
362114168
108709181
337125356
803969163
135610235
406877046
765214022
605540149
622275469
819009073
546287068
222712160
894115337
65860529
135774954
560117604
349027243
934791571
404167359
875943441
775818911
244952250
861849655
141761391
123145539
480751710
632035418
138937300
939251332
874695693
788215621
333071359
103432967
772153052
538677186
405456274
975466871
906237525
426409928
403054796
680418125
125453671
965696229
539644868
566465316
132007199
509405015
480484450
318790202
172468474
433018553
499605336
647131056
322177438
928837400
456199661
340804188
267807382
416586878
312894341
732183961
442548549
224840633
945204733
652391559
860181328
841305480
642143925
263748800
250061462
261874592
687130575
769614874
388244870
687673417
132374296
277227896
843231090
288883282
231584639
709753162
930053513
183188485
20973318
932338060
971900499
897288867
333088994
256581454
900776943
613693228
777983809
361366586
965230319
136369409
120360400
127863843
429691361
948780094
147678241
305291356
751431010
97265657
228323527
831288909
875038635
287373134
220700492
439543041
682868696
356758092
115039585
499504497
982563425
779875621
91107342
202940125
952898350
669233843
514233446
844185335
233312588
880365957
71966144
614453826
842527927
935661365
708896708
861798823
281627945
720716445
963144023
780003225
555305024
676364883
573380483
483554915
933133900
997908445
98840236
67957826
506869444
670689989
408957594
84714182
72794470
195163949
525640201
59781194
709042644
301823148
720371935
29877155
81502097
357772670
651248203
817346258
700348131
485888297
6468818
241658316
436559901
740241788
390990233
117363009
443123183
869138694
783398429
305672493
280197986
731544892
173636800
2359827
671840929
635297724
961107336
252250859
358335726
821859957
808551796
389334856
463698000
760756754
915189381
674798437
672091394
207495220
542398649
723469265
880339393
770919622
427209007
736095496
503868596
334871811
440363120
351918564
975912683
881736644
968811908
206454931
51348405
127230466
692364199
687104100
477704085
432876954
520660236
367453408
961132164
770436295
646679013
911367047
948037860
71595529
910477140
693340990
120031113
525946851
745815838
287803997
578418285
480592006
727849311
250869519
638806241
361138106
723195623
986842135
662118726
104215348
292126036
220889756
947857875
332069313
667733187
292896308
27742672
417955998
83618239
96961506
209508656
484688912
743590875
167357496
400743487
741384002
365694428
56265082
923920760
577327082
510030380
580671302
579672186
933571192
809924964
269264305
364110803
792849473
613669317
45221873
190670189
517091930
598986846
750649282
606742193
780066754
918238761
377977532
388473950
514403978
896761640
356238045
220500592
395734259
790401638
350122177
207970817
876715021
288361376
241488767
407060389
232106331
581255310
113712804
894984674
488379850
146669049
892211757
284092056
431366707
233862663
11072854
897081529
352747693
52907953
121090155
517223265
983370730
748650090
486536883
687721261
994251955
673095661
325062529
298443944
259967568
714805531
960535212
770483353
505961641
698711611
430249269
741148212
953607114
230931506
446529752
424893036
256304264
108511016
285699699
258670632
677223003
631658222
522934318
243319474
375884399
505290537
558219624
286938102
504730433
572654284
636392747
661871840
685218610
395653773
749835850
753097032
853628270
966533944
533759240
527009013
479358234
859360813
71692583
749231114
162208534
660895190
257327246
135276226
499991093
174379903
507836536
592961214
125922229
376506001
17643192
675522507
695743020
599732538
912119881
470805055
939636896
924876412
350664514
328067864
955555523
356625172
22733646
265670877
447422417
287772167
546866351
909843360
957260534
485947836
335177102
677567274
986277640
623720432
364565811
282879491
25014325
727990246
918681359
164308517
887418231
222893361
310301979
877454858
194548116
960241908
290720777
224502117
728356696
508389592
894620692
865195944
403875975
603320653
19819399
542981288
448142859
454900568
585228804
888939208
893020575
81678060
947019301
394210087
429376544
518662181
495039704
273905556
53752837
86463690
328730814
769653820
393336026
359831582
513740402
810267131
127669036
522423067
471499445
788351023
964498688
564469966
433959618
867576805
32380597
633536572
318736673
409384183
19512406
49450424
206216387
948568884
166913207
405596664
430282249
262612053
265588527
765152981
724793839
938250892
218210527
175063285
162405459
988903751
148304449
777358710
52456773
419073215
951047322
696274419
139257285
894258962
802802232
912161679
884055643
410316893
657606648
383092661
949023521
804065714
902759878
550154351
876092898
540342208
302021561
937039166
598894870
236222351
439722358
124883299
703397999
546310283
40661595
283283337
932988141
541380090
617579020
281613077
59603290
759711169
312326093
405915739
583603909
6417970
189609408
62762981
763685173
285302351
266811253
288538848
753920623
434577108
836793821
184551921
752742763
347001980
240131730
923677367
885191179
890424776
333618422
89209140
648867282
717521693
758040460
774079228
139430863
591261645
359486006
221625610
266589445
511859246
596495083
659390301
227817740
890123662
565840320
835942190
739264444
63077767
309004908
731517316
88941036
843988883
208537343
601762382
471955545
777783906
466681182
725676435
105725098
46403518
253333857
977003063
334255521
848695331
949059979
10447936
189262839
794009801
473352672
917500374
333058097
493504489
215246249
221559916
589312250
885572205
433235350
222727652
891060302
587362369
562532385
75134746
249799078
373983407
457022661
330514803
99308833
15249317
868117585
726908908
243634674
480590717
113883540
500355793
706219117
200555791
516256340
322592674
40899243
920439559
582882749
310905469
168901741
643234223
780413046
166692988
3795181
162748436
997507120
437714673
679577043
314564682
331191748
363590357
531271726
984162816
52742772
749211725
464699523
980949590
417020812
440292427
990040083
147306436
998181115
19869134
726970307
738169319
273575483
29416794
668993092
479137861
514328153
888647989
183448256
300819787
997818302
351518398
416993401
827758343
666015754
749967914
425184527
830248956
298557397
689724820
500991381
816160939
806935094
482840502
979062475
915557943
811844551
347598034
298491060
426538948
942239430
550782550
366774588
122558122
482003081
616835476
163439449
988779246
602415501
870303904
243151504
214819776
825388777
746769846
779282976
354405800
389083281
588525207
305801958
251471090
516810267
666520034
752032218
942799943
193372137
410625936
93741516
41198800
651141924
451217336
559355559
58996916
694957411
384159518
441215048
376318356
967573710
279844471
920780824
52315534
845320709
458427803
45876498
782307913
476632802
930886939
257003745
67570949
971604110
363034239
306776181
856133231
770292243
915836458
197736749
537849287
726588790
514105244
499791373
741628072
256244647
875092879
987705600
892610088
943088478
75746704
959245337
384486431
475269864
740637418
462301879
178586263
698267971
199574260
883429179
848639387
323969184
134902321
754231687
199251023
131169587
316127876
297061945
279414158
163228445
166502819
761478737
390395720
772344689
227224214
564891853
474884433
343232494
655496114
647985617
342713213
410464216
119061622
321513449
327829989
542316172
867949093
593218198
540544182
442824329
366146263
922865929
928899684
232446442
700877922
231774377
71454328
932813417
870698115
397876888
261969311
248337648
356752422
523585254
974009903
727696113
326484589
816108258
157195512
346131188
836118481
667755608
189247742
81664222
964212027
706342070
147335265
172025588
980899900
500096959
254350461
601843560
241775213
323623430
696129920
498609927
291778630
700363018
987204577
156907625
526124038
675784370
522292971
862258281
43584682
920724732
720384499
38693709
47090275
897027348
559319805
828635498
213214063
905247986
481841799
608427479
76526395
616131349
477893803
392721223
177461085
753405036
232599273
565830525
850362008
190708955
616478375
452587306
599030793
30064483
38550355
554009928
756792770
944111444
780039999
545553003
331061865
969518822
571056581
284196541
102665327
769799327
757365838
778702594
530307461
423842289
600224117
284664354
209636680
651318144
80607211
962101115
336414043
842417932
209137770
803869991
527091236
14621627
717813467
612485611
478519963
205411089
208571309
872161916
438414683
691520475
586811201
116532285
409273581
375687195
694397636
620280611
420652795
686172699
849333054
733462559
861895629
341911190
970910532
299052873
353085406
528653975
709374541
915269692
617589521
372684155
957809492
501136123
141825056
695424679
436514363
20564633
340551704
411829069
458378261
260481288
429475854
143212427
546072446
406199795
425322961
714637247
559033677
660542478
744216295
260114397
745850600
52452904
59495553
326757935
490747685
575150186
968664746
656130134
767399696
945568749
173484260
94300001
487609312
676153673
946163077
112527167
384737645
648925665
860805324
616068668
15595790
465157777
880060558
48345551
366889602
612906161
512736785
300399954
819827812
494029136
616087198
984908423
976466031
519049444
3380095
154470561
622622884
439484937
801754946
146592984
538531990
23812858
866872348
585183684
638202848
426829140
803710498
555032897
418161373
39033680
327702866
475401104
615487040
585336313
878544858
90612317
23721756
87366998
119824425
884384006
672134369
256943751
206090554
956809096
734944124
974766492
301707503
780573383
827852912
868132390
700266257
428889985
744436819
417966442
683578941
327045156
155895093
479492937
384543347
359825641
974943687
470620365
148933056
310543457
435215133
453297796
884490600
993970917
637198673
599837106
821709922
765117794
175870974
528204409
399265908
565137608
486233653
116199814
149975952
57781233
5356686
117400797
749030271
339048616
309088368
642287298
927816730
988924483
920400524
492884545
802689993
623727750
477686144
128918801
43519286
441015627
207125624
241720862
774719223
208214690
692159112
107736585
778907479
628777161
501045405
388499029
747753150
872445203
448876884
564415908
986057733
553942860
617228552
530124412
160837805
512670083
199369519
665812678
138384945
977067667
646985455
940920940
174795200
989769629
522783615
20602365
620710928
592676969
621961400
985896645
641840832
777347371
426177774
954369777
952031418
289626135
522353268
691826340
424145328
635083900
280429553
630885626
487106449
476289545
342424364
798328617
733788277
433633846
453156300
603277734
87938589
54225514
286604003
365443908
642542883
473168178
943453113
419643033
362469881
66435913
568707521
440822914
102221908
155238142
908901839
602021262
525712182
608348248
412497596
457631561
626489753
155116410
601543711
933661911
372817338
166551207
639237902
545660544
449665253
159390919
792604016
471561157
95435174
667125944
779123173
117099076
294235717
953541220
66286643
823382389
102891639
231332061
224643896
40791787
981396445
995863085
842690361
529052330
107389
630456203
816180532
271836093
765815632
619187615
687890920
481808674
981689732
304633783
319269938
391712073
236292227
499304941
61973359
439598185
842781369
38883314
972801475
879553028
793371046
997789149
427490305
343515107
734839325
180228010
606955811
691971701
974717275
247665683
146485180
242511699
95873202
733148511
613418193
412577205
714354906
900029441
453442101
871715400
801057387
146856226
388794816
637906626
704407671
848203462
515939826
846637662
663033057
507850183
873024886
880008346
169789819
90589000
203812033
709602298
124318539
282675585
335744796
191383091
979636117
528769046
333193965
419397837
243882467
704737105
369667710
213548126
176603297
381787892
742442508
270699520
418974115
273559382
454654162
363145563
839098140
239219891
817225022
530102433
562306926
612147942
694450372
478415922
356999978
914761263
397646255
795319992
849183342
316425243
860715607
663528931
192310062
289459856
333965019
678661734
956444265
465445442
479532495
330636042
149679123
27426537
531037129
6311327
82251990
168548273
743427462
255724194
379938776
724320997
868007937
495118165
815167486
154541488
892165430
931588979
740343887
641544937
192054773
561524496
455052398
289112783
517394132
155290057
154406633
344462376
833892540
813477812
855489589
495419453
68107741
360635160
751246713
342622471
427811868
253413054
966418825
8933308
684959282
335541707
61396529
690971889
356463658
674014029
594726926
207997564
641922137
366558402
174258231
381068400
634448334
395649496
705382371
710715825
67808619
964593349
66011586
790675425
745331834
373842994
597714300
140424537
595604155
92912495
657490892
149801858
245272122
588612769
751471314
579350567
628879550
826078094
814273659
719009108
998030350
804162481
400991677
716454163
5795899
61618375
445582073
746972921
679773992
589297483
439019710
650174507
762979756
802228810
333442336
218151463
358674582
629177847
778659241
555949656
91433397
220224872
818937570
637518889
886300594
728772456
453844327
467418613
986991378
574375892
253820101
874548273
709158203
572828862
79752447
475472011
559760235
867640838
898765047
968122316
857395256
12644674
242721556
776833635
309564190
975352909
605301238
573014197
81896065
949298987
854541539
685900901
186916481
466671767
844876975
131953681
108298858
989602501
851711171
722250496
503167895
129725450
668122770
446205087
186333160
837274141
786811363
110166147
767153107
826894451
193724953
185907993
703410441
946810321
230330571
683341032
311371480
756639501
103323788
132420393
301670805
230352468
909324369
885274981
912248747
792504943
289092556
572831369
129096662
701512221
955277494
249741764
833292738
987740692
638426352
768378676
552406775
232080172
301378735
334836081
955201798
800036762
756825803
139583100
749819318
860542165
661443812
742015206
203293459
486976964
720535620
506357448
367916789
575569990
448575921
627021220
21271926
404797680
789123664
566618182
651467487
426698389
32937228
893958984
768785679
439785497
595190287
449662410
298548401
756436134
159011011
930218301
467012902
807279246
543873776
203234596
164914913
644243534
932847230
898157098
624221954
657436025
301114660
703733455
981324601
604284361
125540179
639852538
502127106
354725757
714639002
697912413
743859875
569518315
260568480
92536667
460981585
144834333
539059773
583443168
183916521
803061606
655794317
678467071
827943422
357108665
351637398
116064562
576808329
422672452
80652212
947556590
44948716
461208146
610522629
228382328
831345648
61265381
734484104
180327729
20424799
593133233
253755167
487402073
144508863
958279490
241977725
827365792
189362710
638780487
666715377
493516301
952924956
874340347
51746271
888428714
942182955
339910286
906911450
340174122
864584032
119117196
406711747
945163157
654880146
173670818
563100402
390484537
5944658
74116870
10614330
58628364
106712977
141680674
418153312
68175520
533949589
905450544
921932970
750745938
269360000
493163904
813102610
209150854
704701686
617302231
250411505
743744253
457199515
284965715
68610236
871411851
277601922
135278118
372629400
979181698
276616284
996704220
873204677
225660765
69811294
410639125
459566492
945291049
99794625
33325528
118412361
560539106
956709012
350911027
537424466
963343076
868885192
34405654
714529520
298730855
130006137
247175879
311874223
755413439
435232323
814034575
130771304
311882296
184005155
759299972
242613916
106129956
359913538
43922816
576174893
216301140
446265789
839967055
872325497
66295129
52738430
503740124
213588592
260215510
412517755
686225198
550443077
891798198
819193876
779041011
561891956
365471171
781889340
331495802
603507917
475720301
457306008
521001327
703457763
909000395
691099983
631377079
380147042
705785303
723050325
654114010
397183967
329782291
313752786
373228778
338764489
182091480
104974034
896216462
917546435
9239205
360575751
36430849
657304846
944147360
935788148
582294573
673200025
477411958
653572396
914905365
830160203
182856163
145235371
705406678
639876295
505075120
256349917
71377116
816294544
408486955
357286270
408376837
229188128
970751079
949404556
906604800
235318579
766523324
73280283
370412186
526465617
212628965
574695544
208923113
609846629
632913021
297991200
376255293
627539184
593130103
800207666
458650808
885703184
625186717
576571680
632717762
740650437
945476387
767327542
888474438
376261060
326856585
465461627
916806094
666014178
411025623
563925450
836292612
681689625
502517444
748849672
375990099
969967939
43006924
646553645
300294435
918176230
639552895
679880370
901061664
761665861
492222935
644933338
308811473
862751888
568298248
70217543
880875884
317202186
710323952
81076436
324412128
525988555
34336935
303867063
728981892
242755898
207312875
93196067
451817078
955923037
947723948
60316501
206716979
430623262
325223673
112212247
132754366
283591395
343205436
356408821
320115705
533347816
176079967
364203923
514004811
550720899
960770033
832383280
130469720
306580697
382941897
456989215
622549341
180004366
376297318
144285465
624306365
549438787
662619297
300509609
493298674
478178384
198353776
532801831
140521381
591103801
930402547
981777252
707175844
711497661
49340590
772684610
554304231
728218267
942640915
546576946
267637643
677164913
689853915
633391300
751481900
845533879
950420461
701906557
200824924
98456468
674103406
636076753
496172454
430133443
308155909
396717433
237346590
956419298
863899973
835685413
404842383
790874257
532699082
848045985
647698820
190676361
929029191
137415851
206099531
422732605
888660027
872292450
323913530
132454461
381646335
320744509
620517264
663896943
501314109
829941642
235051709
785671882
671863659
553113904
522475642
471220958
696048763
237032964
406053655
6122255
299139532
226957932
971467190
704365473
809944631
266265801
625035772
985713409
797428581
812811505
482799543
473441462
616622067
903536402
284953159
878022561
628700519
433299304
412905719
798299618
532077576
945153241
383077657
140953170
754528830
57673080
375066770
128901302
118701782
130495614
438346121
542788317
165299929
141124754
842190627
395272537
90847417
977868663
687010145
405689296
422263656
288728037
245442243
496337445
843008115
853072084
52767355
926783889
194448109
354363877
468626780
571484791
75527295
846458538
734251452
551703003
657185107
715168047
868054171
956731441
650473670
99280818
481235672
204115351
404297122
941452506
949425167
688170617
471116955
907416213
954408622
472042671
323426102
328141478
53150923
662673262
510105550
523860032
887112109
146537124
471834490
66451516
801777195
894051770
36496721
324221483
843240413
324124825
107816766
605567636
955716551
491922137
5735699
704060538
584546851
72083570
114686155
709962436
717835566
897501591
243147158
841361934
736437619
531612968
461820744
382450622
406786271
445760489
187307698
486993909
150618151
329670270
985326898
318573922
148786633
457857478
645561912
927552067
555493533
321554675
617948449
694518521
614844418
331319405
232135304
765846540
694481613
609204291
640659800
276741913
125876701
482780644
702091575
141988252
314902338
759743178
104671867
576406490
58808173
509396268
658675402
620100377
116870022
846011635
369809396
938693262
910244947
660312564
760675562
23483034
702919603
612555889
73147820
716745018
390262940
521630220
335237520
142727477
595204087
769329540
394218066
9721646
788439892
789314572
751313460
940117178
557631300
195462096
653990736
180978296
501734259
200800584
403720981
926987190
54106584
373651070
630290802
344424318
49559465
513873191
321741656
959901182
673669667
539371294
475424415
688504698
912308712
549755583
709884654
312656645
661691258
973161567
493979872
233145845
552657580
225499219
549645321
134749195
18351549
846361536
72515549
534070026
179059147
772562076
961651324
824367943
561806326
168162994
336389681
783495908
376003667
238613369
577989306
398012983
633754112
640561522
253044653
15133758
495742563
69921118
293508781
115820428
290989258
859817815
978339639
438903637
951361933
624861573
705644080
311105735
566381868
488704280
915023094
319197275
651361606
952132792
907879595
85199591
952924036
44412251
895198057
536334179
590206608
679403864
705163349
61949322
525095046
109892063
246547963
13792191
527111854
453607220
740340766
978211618
826668860
941890737
850619375
570501799
543483210
17371818
827873910
332879499
189961622
681903939
441708882
288344837
239061924
187915604
451726537
753072185
565230597
257957993
315800149
380241063
107783272
776264185
350553204
807902040
375094763
679070035
410083156
839620941
198814902
271619237
873531456
735289343
311300051
126909655
817512280
401577187
4675651
67922127
669425713
494319542
512202227
845898546
817613691
739479656
659471249
226371360
745258641
276012961
879151869
189248534
898612499
258991622
109964455
44487964
172187376
855543027
876218286
481243308
578898009
2052026
784803054
54386510
449042469
458716772
66205169
527301033
297366283
545754839
274621435
486197549
43942337
796599330
590760430
406176932
171517662
163616064
615210907
931530991
854276060
8749662
151064614
730111393
550245459
637170553
612450007
507906818
386481845
282827183
626843198
46697616
173720413
234002995
245620081
663756526
656473077
67636612
218744179
6898774
992031695
979963786
356071289
337208136
536272968
456261283
507520856
903644087
907311505
692959683
627091492
355719562
169231282
749394865
733984504
491264934
304285085
607163106
777509436
595607367
362711605
300198603
515738198
261624204
214271654
8573574
873114086
403221464
560849228
341593318
962396981
341675288
661216237
865858197
214083344
155611612
369272244
649203702
557566037
803063958
315271569
946719048
960889152
514965652
867482624
63973561
763760317
473327253
381468024
441859378
799970733
629723685
690636086
888375329
67314433
466923018
415455843
149461364
339252148
58318339
821143889
31113674
919265661
606333704
475884698
564306352
249226579
54643145
715704212
834789598
425909731
388378457
410737047
987795869
161234158
241463096
88267518
385807838
27934883
287760995
814567679
911792036
4851124
612018110
189579865
400580433
924976459
501544616
899197531
348900507
223168954
883105057
66575417
193392890
164918639
821756546
953021225
910427572
778745389
149022048
180388731
74718608
645101688
451754750
765289359
444660574
681118935
498812018
579832891
265474819
215401078
949892513
774474910
785241062
505679308
327266712
633932209
3940202
724323897
641431085
131922277
214261130
671594900
854512299
93959320
205047272
683535738
426062318
774237003
166585432
42218171
76279180
345132032
687746621
335767754
508362929
663997497
446269024
156769146
668778632
496061615
889335671
610150697
443208881
688489916
376659363
630101007
191749355
9317973
220176713
103005424
798304524
949653614
563861016
726318768
889443183
844798698
717768966
859291695
911070335
949631363
386019310
769860639
133587838
662910385
188930319
583196179
164889100
164458469
751410354
335052827
71220269
430591549
521570046
157192659
559199283
76052666
906328647
404597964
565975339
148774258
518258524
367451804
388675089
909725729
194419933
880467941
270293029
141423177
70743008
90660034
108639352
440115161
204121693
376417780
689612114
351726707
228484494
308885384
828415169
659184140
804548970
680756658
110493867
341542617
331737768
123668674
738387670
642937051
186969754
465951302
249321082
958653610
427452846
690420764
994911415
55434658
46025370
639495485
7443605
626117353
236799431
586180419
882872312
763676676
553027860
891955457
827789441
884714872
11442032
967320846
891334984
707548665
618154422
329559502
188731904
210522083
473518336
866168518
198234442
704010045
819300994
752791983
594401561
957365738
399943257
248362036
390904188
256048540
953002100
449746286
431736722
559256177
114037807
69035744
872702911
132366713
991180971
19053429
512144602
180314983
546880959
961066113
691015578
572909799
805334809
484885264
423270098
120921227
555338969
711749528
711429892
275948288
488831136
482743361
504957986
837040075
632896848
673950851
273874180
364739691
538102937
746647123
84283654
713759630
246208632
438615400
677750468
967988198
773139130
280977054
789971276
546215704
849758703
712070903
767420992
702980722
596520476
377149493
876003214
722311352
497849502
914820737
998054717
921825929
742201667
950855042
801317353
224932703
879139839
834164535
715651109
743965354
418793505
122483386
278852163
930738384
463019038
369077336
600959099
869538713
224536088
357085115
62015954
928543168
602113373
421516222
616114767
516041768
446452294
759170632
974195853
298915614
146755019
615530037
100681829
655354523
926024686
513018560
606969653
28341895
580223699
974563672
906920292
225633321
276553602
549620627
173044732
659639954
15154627
155691556
37587487
974350687
84707563
848529055
988834101
43028387
714687606
879414725
913982240
608255392
530420996
341257357
519383329
680961223
147381347
605203704
628236138
756307639
919621640
347574269
124313486
355970518
522778781
738197719
145980965
732153126
290160333
781599471
975417381
653079387
10876169
644096441
349077106
856590859
194876789
801836493
877961758
240829007
909264848
93447524
162100229
157770705
529337902
975972574
80484815
415169768
667686918
473082971
935928202
913515289
791426962
761998180
62765264
152608602
91736025
4710396
328180020
300509942
262943983
997000510
94360557
518545896
167716138
349613431
572278800
863280662
384505951
201608119
124977328
352316587
457790932
1443048
488258598
291959670
18777990
727719029
969280901
979639343
746441235
207986572
955756575
522604070
236920887
423477703
150607973
991851558
571151889
667305159
865861179
568962602
992413434
450206000
675647830
500274109
502035641
933922240
431606176
940868387
845594628
924247184
483749273
552516945
209295680
954216123
50507163
276226818
174108903
780998970
540801207
720584190
489530837
508723592
16096911
212743860
862116369
180215154
711333951
218001405
599630636
481356434
59688592
301089701
729688693
926055726
902528323
322048075
742837907
816647207
504956148
476030358
376889658
979615544
957713049
10982263
390983109
304740369
821085135
102316022
25482442
518942802
66561407
6447899
300298805
7817954
156701441
693157867
913997069
851651672
488218468
105583967
912106829
151531421
919452400
156994580
216469291
117650673
789997357
649660759
172436761
41838099
241784492
587991900
174284848
484663134
725072038
541069459
260464021
426548485
13256051
28288354
745919076
794905733
803428730
665064571
754012156
415064656
992546845
536877793
942512640
587806160
942219753
622405733
194479187
426638235
791472119
103750799
294347415
950912459
860307033
459079806
472960410
483056553
323942988
104638577
424436683
872623058
684481330
666301262
356483724
570556354
774556860
516606063
84171085
264832604
464164453
685909967
464908717
674815979
463100245
334782642
197506108
345133203
29660187
303958496
198321772
844079581
12396565
239982587
646682812
558665602
869117241
425968266
97757808
852390507
81799480
543393072
367413462
234676927
911595855
478968187
395419528
28705041
874732742
738650720
207714247
465048320
11031845
742272078
641268719
73490441
183056170
43084793
619799661
866690997
848071195
701374613
536103539
752931883
184731158
453134048
873782041
541821079
615543545
183409731
850700172
607914681
822683213
583545133
654575906
985680975
886562316
136369636
810470760
315309333
814606408
437378588
419997583
342288129
657323324
951627546
294920618
628131994
774880594
307627294
144865250
981613390
504166780
820126994
940771063
26376818
291195158
921342326
829250346
736973604
917726413
168217980
637612877
916918586
463328526
90119819
10547960
718232662
789101424
778066236
877379707
465240706
251722090
327264956
241960565
996641999
208147245
746264238
965368571
993209320
951250383
70442074
421109110
742610504
362926392
787583781
927612943
108856938
701384109
98172454
693167084
949603444
566848954
792623710
497365281
796795090
480630861
136103174
155895772
881266905
126392821
312073574
83504117
765047231
293126225
639434936
449417274
894396604
279197906
605564873
227520694
80911081
13044679
781424845
438519831
56741446
441022220
904058513
413457727
338932400
585357638
804670716
24031694
171813807
407245946
740722095
742033645
288299717
933001381
471104244
221594531
513822012
960246979
269878285
244712053
553245920
336515339
753235662
753773662
295796293
897936181
727158686
634823239
529645755
853555053
248952538
48446933
5905128
342103772
115769001
635288233
87752367
559172559
189146821
879271919
598095727
794369841
719153949
640166485
533843191
970880562
22557662
800612813
107073829
555836425
255613733
809267181
253399784
820771166
339135237
838476356
369563718
110856836
48054975
429234133
434362753
30041702
748304042
808180719
143238569
847085549
565441070
69305546
59176643
180414599
994236879
106414031
228725309
402044188
202995676
308084653
499771328
647149059
621789548
671197240
506357999
655945167
975032547
418103803
885888679
501483360
479801588
709440535
755657928
121687434
683727595
7332057
752051905
982696072
18908156
997622998
285285461
748791077
648624998
392663322
398712482
426382699
860423505
960999360
716681438
178450364
777425382
429498325
603521042
746170899
162819910
88353261
117423235
741137090
26364723
194999017
384927240
105515816
844197563
213489585
172635864
538900580
256297793
331475743
847841657
944712112
754183790
700182574
365306936
49348690
382198342
75785688
659836298
471356752
177848724
858534778
662681298
197361662
812407048
153891202
365943957
815548620
976414909
73940434
166232437
747796600
241718226
698801721
938534303
943856805
948554450
339089342
964172448
869030830
9033548
533278908
968488070
475197126
404314639
556064594
487076830
812940874
647558114
892062811
953525784
473785389
907754763
124482544
331632549
874999869
204323218
915644997
441271042
130513954
601630731
441911189
64870841
24823715
843293702
428295953
829566370
768764124
953615382
934721804
125541660
218536341
777144184
441979001
177520297
494384327
871245091
165215704
717985626
366283549
776939707
753588129
636067382
759468359
765608938
257309879
323463142
817407240
560736522
553063739
412769215
816879216
262636605
994568135
181310225
843955034
307231325
16218614
147804689
707521759
830573691
989784041
391579947
104725635
110126896
986017580
789576438
596753439
441449065
783452600
201525304
835649685
764342924
107055580
608394993
173868307
848373423
330774093
571344534
824771970
76749719
650261388
833249084
905585817
82733331
303786452
696960439
973716210
209711286
631026976
139255038
640056793
956791633
627262163
404673755
97714327
895803789
52449953
162284110
830430462
154152457
295763960
543716004
293145798
911666976
170115761
760798508
382560361
901785235
720471913
353468818
858136350
917271346
855298097
106711784
480668866
698123408
515185500
280311292
634689238
632354398
63994187
170233578
685399399
739073436
478777948
141163348
761000203
233350237
443945549
60264194
915681195
866528745
891360544
215894026
557967830
65833386
613644250
361415994
130307691
855650260
459576986
635087283
798420646
693612622
447137675
411500557
375009566
604904615
544156465
250272764
14150060
981722585
742045754
653526344
305682246
843772511
768367229
807327687
646898253
313162450
291990992
667600434
695963010
227632632
699149218
148201699
744934625
330063602
154764149
945501610
235582571
658618486
582477321
682822924
814672456
749292649
49130942
870944131
810864809
412550649
653868522
278140938
344405617
271435969
522659176
403270393
666693899
122678027
152299572
237335061
760450729
640345923
539164791
819953181
723276044
178169584
130121183
88002414
550131158
592541671
324086531
203033556
898486375
15412589
913380948
699130127
507437101
223367188
228330465
910751740
233686106
889645192
592062005
256284906
553114663
743925706
392091845
723823644
720409271
260646009
860246407
842672185
462673226
662333629
491551567
960179440
523679539
423323747
175345235
644100366
491290503
56690665
390848909
474385703
963401534
730433510
889079580
411900567
884835562
572630565
661281899
852513300
71652198
611996569
537016146
824665948
180878044
769164425
423150636
22148821
872518744
982722078
948866236
321103978
884221378
288021496
937937477
74798609
520936316
114527738
930319415
878610330
69217678
441764692
238876266
499035473
464905071
632078148
363853311
219640415
386355814
602335960
440526791
653493276
988717209
251774070
465628714
824266634
915966875
59816220
683982579
854642877
122462210
879761736
627402700
935734777
125433129
196522742
321086391
654042665
321638903
735055123
492035659
412690728
853388085
629471092
483159773
996747984
427768489
176098369
309067338
80395307
233290751
422767167
93011323
710609889
575181410
917074102
479930343
246587534
788148998
793022736
707390674
159724100
879147719
349937426
756975623
739226270
593984050
856137067
615743214
318074193
724619338
13189859
291175971
30839419
541148990
222594810
809510481
713215024
278565526
454838497
280052208
647267673
540235580
107950970
89982389
429705320
950450874
926253205
565980729
149745558
306538709
888821658
827718999
952296508
580944779
437984616
993190913
631273077
504245782
800146356
734806016
420393837
293546137
961718575
600009259
458543273
337776203
820020542
147569094
456103738
852169190
734252213
385642604
173370901
252346602
169672931
565685422
632749687
68226660
947653803
522152723
323057912
814964008
280588766
504206009
897910021
474555234
814273391
752545152
832811904
218998744
32143193
460214557
225452412
616424326
736578928
12214744
762069789
677476581
566561010
897036812
305093548
358388758
511928759
12133661
93373051
545096979
127212556
996135836
52078288
432044082
339246483
147510053
616073502
450086486
810064117
616657241
520070328
41210840
457352191
439544478
825350731
159411293
953796615
969420649
946093705
440077763
786298644
966069105
756246821
57334279
593949998
786387740
333130788
159886285
109023030
27370530
682144696
254109906
475407200
765589089
937837849
723594046
447488388
120310528
540935697
287368770
616521928
92103364
130699390
576688173
123465224
803042597
965904424
596342696
878350626
85144858
285095189
61620556
868062536
239067983
2125379
257205806
957636680
543040028
344412570
413230363
249777649
838402713
219035639
744530089
656373387
190742514
827561656
350375211
323408658
207463403
652515638
917928260
664171661
113551153
704203002
31642827
475208856
389766464
386868420
571972742
646669388
985244665
666308861
442796160
94089153
234438976
228555783
101479044
308329444
109700025
575537359
488268848
467822189
965854461
586949200
365041344
570591764
373825797
3317274
95190688
634904473
354596054
200110128
940139769
325159872
292907455
789909512
211282047
121365981
724343047
703998158
477269847
46695896
383719295
345376434
860314359
479718561
609649534
899260631
987711152
643837736
29519235
130743314
25280172
951589786
597662781
957325285
847324117
533349882
938473003
242177379
643274898
891883246
668877475
685621089
709470032
347975756
523809814
488358887
862304104
799002392
595096264
606624222
655727130
296470438
66139521
432203582
816873442
665003927
298921094
430514133
696192972
152506634
266845240
391589922
887139442
219526244
751196532
329614931
837543587
339454298
961879279
447313083
785802830
652305995
992236625
301043937
56332114
527920812
696360408
337543373
415562332
132829836
123744839
929758008
732999825
298761606
551677753
315132276
608651908
443694011
88619599
383437360
667924784
920729036
408261321
877443244
231659598
389118102
551091718
456519000
376625163
948296321
104244239
282048061
169849688
253677066
336727807
688237058
300029009
637756895
957995519
177289872
374740831
737452550
861105620
754401254
596692499
465963300
621197641
926237745
527518147
310177721
864877625
863738921
519882199
148183962
601265650
943974236
189556152
74905278
550446626
627948897
945881172
306121231
543383840
691121417
903665338
680932564
596994478
722200481
529484323
604514162
338297671
266842330
91600084
346896807
91960198
422014543
357597991
334379609
291664826
288392637
519637009
661208929
972795469
29965667
464629696
479550653
479525673
811981481
43301133
261581002
903253663
465940650
792627081
63384859
737128437
758167986
195347657
45173663
993428646
560163329
793707122
138960825
351221495
639947400
159914739
931669766
797780006
362480267
569451307
871558032
822334751
612594931
428889981
85607648
658920609
760245601
610198293
970062570
172437039
30280562
88370319
173198599
792742882
322575506
485349361
690971280
133605378
973677945
652275737
912750839
204905742
135359569
266786999
320414108
790199267
810387940
879822339
470507430
72205589
921814230
916312335
230464399
285274093
663490534
685266910
629704211
160022510
602528430
975411631
429753244
269001686
598695323
17035797
164063919
905440688
264427098
817875283
115194057
476521395
850571227
549968460
152706560
34610576
889900576
887060103
926465301
150422894
643875164
929976253
748535856
498157360
481694191
496534910
312172254
54965569
354396716
68154549
194507169
40731148
151460168
265887188
390757926
587140473
822477553
62564370
703590465
591745609
633790760
136424354
20003493
365293371
689723508
161068989
592073535
245504394
704659213
996646693
884295776
864592970
9821965
483964500
610132728
554902409
50824768
603160203
734180246
791462506
388570632
202610587
590464562
724194922
950128883
851750367
299791448
402610911
160347214
140478734
413613446
600174593
233868269
777067056
543497932
67197178
65570209
354305931
225886821
937305604
607126326
349367060
847401378
221291069
547195026
318257537
784110621
792215055
419811973
512378186
50857633
389288927
739063355
622355497
532575362
395112750
580419527
827154057
966532493
502471694
652940476
287535912
26753999
983110697
247728816
927760202
296145450
393726742
518693100
268472673
39528969
437004460
103185246
705405729
39301034
499861605
785698201
223963501
912593125
934439943
898378970
232284708
933048708
317001206
69517888
681631701
244557181
483641050
659210851
505041589
641164336
329115845
505539836
893467549
923830354
629994723
959881170
243909398
268132899
82510508
277939964
73564374
123874163
225737548
281494887
764783699
914256395
191922836
139366454
537150389
320863779
953744521
308764272
274947149
302919220
329453121
110998920
565806806
706295527
845782669
526084202
997631259
927662034
336798824
187930550
852130372
37205368
57984546
375859272
213990375
987927728
311488828
475132754
95179233
262306950
697651295
496419757
389275667
152458502
194307896
640114286
578286726
937719916
733100
461017815
168158364
831078414
575552289
514857060
984139047
964430428
355492971
930246796
655548044
288505456
569243673
167719712
548091473
839904468
42276093
337719710
151369263
926580924
279884466
174345541
652203497
41240777
52703466
549749988
232234168
55071865
466308544
989069209
369272352
279873925
813804334
218555395
902043212
696458481
561234461
58021519
108093330
200638202
820754189
526940168
643453192
249141049
980320215
607680393
329762135
457690380
278407941
368205216
848737212
575414914
356719248
275061909
506262746
289118399
534258463
670759306
691633619
104137335
471512186
912231127
124049182
374096453
920639081
869462080
638123066
556736728
969237139
134789449
508781993
989774989
956062186
438758459
83157575
225657252
810531637
557629748
33393286
453624487
837996039
156103546
64063969
654526528
7783367
188780456
844611249
997732127
685555626
798747386
151816585
526440808
280861044
934592460
591941558
732407262
716960416
739645807
483172402
899125970
202092912
872567403
912592795
41427530
698838904
814831421
826736017
855889534
201629854
428792907
364039561
358217713
512677352
255458155
787673892
96704703
935982891
135675000
893262381
901684639
881130667
925259950
473152982
693571602
925137662
517041231
265386465
137294446
880767851
702015397
69235216
281459419
661658591
539956077
597892392
884654130
352573834
443638181
93768250
249607135
309062153
394208737
440695933
375981813
450412800
533409484
966618283
816236383
337219904
228370185
25489224
689445176
71321172
325269977
723273519
933177348
235361097
800598173
75443839
426426022
364690785
781966993
45827980
705625209
728012595
316780323
575355569
591267761
362311895
535314653
359954464
946463433
609503497
526646290
943643030
785849095
183444138
334514240
783829425
895060304
288659085
567468051
487713490
188259771
110462889
631566455
913011814
571462809
611766109
37152093
132222905
943541365
254369422
238616075
750852156
53121932
817389258
437475300
382272838
968058809
209880000
158268459
98241238
664082667
206547035
694407731
524906388
10096671
182336114
140748775
118134719
540543521
551591340
983242277
865190308
272041852
126797897
748635807
428156235
420172058
601867756
279698082
188040791
727363475
965218296
855972496
633830317
885394720
154867872
238917746
89678410
643970557
747674659
217549866
136058593
273629473
657580540
260981317
739302860
533370836
450689863
741496122
871852268
75211221
221660602
935641511
169741220
665365857
224907397
755384598
591877340
171676614
430605013
125939322
764463598
509646934
280352780
648471905
885579349
845142925
991897175
59855786
771415124
572705441
55242666
683428467
397974044
786439953
506410643
396327881
159494443
801111362
405584598
287614158
915583382
176557890
269185007
33745471
607024400
792198803
378740430
127071377
426510987
54753354
945588780
715578833
10403229
673543500
127729622
677117870
78162672
994169782
393632607
556491433
825503491
584830282
606264273
258432313
118821367
297672143
664077164
446938302
504660324
701376082
601986038
647439179
539425298
164947293
872074878
27093904
727145714
352929505
325401252
449459663
368755627
259093718
787617065
441981623
822610139
959219451
496229563
433377510
22140279
600206145
112352095
808188217
798317673
342422182
805986650
532886287
363838823
795766907
20632622
631546016
850692829
393206303
363249858
440738110
714897372
610347992
73742491
946601119
105433201
82490705
411126676
805249840
462002667
245022468
748749962
184604885
318115307
693260809
699285642
652687173
128378093
360218044
779515182
217551609
13840474
604720408
909914541
983474412
267655170
712727279
697098732
711638435
806440599
333676510
79348172
564774667
425857361
700556595
903272123
958690582
715693608
459324857
774917986
676695529
465588905
940750116
778594208
247248890
156311526
581932606
851045334
496901173
956483490
156948082
597781107
615452581
703145142
550867532
788083203
139753127
642790436
107765522
283079501
773079489
758305933
325412212
679907883
471320792
913040870
77419981
996754230
99810800
119559271
788896507
128367603
328801248
680777349
328707433
325021851
160012468
100899530
358584952
214766295
121398444
379904103
109489708
336124827
755236335
96997073
362986677
113484185
747383924
24915559
682163154
765911222
616673316
636572099
767150978
264238645
318358010
713840143
761816848
26508983
942732967
328354537
727622520
737286246
830936584
182571183
83086289
418031937
570626448
337631547
954510079
793796216
171146962
445515345
313947373
684610264
602973452
502364306
580543400
462346121
377988090
730695206
660965382
840914154
604980791
918743999
679640754
194657255
417676870
549766991
773386205
314805306
83994718
685318735
585773474
515424932
343543918
870162970
124773011
968637132
555906583
878053262
175884656
418754984
808889873
498316127
524520405
257742623
12424990
742367971
496883862
754748822
394809775
470106499
466207720
387241195
458843706
517079130
409106308
453585462
437309421
352146859
733586915
846501425
236037223
580873295
363247001
654001012
518424378
616714323
827967097
272246188
638715148
731071487
194455471
496679671
771843080
656102970
424529181
851296825
667335098
564401571
339749198
883776451
336839062
718796441
95435885
937578817
233476307
121165432
764332743
361562031
420134042
519352450
674436883
796801162
640373816
575201638
308486949
691006046
76577263
226417469
103097150
135046131
371759819
88998603
537624966
894134078
388521988
842602230
978391286
211377714
340606666
926245461
968284843
468353865
641220175
689446114
392208304
140515585
627155176
425194040
803657586
237218733
543252607
623671537
854042979
529679322
685021020
539199112
489520825
31735194
963216057
353059306
948040427
41439916
872969113
741146039
334976913
198536346
144908428
183747155
322800778
442369947
986392558
861186142
21076910
983297711
477506817
554119112
972765492
990463495
930425069
1886888
94576429
199917730
724982934
442639446
55692934
605096750
275721121
904917186
667634032
927049523
762666498
44437099
188228817
202660465
302041905
662132269
508353219
86046732
224300833
807858482
765515099
443387729
692104632
238308440
199426615
796628361
356416348
168090488
367392830
648780809
22450181
898335529
758749933
655441197
908662654
649924218
375023180
97746504
68874998
692379481
836365348
938366413
691095335
47526073
272966453
888475413
807504706
777041729
680522939
778478626
338327630
186012723
731509619
188402597
369865480
88963129
667707668
453381244
632367769
104005931
361254815
348590642
165525785
959174291
292545566
147256277
782931777
379159862
440276205
475452533
831239924
764707966
701845632
463224145
275297244
598176213
968899467
209478737
903720837
510241566
321088699
462596664
289370526
140905724
19076466
399350802
875625386
330962589
760268138
725535438
262175666
535778517
343277497
3729142
854403982
856165431
379259805
77406546
477898276
515731416
215389117
205263378
345952739
966839491
278935293
964032541
2626965
933039811
137905435
828478704
885230409
607711096
761567267
803906270
53919882
123825315
176908521
403329086
818663003
573854753
501227568
104246470
985612271
25513068
895228107
904637074
746116263
824506380
631636320
715495177
735148087
275675429
61940063
666706807
463452842
800865208
147462260
967576188
599832814
535026064
510589949
587376151
330869029
420038641
29954242
445117519
190394905
978430476
69196146
984967060
402158349
572801164
948384820
477455606
200840919
258029914
958211490
893417785
589976371
103450639
872325720
594831267
739556456
253921695
325152007
130260546
970900670
212580303
51590231
972479825
283230270
79624789
566791490
108738493
258802591
997689006
388230694
859437818
888883559
459685301
895856312
640785615
855591428
288076877
275004610
644384445
31012151
955340730
953006198
159794313
883432085
453802690
92545701
291780404
348391164
492840222
569674593
26064042
941673824
869455099
543229708
558940766
244076949
400967475
251230361
458719956
629012692
47691285
923740292
31476887
628895025
118829012
627855359
865086022
480496263
63919886
121319915
989875427
92066269
387976613
942868392
736664168
685995989
281851333
128668600
10756183
34080555
787135691
284853588
857216091
678473502
225667888
116345919
150922293
466017533
539010904
330039132
918878847
599596119
37382921
380170911
791445794
600195159
514258035
409375548
321445445
519222644
851718770
580276409
826429249
503794181
8504947
157672734
27146492
724546352
758470478
121809265
71673987
601234060
855456003
353987638
803700571
678968424
92551244
616449901
535931079
554317297
461827506
684708100
726415093
503066908
941881861
865577524
564867522
904255400
602261976
375507078
814000289
113605791
967942294
965485712
735075608
747135816
927716534
382340861
497650681
551313225
885519512
776900155
444070819
772637158
684834714
95612974
568091006
221465043
302811985
774046208
188314599
496115616
417990481
273875067
669184666
200932776
242750074
970362666
172208350
146761040
155721393
281443708
688270852
363782602
299688486
573456755
135334643
688715632
155847586
392303305
153166832
378826525
558263145
599369026
572817998
160219900
369565203
827502061
837828550
360670704
730027325
287756605
818324875
446181864
842086362
591802517
620620151
222999224
254034200
111436675
870414826
825604279
204288267
329042276
56090256
978768946
194940893
39565392
925490605
83929483
179911212
124502022
161345459
476087140
472186435
511009949
704264450
342843407
82026019
872617521
682893888
403134140
681288945
298113701
549044747
10847051
321640676
721452915
23380089
384641693
603240844
354653632
821596557
149731284
526353362
674169246
37999518
11086841
597444660
215500989
428393410
877026175
79514009
580605911
188179511
144512971
57028176
980510413
836123686
651729894
722678729
673136044
178715509
779427494
864877091
396269885
655845707
181436674
181676647
581730172
446531704
894299115
484613145
295931844
814422910
603809809
561254201
957930665
240889649
236342795
55213524
334346350
312470412
85307718
215093601
173709403
381581867
359450800
211548484
852316627
746579742
578341672
636042886
841455765
961407916
922192324
627464121
690114122
491537451
479632175
865747908
753219241
825647529
28821303
2749420
452272914
432066125
641676100
99811087
287480012
581776786
983297232
622994531
180882504
188288015
743942289
13178014
481017463
94237141
401896140
46820638
888286033
580105240
921315161
855750990
513151468
628159263
420173217
623926281
896962170
725895923
989745814
949901770
840368037
162335009
365839120
904241806
570146311
138042859
685335004
652221079
427079629
822719435
715939082
512012627
763789674
535113759
376478927
788980134
355845733
172375086
741016867
59990201
970873471
985821313
973265740
208851724
983745135
574618060
199782580
895269487
73534662
116084740
949846282
684044093
561069501
829239098
520776911
21373364
824141344
672192193
331721366
327264964
957806522
740794967
141166023
352103441
658262137
799823665
325416089
367322871
592584943
478295612
109578760
683537981
865635249
147009075
597791076
369439985
612749327
613836737
124893105
805162211
86455596
316990895
801815585
531429296
229839931
510944416
120873037
212841630
758274244
220354045
257435171
707974283
378762479
181155030
807468795
692873075
438700084
909784260
605990577
211781863
982567685
603435454
518976014
434632375
98956456
354313774
287471970
702407966
840016620
478155017
417154966
940969102
85805544
169866592
51175336
646109721
707255363
772957446
467327201
497372544
832474947
933027169
262885122
634795917
47442378
58920531
943776798
178494010
980553813
707798937
163432849
618286990
572069636
605341460
185053579
91024706
542575014
976332690
91524126
405762322
572506531
84834889
474266879
62595321
793709198
951158688
323162944
681209421
335222298
20129631
274859352
287913620
877684937
359711412
335756702
639535031
289889574
211484347
801241237
220406332
864443138
344244982
992190415
846655987
665677735
129613818
1644001
841392256
608725693
892568916
346133136
476493744
701048042
241230990
512803204
391866530
862377573
118309845
767664243
46113282
811326881
154758815
706246569
223907013
681308214
254160463
72530795
816826020
740262290
658925168
331416746
954498309
192132073
948986003
503987059
909378444
675081952
655600592
28183395
164738245
797458737
420648350
109005271
56076498
298082800
335252017
331290729
452469552
642208969
150434150
493199736
227737463
650310698
714242253
150484741
477838296
184162252
207185621
332408563
204752724
33460743
331817496
911458075
794990132
188750688
402281050
260970547
659485509
407798805
500654974
90688131
342211823
893363430
826214421
171416744
391971465
872142725
610489625
528639107
679118262
622418881
156162598
634971576
139079488
209219165
59703295
952929435
111578640
637790074
427249016
112485115
98131125
686859245
685869027
1458046
313312202
325274969
101251410
495250455
167878103
658899931
326390544
596634609
536433152
502857957
12373743
972226324
796878681
340128714
331659835
926840875
787680066
806402576
198084551
757234410
498498374
990116026
896761151
839866361
353386262
932155311
875718377
52447873
607021920
450116485
880067568
826383925
640292808
710533428
120542114
756595504
647651138
349597820
589758740
773272435
978465641
43599121
756579179
713193171
163615558
360889362
726819942
589487092
175737136
185778459
349217179
616368587
478099145
330675421
403110073
534629276
318347910
282721140
421113816
970626337
481705894
718383325
730966630
887998154
841031364
187560042
450101541
401147112
733438961
886189512
323861894
598959998
288048060
794042761
509202515
953577192
888716938
486647004
719093282
102962745
534898435
439706156
487848680
790513781
529864206
170538331
740866910
592398681
509167974
539823637
122797730
687476387
319901408
384305850
816513453
779340631
642654728
741017445
729560819
407226759
722557415
664778472
974564812
812488972
109732734
770654885
367339557
45858932
391683482
813154976
66030306
919230522
831855866
306410947
891591124
643892157
330174215
27347010
989539893
435037262
485662927
218370332
229562462
233476606
219614026
862930372
148532771
862788321
517807456
358699248
965432986
243982590
738214996
310693001
125200740
279333444
144734199
550311031
582516047
862271048
456128130
338919363
893529887
680277692
236416297
934612882
890713979
823583117
37282974
627893129
26343899
289821678
182574387
653989716
702148140
221662491
831960184
613023016
333406377
101673925
466888854
93837799
863260785
412484151
403685896
404640595
4282522
619861104
149152418
719719390
178108350
156912125
447459640
70159506
388650637
834483516
383747178
750859745
5378671
174764050
959832267
280761138
773910268
646288553
391340361
685868642
533342215
993063992
544368672
43886925
431004825
147868076
929300887
51119886
703768484
413773655
981076756
945884853
524500946
612584982
700719939
337903937
589710688
486284846
575504850
719039133
219732821
21207895
855480363
93655120
824247005
926667378
761591983
961313249
557030023
431005602
606676497
227364435
483933831
173712713
417097988
798813797
281243261
46546069
619047263
397419738
64995796
234873994
124408133
982944418
528941867
673826466
963622445
786108711
349568749
157338287
349080196
933710610
669540726
958706726
678992663
219553652
871005857
141432083
60501404
131976065
18651819
158929108
948120814
151668213
541045486
252584259
492463457
902826437
373621182
603005496
840226495
459775126
756338117
54746004
532629539
48399355
667651154
890968190
848416031
534592491
354624693
900739210
160553775
851340809
580119454
469946799
801394193
478144063
671823076
975425602
26478802
175424400
964525845
412034565
737494792
836853319
583190904
242347083
545641677
676057410
708950107
354881662
929046762
492218318
897297819
571900831
900003831
185239153
247717466
32422683
107017717
978975557
346459637
247854302
541935102
23629985
537549991
696707034
689537195
820832
894423042
988695635
670800227
103476181
97125864
906834580
744703802
795481383
418744135
209657371
245281534
595016046
161076136
917015142
666616440
751402712
233167644
391367732
625444693
443734128
4577814
302803550
236630779
849319949
56578276
692537503
225973501
293782313
748724059
274864699
175719121
775068142
915432972
470091900
873273686
20920421
179155968
11958305
753795974
783791482
288839769
407123131
93293420
145213339
189287510
828554079
827280000
707297927
316525160
841980985
814616124
127165326
272442831
377267707
131264121
736285724
478011726
146467065
564341394
316254338
394864806
807827334
9955817
761624286
538382151
164688021
86347722
269978892
528649061
391094986
123131011
505598269
373998850
191386671
253695650
531411715
517557131
726514609
612394807
528816215
272984325
614764950
790542384
216481435
99127254
898799426
811447657
173924901
402800363
859598884
431659052
156167434
912625495
427924711
979060475
788203062
125646441
606491797
438543064
994318209
343274411
183842370
909769326
564858927
500822322
466368575
971133960
808307084
236120334
696132584
567087955
994429123
644422788
356295768
677109501
487830534
448939772
456852085
996381262
994335291
277398888
270875875
607468018
248406428
720677606
948767612
665471373
796772114
59328324
825766810
455998598
354029141
744139533
666814595
332916698
509792661
538963411
147657803
365522592
654902165
842158609
311784417
941289980
114393948
764433575
972623668
611205259
501142484
626997760
730712749
943055060
908720271
172954419
934879095
8458572
616244010
944388038
22215586
689582596
386978629
255648478
97130749
781062585
491903670
390255521
164898172
448203288
617830546
46291868
423866928
729442837
936965621
510271917
819600818
765352523
962111636
930210642
403793464
328160202
811194270
950770804
481246415
648641618
957235914
821398091
643363714
108222661
81971802
847746554
358672059
67371774
204884602
297069299
105028405
840817981
677299632
309228936
607843971
215843789
24725848
754585855
24612149
309816529
900342148
560917578
638719151
916683716
728700725
55397087
783629808
998162033
671089625
441412616
615416218
995006932
891145009
977121107
297166769
752101250
557543588
158950304
800468768
299705194
748930490
257870052
176362934
52031161
450832306
699734986
97191976
563970249
590926616
939916914
423699302
374000711
567196386
348666676
230310934
165081842
461912892
45231557
342351975
307426204
44015353
580226461
719039710
135743044
427177560
520211850
658366873
128688050
48340070
887897328
347534265
864959755
162883553
453783130
484669217
603188205
1307901
115033603
31727075
126065003
882480974
102623796
896246513
377576303
917242647
777917800
243507270
855947735
388385419
813716542
297617604
508555598
827076137
982504617
558309480
144075547
489669986
197847669
449855378
189928122
35300957
953017414
228234328
931626498
573966348
710832703
544230320
176338300
350143366
746865030
945111886
50844967
349265156
676340843
248793302
161607351
134627269
157362221
297371393
957419007
800837978
275964872
659312860
107348032
456863091
612591728
832772730
278817914
117680964
676438684
232170482
12244077
388497431
128248497
399394541
114242134
540375441
414967226
707217736
638332360
817933762
502044591
236744083
547336872
179695434
456013457
217724952
700167747
822116692
460053942
132546307
602884879
305139447
444902911
387267888
661521869
536711950
470107129
789336869
837389101
770229232
232428124
837641602
412797368
787840236
62163444
212901753
332734751
65350594
890226896
541279573
587998284
707842013
829239627
222551546
6084818
644300863
505705531
98421411
114065965
518933323
939906742
915681607
414293008
560299366
45899228
264687224
944917973
761564391
528649269
296683523
965747457
359446747
239545249
717927437
638768748
691976731
671908099
737336219
316854797
77792677
942086563
77756254
844238407
816454784
265276777
206364921
235331794
119537217
505806145
223866372
854177862
101823166
668239630
664007249
480311282
902055345
540901299
374881760
630201268
725297482
940196324
663082638
174662467
80082139
371880088
966528290
775197230
152731754
369190954
662217287
15334086
881077555
500830415
902672535
411792146
434388321
615549035
174777405
502230557
515543887
225201977
685447649
810531659
797847764
179611932
118030009
884724324
392771070
333317069
489219019
962564430
201635336
252559696
587491679
341402006
818144020
266136246
36245593
135833900
670205709
699363003
408060417
41364212
457068257
583171720
724493022
754677707
748820280
931274707
949070109
696464998
405977462
393997145
898048416
432393863
291544354
775003587
212577114
682121082
419901446
413078560
296072615
833549506
523366559
960668512
230147544
643322126
430668651
627963739
380112936
478541825
528691940
6232047
947502948
213643004
80043730
822804907
177414455
294092629
368984030
591700611
511676847
120534362
596864162
675737118
942804214
997916220
523283283
185826577
225275343
42083101
494005186
686290230
486622284
203475302
663236020
973668762
896900766
561961822
951586971
815709386
318444658
767497995
144947191
918724753
500074047
778145776
6056207
42913501
865890129
81063871
339429041
336236126
538884481
829368732
389072788
769497496
55212015
682492751
512944858
322540050
771984264
71414585
514897763
134331704
815673285
450913404
510835826
246709420
178640278
279710059
76775065
186243492
508896977
802317054
352906399
448448772
428321013
121327556
128929883
42735763
731539925
175500787
61646308
610349716
214153349
210047535
461645792
369788968
544880702
320255296
898150224
243158397
228061875
512351655
768998286
935580344
339109555
789816409
384656147
159132594
793389701
651514177
441461131
606075680
87411813
133425876
403042294
106232143
61646127
618374240
847897397
9347380
317674851
515749976
230827124
453103991
374159098
517468732
230675456
138574044
657850885
20654787
828832345
841395552
257968428
411794784
828295416
291303507
814719745
102873394
80582174
168061212
105874885
607787638
338227868
146228844
572041252
598620528
897904704
127538195
856578747
62265598
195355983
509348068
204934379
634148714
91281084
487158309
983557048
907993680
703018098
904423660
255683822
614998911
87621460
284806021
995734993
221427825
26481581
387485724
242972721
742184656
312143056
380132567
85241258
285598518
787194127
922941616
233110054
756910981
403911615
960275188
694587402
174311102
598054308
431310829
914599930
602928333
985233480
46826988
377054069
539686354
636021723
940781033
986127142
634254064
330428826
158908760
439961112
509780606
712147950
531361325
139171911
740007251
157540037
715999081
557282231
610534464
458524837
815456144
388209596
743485954
876973464
601070544
969055311
107217901
686079012
742785206
476398675
468557932
4396573
140305135
884311615
501563360
799810199
394836886
320716690
965471898
394614034
534719726
237942586
534434783
745678285
297567323
341298012
397100847
12827303
378576088
162190019
491978077
879029766
12632752
657388523
317132700
460670203
898794091
584176397
590936043
20939074
742173870
517109176
262771339
262363727
274760154
962068805
677665449
244789561
803979362
977426120
576440927
278230472
425242531
379760466
689608977
844922786
292435481
12357282
769110637
727288127
398584690
970424170
633773804
681255424
801021681
381706848
529503251
168114021
490605273
328958952
442136975
521207962
616466748
960682184
899135292
515349890
988757702
335463534
651392526
838005079
70830376
20989079
908212856
16541184
496265390
501210402
754784953
795837081
865839159
878270349
45559040
537613565
37133766
473995140
570222975
457691447
242998014
348512468
676061453
218674570
431737170
97980390
419828598
597149439
632104257
251619367
67311680
954134563
73977563
846800363
948937380
327561697
82728396
22632026
753790356
389652500
342008222
290868946
822875129
180606406
188549975
517033599
649133907
601761419
678079232
118698786
530303256
341249359
187001496
819906123
742920325
645173435
232343721
589587083
255743185
500376157
872717585
269795008
876082682
155493051
347252853
459341778
771962444
638864759
959959995
495852941
675703539
95083926
169281565
142315383
183370393
63392632
227983797
956561947
425686655
743990698
217875395
817612483
558178106
733670299
382794070
699024653
691533258
908298110
686122147
167961532
923978057
786475891
833803076
879671240
167433777
370144453
766247362
264115729
578986719
732371646
851844184
308918293
610047544
918755541
356853076
110590070
996904727
486325288
772684532
62197342
828555937
699720965
503780496
217975730
125592816
950614902
34716630
56148805
949067985
847152334
726079476
143684594
932829199
588561185
959378134
527386619
838946185
612880923
10514625
437545900
414443641
942941948
558667186
973179977
925769994
508743241
731256996
210545602
733431259
240601719
505694395
729684995
747035704
157267602
442018014
201989135
511338858
293603282
794321468
28535105
533264378
144053148
187669172
724785281
447864104
369560825
549373081
466103745
688478720
288081248
194892601
574803347
912418087
691947635
164820508
332962966
322492808
145855654
566980746
960628456
821693168
823722035
581258721
975268759
374701476
3085035
838585007
155698113
937966497
87153599
566291689
250675608
990771975
4669399
379657204
850616057
59337830
358751335
345062673
424627083
985184491
570149037
753530060
763485234
91361189
468587394
43524255
576465532
966623513
679944494
280888399
439978035
361223220
787384664
309991410
477220336
151573324
851456450
320501950
604920304
81286243
912326149
224735617
476849481
74672489
187898566
820386946
164875976
140074892
136896540
857492502
445161360
960174928
857292598
342336042
653660818
597201266
956757017
870195633
211279582
183001881
611722804
586085126
638215840
675229472
975803667
309341510
181378740
376859216
995227476
438165845
121650033
393627025
821816421
807971689
192015293
562960770
759796451
911072492
563297427
381343822
177733844
689872288
39397897
384034854
240300171
543367609
809251001
686724961
452017964
53337194
772308172
672214482
688217739
775203183
443745513
933526185
813253778
284500426
816197934
792443444
258470464
545030955
136310490
756235387
335785918
943775297
321218549
410052492
786996001
982414765
323330939
866866198
350972700
185334461
309242830
384823923
650302369
433908736
116528155
787680095
41769950
518972058
951572810
546517244
104636959
530861626
410641946
623723710
277410601
214578088
324298490
358935446
264857545
234253093
970728341
619885174
456605559
343034198
382431299
574166122
260755899
170193484
709951713
690800187
732855621
284602156
562425756
581262926
454727580
74146132
630395628
898078595
663988284
317476542
652576869
567807482
218709031
913523915
557901601
80968849
393422298
182582004
46041226
214809609
137316561
382116657
66208027
852383858
383368571
614613494
765095241
649892096
16991586
652973690
568713834
464957603
929149801
9909239
663351725
684370235
652255498
145853435
887435748
468558856
26641655
513156875
754881207
594565270
346932883
85947427
687980505
170144503
759049031
561981020
903309708
397724502
141049620
802425305
721699621
944994759
425616417
898715456
601248129
507900987
834531569
277649681
523681578
527945147
153878298
977329689
903047981
503384684
885091270
771829847
900807420
914368053
949097588
315462875
246129330
153358447
95159969
547534445
634749330
979009483
961769418
984593409
481365629
66723208
650402344
80954398
597939988
504608131
540225553
106620151
530346393
583562706
271942283
753214004
988975100
886648395
524525782
270292545
829267196
746226814
974320643
502419670
412680810
740260287
664090098
951934089
983383763
231098127
941075465
693502372
23388095
512432474
379872866
446536697
525493534
578398295
627539200
250871446
494570279
1083307
432059315
830965615
971294582
220788991
55789797
941993964
746461666
572095950
150740285
587390003
587575021
836375867
771708395
197465060
812249984
347339796
700754720
486580484
962027099
511477340
637482203
322609200
210892068
811918654
608384648
704347226
3952124
627844554
348321968
361486440
803282698
461742247
154401745
212104300
547889452
249711039
985178126
27629821
882194020
796094536
547761246
772350316
501020302
397816256
508195255
556644945
205491475
989685243
844322112
52765715
884910736
424195785
71713449
717503164
877253475
778623531
856925861
275685907
446395051
446728186
411364512
219250832
236569024
142652740
958687429
790303906
503756132
207198070
481014869
937711063
122280560
186359638
548193496
712722545
340773998
71516148
625493100
661105056
429116285
113591542
453946024
927526659
887861467
275076989
769629423
790863812
103363288
880798307
27250530
109360841
507672336
840572780
396505285
258374135
100574647
537982192
94028344
26195101
481369874
27701963
600906336
411173582
769939258
690113308
548263278
177684357
32850566
556641563
729812843
284809299
297282792
623096992
277172725
563915883
577259322
34500592
543067317
302931068
691751115
579508147
526321182
529942391
853767104
429287673
491244631
201328493
403118174
476427812
222257663
576914176
876859559
615851001
980965366
391417428
689665397
491947763
641414848
841413030
192335821
902340934
415473410
439128113
11239252
969822206
510555535
315598577
189333614
400130584
943027494
152456336
576320238
838044506
587620655
22456146
507128971
27919697
787814844
368269421
523137759
868238434
553497823
805838024
703001855
904005095
798356497
834560437
734632560
537894346
368229235
127795644
517900233
105851087
555401949
603733788
632212333
11130250
489097240
670742807
608717658
793050197
469002234
909737050
59582441
466279311
882757835
904703337
593718160
968725102
264846617
753216707
501426477
23568939
501268342
351242049
799221352
239190870
710133351
820509129
532866120
600546079
42616285
210981781
67630146
841330770
356196944
968335978
505502948
155035244
77466934
31848079
338531472
931367595
195184051
177879269
355083175
880653745
569895312
315894510
297799047
366860058
774548810
77569414
430997047
186814982
141844319
955469132
35024648
231712188
328894425
596104018
864424926
406814855
369171780
582149419
519576597
865636560
281056100
960133657
562562017
586676903
714248930
534770948
464332053
895135335
473291550
600590175
653909152
10909825
311139739
887395232
161296548
53415183
93480018
868983645
807269032
149703223
127043796
223590168
171921672
843466400
401227511
328807130
148983819
911310077
168574455
950178489
321799108
879148510
383746503
27478875
982262515
682404766
350592920
901260846
821568507
745657142
846819405
43180495
474250031
30225515
510243177
173416728
840721550
692800926
484680074
850812293
268910107
822254073
321310902
238882545
986469686
622437771
389113049
878657876
425076519
934843405
804574533
481180764
794544273
819006767
386020572
676392921
511601398
717806707
270330869
285492223
415961351
186682453
140144163
109905681
714997958
204295379
252678266
917150696
198424667
724079791
444443475
302179812
368124692
433752357
750057117
503611895
580331621
248029101
281817944
428251203
553359723
542190583
813178952
927965231
159203942
76378829
634772069
534965442
754107204
823705675
807001739
440378903
4688499
594651976
39786326
633818033
657736990
453331546
106277908
87077702
471200437
452895292
780327628
342660691
251653608
887014374
432190718
673800116
952502799
292304286
437515493
865592742
390443560
48386299
725621350
571515530
104967417
343640151
350974356
985674030
296829919
301008398
404339482
562710923
490424878
71317088
675895291
393600179
344672211
239240071
991978298
910777611
397738954
906195066
951048899
416958164
471578206
523730814
728910043
405704125
15521940
885665813
170863476
774024848
429302464
953399800
124947658
541490598
175213421
981848973
511604187
176424694
513974643
107204717
345595513
738221454
984279498
740214725
226589880
681764615
564201056
574652968
778551343
918799048
173270635
314122686
32504818
154575695
677816181
951995271
997116751
425313234
189457069
226078390
530504379
279100565
264936770
857042278
36056253
857382500
355969244
413955509
193928709
136689423
393610277
937754678
334433154
94843311
93696887
77613017
340975836
990976023
79155120
723788124
270314694
977249100
390559689
881948912
330559626
626037197
627822515
697227335
485032390
88872992
758310830
490480717
833348524
509987942
857948561
439802345
277802296
831650401
143982087
128238891
219854507
2208338
351752687
498290386
18737316
159174080
389443639
839685434
83530990
878162983
527894063
670545291
648776834
767902324
709299816
446955562
512457017
60634396
419366933
120278107
119814699
833799308
816472287
341136884
666097120
617780416
666023917
549422948
464318578
876909255
958221424
572058985
479623531
229792637
645185961
373358001
562396654
277220088
360103360
741197968
421029771
840924509
339553973
88664939
835178759
748123353
403072063
286118283
29539948
666662867
121980907
987865741
495467591
345926616
305272663
739922465
175675268
344421236
273163230
97571325
924274050
172976775
835718722
970098920
216251876
812988742
295178599
446997740
643584803
697514646
53261918
407946359
59280519
411912857
629844120
300468579
329808471
475981740
809386160
302142112
735511772
73859701
838178944
167707227
332375612
607005707
159687416
429177501
811054047
951100643
576495633
256898368
235710045
699998654
231724140
146027736
525586132
872396907
63192290
784813544
849327819
792956824
428807692
445053569
889034613
562862026
651874527
741149487
321987078
328878557
161927053
464303687
734620180
825045408
668578809
299989963
834663962
147091597
694300721
573016913
910710796
538613940
91574899
328909362
669680848
732695493
157079037
74423237
316338360
175567656
952714768
588729463
56923169
875147154
444204452
286967252
678862850
851400624
738345719
961473263
276094562
380111186
305146276
997730660
166110347
557881876
823655852
820119971
137958334
501010729
268599855
101631685
414973029
448078156
538058392
177617404
490246377
762380126
508268398
472957395
188201028
958255861
280002605
186382705
944338679
101096002
910899156
160433358
791650570
391733349
111988857
934788859
13658310
854843408
543266220
986173548
863608556
626379020
69483024
416032785
479755416
320850098
76017927
751518351
105715710
201436
692699758
857913587
50818563
662316981
961022392
73206439
213899732
449656079
932793505
647801985
632192594
753451619
943896114
811047487
70498227
450748036
548975794
765327950
97206251
774664242
45275557
337779079
589860765
982488300
729509780
729856717
55496052
529276913
19403927
280152587
927554772
833283946
131161678
16235852
893715008
422374626
344930679
458246290
147545000
717678455
918440008
232710537
816474420
737325464
337895606
722464053
832253734
925125371
830932664
892202015
401653070
810019719
108317284
497989286
697338179
167741688
446403154
383330128
495428946
408865233
580607772
131489241
703414291
76510160
595931224
533023817
15902326
939099698
943901953
367071463
241425682
748995732
47752102
592333524
542702301
954865947
583201455
874392184
636201818
406467106
780059028
960704489
39383618
115177927
67934135
485063691
29247807
433648566
990157272
909782255
34435778
6190761
757524325
257371924
333872032
464010409
633564550
53363385
799283970
505425415
530487323
349454144
370398787
68257943
229675827
418522809
556182655
656953134
724722980
308977433
934341389
382951704
317570700
211510924
319525201
491238721
256548740
495162072
159353722
747864506
821249106
581641173
612523202
449202432
376213582
71887103
707251663
301371601
440836243
592367060
783300411
528931688
844155757
316113270
281486153
531992179
129324441
86025535
659588911
980305128
80412166
99102147
524385476
203544372
156480596
849194409
175940244
851473318
577518337
561487368
20699912
717874714
354711116
82489464
460422379
997464120
105659994
161512493
279825768
979633576
959215762
76508471
23091259
307629314
35521155
462410526
93054914
684872201
799702545
684272531
428942107
961365339
916033441
501147826
194974331
945565156
251351000
809985876
71394986
235440790
620887662
964336051
591127708
916963176
60451233
476159630
624256154
628425101
380789287
788431203
733476950
194134817
776337772
194980957
409333197
414772639
935900046
788250376
922036259
780502128
560857587
495835070
693521588
497032208
697693604
36958572
59821802
336901672
181767431
905452763
28693640
649304202
864490243
214737253
488430728
50022947
521520166
526482863
768555786
773708045
268665088
117551472
396858084
289343251
108416992
440488734
489428999
376667656
188239606
912269038
617929103
322557363
503494935
933717707
665008557
13635184
42532046
273225558
233544974
133503641
789755663
556254976
491392485
472294455
881282911
575024958
301307018
491727333
456077983
514138275
619569265
550180645
887897897
687490168
6539966
877382331
98098412
138549757
271835310
597156453
941554051
625887441
13556599
375838297
882634403
151477209
968870963
467752179
416197444
337567685
191497918
580530560
786907350
433050919
784513805
321994357
930116460
418857960
927849083
53023385
901489472
627608763
187093690
114218415
990538397
897655096
586644058
887309202
888716009
97939996
786430287
499514983
321778639
760442455
522717375
957457663
677336815
801098887
306505835
235792329
716041154
922030702
16554479
714744908
603046203
853127339
683982276
416805858
528288220
462438928
174974082
107902722
851466977
47839657
991575389
42324381
309858987
604132120
682597348
190920771
101136329
476042148
58442653
827659677
813726221
698199647
680715663
1117684
371153702
771487622
546295541
481061790
682352678
552183918
386792853
247879999
920531900
362584861
393576266
548386960
700184766
199934798
415376792
431676640
180810015
77154808
233959745
437891631
829942988
123435093
956399504
260754408
86099649
289361630
900568854
110444694
498039413
957357102
779681471
753156196
977619537
34356096
597409689
366750026
76750538
986196113
282251569
861882738
565185354
181003073
314146330
496550740
271566922
182783416
232274741
435797413
505575430
78679098
405963494
177106552
947090497
122584627
676121072
212358858
492638232
954260142
805973885
659676662
662340085
697521065
796305319
125481673
167211474
430789925
811525892
419381847
956999764
937609823
344530310
411125911
439486751
793247893
580342278
338795432
254619320
909967115
966959860
59652168
692318205
462178014
447620922
338197020
380451951
703187083
387918522
172658146
539228566
719025868
728520880
554048408
263001058
17514467
332375488
174157678
259131845
325150999
394142218
137285394
921858849
544557539
423197727
387555567
553877173
947025513
642750307
806201618
901267082
942224541
852787165
466573713
44529475
532268281
633628562
110830974
620740802
161153065
262747647
268300474
5889445
150695392
690808408
562075030
46348875
805256907
860385865
597059772
97997350
306767908
388800596
176875834
684680525
603576203
737650387
523305631
702564310
163713129
634781001
388760216
310321715
924373185
554214012
610102429
877428046
123348569
410827103
117769039
634214979
600475950
831836500
565551779
764834272
112476998
748392820
182380274
116542213
970875976
196416503
163217695
949842735
130284922
17987941
13432124
146612599
449555158
391609048
510491243
171173699
894629344
510327262
736935814
551125199
483305448
220391213
606825292
847145647
395329757
722286704
260246944
224933497
721747583
245916203
34937799
53636201
442684289
257471296
605273456
193885365
394298402
547465151
677266182
657666672
235294775
650416844
704702325
479908739
973304497
109320544
353194474
647579367
249181261
615670293
809408037
543328301
191699033
214325809
32498107
387795144
956710506
64794722
666031304
963214498
634479973
123313019
309133600
990751831
535998907
784700313
150932915
585583592
695127539
20148810
467162347
501146838
894891219
650468874
171540568
294549379
351588201
254199493
294710317
64135114
638464530
296060806
565357269
124598711
176553848
274271077
341650001
252385152
290706249
273207505
91714421
947592177
515514014
488247875
491483192
362554262
805390681
844762662
476115790
172409403
338435083
506588342
159448216
719759505
662576464
771286757
976933556
956920282
799254121
274220859
126454022
327707286
481041
208396487
447804556
817968152
557090098
227479348
574379801
826924308
988061958
534948791
691112947
404495912
850424961
867775848
904660412
589137582
49326602
583846319
190075802
817880239
92807319
631516193
176528209
391139074
40415857
886249939
552762787
433679306
761436495
895152522
182057745
76670655
3845142
250947857
379682213
861936762
176482053
41933134
845668493
971073446
156108864
289559728
556118273
888465835
268258757
189392900
938947575
313162847
627604420
478221347
205579464
774371096
633576552
679050170
964606179
90143023
757508753
871477905
869748508
839391477
933216607
317093504
267447825
308690022
733547603
240361854
76671346
303367919
852515399
727795980
884585020
285916405
397298523
490074495
560727702
516425370
286367789
349452790
539565041
549898750
474592468
520496234
332588055
788380200
238221339
689785931
377026232
136858094
308483317
758648030
959825079
85186042
137852241
115534654
833755818
50139744
801945713
724555004
338091133
306341199
604183985
481047974
455710465
321084930
410926960
56647350
572889639
756088923
547048496
296036600
87173464
369310901
6373733
907027138
208379828
546231512
609705526
451654773
990613477
625090191
215176515
32709408
382272111
911814936
513895497
960316910
350665758
862962298
564307245
154046742
567412056
630282944
44589484
490174722
765998913
811064206
637721704
297638247
188827144
503307291
787073154
46348547
910080168
669630067
885474397
859275404
742039790
246071355
175021215
631708779
684978028
535372732
553079635
947644083
863229621
113269406
878586954
509377477
28548116
403088218
535899683
265415384
163008708
930120389
964256071
548129968
769089952
639244976
212389966
3857694
189757441
468159711
43313284
934154222
293784353
519665377
281970719
354449946
666678083
48099025
647145031
421695392
634591938
132202078
224033234
212746645
746819784
737094351
66303336
477672065
913199722
157222380
423782286
228477863
72337735
829757913
441568010
601046142
886398635
230191370
759447037
392559553
854967329
376583844
124974010
667760494
562251672
117992184
160843224
191593550
647024534
790585894
565185848
409181003
933572809
41335128
266889981
61169986
789676481
926401673
58267756
393245335
274027509
817592350
892676972
469813555
37732905
805930275
242800957
594924713
831537030
411070251
365427574
171800125
316653298
196184007
533436074
237604634
428416585
972011634
925117360
777064476
394306648
726087206
525363612
960634828
757383083
149975124
359613157
612061048
560442674
537753605
100136434
35587682
555165463
185939749
565646422
794457533
160889361
335258856
583004116
122096738
188417735
547751740
739594840
303327560
508639192
547378335
911502061
790827027
290024102
801449108
566172076
582156881
97743945
639896417
405130409
898552428
222878562
191757599
103731582
384258826
319521353
703352015
675991869
415822187
102152306
786386384
144888986
911583690
781417102
642477222
975405841
845063157
211412925
340228009
62063503
795607270
226574358
21682836
554912498
130585600
962459483
253490975
464265648
531523874
508239798
642842339
126072904
809923589
946125416
510035123
923949097
914853058
667248592
385807691
467021858
365479014
585331900
837701692
165997287
643522252
984459386
688777608
859882010
479545421
606898810
891452823
590007632
25031448
886569131
864811241
903889884
712487232
24132644
434744835
690854369
458758926
179852376
413054162
897200185
496552324
220810726
146888139
113074625
509439345
818488282
260770447
703059631
790361799
756575495
798764854
283271300
198341209
370667093
257207454
811152070
95648077
656611887
942556706
670382337
137112096
741083397
808627795
524643620
448355884
333158180
883326889
395391433
339173441
253777987
232782412
959884209
641512676
496153912
58283132
931003412
572231617
600582029
137320082
450428070
686226027
71215218
671991176
322625060
158140009
551362542
578974032
486073978
327684403
514093418
517252573
624686128
958962758
708092864
493507002
198120695
70431332
630393854
653595730
139702306
448715563
465005304
508335223
204060720
718127532
11612600
561107291
776579766
933680300
484007625
227476149
722312402
166943653
17493960
264234306
244282107
44052331
321105592
27349698
976392642
606851207
614316053
92578065
422682666
515866113
702235092
949728683
868705462
114305672
909924428
437199665
495574037
208536041
946311961
656367902
981783860
77325407
208509702
962782782
491814011
691879880
699516995
525168471
295079629
85899263
888543171
645027456
74158396
79979575
767616438
601531698
637069265
215717184
360622847
32820532
851464553
711502802
971808292
216217165
430928312
263527238
888639253
890210322
118561083
518495642
115855971
664372087
368073313
789101875
210423258
627619614
133891326
877637883
6407259
408920977
793851523
326969438
483701830
359592585
220162593
871225558
34909236
942971618
979341120
927437896
272225261
714256138
716239648
201012218
831545968
790723243
740559066
595865296
841615704
415796854
92717884
267376794
879385172
832466030
335900713
871456374
966975265
371259070
94857277
584105290
914709384
273207866
407775679
107615781
145702628
651513095
195083114
537467172
216624296
617317941
341602644
324666413
373135782
855110407
775786370
724036580
880765947
317226717
902364751
776859174
511627960
570138668
719381498
316116987
811491186
477195677
280555347
44460499
731165254
352081144
418573285
373516063
307353050
66090651
640224641
568198124
347117418
686307656
934186870
33709178
875047936
921331245
15364504
312245117
246419344
195516813
656921895
342175239
170674603
914010828
133683628
395317601
701365100
767375581
535471952
133597659
717610932
266830656
179754181
101328220
945670069
243739720
366900620
987452067
814033737
967860126
753152097
309046546
386743146
783763167
518314098
811151510
845125958
745103801
26101759
253332281
335682014
66003223
199666082
207512160
425763609
132331109
86694717
345578665
281223224
197831806
918727335
482526164
889656139
639255903
647882770
765401954
721551270
625683691
666063994
503488785
475888432
161388287
298591783
9150271
643597545
539757402
985992660
843859043
584919452
972505543
1862039
30321271
217589122
996494852
972562219
324268921
359499508
605022061
902049111
978830541
520055118
873195719
543830883
908961554
715234272
419480739
872123436
24610250
305302651
951062881
617144110
449629416
847283608
508153828
618697015
142080611
892868243
853910927
246492857
87480838
736615452
12175149
622245763
139318871
264880344
15262096
464996046
616767547
292209010
997007206
588462433
780464683
805749919
184238379
812518529
375919373
996075743
125611360
581326688
504679794
506240746
149305781
15726302
984508814
799405926
374299371
94389570
181897927
180853740
163263792
541414748
977631749
541690613
39121902
259572155
79634490
149324440
740257170
791134978
995047172
891038095
652027820
75561989
487820054
490165172
866125781
857843481
373045745
931012125
642444992
275311167
40599994
984858178
342016938
846276015
526628415
144898775
58923819
441520686
238229322
354254280
354068394
461878292
402449306
545044079
98612752
855412917
842381024
813339378
440228203
187596211
447250855
882929761
61391583
212239084
234909371
663747563
660998378
395747504
932984770
95621381
222920614
925732678
557088974
631999542
866968776
684090460
418399091
308959016
551606591
808100777
445870882
369556720
863888269
635882622
938101088
378212517
683972545
580612409
102614155
388291009
168001279
162261781
588215549
724524526
818904510
592244037
600500221
654451085
689995891
495358444
835296941
681624613
783144783
591609285
148845599
656090145
634884965
282852631
131311860
751230109
158452425
86836777
657230339
12177353
972205703
329655428
654716929
644088281
632954123
598807202
368264687
841761424
586878266
104525917
653020608
631513027
718950100
119246256
757550393
967239602
712468398
155721220
589688383
833826446
730150413
294797452
574566837
860471105
407285101
799850396
721330634
103109801
404463046
827455350
728406984
5237937
403420640
576856175
157320798
26575171
240803058
438738727
695494363
422675050
476912189
440441303
199795860
104589562
156982331
268973075
334319030
540108462
168793288
445800205
695599896
227888727
649774346
283333306
210501316
664960430
461676732
693591089
977378044
104942847
187117117
74212567
341527143
175511296
787040147
26225032
873669429
341246412
196272613
5101077
530800982
275731280
303677005
116713331
208579478
123777648
278174920
366568387
100680080
133197163
606024141
812152450
486777920
530896099
619949078
147161273
712900078
927913582
930243140
370315680
782597116
229215011
836566563
834262381
552240758
745406680
350950285
366281170
718609879
472568232
153573601
156820440
298639625
121872185
976859610
133320543
565097984
393037020
783234232
973022253
952104553
324972585
345593856
463165801
507784807
927589925
871017780
844696911
231616743
519766293
714935360
61123793
731572330
880976889
570861899
106509341
272044079
928803778
735624750
44560061
569524870
436277296
1764908
142114252
919330008
731432554
206879457
611667154
609232393
193181371
973460396
128936657
806734964
509826035
764024738
865306718
528263733
368223828
848563368
426202572
307327753
132189260
562030136
942443138
110016924
244774743
688515263
976654081
369027627
724761250
430555113
416145599
38218071
732274970
33856758
346841689
487113456
179657447
673695887
396059414
54928449
995970173
831281633
791302490
966816476
737845307
802751095
516040858
269789383
20853905
375103374
38373267
133296
372369773
597323661
678158137
429390828
803258608
22880382
418050605
255966924
588268120
515933642
206367127
893016286
789326647
683083578
35281363
865092164
768136320
975500883
51065831
469279284
104427697
252396822
622423449
284077186
900545870
223513340
806825590
113690303
148838170
726583281
372426302
187013532
923309933
373537064
655708272
663617976
197226366
82545411
178872027
962877265
205712395
245698574
434731832
450170075
83644212
66348324
769729920
336121791
972870275
635825379
935692666
102312102
688965647
357802505
58264749
89743468
972768942
41621253
839712422
221788914
744352737
799656615
891959663
956505145
978687105
909371381
217155198
193121959
741709673
504386429
191699978
404595719
162748863
19359457
983789625
554121121
605760744
750376284
679877591
945588327
898533662
375405789
164673927
378460105
354334543
726790569
90257576
641378513
471994201
989341101
762545238
564321777
246170390
630715583
541165203
905044495
184127125
720408954
930922127
389553436
522044713
254308112
729783882
464599275
890128084
453379331
413403785
321806672
900329160
597570641
182918353
176643181
292740968
950724291
427894040
17349134
850375660
819587606
43316713
316999888
780772481
931280715
320914266
58013391
904028151
212439865
439666753
948210071
589332320
477889617
220605914
420759391
966417123
624956005
19590578
993207971
650180450
586992107
843496942
493169047
428812644
469489968
771550548
344561890
212112190
853931020
10920243
749649431
873553281
919308406
290463319
14883796
901300869
959856673
218751442
812986243
807228900
306891047
891247534
966082796
945001907
585821967
381548645
211369752
796679715
425736898
804373921
62376882
517849267
244066101
613369921
283165633
356177214
372846193
973058657
21571853
792329056
790706008
742309727
120635156
132762808
33381776
202881480
756143102
704413127
24877976
125656186
654289742
205857647
83671151
520403323
964410760
567844997
2055804
405587377
357563307
798722620
708006084
661172209
258403872
302100731
399829958
579219480
222945842
757616979
294270797
606390597
627723653
723696288
469031467
20438973
255454578
531595604
941528482
433258070
896932266
531825627
293177825
562878673
855352762
894576434
18685013
806153420
293502600
968780782
627608752
551780704
753058648
51973935
113887603
299447226
82452099
539420750
214859312
385626341
417141667
787784503
299023828
223540573
414000409
279772323
28660419
186169918
92557232
8807390
608237128
12111891
535494228
16649858
596832240
387278204
249939653
120651740
772081891
296908034
487196308
223100640
568870707
541782594
157585466
371291810
279336311
885118168
181497095
238892220
860640563
105126367
313154117
978496359
416105398
89173251
523667043
200584676
88331452
348581280
762842932
451072394
156525943
717489099
349477325
992732059
243618127
585859195
758518663
631780856
234056883
773375612
558777626
58935976
383805326
408109308
751591652
110711499
113986193
338262109
521344639
453480145
734299731
235112794
200026634
370760100
705953115
601969361
739901532
531149107
806728446
901909393
1193129
833004959
20787066
622435249
926887140
679354992
93497973
905232340
284116127
188996859
439728299
588156985
499096748
810829000
909593529
1584979
295678011
832356519
71318980
920513598
30092388
390732022
614709800
637958450
299963331
146933826
853471717
481934953
151418222
837818081
605308912
713540674
168791296
591499675
429997016
616829097
760082343
572745184
653304839
979764732
156082469
412562208
266886032
59178242
347873741
653987637
899194031
651360007
165058450
327569860
604633752
86016335
414303002
592868507
298580897
254434236
243618072
692974286
751094384
248009491
327280145
960256238
188400231
667268608
905646319
254746270
796131738
506946678
987540414
828156736
786176631
768706114
649114838
455535756
307774373
13659087
578542922
523576408
94272297
7947019
985572921
955271208
508268865
250622199
946598393
587388760
77802125
794124693
101645662
170794717
902981132
880019724
974920091
684746815
957738903
775649517
6243109
946545190
664051435
664959475
667396179
278314821
942214796
84880922
640489856
544797347
567228295
623898238
582799809
429631770
582317525
964594064
576464258
845531272
975838627
71127749
76351141
926471730
455422203
133514792
846637606
537281730
613731603
722307806
582017597
219469026
654555363
245516002
138681313
181079524
642011872
668773263
124690458
3277227
367848477
433403631
606027005
168869643
994447878
396057242
626919861
384337872
882700057
855646557
103843781
559628683
403420428
417128433
850594856
250181692
509661901
673512289
272296980
404503031
548352644
396844470
735995145
420654331
4654996
39982474
790285519
61008607
352210464
893467589
585135930
960373272
213098575
894011596
69866948
284425633
94887056
515395780
835470375
649503119
119390289
717352653
469752659
252115663
381376711
106658866
73380791
366946755
241272877
9355887
75294959
278130793
165602947
584387852
913710054
251095444
552225539
32479039
774828320
13223261
143571056
909318966
544483760
303680716
596264715
190628042
712924669
565937824
89091912
185288799
516633926
547867165
356522800
660563947
519876545
872146972
601342735
624617622
824490167
526968975
282531837
263093395
810027817
689938704
208203861
435091485
584871147
496717646
711421415
509460178
666569713
892098196
972035761
126230453
451676336
249937323
237083416
437310137
75326176
877664329
641761274
217400549
330388759
903764074
644665080
812064266
247704562
461700519
484744072
621539391
239171231
494716374
767108523
622758725
863521610
529647828
297835820
651218183
463511893
573443380
202836002
173589449
678448770
123832247
868999462
706568871
107293120
735301779
714556228
981142977
906914427
380369308
187840951
536405338
638160005
29524985
815033937
208688480
251073242
884030315
336106017
163474487
591663183
121986833
321661951
325081624
793237381
909830488
953750894
564066152
383647378
602239903
36681924
380859206
917998633
464840178
613151035
619159401
7746345
623768115
763856594
695813283
791358861
611244658
176062644
121559272
654180729
86158011
624471204
802032123
16890679
81608204
374947058
536731212
485720575
254643855
277682212
813004446
212613460
582479481
135399595
344438361
410257647
414309449
20739167
721303190
434406105
486520655
373393749
822553473
435292762
718890596
140552548
837478218
622071346
53523079
532112722
75263204
256760784
253149094
222940403
753734040
780206853
986230434
264651411
738180100
470367734
958796944
132125241
521154960
274593023
949575132
774064209
108624839
77535612
694635477
50398236
179429105
932310001
521571600
613159781
558341272
470560255
923417382
87300714
208969759
521621340
558364884
20429098
971775133
393194740
754591234
33359142
335731338
373730198
928028715
345105961
664031728
555794587
162374936
62677094
487894844
640600886
601439409
1444086
811194597
736671162
742057718
554018895
854459980
501395644
420906593
422234551
677801337
993915936
116615448
348391269
260737675
414895130
993953681
75421747
517342680
811713367
17093649
202411419
548748671
186416002
82476168
807719152
472843775
467832373
440933075
206761370
842143547
716754805
90043838
589803054
88531441
631233015
348598186
647716515
951012272
377530520
293159668
508261764
739619467
855230109
682146912
470615171
174870773
985817372
673492304
202367905
922991904
738305025
822770605
897424852
505436158
832769249
112752266
134797466
788974268
464545307
515036925
706178355
334446294
205120589
752835481
311758822
606403199
572258926
993914057
794195790
616549379
373104033
464281262
430822570
847275627
122565591
227338376
994733549
239144989
108367818
6006809
776490556
906804723
17452708
742429021
277648250
803320097
864559254
11032584
73069135
721408636
614907333
576075305
859361445
345806831
281414418
501291501
714319834
810924129
963188296
487970690
832492725
685558110
890395222
987468444
691460060
290677317
408999863
416802829
811849396
148522256
760871423
273831157
474890285
73252864
838768978
967640533
95663080
667551871
560986790
512502772
247501619
926771906
215700392
861885278
701602262
115054284
997727949
285758747
149008538
630835295
412289683
919075596
875444787
915465576
288328649
602983019
645445357
275785073
152619625
460451505
82177923
250301677
183792943
75585439
964874238
34888680
462595592
710140189
891636293
52395833
359199626
530738052
500968404
561701632
940187835
14248988
708104819
260690334
278783107
479975590
142064220
234185299
277301030
29557910
304596179
594046404
973076258
310489020
428332369
206086696
584117903
879364058
457765070
629229060
630114666
98502254
657200033
571079855
458478236
42344115
504682360
861005216
488479549
616543299
385869760
609084149
993707539
170440766
652759474
48601361
817288141
226459956
328317106
48024244
649296299
467502259
10611964
825472518
929481499
527089544
878176082
796878994
585065853
211751175
127751482
239276377
244044323
916217669
748579424
40898626
702756061
20602871
696699603
342521398
530647063
47652048
933644944
686512813
428713474
355331905
630144782
951798573
802366807
643180183
628233927
151563694
730173102
564528206
961220281
202651444
987894404
361309588
352058063
853065634
962891783
668988086
744266500
243964152
603232750
117972584
63252480
444531818
204127803
52944614
225345320
644609411
547830899
857426470
275743222
514329129
351956233
321308025
323345661
923894734
226644303
577859728
514947042
162075023
197581987
122670076
439077856
683558834
136884014
698745899
934931012
571288893
150438210
14910532
207841137
349947373
843343159
569675362
551734876
462112119
897703305
47030341
382225925
79416120
578007822
550615268
654514075
846066688
88034369
340765054
498846412
880860155
41989568
625997441
455504425
675932397
301856156
871463317
875759413
86293695
597904866
435035239
84438708
986537669
851881215
924020986
340896871
243240821
305455265
618251561
113797449
802681228
53112606
918527120
782851378
2055553
110900130
226789531
461985052
628642248
729371261
169301390
590694062
982261746
704760307
867441144
784812385
757099844
23038125
97854574
593555802
503292161
239581073
24584049
685974315
895698700
842679703
87527747
870805483
979764407
564346878
731383077
651061696
933039285
650980392
975646521
14720286
23006000
489590143
912442274
731395713
959939366
466405683
806856001
502296354
792157297
453856900
433553902
684717818
593073447
649638767
262395581
294552327
273772088
985018392
254866807
100361010
740482754
27683965
245372118
293512679
123529157
112002123
870494148
232170967
850102101
543794748
616511972
675485191
696772339
870432569
597668508
407897248
968570383
397127787
640155677
33481952
808472108
619813879
292124618
265842209
200471409
880029125
664213658
440173864
758744417
671097340
710029207
627324142
640823039
754977551
216569965
841278618
218539041
56664477
536177037
408404017
786460776
280322365
684894929
761103523
874389140
278828446
216465193
608799675
743963009
676856655
583703470
678706774
274323684
191411261
746512050
668406990
711397015
393437143
549856142
81574763
487596656
74414322
400780820
609272298
952463911
770416422
778355021
833780300
827779996
11819001
782798581
176544227
259000547
714040114
142197841
839057459
70944503
465119883
690152797
239935093
889756058
988902288
287513022
932388163
889809264
234002822
112843554
825373195
328791997
916665812
904290741
191274752
63114795
493658341
754009715
331364929
310996086
658293345
533049666
975604312
752372594
346849469
596652262
934219753
197600349
437949151
865170264
782610608
229620750
391409640
910760130
411380584
123564187
439526451
526170765
104825296
205953750
845106403
216318472
657551240
713571103
335692660
948468072
514366551
2348590
554667258
399638220
716147470
777903755
826781663
911063720
930211330
339066719
362806369
886471262
595243885
88181727
545036298
836446162
335073456
125039793
130059520
913215721
8674280
152484743
661340716
584809049
138320641
472679730
376370385
490893843
919784008
265643840
277563712
660732623
223098487
482264886
943088500
578301617
182223187
654624583
101739975
142096130
409763399
645972371
713462236
38265989
572866961
561046254
156197741
414264970
677350269
995474162
501726515
260778060
962763234
897434080
344821326
831254322
859217770
384264133
579492935
752377312
810719956
984319944
317036249
137514125
345074642
680892713
775798889
140640927
17795731
338456067
84354277
965659771
724327677
418432201
561188415
375282022
956443779
307237902
927986858
666745376
82036382
71076723
156197432
409011356
18643373
511997933
937965532
253411746
296109262
820385074
522837308
155325764
724723390
612550708
323784064
718513662
310714859
713690729
659070128
272789957
780316626
81792659
606168059
822345753
210471673
457402320
313280941
920613984
172874964
262644123
842603320
883194349
217648031
143843778
856274679
958685002
457101007
724117162
845659230
451727541
553345408
152673982
430349847
135664585
529244992
452748100
867011655
30300464
601176636
476958228
742173277
435557040
756322185
303946777
258751976
681751648
932033087
379442800
355955687
610758138
617466301
271918139
805652905
900244021
381108613
101630346
322939075
463770074
613450319
857868417
961819401
239229986
102020409
169081599
785559546
57707890
422543553
374344331
844715746
365057490
491265202
383556266
272875919
708492862
600900795
982594770
614695615
188684882
183054809
948310529
497661509
470075095
857797118
156786528
226548044
548027450
912409341
509030649
549577045
454800659
290293504
258489778
112919262
739067887
880006556
670034320
252503928
478002031
114724937
714688096
780871285
166208654
585717865
54093136
948236036
128759381
464795695
654277291
225117187
423344763
378741514
619927623
463837219
209693567
792890850
371095209
70628635
389362976
578084642
732355361
970831860
300279854
171013277
965864273
725230328
440199176
305856681
666709376
272679650
553435432
880724464
787111674
427399733
184749225
589977347
980556001
481489174
742919690
419014364
491271013
852631098
667827050
886253450
492216890
499496152
952871610
214607902
744103187
535338087
591776319
812307218
596364236
183009891
885051231
562404423
840517191
324254268
194799701
828087655
607571490
590459015
133651400
966149818
732172566
140812855
127620424
276880570
838661876
905112849
207884241
763787456
429565414
718347051
881904789
559216840
124198743
509233672
894592343
293700042
134987197
378054114
618056368
763565592
128340244
541110152
908082724
27372232
499738919
513745139
722893508
979410863
258980557
272664139
446762334
689172025
758590465
85117683
962667513
1179732
344625979
308738692
30575666
340914406
489982523
417870144
486473915
800108133
720971929
482517162
546293742
883950422
768309060
779681893
498328799
833010908
669615937
232618212
529587400
392475114
121443924
866673447
371181672
806224753
549699004
268472660
2541100
649486196
196013148
553694587
930197794
946607070
416822493
352514929
95001068
897101881
281618081
237091048
412309481
915430626
670656858
357091620
935338090
344694917
694835135
690552447
968860332
165964522
729190238
322135476
838860634
294967182
264459306
762319920
846638235
48542554
580551612
528991217
242439708
983578766
297507876
820696921
917456193
370575282
113445278
948066607
582407753
43903782
654817361
739248413
423425941
607791480
108725073
901345253
966689853
568450754
682761876
123709297
589816878
922390949
795710171
865883169
643310504
113208326
770466337
197604283
27336010
54229849
274673202
481516196
654579664
687598236
62480708
821661184
671250566
400691365
835753156
464576363
203752046
255421637
745486248
412794799
280544011
705731191
812412967
798918840
38783900
80845831
487012495
424756900
702509973
229365779
22191013
165953670
997392321
319807460
755746645
196280829
314134906
268574812
279769119
495406177
133750628
931143429
616122190
709729639
858570424
627945878
736155515
860268177
866686385
341787878
634715602
192610518
526636093
929372827
346879058
756184534
215602674
630741648
556942160
73973089
67973191
130523093
403097736
395500399
902274504
889494665
412029320
261753980
386268026
314329026
222735255
508044374
129849710
666174130
658750256
31748426
299129474
483307165
735664718
300532498
447554842
776005039
377881960
539658589
178985679
746861781
912231680
406478739
563403421
708776992
590422237
441015067
39034567
7310023
102190280
41209843
503865634
118069419
211380293
608014519
511083810
544900725
799793277
834446590
602091489
320237620
132178450
453253341
400373967
460643926
816216906
803597401
919963799
547364110
458784869
676939655
602434601
852867372
619421152
651300017
132443935
899189865
845761223
940243091
129717229
332910020
414726484
520033858
823004864
465403264
980271655
667903176
807252278
360749349
244824826
898616472
386295517
971460185
634342330
988995702
979970601
346191263
444385515
712632420
623366527
394818326
885749493
486653141
171378445
148414868
523042807
638895445
527783211
516958311
135351117
43869494
443938904
552930494
745340342
958546003
607808030
5459752
996093813
234536981
552562084
397091943
842574326
255650088
10356759
517968852
234654696
682055556
986048355
754566738
818772563
519852320
411753663
48027615
545777930
694601999
977540897
63755682
454945612
683694506
568328044
469919046
466234530
149721732
408636745
803697296
505263922
630513349
804514050
408704623
584584780
163075296
136816918
12430582
682749958
849801065
3929712
667888487
669957601
324978353
550432975
423575457
364332011
560262530
766672846
743904075
864043999
92280863
105308390
124343578
885236964
549234511
954774672
415589339
862512633
126784653
519744314
389166813
642178627
940525161
594036298
534050493
364516155
83300752
823666600
210002180
135536139
484834900
547899048
160047299
917357542
548251789
711398201
553634024
466578978
780725354
300969904
425703306
166699592
700863863
577070055
428042356
215562758
709087939
398821771
742376518
548935938
228036748
205867217
420957118
313579541
611652486
933632619
290337128
866545269
179900214
342768410
238207083
927635666
29982487
86958120
225405112
45574322
690530642
557202123
652997239
574582830
246372685
479088592
812473319
10931744
262046581
376487308
785472057
972456695
388740524
552655556
203414982
948492218
665558202
51843169
97850927
442278297
16892441
284875025
792672024
687742016
134102588
547020336
205156209
175919326
364808779
929519673
874646651
658812335
382939058
312838048
2678382
246150936
519063685
334297279
780391620
380989995
938867354
657866248
220890536
966051624
367248537
209832581
753192642
837297923
430773640
679961845
213484378
742729478
715609514
915802230
577976186
888995277
407000617
60629382
111687993
427336053
567899267
898630030
497666553
573615967
713252930
652296334
86981395
608733695
672446087
215645352
978849304
352990140
7408513
837341427
471886917
916470629
372707673
288920620
37883615
534101790
832371936
622832724
923079962
902529338
362853668
845110706
17178310
854754865
91504890
828832926
687175103
250585825
325452772
219312545
179647299
220920160
296119887
935960342
180284235
280664388
994206648
523637602
474231394
576687148
351396911
3079709
595937048
172320204
817655413
632602610
459912247
847759769
194301958
482390761
491288853
712777498
198745840
677083931
889423379
88806465
703077120
787013412
777673453
477755983
919305771
805881857
259529297
994911684
413798306
120648961
394903229
279666883
252453539
673159385
67363120
542930910
320926971
859101602
774021025
862416974
349361400
635201075
386422446
828754997
699067645
76701752
735562249
146138721
606961776
578185080
472178995
35538979
596751336
151221
353106029
527254061
102361018
535833394
973168790
265875490
745482847
752510181
271900119
493566965
631425794
938559508
284243171
279848853
38331357
239481682
417594183
617307830
77752414
345922017
319678858
839346593
563648050
572376989
919401287
269972347
653025719
742252173
449558464
246660792
62763214
936311072
752575866
258255399
324425445
965307454
970372711
539896448
238319493
145215661
32892079
658007325
572367893
781669306
839349195
857543574
13394444
161915047
318753321
10557227
860793217
153246017
424964779
780909055
760573381
58551559
404274903
959391095
237369358
685365739
730851454
396139187
459226409
746260195
132094463
186026969
826884257
42732548
347520026
355866666
795425913
59871283
315577255
711104573
989442533
556348350
556735409
462389451
687370110
254672122
975653599
743990350
596844272
205220831
517467318
67566907
813751112
968253809
841648158
922935807
428449470
683028078
881772769
360924301
280056510
425895469
877171764
322090885
929545997
388930068
625133087
107806072
273793624
637117346
248020773
136574564
629104231
845804342
839019872
26285081
560195446
506496429
687794935
161727969
300871211
489876295
557780327
93168872
139207882
440830057
261488027
635119849
927730825
463400667
619228826
834395187
387796628
554590340
2459665
342264256
835386073
372263117
714797678
832646643
920154626
742345744
847233017
20180354
920975182
398351353
3429684
642097213
339954192
7698488
52187132
899603428
566685368
839382550
655434687
983034219
959288872
661737337
163881528
420434834
601685551
424557183
909836985
463031277
368799771
52441541
993651216
46235434
278868811
11409036
827991670
513332702
753445686
718631376
928075847
861913185
324774042
762688576
748255520
897452064
647246872
276946807
225492198
173839250
76689554
276590511
56704955
633131884
130033254
790454056
697532105
62022053
616310076
737503017
104410555
342791279
145145884
627249139
917345964
85284908
284635723
276381261
927894883
132652270
287144571
714175256
144492169
522515071
483414259
566015757
764652688
514775787
707837297
792946017
979196632
904406361
117405221
308988505
900448466
717348545
368413530
825679126
713846645
975970900
990978485
434725297
823266281
425386827
103655978
354722475
803248118
698729010
320688480
892073661
438134575
41601665
861308475
530906425
702664409
663732392
927582013
744849123
916251357
270916638
470755112
850483522
659572348
915377996
32301348
119515176
942388560
430736356
86845911
193345771
390098567
280923680
287775953
963361602
644480746
958622842
973801671
367642923
745919792
847101274
856511854
222799035
100694919
481442738
1065814
624048037
147607089
439144276
912340148
763057493
250431481
603377239
145627255
547968236
768197597
427290752
563659688
534784065
267613916
885781061
711169301
255791669
869165108
360164240
358313691
261068813
990134856
626181862
496957791
482261080
486669752
568442447
965003654
201980590
515288294
616687747
988257952
195990934
624927342
657620987
25402355
264954503
569271868
687386624
291330416
857031801
390376689
604062077
938423308
196765746
746208009
243012260
641482329
14816038
809951179
466958842
594662883
805320838
409283498
192759599
47731652
339573431
751620678
897348844
514540157
213083544
353383592
17620024
499891925
177827672
829324495
232035587
821938725
935137549
406619457
216381804
137561474
700172231
831581314
85205001
282924994
714292713
504796773
760825864
125647830
724433107
503647289
149564538
407856408
955803784
569177015
775999178
556932440
947696307
6590927
671358222
601814947
557119878
843089176
650827574
585886179
285933571
510247923
28661074
845003925
346533726
417972648
127170845
327294733
564629143
69181705
753232562
128038198
448873234
904833993
801767358
543687698
15870123
511327586
584526034
818728843
345972102
839395642
975218583
22665301
28188724
873111189
837472886
336886401
671217235
521402087
779372915
871067668
313476157
792246329
121889200
811957018
944115538
326751499
64342752
875808739
945744217
509286225
247878237
21512260
219480810
268009192
697672493
661921625
227809934
156151614
776553727
176478692
149392997
37246301
292458280
307569438
38967180
607676616
954403636
263661634
837203984
70138553
19288970
949432161
669923240
663794291
669535471
62298749
320777798
790128725
95481222
878330913
421189865
209311961
95229556
359498711
933130374
218596803
17540273
146323714
476218395
569472238
682437989
574365870
359017118
806618862
603397583
978502773
809105254
936044040
442117726
533450487
115992719
590243813
221694163
907976409
102163446
774182614
191894234
511539372
95257419
340323867
182437359
114647188
110940708
833927528
604818391
645604645
14715573
983978380
543660557
135424648
875221556
76077288
952061122
968005269
802150913
706284915
141207579
168077622
505087311
328118222
330663795
547612851
437360079
639412561
392207887
347255475
135682085
170774786
919958558
233252322
443043403
577556596
137479008
178657806
248608720
816231805
11944986
431791616
381255881
364492378
455787535
559790292
475677908
355190208
832379278
404522151
793469140
122262875
378704891
580777228
816465631
171569099
122813431
185925671
550192412
364592616
696674985
704477731
718682910
196793565
731915084
410160853
248547780
271085192
276038154
569892179
535821738
373681616
454831342
121342171
363317396
174346204
571822164
86031426
591233857
836181725
738601497
71017647
811569780
708736114
321414127
403554815
939960139
504449622
327449993
45924802
157898015
935314607
934532467
900680072
423633581
256325356
335743919
430660463
370555542
541322407
125151483
429251335
854211881
793603763
948417797
439645636
211602562
21212940
197101731
485713330
731436635
766994302
675914237
671386574
151492428
314589911
829702725
40544875
882456682
583779829
752877778
559366903
834787112
37662144
118073239
352897054
740800330
655795370
30318161
327846301
694584893
725920441
715816885
740709019
255374665
271712554
718861034
624549791
165456734
545958761
384423307
453461107
239363917
32989482
315559410
798720387
640639895
984802795
274326137
639640756
31825870
589538692
794213777
122681325
550505430
895705074
886318326
439982385
452513230
313895113
522201875
58132488
921829702
128125579
750212926
721126250
780716177
364737429
109458580
232909856
626888388
472157181
409053936
454578855
750146826
332368814
556588992
277264096
446864301
571668095
951720109
49939550
105748656
184454812
811523209
131466882
267596208
405640734
371506438
879062115
705735852
706018465
967947759
882677177
70888779
746836244
986028294
685591131
252556629
946782603
894065080
666618017
117380012
148824413
447719708
928777751
769306799
458180770
929361969
268616118
649556746
409968084
630823612
737121420
563487331
788007722
438704874
933715061
300469299
488319906
121584893
876406366
949750895
695478173
761000852
413085755
81726504
381376188
233509701
518889803
427111182
52140681
21847926
723750994
823084880
937113889
931941484
857518357
739750356
500849326
255968446
166058392
744058610
34214294
914215326
605386610
712780085
16021286
811026641
213722369
423726460
486170031
741995017
115905952
87875210
904379497
542772942
907198077
853079373
504124264
860579687
47180388
384353774
561833291
102143782
705295547
328792166
286930639
276981494
480457188
765327545
531540848
371696313
10684523
225144751
410323098
679685295
772632931
570191110
12942375
621744602
449685675
402124588
178598404
183951027
482502481
436994975
617765569
44522664
907064921
927159484
50394411
172616906
467843311
633861440
46544688
177352159
175553724
61194579
633805567
851318915
371105266
906119582
670848871
496977201
688645155
392680593
847877918
867796171
116879264
166212930
904477417
590550400
331595923
236295513
870216340
896439773
626242605
959128080
399115552
586457770
468111773
694903106
961288754
285009559
505834827
124517373
852490575
594778205
734166569
192852540
616431005
6946622
918680393
435993599
119402392
503343052
985287655
997787066
874654479
284404692
724278400
967380463
950033437
695953246
427411542
510802302
540858124
549061376
420300964
487748166
194962107
745875568
971885194
219055879
408734270
613965459
788881154
71151964
340696895
356577552
765991778
457466240
343045260
976364005
981711015
66616966
476917699
799079838
259145429
279093552
626419539
95240281
590796430
162199243
368820599
298652708
408738607
866158934
798565790
711380404
443988241
802539704
765230547
463292782
346682617
120081962
547697773
424313483
363680683
924468732
495447643
248076448
163964585
425094633
306676138
698752192
290711536
534463051
938309684
659968454
611411156
609075865
63766774
103146369
444463292
234465797
670187919
193126858
881527195
38851001
578939400
552773319
147027257
244972757
32650995
774567370
719284807
45621131
392871174
63385535
398394423
107291675
714261627
737048688
227272093
581538817
918850046
364901928
369823497
158081243
963805348
562818960
113315954
331884671
568217823
348791114
241317277
305791898
950166591
862795576
498452264
967373756
635324749
537916253
70574248
840092668
428363305
523141848
417682191
722531651
504253229
250593781
383371680
194844568
350872571
77119457
455255816
733165377
782809903
20936583
97064030
27093281
147011803
581336635
797337679
412561268
733258074
354991328
43152768
296705192
696089097
235827514
165868930
364856992
692016707
609706072
380241682
534868917
625731647
670192835
125057996
475172124
253601755
189404311
374858523
729888514
104378676
728513945
262944494
745804976
318376557
125791152
634721183
893213360
880984072
696226231
736411761
537221661
500803601
125382974
588047156
924751535
167792448
227057196
402102479
467689959
312009544
306731344
807584137
75287262
299555033
783510033
341791433
564671553
93310845
906885334
824249936
194732380
822082992
610698645
345305508
436225332
643726904
996374618
790560373
28746319
86344725
470637977
780463899
707755184
708020328
891301273
933385119
713114501
658499219
800670203
735207992
159882166
311962484
118382140
732210948
313272724
628526108
412318600
408234781
21292189
590905390
174938915
944011880
742229810
688292067
865752787
708267352
760332173
981876396
899977224
855281027
582469058
617589106
906031259
740746669
10665568
603238370
336338636
768912107
489413281
972517084
869260542
697750761
289639003
865683660
660480312
868658242
797424715
176857870
917840671
519972558
844318499
706343034
252793680
348760928
548688838
58152205
403799299
417998039
414686161
615616435
422164832
540086826
498429885
190207422
464621822
86387255
482408990
866333985
421004129
204358672
612812381
862770143
801338084
635560031
273930061
315105606
710894160
456867800
610663129
453982815
108007879
969527357
244733114
989609410
638035601
405769167
739985923
317978737
475548105
738798499
68034078
787926875
153709897
466411957
461819080
3471509
886272140
610871391
703076333
616654099
239037732
430475270
518058920
340880790
720011529
260498312
590538968
17849263
569616781
458657836
270195635
449591148
487675961
913588015
193607342
163245805
112905648
398907203
44645932
73755804
138050135
276636113
727143770
418726698
739085017
890005894
362582752
100934470
222065164
900413526
221610657
809922303
534873896
931317315
13284739
463878458
582520548
558265307
414171373
820189720
537000490
757373946
438442194
42452179
746489590
56110282
350848802
12403594
485392654
415188484
650533450
477981513
333046295
32043365
272083703
573312572
245561586
838170745
60745637
790464329
128186529
893782453
744472693
959916038
364670094
974134346
49007792
80340850
352337156
261781659
704156552
409878178
404103680
590528241
473796374
948205174
56499495
407059659
389724504
446703187
228037172
318778336
229323377
85956333
667932266
626463679
327407350
431785934
944082462
436047146
212537539
281587099
264545421
364995208
588013822
695719434
821729270
145751434
190255469
716359232
281314589
312603954
257019832
370605484
608051727
401514959
926931705
793966773
133312308
44239996
527843632
651208761
672346173
215410970
935391172
751859744
158411866
155047378
692304499
248722846
317312913
551440382
855050862
892596227
776096687
530677198
289683538
562282529
263385170
116590923
29801580
640329769
583975192
245229
799399624
905238062
455779201
679614784
762800846
851470075
320101596
687348812
322725015
953691757
312064408
979551649
241377275
632037112
183548293
669963336
40594716
734070527
851837723
350777786
58574682
272603796
602751512
690738020
975752398
840588351
590643706
626444599
735813436
840585001
725132518
914334316
240671681
526504264
699121942
935250875
963253300
69532108
339459266
558364300
512672134
970145327
270063343
180832913
677198232
481061235
465538585
832896051
181599345
488643360
879145862
659730094
827175419
973132125
476227229
609403538
300406489
868469456
457256678
739538123
629923018
506327035
914515276
519356965
225862004
495053728
417025007
313143626
540702917
937481629
432069118
349749830
768690417
676462374
676468613
947946340
90045834
682370610
638764784
967422133
970441255
514371216
262850306
627666241
961012731
40844512
953410770
468110407
453475641
572224235
980079039
511147302
698271728
840768559
601236207
481907309
273567101
505399275
968687849
131188542
799550303
905087041
181164864
49136910
409572199
472786965
851469516
145053901
946573559
591134924
315575490
609220597
487172224
794803981
862903247
372742513
625495473
210027996
702685972
283145536
244298534
644550686
269419156
898854176
987913773
94765110
184019994
989352185
57993366
348503069
424996415
646675238
458690633
480893283
276576007
132755155
781778993
884403579
682910388
48049655
631228048
61323558
749667736
223199805
764938323
385178198
871533723
626135809
638125682
37665023
709082204
641253387
118825636
991629266
157773818
959248710
345258849
651623230
452712440
481843166
135329819
836431302
462590556
888318203
281751011
311364939
935096406
323296110
314918253
2897367
631438869
618672229
411330374
803911514
724369742
511772718
72234254
719528221
731815127
408988427
275950496
725296952
467208089
148642677
75070226
415590465
423127691
406949022
160167945
459531795
972776040
993143258
630470880
188058472
237297921
597311172
664165610
89131129
154203452
32078858
43245599
901615068
894660975
501224757
748544731
297409971
605729088
165018966
302757465
325842403
491415631
91355082
619310953
790564093
329842767
34721124
857160597
53164831
366247201
949156712
923826856
751097106
82624734
561764609
377430459
930123189
893919705
618138388
701276692
690164875
340053731
889875559
763931079
557243785
798595938
527235972
315215854
951997110
953681713
244284203
864293483
318427129
20355597
64524228
168797207
700787472
813551140
25857004
506706562
932035092
477637056
900123991
246009865
467690113
264826336
166482691
103892352
480033247
832368138
461834940
96629260
364798516
208117620
156069770
196047267
212425461
265846883
278073378
941610871
929678179
907512293
25114252
331902681
173303689
287623202
855576725
422854527
676896085
90345801
102394927
49675443
313310041
474241841
369208212
606519814
385687190
367571531
617257571
215786694
866367190
435466449
179761700
762686379
830388368
800104681
627083035
937156899
417432516
841335033
894280462
897185015
280769357
764737840
14169456
875495183
506948343
525350933
618306827
841552260
231189412
597813704
309477384
669803556
110907562
376310909
995157760
30780231
169166158
15423591
549762548
901959201
218829423
433973682
199860077
287192151
901298790
703127948
341963482
231666843
697844671
786466025
910668175
507630863
239822527
769051242
576661075
429642295
971664623
164670332
540654192
196789261
549978098
728286431
165468802
273400456
787922207
951530995
244404124
326178381
907006316
581333486
122043255
209218238
578753632
439487352
221132649
109827226
532928377
743405437
987223160
743966658
587483335
667915800
609785676
4056361
314664398
192715584
117902771
162281550
297169025
974377553
616781949
643075203
956745118
784420169
602916715
52349505
134257698
399573434
270957966
764639455
742758415
591283921
936585588
865305367
959972352
421956523
889480939
813110627
997532717
65048601
891989039
64547036
214989145
605944932
2120668
651428988
297517542
885063448
742023589
232490547
151214519
242402835
732051206
579070590
93698807
966894510
589981908
65551473
104947030
729441636
30467436
92589161
910135260
353453869
226173366
186616622
693593322
454530720
643132898
819067720
505665586
385349059
405510798
699130815
527928107
199546368
42811142
178592066
944710636
812739738
85273031
804580221
872465986
84699814
370434388
525553320
768909971
995996954
976173947
382210000
627669169
941501079
396486029
517642846
281518604
869354025
722161374
858279457
977045756
948423335
181654952
401883509
263498368
370763244
113910744
634940338
727131639
58122195
152697089
338350917
280648011
359737691
806003814
830816267
507636960
878519646
61095925
561809610
565254714
106614414
318798520
859638792
988155034
45799713
138654896
566266494
22981565
487001301
777142611
752431431
93916531
97135384
418677878
689283621
660027169
929536678
418667433
215833826
52776818
453427722
482706979
275617661
432796190
630999594
397798128
620084094
148625994
879900502
564874836
659719920
306570851
245573355
801395771
898440402
792694710
943560852
9808279
894968872
651792458
675116936
973735682
820092150
603489588
780564252
730432678
604609567
125734650
897761606
453097986
311786699
730761793
363442924
796592903
305594088
583105888
167605950
77199187
868498996
500872831
173129509
568098277
73531061
878915177
45861695
779275893
831609662
379706969
324783192
430686180
681754419
846164543
854098031
835056210
54759032
963992669
899866994
701525588
460042415
845162047
797312393
334429087
144764334
723888414
876465221
22685045
956853990
505728268
377371163
397958583
688653984
509178412
773718925
156753954
347085053
254538795
945215697
295637846
386498395
251499294
464824607
778118085
200649181
188421018
119626041
125791485
911799684
485321050
621897374
508523446
289283085
123620873
406109650
448407749
506791499
227625738
675655427
873210842
81264256
667418572
560180314
665889460
587378509
425291108
371509484
156070399
870486272
821443479
534492528
965510409
230514217
855700194
110611111
456280491
86458451
134687791
260945929
786817026
36651626
259855799
727023316
187688055
193031690
985095951
176766532
379706185
574517066
230281186
455989840
674961565
358940763
536918224
886072108
514402938
428595195
812236112
235932064
229525880
291470520
977405957
769566490
803571232
882229801
794438669
928600116
567396466
16632807
251413213
948741264
575959095
311907917
151277519
137837802
452456351
21453664
705594021
534466523
683915891
821139671
829298565
18732913
491752033
165289047
64534447
574730647
591810147
729783052
916193709
781920061
580707354
367743154
816108188
214442966
625289159
389989161
706670583
408542999
44954322
911250676
636310788
107266676
549888472
463161880
520445948
711424384
430503755
905388918
45790526
199230853
888528601
172224636
261997156
198475749
89004483
11676430
96754128
93078690
73994185
959743314
310627710
947766599
462160274
339095438
244675690
728431724
37780403
112614098
109668685
138726919
312130070
66307879
872183380
777945782
320610680
151274652
967039939
909453508
99760980
339761759
720881664
582546199
936430262
865431380
390698480
93458825
82309696
826795486
946115719
443979528
57094606
291987162
380674892
477898924
234043261
694839294
447533687
540558431
901887733
62735922
842825383
746459802
882350612
77129181
156546939
219897532
845062816
595325588
719542692
910754939
849449757
103755881
972490091
388599381
71269255
444441253
291335803
916037159
313450571
75140122
174233265
377011762
948180895
629651807
806310804
752126238
185135418
309983321
723793851
900407781
598883578
12845236
857273247
870721346
667148897
472068578
863887581
720931077
397406007
530408737
14262649
645882540
426563360
257080118
59246884
974271860
417969023
478248796
35429479
953766241
74804270
638712539
809751230
135390534
709931642
497405709
729515836
179644785
300134279
462418651
442380491
629205386
727444668
268035967
506650496
638873545
352338099
193238199
287334356
744304588
370477270
976468199
995176260
43981987
215537139
992838650
328255490
940695631
913898929
605765844
985678350
615240256
568184733
13467370
102624620
404027915
80047086
613749397
710257601
488804977
177549489
246743106
616191682
843571255
259545804
502431556
937959520
613091223
456463898
99175788
656755507
134301216
404923870
421794381
663904502
42635330
854072792
775022196
210772627
634964539
989691292
355011826
748512587
665671480
457231331
380283116
522982016
36264555
187883834
783745835
822358489
757462917
780248440
499369898
127398840
700633666
237761452
95741826
171197049
613859485
420920600
966446691
447999910
134581676
265548923
787957854
226445771
193504910
376286311
100537599
146555946
354650739
912134317
952056869
131423572
454819616
331616133
85852566
978734288
671424180
248752713
133058325
611884540
405841091
756869113
42847653
574596943
178588699
268084199
480505394
716415240
388355986
619033647
419740127
446616679
386650296
820846867
554568919
827094659
701078958
225134858
403281613
757353935
674427156
141035931
444854165
334445646
339536263
543927978
307042867
601340305
931417595
618607270
345515421
73133720
885358093
847294663
561009342
65761297
754555666
503605615
644967260
422892083
978171759
438165318
134319968
605150690
535079919
44360063
640276716
260083233
341141682
389284272
268041448
179180534
931492566
568050780
428826796
573534506
832457778
438817722
896732519
708468117
302293846
795531035
278273098
205786414
420250992
498315004
4814963
285120480
612845471
389735117
937174016
335423887
904047316
157157868
683007794
202289268
667815538
641668309
84762703
29555066
621611562
833407185
609442492
486484738
838191688
755894474
685401121
298603626
768222587
336410094
303852075
548481953
191978970
778696869
688607005
969012932
289299819
948927411
323814191
237352448
941283243
56901315
451087976
95499048
989518297
225386215
226285131
378148003
247404158
699469970
726715899
256184218
107036145
952712338
492749828
732369731
687261671
404881964
253832203
55735424
930186058
523149998
859028911
738672872
33227591
481868187
286009196
379486521
777281880
289344779
625441107
676275580
8910481
708395777
719116179
291678380
892751038
868430858
398030102
832751551
901608476
505214064
521152535
434515036
33435574
721875261
990569838
677044859
848099712
121983469
462406827
717929921
715652261
586997298
164755195
577305872
468154935
734604788
345086139
7043492
231372798
134573485
491875171
787977838
32683113
660675867
296799262
95295848
571035398
83128716
956737554
171985906
425730514
296420362
334976392
996896525
153772561
691711492
246076285
283744859
213228867
583354460
498925202
521606552
151225845
895124748
899873663
357085350
183114823
114174987
680795726
656751039
360081181
198950190
10296787
810998273
929701472
433534779
276655896
955303464
749527893
708674086
883233893
103894739
594716908
530833616
724090977
66153170
536390375
241075622
105277952
190747715
232410279
282528389
622201865
129452131
940065916
460903408
590179148
824544150
791221142
180764977
879176210
330885023
467830327
766892592
599519096
901932695
658054313
217782761
477340674
361961247
270363408
672536010
301987743
751446447
118351387
410449130
943666231
673546570
267251595
941552300
742474180
540725525
287901369
384869594
482752871
19055139
941632846
165433782
93866899
910831762
149292848
54358948
715781627
375425944
233600491
124719778
753368835
603510945
322790466
413402366
808162427
895978072
642994811
818544582
594818961
150648002
203884059
657991164
485399651
836027364
877642670
444962516
476445009
609648111
23506713
720983904
631905196
588116731
849058571
153533161
549395701
770354780
117164151
484121727
48007985
868318548
644808123
151348573
874418679
827263934
343423803
885369179
521114651
933680995
475524276
382555218
713801841
323697427
348865899
237120400
278541815
246699829
324676566
483584309
388510663
171498756
942766663
50700969
223760803
490686157
596038481
706266991
888694061
305427381
421183697
365699218
552289112
17301142
853445528
687203375
229515151
478403709
465207071
113759797
199738333
286016462
942323534
77271008
739963740
525970828
662941457
138079561
566797566
688547254
11884540
64738760
32478840
558776209
93184487
699298508
714055014
396671352
441679969
492679745
301258470
214748715
175894949
782124078
701183996
648493938
140287623
569401173
69924860
612277611
327862139
134771449
130143269
585228617
619950507
45367974
836853261
656938095
735330368
275578158
472480704
77813158
33336883
567804563
919580536
984384913
103094452
961481598
98056116
262135210
362199367
984480214
181784380
61360550
836482863
363028900
149007314
716271493
308317168
97652092
488777216
533155020
508891673
630568233
969310910
914510157
780989728
544557734
970703737
93836033
701361457
438250227
864638476
434333809
759791158
592205381
187962408
615019691
801358188
244392967
182921253
996173907
971157710
540752941
525075862
904569727
217022440
286825402
606699455
414882806
979974441
36336252
952464864
32245652
239582036
461043140
779114081
689694113
977839773
304129849
422262198
588109253
710692160
386046520
972119755
909211903
477963640
704776408
425568229
693859077
442686177
403664373
460110351
126141822
806053276
98560384
472640009
772469853
780242101
155292147
241191423
516612346
880783562
342348518
85585887
876527552
12388773
96140439
859234517
274784085
526227035
966303538
459366161
406551374
165444034
857882151
755873073
941839969
878134763
344866196
477918863
726462710
865876628
87669541
91930718
857335183
163196644
96618226
149189684
822064768
767812407
279642968
326916266
423708577
822661612
322960855
711677656
150993803
739461034
519272525
207918133
687649710
301556496
305782377
161195221
159206303
672381150
302924036
934485621
276492205
835364538
800999760
666529702
196924777
905899069
964768853
373023946
884436627
683464039
294529122
235236787
351717370
480409488
820700626
361457614
688887937
882852322
310716143
335952646
661683961
205150387
767532858
645584810
927170421
584903225
727132844
699923099
735516798
692493489
595105669
356975736
579953246
78222526
412378009
563203057
243945749
916631969
125089708
520149228
84147592
250492277
872277444
56377188
285531583
678437909
97516804
911925248
273890500
236896449
154541767
628330404
607825056
842547961
456742562
879752392
95376137
464537303
945854913
158138042
128117866
654821795
28860695
762340482
754260790
277805159
787032065
428056616
114475198
940300309
312940825
347255767
603212463
829731244
858931334
500699559
382271158
928704242
187973801
221507443
218941219
642406820
815828272
836372381
880521194
919982703
651991681
116346050
348809477
251992184
898326165
24685729
775317247
805275083
142519239
934108325
711231964
972801243
957355995
110012396
768517943
487818593
325455436
397744646
350574891
559938920
18534603
410942471
633943698
436979496
149829258
523402230
437549255
83287312
781009382
646691156
234252120
438347169
289216316
426317663
394162511
941224199
310548462
555357951
627867665
895702553
114829109
186439224
960915940
411457734
743147731
167024950
70635153
383673060
719226656
966856754
25791921
405166070
930703570
16796383
195928721
495589673
326611553
992014867
380731224
62807441
554836186
193247233
592650591
28381281
513456471
113819151
289595142
633654556
904665468
955594442
216098217
662336858
805684732
602357219
504193800
991619642
406889873
154356044
888406976
503266729
51191069
39103947
513351471
636445000
918896568
407041336
305231635
630103437
956112992
880548764
322362908
990909311
814515713
281999328
478953490
270664284
57938106
252651549
77235046
608693243
225236100
927902053
958132394
516035110
859385258
702351396
181839561
900887777
738666719
45620988
344850313
634040505
734200860
456816908
620434477
678270932
531810505
165187871
860978082
213733126
987766948
29594638
51000063
670097330
982582522
739094466
274478334
40010750
744071427
539459529
696894883
421476221
280944293
255406043
2251464
279406221
329470389
607711684
4423660
43519192
499272732
910542743
366009953
570549035
930859151
520065878
203963629
772489557
508522805
457394471
520881982
787728751
236064238
390053026
705595198
324044472
785055909
432093132
268963914
984065583
563402621
927951804
655960479
748832913
735764879
315723311
407596756
231050549
863229702
283227688
279433228
381685290
882826267
413423024
642274279
477049650
473331869
656882923
463199750
933477538
817283016
101521989
318554091
108188649
475178779
209394791
848207090
564560162
410058988
631432846
615674291
772403275
368195429
585784702
5697458
533733949
140244745
914645762
242272189
59239679
720031370
133980267
628497150
343002910
451451756
754096871
890047787
466873340
864381056
698718835
276403650
830996956
340215792
692841534
128822385
190803873
253799251
653904174
335686863
671548691
677390255
319121687
525373492
806304501
469412776
49110608
900455942
725027221
201009572
905875920
487316370
896575977
435467471
297217015
824647619
1456933
817071552
421786816
700866420
893651287
54065237
779730868
592378716
596279412
427218731
888079248
98189704
751425909
3923807
592181037
985554645
176680829
979805584
499284427
229274996
523600836
579038779
293216329
224681878
513197790
454195221
55478980
166221741
528932054
881988303
487376353
381053552
839206343
229850418
927703291
290932810
643751742
484298332
560023886
360860133
384774644
133811087
417675481
791300157
148534208
774710643
891989350
352478267
659244557
262202341
132801986
623307512
718692549
485970212
447618393
784405418
35265447
818380929
648266726
828045746
658131128
630827163
451947425
196494227
562944727
555474764
425978233
121573025
275402682
85849572
539311076
94944592
574443552
550576191
287432951
455848760
198609622
217394575
952227606
631534564
495368323
698766170
275425584
4121993
194058393
216491879
344213002
556128882
657014862
953424217
834444354
470800937
77920660
799204777
237160189
52574622
86299911
792794203
92946420
161269019
781002170
983089031
393910364
687740811
659592970
757666876
758170880
13907749
452313311
203458686
910293276
59575161
102220392
778197470
541987254
405534749
213606396
722091018
56804324
320493521
688757542
64883469
430861516
504663055
193952828
49756115
436435943
516044300
891056962
198061600
708793361
791654673
779003940
391096875
310758750
380978344
404680742
809501513
674282504
67060379
162931787
634931408
633785397
940583090
615705435
849685208
836336398
412977340
482800365
40191173
787824227
680073866
783477463
851286484
819201679
302354288
493314621
39733806
112303710
719181137
214806456
70882955
856370900
909335461
177154077
826117888
186194541
852316280
771103894
854554328
111732491
18243460
239850337
620613208
769709838
765992509
529269358
974095607
823664279
980168415
606839955
937564785
261342468
146541755
602229599
586526361
970037507
799929431
607867622
925660529
824496156
858750560
645957937
474296719
22006610
981958219
371558622
252270061
533431200
723842711
247330230
862531596
686766532
942712000
843036404
579986379
651989919
967962550
60438046
724108767
661441681
33050359
437755783
859042495
170306719
965478510
820838379
124659663
889578824
536931079
596710099
736903490
542295408
151904099
554510311
288832946
635780811
9548630
516714678
89840982
593228102
469010962
449466138
759971491
146084540
846655234
868154918
412252549
796033308
552619432
612759775
705191307
171823755
950698122
615386101
384432998
17978448
830615928
142442893
302549621
376208146
199316836
264624488
18080071
536929060
136300259
335884597
64277013
538826083
515273731
4016455
823080059
679805907
344281751
923606044
731722483
855905600
454412088
674195306
762327489
738204653
333441957
122242328
496262344
38961070
465728610
382325561
996696744
598601381
383223222
553226524
206971367
352546425
320498019
574296785
655912818
112299591
563420608
257760230
286414659
961721753
283563675
676480025
284575387
106296739
229663781
328962403
48354484
643584253
810502179
106444927
597485428
43331838
862242476
747973003
960717934
549062024
162781435
743833792
399646617
323197566
181286737
944652220
233803979
70475321
610946363
668283505
709812486
280174064
166373671
802947593
227144905
537063950
363333120
256063206
14014468
529517617
471969167
723955394
860521571
313356121
372847295
827396717
259115228
152310069
733699742
647444682
806993620
148142219
791238310
44667030
504929837
481102004
603289632
166044240
757227036
621039724
848689478
94282857
727059328
608060763
106345960
891765100
322751209
490851441
418344181
546817351
938443785
462445116
966819841
15311940
71905619
650896564
254295289
980750007
69908141
56526713
827377455
750708338
923429792
703778457
34176884
692685102
138194228
102816347
828198055
493285074
363023590
496022278
947480661
920443027
316379292
138072224
647351419
447645003
697683282
59328748
16875878
862404890
756940593
141530992
150019115
811188392
927971999
948298293
316264459
8135529
586148419
257267336
483011452
317169772
713120152
557312596
698435045
555166251
749714682
529994424
255544551
809286496
293369244
669914661
751157076
877271916
449170968
443483897
148289539
623840335
990247621
196441270
395595398
874261031
126622654
602553930
885224738
617959436
71978600
644937194
341930812
673616219
477820391
988688254
406661728
779410576
86095475
798020249
504024932
869110181
589381517
276001459
152383078
714142679
755541067
469281802
469887888
30005218
605605625
329905742
881031163
689354828
427263078
612616256
352824888
429706058
567685364
692899190
945229292
596008011
717860861
407613161
350330472
17859790
648954442
333715144
704305164
584851644
402631147
313604561
813853249
489295065
792137311
731207683
411684860
548941075
643154542
58327960
197212727
16908712
484797217
138792037
212348895
48411555
136441468
362243589
921698152
253966654
551673682
25097372
360520466
783861416
839352465
900352655
388060548
555179317
71224678
672082475
859481769
835111853
570067821
319481667
435746147
841264476
975192713
415749148
246916785
67058862
157726657
255968546
928265784
77467921
160683251
943682718
262948086
281315863
147583622
813879660
831316180
703953978
725347472
652032339
933689881
931945908
579000429
807563879
835652786
782587441
850283059
112012122
875598697
301694932
552676147
543770282
974479225
295578974
349845636
468957209
213231719
158765699
614248185
752157207
302282120
218238104
733792768
525314225
780746521
505907267
168791974
863075134
615303790
505697512
737911081
540509957
597933592
169317330
321786251
193993967
202191133
801162867
129753665
236712997
197635428
518978873
834460162
579736833
477572475
414868628
174218581
964740887
509148057
970685441
620424903
45830580
333957533
197437940
212578355
567310150
662463338
117172699
734376478
347248507
266371590
320594027
410047941
597019228
861973005
829292357
994998101
721964660
690004549
896429739
247921088
353801049
907548026
130704795
941570759
140650956
630066646
954360626
366330605
258856414
339766124
885272999
85317759
951124195
354834665
299490476
884605193
493674611
990948356
553522905
116123173
968155674
704429203
210373008
917197229
1737305
135243041
4138187
655621556
425984466
657907882
703634174
577727049
470139307
653050619
836083841
784994510
400796403
352242061
672135017
171335501
313047955
84034268
413699702
405253942
570596711
274159824
94754929
61528648
532989330
552501589
367638514
427212384
372863473
160705763
164564376
865210700
946431727
367363155
483485472
301290500
68425504
51514327
807759903
652186993
350892627
551054924
946450611
385610181
789443141
152737515
896183504
982222837
206234758
365998052
324222190
51008471
823542206
210135157
135906588
167180893
889387405
903000207
408605543
947067394
654717947
465660804
176565921
522811039
853513066
988714928
897946494
207858561
157898705
68508250
10096049
290537984
613540840
419074781
743535441
532699389
330005900
396009385
981033675
651562420
216274262
35280755
557618046
476248563
321079380
719538466
194074348
206320263
443648975
101204568
950339104
159345892
197411625
2272052
711003246
833224783
96564154
980544437
963060411
417570209
796546068
264806136
393140561
337182685
316274001
249809647
706615606
689798540
234231488
127703873
136889952
308850772
519488734
913202827
348328725
736258655
370092386
841393317
647203650
299075758
275660325
975450644
530330673
716643973
488953663
693782000
126652258
909015852
701054401
929800221
876182683
376151195
964705379
925016083
668318640
23012097
499541164
26898083
735370469
905691880
116290968
905367744
281001411
974870119
431464459
205469498
598696529
654392470
233569548
547400514
991248151
251340887
852244484
611157990
988085942
259495764
282249060
988010911
267128196
52967055
625752678
853817937
277793172
378921853
689024554
731715016
906169925
4931283
110662031
683401988
849653915
872537901
787733587
192084444
195930954
122135761
182144218
414695704
333918745
390638314
512620206
860396136
446712024
356975476
892776979
339731460
76527578
995648289
167038069
708609429
48333855
739025613
892848930
482623712
290834854
797655525
895035498
29725823
886965204
374095760
86511628
214109522
359182183
954092958
759016211
54038736
682877199
149213989
460488802
144076842
719756702
424865866
568552962
898691545
439020432
792026201
716749455
772370177
492516061
562693093
745633670
298471062
436635671
350598770
915094810
325003914
310768758
668013922
61002596
621271603
555769361
214424987
131756765
671314853
479684016
829823263
938190938
111645875
550078466
828870590
715990793
611875135
972652512
366728856
789558199
927078812
944036527
62536162
730729934
220823129
375828422
728624339
681439875
637659912
623668718
563028647
518333020
1267310
777948814
866536643
31736496
698578095
755598278
412269064
471272572
743531584
655921503
866722749
402995709
226833277
502979968
958962177
489521121
364858074
704813196
911912535
150428103
383725566
600889742
907309928
637132168
242728818
554058107
481806550
788553480
218619217
85081851
637736417
575964871
833923112
366924399
452830176
354102480
727405688
31521613
916030872
723191571
722225958
304504949
735548339
453385462
283553654
426616239
457073205
734175269
658280221
859246670
825599789
504771464
679920654
753563645
611573577
579909738
494312945
967621594
82224362
168949724
13912674
135579301
164877999
324950868
496263256
480509000
170623411
648982131
17228706
648361735
209595741
773012460
233700564
441006148
981003523
672753348
631108497
911494269
267215448
762276503
543358504
113336005
153362722
555278863
802200144
279190894
937771018
884354042
145791381
599789378
113136339
986457401
274410354
476407053
608043114
430238288
381028832
679031723
940308356
356710974
181836545
740853449
286918055
418707647
88233087
186868605
299810024
458936125
252394066
154697720
950916411
452916661
792807540
600466864
935058666
423305953
123764265
169324989
696082210
352290165
325975086
104057846
815548623
392047123
842135585
132799492
677671595
632991039
300614272
872078487
941937258
140533853
544779185
70480115
524693047
398334634
130235819
522882926
314037301
918966107
211218366
491377264
521879640
115763472
390520498
290633761
605994478
35398437
904626420
301579147
577176386
526559383
461260859
271370871
442015210
511971653
146979787
399465707
201147542
641720601
311620049
580467666
115003890
6604694
869534923
662943415
560326396
864361570
19399243
387406315
783506101
183244326
46680026
480705252
271550869
170132519
534612241
154545858
889782938
798769209
184510874
357875603
985009040
36305331
283571713
89728985
436691955
976027713
885753708
506828830
111458524
280263008
828904656
952019424
401542293
673218741
329811120
749625243
507700220
581034712
845710563
921939691
575121181
901700515
632682876
397951828
631290950
651340083
201962965
571835720
755186204
622977844
20064165
706422231
743314980
878154497
939335713
828598735
879003886
837707273
892425536
841858215
463569929
153836736
15365301
368330843
772900286
46320777
456333469
5815457
390482387
521767816
903287239
308421164
38608379
630820787
947022195
555458441
705965555
278121397
31548380
942959941
722044413
558644711
173622777
964638125
192257168
715363370
51869489
371656494
874237886
990767099
109359911
95127199
323867764
146078445
912762086
385123585
27239170
180521000
779721874
222038754
634261675
99458921
169104796
829118339
970789806
686191077
443839435
375615312
580650994
236215345
303707954
988432775
211198726
584912370
453060019
31928921
517485670
862216268
294165059
490463163
794977584
51452540
784014493
777364122
341130844
142120299
909972461
92929792
779293040
943654737
846680548
542603090
796306980
793124010
94157083
648474812
2517232
484815507
179679655
144716625
781781297
21325922
432435290
420768986
693629717
892790457
536595259
910461239
323793712
465721297
751479809
700646250
243808808
199511810
856131858
757296722
405552312
484768353
429688645
739615047
217943427
15599045
524750391
894762544
7174451
574593165
291564206
489922065
529189618
901021701
102972386
74937728
295379621
958961563
940964942
398534988
298477865
548930010
929605813
743581533
174967702
294831520
915303265
4283110
973076063
978936524
285741986
524934819
914531026
462358137
414291174
857919878
383736019
782238369
647945208
985180940
802286063
667865434
802396194
577322134
364691998
708974022
816748641
834520632
578665424
698237992
613767623
289531840
660355321
850163250
713700754
659098175
976536432
519071461
676874535
875786840
673985010
786592292
976253114
510352016
871658136
796517201
215581242
788336592
895713804
439044405
742741516
610391999
364728143
834768266
593333837
840768194
326847161
954579146
856908588
524525793
994941491
141854951
846832637
699264191
888044327
855488875
934938694
47260291
992427519
815488234
860211239
579129888
116213296
581781205
46099024
919529807
882432412
955964493
153354894
383300900
658886030
739930075
624809685
163867986
431358119
860672996
760727920
494230753
114228517
883031143
976913846
987769459
529755392
211545818
751613306
899780453
926951759
587574932
441261776
102910460
458915100
946324588
678660259
911639411
158341487
536351991
622165708
483410122
457220878
404327612
788995372
455708488
794172008
174301358
932737454
132238634
628566368
948271425
73131233
836980383
426574046
978647266
879849044
664993504
196417240
539973905
456202921
106338534
728795015
658098337
534233807
959807195
924657150
278626564
959871724
304642294
491814267
609989872
396263147
389221613
305118544
670464511
534859553
255714042
931087324
235865689
289691073
338670266
734750114
926478095
431595051
858024335
829134796
928658086
135056269
710919041
995758024
892534590
554550779
80960724
774764352
100066362
149385792
74998964
912959631
320740441
93649213
844204123
418710894
839897208
721161451
239926703
104484745
889264210
586675306
978094256
549977265
663868820
703329207
523258180
570316642
835122702
233882007
945977051
174677096
842352547
930243477
882687610
457511488
778903187
577506911
279234464
984317013
779296555
825208495
534312318
730976674
103268567
517576883
669511821
354561097
127068712
693434054
749632253
366234238
642381648
926430364
672052666
877171374
410697707
72682647
452813706
950361596
247716061
317557311
385301683
8204114
207944358
767329961
284217062
909876871
723591509
300132481
409114804
978050774
336648392
602732869
43783679
785090060
792402453
557797766
798191028
986507875
329424545
429986434
510751781
297517994
422325747
225902116
902309331
726530425
670628238
610906772
880346770
895842820
164784483
615090813
681027390
266448774
381760228
629370242
191606664
890808062
374635261
265014595
912437211
754596029
839831145
372255057
826262047
152664391
396801115
619166818
227091443
164995699
785070128
140166352
937726174
850840829
797439622
222310835
254593619
528417509
399656300
622370231
894183365
44654758
623742398
383900666
704991000
941729287
957153171
209379392
946818674
470115617
515646593
321655785
290200958
854583636
599872455
748236966
140199138
507722887
571449299
687007451
203661957
298371031
126224912
659711449
208504360
226587252
188486371
428989067
280748882
420279303
694705111
437425049
338042883
106073536
693159983
613250545
159731112
952591372
475231340
235903405
628480600
293546347
167222993
294550749
475455110
486990382
381924192
8241812
982147562
398841063
490122992
232921317
488299780
649159258
131443503
977406160
249914041
526675090
600236687
143666885
715248971
518129767
855695311
955561850
637433440
327879256
894708731
334046747
627951339
495235263
360799398
974666490
449660108
139764188
327489516
468037629
532310480
336871121
238264223
934082332
582728949
52323229
971990349
415948237
990229690
938487211
30768370
869860571
903579875
635269039
797112753
185161606
980234035
232296215
126246834
904790758
841603773
721716505
307618459
157082458
563330378
347332142
640695733
438062808
532874829
212973171
173099606
717600846
997059021
539746053
953435977
99471216
262922985
690028590
995847752
416616367
922190067
682309964
160478106
366579195
70144047
587222856
970599324
805775473
330948855
16853890
907177449
17499383
949867352
77515676
918788815
516727125
615383108
375888735
898588589
473495699
307244201
126800886
487788473
244942732
314989979
597630034
188355474
147787792
903678387
795542302
396510700
599865641
939818455
266800291
288997810
434087376
876929094
582362362
679934822
341593593
921399650
56671691
755965963
534996022
895206857
255113865
538349226
109791891
810980929
634640750
516970035
957991195
159515104
791732468
521215940
333967870
64347166
156335206
210997491
323235631
649749229
889514207
917817011
568945520
531703449
700606362
795386065
939846739
409614982
16054559
857118829
517126518
330967744
168489265
943950918
291960035
659051249
2677044
742143433
581969455
402489762
153042707
90518680
702874211
552785809
466520844
771248572
458502310
349223787
156546237
658517516
313806189
398847826
127857850
799616638
417742573
404111934
864524224
505192305
309143096
614101506
889461446
509509281
698102542
157862248
40072653
136848680
508071091
630661461
605032029
928758834
812470971
303242008
270122495
653010851
839224508
639289069
703000164
917728759
82756570
342175058
532194174
262537404
773449733
869331412
450082500
183280926
644003320
733097947
263902172
877928231
803554962
960777525
633197761
225746956
274125162
335693584
224634179
518494440
614372639
506954625
397398546
778503573
90814963
886322223
491429034
160863170
700538148
403413806
364851412
540919895
756944176
993537716
351187337
481064651
411397882
498187942
739933983
670063794
47619849
789501770
120289214
966625566
292340331
984565912
666157956
860529421
195380092
389800920
898393711
773119733
404397421
734247461
670976276
53409482
989227121
600874845
774298956
263687041
332792795
503035048
802715711
178534872
966264255
62224298
131036293
224148154
195881145
736030365
524851376
237041089
647524738
50964629
482973432
726354943
540413273
282866553
939075178
697554455
634406359
645537243
560294715
131343815
622982306
655308413
679802555
582124522
317550276
194106118
858353842
497044842
968458094
556686791
186584132
780540149
346415510
752303679
992732736
900592730
207124393
426314786
366927124
455634160
673784881
768658017
339108980
739191520
925054049
853351093
180326676
611903595
144919121
527298601
495126428
559713809
361540120
531307451
435904912
70455053
266188391
367405454
872774628
482185835
983571675
499244682
482897527
661600094
307290930
685624110
329711339
10179210
34720441
685133547
776207278
821614095
212907569
684344377
83811969
172700021
309168058
353350983
683670267
270432781
477958141
865325714
346968825
114047340
689544914
411062433
405659389
129585584
324805809
548086654
202609457
879631844
147540435
407314957
352267762
616506927
646643531
737869954
29891163
553191386
862707674
81265297
838332945
905911897
338851587
381297255
170666536
358465432
439371307
985007311
170238739
615899160
470681428
343786596
382407343
70160926
676777363
584292318
381061519
67945503
163003037
340651116
469225437
479896762
14086006
637513950
774609058
343039200
973600296
565486811
820432908
989402643
157692582
773178781
471011839
292493007
679996160
337896751
86286023
85573366
93082227
81547091
908800850
820311042
792016038
257052702
168772085
227548390
680471989
729420176
499581953
279616286
405749359
222715518
19139164
952290282
455644216
907248965
548985742
865943306
789905952
782412527
834020435
714804539
585088646
120326899
719097085
898802087
592777142
581123564
869751322
860797909
801541628
728111057
995696283
47749385
122657107
801384374
3656930
992716565
306706052
370436634
359719264
536585066
878705618
253578032
142016408
159427308
439893866
536487580
302396788
776918351
604903696
907412886
399004660
876512825
398264420
907286623
880052963
347617936
23993542
959234719
881474170
644921166
449733075
615487648
511970862
829872823
136686721
242068692
914651226
964602926
496819066
495637994
716708614
192858287
572688539
660668954
26817661
420451667
80009591
672728019
427994448
711222806
815127523
29982201
62089800
128156108
762350491
295985314
44865213
554761352
77759133
308082752
748226718
788046753
736844049
698612321
349962868
100030987
790133042
715451392
346156530
300122854
202962277
27486677
375022869
97212013
984688555
948122002
640627062
914758960
102277865
511834659
426313313
963102767
217981496
803622850
241461557
799512623
637438850
106389902
962593380
702542887
141611164
724885815
393866148
993441853
46246477
430928057
307345483
875642784
823929828
702639960
739669633
791814663
592167705
564574940
588771255
357954150
33019549
82811652
226195874
824327971
378508581
326420093
966584726
274859506
299387315
815245545
659747201
205280297
827060370
927129707
888258084
575554666
965169033
410016191
569268621
971303386
813524391
367575025
250697326
700524746
288636640
287073096
77652987
652055549
673888769
900058726
162954546
384827518
672012800
851257774
899332306
123099529
903253665
331178661
625418594
452919779
603071270
128714132
253345237
435029610
5157607
545985729
631488694
297422936
198520363
127996608
8861529
269536938
582142515
734568839
883453069
770429626
25517351
7702029
493518790
386779712
386784718
759514007
885877767
245111958
742303435
860171098
638961838
102652593
543538037
581225467
256721717
110395295
550606541
119611954
422572672
434813971
590878666
916473982
9199269
348416064
617169105
886029125
673681700
842665370
275594293
528962294
748981136
410401245
775619453
476878098
969914027
173123840
564923394
775099486
218330967
904408383
486407304
57774162
39131841
839840562
584514559
63652512
148426665
316297022
56522218
551736039
340337780
966343335
545840673
975234971
164835633
290099084
920530487
402467696
205268769
518320288
14924224
388507645
194973157
170958312
238271853
511395275
316683066
350681040
944115325
847602861
791133663
427174278
966413067
815000735
158519400
99555276
869235269
3978845
809877993
924562805
817076681
536203129
592136207
148823417
737322816
977618803
358159132
650531164
407674688
564753535
539464461
544994685
879609152
675843695
451172902
368425811
110338056
842996176
532553796
910315141
964263996
513693326
611177694
24848429
984272827
375884261
301582366
840984819
761874897
714275540
753886783
243744903
360348790
311019835
19569949
775909717
729583248
191490184
843099684
40863485
142327913
856871703
896537824
780060350
483777527
81694450
560216771
567373619
246402521
608959679
836023122
619447886
724497242
307903233
976181479
609187738
553116086
853789054
196904599
730545591
185505689
358199106
886225996
416726297
46954811
957301940
581186533
426117477
396949825
201689045
340706696
841876997
52919950
165275343
984908130
570737328
196465763
179274234
24790212
720312468
544271971
251549466
252222206
400925418
784899767
944603890
782460455
678642559
391285930
714307777
605978572
216243106
239103886
478592499
557078104
803663934
730887575
914902591
616624884
883301970
151332582
508741054
666271084
825950150
696598718
233227740
359611482
423683507
304199050
751958929
664027896
958621327
898311206
55042684
361697066
871612752
960775004
777081220
635611335
27829068
592312878
161462508
70243259
365881034
332729816
201083232
484683933
611542602
415608172
982355470
998055451
896809135
538343253
527527822
268313548
426550272
940532982
756403515
343400622
936971920
222754635
275342516
155765555
509553119
848162980
802485629
715017536
803876522
244606192
382486404
718782567
163307132
925798628
416803569
391491639
19767559
512621846
173055469
501777373
722887001
259259961
577853868
483437300
271082909
808252966
917163820
669252417
991958528
554378646
238137086
728525206
972363634
361729207
850851952
577598875
616403125
940953226
577448647
994074810
523257822
495061345
50619473
653114004
994837545
868413095
821757419
696866201
557208168
826081130
247206049
384165985
378569679
872112852
433699768
965943057
714483738
189601941
703995317
681641970
676277272
432723722
986659462
801142836
39328718
141916466
385746786
508508212
663391282
600982907
295652111
369838779
848777420
245658107
410876515
817052813
696549750
480632360
19367250
457980444
475496243
49862791
985343688
925094025
823982201
517263727
190237332
203420219
818994929
813208048
943223098
92291554
950780285
899552248
367259797
16553876
337484629
679688012
109247059
298409121
907408793
801566956
206189348
489112862
989198786
97453955
964898716
651715323
464181786
905659516
78303362
544715377
767970700
350164404
762492151
843542434
113929108
67511355
609198502
504590040
954760751
118752779
640367407
901568127
399089230
676731472
773887520
588381342
942667979
329083279
423041266
468204416
654341662
84489728
302217374
890269260
882411629
576592237
422367597
940640645
92889854
14185552
466546539
155649865
414411451
955714379
88202339
402974226
617700249
210598580
643415832
509659857
4406950
657010631
403427364
862271465
307065260
194142892
157374597
456510556
15688017
829541592
794816274
48128828
951737594
213060094
586733290
955242535
938071742
577992090
394720223
764544673
855614522
161172146
701233317
978847974
926007251
961394315
472587943
80757327
606287779
206139034
312195066
776794263
757838987
435131667
112557607
448263973
418879813
561989278
515103837
464648602
983146528
161040080
996248299
84147051
35424814
887913785
774394679
103003832
536098987
140064659
297660315
34798587
321981885
569001150
458404687
280877377
12484516
236274729
84966006
697021304
471672810
930992575
58107641
114722436
319041741
977421134
846792712
127195195
746630743
390888477
81315997
494013913
645681859
884188896
677257343
708609585
809946879
750481372
160211696
927882625
820738048
882833520
134131198
889024905
657369904
348436344
660636329
411236956
692509127
32944618
247490911
700506445
86375708
276385667
980968847
694893541
85666655
979907787
819369081
488955446
488059639
194306171
246693939
926787262
547472376
909680597
854736854
799208489
97213327
705244804
441600202
167643685
782225470
385367895
399090013
965104041
900288589
4702604
774250957
160347389
458195398
9084544
173958581
602620433
865550170
812200827
33378864
848073819
847093157
438305508
863220402
814116891
420829713
142719265
815456053
438170552
175503389
419861276
527549627
173546518
210635097
369113275
518113630
978274475
272980220
523241465
447462099
231076210
313829122
198693712
630726882
142732381
232228724
744185151
248626650
951934202
471403771
64979738
395619438
933072552
861343598
440987407
761992026
578157638
230109505
331795295
739055092
645187081
228413488
978964730
375229577
729529489
625062608
433431996
876625855
333337992
415827240
361369612
114957652
414848925
312073478
343058889
519038529
460047809
905888042
746765295
607246234
309817250
101754907
304665883
924678872
46467754
545602128
142873283
39620226
263495536
214551253
709804201
39321280
243456065
943000202
488454528
66437289
207821144
886885248
355021378
802181665
653550539
905199083
816341522
888149649
710159429
608406134
995982289
428016097
656385078
195410622
278717912
391859187
954669262
528887813
750807279
185922813
352059679
89017755
193505108
135893296
263378118
584460036
622131459
439585444
907625531
430151195
130572242
307828477
332709572
199492922
633384709
530196461
634766869
853162240
784439718
552141047
368051725
117287963
164556387
581417762
279444297
498524363
55106794
78524933
756045004
402609728
747706505
698390818
396079580
164793952
36021362
90144178
96740215
760577186
357867337
133015721
274001500
230789867
822482579
60272644
372445311
457385017
865378928
352522708
418377510
946885067
824176500
255554298
392528090
716078497
117193303
503046890
365236889
506603877
791171664
520462509
779906027
342858821
359408412
130948466
82403890
809474936
662431599
768532027
97985479
832278215
663217065
424084078
294520523
206977113
884277991
21154192
185319478
610709237
107788231
865794370
192961943
327430763
173337405
291655437
35648387
654466365
789611095
969846361
974761228
60586760
557249679
391822181
211069807
481973012
130210195
591629317
953095740
451597773
944633564
655348295
823700253
957721971
893969000
740374882
721021274
901508856
100830659
818681049
594427246
799672377
220128236
867376464
663183457
27960768
30061721
177887370
594448735
804409515
865903324
56684867
87112126
170945911
211036892
869003953
333012154
396804908
87938888
441582287
899484363
212405808
378585406
181639060
922098209
731381171
700892334
8646899
453088533
442307516
498942137
523721298
706418611
896355078
16721072
859818143
543104989
341774590
531111238
161194232
498941816
848164132
56605480
577420051
891177043
283798700
876196892
651475110
115414600
544094904
818930035
563182157
136448350
182646562
412168977
586321432
402136568
84564141
227318648
677367611
540726986
946906584
348290477
512429645
524452923
833116282
908731860
937079181
664492243
491843834
354817122
627429051
748919555
715826657
215178407
707635289
22303979
26056295
504206528
547498649
770127536
397673060
95909203
274911893
831835679
773024266
758907714
997457573
359277099
683889294
2464297
592075474
392458658
885616166
588634426
655223008
522417570
539264674
264357661
439659993
511148054
305878994
15548820
130314613
316252758
743001462
638130842
798914022
350950804
161083033
245982996
395753403
146609272
268642211
704150482
910304205
65996798
16722078
988041618
453080250
363205288
890795669
29995384
715707205
92644536
770317685
695982028
359237050
24203636
223115339
220306381
399274581
170092213
8627161
326068964
545782057
622314392
833665275
184448712
844399168
270564879
97212893
409266345
97177389
62237413
785766125
568429350
89150808
585251775
341291369
179112518
42347165
785825316
608073551
775493584
695890468
751877405
996050240
723687802
863792531
749640941
224697569
210407985
266949252
988135879
965727017
570703117
550671472
25812442
184663654
405225498
879520051
576251185
13989178
340899651
41612951
60429306
983770491
675956289
703187975
734861589
289709885
704761596
314795297
784782025
119875455
328924258
992359412
480621006
655193985
814314189
44530210
781394402
562022609
858991510
855096264
436023986
857156739
26315686
721602806
537437290
215288392
258345656
168498700
822966354
385379787
188019025
310338814
961230285
391960992
314096143
546296187
434978958
756232849
130031646
254398362
269983705
62593427
868064520
277952005
744439486
683193998
638347430
944056025
499770845
896584581
67072049
125973503
821742613
629987042
726638940
228208070
457426622
774259005
750903270
839179963
781971017
73068808
210849105
220471905
230015855
224129758
646555289
201025393
722473355
397684087
566593834
891970420
348261521
257250801
93302647
710661245
103818278
431462741
140229677
112030040
512126883
862548990
623683022
452581675
449462351
968905814
55407101
54358500
432775439
855876672
336685883
32356258
884594441
535274414
962701030
255331643
443192017
706186871
363035050
648083567
782413770
235953710
362079958
203159660
987832715
806635753
713275698
723023130
990840334
400759803
510151828
129025829
609528453
361977821
918591866
450680205
416722017
797414574
241755992
155225909
291075142
152850549
126474869
199533611
612722135
702151182
526823972
709204388
317517447
766476698
452548923
319209903
910761479
26401384
733353709
182181618
642775462
782723589
389231049
885905443
496413294
734440653
434061325
34118241
807151680
80279601
664839282
994805497
223460733
30117481
547223710
826889544
169280542
3090019
234205191
321077730
18207252
690530521
413057124
942190276
380677479
296304267
32600381
434824046
801564536
825434419
66203406
774284188
429632454
84665961
393411700
458475555
526986491
306933238
939557239
499176615
367417694
330372020
941439919
439154890
577364736
398206958
455171307
334425300
845011460
847977937
204375381
842276470
905224038
335612078
976984853
237391308
233062020
615795960
883524258
572114542
43831837
778680156
665811548
347510329
977900619
203628049
890026254
900579015
561972207
479237019
799785879
34228045
579355327
856413078
761990275
282082192
852395970
750147063
935449778
936842842
50472755
114181238
183161743
520200837
24356171
760694352
108493829
201647372
462991860
16719395
718119772
870067756
807414526
830367179
927522483
386257093
436952953
777193679
630990402
899120175
422524573
996094055
497223243
387362663
477523092
233108830
390144887
832313622
122323879
768797921
722529418
903077947
373119842
119152266
68172447
262307851
721999351
720131976
454736489
261301011
554889152
755204028
32801686
257021060
463314386
982028380
534797122
457971486
975580317
860583
992151054
310117010
196858940
165329357
900780100
96697772
634934817
380043563
944681770
538848183
834345592
957683024
342678179
170167332
580525586
404225511
540790376
725367611
646932957
850279024
889293818
165521761
186859744
933271552
699883406
958390772
208647052
539274478
710270468
579991182
603529160
57513190
488860823
222548442
251350471
416548890
115852628
769543344
593309070
248534126
753884543
242385664
105508288
640904912
889840247
947950010
250346833
110342685
325718365
293965247
409958371
426758678
416417670
550014873
833518320
465242135
151147477
678629222
747728041
427391695
823946062
598087164
482950433
691130276
297196003
325451278
719223335
96348645
69449131
811202825
821913649
359019733
118544515
662890542
177173711
273815540
574490460
194460352
113837791
275665670
870090750
224422738
625248368
828222792
330926537
708721
374202528
177421157
269925769
764203363
617792100
246075603
470142067
575927148
444341699
565274489
277739741
664160561
30298024
456815331
617559288
160847094
173447957
721522025
60404705
911799448
295265737
753512918
263543295
29216264
564435054
381068292
883709518
720371035
275916344
939714769
76266898
751955620
108289113
401397471
392809351
27880974
349417319
517710798
823554692
317195800
215261020
53791781
640167976
616486150
205964939
424554217
796206428
257946530
138763067
164368570
363356465
20969192
264366094
467506230
594858903
490331816
756450566
873687339
891091944
768162086
920036593
397195300
882553489
117874698
796691846
847667223
914310361
624922353
705331581
300340715
552236626
256409099
103601622
175167515
784123111
779948309
909985275
566105544
306415354
893268409
2123901
818410998
389848141
379171314
795905800
366656482
663156291
490461758
988508975
6520902
243915855
369351191
816641402
995529772
564315718
30836651
34549060
177261795
252170126
641351546
830916245
865857102
379890994
68867700
834768904
678298699
750076372
674656056
569435648
454937744
744549982
246693226
25122786
669712035
829570456
541770080
777017625
873475172
894453532
138737260
700265461
44358843
761895169
956178468
438223375
618088909
414371627
301457138
608104968
864363247
316776905
90988006
21763068
587299946
932445584
519178746
129144610
78521988
497125952
913180779
912986701
146243806
119512850
278628570
721890006
512816665
332445395
982318744
18895426
727102502
428058694
729114566
971513081
959837230
909816006
307111649
613115585
546414565
311093997
131164145
563481501
339451724
153507784
665135548
419649249
344856252
861420776
836606329
927467393
425673193
572488552
62389994
262145522
530611072
891799745
293149544
240121766
717156978
409251773
369882982
294269312
745762030
404979976
521086458
11952889
326677538
132225030
654153268
890501287
709327635
642474006
645971598
360885999
175075497
889348435
462371768
652005471
730302239
358376913
816129859
69153118
884952229
988173001
656573253
701539953
950152041
434149948
894470628
765667289
759539170
630584138
794105133
86132721
293730914
181823369
586928449
514061485
269706272
173909944
926560251
650951575
368573017
513367293
170661397
217758701
514613283
548271127
348925456
420586809
750470426
551590604
843868409
195631096
690373632
787906274
416545284
279328636
678589583
977822986
198421504
683030317
189564640
721668879
175440979
936471012
109128343
962718715
787559993
909120091
489919719
256763165
291924436
118410484
17575347
150113947
558112833
364943338
761562705
768389749
389165349
715640778
567852331
440774169
268566405
181077534
878730404
5746834
925628888
582291812
689485991
323137265
877793076
693188696
66107612
619775240
917090135
229641777
791473143
603595220
176224848
420290274
710196569
820858719
262091358
11011635
746114448
480354104
830200562
369856533
308044506
467059196
198455539
991125528
673532026
976441921
191431118
501153759
430650987
508840010
425913013
367920222
305777551
709027055
683998594
272148417
542877811
426289227
991329447
570674818
396060224
135269441
822736463
996884551
980003513
592001071
468443183
78167067
112237475
600745407
853857681
805580188
797407243
570484919
795439820
266184913
563359328
617270079
385635619
442251035
234663789
607983845
750024145
840862385
711499080
249169033
960408125
258809437
365542731
352283790
160296859
523591076
896450698
645334308
63601327
396490746
88513558
616924682
668914711
968751983
432576115
582010826
643853377
515502072
786527232
189272175
141300152
960099128
673832314
722853038
270454460
34115893
291180554
525209229
384351154
448954670
255677737
685991540
632721700
381388496
508979746
187990290
965266803
150434934
150785946
896324993
196618623
171760831
510417665
546663930
387187419
12422091
759747377
789081588
854667717
183681195
606615150
16032858
244662349
93756712
808292478
220323842
388608427
51195538
322376292
500350980
12966057
378463458
773388739
100771693
590249801
122314451
821671472
441826356
608232585
427843428
145579039
714091057
937642145
347200881
543101523
827833938
246654613
217809607
946793549
68979129
798778909
456741997
458367001
204884344
550575408
559182406
102651265
534751165
713679082
697780483
592793766
744295185
836560636
244322324
85601699
541376351
93965540
310797008
573794773
369119870
299451750
378743793
524300024
426493703
473681337
231779040
484107361
773462834
307637218
920197231
979362380
9756411
357626789
527202826
277357439
947836105
398272167
298262063
826438059
733608603
382856205
990957927
400753996
209155246
609854375
910198901
748223713
160731852
632817513
75624875
719918573
110597598
758117058
875590414
548973381
787018780
686821691
654445462
583208260
452026917
811861537
657312089
226240101
435280656
424654576
87031085
218566985
235720145
359667094
288805905
18257531
721259479
359651731
917219049
247292334
951218541
684742579
208006871
856849496
193491827
569440397
860825034
31788902
566591236
569671131
114407006
459823994
306057472
699534868
23600988
456654490
301703020
848907750
991370445
56572710
423839673
457589572
512193165
250113133
762684143
884887235
866185004
312392252
966235268
502935139
873035107
242851113
500736173
542796979
967953247
618221155
461003178
514981993
980607372
891166891
570073842
911774517
86467339
162490416
880569101
408483782
558677628
4049935
870949972
984354106
844083498
114671069
892269671
654039312
754986560
788557832
456827243
14589287
862179211
908786277
121781743
334182862
343382173
744059013
721339670
402338757
41622908
784251162
321627552
385607368
725724945
386444971
578179845
493670611
706754607
641246049
979401538
793116248
835983675
976590842
342275594
319620005
478031045
474444588
6604828
944715574
796594558
991835901
544948309
703335940
519946394
802204687
578709276
558562888
348376806
321145293
24539853
718932876
89450918
752204258
590725856
546070324
60193215
474760197
460705806
794304502
251441079
480836647
209614500
417665791
972958700
262453177
196834915
74267367
403059402
466937087
440661469
291260577
806145398
946460194
879132810
277179590
932830209
545810092
14901548
288046675
823791158
469526577
955102640
272213470
512697614
971059345
389643033
227472514
611525693
400152267
683786049
264522838
574160913
213365310
578266601
184529233
618365759
421345381
774095177
452653729
293207437
978185230
586487514
359084075
10079570
971624223
845729002
357038508
725472069
261589204
770030321
701725141
450532914
798598406
833935878
831736888
925462521
951041793
959860467
48740704
458774293
353675898
721587616
322493571
211443659
268661940
94590727
304206052
742991174
598738030
183653132
566279816
489215926
985802656
180968245
134132943
973938188
447368672
172372804
956793688
282382504
803164009
126071697
280177410
511417142
743711567
116315227
616086800
123081231
33349643
985942519
809199164
780706443
77878934
752126614
372362289
917790725
338856521
43653021
523534129
66492458
714390599
123637974
966763655
459167400
960780451
554814950
856636067
754045779
87339885
405151007
71254355
412667768
977137637
819383327
169608276
200851459
804988228
771541305
105988503
801057466
67567062
704926655
211048190
223434058
381434747
68616790
835669173
705471815
840635274
462131644
891413819
206044459
403776064
153366565
950081126
90078953
208625147
165652446
388649762
856624426
382905073
120006709
391351054
752189319
799691129
354290872
752881963
98932730
955260449
798723079
826993862
430390349
225797140
40711902
671254370
171885060
672499335
705292568
4293664
881978094
293756915
405388815
900780666
428130262
466443786
796587073
574911001
917141336
542902884
158305602
226097380
256417237
470463341
810114739
625036337
310651062
537573770
392811930
501345668
512683661
567986723
602291319
754094121
795241431
932466277
203182612
254650976
107471196
151194533
484663159
929918818
255531168
997633505
586307862
225183543
301422134
630510245
924518794
416901184
708106635
550283701
937942989
147986627
96584445
268376947
810472936
46466149
360942830
693139797
905199454
780380314
753396672
342835666
551492094
588204065
147790753
323575283
823155508
277810178
185364697
960930654
89868401
802317917
181782824
823266828
667362671
876234921
736643382
468559218
578810411
528478091
747280411
544926008
274043428
726584326
990040018
634143529
920114618
278391230
408732862
947251339
551510327
471727309
369576751
376976903
109773090
755301581
5443166
366520732
959668434
829910094
602053074
242771821
345010531
398456051
442909789
808519598
160134375
364128895
190909567
718944004
38264451
53344368
189611844
627554227
393754743
823212714
899615480
377105491
283253429
718547822
333295386
88873027
972704
316855833
62362056
49383933
946819375
726107668
180774247
809502273
360932381
527525745
179690341
374878283
66716869
836838830
937171220
913494518
452454826
630355713
129571307
210518740
452033442
756382946
943451963
262350099
793555561
278360720
267286028
368384889
848494192
222539868
481173892
975916551
162477330
918006665
849578942
820787779
2350733
146418392
764256022
768234778
552412827
890136192
921126919
417622149
356974370
414274119
238707018
67252707
259341237
840491684
684342856
887530582
500412983
89563436
17981610
262504798
226066862
557862566
386305798
917059412
178570158
772119860
628130328
185984262
645580503
665748253
603348501
213804696
749065342
402347445
88983181
86840790
986304723
730230134
952955818
645972840
261143737
822683736
464694949
157755162
536048544
545059662
437578958
519163912
414836268
743488696
522131423
364453397
956462619
606303578
396424551
487168381
553774362
680780794
201711153
514321672
101399362
536612207
361130556
91879506
444057056
821588635
303381082
117456692
54465134
769787518
70285388
803836614
344121214
487224953
855777834
426497430
921233807
154328900
900460555
793842809
366207032
370455110
936507139
646087326
428060527
442639530
612274241
916171371
930609683
147009120
808233427
509772743
842821449
662701422
181928218
488553118
572546253
557570843
942170393
552091807
572466699
836366470
609279954
594589142
517919502
282879989
270762382
479209413
108735679
62984644
223471593
31162570
65459765
187019207
440958427
186960215
234540489
806394646
110120461
595349067
938858578
661840550
596139373
156394521
122302981
332736885
219227635
846397961
654126057
686461691
778452240
780243910
718134293
687804713
423669719
74709283
512687290
293448702
322792339
915931721
590543625
667751554
769062324
203145275
329613382
911076974
313697311
322673252
990648101
912703811
631799120
935685846
427308484
843014371
185629457
260569363
205137372
14179657
53280638
646252447
153440326
669175166
89256128
147041532
335561961
181075647
191791936
335436539
198739077
10704313
670730066
978634367
488814175
69743096
923125671
267563251
431043003
924820006
469698258
33998611
286907035
457933922
469675400
296267931
617009754
140352623
857714508
966890333
834433795
15829447
422649153
73568029
290880917
169685725
491500123
396809422
399031167
726375977
772731466
622317608
313919309
352419726
321029076
550462526
416533166
402091766
684264624
567286528
925644801
419240505
664181524
476600714
112512153
227613213
8091239
554647450
517938989
586681689
622131651
443007122
528281411
973563402
754641565
966980030
504096318
878917963
681535940
601257407
922061746
202615569
790420091
69404315
857120198
248254927
863543679
677451126
137165448
94219783
117699127
367111498
759691555
536003868
501242565
318176792
880731503
307006380
850958217
810787737
851416260
835190460
841467633
583843502
674192378
755692807
257641890
808760628
848663742
537699948
255776010
201422375
516858174
371808020
469964324
803815635
840111324
439654433
445845677
975973237
14512505
511230966
475919987
70508029
510677270
282641245
945467604
197364096
528414174
239383056
160196821
266241769
894202633
645547693
646489415
123405395
784038311
531301448
703674488
956500162
177744103
678101019
342346822
168225677
266312940
101577322
58856427
449078068
138524682
131970414
644448223
66330555
592201223
321161653
613466234
388867748
65424773
659307349
851231164
695998818
746210902
982281023
506912421
82025910
22994646
918710311
150302195
256994467
862262882
824024379
237036431
289382800
504180030
480074232
917457787
556457943
36058612
192786650
831706746
776898126
507316623
749005412
822720593
502455155
430211632
549995442
77711403
539009285
25238226
880835635
38751511
12613326
749202278
853059135
733337805
4280915
988915198
519549142
464773291
695255683
495845069
976636863
221121314
731548615
612579326
336878487
18012771
153434405
239044895
436868962
947146428
853701406
457887501
912354442
10479837
493884200
147954752
245372314
176871749
90131914
591666023
361822099
823010216
489520761
455791802
89249596
130409147
807950971
97963132
619671633
485377765
758389106
107265976
547309183
368623219
681220071
882352097
421737369
868901190
260451609
95863539
255977423
979903332
215990389
434107425
841052146
458516790
884382298
112409701
692333989
165933140
986181377
93165520
824219518
750607469
769009621
505883585
965981652
827418907
134983303
557568779
599078925
286083939
257195819
297067064
110457103
345573183
922431269
218013454
975689818
812474099
61748333
341217029
718245747
811261004
214097342
868611287
118153615
311272402
255856488
563211257
444314338
632919078
383004468
987718356
69382875
602037184
380272156
611978664
371302018
411512913
408250597
36584185
261375549
671918838
806231034
651567488
515491783
451346370
240085824
348784799
744469864
668316417
573078557
475720156
156398282
224462804
32854115
241083813
574537890
543540682
802623905
479644764
793072324
672272213
282912074
66742324
893245108
989848375
147655883
787426505
199473863
973180615
595521995
269769337
345047194
470221392
454245687
982803027
552252539
504575572
15581035
945534977
296911465
147798410
81953986
562478609
481447969
113358266
76265390
198606923
755242122
797152107
699906488
184906650
320161602
277238133
173410509
652895141
659523465
721047214
318270971
596468210
374049308
985363190
820772591
210521542
927779054
774690624
835848075
166611690
353641856
576044221
47671423
988401380
435580456
562553901
628878237
418002340
393260814
419790573
654066907
495645619
63599238
842558233
727611659
721491636
155502644
474809425
580527495
487597663
201509075
614291664
739230793
541596923
96535050
198683972
714130595
902730878
957857593
330481216
105733079
411223464
354049740
229980474
907985117
807933670
90861468
59458942
475547525
535245377
153973018
506381759
644057231
925720132
807936647
321248962
906318565
861675296
210656740
647524498
786973432
619214972
556205809
784206654
32444998
118483770
14565632
688779732
191540262
880026490
857817197
478955445
365961617
615874679
813804561
370575962
503070797
316441462
338882400
223143059
685976707
326185840
942214305
951210316
827680265
552292400
254123945
725286237
71713481
806629027
258939496
888733957
986186316
802068436
61256479
497099268
814591150
286830163
72504064
610338213
581381557
86569085
296756628
221474030
258494194
150390254
370921655
530599685
663224372
470156527
143947489
633377000
479703107
462862954
238004329
735194086
727246431
587370752
273847943
971397706
633231228
232446414
807132309
703769063
801089559
932829280
161122369
786439606
467107161
678789573
398020972
84082640
963492785
510320100
530096507
968573946
924356586
210306503
219409427
385345353
705325014
700020340
951069205
910285407
142397377
283032529
476278805
342297071
303555389
176320254
584940213
625032282
572395396
643528889
238033066
322234384
756626960
592880240
704557731
239640919
888795327
151467691
985414808
259628641
777003582
16924832
436556411
443382855
974543769
99062771
863008576
56955625
543206565
589255272
190897590
15700559
4059492
487802248
716644238
811643414
363244517
519731899
979577006
372480882
915854317
613520670
634931948
467255299
794274606
99597699
89334562
576835627
593698211
849133758
160646674
408015845
876841974
141069032
537983488
692904682
896576650
679156467
354216891
244968749
293874056
564840603
449196019
511809523
297095774
243379396
971543447
606367898
208003622
575341426
357913619
262371279
864230716
757973986
162653967
938369280
210674130
687808113
955500050
91683048
308213628
168885402
620188084
236042024
351069194
991874388
625102283
159654127
468079760
608966269
646988793
969334386
831291002
625430030
98770085
457848066
412889627
560218451
259362361
597503939
837137981
672017214
515300894
58550684
938021903
139444716
653855158
489797590
313730441
445512341
19628957
33367380
737507121
724590922
194495955
930890494
823082318
612767867
670751597
881379263
367837917
329904571
499932809
468783621
697944066
804819340
25035628
91007995
452255904
433300499
48950597
821353112
97880560
759964443
109955587
808260103
920631277
846445394
781974268
362187352
401616351
264041449
89544097
639285904
432845291
270884562
890143491
178239706
375455860
654451006
573752692
667822518
232945978
741850958
806169066
895689462
261934611
775440297
764930857
427079266
498263412
838536524
16028701
404213625
344040283
182381124
543920947
974419807
297973733
82937844
298391445
103529618
482402
696872553
467419110
220115861
111855597
186769500
50755881
896846887
358372987
661603479
200550596
937947791
185808095
92944725
784792913
799747353
908877047
21476893
793885212
491407286
348677129
63257708
824666754
627153742
270147659
886682032
218061626
789749677
226863568
864898799
277261915
621150169
331304695
831226253
697815660
65645504
105038586
77716806
762891633
315168067
301360708
532333086
156188680
5706756
100517351
549404635
861447025
159846938
160355418
47582269
29595433
407129248
738869375
154576961
15940825
347058027
191464822
756394548
320075678
702204301
858215225
771644374
520715500
490648020
406351016
551953904
688788673
437299088
574117089
445842710
579530887
854093723
784085199
143037994
21289290
526897304
57676534
407432293
713376532
836123406
913624197
420199018
158084498
594016509
748588866
293891884
274256740
966262465
898871911
607102836
480294800
99333801
823446171
386238449
664748732
42726073
655654216
123396950
346095099
840158355
511257404
649311924
716672265
363510228
405518562
7836463
43161009
739359318
424970403
885063067
154023069
719456177
660548968
496836734
214376045
536186684
199317059
457794528
482845881
262894460
993815681
880898826
172909619
268559043
309863265
726469830
966430171
623675008
458792642
524858354
961053716
368071466
9327040
614556944
654139483
199156572
715596113
799608474
789683153
355476172
661822491
931886314
119143689
331567469
517162413
991234421
754535099
37216673
750846651
196956080
700797334
649162810
672689588
813040688
654066856
439303328
57788315
778745859
159342671
340100403
372148282
634833482
405453058
960970869
841899522
796068882
612314766
182738427
5085507
561448897
993112630
83418024
325656619
31988984
435733762
344497947
83246011
960543050
990322825
716031316
55791316
795880665
823128318
884475628
495987891
884473158
907483616
982966077
709009441
648890271
241244103
971737069
558555045
872798062
857630239
548004525
389380287
942798734
707181399
843783989
643832783
156551968
694535576
922708436
497134188
701958215
895794482
209136061
348317974
771282733
836558555
381786177
120288941
281124192
606053550
342987475
376925073
24813493
952570815
299160293
901970732
388107987
475189319
840704968
863731659
498779060
200486963
154137675
842751854
971911112
523928197
766204593
478781430
302369170
872969574
322564727
218123409
873729755
566418040
255898514
303999601
495677657
673311743
701919956
284298104
715104395
204090407
87228175
298805111
108148156
576600510
140923836
727087345
267099951
424296200
246333853
818119091
824271784
908353287
219524510
517467746
975973782
188928707
670623539
66636359
432956882
159181634
970385375
112459007
20508558
210247039
217863822
952060533
415298792
594711992
26173926
637337879
490598807
572128490
86928586
379356506
418013265
627006483
172041102
377081949
88811133
585080429
86611279
148407208
223634928
702478452
90633680
801461412
320637030
363055266
290415747
727006855
90334071
192494299
745299711
483506451
965592960
757091187
533063147
217743663
101119016
714439429
279436412
938610594
473538724
253611737
210533242
266297708
351037068
825916494
231228996
579574834
74389744
438965269
953325588
661771594
202431884
252883360
21505990
887209273
281630016
653349722
897380450
644913029
679370823
111878465
277834789
958170353
810427034
755974799
992218289
794804690
249513515
322108525
589581728
708665966
426869249
850673141
809036944
344471056
16749658
959405126
42082303
123478109
786812151
379720872
405260472
92202384
184734583
568281963
866358602
962194913
858751306
806626678
917355638
923504512
203288380
307263109
289263895
91607385
870836630
418929615
954266603
167437676
473105861
629722939
363927838
667377254
749008972
479796804
223926368
494662650
501793337
837136613
849618282
507881812
347287607
976575946
74975440
104062672
763551373
849660899
741173992
215470631
299258529
172213995
15138739
707622529
374575458
433007319
418993018
325896087
702337660
709442126
835028500
883021186
437455573
928446539
422005988
717823762
633582037
608591976
270864565
459426799
545863661
958516558
196261830
992638370
23387623
655971481
153252547
440597220
314619489
798121003
459016954
68574085
106299961
861176831
398113056
629946396
816057250
436556958
955903720
344082402
110119739
868454379
881848252
858120212
83366113
314136090
372463689
567321632
215141121
465638907
383587931
54249535
932962629
353500566
496765653
541467485
37197800
25277143
229843560
389845975
151651345
462793345
241342744
180964647
865893632
187350301
749854389
290712502
39853912
973462555
783349068
699881808
395781774
18304439
544236308
90970203
474535919
35140901
397795307
361509097
533988767
500364021
31232145
399211621
19561369
558020694
136586633
449622087
53991708
223503910
954781915
916271372
695173282
778093724
599150665
526844331
314000126
694029978
137732290
434089539
428470318
392562857
175620966
852656200
541429817
284470736
325799631
564800591
753751918
161095518
37590208
464064829
939674971
876292361
675151685
648707182
263966010
650801379
238570300
646358206
287029166
412668578
141878210
912386816
870674560
908259367
726406945
354433863
301386487
748912770
522922408
242887780
336971617
59766722
92863614
352327112
835856114
613349301
220014
675220966
189990596
732226215
751262142
968834104
929307598
566597000
428849684
960526962
481174590
969354792
350965785
754066883
741724748
614584508
164569042
836857574
419142333
574161351
335470030
178118400
240651927
883589823
348726817
500847833
780141254
625938475
713312392
311390223
235528139
172394914
959181297
134034924
40565836
837032719
605405776
83674554
111850845
570714578
883972274
153762125
68628656
612831799
129896058
943593895
391613636
943178852
438268138
256039080
84799827
668318955
367990974
953046009
28436304
233328848
193960068
396576152
927995541
610329300
706423646
951371621
827000287
423647285
50992228
618237094
803519913
127132891
413730597
654452230
785213657
85749497
361950725
329604395
463775377
478961950
278010916
52919225
25970642
18825707
639653992
335835492
934108636
7762952
712331660
77887553
726853415
996817113
706462668
600279508
522071126
342343860
41426218
830598656
284127293
824764569
133300431
955702374
268622424
80959057
884490362
134960812
127314051
474628379
161851911
933416098
380027750
423795839
888295419
64270147
759987115
459083766
696129016
765079347
571564695
996944849
978814403
142362179
618346426
50649606
715738377
452672468
373487903
447729374
739467366
938795454
339522624
235381944
217517545
819845501
578332560
893799408
957234879
777892454
788972104
100668676
956132587
60833407
162088436
142423158
590380442
289806387
828215604
960068439
796280999
939700940
819736393
672696594
332171883
886448507
62734091
528935024
791432475
767813505
58033030
992950318
607305553
977501851
584195510
274675582
408124224
249166329
544686841
626673498
599393436
579716924
150909831
66098324
983753634
572628916
556065205
672967433
641596357
90854310
227816525
120156134
347369584
697019316
731286874
796235190
58915206
160800445
175227936
405165619
18198657
605418125
327795889
387564075
388306417
173192251
117256365
285687938
814670381
607563787
214658379
771250123
286120290
236321839
118800216
841068747
916787019
349842110
174964070
878558931
617708428
853809521
675905634
963343845
674490472
230882198
857954633
706611348
605944080
787809958
882892401
296621480
832080353
562625701
787526799
620048972
627645503
446587722
857392014
85800379
52173339
788584151
771390243
262150835
904193244
836024088
352578214
319073498
704070499
997421189
638563239
81367335
28633455
453650598
906312460
841063382
989793724
884321023
867667316
360845574
789528971
862331330
233171573
472980336
911525835
370683991
231615209
716450695
260345131
472185821
147789195
871971453
510419975
213803178
679695406
828642776
389845989
823416731
192643337
739068885
956783832
744769368
690514011
940325772
308799708
823082228
560609483
357258781
607390671
125094070
465694135
294972437
791222398
137648826
756259352
333659297
685387397
947330703
751073564
596197996
124228591
357351314
56502119
615025626
314855756
402927255
772320687
414330526
321264503
577302090
305474320
961783667
750501472
994008351
294033948
947035648
845234940
636900670
202171255
607600700
334218373
588222452
940677020
42136355
464110094
942924227
962866352
435820501
874266475
401167861
108768647
623600077
395341500
748498745
942665950
661570602
665539890
863586427
265268821
694361755
762785580
137837736
929549891
81417305
445221784
724692743
403734001
298123741
977610899
271731191
146604035
444287993
22620094
924491617
150793066
550606443
873192448
724906828
296261930
829330526
581072829
258984255
642403604
387479975
435453549
546530858
759184508
129126597
1145095
903376160
838989306
151660869
602869327
318088499
890188587
708944476
277123414
700297405
137366316
791273869
963225062
277159277
735380193
770932939
503741746
211432705
826433651
940548855
734895685
73333270
458611136
938879862
495828953
587780725
102589377
599865892
169701185
871490058
361615085
354551144
351744419
400725089
916912507
669747735
578484018
49764664
269096198
840206876
57180676
391820914
75596452
598717401
388033345
311775987
602596814
344086129
700764026
886390980
537396351
44341010
857877734
840297353
972790772
820626808
516094702
569545135
446268504
906974107
303690693
94980522
614653889
101555677
957571979
959298182
805508710
587779190
396551953
709585973
264806075
896798025
749113961
840218748
73161021
813241420
700365063
566645831
98132123
658366546
268348687
777132995
246932574
471405435
282611685
643325287
108610905
717654912
304970167
938873562
190529614
888063053
809507493
69313584
634081135
928305237
434481014
244467216
94794769
271821432
313259952
6457069
147768994
719133638
624746435
81818210
570193944
369701320
814414621
877976230
763229296
708799248
270882140
915203824
202005489
587775006
601832176
267179780
366881017
235433055
113071807
531830030
704840532
914094136
340722260
627899422
286424428
405656475
691706264
680786149
547655043
521989713
5150618
246016760
545767955
363435943
637014089
4277917
1026868
121281175
716976525
486382077
574110013
798056105
198012323
517656014
651204778
316248743
908590394
965956483
100856291
987789586
914438828
396656823
713121488
181331220
452001852
769015424
841129133
412926709
748411578
902171330
714408744
327997991
90626874
892573841
816217985
546199185
617895903
25818060
908321760
821469682
960352928
842011241
836474225
297674487
205453973
504426963
989058382
40113699
146749698
39499814
214163899
993917352
748927171
318771301
354675569
716826152
432876889
897150489
881573410
36464635
931088425
972662790
70682005
504442653
108503480
847465444
423090994
331490035
819846049
327114953
645360566
286999925
885658806
659244911
2398573
211884838
699492346
564693689
427412444
270660784
355604267
781874056
225702377
895824190
919346982
192188356
476005249
558398618
835869819
351258737
810329628
264714501
447772449
775759919
707033104
87350478
615113253
160622469
603172319
694198526
928922472
617203644
946939257
672815857
252089666
801802720
849887340
70575622
267738831
14797173
631910360
111202765
725347606
141698452
536199942
354072830
762792634
820356159
447370190
573567868
822134306
893051047
402277257
38143922
16254543
452839133
769191107
966373500
297017799
628677826
499289189
98751141
542919087
534846409
494231661
695170756
635910857
382869060
832044131
663579370
862096324
769908875
975732753
791681508
658719562
727859616
586828354
387138773
110011422
687192342
16372317
599194304
622253086
805899421
433689674
11370741
181149007
945935875
626299274
856824122
270459958
36079246
218969552
376416417
930522629
58620277
253605817
111013429
521655609
106212760
208355509
413063736
697978062
820543891
779678536
17083445
612115539
989947331
237829422
231208400
934258346
234602408
716545972
488441738
199702722
812084550
551132385
222170840
6424942
301593852
705011868
39393295
732660874
396771127
822784293
225830451
802400603
502805040
268182577
738477612
245411703
77449762
394203689
103523806
554416336
583593137
209979671
327572240
647586020
205307887
923530109
834020687
762884710
933991518
568703163
499225147
813617874
995094303
532220582
838970129
135234588
909668561
377690852
831824543
47193470
624310851
996455798
505826723
879824551
906937270
285978257
539326867
719248900
34600005
543923469
924291196
783973217
604666790
738227746
4905463
605847931
69732872
233897621
404169135
774301654
26068741
297874432
182744410
783279482
592184773
489644645
689252582
463088101
963285621
310832392
115849438
472726315
954059924
462194560
590556895
982491716
686961824
274437299
716346356
365422337
638506171
216804676
496120016
743192437
342112856
549987895
913832438
80759049
144953268
529983388
892849698
322798406
313535005
262720844
475834042
752264963
704408864
353189162
665260108
548384275
851220618
700782818
552366999
784831301
247566599
554038686
156150263
776006725
183826262
436258275
827711998
207106835
959424707
255499069
335330703
942656341
391303968
648051513
505647321
602930294
174571446
740686726
161936512
409447085
62804362
417407028
66609103
658169385
97881135
82388057
825080044
683510924
38791608
605784096
503927707
679428963
923834064
619320589
282740193
538360967
511218463
222957691
358357552
560927863
225141049
148798348
433147904
675999055
51293003
223187917
16927272
735118064
424605215
669353784
530781935
862537668
878520227
913587762
531374320
964824045
650584192
842987413
651421046
625139897
350751576
925203906
389252303
540854989
687019404
755516099
308841938
583720121
932425792
707971843
669416988
872934451
754546415
309617630
229657107
342416027
49400714
75682094
765554076
665462992
163477483
903323808
659868776
622450423
105375605
370379014
378603323
822105407
754271065
512374861
316325958
71006360
250918675
613335807
84590356
253954811
827914402
628325170
30504277
493970573
89017407
103005603
194889727
577818279
954272163
10769692
593692483
862085210
649796258
949003131
898290330
118241784
22896257
766799447
258148968
960190191
903277476
184861136
935986622
800021107
377309534
787468279
36332786
545523958
676434745
931482520
936108440
278572389
778273510
92751103
810091456
848455725
241170752
536916274
988057529
40212375
108352822
192864650
850133816
507939885
463037664
486503443
531762281
894365138
603717144
95465333
71945428
407007143
300687216
957442990
674245239
20899310
278737745
803487024
305776500
453999870
621376998
337859838
840249292
338244093
357943130
445558723
729514222
594721906
49408492
297295423
697227886
805233809
87252182
365531073
702280436
876997803
754989713
13269188
79563223
850152559
667785333
605445948
705253485
549068913
98098312
51537641
52951056
981153281
2974655
737411405
699781389
186644663
230275523
947921192
272590732
844531784
707622237
36615057
103592832
366657381
971568075
385150396
274652672
670260052
701425976
392354463
430152617
483021429
31592043
375122905
917429196
603054596
365033681
76729786
856997157
116741006
792141664
321364102
556103583
921995896
69843309
315245963
411255944
187819907
165035320
294129220
194762859
325412740
556377320
206706925
299920651
665460122
949160624
721552431
424869315
336851243
575059503
343046583
985319532
148280034
461778894
819500308
372043502
144600023
238148573
619321795
261747729
707913520
348722419
564393183
835207103
804738453
753940378
207577091
105962799
722517717
868766728
932415627
819445094
519402664
336650380
87684570
664317733
242338773
53021818
882971324
742443007
60610628
123146791
383910329
927973682
796678584
627237889
708658767
235812243
49620187
955804571
678608133
511927006
979527461
427008400
614056737
35066775
943596237
791155936
230131318
593900653
11127756
690972420
977929751
926251698
550595299
976203480
905499185
530252426
860443352
248220294
79797449
169407796
174015211
46583313
71557111
511516258
464641745
411333375
179242079
7407231
612942617
283546670
574618732
165250602
197937993
264323072
365305023
728360668
53810224
717126890
9233335
609498096
201627762
876712760
769858305
336053045
479894961
248438608
976013970
257501058
63765485
257148977
424393866
800144334
623246921
3978891
35377951
586158622
237812463
893956324
314149501
315949123
811607678
228167294
222097258
6049925
340452894
838133178
260315968
467822620
813631783
285387990
932888215
192885419
129748156
613636885
946644844
738004954
328284712
873199348
872052230
375888618
997014468
429321782
277521496
449879087
461413981
815495217
294638971
553108629
193511542
345487953
997876024
785367228
339887468
434624223
305288686
9613993
527048108
766541036
587465866
106456393
632230610
254587479
725380623
605054226
885656608
803180212
113881376
488647778
665199565
88697989
634227197
641981215
526786284
277806534
105445981
896844295
222377678
389996640
289791341
332039356
508860103
20884385
727325250
487416003
280402351
102270393
97026321
856032240
850577377
153963611
682439663
276356713
592770104
438743253
622873057
884897674
815398715
354671531
481626685
265418872
508469103
25524244
442767881
362904204
274180298
969650391
76579557
813982301
155016183
545217234
773980908
862574996
641283765
705537959
494145778
890382356
91593056
194434856
782621220
81643471
612481858
178717152
900284276
835374975
33544994
794964516
362609364
497594588
492616997
23946017
144949269
87301976
23759221
819789800
127625663
908406725
12952421
160947251
856838601
129343815
801793964
532941971
162321985
18331043
212525471
301219667
724427900
620778462
514129642
997157302
535068889
841101755
450302440
360215113
324180575
461420553
596327809
958975062
355076700
726655667
165323206
844759957
2798889
167268709
600578347
810578975
302268645
471065150
685946472
920538078
924331658
988494297
331072146
325820134
339086706
277379900
764093059
385911255
238824304
254418205
971952274
302756351
41333115
253953306
618250667
195155244
289074773
909012429
1363592
712556349
871888420
646369556
871958
683667711
321949662
461314150
496787282
37364636
557253308
317230801
680542614
885064525
247572270
92091207
176995769
509961497
523035061
67365724
655772285
618554088
493866314
178848179
251560153
625150227
833294082
988107405
645437746
482392364
938762451
603302540
833788956
898492067
110631094
708453750
21147902
930087652
123565916
515168532
828477169
661544072
961949182
291716496
253385190
679822504
428247061
218430998
225110059
759238828
601956960
28742162
255652973
322694435
499919306
453595636
381787033
524209980
625916562
293265175
878101984
433957232
946283766
838237043
560519664
385630440
803894726
849346347
92664234
384951553
280437200
413152578
74115540
92617404
532292728
20658992
688771716
208086592
856930025
306854661
654504166
336747316
522041238
980118539
51606937
798177843
813632545
895672768
114758795
958710044
84799048
437114606
903330210
483808458
54244836
129387354
63440964
178429834
188704919
816491147
891165052
930958456
371598705
565413965
733994170
800276714
433272153
1585026
545158406
713825361
551840430
82420641
942088173
331006133
144263081
18709773
15813039
284671545
781561346
993303983
163566505
439240723
78832828
212845845
587953634
120921608
917846690
820542975
797462613
812074477
260761027
65342024
221154166
28988256
131190878
565769238
491827559
636382457
387471593
796690998
996818381
548362507
704895843
692531695
778556918
455366207
674522169
112010838
19364305
686089368
440591710
612444061
534005022
820962725
576407750
896505585
189914564
264925540
607277492
919913973
99864991
697626413
796386141
532274456
887827520
274495008
544925225
367584344
659363168
578016861
873001883
649686814
945001498
249535231
749321287
217673700
782331653
165407357
55182180
343007266
852807024
970314668
59632891
877425620
115778969
402565407
354955206
170562467
881326395
251585230
397241381
70495652
455932156
696035341
411210707
277769894
497085954
17213827
950994811
963301420
626312929
61574040
527469210
981857886
673288092
254737201
485433975
904882078
267958081
635047611
591475104
63282776
510129162
419244943
374037011
693321604
578105373
159489530
233490241
327945432
25525017
711963971
860037008
668017288
565384036
391944076
512143412
736625271
678381438
960694267
50343247
661271852
338923103
588326457
703404150
233380819
363282884
741431834
814556116
331701860
109939041
20307334
287825619
788854256
386653197
961066970
314058001
722967733
97305723
167903073
921962167
854675588
511944068
385896863
442907700
487014934
387804072
66046484
325070943
214821353
764202786
384510755
408420314
432808119
290081124
786098563
379997179
504260942
86025935
446290487
558550387
759905562
560185880
237650445
725405008
833531164
305021249
66069855
75818104
645914620
29235531
224924306
645608368
803344570
662957881
129705086
941728638
329492087
77558759
480630218
12870376
909574014
276011679
261291393
101611510
201243730
140464706
93307551
840803835
631545419
618679931
882801222
216590880
521106771
381092772
468731286
400896618
970707990
549905947
114930389
888975652
247814280
419237870
623800719
211664638
394193463
86169426
305370958
132978532
425438958
824631557
18916822
806377797
229247711
440286360
275765925
75038685
789859466
74404373
914861531
704976216
347959809
749901372
337634516
997605704
255360105
904048080
178305691
732959367
420335415
455508101
720938920
698062806
9879055
829794331
797042261
265020144
759670858
291012777
785210105
213354768
701729320
712995004
729844554
733230861
230709705
514113555
965329248
450715413
45082808
379774335
734101822
973288700
753517051
763777751
828563281
579961558
947950556
426910530
139307478
552996040
425486964
143047589
498794172
907992430
463714855
87035185
579062508
949522125
815656302
272158218
616566959
983507683
627818131
174409899
838572071
422230017
924419206
477705338
996007869
763140916
218603663
943339275
152129128
543999730
639241632
599738823
213897906
896970362
997800498
363979785
803361554
769939663
615430679
528079810
811601420
711472334
727836498
405146696
970145951
631889635
769110018
781150750
753303065
409882861
743593030
138235364
289191820
597628340
675859030
255233896
687391249
919750901
811665351
265432427
362575471
149040756
594145115
605527045
48607692
480277294
740074504
291825676
219114731
872304178
9683983
904007612
965192510
298930005
283632489
811328219
322039137
706950693
224998286
155865677
993349095
716204804
558765781
649371677
625371320
308170722
710022055
622672969
760252047
460657138
381616510
521168262
890009854
171256456
468980576
282271455
633982209
155590876
256695996
116144789
917457717
156440334
636999151
532494833
56520771
104436067
194063909
550587503
845628513
57424046
565863327
835373850
607744209
855628765
535764074
237268929
369684776
375578954
146737212
449261558
750622159
28185368
232385829
2191066
961829757
905800542
362429933
172271420
721345852
293391810
939117039
187502380
957794799
255907354
233379655
4052505
650080781
278635461
343142197
175758979
34582274
251542411
878110802
190242019
834989262
491784840
71100016
50582112
927629478
875349014
662416436
759985600
212887946
335653945
543178159
973850040
373338945
505384328
489318038
541835800
902889711
952264648
667749866
528081861
847935018
914696462
195036535
846737939
229776865
880021462
980989247
530364978
906539740
500687502
343741479
297181037
165269141
487921555
872496537
233416458
278821843
666407711
594723458
33533039
911948466
140907747
452542609
656740491
760142777
894523758
417358256
431935469
763582354
398138643
584984907
164852653
599610789
576954602
333827514
638191879
984576349
600520792
92503993
361772695
510073597
809596696
454726771
997477850
805217633
255318168
377277774
104315488
518688663
457432398
205568884
230076530
688825830
664366120
165562651
384824907
192090458
765340018
403316197
684974000
750998824
700260921
468750356
286294853
227152738
311736717
339713611
99570419
135197679
578976947
547940973
638087641
847694102
162268852
223681337
790197190
699440014
871228262
658186193
428072962
931485381
608418257
802214827
535408080
125513756
85499317
597455638
503791304
608903230
427904029
548219763
771429950
457588306
270211394
124125856
114017531
90084910
976118250
901007440
263437328
548980952
917286810
1014361
505653904
361557091
879396903
547820626
437372408
262789924
293630293
685293501
791636451
796060750
159140484
803555478
408583319
221603430
757342808
629712904
433626241
518245397
16815553
954403374
812154406
507190301
757310542
912898557
643006704
424548766
488503641
200237756
544788960
761044954
177759392
267388263
839286936
807574651
172411988
243362892
836525203
709671635
362974205
804781392
305838549
766539422
279021345
911887390
642745027
310147113
434736762
502157779
862501135
528737475
613513351
341973447
674677095
426522059
19503271
761060162
33226502
757445633
784218351
866012518
419460518
451907169
893175510
969459470
235186229
337416132
895557699
29841117
807322677
1402773
788355071
345642613
801787699
872937880
385413325
270461477
836387293
380180359
922222740
854255902
982878865
762606476
964339406
25559852
810422471
674452314
733483715
750606530
372833656
512643139
886404285
311174067
11123899
902731200
775571396
798652378
450427277
121281421
777426807
173180958
529091766
990281200
257583070
975857516
868878736
824147584
249478349
363870381
490102322
790521710
611264841
537720463
538718820
323010566
456924514
314514840
838106046
522226762
571398448
137491993
248027128
874127612
752584877
915241289
490120875
183159429
942415556
265822449
924693520
720232913
451520072
823099893
102615232
711787576
111663552
43114269
880594351
406068045
872454788
564460567
327251011
337295716
647159294
908495598
760152716
493316716
78259323
121240509
610830023
639429158
368591465
737019665
145905399
210756331
314333052
473044132
662951363
869843037
342303596
378720481
113959559
686641425
468753424
177083722
893602664
285934789
396267949
244154787
270218594
160671483
932241534
701371150
993278160
350178744
190756283
12460668
748924887
186019266
715110209
776756499
943196494
134269034
371318127
657632072
445338602
702534212
347747657
371303990
637701311
76083241
496507851
667328071
695167427
434124435
526861820
900097954
404020912
232999944
663653307
604424139
470503165
412794346
625688335
758345663
610622635
955553801
391635078
660502474
619876282
324226437
761676076
776651690
443410702
26543206
916834733
975773835
755634293
889398489
369308338
410804436
767472976
391125737
589760502
589968059
857830598
688687870
94414418
779738353
963643345
188818789
770384903
632904423
716362156
488929863
268275824
702685796
156851581
219491109
867607370
467844803
755494082
827155977
602711498
868668893
947338009
941540571
848925020
137381147
161077073
930462082
477281236
334916212
188610573
849372632
590814844
40215785
759613430
440642011
273806050
753965930
930778777
643434464
149807326
153814640
982040456
584085452
314592605
535267077
62307808
960121037
647323104
517612847
863579704
795989348
888499869
412149955
941194086
244361489
163331368
869101271
852656290
763341247
805846458
407752925
18478927
445666568
367095287
605230930
978080421
519473016
17466636
789679687
54736570
313342238
158628443
442371999
480761505
825761532
744466995
162093930
425056054
484617813
48498324
713965672
131532604
499035361
943215549
211616520
658834097
646715160
176136495
890706406
855627454
457058897
618657269
337962316
983358206
176645957
41987729
151578596
317672748
13677728
475417975
17641788
341387439
438844670
326026235
765846542
188374585
564603647
622266657
455341997
138149979
794851428
702086318
822060052
10889638
594954711
312888914
433815201
636063236
903633330
667315830
476096140
748665993
699167122
367917429
131388816
603726831
882611499
75897881
75414977
754040648
429590011
872666751
701025005
277425554
155372049
397758841
607035963
608440205
958870476
200581194
512196859
173901452
993353039
14621022
971122372
858046749
786851551
780938196
129871306
507665945
557347092
119614827
296789825
914003074
545174515
985793216
58490729
242266854
985276475
829431210
473415033
61719801
40391468
451210634
600479629
270963206
182497122
811979881
556429181
808996887
881332214
647603693
529340721
600738488
93669361
136834645
939170404
848534883
674509678
513367682
377377274
679725622
368369071
909217330
941820638
826453063
906696758
111162876
308424006
829653138
158051332
820876564
129529560
324788379
987318009
102867058
546288950
899759630
65978686
428066127
271173404
154305788
843468310
62303197
437089141
945367124
277260011
755545945
854896069
934530096
588720637
431486615
168382677
4052893
413534110
602836959
237317785
816478374
49487935
729128394
799809438
99092154
116698024
25251895
87129623
180946724
410402541
555936674
433195500
239686177
607505907
851595662
664641395
777951626
86344629
146134964
691311957
83058881
936253852
196881788
382689124
658438229
734224108
358484005
196260663
26778580
164904720
220706741
254443816
437037527
343635740
217172400
741668402
730437007
645553258
935023805
508313516
583301744
497260556
656083395
826338119
125422719
14147932
421811088
799231055
925909299
495398408
55057054
463426799
116409194
854405078
172952559
434052011
507909280
450507213
821081693
475013823
987539378
720771720
993714513
256844223
327303986
228942669
797191670
690511915
154618987
592561733
589139568
255191125
66822819
168334265
45094552
443440900
330060404
223362750
661464834
830708978
822313732
63798437
940645360
632297381
132418860
29659718
316465295
133666736
74725729
72303046
734033292
330119383
854280325
12001980
125236656
291882397
710437934
646378844
496797091
555168309
759008878
387852384
557462491
821566741
789054048
879182807
598175636
900807438
37082547
738462585
102768407
735354544
560604044
228124735
279236279
720924620
493545932
244165896
654533041
636065619
629092936
683647384
150662609
345998390
32602939
218894720
473294575
770289591
762842642
216551541
475316996
621984655
184367278
656633100
651657761
944248580
590998610
851542086
866078127
401365700
970831102
634235427
761361825
754630573
413635065
702007585
948226039
52486499
817721766
856383201
609152639
9361426
605393680
725297373
961823968
633302380
407038869
404013593
95046192
449556690
848540934
94622241
2499489
991177352
365581772
725842820
954279534
586176933
616821106
312582292
501090968
765432372
818634687
493847445
304728200
415577618
846144894
882166392
154596741
740581318
447089071
775211909
281774936
444239522
596954799
377264895
772979424
672244579
569680252
617133879
638719227
328698453
524201897
795675319
949204006
863739720
359771484
666143786
777033152
51522848
796203329
769456231
402998712
30847189
261132301
174256737
386354850
508405812
66853627
689342510
236950480
663677513
960689542
791595368
294761426
975996106
959423801
453480743
596390211
145039244
733503744
541338378
990884088
150810776
700197315
119955072
103397180
291517142
875960580
68144569
895482512
378246934
461862294
420750003
515839647
198938473
564990481
543027515
216883743
258735956
309896844
38756
371157639
922097274
591439076
861849525
246229297
954404414
844047760
179747787
707080072
814893184
776407664
626292625
189627572
169645379
270718910
300556326
57279817
598396733
186700857
96114954
618871853
48358513
332594831
736806276
441933411
410345285
217718628
987590014
419260762
451837735
300638240
6630939
365529374
978529244
555630269
503623616
402473778
99387578
68147814
295776794
373355992
404258618
698028972
37533336
139473293
208622910
46608633
947875874
894860458
679206417
933668164
792255841
93102370
767980495
329988325
664057299
745054005
195676309
433679166
363018523
715666753
341649390
401474325
934803064
571259281
139615648
149469364
777432954
195102749
465196173
288246054
438479050
730018883
170723784
57881976
252177939
467760727
764101692
655338344
530955719
267330304
648919697
300976947
189060474
134258083
648875869
874798854
318891990
311507235
631794508
90981439
462264696
453526663
219421041
478643539
949706785
538276769
569206435
484274894
489192459
502437434
598290070
310064820
849381358
652332636
584317939
99012030
527155967
756435858
547309874
823154016
906840259
896993468
657090575
534447207
48810441
691986618
704092008
831397799
861596445
262404325
930736755
146955846
844714748
377026636
358849669
644196056
866864771
596467944
698774499
426354889
130604807
135380338
540236537
730361055
187609333
272815619
832458491
136596639
868225339
321302152
127893504
262479138
961321487
659359770
313371193
330545893
901373382
946922387
201868905
242176263
997212774
931610095
160282139
917298515
695724982
628646175
880205401
140398789
136927367
585166164
858843675
504724770
732825092
892103024
45806634
957573122
744588437
142808914
804016500
25786694
582181372
500300278
526188202
485905599
404919129
890702672
401100944
73756356
969671105
559278398
41307795
821224701
870769950
786656050
912042488
127356840
238221348
757614465
555927818
150556469
799527503
363344785
13148987
480331521
765819070
388958588
866979679
614368285
339636211
101533871
616871305
761762673
47842901
152878955
77947798
251565882
974309110
751073548
417088061
720958541
405336667
931808318
644001157
855469255
904846939
851691929
383630935
58657129
567044318
377703419
846596897
143409531
960212833
221589381
610467773
426340569
629961159
409462842
722764583
791726197
141808860
570517186
419413341
373734825
981876345
946870057
982084615
100312221
538175881
352372579
688598679
818604391
925851566
566653376
117318440
261702405
192134680
165890016
775283198
133094432
535356264
482580380
315568929
36172549
140680784
511229489
614618027
955539391
535681885
820948490
575525523
283838477
803834961
85259992
571197544
194000043
201900312
330179219
891449409
44415731
860905457
672832444
97452793
705797297
314974830
341659466
497111587
927713177
672878596
220856292
234892590
226991105
409210528
467652810
433464950
109553848
241639622
778313033
350446052
61257599
464766508
475460594
412483225
679625826
328363257
523793731
887636911
348013334
274083807
796675057
696807014
898925280
649300093
173505709
266022709
806484192
485822995
131181636
515372340
980245793
119000087
738288113
696406736
43815699
284865492
584201659
482010886
869461540
414081269
170708319
730712996
636884553
49582273
211266353
99092100
768352925
870609784
347103294
379605237
101987847
628507201
532741527
878568886
183457659
41099324
207930188
622322887
619252025
186744347
422732962
646079870
84540688
69721983
868156955
615087738
936621239
37640821
314452633
604389821
774399077
543826444
782619210
814336899
911757680
35414117
564440584
565096306
930144356
264056668
497897016
945189861
141660367
205159213
990349451
910547327
968324586
864347898
822753208
64725678
102378582
210325381
731082137
396227018
440279505
755166728
569417648
832473856
217199072
169153787
708703787
582859413
229753191
602349411
545331526
332688060
737979323
425907252
296949561
912630978
66059221
379689945
544518051
56603621
900377982
715294202
56408786
60314223
844074203
374079950
730183028
412557703
86454196
171215285
558748429
404305923
712905193
850470469
975217304
211058763
739215615
908387279
968445064
83637484
415202430
157899021
760806010
699182732
641420971
389918919
442811395
751166118
973465686
44802902
54372559
578182353
983887997
656729211
394624572
552517827
506091538
915411647
582471046
209112944
661869805
117752314
514726098
855921850
223004327
855738870
541784401
145117239
128985365
176710788
452995467
359018514
441208980
181972828
507550487
16306759
546882715
214678803
745447749
189386634
1104599
522721965
885606695
613403287
566583005
352519145
393781612
695755053
91832407
640320094
708927139
133760931
875478140
819598591
566704229
74781058
907584348
859629793
541536878
219496233
700308777
298628733
950720178
168963973
483459290
646484699
403132702
37726275
263796471
126165920
804633488
982029489
791228720
49236567
804845852
983987080
638487634
621020751
220386427
784665740
581475712
388445619
390310955
297141766
393151622
426287925
582451939
983703635
941484321
911404713
349162051
119518297
923496418
260213033
804275484
259816950
400476069
231272912
145577966
656955100
579097634
684489678
682422004
765177745
893992923
274952534
577579395
786289601
743631186
836770912
64935524
450238197
676864971
310013595
55325575
914034060
970687130
776621528
514970962
130670530
336639143
149443722
864330760
366486155
342502858
22766601
560894543
111474476
275679702
159784862
489614540
454692310
481518408
37517797
663963762
686297098
156640532
919420571
251945022
971947431
888678609
381522597
174910233
296061340
887881123
292980030
679358312
973710261
427935028
852925087
61123211
225747307
940902811
754473856
776573079
2803474
789333199
450297758
135898748
416502084
149410191
956867268
794275585
666088713
535528372
930170462
88009649
256896817
946697756
339566522
839789942
987308293
797776532
848257129
491993021
233894072
395785658
316330326
501832417
563354892
17821456
806644855
228889857
923814650
966359488
503564078
986630594
222916390
86441616
904578471
598514873
655186894
383834109
479306894
64373830
729482044
265581218
316677434
271661783
802891961
864130899
7133593
796368694
372590639
325432212
671098967
449006685
609808982
471252634
423401160
144596232
190108896
838525024
312949280
320948506
741990929
171759531
76640447
442655596
274738460
673500678
653449268
792004511
393073107
746031125
178079405
328236788
824642472
250723352
881398105
22447492
363396101
621957630
780443283
88374598
739595359
492971297
9265430
402759452
744200105
525956647
926044707
618680299
679703921
794782221
12297740
540794805
795025058
211162054
734925877
471795653
551732117
454228342
251845794
450872403
745936799
872688013
499692792
329318291
235063208
32719222
979622299
383659930
175808092
747541338
738694739
257597650
637788329
163356331
475797333
343391271
483293506
729259426
26515647
200774923
322147275
492985954
460511693
711278908
403284358
652580208
546160984
509092515
911806815
509716553
139702405
47834633
937694826
600079620
695921200
118332828
501383403
443902075
2037320
7854129
931737458
426072571
783404782
109589769
478927700
818478120
635495893
993186908
971583306
758128344
946136044
648458104
302965623
235376532
402427913
915536178
190954054
230227869
495552575
659663469
656122948
870701091
179565282
780491616
895244123
108749592
436849581
272573463
872390557
455233185
233930348
764887979
102399650
333022592
194596584
183273198
857513584
731426889
447111767
916294232
161921181
507761302
645197331
846033296
107804829
7407765
274208850
408684094
145947699
878946602
317179372
73176131
231629499
3117059
257741202
243859821
378942629
612995109
661146376
352130028
319762963
295837168
795862009
307086652
338592365
874457980
922362680
251805840
803311355
597679453
881134160
581571597
301928845
544241428
909077555
210306200
972076461
606128634
389772651
196083770
893042806
170680380
266219417
32416434
844185364
370902748
849487511
697723287
781446925
357366534
272729334
200101236
174959211
479545649
212951734
296297806
628140014
343401674
477655229
237130580
56504246
995617252
473643105
541754299
471452723
235793318
751804185
715255337
80465833
541350518
280431973
454013362
104101417
851661377
582984986
982566907
661469071
502009970
332347269
214886543
589638597
493201759
378151037
330974100
859720071
433122209
232906888
519478502
278818397
419597118
437846688
118880115
54868614
136523854
446185184
599366272
434264244
770268261
192526565
984297923
687198304
196766130
85911333
949664205
199382261
400499334
881037512
422489413
698342602
212686756
793128856
727749729
620518576
631517617
304963757
304722749
929949680
491106067
116938834
661184528
378729211
540979306
275664804
32105581
156382573
361186551
509778525
714577420
524366328
117029157
21980891
609034955
620977923
557243116
922900257
674544223
322668337
659035459
593135475
650505777
800040719
162370632
960669994
305310093
849963348
975556457
979768258
56480689
154294547
665471845
486488142
741511685
641448971
192765486
654844977
990769513
292019233
280521151
310577569
627669506
167421338
415344351
545310734
958118646
956924791
322093297
336235666
97042868
45840806
843390295
161106508
522390821
587776198
866802595
17924746
768200253
895280442
115964116
988648622
695550011
610281167
215753635
202886827
54757816
262786506
905489990
302587197
483525337
589371702
71229943
381046668
492512766
732820992
532615213
852537824
208718561
567338830
525082572
252228559
378846408
241219356
141921203
815775145
167670162
684981608
153717564
628434864
348942036
302157967
954160828
605523540
240914712
865199710
631378211
191339137
37727049
548299455
697154078
287221564
14626028
721712688
329306320
608953897
925773290
243129955
61106240
251947722
701790750
373293678
406830819
761128740
727730297
305121831
92472725
361998450
799653779
82338118
968125660
223867061
412209017
437616234
18082075
25182713
919808321
469136485
672997759
578740905
964925776
771000860
941644337
848836900
269864216
346367463
455226130
407970262
519330660
388528752
759872372
624048705
404179778
247731395
472584985
755531291
517222044
456824368
171061047
509411753
203585888
671952875
908780320
989180327
603732238
589129231
994142269
454853
872720492
765439553
650797357
269848540
299391406
275386016
737285487
484517395
789461106
556761834
437303404
661388983
583515901
236149302
552877390
220784524
11254825
533196754
205331495
661441600
506382090
412596883
724756931
710670362
719007464
926303394
522521689
622466865
807858082
45162021
719599632
462149429
703555103
112645537
955398297
520460319
87107252
777891526
878147274
493094535
300715599
689523573
177125665
203393793
746736320
976535216
391639929
42370193
457503558
386922405
46008260
568765773
667598721
235767713
564225741
452191834
397229662
743076676
677283144
863638897
956146185
182726029
958385718
628571121
19605272
612589487
956354899
591977559
661023749
505023345
859340595
556218846
93950691
546521539
717162765
327256743
356025354
215554526
662163787
850276185
904996795
849165370
720292072
576451267
966572685
71778023
402260498
897863139
69945074
714915907
705399227
615125227
887790594
701925484
759190655
322815194
968873511
975104782
932833596
488925213
851839070
37988202
859607554
635772389
466022732
302765454
217435620
190255721
880809363
872045879
580514804
251757758
253193218
245091533
348657562
501376672
224776972
34104628
770565646
526307479
985631295
527309910
770128249
627702450
432360385
314229400
454637611
554093685
708592527
652249172
611261748
512545973
375813521
257102714
230693502
52581610
682308034
707339209
294449862
856170158
710624900
874646847
836351055
196777520
360415630
450752972
990642124
210104996
989987046
106592390
617511634
31211795
509308464
415514604
241620406
608530273
229771760
217824790
271215449
767430518
349060650
545941310
296881465
744524006
776791189
321028861
355594000
773890715
369043730
684883446
612749820
958080588
670492246
279813972
983787511
571320542
789185150
848496274
85273285
379360607
558885672
905814099
217043809
371420913
198116673
234988118
117429776
229753300
893649283
578822957
465755471
371622832
86070144
193343464
691103570
262918213
508303249
961965682
268743735
369572034
133558798
665576818
486122550
470611047
751555570
569520947
440555910
980407714
456863559
842105536
718419155
543736902
707889590
835663216
241804477
576699790
736356850
482330957
566801445
544486149
90579574
98172210
961896077
77083962
679679092
828404281
55436713
374615669
650776223
899086779
402567323
669453527
548776211
187881483
637538708
885593232
718577832
39066786
357261071
330402088
35073017
52693649
838885511
925483317
994545002
211979954
171492482
906521815
162040033
468441497
910409923
200766127
301462315
45506232
284723111
425527253
236043431
244654463
676156739
209478672
544475694
622767594
366659968
402072444
784891638
175385298
109904730
841340891
764095788
722051025
148464932
67075607
362387567
376058720
814105231
985862401
464450938
577131200
987216116
215371022
816052672
277682065
733083975
151953556
16927022
981271214
183364968
295451459
980410890
977038999
364136513
756829157
926572712
279280868
571308254
280669709
136437483
856401985
746889967
587760180
684471677
843953003
287153022
565460032
402642989
184936248
741157310
223525888
951017132
684511077
918075683
650089456
940370760
495722419
893250206
10454863
198601166
165445986
418600204
319708653
883949717
505256427
332024758
744524450
20337653
367818869
976980598
846003361
255669456
156950569
582673908
239610700
41765085
753990791
183634141
180999965
307242036
674233467
903281876
707972318
930142154
730739866
797323391
648226527
803130827
932050345
797522905
263150018
432011081
71532974
341178176
341613144
771491694
754298003
373191291
815430079
567292969
586716445
530639820
597060739
788856926
542477684
724636419
805069000
473523710
509021765
754180459
613136629
885599586
747920500
710882771
267251054
232773708
426543981
233803899
701619896
148379534
892445119
389772838
627346661
898169550
196221572
631726985
679008013
420053765
60344264
209633949
671574806
969604561
647233583
581831413
704619298
405825576
844329527
381603657
975478341
608006211
428675652
273165164
331840741
40189169
620473567
813082313
169869425
591044442
40337023
296417941
72730624
82593525
781210237
225078840
791059749
192184141
96977318
517541537
614987398
950596485
930042856
548395515
820346424
353348066
773552720
556818289
460092043
856772901
782030815
663486752
824694344
490839981
607008394
372500857
699223880
526812858
578305166
886879798
141981686
621290495
551634828
345281223
969819235
778627759
588475619
359771519
315910226
578215441
519875064
867832234
91888506
148793607
863203953
302209410
41410293
74878646
762134619
909187821
636760317
95255157
880474034
860170511
232079941
848473695
986590231
297654656
966908988
147257069
636338298
321405018
721755847
531549934
877889240
720372600
997242101
859606783
989993654
397357630
401614890
856904356
924582712
408721788
695363039
432527646
582497316
104786228
84696521
310023125
591415968
121401045
784267315
370071606
107244609
691401967
791568778
920178371
903083253
157511068
126226726
129163630
148913862
382733624
42897298
165065410
317472731
544737339
659834865
934637045
776314696
257308724
944808786
100339501
937451822
209883325
867243075
103293647
839849282
579584441
210844226
896179627
777923588
968883110
585055898
460697404
189568053
351519244
693383035
302735011
489641016
206424818
690501884
241865414
331944242
533345452
921919880
65870158
415712380
460744542
846135137
569854087
600722375
88148922
181123078
263990317
828971842
923957437
469098280
856965510
912082674
963527031
134505768
705911407
780486671
770141423
934196856
643196064
661761085
870288243
209250533
208910100
974554785
669298538
616345033
546491266
875795761
158559935
388696548
930733789
59788411
936426875
106454448
517175667
781427796
528531244
278656739
745371980
796139029
658047599
791693046
904345888
924571590
753734193
801545891
955906248
604013548
835149539
366177464
988846867
935890919
834681585
828536796
716902474
64785827
171368025
505503946
316046651
99336457
67077547
356691354
890850370
413925729
298606152
612793419
867917382
577354595
570866125
511566291
323953634
225519643
230533069
323174725
821031822
570126021
698228703
847993461
742822343
464942014
849145710
447255777
789018719
301062857
71030353
274917655
34062938
703452280
272694163
716748862
825215350
759061234
708011657
45787804
806938016
553379067
270126901
713486729
746188281
222964543
402232948
765652584
305431238
761035471
844544685
569513129
876829312
551545408
833470188
254365599
939078206
807198046
961480984
568465803
912041969
111524613
670464122
174138342
207411574
330775228
793010440
366489687
689004838
444561034
32609566
858126363
172600875
942345621
495214026
483826561
685576460
128446385
676471182
932860291
282808611
432035286
705598486
678885087
852471016
7748492
926390986
1084357
375070519
899872452
968919096
436903738
941414593
535050090
915398501
103638943
704670903
390356928
380030308
547747679
775847684
658839702
103372913
771846152
512599676
573376698
673978780
990018286
294841945
414485441
249129084
893113854
889422059
37758546
778840745
275461609
453731625
137688432
182888547
461013454
380517039
431639777
432598840
903619043
336747269
500221861
198822103
337789336
731907404
753548172
840186104
609659194
302143564
36511979
261593008
156286735
977282728
563439302
361299303
84426640
577021565
899877592
723921238
375147102
896304045
798338250
677875232
884289377
682999093
237282163
559402699
34611249
587744579
696626118
461320827
553704281
276404771
638202983
670049724
34266353
153431106
18158722
208370484
179373341
704771802
397838331
86129399
532091514
187327188
866005991
195538260
685671470
366441541
451677108
774860811
236630715
246452509
221233161
194403762
723177511
364904327
758040110
484524059
533120873
322274332
796137747
697141227
168011545
436899404
584071542
864783806
799214265
184226886
23400991
166744913
809166114
875333030
192296845
331262509
404790634
613282225
511070564
971734744
623396095
595535120
467648286
242633962
959527381
857674431
631630093
967064741
199960060
549060393
74441701
900241546
760131702
66508353
695549971
438609663
161892040
435583661
744549989
732633925
778184028
368960140
66653732
728578178
911875132
768185797
393469074
716643107
461851217
457750109
253926302
706526535
452937586
756401772
369800432
116763453
625248629
484015862
868534173
994300934
368735379
952710681
489305753
405388664
931923763
712651153
300750537
838812753
807186444
765667681
980498611
703952038
396877835
285433380
471283283
766286225
136179536
515303000
638814749
331384895
818222270
491138136
270035131
8474147
169018437
30832842
884237582
634876684
602044422
762667042
919368605
210907401
856652621
142539025
366421845
242112561
674218845
542195281
894820418
889005663
766476770
235666481
795997637
269046138
749871744
839948890
619499309
421213346
818865680
604818886
802146983
751754443
439364184
833021119
565663767
559946963
902150206
911464144
777694605
603315530
111972727
97260044
787478818
875704514
950691198
690033487
764909201
48441488
871245529
866408088
312808623
843155899
222622600
528497624
408616654
326729279
492341322
915380439
762193557
930664904
369219670
861492551
133698972
67682147
699824073
289075519
198641825
983405871
595669315
997894231
417919890
191776678
933408007
334479055
196512240
528830528
549935524
895239566
654931273
868706184
288392120
982592111
460384432
894792907
368546796
382286506
459715221
306283024
82566285
818955515
529367759
261236141
111263654
377526710
252525376
310762641
141559846
542536463
172708405
866614811
300536495
365391138
912394274
575397638
597167818
823317883
876726268
987195114
577952642
103100741
776017365
893246859
124054144
188889170
643113847
873836167
194457705
450952120
146607010
585894681
727191631
949610650
106685814
94907068
247182347
804735504
864636157
827338742
267674459
776510050
975196002
674114103
863339846
846202947
616537028
53070201
431049129
48687631
473375185
169394924
978904604
154395487
777665055
187982888
274927033
827068716
447462516
757679708
146475238
970384366
72464853
392784102
397914378
982225467
142150815
355757316
471135838
764199184
829576481
29946654
528546671
558006535
61795371
155721752
578636854
609548224
754802367
345700910
636259453
678884463
834548627
193797088
404945209
509319724
936674997
5638053
309537548
864809725
846161815
539519204
42357535
369505576
533859852
32823039
341153446
540767576
488649173
333938152
476359363
856837853
552243945
669493192
510849539
819442382
394298909
794195042
904589519
874850142
667721789
662733139
146870023
944161029
647060447
86688000
219834341
89426021
694726371
200934264
860727357
254676318
119501574
863698649
845236507
815778533
754291225
883180619
40015395
359732039
702277057
20909120
21641097
898405801
107248851
384841708
692482142
569452842
955871797
867621519
419903080
750508935
283182325
39534882
201373247
300996201
587008526
410870963
544520608
651439814
666946124
391474171
382763087
889302787
880638472
732573795
266841832
300747123
612061777
135254409
142767904
452564571
107126376
747036140
176589472
246407426
635205407
237085133
485602837
497144046
683750524
980911237
955129595
552391423
386377412
632481002
944522617
562390511
386399581
876642822
700888232
799437134
923482903
972882550
276963492
278179955
443507314
568669055
8045844
520228683
269626882
85432319
778905445
886230679
265388257
612985098
505713886
745817845
872375118
759022859
414711311
79211170
951733997
911383017
144896725
553062897
570914699
312452214
123449744
924697806
70353765
886574362
500162643
347894888
368377492
855766493
970917687
246720377
394606146
507766586
560213404
432151665
837575342
4752564
288759548
848948254
534140125
66771111
779552680
346790053
296722570
17315828
575399641
89978019
152695726
682709126
259105437
646733094
558668381
297557918
414913997
152899168
888297972
742190214
332216883
759571758
335118714
202820657
450212782
756844243
772977424
181944182
842374054
75232160
882144035
211349301
504929462
907382445
453789046
929113281
397201153
505115281
622738152
703441940
778470414
770527799
588550096
879369481
238858776
270603027
985718934
609451094
160660353
802561109
977393588
89631543
612382618
901187581
129614998
868874792
148985017
822881100
988997865
193969848
70092018
329902604
580406626
167719615
813847437
970640164
760744506
683170320
558500001
398970012
811861637
170556019
574057783
131441295
669230931
18177758
115654497
680056743
643433449
111401955
277667537
33372078
599400081
290340666
9845224
462212123
584869280
24990379
353698571
280877428
549994967
324303882
983112460
125531700
86210532
558037682
60584280
301671563
751347717
552078121
497903406
72840816
426458262
797395857
44041249
714727246
520750721
163198264
27199094
339543693
66264277
198095610
65527399
278018017
278724263
409874967
244309577
413770281
457989947
283608872
571825765
914139985
7432524
169818373
626458132
581293654
100394857
320025093
536301525
791815536
492742466
117020292
215337417
942450463
377390462
785027405
537899542
840123582
847787152
690068568
36751398
934554626
420267868
554697521
488752360
362033335
122689710
523444216
14347334
96658422
44334447
6215324
458923025
744131272
737202741
728258408
860690892
869144038
679029820
142115811
98447824
833888530
302311612
263745822
59045357
991613588
114052163
611424585
103186351
912872110
609133332
760037744
201649701
886321455
334643269
184306408
43140931
311644128
96149560
336685164
573247858
721793227
33755354
427028079
400457790
454010365
960589465
912468676
384346769
968604366
767645008
518908740
51744202
959590754
74160456
236398163
53148022
643066103
3285791
47340943
822688144
510172377
239127104
437348351
693286647
530342955
74962007
662087114
725466489
274165976
950249191
962771394
729862142
592505267
966740447
886094704
152715369
569033279
238836260
17967529
516879169
216816871
352435653
549200058
509286580
533309968
215984112
669972996
462087679
459975513
965979789
212321767
468070731
197564960
469001323
982378333
231681052
100896982
809520225
926659096
677507577
525174994
239466874
934272675
889933000
358531666
389874791
417061174
451926035
345457430
698527067
213090130
568257344
871746610
761276358
183763475
827578569
540182096
129225860
439302798
854814903
300781483
905889255
693951099
166146103
709391672
739254133
115090766
19770469
485543948
361895326
268619454
212172822
327512640
341972602
983367371
316973822
755560625
8325653
273858624
406256725
779784683
539300303
100479191
494506980
102311150
441489579
169735644
222205212
691260884
284012532
531114496
210811472
961031110
62486044
840885302
727237661
851201781
763637880
454652180
471555750
617701950
700650278
419921862
844220624
541052660
350126062
4447770
164565790
733138505
536309672
314469152
447306858
708461013
281609918
917656201
314166715
680793644
713952167
547436210
510553343
551417254
803831441
934425573
778383039
635992952
426767271
250311726
862116980
441405889
574809958
213452538
181674456
256638231
410364207
824310989
81163351
784541413
157353620
168001173
62618169
41869325
124465451
307371736
140322518
627566974
568373224
424068087
919523518
756947934
199642009
421862402
63630258
139870612
941533415
586431393
441294603
596064645
717249588
124916508
752254153
766562847
331297419
474801600
925547324
753828667
609158147
301031522
157951330
611499182
116976376
74555158
215769276
623402845
284597721
198473449
265960159
426224445
7794633
301369421
609311087
938755326
353132336
296082348
897576270
361108117
456716719
123447870
372105400
930873658
628390289
144278958
934561666
831478676
352133162
688456944
909132393
347364336
28176948
938994612
305856726
69165048
840225029
487208419
812289829
764367448
34709954
613220865
723670720
22870060
724007660
270679962
473443061
441892890
706557702
901527812
777861323
933447104
565362386
894241425
38478193
432479434
467101039
265360317
373726461
668781918
888835403
716626108
853611696
202335074
608240393
586003507
630621605
801900177
303507678
564654783
206317100
936840958
473896395
359045967
266657117
851215693
85583488
584225958
620287703
695613240
59204392
702461491
837529853
161423784
297162286
103779358
985190918
529957874
949617306
176571992
97598780
397278199
21932791
527869308
205784179
61134966
474539900
135093281
747955401
890267576
491330347
337185511
448178109
225964425
449835268
979986515
648380040
957527181
983074391
258690827
495097106
397609420
436026049
630398381
734428443
769964683
694686167
392126026
795450787
910398780
182265333
927010791
131991381
74037600
261994001
448272644
154037521
764602187
908794876
198420804
761684928
273075713
84349418
766676460
419210697
155931437
41582130
582214488
874879031
918295896
256671540
451228733
549335210
757611950
437142219
764096371
154074000
735678892
367959157
569269261
954858014
338274664
825978604
892098882
388928059
359283241
447127524
669429141
102225769
519523500
637314171
704972174
147556035
666887537
381708444
956486080
192542637
420730914
555172258
701988140
799498086
311103145
604362738
148606243
74937754
380323599
948442962
622485549
479887810
722668683
653430785
989022701
435359994
301822041
836514218
790012466
395529977
576980931
187526006
617768625
148542273
221961053
740291829
818959166
61339859
994808388
82700033
21336866
937915058
129142495
279733289
6142519
462956191
950917684
345334032
620797135
827042162
232522237
172888104
393051581
496437678
415976748
449325181
592805584
599878984
322704629
210596216
390883625
140532571
806234489
156046613
92644012
401975219
622986571
436948288
769339542
368584204
64899329
958908775
972315762
85298294
754979258
852376358
935829624
265921051
236146974
339928471
748462317
156705884
445579531
226047195
996957861
860382557
614255066
641790975
381311876
743628359
185012780
897217429
156283654
296248383
791152006
376452969
776924107
734181360
525930031
814583778
840363594
834600153
388116880
485989999
502433263
319930987
535507615
986323521
948605529
745092723
510128306
917805619
914737815
333423880
675884149
865191374
923260409
556695584
250082637
404017725
624985143
539263967
96692169
393343892
100121028
126984049
8143612
304484275
963906814
845920681
963889165
440871491
791328494
497279375
50697748
660046290
355603018
125964960
308492754
112750419
379825284
192371036
323607058
872225329
713994065
131951803
826416895
88472412
127171949
126374297
762699888
870452612
553758312
182243021
915168738
207477942
975809240
182620389
737933631
728510741
264068125
814365433
568963941
371289589
295650478
801428619
965854862
714774417
958751725
408370325
811079268
514158635
674126314
411760262
454178479
68044321
643080763
657479891
252587643
819240885
9638466
343311313
822943092
213993595
548207752
902848986
672883895
687747609
791120655
168738821
520385536
858965615
616242879
634394999
181071340
1178907
430444373
216428963
893702261
326017777
651532510
892443623
301136196
81399104
66580003
953308591
560658068
414129372
664848309
926300800
570731238
582042264
702998968
79982469
845009157
991100479
505790710
821559818
664477079
969430068
909386348
111967892
442640875
162157575
567589546
964489486
488506586
304060146
44449388
562985705
761447462
806619287
834560045
917279773
84921115
777503145
894666107
462754252
620857539
12192228
103072303
563743453
412736502
63523121
508775993
631568442
299512236
422553897
901788861
157598820
936622821
38624061
363946000
399269316
660592411
400036019
267604496
79860655
789934196
608989309
880820017
246946964
632680227
37950808
936346636
176325893
981196624
808580136
880850621
744092006
339121815
939613331
807814414
623814613
54320453
660204532
443670820
595458558
182141058
864179284
398350817
260304945
326917617
232473909
154338109
862092510
201401331
36300813
413233761
638834616
393120510
435413095
102353904
706307269
915837861
386721187
969390714
808203540
721496458
707302873
288774710
344373578
218952538
663187476
780658847
838367062
335857953
78411814
769758032
445181559
549288987
889861418
854920003
382180017
625419990
333796025
459426634
112059139
31785199
903756284
762203130
819593741
389177851
69266537
29454426
153515527
627628535
137640303
537129821
53809185
580784243
673492609
853073013
516281949
471194867
129509654
375227703
834457115
582383914
228720534
598525128
1645594
969021408
287361620
403236702
783325009
41735991
758165188
181863786
456681058
525001788
817820112
900803390
134392569
506587608
786113622
927800383
631459657
305901946
196063707
978114032
894376569
904109372
361997895
917625052
287872419
794191813
648055294
665886635
735669972
923119632
398986903
164014014
149171274
432448309
737531227
891390544
955174359
973725241
876710381
927174389
283152296
675313087
874157011
938826235
567807553
276449716
196517658
443128064
473547721
761109912
241004852
104846066
374890523
427669654
315847425
506158126
625437859
87557301
621682562
298548836
324692077
662768745
97206538
209001645
632974895
837411916
913818720
48486693
228534515
21887082
114544655
766722967
263002455
680914485
85543103
108680018
103378527
681365813
43164281
428888335
870264719
611074403
938278596
503518412
361927136
606910232
965351877
329883761
948487974
547560828
692262952
854919557
976029639
710265693
67823469
357230749
306230388
678713930
824186543
347447078
965650011
955009169
900074260
803044708
516992998
427836086
309573186
392384457
784011740
145045894
704349844
784060592
21527436
471384692
781694676
894725963
988673461
989254265
983673745
343665141
969429618
938274682
247712716
194634663
771815426
428522889
88040226
166478583
321468121
70718118
353981170
810174994
304224179
180997143
952346516
108661577
631726534
253711838
164722172
258286253
28349436
11550665
594582775
989715110
768452827
507841119
51171953
648557137
493794790
835492244
14739132
165049771
424699637
594349250
848223119
570811235
145957868
931280578
772870184
674342514
868675274
630913447
32038672
721598744
793556530
268832341
769005441
569710044
992975142
570654840
61158105
484507421
54161996
898133664
437342523
754566088
907382889
928021855
879010511
466113138
18429693
817652854
207899147
287549726
114414383
831715341
727215039
122980186
628489959
245147207
368847599
143407105
138814018
693805425
942067155
782659703
96578223
162507383
427053040
891846293
287594907
941353975
954106093
790528323
128590365
265999608
970021078
589777497
392555879
74426829
311366100
248186917
173908813
684938233
398077333
903447674
928076083
892325410
91509162
627147288
159968553
55651461
618508954
554682423
293681169
297952957
124537606
516172610
419843222
430043778
433609250
774464718
493499448
888468125
41740178
894482381
991597110
783833531
756021265
506364903
74394307
352076263
778421997
367676018
360893528
430116714
258571289
599412633
52992509
369852815
74414823
398245888
910670155
803997918
526946085
84642893
962507216
226860779
715934881
679949423
878695073
720774149
404419510
103041367
959547729
828074841
936863835
446799640
508493664
187188439
439284547
580146817
373631244
327995207
925622270
848545559
255462765
680337367
992859444
545384608
580877858
927482052
812276675
612731118
132445495
265905639
162089006
541810188
273831895
597705607
955555600
595123165
401113192
144897476
158898599
8694635
61275476
106645027
146184475
802031871
577038109
11994445
227213956
518459937
482638260
549486673
207849451
948888241
806513555
51613189
393162837
517474745
416928430
604424926
336682141
809208387
565420121
311358064
750392235
803484994
327348167
955525181
82698898
738370152
119192481
491778877
760166182
8314370
153842499
569335038
324072052
906770731
513333684
61153914
42043930
507050070
832911461
92160847
322561672
620197108
557953202
218853948
867631209
465166545
371016670
858767459
99049274
557636712
147508789
948112145
330977468
365457901
373615611
150131796
366581675
64948209
5009219
711215587
737074700
139302312
97816778
44479407
509616299
120475113
95241598
180953185
326099263
775034825
157561676
817794038
980507734
508157768
955316586
508916743
179824653
389103866
409667269
177391810
880404867
234068930
349605866
765058939
263561272
332187485
719769135
155607870
507900413
776945520
156947029
760421232
332970369
973980721
18384210
414207453
236707769
933792507
584942904
927409566
349657867
346904882
483280909
659854156
787484125
724896928
772763754
351932234
698709948
655799303
438040270
313685955
724644946
526629623
669536231
439365434
71958048
684063403
282703932
252273686
778552997
459993561
680097842
427728311
32607842
439382926
138444436
726317823
988005683
858822553
127577655
801205979
812666462
106959110
707616910
964570365
842697199
409708340
686167817
466317729
471446506
180261497
934012534
102195160
772649020
556136488
866315501
56510220
735384029
201439808
162494162
373875097
138145979
175272603
227098468
559229261
577084295
753915793
851594587
195955318
478159988
232016426
300621144
831442220
936116982
261514964
887161845
930988314
82233617
44046901
914371797
143305083
55052391
654714038
571369997
405725285
279872914
189329477
878151471
526089097
182149444
963569859
992062524
794380455
473389409
370333594
164525120
918261684
358295299
603463116
510863032
149799762
743465441
864705342
984264155
515823598
535040823
203082559
275574724
667214009
379848014
688528101
905482076
866518868
727608385
445224495
508818876
45915062
909913125
119565375
838921455
481107221
372274424
236220110
878486755
338387983
519137284
209229924
93855453
443330227
340566234
163861584
474436488
361633553
684452202
403436345
469974600
213761625
581792761
724153556
579190079
103791562
844340833
786704579
777618403
679127766
924376085
564288383
506654664
64850586
670113135
693966309
564895458
895597474
782044108
745314729
28892306
466549491
445823292
970242724
954515540
772993146
298582989
837863740
383887017
298336661
857165115
271837362
404954204
967202473
293877664
160889434
139795108
793504824
707574304
521649706
395578307
544922137
608921598
990322362
948322494
266354257
143475878
843796254
550524151
266850969
317767762
382280304
987561312
319098941
102817770
103686407
719521493
877031321
337271990
438657458
213952549
431278423
821872387
339285464
891550046
936757861
970016868
410955155
843445181
180556588
880015356
847390320
151182405
117070701
298206591
625129352
745100080
590835003
4957487
552559378
150186889
834663841
34334189
334354798
403936866
99843856
975636066
949422565
461248379
839523970
166771597
788546332
660915309
117943525
260588235
259881543
315415837
795768173
872729222
566232135
855392129
198114844
87010650
793301284
93047778
756539588
991207814
882576870
915908001
348703781
381549809
751212329
775218036
68917615
941582965
832342930
448895447
278831653
545818638
254999241
444317280
409717369
824999983
478184496
503545768
702807077
62228902
624382310
981673854
329294635
429722491
323608587
158616035
215477908
459724222
818460327
121219113
116910932
516152467
101959546
222058774
303736580
693519466
560168049
183374861
19967847
59286302
189857767
229331283
960453420
102192349
289932559
134324144
985638021
482233468
355974237
994379444
210165674
933015217
283093977
15513352
682006240
248941376
934884001
52456570
119777872
935891057
135779963
307074373
8410397
862755582
542208519
659831301
711238325
595363792
744281113
198004060
227932519
794112596
416784555
129740109
916788073
733181937
766630685
303834654
881432220
238233998
514135837
409660927
916062163
739838365
677168892
534501827
55492203
905951847
427743059
820374433
848373833
434185994
731479683
227039385
247312552
17295528
816633194
182141555
457023097
526237920
407056079
879908688
843712445
880952048
859734442
9089390
542205098
80372141
306138281
13422429
247734033
235080139
231897349
176483714
304170517
600836138
850334756
75341935
906807037
117306126
491176660
918106217
302924515
725195795
380548432
48886003
939153603
797557614
465016937
637176434
331780261
838294510
566713049
649103979
596909841
354244555
120467732
92428169
118058360
628747917
957300517
412166846
693507999
542171498
404784192
91470315
932194320
390866669
591796072
618455569
248887022
642870245
834883190
236026352
63015787
282483481
543169342
353150011
323809256
562190384
328413692
287538414
508458949
573825138
902717067
934777346
948103234
623715196
33744848
865125035
625701407
792136987
511008513
465269807
806199560
823554853
439708270
780019511
228471248
710804002
557560987
990514939
511581638
287952999
501985221
22763074
989785237
243460667
832382864
355855968
575389613
141031993
692987993
893628328
462891316
907579901
780247
211231342
390124969
276302664
372091958
933829214
669172295
448123717
684021677
276633308
47184573
351371248
814455853
265212781
95933087
266779184
368268719
522867430
544934390
62232094
157501127
774153104
450378531
386599992
217988267
473110312
785747603
306887869
35913386
146508617
220358899
891649683
766756905
92837838
519232894
335319871
452685207
391016398
326461488
783924740
160483396
698324154
761873025
913013301
217259325
610178574
858298884
657904841
352326222
973806696
372368754
968083281
543927752
786183623
485707653
8140331
132135945
296783108
809283897
676370609
99186165
470979399
281055793
647020178
670760325
250893238
373979202
297149681
48014989
63324015
283657042
941347565
546745409
915292529
337443809
708940408
903469203
46385792
62902592
567409167
351033695
815050860
309591945
721747424
389124986
282332243
409586791
459077569
809832578
136453253
604525227
729553198
953669437
162110978
672092080
1478002
388377338
868016037
439370835
538763940
241649484
301668497
739073600
584768049
753849273
619765081
72229422
759360711
429607950
488379936
694538662
489067882
327146417
706613799
953274987
724915860
99447982
350489649
93071126
163383445
58360323
315016619
440608439
758903137
814715091
855337187
966016967
852848188
481048974
621381807
268525172
877926260
261663019
696998349
783834465
287209902
768226942
799852573
203852929
620855280
682690159
810610912
216029949
293697436
586248756
36332263
29993256
430273891
380835589
270737502
619294552
951287498
569625174
658018551
811424272
712014477
599075078
497573190
931218034
118010035
844953925
414908046
154313528
512750847
830850160
981930122
430850674
521215937
697557762
122777584
324230407
854421778
405411793
349214707
50996197
572868072
659984443
50467733
216945543
356344785
701599674
690921615
221471345
742552260
740928350
339137330
29987593
927948019
997855928
67305749
405495124
290886961
878222133
277628009
472101018
299569995
39489511
18413990
29557368
495143464
971073017
119241108
465828976
769096585
912531414
841320415
180682576
606936787
510828654
70054670
728609042
346640924
986620550
947299828
843333507
292343912
888536427
358418837
635385697
745787004
244165974
851529496
588733665
151287335
719009978
658227677
613773584
666298966
389805153
289258266
651420788
582651513
642337251
215731930
156184504
169999665
897144063
835547232
466652753
163401462
181554632
43577921
752563124
906309302
209423328
598133955
291881747
448575330
307237161
480433713
157968541
192017668
157478802
724021439
536792774
963205529
253490886
824808568
848312287
351380872
99356707
503789475
374752010
908476142
105760699
346269850
478858769
666395234
869234615
29942830
810222972
249913775
576869033
777367368
101093030
710584113
855030762
551653690
295957115
312258254
512617076
321565891
729644520
326215472
631579138
627640944
130328366
819035130
927253210
337335068
648755506
5480032
247734279
212801712
180778693
488981767
805767786
591355635
67089167
541841573
349373841
457346657
974958040
946307815
40162686
906432349
922804910
775589207
962517232
967640040
213055769
952218538
313226089
920010006
167420542
501680548
182366266
457049016
948572583
269188290
937744663
857398432
97606772
257920976
54712075
391992007
226185391
213981810
872874974
281903444
96505482
858285061
827184306
183234677
85846681
972879370
527015278
778119328
189255239
714396027
857661384
285416865
245184030
76755800
494325077
846711169
128173396
325299943
902196272
630610579
1173188
687516138
534104671
607786777
560764522
582487046
225395401
389949453
874593695
997882335
534416373
994617517
964333582
682867815
354606895
503961516
533716285
704170293
957916233
555816021
750944494
389038873
217161454
872544855
52893513
53889568
810204740
964396089
442311336
219126780
730120189
609328748
577726326
877813897
480247921
238841948
621945653
281430665
152358014
274731077
532430665
2559857
156104861
772778783
41942428
555847112
991408823
861409060
683474289
419599755
285532990
41222402
253519350
485061237
12255288
148927253
480870606
402134392
600715147
316162334
765791053
83998512
595033492
784266914
646501727
633972961
83824099
555555432
851450737
991603191
375750942
150316214
528119226
111123795
572690959
480897152
560276637
638541451
123858901
509795827
477385095
443133457
212705305
938083595
728783529
848109965
401864323
843366099
41391975
229519914
382559269
270116789
93652906
992571486
126063862
486476448
284832087
294739849
418313077
800338973
641441536
749777891
14460869
245757839
708094989
445008721
779645753
235710496
334953371
805144528
594008606
769394512
515843806
553963807
726690513
572856202
811417119
35203688
508116436
995763656
915398359
880297920
572139909
77459671
804887982
812725800
53499648
811427193
860448084
201916157
611876612
985324578
290811680
806331623
722211491
513131770
228722174
230333767
567883739
371126504
915094983
852806420
955605869
68891493
770712477
907475306
465282681
27691420
536056493
939463899
430848423
760176442
50346349
605420106
820956864
570905077
555016882
512048966
381146567
694302457
855766871
318553709
470347120
623834644
759280824
800532171
545314508
425393157
836134454
475591452
199259428
330337214
979572059
264391659
488439809
966507158
915992356
760911579
257190192
803807679
297891139
952146785
112893835
478690067
518800423
459719969
544701376
856472114
893885094
511541924
688281245
205623816
747348408
637063275
853113920
723650887
442645925
444438948
939792832
626950843
824147878
880366303
404068736
779851377
376151109
657533169
425048872
140242488
563611763
683688523
857441762
7642861
817293058
378469183
519489247
807190121
67034945
126634169
831759617
572507783
876988260
74927995
440632170
37094878
737119412
752650435
963184637
392105210
854728302
235164466
751648954
225545955
260884271
636132025
442450263
402359252
879123981
316589143
605796363
128685300
696063344
828825786
274785105
380361975
12653174
248975280
287915183
910862134
362595093
237239545
223943618
679858056
78815157
234628026
772496328
945406255
832698737
590982419
363128187
935862907
845382891
517290425
942554774
772728002
848549275
112658047
594099994
470928798
695386895
213973050
894318498
414008788
956620191
272169124
821483133
192440174
313488621
802913594
123729758
305478881
802750704
763453374
869861194
659587992
877959790
434914200
972844912
569025792
54609401
644736095
878711652
230005339
292701608
39874763
844960258
650947833
148540602
22954620
671599774
632942562
280162195
384687822
285373622
917022217
74072345
960217851
120685985
32012978
845775254
461617095
723650860
711114501
382060370
176692435
634747282
489992785
813695068
763442111
299020604
143769209
930117497
795266985
294799023
668804140
117506371
783412589
376680135
72941362
992773232
145066623
131931189
617060944
951081430
824865909
873257833
947736097
385529749
481097568
935028282
140847852
874444805
811818404
45721322
342849741
565210467
56489771
30959652
301643778
771848793
745147912
813111115
414561834
769015611
88635435
701953673
275635360
715716824
821200065
328478936
424356409
739869459
229533131
428341324
606378186
178667206
178737923
540463781
869871144
324183362
455302760
69511592
929037310
610782333
873526621
236233552
933491613
322368670
463221350
164770470
186107984
436560661
227059047
693608654
460324691
45214042
579900964
556352179
643171813
639446353
191287457
842281174
269759181
116527019
572666318
185115193
345762630
277583646
753318348
891962662
868228365
760365406
186363778
17633747
95171429
687465942
345548619
372636802
7128196
562372582
176488730
491610362
706440317
745469926
666016579
31091499
893109344
66242902
265889872
252092063
602746914
81450652
352500694
99986363
685809737
916094165
52464655
418444037
872106423
965047472
80381126
385123964
569155585
825282823
892811191
618437210
497046226
189823962
641966050
702329219
473263672
992735338
133268792
719937852
891182685
487052503
99820787
295981487
311816491
659775522
501422735
838284064
89450011
942229581
215354649
535350411
838898231
48557162
376944184
651650265
189355630
761309022
650784637
889469262
735477499
613400389
352366368
661465443
147117436
980099902
15431406
555374854
608763303
521324218
906205296
888666278
63591033
474035873
53483890
875833283
445053915
211746845
314068557
231320102
254595835
224107554
723112835
6828721
753633870
251403343
264783986
549859733
126701533
940551069
603321420
547996223
228927862
190345405
809329584
248173263
415057422
710454255
958100188
278245924
74019032
242272831
365790078
816491460
218831759
918988538
736443567
624094351
210806155
734091896
837885024
433681601
652564454
684708238
429524473
180676342
174917664
382040515
177599440
294192696
372175865
814821192
978655902
47867170
369697358
845862614
277615763
51641426
94792830
565330129
722830933
149699740
257760326
841255358
40943508
509469680
44955008
119645920
166135904
171419475
34360533
216339775
897532510
934838840
447743426
420963701
514035107
971823632
111714556
8301040
549448081
321531407
361080659
830557849
532010753
693008523
418097405
493229465
345502152
67894984
201639654
290694400
948878983
64700952
29075568
215247301
805887483
126631550
207440380
79984943
509358686
351419919
569021287
312446123
781151195
581359738
214163195
569464344
417486460
465914765
282901783
850730217
967362930
259456736
131665411
137895781
797350650
230072063
174091398
442151445
899648120
359394679
208137264
433234251
752492759
661919462
464181422
956347000
891265652
219217725
760903735
715015784
654459502
590245925
743416944
936286813
780311494
685594020
347901031
410216371
437020617
502735354
501583974
278485513
630510511
197591075
96520267
703353816
201965277
70967372
976323558
592550181
895009568
721376887
917753671
636793868
686024727
996010269
168116217
704658048
217657909
194043389
823656070
883850832
585486443
967664928
138118645
855540096
911180227
976911724
322320738
212151154
135526397
88560040
521854825
464814777
94729998
481422403
703394157
715256851
667292839
190527725
996041120
553789211
382970184
118276795
605048900
671942379
672520157
322204130
633831867
828517584
679745885
24262435
203575507
582484750
819542593
12295577
979808893
434954065
804858623
981283872
641265130
405775129
394638502
207709537
883688570
996578371
602141603
421582825
146459762
555313074
600692544
876280516
73759416
976624612
376185109
99912543
575845975
391573835
63144532
980698788
653496027
346911938
188368780
504025837
490962217
561606618
54134196
356235127
889996338
636421516
362523870
171223728
425314230
875657886
394621701
803563356
900343516
615674612
340059229
467283846
852023973
323904495
240827072
714409358
199692925
694843230
823143225
63680172
366539880
670692121
436507457
634437939
102282320
976986571
819666900
82505952
6446383
683699470
148732017
174475303
540549969
57477524
570470201
371675507
259070431
57136521
550263383
178105392
950275302
460737436
963226310
218219646
20980832
849091641
840564205
715323776
64312796
744187105
898819904
100643100
457684328
916422632
526643300
865900105
191779508
89312014
949501090
536178826
719034734
339973576
399517158
417314742
876988091
914160941
249729366
746149779
44852210
606541722
248198714
893180981
7768247
634587215
741739901
532439486
296740157
11891730
669525184
475939784
837358718
72826450
619839570
332582088
346167904
990233134
412691035
596195942
703618609
426783778
646079415
923476171
189121027
854671086
587434009
395149880
766670706
127189480
414234324
865986631
797705714
480389568
294457464
160912481
354831048
357783166
120151841
706332107
67857505
928511845
475067786
487239309
946389303
137084949
244441502
663986616
37918585
192568251
100596599
63613546
949525138
277421194
835800876
733569735
101331606
746599173
96224638
994809904
33384305
46706344
925455196
764445555
546755612
904779188
207558130
887369490
396275076
654699962
164564702
395891050
245557471
966601665
381670927
740200212
286470581
103380559
147380149
951214647
139262185
563631740
974468854
482465793
483718011
4415057
429865856
275000326
885503834
472397386
405939470
402226017
407533964
456973426
435799780
864206981
224962872
804179848
760726461
941188315
79617641
652098736
268844366
484637768
716942561
601656958
566459606
983503284
57197735
654128256
614774747
449884801
127816687
723618132
752704490
78848237
723906293
148883783
183689088
242598349
776061989
416080555
103892645
252606358
667625454
587709038
828536955
120705369
920368588
489405300
43196731
233436543
296599118
968293888
681514792
487545971
760699769
150068061
904610364
144910824
169572565
208623439
736238194
85137658
633054923
29742737
677191948
805136568
23486540
757482673
465840535
101177055
550617760
843700588
123171208
359406260
934240168
447558010
983979610
669584758
115506490
662340747
523092959
360961466
382264302
112584333
513120055
174783762
2591044
747932064
462571470
241881888
293795364
249928779
830675334
104812935
707974789
634835996
580256524
991053529
609678637
613277856
207189438
819069932
988989277
627603954
300901027
693134756
28403907
656178507
798767345
151232669
721504815
582368034
540103825
84451131
982149161
439199830
556948324
263242704
759796180
846387357
590482461
41618571
643023602
719803559
761382990
128105207
530457031
130684324
69130887
207208793
929746111
564395654
934757679
304232784
265184026
132211914
757516142
162363078
494900857
175250411
224343759
826979294
104975178
966261687
280536492
611172258
901223009
303602062
642175927
803129442
514262109
265276052
983165834
321405076
563517477
905220660
534683460
438916888
337784601
720876882
502044845
741277118
636378317
301797083
665451710
167517114
963279520
257440010
776588475
681342301
467293975
726085078
680323614
9696563
86689160
187866141
392649829
823149660
94227884
119276191
492278409
443913179
809898043
965191856
314773991
610865067
86983014
168890003
75537815
801727308
271944287
366015075
80545309
65305312
751125356
980659455
414275834
580431976
548452941
249835743
702053443
51514899
376842955
352252068
302063213
926702473
536626121
730784643
664253769
407220416
542793160
330188564
898719370
875642105
192715855
613322523
62440838
765996795
360860364
66632566
234616349
565900188
463383016
374192841
967081938
850650302
297937692
51014913
558052696
962229833
863136289
672668948
684248873
267322214
269021100
634688471
636252804
772961763
374193229
879226623
816583941
893974255
861906594
143361823
217048623
676895321
917183180
396363920
505575627
715819283
790365723
161426981
913368700
506430410
282223052
959629895
604455109
313285447
532988033
571151672
111605149
560034790
947544968
833237844
209472427
505326412
447029860
358807269
374322662
121519971
719624176
753808253
499160707
541847393
462979773
902980626
919581946
54904891
286229021
250411910
633700117
739887516
702703805
112527440
352353043
30784145
503108102
491427110
457004583
934869764
560904809
594350939
514733300
851478905
651034870
464480337
851594462
180684534
994662417
375417556
777615502
637133837
54327660
647600767
157350890
771448431
837147282
844782537
799370930
303463596
45236683
752608127
636790085
585520129
489700139
292439999
714169212
523087288
645926369
783873901
921145880
913524898
718920647
530780859
711878720
27554117
908556607
352233390
555456580
700652761
592906435
520735854
907870952
745108920
182987893
710207652
215537409
860758110
988934281
557626020
440958286
517321028
640007930
513326720
268742909
800167079
300730740
849002020
673140589
846815972
808014170
270154726
141969293
302290751
645995198
153182351
775942853
792850771
747559869
350868465
113435895
660556320
819888875
503800347
188603146
864491019
502561186
729543765
441465739
935777242
942138892
327273984
860354235
134601830
372747632
411712091
430496441
939319859
573184182
697584608
699062069
429248866
985899945
994755960
467179418
608392533
724020914
923548228
38355455
485684120
273464061
605720742
898885143
355899239
517416815
663688492
323507027
884095958
68831719
988224407
918304953
294458298
473297810
86987675
65146410
148462728
223881932
145137221
535662232
57208823
310450757
118875683
205864564
419189163
379639459
339074640
779013101
936792549
194585948
224282099
897296088
514125245
196166338
213989877
214574129
274090991
713903573
476339061
768724575
799631082
399603793
545996844
458465431
291982183
21797793
933842004
954457217
479237746
750572769
552599727
276680237
361619487
390735704
871103166
467530675
372854092
299164401
467918543
948850408
653916997
427894124
557074850
538137959
234150578
660597792
367339962
39395157
136300275
210688573
107817228
704867855
99817136
750330198
458300893
57919841
100029134
332548988
431526096
396688363
846727490
238526471
31245368
838794479
147920022
277415545
663563608
314018995
490652812
364662175
825732765
676218741
801753451
553041927
277930794
255659530
225364107
86234864
570089076
168286996
82058319
51579960
83469444
672919439
37868749
751172988
775060415
212599867
591431706
979933486
713626823
925703642
244118551
35761638
429736087
596228898
132050795
738121487
68778814
231562492
787442344
819276920
322409595
329367829
496605540
621744021
453633826
183425932
789778647
524468429
141218668
966625351
95472923
448438331
213546990
702921015
765033738
428169089
715985142
407294526
927402685
4607459
163385684
785989847
53376812
594479722
402334622
35464642
984309328
335677356
460764318
548960271
242929142
958269731
235268899
378462731
169212829
623698621
948327529
79250642
205231719
815409643
894599664
477430938
657314325
706335818
667367313
378143927
441836968
701022675
520643842
346753939
537008383
475343004
267511330
757208962
713343411
777948710
201890725
162503614
16087194
204046747
920384513
355052615
933381355
472387599
424470855
524410846
307172757
486299397
190878991
518054835
995441698
62998430
412346321
807077074
714337673
428793740
13461938
574811050
312463766
120173333
423588163
233566697
229478791
143634965
280681049
246112710
677277569
108145078
840739890
21817306
203808715
311009741
27612272
76695544
801657625
774979034
389394215
84401634
706849447
401123416
778577335
328090816
226665894
931435540
782794875
686091408
71522521
875439841
704499344
607429254
145328501
790860409
689706672
866346667
808856277
782624411
69903189
293418657
954112199
163330340
17934229
151627209
344675139
232786519
832982942
622109124
259039855
753787315
201764041
506876059
792178813
386579112
339527026
653854099
478306030
811202648
170614165
989618677
913081675
386725761
754986342
788217803
192452917
49537467
182519550
921051677
67192546
237211660
338145465
143865204
28949242
212126266
300807367
838825536
317417403
744392137
281068259
46253934
383258815
915264543
525789299
695078874
327060098
279933211
780745337
578447083
759916361
538368536
994666575
231613854
732864396
959926729
207417250
668952376
300391755
654570041
616257194
32851095
392982364
106132370
139806786
232693407
632324070
380277416
987572794
787543552
84855374
996739923
645974724
769156759
136640882
821442720
629513547
971424852
412163727
892193029
736818112
847581870
464311763
556723508
592405656
546973116
690517836
457813187
893112583
314401414
380337459
379899706
157620558
171259509
70881306
483446668
409496631
888566198
300699678
877683940
98190034
275295058
113503087
458820904
472832989
685080892
741929263
863980949
69931282
713458362
914994546
680369599
798100037
750774966
329572239
915780008
452717200
202529308
29239018
517772754
278598540
288229286
635828392
659565726
110212996
290070707
92238274
964283638
812083473
731777936
234097148
122330922
407399577
460598192
73754589
729314252
351396543
547027168
729575519
727221104
869481017
711937744
514924526
644811766
588045751
249279785
823225908
883480660
863705436
229075697
951031990
513421575
78469767
610785469
706268882
689825531
93419749
336192655
481814762
709347008
795688584
922268060
483584763
460784255
553345713
642931124
972090161
324361850
511059421
536845728
69625684
323271149
521503813
912603571
56877983
865975525
716955433
704340375
959793477
972686301
531327295
996271115
360746063
128423565
838781334
627463909
296029126
104635973
13479154
283970582
878575160
330266010
697380895
313693879
241889785
377591286
22808063
875965691
41475436
783581297
667429880
777696639
341881021
484450589
524415168
621524129
106524459
893489354
138799660
750406267
865857408
170641286
547347743
621616644
877495191
26032698
935026007
29598066
305364304
749698032
232738878
26108797
54724441
861703159
749130240
566160760
332947984
746514544
681835374
20990474
861310989
684117747
275776776
215303454
891907466
865841979
575591821
421373664
671515905
895222012
187310797
299937880
685275391
818823639
946466902
564181079
848136440
640827651
905383645
329166784
779549760
912689242
944641072
429472462
427998317
212693265
136824237
984738453
396117942
184804581
387673548
240179158
699666182
415810894
405381304
412757514
647960680
610442997
399862943
107740753
240337850
866824447
109592051
214663959
559980183
397029146
283622281
541650219
586149314
241705675
179410988
542328609
943975613
637906818
267778154
60037704
519359185
195567821
805138957
466966829
281447101
269852814
668774733
8625384
429803183
54325780
262335960
530015158
158276089
746170216
855868150
992926726
349389029
398011478
573678181
938834565
995135444
308051344
200035943
815802686
684973242
576205610
93369046
850107582
944299417
777703106
574719452
534203552
861650126
620934140
930528325
185506333
462776287
557357588
141154837
665893205
390031481
135389998
854354919
206678304
145532907
591720335
337668836
812955247
384433209
691874944
7961117
545010752
525086743
545650573
557705608
732829443
833862427
964378609
158521404
407548415
366340091
681040470
574261850
739791587
669393499
294034853
539978362
555015328
578032976
483030644
989101046
986017331
203632566
399511161
247573035
745262644
13543430
484329844
103552408
239678945
204888784
637801004
746354921
563314917
992142194
21467268
482331245
758705498
736432735
958588186
722548402
193036786
833472643
956508984
656983199
420507058
244426236
453627181
734774799
61611596
318111792
996884615
418154033
556617095
990179146
294832123
758627745
508262312
211742993
401486950
652879481
910828706
420252455
424456983
221224974
332194990
833989527
562099956
766190529
463926945
41491104
603970163
879269754
326005917
119029397
14425326
12906656
726651595
757059816
427870666
660819034
520147117
473951932
694421271
183066571
100420497
413384500
191917748
946068385
637714428
450877948
922014707
753015904
107811203
268173551
68458825
29054434
215592928
524334663
78964441
919543730
723653384
528099674
943038961
22779114
238104117
529538652
590890639
614172201
755611079
429911513
692368031
983915220
168020113
539760914
663109666
630469934
845988864
106790932
40189001
731275729
50943319
192686393
276881240
445439781
799927756
831998707
254513718
326255816
642088935
691485891
826714568
139524808
394093932
426263807
624238444
352788721
981566030
777723110
945721820
365273744
889860844
892672421
788241851
555471395
860786156
684591231
257195137
819930159
314078037
685339799
270471045
854874456
50783162
79803187
158363855
49883188
942703779
198009095
235427852
791039275
473169568
685423498
35663214
638365786
476424747
506799278
284890585
989172459
626338077
124447004
387778463
325720681
647762000
678544772
557435075
481260741
6342568
21776434
126124351
734564512
758202486
11637345
257862771
552247123
131136162
482513655
821055829
761949943
36627862
604934681
964553809
288451050
869384056
674996539
870411497
983407808
281508993
959515837
193358233
606214414
953441731
381428089
314813725
860597478
517864144
417748666
87058331
694279633
3570373
851415047
15766525
885259382
377378932
423932021
240646579
583302133
428305946
687433248
833930854
749171250
137453927
596745878
733810451
895611801
904406670
658213380
755133047
298372612
367358333
265997701
165586728
918658991
249979297
343247687
632512984
601020911
277822451
366603298
611107102
758652345
188966669
943800229
864905474
31607670
323559082
697407073
784522923
329904852
350030296
543165727
210417367
778707732
318581139
599876501
79304437
902062854
875709770
933836878
104205769
922939619
739088768
915247198
652092867
531008078
895592712
946683184
601786069
825553911
655924053
62204308
2955371
962536149
245020465
949617757
36776143
30427387
153828651
204612194
953493310
985743682
750513833
557528964
390395494
804595154
953938971
90282897
693042953
627342257
198042149
206457930
112119009
313435356
499876662
793392307
712333702
253042772
258333518
352147186
896615322
992142184
535056418
537336937
213691173
724601829
548957621
581982184
586427741
819616448
33620588
752352817
180692970
462170248
545636784
13542622
410187947
220547373
969326824
445787320
487465068
736255792
311232268
803575676
620692562
200517019
374935271
80817748
435085673
553222475
258719801
820358881
479111819
510861775
424952398
908712773
806193300
398041155
843538306
919819441
188185872
653615275
319729575
582003511
924346654
830436156
322084768
2374797
716397411
121870926
229703057
775700510
193128114
167931489
131652090
200949966
762516537
977032372
21396791
343748935
854605241
112775614
878916197
737684050
716780843
232661906
36784119
196509253
93167103
166598328
111940245
724746460
487908662
837246659
587422748
587052281
243955341
115665582
252597653
576127302
696393871
464048260
713058989
721970611
600511845
839597569
394108917
476797274
765483387
614096652
600397605
161923864
65243328
834507032
409086445
468724813
90147593
107325779
156041129
579871137
997315121
801791199
17559283
144515698
857714156
956849663
596206715
311055754
932222867
625569819
499747235
744712120
236317533
359079256
844811247
166947503
487477054
47214936
76423795
22287700
264567318
136196320
81425945
992054831
886755146
376271864
107623819
228747196
300974589
112913417
823153427
477080115
34992247
904706635
799186296
528893080
632202934
188094868
134746926
621231591
147159878
329617149
372012064
409224670
444533404
898906598
949009793
381920079
933737057
442413711
470588504
464989748
214755154
703197232
143475207
911090243
298433654
972225054
201788165
159876750
930511146
426644890
634157275
614644970
763863727
915753495
733670688
75200728
128346310
143023976
327438014
230603512
258008548
735914380
853571017
288634463
922900968
996923339
663355005
904070031
980648854
891769197
737729189
643383430
867743988
509774619
159452412
683971416
143462266
594663279
331683783
710969472
176081476
531581809
827132240
538801478
162724624
947194615
180850802
122670903
384530607
871270654
193413506
779264578
654750536
797172144
548642958
198203483
175623282
948808049
785417511
891826340
213498911
295687023
346347093
442925682
372664412
442363967
478559099
52512713
14164592
972971177
751888140
729723174
558698000
309931975
921763505
262854381
228667300
484848001
196945529
867696227
272835652
133414841
628312605
438847016
387320394
192365018
160368167
527243980
314035036
782559332
236723924
629788905
348893684
831513914
345092154
424472555
78297643
590981266
759912786
457612205
306170458
932195136
298321301
437830212
844466720
379432244
942395138
544899792
648435585
84018486
663551334
204043935
757947975
90239923
755423745
156327579
571357055
449062008
807184004
532240503
871262920
678282802
729545215
147071772
154421562
381331668
360965871
983036312
424595757
897470993
114984062
36082058
91404506
546897487
273944010
438947535
734302794
60221456
830565428
303016635
628804922
782347269
598791775
276388653
287500608
823239519
947094712
173771471
825561662
855166275
362197975
213613298
92292620
207579384
116816045
462047422
880913307
439657028
977626227
214273411
263654926
967737257
586451629
598575785
958384696
669434612
163220537
599621279
657537880
245683803
359870232
76551617
171538233
75785813
164726577
858408382
100242340
332868155
963907115
205363055
643520087
925923895
723110147
647633276
387723652
12362115
90316567
976493201
861932445
805434139
532173018
836102820
273498135
805245794
479236329
82827907
114021079
334574061
372400713
875608564
64746711
777759254
637159348
837014712
759124599
673033628
742345223
784841544
758574407
411622945
395891424
124674467
417540815
461713822
974598390
573461683
304967813
61246975
747634294
254553289
761411738
273823846
113374406
347937120
674450777
974834823
766309917
726325208
213832839
375248254
381368538
347736203
621570462
579546974
638637795
753476709
963371837
722231670
732470726
752074857
527927962
802437100
849993794
469331660
934929932
582405554
398898974
904597910
510094256
832735652
936925295
349171591
796926910
835093386
520318286
574403948
194918897
519270861
682347606
713109732
406875362
448960685
589831424
732325913
735067959
506933405
722625751
35235407
630474370
91448638
210971365
163675005
534747790
296955958
960552890
510760763
80046651
943890350
457862439
403421174
185638680
830770981
817250073
671965904
698493343
513640202
214056422
649401715
531093261
156479977
587692762
664665056
18074510
420477264
426411040
940954869
987830800
727355791
571230891
842417246
950305934
225013979
653277908
484001511
914097344
621897712
313722401
800564110
722673270
484448378
644954974
155924263
528537298
629911614
869514895
230406413
912667191
636640907
104746891
440217883
216695977
869747011
36208126
3833651
739227792
245168218
635474331
548022723
578071970
768553115
984388915
835833108
320506012
804393597
860899014
396201632
273457090
913251095
386708642
61013912
909807497
11512384
977515046
294176910
921287577
697073890
522323877
873380987
96449219
126821279
440020995
184966670
856567587
97331171
680422836
574531463
525759216
765314738
757423570
891255686
685254779
507597699
118934709
675647124
457865496
726985033
897238542
387467381
95684173
317624502
95345609
101842500
966133527
309183772
325290686
7544071
603281879
948014064
498419772
158183237
980258154
158622299
809542196
302271416
985211181
928870829
542996726
503610087
194731942
754750019
466951772
563820288
347730058
465222943
874862946
975439015
747561390
647658004
140401898
208233782
533758633
720189623
668859506
931766900
237534795
579665138
717489099
831107907
295963710
456350
905718556
66918096
102882102
540214864
972345326
290795291
79815298
485533021
508569135
447789724
446211723
929688040
741686597
531020792
47683515
833925186
277189620
535594294
694618405
38194912
6085534
201389097
142777899
123329425
627887955
36714835
379916832
462284166
650432410
479412539
412323360
852265022
328952273
199883525
308856446
790319893
899793743
208603019
494848839
318238361
698552617
418700487
457442009
282200577
152447548
316164675
164642376
296031507
985901805
961481461
508683798
292497035
695107320
658006809
481308111
845149365
935291979
421143639
335066082
59803043
982422415
900417507
501404420
896547870
259316861
634696470
264171441
36555414
984289107
747610175
837022643
180727761
629390430
625290444
412228329
293211914
196962297
771243037
850104668
87916723
314680363
851614914
264559465
249707815
601885693
904793029
554128662
887248865
852232852
489230326
428166376
858910015
462331329
989231614
814707796
696192819
372659280
659130441
34467760
605865837
180451615
492952667
235530859
234510993
577750465
286674582
791923208
394927398
374812904
557563611
472254824
146902387
869686773
84210253
277736935
313997090
523954853
526893807
522379507
349751045
709744098
71298150
442139620
520406083
349461110
140324092
216343
578663280
181976594
296020955
206769242
173353943
302895800
107934571
751578126
618168238
208734472
273508507
633212944
526201304
89988085
472974728
483385965
923944083
599062012
605709689
871412159
675152084
261034252
622551842
565391329
527085001
577858756
631178131
339288884
654508440
679333643
409384147
802747535
273643391
128282665
245483541
377028438
359412913
684762221
258693542
166825756
68250513
431498350
640874314
475780220
472584194
760625747
892254736
551316067
360849980
969139471
922754881
660319896
497957088
165761370
11955402
919787145
474019655
384070696
742699285
337824012
913280346
434807324
77689251
41162489
825235512
372326941
191420875
10103938
941281954
549256044
367708846
599486491
898274745
790847215
466435529
840310647
826193743
904414656
869875880
245613586
43615532
426647092
348957315
574256327
793312168
880887100
680256316
494981570
508895479
430582593
340070278
347898542
681947263
644686534
569806304
811557935
857979385
52595863
28501811
888954425
265596923
491638725
343929587
487515829
871209808
464394829
749219540
386855657
13372097
814428776
996288385
775875422
786317040
766823190
378653341
698352756
629119069
256839787
167773778
88125239
53324351
874049392
159168343
241789323
197627823
124980252
845482237
64357507
564161360
741203514
205157660
234772711
271790896
378800627
583866777
337753636
272255798
441874106
634691666
47357971
644248580
828547819
95179537
16324653
487372947
325889148
585617745
559081805
922236712
74256368
157037179
366482695
648548084
69036735
802550764
113918079
82949488
246015142
285197994
610362011
122608029
721932596
381222975
548277754
965357411
591776086
139374727
474465604
625384418
465943501
370166305
433067466
101312840
833557144
182131055
485075708
195362258
664897643
218007738
859273072
179854607
971351207
915232023
633193123
826908200
823253756
802615651
345900076
75674441
36575290
54409284
139865672
757381706
323042206
527019011
48601212
333501457
588796660
34548374
899723993
647280304
703234588
812360142
303252715
826349510
265904736
853631456
754753498
179526944
526220207
460850118
509825800
737575448
120068783
292399165
494474228
409843755
13682143
241309094
223217705
183600738
916598334
342385614
754962329
850040660
949267981
276309788
604026095
437296619
142313057
378542455
676498607
392982088
120437842
444015113
835616894
632407978
834932090
626071822
482318296
58092114
476852401
61991242
793316191
719507149
960460393
656157454
827955075
701030201
745931721
351354198
602800889
861840006
18160891
827879106
943551213
500680547
748610789
99062228
120585336
615445458
674305200
37924597
763497857
486268341
245023036
387343047
652914103
784945903
61085258
909842043
708438376
20465071
248817959
693751210
845642271
996879680
164761975
485609929
578748769
989424686
156411762
195262384
427796948
257758249
311625310
416691448
895020946
127178997
279228074
997270370
503740967
172664945
301330690
85654603
211814579
134959332
565139661
334317136
538380270
871905396
468545246
299933681
131648707
629732436
758695045
360362644
472741821
570203175
101117782
840327778
515310017
805489365
171538173
256460291
935903016
488720509
388047554
566927243
300769419
726941111
157848177
889148289
488835372
162165309
553540563
295328717
499644927
617522859
657043141
454612283
272535930
175200397
394303571
69805781
800505875
798184885
847260780
15520402
596412074
605275544
719686857
281271740
691051796
150600491
971394197
665184370
502548785
584764571
286390308
405451169
273580792
44193840
503074758
533222632
770357519
224695157
295402395
184544378
941597273
698801341
133746891
513986867
238371325
449870259
461434554
576801117
984974629
800200474
773967027
975274894
447122233
631842314
630339403
246061191
984557916
730821549
24907306
120602198
422934731
985462978
469211883
146538425
708809197
582622565
1135272
706192713
481824835
271344575
936835509
96783038
4561634
25560058
421162190
505605157
557712272
760465021
762015745
784095206
694238822
948252493
386478414
123635306
429973554
669793102
798618923
556887622
144596233
204970813
328530980
802187507
748246285
703442743
182824209
231981317
689394515
255168521
506835702
193129453
771613665
3616879
438875960
266101198
748155115
296754607
364825845
241559105
47730663
365470057
580174859
458119169
728878691
405573391
590018140
561233010
291935402
988758249
368943506
601476581
817842298
750536887
719402544
670944969
772162993
739950183
553500232
914630796
955964878
263537931
415523995
369181674
873999975
63753850
547879394
860653777
172748401
609345848
333423456
337185715
762123786
10984363
927399641
964143272
346242250
862544069
68639584
845293239
560512710
718594216
502593584
662798203
336323394
712853531
405856547
826728468
191976289
832320037
742968561
541599046
860146168
417220145
9128062
957806130
767923825
329435273
846597905
228178496
207476223
200983173
225974361
568686088
542123511
345408205
826977625
214753199
527243126
535707193
408645511
780687278
780441843
450122753
339527994
364406149
286596893
350858994
417434316
857638531
545466155
913367204
791645716
937949865
997778331
41062647
940994266
401888984
356452778
265804328
32000511
391608716
247563914
538057301
702903145
184976835
994765235
405518801
345017715
228378295
842305259
906148835
406447475
815775412
949530963
324460464
115798991
322722920
177982132
56107304
973756060
943617153
420804746
202400501
493754151
224541186
836996906
524442509
376875857
942030939
305689090
447843400
179386240
45420866
837520971
243517222
723418715
979895241
357165425
492566763
820374980
994301998
838318742
590698126
441323072
408018047
60386885
501112174
209414733
99044637
285298896
894491856
379750762
571851225
218298066
453461132
88311404
536159706
434261177
280162511
791812487
87483738
111130036
517355355
568691193
978707055
932576806
96029949
544011303
827476667
89990114
860096238
763164249
893751596
211711833
749380999
827277799
632972177
431142015
487725417
274544787
845920187
523116664
540090442
730025383
429137502
413477301
908567310
562071789
945550106
167835640
305958548
346125913
477804597
771025114
143483469
365134915
626093787
635583257
103935965
137864347
176644300
339723159
127266812
958554883
559919041
536511081
513875312
657889578
488628723
142812457
94493178
950699682
382646684
334250666
337309101
773982475
774291650
374879869
171622268
788554004
967327461
544402196
806414903
970230699
197344828
890637078
378433296
415346183
533472233
235744450
958632755
811878107
58976096
638960745
281497908
950919701
565546901
494764891
781897107
290812792
589176091
891138055
564762692
144953208
312565126
909228419
216149895
239701681
126705469
930513068
506391649
638247142
797856344
254708390
914330008
297772698
816442118
293474336
198889768
499842132
661691223
90411072
57609227
600528760
75366030
843332926
310099935
264288199
391592364
745070889
894222269
26260032
490377973
668364849
712887059
142313670
259699110
455110671
165096854
968177559
511091556
473279427
870781790
397069646
256389169
507087541
665762720
903158945
637311830
583179465
805955495
119920406
161511330
244066406
493174381
962481928
686985169
813111945
334729352
130392777
542452083
644296475
304017335
331441949
25724239
257499269
612884889
273985803
756499811
974982210
166577899
228906059
366901601
80032619
779376196
695604372
245204788
106732060
870882476
473963358
689939527
691945889
764901670
58189978
663936952
323763577
576110488
386127511
476844236
991778403
967918314
519278150
32368693
463621349
522046890
843009446
292429004
855661763
906895197
739664904
213502571
43201673
681013664
423041981
965524931
62629697
848764810
502019022
752619570
566302297
136162181
252625972
461629620
80505767
855622207
722736605
965998829
886022156
414141072
437408818
771706298
301336341
670107438
155657549
830271162
624696514
295579022
100306019
39030812
347880171
807675234
891663000
61712917
172324843
98420984
739687726
960133560
598400896
677412010
245601545
219535830
447920817
566457817
245925645
987512003
373413623
229292589
803693989
575377925
613269651
249373243
21605896
436253883
91265464
75484374
331732872
297098170
735076249
461481881
521724863
646575408
515131867
533589565
196723533
401312782
119749358
414104755
225820775
411408793
788222940
173068605
276647881
226285235
869182749
761094722
232380347
537591886
968095705
228903270
128000635
373312294
554405557
222675020
389689212
228445047
689181250
434789714
420029903
946746788
655552465
266216309
519079235
319683826
611542815
881795927
543776928
199868764
408378516
234011402
465157885
341160570
948543487
684627329
310379655
458467645
556532371
752659416
282178832
866727550
994317372
311131027
251450919
644222746
423204917
219345603
38928536
268636370
814263339
943229505
712836719
931637743
114262166
310990382
574722889
156925968
218367897
800357640
482397527
704421495
289935172
5894090
836103330
480669623
211025112
569579631
474975821
541871650
622618032
339290981
160214981
536343662
357317641
717254530
655507787
841468704
697153191
208976788
552125569
473253450
171967477
685630506
700321782
243229157
167538490
818583913
446632463
230907692
972230220
30100327
977727377
724595491
739554419
638045143
949163578
223840227
527875923
372561504
866542128
353157627
642601985
732154020
226436893
951323683
843119617
326452918
475472097
59775272
923046542
690852353
724685115
928940275
910860390
673225724
706767017
134054543
457277708
307639553
852843313
867007901
637109062
243611955
391212752
926805289
303796332
727063454
161405099
767210880
283921064
115951020
940849007
181281710
721205052
107460671
693558040
524328439
302795851
182954374
793390907
867482849
568228002
784477295
255449684
277154352
406265183
248187402
559517171
953534315
661079057
653909482
978334362
507991487
802056253
953272439
422103673
366769135
294294235
861024278
132798648
305926438
510655522
536262483
638386060
638355008
394477257
30723938
888031131
637123618
396736942
554097200
124502185
580344628
773953577
554855264
301416460
848323593
60136742
587169294
203527630
523973913
232467455
425915710
411086968
876656851
848567359
6139684
386412234
132894154
877750670
903909926
323763078
268481372
170304163
769102387
336787479
590041804
643379458
350132367
205682901
508275648
24313298
267424001
809589112
694228804
112772818
333149920
197143920
149692019
989433816
861943661
196767804
483426144
875662317
912879105
528084791
735876850
227577057
528569810
289537
717628620
330851704
644348994
446352019
638481863
112933488
10327362
81960017
141794455
792650586
562922803
72116256
618427267
316945279
759897729
176698005
609786315
326779149
800566664
706862042
14942586
40083632
31329043
442211484
147833842
777192867
336276767
600579064
18016840
491075582
786650659
153151083
596089752
783358433
184729978
555574044
252762849
873747564
704515618
323960633
378014152
539175599
286072674
649975066
320065
235031760
910484030
996313513
919925929
931659462
297925162
120523299
638439876
26765887
792459502
719956106
225222471
243465511
870317453
821344179
54073453
942972794
311416633
310276714
210749954
434110596
608061011
670119342
502860953
494506686
343823396
112346989
912849363
750017519
158907188
597649350
579039644
808416972
42962978
812331734
320654864
151670897
420598981
564298125
376665707
709122656
593305767
123369540
547084843
377471767
251619728
226126841
878964524
64080979
918939820
115294072
942506595
512313710
24678874
119730525
686941132
318919445
726319473
71443487
755026912
613162850
670530437
814533052
486352838
554157677
147156317
379063790
853225996
481707329
429996720
399407234
993740387
909111944
433364663
821636424
133311879
583356962
338609616
237673131
474184060
257759738
820923161
684630381
929115520
174474740
282839438
99980957
986728054
982465810
633136052
91474844
656390785
58431912
129784880
913411696
63762580
877204471
378736376
573812786
966077645
578294959
785268258
29704583
363350123
162342047
718743919
758409981
88211160
64433908
861456413
523318437
478270520
812332376
333856417
5744810
575630681
288156588
472042322
104039827
479468168
922995543
283838678
923466540
887424860
982136306
924647173
185186631
224779307
554176557
967464574
388751586
323312466
13552944
498047166
823014571
88394488
746231333
629691585
863587705
874569694
803802928
582184666
356902166
432295716
133501916
618309496
166682760
664578164
133156658
252711700
395108580
288376679
305132259
129451647
555011212
406447513
264506998
333703627
462052483
473149587
467756666
787277356
562451571
96898684
9803040
898047285
952774721
11054546
385909233
287479184
710940153
898357498
628361502
879119518
562321677
433884961
878231505
436540996
347609970
882572056
594939874
765191959
320772999
661199062
372366707
485451123
518502809
415351073
466839749
449168909
104422237
631065304
882778575
596903132
289596551
997150806
195884369
723437006
29368390
910622539
874878403
506026639
589161572
345554536
136155201
561284629
362482865
950502254
36496641
856269131
738654716
764137915
307821389
988101816
630226302
419275117
720480762
720430369
980352112
452827225
56890452
57734710
265598904
127014035
641001872
819693977
599078720
430920192
480647308
961625799
96318263
340131382
169337433
602109512
387713095
987441111
968115268
976294869
752839140
110255088
953837001
585227869
936918401
869631517
21726522
215723154
505308800
546254634
933197119
847417338
51321541
284340909
730667912
888199368
462563329
971037176
762466652
911725392
170184019
795359193
250146543
748815153
851669546
901695332
16679245
702026369
592215876
122211852
509468232
267161107
39252397
705491081
283566502
128416398
847202480
90877257
829256396
716922701
185461641
420228321
789524259
869347142
494114268
138522727
966235731
779236797
947787913
112768149
417598106
269621835
736594366
170773814
105249925
343497484
791332242
834811971
797067296
411454178
647218515
594213379
451582073
991264518
93407461
245214931
931227200
577745911
472672906
59226024
646405077
802012196
322035627
206409821
86193177
229783811
345583110
430715314
853046566
554389127
824461751
524967898
120272115
197290926
188429019
653866126
787739713
404476243
442580392
979993715
66631515
786201637
422433926
302911976
544686556
413675031
612839439
707879032
165525635
365419888
173145285
352093379
786407692
429092486
751550494
517157270
389325480
14366981
366509417
959090493
677685227
604669731
685020436
426735682
302444435
733773178
898102981
525999695
27821623
646057183
54050815
130275882
561647010
890550114
898044305
991636001
747106939
871408143
487579580
118863454
243416790
835603633
426488229
108971383
114293415
440278091
663365545
261151145
74578681
480262304
135583063
198617906
525791660
16753280
818992655
216925183
836639192
935127870
914918753
733785863
167070931
303832901
938151884
422485595
58340554
570100482
31236523
273011033
334673679
826466250
612173759
33814102
674392468
64898645
56592471
456267614
724564429
582751094
399971559
425667223
656832569
762657040
53913122
523332262
698614108
971420769
937062402
186475972
279808126
523887204
203390499
601846624
139647012
296298819
662686346
189359487
692426729
477191557
675580269
710422394
900196136
634444729
188207303
615791448
235823476
437334352
951427782
705569369
564989563
910132847
514836749
939418778
9930654
517896984
965691771
60810945
121645920
979707127
939068396
366930920
565844728
709953620
623637843
919590544
930623357
906798168
970490876
747810610
947564195
560952414
735672818
347825234
675647788
579047706
115476067
607394849
919473926
626593054
92251599
936143269
598669155
630910371
60824988
105256226
11719980
842250105
593037173
364576256
819371493
58827200
993960676
911985246
397351924
963589427
529354912
301695398
607414840
469863393
171379550
100662622
930492942
307886105
202849446
500993264
50582359
867572231
367519435
131001321
284921607
762354269
318949705
108027207
201626405
633403263
421132142
855543109
619639222
760510580
524798748
310760159
784955735
609271569
145801758
316320069
44714341
292502693
414074214
391996547
708912476
278767611
963138498
605283781
488452751
636346380
951022263
355679079
193820278
280904489
447524841
283919742
578506723
866281739
43654038
642530018
653332631
603055393
421171602
446822935
530379188
168471212
264258642
151621670
730254670
913794553
271447309
462279779
87583383
533975065
409420763
835077671
68585155
57342468
98681842
721268346
804221957
853525736
814648208
406675389
318456190
614818501
436150108
4070395
881359708
601927341
361565465
420606288
260644401
131315650
381664524
483249687
613307372
495852811
451536452
910850550
906721140
675032327
256319453
360078865
483159849
477060692
63950939
229761299
228065104
394069927
238419812
968556281
773851553
87542454
710660054
669155346
320402720
721103332
139289333
693828407
93576174
757594883
977536076
401165060
513139690
909312351
595083209
988400721
31878809
822563443
548922394
478564340
846746664
603787463
483491380
99456170
138007464
996444521
682432077
426997512
202859887
906214841
275596330
385117075
755562345
472402180
860282554
203596635
574306839
804574706
480437517
987602924
703759768
528715786
208164907
463031765
980606835
618022110
312015357
688038657
49729598
569673459
677653688
453152567
14133665
150749482
559538721
834787933
539222708
311215442
787522142
212328226
859399900
701184739
721942709
540440076
568397881
995346116
272454323
673309069
230058105
739568096
866821409
712945655
210659871
303070573
62343612
219151034
595057443
230593313
256553706
413824559
353543488
749356754
674661162
226531745
935264786
236381811
219837392
635303771
119109062
711265663
778605600
666692714
546746265
492614718
937332652
769922198
222443275
957671635
432618861
25400219
539285398
991477833
566203845
800424347
182131807
147101493
347241997
440336764
729035450
736797304
97608197
104315894
246015209
850078186
914083921
534290645
690986083
41286668
758960627
721238592
831223929
743265933
448106896
228043620
121175432
752959505
116534646
398861330
474095826
513266738
377865161
981823363
836472946
583426583
68293221
106623573
942302803
152810355
583959838
412889550
406205053
3911248
132095267
369019771
405084660
392818722
192134131
783380015
867669719
725648547
952504179
116296809
86732262
804936253
279523420
313387378
400888973
89839566
802007692
202690411
136951309
143151131
420312031
154616360
874783556
929061153
87394380
157628953
620177098
369370616
108817491
134826596
43054686
950554459
20968584
709494256
561051606
679948937
887374509
47857556
645112474
675340238
585638835
469725447
305329328
332955075
229472564
738829956
631706825
694708544
274474932
237514928
555421818
197201104
129476016
463257281
527764599
108181208
777133479
423646487
27330744
806223902
59227258
218068378
110044642
139188036
785921196
145353444
302503848
769271784
399406141
277145245
40729541
870839288
646039887
380888948
604098078
631941464
783715298
703902685
501888504
460763003
177446964
758043357
216058333
712366780
27189538
141931160
703438745
415318963
401761620
80357812
749774589
286453284
122239762
87453882
382668872
488985446
629462811
809136741
753473781
860248621
905246825
232507593
713002470
487262825
533315629
35420421
899698202
344819068
951455131
367036127
970340316
214400242
380251713
822589796
223911715
466565903
860323310
23955481
811054742
94544939
877407457
973768743
800056086
392299047
121277812
343576322
46607957
419577561
621713829
650213094
21055013
232598948
652897059
407674672
449700543
920905216
789234400
525880889
568839074
840558275
80878029
599828832
411888427
136263509
401429806
135721189
119960647
214607894
831471930
113852939
367103739
605917661
384424895
241302962
357261785
953092281
142979653
573384022
266141239
261767108
610789020
944319217
735554034
592723646
553561311
392167371
863038067
589491148
292499596
229713663
355304928
594391662
874433580
31407158
221918586
615729915
564233184
667407850
510316049
575393070
455296713
327308152
791810892
682292057
171282554
34133499
18223500
56021094
77600040
932300317
909701215
822954754
779283035
717899526
982749630
171582114
60665618
86223436
478945192
605075689
649291961
648918926
987670108
85193076
911719323
788421159
98075644
488407977
568314836
782294244
725999542
735865079
832733241
493477260
12246725
887749028
94609018
16647096
205418447
633412521
396688745
217326082
905352046
454072205
419683410
290374540
905705290
776153282
307463609
487636653
115204632
150073028
609789256
584393043
306734320
471708475
925122366
564103347
553807953
930810406
869223555
162679298
249893360
167127427
244651381
202940252
694611604
391664031
325723473
885501637
793192235
391197593
761797918
625037149
903322965
517830136
279899025
907119995
428690307
993968586
798976986
679525945
539185409
172498352
14908242
870398377
698430514
715388192
348894621
701688077
420446279
286057638
344943257
558822769
992307735
376823669
879722196
230790115
693645470
9280285
437239857
440690528
237142791
372384465
192592816
169262853
388464896
270225197
808695475
164547060
206930889
939600179
369422018
963486231
740171216
678504630
416410094
561866812
119830986
546078270
27377212
509277221
340976430
50154954
909098480
64341897
477560935
329734009
817871007
626081940
940394630
647029071
315511289
743311186
770647027
556873916
557285350
612337150
543288718
31898202
800255881
414384270
414717138
140118082
912361729
821470607
316635292
768970782
658987530
133609605
889733467
44696859
699190454
865810724
361286776
422172932
119937022
904252257
792502243
622584613
869016229
418073765
592030570
602093814
12033008
776486424
382839982
939234417
178967524
719957266
292181208
122233275
447465102
923183521
294192880
684485392
121369773
230649350
168839408
60351652
949959287
499561087
425690796
216812330
245276820
45759400
105431361
745453120
981041754
733925069
497926859
868715297
82398031
384603468
329264147
278565813
760391033
979529411
790369536
883572500
409552123
326606357
216221693
826863018
541152571
605591818
156942022
265863275
168107770
366388990
33613891
392374582
272878807
277853487
725137319
995291924
932972957
535681574
525132284
739362905
52874318
263903724
758244796
987769045
349773694
737534790
403740755
382238720
734107147
144623483
503335253
774580157
326482233
605950986
68020006
76197763
992398077
744287766
217470668
356497787
447962978
104295240
157420718
267045691
332067997
167901248
300673935
639924053
299886081
685560584
152191908
165163693
347111537
709731934
30728245
302630607
312861500
830605204
157651698
650626136
128280769
572211549
257640898
357617907
690319393
477546973
500883362
989628852
674930833
357831610
712297702
938809277
990871234
602834171
15583263
26237615
91553191
610956848
658785085
279935216
100516470
206496442
719783565
568675444
117989548
963908864
224595044
99585181
792273833
144478937
460293095
270085056
914788158
36064131
939593766
536520575
206031388
222574111
724829368
396590282
368638959
590562467
710867533
76167963
367194991
877316975
306658887
110423853
44482165
994880224
977692001
37224609
90894469
140485927
61777367
503407751
903486211
160529708
124826493
965681991
860545764
124311155
498805999
583090755
31848192
775993605
387480670
995440515
52259808
965116098
937232342
997504175
315384552
975221831
454238788
798451766
123461721
292110021
179866559
733142911
361021551
661461722
137522167
896865950
731939198
876562365
730483715
990408168
653802576
949714450
150924183
869983259
215174086
141677861
191419043
951744633
730154621
593179107
936199085
596084556
995192333
819154315
570150574
950522832
860432604
243083800
720618490
37119899
802585125
383079983
968963693
879299462
433541988
130779868
535780883
712191484
773902219
950617379
17371787
186355540
658365308
734102864
312294075
656149704
753488031
186383575
921459032
434750605
284023762
875172955
419753026
215825498
180714835
934799734
409661245
557522517
328341478
719925827
977666840
738946444
576356203
612078841
260313969
714106619
60118851
302712271
386753198
985261060
810734802
434354736
996977683
670033329
346995839
193438104
781034078
773004258
906616465
234699203
175244812
262374612
296155451
471878346
5376786
860510979
831122173
301574304
621996317
591370534
381333447
668299277
175583132
856811549
599178539
142558617
647567450
714412192
165259681
245494649
684569693
981494352
472138324
548342760
334987108
680230490
819346696
858525400
965472845
597756974
34123787
747985968
177332894
952391352
57763111
492615025
906621719
661159992
512878558
959401327
596796350
721071649
321491358
367184702
315111308
610260611
356079921
606020697
968671182
180265698
354492551
645020913
909222700
582905672
220321961
392336465
114077441
957055205
142065124
566186307
354273618
885799816
712211794
837317006
815330837
768499371
842101034
176666085
64587661
394317391
217969735
166892389
282990028
810134756
214399707
822786109
639867236
978858425
884119401
494090078
441265773
632643934
782570072
190532566
654204307
564722395
363091178
739003226
957359622
354614646
582564886
989904820
461028385
515065634
335828183
696849062
988817511
440467658
108324210
47534772
943267477
271657484
755571382
684143158
208971945
128343420
593473751
271243043
217870191
239472450
83772295
843026889
37124902
463519197
716929447
624088761
172050472
25009514
194424862
855432239
418777743
132094283
78709431
588734985
67370124
665261842
87319640
349883293
879700795
336290490
57385613
853221808
984677005
912529547
712557539
776961819
159212186
245375120
61330600
810199054
132449943
572992940
786833267
68108906
320744080
769645902
568322333
927135399
577421303
788410049
337883218
464650201
352588965
474439907
508798708
556851606
98167162
832152310
346818264
673252124
460180487
622886722
541488604
326788724
134584804
679504493
461228640
830438031
388499260
48742412
622734109
792451249
777065473
244498905
447660926
313983987
256787380
942817017
232884995
241299790
225160002
726096052
373242547
242875841
527557905
661859829
877550969
617663631
611788255
626569923
352376697
994539611
681049420
575164444
76942028
452186496
968977728
858408468
327014962
620791491
5079729
280844716
307447023
600932567
853104335
21017829
588242439
920723307
187546697
706769367
925878739
470064790
616593066
778255104
390655736
818941096
170253356
548984881
270576255
960759226
421680134
13580314
817880682
13725963
444248060
40976402
861665685
912987521
660079626
283503892
439299954
611161837
276963124
855410578
490415902
36798634
114738708
66528220
717349079
611155941
247650370
412119281
869581298
30009968
527731958
53308961
809205965
260183537
496628933
691838972
721809233
362667255
239500271
404800048
142502474
281282677
222878321
463126282
93566638
109537011
962867316
172999166
996111367
37942245
829540915
129228159
856959464
303370837
336849561
530013436
137863012
858381377
294019362
753322430
907194161
506951259
796842748
487039351
875459823
741680995
805813687
787404266
95475852
317643632
265129535
56385097
186465465
721549175
325428206
811130459
695042326
464865376
995274607
463222052
611390087
13933817
964535338
149533679
312678950
115736640
281995060
532286262
806726416
21102136
828057872
835416751
88378893
884211032
420811757
62933163
396110859
937570262
352445122
872588786
951795903
309045491
435478675
423217642
839401283
337585256
611447159
928160981
325874538
534843303
730339151
875435474
13190453
433412308
499738081
54681320
190131106
73037936
120233707
792087557
729895104
512958806
972429381
343775150
121080540
357682810
6948921
857618295
985235855
551028263
983441232
835875222
662490753
69695547
547978434
993282139
911238815
896713741
988270518
216774431
48325807
163643490
963003213
443531098
767191944
685584603
643546533
989879699
956899698
635430765
594020103
185003515
532689693
365418111
896556550
543782281
785159729
8939447
31416530
221120570
742091874
652492439
503485980
454865146
752883591
882401727
702788572
940703583
802906410
335685258
467012
979868215
352498725
894741479
285115145
854780822
905643466
117348414
89248327
249490434
724516
960279752
690985220
112181003
422303224
941776566
490414411
36783874
685929025
957025655
130402422
65206776
19625513
95021183
455091140
619284828
349494250
931565598
189148289
441660679
871569137
738074924
465193012
807213783
478131096
645769209
170466366
390460837
596382181
115824704
600430442
224085558
612005281
792011785
210642217
191429950
756500575
695810505
943492561
620791118
120590348
606634577
188766157
635371230
905660748
926331243
997593393
401898660
920311995
771598452
815896593
863200114
539918804
897236823
38455826
120686227
451926209
912894943
884787709
162673836
951231740
315183094
651310304
299111417
55204787
380713213
258995165
260785284
829980430
397994986
406741259
247169978
56679895
698208231
419101929
548320004
892861717
162855340
692287414
802903554
296632837
925274087
585344393
589484837
479071661
351959300
672804540
103143536
144401794
402286039
844965092
571194114
317147717
72995024
638421912
353297869
206695344
875497090
486351730
716623252
467491365
175399252
192797561
271792303
657923822
193296433
155949634
412357643
818368150
908672318
177995066
758832142
300389664
153112270
156296256
679342877
825400541
426488191
334513546
377238784
722168752
640513381
765092471
396070353
202151746
979509764
890787669
870855792
427530531
339343117
951179638
463548600
997763027
929686280
9851685
830820000
358757789
30156054
852008359
450784309
788668392
790057711
492171475
359560035
48487435
310292157
852722430
77673415
406841798
343246828
799524814
641072613
382968369
24157459
23852743
76754435
315966267
606689453
693912047
397226380
140258234
667515661
550518575
21722990
401126427
440205966
63568753
277573477
888668762
686397844
560320496
642719976
597755280
682663130
722508127
706724760
314844413
569159191
441790324
106561578
254069277
111923352
273185746
890690690
285380322
452148355
794264551
287552767
360776442
106443898
471335454
119187517
985876060
478488976
8629309
368598608
560119326
584884450
861585889
796897038
311548070
27720079
969600044
154736891
586874776
655240606
496428284
787550293
374635462
799494012
672650363
587592579
284695363
376177326
214912558
439193828
930896894
786901974
612031939
64489501
30243824
45658134
869152584
659344286
161322780
905701194
582351428
448932638
964991546
710046288
16903263
92468122
988527992
384157643
588936285
767773220
292667450
550913649
428343421
788142985
879754278
536772459
940875783
914635317
596838601
905279578
526552415
66063791
61884193
454138465
578344405
209967637
221345035
555767897
500404543
392762094
957312873
32168885
452531086
815649881
435563935
350083982
589007801
624582096
867346977
735258254
941293423
2430160
688233438
573553314
14891265
182327520
678718657
556939768
350804146
318991666
126052613
666693911
606851952
848820918
489188520
876813425
973662655
63221405
168807808
547476347
193985379
879549176
222118319
813420585
674657406
955066115
194868634
904418826
716042400
288549689
980902549
529102040
75432448
910482931
811026283
927239047
240447688
169378261
563066470
307738186
858788528
496253542
108395635
41241331
474851689
957875126
539571293
150626066
784600839
828776629
591530852
624732600
19946118
463504705
336972889
565803533
726756113
404265554
386853222
988757211
613061073
378045933
841779966
274163056
348369179
918396734
825715554
140470106
297775928
15500574
908341859
864573397
120829436
967234326
2321077
96368631
694309275
263861295
334890978
605551424
797568526
363264915
91373177
64781510
103749587
707413150
72921209
486025272
524396549
177444579
712498180
532029729
338571835
72322439
694199584
370078463
791941581
202678860
208175930
535744416
125463138
255230062
239509007
254595722
853299615
214451540
488221182
850030236
92661148
268863011
902412303
817486200
514169337
556100718
591975011
807633356
286887250
587653822
610877445
651558319
229052216
983066185
964019001
739142750
496933288
318702916
102129556
191651305
980676944
528025887
336992569
859529111
900062962
424430969
908798163
145813369
637896647
800639784
704487650
268407951
732103517
532601308
418892747
626857102
464802146
929602464
166580527
746176192
230385030
764456983
612614807
417701079
429029639
789599410
226777583
377555805
746034581
391046495
368054430
290806417
408241162
957393411
959256926
140644967
432468373
392457685
713444764
476455264
642902222
730344184
310745823
239625054
522977226
175274419
743244291
385915112
655996576
106357418
808404419
233239941
151498783
962831278
833250585
951088217
647852645
900481216
445832486
539655011
228417496
447976997
337891326
741504608
392107766
709354613
626366075
436058005
476952914
630078041
891585135
517143014
523224823
981316565
272734845
912073368
275128510
180428470
114421444
315867903
123408620
348664611
44446161
539279058
941219152
942030640
160756621
199299935
120136073
973171618
777755229
455809307
15782611
472048478
668708637
568938383
203448074
539300385
89648816
247058718
781230666
467378000
212492900
429634980
227863297
522550079
938885426
201095488
531120643
984310764
329615888
912175245
68216431
870625897
793890998
603764624
502214861
526333965
746727318
581649720
351744116
48721530
36215592
662436641
615449381
304202754
535767263
631575758
583847607
983670284
562827683
94276550
898153611
126369142
880357293
122207807
882552814
894959231
529754089
518174514
175788361
847913305
634285416
933354820
67340145
185269261
4730834
511991803
963188616
47789293
600740713
712785701
138992813
188791036
522619313
63955074
90071166
348146078
590118051
33473438
805375787
341595128
234387244
95380961
560462626
924331275
521390708
401681349
670855186
73530744
989006736
542411601
284047824
668216835
381749757
25723800
433116680
370761495
690516356
612061955
240422427
209147868
953225886
397768155
345747136
910726012
197761263
850911983
604354290
523368621
946143134
963693752
759377102
685753086
36976341
853337090
240018806
965247113
829962389
160207389
193685208
882598377
139286150
767093190
353812614
102618390
419996332
725073305
53729653
547856661
11640975
361056025
305638654
732792703
449804258
930920384
929549410
641914587
835427171
652093864
628699864
913913367
489023510
990545299
66337864
452387858
811315850
886041481
751066863
247795904
99098849
367993795
691473414
941379293
684166628
511827933
852465627
58672033
896228168
607759946
633613238
758045548
352054862
501836636
968898800
936004992
847695033
910207511
493572276
920629133
715160869
925560868
236780457
486182726
363063430
909503655
798883648
104381360
872746032
438766800
47600928
284688742
108523133
587918505
378608664
324198605
631791364
975105590
332108228
989707177
515980883
311257434
688759851
11494846
729818963
800629388
458994528
395127021
54226725
397157268
300176857
339952476
865919882
79992711
104528990
541868125
636062701
155972901
493541613
622605226
485947070
175747480
563501842
781158655
516738632
924965950
852138477
476192529
972673875
986221001
336928651
508831654
195859418
458660753
563690802
556816177
483007262
330097867
392583218
500738880
58210947
876314164
751991809
615014645
24225476
955510629
413767964
49704469
252311432
540634133
525670585
341621477
442163668
279979064
565324795
680310518
710327625
783155999
957996498
676032151
164432712
296359763
746028999
449131696
284534422
734440639
441404052
838195478
489042815
257563968
347710166
867035752
713683489
125476373
98471458
100819269
979829234
782053689
48403716
282708565
821904769
239833127
835845079
394836976
908170541
422591065
754876406
295433228
538997125
387966940
45201509
237142488
178500321
774218183
673831201
304327936
824761131
351666393
539696316
779347360
570459619
370908094
660903244
147353200
441971150
218829275
735374896
767863904
807595020
869896832
863803871
549032809
941259637
898283572
211304551
894063885
465605194
384354179
966684852
376458098
165528540
575642282
65438756
198575900
818227091
334005503
129568367
392107058
165200676
924256969
780808906
69246532
136614892
563775332
171941910
288016889
711299897
774482666
323879062
579577862
5426140
661778819
727808041
400842286
917384189
547066260
213644919
709561346
248474347
869166065
683079259
628482560
843712587
483493475
159977933
686112471
985325088
109988239
892164950
494355645
913991482
833195378
178236547
753830428
368032060
831750874
958189817
102679135
700909762
173653557
511466636
523857471
950420474
223017692
345929128
829800834
520954293
449919628
425136263
38282884
288644435
585755611
984617009
581855683
537483062
698667057
497802157
428389531
436036952
687836476
662685382
794259027
3064222
92468956
758853418
933083632
171756278
820593521
564110850
860945252
958035479
490137964
255335453
242798068
841458645
885087850
423675831
438892414
653958475
908377677
408301374
233787581
973655450
595896705
717180004
809725018
407117811
463675919
673116301
476668383
517775798
344301014
274014245
702822100
545354676
235760949
460214825
569816238
308853512
22989090
143567342
340778999
392086621
257093859
689655152
108174593
857548413
549604822
737981808
929917082
239838641
192604325
180946271
245771538
590305549
676784327
355722711
5936628
318927933
953998753
908716310
660736227
43999965
115261591
38039306
589821393
64725877
395881913
840068778
695199021
165640957
625607803
891432471
605578202
810968793
811836857
780024356
890853727
268282833
86308998
44257910
78672278
748404379
411635072
881806426
155878211
30395564
205772859
519031958
542602241
348396775
883387494
446626536
626998969
80643742
369788616
795813725
88391790
348664518
938177273
616933935
944641502
822482481
208322620
177171522
600726576
60972257
241011006
394948502
536958081
645154808
954431725
24794921
961322303
556817294
446940129
924134137
114475612
956513379
931922395
191256473
846194160
10305043
87464381
984363384
884123904
554094329
424083945
43719057
527446611
687702891
623148288
962319674
673683161
86127438
982797553
425193378
527525753
527187343
797130710
424606500
304553534
799808965
288876736
504760112
713421240
798093792
138827896
408676631
196525197
2416899
606872187
486970648
91262067
29418075
346908442
350994804
707646982
136818166
801356138
7983157
644189807
520223667
639144526
239042912
864182801
406844613
286864059
623775137
153543904
34685038
101871790
964982489
254770992
222693884
490242047
568462080
14224665
707536434
193063421
432899881
423724743
427022359
421834597
661217563
715482924
707194074
603628386
665794013
421498193
424357625
343798999
391584227
734346504
585225350
226341594
343322093
816914344
233429190
609219435
348573566
76893235
635145323
957494932
227750641
353209021
310125997
157858079
447574578
184583380
431591340
452599113
76006750
34222500
359903437
102620812
579634343
277977256
967590356
174620477
19138752
71210400
967925423
17629846
500616885
487905506
741594257
393023491
528108087
545311206
769339477
36499566
1122662
295289680
20604487
969942655
865935788
576929606
678088140
581694368
433957065
960602307
379957538
95839827
509622808
624961555
804799823
355997915
986807307
111942545
738638684
757105355
417342775
845823237
575565444
141679225
873354103
742952343
811092339
713305530
593655453
939903668
112477087
323075782
322701035
931882062
963977943
431061183
965533265
704685395
572569347
887925955
186245037
653584100
236138391
577637770
215860860
680427009
905230289
747680591
860276567
530503758
71561644
934406230
197955713
415896065
638553064
577984859
295536955
626585238
572251974
668621686
436249983
512651954
988663947
130733750
235032236
73858069
867406500
27336928
882083723
888939347
23582399
73723527
21541909
845295054
765634684
371871159
428946542
424870934
737586712
302834339
684539115
352118882
5761365
43118173
226486523
832406575
588982335
924676095
660945078
664578188
459461041
744161394
760493246
418102616
522137618
949897508
376520340
330660585
267864230
26644765
24568552
319667420
259744536
568238129
929833414
218687129
363512863
943766981
449096947
244501114
564989893
548950890
977242962
52633147
204476307
229532740
329129897
963059528
627004925
779811042
457995873
398690347
736987355
602330104
96822384
399334432
149615265
282042702
49222866
416630725
383631184
707525008
80331280
852440169
101317714
49283950
600135431
225857544
576540162
293527802
703952589
802042443
266098651
592156980
567023578
626300134
553413058
446930461
846903854
842194966
19754602
729604410
478936069
739632283
207744299
255683046
776468591
485740197
215272061
711047672
373927980
17882908
920803064
657475590
816758530
928496611
292859603
178022368
902731572
477359888
355207954
952822191
3968597
872330936
237652318
98632487
921185272
346893552
576670753
103703200
90354728
785533083
472235255
19657627
931495744
482347591
273372694
465773299
829247977
350864715
908436091
365291309
699800115
283549019
635051989
586120890
626086355
714228155
380823597
423060828
48956782
901797487
52548249
470676878
638911978
657650016
835136006
857867514
620584526
775260492
785451905
434961364
377345349
503178706
307847052
374328565
837022417
276861375
13476136
961603190
96019291
619820455
77325950
329233621
21269032
451713593
181719279
423679572
910517489
556937332
723482701
986987396
285094486
123232001
977642886
360435003
382393674
624417637
441871614
261408900
482046364
292401957
780640682
217867224
933839501
603735105
646800989
433193619
123795369
150038222
780180575
293801250
796658242
863263644
158688850
505600377
932870313
910084886
694368598
359231151
950141677
926662840
231527845
36465383
531336598
773283207
629570278
136338518
522099386
849099145
930395459
162150404
924625165
814655472
43668078
541464257
656239681
112733436
693021532
261806722
344021503
795669062
111411077
257687222
405667609
139734192
133454303
347314705
733439240
901145400
867592868
503086343
81394655
599574501
356557268
407663548
954915132
166210321
897048477
34796430
392845442
335375602
804334133
392098854
395052588
681520763
678246363
294498083
440175786
519080202
774359134
242812373
146141659
460502272
485921579
21070356
870259574
74888193
474475169
578833091
655702476
587278510
721795247
585089911
314923803
192618974
587297270
800146300
183210434
833555894
568013961
440561469
700582586
2713620
319579833
137595913
706548747
459324389
583017298
248525556
308659439
102929758
342700868
880800407
876852936
929690897
725369623
666538600
487310548
197177733
856849821
44204164
184962443
748143116
523673677
778945248
230201916
367537702
518543802
273602847
312944370
8062717
772058432
837429102
299234755
652021495
681017166
664826063
659020622
858872343
701577732
844727979
184533100
210790542
201576258
456006328
971761448
843474503
222995800
402356398
766274269
784666638
812047925
578894871
700941060
839173758
646796965
750046823
688828489
705944734
68499560
946218075
810617100
107020940
530105142
895765998
715080169
806551662
875790535
981351183
818005520
644942143
776740682
897852158
678679100
981771455
639990448
482969420
941286339
28238200
545539534
481455759
327059865
784122061
824863312
328569776
391887471
451406147
716185400
858412598
373004848
874905065
716241108
864568875
72785760
435028707
403235500
558611804
445733393
649308772
317717579
720259934
648272450
637798581
628375658
685326552
125892751
62107934
304037822
270629473
512169783
943806418
452924094
189293554
996434193
347057333
241267098
408596746
662471607
69904932
214159980
858066407
485979340
718793876
10471810
251200452
554737615
774772707
907677912
296284439
828275167
508654921
350873745
750094823
929463866
119761930
545443138
847578712
34975464
325945001
651661139
246592738
23769739
682425816
494398168
415196125
385484327
871740825
562680450
658957808
236326222
919870694
167079797
973049908
530251957
616397380
185064644
760707100
348924835
273212077
340251885
892841740
456681648
76188573
571982763
821989132
105905295
977483948
168048037
273101953
168251880
236715102
139899280
598102757
402969521
373039947
968833434
281503513
282721418
432891614
207622129
115994038
631977553
477970100
297649936
213797244
94492212
439872019
228305535
349027332
365759295
235508468
788573549
643876870
318080312
482523148
201577695
502695381
142468094
287289336
34801813
661194720
207377812
213254380
17795414
967842429
240532595
736129897
950622454
957991045
696802005
836983561
17049275
379203069
242941198
633980577
443321533
842334665
925247973
487202491
452928386
372201021
644263542
341075123
310084856
73500939
901776195
914542511
221594424
627523239
225603335
343464286
933525063
507373170
695116508
532754796
932366372
544505752
869560558
822627610
408605911
953909895
391944243
58180880
589908174
413571901
876461512
70537218
4598078
137960824
929892492
744155352
984378594
802340505
51314944
241066879
431354054
961462328
667302612
968513517
5651978
714871450
914503792
817222905
815653706
461156631
517589686
303864898
391792478
279930216
888977581
67327660
136218636
727205577
683609990
491573780
166811478
914422188
102066853
675203506
380815017
394701829
211904727
619022879
348563597
572760912
566062560
215750616
95196214
663109182
913731000
191682557
765882812
453299923
289483122
138007168
783924823
976350685
74889671
888072982
23050327
608220657
472643122
491084403
906028100
475626699
296042136
866225972
585972188
269683345
375370390
428830453
62982388
672851585
669202213
256253648
842334569
605912421
275029211
317874938
445897803
739990056
13001535
538702526
178282289
854250113
824486038
325619373
594092227
792677982
977535023
451249400
233255235
138419306
413006559
695446619
891502851
616550161
630574650
340856861
428909181
88882417
733039021
614309643
932920283
73872712
873252515
557694944
314411960
536401729
502130962
133242087
710271359
257588820
13282227
52345151
896801062
114542600
559479543
173978153
219958913
495174392
895470122
488434679
402260106
207871435
167836858
683768347
60980584
707440481
447896580
101270886
512403425
211697818
255292472
604124550
253754726
298303929
485124443
161897617
341852943
163887983
179550704
745567067
702106258
194334013
556720749
111270315
696765863
633639073
38310107
461272783
111396664
301221539
402652108
15782743
648660075
353960192
184539725
51870922
316646477
654321185
927233257
42846894
594860082
509923878
157581787
667218630
582342229
758387639
904550134
285500412
355707565
548800363
492139101
738068405
505496663
27826726
29028363
707291382
863334431
841490633
893215972
261125597
802655151
695025366
29431674
932156858
984730862
113719249
238703602
907836955
383472551
730846925
617348716
818607869
498080349
747491034
106950301
256566367
258723680
131389620
929682246
928525598
811873476
350510154
850146343
780843768
384654571
28222301
445922552
495602884
641141146
261726128
531526940
697584786
859480760
337607887
345455391
336245546
215143837
476410756
300192870
845485498
929706855
86219417
43390440
686661697
828817979
407321651
324807612
688819136
484143891
486014006
911214312
760579152
176376140
994762753
95001735
555398190
728620802
898640022
611495744
48037367
410995820
83092625
451269278
783261540
862476284
266828562
925494694
805482935
299260084
381428931
120940013
527945621
869132323
514520799
516752301
831567805
484693855
133387521
968976000
511864179
721870558
138796537
34756311
239248305
910829393
110822733
848290395
963046678
872514411
547463329
902314433
45447409
832076341
28898138
790124144
423547230
567703464
178422609
761095205
25536619
968295947
327519553
487080440
981264592
792244702
258045134
64372079
100534107
585248485
277230732
961414020
411467732
845857073
67370553
149824334
517947910
121533690
255050506
932562819
827018235
143165741
817484138
626352861
472700843
315910781
99140911
150532254
27461866
922448866
454806054
532247651
921725094
265352717
498300717
900170928
630905356
374200391
793169354
491534279
664481027
643707978
331615754
517373513
836088059
933190275
699321597
426962800
283842360
728681403
171014457
555955801
551014249
455632771
116019388
315684358
884987097
835697532
150537735
412109561
588582714
642478398
640329588
177583716
110759822
865136025
145021373
171356769
111460860
309385019
419430203
873885682
834852210
316333296
129456816
262969334
155321327
985951609
938024799
77881329
695865867
709000442
417914612
435987816
458705164
140671143
923400195
584496455
41324145
60328240
305841629
522507254
997544807
813096032
782597462
547762208
684080446
402106781
23951215
929549344
892287927
298869881
766553816
430536430
141463459
342799808
883085714
269050439
170294824
785137171
320028932
798230956
590917528
973871760
141374199
644643450
720318321
744859051
750996121
370238462
806288156
17790219
409129468
416683460
428662654
695466574
851674489
527777433
435750796
714644425
728281524
122425127
790328757
61322189
484912913
573089445
393644315
828802445
492575959
348668460
448839496
807020289
371799604
282536003
45395577
835937961
142173951
732758421
291343202
202627672
563820942
220776723
889692607
411632279
602277839
906505532
524457219
521508931
672869627
61000018
475081249
20123803
220005923
339714195
660185788
428913706
677450098
333526919
447723449
714444869
626545768
867854458
132772893
799528920
958491285
514461502
399361454
81874088
405518316
821328043
725933751
394890454
314688657
969127291
182425650
975184006
587745726
353728401
336823121
749041380
989152545
751316914
385027806
800984690
293010830
403637043
132994385
353718929
163609593
984070900
476839417
683542952
921604959
992778098
354632551
921730795
699214546
922472011
488345129
234842803
929306578
332048413
645777586
845175792
52592017
492541
652838404
509023020
958150401
506758185
75017577
556059072
89627641
504022519
129736360
765375571
296652830
424874682
958585425
139012112
481469109
249221517
188394699
861643191
760253559
245412444
89971406
203812088
33927575
52539256
833235220
723908999
52683065
712750222
100628688
446807311
308975890
726893957
600107407
457187819
762511147
129920653
981609539
175716780
985390632
381566795
601283429
942207450
761886109
214973468
360949654
430798675
184668272
375781644
313402778
247462846
275277053
130611035
527344251
349708455
787096784
838613527
183521157
916255909
512020608
453453239
661354323
492097588
970821908
448850349
98037424
725865707
727673155
820379109
577282259
738196180
102125098
918368662
256173351
614492720
746800140
740718040
839272513
493372753
17496544
811240259
880592890
751456177
679733251
702890313
885586505
486879166
480318694
721447543
103582299
820082485
28046461
795153155
207327114
579546391
82226622
479680898
332708060
955321549
910498348
417807856
494151966
591395343
940036435
569366329
369111999
881111927
352655729
789104646
573343706
509700015
402451720
696229009
268888001
665556285
55382523
994674539
129967838
108979584
970432628
208276317
585762142
594736754
749214339
198878515
455811049
14550678
230669092
254576346
526035755
745909374
23746998
700461218
693623572
622197528
603701588
641141340
477956602
714335372
704256956
555241313
859731049
150618114
912423272
243346413
4708486
717960276
299093009
628105417
997022485
358665401
180914538
293945161
120821602
76899312
879302742
855801063
25024727
343567331
386462200
355154679
961309411
832618047
660881471
393649646
882314294
947419484
780962183
395725749
925385829
580031144
80795336
439216218
541633865
648840435
150500883
251246298
430489249
483910911
501554265
259728077
930834497
465362551
257506955
48970613
340009946
108806040
437579094
294611842
329305605
742538083
58064302
716892173
37487251
138139875
969119872
939972253
642330296
404828152
957818861
362648698
656297344
581090479
859710241
804478918
345189985
596947995
225624636
23512575
502020987
155451382
421409491
724699855
141613808
610257546
908848684
735386067
599463125
324025805
742795724
439223204
519985095
164822978
384188050
2449669
838954346
224064496
223726602
925066778
307110947
944085021
398232836
598936255
239029448
856207641
190486242
904525224
685648550
559010218
225001959
30903872
952186535
556687096
87066833
786394830
54816983
947176475
103200746
100367107
79187333
795436852
483347373
850515656
558278297
856171501
536758161
350394476
947727782
560471049
244697360
217471175
458118872
973060728
918189611
1110273
645654547
801922692
399281201
787705652
72172238
831626369
968808774
824556670
206976743
536219586
628508473
939386732
743410186
593572280
990407661
592592028
56997009
332089041
995596462
983638807
556675143
985439057
818125611
243127715
782916434
261445358
424927828
635473449
309666969
224231457
182270047
219392032
164687706
157612428
82554711
1068206
774853695
238790616
534882026
707594179
934579535
807391576
480291802
592109492
623600468
195494415
754124822
653812099
319413678
42701590
86195847
333981584
238400642
481068720
337894644
755070228
207590195
391640175
997293296
275567056
137181943
199520298
308330446
821393334
993456114
440207111
349365299
782884737
542023295
63722810
288925986
577708002
840260048
850411717
803240210
753858600
452300960
495164454
229863077
207103676
40680563
304200796
740020482
158809255
112878261
238623141
91037469
357815358
629536709
545941791
858139757
989545934
281996351
909419558
426609712
263334361
304113993
900229753
280837093
645515526
981724872
475414574
247121931
408161510
792527206
164950317
906584887
707296437
585827380
602260949
840244793
168532365
283002513
175531555
907275884
605603901
395017767
124071916
305279815
83809753
298635834
986314556
204494376
515329578
345333345
607719306
795941367
399811341
969099936
742480623
824706311
825599009
297660620
490737831
872618878
332052854
221151396
889934226
392467946
548813924
638362505
272943493
918903003
936775078
389884131
68895657
32419136
745802257
475832563
852064284
183611850
915044343
968684223
363937975
521206279
867116445
838323007
911970332
7187887
460896473
155859173
643314951
616622937
893365009
827397740
610871604
854714931
763972135
983769194
417038395
983577634
543359634
774838554
194176842
409561717
679268529
215563638
576825004
893226524
286070578
787526446
254630888
691440718
236794324
85939715
587910198
117393503
482937113
65500929
458310723
733465442
283032165
148127133
447570573
686662602
19368613
103730047
114729441
520329965
994411165
916535920
608558022
539718868
923305870
241502153
34593324
376096238
148189849
984723975
525197877
849325530
832020110
520768935
263650083
331522344
525778272
427556877
828602828
526050325
265843975
280558703
737912294
472789002
588600542
362223813
791033216
307293974
953795506
65715323
963501658
103190692
990907090
765771439
402722963
272969839
538279124
855164951
943261314
690217024
420893358
154740433
270392247
95735232
330225636
5735671
590210894
779461592
667660215
897361278
203783594
981069298
91567700
428230042
313250412
238055854
792822295
146916945
23565572
977657875
164860675
987717293
615345272
180373006
271027845
932162441
9164276
336121268
931591855
113406295
76763785
617270099
384510690
472250974
677500745
696641405
345753403
185801473
35975423
125902507
553465539
708591254
55555539
405886893
841768050
726210602
432410494
298173306
811737932
648553197
501229566
42673130
508627364
198569727
758583815
795843360
298773345
847226129
67607941
122456877
54808494
241225224
218091272
18516590
655392396
934068577
677435801
574999745
907033131
859722126
826142074
504646077
300089203
411521159
735959570
638279236
898946173
365447111
450628263
385347726
369377009
814754721
862388832
145348889
952018835
693349218
808113371
631493462
285979381
104107901
428047314
875693849
107266213
781166145
821681819
821636523
684639546
794725190
765402342
532583375
738162220
414467466
328783291
187758455
831220638
945208386
70344569
997454655
962991411
196804598
264590284
95963959
544562045
990370386
210427354
225735453
487223084
114054461
515347480
975518214
905775948
463913506
666459255
290100744
372466710
76794230
208783257
501625408
926244112
27886904
253678887
951342097
8564840
541304820
979906534
234368065
230657077
752138304
116879341
193359191
677366166
686577028
325702939
242715834
73003029
307793677
197829676
408219140
48530500
520357453
370071027
546491414
114132034
233784733
678647224
95372268
687731456
108344850
663703818
815168516
451152875
957364161
568626976
540099420
688479965
728872991
700238535
877720210
109586541
182000829
653353894
175741821
109225996
334287713
599787871
102649870
725197012
928358988
883652175
634385028
919854058
500873859
58442508
214057851
994441396
573422704
783388780
819899409
552751173
139420588
338504717
778037098
834052395
114222787
987976794
919584995
958564002
856093892
883441662
656946654
964363831
269877819
295901860
378075462
634554241
923761052
489394003
48458783
599790183
868473315
674943385
436750620
526586980
658966308
474177179
13414065
802153377
341210007
484501472
659234497
656423451
850744991
957856677
850429866
785976729
936699648
601103796
428891195
312939523
262686011
423610529
160051472
414908667
942874274
491663336
739572771
271058006
247702716
146575380
447536434
522625704
371169185
511060767
41151875
696694033
260670219
842626175
631695561
919961214
486394416
924648683
930282042
333946100
382886173
65508450
367128236
239676882
838237929
710156619
876621718
964529852
267755372
987188920
510934440
183198647
235073495
909091226
507274017
954196349
383642077
461867419
646461222
649073441
295058654
575598764
947893253
357286019
579552242
894769873
537045861
342671668
384915702
876285658
140741718
910404313
692462658
434343319
112761262
494029125
946826922
54461894
62347523
833646409
583825890
269457825
990939802
255408686
848087094
19555761
333669760
647145021
241022995
49844258
5242875
79785075
939788429
338722852
24370526
608410092
340184131
640248404
751545082
927517389
112175873
318260818
754429468
313786900
725377105
868492983
535272002
615643333
358094443
523087
127875097
316887252
174692979
455693140
973761298
371163485
558570343
669978538
147605299
531974257
209055136
598702488
919210429
822255186
889709996
438672510
779063979
597548127
550778016
313230308
656062804
260108400
911869686
990130205
463460355
513343256
129538976
426826957
775988997
194436535
68144533
22045619
396421617
818704788
109099484
340738750
936678584
674674883
559948558
693200729
390525809
422033846
882203938
275712473
420525403
696703526
109379758
528822928
383098464
365976410
208819202
297738865
794149634
550487011
175735270
116751798
478323320
756686571
175938837
140603561
229987755
234796920
230252969
562090139
562219307
347089041
881242905
327670543
167717286
78445582
672080773
986528217
691268976
611096270
673202614
644763770
137055598
42468421
19451669
629006438
268480423
504896370
195646321
904964085
186153885
744780139
782844101
273799786
593625850
7548844
876813639
422542598
427413149
561923095
20193711
292940507
411245191
205032340
975016463
659700415
867286383
369567136
712069556
48229991
13375633
108753218
844118567
936220418
272543932
513851273
230517295
521887158
536186677
70773530
149969764
744431698
636549726
379051500
226778658
545869845
753482414
745770442
770747800
120278300
912598626
964006574
972936035
530580115
74228796
558847198
622958404
88523699
508564751
571079015
282271673
529820291
226744568
603990085
286300566
121613724
888284161
652087090
88217517
141090782
959243644
280866432
609996812
949443989
10780698
114116260
755237427
153010055
117932870
544204945
231314733
989695420
578066682
940006518
514652829
702552619
697547357
205978091
398877652
690450877
114857448
869032512
327443552
260252862
358774929
60604647
132172960
477170766
750602493
90110000
340979198
84445182
578410164
280527551
555499958
649566872
659317113
264208118
38873801
382803943
550568626
597178242
690873173
700716706
947201962
462402273
906187000
335092145
636327367
840047593
740819808
884037763
224883512
591890222
796601056
354113413
263001844
332987015
327335630
242352
733148777
570261584
685395800
800239848
964225326
612738367
728403301
904111938
615894172
540078865
238212289
880047836
643833653
718254176
855353454
689890509
103078486
260876856
46898579
741818507
662495189
264587594
794460379
579711507
590824952
392358209
67277715
767226767
762678917
243608612
880961578
251524965
600652207
811261869
555473999
128166231
445616454
520236328
532012769
260015947
967436239
175396662
680789861
357317137
125834093
560374950
212632595
943716906
407827957
935269406
236663806
635520035
805238653
70516677
568404797
443942276
594918050
41219817
208110995
147469969
261262776
5795786
164127269
330828425
649334976
265881772
371920566
719773058
389666106
903223729
173799811
440416442
451147983
690550712
56038052
9345274
773309953
561164436
410537329
95648612
378247927
314636054
701010001
493814648
750682981
652788837
19520802
180852971
563205020
843755403
599380933
943820218
897683809
482928667
700628099
42132356
781559408
381921606
344368482
928170846
132413020
439926762
595892100
217052315
128689895
178372148
603480551
522000254
944845123
205872354
647010403
694175145
885062820
146840508
455252574
487023056
256509514
70282986
280392495
561011205
111750575
197331292
685789083
314722992
961223892
894049469
291239983
505212944
588328379
711719598
20704609
404990165
896692596
611840565
415630248
816479419
974722353
246560772
693004091
489405309
893443094
388410160
385456143
383084515
251205406
577683109
517910477
255258750
885547503
451105948
861432788
480480677
94816211
109405385
157161407
271630775
498630209
17113134
208040542
969269230
747450595
850169194
981601796
232693170
542590397
911982931
933922736
246657697
106736909
463544884
761489081
794042875
835515750
392918011
290501284
615485714
373501862
608422164
722076002
924019979
438461663
977862910
951314518
350489444
952512630
606719443
818170419
40336196
727712086
582989957
808892434
946733098
870158028
702836255
574653454
835853412
442126787
617269473
521230615
81375008
155493796
196794899
215387303
360464645
804668119
142555343
327661554
316730153
901158178
316729473
345260825
882337213
972415775
473725543
899313807
355731393
190732544
952870119
273239635
967757763
500257024
773517791
497572486
362849228
608523564
604623427
958734378
804616884
243382956
21385375
572441505
916729517
479616534
804528906
249270763
848436816
476343333
609005384
498784974
15162546
229356887
684894862
11594388
635821648
472401614
594996053
10876183
443072845
371953357
640328776
948379238
596478217
532676210
250673142
58923486
354615841
298167083
468400752
9433956
892733281
668609675
962121675
252456745
42303539
171376222
574636410
760152030
330333384
575337063
626021568
470569776
448321363
171959887
908493088
504709395
55079988
607678057
618246269
791336850
554508437
990472712
135772057
15762394
404476589
957983633
397652626
879905186
753227216
158081434
716731393
581301418
118941689
778979229
560171423
75951902
40721328
281465520
950648637
429623858
260228705
234089923
325630360
634737600
93464837
402546708
233205708
544233039
935955232
968566479
114522172
331088470
759000895
969103065
180141478
839891860
162726634
371751920
800622605
337980145
636796885
524742071
210842741
348754681
922017216
915775028
200227860
3738303
269128766
18127030
146357895
956529532
491063631
268840027
955324901
196480890
684036001
942850052
608177802
199876810
872977792
91074439
162775070
727903437
451214387
113894206
227436325
587344503
124007009
208081527
431242472
362613660
962688642
609640658
62635264
547139637
860535643
385574103
922933927
792956636
245351830
173948658
839742125
792427706
65586277
689041119
184119232
845895026
175823824
267979965
706183383
544773772
965020518
436637921
145465631
670353108
284900327
691145919
161902362
786938531
823124893
57001105
788636787
491154031
3741023
191677918
248240803
406156856
763029476
961097635
741860490
561577409
256961427
356107010
255707067
725178096
487301229
725798687
355709948
562321690
515569021
700713443
579047745
797286386
940604652
482734449
294439153
572361342
428866991
205185958
405169401
387395390
308577302
425146379
181890724
100734645
859467759
318732037
409159096
258090883
519268225
832077513
161452092
954955257
58411321
693496361
258432584
663337719
617607358
8821786
368665246
546121212
569475885
607742401
178634961
487658704
318151444
754351235
318387324
144612206
343511867
707151383
974054907
262100148
891038063
231911689
809020685
840979374
360623054
228038431
382567638
332340914
986745849
827906189
660303667
371345271
454357682
798054525
928608486
43756298
625371807
937710016
581967639
368469563
116449654
875795841
360854307
700321943
983274291
765830634
514708196
330539917
145438592
436730577
504280164
529421060
636174779
228608057
549046084
317426885
36020179
49777728
668767684
232178612
987535701
334165849
44118124
497852974
446689084
879694816
417153714
754616258
656999208
543755487
70804314
231555073
479081072
290445258
264088167
746945564
287897766
904291569
380693731
531926935
137294960
584159479
618813434
547486897
958305113
557778120
549003635
737687539
706807256
929284856
293577804
291984402
215103735
581919815
425196621
794363445
769869648
619507283
750721335
958717809
951717885
224351164
237057591
229794116
580659003
585332119
229802302
175225920
371413310
328461418
393621518
231672324
144905188
207624641
555681257
558632435
951835035
881256132
77699549
39899836
710552477
541634873
378260315
539217958
241243514
962093372
123024740
525453576
304574895
216263736
795916397
331995749
968997930
365786866
223452695
34381239
406302680
223839056
940235372
940260670
739193012
266022113
726173930
301858251
452099791
247292226
831223316
631413833
764260162
67472832
748720836
539757068
182644367
139475918
490601667
183478212
324345620
297859901
980859696
462474982
791650021
376725013
973000084
41317240
456625417
764715581
456791197
669367776
636981266
196168816
313151100
500199813
823949074
554615404
538016138
175108747
154928749
509359603
306704315
494686719
37462132
30194644
987249269
83417119
247180760
464433726
456114165
69029504
114107924
677379715
932927062
84128064
746945601
301379320
819888802
86446748
686102984
894232474
185562571
607295704
2727966
915096758
113952693
52491439
837281208
103735343
373328960
255949552
495263341
178839154
556488760
947171787
417353805
176228231
18720963
713780781
454968238
336454246
707671373
466615952
762469081
888112951
801626334
390676304
764153456
728238835
752240358
24141356
22282039
266850898
862939298
323643827
402563055
518106392
938187005
292540200
996757638
757888031
561518202
130734402
595499697
743482555
287989545
399439600
822266748
410397464
491703229
464921913
24632045
329644729
925394311
87490944
299445778
946287437
749165646
63945673
624503465
601131156
718721570
960129514
821361878
184594056
269810634
527955476
266719937
447675081
513997189
960031590
333395491
457022639
722657036
473858606
396235708
527023727
644427939
850507133
612114659
257535658
441201837
561455508
539010720
29551993
455143209
871616503
580061722
947111485
279283245
948189255
517519846
295377390
784775857
721733753
883864562
848553929
14592893
630434371
950674445
746123884
389447177
399776159
527707624
916885744
180853863
492084174
70074892
797946716
538084826
696224681
88720890
691799666
762209968
515171127
557426346
94254239
846950292
591871982
757277595
257743053
328625960
629295327
644509225
101278735
650481561
695371298
206012213
547921107
795422416
414388268
991139449
422561544
731312657
611109785
529463540
354151129
666502892
31861071
131047306
759080231
155043285
73802399
128448644
767550592
470205134
438890427
176595927
380502855
483329372
861263123
737870434
202372444
461192648
728350208
610468115
556959654
471697155
231656976
378378459
928283628
17235533
582959130
929948336
393337731
339250288
826642578
290700992
666391522
962129369
661191396
139852419
229960351
508169619
465885171
856250310
213609338
151653566
452925980
663270595
871666445
481115986
587633151
363531327
391457975
338665794
318375116
506404466
286054550
390376294
386853635
685773786
98147030
362920772
504254734
737889056
686319243
831143109
454892513
707558875
556412022
573833951
450719997
420434611
585759043
748873388
732030621
907539883
806907240
377756787
777068232
616489759
848188469
66493291
660672463
364347098
390681249
156515446
768206707
474413582
241528896
427743033
143876884
712712287
613290547
674491906
871990812
504002961
365610606
933304168
832209667
365035521
754932580
720103331
170934022
20799443
554087907
833841252
20880399
772353223
11808113
224640040
410621088
883903590
919045191
138451751
171569226
903801418
963158456
746682151
101957445
93781308
247416669
24164252
63668708
150498795
891276039
70803681
310509565
981139232
41639365
680290861
591746271
278556592
137004284
4157152
888453957
283283048
663978989
170874304
115659479
224382329
797776615
785857171
210891691
566143966
102983061
961952139
571048161
260102466
527697533
985960468
61640203
152720257
84082370
955731154
492300061
96788453
114844488
212684574
399956371
611836020
274416498
866307040
660242650
234100432
803211545
804796733
97475828
235858376
438184860
13022634
736521021
569520547
567171000
308470023
888115608
459222425
88918178
124044374
1442722
244036646
940283909
385922730
401949120
709474110
418751305
756031256
181524907
295402029
402656794
427219521
762234428
76295216
182429595
188619548
950551966
205036265
967218255
180377129
203428540
685217653
183713314
551501318
219323484
594801047
240262619
676182786
185139825
771945615
829668011
808028477
931645263
395242525
600490094
148643109
794163825
384328793
351175256
613982465
860186932
195105338
329819002
274712938
1355705
783332562
10913750
549665809
201065431
212043325
347753228
936235211
812099081
241256955
655796529
700157767
301710529
146649360
362008319
267016256
208624517
820740529
646156784
501437393
344512590
219937401
28643146
312374645
972529947
647358821
198261299
197432327
627505322
280768790
810060903
289395887
517922302
953879555
837900050
857645943
290073791
336144150
268076408
677264349
882948654
791348966
757923958
220174710
26171008
886649314
437894921
895623604
378378888
559687487
800231755
802174431
259193948
504414183
469839572
33280046
248548015
332858108
860124774
462688464
263109326
400813332
944013095
270415165
943425649
210754638
934050288
74422520
966399534
884497346
920150853
449948049
92829041
885234197
597767206
567333042
795432664
547756485
184799881
454012885
856539244
259411835
978862336
692592763
125570105
89234116
529041714
768161125
458717607
816230677
928413392
639302750
31733632
619154695
473403200
151796131
887587196
50241809
737635339
36215432
779859557
475289188
702677476
244219776
727779443
677805177
171039265
307410131
602068792
13694018
248955630
960974769
981344905
727633423
762091201
300564952
475854128
679735701
423369440
557764930
239461849
382982413
836280482
26937930
733718833
125534144
695053539
161156176
830686442
932256592
748349695
966903473
737585799
197192521
918920710
166528396
309941102
893643265
988855265
682656097
864625988
205567516
881503430
278606767
576478759
798012475
945480440
752068088
462703551
19107767
499071621
191781844
5021959
312221622
199974987
873407971
272283983
316467277
690277696
743332759
292565762
713275981
344725040
345932117
601457549
606539
210648726
655077965
258077165
714524316
42485277
597338627
332203718
97048621
434522291
758709106
813573810
689223315
309768397
666628355
310237911
821488724
926337926
88759881
837727174
221943142
569018854
336510490
124531052
113934977
385099972
290479104
662132949
171393632
654226574
617728830
273512220
455255815
747261019
214887808
346859155
694643921
145241412
430428766
565283823
795104626
322242518
700644434
79880954
211783420
634164514
301838492
22767494
665360459
512151363
502980764
860506307
667788840
958651082
313312576
83564245
854875458
812908614
564392453
313605442
514690517
521281942
329840478
229765767
39475012
727539584
554580573
22054785
679886190
720393185
950449680
757010391
905801180
608019137
436088730
373376894
500561282
52145167
725568617
197046812
416548123
598542842
499200394
527107594
671100549
915733894
76155002
708137534
678214617
150934899
416045158
416459890
341809264
336759786
229969263
735477167
17474609
122811779
310693505
336827269
91338485
671619052
235258032
725757318
908927854
770114323
964401689
316287486
615192306
312463208
375970315
860012828
660681054
715018838
568392366
910965832
653284885
822189383
163729500
487707983
590437925
9712869
395958991
237811031
688802544
823318554
638458866
204962148
248072096
465040375
366353393
454816660
472484861
770138400
411202246
374913851
702947513
904918676
752329259
422976692
938178054
405523051
190304490
140832060
89509088
62119153
8629881
371001840
122599043
23199840
660254674
154501910
749821552
407105274
252036331
400062328
477539130
904032100
482801968
695204561
952572341
523491350
102010058
929973199
826092108
362502045
935128617
883771339
181009297
28071483
962887020
147687781
592002915
734075876
349162999
542200258
694075182
703686093
634354304
584728928
722770750
138382007
116318190
166867961
819695373
180052591
988520108
37874025
561719411
371717198
474119491
118736657
800729074
396840032
48076820
147812898
974559503
632453931
225209206
45704143
782416659
931578424
508052838
759118151
822109760
338148428
425507592
725903891
354414401
863049332
158725349
506699713
105982044
261836891
56871610
595871850
974673801
326183977
769149126
878269514
38970727
783951712
734246427
462121803
642983860
819515214
281506524
760346596
212508621
773816099
753124121
834445357
947598646
392990527
566317258
855476997
277840451
850678102
258455140
221670226
729914942
436591211
11947048
817121292
813229801
116230004
255299186
360629120
658505680
485789968
984967402
801703206
861096062
604987871
467047518
994953746
748294149
711345619
130901556
871507095
195668473
212585633
513754935
380645683
278702773
272038733
39034794
224702866
631457828
940898706
398923679
236297083
998097194
399302890
476309447
532833274
961670500
862269714
619934914
958111044
482127672
455066622
677904978
372450134
1392367
945104315
980829713
860065392
670768704
614150513
313597102
556199560
406223525
490191543
735087634
802848594
491584930
151097438
320845486
280364940
277632873
388524995
350003999
901693559
909344580
648224198
257020175
164830454
14705127
715719742
834924980
10201408
558534160
397372786
31123277
984129353
208078131
486063580
282823150
871500798
775777619
36239620
428188433
528686270
216987666
725775666
453406379
806701698
254007332
2812815
800065671
395670484
102219784
929269919
770684497
796036578
129391259
381410358
198844099
392559354
58076636
13809237
514298476
741726564
753138259
130459573
649851467
915948926
637303637
181074221
675194178
809808750
337278286
560507714
280696527
280776648
236353046
346032982
954729436
378240800
812280584
194057699
883199485
779846473
991365261
642571422
189623247
810253991
24747031
276401091
44249663
689758947
822365009
793089899
425003665
154946598
711367688
180445482
9213239
717278049
584554573
475462305
760652924
622997607
948463317
766077013
273709107
965242031
78018067
720578477
103769906
116615177
969145765
163026865
218441590
11611901
613530019
937523297
20804561
325463610
101735014
995655868
989609053
61714052
222070756
157248289
632481542
970074543
491002560
75014760
69196788
521477805
450984827
406128973
981208651
377777295
372452452
563399793
942346686
349044750
980426230
958114454
428762554
304942646
957462462
39392036
790459971
954467285
421167137
950625676
423537349
187769533
875935883
348594732
165086578
141441277
586882088
736673565
602923954
772499647
298683988
534943192
486756772
963563409
64310651
454281051
786521192
315715072
954890325
350851452
887081376
651070637
767444720
257106366
449895012
195306760
213934201
689716778
30288524
15640876
960006527
259681778
734236237
375285401
189417347
932882978
278772592
519409833
132177922
170229280
840066783
772714058
586021593
579270735
599939670
973654488
187985917
819326594
677167487
209673689
930563824
521416810
392333538
240239732
866366231
169476843
772372140
628691205
136922151
265939195
382536357
205749147
913358546
331419116
200356237
970498851
137384706
271774979
697958045
253006221
166941453
940056745
894627515
704348240
310859882
51754488
180641496
607911626
479884159
10533990
20030474
749841918
940536098
308090014
118001657
930572145
200530394
317722512
178005822
427673282
558066330
169232273
748766879
841183284
112265920
868109708
221005130
736104497
101660453
992109479
835080376
641168765
687862930
340068315
967256686
47614842
556567783
107112185
245773823
327124196
216727503
170654239
287616329
461017765
564576068
31545990
810412824
820281842
893843565
847307510
875212389
409111737
162847930
452331206
103994581
308712019
961758239
43547581
599720143
392410050
56549396
986870574
356721154
817504532
832751093
437656390
428407713
824401667
172368655
645637314
100460268
555666969
287241380
83430636
153790274
339076594
442963719
109508308
318783066
231305752
374990872
898414316
783148658
936009111
762685523
954995843
76116486
94394097
862603224
218723570
317479072
77123325
811293734
820515857
620484471
819493188
526477112
228765662
895018909
646068523
903102590
39007811
298935268
635815388
920837457
548546344
356814744
180650545
280943865
881449294
532686112
298769181
575745990
937881747
633773354
19282693
136104858
112551240
907812422
587325654
28337801
102872074
477567367
512961245
394873060
184298626
496097212
95963114
174987263
745568038
945903255
728009068
277281848
749250280
934112240
182743725
622635709
260596980
860500300
765021593
344685999
703623385
744689288
35189185
882318347
515512719
453340315
699674794
28898639
959866460
810603241
363290586
844337939
348671822
380705003
918052849
149606762
353200941
145868001
513950856
911297536
279285245
697947562
834451673
15287149
571966046
419213095
65383564
558257359
494978554
868735454
509239632
559172838
361960482
617748856
245246536
710867727
919064064
418687199
385043902
149894644
321297894
34177843
942269046
301356143
937018497
727574052
744041115
531487770
745205608
435464502
862077599
685028249
367478657
3963403
882450895
58420861
273502475
272398983
814490190
384965189
867209416
378432430
995102588
217229514
346817071
865386742
203577507
904418500
607501128
111944287
565555178
30254579
138404598
52808688
131013769
475900549
819560468
757982616
245855366
120487609
227123858
528747144
31560530
91180530
323310971
337879597
815599040
79607578
479280017
314442642
416068013
417325891
748125948
453741472
866184892
712488520
246440409
815542431
262974906
429083060
681311556
161823501
175580575
580649316
421320437
941303840
149661555
557950100
987465915
27308331
76169488
755045099
598365248
202172408
60641336
5139952
192277434
761165798
866626268
817827114
837517680
939218254
470762806
402202346
186832212
391970095
227096960
331622142
931208229
213773561
820069680
360524710
453047224
781141928
364316932
822434474
248214726
126324789
630059206
752504068
30283080
715356241
353781180
291600419
77206677
227708009
407329446
346657309
862475469
885357303
40399061
907943675
182419005
402842048
358140355
789616619
227657791
2825596
167786664
904277845
178923951
846348578
549385385
610861605
168946857
398404358
41424544
936344298
320063386
730292669
469979397
670885125
117609993
916606052
563068061
532723825
446902725
684251673
317847044
523265367
418410485
563285919
464170903
224507537
233974749
521369091
226719017
769453468
871235459
244620113
629136505
170386375
108009613
760053867
33773294
470936699
368348024
833174747
902363370
906758480
881342677
713021945
899008783
324302397
449614051
856767713
404577886
716052922
462612713
716728317
927585139
697207343
198967919
671088742
576323065
202608498
712145800
758769379
402454275
458937291
162369470
983476788
480259522
694246544
139113048
149088141
987917400
388842979
239087690
726647959
611468147
301311563
148315187
464343993
126130012
673711295
108412369
533075698
394067326
678695769
447395619
5085113
109573297
442291504
606415324
492374994
436460420
73278809
430401698
103614999
705678077
214955896
306753493
249014283
685036266
556753090
642473506
127398925
630369865
174407410
345254744
834786189
741363061
766481033
117568155
421050905
484669478
208878540
184488231
131636521
49622309
856004396
928215911
785332546
480336354
104380656
962634037
645095990
387355405
346630394
776696540
93174
823548378
136419041
74868691
604953514
489933637
99399743
449689524
677879924
324146212
392487368
605752697
948867447
518573942
709673538
796643316
377914761
301273009
685070822
559399664
9452876
730954706
100384036
163503696
332146995
886856747
857419220
562597912
752442995
120327842
629813002
288678853
512194782
347371631
628459286
445148545
890939691
456204629
757792568
388934362
564029316
993511833
761463845
363535108
745276095
807056559
908350288
959384799
339702518
172844451
883028807
463408750
260924144
512293846
77390122
177967489
694904704
516751147
81244192
310567742
681097300
897250558
261343007
507618474
251634835
588458309
647858293
596487284
307775712
238357396
558106139
469340282
766837246
315456893
309541104
455888425
348005077
503776568
520662886
389417545
973871448
813083015
261993565
777092444
919567613
71868096
354235044
34626148
969249156
25491847
95020769
4340980
31424863
978391235
595863087
532020152
899862450
732513040
596409832
33350881
578609742
762316578
699115105
852641042
836632211
135602411
223227441
228328732
368494353
248174259
600645210
52129925
153743261
727832032
270885205
258412523
693241938
810452795
398809045
853401870
547561485
307442826
445452125
430213856
716700367
847914126
635862261
708037370
809941233
254239601
443219306
327997898
860601884
720807185
299397989
494485037
296183718
646438906
231819353
364231990
116828316
265300719
173200308
48472711
502469833
384864134
217928842
518604125
35875507
40847473
265982223
5887113
83669237
186919086
552474229
775443889
409440709
749470633
135653883
958725913
664552866
271481122
938538925
627172213
822517867
74856432
925550123
194447135
533310288
200263931
397161524
193041340
815452009
79987083
204815223
50865913
939776440
688174466
761043154
646127976
692204613
786459501
781374140
644589818
472419982
559013969
452260476
84766756
653277700
864977793
269604247
993457913
910568171
182220209
398368406
739883958
803642822
910261896
913852302
682580804
655557220
757946546
142736175
638520787
783569410
245093751
442139200
868632758
675428741
760633969
239139077
45052485
730336196
107942794
18349399
289329750
802820836
124345547
756186459
663007825
12083070
210618673
195820327
723118584
533410608
10762864
843849050
329548318
417875693
743906784
619057113
717705052
324883271
692131633
103984559
3164814
50630429
550718929
265966375
222032914
772622586
777642573
349724343
201840747
71453777
727930149
164214967
892904326
253690836
876841783
124941528
516112
130828548
659572987
325520081
72280961
880349231
317420617
468391654
576681345
986813185
508423498
564383200
627310727
244224946
591511762
165440406
589118615
138747770
73209333
715401770
270262860
782654067
818541039
635982445
94166071
867994592
627448558
308929421
608043767
118307704
607090914
647358440
578185898
564107522
940254023
332038622
425801429
452572534
131498503
822757882
620832879
331747662
909179514
676359737
642356672
367031963
340543404
185318980
678326869
901933206
873298377
112684415
228280751
148800453
490670736
597013843
826238122
867943622
89643941
100221905
972468931
342877544
542895244
403221983
301536632
421939015
977054739
699627553
552196587
123184020
497625870
736348958
215902179
809744735
869156411
3098555
534918303
72113211
451614847
960225967
104567458
696779460
385633291
468949539
365024496
370782933
124159842
13307180
461818057
196970272
893648914
241679220
24263987
356825474
699988718
268495922
123398041
342372478
745334408
655853527
232988470
824808694
623660595
806970815
852614886
46286776
466539836
730945182
977177836
112828237
983748275
189163033
315614663
656731095
77654621
755786258
226965855
556140377
369255872
94369355
177350779
746508830
945281027
140662563
661532069
401250662
39989104
851454849
23361747
559127787
494598306
820844567
696222362
143213418
672735865
258099071
310015857
35530143
840678021
818521874
551566157
615176729
66536629
246897965
192939941
818679044
642334141
422102367
991881697
556235268
106527255
271562439
887078355
929729347
549820999
829448890
803127413
954748191
58029557
13341527
871497441
224910717
605756926
983892448
552756529
66988494
81590917
708615419
485002660
605549859
278995022
207211301
488760397
110617446
135029254
619009226
650124251
943526015
214437960
780506705
524979126
261532366
176865448
786671845
236019870
903847443
634884536
948108793
519992489
259252615
782242866
646765138
613799942
793634374
466716304
772038693
229106292
425677535
441340707
326862521
857472364
290308628
804810373
963962974
956427410
326060963
712816004
415365576
80831054
2562061
526213364
594828939
795279629
767405736
189614541
750554832
784223547
562795956
60554425
530680517
198044665
703710876
119805659
596270603
219539789
187654025
736486760
975639188
410517453
998012603
229927518
352571199
317973809
40480803
892697675
177570698
12502074
90629508
675222251
397625139
63462373
197141462
701890137
263107384
568754500
962109966
996379191
533737502
746601472
828829707
34169335
736886943
21458341
905663977
752437929
346434147
209708411
608022810
406646893
784819651
63446893
545187170
585708606
619332751
708685540
514220257
49710537
59430259
430591732
745507777
274142930
50096158
346232261
182187221
721177048
25605622
164541758
102176194
193067650
612944760
598919293
672874202
262230281
249856748
147708010
922515199
942447433
867075407
380519137
130657579
819980519
207330047
456605009
757654223
423303531
825232387
996655102
386562332
485859791
527455916
410684413
706152287
905124827
980605610
786746134
920561957
47256170
261246479
652047609
908284043
676066738
40671665
538825904
652803218
342444210
606900189
519480088
285718790
929102292
155803242
759636999
869108686
51698532
825523208
986221635
786179255
496053766
342748428
455970570
271658721
831066543
612856479
725916359
643178572
351121262
69879392
471100319
564778191
361068879
712605841
495792262
345689772
963601966
739865570
534825313
485937771
47240861
606029705
383597979
907718610
232993543
346507657
833553306
882588645
304059138
754463228
72747469
404506993
521929010
958257732
775779088
546523493
163571976
230078391
811584199
981804063
196310880
17449811
69349623
114754447
74476617
571397436
418753547
169462803
239504025
881885865
940732340
134971283
347204004
227865641
855969351
133605101
91835777
624167608
438075207
663810848
277212672
529486345
10274619
875910555
693656477
766611728
582401303
224613617
342301625
551246449
983000370
228397582
214568752
136669661
935075299
900134830
214608511
693878571
830127717
3338419
941028554
976716525
834330504
924014283
648858861
264490984
169570447
859003208
915014441
882005951
661862304
211433047
670652441
526498658
170636589
104385855
179733587
716590091
92746756
236967974
170349159
653432896
435885895
301232372
594134650
379443269
396591054
328497336
901054659
676086157
594788097
654475635
516111143
429348066
17873349
359827332
547213850
990290084
82501103
599252696
841487267
128910087
90864385
592333293
318734191
681379715
502465743
270106845
305811535
734911545
844871580
166996488
109047179
565429026
162728777
185241244
248673215
738795904
330611750
65760390
442960821
412661761
689085010
556653687
467894187
724890840
615232388
174398514
402323415
124950909
925257400
722816175
102294992
326352734
502989830
317794149
801901941
323512296
135271486
855807948
908504695
853517245
590931151
323231107
846794061
201030347
581298613
22598374
876743591
320971106
921201923
681582706
358278800
826663308
732528521
469483856
300607613
103176137
293171991
893178295
464473387
861792158
167633143
710917265
829958089
381000177
530374818
635151422
457802707
198231305
93979954
785098420
485343852
625014297
867509393
127732708
159406630
128016232
303625390
511629362
532483582
386963550
465695305
65785933
958136589
591570589
743405878
720902781
237377291
907511102
682241586
170570890
48494576
819982214
972645311
825169257
684852032
617741712
320744902
827939860
839252566
378813560
468174756
910595094
256589566
108425815
201243049
85303707
862774492
470599461
484892197
381625226
785098916
372494909
769296440
85695812
558346647
181791742
272831
238565717
120519669
271290963
108718625
863396853
259042936
114245369
955494189
385143698
337706957
776670619
801053799
802351275
982150266
273271337
138903989
583216755
52046513
832376174
214304925
496160676
826679556
529752884
89198321
838460654
908913588
377625181
722735723
745639352
100530405
59929769
273217174
433790387
568646640
730307594
596572214
869701904
790060428
58207038
602246799
42574906
944038577
438488011
275699520
673692828
531033562
969426753
861584351
209928382
500539418
93880418
545638216
87279775
476710415
124356595
238384764
742776237
320218387
253358303
270032634
177549381
245091931
459691485
597448617
366416902
646897882
675199470
119178669
191827670
970251672
436475932
343131816
784563830
667100178
892006666
500092620
797188585
363040691
199328109
907867295
293531006
949716722
33521735
927744241
514586419
746484336
559745120
889360496
741019499
847908181
945410866
539462880
196843243
703503571
115198660
926143816
455903153
409048725
218649659
893067118
699935505
49872867
153724850
385100573
848823370
124097482
819732863
330862451
447149756
1475116
900874565
341892510
123795150
216273786
923321650
728668379
454991443
514200665
865891799
298496635
896056154
617062149
557118159
334681128
950628134
829936678
679836251
790290640
194485323
370218366
380535478
924639887
832144287
310917127
146533049
300503971
345512137
426829815
37222420
90737589
215213097
496649597
4669680
756980676
174301229
302105778
662735571
60430578
690262408
966194767
893691956
872561379
584927978
850676139
440745869
985200695
268740866
52896430
448653685
567509540
116583657
48069656
749922034
351707640
331033466
103496222
370078128
688019865
286925717
627106588
106288316
766776091
153376518
40929372
847625797
678809320
451693243
211638697
814453739
443651064
907721440
545468195
924679772
930387140
668380742
479600523
736401943
799525837
443850792
929216766
268654632
584627080
611067153
797993194
569358901
156670219
13410471
904299233
843113227
971465256
559199332
404888676
404511497
131817762
15374047
22722546
426146004
511123133
360221716
907803542
384911492
821648850
506616302
152441795
762108375
553499339
667454196
869689559
693061007
511891746
21713021
703785472
901517812
50239766
970820457
644333935
188185839
507603429
267532127
809722838
616824749
632537428
263947389
943736788
403481043
740065381
540288126
318853596
75366565
252043677
12954539
844623539
904672157
748797124
571368053
743754811
735730967
584419651
590777037
526785484
724387910
180946076
315296606
114483290
85003663
687449734
413945140
343724962
531569973
24892743
160419033
361866289
637564572
347695286
42756889
243710170
549560099
893863779
870834929
51058158
765302462
778009159
167537335
115183342
768262249
746619383
955576804
589918786
323902477
993050797
433047253
318423954
83659458
440897041
234437556
936335218
571951121
928739323
216930186
22786083
858028843
333043655
477272144
477500537
564102546
731288535
915317931
412674910
648585589
166562270
83327093
714181011
851113513
235337249
869686068
727036372
657326079
471962761
438531513
475905244
92995925
127587341
496471535
346391770
96531099
615982521
584519548
518514562
233981024
87110486
759097105
223365143
922114298
328714912
559540968
676649543
934880917
579328152
274398383
624313629
222165351
433959396
963271816
384700828
116843622
96668866
716556304
80626492
749630527
351891957
519134356
902623716
918832016
400819845
13964953
796399718
452428694
662135750
213713319
179083089
531189295
213181236
726917457
684572127
912326118
739703591
905655643
533253860
909677058
730361799
730840933
319593573
119719007
776062815
780656792
629489034
263194298
470298175
596207848
278969311
937557025
517661049
618554215
788207870
58330734
345410490
606436033
784010213
361315934
448258616
305428857
902835704
264637828
684536683
76640417
819005891
333219766
480060603
275826467
712054996
361983713
695490120
891210796
277537777
325425226
118857357
256978209
82842563
5441083
229862045
537677643
763197854
321787574
96098185
535481044
115124065
856170219
26194769
433800885
153710913
469310862
993599848
597661571
307935522
578855638
822171901
530101464
102833593
834367144
619953907
245174030
471251067
59414927
582735152
435185177
631230372
370257347
442062082
106724718
293065075
197299650
176179188
56477602
448011742
810692226
472926226
60978469
138855706
46814720
435558334
804767010
851403676
813298141
848863929
115488644
573492550
611217139
459522040
476893645
450095005
906865129
104615981
470207093
185395177
184876196
191998798
398876483
464823969
732873363
46366198
268059175
673433510
750267025
219048271
196280932
862292590
145585752
31303676
555549696
340430148
691840387
75232324
675695616
236171755
875701782
454336666
67240769
799727492
40790154
832856650
268816847
236189735
760737944
30306882
262409419
577023991
347625457
118663315
507053450
361224048
383922836
310954749
810448295
720424603
864716304
293993202
510400784
444452153
20712816
591291964
76322019
453715494
182221869
278461281
941190226
492916575
354745979
746474864
276753662
422464101
742239429
363214373
895150547
49820353
912920291
329899234
331022976
506008439
61859457
648948326
353021204
189506647
687749411
945516061
344369293
533439525
26790942
652561648
596602600
384451297
865577500
683691143
133981072
828341916
486031717
982186267
219750257
137721070
317286560
27925580
236254563
733565122
943246467
365672454
49804360
595329552
349687977
668039995
587705019
686233456
972713191
68547788
638390339
263521846
701494126
176597773
516648053
136569371
107341868
144124289
617523837
874832996
834162023
629960453
927581222
613213493
814779614
458379520
448223446
5529341
3433190
857815067
67380461
705087808
206679558
112094325
174111575
553371153
442447414
802190901
453830889
284794093
823912041
509892372
595112514
457381480
91900328
485383575
969228188
252974187
781501811
962117426
68299843
314269785
155829974
698627337
118403171
508496248
246088015
463926209
232116057
569768756
60843413
781392474
977006839
784882990
403662814
156166970
773160692
693344937
8329250
567497274
959521841
328790517
359870244
711044115
400976902
26329353
367477515
491173308
830901620
821320339
561635265
247283506
278577442
873782275
786942255
608075058
956401819
344480101
707781438
34345812
642928977
203304854
900301578
757364430
599271542
931234959
822363595
207234431
249576121
392706495
892873768
87436991
612921727
585842047
984692169
737861011
52972278
674754764
201268204
235263125
296669939
641089076
406540766
161175996
504740208
310899560
425309888
887388030
959083191
492990714
830232336
12290202
228009833
227777469
653010160
578595649
464377975
891153579
212928777
795946336
651009688
489113238
145352432
246421384
688141065
463254477
576092496
934870470
321786811
816035634
237377934
291237111
959795584
310102715
508875179
614485715
214093061
174640105
446593297
233858613
683286020
696450716
595890372
217993628
440961357
936001941
22769013
138626457
542215473
8632595
457454338
151411479
13059777
885235280
667173542
473732131
479578537
920006637
14157806
721334844
23975197
215180067
553040805
795947667
867364019
277576958
352508993
920745528
884437451
943412305
864252359
361993897
560402953
211295054
214512936
869323955
543587154
450186284
889250038
103468008
217355931
595403197
44963568
298154341
5569025
785598580
519272221
927455799
878775911
819798979
11651356
565613410
101135378
221438054
336641354
865054131
506771829
214642558
680939760
243280209
519565180
25506736
664374810
84623321
414923991
569549567
545753510
681472405
254305720
4037944
395803657
687596125
726408144
707068244
532196984
597906928
875290381
304996827
579359873
78744806
847684241
907358577
443562535
905784638
734711300
200026907
565478656
171066501
909377924
240298762
538263382
854042883
483187911
665489640
973894882
952921286
366516545
904162848
595542776
531548444
792268133
469073496
504731695
547003192
58334035
416281221
934985896
225724513
234901091
654955579
788011056
54632969
974528060
522276306
887075165
863844561
476007426
986997234
912788169
323855033
955982253
455155556
136741011
195433839
948268285
369099112
452895912
815037241
157215026
743503304
130464758
25215683
298173207
684693153
34038980
619218681
781887170
478491020
206122892
474402589
789094863
650052794
148442323
12138403
902908530
833320847
384299245
248551472
144263847
256362352
95677435
349804039
75938169
837268488
782832321
842551322
498024949
212354178
756366942
1916881
568985167
801574568
173996033
276384976
230215955
857539650
810638848
412252511
905545185
711443116
380930320
716859072
240640086
800295748
408855711
583883449
712886600
805035164
519327103
703471558
786207880
148586505
858298106
265110085
192853233
367678277
550148282
667990724
691023604
970562459
245339648
500451936
21730209
839197502
576426023
581505370
222316357
558679122
420882322
66741658
114808879
645522490
559821871
689713232
864764590
807886752
211894041
869834249
753805298
122552185
375082601
259961204
947513449
621755429
5920054
108386463
83377905
308044775
743872587
558092680
438797919
372566482
887862003
483016385
614798090
12487917
896793144
496191778
686229440
822738123
80723403
656186689
65586838
986884481
811387973
119048363
463821096
227434570
253579838
657536644
606945488
83135730
921523922
389894466
356815969
590039973
483091224
347029984
515256710
557052137
550407037
893589726
796636575
325716944
120130072
190125974
244548870
683675058
789206200
614572910
549211224
816102933
210941676
215150437
300151188
734438663
281709211
149980164
346059795
399600325
155541002
733889323
798703830
211684143
692783068
968805513
19924983
247776242
333617308
892775730
14078548
545269588
203557261
600823958
769433118
397368326
666843035
166111086
188137473
472567518
423239246
762266516
953835889
989588622
264557532
26309142
499604374
408576297
740091730
502464627
230470791
985773345
401027932
188913913
593577179
151544382
342766943
765357666
549450389
241836321
645297349
318196063
509411558
243120733
683908499
393709919
268612468
406183665
711292588
83133405
510736710
499448984
813674479
510203538
850372872
397582000
240778593
258533615
417668693
877953759
492447833
957355134
555038407
936147525
458690963
79507696
505465869
212501757
674220818
779165452
175098860
413114577
144178475
658264129
931405085
454754576
656380964
852350457
963907196
92130943
87994601
359952187
715933871
986145051
403446552
262335622
511162797
372368057
841917528
222638299
705744169
53634519
269344684
631495533
173546975
893243348
523381983
869604320
562267921
538839449
22132970
922796354
567663825
389628819
342980836
535081626
924184610
861330837
6718350
989393481
90099110
499411656
133775341
119208427
639025188
229218749
573877982
894905923
704267309
488217910
676629571
576417376
450602453
34808056
110362939
600899373
2605933
442883049
270225938
457206383
827443528
653486522
606384086
972765684
26995525
298701534
577469640
451961415
965888966
326791730
56284889
738379977
688563547
841311409
843104315
191891231
421764469
782210607
271965686
946211513
650284311
93830962
270547573
443827174
982808309
898293609
143603507
771776399
402816696
549325151
632038448
418734674
773931635
802968528
681881299
968730665
65372957
522633683
179315914
504330784
168971984
254520020
992841480
578289869
663748406
435335840
605313007
83073533
263232899
158194879
758873292
369000720
54501382
17273358
4127608
104969081
823352766
424100575
716546100
350146935
702508166
934983129
824142603
165897464
769224263
967894326
10799783
162087059
757633304
349269975
285337565
971678313
303825047
9275808
483551366
792971978
174598073
827152938
380654651
791998759
134905311
236261804
141650245
298955791
216878049
449648443
890718783
204164598
818109544
166970961
644660985
950336323
734829807
563930195
143974553
497216618
188837288
56594004
719414842
688095609
198847032
659241121
742182866
49518508
629619999
528476853
408439771
905171418
784523779
109226000
364581159
466818965
392876285
675683366
651375407
707633420
583179041
768138809
590667721
709230607
501390978
554976592
713064618
413637023
34810566
799999709
943845577
897803065
826785687
773803095
957257400
501461323
795148689
329347345
844907606
442250431
502372124
479994461
550687617
871070231
339374347
723455328
599099923
645883048
478916176
74406195
484459254
272709086
556299601
914679848
187275172
553883831
943249460
494776734
984104673
963544275
173850591
740153160
557862863
925799945
838724502
413549855
568854717
693566046
951320884
903315604
202702292
589115119
303470139
577778083
790958292
749684442
170314129
395431586
847465828
282915969
494023666
511750540
305516929
315829994
204495862
445146736
74777785
164908319
553670507
104561011
344834928
910875726
879764695
69046311
314334811
803921762
266599216
873192415
877940323
942344422
967847368
338824449
93239631
383328170
182840399
766185193
778899310
618690334
290305108
487062612
542242231
11670539
85912965
749398071
944472898
725982901
402990517
538561967
864346331
392526260
239165235
397386760
521532591
565403369
426243613
73678060
840008983
60954841
647615703
199638742
477829366
497679483
336030680
799994235
13485587
967747529
645318709
821448613
925626287
504174706
642175783
539693446
942774713
726701100
272075808
633654880
299734451
414772777
16840662
688202802
339655935
163156384
151379545
224513854
803427043
213302967
89321962
352125824
804579492
940354884
261706582
117252204
941950966
649062682
134017268
808511974
949813823
54773030
609101004
364908367
283508528
336690720
550470440
270293556
730593174
941335644
542518433
904838452
734343591
987645966
583215642
714145936
928789820
654674068
295158276
856149223
137373063
996582912
217926171
747186209
108290683
919371589
760200714
920711287
332933402
554036857
568616436
591969148
959168607
486008865
609150599
332261139
30904895
905978861
490323328
391842268
104080127
830397985
751695387
687037495
696343357
61079839
768895965
868257336
130709364
529018833
609914836
638519733
697344489
842091349
183300924
62799008
304965639
240069056
384796235
991927071
882846141
619641635
680407294
437263670
688147129
883674820
137202232
88338696
436505592
955520990
645487152
582647799
952037978
12490134
873439341
169456989
834193802
167033990
193263710
550730350
828489476
583811184
368675783
818103866
484337501
634077433
211441652
408671333
506882388
26927198
899064863
777489461
107096697
880416535
30790193
294963600
708508135
568520303
594181968
702513728
44837339
892631385
286621183
908664693
451192543
843255581
785043985
450427623
416601281
104833936
567576745
203750048
371376715
7233993
110680594
765570389
129667984
846469392
555791246
981474065
725260335
147420234
607043866
228383451
910961554
21336752
704688487
6704459
948667400
413020417
773685262
902420029
182479899
198373657
13192888
653923302
299658519
352270101
313711727
393692847
780124565
938191624
451586423
871268082
412209663
767992305
480311226
524102691
449578061
221573490
894426013
465421121
703808847
115466983
994071233
785855362
711449045
518042944
682305356
228563917
103939014
74644502
852906046
42131805
132488182
101106473
512658655
593500966
941520011
698875810
647646755
3098526
306855131
560177090
719215292
581330939
902737164
972706942
781712479
778409081
770291214
872528135
185394661
510577914
937993907
73186889
653812833
720526146
598010868
149657712
200506709
152475741
957416956
65353120
428208267
425613616
322907782
361536241
317596466
519074604
369309809
743363643
129093804
649073436
767133502
925216514
849213828
110663033
603679905
502015253
968668533
43147766
390725115
981384405
881088561
436692287
370561043
709238678
878228797
158320843
718255763
460192470
461255317
303575308
852344136
568660323
129215514
708293532
44404011
376914069
445157638
148963745
863417415
515928026
217968122
774643653
909480686
247778015
698701812
111101016
129545233
305553323
789439063
436343109
388196394
932818013
153144010
770096053
481000688
20637414
676472824
326497595
285263575
835177157
602703876
616170600
113650646
938881599
135746202
353716775
475738892
654933311
905956769
941788075
542453116
493381505
89150099
714945144
288593437
258260962
530107826
173360570
565663961
123206246
491193340
704340065
339072541
227126358
292725147
302183230
847797503
442212339
41493548
303465603
544161379
868333588
699844469
247438618
714925190
570149879
494452273
895372751
382532573
652558606
412309343
493442066
23902072
132059060
152391498
127696919
928201643
13204171
514356563
956172860
153446022
77223644
7644658
283986827
571545581
312870466
501694915
829046294
895653964
118186944
463884763
442958191
924919721
262354110
330027977
153432239
794477825
124288389
292701635
219371057
213601333
850115380
513391805
216737239
764166892
172776453
937320034
411036938
191002597
50948652
8020930
266242255
862453921
955196235
343611024
474526168
382261056
85999994
334950405
996046514
587872737
722523927
443014130
53312064
962168464
567907881
381841503
412613965
316817479
208453074
977500475
464699826
460866310
617794104
318308607
551516983
662909547
158750191
406190251
623708248
310598648
925249194
812535286
922442636
468200811
399440393
757329519
524392908
202812534
944613906
88794690
474511460
939773912
875863309
407481413
474080809
34483245
155323050
528278705
756718610
363861512
883141622
846603044
364277918
529276011
68842021
630571312
630548244
562688225
475472908
72691636
59787523
24640017
863092579
631801330
476355068
484195622
756318716
387887544
555220772
464162267
724448551
892762830
688071446
938569262
632709167
901029142
217152695
617892534
685887482
371592352
67763153
450465462
732447240
209453548
402123551
639846113
233549923
280687563
686481245
141946331
862141954
436736555
624371827
971857069
25891032
649197649
614100953
664603833
171497009
266284833
144223675
916146192
333643965
215707976
232424548
542122451
157901563
684961542
906907986
137289513
296116070
314336152
429619971
305182775
722538792
898612547
480432046
102667717
181828231
795735879
982439514
76338150
473409224
905942615
905006363
223046598
421225976
273654223
334432530
871128544
374411831
389635991
777994118
473104739
519372955
220605349
758929748
847770293
624651056
578499665
446707976
516096445
957760217
73875872
884803469
591856138
739087913
614779678
217927886
855757617
349199851
9531102
522738067
401153887
162271326
826421899
833380237
553311192
675561308
412373259
449428709
125661620
875006017
814434508
671243038
617511031
238028432
407053831
966347203
481954188
690536814
113577492
63854543
544557569
803809853
79832925
992192092
33268464
562046410
178083661
522248381
335488324
51489860
626714998
540716920
236279485
964632723
916794914
450398942
667256118
369685093
553225645
36494372
870300910
322998143
72443377
82163485
994488296
519720185
127174068
244304225
806998062
470560635
664140431
814787383
174297349
117109608
291096355
664783409
165735661
557212568
645141846
199201104
320195676
244741846
927511787
590601729
55826007
488039559
398936129
487642644
922763746
577324053
701129236
300658652
390592965
333012254
549932511
785141303
436634334
977407562
803079596
992716713
96741770
730889777
456155972
541174814
922662032
543022058
773598363
772291592
976656463
723146992
799306927
534505006
305958753
961222923
824118146
953627628
845960715
304095695
932620297
608595080
756732728
835887216
195376013
414722247
499430087
257796568
755580691
592834913
835065952
133144694
538501618
121198660
905976574
615217570
311870312
329190672
415671797
947537748
185750823
181588988
314106540
109862648
645441676
726200943
815588675
647873931
801961716
426149179
184732613
68070202
808071643
249367877
768641077
377049079
335505248
221102162
465736492
960317150
296050689
325847060
873454380
91588671
130541952
893019962
542648085
312703147
622390838
17903884
956849799
443240843
132736211
53436777
338128953
696333809
674356817
820716498
402584222
181399359
121967108
47845803
575774387
648320243
806930028
635342177
535544736
476399823
18728206
606608757
303355475
885665056
902025333
528599030
138963230
340826692
887348591
5391759
822266842
300687685
433835233
782909854
988217300
690338050
427183964
317994774
12937157
945212182
728114933
901561162
713548112
996562090
886612649
551751461
844006334
947212756
144487411
278133034
139377391
357098296
630278406
757846230
815768676
645409155
65519803
373611847
264955668
358722721
129236306
1258735
599134784
144279293
180278873
760390755
99433438
271864708
152852438
480145158
795856965
488734997
547200458
439641712
262972882
584251549
707286093
258298393
781063635
860443956
457490339
75959541
218418267
763675214
253966810
278092464
858408850
327570132
634611428
522268069
103710814
93882381
979736963
350150007
117922169
202500410
980877583
55981783
725443132
273939054
677852568
50998700
182743644
979964037
389386007
844958524
338249228
472115587
610761972
346389165
134868762
864706379
654077492
406254002
42754887
299254053
147929983
540042524
792355409
327581596
317761535
320766508
946715443
910310205
157329737
647200644
730602868
245300187
886793230
944784649
966958829
183465233
319676443
834565794
132991110
91787479
876346896
691733083
75334566
134789939
218614914
955878690
762210907
623862497
845358412
674419208
391382272
410074012
585409079
959652616
326864256
475326771
929973085
847170995
512586430
121210577
95451624
551785270
739654967
936431387
446232477
837122892
393174157
609478538
135770297
994387594
943915315
507618882
483606443
484137600
830685834
470332897
592642901
164625275
689207561
418407965
86941776
547141885
19873917
68151085
258563211
779998764
644493051
776143679
607297979
160730424
888732067
294847925
403452802
659272542
600342027
873969556
405743408
735104847
866945118
874040603
943724660
621863785
780334932
397952592
506125824
586015074
203929515
704485570
985103518
125730816
738117010
880246777
376492121
283588718
479497030
539547808
209817100
886972552
180571760
944584656
517726066
378546170
395045338
394714750
144189944
28598533
852988366
552344556
127209001
881330236
756262032
782001577
649625595
780612351
234168156
386012603
408198251
607753793
939254886
25414009
546546053
350281078
363810720
348964769
928187959
388976519
476009511
375513408
144428823
967939161
237085521
134007501
108601991
158611399
332654962
430947853
436042016
554348061
351294582
74605219
562843723
235532605
969270371
492362931
391210498
510886924
830124913
34939990
633711091
810025005
984145356
906904417
51471243
916745218
757538254
118178288
616425255
972309728
322727762
443245257
389680233
230037493
365760369
819017266
738717096
491312352
48366690
363453344
912537067
444116383
361526254
242952361
848301276
815592451
363035182
581616147
560041210
452232420
663637378
2601243
468898811
900743181
674654864
227758910
47076807
664267859
574938492
921167090
303197381
337616096
701345856
381434605
750412066
729282332
861789361
423122773
533693942
785492686
413318177
793468466
773817121
489973151
252176394
372672715
615894772
801280270
345215962
742017649
342617296
909705173
508411350
549103950
313388999
95965123
939964829
591142836
210668062
302537375
153506258
711083946
231751119
601653005
458149175
240972482
845345535
726132044
433010282
795417473
801350877
619084891
381385369
815786213
890995484
854204743
725713266
737597144
38739905
372890235
388148867
68312140
699243650
914012117
878186534
350005933
432108369
253787477
20538279
892898920
730714598
621683497
450895888
800742590
764183304
377536704
540368831
58439156
414683554
760529313
762153989
394204886
546269769
594879333
337968033
674071189
97716770
139480533
82447391
761648136
426445614
916545755
81409769
898796024
244348022
224361743
651905673
5793883
910287478
557477853
533767340
575302293
645780831
124608582
869894800
330318297
849049679
591975129
648710287
371690655
620514367
799952663
447074789
923728682
841283556
63727898
288697324
802546381
523162382
727345335
501771881
99087438
376707706
416204180
898967685
72135204
986900450
882100632
304319495
944734135
51306989
89340880
272819766
684186298
665002430
24795248
673079447
311176016
611242513
48271922
682944410
477539911
373291139
136427628
692373200
535814428
659130848
986646119
253615739
13127237
495015890
773650024
241749026
818478197
125117081
650428582
40481525
883826593
266710865
788803924
818901107
459709735
137969154
191169114
152627821
455295395
405069245
138283478
210589416
693289657
872457689
268028730
925874586
943798944
789381652
556873224
97972797
86459973
829448238
554757554
243606423
650452104
380573768
544602280
838159243
932415478
495515270
106399293
862357327
437314063
51160126
796241112
477633290
42064210
772405357
113091651
670355939
722112774
90942717
108809064
41620013
370355
13705063
721299926
960872650
768246598
969879115
467793827
305619140
672095681
570019691
979754817
295088912
657825187
237987809
104421941
732128892
59437686
15511287
449148071
617702704
196973066
31421810
366156029
624492412
45397508
749409488
270708895
84333597
237232026
774831186
384634454
579878052
558956286
28757576
741025047
256987663
983909464
544321555
206563272
86416591
805142475
554297959
674858594
397520618
411408453
670573662
601486619
802273098
797785320
907486037
655850300
61625652
85629258
663095735
770839932
929065086
588239605
223522537
269374175
866194490
228681018
885000959
632181035
33027376
212530404
989574311
958217435
352977615
772703555
438589879
497242567
435354724
547991306
589759919
734052126
841108123
34524099
744220814
377508976
37094238
508671093
989747446
816625472
42130344
974099045
413080308
894321643
295364232
749340893
611596150
633789868
302502797
944279052
278371323
290588748
38385544
622581012
241617865
766037711
252899013
227089304
346508424
831893937
479626869
557074830
452159113
287533864
258546388
376428496
468333367
490630975
862990970
727138596
125802036
213859863
917156592
529797227
358246282
144122274
910931181
660007562
207257971
339518509
497081694
843156476
469519521
381184604
100513499
560489044
322552565
188525019
728602163
462804281
837353792
470746233
704490712
955633226
62150078
43876419
701192293
778175364
630867634
734074609
310541387
648911909
206228332
312938744
729553624
234138551
901136826
255826941
164601411
19969079
941239279
375629361
269951243
863314766
846347961
557572203
301530708
375887874
365160322
413204772
155571036
368519316
367770682
134077663
250379705
983633403
144971416
542779004
533906314
920466277
452010184
403671070
641973916
530614427
838955439
499332806
222562244
112425661
371655972
922541480
851056037
915062400
43529876
161729858
377248462
210587606
224098247
68151427
496423363
207200635
517124050
392953405
454207182
909124321
188023260
157701872
88944307
179023681
534231337
272289037
579436160
78917771
924235557
718143721
687074755
269408110
416109375
770391613
769621723
11434294
858329933
438995363
629902472
913211800
753362295
710380437
851541131
246998825
868967602
186362653
173128745
808738305
561444456
599232533
394751314
648741686
829446749
650192256
303138969
479090302
125872712
377856406
128138614
372098448
148424409
24029614
751928160
981468722
904276314
979742883
185495150
965301180
405023965
635049280
786192838
601434565
612201187
320379694
989771591
407195248
65267309
267898707
698601201
474514128
256812124
801199744
517313735
795758821
148559771
35960639
893089108
193209821
495777067
350821613
775414094
118425626
80765500
408562691
967171796
748074272
9569282
570685817
343854492
525797043
982983698
824074339
482831818
733067697
111219434
197826681
760886731
677743621
208142322
311732719
558462127
875504919
1117864
891757096
981778538
689653781
183669327
342961610
705612581
801137639
608965076
482582478
22326568
721685579
495372856
518691189
758345309
59923573
729237275
888421041
892430582
191824983
909116774
83095205
385265064
732705329
340161758
40504777
34342891
522358464
182850088
526340737
558546405
225698335
457174575
750628036
779200299
76490560
929644169
604637151
861796885
961505292
188724275
597489188
485068636
890254296
688956884
139123262
671391872
120169284
114160466
865828016
696043486
848838625
619397823
402553287
709390610
536592496
825324693
220456059
297279351
119662195
392854968
109704632
329248770
102640516
662374307
477707858
956263549
648135492
322009826
778440617
875708472
352196458
676818035
103038672
700327961
660709064
728301133
445601070
992627382
50899992
575827466
303577137
479784624
931650244
41075247
795404391
775359151
545582938
446478273
475671420
801882593
648078286
877444599
27364854
259893887
951983212
224113052
557321267
513585820
290597807
205208581
798431820
153197498
711173786
534184834
317401219
5786420
255680053
909667051
100101438
178026268
1375667
830498848
22757849
672856579
193570018
810272247
127343387
669832473
587078762
130510010
781048310
925040688
601413838
11460432
847097319
992587847
433855177
920165892
867634103
872820961
114099279
168877670
680689193
696451259
946336681
614567208
544418710
940999236
790770857
319323313
302089700
409518041
33956344
288150358
674905839
528660638
678920139
333129969
687663834
601323413
50125264
82588067
94821181
442768717
701648570
170313368
403268519
24216970
252210171
692293419
32151637
372382259
568072104
649591352
783123091
767659929
152751491
270959222
803939996
506450973
197810331
45899487
59980054
762228013
288919483
904193523
200576743
491856345
649496144
252430312
774357929
287826847
439288045
374995708
90393201
193629889
379027266
70588543
881396986
737337156
945998444
443594461
495236727
239639466
39307830
576479845
308841992
251236522
953906184
422581004
258944746
890177118
252034924
422072232
174255972
214014463
113368350
659288289
531688649
591901351
555778956
843832993
585992125
231832871
148066750
579343697
973634368
978595148
729810811
993884430
11095477
290931557
380103089
523937043
190195337
830540313
960304238
329676799
779442251
469334580
187065177
95254054
492847617
763702065
133392054
784671807
150008954
572900362
436023279
797747839
531065410
232545570
60572128
160878838
777162059
965226571
88692660
438982897
289317792
116036304
415572259
624081677
826378168
700147862
352452426
614064107
766674286
321967485
854482089
121108832
882436677
832583221
770236485
470691754
716565342
414605169
497529443
460774148
496728872
360121762
861121491
767623774
72104592
491447089
328842028
645714342
866043277
552943554
105517359
288328980
403227048
764235529
680975544
577651347
5822
755086664
724544253
394757135
718003507
6020203
755947463
163810347
590462334
905838182
197697585
785074572
952674582
322481301
847807787
279926137
859557399
759396478
472404405
45274558
41307015
432715092
18121650
554756177
472582893
644003182
927664405
272033061
480724871
788973485
905574060
257035958
972654637
94333383
10044451
478553957
607499258
702362782
824521480
659602364
919955460
366475560
502072879
632727312
331298695
135274399
272464933
280736636
763738437
536881239
477671517
501506252
429320811
33477674
173094946
219125862
437581468
514799060
424110785
868164972
447861077
737427525
954630498
783466937
663100458
481659516
505028479
412822423
375584729
349705411
835540173
636036704
521215445
935013526
712565195
334592751
839293973
329386764
349894974
862658906
903644130
32693078
339437129
934770214
972524053
626152284
45096512
79976298
513995663
609746204
887608766
458856759
196898742
940296937
944914115
92422132
232845388
212087597
334391451
708224825
647219885
76857672
636291841
826379565
511497565
415081798
882301239
379219128
969719447
990999302
340184802
799389111
118499184
427214968
574431697
699211669
372060642
710595377
116449051
31454391
228798978
608369466
209630607
717308610
411746353
26610495
271822520
612667376
411842580
776219889
918994185
211538517
457911456
709021938
111786210
423645462
761865365
846541017
664266361
328579708
58434607
198783237
519183300
218593224
374955063
70945041
788815882
749115030
285491385
397202343
393724412
14526183
736222105
813485985
441703228
665256892
827029467
381979992
724481560
594208313
502074545
768317851
493838602
254712542
814672245
496528917
96806503
277450005
497350068
932395166
376483269
834424492
49784378
659025137
892232443
143604841
249596919
689123275
650075813
535250194
376715605
65261739
733707077
577932333
558852763
676795467
829252730
885235487
247861556
846831659
840146392
728424442
734389615
114461436
842942264
234252792
631308172
819082392
320722462
475959482
290976210
209591837
263357231
581105354
309714300
284520691
567312819
19724043
655467501
418603158
766767849
260577791
82205017
869789065
645251013
568762906
214953901
317121591
871818778
487492324
117264050
226866163
990200080
573543009
397457051
597662783
307410836
51553017
745288766
629244792
629965061
309834117
184303114
574759250
870974553
982187012
614281985
750397844
542944505
803626157
531779203
171412712
867934818
555778855
882702922
248960309
977317608
787797527
155577007
386155155
676145439
187475588
795192534
951969468
513920103
900261627
524853279
834511599
569039135
64827679
78562350
580827259
651649170
206972012
134503335
415579532
944511457
453847827
203391946
950017484
435500165
186528909
79849736
454921548
173803147
420569143
496311820
440294571
92485490
233194800
698360502
940402924
241557212
761727752
619394842
442232328
176349758
53769684
378266276
18518396
844129727
397574054
984196937
31094849
967572693
844890882
965036711
779437022
377074705
627857306
663955957
318815884
770368277
420770197
255054173
497472485
958548979
54729525
143191233
638570569
687602295
374434386
705700872
781273939
407106682
592081002
264437072
318992696
428921128
982614511
684300271
643337682
113533570
372404383
914201655
390516468
550793248
144648469
487134921
548463716
842191643
807238500
411827428
601202688
489356388
129905374
442875881
541812650
92590180
383323270
140926895
966855096
560804511
613073601
163635273
263604076
845620976
447138171
116569452
73471469
163134910
217765436
576690200
537414200
54145281
661042876
520231685
268836304
444405433
620405683
105154738
223130293
246462813
880701195
800927734
57258231
694877754
490690270
158018116
709000072
35922269
871799033
14061430
166256752
378717634
483188610
983151846
385620959
189719938
204440764
88144315
537658531
626978803
327155677
543156145
816103898
526584253
918776433
388353616
343527508
660868699
108838372
260490678
153667409
730982767
760864753
2637577
756370783
202611246
60094614
819702240
140028752
448791256
797003283
226994937
659151134
281283186
604942136
808327590
377455815
420638466
114304970
108589120
876332396
795142454
128292438
3026267
838356909
32305974
47662762
275157000
775031095
903124612
240605115
5866395
540149679
437862740
660557418
963553825
694425021
481512816
350237340
675043493
850383293
334427157
204681801
167655363
837265917
450697248
898694808
181971636
336980160
926973250
661428942
672838258
761575370
646526467
796065836
978064348
442458643
245145815
273195498
716274325
459077761
152897018
922172994
497995152
724213695
248045859
977349273
118870277
794650292
317039959
971921660
636278859
820798491
344553737
935971132
603491491
987988868
790362347
167256584
170174355
102227528
896288053
774538566
202773373
233489974
500133763
952440304
930448027
278886870
748849829
429130990
781133906
514177072
246979821
546274939
463822900
196222103
815919138
108040129
317514994
810438366
269056585
355522166
49941631
95853099
690813933
561978227
809943690
877153028
124531677
800027077
264502028
84903788
568638060
33856230
401833197
380115261
985233379
756481190
461682039
969650374
22805698
751564052
508902658
645416055
574366639
889290823
285893470
649354341
288345748
635771776
395704438
936546182
236415229
173286562
482600254
572739956
138816844
757482397
864867533
643090041
836091733
703273401
808519579
817773282
374901158
343151977
585829509
609342345
590936754
795057500
243924482
581102019
357656034
364007563
209873233
332535532
321082737
316766849
192554942
431469711
818854860
190244474
673601332
397073525
611928070
566358925
493749252
435503782
638964470
795973683
178490512
703797421
502603022
420614974
780693019
785154390
547648861
493805460
17966480
448028383
212628855
846650089
735415728
557080058
781544159
657264532
770014909
687306939
120449409
764419663
859442861
901798519
236179126
940028835
941256897
659704272
416962939
972063046
875131650
861694782
601830993
295586126
699380864
233358824
369592592
556280275
32476431
697229434
402051060
680810137
419677905
880126947
849895466
951227831
153612956
689359105
5382659
205247022
31908067
912305544
214858560
138941450
74784296
826793193
384387558
722043803
423855699
256153909
389650
197611100
111242867
686457663
867261601
953401816
45633530
751535887
482720859
79518012
293008444
455781549
109462816
158084608
257802894
342483137
328919424
34794668
678052529
345995270
462645348
246980181
862536682
544360943
436138814
397369144
275660599
437874161
652305219
678063347
402595122
962290736
968754027
223020380
869466095
744596189
292574197
925084617
116768547
747054563
977267910
490212863
250771670
427649692
941999240
419941050
969139618
377269555
309688325
178052677
686956852
894208883
746275754
377672535
917065925
613957223
761342248
30536876
1293288
258943140
757120302
896969007
312267218
864148060
4232838
415931312
479616628
653612171
543181533
681078773
680205969
522758352
95114058
592231042
675455023
508334150
577290537
966395572
185283338
950769120
577491908
898702145
810618001
995975364
894855397
691655442
989862056
450896330
555803964
409974103
169888609
340430081
179365035
482838440
527745215
670499031
252401153
897134856
888239894
193417417
215186432
414746134
526678835
104089545
346400105
754733206
155842243
564777449
471172534
573999600
417395176
869706514
211053207
627118010
655063407
708948630
137330129
560921422
501632664
451021276
3718741
520446416
142484990
809692413
452469147
260556517
441504242
631348857
459989605
31846344
290382131
589140609
797384413
986200152
277777253
571783883
563808455
690405629
302502734
602869679
15290049
291718382
918483643
694809957
34479762
575819235
723454261
605238413
40038251
109501303
439004666
922918186
86901442
368433576
272126597
789876986
742888489
510812134
386308426
548060280
754873504
737132678
177184397
568396596
111540002
172946412
407025830
131710650
767376920
304229507
475797638
310440306
992655004
893131598
546119547
202993435
925076703
470969826
599678610
756947943
457577575
191862208
625463604
687893866
842253912
582059031
510605900
889979884
66025329
507924101
85854351
150331980
468035601
129776161
805770493
956804984
57363394
424433026
280510075
839928936
31696999
307871536
492163636
878379268
829610359
222102435
240653784
194632650
251316795
584505092
151901731
611742121
671524493
610871872
440712489
256808224
378357287
911523996
262919746
246814584
840474304
950706352
66446329
815671822
230584879
279474507
124556759
315593706
974505104
26482511
578646989
880476743
262961770
453703242
56919150
729536207
125804033
295711155
700397026
641112199
442940658
736315485
535458839
300130433
852265147
752842346
265063300
436847086
950307833
722505790
164791479
513290850
12973082
984357081
832520602
632541730
210742735
51712320
250105324
108439334
437778239
520262735
352073721
547147884
464529943
91627862
761989909
801789332
856146215
519305540
302940019
810877996
464884491
919939936
838628931
759413002
274578444
808682541
624744830
293036922
605127133
629841994
479696893
893233984
86547013
308698743
764049248
709918500
365898501
920538207
461036328
718582466
174337525
371460553
499636635
736206853
355529913
860137149
265166055
211575214
827526065
398577841
247500917
430407194
869372694
318027517
520197248
796312961
953750770
371018027
742633973
361559301
293012146
364873601
326310442
343334069
793159210
528137668
516775088
926048442
964782394
428835243
154615262
581953558
670087798
793385753
953577804
893113598
163564144
156681433
877789187
466310826
815065785
888343764
920946317
938586280
563073646
333012325
628070767
477706871
313420056
599821409
981740284
268051492
285710582
419068654
868151120
976567754
449351297
809715910
808340930
388256146
881329710
941670795
438932268
610158855
913338512
613814680
47673268
822895184
799043099
310145134
247264918
884088891
20178690
570652668
713412341
325757056
936245168
639237921
195788521
145045121
441253056
377406740
301525356
748988071
162820866
152952794
468293933
522677464
293110488
682875583
334243579
992655623
126890009
553651327
714894405
106148916
175746502
126603118
488753536
547884364
224465984
275163143
669188658
338186738
865202424
973926021
249528917
184500391
504242019
294671231
71209231
876710182
881609106
664436042
13687814
807932436
832858811
711537753
557046962
866293503
537696430
283397216
716115719
382336305
399491311
898323913
419953607
40340277
620980454
699967122
752428805
385471142
732841141
965208799
410468620
943654229
295067997
765292116
464504327
182783838
968515251
87360587
266709394
72009248
729102565
164770660
485527597
621132322
362387245
586848374
363899884
427338290
567359674
359510235
116367333
206857412
718004685
281595785
529443901
774113201
296874207
857027452
920352899
631618718
486354515
466594488
850169156
451116626
789318351
172236852
457050215
716646152
834397291
643491490
179672772
619135206
456044277
184478591
767628118
76448716
474889894
570232610
232059240
528330305
638503844
918938671
237026419
171922131
556965260
49961055
885653141
135957534
704537332
949505031
243506119
92710715
680045118
629120173
375645116
955722490
291429289
889302693
760004971
895593417
84587598
482387772
884789241
464708289
885911212
776824449
706872017
103222133
217700099
632240468
268935615
352452303
5825279
215659513
144280209
299215622
361371885
506385145
869005645
140642
821573574
441432378
658860770
956782076
519341857
547211129
691196608
666894423
556667072
928651198
667731320
255795007
310039251
459316286
628233666
228453691
871524528
960822855
50912783
600327742
813810893
793770553
317033169
850493540
630661587
960700540
745204645
363175484
531761462
188617642
927192523
926077881
812440154
48103939
503940743
472879777
456576354
638753560
159014035
503906747
102043004
536827824
299709757
873541187
854438233
548494018
382891540
161942516
911431294
745614729
734173897
44887804
403888547
888113643
634404854
243241059
824367962
187026827
139577284
673292672
476017669
534706938
372483962
727323742
127995296
495681746
476319138
296048977
150576705
31555958
959276884
129299828
954926333
640458546
579053849
204329048
523150919
496474605
124503605
886285665
57323399
769774806
216502781
649825683
340906813
782133217
88947905
869378384
794657024
389246163
131086001
997161618
176031341
245098870
99412616
687995010
988606778
803145524
260572724
828607328
233913987
815646267
399845402
236612193
615152464
914927990
4990650
224280202
7023032
932611377
538018760
267720329
960335836
157172215
55914048
546967599
247324765
168887483
239616958
525874227
50617460
902454136
937356313
616840724
402273916
562660401
637269541
725037307
511686172
397304809
424457751
235608296
567451739
199851968
466652833
126528528
785100511
913581487
6225728
759366937
876175788
966049857
733659137
236421779
391734013
905670309
989402023
871278504
755157501
874514407
993875292
149754414
786779064
693919487
438554780
689419730
342244681
992304708
569955047
777987565
302312606
896463758
29993568
215867969
381204981
766640136
684532910
481438955
877903854
777249799
46589806
404817390
671408656
544814900
486795379
230193681
484984205
271866888
167152516
905379103
616312171
134881897
561029262
155361629
610062862
214898215
626551296
922638434
257597619
871420617
353855519
429362626
534126183
36550583
974707576
243315214
886404787
301339650
829484217
897972909
239534621
324418108
86733799
767963014
709645819
69845113
564964158
794900055
785508391
520378365
31429065
773620631
237638349
724781644
769875263
431971694
708156403
926093366
757732744
722890838
435686963
205158548
110084947
976802794
267314888
943818404
9261983
991324426
369547765
341811178
237471780
369163453
263664528
126931738
426498129
177920257
844282201
507219591
187572553
432684013
386121586
795657904
127232858
315620505
994669153
350297465
608425762
545925567
93867677
77553992
69198952
986814373
633884822
192566925
399352390
198673965
604708267
431937090
93892251
860722761
405232519
365955313
473539304
852577591
830405328
188449393
5289842
346292296
564529705
35470167
615416416
460302122
494946327
529269984
111006986
813715886
869248583
638669042
352746143
553249937
797490409
205973700
448633394
586655642
120736368
958772945
24831155
337245716
200220617
451765496
76032029
252981623
117784575
409159899
46223628
663097791
649774864
51868805
797981249
558476763
159615977
986377250
343100900
36995131
142095127
669916720
780255833
490882428
919708843
952506211
392512330
994580380
713961225
646473333
345720287
378906573
44868404
818872856
759600565
299737421
98721224
274041593
343266598
4849259
145455003
235041207
655390833
374355002
197757205
842201536
851451736
712640090
653036552
976616772
936652427
284885009
782354857
649282607
952237208
199831082
907737160
128354997
722629047
402802233
419175809
408004737
373271685
800416266
888530546
823284346
148808438
589114503
647490284
996333022
538562804
352171243
762097064
699571788
261116589
65809868
880560980
478320268
546409081
319897989
865298058
575018931
95061111
352712969
204868690
34233957
369437069
878122099
152459486
298864331
961886677
523532501
588797209
668733058
154623949
269613582
705976522
713723357
856769535
443164610
399312615
485023043
512733728
87070187
126045218
772751270
557869244
845535651
888733550
916920015
749761227
844634745
643524535
820041376
556980151
428163251
505529177
821509249
184346343
201215703
251929706
252551994
384238646
239488268
369570090
755045960
931433230
532815301
516046877
664543131
541702787
148376649
39082929
836690519
243598773
834424585
907981987
511986672
396398642
869636088
184844669
984424542
358746805
48394781
589121139
747931000
97815353
94824255
730888338
352961404
572166190
590648283
197679679
127504308
992243214
508294712
863439642
565786002
188791059
598021380
479242868
180906017
585326714
325798664
133457322
695080730
516183468
908129300
676982326
69545926
451625530
682673009
422887233
611002944
448542741
314655792
137679369
97775839
293399456
602510147
746813535
522819314
878083959
936503607
738907313
356928582
804051760
267643244
94812464
399988529
358178238
766194015
140126748
402845929
843508118
220138301
2449673
936771812
756666987
805861707
243686546
285963025
150284172
877576116
443559113
344423572
427771194
183797011
924497158
592182206
588143757
524408953
467171288
713902548
413807980
883622732
492065716
157919246
932832076
16704561
588215989
513411877
487039922
934118850
424274594
442758470
840450826
864268204
211769329
96950214
548213745
558851985
472685406
384268933
106590594
420634492
986542078
149432691
360136708
556275018
237850219
861532259
715967958
834088804
424165418
905201687
86153235
502074017
137146666
455072469
796985325
309211688
326221291
407038852
461852309
419618558
634665081
993596867
168996130
30304501
776665582
826477176
112352554
481738320
861447936
304387915
677918246
387001300
713226790
684772461
810951227
133202575
205334240
840480438
52143454
429247847
798750531
811423835
798916694
889026065
387016323
474559485
330164741
503859317
603904410
448530194
52493493
539635485
33800284
870714316
237755657
785022376
459386269
349607992
834228532
535885477
394976526
831282515
811077891
920030218
125104141
699839613
726636072
490540419
762922307
947254809
303346829
758691620
324543680
586455925
917249267
642878282
243949235
882887936
451311205
85593186
198907428
164486547
606112009
490459844
971485402
199486303
197962736
550485308
741227940
490824254
352624736
731872815
770540370
397329707
408041703
202132956
911833454
932344737
520524622
510945773
554205135
280173170
995545463
51274011
789604237
773186565
481627367
473821007
942342648
324177220
264076157
254655392
255868860
828260267
99552681
790342003
905731967
419382339
927013967
982209125
533861377
505330838
834459914
469026725
140423880
643222485
295647195
384233237
469916007
654874697
997445515
746947488
616601208
354970692
491809247
341983062
543148290
815753020
39406546
960007936
684937787
374536751
979999782
486436573
421241429
11297191
98469876
277430360
579859889
311246388
249962940
346041937
439562854
283895629
422157922
274111142
43838103
161829717
660002927
787478064
275770635
252287392
50552759
960286758
49752930
143190431
340169990
90604333
862404124
56395235
373313960
112699504
373797959
309201520
778149253
714776915
983350790
361958459
928311363
649494242
151455515
683225767
960283038
432611740
525334660
348636006
596064718
933231994
273605489
149680562
941101297
692032488
967499754
712252731
278136039
447757003
566376197
265217090
878268231
732919428
397767787
361937970
691695100
590135316
590082421
67109681
769770172
60663744
897262254
82363045
307729685
395422763
217721097
163594003
464258582
285201251
524387856
859906287
96150418
226245457
550074341
274512894
451411974
702317856
980171582
967113068
565569684
289823397
390350121
501987106
295450945
274901275
33084112
70240212
678071117
570548218
441694543
98549152
684127795
835876883
868193903
215870602
917892797
385109342
520582049
17091074
18003572
562878066
124028041
658927023
618783848
603271011
897461092
237428480
281715295
514280835
188761812
122013084
223131322
471043185
318362033
95696107
68515988
658021139
276992175
96502708
551873350
883002753
215683449
303565926
464038999
661188906
89688382
968531937
891812421
885906434
715117604
729200195
598586829
288734978
911098987
586182351
561770367
112349984
83163576
881989261
608471749
896646217
488212550
568792763
974110685
838719615
874430088
328639131
286065705
296029737
98098305
893848579
988144760
6012101
551316906
233258340
580932683
835817125
241270468
159270813
906240179
607427446
556144421
619085129
774459586
139037322
78999600
84409955
634262117
701428096
792669200
185969675
879790224
473392527
346048375
897149416
581266557
525967562
988129672
963989757
224868267
322396212
188911287
478054606
545697374
994257082
535236443
254635766
993872078
180431892
271784881
948387471
789141771
528010899
854524462
695385984
306668685
949940151
836222263
341520301
510540271
180349152
538810923
686020005
243499463
496239972
652021562
513847418
951208753
452763735
472391197
542745551
701460497
471472460
896726088
213601375
108045864
729036312
699371759
933256200
529270047
254247752
934239415
401430461
850269579
784949470
711726958
248430440
390962590
44008615
579610112
888744456
556701393
108562242
22186264
560369704
14287603
781379175
407541868
912627795
156481874
544480905
586166381
278327751
909071831
327815092
428924128
613914454
120379702
167942183
55645931
206693636
562059762
20589796
886157795
343756715
983397001
703669109
728246668
131046499
831784187
545149287
124943085
354860719
843424240
989664950
342187191
906357347
909143373
20923708
87445077
370633113
37795512
990322461
169583139
431739618
528482884
367538615
495826899
521365190
740146255
553914854
894731928
744216085
37452535
184162500
904653866
160827233
70506694
275662482
719007621
191239882
101317097
491802579
923150915
268251339
209159315
863957731
598518219
208530784
559677456
55760991
594616953
936621671
958139695
260422883
216258680
998107858
265639187
665031874
579845898
695838687
590036292
876427385
442194871
126278760
298599785
665741980
986153429
306436429
190573920
293525342
446239389
301569671
510161821
563536751
175421997
117974855
319980326
507832
772789264
367723512
622834886
854536386
706012238
73535100
985667153
790524589
223362715
356214765
785237771
363799158
162658436
87646973
253257883
859677261
88544405
297874339
14427570
83622800
628614985
842450824
512276975
540682049
388049173
739897471
421427483
933273946
155334347
966289683
33620838
328304860
442410587
711915009
814875270
292267784
608864608
209664524
275213434
359833944
493816556
527393572
93038789
618265663
322802011
393734311
630115431
686351694
594097522
778887305
781368052
497421959
375026217
953905117
761927853
952876579
856202129
959291375
901342315
285048783
982803135
922155195
708882591
620922121
133236297
707309033
501673421
371343709
446482456
542401382
512729307
557594239
106742218
785763757
619322837
231691714
379814606
431528785
892177768
350129147
380762647
345853870
509631930
853676895
909848947
701218065
445242778
261166825
408578298
773782228
548219815
957011498
693143040
989093174
374922696
688859897
758634520
184009550
305481741
120904258
62087105
486891610
8170526
928996545
330738921
197106003
858482521
811437988
419523550
638521562
559803177
110942131
928471987
814098962
45707038
262771101
938941899
511228370
905157364
968223550
91696967
375856939
717602162
662916264
723640338
531689837
412607870
54419816
989217674
639344032
295996049
720977018
64175426
57924015
84940844
91862850
334729234
275182105
362319714
671935412
182272181
810253734
730601615
328254861
713568404
462902910
542984862
840410635
808392503
794453674
66393344
606256406
120395635
194394145
379184454
550835070
224197102
839749265
523701694
784222810
409211135
648129117
546324420
965951542
922050821
368438130
406794369
23425272
158852701
520273537
253946897
566222901
665318817
674684367
701726731
592199890
280630692
567888163
113296663
328433829
590269037
885376962
173641916
514854828
506880195
307992420
558329207
922206777
293996200
895666799
642879894
277173454
420878162
991653402
79368386
815519946
364250807
491466765
119877935
9500568
269090376
132532235
959142761
330233632
28814506
554968182
825526909
230792341
941992046
701815286
511713460
384978016
945712090
888597415
885941451
333220487
105053377
234371525
967648159
99141887
93211239
934218694
939600042
88823091
110211948
299555165
903656152
650365137
699566327
690320027
33457414
455747118
655700302
638806077
254605843
738353653
680294233
950133417
680530230
547163628
106154555
898043014
703686424
740283432
30467265
945954828
34465648
157444897
354881083
758713674
276755250
243251627
456131605
982711195
544511028
892344334
564474077
396199841
975297312
811664335
251862203
702351135
993405731
10322548
78581589
177973589
699209914
333422601
156122992
541384825
493755315
153059854
95930485
524585728
485481870
558531101
971702832
756473112
58225433
364389738
562827538
971194180
438651176
489688790
61224026
808638539
830629726
880370981
825719428
367049004
933706304
187564163
274563866
291073688
135411429
500088276
610181105
159599079
342722952
467070247
770110328
222023448
257898980
886336479
530691836
240908233
850095802
638621437
446040266
664337297
204353261
324747743
502038293
900910804
385933055
917234472
6721506
715759640
227486942
963920887
341017988
904255609
278933755
394414037
774225863
107069577
431337543
685023150
816254159
764205574
957289269
906279177
355611461
361777400
70146241
393495975
438260826
639540204
398903677
446133171
271822372
816226061
550808306
941695967
704055521
24847706
530079746
592323910
790285621
750515833
914133897
288611139
312386952
27541753
423450569
201062593
944161747
188049518
768524886
321384253
804067887
374390117
991007508
631075262
2783678
995349026
122545681
858234849
412883882
780645051
221086661
542616684
867745568
112043168
113976691
583038281
345531923
314309106
839316153
766871671
36812939
538677174
786075347
438106894
859193919
649447978
948957407
534488319
896935842
797568537
375912346
289342116
234516889
293485318
15962617
163772217
356500168
67671883
531912497
249814715
917009454
130538818
968523459
70193971
977619510
207872129
647089004
144469012
452992796
78840877
173363227
31829843
221231205
215624951
150615013
274872510
677796373
216345683
761864857
527871563
906595871
578357286
889914230
82982972
271310225
944573899
749003789
968570084
845761149
348804299
595127337
571898385
215521631
741118538
292351966
954899169
673328373
238227429
685084241
584792713
686913746
366670668
900199027
269041147
701563182
851394511
391839780
738975210
983025587
291479993
756195666
235642581
709948667
138249261
884231688
319652110
458352853
372961724
736247102
919053863
968492019
578609922
746612745
392820333
808543960
508698160
582181250
132970507
261105253
835242631
338236434
539337934
728448790
542687423
905556914
451002287
804009543
978073514
471180264
95594468
733578156
566296843
634886872
111868337
848816578
138625613
495508953
230569935
351766991
528936198
799474736
21839669
311215917
824760130
257578694
751630472
209172035
171432365
836752921
99938402
737946187
334409057
789365700
448812794
574992408
20689701
843085219
995407771
101706941
520269724
201845175
388098535
688403073
15917502
194648334
496737945
13765874
561902124
32386967
477414790
604293027
966416737
372131550
54642410
79320515
23401330
29959917
477999472
383838308
723846636
577387340
311378201
383344413
207923786
666986921
566530952
625482843
444083795
891627703
318840344
401716728
935133543
608302877
23297071
10980821
755845486
551743743
969735235
756946038
313153849
350273083
892480851
290919297
985455029
155138785
358299199
547029174
434132471
580734839
5212988
243472334
302143712
127580306
40197766
82882240
430713110
414488184
461149616
329423161
681734225
320467373
71479221
362681694
308660410
31766916
840527441
628055234
706831687
73982656
547203344
758639194
895940157
675355607
637533688
993962482
50367584
486522471
370750799
692435431
575005909
478851479
431275230
639988824
492533152
824055066
593864079
135769123
16690154
458579117
156598704
648814183
750295786
503914900
667774641
601019563
174173480
386895502
596899511
377533284
515348282
17994867
254845046
962258871
510975560
606995392
626431388
335763275
465856371
380608387
139141083
731439371
762239486
269096829
651745874
169913635
291237377
773933385
503845768
906111367
993546818
346597977
160264807
471554542
358784581
607952506
96427828
609850107
333812900
228168310
34187770
883196714
96302133
585136611
553506071
229440270
749809782
330281753
647842995
81557479
939247314
861042355
467756117
525558504
436801565
936692206
731413262
753082807
137225853
365951045
270741127
841114317
745665639
667245285
305292597
506197447
529027990
312821737
465830100
358447248
153185439
673990263
516501472
360973553
325859052
970813023
907886695
20906267
884123189
540856491
53280768
560173955
81835247
632448524
465136695
90367014
332583614
547294598
405431589
790105468
920431815
109947545
585722905
406505778
92782597
427955891
279593363
828217060
195800149
434723618
662501990
121636583
896531317
202345395
61619058
844509379
64673647
851802241
834966759
67271633
629979177
667800619
464688945
410893304
52706350
51227014
700795895
216403148
698137374
558159801
758555318
817193011
564977547
533815137
853543501
662567816
845255105
972963303
25824733
522327467
243687949
93130024
467274799
354892715
167598326
577412393
496054230
438548690
88330255
357736437
534713482
9068108
354229277
281160747
591621381
469950970
913164862
952864792
105117270
997679305
270271354
340999074
327194530
946409230
315579615
553340736
997500155
383756249
897140097
77979055
59302413
610263549
15357834
896053409
610512849
602300800
840719483
395926704
865846790
988059229
405410122
522359390
91281414
441284216
565068324
864480314
742816855
950247443
990502576
97747392
546433276
80251971
348776162
862311281
303096924
194015115
157077845
986503020
747139982
98188468
694694069
417912559
933539465
506496956
802550705
782002446
6166596
994281179
235399930
812910823
624437880
519503294
418160625
647560101
735875284
618470668
670845067
463842626
810455272
274846665
395445665
460706509
346942392
902823123
124072071
96927611
207528591
101561930
898346678
925325336
437228668
757840585
362019234
668718064
366234267
493547174
606371660
64226493
345788664
871174928
670312374
740010036
824943141
309388937
675800657
654587254
709143210
692386892
974386277
653041602
81712950
308260512
924581236
310882972
169450366
242919878
489964496
998079088
208969340
339333733
800583230
196115846
912881757
632026470
522297448
224881833
581770741
285023828
579597257
489807299
297583306
364224626
153247948
298186415
731527078
678428585
492490180
731030873
37370287
442865350
737549156
27147572
534639780
750641151
426623000
683432355
768844473
10485418
286867186
351921734
650660448
472878791
625127309
146987795
940943829
787313307
241828194
22130918
495609098
386320977
868319723
861867232
692114587
217859061
447627925
622977882
656739030
689237316
532659314
522737901
375168151
269714770
433992016
576222291
978217984
890431888
17211163
445225463
71733387
439189229
815682902
491517817
846903240
889226301
559638462
507639935
377578743
567080177
144562950
927327943
146941924
257080100
176933219
102225152
827703893
347243458
2971583
779817738
809609226
470210680
577775058
614717164
547243610
658065839
535741545
981042466
16651334
985579224
800660059
379644576
353125050
421247409
814377462
38116167
891740961
796417418
463571948
193077196
631125100
959974551
876581964
419952857
169195072
437264167
615085877
803736942
226039360
907614881
183349507
677061722
62397440
729242547
921780417
424469107
234449265
209472233
905788594
670918180
12164266
370745419
777633323
627994327
99239080
585192282
877294211
588638822
303486749
443325656
575032688
134161843
657405404
518021401
65880568
678285049
832684209
226054506
216989694
295692809
861858147
656509042
179279342
819457771
182688489
429354765
751321413
64466552
944777985
873663876
20773673
156837950
113383701
631214433
659080885
290776002
791592413
570276205
862322474
517701694
10400321
159829296
50394084
349772731
246561225
797643803
471751923
388274401
755462232
703311074
22041098
339245301
729826155
308087012
340798296
950507496
890673879
105438065
84299756
169737689
389229958
866387002
219543075
216281737
991982730
608511176
668616713
450215533
98381417
705135475
881669954
655783266
355550229
50706865
142890097
701013833
338659817
803439155
197394784
620551928
775570700
812418605
175791696
916493631
927903234
737303099
949638555
776388872
59153996
150466076
261475421
669608915
666294636
30112307
75844896
340422870
287812804
648027480
858041057
241609158
201584457
694348005
605182725
431347204
14973464
216323218
521029636
416516923
886962948
534742766
366498572
594254981
568601489
119779335
20668998
311033373
236342443
453920338
241240551
885164623
432619591
233056733
160511748
795784820
515451965
621601169
449967475
568837171
300961375
957161221
302428143
168694022
444975015
809658839
507455459
44565341
570894616
942431218
870370637
436631922
792293729
391694577
740700933
471134478
213963643
148361539
87777882
896151816
274201627
61321362
135052892
447263087
502174137
490418898
418627126
43427864
214996724
498399717
383827510
49771933
822019499
288605017
208183344
918689981
146250549
816404756
596939020
516490739
940846607
360194831
408403807
461495295
31866062
804286354
553930390
590296641
197608356
922682714
819100656
358787252
936759471
274424656
542112579
377303769
824998473
451779898
813960596
230091594
598082291
969440409
432996502
359327225
854998655
233671135
560593184
936663656
16082491
438477903
110810015
641280465
48970280
372959400
49780499
478602255
574355278
287589784
963365344
728161438
3973563
586504392
943179297
801396856
762387838
67790989
717214783
922839782
735651752
31462344
395807923
613126376
81015608
830752408
687656066
22634981
167781011
379954711
144489918
707801234
539242372
510324702
853414060
116402371
973582801
369366250
144511970
944184005
683859730
707342133
190803415
463121740
76997031
707615588
622319783
316955048
22453259
725706737
337519161
167432640
496509510
194412120
320565349
744612073
564184342
82961790
384350526
660957075
597466698
63410739
971856409
245300043
714188262
318507217
779393652
523950821
877406037
904624369
660381633
249274883
77847961
26748503
833937992
259902062
157583623
74424120
832134235
140713565
652126491
230126929
313259817
13930676
105231256
86841982
619957870
602208583
40922916
416926184
241986680
901613156
79449296
301720275
459385515
761720908
503679833
749950666
308725045
593346205
402299030
878293145
166085190
629588883
978663895
33077537
1948737
212865363
864610285
853942673
4216122
45938996
533259404
319387586
402683259
630951006
927023612
301876530
32197324
629738608
274497787
573532901
768044114
914672328
359878529
416341018
620923743
880280110
804598776
449019715
869472724
119236301
526405490
97971172
566225225
828177320
797916837
1441689
685752763
660709969
198740540
511118478
150174246
113365923
950464151
732958690
317851581
442516332
307265387
781705077
78186443
583758329
183917115
675398511
425450148
197714191
882207993
827999858
62667143
653262970
192267353
827175330
213344597
602498110
9977973
507995692
74351598
552695495
696255416
379249099
13472649
115403376
504035956
660980753
447567671
948120939
505987143
355919308
432007278
921992440
728839395
202037208
385679480
743334624
453121544
156419577
212895637
276980462
388081618
390540007
548429663
157640082
25172976
403190889
104112035
266400542
645522401
995343890
391065094
218004224
12261275
456260239
874122792
608407416
364457716
306698908
98819980
571684660
681589524
781836236
241473728
490375062
521627238
906034417
973392267
571384037
616268552
903346233
867809972
306650404
116222282
621812236
751671253
313770076
63866850
29160451
844003801
814271325
787409721
820679334
260104912
658864770
684385766
331085825
65183607
214517056
323113584
987812731
812324679
783525679
788726308
194930115
666784240
837456748
873564977
904180117
547844600
600181097
642843853
826793095
40760509
618570881
975200798
171784384
922022024
258750281
584777398
777042142
920946428
447439695
834256819
695507348
961640920
115261966
161663312
306183375
237038871
926319626
79019695
144967724
592706344
574951740
723876822
464051928
21026281
452326548
33918086
979981801
57691857
426107278
337302963
748298029
449595702
553649250
746893782
258778435
470831273
528309848
616815856
216698515
303689288
725843253
698768175
296633790
424962461
620447145
365719116
719903612
865927633
550448388
859272728
201143477
412897462
647862999
101486514
124186610
251643530
954894281
783265667
225050012
844932856
202778115
130978420
107092391
339094443
469937888
961807464
853267695
344501131
341663967
433984878
688029600
555173496
978036382
222655001
865643894
550263795
848311236
677712267
709398396
667352445
269011293
993964878
574783056
321856726
762973999
540154396
123484464
645138572
343023553
93837183
306905246
802533650
255273479
849769344
876216788
286330368
755888449
749448122
80157583
471769608
155093883
763677497
996268419
155483735
7285397
149018936
357001262
369776297
943819953
673616544
478335098
41309020
698585774
474791104
276376334
935415526
97496228
184089475
807749768
234048592
733249150
26399264
206959263
81137524
363373551
748108120
588703662
582984743
185011601
961046476
73545632
491944334
17900064
353256290
655121452
519384233
821413725
900492319
235801362
793734114
621422824
799396321
56442377
939211459
695702734
700236701
888673366
210726266
554123355
128478915
102695984
945359597
730883577
755912595
887336021
98506622
671979601
617389495
231206452
328421438
770818075
706736553
582059973
675896173
710320948
506410395
179390219
728379180
216203947
913569957
615444335
609146870
429694008
12538021
97693841
831335610
118096431
805980719
307418669
649690706
486663933
125601267
963818170
639460302
131878718
734267352
52332493
390032521
641304779
413532734
896082852
263433129
223287082
614479195
312965249
957069204
478824549
271488672
974676972
412822560
794187805
169752015
896239129
37846163
717520119
110709584
460670072
245527063
152357236
533775528
187277174
137771908
106373165
78060118
720059281
742496943
914626138
157504731
641026023
302044029
680877592
405919717
255346058
216752737
942290512
58404371
23092184
525658342
699175266
131033524
488645315
792171464
376757698
624828042
700722879
697264339
679372110
919226478
428106288
928755673
990556164
926311441
277781700
715125764
244503978
156743149
6633789
127233020
930290759
29407543
274037101
62268662
854832556
938775034
224591341
381075851
340194555
411272188
779552374
967066933
211007476
118481429
821801157
391024138
277367861
559514949
297423329
758920075
347950552
201808424
791625168
809981441
959053323
256103814
634913694
390566468
831756310
287006223
835852452
668458344
98164854
559731162
388904724
842397109
79920139
466698576
928077024
894147260
733279855
864517119
468339101
659908682
811622499
151601074
755282624
112102695
825058632
431472682
401937813
696063159
453614834
53967228
659996215
597377267
399269420
371614573
448844039
47049605
357210074
79509388
403336890
283090858
813048897
705250842
101626366
60924986
235069669
381593222
853613175
741134279
115888090
262147842
654912742
197079540
918037379
821001096
445877079
25079948
937488361
568846498
174602427
782994872
955487750
688102954
378433492
61426283
692145316
143019415
573181598
665318250
910725894
877762772
666563898
7223448
626841292
903679701
619086928
367441170
911372496
241972943
302831685
518417026
516724794
876583075
650472299
783381712
414163236
969354782
775831619
245691323
246595492
491732322
681629722
194037381
787267789
519296839
573373189
487167605
360392148
571695998
109087966
158275897
829463745
375513993
910260376
724224816
78821091
40348705
5722218
413723911
652972274
548930922
939761586
97139578
942176442
364234696
841644241
622459372
794608989
167539336
658840127
919417267
474929232
110793285
47260650
385116220
752975868
908924101
179812660
156236874
385884366
722161385
447820276
17411547
270351831
680176526
648788723
246900350
393802692
770973543
384497900
710193799
992860190
384925577
465433101
171483332
287112947
783763231
216915001
324644377
350512819
580326695
477224446
960574030
878913564
178767115
408464819
366247112
199070968
69746307
846718725
838351108
25752428
308698542
337470792
900572537
828956330
541804568
173987622
32991515
648150873
757638841
460842424
285176869
651466938
898051701
769597472
411538889
769083561
542681266
659000046
315136458
883601887
19739272
789366083
878410723
240370484
554216984
783049353
626005176
977345615
813376790
184764561
816418296
640240695
453488376
109185664
642226165
68617984
772223554
62790540
859973607
705249921
204944476
974792072
295030855
288466860
688238120
199643347
756027078
476880046
652017684
474196807
229662327
538341958
455207544
976550944
268239041
217060570
522887976
119820778
798954324
4135552
751738251
635896194
697302528
779889841
699622866
477846342
141365448
870404537
384315030
517715632
891966148
782621733
223124112
508791650
1148947
324300075
919957587
981658725
750154699
411151382
310818037
561476125
194481592
256959293
747649717
423573516
333520882
513412026
167701376
110442231
442247226
905672141
363319958
383857833
732999716
823106689
196475210
413854065
518622318
763085917
107996661
490514302
225200284
443427307
432718895
302054931
244983563
475192271
232877645
558017566
491859807
58720948
75602427
855477774
732742894
243125932
357140996
59359432
846988008
859626242
272722097
634146947
373847172
780085505
474895342
35614500
265936391
926179848
595391217
926471438
15564290
59130503
425208061
711053030
959753585
165903693
876940435
134353988
823027356
495197965
916805150
269094299
427513560
122474203
32956906
839105986
412934923
98199049
217651637
568737901
244044444
168282613
706137739
685596367
662687286
387982614
988838964
922865560
888183361
183322366
486118934
952290074
642572090
335628327
339736655
279621008
231998967
309065656
210772942
356053583
374976762
873192919
29040205
859741608
510258947
578025232
204617425
813768319
11119973
854816996
125660614
765194753
322729614
45916223
234840131
881073374
836679864
59366763
446885077
478787674
1448023
174716874
31241726
362551513
752713116
646165554
251781556
725375357
523045793
895373158
303690169
360917086
145485633
412371124
806926462
869377532
778433811
890044701
346402275
609451160
212986354
814707767
643366403
173127407
560881799
527383707
883874679
61609929
820682034
358270412
814015390
770518012
603046239
178541807
161180556
231501739
328993532
692379964
486206019
611774724
621387956
404413946
75026316
371705789
53732260
699523369
129123360
954401134
155040567
254248971
347778226
673632986
982249363
258162101
600774893
243104254
934026495
565787436
270194172
720213828
740195414
127534293
767764081
127499926
881654326
45416098
714111144
691825437
691499683
92353310
383159734
731503414
709707543
791357023
398334469
847287783
912701117
775338940
533877543
580168256
500190345
400306535
279413732
655716537
328409622
582259322
594471791
909692448
776170045
347646051
406874868
613129884
2306384
576799897
672180069
530398551
660583198
352939464
508565963
863790418
375459349
727994998
823878717
69132813
159438313
189430902
898283180
171655797
328076483
976880601
906354887
364771170
404424774
46989659
686811526
908727858
189060956
696726426
939518796
811339525
293747261
921583204
540438588
554010302
588611797
333930591
868221367
649458211
647034980
132710865
767035032
927150582
531922833
698758068
45254211
375780327
780198997
695057113
207189
316531485
708341415
454133388
565180629
107199327
917969222
740770958
419803060
319041583
757401318
988302140
283470198
141448103
856600161
209144330
195348025
883312099
662409537
896776039
606192481
38679003
147792103
803331222
212614257
35338765
435532718
962151398
159188918
575680404
850558232
784947250
523625288
348033669
934174753
318723563
597798591
327523978
481254558
939115877
2509916
534051861
532699850
916117160
129623838
282338562
383520111
847100860
423904723
364941876
987431076
165014763
11357536
123991726
25034355
893112171
56018608
167864282
876054267
474498804
794383724
394678592
630644679
127378574
634701980
873424991
475073274
52077434
756964224
108240535
918716894
756719594
605560507
89149670
175551981
549341316
471033219
532987469
877977494
738616508
395234265
838406871
926032929
491585155
740088611
895981765
176463273
109260919
129482568
785259434
598294067
991179602
297764997
709149311
541308335
750209848
304624162
53114135
927121252
762918016
638569976
748965265
834416987
229879748
757483884
718141852
361290958
795220158
558997806
601625242
311565156
334405151
637714948
312601942
961961242
562364244
55317963
971238226
986703076
983864991
471853691
964376595
703663194
107159662
82097058
167577375
723620684
933639282
860121680
982354274
931165650
119748255
771031790
124679915
229294870
993565585
354711904
457161254
92974722
70780993
327346816
156975271
93862921
651417864
707457952
29224357
727400500
154715118
261710154
931593762
554735553
912222015
199852146
117477138
561456828
676604951
891829880
548366514
102520192
35993688
875285523
306359873
62189175
446782608
834283121
148991707
700451077
799903324
954152059
963506782
100379165
607265603
180257872
921566700
673659582
774460536
545800745
705276118
581332425
525085581
57755226
133054648
206517701
124103893
337379655
86434005
749903300
570909578
796147044
551986040
748173049
317895054
677890146
54315853
458924494
562221406
735821147
479591643
797078813
45981320
203953359
398342158
875351100
48270657
71770725
702547231
163866808
744320716
64313769
883058200
313910728
31820444
49083898
310334418
243042225
505880559
777229185
491587178
424127522
915612648
632217823
802185021
974312387
704894368
537074438
977578322
511313796
727508279
95689701
407643853
318053505
517440921
74303540
364119403
747807207
282176600
86983940
65868697
490893196
83603563
127090862
348375636
570091916
670967155
673877012
791808536
585382658
533883936
548497821
607972932
226491531
794781397
141088426
110352553
316531783
554717131
355515116
867382967
590575416
416891095
410619801
74634298
605759387
102459056
924696465
158374922
666386179
780735620
714307224
516434407
738058389
988239209
908884364
828049888
909914522
478883500
279589114
279233186
387882071
217541866
569663731
221338038
145063069
342355830
480609371
852554742
302775374
951017531
821097095
307858131
181474968
418260563
811365660
965766084
994437230
282143393
751484172
665567775
626354887
469035669
607328247
180951883
69141795
408381390
450072420
211317718
663642789
860739485
762586603
8603211
416972873
291067679
591226811
696386193
666338853
552180891
387316138
918829196
742571445
286795433
356368591
409357338
788349302
321309078
913298503
650503015
94817020
892146969
78108075
176009461
96305527
803836958
105346070
629421517
504669775
276996628
761448526
43027012
117733406
257059874
919400607
370991093
236396350
87109802
643141720
613746579
44858912
195827878
317084427
971817716
433886282
968897214
769031364
726189844
262641142
581137404
23208063
83866151
474486674
754627057
616700591
790160864
723245218
46057209
9185666
986566538
122890690
407648334
492407821
734444329
344856716
804814632
297613382
233475938
86071706
84511423
305371433
666064073
408007087
636123672
825554546
950705452
59922287
687337444
367133297
582741269
348584693
187516246
153374609
80256111
246837907
439814868
432152188
938816978
853552457
411193724
718833201
659282410
596710736
97866358
263825474
680681007
307896439
238398252
724658055
293111028
761496149
30768396
441730143
576961677
455408020
589385862
304238382
800035283
649125879
282722198
781717881
540884081
321561498
751661144
150973596
607629577
736878700
478119333
249582495
804224109
92300084
130896297
686407269
751974524
682691930
548215966
329014002
572487116
474342229
919618563
657804914
908408787
636704677
507262250
821416781
739185878
388291587
784076208
421695786
907510550
786440608
398395266
814927893
554035333
461170194
112166677
10166822
488813320
681494606
308731793
187028785
304964292
362191065
247723317
158205782
104916621
614008088
161034623
497306198
144870770
311929785
664438886
6383545
982750345
352883985
197320572
122058312
549694705
808839852
228143435
327631534
352089805
653023550
983535506
27783683
736507898
751171456
149938616
591021386
945329189
198023882
889584279
650684792
303325416
571547793
733366582
449876313
915569989
749236170
354937113
411786938
465807938
840538715
271664352
103254543
371705714
285450632
186831948
652947377
235643884
638221923
120280366
474446351
693958075
582235170
384434089
253477029
389425480
434097103
71124551
19272555
987817563
774397051
295714827
254068482
471919779
151132948
359842330
30533388
145867510
518260637
945513678
472926473
474208062
250661030
772096697
898473867
682784872
60822193
294684479
607251403
834729226
265289173
694082611
756148269
664000575
237023977
22553472
889224855
671440851
887543794
237980346
167331838
270877031
313041896
377490337
395731072
274930044
589884347
342263574
588189913
448279523
972503031
373350381
289841648
493836466
643038889
416209696
39177665
573303569
169429914
320243021
964706363
41100072
59449020
909585030
765710122
3539443
328077994
735500260
51601925
834972405
773130358
359485663
521026833
992957266
269076718
201606743
283604087
916754986
503574043
412568599
487192922
702748036
894146999
39864431
102605970
179674111
24234488
748097411
959569331
175537574
883444736
663787459
124825110
671656710
614862013
144784574
560414124
94614064
64083670
569963986
421972963
2382927
597954035
354773454
995796225
861531556
372568999
814128088
469826989
359007229
554713092
101464709
549142113
951027703
49426202
127996996
407303182
566275344
410679956
653455398
459515887
907165830
633908207
497414636
831343995
949982698
241319314
690067870
682971247
773226811
207809858
572270998
595919040
826960865
774470080
727700927
185213677
72089535
645447710
78080556
583023009
427657863
922870632
130637764
949503929
700971426
950566913
845060137
871847493
971961898
547018761
702278412
706842267
749669666
911371256
324057644
357837068
331322284
424977160
323521622
272406761
705697386
51267952
435907446
590621210
530875431
441123692
780967597
423137193
480682811
873988841
573274260
142659207
801442336
992865696
858627789
443416144
114518724
900347081
343363866
74879849
487064586
721644347
930746657
265810116
964470904
67436751
764758373
330036176
674564380
908009965
928083625
877173988
822384533
675427115
315510715
573808551
586504893
655746686
380322323
371471318
462190021
790154866
307017620
566857976
709044688
763216046
521035825
256120977
458794381
53128864
914363588
732213602
590048604
304152481
120919725
327139587
575096137
482173034
752426539
862814159
437030491
159778996
225438404
587658915
260136931
310252042
250969090
364713625
689438422
714720406
397083232
387268027
445924316
459975733
823233083
529926335
194387259
436808967
206955615
268712924
283956405
992377424
951295283
490641133
60150472
876740463
775323728
666330001
570000510
794801622
559221951
603453623
72772675
166643862
432407481
662936225
591785597
179242705
68569340
895733370
790416570
267149251
881322909
41564474
603449926
64021814
460223425
286242195
295650039
762233019
507498412
755111829
988875595
89770678
654361568
386958433
25491886
633759555
341157527
454278437
595323528
519067425
634502178
373648781
886747879
371176291
698802898
211935013
64729108
844216860
531957761
66134709
211924391
259104023
664876734
57794253
274475703
642011403
476412075
892978623
772601350
139604772
457234343
980024249
723273264
24854643
818709272
597617208
42429491
329857475
655327888
776327022
555369599
406101668
588136444
955204795
109994275
752983619
61545557
258365960
491294617
27572783
312040346
388248
694658352
660998700
512191441
230415345
988648081
585618939
155409681
923691973
191762353
315821908
434765416
667903649
8840894
345500918
260095512
745225698
586991072
152100449
510985463
285657391
798777673
970461941
352646378
917228345
865077243
628889608
19063128
348134938
884935619
396483735
932607014
129640039
955165462
384533792
716999641
21286236
205460217
666333370
626589562
463228576
686050010
818697269
299179241
463172544
231802552
211668324
278910573
992259523
136662654
300153880
717264809
48478875
359919058
760424221
267473838
889047350
336323206
4617806
943394294
933064520
789890319
90606610
743853324
960961618
652660893
981678899
939807091
727539020
438614766
941904408
694219215
643846375
33128907
68411533
642805063
863763301
221336814
806023332
922958189
510582713
809715324
80019110
887531897
798585175
770309155
975419586
372945406
146178363
290454751
148816496
650568866
591463486
775496726
493178577
521326523
642890843
819456393
970738143
538499646
728315047
627519182
452778255
138800303
174208029
483492144
885764494
914160594
830462477
366715608
961066431
393793900
397139091
766998757
418567808
655215403
271961145
754717738
676914373
653364379
234223637
25635724
70376804
855692177
708672526
482965109
205302006
600480750
375025796
699260843
680351843
613838431
991371064
90110058
207752607
668238344
552843492
695719827
365039853
896385051
28262458
559865356
519481145
814651200
174194926
871415828
607770372
529348384
906205587
744347340
596493643
266072820
112467031
915388974
662070695
233844180
320609427
192090212
502953858
55643937
401819792
482007726
627560281
709641929
920868049
801254140
94730368
26231682
22858748
507452344
203795181
37441979
879436045
876285047
679335751
581106378
69755350
133399349
753588150
313472346
386619372
2854992
200894737
552902546
189616112
638814130
69881928
61328188
454635226
498032855
423039960
1298048
881312864
514905283
975515967
620165075
83217161
714439247
908209832
487262041
37062955
355272914
233889244
673764683
388408414
89679229
505764995
689780650
743556321
110032655
599862242
21739216
571782144
115251734
150401340
656006593
674310977
669014501
543780797
621422504
366272705
311515339
826800560
381424061
21794871
457913979
442021668
425814185
480106416
71991053
888271853
44083176
796372439
256722737
737781747
501862584
818244065
230977197
538679913
916651157
463661287
198888568
395498735
588535370
726069654
597561354
71662140
368117071
21600741
349505145
480085059
787311307
23624099
704537821
368939653
515232013
514654905
956396879
879980361
55026268
514098547
188493717
414987578
787193698
833410927
719398340
928058137
962814864
428137352
341200459
814492979
205970506
626201550
925925924
819774873
357236450
692243180
873512010
450838358
941172644
685755903
372979603
96657847
822041837
446280259
718688003
506640447
720968158
582725751
839275389
703792248
118259839
545290241
398697071
319623152
197569971
244878439
636026753
414000847
357563072
47292627
625193213
547908101
582860714
281530310
595452012
831881608
479066109
188206092
199646255
927238227
245354364
653851420
753100541
789142740
742424874
41655683
269262174
768569050
473603957
984489673
484515147
498499245
152117361
175567892
537240684
472442598
235055662
148751859
490173491
919654622
567510655
32273527
144165113
17754124
246943130
177450366
20082890
275893911
36953326
847459305
372185427
864740957
478267996
377221838
71715296
623956155
542477202
849038924
470085321
295405066
709111132
140845652
714029183
660455653
831183971
704098247
794369852
468377367
295730349
16751125
738137723
960104224
335739716
54296652
741692105
478259615
42652820
118370379
354997789
540601077
885985162
463277591
11069616
918501711
142236671
272071673
65504386
882739633
350354595
848805939
498102206
843158325
876885480
661759398
115978399
131568428
759688480
465317927
745737378
67868005
318489564
36113262
407878069
931085202
194810381
756010560
692288288
488456895
665381500
764226710
873150657
266878624
805291840
541293424
179684336
843739602
622693876
129351987
819400978
249708037
845251638
988959351
82009697
329333823
484535117
967556667
799654689
77306953
577958195
289908284
67898797
387737787
181114310
10430751
350256538
920767223
27380417
594408916
152976952
880888944
517238893
397180840
772752954
870423313
116169857
532155257
145559105
827501536
354824622
175194472
666491338
982879330
708586432
677407520
44938943
323570845
565594888
912165088
719822603
144395936
530801942
704681015
745444705
883477787
597525982
176438869
328575773
890518315
956163847
983837630
203709030
186177293
897323438
506592594
460632274
749132558
23963158
581023546
803696625
407064067
680199458
486045962
572870790
826201369
204097578
969789594
725730652
764323560
289376739
376398433
118920357
868721080
223283597
705988719
684804855
870812791
361067347
477853351
502088483
686853818
428104909
771231656
670266865
977562646
168277862
68974228
43047981
330065761
956908841
82333896
15271722
461706834
827022739
992571797
452166699
82415923
477875682
928030824
979907645
569464416
360205222
840427582
677394908
202442109
379794165
855880993
704244147
938750901
768524520
430671210
213072150
65746750
157933472
253505967
819619795
673177079
735692350
762248541
784192167
969096681
431100389
78028610
319497954
410464653
434701187
938387088
732115312
478474418
976945174
169365993
662002377
871969720
870898724
825644537
609206723
542520865
332574167
253045241
162331102
77188374
160113442
585183094
21943507
126199490
507620304
790088389
802271450
349890150
41674093
65543542
865813730
835540234
624813670
130419665
265733755
720769128
353161791
155894516
736700456
114795438
74990798
468005474
230821338
779440749
786956358
811507597
457032215
184009353
253430022
247921667
36757824
765980689
296098686
15571090
222206911
834815912
807714460
705082421
252010944
619344257
871263399
977718518
915781013
71484257
619162717
64970058
446189696
497305303
348166509
692326639
877560551
785812103
207160467
206501416
153275663
780169738
545861352
476492458
286354317
468074625
401234491
93341526
405075706
429512283
747115587
788469577
307770836
93354637
638845333
74821593
749431996
577470308
600446787
425564174
245915955
102369251
964889692
282753308
18566866
302868831
244397167
395824505
916579436
403808645
982696541
335125220
608869526
167240306
377678851
224593517
186151580
553630853
807187972
862945374
263890695
961221851
137743124
44127240
387041213
752065963
789713268
464992183
743632571
812304184
700487502
189055669
450223872
553076579
583089858
129318081
413182915
5497747
610978920
544325721
40639835
590750636
553689271
137468160
970925414
924927900
226719538
383430813
555249593
538623292
839425737
583230949
68239402
326320345
697070826
216061410
871579171
434076405
359126881
301994209
252778471
879426540
341982697
97508654
462430914
864277972
455486568
614518271
563937022
744151188
678846583
336498549
950407739
22039087
962953077
407409090
72951582
460779363
1694490
837570082
142637616
732776315
456382161
451319548
240420099
458097246
908708733
279677802
305889607
286489522
742882916
137076563
565580944
122888863
864639639
339092513
489824145
343236775
12620431
963190323
304023280
445446383
801388905
462234352
145624599
178134114
256255374
70818530
379567064
548760809
809761460
94459211
583940769
293647126
337003947
676627224
560910997
611129311
721696898
480244546
817796657
795304031
965086585
174629956
696825101
429829719
561332075
303009220
979152066
684806070
896447837
559270463
609737002
834252382
282743293
978440474
528074454
454047355
202834646
20366400
442764266
831306995
27304519
797114249
985280394
514025075
458221817
464290697
31075415
199715605
730835292
182895922
534841242
601723333
914019234
12753376
504275396
712595556
344796415
77530906
491508044
840862443
597828911
149562978
172815667
542724158
812281258
637383103
518964680
772423398
607843447
936440866
327204557
223462480
191976201
609730876
206363871
718152932
661582053
3948869
661459914
203788253
992205258
230096575
914835486
561902077
413736957
377688084
262522960
669547779
331555739
375077748
405800843
155349570
686382110
293605114
633920128
429151004
885460323
882014509
821407481
200211650
784699430
137362691
77252870
623422936
327575879
564201162
426316003
292787322
559112954
416738755
272725742
763069822
497539926
551808452
281851588
112066566
724884047
685442666
200649287
535368274
447520957
310919852
14989287
988824804
402883115
145150697
582519547
987322573
297439663
778571559
56479005
815475325
303250151
312172084
164778707
341027134
66761783
169465410
188788052
888351063
644309421
592736589
966521433
846161179
645840893
93257345
374506209
635941452
853710067
964878562
149747090
29073414
881824974
521774095
245872026
52733688
779392896
804366623
729239751
488549576
622156553
192713070
878344168
163616553
27197627
512998877
966184379
707925983
843139682
693903132
35559314
265448350
508746573
151572956
214817263
876219323
550932602
684014470
141010809
988078250
633936195
236140654
419458185
69622237
74210877
608100894
158483033
681650585
477348796
371820562
137851325
137100743
761210166
969496848
295206813
574358633
789676644
139455958
277562042
188609701
264711944
631030144
542779385
361498491
18413720
696822687
672222242
342934353
207023850
656545183
793628357
116046240
340623841
88030762
68807210
586473396
172010635
985000062
575038811
278249507
656529156
281253896
242063256
287574676
205080862
355437231
693225965
557995456
366615600
253913612
124482163
253070679
560666902
835270949
177846480
804663124
63114204
983426183
47622761
991165579
476412977
95787492
905244517
973375056
592269725
2850951
41149660
650008139
81044393
555627763
426068023
74227052
40172627
441578386
68190912
877929685
918212687
563382030
463373516
166634992
346574751
24147328
340333426
994461928
238188579
380533158
263057330
346869806
359421030
213968708
305261137
401669204
132707961
265902811
375990678
446059376
228168497
691089983
428388853
8641738
853120042
372721672
719169572
334080098
249467919
182254737
308072411
584445787
215659603
178934914
318061199
288749720
846221237
614752152
203450968
797299816
753715021
955164947
91797563
287845933
197192987
443558177
169551291
1444879
634135726
144286437
951755351
288748655
916527334
982286562
388169260
460580958
347225430
660556841
973565987
10810875
183222679
774987855
433501406
349145443
782896899
199935616
348683619
833576585
59692219
680736960
672177364
267650487
526593973
193031194
315200782
35522198
48168284
923638569
631917769
856942004
503518765
653069301
510436766
540904931
241663562
344569985
878065069
891184777
696533661
421109406
621354339
883204467
331247848
561534432
289195848
805182820
290813001
540049344
987314
932630534
414501413
334370096
113633111
592135114
641077852
721569373
322241432
667045567
159301221
866356809
454757390
339180647
304236973
365840177
293936058
155449457
299056423
88122615
632468557
437475907
279470407
108091623
825353
497385615
443967861
599951439
583925842
506091890
552691962
978555844
159951732
91432716
826495201
476492642
436228619
339519715
371588416
363011271
699012571
662139137
21088076
302105142
78711358
153876710
114893643
374104176
460069726
801366500
937133506
790797320
306937920
530563389
241382528
874544582
913681763
517491975
160489452
572920966
479440544
396377333
80777767
515521787
491926575
451107665
595707432
777166107
236888802
735368138
90787632
116404324
110483479
516977585
799693196
553444672
454282056
256469315
163842299
525020431
17595013
992937644
608320299
245841290
31540033
889644900
414103360
947538493
672226052
598896315
763918632
626286706
5849112
251143035
302974543
744616829
773567614
24852741
325459308
207876249
671122719
24327558
714856568
771337185
883496978
808153284
880626925
788508913
872248771
554748859
532359591
685440484
347361651
360691895
451354804
113759292
594738052
156584112
110051642
89281332
950724977
501964326
428740211
859210879
980644424
344502476
200798592
266356089
921880931
196223559
536903529
819540110
137592381
353348039
401314362
825198895
282383810
903431097
876426305
44232921
667261214
498460129
36447738
731893997
310668841
134442576
85295858
281726476
121558362
502980150
539171770
299096427
145050910
620115659
425771189
495664194
606511565
399957671
189864050
757379615
695641468
17225638
501925405
376604058
91622007
758526131
880572266
524592097
522375114
340195173
570604361
553709285
851727748
78904526
46117987
224734965
620121227
50666595
377522499
785704856
569071179
140620272
44885015
858840354
218482544
24002401
734569028
783943173
20604088
929788897
729083542
761062234
18169415
971817445
467854885
733686577
381318842
684269
797196800
760124832
39123338
67176491
789923006
557800325
570160197
265452452
336129228
384089525
492394810
603760340
698434184
466760392
855169937
411047624
710712460
732949984
639921520
261844402
109146434
660714346
160980436
794242000
40960916
159556060
619167520
470448621
951639629
519431204
322798931
53406709
335891197
900218222
883694925
407649779
613088730
566633305
764773171
734476568
153243392
68566512
780853468
775239705
268489269
935495649
126921445
154596824
786361044
765206734
453342540
793070822
416020187
666936958
412127082
258054304
891894767
95052030
931964714
921163620
460112274
325626530
237979627
850369733
789499111
490563444
271336085
229833891
420829301
950806450
579115106
993260001
978781200
813631140
127503521
819548356
850968372
537278990
323657870
676040831
895800392
102635003
241664284
762227348
552993787
369899262
842338790
63554648
71747084
375296685
948370195
157296952
775464720
46530390
933885592
415795385
859918646
701209097
14925374
184181060
233466562
781094788
483687398
950300920
637761963
687500280
712477867
775177076
403756393
943679212
819772055
249899928
41144801
867419848
995372534
471808346
767945184
450552808
601651337
386203472
57651277
990067630
702893873
634719186
285717562
90318975
498092331
730057923
478204564
487476324
568558588
740880280
677583345
349782400
241981472
641440394
760928909
224576336
635356020
730435081
582954115
848896373
189549538
83118985
564614984
577513032
533528567
286357219
301997106
52254032
685176715
867965156
196454787
572495960
636004027
892818080
124588056
386933285
619833330
337338330
403762755
956728955
978252298
903055518
165972418
857911556
530196109
906920736
168897691
905880299
337048890
495908500
439770503
213955874
874116176
652914163
156679740
377147003
669460095
265616005
816284220
568662385
605308072
703231554
460604414
76680415
802720239
186726604
96132765
417764801
358108580
10762853
373153455
32332702
993282726
166403620
924154282
763178382
408233803
953614713
172125447
817067676
807920500
254554531
157930223
632167859
631670608
472861087
41997392
131116869
579481118
956866207
184260059
900708363
383197546
192125301
315581652
955079223
698986480
35125567
550154398
345603765
940115250
5526003
946963165
439269662
657950357
917747274
446444600
964091250
144877949
495573890
285830475
427646310
944746042
109010376
792418489
540223582
654063713
481735654
653821103
624385769
586856498
11066791
212929944
888752751
946418646
283393791
163617320
907230678
613689400
155486561
563483206
561793094
161317375
215403893
712223472
353233709
552285192
829105608
110107986
727176228
718147509
754125091
377860341
202675024
665075274
120929831
188945723
323288794
312024777
758315353
268005924
37513869
145247373
256835337
511341757
62433122
730424613
429361770
562296213
17798299
143185987
114341173
438063271
26301520
60967347
429404535
868523853
223617815
90506259
643228670
399875006
447069
202994110
653435101
370218338
278152642
223087165
584598159
522885211
806643560
659386803
104277329
944223954
93105403
546761294
247378408
21795521
23125834
716521838
167507032
991098722
837093539
535750842
457530527
564851868
204046837
165825044
180160008
78158670
894675803
250541673
629193822
94167134
383336551
432217614
735836704
437799728
557202874
375681516
203318339
347075554
669162922
19338784
266411212
799527163
411664207
803136075
583634228
195286938
607074860
256613354
921845346
171182692
873406961
366848473
156578705
774874833
826027179
174477313
380377086
489586579
745965909
149871901
445495840
54105852
367401280
934910526
407881061
559179187
201999436
602446568
240221312
295748789
963981809
142229033
714099188
6510753
524401630
501324264
846084128
244209285
793235506
977058240
837283000
173678967
272228954
379947173
303125823
574448977
563457019
6218146
368210907
396576219
664172346
561217586
288851239
681044437
401667522
694295684
133460627
479051619
590723069
460346346
430510210
80735301
632448793
379889999
463961079
660017584
183233706
179400097
581339953
304123012
941952756
389665321
249297627
677434701
451812172
6981330
909318563
334109113
622496557
144251793
591507810
441804904
122019910
191563504
685058902
138059847
841049558
7210478
792786829
520629390
489842341
651728822
477553541
254716286
184431698
176561552
981196587
985338838
617504645
108695237
162450625
105777099
846965699
46902273
281408603
591932874
192801899
400812138
132225537
427941239
803142656
940316124
694707384
306868633
130094977
89754332
916162245
313336190
74624584
357108873
236609023
965413149
968328495
405774578
59455187
520408635
539622401
449755395
614035969
457819683
105750230
344193453
350393099
301822312
637892041
771325913
824875734
865920498
674544845
560730040
982590738
211952094
204501853
444684103
231575048
726297238
381803898
269985041
510061356
758739129
712108274
130466356
747597838
768774548
269048254
548230632
564545821
156299495
260556509
55756824
640587010
494206416
536087900
369795932
837575801
461192781
440320178
188613810
405071751
53820772
980465057
954186103
9826261
508093081
672492663
775280933
827340549
435230191
327359440
793809867
618595860
295272888
934655306
896949120
474227178
396197642
631836861
912740231
770040471
877093669
366421289
83148877
566969966
603939803
716656297
503267983
508997488
471325372
57617129
517083594
656485030
627476115
977439203
835129464
459456929
267869882
638350394
691622607
737944880
799595627
428234019
878388509
123203818
577621610
124605476
641535291
789489844
863158022
140438806
845179282
846575531
829765725
525127750
518049813
220527215
456706539
470261329
2237489
463028959
333170861
812482269
894599643
62244231
286082378
341727227
794936106
57574693
931254736
499891565
569969797
976219131
513179353
596732013
827471931
598500355
224966405
408772711
155330287
176610491
784524925
379185049
395429833
430849707
610840939
864607250
396631197
614158892
461055055
540671337
439184204
67272347
886964223
88514085
919732741
527125657
481902939
950292369
329004100
6049262
305060608
486325235
519681232
214774856
916451891
216884028
139613284
54003213
60484166
394860387
961157244
822391378
538980580
854172026
752572826
496074752
68362846
901392461
201534056
637238790
475282477
313572636
611085337
72435354
945451035
203256815
920811995
979951162
605606718
362491785
737778623
945579199
833146774
562427732
488505338
949274201
641577007
767895802
118942590
44381396
369804992
800473444
173096193
895736388
656005929
610438625
630476804
957276540
954956277
690095917
961520127
205916259
492022560
707471195
358154934
63227704
652410463
992297035
309034047
381894506
87009801
745126665
144275172
270735873
363584977
777242134
31077875
195600590
460600297
509142706
272502229
935571090
944796992
51846417
788324887
267805341
976176701
889383500
213313333
757800079
404961575
962070578
283951409
120828825
642861436
933612374
370403176
57286288
891882355
153297306
206879334
778290329
784952717
461126973
329767180
408778380
76386959
529575773
305656718
392354616
909940355
381143896
116444892
87085067
408353591
478143721
244735732
467018094
315070330
292404323
338791286
723342530
935299266
645326665
393203606
385511230
226149572
212703272
744003616
54660850
304831996
335589907
956265749
211525500
572330839
274860237
891201211
416724435
887597202
294871226
965016239
710687200
902310561
41410545
276827950
645004275
985228867
279452978
426654302
869219002
405075751
404243982
202292868
459518289
16547434
857415150
409686880
299523162
383676536
359881880
928995960
215206035
503817225
236970242
437775852
752428571
104110098
201731473
581966400
729998602
489515017
638835334
197102450
648279281
533997886
219071802
365727462
376296057
345823976
733576027
652482671
570409340
343015932
802082275
396664241
438571762
417367502
234982609
420093040
632466215
222579346
29063714
768463136
473745317
264236343
408815177
104277211
382826454
992936513
699168380
191298357
475439951
957079616
85643905
819517976
339209327
475075067
559192850
330282453
237906349
563925557
550926934
894001123
771918412
63948204
628712649
759590264
165685625
322567593
962533567
793495823
679730703
804694355
69822976
826300029
523325544
682427958
260219394
170670541
18677675
127859417
66601086
530954627
14957422
469616519
673523638
387200783
182099787
810626115
391934979
383799309
98769737
365443516
421657187
80307921
593598515
137018852
853207514
808796098
464605966
873318916
868579637
9420864
242195729
819756938
277334154
945084021
830659082
389958172
875184551
727684889
629209155
847082418
605057994
62287091
432914673
907777158
107799234
163426123
879317433
377024086
253330661
266519909
522856077
52681580
457193885
568163638
87302563
608270588
320473882
77638391
772589952
763100550
489210874
57650121
722945370
257761745
850692845
590539287
794247846
468029237
1094535
33144107
685329174
475498042
277025710
766803460
570620767
680624437
305586380
475918892
186661037
813841659
537764944
254360503
957465675
156903510
479633735
979087863
81580495
715188233
115658546
94363385
92752260
478599929
956189059
689103273
352254676
103657033
346535844
496493806
547918212
661439544
686030216
864228213
95185536
988760667
433912345
433071031
262453893
253847788
818903784
39180685
210652611
578221850
976046255
436816412
407800511
946027561
124663742
658267991
608861556
720501285
426418147
86552922
520023626
319896848
630071009
229978140
224725552
287398803
491125011
318821832
91632272
744749547
590108805
175085275
762114393
947994098
673390052
25420909
622374108
66362159
293904455
619809595
959560166
222152824
776768257
523609069
335700811
227154498
552065824
416774641
688391532
695075331
410370519
805581735
472450195
395144283
72987372
48359207
304069011
45306344
756614531
750360892
260734555
816644437
524051968
334199001
546412304
124252298
358515105
191193957
771171519
436258424
743150726
312394643
205703497
900766871
936770066
72098383
174317442
660075159
68670455
782739481
635142199
548449704
848902795
677694726
665573393
751508627
227034010
110865398
453639182
429001436
143044719
928354485
104206272
128469331
977307284
775934664
63937030
887648352
311216670
929840090
497866709
332716730
612410050
108443684
879972239
926989185
854305670
259576130
447222994
880368483
695412770
803522201
904281298
645117897
939281136
320715962
396297820
887562934
81369322
785075448
922896341
129330751
810331
504278530
380267765
837086671
904827587
38940804
249276970
717317146
322595960
350037580
989437439
489385162
741488629
834887666
707901366
897035667
548318377
339008507
868482967
78957687
207091610
445788592
34957972
6962839
320973819
639506877
77111902
524261363
89072788
55325671
858809485
519348368
128895075
678696922
294579458
544530494
925063462
430192422
708570197
687057018
238621184
113295307
189879642
463572518
525835421
929782179
324499147
547510514
250357354
785330292
35589314
356354389
735124683
184073884
207409319
619977804
865790028
552112951
405545696
706756683
909020335
689296988
414765305
62908934
718653562
653249997
643223882
605718942
564763904
407548420
32309221
914224318
723493191
733767846
627800031
931406562
960423031
796971075
74670315
771992089
383252611
452985649
879766354
540213025
566240428
887049747
143779415
472669282
627507791
179061227
291574751
297172742
323965678
4151302
869648379
496862853
736876855
307302782
669608992
847805725
661598756
506370069
420283018
938789518
850325670
974519159
530195380
736107872
269837178
846005413
948887180
557093547
875965390
309227852
202996263
44333128
640938516
503841209
352827939
206226006
595442620
828507069
867507828
893450953
488296295
619185476
866621212
58357239
625432999
229906089
48142424
203858189
731915609
397485937
930481020
23908637
456658188
866667213
781936728
317051266
869067898
915575286
338609126
421691834
427496161
329139706
70329373
601631455
572956248
47393689
370282903
530399911
302771397
850393005
548367879
507399430
101679846
234664479
895585410
203465340
589669764
164932789
476056882
417976818
388397280
672591069
206571701
625082205
796231978
796817131
838364225
258378179
417393508
157613545
815907391
283541018
5910805
109205975
549041912
696210124
439190950
881320217
510261466
422090728
338922029
301184414
907280421
812214932
831860004
761916414
662728208
21386338
468419582
942016631
521241344
957593777
303537894
123180583
845557516
119537087
114437014
209192458
870527348
875980024
588342417
473092385
790113511
832641575
689574486
745473220
161275498
991659495
288868265
904861839
705397608
166879870
675951359
156717418
844883813
660404354
47797300
474660207
457813837
147343037
364350196
597190153
875312536
692669616
97113022
554170928
338134422
692686351
174890265
916584568
806090356
497067669
348644285
598950081
762341577
449916379
541403576
67254036
317540613
282953217
543522944
44577518
374093269
13025721
797919217
812650525
678951987
676791448
426832098
253444387
991921781
136270313
121041756
768842228
230876128
100859052
123231734
64802594
422581984
451202313
788635212
256974201
615404573
858734905
729326805
456047779
811149136
749571508
86624693
706289254
873715306
91707247
267671575
95848126
678375260
439342219
395881742
193881668
592026542
815697520
713867895
792211503
215378708
665338727
413233544
285376381
61571880
584373784
295771951
139735397
170962606
470041193
500934674
372190693
993020072
350442002
868777375
502949299
15535919
737513697
289849674
610592955
961205909
227613717
236210248
69358198
226297449
694095811
120796236
304378817
781703557
356353939
360390997
416520578
395842314
809396780
169618161
361909769
71580557
352601531
55310413
485592839
262229308
633605778
644352758
513885071
704230833
122344904
566491725
816048536
472955745
140160799
89936617
473948506
212179432
597654435
229329444
344233604
289171725
377873374
287228148
48881507
738855092
778271099
148423235
104070252
752340656
208040333
700174342
54815000
859514257
879324781
468907814
819878526
70081898
834994605
116288523
368040406
531534890
382236632
941199858
871898518
176543764
766688963
147211857
615076023
430677346
10124274
326991232
172412561
601815431
469227485
448816045
880944466
754798532
96677449
105951212
303485909
172599566
960552279
392525724
218339236
990488889
942060852
299867202
981374394
824813385
121748218
514093820
132107718
888621906
145253072
967125477
739144813
99263210
623822445
881939332
173728328
616255288
914352537
298358339
949357707
516498246
100221612
246278234
191708184
794212605
639417578
269601646
8023946
450771887
848993042
140399419
798814740
461732257
465485330
358138599
468781128
99389402
825432458
273659165
713383299
743093284
975998939
485355470
601118061
660139577
248915069
120934035
692795037
97688016
508548246
728282273
130054902
588301176
636255676
773831359
312546673
849993006
996940248
889246797
311232716
276115918
67270283
784500648
684833559
947912856
674589119
75781793
911313319
170568507
437224857
329910775
239062042
498838286
868665842
44152294
413313249
742769086
897717194
439664642
292252784
444129107
532589305
602099974
573281822
62749257
667275671
536378438
287715560
777837436
927014757
997803537
412817300
186851670
677212188
183707527
7875295
927685179
507828812
560311363
219164315
642629235
202423629
219116748
378504715
329993432
865633356
568414382
997622108
170616038
542528392
15994371
228357215
921134942
414716250
2797989
662235828
380144213
210609672
507979268
10154344
455205180
926565839
219361518
153910178
744544810
226520019
868283896
63529005
739210240
16252817
86265013
261208454
810164293
634504835
324448924
887233302
331979020
178151313
593168535
513423906
174887281
163170398
419503451
499533197
275132871
212895181
673421653
517922005
387547169
918013800
754541153
496152175
86206990
74133381
847603439
259442349
412088347
327962823
483488705
644058160
291706908
282137750
562910699
646789613
263933122
900367074
220491593
91348053
584123922
655340063
349533710
515823755
604782508
919449915
681419784
211106903
774764890
700003780
391122643
536892406
446502194
529078429
689599134
146706867
878048939
328594466
571764270
576735009
3482756
921212184
418447339
572149906
486895964
482681326
204670253
118541542
453315990
854105716
363291388
16832518
31974894
130276931
423350908
190037552
294390534
391642576
323439905
75697984
55329990
461831615
223321604
560120647
330853976
131792829
745233765
490237996
705392564
752551471
597639202
7214679
833363891
105149370
965110469
357827768
427165456
911548814
630098426
397317469
560973101
332105808
714906937
563781484
693814053
950909942
350870457
306813285
34473166
299653221
826107316
757086246
742787004
794188678
370323544
645572078
542358737
282908777
65076967
203515408
30672747
917787250
328803086
486641854
425214206
864214446
478734724
376697682
479700089
329340093
506079558
735790357
922892391
102976150
943762167
388039047
603790703
268197268
562507974
577282133
189113016
935212941
979423459
328854762
39270920
794471919
936216505
381010050
242143464
802993097
3428660
9903914
159270487
29198191
304559112
831109317
790058563
752356737
480691590
162115814
163293922
161607954
214330142
32939057
600621912
841685558
946169385
217684733
268316268
4964701
169212210
956851654
73767424
294277044
610528252
707850459
312530138
705733823
5936964
88416631
39805034
239406232
282478105
127772432
919704983
284392386
744964649
836467522
490718892
963891841
384498440
21758694
611603161
19755704
250164038
835286598
107458608
996411186
127191960
315810274
903350607
804833
915593690
887696940
960030101
789088226
624999565
722049898
609490864
797923297
871811058
597339337
821817128
880038069
972501604
518787519
67196511
553452236
60622223
625232000
134212321
162454883
130325237
641327241
436315016
665232699
360805262
12614840
473024503
323742675
801756831
455314576
664204532
764019812
244447258
516594820
743571665
85736902
633250222
990134996
618040418
197902148
522343915
32765883
381224140
352035446
628395597
628674014
17441901
405639805
981518752
964438588
741547754
444388866
615817545
936272806
672592317
173129829
424046538
365780588
398166071
965168537
372558464
444426195
239478372
685653621
367981668
935493685
917159473
541983115
595908206
604693304
535019479
892834345
877473924
470765941
851555705
331876811
838358408
309195157
511750946
988215894
33493653
990626498
241507984
403242030
280716170
37762210
705814582
346778915
121665053
530385374
269379609
479713517
117237777
636819649
204592354
541007192
414210103
353686116
443646532
893088200
613925044
359734508
762280472
319037475
794017058
29162818
493935323
757348553
832756641
764894147
525323416
423724938
827717221
750676667
388480919
404150194
154991283
403222909
983727270
150186612
355805938
668756795
742970323
642989993
377077307
795182714
93804958
102753780
888807466
776476224
119734828
180869915
68431608
772856048
935252589
128534654
536064636
321982032
941146761
715123535
150792915
247034273
432435666
314899409
169888304
822313295
117509428
97218753
14048220
939537095
233278530
553593976
922181065
1274584
912006079
739271419
627966603
712133489
564100260
421663564
509755427
723993942
277001200
404690937
631002676
755112415
161578274
236338981
565205975
292676095
485618158
994930571
782798308
236352203
132114956
593030572
304217627
689584547
470534756
895433272
139253091
741902605
201068358
247678061
762262766
870151959
880889499
187390231
28026667
389185541
120221385
430293822
920438084
237748190
37339791
706534915
146055044
601055467
644755489
16464479
634537108
95762879
176378704
267164476
597667511
859856192
30289364
364031199
664393562
599224981
673467745
569872040
189612712
149722177
454799626
227275593
969741312
911551815
594959406
608968450
714525
404639897
817549008
88448396
464666280
702598226
674984897
529361019
251492038
485068173
574280331
207059545
339833065
562217162
217743424
564367416
342260581
168927518
261022435
557439144
667650300
277619383
558840446
24088792
221081407
369035248
372747626
899061285
596442157
164831069
235243132
87844906
410957303
323012559
444979240
376983408
265983899
190885912
617226676
672680598
535939807
231793169
426331592
490467958
637280377
981917705
609995293
75140077
112316330
187371799
663648707
481734567
76011085
438128361
12552194
454123538
609407382
148609846
677039741
262667585
695209988
648765677
926461495
596453012
495101324
130118391
570900550
854980546
338476543
865625621
995827583
972518197
56551049
279499792
970264745
383836414
342199795
820271344
645406475
249035997
418973505
545458401
174316600
338267480
978530076
172739880
124595317
442892825
971621629
403535856
644823294
199818834
475785943
155426739
11317835
987074766
103933398
839912690
798224429
356145983
291311414
305854806
349602041
272529501
123171322
425944113
774355627
387061941
647866885
262632657
664402601
660410808
450617973
191226465
695147918
535074554
337525001
285792962
401347282
706866118
769981862
692793
65845908
306330760
591499027
234733208
280695664
128658027
6437116
767747546
846748
927536323
864221632
124929656
565656457
941020587
719446416
691296273
17718600
989138215
218663240
661639473
244266671
506551036
470937128
34706593
922983119
259119775
978688210
162717970
375624584
13525696
930947092
553695409
201053791
977766377
899507018
211116429
671182351
570927696
838324417
720955325
907377385
241338562
762799235
897749321
819064471
255674946
781305733
548738045
237013916
774590018
68975480
24742625
11444415
803445679
476715476
212214762
723997444
586448024
859830900
890824245
913242951
343198537
373670793
21755235
671906776
238336913
988178297
956871563
973141868
76957276
775220941
154306528
884756366
628181
409437546
823249351
774205506
701667912
964692819
865571113
227065416
578411649
222029948
852607312
749753728
203334651
583335784
400055751
43299864
949023328
466452288
181073259
890651462
552440350
286884944
515133320
681160157
803962095
192685916
185467652
621549446
814023018
379119856
961013316
246675681
61633242
690061697
832377005
609522344
5115976
859633961
89273957
659383562
795783173
490439608
179279107
966143452
634691290
709347866
58501318
933767301
487686715
565732623
898985553
551941150
210854571
854370801
634514283
711479643
145735015
944525911
681359370
385598099
561797678
432511432
721921198
428062399
517911416
909940647
217046809
95923607
497847635
897851126
919815066
563180662
385452940
778692677
348646908
912219905
912149419
820320019
149865956
215828173
528272760
960541885
839660027
739086793
84119702
683349961
374555010
768647642
677012245
926453849
788192523
247736499
713150435
480388407
671167279
632721781
63628472
719121176
876442827
61273686
380602375
284483050
692727403
538286593
366719115
450155995
267190302
474571365
918275239
341610945
175131005
923747345
244830414
491044885
872776825
560347254
670530710
557765404
555401963
774005861
438054785
948784528
531282549
633835650
27542453
57797169
944980970
694416174
158195875
443753339
537428977
218175665
5239081
718731175
659860012
874158021
51138930
420150551
677914863
170136294
247283553
133246481
681488843
862772413
853697905
721312848
402956684
430928540
391436095
158347694
732680637
783681930
318479836
541534928
724998875
884926247
804289745
787292189
686569744
142908480
899901299
956025041
569737800
272890477
688369253
886197819
614076399
903396952
413292920
339630107
793170426
849311242
160663928
481365847
198602262
863043384
554208172
524787415
262440922
697288602
108572
598732459
889698754
8898158
294258886
963117413
881795727
904689062
665883532
848889717
227352374
618703223
825918485
57159867
637532073
365645737
843658498
71938555
184596036
955741847
501080508
453829068
798771128
817427263
12604162
830267556
651615693
508716637
248961788
973787990
632309094
633173328
535713005
62263801
511925053
461527179
386904667
513960467
45867089
841295622
245407176
601447558
805071176
732636923
619772775
238931671
617158319
899861366
646723917
952938608
748071622
380894409
946167784
597443094
18830397
332710113
848552960
391276880
438585814
866910325
580922827
588822579
375854774
422790212
539379241
601573126
938040666
598873040
107275319
418540341
656937387
760538305
53352096
874550940
412419342
757564505
623313456
281756447
498943588
76761546
391688136
800015656
30743669
116624077
337826603
91683929
118960434
907647009
956772186
306848986
766836540
178631161
147362002
657315343
278017405
412569101
929415066
408184189
780952567
166220916
828782752
490576212
512177825
791593670
797375885
871883027
942598134
18144126
554285759
577100888
268286091
934507138
511057164
632470095
609145205
636894874
308703905
223656597
579263657
220478125
960005832
812381380
657861959
746089593
335168799
923792609
797061975
343539665
664053647
406197397
809869019
667445282
598918916
891581685
885535285
835373662
991207011
452646047
462648982
176342469
832504714
560920753
723291992
310258547
756676001
935314866
321317991
628230246
436524847
519420202
330885597
563399145
686983513
585394863
935667607
212218962
189533632
613788044
789386631
387938617
327322080
617068766
369796445
923146938
884671133
443628866
428564087
31278841
63367982
793992034
402404756
554707205
667984624
68407341
278107639
333239962
806369404
360357208
252573093
951681727
129873387
640282785
876406339
857680348
883962759
70017315
713182177
575087476
463459596
63765704
202160347
106213096
802179909
301425219
871382288
360555725
698750796
273068806
300688722
520371065
530770968
819169537
93884688
907149177
241450183
674615955
772355435
389196787
567533174
85616663
84854069
200229440
781584983
604895330
304594103
557528058
233725108
974047112
478063686
815618834
802086995
91678936
57857922
495477502
286466893
529672002
809959122
776081876
873378281
583939923
704630585
603576872
245828426
305117225
236307909
82486238
3062729
943804648
190326927
720856683
575708367
978719205
875086341
902769632
210135223
23902849
196641381
367183038
120292009
735757521
735008159
136407373
968967489
192406225
991161134
122130137
45220573
347045563
627072123
671629707
994067615
860176627
699000586
789238959
462438193
213579125
254583110
231956731
72096298
877728873
853918242
492892494
707518062
32619701
106838810
292140438
578197058
242102126
374921019
451232518
388813345
923468812
965428924
678953415
958405076
966536778
431390725
975613037
188806358
589864677
829254359
695693781
963293391
679995333
73186214
300899315
223246149
135098028
621486488
45811463
89165704
323459549
784832140
669319707
421045922
920605490
479963223
946454162
191250322
474108827
436689602
170929401
739983425
755296079
800531313
270558523
99371848
103682195
480052866
511684286
887108525
577640545
639488324
393726272
514455739
512990017
614474804
856523952
821986100
997970920
945393418
486728703
126849401
765754977
501858743
315117886
798601298
601335089
506346155
277862655
34312083
633106378
291702679
440974243
489460156
285779117
433662495
865570595
58682770
722756032
393039523
894695363
784218486
569812223
172175506
474965474
747348206
289833962
24223929
323472486
491858049
739313477
87528405
657112217
178306900
332796160
873095919
345369406
276145952
512202950
103140413
824069523
448908063
966758839
158425939
33452968
432294228
339254383
842860457
