10000 10000
1 2 15357
1 3 88617
1 4 47106
1 5 58438
1 6 1997
1 7 35440
1 8 39432
1 9 25130
1 10 4094
1 11 74056
1 12 20174
1 13 241
1 14 70235
1 15 3978
1 16 66982
1 17 85339
1 18 85052
1 19 9321
1 20 55068
1 21 44942
1 22 64688
1 23 23916
1 24 71909
1 25 7605
1 26 54319
1 27 41067
1 28 86684
1 29 43945
1 30 30048
1 31 41369
1 32 30090
1 33 43726
1 34 12031
1 35 72515
1 36 83082
1 37 47617
1 38 47706
1 39 50754
1 40 51065
1 41 9635
1 42 30294
1 43 12800
1 44 78123
1 45 81275
1 46 35825
1 47 83651
1 48 48933
1 49 40348
1 50 23347
1 51 49216
1 52 37642
1 53 10619
1 54 84995
1 55 27462
1 56 45622
1 57 41058
1 58 83711
1 59 72782
1 60 30585
1 61 56543
1 62 33275
1 63 6985
1 64 23147
1 65 64519
1 66 37842
1 67 48067
1 68 6692
1 69 65620
1 70 29766
1 71 23646
1 72 13301
1 73 6478
1 74 76208
1 75 10880
1 76 57725
1 77 84191
1 78 85108
1 79 21786
1 80 38916
1 81 44555
1 82 66652
1 83 79443
1 84 37698
1 85 29916
1 86 74185
1 87 44993
1 88 11886
1 89 33014
1 90 71322
1 91 41009
1 92 89898
1 93 53405
1 94 62201
1 95 31626
1 96 30635
1 97 17819
1 98 7067
1 99 86221
1 100 16703
1 101 80656
1 102 57532
1 103 49551
1 104 22316
1 105 45585
1 106 5190
1 107 30952
1 108 29675
1 109 29783
1 110 73012
1 111 44399
1 112 23865
1 113 59229
1 114 25835
1 115 59254
1 116 35483
1 117 82763
1 118 80392
1 119 81515
1 120 72951
1 121 68122
1 122 53420
1 123 33275
1 124 3597
1 125 82447
1 126 71725
1 127 44480
1 128 13120
1 129 68863
1 130 88327
1 131 62280
1 132 80426
1 133 11527
1 134 15212
1 135 62337
1 136 47460
1 137 65530
1 138 10122
1 139 45425
1 140 39168
1 141 32782
1 142 15000
1 143 41515
1 144 13167
1 145 9967
1 146 72908
1 147 40545
1 148 44790
1 149 11621
1 150 32545
1 151 23902
1 152 14782
1 153 38509
1 154 19676
1 155 83317
1 156 25244
1 157 54851
1 158 26874
1 159 19000
1 160 70801
1 161 6394
1 162 58054
1 163 87714
1 164 19412
1 165 27321
1 166 36444
1 167 50525
1 168 75241
1 169 1113
1 170 64505
1 171 22049
1 172 45523
1 173 22632
1 174 12492
1 175 53205
1 176 66106
1 177 31569
1 178 66168
1 179 28123
1 180 36088
1 181 37854
1 182 3403
1 183 73069
1 184 73211
1 185 55721
1 186 62716
1 187 88262
1 188 16314
1 189 65534
1 190 51157
1 191 25920
1 192 3188
1 193 28963
1 194 65886
1 195 75172
1 196 70138
1 197 61183
1 198 34347
1 199 19671
1 200 42418
1 201 65549
1 202 41565
1 203 60226
1 204 21731
1 205 30111
1 206 36776
1 207 79996
1 208 69301
1 209 47370
1 210 47108
1 211 83690
1 212 58137
1 213 35079
1 214 20222
1 215 71937
1 216 2194
1 217 524
1 218 43734
1 219 52589
1 220 48485
1 221 62422
1 222 68717
1 223 73713
1 224 58249
1 225 66713
1 226 36953
1 227 51943
1 228 77142
1 229 57732
1 230 34904
1 231 58805
1 232 81813
1 233 17310
1 234 33369
1 235 26659
1 236 11747
1 237 6921
1 238 77893
1 239 37860
1 240 61236
1 241 48857
1 242 64524
1 243 82299
1 244 59742
1 245 25338
1 246 9042
1 247 80894
1 248 56759
1 249 78461
1 250 66940
1 251 76598
1 252 88996
1 253 31343
1 254 30333
1 255 42725
1 256 53743
1 257 85823
1 258 77809
1 259 31382
1 260 13996
1 261 68016
1 262 15059
1 263 45221
1 264 86925
1 265 33327
1 266 17769
1 267 74707
1 268 20941
1 269 34190
1 270 70674
1 271 58594
1 272 36213
1 273 13395
1 274 12139
1 275 59467
1 276 70904
1 277 56313
1 278 83274
1 279 53620
1 280 4255
1 281 70950
1 282 79528
1 283 9345
1 284 88075
1 285 8856
1 286 10251
1 287 54855
1 288 44613
1 289 81837
1 290 72780
1 291 25267
1 292 15631
1 293 28687
1 294 45251
1 295 76096
1 296 40669
1 297 46130
1 298 55359
1 299 4724
1 300 68455
1 301 15978
1 302 18631
1 303 63630
1 304 51000
1 305 50772
1 306 50753
1 307 42814
1 308 1726
1 309 9472
1 310 84577
1 311 81867
1 312 5358
1 313 10228
1 314 34155
1 315 31270
1 316 65848
1 317 11271
1 318 62345
1 319 62827
1 320 66314
1 321 79125
1 322 64532
1 323 40091
1 324 73613
1 325 3127
1 326 20256
1 327 15693
1 328 62523
1 329 21977
1 330 31095
1 331 28556
1 332 77002
1 333 19160
1 334 42811
1 335 22002
1 336 24226
1 337 43505
1 338 36297
1 339 75043
1 340 50180
1 341 38522
1 342 35428
1 343 27863
1 344 30267
1 345 13459
1 346 41860
1 347 87812
1 348 66688
1 349 932
1 350 22466
1 351 21183
1 352 49003
1 353 14952
1 354 8974
1 355 24774
1 356 11005
1 357 49878
1 358 20101
1 359 22140
1 360 38269
1 361 20487
1 362 13718
1 363 1565
1 364 7695
1 365 4370
1 366 36995
1 367 31458
1 368 73036
1 369 55349
1 370 78913
1 371 32255
1 372 4121
1 373 40665
1 374 58330
1 375 42156
1 376 41071
1 377 60320
1 378 88266
1 379 70427
1 380 48078
1 381 9719
1 382 49022
1 383 55371
1 384 51410
1 385 56378
1 386 14075
1 387 65303
1 388 52176
1 389 63773
1 390 47423
1 391 31192
1 392 19599
1 393 54397
1 394 27638
1 395 2376
1 396 79288
1 397 60049
1 398 88717
1 399 29758
1 400 82105
1 401 38603
1 402 30065
1 403 61841
1 404 82145
1 405 1899
1 406 24281
1 407 18368
1 408 49635
1 409 64670
1 410 30702
1 411 45223
1 412 12755
1 413 798
1 414 49258
1 415 59088
1 416 19242
1 417 33425
1 418 11550
1 419 10629
1 420 59675
1 421 66650
1 422 17326
1 423 17125
1 424 41745
1 425 23155
1 426 32297
1 427 47723
1 428 34692
1 429 16159
1 430 22827
1 431 83524
1 432 69747
1 433 11209
1 434 11874
1 435 74904
1 436 76028
1 437 86894
1 438 35305
1 439 10135
1 440 65895
1 441 69255
1 442 6495
1 443 33117
1 444 49563
1 445 27793
1 446 45255
1 447 19793
1 448 63781
1 449 61812
1 450 11082
1 451 46389
1 452 58486
1 453 15444
1 454 10582
1 455 73924
1 456 31577
1 457 7273
1 458 76779
1 459 25688
1 460 19498
1 461 12507
1 462 40390
1 463 5763
1 464 81297
1 465 54153
1 466 25343
1 467 77320
1 468 46782
1 469 75583
1 470 40157
1 471 15673
1 472 82750
1 473 652
1 474 86624
1 475 53804
1 476 89114
1 477 62315
1 478 8393
1 479 47574
1 480 39890
1 481 28120
1 482 2684
1 483 21838
1 484 64112
1 485 28566
1 486 17372
1 487 12556
1 488 48968
1 489 82155
1 490 49164
1 491 37860
1 492 10695
1 493 84081
1 494 79056
1 495 51223
1 496 55821
1 497 42813
1 498 71417
1 499 50321
1 500 86629
1 501 58708
1 502 34640
1 503 86224
1 504 72835
1 505 71561
1 506 69609
1 507 31576
1 508 11895
1 509 39104
1 510 82616
1 511 11049
1 512 11387
1 513 53455
1 514 89919
1 515 78823
1 516 2605
1 517 74305
1 518 72207
1 519 71622
1 520 84085
1 521 11841
1 522 19572
1 523 28869
1 524 13579
1 525 82697
1 526 15239
1 527 38866
1 528 22784
1 529 25684
1 530 82681
1 531 42084
1 532 55953
1 533 70078
1 534 12519
1 535 65192
1 536 59745
1 537 51536
1 538 42277
1 539 78154
1 540 62344
1 541 89114
1 542 79260
1 543 7137
1 544 12848
1 545 77665
1 546 85041
1 547 32525
1 548 42367
1 549 78976
1 550 79506
1 551 3198
1 552 56950
1 553 4688
1 554 18557
1 555 11673
1 556 15174
1 557 34756
1 558 87483
1 559 64364
1 560 14038
1 561 74880
1 562 76836
1 563 75524
1 564 77604
1 565 69672
1 566 77761
1 567 40992
1 568 81325
1 569 25076
1 570 47420
1 571 87566
1 572 14332
1 573 25808
1 574 48020
1 575 70607
1 576 37907
1 577 23576
1 578 63991
1 579 32945
1 580 57737
1 581 77248
1 582 63188
1 583 20686
1 584 88050
1 585 58878
1 586 7595
1 587 16626
1 588 87494
1 589 56218
1 590 20424
1 591 84846
1 592 84126
1 593 87674
1 594 5284
1 595 73052
1 596 56036
1 597 17425
1 598 45682
1 599 23308
1 600 62129
1 601 4991
1 602 1729
1 603 41089
1 604 11345
1 605 26339
1 606 68059
1 607 15927
1 608 23172
1 609 78258
1 610 22598
1 611 4419
1 612 42498
1 613 36612
1 614 16095
1 615 70483
1 616 80173
1 617 31716
1 618 62450
1 619 1914
1 620 11755
1 621 1238
1 622 34627
1 623 71738
1 624 72357
1 625 85605
1 626 61827
1 627 80273
1 628 19897
1 629 2472
1 630 17694
1 631 24366
1 632 69834
1 633 68839
1 634 5865
1 635 30243
1 636 41170
1 637 14644
1 638 2869
1 639 43479
1 640 67048
1 641 3100
1 642 40341
1 643 49990
1 644 37145
1 645 68124
1 646 78983
1 647 81695
1 648 23982
1 649 83131
1 650 52486
1 651 32138
1 652 65750
1 653 84271
1 654 42063
1 655 39154
1 656 8638
1 657 16419
1 658 81946
1 659 6181
1 660 68536
1 661 72457
1 662 61028
1 663 23998
1 664 3257
1 665 59190
1 666 13675
1 667 57632
1 668 73318
1 669 25299
1 670 85820
1 671 52018
1 672 23647
1 673 53778
1 674 39262
1 675 54731
1 676 56212
1 677 1819
1 678 86480
1 679 17466
1 680 19741
1 681 11634
1 682 48009
1 683 65239
1 684 81403
1 685 24920
1 686 84828
1 687 19831
1 688 44304
1 689 41116
1 690 35452
1 691 932
1 692 51355
1 693 6825
1 694 29767
1 695 48597
1 696 17612
1 697 43925
1 698 34781
1 699 73683
1 700 23990
1 701 27252
1 702 19368
1 703 59532
1 704 55333
1 705 88743
1 706 71351
1 707 40102
1 708 793
1 709 54221
1 710 758
1 711 66521
1 712 21576
1 713 5373
1 714 3023
1 715 42367
1 716 67160
1 717 30654
1 718 77455
1 719 84547
1 720 20106
1 721 80581
1 722 4628
1 723 73319
1 724 55486
1 725 7973
1 726 35940
1 727 52592
1 728 69644
1 729 50361
1 730 59432
1 731 54507
1 732 14729
1 733 48802
1 734 74796
1 735 45420
1 736 30422
1 737 50866
1 738 52229
1 739 76670
1 740 83869
1 741 69027
1 742 76337
1 743 74313
1 744 86736
1 745 56287
1 746 39953
1 747 78703
1 748 65708
1 749 46131
1 750 15152
1 751 44267
1 752 54011
1 753 19094
1 754 12806
1 755 80031
1 756 26716
1 757 23659
1 758 42668
1 759 61393
1 760 49447
1 761 70284
1 762 36011
1 763 28077
1 764 24362
1 765 35183
1 766 36534
1 767 9237
1 768 53875
1 769 56710
1 770 10680
1 771 46206
1 772 18837
1 773 76140
1 774 54978
1 775 50342
1 776 2802
1 777 28436
1 778 1353
1 779 73762
1 780 43951
1 781 89506
1 782 68380
1 783 62256
1 784 51798
1 785 84724
1 786 28438
1 787 7351
1 788 74627
1 789 367
1 790 45415
1 791 40729
1 792 83369
1 793 75473
1 794 75531
1 795 69203
1 796 84534
1 797 5903
1 798 76014
1 799 89325
1 800 87395
1 801 66103
1 802 26788
1 803 37142
1 804 33580
1 805 2340
1 806 1386
1 807 71404
1 808 23350
1 809 17145
1 810 78277
1 811 7032
1 812 27112
1 813 56504
1 814 28377
1 815 66160
1 816 37581
1 817 49676
1 818 52852
1 819 22963
1 820 18078
1 821 58559
1 822 31015
1 823 10778
1 824 37166
1 825 7925
1 826 42160
1 827 40512
1 828 70382
1 829 13251
1 830 50416
1 831 34325
1 832 78791
1 833 16147
1 834 44824
1 835 7468
1 836 35215
1 837 26110
1 838 20461
1 839 52477
1 840 27569
1 841 73262
1 842 20384
1 843 10625
1 844 55659
1 845 12229
1 846 17093
1 847 6752
1 848 2833
1 849 58576
1 850 53250
1 851 71285
1 852 59647
1 853 6036
1 854 72007
1 855 86059
1 856 37005
1 857 67584
1 858 21011
1 859 61563
1 860 781
1 861 73795
1 862 64940
1 863 30013
1 864 42523
1 865 57300
1 866 33440
1 867 6693
1 868 46748
1 869 27149
1 870 23996
1 871 60235
1 872 14777
1 873 42967
1 874 19673
1 875 63691
1 876 39997
1 877 67266
1 878 57133
1 879 48451
1 880 70397
1 881 66265
1 882 83982
1 883 7520
1 884 82531
1 885 30597
1 886 16720
1 887 60507
1 888 86504
1 889 38956
1 890 73755
1 891 15106
1 892 20315
1 893 1859
1 894 15048
1 895 64261
1 896 57688
1 897 5331
1 898 5874
1 899 6759
1 900 43447
1 901 83813
1 902 58762
1 903 1837
1 904 35554
1 905 83406
1 906 66266
1 907 5003
1 908 3229
1 909 56369
1 910 35257
1 911 43251
1 912 45774
1 913 46478
1 914 9633
1 915 14491
1 916 62283
1 917 6150
1 918 84267
1 919 20714
1 920 79966
1 921 22761
1 922 70884
1 923 2380
1 924 21773
1 925 79226
1 926 88807
1 927 77585
1 928 31335
1 929 47594
1 930 77847
1 931 80107
1 932 21182
1 933 81866
1 934 15603
1 935 74297
1 936 21436
1 937 30111
1 938 49894
1 939 14167
1 940 62537
1 941 38791
1 942 74636
1 943 12019
1 944 85954
1 945 41680
1 946 22925
1 947 41580
1 948 24196
1 949 56362
1 950 41749
1 951 35164
1 952 50979
1 953 57483
1 954 4628
1 955 89516
1 956 34902
1 957 75134
1 958 18084
1 959 79085
1 960 71603
1 961 8181
1 962 6444
1 963 68506
1 964 74518
1 965 38635
1 966 37301
1 967 9716
1 968 30298
1 969 72433
1 970 10243
1 971 1936
1 972 88744
1 973 50050
1 974 18021
1 975 36317
1 976 59802
1 977 82442
1 978 76241
1 979 42500
1 980 44480
1 981 27957
1 982 5621
1 983 82162
1 984 44107
1 985 46836
1 986 621
1 987 50794
1 988 86581
1 989 80121
1 990 36304
1 991 44830
1 992 5317
1 993 419
1 994 14719
1 995 2132
1 996 32112
1 997 32680
1 998 1204
1 999 20039
1 1000 42614
1 1001 36489
1 1002 49106
1 1003 53531
1 1004 69672
1 1005 82688
1 1006 34518
1 1007 11041
1 1008 66441
1 1009 12427
1 1010 16633
1 1011 24435
1 1012 63587
1 1013 68233
1 1014 1294
1 1015 29711
1 1016 7352
1 1017 40096
1 1018 84936
1 1019 43828
1 1020 16514
1 1021 38695
1 1022 19406
1 1023 15270
1 1024 74258
1 1025 88232
1 1026 16935
1 1027 14347
1 1028 31875
1 1029 29496
1 1030 68849
1 1031 29069
1 1032 34682
1 1033 28967
1 1034 19521
1 1035 83413
1 1036 71202
1 1037 22357
1 1038 60975
1 1039 83706
1 1040 11970
1 1041 18987
1 1042 48099
1 1043 76134
1 1044 8956
1 1045 59068
1 1046 23020
1 1047 59716
1 1048 26020
1 1049 34945
1 1050 75660
1 1051 6065
1 1052 13910
1 1053 83193
1 1054 30365
1 1055 23876
1 1056 74186
1 1057 41308
1 1058 83782
1 1059 26730
1 1060 85603
1 1061 5241
1 1062 7128
1 1063 66770
1 1064 14658
1 1065 34814
1 1066 89543
1 1067 21133
1 1068 42247
1 1069 24020
1 1070 5055
1 1071 22688
1 1072 20111
1 1073 69831
1 1074 9793
1 1075 53276
1 1076 48864
1 1077 53937
1 1078 57878
1 1079 28810
1 1080 86498
1 1081 28809
1 1082 63470
1 1083 20307
1 1084 51523
1 1085 48567
1 1086 9599
1 1087 47623
1 1088 44339
1 1089 37659
1 1090 84589
1 1091 63744
1 1092 64115
1 1093 58202
1 1094 37091
1 1095 29437
1 1096 22233
1 1097 19332
1 1098 78663
1 1099 67388
1 1100 32652
1 1101 1
1 1102 47161
1 1103 27170
1 1104 52946
1 1105 64662
1 1106 17223
1 1107 60682
1 1108 36835
1 1109 66245
1 1110 58479
1 1111 79297
1 1112 53514
1 1113 2009
1 1114 15479
1 1115 75212
1 1116 67560
1 1117 87374
1 1118 78009
1 1119 50456
1 1120 39010
1 1121 87002
1 1122 32700
1 1123 30026
1 1124 73787
1 1125 45792
1 1126 84191
1 1127 11481
1 1128 16319
1 1129 50689
1 1130 40759
1 1131 81973
1 1132 29719
1 1133 22668
1 1134 49958
1 1135 34196
1 1136 15714
1 1137 81483
1 1138 73079
1 1139 34238
1 1140 86952
1 1141 17647
1 1142 51145
1 1143 44523
1 1144 1043
1 1145 13921
1 1146 82470
1 1147 2305
1 1148 52945
1 1149 42929
1 1150 47251
1 1151 75295
1 1152 61616
1 1153 24016
1 1154 55076
1 1155 34460
1 1156 37341
1 1157 34406
1 1158 60188
1 1159 61708
1 1160 66971
1 1161 72251
1 1162 60070
1 1163 80519
1 1164 41721
1 1165 18941
1 1166 9310
1 1167 55146
1 1168 49643
1 1169 48314
1 1170 6133
1 1171 72887
1 1172 246
1 1173 16751
1 1174 70738
1 1175 60548
1 1176 89429
1 1177 31872
1 1178 76185
1 1179 9497
1 1180 89711
1 1181 78789
1 1182 81145
1 1183 45364
1 1184 20193
1 1185 82317
1 1186 80266
1 1187 15775
1 1188 55012
1 1189 62885
1 1190 80772
1 1191 8557
1 1192 24955
1 1193 20645
1 1194 39512
1 1195 2389
1 1196 32280
1 1197 29066
1 1198 78887
1 1199 58043
1 1200 68936
1 1201 20535
1 1202 4191
1 1203 52438
1 1204 9677
1 1205 29635
1 1206 42806
1 1207 45376
1 1208 43084
1 1209 82054
1 1210 33286
1 1211 14849
1 1212 71604
1 1213 75400
1 1214 82592
1 1215 18279
1 1216 47094
1 1217 72719
1 1218 82951
1 1219 1359
1 1220 46396
1 1221 5356
1 1222 71625
1 1223 23212
1 1224 4498
1 1225 545
1 1226 78045
1 1227 19494
1 1228 66033
1 1229 32850
1 1230 42664
1 1231 32126
1 1232 88064
1 1233 67431
1 1234 49328
1 1235 22108
1 1236 38144
1 1237 89182
1 1238 36266
1 1239 32814
1 1240 38394
1 1241 80715
1 1242 65723
1 1243 63888
1 1244 38347
1 1245 17436
1 1246 88365
1 1247 48272
1 1248 44893
1 1249 22529
1 1250 70823
1 1251 9805
1 1252 29536
1 1253 56595
1 1254 57157
1 1255 68979
1 1256 58090
1 1257 62310
1 1258 34183
1 1259 63337
1 1260 78539
1 1261 84068
1 1262 53375
1 1263 8479
1 1264 37511
1 1265 68070
1 1266 2648
1 1267 22518
1 1268 2359
1 1269 15792
1 1270 5170
1 1271 80151
1 1272 28903
1 1273 47703
1 1274 14907
1 1275 25492
1 1276 18448
1 1277 27604
1 1278 59936
1 1279 77730
1 1280 71734
1 1281 60554
1 1282 37384
1 1283 32725
1 1284 76366
1 1285 44428
1 1286 77227
1 1287 77886
1 1288 69082
1 1289 20930
1 1290 48867
1 1291 81030
1 1292 79934
1 1293 82190
1 1294 68271
1 1295 2534
1 1296 62734
1 1297 33526
1 1298 25965
1 1299 29555
1 1300 70411
1 1301 41982
1 1302 78970
1 1303 88479
1 1304 89718
1 1305 21704
1 1306 35829
1 1307 15994
1 1308 83411
1 1309 7487
1 1310 54389
1 1311 47849
1 1312 70208
1 1313 75671
1 1314 936
1 1315 40408
1 1316 33991
1 1317 17766
1 1318 10378
1 1319 21961
1 1320 8311
1 1321 36418
1 1322 32028
1 1323 12073
1 1324 81955
1 1325 58012
1 1326 58391
1 1327 3199
1 1328 2784
1 1329 66445
1 1330 50111
1 1331 76048
1 1332 61612
1 1333 16512
1 1334 71096
1 1335 503
1 1336 19450
1 1337 43327
1 1338 72329
1 1339 15437
1 1340 85780
1 1341 43792
1 1342 83222
1 1343 43924
1 1344 85573
1 1345 38692
1 1346 41519
1 1347 48463
1 1348 16091
1 1349 52884
1 1350 161
1 1351 23077
1 1352 33206
1 1353 16122
1 1354 68175
1 1355 19908
1 1356 21382
1 1357 60135
1 1358 56624
1 1359 62818
1 1360 48974
1 1361 40455
1 1362 56504
1 1363 22116
1 1364 32807
1 1365 24681
1 1366 76711
1 1367 76118
1 1368 50189
1 1369 53276
1 1370 87007
1 1371 16698
1 1372 68940
1 1373 49399
1 1374 30350
1 1375 31265
1 1376 56229
1 1377 89388
1 1378 74205
1 1379 75194
1 1380 70818
1 1381 33172
1 1382 62966
1 1383 4636
1 1384 26208
1 1385 17489
1 1386 47518
1 1387 56495
1 1388 61252
1 1389 68036
1 1390 68261
1 1391 52304
1 1392 88392
1 1393 41613
1 1394 58013
1 1395 13084
1 1396 86219
1 1397 56217
1 1398 53883
1 1399 89075
1 1400 81579
1 1401 16949
1 1402 88721
1 1403 44815
1 1404 68904
1 1405 18214
1 1406 5584
1 1407 45715
1 1408 17668
1 1409 79835
1 1410 73780
1 1411 536
1 1412 44367
1 1413 72904
1 1414 78333
1 1415 84377
1 1416 80657
1 1417 67246
1 1418 74807
1 1419 65551
1 1420 25285
1 1421 35678
1 1422 54979
1 1423 59018
1 1424 13060
1 1425 24705
1 1426 28668
1 1427 70383
1 1428 18118
1 1429 49968
1 1430 37900
1 1431 42657
1 1432 76952
1 1433 52414
1 1434 41295
1 1435 19752
1 1436 71895
1 1437 88769
1 1438 20907
1 1439 2500
1 1440 22654
1 1441 48586
1 1442 63631
1 1443 79706
1 1444 87677
1 1445 6015
1 1446 51265
1 1447 34017
1 1448 11711
1 1449 55224
1 1450 35928
1 1451 44091
1 1452 80672
1 1453 3062
1 1454 24090
1 1455 51982
1 1456 44122
1 1457 50815
1 1458 72312
1 1459 76125
1 1460 49246
1 1461 35433
1 1462 59079
1 1463 4687
1 1464 64003
1 1465 74530
1 1466 74204
1 1467 7884
1 1468 75443
1 1469 12126
1 1470 66071
1 1471 33523
1 1472 8988
1 1473 14066
1 1474 73383
1 1475 21882
1 1476 31386
1 1477 42792
1 1478 42829
1 1479 25925
1 1480 20156
1 1481 23372
1 1482 80254
1 1483 5740
1 1484 88045
1 1485 24596
1 1486 81469
1 1487 37241
1 1488 73509
1 1489 41861
1 1490 87349
1 1491 88701
1 1492 55437
1 1493 66484
1 1494 52295
1 1495 18138
1 1496 45952
1 1497 26900
1 1498 21685
1 1499 59557
1 1500 48876
1 1501 68796
1 1502 37113
1 1503 50835
1 1504 61317
1 1505 86975
1 1506 69167
1 1507 78771
1 1508 88710
1 1509 23955
1 1510 73911
1 1511 23775
1 1512 42364
1 1513 88972
1 1514 73452
1 1515 18919
1 1516 43910
1 1517 86557
1 1518 43847
1 1519 87697
1 1520 6916
1 1521 56256
1 1522 64370
1 1523 28249
1 1524 17447
1 1525 73944
1 1526 54045
1 1527 73406
1 1528 9677
1 1529 25647
1 1530 1665
1 1531 87057
1 1532 28763
1 1533 43006
1 1534 53177
1 1535 11006
1 1536 24811
1 1537 8918
1 1538 33132
1 1539 23675
1 1540 38855
1 1541 49710
1 1542 50327
1 1543 17806
1 1544 76024
1 1545 39155
1 1546 4492
1 1547 24307
1 1548 38458
1 1549 21254
1 1550 68843
1 1551 21945
1 1552 37969
1 1553 5698
1 1554 1431
1 1555 51027
1 1556 72218
1 1557 34758
1 1558 17021
1 1559 35229
1 1560 47670
1 1561 50211
1 1562 39659
1 1563 43771
1 1564 63792
1 1565 22761
1 1566 29752
1 1567 33520
1 1568 73544
1 1569 49399
1 1570 58858
1 1571 7680
1 1572 60598
1 1573 57
1 1574 47306
1 1575 1668
1 1576 76249
1 1577 39459
1 1578 37376
1 1579 74762
1 1580 78689
1 1581 9024
1 1582 18654
1 1583 51235
1 1584 41506
1 1585 29372
1 1586 55007
1 1587 75874
1 1588 54514
1 1589 22150
1 1590 62947
1 1591 72102
1 1592 53373
1 1593 67526
1 1594 80212
1 1595 4419
1 1596 65858
1 1597 84582
1 1598 31461
1 1599 59214
1 1600 3750
1 1601 57663
1 1602 18136
1 1603 66877
1 1604 19073
1 1605 74632
1 1606 38962
1 1607 27902
1 1608 84744
1 1609 4460
1 1610 68097
1 1611 58095
1 1612 26779
1 1613 17956
1 1614 18093
1 1615 1539
1 1616 20036
1 1617 33705
1 1618 62369
1 1619 11063
1 1620 11374
1 1621 82404
1 1622 44989
1 1623 85382
1 1624 60928
1 1625 21408
1 1626 16970
1 1627 15590
1 1628 56820
1 1629 16136
1 1630 10880
1 1631 63886
1 1632 56020
1 1633 52544
1 1634 22714
1 1635 22566
1 1636 18506
1 1637 2445
1 1638 63049
1 1639 21868
1 1640 18407
1 1641 48205
1 1642 65799
1 1643 28244
1 1644 34835
1 1645 74295
1 1646 66715
1 1647 22346
1 1648 70173
1 1649 73494
1 1650 89646
1 1651 27265
1 1652 502
1 1653 58104
1 1654 64960
1 1655 10540
1 1656 82527
1 1657 60270
1 1658 65378
1 1659 31789
1 1660 45854
1 1661 40575
1 1662 23010
1 1663 42728
1 1664 73536
1 1665 24914
1 1666 38930
1 1667 12785
1 1668 6673
1 1669 39076
1 1670 60891
1 1671 68097
1 1672 15645
1 1673 89094
1 1674 26705
1 1675 70507
1 1676 34397
1 1677 83892
1 1678 78564
1 1679 62182
1 1680 81751
1 1681 51880
1 1682 71681
1 1683 67527
1 1684 25900
1 1685 71250
1 1686 58781
1 1687 59800
1 1688 37566
1 1689 14466
1 1690 73370
1 1691 49085
1 1692 76749
1 1693 42310
1 1694 25540
1 1695 18975
1 1696 18411
1 1697 5202
1 1698 18269
1 1699 73325
1 1700 10691
1 1701 72642
1 1702 42533
1 1703 43372
1 1704 38455
1 1705 82181
1 1706 58965
1 1707 63383
1 1708 6214
1 1709 74018
1 1710 14337
1 1711 12764
1 1712 11293
1 1713 51185
1 1714 14333
1 1715 41317
1 1716 79224
1 1717 89342
1 1718 62768
1 1719 21229
1 1720 59751
1 1721 77538
1 1722 27147
1 1723 9509
1 1724 65809
1 1725 53461
1 1726 71236
1 1727 29811
1 1728 18011
1 1729 60273
1 1730 45215
1 1731 38808
1 1732 70121
1 1733 5741
1 1734 31868
1 1735 28256
1 1736 44306
1 1737 38478
1 1738 70718
1 1739 67476
1 1740 66790
1 1741 9247
1 1742 60573
1 1743 59750
1 1744 57381
1 1745 67509
1 1746 89602
1 1747 37941
1 1748 30879
1 1749 87668
1 1750 32937
1 1751 48769
1 1752 519
1 1753 8763
1 1754 27081
1 1755 50512
1 1756 27152
1 1757 31870
1 1758 12812
1 1759 44981
1 1760 64204
1 1761 83503
1 1762 15585
1 1763 57464
1 1764 58222
1 1765 31840
1 1766 61153
1 1767 32664
1 1768 81281
1 1769 23035
1 1770 85108
1 1771 21152
1 1772 23292
1 1773 32755
1 1774 29290
1 1775 19415
1 1776 25670
1 1777 78093
1 1778 33227
1 1779 73542
1 1780 28823
1 1781 61412
1 1782 69636
1 1783 22927
1 1784 56608
1 1785 34011
1 1786 87263
1 1787 20202
1 1788 1410
1 1789 6082
1 1790 49674
1 1791 12149
1 1792 49072
1 1793 31974
1 1794 48882
1 1795 72393
1 1796 14892
1 1797 43124
1 1798 5623
1 1799 4107
1 1800 20805
1 1801 372
1 1802 43134
1 1803 61566
1 1804 66171
1 1805 5685
1 1806 76361
1 1807 59162
1 1808 18329
1 1809 88733
1 1810 50387
1 1811 10570
1 1812 51637
1 1813 25419
1 1814 34306
1 1815 47623
1 1816 14407
1 1817 71984
1 1818 51593
1 1819 9076
1 1820 24080
1 1821 57439
1 1822 76559
1 1823 61048
1 1824 70759
1 1825 16842
1 1826 31262
1 1827 69424
1 1828 70531
1 1829 48307
1 1830 58088
1 1831 44199
1 1832 43431
1 1833 30526
1 1834 7290
1 1835 63016
1 1836 14060
1 1837 13045
1 1838 40572
1 1839 25732
1 1840 80668
1 1841 33283
1 1842 75582
1 1843 78232
1 1844 27844
1 1845 47807
1 1846 71764
1 1847 63551
1 1848 52354
1 1849 19734
1 1850 30416
1 1851 28094
1 1852 18488
1 1853 30744
1 1854 14899
1 1855 17265
1 1856 72505
1 1857 27252
1 1858 25657
1 1859 10174
1 1860 77998
1 1861 12429
1 1862 17649
1 1863 45584
1 1864 54736
1 1865 61068
1 1866 65780
1 1867 55864
1 1868 23275
1 1869 53025
1 1870 59976
1 1871 2574
1 1872 26314
1 1873 57257
1 1874 20845
1 1875 9793
1 1876 77611
1 1877 59855
1 1878 9813
1 1879 51234
1 1880 17406
1 1881 52064
1 1882 4083
1 1883 27017
1 1884 32128
1 1885 74445
1 1886 20410
1 1887 55331
1 1888 40494
1 1889 45837
1 1890 79507
1 1891 53977
1 1892 17
1 1893 67810
1 1894 53003
1 1895 82006
1 1896 77090
1 1897 36933
1 1898 54323
1 1899 46105
1 1900 22266
1 1901 88220
1 1902 21670
1 1903 21191
1 1904 23194
1 1905 89597
1 1906 52326
1 1907 55789
1 1908 6973
1 1909 56290
1 1910 44955
1 1911 61137
1 1912 49483
1 1913 32510
1 1914 59812
1 1915 18654
1 1916 89746
1 1917 18877
1 1918 59404
1 1919 28781
1 1920 84930
1 1921 43517
1 1922 47540
1 1923 85142
1 1924 67480
1 1925 84987
1 1926 72774
1 1927 57294
1 1928 54655
1 1929 25594
1 1930 28641
1 1931 81675
1 1932 55866
1 1933 85157
1 1934 83652
1 1935 88093
1 1936 51627
1 1937 73811
1 1938 12611
1 1939 80973
1 1940 15074
1 1941 42689
1 1942 4787
1 1943 39950
1 1944 65702
1 1945 63695
1 1946 20029
1 1947 81872
1 1948 72887
1 1949 32218
1 1950 80268
1 1951 38116
1 1952 84478
1 1953 64873
1 1954 14951
1 1955 19357
1 1956 24234
1 1957 2709
1 1958 18080
1 1959 17095
1 1960 46205
1 1961 46454
1 1962 18318
1 1963 72375
1 1964 64453
1 1965 5718
1 1966 51101
1 1967 25453
1 1968 8135
1 1969 67177
1 1970 43247
1 1971 19520
1 1972 55865
1 1973 19028
1 1974 72698
1 1975 81582
1 1976 9933
1 1977 81146
1 1978 24359
1 1979 4348
1 1980 76358
1 1981 71151
1 1982 44677
1 1983 84361
1 1984 9416
1 1985 41778
1 1986 15348
1 1987 35096
1 1988 79085
1 1989 69701
1 1990 54614
1 1991 9849
1 1992 63637
1 1993 23003
1 1994 88858
1 1995 5924
1 1996 1327
1 1997 17150
1 1998 33813
1 1999 44033
1 2000 45679
1 2001 32357
1 2002 13505
1 2003 39364
1 2004 34934
1 2005 34924
1 2006 29379
1 2007 45255
1 2008 38138
1 2009 20295
1 2010 62003
1 2011 43046
1 2012 22981
1 2013 967
1 2014 14180
1 2015 79232
1 2016 3153
1 2017 31313
1 2018 74155
1 2019 81100
1 2020 10306
1 2021 18148
1 2022 83944
1 2023 89022
1 2024 61203
1 2025 61302
1 2026 38217
1 2027 68280
1 2028 45090
1 2029 64885
1 2030 39648
1 2031 66001
1 2032 43374
1 2033 74576
1 2034 24702
1 2035 31497
1 2036 43195
1 2037 53062
1 2038 36955
1 2039 56398
1 2040 7197
1 2041 30894
1 2042 16016
1 2043 84337
1 2044 9595
1 2045 21988
1 2046 57266
1 2047 19495
1 2048 35108
1 2049 68828
1 2050 41917
1 2051 3356
1 2052 40303
1 2053 45963
1 2054 74464
1 2055 11295
1 2056 40978
1 2057 16979
1 2058 23749
1 2059 14911
1 2060 18005
1 2061 67107
1 2062 79608
1 2063 63494
1 2064 81382
1 2065 27826
1 2066 4641
1 2067 72776
1 2068 4492
1 2069 1191
1 2070 47299
1 2071 55599
1 2072 5036
1 2073 10320
1 2074 71739
1 2075 19805
1 2076 41581
1 2077 89616
1 2078 12952
1 2079 89302
1 2080 36422
1 2081 50431
1 2082 7812
1 2083 21315
1 2084 81909
1 2085 76843
1 2086 80227
1 2087 72502
1 2088 60201
1 2089 16843
1 2090 19431
1 2091 37901
1 2092 14134
1 2093 36204
1 2094 18796
1 2095 56851
1 2096 57191
1 2097 89926
1 2098 30854
1 2099 31105
1 2100 66692
1 2101 15359
1 2102 46933
1 2103 29517
1 2104 62580
1 2105 6670
1 2106 27507
1 2107 61237
1 2108 68179
1 2109 71060
1 2110 76720
1 2111 22251
1 2112 23686
1 2113 22096
1 2114 54446
1 2115 21865
1 2116 59441
1 2117 51419
1 2118 71324
1 2119 64126
1 2120 23930
1 2121 45805
1 2122 64493
1 2123 55328
1 2124 82621
1 2125 42230
1 2126 83291
1 2127 31332
1 2128 83707
1 2129 39375
1 2130 16215
1 2131 41922
1 2132 73668
1 2133 63316
1 2134 89110
1 2135 20249
1 2136 19756
1 2137 44263
1 2138 9393
1 2139 59161
1 2140 83628
1 2141 13258
1 2142 38741
1 2143 88549
1 2144 63699
1 2145 63628
1 2146 73677
1 2147 46062
1 2148 81602
1 2149 30901
1 2150 79093
1 2151 46406
1 2152 61031
1 2153 32173
1 2154 54199
1 2155 7269
1 2156 44262
1 2157 52785
1 2158 72830
1 2159 61022
1 2160 3125
1 2161 74419
1 2162 81343
1 2163 63693
1 2164 31791
1 2165 12854
1 2166 9683
1 2167 43175
1 2168 36739
1 2169 45973
1 2170 23659
1 2171 41769
1 2172 41613
1 2173 67193
1 2174 32546
1 2175 72160
1 2176 11009
1 2177 80093
1 2178 55407
1 2179 81058
1 2180 12675
1 2181 63968
1 2182 26007
1 2183 20780
1 2184 31733
1 2185 17610
1 2186 87320
1 2187 76114
1 2188 55112
1 2189 64008
1 2190 35032
1 2191 59113
1 2192 51400
1 2193 34145
1 2194 89297
1 2195 40022
1 2196 19890
1 2197 46862
1 2198 46244
1 2199 20894
1 2200 59076
1 2201 69602
1 2202 4090
1 2203 43958
1 2204 69337
1 2205 46313
1 2206 68011
1 2207 78299
1 2208 59569
1 2209 35947
1 2210 16618
1 2211 73578
1 2212 46768
1 2213 59565
1 2214 23937
1 2215 22672
1 2216 89044
1 2217 38191
1 2218 25864
1 2219 9329
1 2220 41447
1 2221 86241
1 2222 51763
1 2223 59516
1 2224 40107
1 2225 8212
1 2226 31566
1 2227 42161
1 2228 67497
1 2229 33943
1 2230 44196
1 2231 38706
1 2232 14045
1 2233 89327
1 2234 33572
1 2235 51599
1 2236 35752
1 2237 17170
1 2238 57312
1 2239 67895
1 2240 46098
1 2241 79439
1 2242 13204
1 2243 81447
1 2244 3953
1 2245 62622
1 2246 2420
1 2247 30218
1 2248 65080
1 2249 83910
1 2250 42338
1 2251 83723
1 2252 18877
1 2253 25547
1 2254 77040
1 2255 23718
1 2256 63360
1 2257 58235
1 2258 79499
1 2259 67936
1 2260 34648
1 2261 1706
1 2262 71664
1 2263 89555
1 2264 3532
1 2265 25438
1 2266 33485
1 2267 11447
1 2268 62149
1 2269 63001
1 2270 20591
1 2271 64512
1 2272 88836
1 2273 69597
1 2274 54431
1 2275 88583
1 2276 13144
1 2277 20510
1 2278 41379
1 2279 8049
1 2280 59167
1 2281 15412
1 2282 42226
1 2283 7485
1 2284 75475
1 2285 55840
1 2286 48650
1 2287 21415
1 2288 23482
1 2289 59516
1 2290 3769
1 2291 74046
1 2292 10984
1 2293 12857
1 2294 82992
1 2295 32113
1 2296 3983
1 2297 78460
1 2298 89203
1 2299 39072
1 2300 5279
1 2301 42819
1 2302 75091
1 2303 38658
1 2304 61937
1 2305 30124
1 2306 15047
1 2307 82930
1 2308 43209
1 2309 81345
1 2310 11710
1 2311 8686
1 2312 25702
1 2313 66978
1 2314 78705
1 2315 13840
1 2316 6365
1 2317 25919
1 2318 81003
1 2319 57134
1 2320 77879
1 2321 1673
1 2322 14561
1 2323 27410
1 2324 42349
1 2325 52868
1 2326 82318
1 2327 55141
1 2328 17635
1 2329 40356
1 2330 2522
1 2331 88411
1 2332 24323
1 2333 56810
1 2334 75263
1 2335 31636
1 2336 21268
1 2337 53179
1 2338 41807
1 2339 4999
1 2340 44819
1 2341 32946
1 2342 87605
1 2343 83458
1 2344 38971
1 2345 41334
1 2346 35507
1 2347 3145
1 2348 32052
1 2349 27924
1 2350 69465
1 2351 37731
1 2352 76160
1 2353 74310
1 2354 84453
1 2355 39752
1 2356 84412
1 2357 84406
1 2358 12856
1 2359 19208
1 2360 89466
1 2361 43115
1 2362 2495
1 2363 22437
1 2364 32673
1 2365 65771
1 2366 71934
1 2367 80972
1 2368 48219
1 2369 2447
1 2370 57875
1 2371 53020
1 2372 63984
1 2373 88499
1 2374 80749
1 2375 70702
1 2376 82450
1 2377 74118
1 2378 4616
1 2379 4112
1 2380 25909
1 2381 7870
1 2382 55032
1 2383 56900
1 2384 16212
1 2385 30258
1 2386 84877
1 2387 45245
1 2388 72757
1 2389 31023
1 2390 24486
1 2391 6730
1 2392 52070
1 2393 14775
1 2394 1632
1 2395 82115
1 2396 29431
1 2397 88343
1 2398 22136
1 2399 28805
1 2400 85998
1 2401 28493
1 2402 11299
1 2403 82987
1 2404 65144
1 2405 22796
1 2406 24769
1 2407 10728
1 2408 80963
1 2409 31236
1 2410 7680
1 2411 4135
1 2412 58528
1 2413 11283
1 2414 69286
1 2415 44789
1 2416 64942
1 2417 1945
1 2418 30785
1 2419 34852
1 2420 77539
1 2421 4117
1 2422 9332
1 2423 72306
1 2424 2583
1 2425 48080
1 2426 60445
1 2427 26444
1 2428 22348
1 2429 81763
1 2430 78222
1 2431 83235
1 2432 14493
1 2433 48573
1 2434 76824
1 2435 78756
1 2436 32320
1 2437 31158
1 2438 87236
1 2439 17719
1 2440 77282
1 2441 30087
1 2442 58959
1 2443 42690
1 2444 44058
1 2445 43937
1 2446 65583
1 2447 63596
1 2448 76238
1 2449 35586
1 2450 87427
1 2451 64209
1 2452 43596
1 2453 44441
1 2454 85826
1 2455 76117
1 2456 60201
1 2457 63480
1 2458 32427
1 2459 51112
1 2460 7219
1 2461 21734
1 2462 71124
1 2463 48592
1 2464 69953
1 2465 68203
1 2466 75954
1 2467 13561
1 2468 12142
1 2469 69545
1 2470 35428
1 2471 36799
1 2472 77094
1 2473 10611
1 2474 58224
1 2475 81352
1 2476 727
1 2477 738
1 2478 8471
1 2479 88734
1 2480 66449
1 2481 49713
1 2482 69511
1 2483 87583
1 2484 7588
1 2485 80559
1 2486 24045
1 2487 81555
1 2488 59774
1 2489 76515
1 2490 67312
1 2491 48121
1 2492 89101
1 2493 40543
1 2494 19156
1 2495 61181
1 2496 43294
1 2497 31699
1 2498 10207
1 2499 48103
1 2500 14415
1 2501 408
1 2502 63237
1 2503 69451
1 2504 69605
1 2505 567
1 2506 5069
1 2507 40332
1 2508 81543
1 2509 77302
1 2510 4995
1 2511 35851
1 2512 46916
1 2513 51396
1 2514 80900
1 2515 74310
1 2516 569
1 2517 14598
1 2518 86667
1 2519 34266
1 2520 84024
1 2521 18138
1 2522 80941
1 2523 52890
1 2524 5164
1 2525 69946
1 2526 54584
1 2527 19643
1 2528 75204
1 2529 3453
1 2530 83314
1 2531 2978
1 2532 62473
1 2533 54060
1 2534 54160
1 2535 4439
1 2536 51835
1 2537 49003
1 2538 45499
1 2539 56847
1 2540 18481
1 2541 42520
1 2542 78737
1 2543 74402
1 2544 27713
1 2545 17061
1 2546 66610
1 2547 47599
1 2548 87511
1 2549 49306
1 2550 68772
1 2551 8389
1 2552 72654
1 2553 91
1 2554 68690
1 2555 54574
1 2556 53667
1 2557 18656
1 2558 42179
1 2559 41926
1 2560 890
1 2561 41104
1 2562 76975
1 2563 21334
1 2564 64570
1 2565 66497
1 2566 9142
1 2567 13041
1 2568 54173
1 2569 73110
1 2570 69173
1 2571 38763
1 2572 51442
1 2573 26910
1 2574 42248
1 2575 65947
1 2576 77097
1 2577 15047
1 2578 63016
1 2579 43924
1 2580 57820
1 2581 23712
1 2582 68882
1 2583 2879
1 2584 53817
1 2585 81021
1 2586 15298
1 2587 37590
1 2588 1976
1 2589 20112
1 2590 6583
1 2591 25403
1 2592 44446
1 2593 80389
1 2594 88942
1 2595 63883
1 2596 87911
1 2597 32802
1 2598 59489
1 2599 40868
1 2600 42743
1 2601 67641
1 2602 72598
1 2603 29580
1 2604 67600
1 2605 15354
1 2606 8964
1 2607 18054
1 2608 16874
1 2609 66432
1 2610 86641
1 2611 26635
1 2612 14592
1 2613 12469
1 2614 37536
1 2615 27380
1 2616 82129
1 2617 48904
1 2618 7845
1 2619 52983
1 2620 31817
1 2621 59575
1 2622 41666
1 2623 45460
1 2624 58615
1 2625 40792
1 2626 4653
1 2627 19399
1 2628 36608
1 2629 24400
1 2630 47260
1 2631 85958
1 2632 15369
1 2633 5050
1 2634 49485
1 2635 64131
1 2636 28039
1 2637 75960
1 2638 70614
1 2639 57880
1 2640 1283
1 2641 88516
1 2642 64969
1 2643 89916
1 2644 20490
1 2645 75983
1 2646 27156
1 2647 65364
1 2648 41179
1 2649 59355
1 2650 10550
1 2651 62028
1 2652 7308
1 2653 46284
1 2654 78484
1 2655 41742
1 2656 88379
1 2657 85971
1 2658 64156
1 2659 88308
1 2660 56177
1 2661 73547
1 2662 15989
1 2663 21106
1 2664 33432
1 2665 73299
1 2666 83456
1 2667 67723
1 2668 79288
1 2669 28559
1 2670 5502
1 2671 38865
1 2672 31357
1 2673 87513
1 2674 62652
1 2675 16807
1 2676 12693
1 2677 39149
1 2678 69849
1 2679 7641
1 2680 7482
1 2681 2266
1 2682 33118
1 2683 75372
1 2684 20017
1 2685 84661
1 2686 44844
1 2687 69747
1 2688 38123
1 2689 44028
1 2690 69709
1 2691 52046
1 2692 77979
1 2693 46909
1 2694 75211
1 2695 85687
1 2696 24314
1 2697 66141
1 2698 26912
1 2699 56259
1 2700 23463
1 2701 25082
1 2702 1984
1 2703 80046
1 2704 27565
1 2705 7023
1 2706 88060
1 2707 74037
1 2708 26725
1 2709 28966
1 2710 51523
1 2711 38699
1 2712 51785
1 2713 30929
1 2714 72687
1 2715 76470
1 2716 25931
1 2717 58518
1 2718 13912
1 2719 70649
1 2720 87061
1 2721 56128
1 2722 5925
1 2723 84085
1 2724 14619
1 2725 38796
1 2726 29987
1 2727 45084
1 2728 2724
1 2729 58835
1 2730 25754
1 2731 31090
1 2732 30185
1 2733 10999
1 2734 38892
1 2735 67812
1 2736 35680
1 2737 4705
1 2738 2728
1 2739 61169
1 2740 47470
1 2741 33673
1 2742 85732
1 2743 13774
1 2744 25568
1 2745 17231
1 2746 75346
1 2747 88976
1 2748 66531
1 2749 23814
1 2750 30601
1 2751 45252
1 2752 27727
1 2753 48063
1 2754 70921
1 2755 40274
1 2756 36754
1 2757 44550
1 2758 3022
1 2759 84670
1 2760 19420
1 2761 62196
1 2762 25857
1 2763 3382
1 2764 85890
1 2765 24619
1 2766 54229
1 2767 84565
1 2768 19834
1 2769 56326
1 2770 41209
1 2771 15533
1 2772 24400
1 2773 41794
1 2774 86589
1 2775 69534
1 2776 60786
1 2777 83958
1 2778 79732
1 2779 51135
1 2780 65847
1 2781 40940
1 2782 68717
1 2783 54494
1 2784 13962
1 2785 21733
1 2786 62095
1 2787 51263
1 2788 79465
1 2789 87379
1 2790 51853
1 2791 26827
1 2792 411
1 2793 29471
1 2794 36064
1 2795 36090
1 2796 72922
1 2797 21914
1 2798 17224
1 2799 9933
1 2800 80190
1 2801 34821
1 2802 15179
1 2803 7685
1 2804 9216
1 2805 62612
1 2806 73434
1 2807 63695
1 2808 33500
1 2809 3970
1 2810 85888
1 2811 20788
1 2812 18264
1 2813 31558
1 2814 27662
1 2815 10767
1 2816 75963
1 2817 17655
1 2818 21734
1 2819 25859
1 2820 24977
1 2821 78989
1 2822 64914
1 2823 78922
1 2824 8852
1 2825 33401
1 2826 10343
1 2827 74504
1 2828 27208
1 2829 15787
1 2830 63806
1 2831 21734
1 2832 20838
1 2833 19726
1 2834 86769
1 2835 39493
1 2836 52155
1 2837 44237
1 2838 41119
1 2839 79490
1 2840 55400
1 2841 37824
1 2842 79219
1 2843 14478
1 2844 28490
1 2845 38592
1 2846 51170
1 2847 8973
1 2848 844
1 2849 66557
1 2850 55704
1 2851 21538
1 2852 71321
1 2853 375
1 2854 62675
1 2855 44414
1 2856 31847
1 2857 77598
1 2858 77806
1 2859 65632
1 2860 53790
1 2861 50567
1 2862 61268
1 2863 5713
1 2864 44987
1 2865 64772
1 2866 54349
1 2867 10556
1 2868 35226
1 2869 35153
1 2870 86815
1 2871 89808
1 2872 50078
1 2873 69709
1 2874 6490
1 2875 36000
1 2876 49231
1 2877 41730
1 2878 72928
1 2879 75925
1 2880 27933
1 2881 27851
1 2882 44202
1 2883 27832
1 2884 61924
1 2885 46881
1 2886 70053
1 2887 38260
1 2888 49818
1 2889 10332
1 2890 44216
1 2891 56983
1 2892 5583
1 2893 83586
1 2894 1372
1 2895 19944
1 2896 87973
1 2897 84343
1 2898 30094
1 2899 25786
1 2900 29122
1 2901 80674
1 2902 23012
1 2903 71580
1 2904 36182
1 2905 58310
1 2906 36751
1 2907 70973
1 2908 89901
1 2909 26038
1 2910 44072
1 2911 21129
1 2912 58467
1 2913 45099
1 2914 38190
1 2915 43964
1 2916 74491
1 2917 82726
1 2918 84313
1 2919 57318
1 2920 63488
1 2921 39028
1 2922 29827
1 2923 80511
1 2924 19071
1 2925 33185
1 2926 14127
1 2927 26211
1 2928 82094
1 2929 89475
1 2930 79888
1 2931 4822
1 2932 78573
1 2933 59516
1 2934 17368
1 2935 71163
1 2936 81519
1 2937 35320
1 2938 25272
1 2939 21312
1 2940 30998
1 2941 69399
1 2942 80037
1 2943 66663
1 2944 45952
1 2945 43614
1 2946 40244
1 2947 39959
1 2948 80605
1 2949 69974
1 2950 50345
1 2951 35596
1 2952 17030
1 2953 16955
1 2954 73064
1 2955 76943
1 2956 72793
1 2957 52058
1 2958 14009
1 2959 6836
1 2960 59162
1 2961 14576
1 2962 47696
1 2963 11493
1 2964 15050
1 2965 17546
1 2966 61117
1 2967 26591
1 2968 24142
1 2969 37631
1 2970 85056
1 2971 57440
1 2972 44873
1 2973 28556
1 2974 24857
1 2975 82249
1 2976 81730
1 2977 3334
1 2978 81982
1 2979 49130
1 2980 22249
1 2981 77209
1 2982 59374
1 2983 65189
1 2984 50397
1 2985 71011
1 2986 7116
1 2987 47067
1 2988 73679
1 2989 77822
1 2990 35267
1 2991 6745
1 2992 27683
1 2993 65585
1 2994 37365
1 2995 28515
1 2996 78585
1 2997 52313
1 2998 55762
1 2999 32603
1 3000 11765
1 3001 77064
1 3002 8577
1 3003 8381
1 3004 55364
1 3005 20256
1 3006 14099
1 3007 81144
1 3008 21905
1 3009 179
1 3010 490
1 3011 61960
1 3012 57595
1 3013 11427
1 3014 42769
1 3015 44245
1 3016 43579
1 3017 57000
1 3018 36636
1 3019 10947
1 3020 7501
1 3021 63187
1 3022 22994
1 3023 58486
1 3024 18917
1 3025 10253
1 3026 61566
1 3027 53788
1 3028 22281
1 3029 60838
1 3030 59017
1 3031 7977
1 3032 31825
1 3033 17443
1 3034 82650
1 3035 43285
1 3036 39536
1 3037 87200
1 3038 54228
1 3039 78109
1 3040 85202
1 3041 47345
1 3042 43318
1 3043 75986
1 3044 18861
1 3045 52037
1 3046 73879
1 3047 53253
1 3048 14523
1 3049 76538
1 3050 23283
1 3051 26850
1 3052 7203
1 3053 64685
1 3054 39461
1 3055 37149
1 3056 55586
1 3057 50750
1 3058 36968
1 3059 15558
1 3060 83140
1 3061 86753
1 3062 32798
1 3063 64116
1 3064 30023
1 3065 78935
1 3066 55805
1 3067 36177
1 3068 60073
1 3069 53860
1 3070 15674
1 3071 46802
1 3072 29060
1 3073 61815
1 3074 51915
1 3075 74575
1 3076 5327
1 3077 84342
1 3078 34474
1 3079 78722
1 3080 63012
1 3081 83889
1 3082 36914
1 3083 80700
1 3084 29914
1 3085 17370
1 3086 65250
1 3087 47092
1 3088 10546
1 3089 168
1 3090 25139
1 3091 17177
1 3092 33830
1 3093 24032
1 3094 24263
1 3095 83768
1 3096 63275
1 3097 12548
1 3098 48542
1 3099 44607
1 3100 9773
1 3101 9293
1 3102 86923
1 3103 71124
1 3104 52155
1 3105 32777
1 3106 42170
1 3107 13356
1 3108 35530
1 3109 71862
1 3110 67649
1 3111 84635
1 3112 3292
1 3113 24552
1 3114 17658
1 3115 32498
1 3116 85258
1 3117 79229
1 3118 42331
1 3119 7841
1 3120 62049
1 3121 80392
1 3122 75268
1 3123 41519
1 3124 64706
1 3125 16950
1 3126 83082
1 3127 53988
1 3128 33667
1 3129 76238
1 3130 56488
1 3131 86518
1 3132 71111
1 3133 76041
1 3134 11119
1 3135 65060
1 3136 42197
1 3137 78159
1 3138 18434
1 3139 36758
1 3140 83396
1 3141 76686
1 3142 27030
1 3143 60196
1 3144 2646
1 3145 30990
1 3146 40729
1 3147 22244
1 3148 47989
1 3149 3302
1 3150 8433
1 3151 22304
1 3152 6321
1 3153 6737
1 3154 87888
1 3155 88799
1 3156 34656
1 3157 22514
1 3158 65354
1 3159 29218
1 3160 17478
1 3161 65173
1 3162 31072
1 3163 14559
1 3164 3993
1 3165 11332
1 3166 64003
1 3167 35059
1 3168 46663
1 3169 30991
1 3170 16281
1 3171 353
1 3172 68715
1 3173 10145
1 3174 79710
1 3175 17117
1 3176 9451
1 3177 24383
1 3178 88973
1 3179 23782
1 3180 24587
1 3181 28192
1 3182 50310
1 3183 18367
1 3184 84732
1 3185 57991
1 3186 55703
1 3187 47850
1 3188 63217
1 3189 37648
1 3190 13421
1 3191 71447
1 3192 86351
1 3193 48998
1 3194 23252
1 3195 86627
1 3196 72088
1 3197 45801
1 3198 71069
1 3199 33093
1 3200 30244
1 3201 82171
1 3202 33007
1 3203 8574
1 3204 41772
1 3205 82584
1 3206 6421
1 3207 86671
1 3208 44859
1 3209 843
1 3210 20803
1 3211 34793
1 3212 20747
1 3213 1031
1 3214 86251
1 3215 51389
1 3216 28995
1 3217 67851
1 3218 82814
1 3219 37375
1 3220 9445
1 3221 30682
1 3222 60961
1 3223 18256
1 3224 19581
1 3225 75647
1 3226 85613
1 3227 44856
1 3228 76410
1 3229 88484
1 3230 70405
1 3231 32505
1 3232 50964
1 3233 73029
1 3234 49418
1 3235 3317
1 3236 63258
1 3237 64340
1 3238 86763
1 3239 36975
1 3240 68555
1 3241 39249
1 3242 80562
1 3243 36008
1 3244 49730
1 3245 66523
1 3246 69843
1 3247 73026
1 3248 48860
1 3249 88279
1 3250 48018
1 3251 88898
1 3252 29950
1 3253 31720
1 3254 6935
1 3255 30305
1 3256 33571
1 3257 52916
1 3258 89899
1 3259 72140
1 3260 84970
1 3261 79195
1 3262 34653
1 3263 44971
1 3264 45040
1 3265 24884
1 3266 78763
1 3267 88668
1 3268 40444
1 3269 84001
1 3270 49142
1 3271 79197
1 3272 27892
1 3273 60662
1 3274 20477
1 3275 3009
1 3276 56453
1 3277 15659
1 3278 59191
1 3279 33839
1 3280 8596
1 3281 38464
1 3282 31583
1 3283 64915
1 3284 76027
1 3285 54114
1 3286 62120
1 3287 70666
1 3288 57788
1 3289 1890
1 3290 33756
1 3291 24358
1 3292 42271
1 3293 53246
1 3294 39418
1 3295 65812
1 3296 67754
1 3297 73217
1 3298 37690
1 3299 62802
1 3300 48969
1 3301 9786
1 3302 11672
1 3303 6654
1 3304 38711
1 3305 39990
1 3306 17524
1 3307 20156
1 3308 9213
1 3309 61800
1 3310 22446
1 3311 44166
1 3312 76418
1 3313 11705
1 3314 45912
1 3315 32398
1 3316 42648
1 3317 59527
1 3318 2994
1 3319 72279
1 3320 24750
1 3321 34952
1 3322 81133
1 3323 81786
1 3324 30022
1 3325 81317
1 3326 52800
1 3327 59143
1 3328 46922
1 3329 6608
1 3330 26763
1 3331 21827
1 3332 42026
1 3333 4949
1 3334 78299
1 3335 63034
1 3336 20078
1 3337 9701
1 3338 22039
1 3339 25234
1 3340 40150
1 3341 57806
1 3342 44211
1 3343 12224
1 3344 60162
1 3345 81710
1 3346 71371
1 3347 20536
1 3348 47161
1 3349 77388
1 3350 32384
1 3351 87164
1 3352 23729
1 3353 33037
1 3354 60540
1 3355 38161
1 3356 68664
1 3357 86963
1 3358 68807
1 3359 22165
1 3360 56896
1 3361 84549
1 3362 42162
1 3363 12451
1 3364 67640
1 3365 34241
1 3366 6755
1 3367 6135
1 3368 41529
1 3369 16045
1 3370 61510
1 3371 77339
1 3372 76022
1 3373 10835
1 3374 85427
1 3375 12741
1 3376 23171
1 3377 493
1 3378 86429
1 3379 61412
1 3380 55728
1 3381 3557
1 3382 83623
1 3383 65694
1 3384 86500
1 3385 38715
1 3386 86629
1 3387 64447
1 3388 88621
1 3389 41633
1 3390 53281
1 3391 89658
1 3392 61752
1 3393 40091
1 3394 793
1 3395 52972
1 3396 32069
1 3397 9789
1 3398 38573
1 3399 86218
1 3400 77302
1 3401 62148
1 3402 49277
1 3403 45450
1 3404 62341
1 3405 50195
1 3406 49105
1 3407 17736
1 3408 5600
1 3409 9427
1 3410 80791
1 3411 82212
1 3412 67676
1 3413 82495
1 3414 61501
1 3415 61004
1 3416 61616
1 3417 43739
1 3418 78808
1 3419 17467
1 3420 57440
1 3421 75729
1 3422 61274
1 3423 24313
1 3424 34783
1 3425 34512
1 3426 41620
1 3427 6787
1 3428 15628
1 3429 23823
1 3430 29680
1 3431 86404
1 3432 23754
1 3433 7981
1 3434 32608
1 3435 31397
1 3436 65853
1 3437 15351
1 3438 83643
1 3439 68239
1 3440 42221
1 3441 37967
1 3442 63355
1 3443 12582
1 3444 35304
1 3445 70157
1 3446 2575
1 3447 16976
1 3448 12637
1 3449 59364
1 3450 41293
1 3451 70884
1 3452 12879
1 3453 82401
1 3454 11705
1 3455 26534
1 3456 9223
1 3457 37414
1 3458 45910
1 3459 80348
1 3460 9982
1 3461 69780
1 3462 62467
1 3463 10801
1 3464 51822
1 3465 7658
1 3466 15637
1 3467 3165
1 3468 65396
1 3469 8445
1 3470 81664
1 3471 3376
1 3472 8620
1 3473 59129
1 3474 32301
1 3475 70666
1 3476 22874
1 3477 22887
1 3478 62937
1 3479 65827
1 3480 84187
1 3481 13832
1 3482 19991
1 3483 60264
1 3484 87873
1 3485 5708
1 3486 14252
1 3487 19185
1 3488 89603
1 3489 49429
1 3490 35187
1 3491 14587
1 3492 25094
1 3493 34279
1 3494 55300
1 3495 56234
1 3496 43702
1 3497 14189
1 3498 69445
1 3499 77382
1 3500 55835
1 3501 45894
1 3502 30003
1 3503 51567
1 3504 43960
1 3505 39145
1 3506 29396
1 3507 19329
1 3508 61898
1 3509 63126
1 3510 52244
1 3511 88882
1 3512 56764
1 3513 78969
1 3514 34052
1 3515 50529
1 3516 4369
1 3517 70606
1 3518 21217
1 3519 55503
1 3520 54417
1 3521 20812
1 3522 36787
1 3523 4713
1 3524 29246
1 3525 39292
1 3526 55781
1 3527 75106
1 3528 62331
1 3529 57956
1 3530 36346
1 3531 32798
1 3532 4392
1 3533 19674
1 3534 87711
1 3535 77674
1 3536 21810
1 3537 76049
1 3538 48152
1 3539 34280
1 3540 4894
1 3541 71943
1 3542 73263
1 3543 62657
1 3544 33041
1 3545 36404
1 3546 17307
1 3547 46498
1 3548 62285
1 3549 3082
1 3550 66864
1 3551 35962
1 3552 12894
1 3553 47994
1 3554 76527
1 3555 40364
1 3556 60606
1 3557 17097
1 3558 51845
1 3559 25088
1 3560 2256
1 3561 69901
1 3562 33674
1 3563 23772
1 3564 5025
1 3565 39500
1 3566 67487
1 3567 7415
1 3568 30105
1 3569 43099
1 3570 72556
1 3571 82207
1 3572 56889
1 3573 26743
1 3574 40947
1 3575 73066
1 3576 68081
1 3577 61105
1 3578 55201
1 3579 32668
1 3580 51396
1 3581 9828
1 3582 43610
1 3583 24445
1 3584 59873
1 3585 12628
1 3586 9267
1 3587 7317
1 3588 23167
1 3589 52390
1 3590 53309
1 3591 41392
1 3592 87947
1 3593 21304
1 3594 56944
1 3595 37340
1 3596 45044
1 3597 86389
1 3598 17651
1 3599 51068
1 3600 21330
1 3601 71639
1 3602 33634
1 3603 2800
1 3604 25283
1 3605 8335
1 3606 84535
1 3607 84930
1 3608 20990
1 3609 13109
1 3610 20480
1 3611 47136
1 3612 67197
1 3613 42760
1 3614 81070
1 3615 13666
1 3616 88534
1 3617 76210
1 3618 42726
1 3619 13803
1 3620 45517
1 3621 72403
1 3622 76706
1 3623 31230
1 3624 19597
1 3625 34670
1 3626 36727
1 3627 58398
1 3628 48077
1 3629 88500
1 3630 60279
1 3631 65144
1 3632 20391
1 3633 81417
1 3634 73534
1 3635 7304
1 3636 1579
1 3637 80572
1 3638 60881
1 3639 50544
1 3640 4210
1 3641 30079
1 3642 71084
1 3643 29044
1 3644 8996
1 3645 71556
1 3646 23013
1 3647 69297
1 3648 32394
1 3649 208
1 3650 34719
1 3651 60926
1 3652 64213
1 3653 24103
1 3654 73887
1 3655 58147
1 3656 29617
1 3657 38432
1 3658 76057
1 3659 16653
1 3660 22077
1 3661 65289
1 3662 35329
1 3663 83949
1 3664 13735
1 3665 474
1 3666 18982
1 3667 49782
1 3668 18744
1 3669 38940
1 3670 720
1 3671 29200
1 3672 35519
1 3673 40815
1 3674 75219
1 3675 36109
1 3676 2904
1 3677 1161
1 3678 47981
1 3679 29714
1 3680 65944
1 3681 86101
1 3682 74422
1 3683 83988
1 3684 2154
1 3685 23153
1 3686 73578
1 3687 72886
1 3688 46566
1 3689 44535
1 3690 2785
1 3691 84742
1 3692 82824
1 3693 60118
1 3694 83037
1 3695 14431
1 3696 52293
1 3697 57869
1 3698 62369
1 3699 61093
1 3700 47269
1 3701 24446
1 3702 58001
1 3703 56373
1 3704 72211
1 3705 76810
1 3706 14378
1 3707 58462
1 3708 71830
1 3709 37810
1 3710 63381
1 3711 66161
1 3712 32248
1 3713 345
1 3714 65718
1 3715 47396
1 3716 73872
1 3717 44993
1 3718 86967
1 3719 46473
1 3720 74635
1 3721 52752
1 3722 33251
1 3723 59426
1 3724 32637
1 3725 67194
1 3726 9344
1 3727 10253
1 3728 9890
1 3729 70782
1 3730 13061
1 3731 42996
1 3732 25222
1 3733 24658
1 3734 9866
1 3735 32271
1 3736 51757
1 3737 48104
1 3738 85980
1 3739 6199
1 3740 53956
1 3741 16507
1 3742 47038
1 3743 73990
1 3744 52211
1 3745 66318
1 3746 5328
1 3747 1171
1 3748 44495
1 3749 32931
1 3750 31418
1 3751 76445
1 3752 18887
1 3753 12934
1 3754 86359
1 3755 71833
1 3756 81142
1 3757 31524
1 3758 47126
1 3759 60004
1 3760 1495
1 3761 35724
1 3762 72855
1 3763 37532
1 3764 84793
1 3765 5451
1 3766 33793
1 3767 20476
1 3768 44645
1 3769 73625
1 3770 70027
1 3771 35979
1 3772 7502
1 3773 79446
1 3774 68613
1 3775 60584
1 3776 83453
1 3777 14762
1 3778 4050
1 3779 68495
1 3780 86206
1 3781 9066
1 3782 57279
1 3783 2259
1 3784 11294
1 3785 34670
1 3786 65026
1 3787 48556
1 3788 35523
1 3789 13743
1 3790 47397
1 3791 75955
1 3792 5278
1 3793 14202
1 3794 29468
1 3795 44002
1 3796 70650
1 3797 13278
1 3798 34633
1 3799 21321
1 3800 25804
1 3801 81127
1 3802 12272
1 3803 80580
1 3804 33344
1 3805 88618
1 3806 30274
1 3807 76206
1 3808 4499
1 3809 19258
1 3810 23477
1 3811 20577
1 3812 75894
1 3813 70204
1 3814 43542
1 3815 37221
1 3816 39236
1 3817 57736
1 3818 38662
1 3819 37193
1 3820 7603
1 3821 15073
1 3822 41383
1 3823 37241
1 3824 60650
1 3825 32819
1 3826 69988
1 3827 69461
1 3828 61868
1 3829 8957
1 3830 60724
1 3831 36438
1 3832 64474
1 3833 74714
1 3834 65649
1 3835 37842
1 3836 57334
1 3837 86863
1 3838 15727
1 3839 1271
1 3840 86600
1 3841 76997
1 3842 81517
1 3843 27754
1 3844 6769
1 3845 36397
1 3846 80480
1 3847 76838
1 3848 14062
1 3849 88601
1 3850 5699
1 3851 20631
1 3852 88384
1 3853 59593
1 3854 63731
1 3855 5777
1 3856 28980
1 3857 7291
1 3858 23831
1 3859 62187
1 3860 46155
1 3861 71483
1 3862 82430
1 3863 33127
1 3864 16239
1 3865 23482
1 3866 6212
1 3867 52005
1 3868 82729
1 3869 51413
1 3870 74877
1 3871 39046
1 3872 78905
1 3873 41291
1 3874 47185
1 3875 69103
1 3876 18803
1 3877 86660
1 3878 49802
1 3879 24430
1 3880 65893
1 3881 62675
1 3882 32032
1 3883 26130
1 3884 22663
1 3885 73583
1 3886 81978
1 3887 18004
1 3888 21280
1 3889 10518
1 3890 19971
1 3891 15332
1 3892 58363
1 3893 34564
1 3894 81474
1 3895 82510
1 3896 17520
1 3897 73883
1 3898 44444
1 3899 43182
1 3900 15569
1 3901 25706
1 3902 4122
1 3903 51623
1 3904 34752
1 3905 31230
1 3906 3657
1 3907 17115
1 3908 7548
1 3909 33817
1 3910 521
1 3911 60502
1 3912 66832
1 3913 74307
1 3914 54183
1 3915 59415
1 3916 17923
1 3917 3674
1 3918 4687
1 3919 89499
1 3920 35957
1 3921 53294
1 3922 3005
1 3923 62080
1 3924 37221
1 3925 57666
1 3926 86842
1 3927 763
1 3928 29377
1 3929 6491
1 3930 14639
1 3931 12527
1 3932 85793
1 3933 24384
1 3934 47737
1 3935 62735
1 3936 26190
1 3937 22989
1 3938 16816
1 3939 75696
1 3940 53439
1 3941 5793
1 3942 38273
1 3943 79512
1 3944 74324
1 3945 43445
1 3946 64203
1 3947 46952
1 3948 31554
1 3949 75261
1 3950 18176
1 3951 3076
1 3952 11028
1 3953 30343
1 3954 67772
1 3955 67215
1 3956 49418
1 3957 33468
1 3958 77553
1 3959 48631
1 3960 71936
1 3961 75599
1 3962 30342
1 3963 4954
1 3964 85442
1 3965 12346
1 3966 67202
1 3967 15977
1 3968 67165
1 3969 43592
1 3970 88715
1 3971 2505
1 3972 9041
1 3973 46646
1 3974 17791
1 3975 803
1 3976 44579
1 3977 65960
1 3978 83928
1 3979 59918
1 3980 71792
1 3981 26598
1 3982 65549
1 3983 1003
1 3984 79137
1 3985 69181
1 3986 12438
1 3987 4581
1 3988 1060
1 3989 25369
1 3990 42455
1 3991 43588
1 3992 51108
1 3993 16480
1 3994 76689
1 3995 57221
1 3996 19304
1 3997 287
1 3998 85699
1 3999 66988
1 4000 3426
1 4001 83281
1 4002 13267
1 4003 41293
1 4004 19866
1 4005 15695
1 4006 55131
1 4007 36259
1 4008 37125
1 4009 63000
1 4010 87003
1 4011 8579
1 4012 85303
1 4013 27813
1 4014 70487
1 4015 83539
1 4016 250
1 4017 32620
1 4018 9086
1 4019 35660
1 4020 53550
1 4021 67473
1 4022 12914
1 4023 80718
1 4024 77976
1 4025 1952
1 4026 80978
1 4027 86562
1 4028 36096
1 4029 52006
1 4030 54885
1 4031 16780
1 4032 17739
1 4033 52793
1 4034 72020
1 4035 12278
1 4036 7265
1 4037 87956
1 4038 58878
1 4039 56057
1 4040 31831
1 4041 9026
1 4042 31395
1 4043 54393
1 4044 49892
1 4045 28273
1 4046 55975
1 4047 85004
1 4048 49107
1 4049 19904
1 4050 17908
1 4051 22214
1 4052 83595
1 4053 31227
1 4054 30114
1 4055 56184
1 4056 80848
1 4057 53255
1 4058 75851
1 4059 22991
1 4060 47764
1 4061 64722
1 4062 57958
1 4063 5136
1 4064 55880
1 4065 52516
1 4066 64916
1 4067 29591
1 4068 75093
1 4069 52481
1 4070 24941
1 4071 67161
1 4072 25990
1 4073 84431
1 4074 74360
1 4075 54580
1 4076 17694
1 4077 24458
1 4078 48301
1 4079 31244
1 4080 27995
1 4081 31311
1 4082 575
1 4083 36570
1 4084 76653
1 4085 23285
1 4086 71856
1 4087 34077
1 4088 12711
1 4089 1467
1 4090 76590
1 4091 59635
1 4092 71352
1 4093 62025
1 4094 19144
1 4095 73752
1 4096 85060
1 4097 34285
1 4098 62046
1 4099 71916
1 4100 83883
1 4101 9346
1 4102 70586
1 4103 30193
1 4104 24836
1 4105 44845
1 4106 27152
1 4107 78931
1 4108 77750
1 4109 50954
1 4110 36134
1 4111 85229
1 4112 17263
1 4113 78371
1 4114 18104
1 4115 26933
1 4116 13840
1 4117 71957
1 4118 7866
1 4119 9387
1 4120 82121
1 4121 53266
1 4122 49039
1 4123 63943
1 4124 54186
1 4125 38322
1 4126 14254
1 4127 25082
1 4128 40481
1 4129 26377
1 4130 43441
1 4131 38011
1 4132 57603
1 4133 7770
1 4134 4841
1 4135 85656
1 4136 56969
1 4137 64932
1 4138 64495
1 4139 53754
1 4140 52646
1 4141 65345
1 4142 35231
1 4143 55929
1 4144 87116
1 4145 46794
1 4146 7261
1 4147 4269
1 4148 14755
1 4149 5598
1 4150 32378
1 4151 87645
1 4152 16050
1 4153 54889
1 4154 23296
1 4155 10632
1 4156 57688
1 4157 58967
1 4158 39804
1 4159 3140
1 4160 40876
1 4161 89704
1 4162 42847
1 4163 31080
1 4164 33990
1 4165 8584
1 4166 89333
1 4167 36236
1 4168 34647
1 4169 71397
1 4170 2286
1 4171 34877
1 4172 5728
1 4173 13617
1 4174 38861
1 4175 57449
1 4176 65353
1 4177 61980
1 4178 77158
1 4179 81414
1 4180 83634
1 4181 51232
1 4182 63563
1 4183 41113
1 4184 63410
1 4185 8919
1 4186 47304
1 4187 45632
1 4188 65693
1 4189 5297
1 4190 44660
1 4191 2539
1 4192 51503
1 4193 47610
1 4194 10375
1 4195 47455
1 4196 12671
1 4197 82802
1 4198 73256
1 4199 15868
1 4200 7781
1 4201 83035
1 4202 79527
1 4203 74453
1 4204 82916
1 4205 5297
1 4206 65622
1 4207 57403
1 4208 16017
1 4209 4483
1 4210 45276
1 4211 43904
1 4212 7714
1 4213 72030
1 4214 41995
1 4215 85651
1 4216 35970
1 4217 84026
1 4218 33203
1 4219 9824
1 4220 27601
1 4221 31486
1 4222 34079
1 4223 36037
1 4224 23145
1 4225 6607
1 4226 69074
1 4227 56773
1 4228 8840
1 4229 73028
1 4230 80950
1 4231 84830
1 4232 76205
1 4233 36343
1 4234 61871
1 4235 67968
1 4236 9809
1 4237 53401
1 4238 14918
1 4239 10659
1 4240 70196
1 4241 6490
1 4242 31805
1 4243 5637
1 4244 52317
1 4245 85890
1 4246 75426
1 4247 70679
1 4248 41402
1 4249 47863
1 4250 61052
1 4251 5635
1 4252 80163
1 4253 85971
1 4254 42197
1 4255 41629
1 4256 30194
1 4257 56490
1 4258 3837
1 4259 27484
1 4260 56503
1 4261 55695
1 4262 36353
1 4263 4914
1 4264 59832
1 4265 60516
1 4266 5752
1 4267 27862
1 4268 34015
1 4269 63721
1 4270 15992
1 4271 64869
1 4272 82195
1 4273 65679
1 4274 71634
1 4275 70821
1 4276 23633
1 4277 89385
1 4278 38296
1 4279 19736
1 4280 28633
1 4281 43035
1 4282 4362
1 4283 15551
1 4284 20476
1 4285 83846
1 4286 229
1 4287 66154
1 4288 42357
1 4289 44846
1 4290 64607
1 4291 13697
1 4292 62652
1 4293 78242
1 4294 80568
1 4295 13454
1 4296 49948
1 4297 1995
1 4298 21674
1 4299 26565
1 4300 62720
1 4301 37692
1 4302 44433
1 4303 52602
1 4304 26266
1 4305 14929
1 4306 82320
1 4307 63537
1 4308 56593
1 4309 86218
1 4310 76721
1 4311 7856
1 4312 82547
1 4313 71199
1 4314 64632
1 4315 29202
1 4316 70442
1 4317 67280
1 4318 49543
1 4319 66253
1 4320 21860
1 4321 71957
1 4322 89029
1 4323 4541
1 4324 23723
1 4325 10580
1 4326 13916
1 4327 22477
1 4328 42179
1 4329 14990
1 4330 63918
1 4331 81155
1 4332 2792
1 4333 64107
1 4334 89538
1 4335 13166
1 4336 87040
1 4337 5971
1 4338 72468
1 4339 11812
1 4340 47204
1 4341 48865
1 4342 58526
1 4343 71487
1 4344 2804
1 4345 42737
1 4346 16808
1 4347 53490
1 4348 70101
1 4349 34882
1 4350 6797
1 4351 87340
1 4352 57449
1 4353 22065
1 4354 66914
1 4355 32552
1 4356 81742
1 4357 57454
1 4358 31908
1 4359 56300
1 4360 67310
1 4361 32491
1 4362 83342
1 4363 6898
1 4364 33932
1 4365 79439
1 4366 74319
1 4367 73766
1 4368 75558
1 4369 71053
1 4370 50849
1 4371 23560
1 4372 26711
1 4373 30221
1 4374 67375
1 4375 60939
1 4376 89879
1 4377 34761
1 4378 47510
1 4379 57327
1 4380 14335
1 4381 54990
1 4382 18392
1 4383 9366
1 4384 22218
1 4385 46639
1 4386 49794
1 4387 48616
1 4388 54470
1 4389 34232
1 4390 17561
1 4391 47332
1 4392 59274
1 4393 53310
10000 5607 59991
10000 5608 28847
10000 5609 52000
10000 5610 39179
10000 5611 75413
10000 5612 57693
10000 5613 38906
10000 5614 88639
10000 5615 68332
10000 5616 3628
10000 5617 85785
10000 5618 32222
10000 5619 80032
10000 5620 8257
10000 5621 6526
10000 5622 86710
10000 5623 6002
10000 5624 40695
10000 5625 11524
10000 5626 19047
10000 5627 73102
10000 5628 86883
10000 5629 7685
10000 5630 59741
10000 5631 60546
10000 5632 17829
10000 5633 7999
10000 5634 8993
10000 5635 2592
10000 5636 37169
10000 5637 58782
10000 5638 79468
10000 5639 56760
10000 5640 32399
10000 5641 67831
10000 5642 13151
10000 5643 22518
10000 5644 5388
10000 5645 67165
10000 5646 61898
10000 5647 15909
10000 5648 40665
10000 5649 15392
10000 5650 42932
10000 5651 72507
10000 5652 74908
10000 5653 52576
10000 5654 45102
10000 5655 72575
10000 5656 64226
10000 5657 60703
10000 5658 53107
10000 5659 45526
10000 5660 63545
10000 5661 2018
10000 5662 44226
10000 5663 26167
10000 5664 89048
10000 5665 50568
10000 5666 60999
10000 5667 86376
10000 5668 35559
10000 5669 62007
10000 5670 45713
10000 5671 62123
10000 5672 35209
10000 5673 84891
10000 5674 27831
10000 5675 84983
10000 5676 38271
10000 5677 74129
10000 5678 70479
10000 5679 37992
10000 5680 17588
10000 5681 14314
10000 5682 49278
10000 5683 7191
10000 5684 9559
10000 5685 62443
10000 5686 32460
10000 5687 30769
10000 5688 38226
10000 5689 87286
10000 5690 66469
10000 5691 18378
10000 5692 72464
10000 5693 32883
10000 5694 9676
10000 5695 1395
10000 5696 51959
10000 5697 55552
10000 5698 49300
10000 5699 18753
10000 5700 38858
10000 5701 63110
10000 5702 13242
10000 5703 80674
10000 5704 24771
10000 5705 27081
10000 5706 19262
10000 5707 65591
10000 5708 87188
10000 5709 70835
10000 5710 69994
10000 5711 27843
10000 5712 35801
10000 5713 1658
10000 5714 83707
10000 5715 13827
10000 5716 21138
10000 5717 68517
10000 5718 66069
10000 5719 56242
10000 5720 18659
10000 5721 12431
10000 5722 60062
10000 5723 77233
10000 5724 26601
10000 5725 17146
10000 5726 4320
10000 5727 22714
10000 5728 816
10000 5729 65356
10000 5730 44690
10000 5731 47198
10000 5732 84457
10000 5733 26222
10000 5734 67896
10000 5735 80377
10000 5736 19125
10000 5737 4691
10000 5738 47177
10000 5739 31237
10000 5740 74350
10000 5741 38267
10000 5742 15945
10000 5743 24580
10000 5744 41055
10000 5745 65809
10000 5746 83869
10000 5747 71672
10000 5748 56447
10000 5749 35382
10000 5750 56669
10000 5751 22060
10000 5752 83295
10000 5753 54931
10000 5754 13601
10000 5755 64175
10000 5756 35188
10000 5757 33465
10000 5758 51208
10000 5759 39490
10000 5760 68028
10000 5761 88891
10000 5762 24445
10000 5763 53298
10000 5764 19599
10000 5765 81601
10000 5766 27645
10000 5767 7944
10000 5768 25660
10000 5769 82286
10000 5770 31500
10000 5771 35643
10000 5772 67103
10000 5773 48618
10000 5774 46196
10000 5775 52618
10000 5776 6097
10000 5777 22314
10000 5778 18150
10000 5779 17610
10000 5780 81604
10000 5781 35678
10000 5782 31704
10000 5783 50135
10000 5784 66305
10000 5785 82787
10000 5786 42314
10000 5787 8046
10000 5788 75399
10000 5789 54901
10000 5790 60801
10000 5791 28836
10000 5792 38111
10000 5793 67150
10000 5794 24448
10000 5795 75622
10000 5796 39346
10000 5797 75236
10000 5798 86893
10000 5799 2750
10000 5800 38749
10000 5801 49028
10000 5802 12362
10000 5803 65103
10000 5804 64538
10000 5805 12201
10000 5806 45535
10000 5807 9968
10000 5808 60602
10000 5809 71331
10000 5810 62990
10000 5811 82995
10000 5812 41514
10000 5813 68445
10000 5814 34493
10000 5815 65845
10000 5816 31211
10000 5817 32505
10000 5818 78444
10000 5819 13717
10000 5820 53478
10000 5821 23375
10000 5822 81693
10000 5823 4800
10000 5824 60837
10000 5825 22853
10000 5826 85651
10000 5827 80311
10000 5828 83358
10000 5829 81527
10000 5830 28066
10000 5831 63259
10000 5832 24167
10000 5833 75948
10000 5834 67359
10000 5835 66597
10000 5836 45242
10000 5837 16390
10000 5838 10053
10000 5839 43972
10000 5840 86653
10000 5841 24473
10000 5842 80514
10000 5843 19410
10000 5844 64972
10000 5845 2375
10000 5846 74156
10000 5847 52797
10000 5848 20196
10000 5849 55434
10000 5850 14351
10000 5851 84023
10000 5852 73871
10000 5853 26536
10000 5854 32278
10000 5855 45682
10000 5856 50812
10000 5857 77753
10000 5858 79844
10000 5859 88721
10000 5860 53760
10000 5861 69571
10000 5862 53744
10000 5863 64313
10000 5864 25676
10000 5865 17573
10000 5866 43586
10000 5867 63094
10000 5868 60684
10000 5869 31693
10000 5870 57646
10000 5871 12259
10000 5872 35736
10000 5873 64047
10000 5874 87574
10000 5875 12623
10000 5876 40143
10000 5877 45360
10000 5878 5149
10000 5879 55559
10000 5880 68682
10000 5881 36685
10000 5882 1139
10000 5883 38156
10000 5884 76985
10000 5885 73243
10000 5886 21217
10000 5887 62289
10000 5888 6095
10000 5889 56288
10000 5890 43746
10000 5891 37987
10000 5892 55245
10000 5893 18202
10000 5894 65616
10000 5895 27717
10000 5896 81646
10000 5897 25273
10000 5898 7778
10000 5899 7292
10000 5900 67407
10000 5901 60410
10000 5902 40789
10000 5903 89159
10000 5904 10500
10000 5905 35536
10000 5906 74725
10000 5907 31350
10000 5908 62732
10000 5909 40543
10000 5910 55356
10000 5911 11361
10000 5912 74231
10000 5913 85929
10000 5914 66718
10000 5915 79305
10000 5916 38360
10000 5917 78689
10000 5918 53838
10000 5919 81007
10000 5920 73044
10000 5921 64180
10000 5922 6015
10000 5923 71996
10000 5924 86919
10000 5925 73135
10000 5926 7913
10000 5927 31265
10000 5928 81756
10000 5929 86566
10000 5930 75873
10000 5931 43326
10000 5932 21683
10000 5933 66518
10000 5934 21795
10000 5935 59593
10000 5936 83910
10000 5937 59309
10000 5938 34532
10000 5939 13151
10000 5940 18539
10000 5941 46101
10000 5942 41848
10000 5943 37241
10000 5944 31467
10000 5945 36677
10000 5946 76705
10000 5947 43692
10000 5948 46133
10000 5949 28553
10000 5950 35276
10000 5951 20722
10000 5952 77557
10000 5953 77235
10000 5954 56225
10000 5955 57863
10000 5956 54718
10000 5957 254
10000 5958 77095
10000 5959 51727
10000 5960 68188
10000 5961 26670
10000 5962 24812
10000 5963 25677
10000 5964 27656
10000 5965 59428
10000 5966 31048
10000 5967 19194
10000 5968 2727
10000 5969 32609
10000 5970 67257
10000 5971 63949
10000 5972 61918
10000 5973 67931
10000 5974 82696
10000 5975 22569
10000 5976 44661
10000 5977 80014
10000 5978 31373
10000 5979 1750
10000 5980 66296
10000 5981 31870
10000 5982 50587
10000 5983 33244
10000 5984 42164
10000 5985 84528
10000 5986 40102
10000 5987 53715
10000 5988 11570
10000 5989 69849
10000 5990 60328
10000 5991 76144
10000 5992 54555
10000 5993 20426
10000 5994 21440
10000 5995 14707
10000 5996 45771
10000 5997 55066
10000 5998 20217
10000 5999 69898
10000 6000 13304
10000 6001 29085
10000 6002 15002
10000 6003 3552
10000 6004 54448
10000 6005 67303
10000 6006 19553
10000 6007 27187
10000 6008 37352
10000 6009 83067
10000 6010 16816
10000 6011 65574
10000 6012 51463
10000 6013 18039
10000 6014 29621
10000 6015 57063
10000 6016 45281
10000 6017 12200
10000 6018 5990
10000 6019 85540
10000 6020 59047
10000 6021 61166
10000 6022 41178
10000 6023 21907
10000 6024 29271
10000 6025 6652
10000 6026 14101
10000 6027 77144
10000 6028 14660
10000 6029 32709
10000 6030 18384
10000 6031 82925
10000 6032 25417
10000 6033 85005
10000 6034 42604
10000 6035 3869
10000 6036 5312
10000 6037 33698
10000 6038 9959
10000 6039 76309
10000 6040 7822
10000 6041 10092
10000 6042 15533
10000 6043 42182
10000 6044 83425
10000 6045 22522
10000 6046 25762
10000 6047 6650
10000 6048 64571
10000 6049 58183
10000 6050 61699
10000 6051 37573
10000 6052 45070
10000 6053 29162
10000 6054 35329
10000 6055 7385
10000 6056 66284
10000 6057 55004
10000 6058 23771
10000 6059 39706
10000 6060 87525
10000 6061 36104
10000 6062 79070
10000 6063 51421
10000 6064 89029
10000 6065 26440
10000 6066 32859
10000 6067 73958
10000 6068 60778
10000 6069 89187
10000 6070 13470
10000 6071 31381
10000 6072 88117
10000 6073 71920
10000 6074 48238
10000 6075 22439
10000 6076 74334
10000 6077 19524
10000 6078 405
10000 6079 33354
10000 6080 67247
10000 6081 83359
10000 6082 6575
10000 6083 5696
10000 6084 42625
10000 6085 76697
10000 6086 24604
10000 6087 58216
10000 6088 45031
10000 6089 74594
10000 6090 17463
10000 6091 31597
10000 6092 30730
10000 6093 33844
10000 6094 56726
10000 6095 15988
10000 6096 72990
10000 6097 87577
10000 6098 54870
10000 6099 86238
10000 6100 21370
10000 6101 41961
10000 6102 50282
10000 6103 58971
10000 6104 20739
10000 6105 19419
10000 6106 60435
10000 6107 43280
10000 6108 39874
10000 6109 33781
10000 6110 62096
10000 6111 43185
10000 6112 44947
10000 6113 53254
10000 6114 8312
10000 6115 64175
10000 6116 79575
10000 6117 70262
10000 6118 72237
10000 6119 5568
10000 6120 18660
10000 6121 85118
10000 6122 20457
10000 6123 86948
10000 6124 87677
10000 6125 46785
10000 6126 73794
10000 6127 87169
10000 6128 7154
10000 6129 42880
10000 6130 64671
10000 6131 73738
10000 6132 72301
10000 6133 72151
10000 6134 89964
10000 6135 9351
10000 6136 10912
10000 6137 62646
10000 6138 66639
10000 6139 66947
10000 6140 59322
10000 6141 85847
10000 6142 10349
10000 6143 46733
10000 6144 77499
10000 6145 71738
10000 6146 17146
10000 6147 73272
10000 6148 44824
10000 6149 84605
10000 6150 4926
10000 6151 58869
10000 6152 3455
10000 6153 85142
10000 6154 14936
10000 6155 59431
10000 6156 80143
10000 6157 17093
10000 6158 28461
10000 6159 39129
10000 6160 17544
10000 6161 9471
10000 6162 22275
10000 6163 85092
10000 6164 35288
10000 6165 9150
10000 6166 51609
10000 6167 5021
10000 6168 10934
10000 6169 75541
10000 6170 34717
10000 6171 30761
10000 6172 38317
10000 6173 59563
10000 6174 87451
10000 6175 57781
10000 6176 37453
10000 6177 68038
10000 6178 21087
10000 6179 88853
10000 6180 73154
10000 6181 29757
10000 6182 45325
10000 6183 67086
10000 6184 21871
10000 6185 7061
10000 6186 14078
10000 6187 75700
10000 6188 327
10000 6189 17760
10000 6190 31214
10000 6191 60339
10000 6192 35866
10000 6193 71124
10000 6194 66956
10000 6195 21994
10000 6196 11261
10000 6197 40280
10000 6198 85753
10000 6199 2753
10000 6200 54124
10000 6201 35335
10000 6202 14362
10000 6203 58014
10000 6204 77397
10000 6205 52832
10000 6206 4868
10000 6207 26053
10000 6208 25464
10000 6209 60302
10000 6210 55034
10000 6211 51437
10000 6212 72191
10000 6213 36296
10000 6214 45054
10000 6215 64027
10000 6216 77588
10000 6217 15462
10000 6218 13168
10000 6219 43823
10000 6220 83860
10000 6221 21207
10000 6222 25959
10000 6223 12390
10000 6224 72740
10000 6225 2501
10000 6226 23143
10000 6227 87425
10000 6228 62588
10000 6229 63579
10000 6230 87491
10000 6231 19431
10000 6232 39005
10000 6233 84560
10000 6234 31687
10000 6235 40862
10000 6236 62520
10000 6237 23822
10000 6238 54477
10000 6239 21217
10000 6240 38310
10000 6241 19072
10000 6242 52681
10000 6243 14642
10000 6244 7704
10000 6245 15596
10000 6246 49315
10000 6247 13853
10000 6248 32504
10000 6249 22670
10000 6250 45915
10000 6251 13527
10000 6252 14569
10000 6253 59181
10000 6254 74069
10000 6255 84272
10000 6256 79364
10000 6257 37785
10000 6258 22661
10000 6259 30194
10000 6260 1109
10000 6261 27461
10000 6262 67651
10000 6263 9804
10000 6264 4474
10000 6265 28386
10000 6266 52077
10000 6267 29708
10000 6268 19382
10000 6269 10991
10000 6270 76819
10000 6271 13847
10000 6272 53846
10000 6273 68433
10000 6274 26001
10000 6275 66196
10000 6276 88435
10000 6277 46532
10000 6278 51490
10000 6279 23215
10000 6280 65310
10000 6281 2963
10000 6282 56491
10000 6283 25355
10000 6284 74063
10000 6285 41401
10000 6286 69046
10000 6287 31580
10000 6288 70376
10000 6289 63813
10000 6290 34520
10000 6291 82014
10000 6292 82454
10000 6293 72799
10000 6294 22900
10000 6295 19079
10000 6296 1083
10000 6297 45171
10000 6298 58938
10000 6299 69246
10000 6300 34743
10000 6301 3597
10000 6302 81568
10000 6303 6548
10000 6304 55427
10000 6305 11077
10000 6306 27709
10000 6307 58147
10000 6308 33982
10000 6309 78193
10000 6310 31103
10000 6311 84736
10000 6312 74945
10000 6313 81284
10000 6314 39057
10000 6315 50167
10000 6316 75548
10000 6317 3216
10000 6318 81474
10000 6319 76577
10000 6320 11258
10000 6321 62356
10000 6322 5398
10000 6323 9425
10000 6324 81488
10000 6325 9588
10000 6326 82619
10000 6327 46738
10000 6328 29336
10000 6329 44719
10000 6330 4045
10000 6331 25336
10000 6332 40367
10000 6333 78612
10000 6334 72281
10000 6335 65643
10000 6336 1596
10000 6337 79042
10000 6338 23336
10000 6339 54205
10000 6340 36929
10000 6341 77165
10000 6342 5957
10000 6343 80329
10000 6344 21564
10000 6345 84255
10000 6346 23602
10000 6347 15746
10000 6348 57013
10000 6349 62848
10000 6350 63940
10000 6351 86647
10000 6352 65370
10000 6353 40585
10000 6354 42518
10000 6355 37559
10000 6356 48490
10000 6357 69914
10000 6358 8483
10000 6359 20446
10000 6360 36911
10000 6361 70187
10000 6362 65825
10000 6363 84059
10000 6364 72966
10000 6365 45869
10000 6366 46201
10000 6367 83790
10000 6368 39836
10000 6369 25162
10000 6370 78938
10000 6371 39144
10000 6372 28050
10000 6373 32075
10000 6374 21469
10000 6375 5228
10000 6376 9777
10000 6377 86196
10000 6378 74732
10000 6379 25524
10000 6380 72489
10000 6381 23866
10000 6382 82306
10000 6383 33814
10000 6384 5234
10000 6385 51959
10000 6386 9607
10000 6387 19075
10000 6388 2640
10000 6389 63119
10000 6390 12068
10000 6391 84776
10000 6392 86284
10000 6393 78197
10000 6394 55077
10000 6395 80960
10000 6396 42868
10000 6397 49930
10000 6398 27684
10000 6399 13523
10000 6400 83926
10000 6401 53645
10000 6402 15659
10000 6403 3638
10000 6404 57535
10000 6405 69080
10000 6406 10930
10000 6407 54027
10000 6408 36505
10000 6409 64602
10000 6410 29192
10000 6411 74102
10000 6412 87779
10000 6413 29531
10000 6414 4583
10000 6415 35055
10000 6416 42131
10000 6417 20701
10000 6418 21272
10000 6419 72832
10000 6420 30375
10000 6421 51926
10000 6422 11600
10000 6423 74252
10000 6424 76694
10000 6425 41029
10000 6426 58321
10000 6427 84579
10000 6428 85969
10000 6429 73813
10000 6430 80339
10000 6431 82473
10000 6432 8647
10000 6433 54138
10000 6434 79343
10000 6435 72603
10000 6436 83298
10000 6437 14037
10000 6438 54966
10000 6439 51922
10000 6440 59469
10000 6441 3758
10000 6442 11060
10000 6443 24832
10000 6444 35789
10000 6445 75
10000 6446 74598
10000 6447 31486
10000 6448 11930
10000 6449 39121
10000 6450 31093
10000 6451 25051
10000 6452 12068
10000 6453 66067
10000 6454 44163
10000 6455 1014
10000 6456 47535
10000 6457 53546
10000 6458 60596
10000 6459 47407
10000 6460 62209
10000 6461 79824
10000 6462 20651
10000 6463 2306
10000 6464 83837
10000 6465 79090
10000 6466 50737
10000 6467 6264
10000 6468 74852
10000 6469 35232
10000 6470 16917
10000 6471 54916
10000 6472 51878
10000 6473 51335
10000 6474 41833
10000 6475 13293
10000 6476 52218
10000 6477 36891
10000 6478 84597
10000 6479 77619
10000 6480 58889
10000 6481 41079
10000 6482 20847
10000 6483 58142
10000 6484 27839
10000 6485 2796
10000 6486 84977
10000 6487 80995
10000 6488 5570
10000 6489 17607
10000 6490 65833
10000 6491 41944
10000 6492 64156
10000 6493 11290
10000 6494 3619
10000 6495 36602
10000 6496 3790
10000 6497 27886
10000 6498 67406
10000 6499 46595
10000 6500 53203
10000 6501 84778
10000 6502 49631
10000 6503 42104
10000 6504 83522
10000 6505 63750
10000 6506 52526
10000 6507 40625
10000 6508 76637
10000 6509 43893
10000 6510 37648
10000 6511 4403
10000 6512 54373
10000 6513 64199
10000 6514 27326
10000 6515 30158
10000 6516 66149
10000 6517 74362
10000 6518 67487
10000 6519 28785
10000 6520 42537
10000 6521 40413
10000 6522 78234
10000 6523 62141
10000 6524 12552
10000 6525 68520
10000 6526 12013
10000 6527 78527
10000 6528 1187
10000 6529 82980
10000 6530 31303
10000 6531 20444
10000 6532 43750
10000 6533 21940
10000 6534 40955
10000 6535 62654
10000 6536 53870
10000 6537 78212
10000 6538 33639
10000 6539 27018
10000 6540 81650
10000 6541 88591
10000 6542 9866
10000 6543 37789
10000 6544 26197
10000 6545 76691
10000 6546 88421
10000 6547 72593
10000 6548 72849
10000 6549 78483
10000 6550 55012
10000 6551 54320
10000 6552 5527
10000 6553 88632
10000 6554 72884
10000 6555 82169
10000 6556 16702
10000 6557 52462
10000 6558 82856
10000 6559 60678
10000 6560 79028
10000 6561 42690
10000 6562 86789
10000 6563 16880
10000 6564 52119
10000 6565 18537
10000 6566 25413
10000 6567 34325
10000 6568 25182
10000 6569 65744
10000 6570 44131
10000 6571 8608
10000 6572 45684
10000 6573 51760
10000 6574 56217
10000 6575 25197
10000 6576 61882
10000 6577 65664
10000 6578 84155
10000 6579 60844
10000 6580 44486
10000 6581 31770
10000 6582 79376
10000 6583 61709
10000 6584 45454
10000 6585 69026
10000 6586 33072
10000 6587 54550
10000 6588 27776
10000 6589 17530
10000 6590 75455
10000 6591 88844
10000 6592 37660
10000 6593 13074
10000 6594 13953
10000 6595 88281
10000 6596 31845
10000 6597 62012
10000 6598 43051
10000 6599 88657
10000 6600 26662
10000 6601 9936
10000 6602 46543
10000 6603 6918
10000 6604 6246
10000 6605 87636
10000 6606 73987
10000 6607 35884
10000 6608 60133
10000 6609 53367
10000 6610 2790
10000 6611 62378
10000 6612 89986
10000 6613 269
10000 6614 20229
10000 6615 61629
10000 6616 12684
10000 6617 41464
10000 6618 29923
10000 6619 14841
10000 6620 35319
10000 6621 27856
10000 6622 46440
10000 6623 40368
10000 6624 30410
10000 6625 40591
10000 6626 10823
10000 6627 141
10000 6628 2525
10000 6629 63530
10000 6630 88424
10000 6631 85493
10000 6632 2021
10000 6633 84289
10000 6634 81229
10000 6635 16692
10000 6636 73291
10000 6637 72292
10000 6638 55688
10000 6639 76289
10000 6640 86476
10000 6641 32528
10000 6642 8872
10000 6643 25477
10000 6644 78352
10000 6645 22618
10000 6646 36096
10000 6647 30472
10000 6648 87971
10000 6649 10670
10000 6650 22288
10000 6651 81689
10000 6652 56003
10000 6653 32795
10000 6654 14558
10000 6655 58383
10000 6656 27989
10000 6657 77713
10000 6658 33634
10000 6659 67751
10000 6660 78828
10000 6661 14902
10000 6662 68473
10000 6663 17110
10000 6664 72887
10000 6665 31093
10000 6666 20068
10000 6667 87377
10000 6668 17919
10000 6669 16176
10000 6670 9681
10000 6671 89422
10000 6672 65403
10000 6673 70898
10000 6674 10356
10000 6675 78813
10000 6676 16553
10000 6677 49868
10000 6678 84606
10000 6679 82053
10000 6680 9634
10000 6681 26031
10000 6682 38300
10000 6683 58009
10000 6684 77814
10000 6685 84974
10000 6686 88549
10000 6687 46607
10000 6688 65437
10000 6689 73517
10000 6690 85539
10000 6691 80805
10000 6692 84079
10000 6693 63129
10000 6694 50755
10000 6695 84524
10000 6696 21072
10000 6697 9389
10000 6698 70897
10000 6699 75268
10000 6700 58517
10000 6701 10195
10000 6702 49962
10000 6703 62360
10000 6704 85447
10000 6705 66574
10000 6706 36659
10000 6707 88169
10000 6708 18416
10000 6709 36087
10000 6710 67648
10000 6711 8411
10000 6712 1241
10000 6713 19905
10000 6714 67750
10000 6715 81280
10000 6716 64592
10000 6717 23290
10000 6718 13325
10000 6719 4116
10000 6720 73564
10000 6721 79828
10000 6722 29794
10000 6723 47977
10000 6724 20693
10000 6725 75245
10000 6726 39939
10000 6727 9523
10000 6728 80669
10000 6729 66369
10000 6730 10177
10000 6731 59038
10000 6732 35759
10000 6733 6146
10000 6734 52042
10000 6735 84759
10000 6736 75988
10000 6737 29769
10000 6738 11235
10000 6739 30330
10000 6740 15523
10000 6741 45336
10000 6742 26176
10000 6743 52461
10000 6744 31709
10000 6745 67501
10000 6746 34902
10000 6747 1482
10000 6748 77428
10000 6749 14836
10000 6750 88992
10000 6751 31434
10000 6752 52503
10000 6753 19044
10000 6754 78547
10000 6755 68289
10000 6756 29746
10000 6757 66197
10000 6758 21702
10000 6759 70150
10000 6760 87926
10000 6761 5282
10000 6762 19312
10000 6763 89960
10000 6764 55885
10000 6765 34267
10000 6766 62406
10000 6767 14905
10000 6768 27532
10000 6769 64762
10000 6770 85320
10000 6771 33485
10000 6772 88335
10000 6773 62225
10000 6774 72277
10000 6775 82623
10000 6776 18377
10000 6777 4812
10000 6778 86350
10000 6779 7153
10000 6780 3143
10000 6781 31292
10000 6782 45187
10000 6783 79568
10000 6784 30219
10000 6785 75592
10000 6786 27439
10000 6787 20739
10000 6788 2093
10000 6789 47389
10000 6790 76041
10000 6791 10309
10000 6792 28912
10000 6793 47054
10000 6794 12891
10000 6795 889
10000 6796 48200
10000 6797 53597
10000 6798 69747
10000 6799 78631
10000 6800 13447
10000 6801 7757
10000 6802 60914
10000 6803 7110
10000 6804 7877
10000 6805 77999
10000 6806 54837
10000 6807 47823
10000 6808 29105
10000 6809 6836
10000 6810 20132
10000 6811 75034
10000 6812 22448
10000 6813 74355
10000 6814 31267
10000 6815 30317
10000 6816 11121
10000 6817 41122
10000 6818 68241
10000 6819 16140
10000 6820 12079
10000 6821 78100
10000 6822 80041
10000 6823 53842
10000 6824 35290
10000 6825 26939
10000 6826 22605
10000 6827 13247
10000 6828 13229
10000 6829 79848
10000 6830 68435
10000 6831 2802
10000 6832 20409
10000 6833 11375
10000 6834 79690
10000 6835 45305
10000 6836 15361
10000 6837 41104
10000 6838 35051
10000 6839 67352
10000 6840 66577
10000 6841 943
10000 6842 82916
10000 6843 22316
10000 6844 83550
10000 6845 6345
10000 6846 36051
10000 6847 43827
10000 6848 15059
10000 6849 4077
10000 6850 75041
10000 6851 40084
10000 6852 68805
10000 6853 7037
10000 6854 80470
10000 6855 75068
10000 6856 61676
10000 6857 50769
10000 6858 77348
10000 6859 66387
10000 6860 35117
10000 6861 63090
10000 6862 63081
10000 6863 75797
10000 6864 28408
10000 6865 39870
10000 6866 12907
10000 6867 40013
10000 6868 80087
10000 6869 62796
10000 6870 74469
10000 6871 23973
10000 6872 49273
10000 6873 72308
10000 6874 74719
10000 6875 45058
10000 6876 87622
10000 6877 1559
10000 6878 35002
10000 6879 33787
10000 6880 40480
10000 6881 86447
10000 6882 34251
10000 6883 43793
10000 6884 48735
10000 6885 4924
10000 6886 28548
10000 6887 2411
10000 6888 73262
10000 6889 21219
10000 6890 83679
10000 6891 29229
10000 6892 48242
10000 6893 49614
10000 6894 25929
10000 6895 69207
10000 6896 87660
10000 6897 29948
10000 6898 881
10000 6899 80322
10000 6900 49139
10000 6901 61529
10000 6902 62821
10000 6903 45287
10000 6904 11748
10000 6905 86056
10000 6906 11266
10000 6907 51236
10000 6908 57910
10000 6909 13907
10000 6910 67962
10000 6911 32969
10000 6912 75345
10000 6913 57540
10000 6914 33712
10000 6915 34918
10000 6916 11422
10000 6917 87064
10000 6918 55560
10000 6919 76680
10000 6920 48941
10000 6921 57246
10000 6922 19570
10000 6923 86704
10000 6924 86480
10000 6925 44616
10000 6926 84746
10000 6927 47000
10000 6928 40152
10000 6929 72605
10000 6930 43205
10000 6931 89881
10000 6932 5149
10000 6933 43184
10000 6934 72638
10000 6935 42550
10000 6936 37445
10000 6937 68592
10000 6938 86332
10000 6939 23078
10000 6940 82349
10000 6941 57392
10000 6942 66485
10000 6943 49234
10000 6944 65551
10000 6945 46514
10000 6946 2404
10000 6947 4563
10000 6948 44789
10000 6949 86102
10000 6950 87617
10000 6951 13287
10000 6952 59221
10000 6953 88651
10000 6954 3548
10000 6955 8572
10000 6956 47453
10000 6957 74672
10000 6958 51984
10000 6959 58390
10000 6960 30020
10000 6961 76274
10000 6962 62201
10000 6963 72513
10000 6964 52147
10000 6965 42735
10000 6966 83462
10000 6967 34107
10000 6968 88063
10000 6969 87503
10000 6970 76211
10000 6971 24551
10000 6972 69356
10000 6973 16064
10000 6974 17039
10000 6975 85302
10000 6976 81742
10000 6977 50025
10000 6978 1882
10000 6979 67273
10000 6980 15332
10000 6981 15718
10000 6982 26677
10000 6983 17542
10000 6984 67085
10000 6985 67443
10000 6986 81289
10000 6987 36064
10000 6988 88538
10000 6989 30986
10000 6990 61750
10000 6991 16995
10000 6992 86551
10000 6993 6091
10000 6994 62017
10000 6995 45350
10000 6996 85559
10000 6997 5023
10000 6998 62065
10000 6999 24618
10000 7000 41857
10000 7001 19585
10000 7002 2580
10000 7003 56376
10000 7004 75043
10000 7005 41645
10000 7006 62990
10000 7007 4447
10000 7008 24393
10000 7009 72123
10000 7010 33288
10000 7011 4837
10000 7012 26835
10000 7013 14834
10000 7014 34315
10000 7015 82564
10000 7016 7037
10000 7017 15621
10000 7018 86755
10000 7019 54967
10000 7020 35760
10000 7021 18654
10000 7022 5461
10000 7023 679
10000 7024 24162
10000 7025 4636
10000 7026 51308
10000 7027 18305
10000 7028 88575
10000 7029 25557
10000 7030 9213
10000 7031 6490
10000 7032 75484
10000 7033 45836
10000 7034 14785
10000 7035 53131
10000 7036 37371
10000 7037 6355
10000 7038 88035
10000 7039 46871
10000 7040 32282
10000 7041 34663
10000 7042 36933
10000 7043 57572
10000 7044 42867
10000 7045 10851
10000 7046 68710
10000 7047 36713
10000 7048 76825
10000 7049 18858
10000 7050 37426
10000 7051 75804
10000 7052 31943
10000 7053 54356
10000 7054 43763
10000 7055 44214
10000 7056 23868
10000 7057 14066
10000 7058 15158
10000 7059 25994
10000 7060 84848
10000 7061 59978
10000 7062 7446
10000 7063 50516
10000 7064 72083
10000 7065 17222
10000 7066 4282
10000 7067 66757
10000 7068 76109
10000 7069 9507
10000 7070 4933
10000 7071 86490
10000 7072 5312
10000 7073 20675
10000 7074 20640
10000 7075 30444
10000 7076 73467
10000 7077 23403
10000 7078 54168
10000 7079 16319
10000 7080 70666
10000 7081 52887
10000 7082 27682
10000 7083 30347
10000 7084 42394
10000 7085 74548
10000 7086 83730
10000 7087 39240
10000 7088 75445
10000 7089 37352
10000 7090 70616
10000 7091 15510
10000 7092 12735
10000 7093 2179
10000 7094 76723
10000 7095 80182
10000 7096 5319
10000 7097 20285
10000 7098 70829
10000 7099 55513
10000 7100 76020
10000 7101 74584
10000 7102 75033
10000 7103 36298
10000 7104 38323
10000 7105 67673
10000 7106 47775
10000 7107 59615
10000 7108 22797
10000 7109 35251
10000 7110 29033
10000 7111 80741
10000 7112 21917
10000 7113 71085
10000 7114 52846
10000 7115 62335
10000 7116 40104
10000 7117 75399
10000 7118 45385
10000 7119 45213
10000 7120 42649
10000 7121 26482
10000 7122 50196
10000 7123 54603
10000 7124 70309
10000 7125 82750
10000 7126 9740
10000 7127 37415
10000 7128 20478
10000 7129 13306
10000 7130 41432
10000 7131 85748
10000 7132 53117
10000 7133 8631
10000 7134 80075
10000 7135 21306
10000 7136 84170
10000 7137 48235
10000 7138 25085
10000 7139 23845
10000 7140 1245
10000 7141 77214
10000 7142 79623
10000 7143 33594
10000 7144 26098
10000 7145 84171
10000 7146 29587
10000 7147 63500
10000 7148 55304
10000 7149 3992
10000 7150 57566
10000 7151 56031
10000 7152 70969
10000 7153 50765
10000 7154 24078
10000 7155 32471
10000 7156 32120
10000 7157 36881
10000 7158 71286
10000 7159 45521
10000 7160 62670
10000 7161 3424
10000 7162 82880
10000 7163 63425
10000 7164 52915
10000 7165 79116
10000 7166 67568
10000 7167 72487
10000 7168 50159
10000 7169 66451
10000 7170 48216
10000 7171 16887
10000 7172 59779
10000 7173 58034
10000 7174 22997
10000 7175 33996
10000 7176 33551
10000 7177 67807
10000 7178 56384
10000 7179 45866
10000 7180 87332
10000 7181 34236
10000 7182 14743
10000 7183 80768
10000 7184 83132
10000 7185 72607
10000 7186 5005
10000 7187 65866
10000 7188 20120
10000 7189 87479
10000 7190 28243
10000 7191 50556
10000 7192 45749
10000 7193 84806
10000 7194 32616
10000 7195 26916
10000 7196 63079
10000 7197 42586
10000 7198 70825
10000 7199 73295
10000 7200 1098
10000 7201 39585
10000 7202 81526
10000 7203 77507
10000 7204 6375
10000 7205 18582
10000 7206 31821
10000 7207 9471
10000 7208 64780
10000 7209 7799
10000 7210 73072
10000 7211 81040
10000 7212 69749
10000 7213 5976
10000 7214 21736
10000 7215 64542
10000 7216 4118
10000 7217 29429
10000 7218 57102
10000 7219 35355
10000 7220 8947
10000 7221 65903
10000 7222 39001
10000 7223 85289
10000 7224 18940
10000 7225 45478
10000 7226 56827
10000 7227 36885
10000 7228 67008
10000 7229 55380
10000 7230 76724
10000 7231 66854
10000 7232 76262
10000 7233 38027
10000 7234 66663
10000 7235 4230
10000 7236 76388
10000 7237 64224
10000 7238 69266
10000 7239 17607
10000 7240 51487
10000 7241 73701
10000 7242 52829
10000 7243 9815
10000 7244 87427
10000 7245 85067
10000 7246 14924
10000 7247 79645
10000 7248 6290
10000 7249 77465
10000 7250 82506
10000 7251 75846
10000 7252 8977
10000 7253 65956
10000 7254 55428
10000 7255 86689
10000 7256 25928
10000 7257 35839
10000 7258 32282
10000 7259 57587
10000 7260 11789
10000 7261 11416
10000 7262 30397
10000 7263 66008
10000 7264 88210
10000 7265 31496
10000 7266 13065
10000 7267 7865
10000 7268 53958
10000 7269 53994
10000 7270 4300
10000 7271 46348
10000 7272 89878
10000 7273 55589
10000 7274 3680
10000 7275 81690
10000 7276 80085
10000 7277 25083
10000 7278 72135
10000 7279 72500
10000 7280 77272
10000 7281 28743
10000 7282 61854
10000 7283 25044
10000 7284 59706
10000 7285 40752
10000 7286 55918
10000 7287 23469
10000 7288 62990
10000 7289 18243
10000 7290 26419
10000 7291 76487
10000 7292 63622
10000 7293 3871
10000 7294 68588
10000 7295 6344
10000 7296 89206
10000 7297 29543
10000 7298 35798
10000 7299 81886
10000 7300 52977
10000 7301 81490
10000 7302 16245
10000 7303 62057
10000 7304 30390
10000 7305 15589
10000 7306 21491
10000 7307 62864
10000 7308 60050
10000 7309 87169
10000 7310 53477
10000 7311 88628
10000 7312 19603
10000 7313 3494
10000 7314 37483
10000 7315 55858
10000 7316 86847
10000 7317 24428
10000 7318 9799
10000 7319 50197
10000 7320 4837
10000 7321 72210
10000 7322 77781
10000 7323 37202
10000 7324 81126
10000 7325 9496
10000 7326 56334
10000 7327 68934
10000 7328 3200
10000 7329 26889
10000 7330 16643
10000 7331 27331
10000 7332 84761
10000 7333 72862
10000 7334 32618
10000 7335 19088
10000 7336 62272
10000 7337 51896
10000 7338 61180
10000 7339 46686
10000 7340 71107
10000 7341 39360
10000 7342 68857
10000 7343 36839
10000 7344 12811
10000 7345 36926
10000 7346 27441
10000 7347 25163
10000 7348 2731
10000 7349 65071
10000 7350 71612
10000 7351 55736
10000 7352 27463
10000 7353 89390
10000 7354 61021
10000 7355 44528
10000 7356 19745
10000 7357 69918
10000 7358 53270
10000 7359 55904
10000 7360 57930
10000 7361 54443
10000 7362 16406
10000 7363 74591
10000 7364 33309
10000 7365 64183
10000 7366 64182
10000 7367 65044
10000 7368 46577
10000 7369 84553
10000 7370 54144
10000 7371 15824
10000 7372 49704
10000 7373 73741
10000 7374 12878
10000 7375 56625
10000 7376 6184
10000 7377 27151
10000 7378 74925
10000 7379 64071
10000 7380 81937
10000 7381 29824
10000 7382 64299
10000 7383 18113
10000 7384 64019
10000 7385 43005
10000 7386 38871
10000 7387 59772
10000 7388 43130
10000 7389 3471
10000 7390 17697
10000 7391 77811
10000 7392 28874
10000 7393 39045
10000 7394 169
10000 7395 75752
10000 7396 73305
10000 7397 5119
10000 7398 63385
10000 7399 11728
10000 7400 13777
10000 7401 26138
10000 7402 38629
10000 7403 49610
10000 7404 15870
10000 7405 20861
10000 7406 38709
10000 7407 41037
10000 7408 20295
10000 7409 79322
10000 7410 15048
10000 7411 69971
10000 7412 35147
10000 7413 16416
10000 7414 59375
10000 7415 74928
10000 7416 10339
10000 7417 47701
10000 7418 36958
10000 7419 18102
10000 7420 39361
10000 7421 5467
10000 7422 10085
10000 7423 78477
10000 7424 84361
10000 7425 9672
10000 7426 64725
10000 7427 33639
10000 7428 46118
10000 7429 4029
10000 7430 22584
10000 7431 12233
10000 7432 18874
10000 7433 80261
10000 7434 47407
10000 7435 21920
10000 7436 57672
10000 7437 27150
10000 7438 77118
10000 7439 65982
10000 7440 76403
10000 7441 51715
10000 7442 20967
10000 7443 60067
10000 7444 43410
10000 7445 43067
10000 7446 63155
10000 7447 5141
10000 7448 69427
10000 7449 52839
10000 7450 10771
10000 7451 68122
10000 7452 69251
10000 7453 67787
10000 7454 55702
10000 7455 66600
10000 7456 64840
10000 7457 35830
10000 7458 81673
10000 7459 48754
10000 7460 30815
10000 7461 60328
10000 7462 38970
10000 7463 71624
10000 7464 26299
10000 7465 65666
10000 7466 13075
10000 7467 19119
10000 7468 70738
10000 7469 16268
10000 7470 40850
10000 7471 62976
10000 7472 42244
10000 7473 56099
10000 7474 10541
10000 7475 41833
10000 7476 31088
10000 7477 3337
10000 7478 43597
10000 7479 78039
10000 7480 1295
10000 7481 23803
10000 7482 55857
10000 7483 1165
10000 7484 84108
10000 7485 11929
10000 7486 1545
10000 7487 51896
10000 7488 46544
10000 7489 41237
10000 7490 73377
10000 7491 72934
10000 7492 10473
10000 7493 25099
10000 7494 34713
10000 7495 13356
10000 7496 12637
10000 7497 59652
10000 7498 75992
10000 7499 21529
10000 7500 47249
10000 7501 25604
10000 7502 31372
10000 7503 74066
10000 7504 68909
10000 7505 61436
10000 7506 87045
10000 7507 72966
10000 7508 2101
10000 7509 5168
10000 7510 6208
10000 7511 36699
10000 7512 44423
10000 7513 32947
10000 7514 84826
10000 7515 15941
10000 7516 21099
10000 7517 69997
10000 7518 78042
10000 7519 88152
10000 7520 13687
10000 7521 9130
10000 7522 32100
10000 7523 49981
10000 7524 3075
10000 7525 81129
10000 7526 5632
10000 7527 59991
10000 7528 39951
10000 7529 34475
10000 7530 72254
10000 7531 23756
10000 7532 23073
10000 7533 26072
10000 7534 54687
10000 7535 34115
10000 7536 83299
10000 7537 89067
10000 7538 27492
10000 7539 39423
10000 7540 70359
10000 7541 66925
10000 7542 72818
10000 7543 87985
10000 7544 57030
10000 7545 40751
10000 7546 53734
10000 7547 9641
10000 7548 60313
10000 7549 68413
10000 7550 55782
10000 7551 20591
10000 7552 53468
10000 7553 80625
10000 7554 80741
10000 7555 73952
10000 7556 67889
10000 7557 79292
10000 7558 1013
10000 7559 50720
10000 7560 58706
10000 7561 35550
10000 7562 34705
10000 7563 57802
10000 7564 70761
10000 7565 56093
10000 7566 57610
10000 7567 83975
10000 7568 58621
10000 7569 87785
10000 7570 27918
10000 7571 51367
10000 7572 54235
10000 7573 15191
10000 7574 74764
10000 7575 37838
10000 7576 71435
10000 7577 4087
10000 7578 75975
10000 7579 44316
10000 7580 22674
10000 7581 64257
10000 7582 77666
10000 7583 1514
10000 7584 74841
10000 7585 89303
10000 7586 2213
10000 7587 55277
10000 7588 78306
10000 7589 50664
10000 7590 49385
10000 7591 61351
10000 7592 67129
10000 7593 81903
10000 7594 52541
10000 7595 83621
10000 7596 52535
10000 7597 82526
10000 7598 48580
10000 7599 40431
10000 7600 54089
10000 7601 77037
10000 7602 605
10000 7603 65901
10000 7604 69355
10000 7605 76619
10000 7606 80598
10000 7607 81657
10000 7608 37249
10000 7609 20029
10000 7610 58861
10000 7611 75078
10000 7612 74065
10000 7613 47386
10000 7614 39916
10000 7615 54976
10000 7616 49467
10000 7617 76552
10000 7618 25548
10000 7619 88924
10000 7620 75794
10000 7621 83851
10000 7622 17469
10000 7623 67791
10000 7624 68667
10000 7625 78062
10000 7626 14814
10000 7627 16414
10000 7628 87110
10000 7629 89349
10000 7630 8342
10000 7631 20179
10000 7632 75101
10000 7633 86826
10000 7634 46249
10000 7635 30570
10000 7636 78669
10000 7637 25523
10000 7638 53234
10000 7639 69791
10000 7640 15379
10000 7641 88143
10000 7642 64040
10000 7643 4152
10000 7644 58728
10000 7645 7345
10000 7646 75684
10000 7647 11620
10000 7648 32771
10000 7649 56845
10000 7650 89867
10000 7651 47541
10000 7652 72362
10000 7653 59226
10000 7654 14345
10000 7655 65614
10000 7656 80281
10000 7657 85989
10000 7658 6164
10000 7659 84613
10000 7660 10589
10000 7661 62311
10000 7662 43034
10000 7663 38171
10000 7664 49205
10000 7665 24175
10000 7666 65558
10000 7667 20173
10000 7668 37887
10000 7669 5942
10000 7670 78868
10000 7671 21823
10000 7672 20471
10000 7673 69574
10000 7674 70756
10000 7675 54444
10000 7676 37260
10000 7677 88381
10000 7678 53712
10000 7679 30324
10000 7680 27003
10000 7681 54429
10000 7682 41652
10000 7683 29138
10000 7684 46227
10000 7685 4467
10000 7686 51530
10000 7687 61147
10000 7688 83390
10000 7689 73939
10000 7690 49963
10000 7691 38064
10000 7692 68722
10000 7693 9269
10000 7694 66920
10000 7695 48459
10000 7696 80349
10000 7697 18113
10000 7698 68732
10000 7699 28988
10000 7700 89052
10000 7701 7759
10000 7702 81668
10000 7703 72366
10000 7704 24930
10000 7705 34865
10000 7706 77400
10000 7707 597
10000 7708 44327
10000 7709 59865
10000 7710 25225
10000 7711 44862
10000 7712 19168
10000 7713 88021
10000 7714 41020
10000 7715 75263
10000 7716 16721
10000 7717 83605
10000 7718 36950
10000 7719 78708
10000 7720 44743
10000 7721 13145
10000 7722 38360
10000 7723 16632
10000 7724 69142
10000 7725 13588
10000 7726 50142
10000 7727 61048
10000 7728 81798
10000 7729 60643
10000 7730 30796
10000 7731 46033
10000 7732 295
10000 7733 54322
10000 7734 79346
10000 7735 49542
10000 7736 52963
10000 7737 5496
10000 7738 165
10000 7739 76554
10000 7740 71600
10000 7741 35636
10000 7742 43196
10000 7743 49330
10000 7744 61698
10000 7745 88352
10000 7746 47018
10000 7747 41590
10000 7748 21509
10000 7749 44030
10000 7750 6171
10000 7751 74863
10000 7752 44831
10000 7753 79514
10000 7754 82170
10000 7755 33531
10000 7756 76545
10000 7757 76667
10000 7758 7062
10000 7759 14979
10000 7760 18947
10000 7761 46427
10000 7762 16611
10000 7763 67325
10000 7764 40133
10000 7765 41515
10000 7766 45965
10000 7767 3796
10000 7768 84968
10000 7769 39359
10000 7770 25913
10000 7771 57995
10000 7772 24714
10000 7773 37437
10000 7774 47959
10000 7775 81267
10000 7776 49165
10000 7777 67759
10000 7778 68636
10000 7779 66327
10000 7780 35026
10000 7781 74371
10000 7782 3394
10000 7783 32460
10000 7784 44754
10000 7785 81587
10000 7786 12996
10000 7787 29625
10000 7788 43874
10000 7789 8973
10000 7790 19459
10000 7791 74541
10000 7792 25768
10000 7793 52460
10000 7794 87836
10000 7795 25313
10000 7796 23436
10000 7797 36935
10000 7798 57682
10000 7799 47584
10000 7800 11693
10000 7801 39241
10000 7802 76673
10000 7803 62474
10000 7804 70240
10000 7805 67355
10000 7806 79957
10000 7807 5665
10000 7808 4485
10000 7809 41035
10000 7810 2761
10000 7811 85937
10000 7812 18476
10000 7813 48537
10000 7814 70498
10000 7815 53389
10000 7816 71177
10000 7817 57971
10000 7818 19361
10000 7819 45335
10000 7820 18954
10000 7821 65280
10000 7822 38275
10000 7823 69822
10000 7824 25712
10000 7825 54837
10000 7826 12985
10000 7827 38936
10000 7828 29698
10000 7829 59993
10000 7830 44796
10000 7831 42521
10000 7832 35230
10000 7833 89416
10000 7834 32908
10000 7835 2808
10000 7836 5789
10000 7837 22503
10000 7838 74217
10000 7839 39884
10000 7840 67836
10000 7841 40320
10000 7842 86767
10000 7843 89861
10000 7844 70404
10000 7845 82566
10000 7846 52
10000 7847 73377
10000 7848 75331
10000 7849 27121
10000 7850 70076
10000 7851 35756
10000 7852 36591
10000 7853 3954
10000 7854 8460
10000 7855 88093
10000 7856 9830
10000 7857 32362
10000 7858 71730
10000 7859 36360
10000 7860 77622
10000 7861 6279
10000 7862 48403
10000 7863 69518
10000 7864 49356
10000 7865 88896
10000 7866 72791
10000 7867 86417
10000 7868 75062
10000 7869 15831
10000 7870 28503
10000 7871 30788
10000 7872 69789
10000 7873 55325
10000 7874 89588
10000 7875 51502
10000 7876 64452
10000 7877 25518
10000 7878 58311
10000 7879 32470
10000 7880 45481
10000 7881 51635
10000 7882 4476
10000 7883 87734
10000 7884 39149
10000 7885 69242
10000 7886 14786
10000 7887 68064
10000 7888 74273
10000 7889 69303
10000 7890 42181
10000 7891 51159
10000 7892 49798
10000 7893 85766
10000 7894 31171
10000 7895 8748
10000 7896 40491
10000 7897 84866
10000 7898 20355
10000 7899 28022
10000 7900 31194
10000 7901 72651
10000 7902 57696
10000 7903 47740
10000 7904 11893
10000 7905 32037
10000 7906 16815
10000 7907 77963
10000 7908 41204
10000 7909 9257
10000 7910 50593
10000 7911 56019
10000 7912 43079
10000 7913 13478
10000 7914 43834
10000 7915 8024
10000 7916 77608
10000 7917 41908
10000 7918 1455
10000 7919 33381
10000 7920 24937
10000 7921 73385
10000 7922 35234
10000 7923 55460
10000 7924 7027
10000 7925 53218
10000 7926 22317
10000 7927 9430
10000 7928 89319
10000 7929 58050
10000 7930 55874
10000 7931 60468
10000 7932 68150
10000 7933 64711
10000 7934 87437
10000 7935 5684
10000 7936 25794
10000 7937 38193
10000 7938 65084
10000 7939 6841
10000 7940 18390
10000 7941 58268
10000 7942 39049
10000 7943 44259
10000 7944 48133
10000 7945 22876
10000 7946 70097
10000 7947 16141
10000 7948 57800
10000 7949 42989
10000 7950 57144
10000 7951 24702
10000 7952 47610
10000 7953 55759
10000 7954 52466
10000 7955 45782
10000 7956 51597
10000 7957 41210
10000 7958 34485
10000 7959 65801
10000 7960 84367
10000 7961 44117
10000 7962 12258
10000 7963 73282
10000 7964 36845
10000 7965 43349
10000 7966 47084
10000 7967 79615
10000 7968 87451
10000 7969 49380
10000 7970 84152
10000 7971 16324
10000 7972 55416
10000 7973 9663
10000 7974 65512
10000 7975 19729
10000 7976 72445
10000 7977 36341
10000 7978 62543
10000 7979 71386
10000 7980 627
10000 7981 27679
10000 7982 72810
10000 7983 25590
10000 7984 31514
10000 7985 544
10000 7986 65552
10000 7987 82997
10000 7988 18098
10000 7989 68528
10000 7990 71835
10000 7991 65754
10000 7992 74990
10000 7993 53105
10000 7994 51646
10000 7995 9759
10000 7996 89176
10000 7997 4360
10000 7998 78892
10000 7999 43965
10000 8000 73466
10000 8001 29163
10000 8002 54413
10000 8003 63259
10000 8004 19458
10000 8005 82624
10000 8006 84113
10000 8007 72251
10000 8008 18191
10000 8009 50859
10000 8010 20608
10000 8011 34174
10000 8012 7947
10000 8013 48985
10000 8014 54477
10000 8015 59889
10000 8016 78927
10000 8017 36958
10000 8018 79602
10000 8019 58528
10000 8020 71889
10000 8021 77777
10000 8022 60330
10000 8023 60891
10000 8024 69835
10000 8025 45636
10000 8026 3836
10000 8027 32870
10000 8028 83168
10000 8029 13194
10000 8030 18325
10000 8031 52433
10000 8032 43086
10000 8033 55514
10000 8034 20231
10000 8035 71890
10000 8036 46265
10000 8037 52230
10000 8038 44776
10000 8039 56865
10000 8040 53890
10000 8041 20709
10000 8042 62604
10000 8043 79722
10000 8044 71207
10000 8045 58127
10000 8046 1769
10000 8047 47476
10000 8048 74
10000 8049 14573
10000 8050 54128
10000 8051 81512
10000 8052 59853
10000 8053 18310
10000 8054 47909
10000 8055 13300
10000 8056 89299
10000 8057 61912
10000 8058 8093
10000 8059 51917
10000 8060 56421
10000 8061 25734
10000 8062 68317
10000 8063 48214
10000 8064 26267
10000 8065 49860
10000 8066 65633
10000 8067 64817
10000 8068 73415
10000 8069 3071
10000 8070 48834
10000 8071 75471
10000 8072 28210
10000 8073 85776
10000 8074 50115
10000 8075 63269
10000 8076 5194
10000 8077 5297
10000 8078 26347
10000 8079 4687
10000 8080 33328
10000 8081 77410
10000 8082 60989
10000 8083 5319
10000 8084 40383
10000 8085 69062
10000 8086 59408
10000 8087 41982
10000 8088 15236
10000 8089 61819
10000 8090 44429
10000 8091 4584
10000 8092 88516
10000 8093 15187
10000 8094 41775
10000 8095 67177
10000 8096 30734
10000 8097 24198
10000 8098 71801
10000 8099 79723
10000 8100 19918
10000 8101 76015
10000 8102 40340
10000 8103 23291
10000 8104 4738
10000 8105 70768
10000 8106 70956
10000 8107 67880
10000 8108 88684
10000 8109 23967
10000 8110 82545
10000 8111 39386
10000 8112 65270
10000 8113 72062
10000 8114 23258
10000 8115 515
10000 8116 72985
10000 8117 29995
10000 8118 15765
10000 8119 1551
10000 8120 46448
10000 8121 45159
10000 8122 51115
10000 8123 26071
10000 8124 42698
10000 8125 748
10000 8126 60591
10000 8127 6160
10000 8128 57997
10000 8129 37368
10000 8130 6929
10000 8131 9577
10000 8132 67364
10000 8133 64930
10000 8134 40879
10000 8135 65261
10000 8136 65239
10000 8137 63676
10000 8138 62964
10000 8139 36603
10000 8140 89733
10000 8141 51370
10000 8142 29251
10000 8143 74681
10000 8144 34980
10000 8145 89366
10000 8146 13182
10000 8147 36095
10000 8148 79017
10000 8149 89993
10000 8150 50993
10000 8151 71469
10000 8152 1291
10000 8153 81998
10000 8154 54968
10000 8155 52246
10000 8156 4421
10000 8157 30030
10000 8158 52072
10000 8159 29947
10000 8160 35174
10000 8161 77321
10000 8162 34325
10000 8163 52733
10000 8164 12453
10000 8165 14848
10000 8166 48944
10000 8167 64850
10000 8168 39455
10000 8169 45257
10000 8170 6567
10000 8171 59771
10000 8172 68719
10000 8173 7476
10000 8174 11407
10000 8175 2311
10000 8176 24468
10000 8177 75710
10000 8178 80073
10000 8179 65366
10000 8180 18542
10000 8181 12648
10000 8182 80229
10000 8183 1804
10000 8184 46516
10000 8185 44328
10000 8186 23811
10000 8187 21785
10000 8188 88421
10000 8189 32956
10000 8190 64600
10000 8191 59888
10000 8192 75935
10000 8193 40287
10000 8194 80234
10000 8195 52973
10000 8196 7776
10000 8197 70139
10000 8198 65519
10000 8199 89667
10000 8200 36525
10000 8201 69575
10000 8202 59256
10000 8203 33966
10000 8204 63673
10000 8205 64701
10000 8206 89580
10000 8207 83673
10000 8208 60945
10000 8209 34084
10000 8210 8167
10000 8211 74188
10000 8212 2462
10000 8213 63652
10000 8214 57753
10000 8215 11134
10000 8216 2012
10000 8217 27816
10000 8218 1403
10000 8219 2467
10000 8220 22029
10000 8221 36370
10000 8222 73122
10000 8223 57777
10000 8224 49291
10000 8225 28884
10000 8226 27348
10000 8227 1365
10000 8228 84873
10000 8229 44791
10000 8230 35365
10000 8231 71970
10000 8232 25734
10000 8233 46044
10000 8234 21006
10000 8235 48406
10000 8236 78236
10000 8237 57988
10000 8238 71155
10000 8239 58756
10000 8240 45419
10000 8241 89346
10000 8242 13219
10000 8243 26137
10000 8244 72189
10000 8245 55194
10000 8246 4309
10000 8247 10933
10000 8248 72011
10000 8249 27086
10000 8250 78753
10000 8251 49406
10000 8252 58350
10000 8253 85687
10000 8254 81788
10000 8255 66369
10000 8256 50737
10000 8257 826
10000 8258 27839
10000 8259 35675
10000 8260 2095
10000 8261 60615
10000 8262 53501
10000 8263 79762
10000 8264 3810
10000 8265 5085
10000 8266 2461
10000 8267 42006
10000 8268 9375
10000 8269 60235
10000 8270 64250
10000 8271 37333
10000 8272 4362
10000 8273 70213
10000 8274 73612
10000 8275 15958
10000 8276 8584
10000 8277 75982
10000 8278 51103
10000 8279 67226
10000 8280 49036
10000 8281 81622
10000 8282 30600
10000 8283 23465
10000 8284 13
10000 8285 74698
10000 8286 82477
10000 8287 49771
10000 8288 42363
10000 8289 14304
10000 8290 25073
10000 8291 13115
10000 8292 28405
10000 8293 80698
10000 8294 17359
10000 8295 54955
10000 8296 7333
10000 8297 11505
10000 8298 37582
10000 8299 71818
10000 8300 89408
10000 8301 46816
10000 8302 45823
10000 8303 58254
10000 8304 33205
10000 8305 38847
10000 8306 10135
10000 8307 26907
10000 8308 73635
10000 8309 62931
10000 8310 34056
10000 8311 40290
10000 8312 48961
10000 8313 6503
10000 8314 67503
10000 8315 3173
10000 8316 59180
10000 8317 44404
10000 8318 37983
10000 8319 70210
10000 8320 48469
10000 8321 64786
10000 8322 82363
10000 8323 11059
10000 8324 82183
10000 8325 19067
10000 8326 41950
10000 8327 26807
10000 8328 52585
10000 8329 31916
10000 8330 42280
10000 8331 12422
10000 8332 56341
10000 8333 9524
10000 8334 75382
10000 8335 25023
10000 8336 38729
10000 8337 35053
10000 8338 55873
10000 8339 17146
10000 8340 77994
10000 8341 18646
10000 8342 42347
10000 8343 1493
10000 8344 78174
10000 8345 25731
10000 8346 52838
10000 8347 36177
10000 8348 27190
10000 8349 49868
10000 8350 61180
10000 8351 22400
10000 8352 79036
10000 8353 82687
10000 8354 612
10000 8355 60378
10000 8356 8337
10000 8357 35849
10000 8358 45089
10000 8359 2938
10000 8360 3834
10000 8361 38601
10000 8362 31529
10000 8363 89403
10000 8364 73901
10000 8365 76147
10000 8366 12580
10000 8367 76297
10000 8368 45301
10000 8369 61591
10000 8370 48448
10000 8371 18380
10000 8372 88772
10000 8373 8964
10000 8374 69331
10000 8375 87346
10000 8376 33791
10000 8377 8223
10000 8378 44010
10000 8379 25821
10000 8380 7705
10000 8381 49448
10000 8382 27165
10000 8383 73787
10000 8384 44785
10000 8385 8679
10000 8386 55099
10000 8387 1009
10000 8388 56730
10000 8389 42010
10000 8390 73457
10000 8391 33872
10000 8392 53759
10000 8393 49289
10000 8394 28013
10000 8395 55909
10000 8396 65037
10000 8397 79128
10000 8398 43205
10000 8399 11837
10000 8400 1455
10000 8401 55397
10000 8402 58836
10000 8403 54644
10000 8404 87990
10000 8405 79523
10000 8406 3026
10000 8407 53152
10000 8408 54520
10000 8409 7848
10000 8410 86925
10000 8411 5676
10000 8412 10735
10000 8413 46044
10000 8414 10836
10000 8415 19305
10000 8416 42604
10000 8417 70174
10000 8418 70978
10000 8419 34081
10000 8420 9108
10000 8421 17054
10000 8422 88173
10000 8423 56920
10000 8424 70853
10000 8425 34236
10000 8426 8632
10000 8427 57144
10000 8428 57319
10000 8429 3933
10000 8430 64649
10000 8431 11928
10000 8432 10960
10000 8433 42700
10000 8434 65633
10000 8435 5481
10000 8436 68192
10000 8437 14994
10000 8438 62676
10000 8439 34256
10000 8440 45805
10000 8441 68110
10000 8442 37930
10000 8443 7051
10000 8444 86847
10000 8445 6038
10000 8446 34046
10000 8447 61471
10000 8448 22944
10000 8449 49060
10000 8450 6433
10000 8451 27942
10000 8452 52002
10000 8453 83004
10000 8454 11160
10000 8455 58884
10000 8456 16552
10000 8457 8499
10000 8458 51289
10000 8459 41673
10000 8460 3972
10000 8461 51875
10000 8462 44526
10000 8463 68422
10000 8464 83115
10000 8465 21875
10000 8466 83767
10000 8467 89940
10000 8468 32351
10000 8469 30788
10000 8470 76825
10000 8471 87301
10000 8472 9767
10000 8473 20271
10000 8474 56924
10000 8475 50351
10000 8476 46360
10000 8477 36505
10000 8478 18886
10000 8479 71399
10000 8480 4271
10000 8481 46625
10000 8482 82220
10000 8483 87456
10000 8484 28311
10000 8485 37578
10000 8486 1969
10000 8487 51037
10000 8488 10348
10000 8489 19370
10000 8490 49660
10000 8491 28635
10000 8492 4535
10000 8493 48788
10000 8494 30529
10000 8495 5871
10000 8496 85763
10000 8497 10333
10000 8498 70135
10000 8499 7621
10000 8500 34295
10000 8501 67375
10000 8502 62774
10000 8503 19424
10000 8504 68945
10000 8505 29535
10000 8506 82899
10000 8507 67168
10000 8508 66623
10000 8509 16544
10000 8510 11726
10000 8511 59200
10000 8512 38243
10000 8513 65195
10000 8514 53944
10000 8515 11658
10000 8516 22820
10000 8517 35416
10000 8518 54337
10000 8519 83204
10000 8520 68416
10000 8521 44607
10000 8522 14111
10000 8523 73818
10000 8524 13655
10000 8525 51107
10000 8526 13714
10000 8527 46699
10000 8528 24618
10000 8529 23270
10000 8530 69496
10000 8531 70628
10000 8532 3728
10000 8533 87712
10000 8534 59291
10000 8535 56670
10000 8536 52556
10000 8537 22456
10000 8538 71256
10000 8539 74015
10000 8540 10430
10000 8541 83023
10000 8542 43595
10000 8543 79387
10000 8544 61822
10000 8545 39113
10000 8546 8334
10000 8547 9011
10000 8548 85473
10000 8549 50233
10000 8550 15861
10000 8551 8452
10000 8552 63065
10000 8553 78834
10000 8554 44666
10000 8555 67569
10000 8556 50071
10000 8557 27306
10000 8558 62179
10000 8559 8325
10000 8560 89933
10000 8561 11599
10000 8562 1826
10000 8563 21309
10000 8564 37374
10000 8565 84844
10000 8566 19895
10000 8567 14935
10000 8568 35916
10000 8569 72222
10000 8570 12315
10000 8571 19576
10000 8572 4261
10000 8573 5703
10000 8574 35994
10000 8575 67592
10000 8576 2894
10000 8577 16414
10000 8578 88435
10000 8579 78382
10000 8580 27645
10000 8581 83806
10000 8582 45075
10000 8583 28975
10000 8584 85482
10000 8585 25251
10000 8586 79241
10000 8587 61861
10000 8588 72196
10000 8589 22273
10000 8590 50836
10000 8591 10355
10000 8592 66595
10000 8593 64492
10000 8594 21986
10000 8595 81522
10000 8596 1993
10000 8597 11126
10000 8598 19551
10000 8599 47355
10000 8600 24918
10000 8601 19093
10000 8602 20678
10000 8603 25276
10000 8604 26052
10000 8605 20984
10000 8606 18050
10000 8607 69359
10000 8608 40839
10000 8609 2546
10000 8610 53498
10000 8611 71002
10000 8612 22292
10000 8613 77046
10000 8614 52739
10000 8615 50274
10000 8616 38799
10000 8617 26210
10000 8618 21963
10000 8619 85331
10000 8620 61774
10000 8621 19667
10000 8622 16179
10000 8623 73477
10000 8624 631
10000 8625 80680
10000 8626 80100
10000 8627 37356
10000 8628 2397
10000 8629 43201
10000 8630 35974
10000 8631 2617
10000 8632 60903
10000 8633 11406
10000 8634 59878
10000 8635 66429
10000 8636 58396
10000 8637 84658
10000 8638 49470
10000 8639 67057
10000 8640 4518
10000 8641 28043
10000 8642 32785
10000 8643 52338
10000 8644 53512
10000 8645 35104
10000 8646 38837
10000 8647 11359
10000 8648 58372
10000 8649 78626
10000 8650 41673
10000 8651 51085
10000 8652 77116
10000 8653 28293
10000 8654 58456
10000 8655 22527
10000 8656 61437
10000 8657 72809
10000 8658 19056
10000 8659 55209
10000 8660 65570
10000 8661 56309
10000 8662 36554
10000 8663 305
10000 8664 14701
10000 8665 60346
10000 8666 49127
10000 8667 54684
10000 8668 36257
10000 8669 59765
10000 8670 20353
10000 8671 16315
10000 8672 37636
10000 8673 34640
10000 8674 66818
10000 8675 26995
10000 8676 6316
10000 8677 30040
10000 8678 30985
10000 8679 67464
10000 8680 11296
10000 8681 59359
10000 8682 55189
10000 8683 63476
10000 8684 7229
10000 8685 45323
10000 8686 7407
10000 8687 75719
10000 8688 64789
10000 8689 84324
10000 8690 67171
10000 8691 86435
10000 8692 8185
10000 8693 82340
10000 8694 63769
10000 8695 24458
10000 8696 19100
10000 8697 43944
10000 8698 10668
10000 8699 45927
10000 8700 24962
10000 8701 47206
10000 8702 64422
10000 8703 54703
10000 8704 36408
10000 8705 38006
10000 8706 35747
10000 8707 76518
10000 8708 17791
10000 8709 49657
10000 8710 15440
10000 8711 45282
10000 8712 14309
10000 8713 23968
10000 8714 53788
10000 8715 64798
10000 8716 16591
10000 8717 43233
10000 8718 57952
10000 8719 39695
10000 8720 38309
10000 8721 25061
10000 8722 43160
10000 8723 50542
10000 8724 23007
10000 8725 38775
10000 8726 28539
10000 8727 4694
10000 8728 59790
10000 8729 30305
10000 8730 34064
10000 8731 70319
10000 8732 20534
10000 8733 83812
10000 8734 763
10000 8735 18006
10000 8736 66489
10000 8737 17535
10000 8738 61422
10000 8739 80393
10000 8740 65980
10000 8741 9010
10000 8742 8015
10000 8743 34045
10000 8744 8469
10000 8745 18982
10000 8746 37406
10000 8747 31737
10000 8748 42985
10000 8749 44885
10000 8750 81665
10000 8751 20519
10000 8752 78695
10000 8753 69995
10000 8754 66193
10000 8755 74694
10000 8756 74315
10000 8757 26912
10000 8758 52175
10000 8759 30873
10000 8760 21661
10000 8761 12655
10000 8762 60997
10000 8763 61378
10000 8764 70892
10000 8765 89726
10000 8766 89068
10000 8767 74274
10000 8768 72901
10000 8769 63886
10000 8770 82919
10000 8771 28267
10000 8772 80104
10000 8773 56826
10000 8774 37527
10000 8775 22161
10000 8776 25440
10000 8777 77
10000 8778 67787
10000 8779 66543
10000 8780 9840
10000 8781 31767
10000 8782 37863
10000 8783 69737
10000 8784 48941
10000 8785 19712
10000 8786 14329
10000 8787 2983
10000 8788 50869
10000 8789 14911
10000 8790 46033
10000 8791 43875
10000 8792 55453
10000 8793 43560
10000 8794 22108
10000 8795 27274
10000 8796 65046
10000 8797 13363
10000 8798 40065
10000 8799 876
10000 8800 76926
10000 8801 59700
10000 8802 21750
10000 8803 50427
10000 8804 55777
10000 8805 78183
10000 8806 89956
10000 8807 53995
10000 8808 974
10000 8809 26011
10000 8810 29754
10000 8811 87494
10000 8812 52200
10000 8813 14634
10000 8814 35169
10000 8815 73139
10000 8816 22969
10000 8817 4813
10000 8818 7496
10000 8819 87292
10000 8820 30734
10000 8821 64216
10000 8822 70031
10000 8823 49712
10000 8824 68806
10000 8825 21317
10000 8826 9375
10000 8827 87922
10000 8828 88392
10000 8829 65892
10000 8830 87888
10000 8831 14176
10000 8832 30874
10000 8833 74799
10000 8834 17222
10000 8835 55029
10000 8836 48946
10000 8837 65795
10000 8838 20090
10000 8839 49416
10000 8840 36382
10000 8841 2291
10000 8842 17512
10000 8843 74934
10000 8844 8291
10000 8845 28209
10000 8846 86988
10000 8847 29003
10000 8848 70117
10000 8849 6093
10000 8850 75292
10000 8851 86573
10000 8852 3013
10000 8853 27963
10000 8854 18784
10000 8855 19479
10000 8856 86051
10000 8857 9647
10000 8858 55685
10000 8859 88903
10000 8860 63165
10000 8861 20961
10000 8862 70003
10000 8863 40483
10000 8864 15680
10000 8865 68203
10000 8866 75400
10000 8867 63509
10000 8868 8392
10000 8869 7891
10000 8870 48736
10000 8871 22992
10000 8872 87494
10000 8873 62023
10000 8874 77196
10000 8875 8411
10000 8876 44927
10000 8877 50572
10000 8878 70262
10000 8879 988
10000 8880 2913
10000 8881 38565
10000 8882 35231
10000 8883 86497
10000 8884 22949
10000 8885 51113
10000 8886 63051
10000 8887 78107
10000 8888 32436
10000 8889 78481
10000 8890 63510
10000 8891 53465
10000 8892 63846
10000 8893 1196
10000 8894 83424
10000 8895 42385
10000 8896 30141
10000 8897 51734
10000 8898 68640
10000 8899 25207
10000 8900 2537
10000 8901 25232
10000 8902 9137
10000 8903 61115
10000 8904 21555
10000 8905 55274
10000 8906 29272
10000 8907 23442
10000 8908 72067
10000 8909 64942
10000 8910 80183
10000 8911 32879
10000 8912 58669
10000 8913 22515
10000 8914 52205
10000 8915 62221
10000 8916 42616
10000 8917 83335
10000 8918 46063
10000 8919 25422
10000 8920 53446
10000 8921 22823
10000 8922 25558
10000 8923 76860
10000 8924 40193
10000 8925 32651
10000 8926 49038
10000 8927 78007
10000 8928 60238
10000 8929 6500
10000 8930 46762
10000 8931 43859
10000 8932 4263
10000 8933 16836
10000 8934 42903
10000 8935 6053
10000 8936 16443
10000 8937 6450
10000 8938 57027
10000 8939 83339
10000 8940 71493
10000 8941 62364
10000 8942 80271
10000 8943 25368
10000 8944 4281
10000 8945 76767
10000 8946 62438
10000 8947 42645
10000 8948 82254
10000 8949 60720
10000 8950 21518
10000 8951 45028
10000 8952 2739
10000 8953 5164
10000 8954 62001
10000 8955 62693
10000 8956 8552
10000 8957 28968
10000 8958 27270
10000 8959 59044
10000 8960 7238
10000 8961 40623
10000 8962 80363
10000 8963 51740
10000 8964 21637
10000 8965 56989
10000 8966 41015
10000 8967 77752
10000 8968 34228
10000 8969 60103
10000 8970 85003
10000 8971 10547
10000 8972 59931
10000 8973 808
10000 8974 87341
10000 8975 78524
10000 8976 36412
10000 8977 25393
10000 8978 86557
10000 8979 56437
10000 8980 20137
10000 8981 28023
10000 8982 46729
10000 8983 51625
10000 8984 65972
10000 8985 40486
10000 8986 20516
10000 8987 40688
10000 8988 83904
10000 8989 54887
10000 8990 81170
10000 8991 84823
10000 8992 10057
10000 8993 76251
10000 8994 7926
10000 8995 66536
10000 8996 89687
10000 8997 81725
10000 8998 83285
10000 8999 70569
10000 9000 63370
10000 9001 38842
10000 9002 29060
10000 9003 85708
10000 9004 42376
10000 9005 37615
10000 9006 25006
10000 9007 11753
10000 9008 66846
10000 9009 66904
10000 9010 52722
10000 9011 87685
10000 9012 87744
10000 9013 66751
10000 9014 34300
10000 9015 78094
10000 9016 139
10000 9017 2684
10000 9018 27954
10000 9019 49612
10000 9020 79888
10000 9021 66653
10000 9022 78688
10000 9023 27479
10000 9024 86248
10000 9025 13963
10000 9026 19392
10000 9027 9374
10000 9028 71181
10000 9029 59177
10000 9030 51732
10000 9031 2404
10000 9032 79462
10000 9033 30345
10000 9034 87837
10000 9035 66137
10000 9036 59788
10000 9037 33622
10000 9038 33633
10000 9039 54093
10000 9040 71055
10000 9041 48038
10000 9042 52526
10000 9043 47121
10000 9044 6413
10000 9045 12040
10000 9046 5906
10000 9047 34177
10000 9048 55664
10000 9049 8775
10000 9050 29900
10000 9051 33616
10000 9052 67448
10000 9053 81855
10000 9054 51065
10000 9055 375
10000 9056 53108
10000 9057 9154
10000 9058 12061
10000 9059 5584
10000 9060 74181
10000 9061 71745
10000 9062 66429
10000 9063 27597
10000 9064 43573
10000 9065 10763
10000 9066 65673
10000 9067 1026
10000 9068 62264
10000 9069 69783
10000 9070 54477
10000 9071 85820
10000 9072 20333
10000 9073 64001
10000 9074 87350
10000 9075 89648
10000 9076 66813
10000 9077 27908
10000 9078 81587
10000 9079 13161
10000 9080 18126
10000 9081 75787
10000 9082 24091
10000 9083 51108
10000 9084 79018
10000 9085 83071
10000 9086 84016
10000 9087 21631
10000 9088 20251
10000 9089 13206
10000 9090 39379
10000 9091 43204
10000 9092 50467
10000 9093 51394
10000 9094 77504
10000 9095 70951
10000 9096 64557
10000 9097 73025
10000 9098 9487
10000 9099 49534
10000 9100 28925
10000 9101 37130
10000 9102 32453
10000 9103 86766
10000 9104 39006
10000 9105 27014
10000 9106 43997
10000 9107 23734
10000 9108 7409
10000 9109 70129
10000 9110 70413
10000 9111 55171
10000 9112 42970
10000 9113 6915
10000 9114 59935
10000 9115 48732
10000 9116 29558
10000 9117 43388
10000 9118 52048
10000 9119 10369
10000 9120 8865
10000 9121 27553
10000 9122 30506
10000 9123 74027
10000 9124 45887
10000 9125 70462
10000 9126 51164
10000 9127 23747
10000 9128 83287
10000 9129 66286
10000 9130 19603
10000 9131 69889
10000 9132 28577
10000 9133 23525
10000 9134 77258
10000 9135 17586
10000 9136 19421
10000 9137 75264
10000 9138 10997
10000 9139 62642
10000 9140 2727
10000 9141 17506
10000 9142 39694
10000 9143 66549
10000 9144 32425
10000 9145 35239
10000 9146 85470
10000 9147 30680
10000 9148 77629
10000 9149 45261
10000 9150 57559
10000 9151 1938
10000 9152 52130
10000 9153 15733
10000 9154 660
10000 9155 87322
10000 9156 80297
10000 9157 19637
10000 9158 43883
10000 9159 87499
10000 9160 78037
10000 9161 27974
10000 9162 31210
10000 9163 64652
10000 9164 6552
10000 9165 88348
10000 9166 61669
10000 9167 77380
10000 9168 623
10000 9169 79103
10000 9170 9667
10000 9171 14707
10000 9172 83446
10000 9173 89340
10000 9174 41335
10000 9175 39469
10000 9176 87847
10000 9177 88852
10000 9178 34385
10000 9179 7976
10000 9180 88161
10000 9181 24025
10000 9182 84053
10000 9183 85018
10000 9184 53072
10000 9185 143
10000 9186 50540
10000 9187 75717
10000 9188 5002
10000 9189 64129
10000 9190 71031
10000 9191 71501
10000 9192 85471
10000 9193 46257
10000 9194 86451
10000 9195 15626
10000 9196 47666
10000 9197 49310
10000 9198 44309
10000 9199 50783
10000 9200 36228
10000 9201 72446
10000 9202 18082
10000 9203 40436
10000 9204 16604
10000 9205 10793
10000 9206 54517
10000 9207 78756
10000 9208 62423
10000 9209 18250
10000 9210 8540
10000 9211 46472
10000 9212 23163
10000 9213 46733
10000 9214 80020
10000 9215 64897
10000 9216 24105
10000 9217 74555
10000 9218 58248
10000 9219 65501
10000 9220 87369
10000 9221 29267
10000 9222 53356
10000 9223 59759
10000 9224 27993
10000 9225 52075
10000 9226 23121
10000 9227 57426
10000 9228 49596
10000 9229 37403
10000 9230 29058
10000 9231 85854
10000 9232 26382
10000 9233 17982
10000 9234 22938
10000 9235 35119
10000 9236 84574
10000 9237 12273
10000 9238 12554
10000 9239 42268
10000 9240 785
10000 9241 65542
10000 9242 15858
10000 9243 47280
10000 9244 38150
10000 9245 58493
10000 9246 27484
10000 9247 87234
10000 9248 7090
10000 9249 39529
10000 9250 11582
10000 9251 49251
10000 9252 19581
10000 9253 65394
10000 9254 86456
10000 9255 64687
10000 9256 36146
10000 9257 68104
10000 9258 34775
10000 9259 9080
10000 9260 21190
10000 9261 15126
10000 9262 38381
10000 9263 23887
10000 9264 30738
10000 9265 7685
10000 9266 31946
10000 9267 49487
10000 9268 38160
10000 9269 22059
10000 9270 53427
10000 9271 49749
10000 9272 18446
10000 9273 53561
10000 9274 31052
10000 9275 39400
10000 9276 72572
10000 9277 27519
10000 9278 15273
10000 9279 56064
10000 9280 3389
10000 9281 12995
10000 9282 45835
10000 9283 41728
10000 9284 25320
10000 9285 35487
10000 9286 44798
10000 9287 44019
10000 9288 52516
10000 9289 31204
10000 9290 65997
10000 9291 18695
10000 9292 80864
10000 9293 56411
10000 9294 37021
10000 9295 2465
10000 9296 56229
10000 9297 38161
10000 9298 25049
10000 9299 83792
10000 9300 83646
10000 9301 48608
10000 9302 45462
10000 9303 71132
10000 9304 61117
10000 9305 33140
10000 9306 11107
10000 9307 51191
10000 9308 27379
10000 9309 40190
10000 9310 23143
10000 9311 89591
10000 9312 5950
10000 9313 89263
10000 9314 12433
10000 9315 84569
10000 9316 13020
10000 9317 26576
10000 9318 43326
10000 9319 61140
10000 9320 50376
10000 9321 83496
10000 9322 9561
10000 9323 43529
10000 9324 54005
10000 9325 20485
10000 9326 83781
10000 9327 33487
10000 9328 41420
10000 9329 86003
10000 9330 3818
10000 9331 16643
10000 9332 60721
10000 9333 43478
10000 9334 83907
10000 9335 43558
10000 9336 62377
10000 9337 82833
10000 9338 17543
10000 9339 72906
10000 9340 25925
10000 9341 2425
10000 9342 81510
10000 9343 31937
10000 9344 1157
10000 9345 10305
10000 9346 88385
10000 9347 57066
10000 9348 32306
10000 9349 75355
10000 9350 15929
10000 9351 30110
10000 9352 55003
10000 9353 6132
10000 9354 23947
10000 9355 56427
10000 9356 51283
10000 9357 23851
10000 9358 34613
10000 9359 17588
10000 9360 66117
10000 9361 27184
10000 9362 12523
10000 9363 26750
10000 9364 61671
10000 9365 5032
10000 9366 19129
10000 9367 47833
10000 9368 86407
10000 9369 22718
10000 9370 37471
10000 9371 53295
10000 9372 10637
10000 9373 44305
10000 9374 776
10000 9375 71615
10000 9376 80224
10000 9377 13094
10000 9378 19577
10000 9379 24183
10000 9380 82615
10000 9381 48692
10000 9382 13184
10000 9383 64872
10000 9384 87070
10000 9385 32102
10000 9386 63028
10000 9387 9562
10000 9388 7772
10000 9389 45166
10000 9390 88896
10000 9391 48029
10000 9392 61714
10000 9393 48387
10000 9394 1856
10000 9395 56291
10000 9396 14433
10000 9397 56394
10000 9398 64411
10000 9399 88128
10000 9400 89534
10000 9401 33483
10000 9402 44030
10000 9403 52190
10000 9404 79148
10000 9405 11818
10000 9406 44891
10000 9407 56285
10000 9408 57920
10000 9409 27092
10000 9410 58065
10000 9411 68608
10000 9412 74101
10000 9413 37194
10000 9414 89798
10000 9415 65996
10000 9416 63079
10000 9417 53093
10000 9418 35396
10000 9419 38525
10000 9420 51278
10000 9421 58611
10000 9422 6743
10000 9423 44331
10000 9424 81166
10000 9425 41916
10000 9426 79645
10000 9427 30794
10000 9428 80093
10000 9429 22635
10000 9430 45941
10000 9431 86659
10000 9432 57761
10000 9433 54038
10000 9434 64613
10000 9435 6504
10000 9436 20212
10000 9437 34539
10000 9438 22529
10000 9439 19874
10000 9440 73344
10000 9441 77883
10000 9442 53872
10000 9443 70926
10000 9444 13462
10000 9445 21907
10000 9446 24178
10000 9447 46346
10000 9448 26373
10000 9449 12607
10000 9450 32120
10000 9451 46659
10000 9452 32536
10000 9453 32060
10000 9454 41438
10000 9455 9910
10000 9456 49450
10000 9457 20191
10000 9458 12990
10000 9459 60097
10000 9460 2440
10000 9461 39427
10000 9462 29518
10000 9463 81174
10000 9464 79101
10000 9465 14372
10000 9466 70279
10000 9467 17480
10000 9468 88008
10000 9469 34752
10000 9470 33138
10000 9471 79921
10000 9472 32011
10000 9473 17585
10000 9474 50600
10000 9475 76124
10000 9476 1141
10000 9477 68976
10000 9478 40962
10000 9479 2403
10000 9480 81043
10000 9481 38015
10000 9482 40654
10000 9483 27561
10000 9484 19804
10000 9485 12010
10000 9486 38944
10000 9487 63296
10000 9488 70039
10000 9489 10129
10000 9490 6570
10000 9491 65534
10000 9492 88446
10000 9493 40101
10000 9494 61763
10000 9495 66426
10000 9496 43175
10000 9497 43404
10000 9498 59691
10000 9499 18160
10000 9500 77192
10000 9501 86691
10000 9502 44148
10000 9503 44670
10000 9504 56404
10000 9505 29500
10000 9506 29366
10000 9507 45588
10000 9508 57877
10000 9509 71712
10000 9510 32149
10000 9511 12684
10000 9512 22881
10000 9513 84004
10000 9514 45981
10000 9515 77993
10000 9516 43629
10000 9517 32704
10000 9518 69676
10000 9519 28071
10000 9520 13264
10000 9521 84884
10000 9522 87987
10000 9523 11251
10000 9524 340
10000 9525 85330
10000 9526 19782
10000 9527 24734
10000 9528 45006
10000 9529 44395
10000 9530 30725
10000 9531 38531
10000 9532 87548
10000 9533 17396
10000 9534 62804
10000 9535 73999
10000 9536 37400
10000 9537 48410
10000 9538 24886
10000 9539 53764
10000 9540 61702
10000 9541 23608
10000 9542 33133
10000 9543 542
10000 9544 23557
10000 9545 20965
10000 9546 12357
10000 9547 76516
10000 9548 60789
10000 9549 23182
10000 9550 87920
10000 9551 85998
10000 9552 51486
10000 9553 62598
10000 9554 77473
10000 9555 25807
10000 9556 25525
10000 9557 30066
10000 9558 76508
10000 9559 21359
10000 9560 21155
10000 9561 42309
10000 9562 22496
10000 9563 41782
10000 9564 84116
10000 9565 28496
10000 9566 3327
10000 9567 13230
10000 9568 49052
10000 9569 56390
10000 9570 66604
10000 9571 53074
10000 9572 70561
10000 9573 2548
10000 9574 43995
10000 9575 40349
10000 9576 78913
10000 9577 67702
10000 9578 67627
10000 9579 51498
10000 9580 12230
10000 9581 89547
10000 9582 82955
10000 9583 40127
10000 9584 67646
10000 9585 50005
10000 9586 34818
10000 9587 57755
10000 9588 39141
10000 9589 31972
10000 9590 30601
10000 9591 49088
10000 9592 81971
10000 9593 3665
10000 9594 40239
10000 9595 49202
10000 9596 67920
10000 9597 49853
10000 9598 49351
10000 9599 43986
10000 9600 66749
10000 9601 70590
10000 9602 87974
10000 9603 23273
10000 9604 21146
10000 9605 31247
10000 9606 43129
10000 9607 78953
10000 9608 80738
10000 9609 57239
10000 9610 31137
10000 9611 72917
10000 9612 78752
10000 9613 53062
10000 9614 21820
10000 9615 5249
10000 9616 80457
10000 9617 61252
10000 9618 24723
10000 9619 10737
10000 9620 10597
10000 9621 69172
10000 9622 67710
10000 9623 36148
10000 9624 76734
10000 9625 67966
10000 9626 10245
10000 9627 84477
10000 9628 12910
10000 9629 9222
10000 9630 13287
10000 9631 20406
10000 9632 1282
10000 9633 62970
10000 9634 34622
10000 9635 35454
10000 9636 75797
10000 9637 78945
10000 9638 59212
10000 9639 17046
10000 9640 68502
10000 9641 89409
10000 9642 62708
10000 9643 9649
10000 9644 31287
10000 9645 56698
10000 9646 77786
10000 9647 34829
10000 9648 58310
10000 9649 11911
10000 9650 9401
10000 9651 85703
10000 9652 88887
10000 9653 45760
10000 9654 89043
10000 9655 17354
10000 9656 66108
10000 9657 59855
10000 9658 88747
10000 9659 51051
10000 9660 66522
10000 9661 78187
10000 9662 21505
10000 9663 63294
10000 9664 32780
10000 9665 69581
10000 9666 79174
10000 9667 17148
10000 9668 735
10000 9669 47856
10000 9670 62898
10000 9671 20251
10000 9672 71054
10000 9673 29607
10000 9674 79516
10000 9675 11157
10000 9676 14533
10000 9677 29405
10000 9678 65109
10000 9679 72352
10000 9680 16619
10000 9681 46170
10000 9682 3022
10000 9683 81723
10000 9684 58237
10000 9685 14110
10000 9686 41310
10000 9687 78709
10000 9688 71484
10000 9689 67807
10000 9690 83298
10000 9691 1416
10000 9692 11402
10000 9693 63174
10000 9694 31625
10000 9695 1590
10000 9696 88973
10000 9697 44003
10000 9698 86405
10000 9699 36006
10000 9700 9623
10000 9701 7959
10000 9702 66236
10000 9703 39135
10000 9704 73115
10000 9705 17892
10000 9706 10993
10000 9707 17256
10000 9708 67866
10000 9709 64914
10000 9710 4907
10000 9711 85861
10000 9712 69836
10000 9713 62552
10000 9714 20203
10000 9715 10320
10000 9716 51924
10000 9717 30724
10000 9718 74321
10000 9719 2116
10000 9720 39234
10000 9721 8787
10000 9722 73891
10000 9723 42180
10000 9724 75279
10000 9725 3134
10000 9726 51854
10000 9727 74837
10000 9728 2307
10000 9729 41192
10000 9730 40118
10000 9731 33231
10000 9732 37283
10000 9733 4763
10000 9734 46045
10000 9735 23770
10000 9736 112
10000 9737 36918
10000 9738 40241
10000 9739 25042
10000 9740 68854
10000 9741 67366
10000 9742 87250
10000 9743 617
10000 9744 29069
10000 9745 20416
10000 9746 74575
10000 9747 42541
10000 9748 46714
10000 9749 46360
10000 9750 374
10000 9751 62622
10000 9752 79700
10000 9753 17487
10000 9754 87058
10000 9755 48
10000 9756 19321
10000 9757 61389
10000 9758 57103
10000 9759 64056
10000 9760 21530
10000 9761 37621
10000 9762 29982
10000 9763 47234
10000 9764 44226
10000 9765 22870
10000 9766 44368
10000 9767 51805
10000 9768 58980
10000 9769 43397
10000 9770 79931
10000 9771 53651
10000 9772 72958
10000 9773 72407
10000 9774 60540
10000 9775 21678
10000 9776 86154
10000 9777 62837
10000 9778 48456
10000 9779 12433
10000 9780 46382
10000 9781 43075
10000 9782 56635
10000 9783 4541
10000 9784 50574
10000 9785 60336
10000 9786 62381
10000 9787 37912
10000 9788 4714
10000 9789 13244
10000 9790 61867
10000 9791 43385
10000 9792 11206
10000 9793 87041
10000 9794 31888
10000 9795 50111
10000 9796 29796
10000 9797 58264
10000 9798 71083
10000 9799 69603
10000 9800 19509
10000 9801 26475
10000 9802 46352
10000 9803 818
10000 9804 60896
10000 9805 73994
10000 9806 21438
10000 9807 57019
10000 9808 13027
10000 9809 47558
10000 9810 79815
10000 9811 26617
10000 9812 62913
10000 9813 54655
10000 9814 89817
10000 9815 65308
10000 9816 68342
10000 9817 43708
10000 9818 88236
10000 9819 5864
10000 9820 558
10000 9821 10466
10000 9822 63107
10000 9823 63453
10000 9824 41904
10000 9825 5301
10000 9826 75462
10000 9827 33692
10000 9828 36047
10000 9829 70151
10000 9830 28698
10000 9831 8070
10000 9832 21179
10000 9833 38527
10000 9834 43945
10000 9835 40236
10000 9836 69982
10000 9837 30215
10000 9838 13928
10000 9839 8019
10000 9840 36129
10000 9841 16061
10000 9842 25773
10000 9843 44730
10000 9844 85819
10000 9845 35487
10000 9846 16752
10000 9847 51461
10000 9848 55730
10000 9849 29001
10000 9850 55751
10000 9851 55956
10000 9852 11036
10000 9853 34344
10000 9854 23792
10000 9855 3374
10000 9856 77171
10000 9857 23840
10000 9858 30794
10000 9859 9014
10000 9860 63031
10000 9861 72022
10000 9862 21716
10000 9863 30542
10000 9864 54033
10000 9865 76885
10000 9866 54966
10000 9867 10765
10000 9868 28218
10000 9869 21534
10000 9870 28562
10000 9871 12416
10000 9872 27939
10000 9873 41529
10000 9874 66842
10000 9875 4260
10000 9876 12231
10000 9877 13670
10000 9878 42995
10000 9879 85845
10000 9880 14097
10000 9881 57720
10000 9882 50660
10000 9883 82998
10000 9884 48773
10000 9885 87227
10000 9886 45680
10000 9887 67945
10000 9888 22971
10000 9889 38598
10000 9890 51469
10000 9891 59355
10000 9892 71455
10000 9893 35100
10000 9894 28161
10000 9895 12418
10000 9896 51490
10000 9897 39017
10000 9898 52608
10000 9899 9983
10000 9900 27366
10000 9901 15263
10000 9902 37627
10000 9903 6225
10000 9904 29522
10000 9905 8359
10000 9906 3437
10000 9907 46046
10000 9908 17961
10000 9909 57269
10000 9910 27336
10000 9911 76321
10000 9912 1701
10000 9913 42003
10000 9914 59342
10000 9915 4495
10000 9916 70087
10000 9917 37366
10000 9918 85982
10000 9919 69130
10000 9920 16444
10000 9921 32072
10000 9922 37093
10000 9923 57144
10000 9924 10262
10000 9925 18183
10000 9926 6839
10000 9927 29780
10000 9928 35763
10000 9929 3736
10000 9930 52494
10000 9931 24111
10000 9932 2796
10000 9933 69213
10000 9934 58355
10000 9935 56354
10000 9936 80481
10000 9937 68951
10000 9938 22378
10000 9939 11147
10000 9940 49689
10000 9941 17893
10000 9942 10168
10000 9943 17098
10000 9944 15625
10000 9945 49400
10000 9946 70197
10000 9947 33296
10000 9948 48291
10000 9949 79239
10000 9950 79538
10000 9951 44337
10000 9952 17282
10000 9953 12957
10000 9954 88835
10000 9955 69341
10000 9956 85577
10000 9957 68416
10000 9958 59051
10000 9959 29928
10000 9960 48057
10000 9961 21770
10000 9962 55090
10000 9963 5072
10000 9964 30480
10000 9965 82557
10000 9966 730
10000 9967 60369
10000 9968 49934
10000 9969 29816
10000 9970 68624
10000 9971 97
10000 9972 57117
10000 9973 21050
10000 9974 47863
10000 9975 18474
10000 9976 66885
10000 9977 10057
10000 9978 46374
10000 9979 76258
10000 9980 7497
10000 9981 756
10000 9982 73572
10000 9983 67636
10000 9984 25554
10000 9985 62483
10000 9986 88638
10000 9987 5874
10000 9988 82680
10000 9989 31869
10000 9990 58098
10000 9991 39452
10000 9992 73935
10000 9993 34317
10000 9994 81609
10000 9995 67520
10000 9996 42501
10000 9997 2510
10000 9998 66779
10000 9999 54382
1 4394 89256
5606 10000 26331
4394 4395 61112
4395 4396 67397
4396 4397 6702
4397 4398 45451
4398 4399 664
4399 4400 87143
4400 4401 12361
4401 4402 11863
4402 4403 5179
4403 4404 48353
4404 4405 40080
4405 4406 16457
4406 4407 15734
4407 4408 38365
4408 4409 82996
4409 4410 28930
4410 4411 88420
4411 4412 50249
4412 4413 35114
4413 4414 17823
4414 4415 52621
4415 4416 51133
4416 4417 51147
4417 4418 71119
4418 4419 16640
4419 4420 20061
4420 4421 72614
4421 4422 63576
4422 4423 55338
4423 4424 36070
4424 4425 61347
4425 4426 74501
4426 4427 19740
4427 4428 83481
4428 4429 34421
4429 4430 88612
4430 4431 12198
4431 4432 8786
4432 4433 82657
4433 4434 65706
4434 4435 913
4435 4436 17475
4436 4437 45386
4437 4438 69721
4438 4439 10398
4439 4440 75842
4440 4441 27278
4441 4442 84978
4442 4443 52126
4443 4444 65898
4444 4445 12557
4445 4446 19457
4446 4447 45782
4447 4448 5325
4448 4449 47256
4449 4450 60529
4450 4451 51953
4451 4452 42098
4452 4453 74509
4453 4454 38540
4454 4455 83703
4455 4456 42703
4456 4457 68558
4457 4458 16597
4458 4459 56715
4459 4460 12426
4460 4461 60360
4461 4462 84054
4462 4463 33531
4463 4464 28776
4464 4465 75782
4465 4466 46390
4466 4467 2269
4467 4468 22588
4468 4469 41368
4469 4470 58002
4470 4471 74503
4471 4472 65869
4472 4473 35942
4473 4474 22107
4474 4475 13482
4475 4476 77944
4476 4477 31350
4477 4478 35621
4478 4479 64641
4479 4480 47486
4480 4481 68690
4481 4482 57477
4482 4483 34668
4483 4484 54865
4484 4485 7700
4485 4486 36095
4486 4487 65343
4487 4488 65563
4488 4489 51467
4489 4490 70958
4490 4491 52255
4491 4492 67288
4492 4493 10372
4493 4494 10487
4494 4495 80738
4495 4496 74282
4496 4497 55040
4497 4498 82639
4498 4499 49081
4499 4500 27485
4500 4501 5781
4501 4502 48607
4502 4503 71460
4503 4504 73251
4504 4505 60632
4505 4506 55243
4506 4507 28948
4507 4508 33645
4508 4509 54710
4509 4510 59848
4510 4511 69875
4511 4512 75901
4512 4513 52532
4513 4514 16239
4514 4515 3372
4515 4516 76349
4516 4517 18066
4517 4518 75773
4518 4519 44427
4519 4520 84026
4520 4521 50215
4521 4522 26998
4522 4523 52450
4523 4524 69539
4524 4525 51224
4525 4526 54337
4526 4527 26085
4527 4528 63329
4528 4529 62157
4529 4530 14318
4530 4531 75455
4531 4532 48629
4532 4533 18866
4533 4534 78881
4534 4535 75303
4535 4536 54
4536 4537 41413
4537 4538 50556
4538 4539 73344
4539 4540 27009
4540 4541 31314
4541 4542 69056
4542 4543 76180
4543 4544 23962
4544 4545 19466
4545 4546 63044
4546 4547 40836
4547 4548 14922
4548 4549 15098
4549 4550 28307
4550 4551 19439
4551 4552 61121
4552 4553 68588
4553 4554 17606
4554 4555 47440
4555 4556 44641
4556 4557 66214
4557 4558 64528
4558 4559 22054
4559 4560 44700
4560 4561 10484
4561 4562 47008
4562 4563 22875
4563 4564 41964
4564 4565 56674
4565 4566 50708
4566 4567 46863
4567 4568 72780
4568 4569 78722
4569 4570 11759
4570 4571 73065
4571 4572 70998
4572 4573 4299
4573 4574 43424
4574 4575 54234
4575 4576 21944
4576 4577 59003
4577 4578 41276
4578 4579 30838
4579 4580 33188
4580 4581 89276
4581 4582 23188
4582 4583 71159
4583 4584 31773
4584 4585 51335
4585 4586 35997
4586 4587 56987
4587 4588 26830
4588 4589 28091
4589 4590 13853
4590 4591 680
4591 4592 2217
4592 4593 12279
4593 4594 75312
4594 4595 27453
4595 4596 54849
4596 4597 79044
4597 4598 74878
4598 4599 44037
4599 4600 13401
4600 4601 17949
4601 4602 9194
4602 4603 89739
4603 4604 66041
4604 4605 89597
4605 4606 1494
4606 4607 53959
4607 4608 69714
4608 4609 74542
4609 4610 83280
4610 4611 6618
4611 4612 1699
4612 4613 51539
4613 4614 55646
4614 4615 61848
4615 4616 88764
4616 4617 37280
4617 4618 19781
4618 4619 85849
4619 4620 9665
4620 4621 74262
4621 4622 61968
4622 4623 63073
4623 4624 42884
4624 4625 83663
4625 4626 24306
4626 4627 7788
4627 4628 45853
4628 4629 40652
4629 4630 80433
4630 4631 70024
4631 4632 55955
4632 4633 64044
4633 4634 79291
4634 4635 56611
4635 4636 27313
4636 4637 47615
4637 4638 80899
4638 4639 7279
4639 4640 13398
4640 4641 25743
4641 4642 75158
4642 4643 80066
4643 4644 49407
4644 4645 11309
4645 4646 35865
4646 4647 17148
4647 4648 61403
4648 4649 42443
4649 4650 30191
4650 4651 84792
4651 4652 30926
4652 4653 6321
4653 4654 64936
4654 4655 31977
4655 4656 41488
4656 4657 76412
4657 4658 85809
4658 4659 32302
4659 4660 55598
4660 4661 9060
4661 4662 8216
4662 4663 83407
4663 4664 6463
4664 4665 4641
4665 4666 21133
4666 4667 41973
4667 4668 62342
4668 4669 17591
4669 4670 12184
4670 4671 911
4671 4672 52639
4672 4673 21715
4673 4674 41083
4674 4675 29070
4675 4676 32929
4676 4677 34308
4677 4678 36181
4678 4679 46891
4679 4680 6303
4680 4681 43951
4681 4682 24804
4682 4683 76984
4683 4684 28710
4684 4685 10939
4685 4686 77816
4686 4687 1719
4687 4688 37041
4688 4689 15579
4689 4690 68504
4690 4691 6137
4691 4692 18386
4692 4693 49740
4693 4694 24647
4694 4695 51954
4695 4696 34535
4696 4697 12869
4697 4698 16212
4698 4699 82845
4699 4700 24094
4700 4701 24060
4701 4702 35568
4702 4703 6855
4703 4704 20967
4704 4705 68350
4705 4706 52804
4706 4707 4081
4707 4708 20105
4708 4709 38075
4709 4710 40626
4710 4711 64469
4711 4712 35234
4712 4713 89566
4713 4714 88314
4714 4715 53691
4715 4716 86313
4716 4717 5785
4717 4718 31875
4718 4719 39885
4719 4720 81484
4720 4721 78060
4721 4722 82587
4722 4723 26829
4723 4724 59744
4724 4725 59690
4725 4726 63296
4726 4727 24169
4727 4728 4270
4728 4729 18745
4729 4730 71172
4730 4731 4163
4731 4732 54947
4732 4733 18681
4733 4734 71168
4734 4735 27362
4735 4736 84841
4736 4737 10353
4737 4738 30843
4738 4739 81658
4739 4740 21390
4740 4741 57661
4741 4742 16967
4742 4743 4355
4743 4744 46805
4744 4745 29314
4745 4746 60732
4746 4747 38483
4747 4748 85997
4748 4749 88058
4749 4750 83995
4750 4751 20929
4751 4752 78574
4752 4753 52915
4753 4754 52537
4754 4755 84962
4755 4756 64538
4756 4757 19518
4757 4758 64166
4758 4759 65793
4759 4760 55560
4760 4761 5216
4761 4762 53086
4762 4763 17985
4763 4764 25029
4764 4765 47027
4765 4766 7043
4766 4767 80437
4767 4768 46233
4768 4769 48186
4769 4770 35035
4770 4771 77815
4771 4772 62867
4772 4773 84714
4773 4774 41566
4774 4775 71318
4775 4776 74776
4776 4777 60645
4777 4778 56842
4778 4779 12010
4779 4780 79156
4780 4781 2380
4781 4782 48389
4782 4783 86621
4783 4784 9888
4784 4785 17530
4785 4786 40749
4786 4787 86840
4787 4788 85331
4788 4789 54289
4789 4790 47681
4790 4791 68597
4791 4792 87493
4792 4793 4353
4793 4794 46058
4794 4795 52725
4795 4796 3478
4796 4797 9416
4797 4798 50661
4798 4799 73540
4799 4800 28269
4800 4801 38083
4801 4802 62974
4802 4803 31202
4803 4804 55173
4804 4805 59471
4805 4806 45818
4806 4807 34945
4807 4808 42066
4808 4809 17564
4809 4810 5534
4810 4811 51878
4811 4812 73102
4812 4813 31498
4813 4814 36839
4814 4815 19705
4815 4816 50688
4816 4817 23793
4817 4818 10182
4818 4819 89014
4819 4820 5701
4820 4821 40768
4821 4822 7861
4822 4823 54937
4823 4824 8644
4824 4825 50931
4825 4826 70189
4826 4827 25912
4827 4828 13085
4828 4829 63486
4829 4830 41508
4830 4831 45929
4831 4832 29148
4832 4833 86679
4833 4834 48781
4834 4835 83522
4835 4836 21425
4836 4837 83948
4837 4838 23394
4838 4839 54362
4839 4840 74661
4840 4841 68517
4841 4842 4766
4842 4843 33851
4843 4844 37656
4844 4845 1801
4845 4846 51468
4846 4847 342
4847 4848 80158
4848 4849 74321
4849 4850 56918
4850 4851 81278
4851 4852 51886
4852 4853 6026
4853 4854 14924
4854 4855 30415
4855 4856 7611
4856 4857 72136
4857 4858 68482
4858 4859 78182
4859 4860 69805
4860 4861 59743
4861 4862 63134
4862 4863 37906
4863 4864 23559
4864 4865 21798
4865 4866 9112
4866 4867 7535
4867 4868 20037
4868 4869 36950
4869 4870 28982
4870 4871 1977
4871 4872 34333
4872 4873 36337
4873 4874 81078
4874 4875 62468
4875 4876 64000
4876 4877 72158
4877 4878 84617
4878 4879 29895
4879 4880 10239
4880 4881 17342
4881 4882 28284
4882 4883 59694
4883 4884 15663
4884 4885 45526
4885 4886 35369
4886 4887 32721
4887 4888 53776
4888 4889 78690
4889 4890 71349
4890 4891 9808
4891 4892 44277
4892 4893 28082
4893 4894 34920
4894 4895 79121
4895 4896 45230
4896 4897 39875
4897 4898 22679
4898 4899 16540
4899 4900 65352
4900 4901 7016
4901 4902 19662
4902 4903 80806
4903 4904 76324
4904 4905 31471
4905 4906 63818
4906 4907 86781
4907 4908 51557
4908 4909 84742
4909 4910 22445
4910 4911 45874
4911 4912 13773
4912 4913 21836
4913 4914 60985
4914 4915 15904
4915 4916 55778
4916 4917 19654
4917 4918 70846
4918 4919 38342
4919 4920 58599
4920 4921 49928
4921 4922 73640
4922 4923 87477
4923 4924 35362
4924 4925 55445
4925 4926 82943
4926 4927 20631
4927 4928 59502
4928 4929 62014
4929 4930 42206
4930 4931 27866
4931 4932 42193
4932 4933 1761
4933 4934 49306
4934 4935 30423
4935 4936 76392
4936 4937 10485
4937 4938 9002
4938 4939 15458
4939 4940 79196
4940 4941 20325
4941 4942 38508
4942 4943 9886
4943 4944 82936
4944 4945 88090
4945 4946 51822
4946 4947 59138
4947 4948 57359
4948 4949 50872
4949 4950 1444
4950 4951 56659
4951 4952 83928
4952 4953 65565
4953 4954 17255
4954 4955 84235
4955 4956 12641
4956 4957 76084
4957 4958 26347
4958 4959 21243
4959 4960 44098
4960 4961 14936
4961 4962 81210
4962 4963 25588
4963 4964 89960
4964 4965 46004
4965 4966 82445
4966 4967 77297
4967 4968 34066
4968 4969 37482
4969 4970 38726
4970 4971 14563
4971 4972 13759
4972 4973 78543
4973 4974 64422
4974 4975 41032
4975 4976 64670
4976 4977 84671
4977 4978 54299
4978 4979 44035
4979 4980 82888
4980 4981 12533
4981 4982 55501
4982 4983 66556
4983 4984 38270
4984 4985 66899
4985 4986 43758
4986 4987 19371
4987 4988 29520
4988 4989 75513
4989 4990 39610
4990 4991 68132
4991 4992 82870
4992 4993 67356
4993 4994 8851
4994 4995 53299
4995 4996 72871
4996 4997 3005
4997 4998 14774
4998 4999 63108
4999 5000 10531
5000 5001 89778
5001 5002 46180
5002 5003 5110
5003 5004 13357
5004 5005 65614
5005 5006 26011
5006 5007 39257
5007 5008 76986
5008 5009 88071
5009 5010 2532
5010 5011 2664
5011 5012 26876
5012 5013 26712
5013 5014 14861
5014 5015 37102
5015 5016 55432
5016 5017 21739
5017 5018 22975
5018 5019 71876
5019 5020 18205
5020 5021 35230
5021 5022 64576
5022 5023 66989
5023 5024 58292
5024 5025 49527
5025 5026 81924
5026 5027 81737
5027 5028 74261
5028 5029 81745
5029 5030 61123
5030 5031 27482
5031 5032 74999
5032 5033 12850
5033 5034 76761
5034 5035 24584
5035 5036 78220
5036 5037 74750
5037 5038 5870
5038 5039 8013
5039 5040 35587
5040 5041 55509
5041 5042 20343
5042 5043 8685
5043 5044 84630
5044 5045 34223
5045 5046 63695
5046 5047 29785
5047 5048 48528
5048 5049 52572
5049 5050 53550
5050 5051 48534
5051 5052 18740
5052 5053 26468
5053 5054 26517
5054 5055 34429
5055 5056 87632
5056 5057 40966
5057 5058 43899
5058 5059 81326
5059 5060 13982
5060 5061 83095
5061 5062 56970
5062 5063 5915
5063 5064 117
5064 5065 60343
5065 5066 3793
5066 5067 22387
5067 5068 8340
5068 5069 55274
5069 5070 56020
5070 5071 84794
5071 5072 41203
5072 5073 70321
5073 5074 46401
5074 5075 88191
5075 5076 44590
5076 5077 10064
5077 5078 59614
5078 5079 72577
5079 5080 65001
5080 5081 12332
5081 5082 1616
5082 5083 2569
5083 5084 38303
5084 5085 10425
5085 5086 47768
5086 5087 80541
5087 5088 484
5088 5089 11929
5089 5090 88665
5090 5091 29416
5091 5092 25958
5092 5093 89646
5093 5094 70762
5094 5095 25096
5095 5096 50045
5096 5097 40725
5097 5098 87484
5098 5099 28696
5099 5100 62517
5100 5101 19059
5101 5102 66581
5102 5103 85927
5103 5104 10318
5104 5105 15510
5105 5106 49585
5106 5107 30875
5107 5108 28249
5108 5109 63827
5109 5110 73394
5110 5111 56081
5111 5112 3565
5112 5113 71851
5113 5114 36180
5114 5115 86269
5115 5116 48137
5116 5117 40079
5117 5118 78879
5118 5119 43610
5119 5120 28576
5120 5121 13924
5121 5122 53986
5122 5123 79724
5123 5124 50352
5124 5125 35256
5125 5126 15805
5126 5127 81232
5127 5128 16308
5128 5129 13532
5129 5130 88898
5130 5131 77508
5131 5132 32852
5132 5133 44463
5133 5134 13249
5134 5135 80345
5135 5136 23825
5136 5137 66576
5137 5138 75912
5138 5139 66156
5139 5140 32662
5140 5141 16161
5141 5142 87110
5142 5143 2266
5143 5144 33605
5144 5145 36810
5145 5146 30908
5146 5147 36620
5147 5148 66116
5148 5149 80653
5149 5150 32532
5150 5151 16225
5151 5152 61721
5152 5153 5271
5153 5154 44764
5154 5155 31149
5155 5156 79100
5156 5157 31159
5157 5158 23272
5158 5159 69064
5159 5160 10427
5160 5161 17969
5161 5162 84496
5162 5163 45197
5163 5164 84640
5164 5165 70705
5165 5166 12077
5166 5167 89080
5167 5168 60380
5168 5169 25744
5169 5170 73618
5170 5171 54720
5171 5172 526
5172 5173 27610
5173 5174 63248
5174 5175 9064
5175 5176 64197
5176 5177 34880
5177 5178 55007
5178 5179 55859
5179 5180 41729
5180 5181 71480
5181 5182 55733
5182 5183 16281
5183 5184 65233
5184 5185 36244
5185 5186 11815
5186 5187 70292
5187 5188 19314
5188 5189 33136
5189 5190 17159
5190 5191 39355
5191 5192 39346
5192 5193 14981
5193 5194 47270
5194 5195 84437
5195 5196 8984
5196 5197 34696
5197 5198 79903
5198 5199 7942
5199 5200 47216
5200 5201 88294
5201 5202 26109
5202 5203 41297
5203 5204 59183
5204 5205 43409
5205 5206 66913
5206 5207 32073
5207 5208 41551
5208 5209 84574
5209 5210 82849
5210 5211 72838
5211 5212 76350
5212 5213 33484
5213 5214 25500
5214 5215 88469
5215 5216 85620
5216 5217 20806
5217 5218 15562
5218 5219 1747
5219 5220 4359
5220 5221 85760
5221 5222 42747
5222 5223 70406
5223 5224 11358
5224 5225 29538
5225 5226 28286
5226 5227 46015
5227 5228 82082
5228 5229 29065
5229 5230 23976
5230 5231 88958
5231 5232 31589
5232 5233 88651
5233 5234 82769
5234 5235 52935
5235 5236 71725
5236 5237 71207
5237 5238 76335
5238 5239 49342
5239 5240 60185
5240 5241 62459
5241 5242 79401
5242 5243 16147
5243 5244 50625
5244 5245 73587
5245 5246 25569
5246 5247 61698
5247 5248 27868
5248 5249 48126
5249 5250 86150
5250 5251 75121
5251 5252 52638
5252 5253 72187
5253 5254 60560
5254 5255 41651
5255 5256 86951
5256 5257 70031
5257 5258 57205
5258 5259 50302
5259 5260 77686
5260 5261 51157
5261 5262 6710
5262 5263 9028
5263 5264 78832
5264 5265 84695
5265 5266 19107
5266 5267 35098
5267 5268 42461
5268 5269 25150
5269 5270 42168
5270 5271 41611
5271 5272 10051
5272 5273 34665
5273 5274 19932
5274 5275 10803
5275 5276 88783
5276 5277 59854
5277 5278 84429
5278 5279 84528
5279 5280 22079
5280 5281 46693
5281 5282 36614
5282 5283 85250
5283 5284 21701
5284 5285 45918
5285 5286 54377
5286 5287 44453
5287 5288 25461
5288 5289 15206
5289 5290 19460
5290 5291 22824
5291 5292 42300
5292 5293 52825
5293 5294 56525
5294 5295 87617
5295 5296 13433
5296 5297 23391
5297 5298 49943
5298 5299 49570
5299 5300 28545
5300 5301 10020
5301 5302 13640
5302 5303 26029
5303 5304 26872
5304 5305 22152
5305 5306 32873
5306 5307 18732
5307 5308 82680
5308 5309 43327
5309 5310 81382
5310 5311 15194
5311 5312 9393
5312 5313 73760
5313 5314 37174
5314 5315 62256
5315 5316 71620
5316 5317 11362
5317 5318 7520
5318 5319 11353
5319 5320 73989
5320 5321 42531
5321 5322 3562
5322 5323 49662
5323 5324 49874
5324 5325 42421
5325 5326 11268
5326 5327 5359
5327 5328 14361
5328 5329 68551
5329 5330 10996
5330 5331 45665
5331 5332 41072
5332 5333 29880
5333 5334 81039
5334 5335 16718
5335 5336 37111
5336 5337 44052
5337 5338 57919
5338 5339 54785
5339 5340 82317
5340 5341 77436
5341 5342 74641
5342 5343 26212
5343 5344 34376
5344 5345 89712
5345 5346 46673
5346 5347 1919
5347 5348 21378
5348 5349 74934
5349 5350 86011
5350 5351 52594
5351 5352 40454
5352 5353 87673
5353 5354 43810
5354 5355 2482
5355 5356 52560
5356 5357 62814
5357 5358 8198
5358 5359 49090
5359 5360 27100
5360 5361 70709
5361 5362 54218
5362 5363 43980
5363 5364 86755
5364 5365 31406
5365 5366 20147
5366 5367 21655
5367 5368 26735
5368 5369 35134
5369 5370 30950
5370 5371 46499
5371 5372 16052
5372 5373 15942
5373 5374 62650
5374 5375 26626
5375 5376 40692
5376 5377 17132
5377 5378 68170
5378 5379 48888
5379 5380 64643
5380 5381 52798
5381 5382 66489
5382 5383 52726
5383 5384 24472
5384 5385 58255
5385 5386 50232
5386 5387 30555
5387 5388 1284
5388 5389 75655
5389 5390 51574
5390 5391 70230
5391 5392 88917
5392 5393 63654
5393 5394 52410
5394 5395 24199
5395 5396 21439
5396 5397 26873
5397 5398 28907
5398 5399 75730
5399 5400 660
5400 5401 89179
5401 5402 83864
5402 5403 78368
5403 5404 58123
5404 5405 45080
5405 5406 7782
5406 5407 89709
5407 5408 72218
5408 5409 10989
5409 5410 40176
5410 5411 84826
5411 5412 88756
5412 5413 38564
5413 5414 86724
5414 5415 45202
5415 5416 16871
5416 5417 25759
5417 5418 23340
5418 5419 41345
5419 5420 933
5420 5421 26057
5421 5422 58714
5422 5423 46534
5423 5424 58370
5424 5425 66875
5425 5426 74667
5426 5427 70135
5427 5428 56382
5428 5429 5995
5429 5430 86088
5430 5431 1919
5431 5432 19762
5432 5433 44381
5433 5434 37759
5434 5435 63228
5435 5436 32414
5436 5437 55095
5437 5438 62154
5438 5439 81527
5439 5440 15594
5440 5441 51948
5441 5442 58749
5442 5443 27590
5443 5444 62826
5444 5445 73172
5445 5446 17985
5446 5447 85146
5447 5448 34945
5448 5449 53908
5449 5450 43238
5450 5451 82164
5451 5452 35781
5452 5453 37490
5453 5454 56035
5454 5455 4801
5455 5456 37208
5456 5457 28641
5457 5458 45330
5458 5459 8418
5459 5460 16280
5460 5461 35397
5461 5462 76858
5462 5463 13909
5463 5464 65980
5464 5465 35700
5465 5466 48520
5466 5467 84354
5467 5468 65962
5468 5469 52798
5469 5470 58326
5470 5471 17860
5471 5472 70125
5472 5473 62470
5473 5474 45341
5474 5475 11691
5475 5476 88813
5476 5477 4086
5477 5478 9638
5478 5479 20497
5479 5480 4616
5480 5481 40296
5481 5482 78585
5482 5483 23549
5483 5484 43488
5484 5485 18995
5485 5486 59157
5486 5487 73474
5487 5488 14879
5488 5489 50587
5489 5490 73163
5490 5491 86539
5491 5492 9634
5492 5493 5599
5493 5494 84957
5494 5495 39477
5495 5496 1072
5496 5497 11971
5497 5498 56044
5498 5499 76359
5499 5500 38162
5500 5501 1332
5501 5502 21111
5502 5503 78529
5503 5504 19398
5504 5505 77
5505 5506 13435
5506 5507 25425
5507 5508 52723
5508 5509 7075
5509 5510 23754
5510 5511 40861
5511 5512 26399
5512 5513 43026
5513 5514 36391
5514 5515 74527
5515 5516 75589
5516 5517 49843
5517 5518 17125
5518 5519 64261
5519 5520 1507
5520 5521 73107
5521 5522 19645
5522 5523 71945
5523 5524 68029
5524 5525 45852
5525 5526 12080
5526 5527 25256
5527 5528 6873
5528 5529 21656
5529 5530 89514
5530 5531 40980
5531 5532 25219
5532 5533 13490
5533 5534 50668
5534 5535 10239
5535 5536 38262
5536 5537 55587
5537 5538 51094
5538 5539 78041
5539 5540 24759
5540 5541 29650
5541 5542 11727
5542 5543 87995
5543 5544 2845
5544 5545 59286
5545 5546 80851
5546 5547 17340
5547 5548 16714
5548 5549 61203
5549 5550 7617
5550 5551 66444
5551 5552 45601
5552 5553 87188
5553 5554 89564
5554 5555 49788
5555 5556 48002
5556 5557 73224
5557 5558 61638
5558 5559 22672
5559 5560 79905
5560 5561 66043
5561 5562 40716
5562 5563 77766
5563 5564 68723
5564 5565 31516
5565 5566 26141
5566 5567 40020
5567 5568 60219
5568 5569 83573
5569 5570 3811
5570 5571 35610
5571 5572 24833
5572 5573 13435
5573 5574 75260
5574 5575 46964
5575 5576 18354
5576 5577 16349
5577 5578 23877
5578 5579 39339
5579 5580 26988
5580 5581 42743
5581 5582 77068
5582 5583 6311
5583 5584 20824
5584 5585 27761
5585 5586 36121
5586 5587 35149
5587 5588 48176
5588 5589 40707
5589 5590 34667
5590 5591 26421
5591 5592 77935
5592 5593 6888
5593 5594 36853
5594 5595 70707
5595 5596 86208
5596 5597 1978
5597 5598 27461
5598 5599 53450
5599 5600 46503
5600 5601 40955
5601 5602 5744
5602 5603 52644
5603 5604 7321
5604 5605 50493
5605 5606 66515
9263 7890 80488 7323
2853 8114 43390 3453
7644 5152 6242 2747
8775 6895 93101 774
1712 9713 42487 1373
7375 4212 73840 11028
8510 5653 71371 17931
5284 1124 6106 374
6379 5935 99130 14227
9568 7293 52055 19966
2178 2955 44175 9624
7169 7916 12621 16649
5917 5600 14696 15480
6247 6049 28564 2981
9240 9691 98594 11254
309 6729 98197 12786
7127 6510 3276 18091
6884 3431 940 3257
2419 6044 64300 5667
5947 9179 71314 17994
3245 7825 2896 1095
8065 1895 7830 9125
115 4806 23779 1875
6970 7412 77992 5957
2358 4649 79383 13876
1037 7265 78201 10344
5835 7055 83683 13937
4118 8766 41933 3730
2496 8072 28104 19962
908 7396 40348 17920
7153 3607 87641 12292
6394 6204 93993 7074
3304 8957 63775 16796
1380 9609 91248 5094
451 7797 84910 4863
2347 7887 83082 13764
1269 4942 62904 14019
8726 7260 54411 8362
3329 1950 23197 15614
1866 6147 19227 16461
5211 4945 61340 50
8047 3868 40675 14512
563 305 99870 18158
8775 5646 13215 8749
1039 9215 79439 17965
981 7988 37467 16721
2997 8940 7124 3394
4868 8181 14624 4767
1557 9426 46470 16468
5065 344 37375 17960
1235 6228 2105 7471
747 3588 88380 10752
4078 5117 47228 8709
3943 6960 24143 19222
9353 466 37430 11712
5495 7889 43084 4520
1031 6982 511 1822
721 1505 16983 13324
9957 3951 92395 1063
4329 8106 23764 14828
8697 2476 32677 10600
9380 7463 35510 14276
1132 1445 7329 1992
1429 4020 11735 281
4753 5382 66707 3678
5398 5502 95700 6782
9260 5937 27214 19849
5118 9372 68764 4838
2391 4024 10582 19708
3385 6218 70387 17906
5682 5201 20813 12240
1044 9982 53260 18056
8720 2375 781 10207
6476 5574 28606 19753
408 3371 81056 10867
2485 9598 27147 135
9500 7017 81447 6439
5642 1353 48041 1684
7538 8609 96940 10577
8048 4839 74226 17298
1456 3428 87588 8066
6223 3190 53982 13359
5150 3980 15863 18115
5416 9729 65835 2339
4401 910 70925 19229
6593 650 11030 13675
7451 2961 59832 2113
8041 493 71352 6939
6493 1393 74458 15417
6601 5172 79433 16379
9780 7202 29119 18631
6078 9912 39679 12396
3132 7589 35204 15775
3996 9238 58130 17630
8862 5908 82182 3216
2734 3599 37147 18749
2941 2599 51170 3084
6033 8633 1075 18011
5520 7423 87015 18653
4098 2318 62683 15915
2690 2529 3250 10416
2679 2345 29038 3422
3004 1598 79461 19183
4740 6720 10551 1759
6471 7333 95318 662
3890 1011 78470 3510
4090 4033 6881 8624
5734 7780 46296 9245
2662 7366 48956 4337
7570 6006 57827 11845
3160 7445 77149 16282
3112 7638 48449 243
1118 8771 95142 17069
4528 9573 95694 4192
9157 1213 93418 18701
4826 3336 95637 10379
9524 3937 2621 14532
4108 6932 33322 7041
6771 845 88608 10600
4490 7621 92299 13509
8497 1904 17225 6229
9795 6764 3777 9803
6663 1620 17918 2412
5724 7535 30332 5204
9149 3913 84950 5228
907 5686 82998 4033
1560 3878 41418 15550
832 9070 81253 14178
7657 2127 40878 19799
7211 3671 89365 11754
1744 7906 46491 16516
7834 412 84316 3311
7808 167 57818 2141
1066 7262 47781 14836
3915 884 33751 9987
442 9203 81933 3120
6566 3869 97013 18887
1498 3166 36670 15592
750 8720 33194 4111
9225 5480 64618 1441
2180 9225 46073 11887
3465 6389 67525 19808
7115 9200 34442 5419
5371 9302 25398 16016
9424 1928 93105 15032
8408 7861 24374 4134
5053 829 79875 8841
1226 7412 5043 1020
3081 5446 99609 12045
6381 7174 83941 6926
3610 8176 78202 14370
8110 9488 13426 10593
7219 1404 44938 1942
7058 6777 48211 15965
7257 3159 52910 6736
4635 3145 6166 4784
9972 7404 14072 4902
7860 3673 29179 15316
5307 3752 59123 1944
7241 1111 89273 16892
4723 7874 43872 16068
3612 8829 31425 15227
8532 9915 37588 7425
1300 3729 80574 13335
5071 2518 40750 12804
6227 2757 50754 17369
1722 3181 71467 15761
9186 8806 51110 12844
7483 6957 50402 7476
5022 9197 18262 19184
9178 9833 35814 12137
3172 6756 26706 2950
640 3209 41476 11875
4710 6526 60295 17243
2209 3507 52195 8157
4243 7982 30243 1658
3334 8381 80268 962
1840 5832 36285 16249
5467 909 41426 3782
6034 3155 26642 5619
1370 5159 73581 4507
6457 1933 75179 12281
8727 535 58210 3083
9889 2736 40549 16817
2431 1805 64416 16609
3701 5082 24107 16072
617 8900 55303 14877
438 6092 82229 4160
6337 2284 76812 19514
6947 3400 34883 17829
582 2641 27852 18943
4004 8555 52870 2158
4941 875 11995 18958
3865 5613 30915 1871
7756 8613 58793 11385
9765 3082 97040 1306
9850 4230 20155 9477
5898 7869 53301 17359
8795 2440 51119 4935
1745 2829 25380 15522
2872 5023 33347 4331
3611 1562 80055 19322
6820 9869 11409 13436
8726 3744 42687 17881
1978 6014 98974 12121
8367 6271 92060 17821
3855 6615 34700 16478
103 4393 68132 19710
9022 6111 42832 8294
9801 3899 47007 9250
4767 8129 71219 2899
4729 2747 29075 656
1757 7068 87262 14263
4318 3730 43175 369
3311 1037 6050 3839
4418 5848 6096 12739
5741 1838 95872 17725
6610 2558 75993 15041
7700 6993 77694 12773
523 9848 37333 5398
94 3740 72087 7757
5914 2298 18108 2344
8547 2936 14259 16375
4629 3695 93441 10285
716 1626 40261 7420
6036 5917 35802 14515
7217 811 50100 15596
7052 2980 40645 19400
4579 7059 4827 7659
9532 7715 42528 2003
2037 2591 17785 3368
3805 3626 60678 16262
628 9047 88859 5343
749 2241 91980 10432
6024 4730 94796 16225
693 3074 33271 10400
7437 2010 994 10636
2620 55 21669 1140
6837 1662 77709 3554
8390 4302 36319 6803
9351 9493 1348 16952
7504 2476 17969 7447
5313 9260 61000 2504
9400 8501 69110 2997
4852 8883 75481 6762
5017 2468 74098 10657
2807 5749 13176 15562
1967 3124 37516 18232
2599 3777 86885 3948
2821 305 71103 9192
2891 9509 36689 10011
3025 848 11743 6056
9095 4805 15235 4651
2949 9041 76378 7256
7423 8301 38165 16530
5598 2491 14424 2964
1513 9222 1169 15713
2094 7654 96309 8490
9639 1852 89207 13935
7696 3737 11236 16664
784 9226 85209 14985
9632 9720 5103 19416
7294 9054 24190 3446
8831 4930 91629 8458
8199 415 27096 12398
5013 628 41620 9779
108 1812 43648 9315
8148 6880 46435 4966
9430 5636 72706 10014
6646 6932 34327 18413
101 756 28710 13994
529 9909 44206 10851
7317 8571 86251 15038
1714 9306 98923 12273
8026 829 88200 13115
6093 5275 69493 9700
3548 1738 33251 14970
5754 3009 43951 13752
6015 7667 1412 5583
349 3256 61966 10354
1852 94 92363 9195
4572 144 74023 19168
1529 3565 41473 4344
5618 3977 57399 17153
5517 4497 5118 114
2762 6619 73514 4819
7139 3768 440 7026
5115 7991 57914 17790
5038 5772 47326 7391
9717 2716 41037 18280
1200 9466 31973 4987
5046 5024 23749 16956
4098 1781 82003 10431
9448 4428 62719 12404
1827 6561 66100 18915
4090 6245 43760 4579
4285 4282 86568 19929
2770 3411 5488 18154
1795 2098 58170 18050
6759 3137 7953 3669
579 5409 23560 12036
8570 8354 49671 5652
853 462 29267 16033
8609 2649 12206 13488
6681 6270 96725 5016
9022 8669 35698 17275
87 3995 87298 11172
857 9013 30890 1667
5029 1868 81828 15948
4520 1994 52400 2937
43 5542 40766 4663
2212 8041 31106 6748
8935 3931 94063 15015
5584 2572 32216 15669
7689 8081 46764 436
3139 7344 17021 9564
3591 3721 59604 8877
4028 1854 24616 14052
7215 9260 53327 17794
9915 7089 33727 19385
2445 3323 43782 574
890 6023 47421 7903
1025 7560 90389 1800
5969 1239 74824 16313
5276 6898 19032 11987
4243 9310 37220 19461
5424 5261 93498 6151
4896 7872 79252 8734
4965 8237 71885 2281
4894 5472 94480 17903
8475 9821 2769 16520
2809 379 69159 2743
1666 8359 17558 13345
4043 4474 71223 5393
7561 4026 20972 10082
5409 2976 10636 12193
3535 5624 20044 16567
8786 5197 49837 11306
4652 8813 30541 4055
3479 3595 81158 10604
371 1731 82004 15381
6364 5843 53917 3820
2453 3418 48013 16458
7490 1199 53849 1816
6112 2251 17776 14029
2761 5676 65544 4357
810 3880 10213 3409
6284 4267 69567 4142
7154 3468 66090 17137
747 784 60913 11339
9978 7348 74375 16770
3714 2632 83555 13977
1592 1176 65332 521
3031 80 67743 11308
6343 8809 86143 14428
4657 5233 69132 16347
4831 1510 13933 7622
1716 7523 31709 10111
397 6727 24196 11764
2799 9130 24971 562
2566 2466 99908 15848
9922 2785 98494 12096
157 362 44217 18826
4156 2988 65521 4497
6272 5890 94643 17228
9307 9611 59212 18926
6379 7721 32949 5658
1015 3357 26926 5751
3002 5106 80837 15102
1938 6064 32536 111
7780 1297 13325 11704
5556 545 78630 1193
4615 540 94908 6521
1405 8101 26732 9128
3363 9239 58793 9210
8079 492 274 18514
7037 1453 70304 18032
3916 8169 28312 2907
9124 9180 35904 6142
5531 6213 57417 10167
7545 5747 35485 13545
9604 2144 53911 4000
3285 4484 39257 10698
9114 6582 8782 11697
850 5118 49721 8729
8370 8353 98581 4721
5819 2449 44415 8212
2084 8061 75961 5598
593 1514 96462 5605
4276 4794 15753 14115
546 3737 97746 10541
5772 8179 3081 7807
6019 2819 48325 15816
4404 8369 68668 800
8717 6723 62827 6420
8937 532 52793 7509
4223 2115 46897 8846
2040 8762 67840 19612
4758 641 17642 12262
2844 1243 38777 6993
4839 407 68146 9963
2167 932 4762 17675
6484 8907 12939 6370
7938 5598 7152 16693
2585 9006 3040 7526
2690 4647 75400 4784
7816 9804 60648 7555
6013 7707 72828 17702
2136 8221 54254 12624
4532 6408 98386 8883
234 9578 68390 1633
1925 702 35013 13413
1616 7138 69064 2877
6329 5329 80017 4702
7943 6138 6864 3600
7246 9090 45259 10903
7639 9979 15704 8573
8745 7356 32161 6972
7841 4664 34175 19312
8248 4688 31349 5728
7206 8379 52683 9728
721 4459 38705 12630
3107 449 57975 16997
5108 5650 47537 890
247 4693 5681 4581
3870 2370 86479 7610
5336 3108 57299 9740
1811 1234 73867 3712
9896 46 48667 6980
5327 6479 84523 1507
4489 7360 76847 4169
4400 4563 3901 6958
840 6873 49064 3670
640 3552 51045 15629
2995 6066 44024 5554
5665 2347 921 18290
9836 9437 31849 9287
4731 5563 4123 9464
2890 1552 41527 3737
1488 8081 25144 4504
1965 2527 83938 14635
9830 214 94058 1847
2476 204 24212 14494
8637 491 99055 9416
9233 945 30060 2519
4656 6819 69611 4870
6795 4743 83203 9434
2231 1466 4134 12132
4653 2554 65608 19384
8437 8709 53673 6184
7584 9264 74396 15448
7424 3606 39256 7349
2738 2355 58952 18255
586 5841 39806 12350
340 1267 96204 15529
2410 7 9520 17713
6637 339 65835 15033
9550 7413 8395 970
1999 2770 70015 15898
8767 4473 3551 13345
5316 1241 3903 5298
529 3112 5672 14483
9505 7715 3901 15296
2629 9056 3588 8984
35 7405 98434 1382
4008 1745 91581 18751
4452 6919 21694 18276
5226 6961 35880 26
8182 5824 62116 18320
487 4664 56625 12352
7246 9645 43712 3774
9033 6729 73347 1834
4843 5312 33730 14359
4036 5537 38657 8814
4722 525 90297 16680
2411 2467 34764 724
8364 4972 40097 9241
8469 7921 47723 3705
8339 1100 26868 15556
9535 5418 10046 2807
1581 1046 61673 10729
7227 7119 14862 15940
1271 5902 69274 15074
9236 1345 73090 593
9359 8831 19380 11132
3000 4001 11927 438
5675 1627 8604 6821
8273 5791 54535 1060
3603 6479 20040 7390
417 2259 71135 6539
367 4171 73269 4724
7465 9415 37634 6009
6232 155 73002 18997
7249 7422 8053 6791
9126 1399 83391 18280
2951 7243 48818 17914
2728 396 76636 410
7268 2302 56612 6168
3443 6368 93883 12437
1634 9680 93270 1600
4433 4499 80124 6865
4115 5933 74613 14211
5650 2022 73735 9904
7499 7187 98971 2152
3942 7235 26898 18790
9334 5363 97149 16874
6347 9163 50597 907
4635 964 77985 11063
6618 697 72069 10034
2545 5190 89457 13094
7511 1341 46567 14257
2626 8724 5487 16204
8580 5683 78157 15429
3959 5647 88411 4604
1988 8575 79812 8332
5531 8612 31532 7959
1639 5923 75855 12573
6505 6535 32591 17327
6431 3643 57845 1534
5820 9561 70791 14512
8164 8557 90736 19765
5051 6764 44539 14164
6188 7368 56564 15361
1782 3508 2359 7391
4372 7928 68151 7290
6715 5582 45208 1976
4574 4471 26919 9031
2612 8223 5683 721
8981 1907 58069 8341
2665 1463 1631 10422
9611 6231 3187 5002
1117 6851 94775 17078
8275 6156 106 18889
9609 8947 88412 18485
5708 6965 92138 4896
7919 6927 48449 455
5932 260 40020 18712
9622 9579 7048 15431
5549 9384 18323 3748
546 2135 62903 15190
359 5265 95360 11005
6716 5767 36377 1467
2055 1228 6078 9595
7575 7038 89324 7450
4313 1603 6908 17873
3021 8481 77307 4645
9997 5330 98195 17064
3343 7888 99211 4484
697 665 98980 9332
9457 486 91938 6398
5896 6469 20304 12742
2967 5824 74749 12456
9654 5379 59279 1562
7323 2744 22009 10150
8082 3424 6160 6219
8882 9649 27631 6778
7246 8364 23003 4123
6065 9520 99642 12149
5298 251 74797 14266
3413 3864 85412 579
3101 3524 42616 9094
6664 7281 71493 5370
1561 3053 76909 14127
1206 2749 2592 8126
9491 6624 79452 19866
7021 4225 17981 7503
3769 6395 47566 9252
9951 8459 18069 2994
7406 2980 5995 8197
5423 8681 47219 19274
2629 3273 9381 2325
1400 9836 79475 7961
1106 4887 10438 2613
7163 6300 80865 14233
8 9249 46017 13870
446 7276 90636 16269
4011 5080 26080 12188
3624 543 44019 14708
668 7796 3436 17486
9052 3792 29379 11487
4475 6355 88398 12373
4736 4535 49351 6147
9098 4161 19033 12475
1716 9241 12571 3926
320 780 8314 17371
7637 7787 10321 2463
4729 36 40369 1639
399 280 81040 2325
181 8683 55957 16977
8638 4950 24793 19196
9381 3770 79502 14224
4021 4718 29982 4391
8338 9739 55220 10770
4868 8922 68932 2850
7699 3541 97905 2324
5136 3095 24317 19733
4425 3049 71829 15103
7582 9546 74219 17007
7953 4477 36298 786
6881 8187 47374 11791
4348 9561 76325 1587
2860 558 84793 8785
735 6636 21340 13701
4952 3917 1116 14619
3769 6429 30429 17347
5608 2994 53763 2632
944 9592 7896 9630
2314 321 50292 14298
4394 4661 28724 8809
1963 5504 26929 16867
5600 8127 57655 1896
6568 1751 18052 6318
6580 6400 80724 19437
2655 3063 92170 12754
529 8673 55604 9982
8586 6133 81198 9796
2111 7562 90024 9646
6826 8230 47420 9577
144 1139 3512 17605
772 3193 15857 10979
7192 3167 77705 4346
3108 3918 42188 14123
1884 656 30163 13926
998 6350 62180 18419
6837 9843 85518 13709
7873 3882 36643 16198
3508 6696 23355 4586
2145 569 22980 16747
23 1230 10282 11879
5927 317 5796 3725
8568 7266 49998 5771
534 2882 34142 8424
5382 5617 47814 8546
7070 4324 22989 15027
1845 8897 77384 12806
696 78 57876 9461
3500 9294 63559 1480
1732 7950 57255 11500
7979 4852 49763 10104
4839 1487 9542 6759
8529 7849 99298 3168
5543 6097 43168 15236
7036 119 89563 11468
4344 5210 63223 11134
4255 2818 98006 1877
3368 6358 36034 8703
1310 9154 75105 3524
1915 6678 39585 14480
9548 737 23362 6354
7031 6235 61732 632
5002 2244 81338 15105
8670 7952 31960 15529
8646 479 5810 19125
7116 3597 20108 7863
7924 8122 884 3835
5440 8320 78749 5053
4981 888 28070 16496
7649 6580 99144 8326
9137 7548 79497 14667
150 9628 66448 10582
8232 4757 25883 897
1782 5591 16382 3257
8463 3834 43248 19446
9347 8279 96724 2917
9322 2736 47083 12810
7512 7448 79266 6902
3160 6211 3161 3811
3770 2354 69919 346
9895 4931 18016 9276
2961 1912 75495 15372
6438 6283 17821 848
7265 8219 83644 8790
7950 7923 1753 8178
992 4730 93691 9532
3910 236 39369 2333
9776 5683 62873 9450
6098 5909 88936 7306
8899 3639 27480 9726
4284 690 74088 6932
5792 9960 10575 17290
5892 3824 73782 14826
277 391 38785 15858
4010 4806 27479 325
5163 9990 65325 180
4149 650 18028 264
2773 2367 62677 2487
2356 9600 5151 3533
1678 3962 41553 7112
2229 4073 11699 1897
9188 3091 79695 1885
7608 3596 93106 13766
2304 9079 46050 4266
6786 9487 63114 19032
1368 3915 45219 6294
3611 8471 68282 308
9887 3551 56828 5858
7582 5032 45660 2287
4527 4350 61460 5743
4692 1917 43030 11305
7055 5946 96640 15802
1379 3993 4963 2731
7670 8699 51392 15494
3825 1982 77844 14461
6728 8609 17442 17736
9085 8677 59967 1332
5648 1237 56265 14145
5390 3334 72750 8449
6164 5660 36283 12051
1219 1692 24032 12521
1997 3391 66967 16252
7401 3427 62896 18592
2821 9368 63352 17282
8230 2143 91316 15314
9786 7852 106 4469
1285 8403 85091 4073
2546 3590 83823 2040
3278 2430 35181 11767
6468 126 86710 9701
4014 2145 4240 19291
3726 8862 85696 9999
1794 3842 98800 16786
7055 5946 15506 19056
2807 146 94513 17811
5346 483 65395 3714
2223 6169 18077 17855
1488 6219 12664 9009
8482 3919 26912 14400
2805 3490 37718 10335
3623 8501 87008 12434
9440 4409 73138 5434
7493 9912 7145 8092
195 9821 3058 5519
1993 7742 7307 14447
2149 2657 82836 13165
6992 2547 99125 17271
4733 7229 84421 14912
3061 6918 94574 3452
5627 8315 25882 1996
1295 5644 48574 1801
8766 7955 62033 16709
7726 820 44372 16952
6778 4236 1843 18144
1224 7384 28877 3485
964 184 25596 18117
211 4894 75806 11057
3644 9030 58411 5372
4913 6569 98368 6498
5097 6297 37473 7713
603 5108 68920 6379
3027 7738 7357 17646
6615 1387 31202 2628
454 411 30257 15446
9901 4457 24622 17038
8905 501 11022 1603
1202 208 36437 1404
5703 7679 20537 3996
4220 496 5930 14544
4800 5527 54557 19276
5267 6689 481 13108
8665 5811 50961 15224
7104 5907 45600 6344
4487 8922 37067 16020
5398 9108 8072 11444
5543 230 61472 19705
1309 8903 5522 19581
9035 6776 60177 17031
3596 3399 42302 788
487 5964 38280 9535
6412 3201 62097 6884
9402 6013 35665 2653
6131 1077 38366 11103
5802 8211 12444 3156
3807 6451 39310 8191
7619 7329 98683 7459
4105 4208 5 9465
3659 2144 80897 1762
906 3105 37218 2298
535 6324 79247 15209
6903 6143 42297 19838
750 5886 29508 16713
1273 7560 83473 7702
1101 1480 79760 13042
8382 863 80726 6866
9867 1949 48760 5156
374 4370 82295 16905
172 22 73797 5026
8649 7195 31337 17797
7789 6707 15151 2844
9390 7882 44815 14426
1641 1393 64168 19335
3742 9796 47247 12915
4576 1781 5114 16509
3475 8515 36431 2733
2475 6701 41423 19104
8005 7625 95694 17227
7561 8580 52878 2791
3316 4996 2648 2976
6649 5810 22645 15166
1171 3427 50702 16696
7695 1614 90958 1443
6357 2006 53158 5153
4074 7980 66928 11380
3834 7576 10978 10212
5215 6462 53858 2463
9207 5676 97298 7118
3386 3396 9917 3887
7117 436 71308 4666
7166 9108 79246 1739
3328 2615 98170 9624
3628 3071 30819 15461
2462 5403 52878 17284
5203 4473 52934 17889
1762 8654 45237 17703
6212 9861 21900 7214
4643 9828 87679 11126
4505 8655 51837 5527
1042 207 1247 9504
67 3944 71619 17528
4346 6947 41698 1194
3577 5501 31209 13437
2778 5091 23235 3595
5189 5885 9607 14978
2698 1342 46940 11018
88 663 19777 14437
2667 2800 5261 14281
8654 2430 43919 19572
1295 7193 42543 10366
5363 752 82465 12167
7321 4035 61007 6364
9118 7192 32347 6378
7647 7719 14179 14579
5416 5453 79035 8364
8896 2137 28349 1453
7396 9453 6888 14924
7515 8258 24353 14794
1273 2205 66921 9668
2649 6879 29236 15461
442 3615 60813 1625
8241 5091 41513 14632
3937 1424 51455 6404
3189 8712 5031 19875
9473 598 17050 4186
8803 4221 7821 17284
9440 8165 76552 16421
9052 6687 12227 1823
5579 6625 18372 16782
8630 1865 9700 10262
8143 2344 72355 11060
3730 6864 33113 16830
7638 1471 16131 18917
188 4929 2569 10903
3925 2896 94118 12230
6015 9490 10425 5482
617 670 33341 6270
489 9779 90351 2330
3008 8664 20053 13663
8466 4308 73022 10624
4355 7103 6768 14081
664 4284 6817 10273
3624 608 17491 4289
817 1050 63548 5604
6 5301 88899 10485
673 8111 96669 8613
5496 6469 80360 18748
2991 6972 62154 18634
7494 771 24284 12806
9592 2491 71901 9326
6065 4537 51780 18586
2785 7285 44176 9751
5058 3104 47717 5791
7769 6304 83591 6756
813 6503 65051 13841
4148 9821 90469 11596
7857 4838 3158 18535
1672 8898 15057 11393
699 3436 73234 5774
6136 3 61340 16650
4347 2145 3537 17749
7910 7723 1164 7428
4304 9941 55233 9877
3055 3716 6284 16058
3 4768 7555 3500
9737 5323 6147 640
1880 2359 85787 19211
2808 9782 99347 5560
8552 3942 21301 11716
4029 4907 76528 15952
2784 9261 62505 6734
4482 4160 5476 13022
7901 310 94646 15374
751 8486 6446 9015
5286 4521 65375 16390
4468 9643 68156 6495
1073 5019 46888 7098
9424 4339 62060 12261
3947 4173 29626 6597
5862 6209 16616 6348
3749 4116 80462 11673
3948 6970 73842 10312
2244 4582 61256 8343
8635 8460 12369 11791
2283 9039 75938 945
4540 1713 61318 5710
4157 8998 9553 18220
6159 2066 37764 13686
8941 1309 72695 15159
2995 4749 37950 16887
1552 298 82675 19871
9552 6579 56960 16005
588 9089 22121 2717
8289 7594 93335 18141
8994 6418 88640 8822
6977 6337 70517 11843
6747 7255 80118 13205
969 4314 43468 17316
8980 6966 46184 10780
777 1966 50440 4375
2112 6589 99935 19826
3917 5773 99463 8786
3478 3497 48313 3957
2102 9536 86558 18606
4849 5798 90523 1237
3069 5531 72432 10201
5006 547 52266 8536
8740 9411 75281 13102
2645 2964 8922 9591
4653 9756 99225 8486
5270 850 39591 7511
762 8216 21009 745
8720 6400 98908 16560
7275 2538 11817 9707
8581 737 53556 12274
7763 9430 38107 6515
8737 6039 53358 12296
3664 3762 40164 10547
1850 5789 87499 13205
7955 159 50985 1992
5983 2694 68798 8024
598 1513 13607 13669
2307 1243 72602 2135
7175 6400 1351 9408
7638 2839 15957 8444
9592 2735 7681 1846
3725 8610 14679 10749
511 7192 10340 10616
7604 9288 47959 13587
146 8511 97677 13722
7225 2121 67494 18215
1280 3133 83506 15514
2946 1490 15989 2609
1491 1628 7352 16172
8218 5920 92857 17590
2099 5905 6596 10016
5535 2194 67172 6038
3604 9166 75843 18671
8115 9658 12825 3529
6375 3071 77628 19345
7299 716 44262 1697
6723 4425 59968 15964
6236 5950 68257 14307
8681 811 71125 10929
1244 1112 331 15171
958 5978 85208 4235
6906 4750 20387 19451
7562 7084 51065 1516
2240 6268 62596 7443
5539 7589 57463 14459
4311 6949 14173 18559
8381 2883 61772 6192
7340 6674 70973 18353
4276 5320 21026 2522
3291 9550 61976 6329
3935 4425 4262 7799
1936 442 309 14112
9937 7641 13475 14412
3734 947 12089 18842
9034 1434 47342 18035
5966 2145 90923 17357
6602 8558 4489 16012
2224 8996 37608 18804
7090 9719 47679 1494
6802 7514 65536 19908
8465 3699 34591 6449
5480 4799 74287 18942
2402 9988 61215 3875
4877 7808 65568 5718
2419 8887 52037 7165
1971 6546 45716 14852
6992 3213 58834 3088
4217 7855 46656 18331
4620 9298 30632 13448
3534 6821 51101 1535
9982 2148 17916 18500
3595 3208 7348 10547
1581 866 37216 16204
7341 6349 10164 7679
1295 7612 53077 17157
5252 7136 81567 11783
1020 6556 41909 14439
6128 5829 46206 18042
2564 557 42454 19845
6896 103 83264 1490
1469 574 48825 5618
6281 3341 63604 1533
4315 77 7077 7154
1849 6659 92041 9275
6075 8708 69350 893
6194 6525 89977 8513
6100 6106 8233 7654
7343 7117 77661 1413
625 7223 33050 6324
9224 866 6618 6242
1976 1291 52388 12186
6438 7348 53232 16234
8663 8997 60523 3769
3003 7229 84581 16627
8332 1056 43585 16749
6509 9204 31923 17370
7427 1321 72645 14089
8344 3700 48926 1670
9307 2987 15134 404
1484 8184 37924 13341
5531 9852 36396 12537
3817 726 26603 10831
2488 4584 47852 7192
5233 1987 9406 4562
67 7402 29011 10986
9984 6482 90112 2015
5157 8931 21010 17036
7001 9022 67544 15170
8802 7868 91525 10873
5738 311 43611 8604
7280 7384 13433 17416
2774 7279 54341 7900
1206 9930 30825 14837
5574 4945 64582 11043
4302 8518 18557 3770
5689 8092 67936 15703
6376 1999 348 6367
9381 5483 25993 16435
9337 1292 51816 15686
6385 6767 98234 12944
569 1970 97360 12924
5931 4985 82051 547
1144 5484 93098 2115
8592 7355 18731 13546
7442 3066 96374 17628
1823 317 96285 18128
3719 8543 38204 5447
9157 1549 50302 7801
1679 1040 68368 2534
3478 9263 31589 19418
1634 6294 95559 4645
1937 6687 96083 16547
4024 187 18073 3217
2671 6151 11674 11593
7099 1651 12351 19400
8541 5165 21729 15226
8352 7821 51052 2823
9440 9783 40763 18744
9477 216 68365 13787
6817 6182 77005 225
2517 2683 7244 14806
931 14 99063 6915
3816 3598 48339 2854
406 8037 68980 17259
6195 5316 65547 15153
834 7102 3422 16246
2271 9881 35986 8794
8745 4861 29962 19994
7279 9728 61805 4571
9309 8858 85843 12967
9069 5654 82877 1341
446 8059 14039 11378
2205 902 12351 9478
4349 5322 40181 15102
2750 9200 38794 11017
818 462 85357 17568
8360 8748 79349 18333
1042 6184 76003 162
8008 8997 7145 9323
8166 2009 74088 17627
633 6815 24799 7670
6599 5102 91209 3281
1737 1886 57880 401
5693 7544 81514 16274
5962 8618 57623 4186
4964 261 56340 6074
4037 2003 3627 2752
9843 2204 43242 7100
3208 3101 32447 10219
8757 3446 28062 13183
1699 4338 1458 6064
2886 3962 41100 1090
914 7527 19888 9307
1001 2665 98997 15840
2854 4696 52119 15498
1366 1836 77025 7875
4481 5895 13041 5085
9630 4760 57791 2850
6498 4033 29990 13272
3099 6504 36430 3622
6036 5136 23829 7174
5002 5081 23982 11994
4014 1178 48499 4887
4085 9775 33917 8238
7760 7156 45450 15242
216 6152 97066 12867
5828 1954 60653 9842
9371 6942 61105 2106
1877 3488 19286 7484
5787 7708 84420 1774
212 7236 57873 14084
2476 3419 47838 16402
2621 9093 96592 18607
5632 8165 963 7456
8316 7165 80349 10345
9113 5080 29993 10088
1262 9702 19288 4385
8087 7434 57326 3077
71 4737 18761 5379
5336 560 60790 19422
9638 7227 79271 15560
7303 378 4023 12925
9271 1496 32991 8214
8641 7632 78973 1437
3936 8831 65703 10443
4209 3405 15706 2395
5945 647 3116 5524
7621 117 20558 10283
5570 9473 68722 3875
7215 8792 34536 17277
1626 6548 65796 9692
8183 7942 19679 13981
3712 6212 68753 18225
6732 3953 23921 2119
9598 825 51980 13487
5195 331 59627 5924
1964 6108 92349 15179
8346 8373 53133 11413
3142 6273 93245 9603
7700 1816 35232 13316
6503 1202 30821 5631
4686 8156 42567 9387
1189 7959 5764 4958
5465 2944 11606 1933
6536 460 98351 8784
5750 285 3065 15634
219 167 88350 9938
2229 3527 43533 10393
1377 3420 12993 7484
555 5974 6360 1036
8320 5318 54615 4962
975 9690 96949 6634
4087 4044 78674 17262
4482 8628 79094 13491
9731 9225 21436 11581
6251 1186 66608 652
9988 7807 6309 12543
2428 5655 98042 5425
3471 7467 92420 8134
4149 2292 88676 4442
8925 1322 60661 1093
6160 7108 11079 181
5581 6683 15527 10170
6808 9026 36259 3733
9637 5598 63105 13397
4518 2504 65442 282
7343 5775 20447 6645
1129 4793 2561 12883
3412 2753 62453 3254
8782 5040 372 15530
4500 7726 20903 12055
7648 3419 83770 9862
7616 9844 96806 7292
2805 8909 17467 13891
7156 2131 77966 7141
8130 6764 47669 16486
7364 4424 36493 2198
3980 5728 98841 10967
3829 6687 57521 14586
236 8107 9086 15490
5186 1827 10195 205
7628 5029 78043 19802
9835 1139 28439 10715
6952 1397 40940 17554
8394 7494 2703 10702
7398 2928 93151 11952
74 2561 6818 19070
5366 4151 22944 15340
9316 4747 52018 585
4018 2040 72961 895
5310 7654 9045 6514
5142 6927 28041 10988
8063 4174 67955 19977
6076 3563 90970 14362
2332 6753 93358 14781
7783 8566 24882 4600
8110 4374 79420 5858
7105 7265 72091 5305
2605 9481 68511 10524
1232 7291 62089 12128
8397 7926 8029 5945
4835 1551 67575 3670
8279 8973 2089 13387
6886 2020 67043 15737
3287 7897 15094 7645
8580 1925 94414 19766
2596 1954 49878 865
8888 3782 20651 7388
5965 8994 51328 1578
8480 4043 13860 11392
5959 7208 9715 13272
6092 2731 13006 16315
3843 6365 19593 9054
7455 7645 66072 11328
1558 2029 53821 15858
2237 9333 73366 175
5873 4711 50981 4445
187 2873 75204 6309
400 4679 75384 3912
5270 2296 88599 1072
2430 6182 51788 15174
2708 5726 64498 17209
9882 4575 24840 2408
2998 2596 36144 9928
1802 6254 4979 7518
7478 4797 63637 4426
9881 7145 22239 6896
8355 1725 88830 19460
5028 7984 48632 6185
9344 3583 30319 9491
4746 3185 48354 2677
9861 8545 95324 6056
843 5150 1833 10744
195 7649 70589 1433
1521 3904 96591 13066
7024 9968 96040 3407
304 7350 72208 10753
8712 9829 18847 17505
3961 6842 39492 9073
6091 2050 66214 5384
5196 6019 83511 4034
3763 7401 88443 10632
8869 7649 60532 16121
5220 4009 95823 16133
1879 3277 74416 7893
3129 4551 1000 16701
5825 3273 91093 1554
1201 5091 31663 13616
3354 1183 58242 19821
5359 3271 71475 3731
7826 262 55223 15052
9460 9729 54208 14434
6755 983 86576 8857
1968 9256 27184 13005
7253 7375 58146 442
9633 7988 2187 4222
1946 3422 65605 1335
2350 8832 25401 999
2974 2053 3138 6725
2814 1042 99937 16109
6202 501 34220 2075
1272 2187 79225 10583
5034 4641 29966 17564
8506 6219 7399 14877
6214 4017 15545 19880
1308 7811 46061 4344
8248 550 55240 547
8705 4096 79621 8589
52 2671 1251 14145
7768 1431 39449 4216
2736 8775 77984 8750
8993 245 44996 11481
6320 193 90794 1935
1732 9349 4846 17236
6525 204 8598 5881
7360 8966 96317 15328
2753 3802 10967 6172
9936 4773 88747 10753
5183 9135 23806 19722
8163 3446 74253 5418
4851 3164 7176 12672
9546 2859 11825 10980
1221 9979 6129 17441
2536 7209 65784 14357
3999 6773 50234 1340
7786 2988 50582 11501
7002 3799 38919 1660
4402 1582 28487 17732
1971 3310 27264 12359
7717 7282 85807 10497
9965 3416 38429 13812
2396 8855 26366 17511
3335 6018 26429 17726
165 2431 86788 16435
6145 3156 53408 14408
3066 860 73576 4030
5314 7634 35518 19401
7462 9602 50907 10566
6816 2795 56827 7652
5882 8623 4064 13075
5208 5901 36799 17803
4510 5307 29317 9545
7671 6085 23484 10437
4736 5217 50000 4939
5369 2972 30105 11595
1868 2708 54712 2573
9557 5309 6501 3385
3188 4209 45800 18301
3100 2228 22943 13764
1662 3368 2360 18139
3100 8013 1554 16600
3860 4616 85741 8102
7896 9532 32118 4435
6907 7114 48385 7267
3251 8264 4485 1621
284 9489 99913 2986
3353 8281 44447 5920
6545 5238 34028 1131
1241 6187 64501 12461
3852 4679 9794 4418
3613 1040 56722 19323
2952 3706 85236 10677
2767 6990 84406 19699
1505 1498 93301 1257
1438 5784 60864 1234
1763 7406 99973 2762
9584 8495 8512 18351
6822 2080 89142 16594
1901 1908 74488 7382
4969 8339 87516 17248
209 1591 54949 13770
7137 3090 44215 2411
8351 5250 99928 1839
2694 2196 2070 1919
4771 3974 3120 16276
8464 3442 42721 14112
9958 98 55317 6913
717 9689 90020 15167
2237 477 95725 14313
992 3451 67916 13542
9214 3983 65464 1851
6283 7477 74999 11323
5579 4872 52987 18341
5976 8806 91167 1283
5363 2112 94665 7743
4076 8849 69669 11024
9914 6598 2605 19025
8905 182 33420 16293
2583 3032 37338 2091
8292 850 14703 13492
4492 8519 59597 9409
6182 8606 20269 615
2452 1346 6256 18436
1445 6686 4378 17592
6219 3023 49239 16822
5500 8806 40132 5581
6593 5744 75835 15299
3651 6816 70245 18993
841 7563 31070 4863
695 478 56106 18394
4675 9072 49147 966
9858 6960 75531 276
1329 8481 64123 1797
2444 1268 40491 14011
2186 1410 98846 7476
9060 9243 14108 12101
1245 3957 40547 15075
6055 643 34110 8815
1543 7795 31294 17011
5166 5801 18476 6776
1092 1256 6279 844
3594 8477 59342 19384
3036 1938 5541 15601
1141 5355 50839 5618
3366 3478 10512 6123
9251 6084 17868 17498
7617 4276 63010 10529
5053 2517 29452 8191
3943 6904 64203 18104
8751 4310 33760 10203
1379 5616 75986 4083
7246 7867 48041 6153
3085 6122 20551 4833
2443 2428 49535 14439
7570 7333 33405 4414
6857 1250 4800 15839
3095 8797 65477 19959
2740 7054 75100 4034
6349 5574 1904 901
2791 3550 2205 15672
9589 6235 74839 8301
6943 6305 90903 15519
5050 7712 12944 19212
8438 9577 67997 7874
6819 8336 80071 18526
4081 5182 21641 16444
8590 3356 60099 15115
7587 4679 30595 17082
7883 5895 44699 6769
4051 3976 77866 17336
6724 3876 43376 11019
7762 5467 57464 1154
8474 6733 76006 18546
8410 6643 83594 9833
6459 1881 43913 18706
3079 767 9919 11228
7583 7396 39494 4629
3856 2844 54965 11654
1190 1986 68382 2903
9872 8908 8893 5858
2353 49 1434 12956
8916 6124 21172 13649
7859 6390 48951 4485
1879 405 17047 9471
3778 2115 20998 2543
8009 6801 90701 7880
4711 2350 67232 16470
2398 5512 18895 2502
7917 708 80992 3023
8557 7131 63313 14805
640 5427 83416 11521
9202 3807 32621 1418
9797 7767 54563 13229
6094 2183 20664 12342
4687 9359 50101 5982
4504 555 27855 10468
9331 9405 82373 12584
8134 875 57680 16015
5730 9699 59335 7113
2928 7778 25550 7899
5563 5844 43407 16325
5507 2394 70778 3110
523 6547 94980 9301
7614 2728 88461 352
4002 4172 30511 8250
5386 1481 32756 3944
4374 9704 80588 13629
6963 334 42869 1816
890 7263 19353 16991
7436 9147 67745 10605
3563 5209 79187 15627
4772 8869 96215 11521
3274 8047 7719 13948
5147 6922 15772 1602
7131 8314 92861 4940
7242 4339 67656 36
8902 1738 8131 5620
7585 7317 68730 17928
4527 618 78152 7954
6995 4909 86210 3948
7486 6843 79190 17610
2482 368 315 19647
886 8078 70955 14930
2669 2374 52977 13557
7111 6483 28777 6713
7849 536 97593 7007
3634 7580 21316 18330
6687 2445 52856 6354
5413 8318 98393 7382
6344 5870 39316 7760
2383 2996 77428 19706
9554 4016 59990 19308
4920 5138 26415 3426
7921 8159 47880 16304
9524 1864 49809 2247
94 4086 20789 19060
9931 7804 15087 13217
6702 561 9961 4955
6303 5338 93872 7014
4938 7050 11456 6553
631 2367 49327 9453
7404 7591 75331 4967
7133 984 18977 12373
2280 1959 35641 16264
7123 9371 11726 238
6687 3194 71286 11775
5673 8714 6148 1435
1393 8478 35793 19025
173 7046 18988 12407
7318 5816 94332 612
618 6820 3301 17499
7841 948 32882 10284
3772 8951 11222 3126
6610 788 870 15065
5531 9421 52233 6946
4226 5798 35790 16928
2353 6616 43644 14035
5479 7911 8125 6970
3367 2092 49451 8450
5815 6781 12520 6792
9347 9837 34159 4105
2552 2011 65279 13505
2709 6543 18207 19905
1538 5311 7263 4936
6491 7510 72970 13102
401 5135 5426 6489
5380 4904 20077 9258
6535 5674 4753 5388
4963 4806 38880 7364
1319 2388 13344 2574
4360 2964 10014 5173
170 1726 89198 13647
1462 982 37662 9807
9586 6140 94242 7653
6979 3747 92562 16129
3096 1934 64671 13369
706 6807 49155 15202
4335 333 75032 6428
5214 4418 48593 4709
5654 8218 48587 17152
5260 1194 93645 17218
8362 5528 86657 2897
3434 3598 93547 7926
9841 2180 90500 15710
135 742 1853 7607
3247 3578 65123 12682
3411 56 84325 6869
1900 3234 22195 13826
5872 2157 17069 19103
9249 8681 50458 16455
3861 3008 42087 3494
771 595 56275 13825
9538 5777 21847 6255
6011 8188 35747 19047
7260 5160 96163 7810
5947 8231 26804 11542
3328 9844 38739 10068
1161 5393 64443 5186
7436 7852 62007 7562
9358 7907 36780 2774
4932 3626 48081 18443
4169 6990 26225 13257
4961 4058 89015 1575
591 5942 52976 15898
9538 8747 28547 17991
8019 6157 81423 17556
8073 477 35009 12001
3614 8917 77647 13223
6781 1134 10990 14354
4842 5259 72707 16112
4803 7546 31176 9704
3813 4450 7339 9983
499 8095 20993 16116
8251 9417 19037 16722
1286 4218 85742 6223
3861 7529 89453 17739
8695 8445 30033 5225
9224 1598 66140 1867
1817 8059 73007 18809
2065 193 45953 7745
4942 8045 69292 6010
9346 5043 12058 814
3582 347 52718 2933
7057 5857 79081 19728
7989 2934 52031 17246
781 8516 25980 9850
3883 3307 30263 7671
8541 7889 63651 7753
4858 9681 1258 358
9743 3925 87987 14116
2709 8182 24008 8282
8198 4735 5676 14901
6159 317 5635 6417
2992 6997 51694 8317
9022 6014 25785 13402
6091 6816 21851 8290
2600 8906 15954 13790
1534 9054 59021 13881
217 5756 75495 5800
474 1451 9148 9706
3273 2917 10095 17381
8952 7620 79432 13622
2877 9138 26593 18946
1254 9957 66422 4259
7896 3053 81262 17569
3679 9900 94339 3826
848 3678 82912 11907
6375 2142 78744 3379
6102 4113 68600 1570
6083 2197 72350 14484
7715 7592 90426 3126
5945 4890 18074 9403
5923 7253 5617 7810
7040 3742 51023 8068
9020 6846 37613 15240
9646 4267 18120 8952
5461 6772 32016 1819
9076 7810 9968 2432
2048 2675 26844 18292
7513 5907 64199 2366
4133 9618 98740 18616
3318 6489 54358 797
5189 8667 52930 10003
7540 7878 15465 10729
127 1787 66825 7373
356 5213 95744 11347
3369 778 72364 14962
7729 7503 70185 3648
2159 6514 31050 15810
5088 4421 30858 3272
1366 35 65085 14972
5125 4475 75058 9592
6710 3495 60600 2458
4403 3720 1320 15910
9784 579 70885 18324
6860 6007 32869 15864
7305 6958 36854 7809
9013 3982 1588 468
9284 9582 42519 407
7582 7388 93146 6499
266 2206 83875 6562
5001 1161 33405 1786
1899 6851 37785 5094
8024 4222 26255 10019
9022 1453 36893 15283
5377 3097 55139 4477
6083 8010 80309 9303
5812 5765 68425 16224
9251 1626 84821 7712
9708 8679 12195 5121
3300 9799 99098 19911
1038 9310 87310 11725
9816 4065 11187 434
5967 949 58878 12478
626 7259 3379 2996
7406 4010 96274 13757
8741 2580 43348 15858
5429 3292 38829 16200
8784 3590 11999 15379
581 4477 67824 8219
6919 3999 20795 18353
4202 937 79472 18148
9580 6656 87394 7296
7408 6888 38742 13861
1844 5702 60722 9851
4488 7504 37427 2791
1164 2389 63569 2650
5778 3364 95871 15078
9170 7206 37904 9813
6279 2261 33886 2644
7575 3744 74268 18150
2745 7027 18308 16883
7095 690 31035 7621
4696 24 42035 7998
2144 9708 40376 12730
5243 84 12525 14764
3039 8032 50625 16973
1667 6680 94338 13203
6447 6404 26753 12135
8305 7358 40400 7350
789 499 81624 7313
1818 8611 11818 13830
9158 2099 70730 10929
7454 390 41621 9773
2197 7008 82339 11199
2685 1557 57972 3231
7739 74 21714 10611
4543 6255 475 14733
116 8892 72000 7611
6444 411 13491 12997
1738 2515 80300 4545
4229 1411 6378 10590
6427 1331 73610 2947
7552 1383 98238 7937
583 7681 93191 9273
7172 9931 41384 12353
6611 7184 83662 14888
1879 5634 83340 3002
9629 3408 41831 3792
1195 7758 7874 11581
3075 1578 9681 3802
6840 8938 64883 18782
1010 6751 93258 4200
3528 6815 54565 1970
5072 9608 7066 6445
8342 8081 946 868
1337 9566 20530 831
4432 6266 59128 17483
6953 318 23375 13056
4781 4185 24762 8290
109 7521 94436 11780
5579 4050 72617 13272
9478 5585 53186 4436
2010 8032 41472 12971
8292 409 40174 14700
196 1137 70771 19032
1554 3782 26014 6501
4382 2222 31140 11222
541 4679 59579 19233
2936 8968 54198 7534
7866 9174 75525 14115
6306 3298 96433 9172
7511 237 10854 3345
9912 394 4325 15749
7111 2249 62963 2203
89 8780 32773 10254
4908 6296 10421 18184
239 922 99062 8889
7986 3407 70838 17971
6562 7981 42713 449
3915 9607 66143 15393
5873 4469 72728 5060
2290 1080 31863 121
1789 6583 39376 3181
997 6502 14683 6737
1913 5900 71004 11069
8313 267 92902 15106
8804 9033 77540 16519
7186 6125 56524 2137
7713 6204 77742 8456
6197 8097 50900 8558
5418 289 43925 3990
8484 4881 78892 828
6267 4160 34921 980
5647 8226 90283 15592
1133 2682 57747 10830
2671 5464 18239 16597
3540 4041 95640 10647
7705 4583 25081 12091
4472 8915 66836 15760
5503 9863 38948 185
2526 7422 67267 14287
3956 4626 60490 18673
5568 3864 94945 19550
6597 7926 61585 12673
3552 9479 11729 9083
2343 834 55228 425
1770 2126 62272 6428
9696 9859 46544 1620
3176 3699 76948 18768
3061 957 51232 4604
4688 4580 22098 5536
4418 4128 31116 5502
7474 951 94505 15748
3285 4740 22392 14892
3489 9530 48734 12562
3817 2650 82975 11252
6569 3501 98708 13976
4245 4332 98609 6615
4761 9851 43629 19335
4703 7982 2237 477
8123 3347 13429 9107
8028 6057 57299 17217
5073 6646 63806 19671
8558 1677 31638 7319
2444 2806 90507 6931
9830 2927 41768 5813
7188 1852 2683 1785
8281 6715 5990 798
2887 9275 22205 18065
4305 2203 17187 133
8017 6730 66980 6524
6687 9861 20092 19939
3412 8491 16176 13842
8973 1072 1927 1892
1307 6727 18379 10735
3495 3661 54193 15200
8856 3123 59006 3847
9376 7714 14276 5517
8912 363 31529 8198
3962 2453 62171 10010
7036 6436 67066 16807
9492 7424 80197 7992
1281 5988 93284 1392
6422 2102 57774 2791
3468 8333 91605 3629
446 460 92476 746
3570 7210 62295 4555
4975 4840 34411 8348
5941 3606 6090 1579
888 5885 52884 2112
696 6953 15800 8388
290 5613 75331 14756
2850 1426 99816 13804
6142 7674 65986 16804
6937 9011 76800 8278
6069 4181 54785 9441
9103 727 32881 16916
9197 512 10185 11883
8903 3506 44902 5361
6465 5307 72721 4660
9545 1056 80868 9063
4902 5509 35514 17625
6118 6770 34255 14817
626 6030 67587 12806
4787 2342 65205 15328
490 9946 18637 477
4723 7400 68925 216
7306 1046 78291 17283
4827 7452 42607 10864
8752 4242 75256 11412
1343 1615 91222 12903
6757 2943 57812 16210
5965 150 12937 10245
644 7658 60625 18373
1698 9180 24660 8495
2891 4311 15226 17060
2554 4506 65551 15707
5108 4437 91394 7030
9790 2294 1947 11722
7136 5534 99705 2157
9722 1020 10123 9500
2400 1031 26508 12695
4332 8047 20087 1711
812 4331 49647 5228
8676 2159 80996 18684
1653 8925 73910 16509
8970 3520 71245 6756
8559 7107 73585 2375
2233 2309 92941 2301
3224 5800 78038 19745
4245 6688 8287 8523
3957 5875 8232 19943
1260 2841 4043 10717
1462 7059 6253 8837
613 1121 39760 11002
6227 8712 31352 17873
1530 2282 77308 12228
6864 9892 92632 7365
2901 4571 75123 15187
7152 2159 58160 10005
3221 7402 27001 5079
3185 8185 71669 6354
5513 889 99542 3927
3054 3249 69446 5595
9632 4636 90693 5674
3703 723 38522 3034
1379 7303 84403 12287
4799 7041 57846 4246
6368 1761 76105 5544
4990 8742 63850 3199
8040 2004 83853 5005
3403 8598 64238 19086
8254 8237 4599 19252
884 6826 47390 16770
1804 7709 10146 2406
920 4353 29194 16093
4495 3441 12859 17029
9473 8088 8776 18778
8674 4656 89891 10417
9708 6627 66675 16022
9980 889 51986 7839
4710 8726 56231 2369
7694 5479 18374 11805
7493 8410 8218 12321
5260 1768 12571 12447
6223 2132 80014 18607
2215 8172 88594 13514
5375 8081 51262 14570
6801 6661 16156 2605
654 1878 93079 9678
8349 3981 61951 13150
522 9449 17791 8557
1809 225 32972 10329
8877 3315 45868 18796
7107 7576 59722 7021
3073 6695 48156 18473
3562 792 43659 9694
2767 1377 57269 10679
1640 4106 46420 9078
3403 56 18923 13335
8195 3668 19506 6065
3285 3805 66806 2636
5603 4352 21968 14352
6171 2834 24969 18185
327 5345 30384 14530
6505 4450 49368 12021
8039 2837 15685 4329
9883 7558 71387 2349
373 9757 67849 10518
6414 9375 19483 5491
7472 1447 10984 7840
2035 6042 45077 15993
170 8540 21827 1376
5236 5430 21996 11378
5726 7760 28809 11205
690 9446 22513 15555
856 99 23522 705
1427 9971 94373 18487
7942 2790 98744 12634
7700 3859 51988 15976
4071 3586 62285 10927
7795 1621 36965 2789
2949 8286 37632 17909
7356 4440 35546 17847
6548 9599 18374 10690
2656 1515 99610 15265
1142 1784 23880 17915
3174 7111 75542 15347
3518 7685 45155 8015
4348 1089 32962 9555
3960 4376 51142 11696
9948 926 55028 19712
9929 1100 94596 12001
4364 2539 48508 18021
6693 2306 46746 4558
3422 6198 46318 7669
5045 9043 33546 15728
3986 6189 24074 9299
4544 3006 95212 13865
9133 9171 26185 15795
8214 4587 18616 9350
9796 4717 71279 8300
8190 2019 12505 3974
1314 9520 84674 19850
7771 5654 97294 19071
5986 4126 69188 16822
9391 5808 16843 3127
8854 2191 98022 16279
8219 6455 7914 4431
3325 3709 63377 19896
1946 1590 223 1846
2137 2754 1435 7277
7935 3270 20109 4722
9218 7678 44197 10012
723 6139 71117 9175
2485 9395 30170 2130
9836 2983 1116 8321
4518 5168 23119 15843
3849 60 20420 17943
5636 7542 23780 3700
284 7673 33465 4647
767 2147 17626 19781
8121 234 85768 14500
6672 5749 82170 7803
5327 6066 47833 5949
8565 4540 47933 18577
4783 6632 53205 1062
3142 2700 59735 1275
8546 5086 26830 13160
5806 894 23424 15526
8458 3948 31119 11054
1989 5107 21443 11283
338 392 91546 5899
6526 522 78403 1112
4753 9509 23918 10447
832 9242 87834 2409
3740 4966 637 2637
8975 7378 33085 4115
671 6468 64112 1174
6320 9381 53060 14245
1228 8058 20479 8258
9940 2051 22231 126
8055 5970 65201 9351
1776 752 22044 5939
5704 1936 17776 7637
8420 8640 95804 18907
9382 6756 27020 1861
155 504 58943 6329
4948 6670 78932 720
4398 6687 26666 5246
3674 4841 53918 9957
5874 4729 5450 11680
3525 302 68632 142
3991 843 9345 12192
4793 3924 81725 9525
296 1940 47317 1326
5466 1467 72973 5590
6290 8982 62382 17187
5357 7445 4436 7207
393 6377 68359 5024
1295 9488 83888 13919
1559 3596 72638 14370
39 488 52274 828
1362 7608 30449 9934
3155 7166 68656 10880
3029 9144 72742 2672
5817 5708 18656 6878
7789 3811 23022 13455
9191 8064 62911 4170
6729 5454 35249 5830
8852 5363 83903 18381
1260 6945 75328 8697
8340 3406 69788 2395
4703 9305 91471 6802
7859 3798 45156 16220
9581 2481 56862 10772
8826 2118 18294 8329
6473 1230 26051 16104
2368 9798 51242 14678
4914 9687 27378 5220
4239 3906 71843 4092
9510 8482 9062 2832
5854 51 60176 14351
1914 6880 83297 7963
1465 2049 87433 12497
9613 4320 37426 7398
9465 9210 31805 17509
1246 1027 2423 11805
9510 2289 40496 7145
3539 4365 32862 3817
3911 2630 48728 18994
206 5099 87131 16189
855 8737 7314 8772
6578 5945 57560 8129
2930 7008 51212 6845
8918 9577 77722 18274
3407 6512 8111 6605
3842 2346 83821 19549
650 9810 68852 9960
2865 304 11214 17626
5079 18 20820 7726
5224 4049 35736 18526
6787 6230 42141 2900
1023 6659 34596 11375
664 1545 57312 4178
1090 211 53570 2920
4019 6535 63523 9859
716 1345 88334 3207
9084 4872 34178 4893
1336 4227 40807 18923
1038 5896 66636 11182
8124 7741 89939 10387
1793 4294 39853 9888
5501 2307 87666 3298
7121 158 88104 9920
5790 4431 55749 8924
5607 4595 29972 1660
1676 9713 70976 12333
7835 608 49607 12070
2225 9994 2118 7055
431 3866 13657 3812
852 4176 37317 5150
7804 4185 71953 18297
119 74 87269 13092
9396 3419 42175 5032
2273 923 33781 3403
2786 1554 96628 17763
1339 7796 64544 19444
923 7668 56880 11704
5265 1171 50039 10195
7926 9236 27403 7471
9188 9448 61191 10738
9785 6258 1616 10408
1864 6031 13676 3886
6734 8835 94247 17575
9863 1946 2388 17501
7373 3986 23591 2882
2720 7369 57628 7625
717 6541 26163 265
9787 8417 93086 16568
8904 1112 1333 17799
7579 2187 75249 4928
2753 6753 11084 6980
9035 9310 29924 1127
8843 787 92747 2776
6475 2741 48058 1655
2501 361 55601 8727
4246 6966 68487 19038
8105 1339 32120 2096
1270 2229 15557 9368
3839 244 94281 8338
4209 9826 6617 11501
1683 7420 18789 3419
9135 3768 62646 370
9137 7012 16346 3679
2064 1695 10757 11640
4258 7989 87595 2238
6976 2100 57133 16086
2455 347 71918 8337
7580 9994 16652 7507
5626 8603 90154 17904
7663 8816 79852 11134
1648 4924 97665 600
1105 6227 51356 8532
708 2375 57566 18875
8480 1738 61521 6129
9295 798 60350 4118
5319 4447 45621 4567
9582 7027 98359 10371
4238 9095 41859 1849
6843 2499 1807 3756
3379 2574 5786 3422
4902 3535 81558 6457
2114 4916 27706 7338
2243 8385 53016 5037
1601 6285 10854 10911
824 2107 92744 2471
7910 2340 76001 16474
9672 8423 47086 9684
3251 373 46261 7687
9933 7146 77334 12978
9005 4577 80962 11342
9064 9145 48229 8147
5763 874 75382 238
5191 9798 41054 13066
8737 843 98208 4083
8624 5140 7370 14258
3379 1618 75896 7582
1701 3253 19483 10625
2916 8098 51091 5538
7232 9408 77665 5969
4271 7513 24261 19765
9240 6067 39736 18978
843 4828 48967 12598
1844 1623 611 8020
7011 9346 98498 2345
5721 2618 41074 15831
1539 1505 67961 9820
1695 5548 82839 16899
2302 5183 9929 16072
4248 5678 66397 12417
2478 3091 8981 4090
7519 6063 30932 12358
5976 9042 24760 2487
7741 6750 19029 2214
3540 2467 15541 15565
9569 7398 29351 7149
6251 5305 92439 6865
6607 6358 85752 19182
9387 8824 33943 5721
1936 2217 29764 2997
4451 4758 73456 12135
6918 4773 41623 17472
4507 1127 91186 7423
8901 7519 19454 2306
407 5654 68043 855
8030 7426 57985 10957
2740 1983 73119 19524
8364 8828 47721 2502
6281 7685 5032 8509
8037 6858 44526 9020
4901 1533 85278 17067
742 3005 13987 6856
9888 788 66642 17929
8903 4689 19837 1137
4887 6912 16476 4041
5561 348 43509 11153
8928 8594 71905 2289
7252 1670 67157 32
5065 8482 95011 5389
530 7084 43265 15985
9502 5112 78510 19517
8582 8359 1027 588
2980 5309 44554 16841
4083 2763 166 11142
3881 9768 28632 16560
7067 6092 61996 19572
1058 569 88728 9413
8683 2350 88492 7641
3491 465 10042 16573
4709 3072 28758 19057
9460 3377 16429 18601
3220 5459 46357 3733
8682 5306 5613 13319
3314 1949 58259 16830
3353 4817 40746 4874
4599 7212 57309 11704
8560 633 67392 17838
6645 935 4120 3050
8301 9203 11982 6106
873 4600 58287 17437
6467 8768 86163 12216
9283 7545 45046 11858
1679 6176 54772 11656
6207 8807 28195 9738
6295 2575 40349 2525
676 1404 6348 2040
5186 9417 45033 17633
3963 1771 14899 7179
2618 5033 42126 14152
5938 4867 89650 16000
8617 314 41551 1891
1539 5319 56196 17901
6965 3108 89562 57
904 8314 97791 17097
8001 17 28255 16009
4471 9982 5020 5644
5040 4642 71673 1406
739 2781 22335 6124
171 1810 81723 16448
7580 4232 54447 1170
8701 9108 58518 8267
8785 8609 29266 17816
1159 455 98697 15139
710 9978 70505 4580
1049 5935 38251 6726
6191 4342 20337 3627
316 8073 26467 19612
5458 2527 78885 6458
5390 1079 74604 4728
2510 8034 97228 9013
354 6546 62273 5842
2231 821 76875 2785
2074 7393 28690 8121
5350 105 8052 5044
875 1436 83814 11696
1222 1918 79292 2092
1993 278 18390 13717
1150 7880 48025 10075
2626 2317 45301 10377
2584 7902 85624 3855
3963 3288 33971 13012
5298 493 80921 1342
1226 7951 81035 12117
5667 9823 17109 1489
5884 3142 55299 293
8971 8604 37432 16698
7899 4167 40987 10449
2795 1919 69411 12531
2866 8244 21363 18447
9385 3497 79775 745
4465 1547 52635 17041
5375 3966 22478 17955
37 4188 86722 3938
7191 8887 93333 14707
9473 9385 62676 4834
7183 9017 87096 12873
7551 5 41555 10913
4097 4564 21208 9783
9128 3146 94446 8452
5689 3133 96059 10008
872 574 2534 7256
1537 6822 59795 15357
6792 8156 66945 4448
5744 2405 78775 3270
2642 4470 98571 15439
2543 3788 5196 10629
4378 5681 10526 7819
745 1654 15543 13669
2543 6469 42419 15760
497 316 85575 19265
5810 2414 90842 7221
7649 4952 39049 19356
3957 5623 26085 11859
8342 3689 74511 19536
2244 3930 35742 1240
4779 9957 67977 910
5970 6644 30703 8861
1432 4907 23351 18354
3007 5568 61127 7221
1945 4417 52721 11111
1043 9814 49628 18134
9684 7821 4011 16226
3589 7770 34975 12903
6063 8535 72566 12533
2878 7464 73102 315
9885 1479 72895 15305
1487 2871 92340 16936
5881 3107 22917 1331
7108 7281 51304 190
740 3493 89978 12050
3799 3413 28514 2183
9532 6094 32681 10872
5038 4817 8508 6320
110 1554 37282 5641
7669 149 13487 11025
3728 6631 72179 9061
7652 3948 47369 15910
9570 2406 98188 2114
2866 9013 21421 4959
7863 10000 60534 18703
5405 2983 11799 1665
7042 1322 76541 5867
504 4962 56075 15724
580 6982 56136 17606
7338 604 47898 1121
8671 6979 97149 4191
5921 1224 57399 11351
2776 7427 91809 15120
1355 4041 59864 12172
952 412 55800 3135
2610 8808 19779 6963
2 5985 79095 4313
1012 1699 6229 6464
704 9746 56766 15558
439 8718 60077 13844
3662 8672 15501 10831
1860 3309 50246 8110
8642 1758 58776 3199
8578 6664 81789 3784
831 4006 33877 19745
9695 388 50822 13780
405 7708 4835 6381
6527 1522 35469 1662
5976 9099 28586 18873
7300 4251 36644 16824
7885 4122 90099 11636
3068 8981 31169 7859
7970 5054 39827 18167
2430 1430 27125 12418
989 857 52742 5634
7353 2016 65658 2178
3965 4083 68217 751
9525 5889 32876 457
5004 7376 28746 5846
8924 7401 76295 28
6244 5871 60655 17336
6105 3361 3298 10417
9009 4528 83309 1801
9640 7679 84018 5408
956 1232 68853 1672
9666 4978 97466 1541
4740 4682 81244 6017
4568 727 89917 61
9884 9708 40586 4748
5828 6365 33218 3620
77 1888 84779 19917
7286 8340 83308 19064
8244 6231 88052 18604
9805 3315 35541 93
956 3524 16246 3734
2534 8942 70095 13879
5272 643 54078 14538
3993 7265 21028 7168
8800 6632 57810 1368
8841 225 48379 12844
997 912 37801 8614
6771 7674 17266 15234
4893 1160 67456 4890
5579 9621 96000 4151
5011 7018 52476 16027
1206 5845 67603 4414
4970 2445 41345 4489
4550 762 35436 18219
7663 2168 12023 15010
5006 9961 8398 3477
2092 38 68884 9014
8771 3339 91194 8579
3141 7243 85565 2321
922 710 52881 18113
2243 3691 61334 19194
1416 4857 34340 4207
862 4597 90547 5038
1179 2281 56520 1137
6547 1080 28789 14543
248 5799 92472 7552
2464 2883 17281 11066
5424 7499 82320 17843
4904 2219 16810 14720
7785 398 12895 19532
8888 1454 54266 16222
7543 8701 93987 8872
3031 2456 14312 19463
9735 1757 20337 11820
6713 7639 85302 16002
4780 8065 91321 230
9088 8216 14346 3030
2491 1516 1418 6420
1309 6445 10603 11952
8774 4216 89320 8494
6124 2890 63750 2976
391 9684 76005 7187
6339 4361 34917 3279
7249 404 322 10635
4125 7989 53182 18266
595 5938 13859 2327
7742 7198 92158 11878
4012 2441 27055 18333
7499 1675 53869 6471
2874 5181 98294 12242
2217 9751 1088 16804
9874 9385 32354 4796
9045 7925 97489 7288
2864 8667 23171 888
2445 9512 79281 11623
7600 2593 27926 7047
8364 2318 27162 15895
7608 3860 16421 16601
8703 6071 27836 9096
4052 3508 62241 49
3267 7559 556 17273
6421 8413 54290 13744
9365 9366 83300 5641
6575 6421 71518 11662
6258 2120 59860 5848
2260 6769 83928 12120
7396 7204 84210 10200
4831 3245 45957 1359
9934 4692 45331 8750
1453 4198 89675 10901
8440 4893 3168 6090
6323 3017 80047 10944
4248 3991 14803 6163
1837 6857 25028 8211
4478 8871 87105 13399
8983 7662 96340 9951
218 3671 27483 4693
3486 8635 52742 18769
4350 9821 74136 9635
7086 3616 66486 4879
1806 9577 87934 4350
6133 7126 64599 18057
5934 4556 92039 10477
3265 4018 96910 3053
9041 1591 50033 1166
6491 4591 73875 10303
6495 7596 24651 9488
4354 3528 81822 6807
1808 9374 34802 14124
1097 8743 73014 5578
4065 5712 96771 12649
9018 2556 13200 2867
7216 4227 99753 10098
6771 4397 29990 7413
3848 6269 62727 6164
3187 244 66713 4089
5108 4307 30637 19452
1360 4458 45440 2279
4531 8586 30365 5612
5322 5501 22334 14705
5212 8474 79415 8516
3584 4748 23873 19996
1719 3575 84712 8958
8468 8373 1465 17584
222 6884 484 13987
2480 7307 63841 9287
9400 610 61503 7260
114 9049 70590 3953
4715 7955 28215 11855
5126 8188 11015 11099
9803 461 83932 15532
9132 1137 14131 13850
3149 4285 32557 2638
4126 9777 83804 9724
2125 2679 7974 2669
2270 3809 70436 19057
8372 7414 81886 17894
2202 794 54816 15914
6831 1262 81238 11890
1088 9244 12055 16994
5967 4955 2676 6135
8153 9346 50571 4454
94 5027 20414 12654
4408 269 67922 10825
2146 4568 10245 19244
1354 225 36762 13984
3566 5474 80081 19229
6695 822 18481 15785
8960 4623 46835 14773
9476 6814 80906 8914
6911 8012 7881 12073
5395 5835 77679 18449
2707 1387 9394 13485
9652 5344 41742 10361
3788 7494 59568 10402
6988 9827 49450 12251
803 7542 9235 12610
902 6763 37102 19628
5564 8492 51382 10159
3577 4221 6625 5482
3464 7458 35889 16781
4121 6624 6185 12967
7980 8572 79616 17439
6882 4869 39849 3985
5637 6302 82521 13728
65 2356 93718 16043
6200 9007 97200 8519
3320 8682 14858 11825
2517 6393 44748 4990
7625 4531 81992 8519
9432 3297 18769 11930
4211 2308 20948 11672
1976 3831 62204 13129
8636 5565 60670 13850
8013 2905 88395 5354
6173 1680 32737 10281
4660 7189 64719 3912
7230 4714 88592 3746
7541 2328 63275 3713
9933 148 26417 902
227 2596 18655 19379
9221 1712 636 6080
8048 5356 21383 5315
8521 6273 62531 9791
4432 593 46219 18009
7145 961 2172 6120
9664 9068 39088 2689
2310 105 79679 1328
3853 5303 45430 19220
7918 9623 44992 259
9047 54 64777 5975
4263 7721 5142 2238
9922 2015 67313 6078
9014 3355 6728 18515
2805 6919 3337 6955
736 2190 16561 4084
7661 7 92214 15812
4279 780 58551 15878
4023 2347 58735 11111
320 4564 29997 1384
8351 5823 25889 15340
7681 5406 40425 19139
1897 4785 60717 17229
5313 2640 47045 14590
311 219 9590 3692
3290 7778 76546 14920
1713 7261 75532 2703
7099 1865 36733 6148
4653 7787 77968 7389
3450 631 64115 13355
3842 1428 12684 17463
1451 9644 32473 16415
3078 5054 43346 16490
6934 3685 51699 12764
4556 670 18014 19420
7993 1997 49217 3732
7230 5342 35412 542
9819 8665 72175 5610
8418 6193 78775 3416
867 3090 57343 5267
8098 7141 11614 15926
7876 9649 52 17700
9945 6703 41479 16761
13 9492 62811 12104
7356 9977 14873 14955
3923 5850 46242 4673
4813 1183 16399 15882
1415 9988 86191 8367
7392 4650 68163 15165
1821 2920 58810 16393
8326 7336 78210 2596
713 71 74193 1349
4397 8184 16880 8824
8797 9068 86033 6551
2817 7620 81237 18422
3629 2035 12132 12549
8952 3721 63979 9577
9356 4676 72166 17038
6439 7342 81568 4910
4844 1373 61590 19108
3913 2176 55329 16879
1584 9288 47960 18706
1855 7383 60748 11787
6713 365 31931 14528
6095 2008 50133 13340
7134 6641 61043 14934
4595 7343 35805 19691
3017 3286 7558 14018
1867 2676 30250 6832
6415 3086 49716 17707
5995 4344 50196 2544
9832 5124 21435 9271
4148 3582 80259 2393
9876 2660 52910 15615
7034 6941 95497 7119
7449 4974 84773 18734
104 269 19816 2178
1206 3172 55254 6187
8648 5200 87451 6308
9925 9854 14007 19530
5817 9290 34040 18301
4640 2954 53447 5120
1260 4701 3606 1735
3471 6046 1876 15841
6985 4818 69522 6268
4187 7362 4108 4868
2805 1392 89670 8944
1386 2227 41793 19180
3423 1848 32658 12660
9930 7169 42087 18979
5948 1175 71998 4595
5639 5897 61424 16336
8625 4717 18114 5808
8634 2675 82239 15316
4603 895 37840 1007
1387 9552 51966 13814
2323 9090 46691 7772
2895 1306 88628 18061
6795 197 32109 7682
2912 1514 64338 11719
2677 3685 75877 5173
806 9845 82219 6626
2335 4174 7158 19507
7174 7777 57696 3310
808 4704 77155 5556
6370 7556 62297 1074
3203 8840 56133 19827
8837 5976 38044 2046
6220 7826 68918 15518
5071 3972 48762 13828
8941 696 67328 11867
5618 7588 83461 18639
3793 9409 90745 17368
788 7410 30742 10177
8851 1819 8076 13926
3328 8867 56432 3076
3759 1769 25711 519
488 1902 14308 2345
849 6304 8524 5865
8190 5843 38926 9957
3975 5251 38357 13044
5622 6098 59276 12057
1045 4065 86497 17739
9682 8407 63612 10450
3751 3976 95364 17283
666 550 47028 115
5597 581 18305 17148
4157 6016 51310 5449
9131 2627 5990 19704
5077 8113 15687 9840
5237 6369 2206 18425
1844 4270 71401 17317
8481 5773 7925 7278
2962 7076 9141 9957
6144 5616 11592 17689
9222 235 48667 7554
6073 2497 37613 265
7050 878 50511 3624
6154 5759 25829 5874
3281 2272 65595 18712
9354 4702 33696 14027
1733 2520 55573 8632
5156 7613 52841 17910
2555 8129 98977 3578
8690 7386 55733 2499
6499 4940 6053 9791
1834 9801 41631 16171
6823 6101 55874 8897
5014 9018 8435 1390
2097 2165 23445 3395
1508 4539 10844 4010
679 4890 57975 4789
9654 1366 97544 2495
1104 5698 18783 9156
8657 4449 40462 10204
5919 4835 43399 16704
9743 829 74870 9605
8357 8201 24357 2060
3115 7066 7793 17136
6908 8620 63273 6331
4878 2320 38846 14464
8218 5183 66471 3187
7448 1068 21821 9264
4033 6305 19977 9017
5956 4305 34660 17740
3628 3692 20209 2230
643 6322 78775 16416
1487 8004 80725 9868
9810 8125 43710 17488
6820 6885 12993 5884
3779 9193 94432 3029
3850 6764 96162 19280
209 5016 95794 13387
8300 5348 90059 15570
250 5362 9078 11810
4065 6704 26882 13130
9918 5815 73562 6710
8840 2384 65809 12941
9315 3972 97832 756
6335 419 75353 2194
7770 2726 983 5782
1195 6372 3889 7367
1291 5154 87574 2867
4388 6822 855 5500
1025 6735 68163 19584
2916 7944 39120 15334
796 3491 69880 14538
636 8418 21858 10107
726 1136 17838 807
7401 5865 61390 11687
5449 3718 19244 7869
6574 7800 47926 5620
9287 485 37019 14829
6881 4987 97415 13616
7215 9278 22621 8241
3037 5568 65434 6793
7197 179 88134 14464
7633 3267 94086 18735
6338 7402 54641 4283
3819 6042 26575 13484
3862 2918 58651 4550
3068 2212 70793 4707
2651 4470 80209 17097
6139 9202 42598 5610
6904 2909 90646 14367
4917 6339 28310 19322
2861 6600 40330 14955
2822 7722 1423 17878
2878 5239 61087 8860
1718 142 18541 5036
1692 8708 43233 9543
1996 6276 94590 2621
187 3711 95663 2682
5791 9839 59735 10727
1725 8604 35323 16031
628 4342 36647 16781
7976 2662 76603 16962
4881 4678 70221 17816
3808 545 51451 7328
4464 7065 1060 6803
4910 1581 38853 8138
6434 1552 13149 186
2222 5859 83812 5981
5599 6155 41416 15269
4244 4452 36701 12288
6763 6156 40565 15178
2807 9789 80102 12523
8314 9936 57994 13018
9634 2489 37633 17645
6939 6668 31758 5868
7234 3787 88589 14376
9987 454 61833 16606
9820 5099 28906 7485
9522 8576 44241 2185
6679 7869 50845 14457
4902 4708 69694 6503
1972 6770 2356 2165
6835 4170 25641 6011
4414 5723 77433 16394
9530 1782 91817 5576
1739 4062 9997 7814
1036 6483 39048 2839
1936 8349 20662 17506
4170 3080 89410 5898
4092 653 60651 8169
8041 8383 96465 7757
1986 2820 92175 265
6223 2000 65604 19992
8567 9367 17090 426
454 6645 34438 4353
5306 1889 36329 13680
4762 7453 59154 18149
6233 4372 41983 19695
4515 7261 56606 7275
6133 9801 92648 15670
3475 2272 52350 11204
16 3549 82061 16967
3850 4545 76809 7087
7914 810 84517 17766
8425 242 3005 6483
8690 4839 88689 5558
5248 6109 71021 7832
3624 7295 53222 7021
1079 278 22804 6429
3261 7017 17013 12237
7172 8957 37734 2913
5691 8363 56616 16136
6133 9534 15946 13491
6457 4572 28547 8713
9392 8729 38633 11940
6600 3557 22853 12876
1510 8338 76553 10030
9950 1642 43663 11753
1371 2111 97837 8909
6731 864 92202 17146
9133 7148 62573 13028
3336 4232 34338 18789
272 7475 16933 10025
6182 3410 81392 14637
4167 4280 19995 14222
6190 5051 70652 8497
8993 3324 77792 17320
4284 8418 14063 10950
6012 4920 60744 2795
5324 761 69079 4534
5878 2251 56443 9364
1257 9457 57938 18155
7285 5202 91052 10816
6120 23 71762 11418
3573 8362 16326 1805
4214 2249 81482 16707
1838 9898 74605 4054
5389 2465 55513 1317
1501 7635 21745 19976
7747 1233 74136 18289
4411 973 63041 10403
2246 9494 42828 9867
1024 6872 719 14138
8863 7037 11757 18809
2352 2517 61131 15377
5217 3309 76640 4894
5743 5053 66524 9429
9122 3485 74810 13024
5025 3239 87481 11409
8391 9023 85346 2222
9914 4520 53392 18700
424 6690 35361 14143
8059 6798 83621 17403
9833 5411 72338 12426
3877 2078 23800 18738
6734 8569 59225 1023
564 3623 64162 4244
1582 2069 25412 4920
6481 8160 42617 12932
2724 1371 99113 17882
3766 887 86944 1611
7733 5880 95998 1964
18 9928 81316 4641
4239 2492 17458 11740
5500 6526 37081 7548
1045 9351 28844 8307
6587 9556 39867 17183
3162 3818 645 4242
1510 9853 26207 3031
4526 5625 55407 529
7389 5335 71504 1082
3514 6250 17426 5995
2324 1522 75668 16705
5347 7659 37971 17750
1959 5516 92659 12311
6867 6474 10749 6362
1374 3387 49706 11800
9927 9495 88642 12634
4451 4539 32696 17793
4025 5892 59964 19559
7461 6269 72188 8438
3058 7529 86305 6928
5573 2879 43772 11003
5167 8242 26340 3632
1999 2761 84301 1454
6543 5776 37813 7707
7277 4750 27275 1109
7737 432 82723 15432
7729 6103 30201 1798
5595 6632 41194 8733
2470 5126 90944 6711
4632 1709 30580 8842
5732 9477 31796 18136
3259 4111 44073 17746
2389 8673 36076 14352
2770 5279 66757 13189
9742 6013 91785 6473
2117 9648 79581 4950
6540 7104 177 18291
4716 9658 15071 3558
4362 8309 10860 16048
5942 7376 57755 9952
1245 4545 39546 14828
2692 285 86076 16349
9579 2081 16391 454
8559 8754 9851 13525
7844 5992 58621 15568
7092 2172 85327 5999
9078 3704 70034 8017
7898 7076 32755 4435
8925 1557 71192 10983
9026 9636 49753 16444
4512 6696 96918 2200
5477 2166 85518 18026
9778 1473 92443 1133
9466 2867 7346 10946
717 7715 52705 7199
3963 9987 26341 7245
7261 3389 25738 8641
4052 7556 84803 9952
2938 615 60202 17125
1379 385 30498 17090
7366 7035 81011 5254
9236 8677 93640 2033
6279 4839 71299 4873
6193 7287 73237 19192
6025 4759 34860 15030
3099 8642 87083 819
7059 8401 23694 14808
1910 2374 88095 6895
2221 8944 71817 6520
7265 7319 62048 9142
7966 577 4125 18618
3603 384 37524 19597
7391 1334 40903 18879
2486 7782 10284 5449
6592 9158 86169 8865
7404 7090 37861 9913
4098 3573 34074 4048
328 5415 13858 8144
6819 6274 43098 17724
5846 3232 88166 8466
289 5417 57221 14598
3199 3181 91299 13269
4255 5958 76065 19292
9491 4493 82922 3216
3556 4296 23019 13735
2395 9084 53430 19629
6461 1862 86383 6041
8531 9378 87375 11766
1603 8596 62425 11333
8010 8769 56465 15328
2119 9349 13468 8865
5869 463 89353 18021
8865 4822 7060 10888
1801 4706 83238 13599
9172 2828 19854 13880
7385 8172 67797 2258
2546 359 17074 1432
8972 8094 67893 14999
7302 3931 23939 4917
3451 3312 51544 18188
3960 7782 71327 7484
8981 8846 96893 6013
6426 2817 61930 8182
2442 6138 84448 13296
620 5755 59750 19784
1026 9313 80722 17236
3377 5727 84270 6324
5209 6802 53003 1324
557 4639 67825 19233
6733 729 69816 8265
1864 1232 25445 13127
733 4512 13304 700
3611 4139 63987 15210
5343 4569 1579 8828
1452 1421 49601 9611
9338 8704 25538 19251
898 3604 89131 15583
735 8706 88552 11028
6124 522 86308 17149
3734 4298 27446 3544
6845 4015 13815 18832
657 9135 52580 933
5922 2648 65611 7449
2344 8470 48867 1957
3872 9550 19226 8963
4641 7070 92531 14431
7909 9918 73018 3535
992 7172 81274 19090
8033 810 43300 2773
9151 6233 66608 18547
7091 2944 18873 7502
1064 9356 67606 3272
2808 3009 66460 14345
7812 764 52528 17882
2583 2190 96211 8227
6150 7607 82425 16549
3544 5004 39972 14742
351 6358 65724 8543
4223 2114 39774 8783
5645 8373 64112 10905
6828 9418 84375 6960
5135 1317 47673 17855
6098 6998 98968 5489
8014 9392 67145 11268
513 6004 19068 15915
8680 4764 35396 3396
8277 5761 72949 10575
8054 2353 36972 11566
3583 2622 61200 11606
2430 2279 54432 18070
7808 6243 30171 3181
6216 8176 2128 6389
4061 68 32026 5500
8337 6006 26624 4741
2311 8057 43267 6498
4034 1269 60441 10240
9001 9881 7334 13575
6446 7395 26879 18448
3925 8466 65947 4489
6560 9930 53201 16881
3372 7618 96445 4660
8738 4288 34470 15937
3181 830 12645 2057
9050 8055 55977 11362
8762 7791 89686 16472
7064 2701 68801 14273
9734 9415 9241 7807
2701 5161 31138 18246
7942 7501 11684 7831
8270 2416 67766 1673
4589 3664 53086 16584
8836 3958 47103 18926
7328 5754 71150 9821
8937 1762 84323 2933
461 4519 11968 13904
6459 4496 89239 3591
8810 9146 16030 13648
3252 7967 57773 19687
1159 171 70360 17119
7510 786 8929 6667
9688 9323 3821 798
141 7094 65664 11543
9284 5447 25277 18754
8278 2763 52264 15547
2776 7188 51691 572
1324 9296 65485 14022
2558 163 7199 14140
8215 9371 22961 9786
8509 3498 40144 2658
3911 4988 63050 6054
14 9943 31844 17315
2798 13 7231 11558
2942 1635 50211 14719
1600 4828 20755 9127
3038 4333 86877 19318
9156 2823 44729 1123
8548 5902 62867 13390
9683 3162 16663 18450
7203 8203 62483 617
935 357 36536 2274
8095 3253 47508 6204
9588 2178 73166 4988
456 325 79474 2196
3437 7636 28185 13606
2148 8448 42774 1690
4948 6622 61333 4021
6971 2600 50898 19263
7062 4910 20537 4180
695 545 64094 16314
2263 5931 46166 3313
2452 4422 37445 2790
4655 9322 4798 8768
7247 1910 98574 16340
1136 9888 75781 16887
758 6812 80614 11195
3724 1873 63788 6719
3728 8899 8179 4473
1184 9586 86138 8073
5556 9994 11544 17438
4749 8672 41085 10716
9709 4388 62764 4118
5529 6446 14635 7147
1394 6721 1769 2877
6263 709 73638 8079
446 8292 93021 19392
6949 380 74769 9760
1546 4544 62763 11239
4068 9334 63590 17106
9064 3690 80881 5912
5041 7987 75721 3627
508 7046 65040 3397
7284 1808 99495 13582
2752 8838 4483 7711
4379 114 31534 10500
6337 7473 72045 11766
7397 2960 43168 1467
6589 5503 20859 16480
9262 1751 9668 10869
6172 4234 44812 631
1183 134 5654 8443
5181 9967 7913 1615
7274 1415 86757 817
9571 1785 49680 19340
6419 2396 14123 10116
9680 7507 86052 6469
1221 1902 30764 11647
1416 440 6871 13318
2612 6717 57859 14245
1083 3682 19324 14782
358 373 17960 15072
5268 538 16540 13681
8065 4120 53567 4452
5807 6315 39230 5058
9393 6869 16270 2564
3836 812 5067 16020
8304 7797 57339 15620
2358 8174 18045 16579
9144 2641 68498 14676
2469 174 41381 11485
6981 5322 44906 5903
8284 9770 15319 16127
1261 448 18047 7488
1304 1973 20423 16875
529 5972 13603 7525
701 31 98888 3568
5729 6414 2624 19562
8278 4984 29971 10369
6612 4216 47107 1657
9650 7812 47222 14340
4047 3967 68044 2775
3885 8151 46770 5525
7580 3917 14854 18471
6114 6725 56975 19688
7440 6983 88257 4351
4745 4805 90189 12706
258 3111 64451 3943
9513 6312 29803 11776
3514 1125 72013 3881
9259 7813 24217 19061
5229 4169 52934 13607
2486 4489 72005 5125
1469 9393 77906 19066
3681 5092 60639 9559
1551 7314 51335 7388
8190 6068 27146 18116
7486 2571 5654 19194
9140 9037 79096 18271
9636 6451 99283 6856
1220 94 73631 4572
2980 2701 96745 8524
3464 2849 97945 18636
5746 2227 62832 10170
6928 4391 21883 17111
2801 2504 10187 8629
1454 618 42445 5920
3040 662 4267 4631
623 9129 51484 8071
7064 3176 43284 18818
9917 8975 97053 7680
6127 5259 84351 1486
1007 4384 98815 14778
2185 4222 73314 3712
978 2986 94785 6889
6827 121 23041 1724
7532 4479 54252 19682
6791 8857 12905 14563
5784 9076 78022 3114
591 6991 53986 7205
7497 8468 39746 2373
4314 9348 39899 13365
6828 3268 86379 19733
3914 8813 48028 587
9120 4709 2615 17361
2679 1775 49688 14402
5514 1318 8601 3470
143 6655 71866 11119
4595 458 6086 11557
3884 1512 23603 12412
3172 9647 16853 10456
9804 6276 56887 279
6058 8488 67312 9310
2347 9024 99757 6047
2543 6593 53221 8576
3743 6485 55911 19064
5256 7582 39847 12000
7702 3580 90649 15229
762 6575 4299 17624
7801 4590 83874 19354
5897 9038 99607 10012
7879 6855 75436 9160
1223 6763 54348 19328
9284 7663 63627 11357
6319 7829 23946 16839
4129 8725 59935 5945
2264 809 37276 18126
4095 9900 66473 15289
4296 546 57866 17466
7623 395 34200 14021
6397 195 50970 4837
6252 9810 48273 19573
6309 2163 60148 12053
9942 9122 43860 7168
1006 4904 16074 17541
140 1723 67825 15737
8808 2621 88191 7554
4673 5756 69974 1498
454 7027 97948 3544
2631 4484 11343 1331
670 5087 17138 3123
3968 4622 52719 9229
8963 9506 50437 14399
1003 8650 69988 6568
4551 4403 16242 10370
8485 5961 64903 1724
2606 8997 61361 9736
2735 8862 30591 16061
1423 1417 37925 18394
5119 8790 50028 10701
5173 2490 71336 2904
9540 8256 41451 11426
6480 3806 50349 5872
1593 1871 89280 15370
4397 4026 20211 5461
1618 8412 47771 12157
3644 6122 83824 4217
9854 2841 49197 3996
8807 5089 16980 3975
1358 7254 39245 8105
6280 7622 39178 15465
9560 3121 18019 5258
1271 9394 54872 9354
8617 7960 6393 3758
3289 3895 88206 15776
3194 358 800 4734
2120 1861 94994 6246
3539 365 24667 6747
7287 8921 16871 5276
5036 6730 91723 11072
5067 8164 2306 14060
1733 1444 72770 9588
6435 4792 26480 9723
7188 6211 79210 11987
1150 7643 2325 5093
4942 9103 25852 13335
8991 7455 39197 6514
3113 7021 26616 8938
2331 4306 71110 8856
6212 5839 49805 6729
8219 4286 20278 18725
1068 2512 60583 3589
4966 9326 28900 8069
2612 8387 67399 17629
8503 6657 82051 19442
8842 5102 54677 3582
2764 4084 28826 11914
672 3402 53819 12028
9691 3323 88083 7088
7682 3794 27899 12556
1488 1645 73894 11517
8475 6490 24437 12299
5267 2261 84782 15107
4084 613 30341 10954
4411 6038 44330 2283
1441 4636 72465 6212
1026 596 47717 19676
1530 3587 35408 1080
5902 7526 43257 7105
1323 7442 45484 269
2054 6573 14548 16346
5498 8355 61854 10196
3553 737 30769 1347
9361 1009 14137 11217
5705 3165 28418 6297
4393 8374 46192 4536
7693 635 50191 849
9469 5276 11814 8590
8339 3613 1107 14995
4413 3829 66760 8883
427 7388 28402 16763
5242 1796 98517 6249
4181 7177 33939 3269
2243 4333 72614 1978
2718 4447 5709 15997
8629 5994 66292 17526
6695 1916 72791 5461
7630 2259 7736 15262
2456 8404 5091 2446
847 2590 30336 5833
6965 9337 22263 15805
9340 4540 21019 15540
525 729 2123 405
9164 7857 15650 18252
5476 9697 27907 4857
9089 8356 5033 3924
6099 8636 66869 689
5819 9237 14903 16783
3429 5036 97980 16779
1448 6539 11439 2740
3073 4593 61000 1287
5133 2156 39481 5170
3558 5982 19166 9449
6532 7743 4094 16092
4980 7044 42098 12004
968 7127 71802 6330
8314 3419 27750 10399
7270 9397 76272 12499
8865 9215 63433 8239
1671 1436 94788 4948
3198 753 70262 6260
125 414 8418 17900
2028 1179 60903 6844
6025 6662 74523 12379
1848 5864 78505 9701
3052 9215 14079 18316
7017 8398 39198 13628
3306 3039 8690 8803
7706 3692 68942 12074
7096 7734 19248 5989
8808 6066 75104 16356
9922 4610 27964 9166
438 7415 23518 6928
3039 5629 39664 19972
7147 9379 44913 7267
8835 5556 65439 14649
7107 5694 47795 17089
5153 518 70028 14422
2570 5001 72714 17382
1147 5119 2761 10898
6950 9846 50285 7816
5855 3108 49490 4086
5830 9017 93327 8711
724 3772 44752 5097
6209 2424 81867 8268
5235 7319 15958 4688
989 8272 45258 7270
7191 2944 98390 5560
2512 4243 67066 16434
8354 3317 61067 7080
1497 2632 7676 1723
7599 4451 66760 5143
5601 5776 7621 10709
3499 4269 98390 1656
3035 319 84413 4389
9172 4461 1587 18196
4925 6425 17331 7634
707 8916 15213 205
4875 5237 65738 5403
2628 8046 56805 16183
1095 9918 90977 3437
6663 132 29225 19236
6207 5229 47273 3070
4953 7640 86545 5013
6811 7504 73410 8451
8094 185 3609 9144
7365 1248 58585 12192
7095 9409 78959 19318
3129 31 42875 17700
4289 1989 42410 17529
2528 5068 48562 11154
2318 2404 89667 17801
4723 9851 46019 18564
2064 2863 22601 2900
3353 4418 82954 7119
5122 1487 56424 13966
7981 4944 41153 6681
4539 1105 69677 16962
4690 2642 30979 12318
8337 6568 5826 11129
7228 1670 85313 1562
2478 6054 28539 9618
8974 3470 47309 12291
9534 2990 99091 9361
5760 5762 15219 4601
8772 4040 17767 10947
8555 2799 21043 2479
3861 3314 34339 12425
3968 9951 33451 2606
6902 9937 98520 12868
8072 6583 55402 14358
5692 5147 94478 4332
6427 9150 57036 13470
4132 8930 80864 771
2194 7096 89604 15399
7093 4616 32859 10305
1155 3002 20925 11531
2972 3753 731 15493
1185 3897 16607 17459
7551 396 60025 13616
1510 742 35539 6493
3122 6480 10368 6286
8131 1717 37881 4115
9120 1240 22684 5881
7162 1230 11216 5693
4544 4616 85042 2375
1192 678 70422 12413
7539 9019 97737 9767
9966 5424 29953 16025
1479 5491 5605 994
1364 1029 92630 19377
8374 4227 84227 12333
9839 5847 96518 11881
8695 4776 98874 9871
6537 9794 22779 13875
1527 6691 92706 17792
7542 4029 62210 1734
7413 957 26734 16625
9281 348 72099 14285
6523 1112 17828 11477
3576 5716 4981 3581
7191 6856 20573 17561
2195 2278 33567 8860
6466 751 4185 15101
4829 4544 44278 6768
4366 4986 74666 13055
6897 6605 48752 13773
6171 5225 82905 5410
7267 5334 49635 13893
4054 5755 43996 12475
7438 1604 81223 4910
8643 2287 59513 16388
9769 8610 56343 10884
634 1916 61363 9270
1061 4672 54816 3683
6757 1364 46740 16673
9070 9793 66416 9906
6301 2648 47850 10441
3726 7232 11563 10019
1070 6551 73696 12716
4135 7770 64481 6923
3630 6009 55530 12351
6179 8914 41711 3646
3086 5796 48924 6002
1720 3387 53545 18441
9765 9085 55845 5237
3737 4483 41050 10817
4217 6653 39052 16067
4999 3930 58492 7422
8397 717 11489 10704
5930 3085 54824 16330
595 9746 75102 123
3000 5848 84087 2989
47 3257 94664 10164
8187 993 70520 5720
586 7445 66551 5655
216 710 94782 18113
1848 8311 7607 17254
2495 3447 19565 5453
5212 2909 42224 5483
9926 3798 26522 8007
5070 7412 10903 14622
2774 357 35800 17434
2560 1779 7356 2317
9548 5089 9151 17039
1774 8151 55366 12072
5087 827 43282 16907
3710 2634 76719 12169
5718 5766 68592 17889
1278 5969 3606 7718
209 1277 29012 10545
7639 9721 83656 3078
8664 2591 41096 8610
2737 7473 39793 1478
9352 2976 37698 265
5334 5945 7298 15856
4292 38 37749 18476
2409 617 22212 2236
3127 4395 32882 1080
4425 1503 80154 11151
4494 4732 54186 5546
4003 8951 66391 15467
5261 760 5813 2045
4514 1301 84220 7181
2820 3209 98814 15500
2072 558 73627 10086
9544 3264 38272 15461
2254 6142 63980 13566
7219 7206 19652 687
2511 8929 78271 19582
7814 8153 53326 3339
8614 490 64109 2271
2682 5851 84549 13143
212 6073 10761 19647
304 1020 1849 11559
9296 4808 53756 19461
5235 6750 47450 10143
1780 7492 49718 5717
6957 6686 88488 7457
1196 9218 30552 945
8824 2441 26678 6858
1642 6430 31247 369
7634 5727 2797 19305
4596 4638 59721 10710
592 4519 58925 13442
8875 1382 9353 1152
7540 2219 77119 12810
6580 1875 94900 14434
5435 3643 85720 11209
4823 8674 57340 5672
3918 7267 69748 10905
6500 6371 83437 411
9180 5350 24577 3158
7469 3198 62204 17530
1649 5406 56878 8079
5722 5700 77067 10469
5934 3222 25657 490
946 4084 14429 16100
9235 9616 94060 4909
4138 370 39242 7232
7705 8092 95402 13260
1741 1996 412 1372
2437 8437 40570 2488
5662 8123 98232 1365
1926 178 4223 1653
1985 3782 65506 6150
9244 8116 93738 11308
1287 3499 68673 19581
5136 4411 7420 50
9402 343 45273 15883
1851 6511 55657 13677
9109 4098 92824 14130
7902 75 95012 12498
3790 2756 69601 16224
5694 9804 81415 6498
2791 8168 51305 9926
348 1360 53224 6511
2686 7572 47310 9423
5117 4458 44733 16461
7467 7177 8319 1194
6625 3315 33487 12335
8248 2205 86658 7491
1879 1631 92730 3104
2565 1599 143 9983
2691 4709 90622 10062
9071 6348 60590 19321
5505 3966 33454 19176
4772 804 41642 4623
9500 1468 43441 3805
5507 5344 54118 4669
3885 2209 58711 9683
7261 1612 38453 5909
9509 5648 63029 13190
9016 6246 39059 19528
9450 7823 68871 8060
5332 4378 7553 459
7484 1930 42151 1820
6515 5410 86811 19397
7973 7489 16483 2160
7375 4269 87603 5008
6189 8955 28466 17598
8873 3583 69291 19547
5253 4109 92978 6059
1747 9990 45996 6830
6733 2459 52250 13175
3688 4871 76962 11850
5034 1476 13723 14338
1773 2281 59706 10098
8645 3657 59348 6682
6306 7483 11270 14020
7512 4176 95030 4304
6143 1478 55393 2395
2295 3255 72139 1766
8202 2411 14065 9671
6389 8345 15173 4212
6077 8227 21339 12867
1155 7044 70189 6727
2210 2 35219 11021
8709 2216 3826 14921
9160 107 26337 16944
2793 9082 37427 17354
4326 8011 44247 17299
1174 6113 83356 14739
1287 1504 31616 16120
2175 8142 73545 15026
6859 6832 47023 12679
6584 1940 30210 10053
8167 2333 7252 2417
1627 2019 58575 19137
5915 9775 41843 13694
3517 7614 83004 1968
9206 6847 3429 2732
9140 1830 37013 9038
5605 4114 30100 4013
8240 3496 63896 11290
5127 710 22169 16254
5341 1161 83916 16304
8950 9076 71158 8491
3329 3284 55696 13746
5694 7630 79844 5729
1926 8960 95231 11387
1374 3915 84595 17940
4936 7053 33326 18376
1793 2244 68896 19182
6469 7296 13674 11235
6867 1383 3245 7513
4437 4646 2918 15434
8936 2610 40196 16775
1656 2378 70096 4461
6909 6752 78631 3744
1957 3063 86938 10785
4875 2460 32130 12198
3376 4802 9572 16251
5811 428 28487 16685
8892 7669 5772 15823
5416 6314 34983 2205
4188 9752 36681 1741
2658 8166 9477 6417
2720 934 23699 7173
3474 8019 7588 14927
6446 8887 85873 6350
1940 4 33313 8061
5475 8119 47088 13744
8252 7094 86220 6517
5914 7465 73793 3571
2515 4301 5935 17823
6453 2945 54993 17014
7338 5785 50794 11603
3854 8139 8049 7582
5526 8041 75952 6373
9554 6107 75354 14123
5821 5464 21118 15
9907 8919 74461 17130
8097 5660 18632 11519
2500 6797 92404 3590
5413 4226 89693 9646
5283 2498 66128 9116
572 15 6359 305
8820 9531 46370 14961
8153 7496 16813 12819
712 8231 29680 2912
3937 2738 77975 19976
2225 3117 91411 5865
2843 7150 45527 224
67 6120 36675 13232
2420 3151 99596 15035
3892 6405 24445 12432
6729 9645 96048 7162
7358 4185 14441 14555
1652 9379 34226 15733
7766 6531 81984 12352
6685 478 45469 14209
7871 1302 62982 2405
8775 4538 19430 7959
515 9761 68347 11977
5878 2970 68910 19713
7338 2967 46127 4507
1465 1260 19863 1238
5973 2739 63787 1779
5872 7345 87339 10508
5457 3139 25260 15708
2927 6604 48033 443
5379 2606 19327 11715
8316 2991 12454 12100
3370 1103 98540 9561
3875 3749 47395 15678
6573 791 78248 17113
6354 1270 55440 867
8795 7484 11534 17737
9649 3125 29334 7254
1175 5600 89982 1794
5899 1070 67470 18053
8399 303 54436 6843
4185 3407 62176 18651
158 848 39233 13254
2857 9117 82710 3015
6249 8957 27493 19728
6829 7243 94734 11158
2237 6736 1950 19684
3169 9995 92338 4659
6252 7542 95901 5676
1217 937 42371 1029
3686 6171 41843 19370
8599 967 93275 5600
6590 7145 11782 10146
791 3180 38696 2770
3599 4288 31937 4527
992 1068 8372 5644
7381 3407 47947 19178
2086 1716 22228 19780
2357 8091 52082 16375
5327 8828 69930 5173
1892 5845 13650 12858
2504 9597 89383 10587
9509 3336 42792 9211
3964 195 4712 11674
6377 4074 49030 2312
6023 4223 75670 12217
6034 1256 96222 4185
919 2260 73231 17446
6175 6618 23934 5107
5799 8279 60629 3856
4549 7955 92726 8089
3900 9541 6399 18089
176 7745 95686 3776
706 1950 85506 14699
9223 889 14148 1490
2114 8924 65166 17540
6745 5027 15896 16337
2252 1795 95956 8678
6015 7581 7464 11004
6208 8601 72334 4358
8825 6823 31802 9593
745 13 57522 799
2617 2462 95987 5544
3878 8663 98387 2045
5974 3393 70316 9898
2925 9854 91941 11292
9992 1080 50750 2494
4997 6523 87780 13295
4805 458 99294 11575
675 6168 70486 1647
2630 828 84576 9224
8821 3326 88188 13548
1318 8630 38694 17465
8647 6153 76430 19492
2758 1168 47937 18942
9105 1612 16730 4955
995 5803 78648 16513
7503 4051 468 19140
599 1128 78582 13246
4176 7590 81199 15442
1286 8456 6762 13000
6180 2013 54397 13746
4231 5333 44552 12052
8590 3921 95922 9413
3669 9033 71154 5824
3764 4807 83407 12244
4393 9555 38184 5065
9939 8023 17285 13237
7783 7209 18292 18171
2930 4455 47273 17313
7627 3942 70727 4564
6815 3901 12730 9057
3682 5676 50654 15116
6754 6061 46423 1123
6270 6236 35871 18289
4210 1668 59872 17587
3258 5709 33660 14405
873 667 51450 8654
7477 6211 96634 4830
8026 5699 62438 5259
5160 5598 66003 724
9600 5240 74455 14188
1601 6328 60613 8314
8252 4172 59215 2187
4559 4370 58920 10395
8762 653 76643 4538
7712 3058 2753 16518
6461 2990 40398 19161
8079 7688 94323 1478
5161 6371 16781 8130
551 9499 97843 241
8820 6284 79294 4719
1959 4727 98983 15703
5224 8539 16826 16649
7496 2066 23430 19600
6944 1705 16613 4649
6250 3485 22635 5682
3525 8767 51104 15873
2232 3933 43226 19502
942 8750 92059 13946
6879 7370 10112 9341
3427 5507 99424 8594
5746 8723 33080 17172
1426 8730 9242 15042
131 3237 52295 8077
9301 2995 65761 11362
9775 7505 60819 11323
3883 8406 75806 16815
7681 3041 74472 7151
3388 9015 68549 6567
260 7345 95730 17131
8073 138 67642 19643
4633 1956 67491 4722
2203 8419 17682 5560
9129 9329 8226 18349
542 4109 85379 10057
824 3570 16688 8032
3291 3046 94141 8750
4299 9200 87720 746
6223 3486 30617 14358
1902 3821 33203 12579
9408 349 45878 1017
9334 4476 51964 4227
8200 8394 95801 7576
7479 7071 37497 9876
5289 1416 99491 6718
7408 5246 64423 12691
3795 5922 81474 4137
8651 6267 99902 5662
250 5115 4101 5959
5835 2876 33639 12037
4472 1834 15027 17515
4973 6956 74807 18422
7826 2453 71152 17061
5763 6436 76626 12398
385 5639 39764 5397
9937 8773 67158 1555
7975 9598 52209 19047
2913 4912 22420 13497
6986 5484 67416 144
7007 8207 92346 385
2928 9174 91977 2644
6868 8962 40544 2254
1590 8630 19624 5445
7639 3868 63181 3803
9934 5282 21877 4782
3513 7373 56951 17958
8038 5073 13887 6567
9212 196 16195 10850
9772 7326 56930 17203
1736 4046 24714 13958
7716 4972 36614 11933
9435 7125 54025 10564
7588 5226 3206 3384
3425 8759 33311 1319
192 6087 30743 7051
1755 1430 52171 16785
217 6648 48643 7984
2042 1489 97375 12109
5687 5932 40678 7710
8195 5333 86408 3091
2361 2139 84744 15775
4023 8362 23641 738
9027 239 91076 12939
9818 2274 25792 5134
9869 7480 43963 16779
4162 4439 92890 8866
3824 3977 83443 16436
6876 7381 35214 13857
54 9592 56988 9912
5179 8949 34479 5188
5184 7320 17412 4196
7283 4425 23526 17126
2240 3966 52980 12742
8192 9353 77278 4923
6625 5965 96329 7630
2749 7528 64570 19534
4387 1548 91667 15837
6545 7274 59453 10531
845 8647 78749 1844
7922 5143 72710 16173
843 8291 89452 16362
4657 9957 95081 8786
6689 7237 73607 17704
4835 7858 89715 4447
957 8646 56000 5103
5974 9086 15389 7590
7556 9461 2462 15873
7590 5289 2182 13307
5248 3589 37406 11595
7071 8778 21908 17170
1478 997 15450 8752
4793 7719 57232 19520
7545 5354 87389 4130
8626 5141 13035 18317
5912 464 48358 9857
6641 1357 97128 1000
3222 2713 83618 2127
9990 4388 48341 19193
4479 4091 85384 5111
385 9461 73698 14932
4205 5179 32544 18231
7298 3469 29053 4999
1048 7255 3195 17937
4458 4451 41552 15872
606 3316 4460 16109
1133 2580 77514 2566
6978 8734 92061 10615
4717 7971 62448 10767
3519 5300 17447 2617
3608 8174 98597 8926
8418 8072 87098 129
5337 589 68240 19492
1295 2206 31536 3653
8381 4713 83636 12521
945 8121 34738 2645
3339 9833 735 436
776 2534 47022 10078
5126 3598 20517 2253
6494 9151 97936 17477
5654 2188 61790 491
2111 5517 41599 17716
2011 7250 26321 12542
8060 4247 58664 19655
7613 6251 21349 9553
3692 945 16323 647
902 2334 30905 7511
5376 6350 15865 12206
6516 7181 42106 17601
2096 6022 2860 3950
9258 4376 48740 9901
6905 455 31336 15379
6936 1184 24261 12819
5612 1707 17620 17856
422 9508 62595 17147
5864 6688 35233 1529
3424 5315 56138 16444
2117 2517 58330 863
3313 8898 66622 7323
7545 1041 21200 464
8826 6108 84926 18438
3757 5213 46042 1720
372 610 87093 16317
7963 972 91896 13967
6998 4393 71924 15286
8678 9540 43928 15556
1650 4149 88857 453
1011 2729 11660 14344
3551 5071 24380 18637
1953 7345 51307 14531
8338 5280 97935 6568
4406 801 57092 15464
3311 6726 9156 2109
792 3898 16678 9816
118 6697 54499 12559
9811 4133 11194 8107
4602 4126 13848 15920
3879 1552 10624 5824
445 9589 40787 10165
3382 1659 42590 17861
3918 571 75573 3943
3049 933 85587 11011
3740 4465 9817 8775
5248 651 68646 11366
2299 4345 32612 9736
2230 4936 82163 17508
2033 8585 34957 18278
7037 5421 79743 17030
7426 8035 32497 18551
2765 7487 67096 4451
1091 8805 30974 1416
5235 2859 24689 15295
3977 8642 31343 15464
3174 2765 49201 11449
2910 4037 31537 18918
1632 6957 58730 6781
8335 8405 10798 14189
658 3390 78339 8996
3555 2184 90081 15573
1935 787 18396 12735
3125 3360 24498 8052
6769 5620 71906 19079
507 4279 62080 5869
6123 5518 62984 10022
956 225 68675 2378
6582 5078 26691 8453
1482 1435 86155 1902
7333 3490 42264 6882
7424 385 25851 3281
1392 3687 90097 4399
957 8127 16577 617
6518 4099 87378 6815
9287 313 27320 13023
526 5786 71127 15577
5328 8831 76959 13703
2613 6634 4516 5238
6241 9916 80139 303
6196 6189 75090 10389
6897 7985 34980 19806
1353 2519 65978 18263
4593 4739 69626 7346
4588 5056 71251 2941
4554 8117 49754 1294
8715 5918 57059 5496
4500 124 84235 11917
7990 2055 58806 4137
74 8805 76493 12159
7898 7743 51999 13118
1415 6492 72158 10670
6754 2646 85928 4090
916 9161 92713 9231
2253 862 46542 4681
8441 6024 29904 18605
8364 5708 86410 3219
4783 6269 51756 7808
4831 9044 85356 1155
6889 8529 15254 12542
9903 6644 55423 16999
3377 7468 61296 17346
4852 7701 60664 4992
2568 8671 50011 5597
1091 146 44945 2326
4959 4442 89225 3861
8049 6103 53694 8864
3222 3269 26454 8518
4028 1271 77884 4038
1599 3507 52931 17535
169 3811 24927 1620
8284 4343 5271 15372
4546 2859 64123 1277
1295 1021 21987 13221
8804 9380 75199 9210
7477 7983 92986 19743
602 5151 44718 11709
4399 9014 65394 11695
2324 464 58531 14636
8632 1256 1370 11162
2430 1383 44511 2896
2170 545 30217 3558
5438 3987 50713 10104
8401 3232 84787 5892
7886 4494 87480 1190
8553 7218 28879 688
6434 9779 41895 7435
6471 2683 19145 3236
2664 3386 72097 17974
6227 4533 43744 6143
4552 5889 77060 13014
4046 3663 17546 12618
4703 1738 7870 11007
7106 2061 29972 14243
9780 5309 90442 14882
9158 764 67920 3237
8922 9562 86967 16171
9419 9571 31273 17698
8103 7095 41088 13784
8738 111 10312 7758
880 9752 69732 12713
8336 8184 66062 15614
9809 3314 9667 15445
2716 1351 48494 7394
3763 933 54306 18873
6339 7272 67340 18348
1932 5194 21554 18434
4282 4774 48589 18150
5184 6213 73521 11215
8733 5436 99149 18986
1528 615 35955 8635
7627 5482 55638 16481
1500 5375 71831 15455
2658 5238 38460 14274
9043 193 21316 11273
6098 1345 31972 16332
3523 6712 98383 19219
1699 4614 9068 9306
3657 8643 50268 12996
5281 8178 30254 11265
2137 2931 75314 11892
111 1894 25788 2909
4787 6551 83822 4868
6281 8393 14056 182
3055 9894 36305 16143
2020 9743 84174 18942
754 5043 27594 4964
61 724 80012 12220
4200 1242 37964 19964
2876 5678 52115 3320
8264 9339 51672 19667
1627 6661 9474 3845
524 5595 70565 19647
7833 6000 11233 16367
8651 174 19662 5250
9738 43 53218 12725
3610 4817 74627 14278
6705 3419 28612 12895
2998 2127 17917 17079
6053 1819 49012 7290
2722 8560 93486 1671
4602 8352 8759 11570
9815 5403 39972 4938
3177 3129 40163 13379
4661 5157 93935 14257
478 9901 77010 6793
9856 9087 91695 8884
4100 7750 27292 8835
4204 5026 72620 6018
2730 3302 79905 13035
9719 5355 23077 10380
5173 9537 2136 7419
3366 6539 92104 3756
8953 7156 38502 4580
6167 7944 40698 16867
472 1034 9771 11611
2347 2427 70513 15643
8139 5174 86508 13135
3607 8022 45187 10713
534 5671 74325 915
3769 9959 615 9626
2546 6013 33549 4552
7064 1720 42246 10226
5263 1101 47121 827
1112 7339 90330 5923
8028 6087 68277 19979
2433 4417 95302 15217
4395 8360 1708 1409
3187 1385 10066 9510
1383 2113 41279 13475
9795 9005 46982 13624
9761 1923 36189 6652
7096 452 45662 3198
140 2987 60291 9910
9834 1383 65964 4440
3233 7763 56070 13251
7704 3141 39358 4638
5129 7973 665 5629
5703 593 79258 2180
6423 5173 17466 15689
4631 5038 46095 1875
1126 9195 48058 5652
9923 4661 70022 17397
1827 3505 82334 7764
1325 4405 8352 14073
1204 3903 40325 15062
1764 1397 41860 402
4485 9639 49849 5660
6682 8791 57169 11364
6567 6656 92014 18792
6612 9325 39676 12360
9489 9760 45053 5731
7437 9004 83850 14103
4377 5117 1724 9190
5339 6402 20299 18859
585 4043 58260 12781
9171 2700 9029 18331
3235 1430 91916 6675
6164 8311 82496 9538
4860 4761 91730 11422
2237 2142 87758 19218
8707 6471 11326 7645
6263 3707 44850 14114
7669 3892 81142 648
3524 7661 83406 15785
4364 6071 68463 13683
2804 5409 35775 3708
1902 1758 77646 3675
6580 6380 61366 18248
319 6405 11111 1008
5956 8310 69523 11022
1077 9762 25607 6201
375 6949 5753 16288
5267 9151 56222 3011
1047 5808 26508 11626
1936 9242 7102 11228
7321 3735 77226 12937
3319 3870 40154 19866
547 3017 40514 2616
2474 2757 36057 1571
1772 191 89757 3247
819 7353 13106 17915
9775 9731 64426 8999
4784 6045 20348 7993
7396 5712 39389 10556
9837 9592 86682 18652
768 1144 52114 4211
5295 1620 35832 12388
9516 5398 35281 10860
2229 8884 93127 10591
8485 9577 89898 2475
7014 9343 33153 1366
2706 6106 16898 7047
7921 868 58830 9463
2273 5306 33014 1008
7348 6247 50176 6788
1216 5416 19130 4920
6288 5286 71611 9297
7569 1239 44075 18796
6702 8293 9550 18639
7089 3577 20211 14064
5354 8837 6586 7780
3166 935 15468 3567
6510 7261 25818 19625
7610 3522 91855 19387
943 8800 92390 4368
5427 8120 61012 6848
3498 8915 48096 15800
6223 1206 58006 8441
8670 7068 4673 12861
3849 8639 69140 14664
7273 7950 54961 8770
7687 4094 1618 17048
1483 2719 83695 15104
1706 546 23109 10699
1183 3639 51884 13233
6394 9543 99554 14661
2027 2197 51697 239
151 8405 96830 2062
9340 31 61051 8451
795 3661 35335 4161
8737 8864 18448 138
4432 7042 30548 9917
854 2025 6879 1627
5009 2577 33541 19742
6927 4190 59598 5297
9230 10 66428 18772
4637 5807 93981 2950
2846 3465 14791 7112
9559 8008 87861 8733
9172 7280 12758 11751
9117 3110 49489 11801
8709 9109 63095 17231
1737 329 62628 17317
6858 4380 3529 16913
1969 3364 8719 5623
4909 881 39957 5357
977 7515 59828 9660
8290 3679 39800 14943
3233 1277 3690 6747
1749 9888 13662 3060
7320 4559 73473 10271
6722 1200 78271 13923
3128 4214 96729 13469
595 8121 25383 2320
9840 3848 94326 6978
3304 4585 98794 19998
6795 1819 13591 3469
7466 8631 81640 11343
7805 5325 36838 14665
7822 6072 55409 8116
9128 9545 11814 18379
7881 8446 12929 15088
2869 837 39632 5386
8806 4154 95530 16520
4249 4888 97561 1669
5199 9916 53361 1132
264 1341 32060 2346
788 305 84922 13918
9467 9474 36560 15286
84 2213 68195 2996
9471 1114 81430 5965
3912 7947 40449 14994
8488 2956 97898 3717
8657 3346 7446 2127
1744 1822 92357 1770
5830 1263 25035 2491
3662 8262 70685 16374
5327 6873 7792 8769
8951 5097 76166 18172
9605 155 24748 19675
6067 7834 77402 16217
7996 3686 46994 7553
7190 4970 92758 3538
2756 896 29117 15981
4119 2235 76902 8330
2481 6639 80907 18634
7475 382 52404 8881
880 8220 64594 4186
1943 9835 87999 10606
9357 9773 34802 1303
4140 5389 62323 18816
5818 7672 60936 11806
644 2552 53511 574
7163 1157 89757 6209
3385 9456 13889 15915
4531 4945 98383 18775
4128 526 45219 4903
6474 3251 65230 17083
8332 5785 10993 13452
5097 8151 65141 10585
7019 3463 48880 545
457 1191 32878 5318
2307 535 53302 15003
4999 7605 25914 2510
7229 3865 52837 4431
9933 86 75135 70
2920 2632 62231 6572
3997 8766 2398 5685
8682 7867 45315 6755
6881 3310 42578 14433
665 7336 86038 3674
9170 3561 34630 2709
8839 2750 29828 11976
1482 2312 97865 2746
4815 7789 37238 13363
466 9940 59513 15780
2924 9295 46880 16148
5848 1374 38251 4773
4776 1142 76286 15977
6345 9132 34076 3361
9285 5954 88469 9035
9650 7063 27371 1182
6732 8630 92506 4704
227 2173 15926 18508
4102 1731 78016 5834
7676 2040 44465 12370
8867 5511 52995 12486
7399 2729 7114 19276
3214 11 75231 2004
3320 9034 50356 15502
7285 6096 8052 5643
7310 9522 38338 2282
428 1714 64337 1290
6237 5704 64186 9507
9624 9748 45026 17074
9222 9050 68167 12417
2244 8250 63371 3519
4114 8692 20398 8047
2475 9158 83846 1332
8216 6612 78313 5097
176 6635 62406 4779
5936 998 11464 682
3132 274 26445 1057
4421 6822 98108 975
2920 8118 22177 16248
8578 3414 77621 15744
7043 2730 29032 16103
8677 8644 27257 1838
2029 5267 92794 13252
8483 3714 20279 10121
8455 8715 90896 2548
2075 4197 11117 3978
5419 6149 37462 18491
1078 7345 84782 2880
1101 7995 31521 3879
1946 2302 51118 7155
7350 8450 90643 18582
9404 7539 72513 1405
5887 7274 61077 9629
8066 1949 50084 5833
8847 5480 35571 13518
7060 5875 61464 6789
704 6760 29163 19573
5156 6330 1369 11363
509 853 17239 14606
9777 5290 17508 7836
6078 2277 70528 4038
4707 7273 10631 1903
4493 4426 97243 8289
9063 1570 98987 282
9465 2656 77109 10817
7167 1187 58327 17053
3095 3525 71855 5391
6218 9343 79953 18585
9286 9954 96585 12855
8973 8811 97291 18697
7114 7212 83868 14520
7350 9334 73933 12676
1295 2095 52862 16720
8217 5865 17750 14845
8285 4856 77806 16548
4436 3107 51485 4725
2338 4485 9236 11835
7068 6299 38158 1686
6903 7090 7323 1795
2613 1949 1494 5123
7092 6914 5165 18174
2516 6611 13878 7979
5509 4712 3564 2223
5876 2940 78916 984
4497 1331 54326 4617
217 3703 12914 4532
735 7149 53575 3624
4776 967 47505 8801
7882 1763 64709 14486
376 5867 54281 3165
4490 854 60516 877
7860 5726 10853 3069
5436 1016 33139 9588
7129 6832 39326 5094
2915 5932 2262 14249
4954 583 85468 957
9089 2057 72803 6380
414 1618 1075 13793
303 7915 50656 15869
827 1725 85644 11034
5085 5687 51949 16288
6884 2962 47580 10118
8056 2122 30854 4420
6996 4661 73352 17065
4256 1479 84825 14747
860 8228 72676 15218
6023 9398 83790 19156
3934 6618 10321 8250
9046 3686 7315 13730
1202 7078 58846 3370
2866 3325 68030 7226
4532 267 47813 7026
129 4470 90482 4007
8472 2758 10328 13064
8860 8336 37374 18745
7289 709 71815 12771
7403 2180 19336 4978
8908 3285 96123 14383
8500 53 36408 13814
9667 1157 28208 593
6205 3918 23069 1735
8226 5386 15071 12520
704 8189 93459 9097
9466 923 45353 8626
8185 1925 41209 17404
3991 6703 58181 10890
5777 6341 6151 2577
6249 6209 30493 12426
2058 8396 42948 12537
9796 6544 646 153
1722 2857 62925 4429
2549 2924 67682 10428
8665 1963 26017 8470
8317 4047 55371 16571
9103 8081 49171 10843
2825 2983 79945 13460
5345 4430 93564 10377
2851 8193 84450 516
2214 6963 60198 7451
2837 2716 12041 8586
2466 235 4656 15755
951 9257 10379 9651
5393 9571 26822 19595
7330 5211 93287 19178
7159 5725 28420 2557
4822 9770 34902 4530
7345 2357 89000 19853
2806 1922 1449 14507
5008 9043 70864 3593
951 1373 9176 7924
6235 520 23249 1718
9142 5495 38594 2849
3059 5560 29050 3791
8510 6365 85348 18785
5035 1871 44932 19855
8725 6120 86232 5757
517 1883 43753 16440
434 4840 28042 17658
875 3669 91916 4774
7822 5800 94686 665
4103 3388 58848 19345
7686 7564 69576 6222
6064 9322 45988 14144
2937 12 71877 17949
7345 7039 10161 13387
5700 720 84361 11216
1234 3255 25291 19702
2737 952 85404 2451
131 3492 87171 4979
6670 1140 5383 16377
5990 7825 21121 2056
1458 4023 46038 11660
7430 9517 66678 16671
4773 2244 33264 10626
2583 1857 30073 8701
8571 4817 27742 3116
7559 7139 58963 15542
4196 356 37393 15038
460 8630 72596 16019
8852 1534 98889 18272
103 6431 60281 13040
6046 1749 77979 2620
8469 3143 51212 18237
6315 8643 49023 1566
2378 9647 43863 14484
5118 2009 45927 3537
3823 8183 87322 16724
9289 2406 33888 15231
2051 5431 76792 3561
3663 1109 44710 10518
9179 972 10012 1944
4391 4716 29413 13547
652 1391 95350 12252
4575 6157 256 953
7361 1785 80134 6019
4619 9956 90468 19377
2685 4936 59335 11754
4469 117 11691 19012
3853 5585 92541 8523
4210 26 31984 5661
4500 4843 94893 15251
3333 2862 67459 6290
8550 8664 74492 18734
2335 3242 89472 8541
7622 4607 68950 12188
1732 1239 43169 14601
7017 9304 99089 747
3370 6124 75578 17654
5771 8356 60050 181
2963 4723 39053 11194
9425 7747 82274 13420
8915 2325 35442 1849
6229 7570 64213 13607
8781 2949 93035 10200
1108 990 86531 3456
3023 4590 35986 19871
1877 1496 34909 17520
2838 6104 97336 6462
7827 5633 98030 19095
6733 9894 27137 14968
7789 1524 43557 12953
8932 2425 16011 15707
497 4931 93432 1780
3052 1781 61000 4298
3296 9419 79863 8621
8299 8385 11259 3800
8098 3980 31859 7820
9672 2547 2776 17731
7252 8054 80697 16661
4736 8040 5067 329
5345 6958 49372 12883
882 199 77181 6956
8017 6390 22030 7992
7482 6850 98823 16262
6419 2432 39813 8792
2669 9887 91906 5677
4237 3806 96229 18643
4619 5731 63976 8685
9818 9556 10214 18697
5908 9231 74329 6357
929 4297 4538 10143
832 9236 1685 9874
4279 3940 67964 19014
9443 9126 47909 550
2906 2729 98739 6975
9921 1853 24291 7309
6810 7710 97651 18493
2467 8137 68623 2889
9274 3629 78251 8989
572 4301 7503 14203
4292 1931 73814 522
5109 7500 9033 19537
9717 8962 68287 7121
8140 1493 17320 9833
8625 1912 63419 17123
3131 7187 45083 2491
6147 2125 73768 2444
4676 4790 30753 15697
2529 5748 91071 3010
7021 204 50430 3165
7360 2492 3867 5389
407 9381 69058 5618
9876 278 3220 9777
4601 6324 40650 8418
1862 1508 92596 14012
8075 6321 69781 12255
5657 8292 80452 15122
4713 9254 87165 7190
8912 3705 25563 13477
1834 3920 22234 19676
6184 9563 14424 19356
9423 923 31364 1387
647 8785 91389 11595
5023 8491 22994 14111
6044 5889 60924 14224
2096 2193 66012 14968
2606 5956 89173 19237
7830 277 88310 12103
3400 7019 88976 739
6391 1477 41551 11062
2796 1022 46679 10193
8597 9536 89241 10670
6480 8304 48736 476
6428 7593 56963 16054
4651 1196 76121 11205
1554 1303 60028 3937
4764 2213 99807 2032
4527 9794 48465 12319
7747 5740 30934 15169
4082 4687 42473 19515
1140 6074 16151 145
2423 4853 21822 10981
8321 2731 22576 7460
2 4269 79262 15150
5 4011 58208 19888
7484 2184 76760 10993
6718 5017 58097 4610
5116 9384 11355 2632
8058 430 41698 19480
7043 2767 20707 2970
7600 2290 32924 3880
116 3678 4576 10827
7553 2882 53919 19689
5954 3875 46933 5907
6920 7105 37105 2339
1531 1655 16933 4109
158 7832 48336 8480
4965 5564 12785 2189
8055 6834 82823 17225
6559 5210 92333 18477
1367 6937 79974 4922
6687 3776 34856 2098
5478 1533 58949 9387
9117 1971 58716 13492
1370 5696 5047 15123
9506 2267 92416 12296
2310 858 40247 3227
6913 2843 13127 3723
4755 3026 73769 17675
3520 1701 83695 2407
2144 1264 47025 3454
4236 7128 67673 2444
2334 5168 65631 8400
7523 1064 6698 6259
5925 9242 50202 16821
8074 6982 90703 8523
878 3630 48955 2700
816 8491 71384 6022
8137 7316 31120 4729
2101 8588 75543 3233
5977 7623 61531 8560
1784 675 85389 16510
8596 5268 38765 18490
7145 4985 72805 9143
220 96 33807 19666
842 3753 46540 6369
4608 6385 2146 6925
3065 2540 64002 7197
5750 5466 83229 6834
8306 2669 48010 2203
261 4934 557 10239
1208 8808 7005 780
7927 6064 43346 12865
1438 5914 30631 4930
9293 550 44924 9663
9777 1806 2782 10596
4754 5278 59939 12720
8869 7396 74481 12693
3269 2544 6150 5257
3010 725 57917 8768
2565 7026 51280 9185
5990 9028 16272 19252
2015 6027 39628 7273
4795 4896 94811 10612
5734 1722 44324 15766
1332 689 62170 12762
5080 3995 44741 7317
4769 5235 86585 15785
2235 1282 11078 14858
9138 1084 85327 18136
4894 2816 72843 18415
5422 6516 42542 7461
321 1033 10001 5621
1849 7455 58438 19182
9491 4426 55570 11983
4847 2360 7455 12452
6481 7746 24745 3843
8102 6385 41754 16023
3056 479 34715 5496
6686 4351 35025 9097
9346 608 58543 9703
8587 2434 98327 3163
7254 7179 70134 5482
2258 6555 34133 13381
7057 6174 27250 3595
6751 4822 70293 11121
3884 1488 84380 7224
1293 8371 40164 19586
6031 5977 15710 1849
5184 7590 31999 1564
6557 1264 43324 15562
4606 7863 61220 12254
5402 976 25075 12791
5821 5557 50893 16364
6878 7655 86395 2218
2085 2717 6101 8493
9491 698 80990 8284
9577 7937 97921 7564
8816 7796 47926 17240
1307 7573 91619 3075
3625 4367 55724 18348
5772 2219 32556 8281
4862 6222 53904 11631
1445 6392 29177 3577
6281 4967 28764 14839
397 6879 4594 7296
891 2597 6770 11939
4207 5852 78480 10659
3748 9218 82457 1187
6154 73 85645 1836
9806 9969 8897 7111
4159 2525 55760 18874
7538 1152 81171 5179
7127 2871 4570 8022
9189 7953 20082 11964
1809 5513 40037 1079
1788 2009 72017 234
3686 9234 29937 10388
3140 5120 45057 17544
7974 3711 43136 13793
4324 1799 58558 12270
3056 656 45186 12735
9362 5657 90025 16265
4431 7312 92115 12508
5054 4664 54598 5391
2746 482 99289 12752
4936 3934 75336 15602
9805 1673 61255 10153
7378 5690 56516 13180
570 425 87167 10087
6764 4579 3416 15412
8050 3572 29444 6721
7632 3183 77342 5553
5927 2042 8269 1580
4688 738 96628 1808
9074 9298 13938 12847
273 4858 11095 4470
2523 9627 6528 15431
587 4865 40545 11675
5675 1643 90056 6965
2089 8037 29217 13657
6241 6656 13250 2718
6236 6627 93464 9810
9347 7190 9536 3392
6274 4171 69788 5755
7981 4036 28654 1606
2345 6303 74538 13962
1331 6271 62116 2913
4669 753 45711 14478
7640 8130 5180 9708
2320 7165 80626 4350
4405 4203 11753 9416
2952 545 18106 14734
7833 8970 59608 8522
2274 4274 89126 8220
760 7685 89873 7854
3061 131 41629 15313
2039 4775 89563 3421
1871 4860 6159 16434
9216 893 87430 10784
8133 1586 70753 18683
7888 5988 96228 7377
4246 5195 28043 2702
1091 9002 21652 4129
5518 3288 41236 17678
177 2351 79737 6332
4291 4076 51141 11722
7077 2306 80409 9857
3721 4836 67808 14762
7059 7093 13277 9454
6014 3768 37891 13855
4314 2717 57427 15854
1458 7147 7632 18771
3008 3148 60950 5125
8764 4860 38705 3754
3604 6238 99806 13386
894 6082 28912 16394
9043 4670 31624 6324
9748 416 3860 19518
8726 740 9567 9975
4501 2582 2856 18657
7110 841 54268 19875
3177 2105 44572 9158
3598 7135 79972 6961
7503 6032 5470 3354
134 3071 27262 1020
3800 7733 19270 1012
7223 783 95390 16726
7061 4566 89497 8011
3761 845 20383 10470
3823 1671 66684 13720
8581 9872 185 7507
794 8549 47121 6973
3168 5851 58186 10719
6528 4671 28890 3471
3007 6368 47810 12063
2542 2591 83810 14198
7672 4076 2909 13647
914 1276 34425 8704
226 1300 53684 11750
586 8973 45765 7230
8210 2777 4601 13513
9015 9485 73457 12600
692 8611 80462 19986
5078 9013 81756 1467
6395 569 74371 17714
421 5575 25062 13752
2886 8283 45956 16923
2853 2684 73370 9794
9657 5621 67611 3255
1370 5992 63616 2054
7316 5774 88560 18622
5675 3303 73141 12141
2769 5526 19599 16162
3983 7127 44907 7094
6713 6811 82166 18427
644 6356 36771 14562
8775 264 21195 1364
3209 1795 1086 10303
8629 2008 38681 5393
1809 7191 36585 8517
6162 643 1895 16261
8673 2086 63797 3106
9949 6575 71031 15160
7401 8275 94242 16863
4522 6126 11588 163
2409 9893 41972 19790
9384 3663 60297 6255
7960 5926 53067 2638
5024 5701 37289 16443
3424 5305 9118 16402
7290 7585 5839 4844
8880 5233 57173 6389
4160 6551 81840 1564
3205 7560 96049 8974
1342 110 33117 12121
3360 8914 74716 12856
9394 651 13781 19745
488 2188 26558 16051
8064 9762 64247 18687
7032 9282 64441 12693
9712 3126 63937 3933
2936 1703 89541 15326
6145 8911 60555 8196
5070 6454 20499 15435
3363 9831 82916 7075
3233 9421 73645 13633
1155 7179 68889 4770
2411 9622 712 14558
396 9025 79014 18079
6579 1885 68526 10947
716 2338 63092 8679
8940 6636 56700 16558
4063 6872 675 1845
1733 3133 45227 15546
2465 9864 26789 12586
6868 8417 42906 7467
5794 8148 21016 9991
3253 799 70014 18419
9222 133 67960 8017
9801 7209 16117 3235
6857 1653 46876 2988
7735 3999 97925 3104
6460 4518 53881 3844
2464 2946 1578 19964
7145 9498 27799 16479
1962 8105 12810 16776
5348 9175 37851 19391
598 5306 88752 11349
8989 766 49112 7826
3290 6002 15957 7015
7743 2962 34444 8137
9364 2980 99744 4199
9211 1972 49690 7020
1694 3940 41102 3322
6817 9129 23410 19447
9919 3973 80393 6225
9929 2305 3310 19456
2268 4046 29119 2331
1851 3914 63363 14808
536 1770 87326 15123
5134 9333 59246 247
5420 3476 43157 15153
5205 9584 26351 2999
3961 7032 79588 6518
2232 4546 60759 8107
4410 124 24501 10835
7803 6410 66104 18926
8376 3203 74223 7490
9780 5110 34719 6540
5847 4717 49830 351
8046 7979 22772 6200
5074 6496 73467 8706
5820 3453 52808 6454
4715 3215 9064 2129
2625 3637 99812 16833
3071 6464 94653 2176
3844 7529 98232 2305
6965 9199 65654 14589
2781 6137 50344 18807
9923 5177 69618 14611
1074 5128 88400 10157
922 8329 6839 11451
2671 456 23964 1920
6342 5190 68032 15124
2954 3601 92644 4156
4646 6019 27784 470
1031 2080 30091 8546
8735 8551 91836 4603
9248 1717 23010 6968
9430 7328 41509 13383
929 440 53612 12447
3387 1204 46505 4504
3081 3410 24745 406
2412 1690 23976 19805
8864 5779 33728 16642
7007 6714 32898 17123
1757 3616 75223 19054
1199 8634 73196 2723
5922 8358 56780 13676
4538 4471 9726 2090
5078 1228 86885 491
2415 6838 11152 12178
5131 7382 95828 10794
8929 6682 54196 17390
7981 862 56544 1580
5314 5600 8750 11335
1482 9429 44105 9310
1896 8994 18674 9946
6978 2540 74114 6898
3792 4322 64129 673
6257 8786 11933 8429
2277 2103 94095 5232
2141 5187 99990 15721
9529 457 5472 8832
3819 1375 42923 6022
9224 7671 39807 19913
4016 1830 51380 8075
2120 2470 39080 14311
7777 3451 14722 7792
6451 2366 21213 45
2383 1351 33763 16432
7921 2377 33356 3308
7327 6160 23374 16984
1222 3580 54554 14879
2898 1155 45566 22
5052 1797 84251 4409
7362 4948 61159 16951
5298 4225 51716 6912
7793 2462 65806 9459
6560 323 83387 17244
4422 6507 82351 12731
3360 530 38789 3791
4582 5468 88761 10429
6698 6176 43759 8054
3506 2600 23445 2087
4072 1529 53750 17688
4850 308 1429 14452
8802 7496 38270 1496
6413 210 2726 7239
9441 6223 88171 279
3123 1568 75242 15602
3574 8946 5014 1697
6497 9469 57681 15849
9676 182 83533 18842
7762 1769 23087 13106
7834 5459 95898 3697
6777 8820 97217 11253
2066 2424 98919 18043
1812 9458 25068 2079
6871 1677 58184 3045
3077 4351 84524 9857
4769 9450 39928 11888
4664 1994 20002 2603
2701 1332 44174 15895
8086 1956 43628 19772
6687 8552 78682 11839
9371 8726 49776 7882
1609 3331 51387 4932
8546 1761 40470 6962
5212 8561 22415 15361
109 8418 18677 9624
4347 3838 75435 17520
7080 6031 48157 13276
1828 873 90355 16600
8597 6357 88939 9363
8191 6816 25024 10425
9332 5547 74154 4910
1738 628 89151 17525
7595 6170 68120 17882
7403 8247 84131 1022
4114 225 86026 13966
2398 2499 74 3093
5815 5563 31716 4604
3390 2709 98896 6565
8076 2215 91323 2339
9950 8865 28077 13525
5108 7934 65479 10609
3490 8430 61920 8467
9182 8259 18211 12145
8483 4436 76568 14816
5690 2092 48868 10973
5019 5743 6223 37
8694 4389 95635 19233
3150 5439 56744 10704
848 8911 19964 2446
2069 8205 24278 14944
3320 9396 57938 8724
9659 9365 3588 3410
5789 2010 87085 5945
9335 6885 5828 7170
1332 5670 44071 4908
9509 3700 70913 3159
6860 5159 23935 16456
4167 6159 50998 6202
1028 5642 65159 13532
1025 8464 25262 4956
4869 778 65093 5610
8924 4865 11235 12857
6828 2599 26669 6673
5365 5642 73855 4606
407 9062 33592 16253
7193 3787 44426 14420
9526 2837 53522 14908
9748 1647 43669 2142
1578 9327 66419 6688
7387 8128 85876 14596
9830 1927 58618 14337
2347 6197 76806 17822
5440 5463 25244 8267
9967 8285 59629 19291
7407 7952 48922 1420
3176 7884 1183 9297
3010 610 76771 19123
980 5876 57872 15680
8789 8411 39426 16183
7425 9143 16922 5672
8432 5961 72930 3825
8562 1898 96670 10006
7958 4143 42338 3460
7181 2522 37497 5578
879 4931 66257 1857
1643 6589 97653 5966
4287 1034 6771 1992
1714 885 54718 4707
1772 595 57924 6291
6360 670 15702 9896
9588 9120 47939 7552
6199 8677 54736 1931
5622 2102 32577 10728
5808 5415 53025 12580
3447 3988 93708 5721
8018 1790 91287 8239
8765 6059 73400 10244
2732 2563 78423 4159
8520 1416 46508 569
7930 7314 14748 11030
8162 3556 92833 11798
7546 6663 62412 19534
9702 179 31395 11969
1418 6992 80032 5486
6521 2146 49383 10050
8993 9765 90400 14477
6778 1207 9112 9808
3103 3286 88680 15027
4382 1144 30501 4269
5803 6651 20382 11306
3107 1026 39531 834
438 7170 49603 14329
3778 719 51094 17984
3021 109 71498 9144
3129 4931 71812 16290
4827 8240 75013 1748
9197 7463 91805 15720
3490 5942 63756 3963
9575 2557 69770 8244
9649 2597 54502 15664
4668 9241 79717 2222
3647 420 39743 17706
7391 9674 13225 18861
2957 5243 66834 203
6070 5794 81261 5595
6707 4488 16419 3309
9892 5633 45557 121
8173 9911 41637 7934
5629 7873 19706 6054
8251 3211 29547 18436
3000 5829 62372 19111
5357 3499 17457 2245
2527 9776 32454 6376
3089 8082 24723 17635
3083 3533 13340 3387
9693 9908 68877 6284
5403 6627 27753 15721
3130 2041 36697 16964
3553 9771 70275 18702
8566 7594 26385 17883
760 2315 40738 10739
7261 1369 13804 9239
1153 4908 62823 13662
6283 2482 46075 106
973 3850 12706 15863
6471 8435 94176 7771
6079 3008 30508 875
9303 6066 60367 8010
7259 6472 6834 12078
8174 218 75328 3544
9187 9671 30286 11017
3563 2621 80500 4478
5304 950 79619 13519
7266 3224 90391 12557
9154 4163 55473 18260
1422 367 51342 14369
2400 5623 57724 12310
2991 9682 59367 89
685 8919 80510 25
4396 1024 19168 14428
5514 540 37131 462
3121 7014 38329 1603
8148 3565 37130 3551
30 6726 72094 11309
2897 3275 84420 471
8217 2265 2555 14870
4141 8368 40388 14759
9638 1217 17130 18806
2052 6918 58190 9887
437 2749 48380 7753
1247 5690 88555 9303
411 9053 95657 10521
5055 1359 64512 12307
7250 3104 31304 15153
5799 5464 7568 13977
5106 2175 89033 7757
199 7268 91875 7865
9616 2037 51517 13742
9109 8571 40055 19400
2437 3354 56931 5071
886 4567 57916 1721
9209 7294 85247 1416
1461 2652 63678 7546
1651 8807 1501 1484
8242 5562 4635 18672
7322 1604 67886 6757
8753 6206 39083 12471
3544 7064 41954 6304
3338 2521 87190 2789
9386 6541 12361 8465
4516 3373 69753 14503
1200 3803 43776 11385
9599 557 2651 10769
9762 2247 18753 8596
8430 9301 74433 14541
8772 7869 40483 437
6071 1310 29014 1432
1063 9353 58394 10718
5292 6281 65308 8839
781 5322 59910 8690
5680 3120 50338 11363
3702 7262 17190 10631
4101 6820 86813 19021
962 576 37667 12471
1519 2366 55102 3162
3355 7987 87731 8797
7406 9540 50241 16693
2424 5528 28286 8545
7214 571 48341 7684
6801 5747 64845 11005
9513 8595 78968 17345
2105 2356 98430 17074
4892 6076 57376 5313
7977 5158 2890 6530
2978 4586 74566 10261
7111 8423 18422 4199
9601 9886 56879 19972
2229 5992 52910 11929
9836 2143 34583 9875
1971 3832 80117 11576
4445 5721 53265 5240
6288 6075 42292 7504
5106 6200 31434 6850
3128 9862 37635 9633
1966 5966 60015 3862
2565 6368 79842 14385
6706 1121 72348 19848
4097 8603 21280 4908
4274 1478 73480 5507
67 5822 88116 1396
2124 883 64302 261
1319 6648 22345 10041
4226 4371 2917 7128
3985 6291 62281 15452
3711 8972 35810 18706
3146 3615 57517 636
7217 9282 55814 41
4090 5777 867 12825
3490 1711 36451 13994
9588 9926 22866 10920
1047 4001 23229 16966
2101 5313 26728 3951
2106 6273 15998 5254
9616 6422 63386 11045
8033 8405 3989 12261
8718 5927 39 19146
4321 8465 56723 3494
2104 278 16949 8072
9254 6363 53296 16531
4415 5198 96281 18860
7688 2835 86173 11390
1875 7925 4635 14031
6881 8386 33118 1889
1693 8219 8879 2395
507 6974 81827 8730
7098 2967 46194 399
3149 3858 84701 17546
22 3580 61258 3835
8506 5631 19853 3813
334 2388 9038 18716
7135 2079 85338 28
1526 7522 4050 9091
9971 5674 85375 17377
8412 2462 3502 2821
4069 1696 79822 8428
6924 3934 50677 12325
3058 9146 19864 4928
6519 4451 61189 15376
6059 9096 47749 7872
4108 6685 25506 688
9971 1553 54817 17720
1088 6091 73569 9683
9819 6193 20089 16494
5738 1666 2400 17985
7341 292 36018 3327
3330 5480 30568 16534
3308 850 56747 14932
806 605 88353 12368
2914 9261 13389 5095
1419 6798 50459 1082
6910 5068 75938 11432
5760 8008 89846 3228
2219 2409 86382 806
5680 5325 33886 12180
6293 2021 34661 10979
8287 3930 22824 12478
282 9078 23823 13646
7991 6568 95097 8286
9894 2582 53431 19776
860 9877 73035 6480
3717 2773 72956 11469
6075 5158 20908 3875
5006 9566 69345 1638
2580 455 86821 18860
6327 2491 3937 1698
359 2217 96564 10235
6876 1620 7660 13546
6526 3332 20733 12737
4934 7936 93852 4635
7044 5751 56053 15488
7302 3120 28932 11067
1604 1824 3178 1719
5009 4556 94502 2884
3168 6620 86172 7550
2294 8659 5949 19850
8075 6842 53996 13200
4507 3865 50070 6484
6247 4238 60062 14134
1240 3004 84515 7710
6335 6419 32321 15550
8267 2193 64039 15125
6262 6968 6898 19172
7679 8628 9638 14404
3484 3541 83576 825
7432 9465 54855 17779
5301 6305 67704 18700
730 3031 96144 16057
8271 524 66163 15470
9095 9645 20921 12241
9 6136 954 12753
6340 7750 4384 4167
4599 2303 82693 2286
6756 8689 95510 4864
3822 4717 55370 4629
5059 6757 49408 13995
7391 2691 23632 144
9030 4156 79356 13050
1204 8494 24050 5008
8205 2909 59255 1881
4123 2955 68227 3096
3455 3214 11968 3743
6067 1729 56315 16386
5536 490 38617 12439
4030 6772 27611 15156
24 3484 42101 14135
5960 712 9225 2352
7174 9923 39249 7355
3217 8402 55675 8898
7767 6849 93272 12070
9026 9437 93765 18496
449 1916 95906 9482
4860 2465 61393 549
9242 9230 44752 19729
3378 6994 46565 19871
5561 9907 71141 10331
829 2567 84882 8822
80 1432 2998 11887
9741 5869 68437 13652
616 3013 20517 7786
9575 1283 53068 1772
626 5154 24803 10314
2429 6975 87161 4241
8667 9809 26290 5997
5153 435 8538 6339
6169 3894 57589 12509
1839 8104 76030 15917
5147 3551 91946 1574
9807 8478 35504 1309
9752 1284 78592 3215
7370 4594 17113 11737
686 6350 98111 2794
823 7839 70467 3869
1310 4403 89395 14802
4860 2329 77787 11154
6928 8091 1720 3223
1472 9176 69368 9623
304 2123 51040 3307
1238 9269 28699 8952
233 5887 11361 12614
1769 7002 30046 10984
703 7321 47042 4272
3190 9892 63892 1617
779 9193 57584 9121
5191 7713 32913 9768
6910 3980 9533 8909
5946 1431 51949 2333
2662 4832 41711 4131
9623 1002 29139 1458
7540 1903 26530 16661
6910 435 5833 13227
3869 1757 49509 13320
4661 5887 5494 16283
7361 4247 46204 13386
1649 9425 71114 5012
2163 1656 7978 13582
3984 9573 49517 1058
5845 120 4897 4438
7453 9993 89596 5449
9649 5618 34224 17433
8721 2794 14325 10173
3357 1337 83952 1598
8338 7806 52319 6569
8358 1793 87840 15185
9912 9516 33903 16103
9537 590 57216 11667
8835 8270 72716 16436
605 7400 68020 14306
9911 2410 95837 4479
5069 5368 84283 690
8723 3279 16601 8182
9163 2431 55824 7076
9058 2453 15721 18698
4358 7487 15723 8456
8875 4451 81443 13284
3241 3227 16250 16534
6593 8026 90121 1049
292 4786 90736 9258
2883 7291 27240 11234
4640 8514 82178 9725
2945 1140 31507 5603
3359 1877 40382 10778
3024 2218 30918 18798
1664 2829 84388 12033
4998 6433 78620 5718
5066 5180 50994 2148
2993 5422 19546 18193
5037 9360 53366 15854
9543 8526 21607 5132
5712 2561 38943 9026
1888 7674 78587 14871
6495 5411 66605 15911
4071 938 92648 1012
368 9783 78046 14451
1491 404 3300 19573
3171 943 32718 14839
7471 1150 66737 2148
3647 6180 68989 16588
6077 8280 93232 8168
9722 7487 9167 3584
8581 5574 22907 8397
9937 5228 9047 16729
8779 3059 3805 5286
7150 6810 72809 13548
5586 2350 88665 19473
1397 8065 87586 15495
1248 9950 79780 6914
4451 8649 43968 15857
8280 6011 70386 18239
7045 8336 37921 1699
9409 2795 63282 12514
1669 8819 93860 11929
7801 4101 1658 12950
6844 8376 68614 9730
8949 2139 47096 6274
4021 1459 91074 8624
4872 6307 56074 10729
8186 1237 79513 1383
2655 4340 33608 5890
3069 891 45059 4385
2660 9429 44580 2510
287 339 76373 9906
4058 3223 89445 13775
3002 8970 46794 16663
6365 2609 30186 9088
5482 2090 82104 10237
1348 9002 17028 17395
6610 1462 83417 13621
9090 2861 13616 16640
3017 6713 32269 9329
7359 3190 87343 18451
522 4253 29462 5473
5716 3955 5423 15687
9747 2360 24600 16552
8732 1130 10758 17673
5583 1874 79205 12352
574 3230 92991 17489
4034 3978 87851 13127
1318 4293 77074 7706
2548 4746 7862 15350
9841 4663 82053 3564
22 6369 4553 14025
1027 3348 42508 14902
9402 6713 60914 6775
1691 9327 29707 10859
3059 9398 72719 6872
6381 5588 77413 3904
7529 1188 7289 17125
1071 6566 90633 19892
4977 5013 13109 8087
829 2984 89008 3065
2061 6251 39742 6572
7263 5101 87762 10588
4352 679 96753 3631
5739 7118 35754 13787
9209 8463 66877 18594
3883 1372 97534 297
5860 9207 82519 18185
7146 8056 44917 7491
457 422 98532 8861
542 4649 76634 10312
7416 1718 44975 8670
5581 3384 39265 2735
8064 3620 77381 2678
9396 1567 45542 10482
3244 4210 31824 9957
3678 9139 73928 12240
153 1144 32396 6447
7330 2490 91074 14221
2360 8523 90370 17189
7858 7346 58478 2208
2419 1156 51997 181
1863 304 18693 19559
372 9497 16528 8625
7943 8563 88480 13500
42 3745 89899 19801
536 9063 41771 16020
9764 5212 28614 12254
2426 5043 59019 17100
8815 2352 30388 6034
4397 952 17614 13197
6525 7575 97751 12433
6084 5273 62936 274
5603 8151 22433 4116
8042 6589 16318 10044
9197 8321 46272 13421
7098 7250 26396 13254
9143 5671 44798 922
8371 1033 31093 13309
6136 6318 54673 7994
6627 63 24581 15479
482 6994 9835 14913
5673 1662 57508 7840
1433 5811 21453 17053
3799 8556 37926 2120
3535 2359 59688 5951
6018 6 31974 17677
9207 4550 28580 4664
6395 5214 45006 4442
8614 9308 37117 7629
861 8166 11914 18862
7946 7465 13230 12518
7400 3469 35636 18242
6207 1076 8215 7255
9231 3437 47856 9308
6003 3105 87382 13822
2203 4767 17819 4411
1230 8116 13137 8823
5274 5411 51134 8957
945 962 2217 4924
9897 6295 14843 15700
6518 3181 74891 5952
6238 2179 773 19127
1520 4655 95874 16364
5721 1028 77196 14918
418 9296 78482 4444
4559 7825 2327 7474
1686 1921 77489 199
7021 7436 91382 13921
761 7851 8629 6309
7019 3340 17533 17774
9001 8564 78542 16834
7536 5958 80227 6462
1524 350 74575 7533
615 7356 55455 8513
3386 3653 21353 2051
461 8458 89211 4847
8692 1231 5146 3750
6710 4502 60397 16585
7593 2835 63593 15273
6198 9471 60175 12695
1457 6397 67647 18464
627 5210 69822 4639
4478 6291 24504 13558
3200 9065 46952 15391
4214 5045 49311 14446
1559 521 70736 13458
9431 5202 34562 16885
5779 9549 37484 4549
1048 5676 15692 16602
8049 5765 94134 13069
890 2913 14047 8170
7734 7244 12828 16221
1932 6202 16764 5874
5688 8711 25903 18978
94 8360 58109 13290
561 3145 57981 2000
6832 6694 68540 11997
6902 7973 13420 9096
4192 2600 36545 3539
8953 6961 30993 2403
256 5561 90720 14183
4787 8906 34174 10676
2683 782 23757 18637
8671 5725 61285 1333
5275 8802 27349 17918
4680 5133 16738 5498
2878 7770 26094 16878
9211 1804 34796 18921
4559 7397 96990 11857
8718 7764 88660 11565
631 239 743 4241
4876 9699 9073 1155
255 9838 35828 4695
6699 6728 14499 16227
5415 3758 21534 1169
2929 307 46031 13283
750 2277 84580 5871
4193 1361 39097 15944
231 5496 41696 8641
3562 769 95524 17752
7979 288 56410 11597
9964 2359 75263 11343
9036 8966 89624 8470
5684 2621 82049 584
9417 1009 85542 1667
3264 2179 63518 8856
7691 1565 25501 8945
1722 8056 55204 9493
1374 2402 70169 19546
8908 6245 96338 11247
4050 6879 99019 16879
6942 1797 74798 18437
5147 7625 4791 9378
3435 9939 1756 14565
3786 3960 9686 19670
9551 6856 32895 14943
49 9648 54254 8238
3835 376 77469 18869
4860 2802 20375 18779
8943 2332 67131 13781
8897 2642 89252 14305
694 1501 94062 11512
5578 1971 96945 7737
6520 1280 9477 5150
3835 6185 93949 9928
3993 6349 15302 18610
6882 8421 22684 3471
4438 6246 46495 12827
8489 7675 53667 13153
7470 2650 94254 12867
9281 259 67146 16559
1281 3576 41802 11270
3310 15 6676 7460
1272 1953 17436 11352
1074 4189 26685 11269
71 9288 31640 17008
8193 907 16358 16949
4576 5657 72097 7872
1959 9786 79328 9199
6267 8583 90968 1518
4781 50 3750 14471
793 4845 56846 5539
4335 7640 70227 6654
3951 9481 8988 13065
1916 9998 903 14930
6352 9059 61518 6385
2896 5220 34363 12345
6262 6089 35070 913
2871 3077 13061 1217
1651 9141 27203 12287
5496 3570 88795 11009
7674 2385 52143 2799
157 4447 11398 19178
9015 1625 54134 8850
3188 9194 27418 6195
3548 8924 74620 912
2844 7334 79415 2199
833 6482 75365 16123
9551 7895 31022 10878
4561 4753 95260 11828
9938 3790 54979 2538
3687 6872 61886 5831
7441 1383 50639 5078
126 4951 18175 3417
773 2550 11163 19704
6560 1139 30594 14350
6877 2298 11625 17930
315 7050 92808 2300
8662 7283 43465 5780
1811 271 96620 6585
4188 5998 41783 9686
5155 2997 53733 13196
8084 2175 94235 15435
2117 936 56089 5006
9165 9127 53635 17415
8014 7143 95627 10153
607 568 2664 7092
5678 9252 98546 15289
6975 7948 96050 12374
7722 6033 17360 1946
4469 7366 5203 3950
173 7107 14539 17059
1213 9905 22414 8173
5470 5658 90078 18876
6291 6369 72196 8837
3992 8877 16770 11145
1388 8476 26970 11918
200 2449 84377 3909
8696 1434 87867 19640
228 6605 10361 13345
9241 8571 62833 5819
6314 2301 38110 14505
1335 9340 68247 6887
4496 4119 12439 4026
9601 5278 71200 1257
2656 3769 39037 1320
1732 947 44237 2899
2257 4017 17448 12917
988 3243 11441 8817
952 2869 44857 2917
1486 2582 52776 1053
1496 631 16953 14794
5347 8528 53259 7617
4101 2426 17062 9238
8659 6480 15154 11813
9344 4790 32385 19951
2470 6372 28208 18093
332 6350 14865 18080
3007 4787 66045 19392
4130 6450 5537 2531
1806 2022 65052 19315
4381 6393 44024 4091
1002 5981 36573 13195
7363 6548 30335 16754
240 1694 72062 15551
9419 1075 99572 19681
9115 6520 94854 12705
6254 3138 95375 3071
3987 6290 50663 1985
4048 6112 79564 3388
8997 8313 8172 7526
108 9638 52526 15844
8114 9293 99805 11356
3492 512 60192 16087
1473 2639 66345 6642
2935 6178 27682 16515
677 9793 40078 2800
4886 9413 52858 14256
2988 885 88221 1855
5649 2743 40820 5330
474 7125 33203 3907
9589 3261 30552 17294
8034 8781 82388 18705
3176 5553 88148 18080
4270 868 84358 6814
3023 4442 47236 3464
971 7886 16282 582
4229 22 13374 6826
4389 5677 70287 16194
7286 736 95598 10080
3203 5573 76772 19125
9071 8679 91505 17337
9421 4393 74185 13411
547 3132 84349 14000
5083 3864 82441 8080
5714 5167 13187 13014
6219 140 24507 12996
6711 8543 56566 1997
1276 2321 71403 17559
9468 5061 52885 700
7517 3435 99432 15942
3454 7283 32373 4067
6419 9628 10025 8973
7536 5627 17264 16286
9716 8335 55477 4078
2986 6228 70938 13897
5544 7347 63899 16898
8618 256 44848 6677
1538 6198 30644 18687
9009 2862 64304 8018
6809 9878 92911 2746
2063 804 24680 9081
2996 4798 68403 1849
6627 8634 99838 8191
122 8512 8630 12183
3645 4208 78575 6622
2368 212 44177 1778
6607 7650 11589 13381
9831 438 83256 15915
4029 6574 31342 8301
728 60 97369 2956
6151 7826 16817 11517
8627 2206 44053 4746
4101 8015 24287 1036
2856 5759 3083 9932
5500 186 38930 14588
1290 569 9915 7402
6190 4772 22396 1269
6454 8587 46570 74
5577 666 90647 17462
9197 9127 52927 12936
1490 5525 32837 14278
3152 5438 44245 12790
9366 3909 98290 19316
3046 5884 79714 3404
3150 6687 64837 5341
7025 2585 47929 15334
4795 7003 23193 11530
1026 2920 43787 4379
8225 5949 71780 9962
3011 1486 55260 11783
3345 6678 32440 12646
713 4790 49442 18537
6977 425 68683 3044
5521 5886 57807 12873
7695 4211 36933 17002
9716 8979 60314 933
6563 7518 90363 7366
4655 9178 89956 16479
1990 7748 98046 16336
9667 446 90248 10543
8398 3299 72314 12191
8318 4264 33552 18798
313 6907 35224 3842
4101 6054 33469 264
7478 1742 80127 14069
1329 8357 33582 8328
9299 9221 80105 6982
8761 985 66826 11819
4335 2887 74335 11614
2465 6388 43193 19308
7620 2802 43356 19643
5486 1972 51604 9343
5883 6862 35148 15429
4502 2112 38148 913
4561 8638 48570 6393
1993 7488 38654 8860
873 7659 8840 3972
2450 6093 62243 16628
5641 1196 52572 16268
4957 1551 99571 9382
1054 1833 33722 17555
545 7136 98913 4038
9140 2887 76026 5128
8263 8493 55921 15212
9894 7421 49387 16788
2087 6087 89965 18868
5036 705 71260 12418
5498 3008 38475 2033
7113 4001 47354 9449
4559 6825 72446 8439
668 1597 64369 2575
7560 74 25627 1445
7546 438 75136 11115
9277 6659 67016 2411
7944 1216 69134 8006
6167 4697 51399 13263
6843 6008 5169 18916
7199 1127 49599 4926
3973 8621 92826 13870
3226 1286 63216 5984
5103 8087 58470 19925
223 1550 11576 13329
2066 6844 55418 1870
1213 8310 20929 8490
7128 3261 11348 1951
1135 770 45760 6342
4731 7394 59564 811
2021 8748 96132 4595
2272 6651 37085 15028
1563 6498 41674 11561
2211 8638 27004 11934
3990 2107 24855 14531
3118 9938 43507 2686
5995 8629 57748 19813
4619 6336 41628 16016
6576 2871 93516 8151
2722 9901 93185 12034
8466 5245 48318 8861
4546 4969 37994 10112
3019 924 45960 19302
8576 9209 91207 6338
5296 9679 40393 1999
9046 7357 46127 397
977 9541 86223 18240
4815 5492 51691 8913
2378 5283 83314 14430
7405 1404 55365 16386
243 2876 87877 3936
6294 4711 77653 4608
872 9652 14051 7785
4890 8433 7007 7587
904 3601 5351 12273
2385 4601 96858 11471
7316 6413 44154 4296
3396 2860 33386 4706
3226 9749 37669 4817
5780 9283 40807 11633
6817 118 51606 11151
839 405 87213 7582
8849 3821 80241 9551
265 5415 9345 11652
9481 1098 77540 1322
3866 2285 15119 3422
1367 3349 95912 7441
9540 3894 60734 2949
676 8345 99852 19165
5874 3061 59417 7432
6560 8487 32758 12153
4536 1377 84320 2993
2206 4784 165 9327
1410 9280 24916 19479
246 1795 63107 14464
9129 6525 78511 8222
5958 3719 54116 7813
2784 9362 60911 11894
3150 2433 34740 6955
1777 7155 42074 3640
7732 5266 44571 8312
541 3836 15163 16525
1544 6561 40281 17478
9613 6677 21442 10617
8283 3731 38879 16033
4024 7343 92213 6745
2590 8321 40357 5855
4673 5623 65071 8343
4507 1869 48988 18109
1971 6428 95803 7078
1767 7122 55561 1986
4765 7514 79120 12119
4734 3267 57916 13320
573 3686 67402 7715
4353 8510 13710 10815
3422 8982 27138 14650
9963 4644 93157 421
2635 1764 15977 13102
9521 5271 55906 550
605 9370 28550 17474
7947 6615 52966 9390
3337 8571 72545 7495
4138 459 51797 6887
3472 6431 77748 19480
656 9352 32212 6716
6173 2069 45291 14341
2184 1532 28697 3447
5687 6262 10843 2608
3065 178 75961 10508
6383 1695 50903 19663
9761 4206 80817 8730
3999 144 25432 18341
400 6540 47465 1433
5312 4469 98868 1202
3047 3678 6237 6192
8744 7036 14505 15264
4453 6633 34615 10403
6058 4097 44138 14747
673 995 55551 16412
3209 3711 22582 8381
9996 2127 15505 2234
4698 7491 1735 19593
4764 7027 25475 1017
8565 5830 7640 2249
5000 7314 11504 18280
6830 8834 23168 3175
1816 6011 17949 5042
4345 5473 75775 13464
442 6425 25409 19578
4970 9277 83212 17846
6860 7269 63238 2439
8918 6460 10802 5744
3008 7303 42929 15637
5154 9370 59371 3591
1326 8373 40579 4232
8561 4227 72944 8024
1145 8984 21619 9310
6359 591 87176 15781
2320 2029 65582 4631
2310 4465 58035 12729
3924 7386 24208 2089
9968 4236 41957 14388
7007 8320 38438 3042
7620 6823 94539 16312
5735 3535 99373 9342
1790 1751 44785 16365
6965 3416 60311 7491
2713 7684 67722 6389
1265 7095 16008 3236
1529 2156 2958 18802
8261 9883 19360 12629
7898 5842 38639 18247
1239 7278 15489 4982
8992 904 77702 11113
8820 7335 11910 5251
5793 2464 75807 13195
4788 6317 28347 9880
5428 5260 52786 2660
5132 3015 92534 13508
7593 161 96541 9077
9254 8222 29276 13349
1628 5602 15569 16879
1719 2660 78677 7835
3012 8857 88047 17651
1456 8807 48858 11609
9533 1169 82946 1956
6108 5975 91730 5285
6973 755 10510 7228
9393 3789 12649 3907
4778 6929 67426 9270
3092 1204 61633 15903
5689 7076 23604 9234
6001 3551 55126 346
8772 5009 71019 5780
4419 4 76487 9837
8818 1242 57527 10418
3895 3238 55508 13071
6865 7455 62831 12287
3213 2436 37806 14383
7221 9641 38125 1154
6934 3886 51568 14151
91 71 52294 19797
3661 7989 6715 6238
848 7397 41591 646
5773 1375 68567 18928
6714 5376 35914 3409
6945 1005 84284 1426
2608 9563 34397 9969
1562 5057 52669 5779
1040 4135 9895 7612
8970 5073 78550 11264
3338 2178 43822 476
9809 3396 71081 19278
9442 2137 98007 7313
3842 9850 6866 1071
465 4733 94561 15301
4617 3662 77164 18984
4779 6393 66064 15306
168 3452 21594 18706
7065 6063 47996 1511
2737 4245 70292 5644
4786 2836 9272 5898
8899 6533 84432 9171
7352 3600 92642 574
8088 9209 22859 9225
3501 1185 6654 11740
4597 816 61192 6323
2897 1150 59159 19860
1349 8607 53200 4936
439 1985 37715 4798
1686 7175 21020 385
9272 4559 16245 15455
8073 7031 33320 17265
3325 3138 30432 7013
686 6346 10120 17947
554 3917 77119 286
291 7945 92969 5179
408 6067 57710 1219
9613 9316 22605 17016
89 8184 77745 19726
6327 5767 99515 5227
6730 851 8884 10363
157 6524 68071 15298
4053 7835 48422 13784
1200 6280 34453 12949
4634 2934 34624 4339
4910 7564 57036 3905
9227 3742 22276 4290
9095 1800 77178 9376
5632 4627 38779 18574
3546 1210 34081 5352
8038 2733 59911 3110
4257 5408 20624 6173
7566 7286 80842 9248
8858 337 31209 10084
5104 9084 96242 408
9292 3071 82874 2175
1321 1741 59005 13174
1507 152 95865 4587
6487 1697 79030 2513
8985 8152 48052 18616
2515 7526 26458 16176
6692 8544 94031 10752
3896 394 79310 14970
937 4371 48443 1996
3344 7442 3766 7716
2712 3301 73353 1076
8848 3038 14880 6707
5280 518 64150 16922
8216 6956 62541 5353
2099 3465 4203 13815
5366 1122 93740 4854
3649 1443 30785 11209
8668 5206 13413 1015
3718 8658 46501 2694
4564 8689 71539 3912
732 5325 97505 4825
5374 4314 78603 14381
7092 7471 19453 918
1225 432 20593 17157
3745 3815 89973 18861
8664 8793 39309 13745
5243 3689 86974 5038
9789 8907 61132 14039
3495 6806 40846 2684
5720 3129 64182 9909
4999 843 26012 18097
2085 2200 19982 9723
8956 4658 82412 11185
2442 6644 88943 8749
6175 3729 56086 1876
649 7804 44694 16158
583 5605 96386 5393
8980 2340 35553 17446
1164 505 13145 1819
6860 1492 97777 19038
8177 3211 20019 14026
4113 789 65600 16246
7713 4524 96997 6290
2926 5276 67635 4974
7785 7257 71425 2339
4694 5010 36238 12745
6941 39 46631 19554
9131 839 98624 1318
2145 6747 50573 12748
9138 7133 1173 777
906 9037 86864 14681
4194 1177 39537 17066
4731 9986 42020 6275
9219 1786 74272 18615
3118 6817 40415 19800
9034 3136 82215 17928
4031 8088 53376 15557
2783 4492 37794 1873
6187 2695 94226 13556
5366 196 42630 11855
2914 6967 36542 9082
9094 2926 99904 18395
9133 6236 1534 933
9264 1681 85646 4519
4537 1419 57878 7189
6682 2761 93530 15965
5171 5974 28821 16229
4864 4036 43260 8297
2384 4579 91894 2896
3698 1802 72379 9802
8267 712 14865 16198
8643 3594 49846 1305
1255 1742 21718 12349
1314 523 88897 11892
7082 7489 30339 488
9902 1827 39606 11963
2284 6397 23600 6237
4884 8172 91369 1951
9098 2320 97857 1096
7567 159 23649 13095
4350 7492 44304 12599
6258 6550 74371 18876
627 6565 83555 1937
1776 2222 34793 3583
3564 7926 9495 16430
5855 6097 98087 19548
6344 8613 84523 15206
3606 4458 66899 686
108 3020 10275 6412
5110 9624 7084 4131
8219 9738 16994 406
2337 8621 60121 18522
9553 354 88449 18266
945 2787 26326 16718
8842 2771 84130 9231
7961 6352 20583 18806
1532 9433 14479 10135
3551 2071 30690 6407
1338 5224 88720 5911
2840 6699 82383 15527
5001 7229 50086 5655
3382 4523 55965 5528
8688 2342 61953 5947
4919 1559 62205 14004
3735 8270 47097 12050
4289 2468 88576 15888
1652 8925 85239 4609
8200 3201 94537 7161
3744 3654 46063 13528
4521 5247 89668 7190
2672 6823 16185 11000
9258 2119 59780 14942
8606 8653 47467 9638
3187 2636 98338 7520
1693 1614 24980 13232
6009 6170 91435 8732
6991 9357 27480 13227
9437 9577 58999 7975
3168 3932 83206 11300
2836 1611 57504 19541
8660 5187 51835 7271
4428 4393 29239 12647
3940 9584 64287 15705
3842 20 18946 13984
967 9227 48711 3807
2714 6872 42041 11696
5957 2753 67682 8191
8562 8894 58746 11214
8031 3316 58309 4569
8455 8949 34318 15766
6175 2365 65732 2068
972 6848 23047 3959
2426 9051 94725 17001
9622 7403 96154 19192
8284 3066 6492 6191
7142 5865 61647 14522
3880 1060 48755 19188
4323 4593 34657 16372
8859 2007 24643 12028
6600 5696 39020 6375
6546 1209 50870 13387
8109 5046 25552 1498
2252 8102 27894 16720
4138 5443 53049 17634
2750 8762 78148 2826
2214 660 87114 10805
7941 652 47319 11152
6979 4418 63247 11401
5821 6094 32331 8485
2097 7497 71214 5278
2215 4061 99398 18032
8744 1859 12725 18691
7485 2057 35327 9623
4324 2510 36804 4798
1197 369 23576 18969
2249 9431 91568 2632
6983 6795 82986 9942
186 1607 89210 15670
8351 7430 17888 19227
6145 2750 51157 1046
7119 5976 94524 12588
4517 1992 17015 11328
5319 1825 43722 10969
9884 6221 55911 482
1898 8744 38783 14288
8390 3427 93862 16881
4359 5132 59618 12203
4429 4399 69746 4845
8772 3615 37361 18602
9639 6568 75297 2755
2148 6107 16646 1673
2739 6217 12371 13955
8416 3598 31500 759
5090 5805 45099 18245
2122 8206 98399 3458
6394 2185 41658 10621
1774 2716 44222 395
5508 808 79728 11763
8513 9539 7804 18404
2810 6844 35584 4141
9406 3411 3744 5933
3840 1949 95159 16171
6127 1198 96914 10643
7831 3773 79153 1244
2708 5302 25764 8936
6052 4012 46055 1784
5099 3173 91116 7482
5370 1617 39071 14336
266 88 36007 8365
5832 2133 67771 12299
3653 2310 8894 8778
7519 7811 79781 7822
976 9813 72400 16957
7196 2982 83114 19236
9589 2932 45275 16792
5987 6415 77151 10389
4436 9074 56536 8654
3738 7584 48808 2812
4302 9890 25231 14213
4797 6835 54592 11792
2653 1680 3148 6586
3331 7055 39344 11313
9872 2268 91676 5091
5740 3121 72593 11233
8628 4964 41789 10519
1058 9940 83515 1209
913 9261 38384 13697
4496 3011 12519 3624
2098 3761 4672 12718
788 8727 7929 12279
3172 2040 34277 13661
1755 9104 14202 6123
7493 5164 4951 9986
1825 5515 31673 389
8816 9930 54688 18380
3563 6344 55428 3504
6862 2591 89663 4148
2761 686 6820 9449
9590 9166 90436 6618
6819 7451 22711 221
2685 7849 13862 17508
1440 7061 15679 13564
9258 7108 72211 19616
8713 2629 93098 10034
94 5962 27941 3584
9211 1221 21083 6541
9970 9222 58259 16555
7619 4431 46515 10086
8705 8492 54961 11056
3517 136 50656 18522
326 9691 27417 9958
6213 5633 11753 7568
8625 6130 88294 14284
6692 3636 88209 3408
4846 863 13290 12928
6016 2407 98469 16249
4968 4288 90294 13797
3778 5668 30133 17538
3422 8305 19170 14778
6517 2512 19111 3153
5494 1413 97851 5120
768 5234 64134 9075
9915 7656 72436 3908
9871 5660 8942 2698
3397 3025 63773 19948
465 3685 16277 918
9527 4943 34426 14478
796 3820 46436 960
1599 1196 39145 17123
6921 4937 28770 3711
231 76 59841 8432
4368 9009 29622 6829
1931 248 16743 10726
8706 7881 20603 13763
1278 1292 73247 14879
204 1355 92551 2422
7261 2582 29121 7387
7259 295 31289 4455
8959 9426 44229 12720
4444 5269 12227 40
8393 6407 19728 1990
4787 5806 46297 14060
7405 1259 52614 16079
5057 6723 40923 4910
8350 222 69581 533
983 1427 1993 14924
8805 4696 45410 17911
4232 6612 28164 10302
8690 1597 56633 19767
1185 9157 63589 5270
5507 8126 28093 13924
2724 6409 62277 2390
5697 7547 87113 13031
2074 6435 80812 11357
92 8488 16009 14160
471 5004 77329 18337
4090 978 89247 6608
7571 8698 86933 73
9247 7717 42375 1558
9468 8466 63960 3584
3733 9368 29945 17172
7239 223 88349 19838
964 3676 96538 13959
7802 7887 5392 10105
4808 1745 71185 1168
3063 8064 8258 15725
749 9833 64104 15860
843 2410 45019 9516
181 8164 84210 16731
4943 9829 38561 17193
1775 5093 67877 11239
1615 5409 16882 3180
2769 5929 63759 4227
6879 2749 68578 548
9196 9292 76302 10330
3903 1351 65158 6392
8601 1285 94096 6079
7046 2034 49276 8915
2770 6705 16043 15349
6758 4731 17207 16469
5751 7395 86087 9735
2847 1968 5743 12991
3940 1286 55183 14379
4328 4259 71698 19847
9466 7311 46356 13110
4992 3992 24110 2339
8900 2204 55805 2976
1153 9325 4313 18312
6132 1581 6285 1726
3683 8133 56594 13814
6720 4648 98800 10154
4375 9790 49319 9569
8301 4178 280 13769
9090 8224 45123 238
8217 3917 58618 18190
4623 9766 50963 7071
3462 5351 77025 18593
208 8754 63141 13879
1626 3806 61922 16582
8768 9356 32353 19982
9637 1198 7262 13316
4367 483 53102 5226
2530 4823 24489 5023
5262 4824 34470 19543
7333 792 25858 12796
4992 5817 11423 17925
289 1729 65435 10339
4383 978 2585 3408
6589 8159 51676 16917
26 6024 33127 19958
4857 955 79827 12929
5058 4369 51324 1990
5851 6275 86744 699
7244 6571 44155 13290
5567 4503 22925 8809
2699 7812 32151 17924
3377 8740 87820 13018
4484 751 26997 14983
8235 1368 57921 1283
2793 8050 55917 18415
1503 6500 63498 4965
1134 3442 34564 7887
8009 7833 73041 6866
1460 2138 38176 14756
8821 7121 13601 6254
4956 8437 57497 2473
5010 479 53820 17943
1665 6011 31366 6830
6054 1212 37943 6194
4005 366 6407 5197
5804 4587 40995 4957
7060 3315 84516 3114
2872 7240 11848 10267
9746 7726 14171 14019
1442 9073 67326 8967
8409 6019 60946 5597
7688 9441 77834 11348
2398 3523 30786 3556
1296 8708 33959 2016
7947 4376 17325 15839
8073 6354 86111 5071
494 2720 83419 14099
7864 6237 69558 15624
8273 8984 92714 7818
132 7483 33053 10441
3314 6185 93823 4965
862 7527 70252 10134
6256 4272 17533 14642
64 2579 22072 5814
7941 8397 71234 11341
7827 8952 49901 14050
2041 6659 24919 18474
5359 2918 43803 677
5358 3438 74899 793
9055 8333 69949 336
8500 8367 56521 14011
4579 5244 75492 2840
3961 6255 55735 16704
8945 2725 58492 18938
2097 5911 89118 15502
4088 7856 92977 1922
2102 1833 30843 7615
2138 8260 57059 15685
3953 1747 15554 4593
2857 4456 44883 12624
79 6336 83453 3068
9844 1943 46626 13485
4244 6089 90138 1408
9903 1342 46977 13082
6470 7274 70717 5454
4803 1093 48328 9404
5300 4559 27637 5167
2836 1292 92298 18843
1236 7233 92619 4826
5560 7648 74874 13048
9187 6049 79801 2239
6196 6239 48790 2184
9706 7300 81210 6948
6638 8103 14165 18354
7279 8093 25624 12091
3494 5460 47428 8436
128 9201 91122 15525
9205 2304 92671 18123
220 1648 40758 8339
8130 1165 72403 13713
199 8655 91502 729
8121 1974 3563 6771
6143 3670 57312 17236
409 2498 58831 811
8907 8314 32503 1326
71 4803 73022 7125
1866 2774 92098 1791
6672 9897 36625 11163
4658 9333 89027 15463
9966 8337 76180 9133
5921 6914 5204 8546
3699 3450 78932 13217
656 9653 79815 15464
956 8933 48980 6919
8848 4764 77657 19356
1968 5594 78829 16674
1897 1955 36218 8965
1944 3971 82220 16316
1439 7622 93456 7138
7150 7954 80609 13275
4899 7627 67728 8524
8192 2051 68958 512
6186 61 91726 5894
6861 1520 31521 6428
9920 3430 4258 6791
1972 24 70558 5802
3865 5953 45000 5595
5572 2096 67177 18870
1936 3832 48916 101
8466 5420 62014 2754
5531 7391 41691 15488
6357 7696 11666 5203
780 9518 19974 12279
6272 7461 25463 2582
9057 970 31670 6846
9364 9746 61714 3737
2272 3518 33796 2260
4219 2916 53305 11314
9281 6237 64701 11078
7756 3155 75103 2229
2105 3411 45941 19211
3912 6035 32238 1336
1746 9597 66754 13186
3197 1491 46254 1987
5893 9442 75462 292
5552 4807 72341 18822
1054 4039 52795 14053
7426 1742 63715 19144
6056 4748 88825 9046
4636 659 85235 5010
4318 231 71441 3168
8612 5116 43383 2108
298 9607 55216 14878
2673 3300 91845 19189
4898 3753 11593 5476
2357 9814 49288 1808
1712 5673 248 4820
2493 9112 7948 8427
8067 4145 20806 15691
9497 1932 97512 11311
3438 3154 42925 8694
2737 645 80580 17648
6033 7448 73709 18882
7620 5952 26665 1562
9909 1272 29449 7357
4860 6926 30856 7346
2894 5018 72033 12654
6459 5036 65199 19216
4729 6026 21065 14073
3031 3742 60293 11448
3070 5309 49296 14687
8306 6232 30964 1977
4979 6859 76625 8220
8405 8001 97150 2112
3653 1737 3919 9833
2480 3485 36868 524
6030 7143 73682 19557
926 8170 24921 1231
4125 3512 8876 19951
1670 4804 68456 19626
8532 4233 23814 18579
2218 6703 18527 14319
7070 7951 50470 16086
1469 4179 41470 13915
7522 3629 44147 16995
5719 7328 11920 12590
186 8281 65444 14508
9334 5310 54416 11463
5301 8089 3520 7082
5333 5371 82951 14712
8300 3998 71690 13408
1504 7166 99784 1127
2975 9750 73471 14700
947 9577 63673 2847
2962 5812 55110 18995
662 1702 8527 15301
8638 3044 21215 10833
8530 1752 91127 14917
7009 6315 28576 15119
7320 2484 76384 152
6055 8800 74357 19545
6337 6584 71711 3491
9016 8570 91010 15838
3128 3442 31449 11525
4656 1328 13678 8979
4397 393 71326 1421
5988 3196 75102 3098
96 8856 85371 13160
4459 6162 72731 4071
8034 6237 56376 4219
9138 1017 69974 2621
7006 9692 88941 15992
371 2466 9903 18969
7193 4382 50264 18087
3973 2344 40744 8670
834 5373 65909 8064
3567 4795 21775 16602
7970 114 80769 7090
2162 9837 39498 2748
1311 3970 19032 3398
3619 3963 29245 15862
8517 3820 84928 15341
2959 7124 50993 16412
3939 6407 18434 19276
3254 6609 98271 16172
7800 3662 96294 5305
5833 2206 7054 14884
6778 6107 69059 1824
3613 2056 97954 13449
5293 4343 27970 269
5693 6251 39289 828
1989 23 98214 14781
9075 1301 59789 5486
5530 9132 53912 15198
1770 7111 98640 13457
4162 6430 95233 828
8135 3990 1880 9719
5501 8055 44099 17451
5397 3836 67920 667
1835 7107 32945 11236
2366 7046 11788 2449
5836 4539 77709 454
1048 1136 23655 10674
5104 5356 4983 1552
4271 9384 88734 9647
2678 5650 31170 16705
6025 6267 80131 7079
189 533 65476 9421
4349 9004 39447 5520
9511 6630 21659 7872
8923 3030 66790 9448
6979 4492 99716 2218
580 185 70431 834
4219 4346 79288 15277
8445 8057 6967 2145
6675 6496 73173 1621
9359 5716 4454 19604
1976 939 66045 6244
1885 6603 8594 2274
3244 6903 18938 6977
4972 2850 23571 11715
8410 1840 99781 458
9409 538 57462 3743
1708 7114 6206 163
6506 1244 89802 9357
9712 5568 47119 11797
1094 5393 54003 3666
8843 9277 76057 17110
5640 6904 94740 8242
3725 1009 22749 14920
7423 3768 57805 4326
2964 3342 20237 8544
928 1183 80797 852
8898 8848 73515 5545
3053 2054 24888 8166
7528 7027 55057 12858
2744 9061 98834 8995
7990 8863 67383 6340
4432 8671 23749 9429
4402 1089 76260 3644
4457 1714 6816 4100
2122 7438 56790 14915
848 2103 34250 40
9479 934 40930 15883
1623 8725 20072 9426
6121 6241 55778 40
9312 4953 66864 18997
2457 1791 25740 8768
6291 6116 98492 6983
2929 9096 56052 18459
8780 2195 71508 2892
1102 3280 71063 13003
2042 8398 97273 15497
6105 1691 27435 14249
8690 4630 25055 4489
9239 1117 58587 16015
7439 2689 72458 16818
5018 6560 55255 17963
5361 4343 34406 12159
7260 4733 56595 15135
1069 8624 27565 756
7696 9180 15558 2629
901 1697 35789 9958
483 5577 25985 6210
955 4344 42325 5302
5748 1688 77743 15427
3430 3811 18941 14072
3118 319 43125 7969
7674 8363 92559 5323
3161 8160 51659 4500
3871 3820 14868 9614
980 2742 93129 11430
3914 7541 93748 14053
6181 3570 99788 7352
42 8816 9316 15013
7864 6115 8687 5045
8752 6216 69477 8126
9060 6972 90978 5422
904 1668 9383 7593
3442 1229 23564 4768
3509 5672 23273 15578
4961 5221 82719 5808
2702 3896 7153 6715
6678 1784 57155 14739
1809 9027 2722 3300
6529 830 50649 13486
5554 7208 18122 18746
3205 2148 72355 1907
5062 2868 47183 3971
9024 3480 66034 10565
91 3916 63329 9506
4413 8507 78818 13114
3180 9839 51536 1075
7930 936 67488 14385
6334 6684 12835 8781
5958 3645 6801 17348
6860 9212 61966 2329
5703 8566 12026 19858
7457 9630 9743 5906
3050 7570 18554 10652
766 8475 583 12535
5101 9410 91058 18485
7378 7892 82009 6471
1038 4181 11051 11211
1352 6873 75125 16199
2385 854 56791 19413
5132 1150 61382 12833
2694 1439 44171 2080
2702 2935 46989 4006
4319 8051 27736 9214
7304 5195 69832 6708
6460 5560 21477 11087
5980 5960 13298 5567
1748 5954 80049 13227
4058 9402 82988 17639
4955 9724 29222 15682
2107 5839 35467 7647
8816 1900 92584 1143
3913 4454 40017 5371
9523 2012 35117 5546
9483 8597 19636 3280
9520 1121 42572 5949
1555 2472 33501 11406
1209 5524 58639 823
2384 8354 85013 7205
3653 3391 9302 18965
2021 5753 53683 2545
5620 9995 77536 9560
1369 897 3901 2302
115 8624 45166 11413
2897 1296 18976 5091
5125 8901 94763 5180
406 4509 91662 11313
762 9421 88575 11004
1922 8374 36404 2408
1915 9685 37884 2041
572 9345 63490 11208
3198 3888 64321 11578
8655 5906 87852 11169
4470 2793 66663 6797
2593 539 23254 5541
6897 3867 85895 8033
2699 4286 98702 12077
2573 3187 39164 17727
363 6038 64407 17400
8415 479 66412 15342
4311 8777 12537 13825
6697 5281 55288 1327
6135 9769 405 2060
998 5704 41110 15696
9754 2331 3050 14306
9249 1086 52861 1053
5498 6119 70956 3767
2581 490 30018 7302
2788 7945 73454 6571
823 2443 55437 19071
3688 1071 49766 1218
9394 5617 63948 4450
7785 3963 29367 3580
3906 1425 45028 16089
995 1519 51354 1262
5054 2282 48884 9899
4835 8416 7538 11677
3739 9667 49136 18614
4850 8127 78125 14485
2647 282 91159 3280
2187 5816 85000 6062
195 2753 43166 204
3349 7235 36803 12364
610 2458 28822 10105
1434 5744 81939 13204
6053 5845 70158 3237
3745 5456 91601 7782
1997 7379 27074 16945
4125 8680 55319 8204
1067 33 3157 12900
4531 9823 2329 18781
3645 524 59874 13978
5834 4488 37087 7419
6052 714 97260 16051
4924 8383 46472 2097
6570 9528 56103 611
7110 3255 78024 16254
4154 6769 43779 6177
1882 5046 70054 7450
8839 8756 1742 2289
7871 7152 36524 19818
7365 4281 47377 15202
7282 1849 70464 15176
604 969 17191 12451
7051 6784 19389 14828
3598 4792 23125 3652
2472 5805 84459 7900
4621 2699 46633 5070
5158 3834 46112 11944
4470 8123 40410 19667
7918 7 14236 11278
7040 7789 53702 18114
9049 2440 81770 4641
2104 1048 3453 2758
2634 7371 51779 10150
341 4871 55848 2587
3853 8269 21771 8986
9865 3113 15384 9085
3944 1162 86703 8913
2372 5433 48092 12486
3664 7758 53059 13411
6422 7801 50626 2064
7710 2951 2565 19316
2491 5921 86215 9624
8098 8094 1686 11509
1265 5605 27841 9829
5976 8625 75462 13853
5465 2937 42858 9789
4439 2780 55929 9583
2800 6049 3245 5490
8024 4685 53583 6302
9093 3128 14084 11616
301 7368 29442 7279
2588 6302 16265 13426
6562 5709 90058 12888
3321 4829 95257 16130
1809 230 92824 6079
1571 8242 55791 4879
4113 2010 90045 13127
2452 3762 81873 12709
3143 3156 30850 944
324 5519 65683 6543
2127 3653 13788 7355
3316 4155 55599 8224
9271 766 51746 7496
5353 6630 28831 15002
8756 3409 8451 407
1393 449 18676 5986
1144 8703 35037 6166
5947 8294 21721 12290
2988 9281 83226 10414
6484 872 16117 4948
792 8700 37444 8693
6716 3372 95682 1245
6743 7133 68918 15869
6480 8620 75449 6766
7219 7577 63726 13494
3297 8335 76122 15718
7230 3947 37261 6557
8982 5364 49635 7673
4194 1122 36303 18123
290 9309 41378 2810
385 2197 44416 3254
277 4389 22991 496
9890 4615 79578 1782
8914 2057 35607 18616
9656 6229 33169 18503
9688 5315 95177 5374
4924 6473 70404 8026
3837 4524 20292 1047
634 3195 23273 16775
7319 6969 3151 4914
2952 9306 76164 3950
2074 3793 26889 10081
9631 5779 6843 12104
8147 3689 27947 12145
2663 5159 81019 19578
2261 5540 82922 8051
8695 1075 70786 13641
4038 7043 62050 19888
5671 7111 78152 16125
6495 5089 45284 1746
1484 3710 94172 2102
2933 4517 25797 1736
77 4503 57207 12801
1510 5459 48931 14795
3910 3507 37405 2311
3610 3806 43534 5248
1423 8817 35080 12036
6160 9532 72442 6214
1317 7582 6740 12254
1182 5607 34124 18822
294 4344 14690 7449
2937 8813 20412 661
4307 7257 53395 11404
8186 5424 17434 6572
6781 6586 9399 6446
3019 8727 45290 3602
6594 3297 7361 16743
7713 1454 92486 4406
5876 8865 44090 13731
3986 1164 44497 5479
619 2877 10502 9041
5247 1793 19156 423
3945 3294 80068 8324
9982 1719 83729 902
9268 2373 98029 7552
5942 9715 39501 12308
7153 7330 33695 18773
1427 4746 11517 6744
1102 8463 21418 5411
5785 5103 46149 5278
703 5971 85433 15375
7515 3374 65562 12745
2624 8601 76721 12623
976 4850 56806 18098
3634 1115 11131 13292
1549 9737 95421 14170
3375 8555 61075 18447
2505 3099 20363 9701
9914 1506 82669 9055
4676 2811 1492 1529
4564 3112 50234 19620
2706 8428 90146 19905
1260 2577 10650 10739
3314 9574 15455 12177
9582 8759 60104 16867
9598 6544 11911 19541
9809 1353 12246 17703
987 6306 9851 7310
521 950 85305 17410
5522 5479 15306 14936
8308 3149 76573 15586
8307 6040 67347 12875
8152 623 29386 9798
7719 6564 53011 15032
8526 5884 85840 17762
3228 1446 77396 8070
9282 5196 57822 19472
356 3815 16715 8597
2284 419 63696 19434
8417 3553 60825 16118
9937 6488 13826 9271
1474 7579 37128 149
991 8946 77565 13169
6959 8060 40915 9731
1702 5561 49502 10390
7404 7139 79735 16676
8244 3888 51735 11363
5819 653 82099 1491
4494 4660 93347 7674
2313 9429 83913 19690
5312 6805 94149 7978
7622 6086 26323 13595
3593 3730 29508 1879
1032 5577 47294 18164
7077 2621 76605 4343
1628 8929 78787 16702
841 8698 17909 11821
8188 877 59399 6660
8754 6938 56579 16563
8359 3670 29387 12107
4842 8214 10884 286
4763 4630 43585 6246
752 7024 81445 16340
7579 4498 74239 1606
7174 9922 24772 15578
2118 5895 76841 2476
591 4814 54825 14537
4534 4961 14661 15807
4342 4096 91945 16495
9294 2463 63987 14973
8405 5492 44435 8787
4685 1074 10254 16094
9103 1860 53764 4761
165 1877 63369 15527
9791 5769 81800 18402
7553 131 58978 13035
2859 7218 43405 9414
6953 3630 8808 15050
3055 2575 71050 6287
2535 4681 82666 9439
2447 1357 50133 11257
867 4417 57224 14467
877 6714 61891 3615
3278 5956 92248 9154
9997 8029 2222 7277
3138 598 66185 6504
8651 5799 86885 601
316 9086 16542 11777
9996 7111 3246 14248
875 920 49390 18800
2804 7468 52151 8653
2591 4368 99809 19618
9000 5269 75847 13975
4038 7148 21227 15533
3394 3256 29628 13710
4118 430 37017 16229
3163 7116 25762 6318
971 1791 83441 9987
6635 6139 71414 7391
1095 6951 68686 8124
2545 6897 39350 17208
7817 2652 35904 15664
508 703 19997 89
7482 7992 93986 2206
7093 7875 92727 17065
3528 4786 97383 2519
5107 7416 92470 13260
1723 2998 88344 1584
4217 3065 3742 1782
3255 8688 80674 477
1603 9214 54112 13623
9057 4905 95265 13733
2361 5487 54869 18261
5545 4373 45896 9747
7948 9128 63156 14955
8398 105 24408 2256
6831 7946 46626 16068
8665 5597 15753 17137
6877 7815 93644 16730
2163 1413 92829 4773
5051 4401 79157 8823
5937 1420 46811 14036
3003 1815 38526 6636
9531 246 17473 13516
4445 1105 68901 18306
9383 9252 72045 14397
2069 1848 50509 10328
429 3933 9099 13133
5716 5367 75440 3089
7624 5729 43421 14045
4483 2333 10579 6584
8736 3378 32400 16852
6815 6445 24809 7547
9630 324 12273 7603
8275 7928 75831 5019
4500 8464 36757 7472
5029 7902 7034 9616
7531 4993 5400 17382
8414 5002 32853 2512
2281 3747 76468 18898
1621 8346 17738 18793
2096 3013 48133 5634
2211 7706 55733 4337
2347 9799 90681 3914
9892 864 41679 406
931 7990 8336 16814
999 6823 27038 11285
2809 5258 76749 3216
7533 8703 78240 1610
7815 1484 32376 7020
339 3016 7777 12893
3096 5322 90487 13562
3563 3466 20709 12172
8863 1348 81854 16312
4696 6416 6977 6188
7187 7694 8271 15437
7348 5574 60868 3902
9271 799 2590 477
609 325 29146 12552
1660 3688 11232 983
7731 1500 39489 8595
3081 3518 5270 6978
327 7708 37761 1831
5938 5244 13642 11933
6775 4355 57072 232
7594 9605 21451 2081
4138 7786 25188 15740
7863 8637 20279 4780
292 4272 60518 17066
2315 7884 82098 18783
4676 3993 13003 12655
1602 3732 48278 5051
8305 1448 60031 13027
9643 4864 45114 1933
3745 6197 56673 11913
8181 9706 16286 667
6796 8105 15402 10092
7699 2132 48184 7947
5549 1388 56958 1392
2696 4163 97846 7782
4209 9011 8706 16861
9519 4140 8538 6305
187 8692 74278 18860
429 5390 16000 15111
1228 5274 59240 17561
9771 8610 30732 5350
5906 9050 5924 5764
5716 2233 76312 16693
6664 52 51238 17004
4328 4365 87386 19955
9512 9709 1753 14815
2585 9774 2805 13065
7407 3316 94266 6607
7662 1334 6552 19630
6316 8862 54346 17357
2404 6434 96111 14868
855 4375 59804 11042
8265 6294 95329 4652
5557 2461 433 18635
9392 7815 90623 14763
3643 1579 22028 7054
978 9144 97779 14799
8060 336 91873 19587
2648 4148 61910 18613
1446 8106 30013 10233
2933 578 89633 11234
6990 2417 60862 5093
8585 5466 20458 1351
9903 5028 19970 13069
6198 3824 69420 8559
3276 9873 11654 5087
3011 7056 6051 18128
1901 530 51291 7674
6843 7507 63538 8273
4698 6311 77277 13989
1370 1413 94421 12151
9401 5108 34572 12163
6867 2685 40822 16030
7839 31 44887 17220
9622 6337 3922 12431
3069 5180 41537 15745
6741 3571 30040 15890
171 8566 47950 2177
8084 1121 87721 14915
3125 6009 10664 14850
4393 1434 98849 18516
8387 4533 58037 13704
4731 6548 68346 11726
8887 8432 4512 16758
8379 6910 51929 3400
1195 8933 39576 16953
5099 8611 12861 15909
7972 1393 58598 14471
7913 5371 50318 7251
5683 867 78514 10478
2817 9413 78076 15390
5909 534 75306 10789
4281 4807 77675 9123
9575 602 6078 16773
8700 6486 70979 12735
1662 1958 73824 10764
9546 2385 97520 15391
328 1357 78001 11873
3853 1004 38148 11340
6021 525 12372 10869
779 7976 56997 4708
9706 6998 72566 3068
490 8458 81542 7105
85 370 16820 9933
1627 3455 54725 11345
924 531 74870 7413
1937 7893 1253 4043
3730 4344 52231 8378
4367 434 92988 7755
2939 808 90181 15463
7511 3040 29258 11162
1876 7984 1575 4454
5527 6279 83926 10720
9621 4998 43462 15748
7157 4637 8580 10796
9176 3905 237 459
368 3997 14729 6283
4252 691 9121 15953
2465 2782 37511 12555
1247 147 72628 10263
7147 4313 93021 7885
7609 2284 55676 8515
3132 2127 48145 8479
1822 3953 40016 14833
5371 3760 53461 14613
6982 1764 52060 6118
3859 4912 3539 10086
3909 8875 66711 3199
8485 4431 85057 9215
7920 476 99400 2203
9714 9580 86074 19132
2593 9500 9622 8311
8634 6545 34709 11146
2031 7581 81195 4628
231 7615 90927 6985
5455 230 64526 874
9188 8342 14511 4957
2121 5641 98373 2284
3852 5520 58486 8499
5570 8566 49969 17507
5262 5618 84247 16464
5442 7769 80177 11592
7242 539 35347 7347
888 6578 33796 8890
4439 1659 29226 2316
4421 1243 64185 15823
4753 4344 99606 19113
161 1964 14511 20
9374 507 35108 7037
500 3150 69939 14626
8813 2720 52911 936
730 9495 53523 554
7482 5939 94761 7522
3321 7839 75604 5201
8186 8147 91253 2458
597 2598 98867 12845
3007 3873 21955 16394
7554 9889 17252 10864
556 4929 73833 4119
4072 8831 17980 2210
3493 3557 80576 5628
6449 3367 84834 12720
9136 7244 23025 713
8545 461 12076 1748
9286 4151 42245 8228
5626 2315 40261 13488
5094 5364 22772 793
8901 9688 45214 3135
9160 1418 93346 2848
8840 7933 20716 895
4205 8831 10637 3589
4788 454 91408 11126
2033 3667 54090 19972
3915 3552 35874 19555
9393 3081 70085 18110
8246 4612 26171 15991
5609 2905 81621 776
5394 4103 13280 15731
8437 1912 76896 2749
7588 8317 91014 6344
4808 2839 21085 15788
7572 7982 18380 8445
283 8952 82735 85
7335 9251 55488 17497
2651 9191 39116 10290
9263 5821 15639 17946
4135 7353 53226 13395
7459 1225 264 12947
4487 3759 75198 19914
3250 9475 68401 7466
2311 9022 22745 17579
4824 1181 21909 12383
2723 8490 25946 242
9039 7849 76887 19661
3519 3284 29505 11132
3927 608 67482 6939
6857 6693 91214 122
2575 1224 66647 19153
6180 6014 14800 9690
6522 4223 41346 413
7895 3859 28534 18093
6963 9774 64133 9071
9328 7657 27000 2041
5153 3878 39969 9573
2077 6012 74515 6632
940 5611 91594 6123
9693 9489 21383 13258
4606 7119 43697 13144
3767 3479 67296 18325
8137 5594 8056 14994
9571 3796 65791 10711
6083 2113 10521 5831
9389 7227 45295 6567
617 999 55905 19610
1998 456 89323 11716
5864 2546 68531 10850
9376 5328 30973 1589
4800 506 13849 18091
4653 7857 17955 10017
3862 6640 33640 10007
6581 9760 8786 4216
2259 7324 20323 14213
1310 4444 2781 14695
8842 3669 72063 161
3937 5538 89825 19097
6434 6926 42701 330
7911 2942 20155 2117
708 3325 93308 16195
6628 7554 82211 12938
2419 2159 30970 18789
5538 1813 81203 16629
7612 1076 95908 5436
291 2731 53394 12432
9374 9807 73232 18077
2064 1020 10690 2061
8053 8108 63591 6619
3985 8152 37920 3541
1945 6579 81373 14478
6075 4683 86211 13050
2954 7307 47102 11879
5785 2598 78729 19284
3646 2263 57222 2494
2511 2318 61345 8853
3951 3399 96650 1313
5488 7519 18029 3421
4534 4802 6478 17309
2616 4547 99100 18245
9431 4502 29430 19062
5773 275 45317 372
7522 9119 8215 7130
2586 1614 58295 6851
7551 1386 57293 6040
659 7340 45523 15909
7527 7514 89119 3215
3699 2570 2187 14486
1284 5869 13815 5023
9637 9545 23076 6819
2536 8929 4234 485
850 4327 58676 16151
5272 6601 516 9883
8174 5007 35532 12129
709 5047 53266 2321
7600 822 80303 10600
7288 385 67214 8423
1046 610 85134 900
7429 9734 19340 17759
1366 2819 67662 4953
494 8276 48679 4978
9151 8593 59559 1026
9530 1598 69917 3804
6542 8579 60273 465
4948 8674 34494 4156
2614 4689 2576 2038
859 2097 15716 2398
7915 8997 55643 959
6876 5880 60573 12815
1409 5366 53739 17357
1064 3917 66360 15124
2043 4427 9684 11353
9875 1265 49993 14948
3800 6159 43588 15648
2117 1879 40184 16729
9362 4995 6618 1700
8775 1122 88407 10664
7270 1552 32781 7553
9262 8175 83829 2115
1150 9917 50873 6872
7378 7475 25854 1002
3489 5494 76080 873
7108 3239 19712 11469
6628 3676 2065 9109
9850 3350 42375 12433
9127 5989 9038 17304
924 5602 96983 15231
8796 3230 92852 15837
6661 1487 7984 500
8383 5352 97863 18718
9092 69 37238 7908
2314 7762 83771 18160
2597 7810 75883 18167
8044 3020 51592 7504
3012 8628 13007 6530
851 8387 18839 181
3640 7690 2963 5834
3218 2513 95837 1600
3709 6799 59848 18880
4233 6019 35084 3191
121 6822 32595 11080
2454 9338 8448 18693
8603 7118 68616 19615
4445 3693 80377 4710
9119 3836 54002 1410
855 887 92656 8953
4046 1471 12241 3319
4087 8069 34561 196
4094 8572 12433 19311
1001 2247 83559 13960
3959 5492 6589 19157
7101 744 8691 14625
8072 2323 42885 1561
9375 4641 55637 15863
7255 3037 76839 3148
4348 8304 35839 11816
3582 4724 33194 16999
9857 4615 22670 4070
1841 9787 35102 15135
4004 3801 23625 9078
8776 2763 55082 6708
6405 8764 94632 2560
6153 9272 65794 5017
8817 9177 41454 18454
2742 4284 38426 2076
1849 2822 60707 14884
9018 2085 23183 7704
7394 58 87955 933
8360 3858 55208 2721
1068 5368 9293 17380
2884 8897 86777 15866
4375 3503 16486 19106
6441 2334 89769 7903
1623 9805 95130 15320
7255 2885 76428 14928
3411 4612 94586 2818
1666 699 94880 3743
4822 513 55826 4352
2744 6970 99698 14334
9646 1450 81056 6767
2190 8177 53601 2250
1318 6836 95939 19341
7785 320 63270 13717
2052 3524 87292 5967
432 334 37154 16067
3540 4712 60800 4177
2318 4486 18398 4452
2382 2 2679 8338
6208 40 15888 16649
5545 1626 2997 9356
2078 3795 13816 1068
8513 6962 87111 17947
1387 2737 6926 5199
6612 8134 46023 7801
7117 9058 64100 13907
9233 6379 87006 17153
4543 7894 21535 13632
8583 1443 85594 512
5873 3832 94820 14096
5422 4922 54830 8253
4294 4482 36386 4287
689 9164 72448 5710
1903 4959 94983 8050
7471 5568 54342 5295
3136 5662 73441 11260
6574 3816 78781 6366
9976 3027 53202 2316
489 3996 52909 8682
9395 2892 83781 9369
1652 3878 35730 6451
3925 8264 3222 17066
1530 4908 38284 14309
5199 6218 57545 15362
9835 2627 54880 2364
4797 1535 44112 12582
5920 4341 71149 18508
3610 1277 81614 7483
6261 3779 98274 13005
5903 9037 64798 8815
6777 3866 78306 18243
8842 2343 32741 8633
2345 9976 34296 15304
3201 5713 28056 938
3980 6940 85976 17789
4123 3611 42958 1432
5333 8961 39521 8128
8621 3312 28535 2153
9024 6381 63993 10012
9753 9330 71826 10619
7333 2156 30548 18871
2824 1126 50871 3419
6447 5922 41918 15800
8375 4114 9051 16565
6139 5474 78791 4808
4365 2138 41251 10165
9774 4748 51709 5197
1502 7427 4984 13629
2290 1240 31876 7054
9295 8607 70749 4362
6853 4106 53490 17813
4304 3780 73333 9863
124 1635 46430 4261
4671 8305 15523 17200
8458 9063 17703 14560
4960 1612 82440 13033
5673 9341 16106 9956
7232 2175 61304 9897
2532 9838 68584 7000
5307 5431 29693 16579
9593 8870 94646 7129
8205 8432 40876 4302
9878 2898 93540 2932
1256 2641 81366 3570
9486 6445 68772 8974
6470 812 67678 16644
8021 7742 76350 14675
1193 7245 15468 10175
4050 7753 89802 16940
2082 8152 75996 17087
3132 1947 15743 5878
200 5219 14271 3459
8960 6049 52590 17637
1351 9974 2970 13467
73 3509 13940 2779
110 9742 46577 11971
8415 9856 44803 5211
7039 8309 83056 4723
4280 7420 49344 19312
2545 2999 39656 15970
3662 7210 38902 17397
473 1434 28277 11234
6346 9963 81209 17843
4740 1169 10856 6187
2492 7720 64382 19015
6041 8808 47794 17766
6807 6403 21571 19688
4526 5760 45040 11074
3568 4218 89287 7163
6536 3229 16869 700
5363 2612 46459 1042
9506 8486 59394 16120
54 4221 92419 2312
2157 289 42945 3037
7097 3287 61276 4894
7551 8417 10992 2973
4470 9125 59243 2788
3787 3039 64827 6063
1115 1447 59583 2891
8475 4615 34583 10789
8547 3020 9317 13633
5288 2474 96370 11364
6463 5575 79736 18033
316 478 6300 11230
8905 7662 85943 16172
2816 5558 3586 13172
6095 9514 63390 3586
8985 5854 81016 5837
8204 3441 97097 17513
8194 8918 92017 1609
3453 892 75761 12175
1810 7859 35488 7545
540 219 30758 18798
2744 3804 88038 8448
6703 9400 6044 3886
9123 8519 20635 18908
4070 3378 42994 12958
8899 5453 31411 10967
1461 6468 77483 19382
9881 992 73411 17983
225 7088 26419 7448
288 2427 23830 1054
2816 1450 89509 19547
882 4770 13740 5110
6105 9872 48204 562
6390 7480 16477 15193
4995 8618 55834 6414
220 1073 43834 1345
8016 8547 11365 7161
3364 1161 12260 16649
9493 8443 37714 19992
3361 1301 98627 832
584 8444 64069 13830
4173 7275 94130 9281
1140 8860 80410 13522
3807 2393 34080 3383
7093 6000 13230 16534
2035 810 57513 4583
7894 5325 89325 16120
1713 4137 41857 4519
3832 2633 64496 15538
5433 5716 65173 11927
3094 7967 78807 15331
9807 9536 40890 17464
5964 6456 22144 6125
3298 1602 2192 16244
6927 3976 73166 2626
2689 2600 61402 16055
3000 3907 92592 5082
1057 9150 18193 13107
3452 1306 12322 17369
9016 5176 49487 9962
2322 5066 16608 583
7518 4752 6367 10531
8796 2191 73380 9569
3549 2276 65103 1006
2885 7911 14423 14522
8795 5201 67227 2658
4105 6720 97270 809
3521 2358 35888 13223
9538 5983 9036 19934
3979 5098 45984 1463
4622 77 51426 7669
8220 7678 44033 13754
2972 2746 51498 13597
6847 5344 32039 14123
2329 5814 32692 12843
7585 988 52272 18433
9878 9286 30030 2112
1875 4702 24945 5449
7379 2978 40125 14685
619 6316 1422 617
9309 1018 58473 7071
9178 7750 33899 6176
7014 3074 10949 11479
6378 3017 73208 3313
531 6926 57682 5704
1136 9728 25081 7501
756 1233 4747 8343
873 2874 93390 4208
206 2125 91196 1077
6606 6068 78403 5869
7144 8876 59581 11064
7434 6038 91660 13705
6962 6707 20456 12830
4756 9291 4959 19122
7052 5639 53423 10765
7906 423 17084 42
876 1603 82680 3978
9955 3564 97458 6254
3977 1051 20531 8661
7847 7962 4093 8456
6333 2840 77346 4409
9841 9098 80858 766
1766 2542 57233 9713
2169 6670 60570 16592
8712 461 12750 18977
7076 6730 86107 6540
4191 9581 18735 16460
7196 9608 95049 19696
2693 4235 44302 13389
3694 1575 35023 6112
1700 8632 7685 12757
8280 961 61177 19209
1662 4378 45276 10289
6005 5696 4613 17559
9957 5299 33684 12207
5770 7905 2617 118
5831 7712 30157 16672
1482 1338 74182 11271
3361 1757 18402 4997
6375 6310 50407 4737
3566 5861 64390 9310
1406 9256 38888 7599
3545 7333 13224 6772
7025 5593 72226 17012
6707 1490 90633 2424
8734 954 83796 15377
4138 9334 27669 18609
3745 6856 52298 2234
9295 8520 77577 1623
2706 2172 34578 8302
6682 4533 26047 4578
7979 1323 67241 9307
4495 8544 81083 7498
2143 2323 99476 10014
6811 4288 50064 7368
2532 4934 40276 7541
5240 1691 57945 12150
9315 8783 4488 10097
9105 6122 55380 11869
132 6898 75983 12409
6847 6346 16811 18846
6395 5044 26654 17646
1025 9321 41382 5910
9917 7864 94093 5418
7435 4347 75229 4193
1988 8432 30802 17294
8833 5608 57471 2513
700 5263 74559 12624
540 3818 11609 13075
6016 2294 28743 579
6145 8427 66113 2138
5328 3034 37899 6192
6407 7394 97144 11107
1687 1195 82312 5596
8492 4105 32283 5074
9474 3606 50769 12560
3729 5354 29142 5544
9924 4367 3439 1253
5700 6463 77343 7376
7642 9833 22865 17598
4811 5068 92262 8446
8117 108 95512 7484
946 7520 54435 1741
6729 3653 24302 7124
7947 7123 2220 1654
4800 5881 34738 17497
4209 5021 673 1958
8351 5022 49008 6763
9410 5316 76100 7514
9179 2497 77337 5925
7709 1519 35800 13656
6424 8148 51937 12091
7624 2327 11774 19605
7860 4679 80199 13129
4934 3715 37858 17615
1958 7842 50678 8445
3395 3702 69158 3601
104 3776 58214 14908
889 7149 60238 16948
1843 6117 70187 10487
2716 6860 97749 8348
2540 9573 75991 3700
1378 5925 70146 4869
887 5979 95318 16391
4062 1046 97774 1721
9311 8122 37147 14383
1747 2016 32686 16259
7537 2543 43068 9326
4552 9047 96066 4031
7203 9064 4965 11911
4928 8476 92128 13404
5712 5262 96397 1319
5946 2606 70793 12675
5390 9183 28664 13165
2743 6030 76846 8208
2799 9833 37363 6318
6598 2777 73365 3864
1717 221 86598 4022
5146 4494 59752 13730
412 5668 44911 16671
3800 5979 91088 8400
6430 4806 87728 6568
2791 6858 75111 6420
3781 2140 73272 15737
3696 3278 92648 10922
8485 8614 39292 5696
7580 1099 16626 1946
6479 21 40782 7090
24 7653 68003 18828
258 3393 74683 18925
7333 9551 5067 12655
7397 9193 59613 3380
6104 7627 93951 6011
9214 4006 85453 7261
370 3886 42465 14683
866 5023 82011 3173
5588 1265 54649 4694
1754 9513 38953 8665
2014 7234 78869 1102
8995 3769 52446 15475
7087 3296 87781 7858
9027 9923 53332 12347
8442 9053 44282 15404
6545 7157 46262 19586
3969 4198 76 5752
5007 806 69071 7013
2934 4207 49081 5687
6297 8100 66352 18466
930 9745 42428 9333
9435 164 9607 3062
9039 2619 32458 15772
5552 7786 53840 17930
3660 733 24383 1157
9272 2560 23337 8017
9098 1257 76030 10448
5584 2823 53858 7205
6796 9208 81290 7621
263 5407 84593 2536
9673 1056 38306 17331
4951 8438 15887 12525
9902 925 22905 231
4513 694 61118 18733
8307 3558 26808 19656
6219 6820 57130 19434
1161 5165 26265 6320
7336 2315 86212 19351
7993 5910 9836 16171
4362 5788 33130 11903
575 8016 2932 13704
4985 8487 18094 1154
7158 5786 72388 10387
2348 7984 59036 18919
318 7821 51908 5122
8511 8637 76955 846
1364 9139 58085 19855
1277 2577 19090 2497
425 6180 97029 5160
6081 3446 30077 919
2587 256 13131 19721
7756 102 84113 16538
4880 7475 29058 13581
3902 8667 19195 1841
6900 3817 16644 19087
8421 4168 75390 17118
6206 2161 18649 464
5869 5236 36120 14486
3075 9990 11300 15999
3551 4289 29201 14661
8763 6890 7666 10209
5245 5636 81213 16823
1027 5669 10441 2481
5495 3246 31504 12450
9616 6321 6132 130
6540 5214 39869 1321
774 844 83539 16066
7707 4090 27967 7586
5157 8159 88061 4131
3415 7088 68219 19799
776 825 88571 17772
2331 790 94983 1104
3824 7496 88036 13008
4158 8255 49304 19003
8005 3652 7573 18842
9162 9054 47673 19196
229 9384 85670 19346
2168 8416 21455 15658
5067 9352 43122 13294
8160 6500 32173 3725
5888 8291 78523 539
712 2406 99222 13326
7804 6456 33811 18354
2285 4709 31102 7118
4205 91 95890 16463
3360 8775 97298 10018
3772 9664 90302 7352
5925 9122 69274 11537
6804 2012 5898 11287
7760 5797 64594 21
687 872 2555 828
4234 3427 12097 1333
6262 7636 56643 8170
8486 5371 72008 10786
2647 6172 41468 5401
9607 9849 97656 16209
569 6069 24487 5221
228 4094 91054 19048
5040 9661 75029 3463
8019 8550 82137 17119
7002 844 62634 2347
4161 9411 73825 3918
6275 7436 82215 9433
2416 6462 25851 14225
2279 5777 22953 19549
6446 6047 99647 627
4657 8271 30168 17560
796 6322 52049 2883
1872 6526 52167 17601
4550 967 87158 18404
8316 568 5087 1055
2677 15 76807 4273
8506 7216 17997 8648
6154 8311 17984 14339
6423 2514 74537 13395
1390 5561 70896 19211
7762 4223 52786 12441
3388 9676 15609 4262
4822 6044 4700 10750
7726 3657 26702 4245
6523 3635 38022 2104
9543 4796 5655 11436
8872 5420 44344 1442
3397 1618 27187 14580
8790 5633 55254 3019
6520 5508 75210 10302
2641 3994 97257 8384
6254 2402 49920 19123
436 2234 41202 2388
2363 1704 27621 8949
8542 2437 65104 11579
2364 2104 55382 17577
5445 8941 63734 8808
5500 6447 50039 1858
3748 1261 81247 14546
811 3601 12539 16160
8545 2937 68798 1996
2221 3893 68048 19150
6610 6305 76166 12721
2733 7121 54634 2408
2777 6007 81543 3410
8746 3598 10424 5684
9640 5239 14609 3965
6042 480 15857 8515
867 6795 9165 12001
7577 570 24757 19736
4575 6618 10527 8492
3686 6098 66157 9725
2352 1174 28996 2757
5098 2246 62456 2037
4097 6593 25510 6343
7263 4923 16911 10853
290 3732 27607 12424
5730 703 89241 16990
9775 7298 42035 12165
7073 9175 13819 11372
1267 4961 18750 14848
2919 3342 78208 2999
2316 892 89055 4644
6077 7206 23171 6226
8753 88 9057 5243
7152 4788 41327 18646
3976 2081 60535 14385
5053 498 46956 3624
8302 2892 44354 11967
6947 9781 12429 3241
9218 7719 42373 9654
4383 957 73687 19923
5869 5843 25504 11883
3281 9539 95802 4588
8177 1651 4497 19678
9844 2582 6703 18182
1600 1774 84792 10004
6881 5753 4472 18575
907 7274 90444 4226
6109 4076 48452 14457
3412 2004 10180 3491
7899 7570 84990 7757
3403 1614 81415 10463
9276 9058 43187 14559
9630 5572 46597 5621
5626 2222 85407 9444
4443 7357 21859 241
8274 3759 40662 4712
330 6659 59058 791
6164 4305 28594 1622
9675 5842 47285 6311
7385 2853 41383 17976
4417 4277 96909 2835
196 8076 5552 7140
7821 6072 59667 19268
7444 9571 19546 17243
6394 7516 13614 8786
7679 7919 30089 15448
6403 7159 32364 2040
5979 1101 66076 19717
3478 736 93664 17106
4309 9781 72202 6532
8409 7786 11787 10247
8248 9483 18157 12410
2419 8027 67886 8515
8815 6437 95680 17431
7825 1166 8631 3969
4850 4628 62311 18834
8922 6099 1760 13002
9926 2426 50636 14844
8771 2794 13953 19340
5274 9740 59257 3678
9733 9367 76080 12349
7701 4401 12124 17501
5286 3420 94170 10173
1667 9156 84114 13770
6821 8682 53535 17349
3025 6157 99255 1446
2543 1722 61736 4236
2151 6992 88297 5488
4433 5537 31277 7175
3880 1969 95568 3770
3125 3235 54716 17801
8171 6880 36176 11389
5472 7537 170 17755
1391 4322 76824 14108
1825 489 90890 11828
1663 4737 85074 4737
7552 9736 51358 4240
2036 2558 81150 10842
1642 9336 44600 7499
6781 7518 88300 171
1083 3726 24548 19681
938 9054 85558 16581
4523 9456 95433 8555
6865 8545 4741 112
6661 9780 60306 6498
79 8697 54310 2091
5191 8128 37627 10093
890 794 56183 6657
8940 7551 9943 1154
2769 5720 74478 6823
2219 6642 13791 16509
3658 699 90296 12769
9428 9706 51283 19444
333 2494 56950 14002
911 1340 82359 17450
2131 3853 99548 18196
7126 7399 38301 17674
7437 1444 5940 16566
1911 954 92557 10770
584 7379 11470 1284
1564 9070 13595 8817
9941 2042 55402 16776
3518 7128 65119 5193
2310 3526 44096 10865
2576 7670 79894 12694
6526 5905 33598 1564
7868 711 14151 17982
7246 4879 82734 11035
4377 6935 91493 4926
2093 6925 76434 11167
2110 7789 44928 17942
2665 8296 10376 13828
1515 4153 94424 2509
1242 2838 14433 1811
1757 2025 92404 5376
1112 873 53905 19370
1501 7558 53298 11003
2212 2431 64820 8952
2606 2322 86100 1991
5524 3341 64412 18510
6413 8999 94386 2293
466 5449 18561 13022
5906 4072 4240 15558
2071 3400 46903 1868
1253 3268 90897 6373
9012 1004 16245 13226
3525 8145 19424 10864
4134 5928 39340 13641
3673 9971 97055 9528
311 5700 63130 15533
6780 1937 80140 7593
2023 2775 21858 17765
2544 6938 23436 16058
5609 9911 15525 2508
1798 175 2124 14477
767 3352 85107 8957
4400 1529 46792 4851
6211 6534 61916 17895
5393 2633 42479 9332
8492 5095 48377 18007
7967 8402 50718 12429
3390 3730 24530 9058
6427 3295 68636 11756
3802 5371 2455 1566
9889 5414 92303 13432
8643 4730 57539 11462
9515 3094 4796 15447
1651 6634 61589 556
7230 7396 81259 18853
9151 455 24747 6679
6319 4020 10405 4130
6629 3849 96774 5211
8749 9737 16525 14236
8626 601 69625 1700
6072 1571 25996 17826
5831 5629 57127 1386
9110 5276 93404 14877
5019 7752 2350 2056
4925 7742 36084 12261
4843 752 84725 16944
6776 2492 87216 5519
6261 2495 90823 12558
9728 7657 91391 10706
6529 5332 20601 14321
8967 1953 95100 15902
8876 1206 86674 4105
4407 5170 5259 11778
1404 151 44514 12283
1853 7266 53839 16427
6329 7318 79494 17894
1501 2723 32358 12204
3939 5707 39772 598
1697 6063 60176 19439
855 1408 71223 4110
7234 6617 77845 9508
705 2951 58836 16577
6336 5322 49912 9640
2975 7114 43100 4050
3736 2001 84426 15528
8820 9394 65056 4494
2176 7938 42677 11723
6557 5565 35842 7034
3019 9057 54061 16210
7285 5180 2079 3630
2182 4285 53110 4535
639 6300 87294 11221
2655 4833 77191 1823
3565 2434 42185 902
1269 6682 13347 7965
3310 7302 39131 15513
1161 6806 24104 5975
6027 6846 98851 19690
7598 6527 35699 14879
7914 7762 89245 15018
1387 6040 10089 6119
1241 7815 11678 3190
8287 1776 37717 14848
9175 1106 54580 6641
5750 4088 89701 3089
8486 23 46571 4879
7464 8778 84084 19787
7003 3661 16906 13576
3316 3305 9489 53
4388 8601 11800 7011
2660 2914 31606 4479
8690 6471 27846 17118
6866 1547 85 16042
7644 6497 33754 12045
3525 4609 357 7376
1651 1353 2860 19833
5552 4315 60545 18776
7416 8170 832 6631
7840 7897 63367 19121
2299 2040 26013 7770
2509 5980 47486 11813
3454 5263 99087 16244
6205 7565 33882 13881
5781 3331 59631 15617
3740 6876 9205 6418
5363 4902 80617 9701
5362 6833 13 18167
1343 5003 29872 11559
9568 9637 55936 3444
7139 1045 46492 1429
3829 6851 66428 15808
9212 5884 58659 12620
2677 7223 96463 1172
7964 5579 4524 15673
7349 9329 8339 9138
9394 4486 2734 13937
336 3312 86936 678
4078 9387 15121 2761
3492 7937 55617 17594
6403 6414 62808 15892
9099 7913 62155 19219
315 7902 83007 5431
8998 324 68261 18190
2883 8307 37374 5448
8439 7546 21598 6218
2390 6392 62183 7157
4393 4894 81394 4794
8208 7932 40168 1073
6068 8111 15027 11652
6169 9279 16122 4807
9730 42 5380 297
9563 5117 97856 18976
1103 3874 77370 1320
6555 1161 30039 13562
9180 6784 18518 12154
7523 6366 98965 14825
8002 8968 21186 18889
9801 4619 18723 17565
6115 9683 29096 7893
5934 9769 73446 3620
818 8510 68598 12056
3621 3828 65665 14599
2808 7847 44861 5677
9880 5466 61474 17576
6250 3614 85266 5153
5661 9587 84098 2443
7469 6030 4383 1326
4675 8058 27561 18376
1866 3374 80621 19478
5679 7128 48351 6677
8674 2617 96704 12458
9311 6129 54058 12919
1337 9886 44383 19242
9378 1886 82722 9478
1949 4654 82277 18943
8556 760 92876 1467
1254 3969 98204 16210
7525 1817 58199 5535
1 6357 12626 13893
4159 6848 30636 10603
2242 4431 91880 8647
5129 3090 50279 1791
5146 5925 5903 15737
9394 4268 26787 10793
9338 8677 16413 12008
6337 4881 78469 534
1804 8737 24710 16289
675 8899 52784 12458
3478 7078 64942 1216
9154 5716 77594 104
9600 2285 75261 18167
718 8828 24239 19703
5692 7906 90796 10310
9236 3686 92964 14384
2165 4377 75325 11441
9760 3562 33111 12613
6352 1737 39256 19952
9932 904 61690 4121
2904 5457 33150 3455
849 7788 75392 5590
7598 5160 14513 13195
3300 9610 41279 11066
2011 8797 36821 3022
1115 7908 41170 17667
2304 7342 47027 299
9019 4478 9643 19951
1564 1158 37944 13755
196 4 8195 16903
7445 8552 27941 4287
2319 2725 44679 7960
6231 1241 23138 897
9275 8229 36856 9235
24 8295 28105 19482
7879 6000 20710 13728
9561 3306 46181 16724
8393 5691 41697 11478
6075 2163 26230 3923
3526 9928 99996 12490
2529 3432 86874 902
5232 4181 76845 9449
9735 3176 3900 18595
2753 3424 9560 17164
8106 7912 87816 1756
8104 9054 26095 10654
7506 6881 1112 12079
4872 713 48326 13370
3163 9934 1078 4332
2344 1663 47596 12261
7788 8953 80305 19526
4606 6415 70828 13564
3601 4556 31109 13238
1901 8523 39432 8673
2728 8813 41946 8265
1600 6041 59858 19143
3000 8911 5780 1974
8841 7037 41704 9095
8681 1951 22097 18543
4956 6297 80507 1934
5891 1048 99299 7234
4002 1301 86875 12066
9211 6258 63862 13932
8891 9398 90321 15650
6604 137 75679 3364
6107 47 91339 3632
6871 5191 87052 3001
6957 8707 49431 12348
5671 5998 50604 4875
9890 116 78149 2318
2472 4188 59069 1315
725 1356 5184 17164
7252 2572 35749 9221
6329 6533 62260 5006
6482 6987 52638 4685
7676 7431 60099 12787
4635 3419 97040 14062
5922 457 28451 17593
8478 4915 44527 14678
8122 9083 23623 15300
6069 3188 1343 12416
3818 2575 72227 4812
5688 6731 37468 15981
8758 9825 49101 9974
9108 5961 66153 13939
7181 7712 64088 19309
952 6801 63058 13189
232 3814 40196 18794
1981 5255 72880 11669
2824 2431 58735 12029
995 714 25375 11174
8125 688 19680 11007
5397 5516 75279 16627
3020 1245 43072 12568
4282 752 65795 8345
5084 5343 63840 12354
950 3995 27862 5633
644 5236 95595 15717
1179 5618 4414 17143
7991 6716 83502 11834
1530 5286 52636 541
8681 276 31661 17515
6304 5390 65666 17539
1586 1542 85496 12124
3029 1664 53551 4530
5727 108 25389 6854
8142 8540 6162 585
3600 4385 34315 7438
3728 6347 93332 5369
7052 59 36125 11510
3591 4912 84453 15405
8870 7351 16004 13907
8722 1475 85899 14015
2728 9512 85914 12933
7487 1965 72041 3251
2385 9424 40522 17552
1603 3782 37835 16234
887 4881 31176 8299
1501 1026 47200 10511
7579 466 92649 3547
8643 8699 93074 5219
1422 1879 8684 4723
5833 4273 4201 9552
866 3061 75506 8174
5579 8514 74278 3157
3698 8289 18786 19283
241 747 69463 5328
1164 2396 52632 17226
1317 3829 38907 2509
7490 7176 16797 16348
9722 7662 41684 4851
2597 6551 23424 4306
2733 3919 26322 6350
9755 7726 77311 4630
4819 527 29776 2201
2395 2891 12136 14625
7272 1062 85534 3933
8339 4805 72641 3458
4523 4571 71723 19645
4912 6053 71223 16163
2546 1218 55175 95
5983 2048 83884 19445
1005 5310 32006 9822
1038 7924 65836 9464
8703 2987 52552 13765
585 8049 174 13447
6389 1785 36272 16339
8838 4937 24949 3686
6083 3998 81395 14797
8484 7289 73692 222
9038 9199 39481 14991
5687 9497 36921 3187
8248 8102 29513 4439
5787 1725 50258 12106
1458 1680 64794 15561
7052 3926 68910 5949
7452 7456 9936 3247
5636 6218 50142 4140
1350 9896 71687 1537
6560 1987 84751 10258
3935 5896 67349 3615
7291 6749 16701 5387
3939 9033 85446 5805
2825 3768 35483 18114
5223 9614 24296 19979
4170 2949 16971 13191
8944 5140 16449 4153
5418 2532 80692 13625
6820 4262 76292 7814
4708 8007 56809 11054
26 7796 69360 9569
8988 4914 83893 12082
2048 1470 22159 18243
7466 6392 73136 19594
6229 519 65117 12340
7295 3605 69894 428
8003 3890 4156 16109
297 1678 61516 16483
9967 3569 77210 12533
2812 2857 30298 7779
232 2919 48902 6372
5964 7532 36255 15013
2706 9000 40968 16135
6735 1776 81143 19987
664 6736 19415 9067
8001 4080 31731 14914
98 8108 93354 19535
1037 9969 42872 13514
3972 286 80377 19253
7914 8054 85328 15867
3443 7104 61843 5838
1617 5357 97134 1978
1756 5597 37875 367
4258 2832 68224 13606
7845 6864 28195 1450
1845 1181 35011 9445
4863 4920 34231 6317
6557 6698 58010 18149
6760 123 16429 10113
6174 1280 31444 19703
6448 4662 99653 15718
6693 9865 93020 11498
6294 5606 42405 1957
5465 1771 4989 16126
1822 1062 98604 13686
8784 7466 20369 8801
9598 2656 80995 2175
2062 7353 82657 8362
9209 5123 8618 5286
5041 4989 31137 14110
4559 9436 6676 7560
8321 2330 91774 15163
5474 4084 38306 12551
2302 4514 86726 14596
8155 5097 62657 18259
8486 4014 49310 10447
3073 4603 39507 13011
5330 6895 67998 19067
3730 262 68523 15407
5233 5451 96075 4334
6682 1741 4282 13513
3569 1886 6424 18128
5410 4246 53992 2725
6912 1642 34488 10799
7305 734 24589 14637
5863 1598 39646 13402
6452 6983 89406 7045
6792 8062 3859 10326
646 1604 42591 17011
889 8408 20934 8280
3288 9313 45761 16411
1604 8998 15417 10695
7921 3213 81653 16528
13 7747 59913 8749
3800 7285 13111 10003
7587 7070 17846 597
1286 7203 58231 5088
8278 2515 9742 3088
563 5636 778 67
3705 470 44733 6043
9208 3766 4537 5837
8833 841 85124 8539
7833 4389 98563 17538
210 5767 6811 11328
1159 9081 92519 15427
1052 2693 54981 15110
4215 7193 64431 10482
4515 9263 35536 8838
1381 943 67403 8618
9229 5767 58976 12870
2067 4438 800 17127
6322 736 8572 4431
4097 2730 43876 2220
8548 9169 30530 18535
2641 4539 72012 11436
7418 2503 39118 4273
3888 4310 45648 9185
5834 5651 17698 7544
3877 4316 71838 10131
9186 6838 40316 12314
6905 5099 83149 3564
3617 8350 62155 16570
3884 774 16106 12697
3477 4773 56721 17746
8787 7317 30068 4732
9130 5725 86540 7988
5262 7190 59146 3465
494 9230 6187 163
6989 5888 64515 18112
7921 8664 50495 13739
1642 6014 26476 1369
8780 7264 97386 17062
2413 318 81482 1408
8868 6517 94730 6405
7805 8453 15758 16294
1830 2111 94678 17796
4576 3692 6796 12581
7594 1409 10940 4904
6651 6807 67582 15820
3973 5211 4488 11930
8902 3457 2336 8199
4000 5865 60545 13548
3105 7210 94615 11936
8281 6579 34643 6513
143 3665 87718 3582
9051 1179 19892 13971
3846 1169 73350 16763
8976 118 75555 13721
6990 1104 45405 15054
6263 4336 65952 7731
2049 8785 47955 7999
7237 7206 70492 10355
1893 21 12859 6982
6741 1449 86171 17396
247 8724 30716 11966
1049 9981 25636 11577
8394 6620 15185 7310
12 6112 83286 1924
8378 5789 42048 16644
50 7365 27495 18561
3582 6459 70212 15551
890 1560 86517 5848
7456 723 94126 7834
9724 8777 60637 10975
6606 4012 35743 2848
7919 4799 66713 12006
784 8597 42435 2668
3117 4618 73125 2842
9819 1881 44945 18141
8342 5615 91399 8560
5204 4524 51626 6395
5056 5069 38389 894
7905 1081 11947 9227
7434 4052 34974 6855
7853 8728 18719 4369
1978 9331 14690 11274
4737 6112 54157 12333
901 545 75650 19449
6639 2474 18345 10309
2198 7511 61808 10199
2720 5616 98936 4918
3287 7249 60749 19893
6496 8928 13727 2848
1554 4936 64787 4320
5230 2688 58109 17264
7772 7807 32991 7990
9724 5467 82112 18261
9669 8970 80238 2955
2308 8351 74077 5287
5631 9814 62138 15811
7845 4117 35877 6082
4115 670 25790 799
5167 6486 6638 13119
1756 7097 61869 7860
272 4220 76457 9786
5647 5698 24754 3810
6100 7611 64620 19512
942 2616 44033 9502
1879 5880 14220 17147
1750 9346 83891 5099
9303 4604 41884 7065
7805 4468 84827 18309
4591 2426 63243 10355
7875 7986 39052 11292
7094 8378 59970 199
8402 9197 11123 7923
2121 1020 98197 14964
6765 194 74780 5781
7840 6674 60663 17369
3422 3123 72226 2357
6991 3311 41119 13972
6127 1188 95797 401
5534 1873 51813 4083
1778 999 79984 7847
3973 2260 563 4152
2332 1651 83425 10689
31 4471 36709 3072
6833 8838 36440 5104
3592 5925 42922 415
8393 3501 3310 8317
2582 3173 44805 5364
4969 2766 62257 19757
9281 3803 50303 7230
3300 6234 44978 7518
9416 9533 29427 19823
4983 324 46898 39
7197 8845 47135 3029
9158 911 73080 4325
1421 1372 81914 3365
8266 8666 35737 9241
1771 9982 30013 17274
2224 1661 33403 15513
9648 7170 17857 11013
2475 3619 16015 8945
4354 3812 1091 16787
9418 7768 98806 504
1047 4308 38130 19767
2397 7152 6163 6288
7230 9569 13299 19284
8159 9985 85381 5937
5965 8068 27677 6642
832 5760 28524 8997
8882 9280 94005 12205
7186 6324 77105 3937
559 1651 73581 16981
1127 833 58862 423
7452 3001 44657 19886
3842 6037 70840 4542
4256 4570 59398 17937
1267 8288 27666 10433
5028 2835 52241 14961
5882 189 66153 6025
9358 3677 79446 6112
2036 5485 46671 7243
5877 2964 93462 16099
3117 4581 74369 10039
1865 5276 8133 7904
2587 1476 20052 2822
6719 8877 81793 5171
7217 3364 11165 7273
4712 2554 43267 13445
6124 4863 44929 14306
6153 6341 20237 12844
4881 8324 2778 4080
9584 8506 77413 6244
2110 3781 45604 14438
6837 4775 15479 6102
2800 4118 67074 2870
3988 7792 79322 16525
5102 7720 13681 6300
2186 6743 71377 9643
3682 3652 93039 5652
5607 919 63798 18585
9054 1868 51342 7230
1661 6173 98086 3391
8300 8985 36210 11629
3444 795 98730 13760
7192 9495 53280 3471
2963 9175 97178 18530
5651 7378 74591 15558
6746 4216 79022 9637
3583 9732 88767 10137
5581 3044 18475 9743
6792 7970 22409 1467
8150 4296 4394 15906
9033 6954 83899 3709
307 9824 78024 12244
3742 9354 60775 15248
5063 7579 8529 12279
8390 9937 33297 4624
148 6442 44476 14483
4302 9309 26814 15910
3321 187 73805 14631
7795 5247 43399 8030
2919 3281 33966 19843
5358 7998 47912 6326
5120 9268 87972 2766
2781 2427 62654 6830
2034 7459 93470 18011
134 9901 41364 6536
9585 1048 88649 10475
4901 5458 33611 8124
6251 6389 99489 5376
3442 3496 28088 19696
5459 7206 93653 8050
1650 770 8431 16719
9791 2844 64566 16341
679 4864 98970 11864
1022 694 41050 8744
3221 287 51476 2739
2905 2690 41470 6069
8849 7257 45749 16026
5789 440 36119 9795
5822 3853 25993 7843
2473 7774 31625 12892
7113 3638 3673 7118
1631 9622 17759 14755
5266 1238 633 6005
4150 8942 62439 18215
5666 463 63771 3077
8189 1415 37516 19879
290 5442 60598 8298
228 8688 12215 10039
1621 386 66242 10992
6406 3199 82753 19176
6448 6497 75025 10944
549 7929 39582 16341
2543 732 42127 13097
6138 2579 27368 17828
1820 9927 95897 14401
9934 8817 13692 14867
7913 1864 76098 10307
5648 5303 86900 2940
2729 524 14899 1841
5835 4805 95149 5545
7189 4350 47424 10248
2998 1004 12887 12778
8469 1342 3532 6165
8627 229 19599 9811
3608 8210 47743 9260
6404 2395 39770 174
5062 6306 7655 16578
3768 2374 53294 16104
5435 2846 22501 2524
2647 7274 90848 11484
9214 770 78387 4181
9548 4414 30080 14691
7927 9464 61478 7161
3594 3271 33850 7710
3285 8929 59732 3262
4887 4250 97519 13440
8069 1692 88121 15605
3620 5808 32 12104
1406 1381 63761 9341
7997 3777 60832 19553
375 7549 14799 10316
3166 1363 60034 7317
1327 4641 62029 16342
1357 8123 12987 19779
6276 3250 41651 582
2506 9289 72967 12356
7647 2217 2631 18134
1652 1765 22442 5181
1938 4593 1938 11349
7747 102 17536 12426
8111 1820 18903 2674
4523 2094 59805 19126
4544 5333 63851 17839
4122 9782 91648 16944
2880 7749 72656 18229
1564 7507 88975 13086
1789 8437 37884 17349
8035 6431 7617 17616
1381 7975 62447 10620
6682 5804 55592 12708
2608 4578 37025 15055
7397 8538 50979 2483
1194 1995 44288 5193
8909 5550 20842 8930
3535 703 87938 12100
7889 7501 38348 4724
4298 5463 85024 10128
7427 8790 30338 6091
7849 8612 98263 7344
6002 8227 67316 994
9895 3947 53652 16014
9694 3321 91773 17465
7827 691 45104 2897
8018 6704 53281 1335
7456 8754 40036 15708
2261 7323 62134 4084
4009 7644 32025 14394
3518 1034 48698 7094
7976 7593 67399 16553
9716 4343 5314 569
1571 9703 49700 7405
7726 4025 9472 378
9319 5036 25482 3807
2501 441 24768 18316
3340 5476 65015 5941
789 8023 89473 18544
9079 3871 66639 5679
2817 6805 40477 15456
5057 2192 29952 10694
2799 3509 95142 9403
4196 7514 88925 18306
8103 3729 39651 4594
1288 6488 95377 9398
9233 9861 15151 679
4970 8674 26711 17142
7397 6882 57066 7969
9053 1405 99853 1830
9060 6954 30645 2072
4744 6192 96166 18296
1595 2940 91479 10393
2970 6989 68710 11563
9163 4634 65524 12507
9003 8272 18158 12146
6499 3950 46032 3973
2281 3477 90896 5414
3213 6808 75347 1107
4153 9685 97210 9506
3112 2291 94430 10374
5491 2446 67071 5124
5516 1114 95955 7501
5013 7205 59866 18522
2663 2078 50492 11557
376 5653 63516 16803
4769 4805 75762 19731
5864 4072 61333 11224
4119 1011 95316 12256
9031 2045 63032 14768
6210 36 95358 10743
898 2890 66114 3764
9911 6631 45869 2838
3115 152 94216 9654
5121 5561 10103 2707
1126 4541 11220 653
5134 1119 63369 11899
5723 8677 1472 13883
2256 4274 81946 11790
6365 712 22034 8429
6355 6895 50687 10763
2254 6703 35618 9545
3491 9490 60533 7050
7767 585 3754 9432
4613 5900 4743 9472
3945 4674 93346 9911
5203 9534 71592 15943
1113 4754 94860 4567
4499 685 17464 4042
7507 3624 69075 14775
4734 2657 52093 14906
2799 3567 4159 8584
8270 2263 68530 11389
8476 3832 84835 18148
228 8737 14212 3683
9540 6287 22522 16791
982 9283 67778 5020
1943 4724 1327 1303
4217 7463 44957 12091
3805 1523 32291 12295
7415 6874 52820 18356
1838 5588 79394 10518
5848 2109 2268 9694
3126 1023 85632 16772
4108 38 18353 14489
3974 9493 44690 6370
2656 8460 43333 9292
5489 7662 19058 4759
2149 8535 47768 4803
8347 5362 61302 5670
8377 8032 42007 11400
4910 2251 91113 5403
4475 5546 76972 302
5575 6060 14369 3180
9828 7103 88396 14470
3250 9133 66945 778
3873 6547 2763 16071
1031 2424 39878 7033
2784 8406 9048 18249
760 2261 32380 17510
9235 8123 73623 12078
6684 1335 69430 4385
3747 7363 44641 13645
2138 4591 4292 13729
7798 851 1310 548
5697 8125 95662 15896
5838 2163 69236 5616
1856 4586 84915 10825
7760 4742 8082 10809
6485 8549 70448 8032
7233 4900 61103 8224
5908 5913 67820 11142
3841 1864 43188 13289
5755 4267 79646 6793
1344 1513 78255 980
68 9606 84560 3265
860 7695 40321 5335
5145 8628 47783 12704
3211 3377 42414 10488
8062 3271 85616 7042
3277 5092 46385 9987
5142 564 75926 10613
638 5885 13598 16671
5804 8334 29136 6242
9015 7704 98865 17346
5118 7922 94977 13038
8924 1052 27785 19455
5944 8866 68306 13779
4831 3732 10196 18391
5293 6627 44841 6201
7875 6774 83177 3851
2327 6193 43104 19112
6563 854 17989 16252
4532 5598 14492 15996
1124 2436 68097 7930
9143 8622 71558 7509
4625 707 42429 11653
2497 8169 43625 9360
5150 124 18835 13414
9212 5611 48520 5755
5102 1166 21292 14671
7716 425 82559 1045
1635 6088 79541 17859
5208 5222 56650 10940
6697 8313 47035 9989
6185 6466 73999 694
9290 7508 42275 2326
8119 7087 86514 2952
1367 5046 59301 460
9901 3437 18204 14843
6268 3887 62306 18168
7516 3302 19102 6417
7654 1590 20307 7031
1471 15 24610 8726
392 7442 4407 6541
8080 5469 18752 3306
3504 6492 68129 12391
3426 9011 84524 4645
5340 9471 36195 17438
8430 7809 95033 15156
104 7636 13635 13760
709 1878 38245 16500
8713 1327 64503 11349
9492 288 89963 5344
8517 926 64430 628
3051 1377 36830 18048
8123 4557 41334 12838
639 5274 37267 10285
2915 9380 81091 18215
4402 7773 35826 5453
3574 3443 46864 2120
6866 3021 69887 9590
4754 6762 78866 15618
4839 6198 63624 5409
8267 5002 92670 7537
4869 6903 7618 4824
9225 3216 98010 316
2470 4500 36181 155
306 2133 23504 10413
1915 7884 11132 13725
1187 131 52535 435
1599 7178 19013 12769
8619 2179 67212 9257
5635 9973 49394 16869
3630 8143 40380 12053
3296 3225 64069 15856
7949 7467 79978 11364
5707 3866 22238 7238
1218 4399 7399 7064
4565 495 74203 8295
2185 3770 38845 9192
3869 4728 14724 5824
9563 2396 4044 13620
2382 8298 36818 1155
9800 4093 89690 1893
8363 5073 3291 18655
4799 5929 26894 13851
834 3705 31871 3087
3318 6586 96968 2960
1997 4116 82850 6480
227 8840 65148 9507
7871 5246 2253 13448
3711 495 12776 6032
3932 2657 7850 8385
2621 1608 81694 11541
5585 9688 85581 6535
442 1977 66280 17324
614 5633 59746 7942
8211 3429 37821 13609
7820 9809 61925 15456
4668 7432 2409 1952
6810 7363 31085 9586
5974 9438 58562 10045
6687 8093 25707 2910
9722 6800 90222 14041
4976 7298 15753 337
8721 514 50445 12295
9802 5091 49016 16905
5608 5186 76858 6778
3155 9007 42890 13428
9157 719 7443 4399
5227 7196 80931 13622
4573 6402 10849 5339
2467 3696 72964 3849
2343 3722 79538 182
3525 6590 55013 14994
6966 8536 85836 9856
9152 210 53650 16946
9904 4669 32295 18476
3639 6468 78605 14475
9445 1619 81435 9795
8779 9118 94757 17274
7017 2544 14728 17707
1141 5499 34631 3577
5164 8703 97784 4491
3118 3030 40474 3612
5662 7406 70071 11668
173 3650 51571 17613
3494 569 37889 3021
1903 3933 4132 17
3330 3071 90785 19418
480 2666 63478 9400
9801 9868 18122 12400
3247 5449 95419 17139
6577 7366 80028 1678
3891 6187 12147 12411
1346 7595 80873 7859
7735 3416 79883 16415
3293 2633 88544 19666
1530 9952 37470 12914
2066 454 57860 2365
3043 180 48055 15666
2041 2783 17262 5453
1525 9619 12229 19738
5931 3808 565 16102
4147 6556 79588 16435
9807 5955 86953 11334
986 886 65313 3076
2028 2560 36821 13334
7627 585 81785 1442
484 5742 79495 10978
362 3713 28165 5386
2195 2030 24491 18471
267 9471 92804 4700
4580 2377 65837 4189
9534 6436 93154 3883
2253 8319 90273 12182
5322 8458 82709 2215
4364 6200 80861 10151
4247 8877 33003 15306
2239 7091 23966 15905
48 6285 33653 19902
2464 9107 79554 14053
7737 6052 19618 12168
589 9835 39010 10149
8033 1095 17587 733
8878 9930 87149 7970
3249 203 36775 15987
993 5473 66386 15658
191 6094 28026 12429
3436 2526 27918 19858
4716 8172 27139 11962
3330 6791 77632 9840
1863 1907 30579 1105
8920 8980 48966 410
5692 3907 36231 19357
6948 6205 96007 1518
8954 606 16692 13155
9900 9926 5781 8022
6313 6411 69726 19631
2417 2013 75471 7734
1572 501 73954 14367
8899 6702 84134 12586
4337 3450 45878 5493
4388 9127 48286 2745
8079 5824 71173 12302
9162 2218 54549 16958
2394 1299 64544 593
9109 6734 28305 10493
4264 9114 70000 18701
3971 8863 31209 9701
9518 9036 71994 18026
3035 795 30298 16087
2677 942 70275 1645
4800 5054 70913 19680
87 1681 75988 9460
9266 2465 81618 11796
9299 8393 72237 19057
7489 3691 61540 13779
3337 7345 61247 14847
4168 4719 72711 11593
5835 9469 8845 4864
8751 4737 30797 14878
8588 675 96120 18316
8840 1095 52672 8975
8480 6935 1066 17776
3489 3714 45274 13027
372 8996 36675 13597
182 3944 76510 17840
6306 6162 91553 6731
2023 2863 2915 2154
1576 2797 7088 9607
8546 2404 47873 4772
1302 2815 81695 9192
6061 6498 513 7831
9383 6174 76239 7254
9065 6032 2616 11414
9994 4284 70125 10391
2018 2386 55884 11495
4350 7215 40890 15165
5004 997 62575 5931
8028 9704 52327 8232
6447 639 23713 3471
8371 1583 83116 11064
6620 5995 84928 16037
3730 2767 5327 13031
1547 7147 48390 16019
7205 1936 15398 1448
2536 4173 90509 9480
2420 3083 90413 18482
7477 1625 900 5616
4074 6115 44693 3356
5150 5382 85196 14600
940 1875 77938 12573
5456 7125 65095 688
8432 4055 44692 9658
5891 845 92297 19683
9675 7932 65556 5538
7413 1 72430 16189
8385 1722 24016 7408
7849 3561 86224 15790
7140 8170 95449 10724
4427 6281 66081 3079
8938 9849 27624 7949
2177 680 73251 8118
8538 809 21772 19955
4182 8601 93347 11782
1099 4936 64246 16276
6363 9160 9581 18606
3614 7538 69371 441
958 360 56375 15727
1880 1306 937 537
9687 8216 29490 5276
2458 7272 36630 17347
1607 4274 36976 1430
2567 1814 45594 8552
1510 29 30485 19054
5836 7106 83077 2798
6417 6515 71375 9802
6120 5684 74956 2877
2585 4888 57855 4244
3788 2248 96977 17308
3364 5223 83871 16497
1222 467 65551 12229
4486 168 40376 19540
3698 8792 73247 17149
6149 1747 12146 3345
6785 8932 64043 10724
3914 6912 91406 11898
6429 2808 87676 4267
7204 743 63222 645
5766 3249 51685 11146
7376 714 91502 3373
8604 6645 47384 15877
4914 3678 95792 10338
4844 9875 54395 7762
6395 4761 28708 9062
3488 5500 86912 12465
1802 9568 74227 2271
7495 6288 81847 17217
3352 2159 8670 16219
3455 1791 89310 17490
8854 8503 76008 3654
4320 6406 5645 11404
5140 6903 29397 16120
4179 6626 86107 10321
9186 2795 14380 11620
2899 5979 59735 10484
5359 4520 7805 10964
9009 8677 72151 10957
5678 5038 24038 4668
6445 1824 82000 11371
4649 9172 77033 9761
48 1042 67807 18907
4794 9130 81644 14917
5534 7054 70738 8417
6763 3831 32469 18250
3307 9087 47637 11634
7623 6400 78766 14633
2632 3025 64064 5449
3722 9511 26717 12606
898 386 21623 11517
2411 9618 31672 14729
224 635 38181 3085
6523 4945 67706 14557
5512 5664 53999 2672
5675 8373 56224 10976
5927 9757 83314 19995
1532 8787 41173 9961
1858 4757 74161 19203
2598 3793 35092 12173
554 2681 71470 15143
8259 3595 37008 13634
2751 7254 59807 10090
8848 9679 92281 9553
2091 2157 62374 8246
6922 8222 92132 4773
7997 7587 854 14892
16 7755 91256 18101
2307 3420 45653 4730
7510 6507 53831 1711
7551 8567 35203 17574
8958 4163 93528 10132
5233 2728 58369 10005
7722 8473 56703 18816
9883 1898 55610 974
731 2833 53765 470
9298 2451 37686 3373
7880 6156 63561 16255
7148 4396 82998 11928
3714 2600 89880 8234
5249 5278 13920 18998
7553 2353 19179 9646
5405 8230 57745 7811
6868 627 99533 4751
5677 4018 72401 19874
1047 7605 18614 9923
7770 8854 86543 5196
1804 3875 13849 2053
1856 8612 87568 15837
371 8623 90980 14711
5785 410 25616 13995
732 2653 80319 964
7410 4858 19357 8946
6447 8303 31566 2697
3825 9791 37941 19030
1872 1897 12264 15512
1976 3293 66485 19722
7839 2362 9709 12343
5889 6966 44147 12295
9041 5718 80191 14568
6754 1930 78134 7974
7659 1749 84774 11988
440 3246 69022 5553
6493 8258 5678 7789
315 2962 35885 5793
7047 3584 16178 13643
559 8854 27276 12942
2781 1975 79855 18197
8396 2507 60919 5101
2557 42 49416 6889
5627 8817 17937 2746
3890 1178 86787 5363
2487 2506 63987 19245
2550 154 58266 4383
5673 2102 55430 19646
7328 742 70073 17879
7050 9908 80035 2111
8634 1256 83682 12085
8201 4702 98270 7106
4472 4882 69040 2236
5998 5644 89311 7230
5292 5172 27007 14000
3671 2512 59819 16603
8397 9318 41020 11540
9204 9149 10471 1778
8817 2812 15718 14845
8631 9262 50467 3843
8474 2105 89179 17015
2621 9828 67495 14042
7823 5091 18376 8982
1208 9866 76378 19406
1085 4240 25954 1639
9975 1678 13912 3278
9477 5034 16803 10221
120 1501 27621 5152
5389 7505 92305 11410
5098 4164 13468 19003
6844 1937 77043 14713
1974 8616 70462 4682
9008 9715 5520 278
866 6086 25318 6423
7750 9425 58467 7912
174 9236 83240 14881
44 4021 36723 3052
7417 7286 23074 15053
6670 278 43577 18119
9834 675 32509 16604
5530 3836 78072 11260
8527 395 59980 3806
410 1343 81777 11164
1461 4556 41945 14498
9788 906 24592 14389
7984 8644 9040 18790
2080 4059 44303 2373
1816 6847 77693 13346
864 680 13022 12744
1799 7566 56911 4808
7031 8017 7858 1326
6762 6421 46796 4614
8404 5391 29604 14980
9858 6183 50497 969
4974 7313 18026 19962
5706 783 57039 16839
3207 3356 80593 1190
746 9130 31265 16749
9044 5275 94227 7644
569 9870 40608 12209
1348 3268 48005 9872
7709 5289 21808 5606
8294 5529 92158 3984
7343 553 5523 18080
4043 5659 75129 12294
2593 5854 23826 19090
8872 2257 81648 12063
5301 9598 90968 3965
1790 1215 1662 2328
1071 9865 14171 7328
7611 602 10228 8565
7406 4159 37880 3925
2385 8049 54596 2610
4063 4911 85094 6639
7176 909 75950 4795
3876 32 62867 616
812 4633 87420 2490
518 4705 3424 13285
7718 9193 24936 5520
9302 5750 16433 4097
1804 3384 16215 14616
7797 344 49358 3304
8274 3896 27017 11828
6534 3550 97909 7981
9544 8679 13101 1917
8886 8332 68603 18743
5147 6346 12854 9667
7612 664 35364 15934
4940 556 94310 5473
6086 7861 18860 569
2929 4916 83169 1529
5568 8058 79666 15359
2922 1562 13112 14850
487 3008 97565 6748
5306 2492 82075 15454
3242 8022 3990 13929
2782 3065 28851 16608
3113 7639 92728 10848
1878 3866 41187 19598
2333 9271 84361 2994
7106 9171 73021 19529
6314 3835 93618 7499
3337 3826 9186 15074
3267 730 80500 3189
1312 5613 56154 374
8520 3177 38406 10578
656 2137 82905 4688
6095 437 87712 13469
1326 4552 85414 15683
4141 6310 59734 2093
9836 8143 65648 17123
1941 5745 97492 3231
2526 7986 26327 278
4275 2851 47699 1454
953 2164 57773 15507
1950 9607 8492 19817
2321 5604 36328 11673
9640 2569 11717 10432
7461 621 16886 3166
8893 8310 86104 18488
7457 4842 89208 17486
4922 115 67880 1121
4604 8304 53145 12397
7344 3310 29915 4148
522 6410 56518 7103
2389 1450 27843 11461
9735 2298 60484 333
4762 6705 93834 8710
2922 5856 27851 1127
8360 5083 23767 8924
8836 4140 64478 4391
1114 184 27736 10286
6081 2269 96865 154
4017 1536 96054 4478
1989 1136 14099 4673
5342 2466 62053 16589
3320 6063 45020 748
9064 169 67807 15444
4978 8544 48916 10895
2233 765 62830 10271
6217 9429 675 13314
3158 7421 14207 13150
195 5200 27944 3232
9168 8189 40292 1713
3826 8876 48053 15951
268 5291 19749 5486
5158 3520 71701 6456
7668 673 7010 11587
3187 5972 38491 638
273 7045 96300 8373
6713 1843 63475 11898
2495 3734 49688 1029
8014 6231 37679 13333
7462 7487 13304 17225
687 6490 63251 1041
7506 9368 34190 5483
4229 5132 20665 17042
9633 3847 13661 3607
9067 8220 16147 18389
8222 6166 64987 10633
2607 6493 52645 6385
4940 5249 26901 3848
9352 7456 29354 5658
1726 6501 55708 2787
6577 2080 24692 8424
9072 5237 24091 14198
2874 8331 40264 7454
8615 5499 43688 810
4198 5997 73704 3828
6224 4597 10911 5209
1511 580 18335 11492
3375 6160 82442 5269
825 954 54003 19610
5715 9432 99899 5892
166 776 97531 4441
5771 7703 30396 16403
8040 319 30036 10941
4663 2424 88742 9085
3466 939 11875 3188
2571 4581 55192 3769
513 4021 36074 14122
5661 5753 60091 19390
1471 8399 7876 11700
5633 4755 1508 5438
1205 7808 12022 3483
8428 5273 18838 16520
9022 8883 67767 15485
2294 5600 43591 2951
5109 4706 94657 12878
2675 2658 85560 6723
8093 9411 65403 12380
3136 8971 75273 18611
6442 3226 79844 113
6121 2380 4078 9177
7339 616 59060 5983
7485 912 93497 14275
8752 6819 28949 5426
8728 7612 32192 9671
3677 7193 25597 17282
6935 1133 50858 10798
8866 1833 33264 10976
5559 8461 30380 15038
2930 7162 29393 9695
7168 248 68262 15951
5696 188 36915 19456
1872 398 39739 18223
6247 8371 13530 7633
1359 5257 21252 12988
4860 6910 11623 8697
8004 6676 68957 18557
6887 1697 67653 9627
545 3826 48656 16564
3073 7770 3046 4659
1019 380 90150 7077
3813 3070 3351 6907
2468 5137 91901 15127
2501 1828 78684 16113
4107 7558 62683 2091
101 3844 23331 13578
9865 2520 94286 19762
47 1215 56700 11192
6406 6779 29778 17132
1189 5284 28663 8936
2602 8419 95154 12882
8533 4546 43645 3697
5850 1196 63850 3230
9102 7163 98457 14386
5420 6590 65614 18292
4400 9465 56539 12818
4899 3644 16711 1354
7810 8215 72972 16502
3826 6832 6504 1755
4808 6434 77881 1369
9732 7973 81866 14885
9209 3600 71674 170
9806 5777 33993 17181
5547 1436 21679 9425
8768 3491 68788 8132
265 9571 58027 5771
1694 370 62590 6511
4368 5794 4813 7358
8739 1730 37457 5234
2543 5042 45260 12033
1253 2692 70069 8389
2293 2960 38259 18214
1629 9469 54203 461
3759 9230 12037 15137
3432 3601 11719 12256
5256 9304 52075 17516
3778 3371 75135 12659
8934 9978 37179 382
8617 7202 14666 14465
7307 5130 2244 17440
1980 9979 41160 18763
9209 2533 60608 14435
8708 5584 2681 14401
8179 6615 6238 19745
3856 3593 16724 12893
4276 4186 1706 10488
172 5936 77304 15479
3565 4793 50188 12668
3328 186 58377 5370
5616 8652 92983 13339
6698 5226 69577 3587
9914 5523 41665 8122
9725 9995 93558 1001
1107 5743 31888 7710
6026 8372 66316 13370
1378 9124 23277 5900
1947 2236 38453 10771
4124 1143 90132 14890
9901 9508 13610 4227
2182 3632 37524 13429
218 9200 23325 8820
3722 5994 14949 5282
5763 136 76165 6322
100 9638 54207 17248
8584 4939 59812 13793
2025 2134 6585 2041
5160 4840 84240 18231
7478 7198 22625 16326
6357 1978 96394 3203
3461 6081 9919 10278
5290 9362 97026 10733
4630 8023 37169 10556
3932 1401 30173 14181
8927 6092 51205 7253
1365 4487 19844 3608
3349 7033 54260 14406
2350 6065 74997 6044
4586 4951 66663 13527
854 3903 52446 18856
5971 8654 83233 9317
6055 3473 8643 12579
8371 7826 77184 10532
4634 1058 74179 8696
9270 7546 45940 17441
5103 3884 3580 4645
6240 8369 16700 13059
2290 6693 31649 17478
6085 1257 83940 7307
7123 2689 59164 1407
5029 1860 31975 13972
8114 883 91704 12604
1403 4880 4552 10701
7873 6218 61958 17571
5624 7653 7154 3295
3637 5115 8883 2300
91 896 34425 18993
8981 1789 10505 15560
4437 7720 69533 5443
7771 1663 59559 14350
5935 1698 54173 6188
3244 9106 45334 7154
3545 8477 66062 1128
6729 5482 15189 19481
3534 5245 35498 19751
2279 5815 7109 5672
226 3768 28909 9160
2244 8744 47234 17532
3541 5399 3928 589
9763 8013 51975 1226
6346 1564 40702 18757
8351 5498 1942 6561
1848 5700 55597 9359
4629 9239 43832 15800
2479 5095 75210 12725
1645 9809 45329 19038
4137 5726 64263 4122
4123 879 27313 2895
5215 806 74387 6597
7610 3839 52496 16737
3991 2601 14252 6283
6628 4674 70034 5015
3805 6907 44355 16848
4553 9988 66099 1246
511 2931 42303 8750
5063 7685 35888 16970
6877 237 23429 1427
6903 4357 19410 12290
54 4254 30756 14746
1867 2363 58697 12829
2086 1481 28989 310
3602 103 68052 9128
241 8141 30601 14271
1738 3184 18254 6158
3771 5303 14554 19758
8252 3562 27386 3523
641 3199 56391 65
5653 2882 26360 16079
28 9303 25129 2312
4598 7281 33055 16076
8183 9250 32384 12436
213 2477 60112 16265
3755 7283 44855 2
949 7029 27875 19087
3531 3124 54922 8975
3357 5080 16135 10763
2001 3000 31200 5091
7472 4736 17969 17229
3602 1186 84201 18719
2329 6529 41179 878
7604 3167 11744 19163
5813 9316 83790 18797
6715 9243 47178 5767
7850 826 13380 903
3747 9856 12526 1127
7172 5207 7482 13129
4948 9561 32255 3959
7217 5163 46383 4484
19 9983 733 13695
4136 3121 32039 19655
1882 275 67318 13154
2305 417 24518 9088
7184 742 95480 844
1079 5241 22290 1900
9644 5598 45960 13995
4428 1178 54464 2723
2345 3447 36763 8816
7413 7983 12655 13751
4692 4000 1139 13133
5795 1991 42534 19467
1701 1992 12501 8750
5325 7050 52721 7629
1791 8117 86653 231
8708 5152 26315 8856
1243 2238 18137 19994
6973 503 17050 16996
6486 1284 16032 2908
7516 9798 43907 15825
8668 855 73016 11935
1761 4293 30044 17135
60 736 96600 12743
1424 9363 82286 1131
8863 3113 10849 4306
6923 3267 98968 2805
8532 4888 28529 11108
7056 2523 90187 15774
1453 6104 10385 42
2136 682 21708 427
4764 5051 60890 1147
7485 2717 40826 5031
3446 495 13946 16738
7158 2189 77059 18022
526 3492 33380 10595
8651 3053 5539 5501
4990 4369 45391 2475
8093 9345 78670 13424
4969 5811 95877 14800
7885 9469 2892 12401
2012 9987 87258 3453
9207 9003 86738 645
8468 338 67435 8253
4528 9700 57282 19232
9386 7723 99237 14153
6721 2754 72992 10221
9030 4136 26303 5115
4920 7859 90299 5024
7481 6653 67877 6501
7429 1845 10405 4609
4994 3678 9702 15530
7304 5589 30 15090
2331 2900 85388 9041
3668 8588 28249 11291
2239 7537 95123 16053
4529 4339 74402 17640
1060 7013 20122 13045
1604 2018 74054 14990
8512 921 13971 10945
1940 2312 98627 15303
1922 1826 86876 17133
2910 3132 93220 19545
7233 4081 10990 1672
2524 1927 79083 673
6244 9551 84249 18355
9922 1756 8942 10961
9401 2333 67633 3391
7341 8440 76029 7803
3282 4266 37549 10439
5756 3885 7353 16218
2135 74 73439 9899
8220 279 81165 16761
799 8684 77379 9368
8036 4809 39912 14672
4857 8381 73532 9473
6037 2569 78466 3010
477 9519 72657 3594
8934 1565 9322 9937
9806 3558 80782 9825
986 4826 64926 14966
8990 7676 85207 19795
1445 1571 84324 15607
8887 904 40819 16023
7106 108 13825 13191
8124 1083 17746 4444
7139 4820 20343 18427
7225 6484 47785 11804
3263 1643 86179 10376
8106 3419 23032 144
417 9791 61800 14426
1692 7270 44436 11204
5411 4315 62627 12209
9859 3987 10810 9965
3127 4785 23582 8355
9131 7632 57330 17216
4595 8061 6950 7757
7488 6238 99025 6445
4375 465 21069 40
6398 7193 353 3257
1021 7239 25595 17905
827 5518 33796 11246
711 3653 9314 2770
379 8187 58929 15958
8985 6194 52156 6295
4809 2963 11010 10032
3209 6923 20187 13411
8916 8592 36929 1405
339 6343 89267 19779
9513 2548 55093 13759
6263 8662 63718 6124
1129 1868 69729 9865
94 3677 31934 18051
442 3057 61809 7159
7778 3251 55132 11837
3576 2765 44474 7796
182 9692 51396 13642
2113 6917 5654 495
8082 1045 4910 16886
811 802 45331 15478
914 3282 88296 14235
4198 97 6430 12930
6328 9927 82818 8543
826 554 12014 9385
3097 9739 37924 4415
1424 2719 22468 15217
8246 1645 2456 2290
1016 7258 55581 3375
5357 7924 68320 12988
8554 7744 13577 959
826 767 66347 13937
3211 8346 41761 14701
1170 8236 4639 3442
654 4562 12735 4639
8430 3776 26740 19536
1752 4778 89985 15606
7782 9902 17040 12015
1573 8763 69409 823
2262 9073 91724 10886
3528 3051 12563 17417
5978 9003 54672 7699
2240 9192 55309 1029
8783 3037 13907 11081
3696 9667 36404 6867
9322 1797 94291 15413
1073 7386 26516 4618
6701 5005 19716 5117
6470 4825 64218 2200
2964 39 73135 4145
3753 1258 57746 2732
2804 216 78833 4092
4898 5543 34513 7877
9625 7064 11768 16839
9384 2110 77737 13222
5543 1080 36612 6144
5830 5481 55766 7809
322 9063 45289 1239
8510 390 97919 5430
9385 948 91814 11608
4355 6437 81299 11050
2285 5796 47806 16266
7228 1500 57354 7406
9416 6164 39020 14437
145 9229 63983 9767
6061 9543 37527 14914
2007 6971 30658 17731
4086 6400 12991 906
4049 5407 18864 2323
408 4540 55731 11338
9224 2416 7486 19153
3880 2664 90720 10616
7496 3557 51726 1002
1400 2633 85806 18187
6207 7667 18528 736
8430 2893 17570 19330
1779 960 1659 15617
7533 7837 95464 7316
6989 3785 68023 11229
9206 7821 20631 8724
3190 8122 7980 11552
6784 8977 8247 19693
6662 9186 109 4549
8912 8697 86753 18333
6554 527 68022 7806
2787 8563 24821 11362
3289 1355 76336 1100
9433 8513 17349 608
102 1353 68679 18799
3607 2098 61310 8440
1598 6937 68076 14650
751 1050 51711 7491
7021 5028 6575 10017
4179 7947 8992 883
6285 4674 55545 18546
9120 179 91719 13980
3051 9643 65496 10167
7760 2445 34450 16613
5362 156 88361 3411
558 9868 89499 2224
7286 5564 49888 17892
766 700 56671 15498
9015 3365 74793 12015
8734 464 41911 18061
4882 873 36812 13295
663 9109 19556 12066
5814 4887 77732 5374
103 3907 54504 18994
97 2368 93469 18920
758 1715 83268 1428
2634 2008 73806 11739
4735 6108 50312 4946
4332 7203 55123 10068
2430 6304 13033 11419
4445 7386 18641 15044
8602 2160 26129 16169
6431 2814 97664 18175
2195 4195 78516 15757
5213 1278 52662 8794
9444 8526 48257 8900
2996 5987 49609 1064
1847 5584 98491 15388
5455 651 35575 6301
1273 6468 9969 4897
2941 6352 99902 2450
1454 9217 59234 12154
1749 2659 65249 14663
1064 1848 36930 11958
5158 4737 16815 10695
7910 9516 70258 4622
9634 4845 50484 16978
1068 4272 84122 7256
1914 9577 30970 7728
5596 9771 71250 4011
8957 7590 90563 10221
8706 6471 33463 19485
9250 3547 65147 14822
2525 1563 88475 1793
3032 1018 29106 9817
836 2675 81936 18738
2071 8808 91807 15755
9713 21 73275 5699
7486 7228 67760 9929
5477 9816 16586 6384
7911 6380 98757 8247
9894 4528 21902 7705
2475 6618 94067 5311
9 5231 57630 11827
3114 8533 66815 9565
6220 9060 42162 1589
6900 6773 74680 12311
2282 5553 69442 11479
7776 3004 20301 13097
1853 5559 43902 3526
5350 589 55820 15736
759 8788 5324 18898
4419 9778 59122 598
7960 8784 56825 14353
9999 5407 37083 12414
9490 7790 96925 164
8425 446 67077 12753
8424 9746 51335 9915
597 7722 84612 4835
9997 601 77828 19157
3942 1810 34478 793
2548 8522 40957 17327
9747 3996 11853 11477
2276 5052 76339 7087
3393 1309 58564 4779
2118 6392 1456 17033
2535 7093 70013 15097
8265 7468 77420 3311
6429 9608 49316 964
2732 7648 29439 8947
8866 5782 19924 11948
9917 3174 89169 6655
9067 3831 5067 9915
634 1228 99988 645
26 8237 93292 2637
5564 5937 52227 119
3191 2008 62268 420
4198 5068 78049 16825
7903 6889 95656 14128
7398 4874 8672 13873
5407 7326 89125 17285
6667 3379 48955 7099
193 307 19952 8281
8668 6163 45806 1266
2898 7772 84230 19120
724 556 60183 1696
8601 5567 98687 5305
1884 6135 72779 4610
2304 1057 80490 18036
163 86 39192 8623
6097 7476 28151 2545
8156 8358 74713 5121
3929 7970 85530 8338
1819 3786 23305 409
3555 8188 19208 17767
6524 5768 89646 171
7096 4573 90903 13755
4410 6375 46024 8883
3943 5729 78589 18647
9476 8452 17276 5045
3270 6714 98046 5663
6374 8767 69324 15069
2948 9641 95964 16961
9874 9856 75142 2030
7246 6300 48439 3747
91 6879 89829 11213
9982 2135 40014 14040
1439 1075 7513 7287
6829 9596 34142 8112
1283 7871 6843 16148
3650 9658 88869 10906
8000 7304 42546 832
7199 8835 99745 2813
399 6508 62926 17289
6321 5213 36118 1538
2091 4184 34282 10208
6823 3286 92707 11499
6134 4815 32613 14212
7069 5950 8746 8182
2587 8079 20284 17367
1097 5096 2971 11099
2716 6582 91514 17939
7347 7655 88468 4788
9871 9936 17884 3802
7131 4466 37007 2691
2295 7595 43915 12214
1790 8959 94042 3907
9685 4253 71952 9680
956 9997 96279 14296
4019 6546 72920 10253
901 1958 77135 3643
5085 9104 36138 8075
5690 8943 69003 17059
5949 924 66254 4948
2208 3650 75634 4396
3554 1121 11269 3297
1624 6240 58275 5904
5941 1788 23881 1775
4738 3475 29826 19448
8979 6652 94500 568
6201 9998 62114 6069
5789 1077 8135 14834
7115 1366 96363 6981
5437 1950 75851 8294
5964 5127 64017 5720
3123 6131 19767 17057
7754 2260 68021 19398
5931 9332 37421 6756
3648 6029 14108 14080
8409 5568 76198 17632
6711 3040 67493 19646
3819 7967 68885 2224
8972 9027 24348 10139
421 2778 84564 7239
964 5462 93441 9918
4844 5305 67105 344
7794 3445 5111 5015
6172 3173 23967 10513
6353 1421 78007 12375
826 4804 19447 10463
2215 9781 51344 11659
2045 4894 97692 860
4089 8731 76078 17143
3258 9587 13810 16248
5864 9226 11463 7168
61 6488 75628 5786
7155 5396 66509 387
4167 8942 7228 14606
6717 4770 1226 19648
8034 9858 90951 12836
7482 4987 69904 3042
4153 2390 84596 4979
5613 2009 69858 11127
7160 4492 75528 14877
1704 852 89742 9232
6377 8866 15860 7875
4814 6144 50883 78
6933 8110 11245 19119
4480 913 13162 10669
4993 8033 48721 13845
4294 7707 26173 15408
2480 9866 15395 11156
1392 3876 3229 12065
4291 1847 80110 9509
3421 4675 23064 2570
5486 630 26375 6114
3855 204 9958 12515
6180 8954 57476 16529
5846 3652 73552 13636
8569 2290 67537 12669
231 8249 40915 8328
1382 1777 57382 4677
658 3734 59869 2337
9337 1777 47236 12578
2732 1765 95588 6691
5261 3824 65203 9676
4451 2361 71313 8499
53 4138 5960 11252
8464 3373 68546 6815
6892 9153 60250 18051
4442 5061 99552 15847
7247 5118 24043 18251
7658 3349 25096 4907
1743 6163 81848 17813
2250 4772 54489 17854
8633 1787 69593 1630
6976 4053 42969 16594
9731 6873 90452 3594
6449 914 63097 2113
472 3867 74168 6756
7539 593 9816 16015
8955 752 90262 16724
3693 5764 8707 2664
4413 4141 78138 6643
2376 3395 36388 8828
640 7986 11239 19014
8786 9759 64532 2173
23 3915 7232 1472
4020 4598 12404 6779
6572 234 53144 1511
5226 4275 43954 8398
9561 255 57084 17348
333 4905 95407 18001
4157 8171 76985 913
7384 8599 23430 18890
5955 3088 9265 18920
4924 7193 31015 19409
699 7852 17089 13011
581 4941 86378 4182
2296 7755 65677 7326
817 3755 68307 1995
5481 214 98393 11917
2994 1211 61805 2403
3281 1672 4523 5749
5556 3003 34979 6917
3600 7667 18370 17378
2779 1159 19503 9429
4924 7840 6249 6638
9455 4675 90756 670
5373 9899 87997 14772
7172 1882 80188 16370
2047 8224 48529 9585
9204 3523 18108 2502
2363 9524 43114 17517
4777 8888 89318 16016
5966 6540 79881 2167
5103 8930 82256 331
8529 2440 79732 6374
7378 31 9440 1619
3562 5715 22951 730
385 8075 55335 19854
8057 4074 32920 16834
217 6008 33271 1737
4772 6008 45544 15743
4040 5907 64186 799
7552 5124 66139 11115
6910 2665 89741 18845
3427 2444 90462 9825
1640 4820 1588 17107
4327 2269 68860 4908
1769 5351 39406 10106
3160 3016 21904 11790
9026 1341 58462 19882
3779 1518 84984 10847
6730 7786 90464 19632
2542 2477 58595 10986
1703 536 12062 4032
2197 5053 9982 14914
3461 707 59422 1893
6817 9510 55979 2269
9107 3444 76767 4168
4300 8936 56326 16616
1733 2927 49908 11096
1946 4284 28254 6324
4338 2994 540 3866
5534 9010 26669 17372
5485 4934 82295 11175
8070 1273 69536 7686
1047 3652 11272 14338
8396 1198 35257 7252
9314 7530 70745 18132
7639 7194 16227 19080
1153 2775 86880 18110
7303 5359 19486 8166
6179 4503 50318 13953
710 5353 69052 10712
1844 3211 51716 2349
3185 2765 59889 10696
8854 6403 49070 4591
8315 5675 519 15855
8112 586 73948 5674
8102 6049 25205 1688
3231 6310 94734 5187
101 5283 55730 13555
1281 2996 6600 8053
1 307 58161 4995
2138 7644 40042 6225
3529 605 33726 17919
5896 6354 50038 1330
9263 6713 58625 4254
2944 808 14774 15188
2063 4166 19407 828
1421 3957 51807 8470
5258 1022 6979 13518
6051 6191 74264 17798
3065 2952 77024 4449
8530 1796 2756 3951
5876 6196 64512 11658
2502 4439 33305 1840
3655 4779 59062 15839
4030 4434 42569 5067
7322 9918 843 12897
9215 9138 2310 1696
5689 7095 65898 18957
8490 4582 15667 11419
3515 7882 6004 2916
7614 3680 78370 8583
3781 5433 89427 9659
4990 212 5380 231
4784 6415 43665 6645
6111 60 39239 4254
7381 5798 11159 14245
1088 8636 16248 12616
3576 4651 44232 8458
8696 9274 22319 13494
2012 8335 96090 11981
3175 2330 14043 17564
606 4913 80232 3236
5562 389 98815 254
6502 377 85655 5186
8072 2139 55521 14033
7767 8354 49933 3895
7229 8781 20088 13604
5423 1571 28873 9329
8144 4469 12022 15818
8439 5793 84606 3137
9404 7137 61914 4468
5140 2183 40761 16287
6016 2023 604 18366
4335 4249 28092 19437
3660 4279 5674 17022
3925 553 25717 14388
9818 7365 4660 8941
8367 3108 8198 12679
3663 1789 49700 11137
7230 5530 47072 4211
8170 2437 82262 14475
8290 8347 96801 17516
4982 417 4150 8016
5076 5777 27719 15187
5599 2953 90355 1201
1125 1481 34124 18704
5124 2538 33828 16411
2942 6576 40162 18647
3186 6213 98967 15745
1365 7701 39473 12729
6629 186 69055 10810
1411 3932 13291 18123
9878 7628 16477 6727
5427 2716 9205 13533
7157 8579 96129 2540
441 3753 81758 12773
9456 4749 43322 9692
170 429 37906 832
3958 5349 69116 8429
4207 2966 6303 1845
8599 1993 993 11617
256 4603 83805 11570
1857 6279 5468 6043
8915 5008 55104 12484
9331 4766 72131 6403
6032 9508 27432 12504
8678 1521 55807 6320
4448 3069 95683 11108
968 8799 47157 550
6108 1746 5951 18101
7132 2354 63315 7659
5773 2041 17767 19467
5433 4587 57988 15400
5582 7053 17631 10591
999 8503 84006 2436
3304 7364 83289 11942
6202 3179 98055 10927
8571 8801 61075 11846
4851 9540 82512 4560
4105 3804 50001 6209
6384 560 10903 8275
6991 5110 96972 13826
9279 5917 61790 15271
8601 595 49928 2899
201 5930 99987 19594
1914 6171 1412 3568
9922 705 67447 9073
7646 6320 32187 6023
8782 3238 88880 10327
6002 331 35387 15230
5192 6354 12390 8062
8028 8189 9369 7513
9807 3147 72761 8222
8771 7310 57263 18049
1038 2880 13579 6445
5188 4715 84458 7262
4729 5719 36458 18309
3845 3009 45207 16547
8054 6484 82741 10423
8732 4714 59104 13736
2306 3940 10522 1198
2143 1444 50642 2137
9487 7598 12707 10660
7248 7265 35037 12987
5042 7020 45451 7285
1528 2516 18112 11723
3799 4808 37085 1007
6031 2010 20037 3670
4056 3804 53498 12258
1448 6679 41419 8275
5636 1841 47462 11079
8437 1397 59928 11690
8494 2255 5978 13699
4200 6566 20926 3049
1173 4133 2682 15418
838 1703 75865 11886
4283 3214 32666 9467
7843 1639 88907 15868
5300 4875 87735 14128
5723 8881 94260 3249
8750 1971 14702 16002
2413 4847 83152 7812
1705 5817 15826 8772
7254 9382 67130 5625
1376 836 77408 5767
1354 8825 44172 6475
2365 59 89585 4857
4785 2054 27935 525
6990 6301 26971 19429
3380 9148 5928 3723
4048 9261 19967 5470
2731 71 1263 1648
8701 532 90837 4091
2243 5860 99783 13302
44 3941 67419 4835
4761 4743 33273 7457
6955 2325 68050 9831
8303 7901 96133 12660
4824 90 73936 15210
5522 3047 56850 5885
5635 6281 65251 2457
6653 6954 65563 14784
4161 8584 77464 12443
9501 97 7050 3671
7124 8029 98976 15734
2080 8121 72394 12553
3619 7737 23358 19167
6708 2591 65561 1622
4648 2101 70893 16845
4193 7073 9999 3670
7275 269 10085 3660
1631 2857 68843 14788
1470 7238 56649 7987
2192 9936 70348 10039
2023 2623 54274 18919
8493 9366 59782 19489
3376 2273 7711 5220
768 6255 85865 12167
8182 2742 92698 18248
1824 297 82561 6967
4785 6645 45310 11258
8160 7171 9335 14728
2692 5666 92544 5136
2189 8237 80282 9274
5343 8229 37972 14693
7139 441 243 6212
8370 649 87118 1318
5646 3391 68636 13549
4533 4955 87278 5413
5356 8089 61073 17759
7934 7135 73262 2651
6815 9103 10959 16109
8411 3541 21404 2144
1138 5234 70790 16558
9774 7964 26622 11493
2630 8747 46359 3582
772 9 41422 10433
665 7071 43187 5718
4890 4099 56957 1604
5628 3191 19024 475
8491 5778 41417 16660
4509 3466 65095 16545
7537 1326 49243 8552
6774 912 37994 12365
8835 9848 4518 10648
5256 7854 78749 4084
3708 9748 93471 14933
1907 809 97796 16008
4964 1156 49731 2663
9048 444 43807 10122
5552 8132 9991 16432
8101 345 45939 4457
1796 4314 50517 15266
7879 2000 25955 8787
3512 4160 2583 15396
5264 744 37584 8872
5042 9144 60344 5844
6031 7757 49388 15493
4176 1116 96946 3565
3787 616 54779 19431
5796 9720 50020 15252
7935 1778 1176 17697
5920 2210 80951 12933
