10000 10000
1 2 33298
2 3 39172
3 4 40720
4 5 55929
5 6 35339
6 7 79455
7 8 46103
8 9 48096
9 10 61346
10 11 43079
11 12 17270
12 13 55832
13 14 1376
14 15 43770
15 16 55677
16 17 9733
17 18 74306
18 19 35351
19 20 1495
20 21 28561
21 22 3492
22 23 78669
23 24 6197
24 25 34049
25 26 6908
26 27 38188
27 28 77215
28 29 36296
29 30 22402
30 31 35841
31 32 76438
32 33 62901
33 34 43499
34 35 20828
35 36 24855
36 37 69923
37 38 26309
38 39 57527
39 40 1655
40 41 16003
41 42 44045
42 43 7114
43 44 66785
44 45 5496
45 46 78213
46 47 14351
47 48 19589
48 49 6743
49 50 16784
50 51 25634
51 52 546
52 53 5317
53 54 68326
54 55 64358
55 56 91
56 57 50695
57 58 76304
58 59 57805
59 60 68778
60 61 8664
61 62 60139
62 63 50423
63 64 68218
64 65 5787
65 66 39891
66 67 55411
67 68 79807
68 69 47610
69 70 2909
70 71 23457
71 72 59647
72 73 44653
73 74 28168
74 75 64035
75 76 24920
76 77 15582
77 78 8378
78 79 21495
79 80 74104
80 81 75508
81 82 71784
82 83 68393
83 84 17999
84 85 19247
85 86 16974
86 87 58716
87 88 10737
88 89 44279
89 90 29972
90 91 18834
91 92 58181
92 93 41473
93 94 74797
94 95 69024
95 96 52489
96 97 2876
97 98 53136
98 99 38092
99 100 65408
99 101 46628
101 102 56155
102 103 22109
103 104 51283
104 105 64548
105 106 12680
106 107 78186
107 108 68420
108 109 13092
109 110 48427
110 111 32256
111 112 31979
112 113 66745
113 114 43418
114 115 47613
115 116 45056
116 117 18507
117 118 1354
118 119 77785
119 120 44339
120 121 4727
121 122 69464
122 123 8420
123 124 76748
124 125 15518
125 126 72808
126 127 20110
127 128 6229
128 129 55028
129 130 62054
130 131 56443
131 132 29946
132 133 69492
133 134 17085
134 135 62044
135 136 16451
136 137 17212
137 138 9428
138 139 51493
139 140 79787
140 141 62025
141 142 73965
142 143 18014
143 144 63770
144 145 77354
145 146 11360
146 147 8322
147 148 73307
148 149 77954
149 150 48355
150 151 33723
151 152 5726
152 153 11282
153 154 47584
154 155 28781
155 156 69817
156 157 6001
157 158 3151
158 159 56786
159 160 5170
160 161 11210
161 162 43435
162 163 117
163 164 14877
164 165 79436
165 166 29801
166 167 65499
167 168 77999
168 169 15755
169 170 45687
170 171 78049
171 172 40362
172 173 43272
173 174 38189
174 175 55436
175 176 76668
176 177 52275
177 178 37267
178 179 58292
179 180 15157
180 181 17613
181 182 66636
182 183 50471
183 184 73798
184 185 6695
185 186 34614
186 187 52809
187 188 31916
188 189 25675
189 190 2193
190 191 72019
191 192 26348
192 193 26513
193 194 7991
194 195 75284
195 196 42885
196 197 75518
197 198 38412
198 199 66781
199 200 10787
99 201 31575
201 202 22998
202 203 5202
203 204 19349
204 205 20608
205 206 54993
206 207 41787
207 208 65112
208 209 34905
209 210 41490
210 211 71898
211 212 46579
212 213 3930
213 214 33390
214 215 78935
215 216 16500
216 217 39366
217 218 33887
218 219 9663
219 220 64703
220 221 67408
221 222 1563
222 223 24708
223 224 50430
224 225 26131
225 226 27330
226 227 44681
227 228 24567
228 229 26404
229 230 73229
230 231 48223
231 232 19577
232 233 55027
233 234 47433
234 235 17139
235 236 44548
236 237 28953
237 238 14033
238 239 54480
239 240 70372
240 241 63866
241 242 28740
242 243 37947
243 244 63933
244 245 38479
245 246 48141
246 247 70389
247 248 38145
248 249 21022
249 250 948
250 251 60773
251 252 47589
252 253 59173
253 254 46982
254 255 73207
255 256 26500
256 257 1720
257 258 28097
258 259 10382
259 260 69162
260 261 671
261 262 2170
262 263 11357
263 264 57465
264 265 36541
265 266 7796
266 267 916
267 268 73567
268 269 65881
269 270 48229
270 271 54124
271 272 12665
272 273 73324
273 274 53716
274 275 18350
275 276 26421
276 277 41385
277 278 49009
278 279 60433
279 280 49542
280 281 68587
281 282 73767
282 283 46751
283 284 45802
284 285 21059
285 286 55463
286 287 7862
287 288 19640
288 289 14311
289 290 23600
290 291 1003
291 292 8345
292 293 47455
293 294 55822
294 295 65686
295 296 59512
296 297 65192
297 298 71147
298 299 26747
299 300 1262
199 301 36012
301 302 58932
302 303 3659
303 304 34824
304 305 27031
305 306 37692
306 307 38441
307 308 69715
308 309 57539
309 310 3740
310 311 22926
311 312 53825
312 313 4577
313 314 72252
314 315 27180
315 316 44914
316 317 8884
317 318 13961
318 319 73993
319 320 40317
320 321 78608
321 322 34793
322 323 79656
323 324 59705
324 325 72756
325 326 72703
326 327 45905
327 328 1504
328 329 27220
329 330 66363
330 331 45463
331 332 19059
332 333 45244
333 334 26854
334 335 12159
335 336 79987
336 337 57182
337 338 74762
338 339 39363
339 340 60036
340 341 69920
341 342 4519
342 343 16830
343 344 14452
344 345 20582
345 346 79396
346 347 58599
347 348 6051
348 349 14718
349 350 54523
350 351 50401
351 352 42127
352 353 48044
353 354 39018
354 355 59162
355 356 4617
356 357 70953
357 358 18957
358 359 47948
359 360 57893
360 361 67386
361 362 1888
362 363 79169
363 364 50220
364 365 75441
365 366 38796
366 367 78125
367 368 36985
368 369 65214
369 370 74925
370 371 76311
371 372 74657
372 373 7352
373 374 38657
374 375 73659
375 376 5208
376 377 34240
377 378 6765
378 379 73195
379 380 52375
380 381 48620
381 382 11122
382 383 61178
383 384 74946
384 385 65065
385 386 51999
386 387 50196
387 388 58339
388 389 45267
389 390 26779
390 391 14576
391 392 62564
392 393 70693
393 394 3330
394 395 48591
395 396 24669
396 397 23971
397 398 49338
398 399 49586
399 400 78212
199 401 76118
401 402 55503
402 403 4794
403 404 79738
404 405 75746
405 406 75344
406 407 56017
407 408 19364
408 409 61363
409 410 51221
410 411 6979
411 412 66790
412 413 8038
413 414 44651
414 415 50305
415 416 68910
416 417 65794
417 418 14438
418 419 11174
419 420 24230
420 421 31655
421 422 3799
422 423 47235
423 424 31341
424 425 19459
425 426 64040
426 427 188
427 428 66410
428 429 36342
429 430 68118
430 431 51123
431 432 78479
432 433 27293
433 434 17779
434 435 46487
435 436 26083
436 437 33012
437 438 68606
438 439 75217
439 440 13873
440 441 25394
441 442 25340
442 443 57240
443 444 32815
444 445 6202
445 446 11875
446 447 1427
447 448 73493
448 449 17374
449 450 102
450 451 79645
451 452 35338
452 453 48641
453 454 66586
454 455 38335
455 456 60766
456 457 66964
457 458 69702
458 459 65734
459 460 15621
460 461 41868
461 462 43969
462 463 3968
463 464 45384
464 465 20788
465 466 13530
466 467 35138
467 468 17738
468 469 13532
469 470 48561
470 471 74509
471 472 48428
472 473 50320
473 474 75666
474 475 10340
475 476 54213
476 477 8629
477 478 71684
478 479 2688
479 480 10222
480 481 63038
481 482 22866
482 483 77623
483 484 37247
484 485 56416
485 486 26697
486 487 13818
487 488 69722
488 489 49280
489 490 60141
490 491 13905
491 492 12542
492 493 48252
493 494 50952
494 495 60775
495 496 43480
496 497 32338
497 498 45927
498 499 42467
499 500 21525
299 501 20146
501 502 76767
502 503 48870
503 504 8391
504 505 41311
505 506 5919
506 507 79243
507 508 40491
508 509 63621
509 510 68143
510 511 18106
511 512 1039
512 513 5194
513 514 69060
514 515 32425
515 516 53285
516 517 33087
517 518 10112
518 519 52231
519 520 52974
520 521 20759
521 522 22881
522 523 9521
523 524 38497
524 525 21368
525 526 29072
526 527 16344
527 528 67407
528 529 56024
529 530 74371
530 531 35081
531 532 12023
532 533 13580
533 534 3071
534 535 41628
535 536 68984
536 537 74467
537 538 67361
538 539 68018
539 540 71256
540 541 2170
541 542 76527
542 543 23667
543 544 22169
544 545 26494
545 546 977
546 547 64042
547 548 1359
548 549 53311
549 550 54050
550 551 20447
551 552 73399
552 553 11684
553 554 29320
554 555 53697
555 556 44235
556 557 71337
557 558 36465
558 559 72501
559 560 39148
560 561 32194
561 562 31917
562 563 58609
563 564 18136
564 565 76891
565 566 2041
566 567 30140
567 568 65968
568 569 56283
569 570 41987
570 571 61691
571 572 58718
572 573 75097
573 574 75805
574 575 69688
575 576 68557
576 577 42327
577 578 1806
578 579 62864
579 580 1738
580 581 15541
581 582 8096
582 583 40033
583 584 68073
584 585 50026
585 586 43898
586 587 56123
587 588 75930
588 589 16033
589 590 60133
590 591 4528
591 592 8713
592 593 37314
593 594 49394
594 595 51946
595 596 32228
596 597 23831
597 598 45762
598 599 18799
599 600 2691
299 601 34170
601 602 73031
602 603 32132
603 604 58110
604 605 15718
605 606 29594
606 607 69599
607 608 75973
608 609 72882
609 610 373
610 611 63038
611 612 35065
612 613 70702
613 614 1117
614 615 19875
615 616 37931
616 617 9328
617 618 12987
618 619 55050
619 620 73129
620 621 78478
621 622 9623
622 623 78128
623 624 39322
624 625 12119
625 626 58423
626 627 53694
627 628 13271
628 629 32350
629 630 57831
630 631 77135
631 632 69413
632 633 58044
633 634 58862
634 635 56812
635 636 76228
636 637 7607
637 638 59753
638 639 51672
639 640 27015
640 641 72370
641 642 34621
642 643 5848
643 644 8558
644 645 60784
645 646 49853
646 647 67857
647 648 25310
648 649 59179
649 650 24686
650 651 8510
651 652 71722
652 653 34454
653 654 25788
654 655 67053
655 656 53028
656 657 64945
657 658 61465
658 659 43205
659 660 61413
660 661 74326
661 662 41502
662 663 76025
663 664 21352
664 665 20188
665 666 42403
666 667 78285
667 668 70358
668 669 71616
669 670 65973
670 671 5569
671 672 25349
672 673 21455
673 674 63956
674 675 63099
675 676 72722
676 677 47075
677 678 64779
678 679 63789
679 680 8151
680 681 17363
681 682 15612
682 683 18683
683 684 75981
684 685 27262
685 686 76049
686 687 44649
687 688 30276
688 689 42139
689 690 26659
690 691 48588
691 692 63199
692 693 31261
693 694 72017
694 695 56344
695 696 13342
696 697 58433
697 698 40389
698 699 19278
699 700 15798
399 701 76709
701 702 76193
702 703 23275
703 704 46393
704 705 72026
705 706 14315
706 707 66940
707 708 44055
708 709 20076
709 710 3280
710 711 49273
711 712 76498
712 713 64942
713 714 15519
714 715 27831
715 716 14448
716 717 38746
717 718 62883
718 719 68229
719 720 39491
720 721 20027
721 722 79646
722 723 60057
723 724 19517
724 725 4064
725 726 9238
726 727 7982
727 728 31648
728 729 21382
729 730 59790
730 731 21255
731 732 65992
732 733 31026
733 734 78143
734 735 68267
735 736 4178
736 737 70024
737 738 59542
738 739 7580
739 740 63949
740 741 76558
741 742 71163
742 743 9824
743 744 50175
744 745 61664
745 746 56180
746 747 37301
747 748 18255
748 749 47270
749 750 24744
750 751 58371
751 752 44677
752 753 47476
753 754 44218
754 755 78717
755 756 43406
756 757 54179
757 758 63901
758 759 69230
759 760 59640
760 761 12732
761 762 21293
762 763 73838
763 764 78108
764 765 27300
765 766 35452
766 767 24265
767 768 34002
768 769 67689
769 770 13133
770 771 74031
771 772 78951
772 773 12011
773 774 32793
774 775 57139
775 776 64254
776 777 35462
777 778 38622
778 779 35804
779 780 27127
780 781 42742
781 782 35359
782 783 77733
783 784 41308
784 785 43866
785 786 48580
786 787 58354
787 788 74018
788 789 26125
789 790 73965
790 791 63732
791 792 59859
792 793 18751
793 794 63433
794 795 19689
795 796 73755
796 797 15790
797 798 71354
798 799 8089
799 800 31936
399 801 13174
801 802 5807
802 803 70858
803 804 73148
804 805 49060
805 806 1656
806 807 56902
807 808 70027
808 809 9728
809 810 15376
810 811 31244
811 812 18342
812 813 70158
813 814 34296
814 815 44372
815 816 74634
816 817 63477
817 818 67826
818 819 64815
819 820 15786
820 821 49692
821 822 64745
822 823 65147
823 824 74557
824 825 38862
825 826 16603
826 827 23070
827 828 53789
828 829 45992
829 830 44059
830 831 4852
831 832 48974
832 833 9388
833 834 35419
834 835 33656
835 836 71093
836 837 29311
837 838 67074
838 839 9609
839 840 52171
840 841 41596
841 842 62308
842 843 74485
843 844 40188
844 845 17501
845 846 34691
846 847 41663
847 848 43098
848 849 36414
849 850 59666
850 851 66624
851 852 30363
852 853 26494
853 854 65965
854 855 64172
855 856 46512
856 857 62290
857 858 62996
858 859 75524
859 860 13458
860 861 10400
861 862 25535
862 863 24391
863 864 79872
864 865 43206
865 866 17872
866 867 30120
867 868 22377
868 869 18755
869 870 40473
870 871 70056
871 872 39177
872 873 13805
873 874 19956
874 875 35347
875 876 23414
876 877 29608
877 878 36527
878 879 32338
879 880 47413
880 881 21511
881 882 66976
882 883 39776
883 884 39523
884 885 31576
885 886 61392
886 887 15146
887 888 76667
888 889 31022
889 890 71027
890 891 70765
891 892 59532
892 893 29021
893 894 30598
894 895 15820
895 896 52394
896 897 75134
897 898 68352
898 899 76844
899 900 53995
499 901 39434
901 902 29090
902 903 50161
903 904 44471
904 905 65583
905 906 52345
906 907 34564
907 908 55171
908 909 63819
909 910 47365
910 911 46757
911 912 73006
912 913 2072
913 914 2996
914 915 16298
915 916 40568
916 917 50753
917 918 38229
918 919 78779
919 920 42839
920 921 12145
921 922 54494
922 923 48079
923 924 25070
924 925 62404
925 926 28992
926 927 58458
927 928 53715
928 929 35493
929 930 46792
930 931 34826
931 932 48778
932 933 39285
933 934 29051
934 935 3155
935 936 57859
936 937 52210
937 938 21792
938 939 38798
939 940 21797
940 941 26452
941 942 71240
942 943 49920
943 944 18804
944 945 30796
945 946 65466
946 947 56426
947 948 58912
948 949 703
949 950 4065
950 951 39772
951 952 58172
952 953 26053
953 954 58671
954 955 1997
955 956 10054
956 957 50549
957 958 6433
958 959 4190
959 960 4531
960 961 51459
961 962 61744
962 963 36550
963 964 8149
964 965 18988
965 966 27009
966 967 62963
967 968 3990
968 969 12403
969 970 36897
970 971 60722
971 972 23828
972 973 56091
973 974 17188
974 975 70701
975 976 18780
976 977 67555
977 978 28399
978 979 69524
979 980 63875
980 981 68755
981 982 31162
982 983 65642
983 984 3123
984 985 50680
985 986 9091
986 987 22259
987 988 51833
988 989 39511
989 990 69526
990 991 28120
991 992 14804
992 993 14295
993 994 78491
994 995 2197
995 996 29806
996 997 60401
997 998 62984
998 999 59979
999 1000 42652
499 1001 35755
1001 1002 4488
1002 1003 57993
1003 1004 2266
1004 1005 77485
1005 1006 2405
1006 1007 79451
1007 1008 38293
1008 1009 3492
1009 1010 43769
1010 1011 77556
1011 1012 52621
1012 1013 25409
1013 1014 10495
1014 1015 13670
1015 1016 37785
1016 1017 51822
1017 1018 54607
1018 1019 39105
1019 1020 70413
1020 1021 75242
1021 1022 21809
1022 1023 28522
1023 1024 38089
1024 1025 36366
1025 1026 73690
1026 1027 64412
1027 1028 58145
1028 1029 13206
1029 1030 330
1030 1031 79115
1031 1032 12019
1032 1033 76273
1033 1034 2526
1034 1035 67976
1035 1036 14490
1036 1037 56251
1037 1038 43073
1038 1039 5679
1039 1040 27405
1040 1041 31138
1041 1042 13926
1042 1043 75151
1043 1044 70233
1044 1045 55853
1045 1046 52758
1046 1047 77555
1047 1048 34026
1048 1049 32373
1049 1050 50086
1050 1051 77917
1051 1052 76427
1052 1053 46062
1053 1054 69558
1054 1055 67036
1055 1056 60781
1056 1057 56668
1057 1058 48014
1058 1059 64266
1059 1060 5601
1060 1061 76563
1061 1062 56958
1062 1063 1057
1063 1064 65087
1064 1065 40983
1065 1066 57672
1066 1067 41068
1067 1068 11401
1068 1069 3469
1069 1070 11085
1070 1071 64621
1071 1072 13852
1072 1073 36390
1073 1074 25513
1074 1075 41011
1075 1076 62323
1076 1077 9209
1077 1078 74318
1078 1079 41751
1079 1080 45609
1080 1081 52790
1081 1082 799
1082 1083 19663
1083 1084 11630
1084 1085 17311
1085 1086 37941
1086 1087 53104
1087 1088 25873
1088 1089 849
1089 1090 59629
1090 1091 44571
1091 1092 35326
1092 1093 8322
1093 1094 17406
1094 1095 22840
1095 1096 23955
1096 1097 74371
1097 1098 28538
1098 1099 21561
1099 1100 52171
599 1101 53079
1101 1102 371
1102 1103 1747
1103 1104 26284
1104 1105 9203
1105 1106 13325
1106 1107 428
1107 1108 53256
1108 1109 76275
1109 1110 20645
1110 1111 65587
1111 1112 43308
1112 1113 25831
1113 1114 29868
1114 1115 10506
1115 1116 7524
1116 1117 36099
1117 1118 17662
1118 1119 170
1119 1120 78209
1120 1121 60763
1121 1122 18553
1122 1123 5222
1123 1124 36805
1124 1125 39150
1125 1126 33616
1126 1127 69122
1127 1128 11627
1128 1129 46265
1129 1130 24732
1130 1131 56150
1131 1132 30220
1132 1133 76588
1133 1134 30432
1134 1135 61709
1135 1136 73481
1136 1137 38812
1137 1138 42943
1138 1139 42077
1139 1140 63387
1140 1141 66504
1141 1142 72999
1142 1143 23874
1143 1144 65865
1144 1145 2708
1145 1146 27804
1146 1147 76431
1147 1148 39263
1148 1149 7495
1149 1150 71827
1150 1151 43896
1151 1152 73376
1152 1153 67308
1153 1154 28937
1154 1155 16291
1155 1156 60963
1156 1157 20212
1157 1158 13974
1158 1159 9646
1159 1160 21301
1160 1161 59314
1161 1162 76773
1162 1163 55941
1163 1164 41514
1164 1165 29887
1165 1166 43257
1166 1167 12268
1167 1168 72570
1168 1169 74674
1169 1170 79212
1170 1171 38770
1171 1172 35942
1172 1173 21761
1173 1174 3323
1174 1175 2184
1175 1176 70946
1176 1177 23840
1177 1178 61262
1178 1179 77492
1179 1180 13446
1180 1181 32537
1181 1182 39644
1182 1183 1198
1183 1184 26297
1184 1185 38190
1185 1186 20454
1186 1187 62830
1187 1188 19055
1188 1189 22313
1189 1190 47497
1190 1191 41848
1191 1192 67070
1192 1193 26406
1193 1194 75466
1194 1195 54394
1195 1196 6578
1196 1197 65008
1197 1198 69492
1198 1199 32430
1199 1200 14518
599 1201 2896
1201 1202 53510
1202 1203 37677
1203 1204 73694
1204 1205 2146
1205 1206 8676
1206 1207 70705
1207 1208 10844
1208 1209 63205
1209 1210 67831
1210 1211 8568
1211 1212 23730
1212 1213 49201
1213 1214 10433
1214 1215 79675
1215 1216 40085
1216 1217 45600
1217 1218 16232
1218 1219 11458
1219 1220 20923
1220 1221 53731
1221 1222 76334
1222 1223 6696
1223 1224 57452
1224 1225 51620
1225 1226 34444
1226 1227 36123
1227 1228 44501
1228 1229 77574
1229 1230 61416
1230 1231 37304
1231 1232 74810
1232 1233 27497
1233 1234 6887
1234 1235 40784
1235 1236 27069
1236 1237 60576
1237 1238 53760
1238 1239 1424
1239 1240 27090
1240 1241 37120
1241 1242 44595
1242 1243 68178
1243 1244 52026
1244 1245 79398
1245 1246 64039
1246 1247 5386
1247 1248 66988
1248 1249 64580
1249 1250 36838
1250 1251 4705
1251 1252 73121
1252 1253 49217
1253 1254 23655
1254 1255 76610
1255 1256 52579
1256 1257 20586
1257 1258 67394
1258 1259 45877
1259 1260 71580
1260 1261 76528
1261 1262 37637
1262 1263 53493
1263 1264 24396
1264 1265 77657
1265 1266 31227
1266 1267 42479
1267 1268 16814
1268 1269 9592
1269 1270 891
1270 1271 76384
1271 1272 11883
1272 1273 59232
1273 1274 61069
1274 1275 57796
1275 1276 48512
1276 1277 49114
1277 1278 40147
1278 1279 68177
1279 1280 19863
1280 1281 8371
1281 1282 24967
1282 1283 6406
1283 1284 55852
1284 1285 50318
1285 1286 33566
1286 1287 3382
1287 1288 23730
1288 1289 58017
1289 1290 71049
1290 1291 33587
1291 1292 79604
1292 1293 26879
1293 1294 22249
1294 1295 4036
1295 1296 12176
1296 1297 39354
1297 1298 55673
1298 1299 24046
1299 1300 21885
699 1301 15864
1301 1302 44489
1302 1303 60741
1303 1304 28416
1304 1305 51987
1305 1306 32278
1306 1307 70469
1307 1308 30422
1308 1309 33416
1309 1310 42204
1310 1311 1158
1311 1312 5978
1312 1313 70388
1313 1314 58216
1314 1315 5774
1315 1316 67287
1316 1317 16858
1317 1318 8498
1318 1319 365
1319 1320 6015
1320 1321 51422
1321 1322 66252
1322 1323 5234
1323 1324 74096
1324 1325 67195
1325 1326 12179
1326 1327 35694
1327 1328 6504
1328 1329 982
1329 1330 59647
1330 1331 79126
1331 1332 10573
1332 1333 47841
1333 1334 906
1334 1335 55614
1335 1336 48417
1336 1337 16213
1337 1338 69827
1338 1339 21186
1339 1340 2601
1340 1341 43564
1341 1342 19982
1342 1343 9302
1343 1344 52595
1344 1345 51290
1345 1346 63656
1346 1347 27564
1347 1348 63481
1348 1349 26365
1349 1350 70881
1350 1351 52922
1351 1352 73741
1352 1353 37563
1353 1354 58645
1354 1355 29924
1355 1356 24835
1356 1357 78326
1357 1358 35818
1358 1359 11936
1359 1360 39126
1360 1361 54692
1361 1362 43838
1362 1363 79130
1363 1364 53919
1364 1365 57988
1365 1366 51553
1366 1367 48578
1367 1368 46492
1368 1369 39437
1369 1370 8680
1370 1371 74705
1371 1372 23368
1372 1373 28832
1373 1374 21071
1374 1375 50802
1375 1376 38368
1376 1377 75187
1377 1378 55518
1378 1379 8392
1379 1380 57213
1380 1381 57316
1381 1382 76019
1382 1383 41319
1383 1384 57963
1384 1385 57384
1385 1386 23754
1386 1387 45396
1387 1388 32904
1388 1389 32852
1389 1390 59055
1390 1391 30234
1391 1392 52764
1392 1393 27106
1393 1394 30898
1394 1395 41093
1395 1396 70073
1396 1397 21754
1397 1398 36072
1398 1399 13794
1399 1400 44267
699 1401 40298
1401 1402 68666
1402 1403 5769
1403 1404 14982
1404 1405 46159
1405 1406 61031
1406 1407 54893
1407 1408 56663
1408 1409 76814
1409 1410 61236
1410 1411 25236
1411 1412 16832
1412 1413 5651
1413 1414 3500
1414 1415 74500
1415 1416 21899
1416 1417 49000
1417 1418 9618
1418 1419 28774
1419 1420 65696
1420 1421 60241
1421 1422 20338
1422 1423 41795
1423 1424 60171
1424 1425 1773
1425 1426 62725
1426 1427 53723
1427 1428 64775
1428 1429 26754
1429 1430 29027
1430 1431 47382
1431 1432 53414
1432 1433 41069
1433 1434 16204
1434 1435 51669
1435 1436 52205
1436 1437 73428
1437 1438 58317
1438 1439 45707
1439 1440 31153
1440 1441 64676
1441 1442 69418
1442 1443 19153
1443 1444 37844
1444 1445 44877
1445 1446 60626
1446 1447 4991
1447 1448 71339
1448 1449 40649
1449 1450 60201
1450 1451 56350
1451 1452 1655
1452 1453 68312
1453 1454 27192
1454 1455 5871
1455 1456 12814
1456 1457 44081
1457 1458 42150
1458 1459 3373
1459 1460 28790
1460 1461 34467
1461 1462 1828
1462 1463 13271
1463 1464 21923
1464 1465 73122
1465 1466 29963
1466 1467 18024
1467 1468 1623
1468 1469 63118
1469 1470 62549
1470 1471 26118
1471 1472 28073
1472 1473 45139
1473 1474 77398
1474 1475 27244
1475 1476 43473
1476 1477 27097
1477 1478 22782
1478 1479 77632
1479 1480 46989
1480 1481 70184
1481 1482 65734
1482 1483 27701
1483 1484 32898
1484 1485 27670
1485 1486 3908
1486 1487 7071
1487 1488 67243
1488 1489 72078
1489 1490 21991
1490 1491 40254
1491 1492 72172
1492 1493 22452
1493 1494 62251
1494 1495 63143
1495 1496 10197
1496 1497 14961
1497 1498 39475
1498 1499 64629
1499 1500 46417
799 1501 32137
1501 1502 25205
1502 1503 74480
1503 1504 39989
1504 1505 31844
1505 1506 4872
1506 1507 5071
1507 1508 17399
1508 1509 11313
1509 1510 66224
1510 1511 48111
1511 1512 71984
1512 1513 38418
1513 1514 77716
1514 1515 32558
1515 1516 27691
1516 1517 49993
1517 1518 72635
1518 1519 76352
1519 1520 6583
1520 1521 62920
1521 1522 66540
1522 1523 21219
1523 1524 66191
1524 1525 5262
1525 1526 35821
1526 1527 72591
1527 1528 14674
1528 1529 63098
1529 1530 46593
1530 1531 62444
1531 1532 74355
1532 1533 15830
1533 1534 32353
1534 1535 73281
1535 1536 6463
1536 1537 9824
1537 1538 54256
1538 1539 46483
1539 1540 46338
1540 1541 48559
1541 1542 44630
1542 1543 66010
1543 1544 73014
1544 1545 4454
1545 1546 58150
1546 1547 41641
1547 1548 1758
1548 1549 437
1549 1550 25552
1550 1551 18185
1551 1552 19032
1552 1553 50051
1553 1554 69351
1554 1555 30608
1555 1556 59306
1556 1557 79276
1557 1558 46453
1558 1559 21819
1559 1560 63402
1560 1561 59164
1561 1562 2886
1562 1563 57899
1563 1564 31992
1564 1565 15489
1565 1566 69041
1566 1567 58626
1567 1568 62411
1568 1569 47012
1569 1570 19452
1570 1571 30694
1571 1572 16893
1572 1573 56363
1573 1574 73914
1574 1575 3335
1575 1576 62538
1576 1577 60535
1577 1578 36331
1578 1579 33352
1579 1580 64468
1580 1581 73030
1581 1582 72476
1582 1583 60800
1583 1584 38206
1584 1585 63182
1585 1586 31359
1586 1587 79117
1587 1588 49569
1588 1589 54463
1589 1590 73224
1590 1591 47335
1591 1592 21688
1592 1593 27735
1593 1594 63213
1594 1595 51387
1595 1596 7807
1596 1597 19788
1597 1598 75136
1598 1599 63824
1599 1600 18480
799 1601 6365
1601 1602 4064
1602 1603 5947
1603 1604 54401
1604 1605 76001
1605 1606 7194
1606 1607 25061
1607 1608 45495
1608 1609 38518
1609 1610 43201
1610 1611 52908
1611 1612 61085
1612 1613 34291
1613 1614 15874
1614 1615 43003
1615 1616 4158
1616 1617 27700
1617 1618 6703
1618 1619 38931
1619 1620 55308
1620 1621 42783
1621 1622 70059
1622 1623 4408
1623 1624 8251
1624 1625 21961
1625 1626 44441
1626 1627 36195
1627 1628 65026
1628 1629 23817
1629 1630 67489
1630 1631 62123
1631 1632 71662
1632 1633 24536
1633 1634 58402
1634 1635 23457
1635 1636 31817
1636 1637 24371
1637 1638 11661
1638 1639 53467
1639 1640 54207
1640 1641 6016
1641 1642 24177
1642 1643 11425
1643 1644 39325
1644 1645 12170
1645 1646 50353
1646 1647 12145
1647 1648 68195
1648 1649 3419
1649 1650 66948
1650 1651 36527
1651 1652 74988
1652 1653 3699
1653 1654 31906
1654 1655 37678
1655 1656 68210
1656 1657 73822
1657 1658 50785
1658 1659 73753
1659 1660 55931
1660 1661 17820
1661 1662 202
1662 1663 2248
1663 1664 13724
1664 1665 36278
1665 1666 26024
1666 1667 24662
1667 1668 4225
1668 1669 34696
1669 1670 2127
1670 1671 59373
1671 1672 70891
1672 1673 68428
1673 1674 44765
1674 1675 22615
1675 1676 64044
1676 1677 70305
1677 1678 61472
1678 1679 70373
1679 1680 55660
1680 1681 50800
1681 1682 72629
1682 1683 24894
1683 1684 68872
1684 1685 42938
1685 1686 45140
1686 1687 3310
1687 1688 30708
1688 1689 58650
1689 1690 49545
1690 1691 56394
1691 1692 1814
1692 1693 37603
1693 1694 14367
1694 1695 35284
1695 1696 71998
1696 1697 34106
1697 1698 14934
1698 1699 6682
1699 1700 56836
899 1701 70103
1701 1702 35205
1702 1703 59922
1703 1704 44183
1704 1705 74207
1705 1706 53556
1706 1707 33365
1707 1708 8683
1708 1709 64699
1709 1710 19895
1710 1711 2544
1711 1712 76751
1712 1713 69924
1713 1714 37396
1714 1715 43525
1715 1716 78921
1716 1717 75144
1717 1718 34313
1718 1719 23003
1719 1720 69091
1720 1721 75064
1721 1722 79770
1722 1723 46972
1723 1724 49207
1724 1725 8127
1725 1726 39049
1726 1727 7302
1727 1728 43300
1728 1729 15883
1729 1730 30942
1730 1731 34953
1731 1732 24133
1732 1733 44114
1733 1734 3396
1734 1735 24314
1735 1736 74576
1736 1737 76661
1737 1738 21364
1738 1739 37335
1739 1740 30393
1740 1741 17210
1741 1742 48610
1742 1743 2849
1743 1744 54658
1744 1745 3960
1745 1746 24005
1746 1747 24806
1747 1748 21927
1748 1749 21074
1749 1750 19628
1750 1751 54075
1751 1752 26968
1752 1753 24539
1753 1754 41076
1754 1755 62560
1755 1756 23740
1756 1757 30236
1757 1758 68034
1758 1759 61734
1759 1760 38770
1760 1761 72967
1761 1762 62002
1762 1763 14514
1763 1764 13787
1764 1765 13990
1765 1766 6406
1766 1767 48084
1767 1768 41699
1768 1769 67639
1769 1770 64736
1770 1771 4681
1771 1772 78180
1772 1773 13051
1773 1774 5918
1774 1775 48509
1775 1776 77932
1776 1777 65480
1777 1778 35367
1778 1779 71305
1779 1780 30626
1780 1781 14844
1781 1782 75269
1782 1783 52451
1783 1784 6957
1784 1785 55956
1785 1786 41368
1786 1787 78282
1787 1788 66096
1788 1789 48928
1789 1790 13518
1790 1791 46606
1791 1792 53295
1792 1793 18134
1793 1794 53147
1794 1795 64567
1795 1796 42376
1796 1797 37126
1797 1798 37972
1798 1799 38147
1799 1800 332
899 1801 30128
1801 1802 60387
1802 1803 36055
1803 1804 34143
1804 1805 5008
1805 1806 73044
1806 1807 66224
1807 1808 52119
1808 1809 52086
1809 1810 40610
1810 1811 31158
1811 1812 11606
1812 1813 52407
1813 1814 73830
1814 1815 36057
1815 1816 12889
1816 1817 78660
1817 1818 24734
1818 1819 36112
1819 1820 4793
1820 1821 68590
1821 1822 78388
1822 1823 24907
1823 1824 14947
1824 1825 4951
1825 1826 10822
1826 1827 70340
1827 1828 70826
1828 1829 13783
1829 1830 77706
1830 1831 10353
1831 1832 25409
1832 1833 6584
1833 1834 13543
1834 1835 17453
1835 1836 19389
1836 1837 30067
1837 1838 45448
1838 1839 65789
1839 1840 20405
1840 1841 67119
1841 1842 61399
1842 1843 53655
1843 1844 46559
1844 1845 51221
1845 1846 1521
1846 1847 59704
1847 1848 68337
1848 1849 13486
1849 1850 18554
1850 1851 3460
1851 1852 22010
1852 1853 9388
1853 1854 24723
1854 1855 27337
1855 1856 2272
1856 1857 64246
1857 1858 24668
1858 1859 40006
1859 1860 26241
1860 1861 61639
1861 1862 9203
1862 1863 4079
1863 1864 30093
1864 1865 24413
1865 1866 37429
1866 1867 14967
1867 1868 57702
1868 1869 62880
1869 1870 38512
1870 1871 65452
1871 1872 13007
1872 1873 14934
1873 1874 56964
1874 1875 44062
1875 1876 5873
1876 1877 64945
1877 1878 11066
1878 1879 57525
1879 1880 49434
1880 1881 36543
1881 1882 38181
1882 1883 52364
1883 1884 30509
1884 1885 57655
1885 1886 29261
1886 1887 47322
1887 1888 15929
1888 1889 79829
1889 1890 63862
1890 1891 78504
1891 1892 74457
1892 1893 2954
1893 1894 26070
1894 1895 39468
1895 1896 73343
1896 1897 1472
1897 1898 55191
1898 1899 63508
1899 1900 15888
999 1901 2922
1901 1902 47669
1902 1903 13535
1903 1904 32866
1904 1905 74325
1905 1906 8768
1906 1907 79482
1907 1908 73236
1908 1909 1290
1909 1910 7808
1910 1911 31803
1911 1912 69655
1912 1913 70485
1913 1914 421
1914 1915 62281
1915 1916 75271
1916 1917 4625
1917 1918 46493
1918 1919 57322
1919 1920 48701
1920 1921 73410
1921 1922 47112
1922 1923 49309
1923 1924 15034
1924 1925 37860
1925 1926 6630
1926 1927 59364
1927 1928 35996
1928 1929 26847
1929 1930 75502
1930 1931 75198
1931 1932 4972
1932 1933 73817
1933 1934 47136
1934 1935 16405
1935 1936 75321
1936 1937 41371
1937 1938 16161
1938 1939 22102
1939 1940 76642
1940 1941 22248
1941 1942 67969
1942 1943 21071
1943 1944 23129
1944 1945 63698
1945 1946 10834
1946 1947 22061
1947 1948 15947
1948 1949 76985
1949 1950 35108
1950 1951 74249
1951 1952 39033
1952 1953 43097
1953 1954 26050
1954 1955 31414
1955 1956 13606
1956 1957 62883
1957 1958 58233
1958 1959 45329
1959 1960 62577
1960 1961 43412
1961 1962 66517
1962 1963 57793
1963 1964 4354
1964 1965 59012
1965 1966 13984
1966 1967 22438
1967 1968 838
1968 1969 22998
1969 1970 76496
1970 1971 7539
1971 1972 13240
1972 1973 77991
1973 1974 75460
1974 1975 44303
1975 1976 59613
1976 1977 45451
1977 1978 32068
1978 1979 13877
1979 1980 47375
1980 1981 55767
1981 1982 59428
1982 1983 66829
1983 1984 54496
1984 1985 79848
1985 1986 74714
1986 1987 49401
1987 1988 53351
1988 1989 54397
1989 1990 14512
1990 1991 7270
1991 1992 60420
1992 1993 32489
1993 1994 45151
1994 1995 44367
1995 1996 32258
1996 1997 38214
1997 1998 6763
1998 1999 21970
1999 2000 64820
999 2001 24078
2001 2002 62545
2002 2003 76048
2003 2004 56788
2004 2005 46290
2005 2006 4982
2006 2007 16406
2007 2008 19920
2008 2009 50708
2009 2010 23691
2010 2011 74571
2011 2012 13451
2012 2013 29152
2013 2014 58000
2014 2015 59884
2015 2016 483
2016 2017 44096
2017 2018 60020
2018 2019 11319
2019 2020 51981
2020 2021 25852
2021 2022 23975
2022 2023 54405
2023 2024 11408
2024 2025 27645
2025 2026 44311
2026 2027 48215
2027 2028 38583
2028 2029 35774
2029 2030 15985
2030 2031 4601
2031 2032 40002
2032 2033 71510
2033 2034 57455
2034 2035 6386
2035 2036 79499
2036 2037 26859
2037 2038 8536
2038 2039 1607
2039 2040 27035
2040 2041 19435
2041 2042 64385
2042 2043 39206
2043 2044 48050
2044 2045 51559
2045 2046 40940
2046 2047 67845
2047 2048 69134
2048 2049 45384
2049 2050 27424
2050 2051 73038
2051 2052 56681
2052 2053 73174
2053 2054 45258
2054 2055 8230
2055 2056 71420
2056 2057 66730
2057 2058 19481
2058 2059 74732
2059 2060 41995
2060 2061 72612
2061 2062 10270
2062 2063 32904
2063 2064 26227
2064 2065 54414
2065 2066 19493
2066 2067 40096
2067 2068 42793
2068 2069 26975
2069 2070 76489
2070 2071 66761
2071 2072 27664
2072 2073 170
2073 2074 28879
2074 2075 70842
2075 2076 29105
2076 2077 5956
2077 2078 20335
2078 2079 77217
2079 2080 78932
2080 2081 73075
2081 2082 58935
2082 2083 2535
2083 2084 68219
2084 2085 63649
2085 2086 64587
2086 2087 16033
2087 2088 73987
2088 2089 20954
2089 2090 44955
2090 2091 51223
2091 2092 68070
2092 2093 17830
2093 2094 53669
2094 2095 54807
2095 2096 62465
2096 2097 75667
2097 2098 14463
2098 2099 11869
2099 2100 58049
1099 2101 61369
2101 2102 79220
2102 2103 66772
2103 2104 38645
2104 2105 45990
2105 2106 6110
2106 2107 50452
2107 2108 64526
2108 2109 47408
2109 2110 43997
2110 2111 51729
2111 2112 42726
2112 2113 10837
2113 2114 8562
2114 2115 552
2115 2116 54704
2116 2117 44411
2117 2118 74385
2118 2119 19775
2119 2120 66009
2120 2121 79247
2121 2122 164
2122 2123 79524
2123 2124 1753
2124 2125 14026
2125 2126 27819
2126 2127 51986
2127 2128 78654
2128 2129 48573
2129 2130 48363
2130 2131 47797
2131 2132 4965
2132 2133 50118
2133 2134 26098
2134 2135 77668
2135 2136 19895
2136 2137 22285
2137 2138 28951
2138 2139 24092
2139 2140 26957
2140 2141 4328
2141 2142 3590
2142 2143 11390
2143 2144 25823
2144 2145 8813
2145 2146 43685
2146 2147 51391
2147 2148 58492
2148 2149 34151
2149 2150 38127
2150 2151 79004
2151 2152 77294
2152 2153 24471
2153 2154 67551
2154 2155 32772
2155 2156 58533
2156 2157 69053
2157 2158 42368
2158 2159 28806
2159 2160 52818
2160 2161 32164
2161 2162 20534
2162 2163 26702
2163 2164 10326
2164 2165 22716
2165 2166 60929
2166 2167 52676
2167 2168 75949
2168 2169 66625
2169 2170 22362
2170 2171 73449
2171 2172 4800
2172 2173 45546
2173 2174 50557
2174 2175 4795
2175 2176 64233
2176 2177 29413
2177 2178 50688
2178 2179 25856
2179 2180 45601
2180 2181 32784
2181 2182 64678
2182 2183 20934
2183 2184 45722
2184 2185 33488
2185 2186 43450
2186 2187 57222
2187 2188 26983
2188 2189 42678
2189 2190 3036
2190 2191 62108
2191 2192 44465
2192 2193 56140
2193 2194 9032
2194 2195 8943
2195 2196 8829
2196 2197 8399
2197 2198 57451
2198 2199 9445
2199 2200 16475
1099 2201 53535
2201 2202 47339
2202 2203 77292
2203 2204 14396
2204 2205 65387
2205 2206 32481
2206 2207 25165
2207 2208 63268
2208 2209 18302
2209 2210 29229
2210 2211 45544
2211 2212 25002
2212 2213 33781
2213 2214 54649
2214 2215 61183
2215 2216 67959
2216 2217 10606
2217 2218 7116
2218 2219 72356
2219 2220 31601
2220 2221 51503
2221 2222 38779
2222 2223 42582
2223 2224 43208
2224 2225 67219
2225 2226 54186
2226 2227 4634
2227 2228 1072
2228 2229 68145
2229 2230 51703
2230 2231 19799
2231 2232 27553
2232 2233 46263
2233 2234 19026
2234 2235 13696
2235 2236 2881
2236 2237 69306
2237 2238 30534
2238 2239 2342
2239 2240 57283
2240 2241 52330
2241 2242 62880
2242 2243 26955
2243 2244 6895
2244 2245 56139
2245 2246 68352
2246 2247 39017
2247 2248 34451
2248 2249 25072
2249 2250 17644
2250 2251 36185
2251 2252 56952
2252 2253 14941
2253 2254 13446
2254 2255 12718
2255 2256 60488
2256 2257 70597
2257 2258 17867
2258 2259 29934
2259 2260 6515
2260 2261 62069
2261 2262 66584
2262 2263 12515
2263 2264 21797
2264 2265 26787
2265 2266 67539
2266 2267 67941
2267 2268 13624
2268 2269 56758
2269 2270 51786
2270 2271 66346
2271 2272 65848
2272 2273 39051
2273 2274 66327
2274 2275 20129
2275 2276 2706
2276 2277 68172
2277 2278 43995
2278 2279 1268
2279 2280 39540
2280 2281 21178
2281 2282 55046
2282 2283 66412
2283 2284 46146
2284 2285 71081
2285 2286 43540
2286 2287 46563
2287 2288 27042
2288 2289 40083
2289 2290 37553
2290 2291 26784
2291 2292 48444
2292 2293 22375
2293 2294 41273
2294 2295 38874
2295 2296 18342
2296 2297 7263
2297 2298 60979
2298 2299 67684
2299 2300 1789
1199 2301 43759
2301 2302 12993
2302 2303 16242
2303 2304 69345
2304 2305 49125
2305 2306 60074
2306 2307 3044
2307 2308 63216
2308 2309 26857
2309 2310 63160
2310 2311 68912
2311 2312 41028
2312 2313 17957
2313 2314 2255
2314 2315 73079
2315 2316 44738
2316 2317 24816
2317 2318 35425
2318 2319 60509
2319 2320 68847
2320 2321 5495
2321 2322 6816
2322 2323 3349
2323 2324 55975
2324 2325 9095
2325 2326 41007
2326 2327 55863
2327 2328 69780
2328 2329 71813
2329 2330 20313
2330 2331 4807
2331 2332 35983
2332 2333 18005
2333 2334 6124
2334 2335 51645
2335 2336 58223
2336 2337 76029
2337 2338 71898
2338 2339 17549
2339 2340 16958
2340 2341 75734
2341 2342 54409
2342 2343 24193
2343 2344 38625
2344 2345 4103
2345 2346 42979
2346 2347 58780
2347 2348 27674
2348 2349 18502
2349 2350 67071
2350 2351 52208
2351 2352 69918
2352 2353 72694
2353 2354 59390
2354 2355 5046
2355 2356 64427
2356 2357 67109
2357 2358 14450
2358 2359 9531
2359 2360 43426
2360 2361 48791
2361 2362 66399
2362 2363 31400
2363 2364 39211
2364 2365 55350
2365 2366 2133
2366 2367 68344
2367 2368 71240
2368 2369 38981
2369 2370 40753
2370 2371 26694
2371 2372 44029
2372 2373 9264
2373 2374 76557
2374 2375 23457
2375 2376 20978
2376 2377 72708
2377 2378 14229
2378 2379 12409
2379 2380 73090
2380 2381 24610
2381 2382 42548
2382 2383 30131
2383 2384 42386
2384 2385 66239
2385 2386 32391
2386 2387 74189
2387 2388 69819
2388 2389 65008
2389 2390 53190
2390 2391 47081
2391 2392 21168
2392 2393 61096
2393 2394 74777
2394 2395 26309
2395 2396 17358
2396 2397 59502
2397 2398 53279
2398 2399 61924
2399 2400 10441
1199 2401 437
2401 2402 66493
2402 2403 23672
2403 2404 6079
2404 2405 72466
2405 2406 54946
2406 2407 65241
2407 2408 66838
2408 2409 70895
2409 2410 41026
2410 2411 4251
2411 2412 14204
2412 2413 59445
2413 2414 61113
2414 2415 70639
2415 2416 59312
2416 2417 74058
2417 2418 10314
2418 2419 69134
2419 2420 62639
2420 2421 16412
2421 2422 5770
2422 2423 43603
2423 2424 50416
2424 2425 10974
2425 2426 8639
2426 2427 13578
2427 2428 25586
2428 2429 77435
2429 2430 46502
2430 2431 55941
2431 2432 26753
2432 2433 44027
2433 2434 41175
2434 2435 34902
2435 2436 4387
2436 2437 67019
2437 2438 20671
2438 2439 57842
2439 2440 38087
2440 2441 77721
2441 2442 33339
2442 2443 70099
2443 2444 28506
2444 2445 14462
2445 2446 40397
2446 2447 1541
2447 2448 25586
2448 2449 44012
2449 2450 45085
2450 2451 1790
2451 2452 74696
2452 2453 4022
2453 2454 78932
2454 2455 61005
2455 2456 3955
2456 2457 32519
2457 2458 65068
2458 2459 76241
2459 2460 79298
2460 2461 78270
2461 2462 13178
2462 2463 68886
2463 2464 73424
2464 2465 79407
2465 2466 51333
2466 2467 32146
2467 2468 15614
2468 2469 7848
2469 2470 7269
2470 2471 77132
2471 2472 70763
2472 2473 16539
2473 2474 77130
2474 2475 42952
2475 2476 77432
2476 2477 5446
2477 2478 55299
2478 2479 27574
2479 2480 15007
2480 2481 69276
2481 2482 36148
2482 2483 30601
2483 2484 10904
2484 2485 17505
2485 2486 59006
2486 2487 35943
2487 2488 19822
2488 2489 68398
2489 2490 10938
2490 2491 41480
2491 2492 5971
2492 2493 55648
2493 2494 12760
2494 2495 21243
2495 2496 30840
2496 2497 59294
2497 2498 72608
2498 2499 48421
2499 2500 64274
1299 2501 29040
2501 2502 56126
2502 2503 61423
2503 2504 8878
2504 2505 61652
2505 2506 40346
2506 2507 18494
2507 2508 31710
2508 2509 41452
2509 2510 78363
2510 2511 23412
2511 2512 74596
2512 2513 50799
2513 2514 48968
2514 2515 44479
2515 2516 67344
2516 2517 69474
2517 2518 76797
2518 2519 28579
2519 2520 61004
2520 2521 78958
2521 2522 68875
2522 2523 41153
2523 2524 20090
2524 2525 16026
2525 2526 18975
2526 2527 4758
2527 2528 9527
2528 2529 21963
2529 2530 68621
2530 2531 49562
2531 2532 75759
2532 2533 41138
2533 2534 18261
2534 2535 41636
2535 2536 5478
2536 2537 8712
2537 2538 52225
2538 2539 31519
2539 2540 58640
2540 2541 26442
2541 2542 2635
2542 2543 1524
2543 2544 49160
2544 2545 17111
2545 2546 42416
2546 2547 10717
2547 2548 79476
2548 2549 29274
2549 2550 8099
2550 2551 32598
2551 2552 61458
2552 2553 51281
2553 2554 70567
2554 2555 54133
2555 2556 61862
2556 2557 31771
2557 2558 51488
2558 2559 25112
2559 2560 51776
2560 2561 33082
2561 2562 3415
2562 2563 57493
2563 2564 15158
2564 2565 28495
2565 2566 21189
2566 2567 62884
2567 2568 75286
2568 2569 37125
2569 2570 68750
2570 2571 13189
2571 2572 1000
2572 2573 73284
2573 2574 21092
2574 2575 19946
2575 2576 24637
2576 2577 65324
2577 2578 42259
2578 2579 54756
2579 2580 69787
2580 2581 6646
2581 2582 38389
2582 2583 11992
2583 2584 21098
2584 2585 54771
2585 2586 26841
2586 2587 13911
2587 2588 20074
2588 2589 48302
2589 2590 79401
2590 2591 38776
2591 2592 10696
2592 2593 8027
2593 2594 9140
2594 2595 23798
2595 2596 54038
2596 2597 6553
2597 2598 48480
2598 2599 32844
2599 2600 11206
1299 2601 78851
2601 2602 36940
2602 2603 12743
2603 2604 79229
2604 2605 43339
2605 2606 47100
2606 2607 45666
2607 2608 7965
2608 2609 52939
2609 2610 1181
2610 2611 52868
2611 2612 34569
2612 2613 16044
2613 2614 57389
2614 2615 48095
2615 2616 66718
2616 2617 65406
2617 2618 8679
2618 2619 51253
2619 2620 7271
2620 2621 65653
2621 2622 9110
2622 2623 4389
2623 2624 43596
2624 2625 43259
2625 2626 14159
2626 2627 33843
2627 2628 14445
2628 2629 61320
2629 2630 6661
2630 2631 48625
2631 2632 37039
2632 2633 6461
2633 2634 34948
2634 2635 3033
2635 2636 8174
2636 2637 78876
2637 2638 37934
2638 2639 26662
2639 2640 44285
2640 2641 7055
2641 2642 8615
2642 2643 37826
2643 2644 12333
2644 2645 29918
2645 2646 33259
2646 2647 56766
2647 2648 46549
2648 2649 62046
2649 2650 52276
2650 2651 25848
2651 2652 42907
2652 2653 51325
2653 2654 23136
2654 2655 29558
2655 2656 48687
2656 2657 51723
2657 2658 23302
2658 2659 11324
2659 2660 26636
2660 2661 60759
2661 2662 40156
2662 2663 55774
2663 2664 14988
2664 2665 48198
2665 2666 49220
2666 2667 79287
2667 2668 75174
2668 2669 24247
2669 2670 32188
2670 2671 61459
2671 2672 7038
2672 2673 57193
2673 2674 50591
2674 2675 49798
2675 2676 10143
2676 2677 63564
2677 2678 60784
2678 2679 24043
2679 2680 15677
2680 2681 47800
2681 2682 47467
2682 2683 60497
2683 2684 62560
2684 2685 65411
2685 2686 20400
2686 2687 24311
2687 2688 64794
2688 2689 38999
2689 2690 58989
2690 2691 30324
2691 2692 33528
2692 2693 42096
2693 2694 44366
2694 2695 25961
2695 2696 72670
2696 2697 9671
2697 2698 34857
2698 2699 47000
2699 2700 77033
1399 2701 9394
2701 2702 9771
2702 2703 50891
2703 2704 12175
2704 2705 59964
2705 2706 57175
2706 2707 48459
2707 2708 57505
2708 2709 51498
2709 2710 77899
2710 2711 77223
2711 2712 6068
2712 2713 69645
2713 2714 76889
2714 2715 73199
2715 2716 16807
2716 2717 54748
2717 2718 64911
2718 2719 53249
2719 2720 51477
2720 2721 69621
2721 2722 39236
2722 2723 43412
2723 2724 15373
2724 2725 3504
2725 2726 70451
2726 2727 22855
2727 2728 16425
2728 2729 31059
2729 2730 9728
2730 2731 18519
2731 2732 61018
2732 2733 68512
2733 2734 63713
2734 2735 15321
2735 2736 20625
2736 2737 75610
2737 2738 63681
2738 2739 38735
2739 2740 62190
2740 2741 2872
2741 2742 20519
2742 2743 19543
2743 2744 70329
2744 2745 43049
2745 2746 54739
2746 2747 54162
2747 2748 74102
2748 2749 40513
2749 2750 60991
2750 2751 36600
2751 2752 3273
2752 2753 19769
2753 2754 28030
2754 2755 57789
2755 2756 24950
2756 2757 22369
2757 2758 12215
2758 2759 56069
2759 2760 51525
2760 2761 66434
2761 2762 64827
2762 2763 62702
2763 2764 45295
2764 2765 20976
2765 2766 39405
2766 2767 62724
2767 2768 78589
2768 2769 11369
2769 2770 72696
2770 2771 61373
2771 2772 70712
2772 2773 31116
2773 2774 54713
2774 2775 34853
2775 2776 12398
2776 2777 79233
2777 2778 24334
2778 2779 59002
2779 2780 26125
2780 2781 48432
2781 2782 36869
2782 2783 78836
2783 2784 11727
2784 2785 53638
2785 2786 26824
2786 2787 63179
2787 2788 15504
2788 2789 21227
2789 2790 64387
2790 2791 10642
2791 2792 71058
2792 2793 50768
2793 2794 31073
2794 2795 29936
2795 2796 42318
2796 2797 22229
2797 2798 68057
2798 2799 36970
2799 2800 29764
1399 2801 60523
2801 2802 42089
2802 2803 10540
2803 2804 350
2804 2805 42921
2805 2806 16253
2806 2807 53699
2807 2808 67866
2808 2809 42013
2809 2810 9468
2810 2811 58980
2811 2812 67254
2812 2813 54254
2813 2814 24169
2814 2815 78758
2815 2816 52824
2816 2817 24662
2817 2818 61590
2818 2819 52589
2819 2820 6891
2820 2821 57770
2821 2822 77786
2822 2823 273
2823 2824 1199
2824 2825 58781
2825 2826 21887
2826 2827 59196
2827 2828 37403
2828 2829 16486
2829 2830 1855
2830 2831 22442
2831 2832 70354
2832 2833 63532
2833 2834 18675
2834 2835 75579
2835 2836 73301
2836 2837 21015
2837 2838 23693
2838 2839 69683
2839 2840 22113
2840 2841 29707
2841 2842 46292
2842 2843 20135
2843 2844 79303
2844 2845 24501
2845 2846 49276
2846 2847 27735
2847 2848 32217
2848 2849 1650
2849 2850 38250
2850 2851 4629
2851 2852 4162
2852 2853 6343
2853 2854 47531
2854 2855 19868
2855 2856 47727
2856 2857 23881
2857 2858 42189
2858 2859 8175
2859 2860 61845
2860 2861 37780
2861 2862 18961
2862 2863 33689
2863 2864 13270
2864 2865 5105
2865 2866 49504
2866 2867 15741
2867 2868 46567
2868 2869 45684
2869 2870 23898
2870 2871 9198
2871 2872 75443
2872 2873 24493
2873 2874 8558
2874 2875 31398
2875 2876 6974
2876 2877 75285
2877 2878 58998
2878 2879 74226
2879 2880 66865
2880 2881 34160
2881 2882 34215
2882 2883 79299
2883 2884 18384
2884 2885 3328
2885 2886 46014
2886 2887 38597
2887 2888 31302
2888 2889 28037
2889 2890 65484
2890 2891 6844
2891 2892 50355
2892 2893 37952
2893 2894 35715
2894 2895 25914
2895 2896 64252
2896 2897 70383
2897 2898 14476
2898 2899 40867
2899 2900 51071
1499 2901 1834
2901 2902 77569
2902 2903 57388
2903 2904 42100
2904 2905 33376
2905 2906 71981
2906 2907 8264
2907 2908 64201
2908 2909 65878
2909 2910 48417
2910 2911 22943
2911 2912 44268
2912 2913 75455
2913 2914 59053
2914 2915 47087
2915 2916 77258
2916 2917 51488
2917 2918 61888
2918 2919 53049
2919 2920 23992
2920 2921 42502
2921 2922 20037
2922 2923 47794
2923 2924 45171
2924 2925 59277
2925 2926 36121
2926 2927 59712
2927 2928 13592
2928 2929 43755
2929 2930 73960
2930 2931 59824
2931 2932 13091
2932 2933 7956
2933 2934 10890
2934 2935 16249
2935 2936 38848
2936 2937 1582
2937 2938 56779
2938 2939 48074
2939 2940 31400
2940 2941 79354
2941 2942 39083
2942 2943 37595
2943 2944 74554
2944 2945 13450
2945 2946 52967
2946 2947 32647
2947 2948 11777
2948 2949 69518
2949 2950 47050
2950 2951 62178
2951 2952 55528
2952 2953 44060
2953 2954 69188
2954 2955 72678
2955 2956 66027
2956 2957 6730
2957 2958 77153
2958 2959 45128
2959 2960 43557
2960 2961 79122
2961 2962 10004
2962 2963 30819
2963 2964 4473
2964 2965 56397
2965 2966 52238
2966 2967 6179
2967 2968 5167
2968 2969 16336
2969 2970 32301
2970 2971 53808
2971 2972 44768
2972 2973 6588
2973 2974 71118
2974 2975 39184
2975 2976 17176
2976 2977 58302
2977 2978 62406
2978 2979 47062
2979 2980 29167
2980 2981 1924
2981 2982 20909
2982 2983 43581
2983 2984 13344
2984 2985 56791
2985 2986 14502
2986 2987 41157
2987 2988 63644
2988 2989 5952
2989 2990 49638
2990 2991 21828
2991 2992 78713
2992 2993 46266
2993 2994 60483
2994 2995 18842
2995 2996 35700
2996 2997 56428
2997 2998 38298
2998 2999 15686
2999 3000 11347
1499 3001 26856
3001 3002 52208
3002 3003 74215
3003 3004 64425
3004 3005 59127
3005 3006 34828
3006 3007 63671
3007 3008 1214
3008 3009 72285
3009 3010 69330
3010 3011 66169
3011 3012 8874
3012 3013 50180
3013 3014 52883
3014 3015 29838
3015 3016 32269
3016 3017 45624
3017 3018 505
3018 3019 61228
3019 3020 75014
3020 3021 4623
3021 3022 34651
3022 3023 41585
3023 3024 49507
3024 3025 63111
3025 3026 59649
3026 3027 6709
3027 3028 54436
3028 3029 62787
3029 3030 1572
3030 3031 21407
3031 3032 12832
3032 3033 28178
3033 3034 16356
3034 3035 40112
3035 3036 24950
3036 3037 26194
3037 3038 22015
3038 3039 50402
3039 3040 20061
3040 3041 78847
3041 3042 25193
3042 3043 23691
3043 3044 19802
3044 3045 59512
3045 3046 28548
3046 3047 11930
3047 3048 7854
3048 3049 33343
3049 3050 27353
3050 3051 73540
3051 3052 14324
3052 3053 51784
3053 3054 55929
3054 3055 36552
3055 3056 39764
3056 3057 60806
3057 3058 26820
3058 3059 31470
3059 3060 47729
3060 3061 44023
3061 3062 30835
3062 3063 33153
3063 3064 63278
3064 3065 55962
3065 3066 50639
3066 3067 29568
3067 3068 16644
3068 3069 8178
3069 3070 750
3070 3071 1272
3071 3072 69652
3072 3073 58649
3073 3074 69252
3074 3075 54364
3075 3076 46029
3076 3077 21417
3077 3078 21402
3078 3079 23625
3079 3080 53452
3080 3081 23260
3081 3082 63020
3082 3083 79143
3083 3084 2732
3084 3085 67358
3085 3086 55533
3086 3087 54996
3087 3088 26515
3088 3089 27164
3089 3090 31013
3090 3091 25887
3091 3092 63985
3092 3093 36820
3093 3094 47246
3094 3095 24179
3095 3096 53473
3096 3097 4053
3097 3098 29648
3098 3099 18903
3099 3100 60652
1599 3101 30807
3101 3102 63901
3102 3103 75600
3103 3104 48031
3104 3105 23548
3105 3106 40688
3106 3107 802
3107 3108 38747
3108 3109 73776
3109 3110 16800
3110 3111 61886
3111 3112 55457
3112 3113 21438
3113 3114 56194
3114 3115 29904
3115 3116 55683
3116 3117 39090
3117 3118 4322
3118 3119 44925
3119 3120 40532
3120 3121 58025
3121 3122 46073
3122 3123 21976
3123 3124 26160
3124 3125 29643
3125 3126 25906
3126 3127 9695
3127 3128 8146
3128 3129 48627
3129 3130 35850
3130 3131 67943
3131 3132 25336
3132 3133 46474
3133 3134 43500
3134 3135 9958
3135 3136 15047
3136 3137 16859
3137 3138 2474
3138 3139 43510
3139 3140 45103
3140 3141 13057
3141 3142 19237
3142 3143 51825
3143 3144 2518
3144 3145 51462
3145 3146 26288
3146 3147 79596
3147 3148 6857
3148 3149 29827
3149 3150 67218
3150 3151 30970
3151 3152 2359
3152 3153 49139
3153 3154 39356
3154 3155 22931
3155 3156 74768
3156 3157 32411
3157 3158 21669
3158 3159 13199
3159 3160 40627
3160 3161 74808
3161 3162 23103
3162 3163 66663
3163 3164 20128
3164 3165 78935
3165 3166 79721
3166 3167 4681
3167 3168 41041
3168 3169 4753
3169 3170 56719
3170 3171 51920
3171 3172 29659
3172 3173 68834
3173 3174 2596
3174 3175 63828
3175 3176 12147
3176 3177 28624
3177 3178 2829
3178 3179 12329
3179 3180 52133
3180 3181 48815
3181 3182 75652
3182 3183 53391
3183 3184 72843
3184 3185 61201
3185 3186 29548
3186 3187 7463
3187 3188 9936
3188 3189 77143
3189 3190 63721
3190 3191 6925
3191 3192 48967
3192 3193 30005
3193 3194 62666
3194 3195 49626
3195 3196 36481
3196 3197 69640
3197 3198 56167
3198 3199 45281
3199 3200 38519
1599 3201 73411
3201 3202 9960
3202 3203 60335
3203 3204 22051
3204 3205 46128
3205 3206 63410
3206 3207 64230
3207 3208 13390
3208 3209 19812
3209 3210 22495
3210 3211 8206
3211 3212 71347
3212 3213 1175
3213 3214 71728
3214 3215 24643
3215 3216 45863
3216 3217 41564
3217 3218 64217
3218 3219 25916
3219 3220 53142
3220 3221 32053
3221 3222 62497
3222 3223 48655
3223 3224 2868
3224 3225 1972
3225 3226 35497
3226 3227 18606
3227 3228 62187
3228 3229 64245
3229 3230 52130
3230 3231 23851
3231 3232 56707
3232 3233 62502
3233 3234 50611
3234 3235 26342
3235 3236 9656
3236 3237 49500
3237 3238 22803
3238 3239 17011
3239 3240 22519
3240 3241 60598
3241 3242 46568
3242 3243 78385
3243 3244 33226
3244 3245 697
3245 3246 6930
3246 3247 74250
3247 3248 45666
3248 3249 74646
3249 3250 38635
3250 3251 73747
3251 3252 61310
3252 3253 12847
3253 3254 42774
3254 3255 45319
3255 3256 46100
3256 3257 55432
3257 3258 43596
3258 3259 54519
3259 3260 72841
3260 3261 25941
3261 3262 33039
3262 3263 49361
3263 3264 35493
3264 3265 62307
3265 3266 49036
3266 3267 33620
3267 3268 19884
3268 3269 59773
3269 3270 78703
3270 3271 34188
3271 3272 2791
3272 3273 45401
3273 3274 71754
3274 3275 3284
3275 3276 4842
3276 3277 71023
3277 3278 70361
3278 3279 19382
3279 3280 13513
3280 3281 27753
3281 3282 29170
3282 3283 60043
3283 3284 68301
3284 3285 76742
3285 3286 65951
3286 3287 22657
3287 3288 38261
3288 3289 50560
3289 3290 79942
3290 3291 70847
3291 3292 70104
3292 3293 79640
3293 3294 39700
3294 3295 21523
3295 3296 12462
3296 3297 15883
3297 3298 48054
3298 3299 30362
3299 3300 14756
1699 3301 6381
3301 3302 59747
3302 3303 51297
3303 3304 15069
3304 3305 18195
3305 3306 28966
3306 3307 50102
3307 3308 4108
3308 3309 17580
3309 3310 72062
3310 3311 53430
3311 3312 16348
3312 3313 63925
3313 3314 30634
3314 3315 39541
3315 3316 54957
3316 3317 29786
3317 3318 19926
3318 3319 1597
3319 3320 68064
3320 3321 1896
3321 3322 39459
3322 3323 26053
3323 3324 40379
3324 3325 56407
3325 3326 41306
3326 3327 59162
3327 3328 63339
3328 3329 35788
3329 3330 44499
3330 3331 49649
3331 3332 10849
3332 3333 1178
3333 3334 63332
3334 3335 37489
3335 3336 1367
3336 3337 78757
3337 3338 44156
3338 3339 32279
3339 3340 65661
3340 3341 44545
3341 3342 39234
3342 3343 12877
3343 3344 19227
3344 3345 20344
3345 3346 2464
3346 3347 2533
3347 3348 67534
3348 3349 64315
3349 3350 22433
3350 3351 52896
3351 3352 37239
3352 3353 19132
3353 3354 78524
3354 3355 23203
3355 3356 994
3356 3357 27632
3357 3358 35990
3358 3359 40450
3359 3360 66404
3360 3361 12035
3361 3362 56212
3362 3363 49729
3363 3364 23179
3364 3365 53464
3365 3366 69053
3366 3367 52100
3367 3368 43684
3368 3369 13960
3369 3370 64444
3370 3371 74724
3371 3372 13327
3372 3373 45116
3373 3374 40064
3374 3375 10868
3375 3376 71831
3376 3377 50159
3377 3378 9064
3378 3379 3659
3379 3380 73231
3380 3381 29557
3381 3382 34661
3382 3383 59819
3383 3384 6017
3384 3385 34317
3385 3386 55256
3386 3387 39144
3387 3388 51103
3388 3389 14092
3389 3390 50179
3390 3391 36511
3391 3392 18695
3392 3393 9144
3393 3394 21085
3394 3395 35792
3395 3396 3279
3396 3397 48655
3397 3398 61815
3398 3399 70130
3399 3400 53172
1699 3401 48110
3401 3402 60828
3402 3403 62857
3403 3404 55131
3404 3405 78174
3405 3406 10435
3406 3407 14809
3407 3408 19675
3408 3409 29247
3409 3410 19121
3410 3411 51888
3411 3412 79598
3412 3413 43853
3413 3414 5635
3414 3415 66646
3415 3416 25905
3416 3417 38479
3417 3418 34528
3418 3419 57365
3419 3420 61128
3420 3421 12278
3421 3422 65828
3422 3423 24685
3423 3424 37568
3424 3425 31847
3425 3426 52513
3426 3427 10992
3427 3428 1463
3428 3429 10752
3429 3430 79202
3430 3431 71552
3431 3432 43925
3432 3433 15783
3433 3434 69135
3434 3435 52728
3435 3436 58903
3436 3437 26574
3437 3438 62601
3438 3439 53278
3439 3440 68390
3440 3441 79955
3441 3442 33186
3442 3443 64394
3443 3444 18820
3444 3445 26540
3445 3446 18190
3446 3447 51637
3447 3448 27090
3448 3449 12614
3449 3450 79614
3450 3451 74629
3451 3452 24422
3452 3453 12542
3453 3454 66277
3454 3455 55142
3455 3456 45510
3456 3457 68034
3457 3458 63228
3458 3459 56999
3459 3460 47130
3460 3461 884
3461 3462 33541
3462 3463 46857
3463 3464 28175
3464 3465 75374
3465 3466 51595
3466 3467 34049
3467 3468 51262
3468 3469 32711
3469 3470 47651
3470 3471 64030
3471 3472 3718
3472 3473 5610
3473 3474 9338
3474 3475 67989
3475 3476 1162
3476 3477 12387
3477 3478 15348
3478 3479 1465
3479 3480 61326
3480 3481 36202
3481 3482 34762
3482 3483 74764
3483 3484 59415
3484 3485 21798
3485 3486 54291
3486 3487 60246
3487 3488 54638
3488 3489 32622
3489 3490 3445
3490 3491 38076
3491 3492 68597
3492 3493 40717
3493 3494 61719
3494 3495 33497
3495 3496 2276
3496 3497 59019
3497 3498 48027
3498 3499 33467
3499 3500 76639
1799 3501 58663
3501 3502 68927
3502 3503 79384
3503 3504 20961
3504 3505 53436
3505 3506 42124
3506 3507 74222
3507 3508 27666
3508 3509 14156
3509 3510 20736
3510 3511 19116
3511 3512 68111
3512 3513 50545
3513 3514 76858
3514 3515 65587
3515 3516 38574
3516 3517 211
3517 3518 75845
3518 3519 6544
3519 3520 57304
3520 3521 53612
3521 3522 58368
3522 3523 62628
3523 3524 50090
3524 3525 79407
3525 3526 19315
3526 3527 10025
3527 3528 62904
3528 3529 9905
3529 3530 11387
3530 3531 60489
3531 3532 33849
3532 3533 73131
3533 3534 36144
3534 3535 62801
3535 3536 2786
3536 3537 65202
3537 3538 864
3538 3539 47038
3539 3540 4759
3540 3541 1277
3541 3542 46982
3542 3543 42707
3543 3544 49952
3544 3545 37135
3545 3546 78976
3546 3547 40117
3547 3548 32529
3548 3549 20810
3549 3550 79478
3550 3551 36893
3551 3552 33960
3552 3553 75366
3553 3554 829
3554 3555 29284
3555 3556 62543
3556 3557 36094
3557 3558 42358
3558 3559 78072
3559 3560 40483
3560 3561 58963
3561 3562 63739
3562 3563 38733
3563 3564 78556
3564 3565 63631
3565 3566 36730
3566 3567 17063
3567 3568 7448
3568 3569 8111
3569 3570 25147
3570 3571 3305
3571 3572 59036
3572 3573 73218
3573 3574 47024
3574 3575 65924
3575 3576 79988
3576 3577 33305
3577 3578 41097
3578 3579 65974
3579 3580 79373
3580 3581 67543
3581 3582 12340
3582 3583 12030
3583 3584 65716
3584 3585 15354
3585 3586 4889
3586 3587 38103
3587 3588 53139
3588 3589 38137
3589 3590 76198
3590 3591 2235
3591 3592 37533
3592 3593 47323
3593 3594 18122
3594 3595 13468
3595 3596 9597
3596 3597 71128
3597 3598 61291
3598 3599 21692
3599 3600 76418
1799 3601 21034
3601 3602 31373
3602 3603 38094
3603 3604 48481
3604 3605 9943
3605 3606 46911
3606 3607 41918
3607 3608 67052
3608 3609 72119
3609 3610 55638
3610 3611 58499
3611 3612 58509
3612 3613 68483
3613 3614 63693
3614 3615 35116
3615 3616 16907
3616 3617 66538
3617 3618 55804
3618 3619 26576
3619 3620 20124
3620 3621 60032
3621 3622 26079
3622 3623 14684
3623 3624 36139
3624 3625 7605
3625 3626 66650
3626 3627 59184
3627 3628 30936
3628 3629 74703
3629 3630 20487
3630 3631 3304
3631 3632 67445
3632 3633 29038
3633 3634 26061
3634 3635 78653
3635 3636 13650
3636 3637 26866
3637 3638 36088
3638 3639 51341
3639 3640 7557
3640 3641 74642
3641 3642 30946
3642 3643 12640
3643 3644 42704
3644 3645 52096
3645 3646 45459
3646 3647 6002
3647 3648 45997
3648 3649 45004
3649 3650 77683
3650 3651 74560
3651 3652 68217
3652 3653 67409
3653 3654 61881
3654 3655 64141
3655 3656 25260
3656 3657 830
3657 3658 14327
3658 3659 18279
3659 3660 5991
3660 3661 52687
3661 3662 24788
3662 3663 15330
3663 3664 32678
3664 3665 74326
3665 3666 51317
3666 3667 33837
3667 3668 23495
3668 3669 35072
3669 3670 73457
3670 3671 16594
3671 3672 42381
3672 3673 65617
3673 3674 34905
3674 3675 37790
3675 3676 19707
3676 3677 52870
3677 3678 69782
3678 3679 53653
3679 3680 47427
3680 3681 33248
3681 3682 28092
3682 3683 14907
3683 3684 67871
3684 3685 18327
3685 3686 46002
3686 3687 3081
3687 3688 11664
3688 3689 56625
3689 3690 78917
3690 3691 9938
3691 3692 13190
3692 3693 76598
3693 3694 11792
3694 3695 45270
3695 3696 4412
3696 3697 53611
3697 3698 74598
3698 3699 28087
3699 3700 43380
1899 3701 69825
3701 3702 18670
3702 3703 13462
3703 3704 73700
3704 3705 70660
3705 3706 55527
3706 3707 55283
3707 3708 10927
3708 3709 36952
3709 3710 13963
3710 3711 10579
3711 3712 26816
3712 3713 38408
3713 3714 62150
3714 3715 43521
3715 3716 6912
3716 3717 76982
3717 3718 44390
3718 3719 10981
3719 3720 47365
3720 3721 3547
3721 3722 78277
3722 3723 9696
3723 3724 39554
3724 3725 260
3725 3726 20753
3726 3727 19751
3727 3728 26907
3728 3729 71276
3729 3730 31128
3730 3731 19525
3731 3732 48034
3732 3733 55638
3733 3734 23440
3734 3735 28279
3735 3736 7459
3736 3737 25615
3737 3738 9287
3738 3739 78122
3739 3740 34291
3740 3741 62733
3741 3742 43202
3742 3743 74439
3743 3744 74527
3744 3745 33299
3745 3746 445
3746 3747 34857
3747 3748 51372
3748 3749 47350
3749 3750 30823
3750 3751 19992
3751 3752 21028
3752 3753 9268
3753 3754 52626
3754 3755 59230
3755 3756 11059
3756 3757 8448
3757 3758 60407
3758 3759 73751
3759 3760 31835
3760 3761 60416
3761 3762 10409
3762 3763 78440
3763 3764 13948
3764 3765 47805
3765 3766 68656
3766 3767 79450
3767 3768 10916
3768 3769 1914
3769 3770 53182
3770 3771 2148
3771 3772 30569
3772 3773 41809
3773 3774 71038
3774 3775 15082
3775 3776 291
3776 3777 51149
3777 3778 33946
3778 3779 27048
3779 3780 55848
3780 3781 43885
3781 3782 63628
3782 3783 21689
3783 3784 58907
3784 3785 52410
3785 3786 3291
3786 3787 50989
3787 3788 64123
3788 3789 28369
3789 3790 48556
3790 3791 16186
3791 3792 33385
3792 3793 6001
3793 3794 69719
3794 3795 26731
3795 3796 21344
3796 3797 27843
3797 3798 76565
3798 3799 34668
3799 3800 49920
1899 3801 20870
3801 3802 63808
3802 3803 48631
3803 3804 31365
3804 3805 42416
3805 3806 26456
3806 3807 74286
3807 3808 11265
3808 3809 38428
3809 3810 30643
3810 3811 78974
3811 3812 78370
3812 3813 40907
3813 3814 77535
3814 3815 23735
3815 3816 27453
3816 3817 69844
3817 3818 29368
3818 3819 57866
3819 3820 42509
3820 3821 59432
3821 3822 78537
3822 3823 2051
3823 3824 67762
3824 3825 57816
3825 3826 58168
3826 3827 28402
3827 3828 47751
3828 3829 42217
3829 3830 24122
3830 3831 21758
3831 3832 50285
3832 3833 71995
3833 3834 10780
3834 3835 29275
3835 3836 22228
3836 3837 57033
3837 3838 44650
3838 3839 76880
3839 3840 53422
3840 3841 1484
3841 3842 52394
3842 3843 51828
3843 3844 73064
3844 3845 4091
3845 3846 65050
3846 3847 16618
3847 3848 71067
3848 3849 42062
3849 3850 26002
3850 3851 67135
3851 3852 43402
3852 3853 51395
3853 3854 78813
3854 3855 28167
3855 3856 37502
3856 3857 14482
3857 3858 41045
3858 3859 67316
3859 3860 32120
3860 3861 21133
3861 3862 41629
3862 3863 16512
3863 3864 71557
3864 3865 46085
3865 3866 54861
3866 3867 51777
3867 3868 51846
3868 3869 61986
3869 3870 41510
3870 3871 45992
3871 3872 6914
3872 3873 20511
3873 3874 60819
3874 3875 79893
3875 3876 71546
3876 3877 18152
3877 3878 13180
3878 3879 2999
3879 3880 51905
3880 3881 24086
3881 3882 36915
3882 3883 71882
3883 3884 1168
3884 3885 46997
3885 3886 72898
3886 3887 26940
3887 3888 53751
3888 3889 33672
3889 3890 59475
3890 3891 61955
3891 3892 52692
3892 3893 54316
3893 3894 54957
3894 3895 34465
3895 3896 77187
3896 3897 72630
3897 3898 525
3898 3899 29598
3899 3900 63044
1999 3901 74097
3901 3902 78345
3902 3903 43512
3903 3904 44411
3904 3905 30087
3905 3906 6853
3906 3907 36302
3907 3908 23754
3908 3909 5505
3909 3910 57865
3910 3911 18217
3911 3912 70183
3912 3913 42380
3913 3914 15257
3914 3915 60803
3915 3916 26907
3916 3917 34584
3917 3918 75354
3918 3919 11517
3919 3920 8445
3920 3921 40201
3921 3922 25268
3922 3923 48622
3923 3924 27259
3924 3925 55225
3925 3926 41897
3926 3927 5977
3927 3928 18721
3928 3929 18341
3929 3930 50737
3930 3931 52464
3931 3932 14786
3932 3933 9234
3933 3934 5173
3934 3935 67113
3935 3936 75941
3936 3937 64851
3937 3938 37348
3938 3939 1361
3939 3940 34543
3940 3941 2002
3941 3942 59436
3942 3943 17569
3943 3944 72565
3944 3945 68917
3945 3946 69148
3946 3947 57414
3947 3948 67181
3948 3949 27831
3949 3950 59768
3950 3951 26530
3951 3952 23519
3952 3953 69748
3953 3954 8032
3954 3955 11116
3955 3956 66990
3956 3957 60917
3957 3958 42646
3958 3959 64575
3959 3960 51603
3960 3961 25711
3961 3962 26881
3962 3963 63249
3963 3964 24495
3964 3965 77486
3965 3966 58723
3966 3967 11344
3967 3968 37570
3968 3969 34167
3969 3970 43534
3970 3971 58887
3971 3972 65103
3972 3973 45396
3973 3974 2052
3974 3975 66590
3975 3976 2273
3976 3977 55547
3977 3978 31864
3978 3979 72169
3979 3980 64396
3980 3981 8507
3981 3982 6181
3982 3983 20997
3983 3984 36292
3984 3985 318
3985 3986 54903
3986 3987 50439
3987 3988 50586
3988 3989 31149
3989 3990 12058
3990 3991 70362
3991 3992 77956
3992 3993 77087
3993 3994 12530
3994 3995 36912
3995 3996 49778
3996 3997 62688
3997 3998 13504
3998 3999 46961
3999 4000 24465
1999 4001 26276
4001 4002 24085
4002 4003 6037
4003 4004 58683
4004 4005 23579
4005 4006 2647
4006 4007 7683
4007 4008 37334
4008 4009 6874
4009 4010 36999
4010 4011 21327
4011 4012 18637
4012 4013 78613
4013 4014 76424
4014 4015 53496
4015 4016 24346
4016 4017 31154
4017 4018 44119
4018 4019 48572
4019 4020 11958
4020 4021 48471
4021 4022 4869
4022 4023 31857
4023 4024 71001
4024 4025 56488
4025 4026 22694
4026 4027 26744
4027 4028 13353
4028 4029 9398
4029 4030 10802
4030 4031 61382
4031 4032 41122
4032 4033 29849
4033 4034 898
4034 4035 59046
4035 4036 48200
4036 4037 24057
4037 4038 63725
4038 4039 61248
4039 4040 64433
4040 4041 60960
4041 4042 15337
4042 4043 6468
4043 4044 36367
4044 4045 61901
4045 4046 47446
4046 4047 37826
4047 4048 69778
4048 4049 57593
4049 4050 3450
4050 4051 40898
4051 4052 23902
4052 4053 46382
4053 4054 26310
4054 4055 65699
4055 4056 39042
4056 4057 79103
4057 4058 57066
4058 4059 73089
4059 4060 62183
4060 4061 40347
4061 4062 25117
4062 4063 30458
4063 4064 55799
4064 4065 2651
4065 4066 52011
4066 4067 6674
4067 4068 46027
4068 4069 78554
4069 4070 69918
4070 4071 62493
4071 4072 41491
4072 4073 78557
4073 4074 37500
4074 4075 8362
4075 4076 57273
4076 4077 65426
4077 4078 18601
4078 4079 43298
4079 4080 8189
4080 4081 61072
4081 4082 29817
4082 4083 66852
4083 4084 38385
4084 4085 64671
4085 4086 46824
4086 4087 72912
4087 4088 40402
4088 4089 55702
4089 4090 58098
4090 4091 72133
4091 4092 45041
4092 4093 43090
4093 4094 36213
4094 4095 29265
4095 4096 38900
4096 4097 76787
4097 4098 27538
4098 4099 38713
4099 4100 22639
2099 4101 9054
4101 4102 59097
4102 4103 17914
4103 4104 75289
4104 4105 62658
4105 4106 15932
4106 4107 36042
4107 4108 25981
4108 4109 13286
4109 4110 49830
4110 4111 77619
4111 4112 38912
4112 4113 72648
4113 4114 22713
4114 4115 45904
4115 4116 36616
4116 4117 68933
4117 4118 69322
4118 4119 35837
4119 4120 17027
4120 4121 30812
4121 4122 68223
4122 4123 38836
4123 4124 44720
4124 4125 46
4125 4126 15187
4126 4127 5521
4127 4128 25186
4128 4129 22636
4129 4130 48497
4130 4131 66276
4131 4132 712
4132 4133 63607
4133 4134 16267
4134 4135 70325
4135 4136 58328
4136 4137 51148
4137 4138 70450
4138 4139 30827
4139 4140 59357
4140 4141 79874
4141 4142 38078
4142 4143 58590
4143 4144 74885
4144 4145 51298
4145 4146 11854
4146 4147 77860
4147 4148 8873
4148 4149 46027
4149 4150 15099
4150 4151 6067
4151 4152 99
4152 4153 49419
4153 4154 37475
4154 4155 47845
4155 4156 48431
4156 4157 3271
4157 4158 41238
4158 4159 52216
4159 4160 25248
4160 4161 30639
4161 4162 1331
4162 4163 30858
4163 4164 225
4164 4165 47554
4165 4166 47848
4166 4167 47152
4167 4168 23430
4168 4169 19053
4169 4170 54202
4170 4171 30583
4171 4172 25144
4172 4173 66864
4173 4174 53751
4174 4175 74691
4175 4176 30992
4176 4177 31222
4177 4178 78715
4178 4179 67670
4179 4180 40113
4180 4181 52166
4181 4182 76581
4182 4183 7569
4183 4184 43643
4184 4185 16916
4185 4186 68265
4186 4187 25213
4187 4188 33102
4188 4189 10290
4189 4190 34629
4190 4191 73655
4191 4192 63261
4192 4193 42266
4193 4194 69943
4194 4195 22277
4195 4196 48809
4196 4197 67886
4197 4198 60000
4198 4199 2537
4199 4200 33794
2099 4201 39192
4201 4202 52741
4202 4203 58285
4203 4204 64071
4204 4205 34915
4205 4206 46510
4206 4207 20527
4207 4208 25048
4208 4209 10915
4209 4210 43414
4210 4211 60911
4211 4212 25240
4212 4213 44900
4213 4214 28286
4214 4215 9241
4215 4216 9590
4216 4217 77982
4217 4218 65970
4218 4219 65408
4219 4220 7563
4220 4221 36005
4221 4222 39675
4222 4223 72519
4223 4224 43664
4224 4225 43420
4225 4226 6887
4226 4227 67176
4227 4228 11603
4228 4229 56788
4229 4230 30241
4230 4231 17474
4231 4232 15990
4232 4233 41357
4233 4234 71671
4234 4235 59026
4235 4236 6890
4236 4237 33565
4237 4238 15377
4238 4239 31382
4239 4240 54673
4240 4241 41843
4241 4242 33512
4242 4243 29160
4243 4244 46247
4244 4245 75777
4245 4246 29402
4246 4247 61908
4247 4248 6127
4248 4249 49514
4249 4250 74455
4250 4251 7955
4251 4252 17456
4252 4253 23855
4253 4254 15723
4254 4255 58261
4255 4256 17645
4256 4257 48985
4257 4258 44654
4258 4259 41050
4259 4260 25326
4260 4261 72157
4261 4262 75067
4262 4263 4436
4263 4264 59713
4264 4265 59929
4265 4266 12719
4266 4267 62048
4267 4268 67402
4268 4269 19780
4269 4270 71010
4270 4271 43607
4271 4272 52516
4272 4273 28030
4273 4274 25613
4274 4275 5219
4275 4276 38270
4276 4277 9767
4277 4278 78990
4278 4279 60872
4279 4280 56430
4280 4281 6369
4281 4282 32482
4282 4283 36660
4283 4284 46634
4284 4285 12714
4285 4286 59359
4286 4287 20640
4287 4288 1820
4288 4289 24539
4289 4290 20825
4290 4291 79729
4291 4292 56426
4292 4293 13047
4293 4294 63885
4294 4295 13250
4295 4296 38140
4296 4297 66335
4297 4298 49124
4298 4299 43776
4299 4300 18445
2199 4301 20841
4301 4302 47170
4302 4303 5808
4303 4304 55387
4304 4305 63065
4305 4306 23499
4306 4307 53099
4307 4308 76171
4308 4309 13160
4309 4310 14644
4310 4311 2611
4311 4312 20787
4312 4313 70627
4313 4314 69827
4314 4315 72539
4315 4316 29011
4316 4317 42894
4317 4318 73322
4318 4319 26712
4319 4320 32984
4320 4321 21223
4321 4322 7413
4322 4323 23913
4323 4324 5637
4324 4325 13624
4325 4326 59069
4326 4327 36287
4327 4328 64453
4328 4329 18680
4329 4330 46331
4330 4331 34022
4331 4332 65757
4332 4333 36620
4333 4334 25598
4334 4335 55138
4335 4336 30347
4336 4337 1698
4337 4338 47281
4338 4339 50401
4339 4340 63582
4340 4341 24641
4341 4342 26818
4342 4343 31930
4343 4344 79395
4344 4345 54609
4345 4346 22903
4346 4347 55908
4347 4348 38170
4348 4349 68079
4349 4350 64686
4350 4351 15403
4351 4352 7516
4352 4353 41174
4353 4354 36103
4354 4355 14976
4355 4356 56697
4356 4357 71762
4357 4358 13714
4358 4359 45038
4359 4360 53903
4360 4361 63024
4361 4362 59899
4362 4363 39538
4363 4364 23165
4364 4365 30463
4365 4366 65607
4366 4367 78986
4367 4368 30395
4368 4369 49123
4369 4370 54527
4370 4371 47896
4371 4372 33369
4372 4373 27902
4373 4374 998
4374 4375 61071
4375 4376 44462
4376 4377 25286
4377 4378 55349
4378 4379 27470
4379 4380 46927
4380 4381 25993
4381 4382 72832
4382 4383 37193
4383 4384 19434
4384 4385 16806
4385 4386 36119
4386 4387 77240
4387 4388 24574
4388 4389 69272
4389 4390 53679
4390 4391 66888
4391 4392 33950
4392 4393 14211
4393 4394 31126
4394 4395 69669
4395 4396 63951
4396 4397 7721
4397 4398 1481
4398 4399 15121
4399 4400 78692
2199 4401 13603
4401 4402 76988
4402 4403 52065
4403 4404 23789
4404 4405 836
4405 4406 7551
4406 4407 32308
4407 4408 49718
4408 4409 42795
4409 4410 64239
4410 4411 7426
4411 4412 48276
4412 4413 13222
4413 4414 38848
4414 4415 21157
4415 4416 31404
4416 4417 22513
4417 4418 76734
4418 4419 2007
4419 4420 28456
4420 4421 28062
4421 4422 14506
4422 4423 38829
4423 4424 34557
4424 4425 55763
4425 4426 5942
4426 4427 54965
4427 4428 13766
4428 4429 15716
4429 4430 14492
4430 4431 34120
4431 4432 31907
4432 4433 39374
4433 4434 21392
4434 4435 13373
4435 4436 44741
4436 4437 6793
4437 4438 18506
4438 4439 26041
4439 4440 57559
4440 4441 16023
4441 4442 50572
4442 4443 20718
4443 4444 42855
4444 4445 42701
4445 4446 59820
4446 4447 78475
4447 4448 12906
4448 4449 53621
4449 4450 68617
4450 4451 11473
4451 4452 19098
4452 4453 71336
4453 4454 4424
4454 4455 68496
4455 4456 31795
4456 4457 78691
4457 4458 7297
4458 4459 7709
4459 4460 31911
4460 4461 17843
4461 4462 19205
4462 4463 76603
4463 4464 24235
4464 4465 24877
4465 4466 39707
4466 4467 14172
4467 4468 39647
4468 4469 73416
4469 4470 33337
4470 4471 29230
4471 4472 11291
4472 4473 58382
4473 4474 62125
4474 4475 32271
4475 4476 19788
4476 4477 64408
4477 4478 72137
4478 4479 46724
4479 4480 67183
4480 4481 20212
4481 4482 10975
4482 4483 41048
4483 4484 4734
4484 4485 29727
4485 4486 3343
4486 4487 56015
4487 4488 11744
4488 4489 54249
4489 4490 5921
4490 4491 62677
4491 4492 11468
4492 4493 4675
4493 4494 6124
4494 4495 79337
4495 4496 45556
4496 4497 68172
4497 4498 79605
4498 4499 20139
4499 4500 67754
2299 4501 28396
4501 4502 28996
4502 4503 53785
4503 4504 47531
4504 4505 64373
4505 4506 11114
4506 4507 27710
4507 4508 20479
4508 4509 58993
4509 4510 40622
4510 4511 26400
4511 4512 57848
4512 4513 35406
4513 4514 29302
4514 4515 26070
4515 4516 30924
4516 4517 51411
4517 4518 33179
4518 4519 16933
4519 4520 75824
4520 4521 67006
4521 4522 13068
4522 4523 62324
4523 4524 7419
4524 4525 48937
4525 4526 2071
4526 4527 66041
4527 4528 79847
4528 4529 36725
4529 4530 67068
4530 4531 59517
4531 4532 67884
4532 4533 22174
4533 4534 26566
4534 4535 75594
4535 4536 21971
4536 4537 75811
4537 4538 53705
4538 4539 78513
4539 4540 60617
4540 4541 406
4541 4542 45918
4542 4543 73462
4543 4544 51810
4544 4545 19590
4545 4546 58241
4546 4547 5167
4547 4548 51625
4548 4549 61482
4549 4550 38329
4550 4551 27469
4551 4552 25229
4552 4553 59863
4553 4554 13354
4554 4555 52173
4555 4556 69813
4556 4557 74451
4557 4558 66127
4558 4559 53648
4559 4560 11089
4560 4561 61658
4561 4562 73886
4562 4563 58182
4563 4564 35128
4564 4565 20254
4565 4566 29973
4566 4567 41252
4567 4568 22400
4568 4569 57205
4569 4570 60013
4570 4571 15407
4571 4572 2915
4572 4573 50657
4573 4574 30243
4574 4575 67947
4575 4576 23610
4576 4577 56084
4577 4578 13099
4578 4579 47208
4579 4580 10508
4580 4581 21817
4581 4582 23706
4582 4583 55594
4583 4584 23226
4584 4585 67006
4585 4586 76624
4586 4587 9863
4587 4588 44378
4588 4589 25537
4589 4590 12873
4590 4591 79433
4591 4592 20471
4592 4593 76911
4593 4594 12848
4594 4595 2381
4595 4596 54393
4596 4597 59109
4597 4598 38447
4598 4599 57089
4599 4600 58684
2299 4601 73769
4601 4602 8682
4602 4603 38095
4603 4604 67703
4604 4605 10818
4605 4606 17628
4606 4607 13422
4607 4608 1749
4608 4609 40473
4609 4610 31866
4610 4611 58981
4611 4612 21416
4612 4613 51953
4613 4614 22634
4614 4615 19589
4615 4616 1080
4616 4617 17470
4617 4618 8582
4618 4619 10007
4619 4620 9566
4620 4621 5421
4621 4622 35601
4622 4623 38056
4623 4624 26255
4624 4625 26218
4625 4626 74076
4626 4627 8997
4627 4628 48667
4628 4629 57320
4629 4630 41113
4630 4631 60113
4631 4632 58922
4632 4633 72056
4633 4634 4750
4634 4635 16875
4635 4636 39142
4636 4637 75146
4637 4638 35433
4638 4639 61287
4639 4640 29293
4640 4641 43150
4641 4642 31521
4642 4643 27416
4643 4644 67221
4644 4645 70717
4645 4646 14456
4646 4647 77124
4647 4648 17053
4648 4649 4406
4649 4650 50594
4650 4651 5194
4651 4652 24941
4652 4653 26420
4653 4654 53414
4654 4655 76550
4655 4656 63187
4656 4657 77124
4657 4658 4672
4658 4659 25951
4659 4660 110
4660 4661 51826
4661 4662 50607
4662 4663 21001
4663 4664 7969
4664 4665 17337
4665 4666 79474
4666 4667 15769
4667 4668 75899
4668 4669 75609
4669 4670 61569
4670 4671 36090
4671 4672 9675
4672 4673 22847
4673 4674 69641
4674 4675 21377
4675 4676 28157
4676 4677 7650
4677 4678 3239
4678 4679 10751
4679 4680 60632
4680 4681 56091
4681 4682 35555
4682 4683 40758
4683 4684 40346
4684 4685 41495
4685 4686 29602
4686 4687 43016
4687 4688 46468
4688 4689 79675
4689 4690 55506
4690 4691 46615
4691 4692 8608
4692 4693 12102
4693 4694 57572
4694 4695 53092
4695 4696 21942
4696 4697 51177
4697 4698 1907
4698 4699 65378
4699 4700 15823
2399 4701 66867
4701 4702 62688
4702 4703 10426
4703 4704 7233
4704 4705 23869
4705 4706 64108
4706 4707 36031
4707 4708 59655
4708 4709 44896
4709 4710 24656
4710 4711 34562
4711 4712 15194
4712 4713 75842
4713 4714 75694
4714 4715 30453
4715 4716 19501
4716 4717 70504
4717 4718 64818
4718 4719 32863
4719 4720 28602
4720 4721 36758
4721 4722 13105
4722 4723 49646
4723 4724 76496
4724 4725 41393
4725 4726 29682
4726 4727 2421
4727 4728 27917
4728 4729 8295
4729 4730 25643
4730 4731 65169
4731 4732 10775
4732 4733 26810
4733 4734 17886
4734 4735 77400
4735 4736 14967
4736 4737 23754
4737 4738 14852
4738 4739 48384
4739 4740 73148
4740 4741 77959
4741 4742 49521
4742 4743 29608
4743 4744 69993
4744 4745 11330
4745 4746 69363
4746 4747 63065
4747 4748 9432
4748 4749 9210
4749 4750 79161
4750 4751 47665
4751 4752 69564
4752 4753 79892
4753 4754 49285
4754 4755 8721
4755 4756 10745
4756 4757 31391
4757 4758 63947
4758 4759 33519
4759 4760 5760
4760 4761 65176
4761 4762 45681
4762 4763 46939
4763 4764 15309
4764 4765 77311
4765 4766 71126
4766 4767 68620
4767 4768 55480
4768 4769 12111
4769 4770 20133
4770 4771 13796
4771 4772 29944
4772 4773 976
4773 4774 62637
4774 4775 47407
4775 4776 14231
4776 4777 15171
4777 4778 11311
4778 4779 11915
4779 4780 144
4780 4781 47398
4781 4782 51661
4782 4783 65030
4783 4784 26884
4784 4785 52312
4785 4786 68266
4786 4787 21102
4787 4788 26608
4788 4789 20045
4789 4790 63917
4790 4791 75311
4791 4792 63446
4792 4793 56050
4793 4794 37798
4794 4795 46590
4795 4796 28026
4796 4797 56426
4797 4798 20862
4798 4799 47997
4799 4800 21579
2399 4801 56969
4801 4802 29677
4802 4803 74653
4803 4804 40735
4804 4805 19260
4805 4806 5851
4806 4807 25563
4807 4808 72205
4808 4809 18932
4809 4810 20611
4810 4811 21940
4811 4812 51338
4812 4813 3497
4813 4814 66802
4814 4815 1857
4815 4816 68932
4816 4817 50929
4817 4818 17193
4818 4819 25649
4819 4820 19432
4820 4821 65330
4821 4822 27694
4822 4823 34063
4823 4824 29719
4824 4825 53228
4825 4826 78960
4826 4827 28526
4827 4828 67774
4828 4829 31145
4829 4830 24788
4830 4831 53564
4831 4832 38110
4832 4833 50626
4833 4834 58280
4834 4835 49433
4835 4836 42188
4836 4837 1384
4837 4838 49199
4838 4839 17683
4839 4840 27578
4840 4841 41193
4841 4842 24306
4842 4843 37746
4843 4844 66968
4844 4845 29452
4845 4846 58899
4846 4847 17397
4847 4848 58488
4848 4849 15795
4849 4850 8782
4850 4851 10750
4851 4852 57086
4852 4853 62788
4853 4854 15546
4854 4855 36429
4855 4856 14779
4856 4857 71573
4857 4858 12290
4858 4859 52123
4859 4860 17863
4860 4861 65788
4861 4862 4525
4862 4863 56889
4863 4864 19611
4864 4865 14043
4865 4866 42586
4866 4867 74247
4867 4868 9413
4868 4869 14078
4869 4870 35260
4870 4871 36537
4871 4872 66781
4872 4873 25688
4873 4874 75151
4874 4875 79060
4875 4876 48691
4876 4877 61892
4877 4878 57173
4878 4879 8280
4879 4880 62532
4880 4881 62085
4881 4882 49234
4882 4883 24245
4883 4884 31961
4884 4885 15463
4885 4886 14539
4886 4887 74212
4887 4888 62339
4888 4889 36449
4889 4890 19575
4890 4891 66549
4891 4892 15986
4892 4893 10700
4893 4894 24616
4894 4895 26964
4895 4896 40502
4896 4897 61255
4897 4898 31610
4898 4899 37050
4899 4900 73982
2499 4901 54208
4901 4902 39436
4902 4903 34022
4903 4904 7421
4904 4905 7268
4905 4906 55125
4906 4907 18468
4907 4908 58035
4908 4909 36442
4909 4910 36425
4910 4911 53897
4911 4912 13565
4912 4913 14272
4913 4914 51275
4914 4915 40110
4915 4916 623
4916 4917 42331
4917 4918 64587
4918 4919 47376
4919 4920 69583
4920 4921 35851
4921 4922 30836
4922 4923 26934
4923 4924 17400
4924 4925 71819
4925 4926 33881
4926 4927 26786
4927 4928 79371
4928 4929 75392
4929 4930 31397
4930 4931 267
4931 4932 79591
4932 4933 5595
4933 4934 32164
4934 4935 55772
4935 4936 63148
4936 4937 109
4937 4938 77350
4938 4939 61925
4939 4940 7559
4940 4941 36695
4941 4942 29926
4942 4943 58
4943 4944 42946
4944 4945 44353
4945 4946 47010
4946 4947 6539
4947 4948 40074
4948 4949 36953
4949 4950 45382
4950 4951 42778
4951 4952 49563
4952 4953 42545
4953 4954 55535
4954 4955 66485
4955 4956 77201
4956 4957 56696
4957 4958 44349
4958 4959 66457
4959 4960 3657
4960 4961 29529
4961 4962 39702
4962 4963 29398
4963 4964 65317
4964 4965 64486
4965 4966 2065
4966 4967 48209
4967 4968 75566
4968 4969 59307
4969 4970 10682
4970 4971 49441
4971 4972 53749
4972 4973 52777
4973 4974 21863
4974 4975 6859
4975 4976 58011
4976 4977 43036
4977 4978 26680
4978 4979 52501
4979 4980 77826
4980 4981 48663
4981 4982 39565
4982 4983 59482
4983 4984 7850
4984 4985 34863
4985 4986 25423
4986 4987 44103
4987 4988 53185
4988 4989 6716
4989 4990 7553
4990 4991 15859
4991 4992 68480
4992 4993 73624
4993 4994 7069
4994 4995 54081
4995 4996 10513
4996 4997 58289
4997 4998 7867
4998 4999 51358
4999 5000 69974
2499 5001 21881
5001 5002 70915
5002 5003 28694
5003 5004 75289
5004 5005 71246
5005 5006 77230
5006 5007 57301
5007 5008 56795
5008 5009 42428
5009 5010 14125
5010 5011 40387
5011 5012 11889
5012 5013 12908
5013 5014 31719
5014 5015 31178
5015 5016 52332
5016 5017 64247
5017 5018 32813
5018 5019 29789
5019 5020 65561
5020 5021 16124
5021 5022 47048
5022 5023 28680
5023 5024 43261
5024 5025 56209
5025 5026 33494
5026 5027 45353
5027 5028 6742
5028 5029 1565
5029 5030 31571
5030 5031 32460
5031 5032 40716
5032 5033 35188
5033 5034 2896
5034 5035 18241
5035 5036 57136
5036 5037 78444
5037 5038 61661
5038 5039 42691
5039 5040 51229
5040 5041 35288
5041 5042 40319
5042 5043 66702
5043 5044 18943
5044 5045 20432
5045 5046 26261
5046 5047 5654
5047 5048 13914
5048 5049 36221
5049 5050 53389
5050 5051 73760
5051 5052 6378
5052 5053 61057
5053 5054 61572
5054 5055 719
5055 5056 62747
5056 5057 26776
5057 5058 4410
5058 5059 39389
5059 5060 69326
5060 5061 28889
5061 5062 47352
5062 5063 14718
5063 5064 1485
5064 5065 18155
5065 5066 12991
5066 5067 65182
5067 5068 9790
5068 5069 6968
5069 5070 64040
5070 5071 3068
5071 5072 34668
5072 5073 40240
5073 5074 43769
5074 5075 31483
5075 5076 76513
5076 5077 58390
5077 5078 71294
5078 5079 23172
5079 5080 28450
5080 5081 11825
5081 5082 4023
5082 5083 52212
5083 5084 74798
5084 5085 32658
5085 5086 61696
5086 5087 24232
5087 5088 1049
5088 5089 10105
5089 5090 53915
5090 5091 3331
5091 5092 41687
5092 5093 25468
5093 5094 40173
5094 5095 78380
5095 5096 24466
5096 5097 48838
5097 5098 65366
5098 5099 74139
5099 5100 26360
2599 5101 28200
5101 5102 1032
5102 5103 38143
5103 5104 24668
5104 5105 15324
5105 5106 27334
5106 5107 34819
5107 5108 48899
5108 5109 60211
5109 5110 57512
5110 5111 2881
5111 5112 47455
5112 5113 77454
5113 5114 39604
5114 5115 61626
5115 5116 70596
5116 5117 37592
5117 5118 74798
5118 5119 47706
5119 5120 40896
5120 5121 78559
5121 5122 419
5122 5123 51047
5123 5124 11008
5124 5125 43371
5125 5126 11069
5126 5127 47784
5127 5128 4332
5128 5129 42916
5129 5130 23795
5130 5131 75849
5131 5132 20580
5132 5133 66710
5133 5134 37163
5134 5135 17946
5135 5136 35844
5136 5137 43681
5137 5138 8033
5138 5139 10997
5139 5140 41604
5140 5141 67396
5141 5142 70719
5142 5143 2330
5143 5144 78445
5144 5145 11557
5145 5146 30838
5146 5147 68897
5147 5148 69609
5148 5149 16073
5149 5150 6622
5150 5151 51425
5151 5152 35283
5152 5153 44904
5153 5154 10249
5154 5155 64079
5155 5156 44915
5156 5157 69218
5157 5158 16222
5158 5159 6405
5159 5160 37286
5160 5161 17960
5161 5162 70280
5162 5163 30460
5163 5164 25947
5164 5165 20633
5165 5166 57527
5166 5167 59714
5167 5168 10638
5168 5169 16181
5169 5170 77829
5170 5171 4243
5171 5172 8158
5172 5173 61011
5173 5174 57273
5174 5175 67389
5175 5176 65238
5176 5177 9766
5177 5178 44480
5178 5179 40287
5179 5180 77002
5180 5181 47441
5181 5182 10545
5182 5183 1453
5183 5184 61397
5184 5185 37235
5185 5186 57919
5186 5187 4
5187 5188 20583
5188 5189 22370
5189 5190 23591
5190 5191 45527
5191 5192 37611
5192 5193 10992
5193 5194 41843
5194 5195 25343
5195 5196 35581
5196 5197 12572
5197 5198 76427
5198 5199 57467
5199 5200 63394
2599 5201 63003
5201 5202 69084
5202 5203 23033
5203 5204 51960
5204 5205 42594
5205 5206 79234
5206 5207 37749
5207 5208 8581
5208 5209 1674
5209 5210 51311
5210 5211 32864
5211 5212 55129
5212 5213 33969
5213 5214 71162
5214 5215 69810
5215 5216 36016
5216 5217 24166
5217 5218 46106
5218 5219 75773
5219 5220 34541
5220 5221 64892
5221 5222 30404
5222 5223 6620
5223 5224 47829
5224 5225 8805
5225 5226 12246
5226 5227 31178
5227 5228 26235
5228 5229 42754
5229 5230 78777
5230 5231 78222
5231 5232 15141
5232 5233 74906
5233 5234 35113
5234 5235 37132
5235 5236 71839
5236 5237 47670
5237 5238 41292
5238 5239 65011
5239 5240 28303
5240 5241 32164
5241 5242 71764
5242 5243 12187
5243 5244 31004
5244 5245 5334
5245 5246 77124
5246 5247 39005
5247 5248 41332
5248 5249 38650
5249 5250 53615
5250 5251 57239
5251 5252 77205
5252 5253 13321
5253 5254 5435
5254 5255 44140
5255 5256 43882
5256 5257 73473
5257 5258 77571
5258 5259 20507
5259 5260 74285
5260 5261 47173
5261 5262 77432
5262 5263 67677
5263 5264 1976
5264 5265 69260
5265 5266 77867
5266 5267 34631
5267 5268 42023
5268 5269 76323
5269 5270 36791
5270 5271 10182
5271 5272 58045
5272 5273 20904
5273 5274 77
5274 5275 69749
5275 5276 31148
5276 5277 74030
5277 5278 25987
5278 5279 32050
5279 5280 62446
5280 5281 36945
5281 5282 63899
5282 5283 79483
5283 5284 41335
5284 5285 49305
5285 5286 19544
5286 5287 17094
5287 5288 9415
5288 5289 13956
5289 5290 40639
5290 5291 19258
5291 5292 38412
5292 5293 76877
5293 5294 41472
5294 5295 24801
5295 5296 50259
5296 5297 31341
5297 5298 49810
5298 5299 48200
5299 5300 65780
2699 5301 70354
5301 5302 50178
5302 5303 39956
5303 5304 56844
5304 5305 69909
5305 5306 37283
5306 5307 52216
5307 5308 76793
5308 5309 14100
5309 5310 72407
5310 5311 3364
5311 5312 28281
5312 5313 40952
5313 5314 62410
5314 5315 66922
5315 5316 8629
5316 5317 33409
5317 5318 30016
5318 5319 39505
5319 5320 40731
5320 5321 60662
5321 5322 72665
5322 5323 8763
5323 5324 7635
5324 5325 37131
5325 5326 44451
5326 5327 8992
5327 5328 55526
5328 5329 46880
5329 5330 60097
5330 5331 58741
5331 5332 31826
5332 5333 24795
5333 5334 31157
5334 5335 4611
5335 5336 66677
5336 5337 55766
5337 5338 68396
5338 5339 64197
5339 5340 33987
5340 5341 28591
5341 5342 75362
5342 5343 40549
5343 5344 15235
5344 5345 65255
5345 5346 67592
5346 5347 5786
5347 5348 64808
5348 5349 30893
5349 5350 71691
5350 5351 58760
5351 5352 7515
5352 5353 33329
5353 5354 27289
5354 5355 67211
5355 5356 77524
5356 5357 31544
5357 5358 35480
5358 5359 18283
5359 5360 34896
5360 5361 51777
5361 5362 28623
5362 5363 11096
5363 5364 66446
5364 5365 24845
5365 5366 24169
5366 5367 45475
5367 5368 32330
5368 5369 24625
5369 5370 22141
5370 5371 34514
5371 5372 51505
5372 5373 52052
5373 5374 15415
5374 5375 26529
5375 5376 57134
5376 5377 63527
5377 5378 40450
5378 5379 62256
5379 5380 7561
5380 5381 56739
5381 5382 15830
5382 5383 57732
5383 5384 312
5384 5385 30577
5385 5386 40858
5386 5387 22661
5387 5388 14149
5388 5389 65290
5389 5390 27192
5390 5391 57921
5391 5392 25361
5392 5393 75936
5393 5394 20023
5394 5395 23091
5395 5396 35414
5396 5397 17988
5397 5398 65499
5398 5399 19262
5399 5400 74834
2699 5401 48680
5401 5402 53534
5402 5403 8232
5403 5404 23464
5404 5405 11640
5405 5406 1844
5406 5407 31590
5407 5408 59998
5408 5409 37157
5409 5410 2539
5410 5411 58172
5411 5412 59486
5412 5413 66439
5413 5414 23170
5414 5415 17262
5415 5416 36784
5416 5417 53738
5417 5418 18076
5418 5419 65001
5419 5420 9206
5420 5421 39067
5421 5422 38124
5422 5423 37832
5423 5424 32351
5424 5425 18617
5425 5426 59391
5426 5427 38859
5427 5428 56797
5428 5429 32471
5429 5430 657
5430 5431 23913
5431 5432 70009
5432 5433 25922
5433 5434 70489
5434 5435 64232
5435 5436 25351
5436 5437 2069
5437 5438 5300
5438 5439 74914
5439 5440 38181
5440 5441 68859
5441 5442 33563
5442 5443 41780
5443 5444 60608
5444 5445 26077
5445 5446 55867
5446 5447 7189
5447 5448 62456
5448 5449 11536
5449 5450 74943
5450 5451 45146
5451 5452 67327
5452 5453 4412
5453 5454 32397
5454 5455 11887
5455 5456 555
5456 5457 18676
5457 5458 39033
5458 5459 59879
5459 5460 73749
5460 5461 76498
5461 5462 48323
5462 5463 42086
5463 5464 5348
5464 5465 10787
5465 5466 5774
5466 5467 54245
5467 5468 52038
5468 5469 10868
5469 5470 6382
5470 5471 67905
5471 5472 5744
5472 5473 39805
5473 5474 23284
5474 5475 9931
5475 5476 17545
5476 5477 4195
5477 5478 31479
5478 5479 72448
5479 5480 48810
5480 5481 4810
5481 5482 10967
5482 5483 10105
5483 5484 37045
5484 5485 28947
5485 5486 41070
5486 5487 44982
5487 5488 67259
5488 5489 30650
5489 5490 72331
5490 5491 57024
5491 5492 40230
5492 5493 75270
5493 5494 27395
5494 5495 70196
5495 5496 1317
5496 5497 41204
5497 5498 62657
5498 5499 36121
5499 5500 11053
2799 5501 51894
5501 5502 41810
5502 5503 60276
5503 5504 22348
5504 5505 37054
5505 5506 77546
5506 5507 14512
5507 5508 20514
5508 5509 52542
5509 5510 51554
5510 5511 15486
5511 5512 78475
5512 5513 1720
5513 5514 54163
5514 5515 70268
5515 5516 7078
5516 5517 1278
5517 5518 26719
5518 5519 40000
5519 5520 24791
5520 5521 42345
5521 5522 74961
5522 5523 8399
5523 5524 17421
5524 5525 38685
5525 5526 46644
5526 5527 19760
5527 5528 42109
5528 5529 29578
5529 5530 49402
5530 5531 976
5531 5532 45194
5532 5533 64400
5533 5534 48969
5534 5535 55255
5535 5536 51886
5536 5537 59503
5537 5538 27198
5538 5539 9698
5539 5540 73673
5540 5541 47205
5541 5542 59979
5542 5543 47359
5543 5544 21298
5544 5545 32685
5545 5546 58885
5546 5547 43090
5547 5548 15982
5548 5549 79958
5549 5550 74981
5550 5551 46673
5551 5552 40599
5552 5553 43290
5553 5554 17274
5554 5555 77752
5555 5556 44934
5556 5557 58499
5557 5558 20657
5558 5559 4545
5559 5560 27215
5560 5561 4910
5561 5562 64768
5562 5563 36152
5563 5564 24843
5564 5565 20307
5565 5566 42140
5566 5567 28327
5567 5568 45405
5568 5569 55579
5569 5570 6858
5570 5571 33218
5571 5572 36734
5572 5573 22984
5573 5574 70898
5574 5575 43311
5575 5576 23412
5576 5577 46176
5577 5578 75859
5578 5579 62709
5579 5580 8686
5580 5581 70208
5581 5582 58991
5582 5583 25488
5583 5584 13615
5584 5585 5239
5585 5586 61157
5586 5587 72102
5587 5588 25737
5588 5589 62556
5589 5590 10229
5590 5591 50508
5591 5592 70429
5592 5593 48324
5593 5594 38853
5594 5595 41880
5595 5596 11264
5596 5597 2871
5597 5598 39385
5598 5599 15776
5599 5600 74292
2799 5601 14822
5601 5602 50347
5602 5603 35657
5603 5604 59699
5604 5605 67465
5605 5606 54874
5606 5607 45268
5607 5608 55982
5608 5609 1738
5609 5610 76629
5610 5611 60800
5611 5612 63792
5612 5613 17792
5613 5614 51000
5614 5615 43618
5615 5616 16345
5616 5617 40737
5617 5618 24430
5618 5619 12273
5619 5620 4454
5620 5621 59668
5621 5622 43794
5622 5623 68508
5623 5624 47379
5624 5625 33461
5625 5626 5484
5626 5627 63662
5627 5628 56635
5628 5629 60400
5629 5630 42973
5630 5631 73338
5631 5632 74343
5632 5633 29436
5633 5634 18759
5634 5635 42129
5635 5636 48801
5636 5637 9568
5637 5638 22479
5638 5639 31245
5639 5640 36528
5640 5641 76661
5641 5642 13520
5642 5643 37393
5643 5644 33101
5644 5645 41530
5645 5646 20150
5646 5647 40973
5647 5648 32862
5648 5649 77292
5649 5650 40048
5650 5651 19392
5651 5652 56627
5652 5653 41713
5653 5654 32305
5654 5655 35083
5655 5656 10475
5656 5657 16252
5657 5658 16075
5658 5659 13443
5659 5660 59211
5660 5661 45910
5661 5662 4984
5662 5663 67762
5663 5664 63365
5664 5665 66322
5665 5666 72680
5666 5667 1901
5667 5668 53701
5668 5669 74447
5669 5670 4656
5670 5671 629
5671 5672 912
5672 5673 46848
5673 5674 23313
5674 5675 30516
5675 5676 16339
5676 5677 39404
5677 5678 6568
5678 5679 58708
5679 5680 52566
5680 5681 60663
5681 5682 52029
5682 5683 43173
5683 5684 28497
5684 5685 49393
5685 5686 78101
5686 5687 16617
5687 5688 3734
5688 5689 16405
5689 5690 44346
5690 5691 28706
5691 5692 9831
5692 5693 17301
5693 5694 16823
5694 5695 35145
5695 5696 46613
5696 5697 36138
5697 5698 76559
5698 5699 22720
5699 5700 42937
2899 5701 22172
5701 5702 33819
5702 5703 62132
5703 5704 22193
5704 5705 29647
5705 5706 60146
5706 5707 44967
5707 5708 62950
5708 5709 27817
5709 5710 1924
5710 5711 63200
5711 5712 37263
5712 5713 78202
5713 5714 17438
5714 5715 12458
5715 5716 47134
5716 5717 61389
5717 5718 9798
5718 5719 8996
5719 5720 30933
5720 5721 22865
5721 5722 595
5722 5723 762
5723 5724 2579
5724 5725 49902
5725 5726 66298
5726 5727 40516
5727 5728 25628
5728 5729 68851
5729 5730 71043
5730 5731 64489
5731 5732 26758
5732 5733 69207
5733 5734 52508
5734 5735 72022
5735 5736 41268
5736 5737 10696
5737 5738 34555
5738 5739 10621
5739 5740 3746
5740 5741 53153
5741 5742 26978
5742 5743 31533
5743 5744 56804
5744 5745 47576
5745 5746 55286
5746 5747 12501
5747 5748 54285
5748 5749 74224
5749 5750 63762
5750 5751 33408
5751 5752 61988
5752 5753 53614
5753 5754 34153
5754 5755 13646
5755 5756 73171
5756 5757 44649
5757 5758 13670
5758 5759 47977
5759 5760 40513
5760 5761 47479
5761 5762 53439
5762 5763 6454
5763 5764 2455
5764 5765 55784
5765 5766 13638
5766 5767 68504
5767 5768 29833
5768 5769 54394
5769 5770 31637
5770 5771 46257
5771 5772 25632
5772 5773 36818
5773 5774 45230
5774 5775 76926
5775 5776 31145
5776 5777 56551
5777 5778 51754
5778 5779 37724
5779 5780 70813
5780 5781 77411
5781 5782 2270
5782 5783 21609
5783 5784 62885
5784 5785 26285
5785 5786 10897
5786 5787 23755
5787 5788 4763
5788 5789 47903
5789 5790 52968
5790 5791 18107
5791 5792 68542
5792 5793 17880
5793 5794 74169
5794 5795 56383
5795 5796 71715
5796 5797 58378
5797 5798 58782
5798 5799 9283
5799 5800 26970
2899 5801 73937
5801 5802 77888
5802 5803 41120
5803 5804 1920
5804 5805 69351
5805 5806 38351
5806 5807 76365
5807 5808 45591
5808 5809 35004
5809 5810 47310
5810 5811 13098
5811 5812 15675
5812 5813 74718
5813 5814 23089
5814 5815 62838
5815 5816 46109
5816 5817 14740
5817 5818 49062
5818 5819 1702
5819 5820 51358
5820 5821 22239
5821 5822 9513
5822 5823 54536
5823 5824 32710
5824 5825 30705
5825 5826 6774
5826 5827 75945
5827 5828 67548
5828 5829 62384
5829 5830 35467
5830 5831 28065
5831 5832 71127
5832 5833 46288
5833 5834 64780
5834 5835 34960
5835 5836 66251
5836 5837 21519
5837 5838 17900
5838 5839 26036
5839 5840 67897
5840 5841 31994
5841 5842 55211
5842 5843 63850
5843 5844 44237
5844 5845 49280
5845 5846 10037
5846 5847 23239
5847 5848 3540
5848 5849 56023
5849 5850 45876
5850 5851 8171
5851 5852 3462
5852 5853 34342
5853 5854 10782
5854 5855 24179
5855 5856 8930
5856 5857 79657
5857 5858 78078
5858 5859 26675
5859 5860 36434
5860 5861 52094
5861 5862 60278
5862 5863 60499
5863 5864 24932
5864 5865 30178
5865 5866 27484
5866 5867 39321
5867 5868 57759
5868 5869 40989
5869 5870 45409
5870 5871 10217
5871 5872 68097
5872 5873 79444
5873 5874 36463
5874 5875 35421
5875 5876 8555
5876 5877 19537
5877 5878 27270
5878 5879 13655
5879 5880 35436
5880 5881 35281
5881 5882 3125
5882 5883 33059
5883 5884 55577
5884 5885 14865
5885 5886 57622
5886 5887 62441
5887 5888 13933
5888 5889 28785
5889 5890 14841
5890 5891 27814
5891 5892 18895
5892 5893 62383
5893 5894 73284
5894 5895 4493
5895 5896 32195
5896 5897 74606
5897 5898 9989
5898 5899 4738
5899 5900 74331
2999 5901 58361
5901 5902 51451
5902 5903 65724
5903 5904 51674
5904 5905 73222
5905 5906 69201
5906 5907 65010
5907 5908 44551
5908 5909 26275
5909 5910 51371
5910 5911 31106
5911 5912 832
5912 5913 8420
5913 5914 33
5914 5915 66215
5915 5916 57817
5916 5917 1452
5917 5918 18683
5918 5919 39333
5919 5920 48752
5920 5921 57915
5921 5922 38586
5922 5923 16195
5923 5924 11780
5924 5925 66519
5925 5926 39102
5926 5927 59273
5927 5928 17537
5928 5929 57933
5929 5930 31874
5930 5931 55270
5931 5932 41440
5932 5933 3845
5933 5934 72684
5934 5935 62452
5935 5936 63812
5936 5937 67101
5937 5938 76264
5938 5939 35018
5939 5940 32583
5940 5941 77414
5941 5942 23903
5942 5943 69254
5943 5944 9647
5944 5945 52579
5945 5946 16233
5946 5947 52614
5947 5948 32629
5948 5949 49740
5949 5950 68000
5950 5951 75553
5951 5952 64374
5952 5953 53218
5953 5954 44425
5954 5955 66020
5955 5956 46826
5956 5957 71211
5957 5958 72754
5958 5959 34763
5959 5960 41038
5960 5961 3988
5961 5962 8692
5962 5963 61344
5963 5964 39931
5964 5965 30984
5965 5966 62140
5966 5967 30029
5967 5968 70389
5968 5969 1823
5969 5970 35776
5970 5971 76786
5971 5972 78630
5972 5973 66789
5973 5974 56992
5974 5975 57816
5975 5976 18759
5976 5977 9490
5977 5978 24783
5978 5979 54043
5979 5980 73035
5980 5981 31334
5981 5982 66046
5982 5983 39773
5983 5984 67641
5984 5985 43181
5985 5986 57499
5986 5987 41278
5987 5988 23056
5988 5989 70831
5989 5990 22263
5990 5991 56536
5991 5992 13111
5992 5993 59303
5993 5994 21252
5994 5995 73945
5995 5996 56996
5996 5997 42077
5997 5998 57690
5998 5999 58994
5999 6000 69100
2999 6001 2285
6001 6002 1597
6002 6003 9318
6003 6004 39581
6004 6005 49138
6005 6006 66100
6006 6007 24493
6007 6008 35152
6008 6009 37342
6009 6010 43237
6010 6011 63745
6011 6012 32348
6012 6013 30139
6013 6014 53704
6014 6015 67520
6015 6016 60301
6016 6017 31948
6017 6018 9112
6018 6019 42658
6019 6020 27549
6020 6021 19427
6021 6022 13276
6022 6023 10069
6023 6024 18073
6024 6025 29337
6025 6026 30603
6026 6027 37509
6027 6028 55040
6028 6029 65765
6029 6030 29367
6030 6031 7967
6031 6032 75564
6032 6033 53675
6033 6034 31189
6034 6035 23480
6035 6036 33680
6036 6037 16616
6037 6038 8775
6038 6039 20496
6039 6040 18751
6040 6041 49097
6041 6042 77353
6042 6043 68024
6043 6044 52850
6044 6045 45987
6045 6046 33570
6046 6047 67629
6047 6048 13411
6048 6049 53182
6049 6050 30111
6050 6051 64648
6051 6052 61857
6052 6053 70107
6053 6054 8987
6054 6055 27329
6055 6056 25146
6056 6057 16535
6057 6058 59285
6058 6059 35658
6059 6060 63762
6060 6061 14439
6061 6062 46497
6062 6063 56062
6063 6064 24060
6064 6065 39000
6065 6066 17460
6066 6067 16757
6067 6068 61864
6068 6069 20708
6069 6070 55729
6070 6071 50016
6071 6072 53106
6072 6073 75066
6073 6074 65231
6074 6075 75694
6075 6076 76332
6076 6077 39437
6077 6078 17071
6078 6079 16423
6079 6080 26188
6080 6081 17071
6081 6082 45979
6082 6083 53460
6083 6084 59039
6084 6085 66382
6085 6086 50181
6086 6087 9581
6087 6088 4355
6088 6089 58445
6089 6090 59232
6090 6091 18413
6091 6092 8732
6092 6093 36617
6093 6094 65119
6094 6095 69170
6095 6096 1104
6096 6097 29347
6097 6098 58516
6098 6099 70220
6099 6100 23216
3099 6101 24232
6101 6102 66603
6102 6103 51237
6103 6104 56665
6104 6105 47913
6105 6106 79216
6106 6107 64117
6107 6108 279
6108 6109 53133
6109 6110 27986
6110 6111 67994
6111 6112 76466
6112 6113 52944
6113 6114 66789
6114 6115 69302
6115 6116 73349
6116 6117 66209
6117 6118 76435
6118 6119 62406
6119 6120 5909
6120 6121 19843
6121 6122 67613
6122 6123 41687
6123 6124 44680
6124 6125 72719
6125 6126 35674
6126 6127 2362
6127 6128 8132
6128 6129 1121
6129 6130 78812
6130 6131 73691
6131 6132 57445
6132 6133 72537
6133 6134 29570
6134 6135 20791
6135 6136 45089
6136 6137 20516
6137 6138 15583
6138 6139 26534
6139 6140 52425
6140 6141 31366
6141 6142 507
6142 6143 5457
6143 6144 39254
6144 6145 50545
6145 6146 53476
6146 6147 30374
6147 6148 51976
6148 6149 43346
6149 6150 61493
6150 6151 12533
6151 6152 5008
6152 6153 13271
6153 6154 2932
6154 6155 49434
6155 6156 6880
6156 6157 79985
6157 6158 45853
6158 6159 47829
6159 6160 15303
6160 6161 55181
6161 6162 74782
6162 6163 56711
6163 6164 9053
6164 6165 49501
6165 6166 40686
6166 6167 65480
6167 6168 5698
6168 6169 14844
6169 6170 594
6170 6171 26014
6171 6172 45307
6172 6173 44455
6173 6174 40385
6174 6175 64931
6175 6176 67973
6176 6177 16937
6177 6178 54579
6178 6179 60382
6179 6180 16744
6180 6181 48243
6181 6182 9293
6182 6183 38942
6183 6184 13815
6184 6185 53494
6185 6186 40957
6186 6187 9171
6187 6188 34775
6188 6189 16827
6189 6190 11923
6190 6191 14882
6191 6192 52065
6192 6193 31884
6193 6194 36966
6194 6195 65157
6195 6196 67979
6196 6197 15846
6197 6198 38721
6198 6199 48654
6199 6200 49862
3099 6201 5463
6201 6202 75389
6202 6203 70898
6203 6204 9467
6204 6205 16882
6205 6206 13699
6206 6207 19521
6207 6208 66369
6208 6209 50396
6209 6210 77177
6210 6211 57133
6211 6212 34254
6212 6213 46561
6213 6214 75105
6214 6215 8539
6215 6216 58123
6216 6217 33320
6217 6218 56052
6218 6219 44900
6219 6220 67564
6220 6221 34662
6221 6222 65380
6222 6223 63104
6223 6224 15571
6224 6225 48200
6225 6226 27653
6226 6227 25788
6227 6228 29688
6228 6229 9247
6229 6230 78963
6230 6231 41750
6231 6232 23975
6232 6233 33789
6233 6234 14470
6234 6235 76078
6235 6236 63012
6236 6237 7041
6237 6238 63026
6238 6239 67328
6239 6240 35597
6240 6241 70515
6241 6242 12674
6242 6243 44410
6243 6244 50530
6244 6245 13691
6245 6246 77146
6246 6247 76459
6247 6248 71656
6248 6249 12080
6249 6250 38034
6250 6251 9390
6251 6252 35700
6252 6253 16027
6253 6254 25950
6254 6255 32820
6255 6256 1602
6256 6257 41176
6257 6258 37444
6258 6259 7675
6259 6260 26568
6260 6261 62813
6261 6262 32922
6262 6263 60979
6263 6264 37182
6264 6265 73518
6265 6266 42491
6266 6267 79660
6267 6268 18545
6268 6269 66810
6269 6270 32796
6270 6271 11939
6271 6272 1976
6272 6273 51403
6273 6274 1925
6274 6275 6151
6275 6276 7327
6276 6277 79798
6277 6278 75648
6278 6279 59755
6279 6280 54974
6280 6281 21682
6281 6282 37318
6282 6283 68741
6283 6284 29757
6284 6285 57660
6285 6286 38770
6286 6287 37510
6287 6288 54331
6288 6289 41936
6289 6290 3485
6290 6291 16076
6291 6292 10261
6292 6293 66877
6293 6294 33350
6294 6295 45348
6295 6296 47210
6296 6297 38412
6297 6298 36933
6298 6299 4598
6299 6300 69183
3199 6301 64842
6301 6302 44813
6302 6303 65
6303 6304 73670
6304 6305 52489
6305 6306 5097
6306 6307 55518
6307 6308 59932
6308 6309 59071
6309 6310 71878
6310 6311 65256
6311 6312 28298
6312 6313 66108
6313 6314 59237
6314 6315 1850
6315 6316 69653
6316 6317 60756
6317 6318 5583
6318 6319 66889
6319 6320 71829
6320 6321 70037
6321 6322 63021
6322 6323 5984
6323 6324 22347
6324 6325 8593
6325 6326 14251
6326 6327 34475
6327 6328 54349
6328 6329 4906
6329 6330 61616
6330 6331 40578
6331 6332 5126
6332 6333 36799
6333 6334 33785
6334 6335 22777
6335 6336 75024
6336 6337 44083
6337 6338 860
6338 6339 52525
6339 6340 72015
6340 6341 70680
6341 6342 35280
6342 6343 27586
6343 6344 47824
6344 6345 21277
6345 6346 47805
6346 6347 8056
6347 6348 1759
6348 6349 5356
6349 6350 39801
6350 6351 12193
6351 6352 74360
6352 6353 9689
6353 6354 52070
6354 6355 32526
6355 6356 68402
6356 6357 4133
6357 6358 44501
6358 6359 53860
6359 6360 23215
6360 6361 34441
6361 6362 73331
6362 6363 61870
6363 6364 35959
6364 6365 33664
6365 6366 46516
6366 6367 42946
6367 6368 77714
6368 6369 56279
6369 6370 71965
6370 6371 69923
6371 6372 1117
6372 6373 2779
6373 6374 78850
6374 6375 66196
6375 6376 23946
6376 6377 40766
6377 6378 68217
6378 6379 5851
6379 6380 78788
6380 6381 49612
6381 6382 65189
6382 6383 19061
6383 6384 76725
6384 6385 78857
6385 6386 59680
6386 6387 56785
6387 6388 17267
6388 6389 53899
6389 6390 32433
6390 6391 26203
6391 6392 72034
6392 6393 59986
6393 6394 39687
6394 6395 68525
6395 6396 59706
6396 6397 42969
6397 6398 2743
6398 6399 64771
6399 6400 55495
3199 6401 8968
6401 6402 1407
6402 6403 1110
6403 6404 56947
6404 6405 64737
6405 6406 54380
6406 6407 5363
6407 6408 53200
6408 6409 8172
6409 6410 64099
6410 6411 13887
6411 6412 18162
6412 6413 22383
6413 6414 10565
6414 6415 30190
6415 6416 37095
6416 6417 7060
6417 6418 64282
6418 6419 36525
6419 6420 8003
6420 6421 46536
6421 6422 34591
6422 6423 76792
6423 6424 62040
6424 6425 24772
6425 6426 522
6426 6427 33057
6427 6428 40332
6428 6429 60366
6429 6430 48504
6430 6431 17421
6431 6432 73506
6432 6433 52308
6433 6434 71768
6434 6435 52271
6435 6436 50108
6436 6437 58572
6437 6438 17509
6438 6439 59947
6439 6440 78102
6440 6441 3391
6441 6442 53999
6442 6443 12243
6443 6444 59228
6444 6445 40785
6445 6446 39775
6446 6447 58902
6447 6448 79201
6448 6449 33117
6449 6450 61960
6450 6451 39525
6451 6452 43783
6452 6453 43784
6453 6454 941
6454 6455 46262
6455 6456 14809
6456 6457 63795
6457 6458 42752
6458 6459 33797
6459 6460 9343
6460 6461 6856
6461 6462 76593
6462 6463 78112
6463 6464 8549
6464 6465 31862
6465 6466 21366
6466 6467 60384
6467 6468 26226
6468 6469 68085
6469 6470 36333
6470 6471 16828
6471 6472 73767
6472 6473 35722
6473 6474 60178
6474 6475 7899
6475 6476 19552
6476 6477 54107
6477 6478 30857
6478 6479 57739
6479 6480 37534
6480 6481 78541
6481 6482 28352
6482 6483 17957
6483 6484 78150
6484 6485 50595
6485 6486 695
6486 6487 42126
6487 6488 34665
6488 6489 37878
6489 6490 46560
6490 6491 46878
6491 6492 57984
6492 6493 15248
6493 6494 33310
6494 6495 45993
6495 6496 13441
6496 6497 19579
6497 6498 6783
6498 6499 36809
6499 6500 31621
3299 6501 46214
6501 6502 22313
6502 6503 41080
6503 6504 7154
6504 6505 49121
6505 6506 50512
6506 6507 13428
6507 6508 8153
6508 6509 54563
6509 6510 47745
6510 6511 46832
6511 6512 35643
6512 6513 2663
6513 6514 47076
6514 6515 24646
6515 6516 8197
6516 6517 39007
6517 6518 67064
6518 6519 25554
6519 6520 78159
6520 6521 30696
6521 6522 30992
6522 6523 41858
6523 6524 6131
6524 6525 19414
6525 6526 60380
6526 6527 30408
6527 6528 56046
6528 6529 18259
6529 6530 5535
6530 6531 67682
6531 6532 12325
6532 6533 73962
6533 6534 10947
6534 6535 3740
6535 6536 54931
6536 6537 32514
6537 6538 4300
6538 6539 75072
6539 6540 55845
6540 6541 13054
6541 6542 24097
6542 6543 18573
6543 6544 1784
6544 6545 10412
6545 6546 21080
6546 6547 11606
6547 6548 14260
6548 6549 14713
6549 6550 78788
6550 6551 37901
6551 6552 62235
6552 6553 60659
6553 6554 8040
6554 6555 70067
6555 6556 55967
6556 6557 50765
6557 6558 54633
6558 6559 35020
6559 6560 39677
6560 6561 15713
6561 6562 24786
6562 6563 32276
6563 6564 42634
6564 6565 26512
6565 6566 40372
6566 6567 59077
6567 6568 60091
6568 6569 25589
6569 6570 41374
6570 6571 41240
6571 6572 37406
6572 6573 65972
6573 6574 65675
6574 6575 51445
6575 6576 3937
6576 6577 11976
6577 6578 66900
6578 6579 62996
6579 6580 25187
6580 6581 66835
6581 6582 39691
6582 6583 35537
6583 6584 35908
6584 6585 68219
6585 6586 61278
6586 6587 7573
6587 6588 1724
6588 6589 33417
6589 6590 7491
6590 6591 35157
6591 6592 67989
6592 6593 43688
6593 6594 79778
6594 6595 76153
6595 6596 53058
6596 6597 27930
6597 6598 25637
6598 6599 14787
6599 6600 42775
3299 6601 36952
6601 6602 35788
6602 6603 40378
6603 6604 49120
6604 6605 6396
6605 6606 62985
6606 6607 61577
6607 6608 33292
6608 6609 67011
6609 6610 58946
6610 6611 46019
6611 6612 56305
6612 6613 42259
6613 6614 64167
6614 6615 9658
6615 6616 76653
6616 6617 32178
6617 6618 40105
6618 6619 50829
6619 6620 61609
6620 6621 43332
6621 6622 46738
6622 6623 39294
6623 6624 66847
6624 6625 10421
6625 6626 22473
6626 6627 55956
6627 6628 18395
6628 6629 29790
6629 6630 12771
6630 6631 18980
6631 6632 20905
6632 6633 22173
6633 6634 54685
6634 6635 30642
6635 6636 69508
6636 6637 61819
6637 6638 78961
6638 6639 53551
6639 6640 729
6640 6641 19367
6641 6642 11859
6642 6643 70504
6643 6644 16423
6644 6645 6815
6645 6646 50658
6646 6647 25490
6647 6648 26442
6648 6649 61246
6649 6650 49762
6650 6651 55303
6651 6652 54640
6652 6653 68261
6653 6654 38886
6654 6655 54851
6655 6656 74243
6656 6657 7404
6657 6658 12350
6658 6659 55527
6659 6660 52615
6660 6661 72957
6661 6662 45949
6662 6663 26198
6663 6664 74149
6664 6665 61027
6665 6666 41435
6666 6667 59363
6667 6668 37345
6668 6669 34952
6669 6670 45820
6670 6671 15985
6671 6672 51839
6672 6673 67128
6673 6674 9473
6674 6675 1555
6675 6676 29550
6676 6677 7480
6677 6678 65440
6678 6679 55356
6679 6680 61141
6680 6681 51839
6681 6682 31692
6682 6683 29716
6683 6684 28749
6684 6685 74535
6685 6686 35760
6686 6687 46482
6687 6688 11193
6688 6689 35730
6689 6690 3263
6690 6691 55330
6691 6692 75756
6692 6693 7868
6693 6694 20512
6694 6695 38416
6695 6696 74636
6696 6697 28619
6697 6698 77293
6698 6699 45731
6699 6700 53267
3399 6701 41275
6701 6702 35915
6702 6703 39868
6703 6704 30823
6704 6705 71690
6705 6706 29862
6706 6707 58260
6707 6708 49313
6708 6709 25558
6709 6710 54538
6710 6711 15385
6711 6712 17818
6712 6713 61175
6713 6714 1459
6714 6715 50891
6715 6716 48235
6716 6717 29667
6717 6718 69462
6718 6719 54392
6719 6720 1677
6720 6721 24712
6721 6722 42705
6722 6723 55896
6723 6724 65776
6724 6725 27701
6725 6726 9211
6726 6727 70973
6727 6728 74682
6728 6729 735
6729 6730 55501
6730 6731 48080
6731 6732 45312
6732 6733 32664
6733 6734 57725
6734 6735 42393
6735 6736 40962
6736 6737 50984
6737 6738 39801
6738 6739 19087
6739 6740 79690
6740 6741 34384
6741 6742 21502
6742 6743 49373
6743 6744 45302
6744 6745 51300
6745 6746 52502
6746 6747 54568
6747 6748 52282
6748 6749 48502
6749 6750 37230
6750 6751 73856
6751 6752 18931
6752 6753 45244
6753 6754 62318
6754 6755 20545
6755 6756 53669
6756 6757 56512
6757 6758 569
6758 6759 22603
6759 6760 6754
6760 6761 7244
6761 6762 44517
6762 6763 45813
6763 6764 13216
6764 6765 16684
6765 6766 58467
6766 6767 43376
6767 6768 45738
6768 6769 47933
6769 6770 37953
6770 6771 33430
6771 6772 3453
6772 6773 67017
6773 6774 6829
6774 6775 23030
6775 6776 77798
6776 6777 36903
6777 6778 74880
6778 6779 49065
6779 6780 47895
6780 6781 65033
6781 6782 14839
6782 6783 44628
6783 6784 29847
6784 6785 51534
6785 6786 52469
6786 6787 50382
6787 6788 37542
6788 6789 12119
6789 6790 35560
6790 6791 6990
6791 6792 28185
6792 6793 47023
6793 6794 44333
6794 6795 9354
6795 6796 52572
6796 6797 44110
6797 6798 39187
6798 6799 45783
6799 6800 47406
3399 6801 54730
6801 6802 49749
6802 6803 29770
6803 6804 68665
6804 6805 21907
6805 6806 59269
6806 6807 31227
6807 6808 16734
6808 6809 20631
6809 6810 32857
6810 6811 62526
6811 6812 46780
6812 6813 74622
6813 6814 10852
6814 6815 70263
6815 6816 73508
6816 6817 12398
6817 6818 55444
6818 6819 62200
6819 6820 9126
6820 6821 43510
6821 6822 8188
6822 6823 50960
6823 6824 3018
6824 6825 51587
6825 6826 66119
6826 6827 58893
6827 6828 13305
6828 6829 16584
6829 6830 54758
6830 6831 28646
6831 6832 39110
6832 6833 73926
6833 6834 38261
6834 6835 14244
6835 6836 24109
6836 6837 32175
6837 6838 35428
6838 6839 62402
6839 6840 15600
6840 6841 67440
6841 6842 10877
6842 6843 46941
6843 6844 76065
6844 6845 38218
6845 6846 50176
6846 6847 1782
6847 6848 4365
6848 6849 63612
6849 6850 45499
6850 6851 64419
6851 6852 649
6852 6853 53445
6853 6854 19191
6854 6855 47303
6855 6856 65305
6856 6857 55840
6857 6858 67064
6858 6859 11670
6859 6860 29290
6860 6861 23798
6861 6862 66437
6862 6863 72294
6863 6864 26952
6864 6865 61811
6865 6866 16637
6866 6867 42978
6867 6868 41710
6868 6869 5303
6869 6870 28441
6870 6871 59509
6871 6872 5364
6872 6873 16884
6873 6874 19963
6874 6875 4401
6875 6876 1034
6876 6877 33593
6877 6878 22780
6878 6879 23083
6879 6880 47140
6880 6881 9327
6881 6882 36584
6882 6883 10483
6883 6884 63198
6884 6885 11794
6885 6886 9791
6886 6887 48450
6887 6888 1600
6888 6889 40895
6889 6890 40560
6890 6891 40945
6891 6892 55570
6892 6893 63152
6893 6894 64554
6894 6895 55200
6895 6896 27782
6896 6897 57275
6897 6898 73583
6898 6899 35610
6899 6900 40387
3499 6901 31562
6901 6902 56103
6902 6903 442
6903 6904 23545
6904 6905 60227
6905 6906 20183
6906 6907 10701
6907 6908 73674
6908 6909 44503
6909 6910 37207
6910 6911 59893
6911 6912 26433
6912 6913 63784
6913 6914 1289
6914 6915 46106
6915 6916 6950
6916 6917 70446
6917 6918 68767
6918 6919 46209
6919 6920 66567
6920 6921 31925
6921 6922 392
6922 6923 44915
6923 6924 24274
6924 6925 41461
6925 6926 66791
6926 6927 18576
6927 6928 3177
6928 6929 25525
6929 6930 48348
6930 6931 25225
6931 6932 68765
6932 6933 30708
6933 6934 31048
6934 6935 52586
6935 6936 16533
6936 6937 29290
6937 6938 12628
6938 6939 56168
6939 6940 5190
6940 6941 67571
6941 6942 32116
6942 6943 70814
6943 6944 66157
6944 6945 14667
6945 6946 49879
6946 6947 62550
6947 6948 31221
6948 6949 58453
6949 6950 51548
6950 6951 12128
6951 6952 20021
6952 6953 52203
6953 6954 31466
6954 6955 6126
6955 6956 23839
6956 6957 38790
6957 6958 13550
6958 6959 45163
6959 6960 76831
6960 6961 64724
6961 6962 72198
6962 6963 60962
6963 6964 50362
6964 6965 59332
6965 6966 34047
6966 6967 34996
6967 6968 4552
6968 6969 11451
6969 6970 58401
6970 6971 77470
6971 6972 74195
6972 6973 47858
6973 6974 59429
6974 6975 12353
6975 6976 33806
6976 6977 12785
6977 6978 456
6978 6979 27202
6979 6980 75911
6980 6981 74422
6981 6982 60834
6982 6983 31380
6983 6984 36845
6984 6985 53905
6985 6986 60971
6986 6987 34825
6987 6988 65160
6988 6989 16495
6989 6990 61009
6990 6991 18263
6991 6992 26098
6992 6993 35754
6993 6994 3149
6994 6995 75542
6995 6996 48542
6996 6997 9252
6997 6998 29022
6998 6999 57586
6999 7000 14559
3499 7001 12378
7001 7002 28231
7002 7003 8814
7003 7004 23374
7004 7005 21546
7005 7006 57658
7006 7007 2446
7007 7008 21476
7008 7009 36881
7009 7010 61123
7010 7011 75097
7011 7012 76358
7012 7013 54068
7013 7014 31111
7014 7015 54459
7015 7016 21345
7016 7017 9962
7017 7018 48636
7018 7019 9029
7019 7020 45439
7020 7021 12130
7021 7022 54094
7022 7023 47385
7023 7024 10256
7024 7025 46297
7025 7026 31987
7026 7027 37542
7027 7028 35989
7028 7029 52994
7029 7030 40890
7030 7031 70660
7031 7032 63791
7032 7033 31628
7033 7034 47040
7034 7035 38341
7035 7036 36428
7036 7037 67914
7037 7038 71640
7038 7039 56035
7039 7040 53288
7040 7041 31682
7041 7042 51387
7042 7043 56334
7043 7044 47531
7044 7045 21599
7045 7046 70655
7046 7047 28832
7047 7048 41240
7048 7049 57367
7049 7050 26972
7050 7051 32461
7051 7052 58993
7052 7053 11365
7053 7054 56357
7054 7055 42141
7055 7056 50189
7056 7057 11441
7057 7058 61599
7058 7059 2601
7059 7060 10186
7060 7061 65182
7061 7062 62112
7062 7063 58802
7063 7064 59098
7064 7065 5774
7065 7066 5206
7066 7067 43446
7067 7068 75627
7068 7069 66777
7069 7070 13578
7070 7071 79582
7071 7072 71102
7072 7073 56109
7073 7074 5422
7074 7075 48437
7075 7076 18199
7076 7077 15854
7077 7078 18724
7078 7079 5138
7079 7080 53426
7080 7081 34660
7081 7082 35641
7082 7083 40962
7083 7084 40731
7084 7085 75217
7085 7086 6727
7086 7087 69537
7087 7088 25937
7088 7089 23729
7089 7090 51213
7090 7091 13656
7091 7092 61648
7092 7093 49839
7093 7094 58688
7094 7095 58006
7095 7096 42325
7096 7097 59008
7097 7098 39677
7098 7099 50515
7099 7100 64325
3599 7101 12020
7101 7102 45750
7102 7103 5564
7103 7104 13144
7104 7105 66972
7105 7106 44266
7106 7107 26562
7107 7108 43250
7108 7109 67066
7109 7110 25782
7110 7111 77911
7111 7112 69743
7112 7113 48467
7113 7114 41478
7114 7115 701
7115 7116 40428
7116 7117 41566
7117 7118 77154
7118 7119 39417
7119 7120 33416
7120 7121 20193
7121 7122 39009
7122 7123 6709
7123 7124 36888
7124 7125 5375
7125 7126 50816
7126 7127 47774
7127 7128 23936
7128 7129 12149
7129 7130 39060
7130 7131 15838
7131 7132 66716
7132 7133 19027
7133 7134 16073
7134 7135 3188
7135 7136 78708
7136 7137 61266
7137 7138 73567
7138 7139 668
7139 7140 2052
7140 7141 22410
7141 7142 67702
7142 7143 41966
7143 7144 61319
7144 7145 48794
7145 7146 73750
7146 7147 1007
7147 7148 67288
7148 7149 79805
7149 7150 31466
7150 7151 76373
7151 7152 43780
7152 7153 33134
7153 7154 20636
7154 7155 4692
7155 7156 72053
7156 7157 2762
7157 7158 68124
7158 7159 77151
7159 7160 62642
7160 7161 1679
7161 7162 39007
7162 7163 67686
7163 7164 58354
7164 7165 3890
7165 7166 8157
7166 7167 22668
7167 7168 29463
7168 7169 29649
7169 7170 68699
7170 7171 43636
7171 7172 29152
7172 7173 33769
7173 7174 57804
7174 7175 57634
7175 7176 66066
7176 7177 51746
7177 7178 47226
7178 7179 13192
7179 7180 33969
7180 7181 19033
7181 7182 50616
7182 7183 23097
7183 7184 26529
7184 7185 8228
7185 7186 53563
7186 7187 74088
7187 7188 44201
7188 7189 24948
7189 7190 40369
7190 7191 16067
7191 7192 52372
7192 7193 60199
7193 7194 72762
7194 7195 8301
7195 7196 40814
7196 7197 58705
7197 7198 3492
7198 7199 47264
7199 7200 10660
3599 7201 28071
7201 7202 53782
7202 7203 65280
7203 7204 31677
7204 7205 74767
7205 7206 21093
7206 7207 64158
7207 7208 41681
7208 7209 29944
7209 7210 15880
7210 7211 25491
7211 7212 49815
7212 7213 59595
7213 7214 9725
7214 7215 69145
7215 7216 67048
7216 7217 26451
7217 7218 22078
7218 7219 67229
7219 7220 4247
7220 7221 8741
7221 7222 34534
7222 7223 20209
7223 7224 2705
7224 7225 22223
7225 7226 23925
7226 7227 31699
7227 7228 42762
7228 7229 57432
7229 7230 23853
7230 7231 20858
7231 7232 48220
7232 7233 52919
7233 7234 13164
7234 7235 73537
7235 7236 43034
7236 7237 62362
7237 7238 66896
7238 7239 61064
7239 7240 22641
7240 7241 16195
7241 7242 2015
7242 7243 324
7243 7244 64975
7244 7245 36414
7245 7246 11084
7246 7247 8627
7247 7248 46004
7248 7249 26717
7249 7250 55093
7250 7251 26044
7251 7252 17272
7252 7253 8172
7253 7254 6860
7254 7255 24530
7255 7256 67350
7256 7257 1254
7257 7258 55489
7258 7259 37479
7259 7260 37924
7260 7261 53714
7261 7262 6981
7262 7263 32345
7263 7264 47126
7264 7265 65473
7265 7266 34021
7266 7267 27102
7267 7268 76159
7268 7269 59884
7269 7270 20289
7270 7271 16889
7271 7272 67958
7272 7273 68662
7273 7274 35140
7274 7275 49150
7275 7276 47460
7276 7277 9417
7277 7278 64238
7278 7279 23707
7279 7280 5377
7280 7281 56949
7281 7282 61926
7282 7283 69140
7283 7284 74327
7284 7285 79099
7285 7286 40774
7286 7287 44907
7287 7288 51038
7288 7289 36072
7289 7290 2573
7290 7291 29073
7291 7292 40889
7292 7293 52593
7293 7294 44949
7294 7295 42117
7295 7296 51283
7296 7297 38853
7297 7298 8975
7298 7299 79560
7299 7300 74905
3699 7301 73072
7301 7302 79853
7302 7303 70107
7303 7304 42697
7304 7305 10422
7305 7306 24483
7306 7307 8892
7307 7308 58474
7308 7309 67523
7309 7310 53499
7310 7311 32396
7311 7312 79215
7312 7313 52470
7313 7314 63608
7314 7315 49291
7315 7316 21057
7316 7317 31974
7317 7318 11499
7318 7319 7844
7319 7320 51261
7320 7321 37554
7321 7322 70724
7322 7323 63901
7323 7324 38787
7324 7325 5008
7325 7326 18056
7326 7327 1833
7327 7328 42727
7328 7329 1559
7329 7330 69426
7330 7331 32160
7331 7332 29457
7332 7333 34197
7333 7334 23640
7334 7335 49689
7335 7336 78230
7336 7337 30319
7337 7338 2200
7338 7339 68011
7339 7340 16572
7340 7341 45855
7341 7342 8225
7342 7343 53059
7343 7344 37879
7344 7345 10840
7345 7346 56238
7346 7347 25226
7347 7348 1729
7348 7349 47507
7349 7350 55249
7350 7351 11445
7351 7352 12166
7352 7353 22094
7353 7354 56709
7354 7355 42139
7355 7356 27117
7356 7357 73376
7357 7358 22507
7358 7359 31886
7359 7360 12342
7360 7361 2605
7361 7362 20680
7362 7363 38642
7363 7364 10306
7364 7365 38461
7365 7366 15055
7366 7367 39820
7367 7368 58865
7368 7369 34632
7369 7370 40154
7370 7371 78595
7371 7372 75440
7372 7373 32069
7373 7374 45406
7374 7375 61252
7375 7376 76562
7376 7377 13854
7377 7378 5921
7378 7379 63832
7379 7380 72873
7380 7381 35882
7381 7382 22794
7382 7383 28987
7383 7384 16563
7384 7385 22151
7385 7386 76757
7386 7387 77006
7387 7388 7450
7388 7389 8531
7389 7390 49001
7390 7391 63039
7391 7392 52819
7392 7393 59253
7393 7394 5622
7394 7395 73826
7395 7396 30499
7396 7397 6193
7397 7398 75540
7398 7399 2589
7399 7400 49361
3699 7401 77816
7401 7402 46973
7402 7403 61230
7403 7404 48980
7404 7405 9590
7405 7406 56361
7406 7407 57350
7407 7408 30985
7408 7409 50790
7409 7410 26521
7410 7411 34687
7411 7412 75674
7412 7413 2010
7413 7414 32249
7414 7415 26443
7415 7416 26229
7416 7417 49299
7417 7418 5773
7418 7419 13865
7419 7420 63872
7420 7421 3974
7421 7422 888
7422 7423 52122
7423 7424 31068
7424 7425 76960
7425 7426 48175
7426 7427 47182
7427 7428 7141
7428 7429 3305
7429 7430 45139
7430 7431 11010
7431 7432 31172
7432 7433 16732
7433 7434 14495
7434 7435 56876
7435 7436 46442
7436 7437 57182
7437 7438 14942
7438 7439 27292
7439 7440 51033
7440 7441 40518
7441 7442 48274
7442 7443 32295
7443 7444 20125
7444 7445 64186
7445 7446 71323
7446 7447 73611
7447 7448 58756
7448 7449 17505
7449 7450 31582
7450 7451 72230
7451 7452 4997
7452 7453 16525
7453 7454 6267
7454 7455 5622
7455 7456 76421
7456 7457 79298
7457 7458 48854
7458 7459 64993
7459 7460 74332
7460 7461 31239
7461 7462 39892
7462 7463 44227
7463 7464 993
7464 7465 60504
7465 7466 15903
7466 7467 25219
7467 7468 36776
7468 7469 36339
7469 7470 3098
7470 7471 64904
7471 7472 11137
7472 7473 13731
7473 7474 8796
7474 7475 76366
7475 7476 8203
7476 7477 41184
7477 7478 58530
7478 7479 57777
7479 7480 23186
7480 7481 14896
7481 7482 37635
7482 7483 11164
7483 7484 55228
7484 7485 36226
7485 7486 58540
7486 7487 69004
7487 7488 22522
7488 7489 76829
7489 7490 44657
7490 7491 27667
7491 7492 77367
7492 7493 32125
7493 7494 28749
7494 7495 54594
7495 7496 57621
7496 7497 65032
7497 7498 53960
7498 7499 18477
7499 7500 53619
3799 7501 63463
7501 7502 55124
7502 7503 51466
7503 7504 72905
7504 7505 36811
7505 7506 58549
7506 7507 46613
7507 7508 27037
7508 7509 13020
7509 7510 71676
7510 7511 46381
7511 7512 25184
7512 7513 58290
7513 7514 56864
7514 7515 46323
7515 7516 6760
7516 7517 72573
7517 7518 55221
7518 7519 16906
7519 7520 18336
7520 7521 36934
7521 7522 42589
7522 7523 15480
7523 7524 51638
7524 7525 51730
7525 7526 78260
7526 7527 75450
7527 7528 6962
7528 7529 16328
7529 7530 64312
7530 7531 53621
7531 7532 52390
7532 7533 26265
7533 7534 49330
7534 7535 19553
7535 7536 67428
7536 7537 54904
7537 7538 74904
7538 7539 45586
7539 7540 75671
7540 7541 11134
7541 7542 73786
7542 7543 68990
7543 7544 18684
7544 7545 22513
7545 7546 3337
7546 7547 61411
7547 7548 37457
7548 7549 44214
7549 7550 58459
7550 7551 39238
7551 7552 52387
7552 7553 17030
7553 7554 17266
7554 7555 66618
7555 7556 47484
7556 7557 22328
7557 7558 60360
7558 7559 9271
7559 7560 23772
7560 7561 11119
7561 7562 16507
7562 7563 37750
7563 7564 68186
7564 7565 12992
7565 7566 56250
7566 7567 36218
7567 7568 47897
7568 7569 24486
7569 7570 60749
7570 7571 70722
7571 7572 26172
7572 7573 73667
7573 7574 7263
7574 7575 13754
7575 7576 74810
7576 7577 38933
7577 7578 59751
7578 7579 35509
7579 7580 2576
7580 7581 59065
7581 7582 886
7582 7583 39696
7583 7584 44339
7584 7585 9610
7585 7586 40114
7586 7587 13583
7587 7588 76818
7588 7589 57245
7589 7590 11621
7590 7591 32332
7591 7592 39893
7592 7593 67061
7593 7594 22049
7594 7595 47613
7595 7596 16977
7596 7597 30439
7597 7598 38103
7598 7599 79777
7599 7600 15034
3799 7601 48905
7601 7602 51356
7602 7603 40175
7603 7604 64970
7604 7605 32651
7605 7606 67665
7606 7607 52182
7607 7608 44671
7608 7609 52345
7609 7610 41696
7610 7611 73818
7611 7612 14969
7612 7613 14235
7613 7614 35097
7614 7615 31555
7615 7616 4358
7616 7617 70158
7617 7618 53890
7618 7619 8934
7619 7620 39573
7620 7621 3613
7621 7622 68257
7622 7623 66441
7623 7624 11755
7624 7625 9164
7625 7626 43621
7626 7627 13036
7627 7628 11297
7628 7629 21141
7629 7630 62704
7630 7631 2463
7631 7632 1496
7632 7633 18230
7633 7634 54098
7634 7635 51418
7635 7636 19628
7636 7637 38831
7637 7638 13180
7638 7639 44193
7639 7640 55204
7640 7641 57795
7641 7642 77614
7642 7643 63722
7643 7644 40810
7644 7645 17430
7645 7646 61091
7646 7647 61514
7647 7648 46139
7648 7649 58681
7649 7650 74678
7650 7651 47070
7651 7652 35452
7652 7653 54799
7653 7654 43647
7654 7655 71245
7655 7656 52482
7656 7657 29252
7657 7658 18985
7658 7659 76191
7659 7660 66394
7660 7661 15664
7661 7662 58036
7662 7663 61796
7663 7664 72782
7664 7665 28054
7665 7666 57686
7666 7667 63384
7667 7668 21290
7668 7669 27196
7669 7670 60320
7670 7671 20622
7671 7672 50225
7672 7673 25061
7673 7674 78613
7674 7675 14194
7675 7676 31247
7676 7677 9760
7677 7678 35068
7678 7679 70940
7679 7680 40403
7680 7681 32025
7681 7682 37002
7682 7683 49239
7683 7684 46684
7684 7685 2303
7685 7686 7770
7686 7687 33914
7687 7688 49771
7688 7689 55247
7689 7690 3641
7690 7691 21554
7691 7692 53962
7692 7693 64413
7693 7694 44213
7694 7695 15592
7695 7696 77164
7696 7697 29811
7697 7698 49834
7698 7699 58941
7699 7700 20499
3899 7701 22112
7701 7702 24103
7702 7703 54603
7703 7704 19876
7704 7705 67686
7705 7706 14712
7706 7707 227
7707 7708 50020
7708 7709 21901
7709 7710 30048
7710 7711 65161
7711 7712 32013
7712 7713 69499
7713 7714 33310
7714 7715 71855
7715 7716 611
7716 7717 43739
7717 7718 55083
7718 7719 45309
7719 7720 30367
7720 7721 26220
7721 7722 60036
7722 7723 75548
7723 7724 49190
7724 7725 59036
7725 7726 69359
7726 7727 45194
7727 7728 43007
7728 7729 30698
7729 7730 49290
7730 7731 70868
7731 7732 64693
7732 7733 18489
7733 7734 11606
7734 7735 48422
7735 7736 45839
7736 7737 9881
7737 7738 9008
7738 7739 77909
7739 7740 36498
7740 7741 79735
7741 7742 27911
7742 7743 71406
7743 7744 34914
7744 7745 33830
7745 7746 3165
7746 7747 29746
7747 7748 41343
7748 7749 46901
7749 7750 68764
7750 7751 56085
7751 7752 33301
7752 7753 42954
7753 7754 8135
7754 7755 690
7755 7756 63909
7756 7757 59498
7757 7758 44979
7758 7759 46057
7759 7760 79168
7760 7761 40489
7761 7762 17743
7762 7763 33388
7763 7764 79500
7764 7765 62346
7765 7766 20106
7766 7767 27034
7767 7768 51390
7768 7769 66860
7769 7770 33070
7770 7771 69963
7771 7772 75380
7772 7773 2258
7773 7774 11218
7774 7775 31538
7775 7776 53134
7776 7777 66658
7777 7778 76828
7778 7779 28984
7779 7780 25288
7780 7781 37367
7781 7782 55901
7782 7783 36239
7783 7784 67139
7784 7785 1564
7785 7786 28016
7786 7787 76400
7787 7788 3739
7788 7789 42068
7789 7790 12240
7790 7791 20043
7791 7792 1066
7792 7793 20034
7793 7794 58643
7794 7795 26112
7795 7796 64854
7796 7797 12284
7797 7798 76769
7798 7799 33618
7799 7800 40636
3899 7801 62467
7801 7802 35578
7802 7803 22699
7803 7804 47909
7804 7805 36377
7805 7806 67399
7806 7807 79484
7807 7808 73313
7808 7809 47605
7809 7810 79930
7810 7811 59703
7811 7812 25564
7812 7813 26139
7813 7814 7243
7814 7815 33485
7815 7816 22825
7816 7817 42506
7817 7818 60663
7818 7819 69077
7819 7820 54363
7820 7821 19299
7821 7822 35163
7822 7823 26227
7823 7824 49273
7824 7825 41302
7825 7826 66323
7826 7827 2140
7827 7828 29772
7828 7829 32180
7829 7830 44331
7830 7831 5308
7831 7832 14326
7832 7833 71159
7833 7834 1455
7834 7835 43711
7835 7836 31371
7836 7837 58569
7837 7838 65292
7838 7839 30437
7839 7840 1021
7840 7841 29425
7841 7842 9049
7842 7843 76452
7843 7844 47655
7844 7845 422
7845 7846 30005
7846 7847 57122
7847 7848 69572
7848 7849 60705
7849 7850 25376
7850 7851 36330
7851 7852 31542
7852 7853 6893
7853 7854 9748
7854 7855 23466
7855 7856 11845
7856 7857 50830
7857 7858 61600
7858 7859 4870
7859 7860 17653
7860 7861 2863
7861 7862 15660
7862 7863 55009
7863 7864 44775
7864 7865 38498
7865 7866 57361
7866 7867 16203
7867 7868 55538
7868 7869 47130
7869 7870 76601
7870 7871 31424
7871 7872 67574
7872 7873 63892
7873 7874 55651
7874 7875 74141
7875 7876 44556
7876 7877 40058
7877 7878 49966
7878 7879 43185
7879 7880 2312
7880 7881 13082
7881 7882 10860
7882 7883 70195
7883 7884 29822
7884 7885 55886
7885 7886 4695
7886 7887 49197
7887 7888 77036
7888 7889 66594
7889 7890 78165
7890 7891 16080
7891 7892 34348
7892 7893 32880
7893 7894 27634
7894 7895 42978
7895 7896 13794
7896 7897 60324
7897 7898 17062
7898 7899 38110
7899 7900 1823
3999 7901 21429
7901 7902 68963
7902 7903 3176
7903 7904 55452
7904 7905 36228
7905 7906 5532
7906 7907 24815
7907 7908 77695
7908 7909 58310
7909 7910 11932
7910 7911 22911
7911 7912 2758
7912 7913 35557
7913 7914 68338
7914 7915 75187
7915 7916 72139
7916 7917 1573
7917 7918 71662
7918 7919 71907
7919 7920 18596
7920 7921 29940
7921 7922 16170
7922 7923 2712
7923 7924 61981
7924 7925 31199
7925 7926 4073
7926 7927 45324
7927 7928 12846
7928 7929 4557
7929 7930 45808
7930 7931 6261
7931 7932 56846
7932 7933 22084
7933 7934 41872
7934 7935 38978
7935 7936 62975
7936 7937 10683
7937 7938 5921
7938 7939 83
7939 7940 25037
7940 7941 50851
7941 7942 1529
7942 7943 37289
7943 7944 7317
7944 7945 56456
7945 7946 64337
7946 7947 203
7947 7948 69200
7948 7949 61802
7949 7950 68209
7950 7951 27562
7951 7952 27842
7952 7953 18935
7953 7954 26062
7954 7955 23185
7955 7956 73381
7956 7957 57742
7957 7958 7911
7958 7959 17439
7959 7960 12636
7960 7961 16010
7961 7962 72711
7962 7963 20599
7963 7964 8013
7964 7965 43686
7965 7966 72873
7966 7967 73157
7967 7968 15130
7968 7969 14494
7969 7970 75520
7970 7971 69869
7971 7972 23444
7972 7973 53023
7973 7974 23982
7974 7975 61814
7975 7976 76539
7976 7977 30700
7977 7978 25320
7978 7979 30956
7979 7980 34889
7980 7981 34157
7981 7982 58162
7982 7983 59340
7983 7984 44798
7984 7985 11676
7985 7986 20970
7986 7987 4549
7987 7988 63001
7988 7989 57285
7989 7990 28157
7990 7991 23291
7991 7992 29940
7992 7993 7422
7993 7994 25532
7994 7995 56607
7995 7996 19082
7996 7997 31078
7997 7998 56986
7998 7999 2239
7999 8000 5328
3999 8001 20269
8001 8002 47363
8002 8003 16973
8003 8004 11634
8004 8005 47697
8005 8006 10040
8006 8007 68310
8007 8008 72394
8008 8009 54178
8009 8010 59824
8010 8011 69622
8011 8012 45020
8012 8013 48176
8013 8014 24497
8014 8015 2042
8015 8016 60959
8016 8017 21778
8017 8018 14764
8018 8019 70926
8019 8020 10080
8020 8021 74409
8021 8022 67906
8022 8023 36393
8023 8024 78349
8024 8025 43123
8025 8026 11611
8026 8027 53046
8027 8028 72709
8028 8029 71746
8029 8030 9841
8030 8031 32765
8031 8032 18374
8032 8033 7161
8033 8034 23603
8034 8035 48279
8035 8036 20344
8036 8037 13675
8037 8038 78989
8038 8039 26960
8039 8040 77779
8040 8041 76209
8041 8042 57513
8042 8043 28192
8043 8044 73048
8044 8045 18879
8045 8046 12567
8046 8047 73067
8047 8048 30792
8048 8049 18465
8049 8050 13329
8050 8051 71714
8051 8052 27194
8052 8053 45047
8053 8054 41564
8054 8055 43682
8055 8056 427
8056 8057 22317
8057 8058 1802
8058 8059 3092
8059 8060 40665
8060 8061 72897
8061 8062 36185
8062 8063 3765
8063 8064 63366
8064 8065 48258
8065 8066 24459
8066 8067 51624
8067 8068 56727
8068 8069 9315
8069 8070 8687
8070 8071 54415
8071 8072 75890
8072 8073 29043
8073 8074 49725
8074 8075 41363
8075 8076 8676
8076 8077 56137
8077 8078 23631
8078 8079 78974
8079 8080 51306
8080 8081 301
8081 8082 8040
8082 8083 19096
8083 8084 15931
8084 8085 7690
8085 8086 70186
8086 8087 7730
8087 8088 40384
8088 8089 76395
8089 8090 18379
8090 8091 1515
8091 8092 57162
8092 8093 5357
8093 8094 77143
8094 8095 5862
8095 8096 59980
8096 8097 42316
8097 8098 69306
8098 8099 22361
8099 8100 25143
4099 8101 65929
8101 8102 71493
8102 8103 32274
8103 8104 4468
8104 8105 74710
8105 8106 337
8106 8107 25992
8107 8108 54927
8108 8109 39347
8109 8110 47723
8110 8111 65365
8111 8112 10101
8112 8113 51182
8113 8114 53608
8114 8115 77272
8115 8116 12606
8116 8117 70691
8117 8118 29967
8118 8119 30678
8119 8120 5764
8120 8121 45720
8121 8122 53428
8122 8123 65398
8123 8124 25384
8124 8125 36377
8125 8126 76066
8126 8127 11400
8127 8128 22595
8128 8129 78804
8129 8130 34073
8130 8131 40636
8131 8132 69045
8132 8133 65599
8133 8134 18066
8134 8135 25465
8135 8136 44518
8136 8137 70956
8137 8138 50095
8138 8139 16834
8139 8140 67332
8140 8141 41985
8141 8142 44495
8142 8143 48281
8143 8144 34474
8144 8145 74007
8145 8146 28801
8146 8147 23340
8147 8148 34491
8148 8149 6077
8149 8150 67138
8150 8151 21451
8151 8152 13434
8152 8153 32915
8153 8154 15828
8154 8155 10209
8155 8156 13250
8156 8157 10465
8157 8158 44625
8158 8159 4904
8159 8160 26337
8160 8161 16011
8161 8162 15572
8162 8163 7046
8163 8164 50786
8164 8165 35196
8165 8166 11750
8166 8167 53112
8167 8168 7218
8168 8169 72561
8169 8170 2543
8170 8171 10213
8171 8172 51390
8172 8173 78595
8173 8174 2884
8174 8175 78268
8175 8176 33645
8176 8177 46063
8177 8178 14692
8178 8179 71419
8179 8180 79699
8180 8181 50428
8181 8182 74267
8182 8183 44977
8183 8184 15029
8184 8185 29847
8185 8186 64815
8186 8187 10386
8187 8188 67737
8188 8189 18195
8189 8190 21170
8190 8191 73776
8191 8192 4033
8192 8193 44135
8193 8194 56195
8194 8195 15583
8195 8196 34698
8196 8197 73983
8197 8198 47027
8198 8199 12418
8199 8200 40261
4099 8201 8036
8201 8202 8102
8202 8203 12513
8203 8204 48071
8204 8205 37210
8205 8206 14314
8206 8207 16075
8207 8208 78056
8208 8209 48962
8209 8210 8008
8210 8211 14364
8211 8212 37530
8212 8213 29418
8213 8214 67122
8214 8215 15814
8215 8216 31474
8216 8217 27598
8217 8218 6243
8218 8219 30035
8219 8220 9900
8220 8221 30854
8221 8222 72273
8222 8223 36252
8223 8224 52174
8224 8225 28249
8225 8226 50639
8226 8227 73454
8227 8228 23301
8228 8229 12311
8229 8230 56555
8230 8231 79027
8231 8232 49497
8232 8233 37068
8233 8234 68700
8234 8235 35916
8235 8236 30797
8236 8237 17469
8237 8238 42691
8238 8239 66304
8239 8240 51946
8240 8241 67524
8241 8242 78368
8242 8243 1925
8243 8244 72940
8244 8245 34390
8245 8246 67106
8246 8247 26013
8247 8248 46070
8248 8249 64464
8249 8250 75104
8250 8251 69101
8251 8252 55222
8252 8253 64002
8253 8254 27249
8254 8255 59714
8255 8256 38859
8256 8257 1423
8257 8258 52316
8258 8259 25064
8259 8260 49482
8260 8261 1066
8261 8262 19840
8262 8263 48507
8263 8264 9081
8264 8265 18495
8265 8266 32291
8266 8267 51474
8267 8268 36894
8268 8269 24817
8269 8270 19323
8270 8271 42432
8271 8272 6780
8272 8273 5714
8273 8274 5643
8274 8275 32696
8275 8276 50239
8276 8277 9724
8277 8278 27806
8278 8279 55771
8279 8280 58892
8280 8281 77358
8281 8282 7113
8282 8283 28906
8283 8284 32240
8284 8285 40839
8285 8286 19174
8286 8287 64635
8287 8288 2699
8288 8289 24418
8289 8290 27347
8290 8291 1995
8291 8292 77839
8292 8293 27682
8293 8294 19871
8294 8295 50417
8295 8296 56919
8296 8297 36426
8297 8298 18618
8298 8299 9340
8299 8300 996
4199 8301 47133
8301 8302 50249
8302 8303 10074
8303 8304 35196
8304 8305 6959
8305 8306 12746
8306 8307 26572
8307 8308 67351
8308 8309 61000
8309 8310 31031
8310 8311 33025
8311 8312 48240
8312 8313 41975
8313 8314 51387
8314 8315 67483
8315 8316 57944
8316 8317 10530
8317 8318 61176
8318 8319 76562
8319 8320 7815
8320 8321 74344
8321 8322 39331
8322 8323 70025
8323 8324 54443
8324 8325 50499
8325 8326 23250
8326 8327 44970
8327 8328 17104
8328 8329 36746
8329 8330 79937
8330 8331 46459
8331 8332 1907
8332 8333 44414
8333 8334 72057
8334 8335 72940
8335 8336 8995
8336 8337 75615
8337 8338 39730
8338 8339 60718
8339 8340 53476
8340 8341 15129
8341 8342 329
8342 8343 45594
8343 8344 76910
8344 8345 43651
8345 8346 35979
8346 8347 43728
8347 8348 6504
8348 8349 49852
8349 8350 67506
8350 8351 60735
8351 8352 58961
8352 8353 48570
8353 8354 79240
8354 8355 23510
8355 8356 36207
8356 8357 34548
8357 8358 47567
8358 8359 79634
8359 8360 17618
8360 8361 47957
8361 8362 77217
8362 8363 37215
8363 8364 17734
8364 8365 32456
8365 8366 30295
8366 8367 39996
8367 8368 2391
8368 8369 11664
8369 8370 3647
8370 8371 66435
8371 8372 5685
8372 8373 22983
8373 8374 9735
8374 8375 19897
8375 8376 72119
8376 8377 66184
8377 8378 37477
8378 8379 21563
8379 8380 17344
8380 8381 66092
8381 8382 57927
8382 8383 77011
8383 8384 33749
8384 8385 46337
8385 8386 61361
8386 8387 48934
8387 8388 41150
8388 8389 56944
8389 8390 59408
8390 8391 25282
8391 8392 47027
8392 8393 46114
8393 8394 73136
8394 8395 66771
8395 8396 27902
8396 8397 31025
8397 8398 19947
8398 8399 13756
8399 8400 75006
4199 8401 44048
8401 8402 12400
8402 8403 23940
8403 8404 4936
8404 8405 28987
8405 8406 30149
8406 8407 50098
8407 8408 75035
8408 8409 59731
8409 8410 76454
8410 8411 45125
8411 8412 60105
8412 8413 55666
8413 8414 22294
8414 8415 73633
8415 8416 34322
8416 8417 20709
8417 8418 26988
8418 8419 47907
8419 8420 75316
8420 8421 30830
8421 8422 64161
8422 8423 69993
8423 8424 33809
8424 8425 19726
8425 8426 7069
8426 8427 11672
8427 8428 57541
8428 8429 25177
8429 8430 3465
8430 8431 79051
8431 8432 34891
8432 8433 45467
8433 8434 11534
8434 8435 67402
8435 8436 44819
8436 8437 12539
8437 8438 59299
8438 8439 28219
8439 8440 59828
8440 8441 59370
8441 8442 57049
8442 8443 59300
8443 8444 15822
8444 8445 68599
8445 8446 17247
8446 8447 19981
8447 8448 72383
8448 8449 16238
8449 8450 13749
8450 8451 36572
8451 8452 33729
8452 8453 45814
8453 8454 60944
8454 8455 19343
8455 8456 9990
8456 8457 78366
8457 8458 51612
8458 8459 57527
8459 8460 53421
8460 8461 34058
8461 8462 79949
8462 8463 15184
8463 8464 54692
8464 8465 2856
8465 8466 48515
8466 8467 71139
8467 8468 18812
8468 8469 38499
8469 8470 26486
8470 8471 41067
8471 8472 73247
8472 8473 69061
8473 8474 48024
8474 8475 27288
8475 8476 54293
8476 8477 75998
8477 8478 41197
8478 8479 23999
8479 8480 56466
8480 8481 74688
8481 8482 65917
8482 8483 48682
8483 8484 44759
8484 8485 64152
8485 8486 50947
8486 8487 66531
8487 8488 67789
8488 8489 38844
8489 8490 12771
8490 8491 67749
8491 8492 47939
8492 8493 35446
8493 8494 1504
8494 8495 8535
8495 8496 72154
8496 8497 43525
8497 8498 10998
8498 8499 62569
8499 8500 69220
4299 8501 43543
8501 8502 8290
8502 8503 72142
8503 8504 71062
8504 8505 56208
8505 8506 11456
8506 8507 46973
8507 8508 51265
8508 8509 3972
8509 8510 44613
8510 8511 8785
8511 8512 54850
8512 8513 73334
8513 8514 68373
8514 8515 17402
8515 8516 53430
8516 8517 11076
8517 8518 23477
8518 8519 25418
8519 8520 36197
8520 8521 7693
8521 8522 78691
8522 8523 21330
8523 8524 73163
8524 8525 23478
8525 8526 29128
8526 8527 64380
8527 8528 58588
8528 8529 69249
8529 8530 20493
8530 8531 7496
8531 8532 3126
8532 8533 56320
8533 8534 62033
8534 8535 1229
8535 8536 57352
8536 8537 27970
8537 8538 71574
8538 8539 674
8539 8540 13036
8540 8541 77678
8541 8542 31914
8542 8543 32187
8543 8544 18786
8544 8545 1390
8545 8546 76945
8546 8547 16731
8547 8548 35890
8548 8549 30391
8549 8550 28498
8550 8551 35992
8551 8552 10050
8552 8553 60604
8553 8554 952
8554 8555 74918
8555 8556 67453
8556 8557 59199
8557 8558 18187
8558 8559 22172
8559 8560 24665
8560 8561 60098
8561 8562 37010
8562 8563 17449
8563 8564 13008
8564 8565 64941
8565 8566 55530
8566 8567 69604
8567 8568 26526
8568 8569 29435
8569 8570 36322
8570 8571 11318
8571 8572 27574
8572 8573 34138
8573 8574 5576
8574 8575 26397
8575 8576 18166
8576 8577 59590
8577 8578 54616
8578 8579 65183
8579 8580 71741
8580 8581 57398
8581 8582 20959
8582 8583 67423
8583 8584 26374
8584 8585 34927
8585 8586 8875
8586 8587 65672
8587 8588 55642
8588 8589 21382
8589 8590 79435
8590 8591 72671
8591 8592 43740
8592 8593 30463
8593 8594 1520
8594 8595 32288
8595 8596 33545
8596 8597 54192
8597 8598 49080
8598 8599 12854
8599 8600 61238
4299 8601 9975
8601 8602 12061
8602 8603 61643
8603 8604 30460
8604 8605 5387
8605 8606 22825
8606 8607 70283
8607 8608 43325
8608 8609 6356
8609 8610 61919
8610 8611 72701
8611 8612 64148
8612 8613 68005
8613 8614 26455
8614 8615 14187
8615 8616 42709
8616 8617 62319
8617 8618 75649
8618 8619 64667
8619 8620 48640
8620 8621 36536
8621 8622 204
8622 8623 41896
8623 8624 47243
8624 8625 71384
8625 8626 75468
8626 8627 27830
8627 8628 35904
8628 8629 15627
8629 8630 51804
8630 8631 15721
8631 8632 29838
8632 8633 59245
8633 8634 30810
8634 8635 76421
8635 8636 55561
8636 8637 75291
8637 8638 34855
8638 8639 40626
8639 8640 64166
8640 8641 45251
8641 8642 7988
8642 8643 44983
8643 8644 53021
8644 8645 17500
8645 8646 54426
8646 8647 23877
8647 8648 44688
8648 8649 8085
8649 8650 24941
8650 8651 29675
8651 8652 67220
8652 8653 42195
8653 8654 56813
8654 8655 78263
8655 8656 77328
8656 8657 1011
8657 8658 10914
8658 8659 74472
8659 8660 61433
8660 8661 30140
8661 8662 11609
8662 8663 58650
8663 8664 41871
8664 8665 53826
8665 8666 31163
8666 8667 23104
8667 8668 14217
8668 8669 18911
8669 8670 66453
8670 8671 15120
8671 8672 21992
8672 8673 76012
8673 8674 65389
8674 8675 36110
8675 8676 30177
8676 8677 27026
8677 8678 52698
8678 8679 62677
8679 8680 1529
8680 8681 30327
8681 8682 14185
8682 8683 47165
8683 8684 11694
8684 8685 68019
8685 8686 26301
8686 8687 32400
8687 8688 24064
8688 8689 14619
8689 8690 11368
8690 8691 4436
8691 8692 43822
8692 8693 597
8693 8694 78613
8694 8695 45338
8695 8696 29594
8696 8697 18594
8697 8698 44044
8698 8699 822
8699 8700 54307
4399 8701 4390
8701 8702 57636
8702 8703 25525
8703 8704 61782
8704 8705 76375
8705 8706 20192
8706 8707 9333
8707 8708 79286
8708 8709 167
8709 8710 56078
8710 8711 35871
8711 8712 24269
8712 8713 68904
8713 8714 24011
8714 8715 26316
8715 8716 23576
8716 8717 74496
8717 8718 33481
8718 8719 35345
8719 8720 10980
8720 8721 30278
8721 8722 32921
8722 8723 27458
8723 8724 7428
8724 8725 60143
8725 8726 46564
8726 8727 1643
8727 8728 25058
8728 8729 19328
8729 8730 14764
8730 8731 61617
8731 8732 41739
8732 8733 62159
8733 8734 31158
8734 8735 10647
8735 8736 39076
8736 8737 28723
8737 8738 32376
8738 8739 6454
8739 8740 40102
8740 8741 64050
8741 8742 50916
8742 8743 59977
8743 8744 18278
8744 8745 45785
8745 8746 52576
8746 8747 27226
8747 8748 21902
8748 8749 4564
8749 8750 46184
8750 8751 2614
8751 8752 79887
8752 8753 34565
8753 8754 2481
8754 8755 34512
8755 8756 43329
8756 8757 30928
8757 8758 9344
8758 8759 74957
8759 8760 36743
8760 8761 65541
8761 8762 29951
8762 8763 24317
8763 8764 35329
8764 8765 18857
8765 8766 40557
8766 8767 32011
8767 8768 48835
8768 8769 40704
8769 8770 51266
8770 8771 55860
8771 8772 1193
8772 8773 71405
8773 8774 37318
8774 8775 45664
8775 8776 34233
8776 8777 67538
8777 8778 32255
8778 8779 25946
8779 8780 60563
8780 8781 16019
8781 8782 69653
8782 8783 19425
8783 8784 70153
8784 8785 31951
8785 8786 20612
8786 8787 49173
8787 8788 14098
8788 8789 63969
8789 8790 43363
8790 8791 19374
8791 8792 79778
8792 8793 15153
8793 8794 32738
8794 8795 66205
8795 8796 79775
8796 8797 2810
8797 8798 62792
8798 8799 34509
8799 8800 54745
4399 8801 48157
8801 8802 74105
8802 8803 62500
8803 8804 18923
8804 8805 39290
8805 8806 52446
8806 8807 3565
8807 8808 44962
8808 8809 46220
8809 8810 63795
8810 8811 18107
8811 8812 35972
8812 8813 34474
8813 8814 51173
8814 8815 65979
8815 8816 60432
8816 8817 25541
8817 8818 37074
8818 8819 71547
8819 8820 24994
8820 8821 50587
8821 8822 43086
8822 8823 26900
8823 8824 2151
8824 8825 9414
8825 8826 65441
8826 8827 64070
8827 8828 33898
8828 8829 58053
8829 8830 46082
8830 8831 69038
8831 8832 9197
8832 8833 15819
8833 8834 21555
8834 8835 50767
8835 8836 77424
8836 8837 30541
8837 8838 67040
8838 8839 47338
8839 8840 67714
8840 8841 12067
8841 8842 27423
8842 8843 4362
8843 8844 68569
8844 8845 66150
8845 8846 42629
8846 8847 21015
8847 8848 14344
8848 8849 60252
8849 8850 583
8850 8851 24696
8851 8852 75342
8852 8853 57306
8853 8854 54580
8854 8855 36130
8855 8856 37012
8856 8857 28737
8857 8858 31783
8858 8859 78580
8859 8860 54793
8860 8861 47143
8861 8862 12878
8862 8863 56992
8863 8864 71682
8864 8865 78902
8865 8866 52976
8866 8867 31646
8867 8868 7455
8868 8869 69840
8869 8870 8721
8870 8871 39071
8871 8872 15636
8872 8873 36662
8873 8874 10910
8874 8875 69995
8875 8876 20592
8876 8877 32300
8877 8878 61733
8878 8879 77130
8879 8880 74332
8880 8881 24173
8881 8882 49154
8882 8883 35872
8883 8884 75051
8884 8885 48410
8885 8886 47966
8886 8887 41772
8887 8888 732
8888 8889 64631
8889 8890 49266
8890 8891 16252
8891 8892 18227
8892 8893 78400
8893 8894 60104
8894 8895 19724
8895 8896 131
8896 8897 68836
8897 8898 11782
8898 8899 25300
8899 8900 63471
4499 8901 29858
8901 8902 7176
8902 8903 42846
8903 8904 32651
8904 8905 3481
8905 8906 22200
8906 8907 12563
8907 8908 32026
8908 8909 16260
8909 8910 61029
8910 8911 26863
8911 8912 58029
8912 8913 40799
8913 8914 13517
8914 8915 64592
8915 8916 26390
8916 8917 13916
8917 8918 9528
8918 8919 78624
8919 8920 65033
8920 8921 53557
8921 8922 32496
8922 8923 473
8923 8924 12844
8924 8925 47120
8925 8926 62235
8926 8927 70758
8927 8928 22648
8928 8929 38688
8929 8930 41010
8930 8931 67850
8931 8932 78440
8932 8933 32052
8933 8934 23809
8934 8935 3679
8935 8936 27721
8936 8937 59000
8937 8938 37515
8938 8939 39261
8939 8940 9262
8940 8941 53836
8941 8942 41753
8942 8943 77181
8943 8944 48642
8944 8945 7245
8945 8946 29571
8946 8947 75673
8947 8948 31110
8948 8949 8178
8949 8950 3108
8950 8951 2688
8951 8952 20084
8952 8953 44961
8953 8954 55487
8954 8955 47043
8955 8956 3195
8956 8957 73575
8957 8958 4345
8958 8959 23486
8959 8960 28425
8960 8961 14380
8961 8962 76491
8962 8963 58751
8963 8964 60758
8964 8965 78129
8965 8966 153
8966 8967 11540
8967 8968 14494
8968 8969 36701
8969 8970 61759
8970 8971 66686
8971 8972 69436
8972 8973 54953
8973 8974 36775
8974 8975 4277
8975 8976 42006
8976 8977 51715
8977 8978 45673
8978 8979 23683
8979 8980 33156
8980 8981 62942
8981 8982 53736
8982 8983 64518
8983 8984 69398
8984 8985 65111
8985 8986 37398
8986 8987 49740
8987 8988 37972
8988 8989 57296
8989 8990 64670
8990 8991 28767
8991 8992 31229
8992 8993 5283
8993 8994 68547
8994 8995 41186
8995 8996 19971
8996 8997 26258
8997 8998 7549
8998 8999 44168
8999 9000 28579
4499 9001 16982
9001 9002 30828
9002 9003 4094
9003 9004 38538
9004 9005 30752
9005 9006 69932
9006 9007 78642
9007 9008 6336
9008 9009 3625
9009 9010 68903
9010 9011 42475
9011 9012 68513
9012 9013 29
9013 9014 14323
9014 9015 68910
9015 9016 23108
9016 9017 28435
9017 9018 49361
9018 9019 9758
9019 9020 7561
9020 9021 17564
9021 9022 11709
9022 9023 65029
9023 9024 11584
9024 9025 54336
9025 9026 31624
9026 9027 20893
9027 9028 6676
9028 9029 3519
9029 9030 9675
9030 9031 45585
9031 9032 28820
9032 9033 75784
9033 9034 74650
9034 9035 79203
9035 9036 23701
9036 9037 47827
9037 9038 47019
9038 9039 22518
9039 9040 71675
9040 9041 25323
9041 9042 50872
9042 9043 76265
9043 9044 2328
9044 9045 14536
9045 9046 52507
9046 9047 52244
9047 9048 58650
9048 9049 13410
9049 9050 45736
9050 9051 70167
9051 9052 29152
9052 9053 35995
9053 9054 35535
9054 9055 38519
9055 9056 44541
9056 9057 28773
9057 9058 22182
9058 9059 72353
9059 9060 4511
9060 9061 25090
9061 9062 12980
9062 9063 57123
9063 9064 77276
9064 9065 54760
9065 9066 31809
9066 9067 18847
9067 9068 67430
9068 9069 22994
9069 9070 68639
9070 9071 16235
9071 9072 19948
9072 9073 65451
9073 9074 5657
9074 9075 6567
9075 9076 41788
9076 9077 78236
9077 9078 22820
9078 9079 28775
9079 9080 58334
9080 9081 32106
9081 9082 2936
9082 9083 34614
9083 9084 74459
9084 9085 60210
9085 9086 60225
9086 9087 3372
9087 9088 70482
9088 9089 41432
9089 9090 70446
9090 9091 54713
9091 9092 12599
9092 9093 43340
9093 9094 18331
9094 9095 8774
9095 9096 17179
9096 9097 33907
9097 9098 58266
9098 9099 26718
9099 9100 39071
4599 9101 8566
9101 9102 6816
9102 9103 3412
9103 9104 39071
9104 9105 47517
9105 9106 70579
9106 9107 50175
9107 9108 77902
9108 9109 43484
9109 9110 5288
9110 9111 23842
9111 9112 67018
9112 9113 8062
9113 9114 54320
9114 9115 30091
9115 9116 23907
9116 9117 54206
9117 9118 13305
9118 9119 3278
9119 9120 60262
9120 9121 64164
9121 9122 47151
9122 9123 9128
9123 9124 6880
9124 9125 33966
9125 9126 26852
9126 9127 2412
9127 9128 57540
9128 9129 7920
9129 9130 20520
9130 9131 72857
9131 9132 3081
9132 9133 31014
9133 9134 73822
9134 9135 23409
9135 9136 9955
9136 9137 25221
9137 9138 24713
9138 9139 38964
9139 9140 3522
9140 9141 12277
9141 9142 44309
9142 9143 39864
9143 9144 1263
9144 9145 30500
9145 9146 51051
9146 9147 48560
9147 9148 73750
9148 9149 44009
9149 9150 59081
9150 9151 39832
9151 9152 20699
9152 9153 58122
9153 9154 78448
9154 9155 30842
9155 9156 79377
9156 9157 31127
9157 9158 33889
9158 9159 20154
9159 9160 31739
9160 9161 25436
9161 9162 37433
9162 9163 19443
9163 9164 63390
9164 9165 27019
9165 9166 3337
9166 9167 66843
9167 9168 62728
9168 9169 74203
9169 9170 14600
9170 9171 15619
9171 9172 19036
9172 9173 21339
9173 9174 59546
9174 9175 52935
9175 9176 63950
9176 9177 13007
9177 9178 72282
9178 9179 36971
9179 9180 23079
9180 9181 57062
9181 9182 45439
9182 9183 35773
9183 9184 45667
9184 9185 67968
9185 9186 24965
9186 9187 17108
9187 9188 20372
9188 9189 28827
9189 9190 17272
9190 9191 23202
9191 9192 51287
9192 9193 23248
9193 9194 33206
9194 9195 22146
9195 9196 21402
9196 9197 17532
9197 9198 51204
9198 9199 67021
9199 9200 41456
4599 9201 73997
9201 9202 67841
9202 9203 17848
9203 9204 56002
9204 9205 51805
9205 9206 60580
9206 9207 104
9207 9208 68203
9208 9209 8986
9209 9210 54997
9210 9211 75199
9211 9212 72094
9212 9213 11582
9213 9214 38925
9214 9215 48502
9215 9216 78267
9216 9217 2819
9217 9218 19276
9218 9219 50225
9219 9220 24682
9220 9221 30726
9221 9222 6400
9222 9223 30855
9223 9224 67789
9224 9225 39230
9225 9226 49910
9226 9227 27830
9227 9228 51210
9228 9229 47717
9229 9230 3037
9230 9231 22583
9231 9232 45020
9232 9233 18921
9233 9234 28471
9234 9235 45889
9235 9236 62069
9236 9237 59652
9237 9238 48906
9238 9239 3076
9239 9240 40536
9240 9241 55438
9241 9242 10261
9242 9243 35036
9243 9244 13637
9244 9245 40290
9245 9246 32627
9246 9247 78239
9247 9248 32499
9248 9249 66820
9249 9250 29139
9250 9251 38341
9251 9252 7187
9252 9253 1203
9253 9254 5070
9254 9255 19842
9255 9256 26644
9256 9257 11186
9257 9258 7525
9258 9259 56194
9259 9260 71547
9260 9261 43963
9261 9262 41314
9262 9263 40203
9263 9264 16260
9264 9265 23309
9265 9266 45450
9266 9267 46195
9267 9268 53721
9268 9269 79782
9269 9270 21563
9270 9271 37155
9271 9272 58150
9272 9273 14424
9273 9274 16689
9274 9275 47851
9275 9276 60022
9276 9277 53510
9277 9278 31527
9278 9279 56742
9279 9280 42248
9280 9281 73447
9281 9282 76115
9282 9283 59645
9283 9284 51922
9284 9285 16475
9285 9286 7646
9286 9287 39166
9287 9288 72217
9288 9289 29345
9289 9290 27251
9290 9291 66879
9291 9292 15248
9292 9293 70238
9293 9294 12495
9294 9295 30679
9295 9296 41446
9296 9297 12739
9297 9298 6143
9298 9299 67179
9299 9300 37968
4699 9301 1846
9301 9302 74839
9302 9303 22470
9303 9304 25577
9304 9305 34449
9305 9306 51566
9306 9307 12836
9307 9308 69556
9308 9309 18759
9309 9310 77784
9310 9311 36484
9311 9312 756
9312 9313 67758
9313 9314 38338
9314 9315 6198
9315 9316 21613
9316 9317 29245
9317 9318 10138
9318 9319 66486
9319 9320 19658
9320 9321 22292
9321 9322 65477
9322 9323 50658
9323 9324 23173
9324 9325 63798
9325 9326 79625
9326 9327 46626
9327 9328 69087
9328 9329 19530
9329 9330 44797
9330 9331 38496
9331 9332 66284
9332 9333 38960
9333 9334 74167
9334 9335 17144
9335 9336 8174
9336 9337 25351
9337 9338 69050
9338 9339 37116
9339 9340 17565
9340 9341 51337
9341 9342 79715
9342 9343 77357
9343 9344 22131
9344 9345 5215
9345 9346 34213
9346 9347 46529
9347 9348 48813
9348 9349 22000
9349 9350 29030
9350 9351 4885
9351 9352 33107
9352 9353 32228
9353 9354 6221
9354 9355 77528
9355 9356 21824
9356 9357 45352
9357 9358 79794
9358 9359 77452
9359 9360 9346
9360 9361 27952
9361 9362 26153
9362 9363 74338
9363 9364 47471
9364 9365 12695
9365 9366 79550
9366 9367 2142
9367 9368 52869
9368 9369 71164
9369 9370 45869
9370 9371 75108
9371 9372 30312
9372 9373 11253
9373 9374 60026
9374 9375 46243
9375 9376 20414
9376 9377 46039
9377 9378 32542
9378 9379 77419
9379 9380 17350
9380 9381 65689
9381 9382 14962
9382 9383 52994
9383 9384 57301
9384 9385 40936
9385 9386 53768
9386 9387 4345
9387 9388 7314
9388 9389 19619
9389 9390 4288
9390 9391 45190
9391 9392 56563
9392 9393 3461
9393 9394 14577
9394 9395 34126
9395 9396 69652
9396 9397 18649
9397 9398 50728
9398 9399 4041
9399 9400 63535
4699 9401 78644
9401 9402 68749
9402 9403 78270
9403 9404 6531
9404 9405 5947
9405 9406 68776
9406 9407 18740
9407 9408 60769
9408 9409 32716
9409 9410 44566
9410 9411 63537
9411 9412 69176
9412 9413 30635
9413 9414 11502
9414 9415 76014
9415 9416 18979
9416 9417 49559
9417 9418 32934
9418 9419 66617
9419 9420 55281
9420 9421 60621
9421 9422 69777
9422 9423 28308
9423 9424 72346
9424 9425 29252
9425 9426 34206
9426 9427 2887
9427 9428 40471
9428 9429 13392
9429 9430 79571
9430 9431 32283
9431 9432 48656
9432 9433 3780
9433 9434 18392
9434 9435 42931
9435 9436 20672
9436 9437 12272
9437 9438 20188
9438 9439 64243
9439 9440 64869
9440 9441 48541
9441 9442 46621
9442 9443 6871
9443 9444 68372
9444 9445 35046
9445 9446 70474
9446 9447 23813
9447 9448 59279
9448 9449 1192
9449 9450 40092
9450 9451 54392
9451 9452 70505
9452 9453 59406
9453 9454 1624
9454 9455 5087
9455 9456 16926
9456 9457 22158
9457 9458 57039
9458 9459 24456
9459 9460 17041
9460 9461 31955
9461 9462 58311
9462 9463 74802
9463 9464 36113
9464 9465 48222
9465 9466 76388
9466 9467 43383
9467 9468 62187
9468 9469 54776
9469 9470 72369
9470 9471 41555
9471 9472 78525
9472 9473 31496
9473 9474 44309
9474 9475 36528
9475 9476 78539
9476 9477 46438
9477 9478 51081
9478 9479 58236
9479 9480 68404
9480 9481 35023
9481 9482 13294
9482 9483 10692
9483 9484 20984
9484 9485 9523
9485 9486 18286
9486 9487 65114
9487 9488 15777
9488 9489 67994
9489 9490 37626
9490 9491 47655
9491 9492 62055
9492 9493 19230
9493 9494 36368
9494 9495 46490
9495 9496 39668
9496 9497 58442
9497 9498 60777
9498 9499 23292
9499 9500 24425
4799 9501 46944
9501 9502 2000
9502 9503 24894
9503 9504 63349
9504 9505 46194
9505 9506 13831
9506 9507 36232
9507 9508 56801
9508 9509 47009
9509 9510 17501
9510 9511 58348
9511 9512 33484
9512 9513 72012
9513 9514 15667
9514 9515 75920
9515 9516 7069
9516 9517 56628
9517 9518 54519
9518 9519 69691
9519 9520 20416
9520 9521 64665
9521 9522 41505
9522 9523 27294
9523 9524 52937
9524 9525 2998
9525 9526 48744
9526 9527 47083
9527 9528 39246
9528 9529 6218
9529 9530 28761
9530 9531 4902
9531 9532 2783
9532 9533 20469
9533 9534 64857
9534 9535 51305
9535 9536 33173
9536 9537 19085
9537 9538 15699
9538 9539 41671
9539 9540 64289
9540 9541 25365
9541 9542 42412
9542 9543 31994
9543 9544 22731
9544 9545 46148
9545 9546 18755
9546 9547 23908
9547 9548 25436
9548 9549 73008
9549 9550 21642
9550 9551 181
9551 9552 24828
9552 9553 71907
9553 9554 68458
9554 9555 62317
9555 9556 71759
9556 9557 57273
9557 9558 59856
9558 9559 24186
9559 9560 47616
9560 9561 13603
9561 9562 549
9562 9563 29888
9563 9564 64187
9564 9565 39783
9565 9566 34345
9566 9567 18697
9567 9568 16051
9568 9569 42289
9569 9570 58340
9570 9571 27886
9571 9572 15466
9572 9573 48519
9573 9574 25250
9574 9575 60362
9575 9576 57672
9576 9577 1461
9577 9578 79002
9578 9579 11703
9579 9580 62261
9580 9581 73755
9581 9582 61128
9582 9583 9074
9583 9584 27258
9584 9585 41037
9585 9586 42565
9586 9587 71881
9587 9588 27470
9588 9589 3772
9589 9590 37835
9590 9591 73509
9591 9592 6727
9592 9593 18166
9593 9594 79168
9594 9595 4646
9595 9596 53868
9596 9597 57949
9597 9598 56671
9598 9599 14735
9599 9600 56169
4799 9601 37630
9601 9602 8465
9602 9603 25919
9603 9604 66619
9604 9605 20846
9605 9606 42150
9606 9607 40959
9607 9608 29452
9608 9609 70668
9609 9610 1340
9610 9611 26052
9611 9612 62521
9612 9613 79509
9613 9614 63572
9614 9615 76145
9615 9616 79524
9616 9617 57780
9617 9618 8384
9618 9619 59922
9619 9620 23801
9620 9621 51004
9621 9622 46844
9622 9623 21581
9623 9624 31386
9624 9625 666
9625 9626 35941
9626 9627 15200
9627 9628 62906
9628 9629 53977
9629 9630 72953
9630 9631 32955
9631 9632 9994
9632 9633 19336
9633 9634 29463
9634 9635 62611
9635 9636 16075
9636 9637 54443
9637 9638 35671
9638 9639 18467
9639 9640 57955
9640 9641 16118
9641 9642 61516
9642 9643 50927
9643 9644 20892
9644 9645 34276
9645 9646 23037
9646 9647 34472
9647 9648 15645
9648 9649 3825
9649 9650 38500
9650 9651 5997
9651 9652 24475
9652 9653 67325
9653 9654 733
9654 9655 55101
9655 9656 68924
9656 9657 3339
9657 9658 28347
9658 9659 77379
9659 9660 22207
9660 9661 46363
9661 9662 62875
9662 9663 15932
9663 9664 65637
9664 9665 20899
9665 9666 58688
9666 9667 43338
9667 9668 55074
9668 9669 20825
9669 9670 33037
9670 9671 46231
9671 9672 58928
9672 9673 19915
9673 9674 70824
9674 9675 56026
9675 9676 66354
9676 9677 17385
9677 9678 67333
9678 9679 9282
9679 9680 67725
9680 9681 16884
9681 9682 39634
9682 9683 71220
9683 9684 10822
9684 9685 24941
9685 9686 62641
9686 9687 58255
9687 9688 40789
9688 9689 77170
9689 9690 15306
9690 9691 49109
9691 9692 64470
9692 9693 53164
9693 9694 56994
9694 9695 35032
9695 9696 37068
9696 9697 9690
9697 9698 33008
9698 9699 74942
9699 9700 31706
4899 9701 6333
9701 9702 60064
9702 9703 8018
9703 9704 15676
9704 9705 59409
9705 9706 21495
9706 9707 15574
9707 9708 67248
9708 9709 66883
9709 9710 45888
9710 9711 64566
9711 9712 51934
9712 9713 51191
9713 9714 56964
9714 9715 14609
9715 9716 56240
9716 9717 76945
9717 9718 69689
9718 9719 58986
9719 9720 77188
9720 9721 60377
9721 9722 60170
9722 9723 20635
9723 9724 16664
9724 9725 36774
9725 9726 47641
9726 9727 50716
9727 9728 9901
9728 9729 3109
9729 9730 58847
9730 9731 51422
9731 9732 71487
9732 9733 16721
9733 9734 8581
9734 9735 76657
9735 9736 50320
9736 9737 30053
9737 9738 27309
9738 9739 64015
9739 9740 5850
9740 9741 12550
9741 9742 9061
9742 9743 17774
9743 9744 39001
9744 9745 79518
9745 9746 19445
9746 9747 58058
9747 9748 45773
9748 9749 65812
9749 9750 44850
9750 9751 12717
9751 9752 73313
9752 9753 31909
9753 9754 62533
9754 9755 3638
9755 9756 71855
9756 9757 3512
9757 9758 71022
9758 9759 5501
9759 9760 35148
9760 9761 56881
9761 9762 77865
9762 9763 49608
9763 9764 65453
9764 9765 38636
9765 9766 11347
9766 9767 73023
9767 9768 49921
9768 9769 60611
9769 9770 58629
9770 9771 32615
9771 9772 70805
9772 9773 24067
9773 9774 13099
9774 9775 3478
9775 9776 32202
9776 9777 39044
9777 9778 17653
9778 9779 48355
9779 9780 54648
9780 9781 75940
9781 9782 68072
9782 9783 18877
9783 9784 35978
9784 9785 13191
9785 9786 31083
9786 9787 50876
9787 9788 38650
9788 9789 36753
9789 9790 69543
9790 9791 72296
9791 9792 41221
9792 9793 24037
9793 9794 15817
9794 9795 65864
9795 9796 35932
9796 9797 35101
9797 9798 8552
9798 9799 4442
9799 9800 67961
4899 9801 55594
9801 9802 60069
9802 9803 66558
9803 9804 17564
9804 9805 55925
9805 9806 50983
9806 9807 42078
9807 9808 6402
9808 9809 51822
9809 9810 2850
9810 9811 43914
9811 9812 37460
9812 9813 36486
9813 9814 73341
9814 9815 19022
9815 9816 46891
9816 9817 54267
9817 9818 67478
9818 9819 33360
9819 9820 73813
9820 9821 44674
9821 9822 48023
9822 9823 13467
9823 9824 30463
9824 9825 70477
9825 9826 54106
9826 9827 25449
9827 9828 52615
9828 9829 67892
9829 9830 44723
9830 9831 79430
9831 9832 23175
9832 9833 629
9833 9834 69502
9834 9835 6816
9835 9836 15797
9836 9837 3755
9837 9838 33430
9838 9839 43667
9839 9840 22574
9840 9841 43394
9841 9842 68812
9842 9843 59228
9843 9844 47176
9844 9845 47021
9845 9846 6708
9846 9847 16685
9847 9848 36430
9848 9849 10357
9849 9850 67073
9850 9851 42958
9851 9852 68893
9852 9853 22955
9853 9854 78863
9854 9855 75936
9855 9856 19573
9856 9857 18128
9857 9858 58206
9858 9859 13153
9859 9860 17672
9860 9861 13860
9861 9862 18239
9862 9863 79031
9863 9864 69227
9864 9865 65972
9865 9866 25361
9866 9867 14208
9867 9868 38868
9868 9869 79986
9869 9870 41796
9870 9871 61395
9871 9872 21520
9872 9873 40938
9873 9874 48881
9874 9875 838
9875 9876 8669
9876 9877 34105
9877 9878 5860
9878 9879 11264
9879 9880 21584
9880 9881 14897
9881 9882 29167
9882 9883 1017
9883 9884 5406
9884 9885 59207
9885 9886 29559
9886 9887 60063
9887 9888 27018
9888 9889 28433
9889 9890 46555
9890 9891 38584
9891 9892 54267
9892 9893 73146
9893 9894 15848
9894 9895 59325
9895 9896 47557
9896 9897 63729
9897 9898 32623
9898 9899 40666
9899 9900 36087
4999 9901 30901
9901 9902 43970
9902 9903 68614
9903 9904 38577
9904 9905 30498
9905 9906 54939
9906 9907 79230
9907 9908 3830
9908 9909 17430
9909 9910 44597
9910 9911 20696
9911 9912 10268
9912 9913 36846
9913 9914 69171
9914 9915 28279
9915 9916 8153
9916 9917 74429
9917 9918 46900
9918 9919 50608
9919 9920 54142
9920 9921 71224
9921 9922 31270
9922 9923 21971
9923 9924 71638
9924 9925 6138
9925 9926 25671
9926 9927 69450
9927 9928 72195
9928 9929 38460
9929 9930 60713
9930 9931 46283
9931 9932 9101
9932 9933 43689
9933 9934 12387
9934 9935 69841
9935 9936 43911
9936 9937 68875
9937 9938 23936
9938 9939 45415
9939 9940 24770
9940 9941 6234
9941 9942 29093
9942 9943 21452
9943 9944 13702
9944 9945 17106
9945 9946 66534
9946 9947 75821
9947 9948 63062
9948 9949 23944
9949 9950 39844
9950 9951 5096
9951 9952 74085
9952 9953 13005
9953 9954 48496
9954 9955 14378
9955 9956 55323
9956 9957 38046
9957 9958 62883
9958 9959 51831
9959 9960 1864
9960 9961 77129
9961 9962 16797
9962 9963 20954
9963 9964 52681
9964 9965 33773
9965 9966 12460
9966 9967 46242
9967 9968 70945
9968 9969 22881
9969 9970 20191
9970 9971 78376
9971 9972 72170
9972 9973 5231
9973 9974 70383
9974 9975 46094
9975 9976 31752
9976 9977 44478
9977 9978 8247
9978 9979 79661
9979 9980 75101
9980 9981 37873
9981 9982 24721
9982 9983 49777
9983 9984 64620
9984 9985 14579
9985 9986 27978
9986 9987 54775
9987 9988 75966
9988 9989 75201
9989 9990 70174
9990 9991 78305
9991 9992 11348
9992 9993 5967
9993 9994 27072
9994 9995 36266
9995 9996 10480
9996 9997 56897
9997 9998 28580
9998 9999 61933
9999 10000 42612
4918 5766 16889 12198
3919 7544 74687 6818
3681 528 17579 1986
4941 3423 45389 19940
6465 7711 74571 14904
5803 6571 74599 13394
7152 2143 7377 13819
1692 7608 25597 2750
87 9390 51010 10765
7650 5751 49487 16211
7228 7361 82779 841
1715 6048 10380 7010
5282 4825 3310 19907
3424 3846 57395 3028
7977 7469 35175 13595
6002 4763 77260 110
8594 5510 10633 5705
2629 9174 49248 13273
6061 8649 88146 16962
2087 2264 88463 10755
3656 2338 41870 18038
5288 8936 50418 6368
4649 5049 54429 6528
9316 6448 31078 2967
5748 8538 72549 11014
902 9921 74264 6678
4588 7804 94756 13127
385 1557 36372 1025
3816 9383 2440 10033
6900 5702 94713 10217
4538 6118 55020 3670
1839 8097 33635 16331
3429 1927 17518 19150
5305 5900 58728 6291
1258 8947 347 545
2121 5585 83695 4186
3380 7748 83921 16794
8135 5505 45228 9235
9069 5746 55244 2451
5669 8545 55104 9433
1006 8604 35105 18324
7469 9242 49061 1356
4791 4751 15072 475
4582 4003 27129 11692
3511 3551 11573 8585
1878 6203 56540 17951
7031 1663 39518 16479
6946 1111 39911 15891
9805 2117 5223 10608
5957 1089 8462 6275
5975 3969 46906 8665
5876 2036 83370 8330
2223 1796 34609 13775
5903 6225 78919 3815
7881 6652 51089 7777
7450 6507 5601 19265
2802 5425 11687 19258
4053 3645 31227 2539
1075 5258 98375 7240
1015 9532 89850 3473
1060 7368 18138 3247
6919 7337 31840 6695
4363 9891 5547 15995
4435 8951 42331 14022
2 5989 96589 3092
4371 2976 5081 18765
2733 5186 62703 11055
7801 1142 23762 5423
3473 3469 74762 12669
159 755 3082 13629
5287 8326 12299 18117
6364 5524 15671 11248
9949 7379 94294 11581
2697 1068 72970 12029
1433 4430 96173 14747
8483 8730 58692 16235
499 7911 88061 181
2019 2805 84314 11656
7291 7916 2978 9449
6465 673 197 18316
7338 4369 39658 13896
8027 1159 49350 3210
5945 1542 29113 15908
3987 8653 47048 10938
6448 9495 34668 14006
1311 7607 14847 1900
2182 4983 43185 12867
4894 9036 19003 11260
4908 6778 40652 18204
2964 8291 44038 9452
3692 4995 30712 932
2447 9777 23230 5731
6882 2534 63426 5975
6445 3915 99277 4909
664 1164 68675 14110
6153 5458 38164 11091
597 1076 15063 11102
7346 6803 31578 17770
4859 9966 81430 12294
9369 603 57782 12300
8592 212 78798 4339
2791 904 91994 7741
8995 255 50683 10952
4057 5687 60176 17020
8743 4015 56985 5055
2670 7019 16582 13159
4784 4578 56959 16156
3329 1935 48379 8776
6007 1604 56596 11585
4035 2868 55320 1647
1688 278 9981 11067
3374 5531 21328 17905
9375 881 46650 19781
7221 6693 97019 10135
1665 9297 94697 3698
5461 7447 99744 3420
3631 4573 71896 19699
3076 6402 4279 13218
6831 2717 334 12932
8592 7006 72795 5629
671 8467 26752 7409
3931 4292 43219 12248
2561 8679 95501 11554
6521 1489 70864 18770
1327 27 94052 6178
624 8541 95535 886
7066 2081 2725 14641
2148 352 81337 8726
7938 2452 68946 13865
2051 7957 32857 18107
1398 3291 8454 13765
1879 1908 62368 12167
852 8167 2668 12758
3128 13 52253 14537
2294 2097 74145 2620
7383 1893 99252 15611
1290 6784 28563 4756
6834 1122 50792 15073
181 2611 29038 12943
7190 218 77330 13446
9681 4389 74441 4857
8349 4909 20206 723
4787 1980 38828 16308
1921 6875 84039 290
5766 7453 70022 9437
4888 9156 8525 10826
5908 3876 21771 2806
886 6737 51162 7712
9237 5250 61775 6166
8059 2014 64131 12388
5092 9729 2224 2939
1724 7730 41768 15341
4676 1838 21947 8070
8278 244 7742 2749
5954 2656 90938 831
4832 7185 93259 2788
4760 2160 96089 9007
3325 7674 29231 17066
9365 5145 17444 11158
3651 4254 631 6333
511 4699 53020 7923
91 2165 29990 15097
1213 8781 50613 17922
8738 7710 12113 12477
4525 9396 16076 15625
2190 8733 72727 10412
1881 6794 36409 9552
3813 1977 79505 12438
3357 6673 2534 17985
9029 4279 16582 16621
8918 5332 40977 19421
2442 3305 61862 4767
6331 7633 55135 7159
9813 6451 35702 18280
5683 8186 55824 581
9319 2433 38134 10800
9481 8951 45147 18274
8158 372 25340 7613
2122 318 90608 8937
1118 87 97528 14437
166 6116 42306 12457
9878 246 92171 5664
4769 4541 25203 18043
9209 2467 11455 16179
4369 5043 93208 7215
5629 5577 91313 14632
4006 4135 27505 9782
542 4630 46118 10580
4122 7231 24328 955
3307 9009 96558 4715
4822 6983 26834 6128
9552 9795 83021 9260
329 451 9594 14070
5596 6628 81753 3852
6308 7581 21175 4701
579 6140 94004 14346
5196 51 97461 2765
4407 7843 77882 16688
4260 6044 82034 5630
6351 1489 13833 15728
8243 6539 20206 12444
5702 5920 11251 8544
4753 2495 82467 17969
1243 1418 988 8351
7879 2760 83006 2763
787 93 63612 15655
7311 2552 73987 1889
8235 3255 13533 7304
3165 3472 73001 3188
2089 4247 96791 3322
7352 9137 39602 18642
1468 5610 9844 15825
427 729 61565 13349
8593 9385 34520 523
3423 3690 82314 3463
4940 9395 93450 18783
8060 6451 99017 9430
9806 3680 32373 2858
9713 594 52157 15559
9520 4658 95424 4031
3237 2234 45062 6353
8702 7636 4477 4288
4230 2066 48947 19112
2786 8707 49990 17526
1839 5614 66212 15733
8663 559 90209 13928
2161 5549 8582 2701
3040 4597 84977 14486
7581 9670 40063 5761
8987 125 35574 7396
6326 9558 52418 7506
4172 4738 27664 6947
750 2512 76116 718
9720 3718 12750 3969
4752 1171 64824 19699
5171 8173 42206 8642
3487 7612 39305 1977
2419 8885 5387 9409
3336 781 1090 14405
3392 1472 1002 11334
6626 4124 80511 19884
4916 2812 35434 11731
5910 3891 24232 10737
7991 8004 5298 9779
385 2554 34149 4229
7585 2946 28982 18031
8129 7611 91699 19277
62 2964 79613 13335
1105 2194 84117 7617
8776 4094 67635 4246
9 7921 38759 2651
1614 2524 27973 3068
5192 9893 77020 5204
8296 8954 35355 19961
6707 3493 71781 11310
6993 5922 56041 13730
4018 693 10909 14499
9035 9343 94549 3339
6175 1187 307 1310
6789 7902 71257 13352
1013 1561 79063 8203
6316 6446 72218 5380
9034 1920 75752 12838
4387 7330 72745 19036
1657 9610 48589 14222
3800 5323 55102 12540
2443 961 26328 6420
8433 6736 76025 13083
5189 7144 44821 4167
5297 2317 97054 13844
112 7221 76507 3902
2880 8237 66419 14546
5754 2146 88978 8800
7484 3612 64024 16864
9430 2364 82563 2171
7651 933 30151 8600
9262 4404 1134 10263
6077 3769 59257 12413
7135 6894 16703 2775
1552 4392 58296 4886
4604 337 6895 6996
2967 3781 32301 3161
3357 1943 80228 12615
5977 334 3688 17970
3364 5071 14082 11686
6142 7788 13901 2612
695 8350 63048 1720
7999 7047 7169 5412
8576 6992 14672 7910
9322 9890 39870 17069
2595 3891 86123 10598
8905 8147 52834 4216
8016 5615 36859 2703
55 7451 7652 3940
5563 7393 80316 9937
1874 9998 93177 2928
3737 358 96771 68
9073 7534 70083 18571
4978 4810 52190 5614
5800 3897 74897 2602
9324 716 19543 2304
3885 3204 13680 3086
5732 558 97021 3254
7024 1954 9921 3337
4362 7603 41868 14468
9595 608 69318 8264
2231 5245 34779 3027
1450 9628 20574 19879
3223 4605 45074 11485
3581 147 14220 329
9683 6206 86926 10294
5365 9337 14622 6301
5587 8798 75123 770
7344 5403 68255 18898
9266 9511 51403 11561
6691 6804 49045 8873
1274 2823 52166 17129
7395 5715 48036 14456
4631 7668 30274 16283
8698 7289 87127 2995
804 9336 84771 17542
7616 6570 79529 4396
1414 5520 44682 4280
8990 8652 88274 11138
2490 7850 38452 9511
7030 7387 25938 9034
8178 6164 49679 5920
8334 4122 69440 4627
9450 6182 7989 14723
6316 2081 44925 9459
693 4597 7932 6056
6871 4315 8092 17315
3893 457 23131 3630
4889 1102 66463 19506
6138 3638 43457 2784
8098 8711 49596 9607
6837 3998 23546 975
7349 2004 12747 16333
6007 7658 95850 11806
8309 6338 40382 12087
7244 8328 10896 6122
1320 304 67380 5525
3707 522 30785 15308
2584 1880 71341 13062
3380 6963 8205 10043
1738 5013 87836 16016
7434 3989 53627 9604
158 9974 62586 12678
7191 485 12580 4523
6769 3991 65978 13244
6105 8380 36037 2535
7752 2368 11753 12998
9563 4675 22084 16406
2571 1914 65913 9287
9823 9420 64792 1751
8914 1478 205 17636
5968 6962 1993 713
1439 9418 84173 8365
5881 4398 14184 18746
3539 4838 42262 17910
2440 43 40862 9341
865 9399 27290 17623
1868 2307 80934 14663
1522 3630 2586 12051
1584 8953 2184 13442
1176 9160 40717 12408
5836 6999 95319 19727
2151 5475 54860 1087
4771 8601 20296 5579
8855 7892 2787 19356
6091 4470 24804 2324
8556 8458 2970 5593
3081 7059 31445 17320
781 2139 69160 3715
4595 1735 24350 3976
9901 1693 66379 6258
7799 3576 93499 7506
7688 8766 1463 16772
3842 5900 45992 17461
2580 7469 96301 7059
7131 8179 55730 4465
8588 6658 50163 13703
7513 790 35110 7452
2415 6870 35645 19192
7835 7079 35965 5264
6601 1920 29219 7952
3314 2653 75860 10635
7727 6030 72228 8960
6079 3994 21924 15283
3119 5644 6264 528
951 3849 20394 726
3826 9853 42272 6897
8769 7066 25650 6061
3142 2383 59246 983
8511 1881 81215 13064
2704 2139 73940 18999
5337 3821 34739 9486
77 3941 9577 15685
1949 1959 12311 19090
9584 1910 68664 5673
6121 1107 48686 8274
2654 9354 57559 17800
7133 1872 56325 11806
4435 5765 27917 12526
6892 8135 57198 19524
1521 8134 42591 11780
4670 1055 34789 13071
3886 8271 78887 17495
73 7089 4618 19926
3392 4293 70636 7418
5371 387 28554 6526
431 4719 69227 14826
5412 8892 88961 17551
3907 4954 58310 16159
4168 8488 12944 16881
4498 1905 64424 19720
1678 5887 22776 7445
4268 6456 37715 7074
3393 2829 59420 17515
3266 8354 8886 19460
2966 6657 64026 13549
1529 2758 76518 1176
460 1992 62240 12010
4550 5675 61552 18091
2615 5415 26946 19595
1146 8197 19334 19350
1571 5130 51290 18376
765 8159 92538 8587
308 3920 88102 7259
7742 7612 59010 231
2466 6587 42117 4640
6993 9516 40051 18525
5952 8803 20537 7402
4205 1517 84253 19398
8865 691 78115 474
9512 5909 83918 1863
382 6152 71854 4122
7085 3129 45339 17008
9189 6057 22223 11667
8919 4296 68347 9568
3166 2208 46262 16908
1985 4800 5018 2240
3649 1134 37881 3922
1867 2498 69255 4701
1289 875 4910 3274
4660 6539 87747 6530
9132 7814 82588 10768
6562 8647 25496 15123
3801 9803 12242 8676
1019 8532 70854 6889
7324 3070 56033 14460
7699 1573 91417 3271
1403 407 77032 12958
7898 4414 50551 10575
3769 4553 74299 1897
2453 1090 756 10181
4738 6885 36709 19996
7154 6313 82886 19248
5748 1225 53363 9416
3096 4920 33023 16727
6387 8359 28976 4054
3713 6119 76832 5699
1245 1532 59623 19849
4031 9199 83581 14964
9201 5070 63384 2939
559 2807 80028 9171
82 546 5405 14121
3692 4621 15564 13434
7858 9820 14733 19921
347 1841 940 19017
716 845 20590 51
3250 6271 89953 7723
5033 7543 3777 10190
9620 2942 5885 13074
5237 8863 77397 5674
9843 795 7644 7576
4063 6055 12450 13308
8358 9022 70451 12168
6027 8569 98046 13680
7080 7849 84206 3074
4721 4637 59078 8715
848 400 84447 13365
5940 6025 85928 13450
9779 84 13977 13243
2585 7710 39865 8846
9088 8343 30852 134
7237 287 61712 4582
3092 4362 32519 7193
5286 3946 2248 13900
6583 5719 88630 6135
9006 2362 41000 14255
5300 7805 65055 8987
7968 2477 30812 13869
7423 3116 1843 3917
5242 5269 5083 3020
4622 4862 47463 16909
4093 8398 29123 10684
3375 3247 12726 17850
8707 726 43383 8065
2672 4319 29475 3393
6581 9469 8317 16606
8152 8481 49835 17656
2483 1217 53876 14584
236 2889 54601 13878
3896 8878 62707 1671
5052 1791 90441 18034
7616 8615 77601 17778
5057 5457 39669 3510
819 9965 93677 8435
6672 8549 29960 10620
9307 7895 90319 15540
5608 118 20184 17405
7780 7725 87634 4517
6256 1683 83853 11256
9813 7438 37514 18797
6390 7115 7808 13566
7983 7874 4995 11822
6780 4805 10003 1316
7559 2438 84599 10369
5496 2195 42830 8159
9201 6130 61280 5457
5191 7737 31750 17090
1748 6376 60300 16334
1036 2240 79984 6503
7592 9596 6355 4006
1157 9296 78617 17784
1352 8021 28569 14126
6795 6456 57573 11941
5507 4706 20231 9657
9569 8926 15829 2858
1040 4666 17876 17224
317 2605 66295 7381
3402 2645 37243 17703
3571 4701 59584 11926
6394 8393 98192 14980
4435 8250 6609 7839
8884 240 99835 19517
1776 1625 53677 3183
5627 3200 56297 2430
9067 5471 12599 16265
603 2564 57057 7531
5356 2197 90947 515
7520 8020 36275 19756
8353 2066 48226 7613
4032 8082 54677 17954
5725 4582 60411 1670
4989 3506 28984 5259
5051 5449 91913 11280
1921 8849 73604 5533
1239 4007 20317 14442
9050 6032 49870 14984
2297 2300 14226 4604
5927 6004 91080 14674
618 4309 65348 7232
9436 6794 15131 7904
6364 6207 71936 12857
8495 3391 11509 7123
8611 9692 26671 18912
1643 9542 94454 10150
4570 3793 85669 8693
7949 4283 50179 3026
1367 6852 96006 5885
6150 8793 13821 3680
2578 8002 96624 18177
6551 1157 15925 16018
3227 7339 9206 358
9886 8226 61681 10270
2325 6038 12504 1481
3490 3777 82152 3854
8985 7172 49250 18081
7274 5962 68187 3157
1806 9556 41513 3577
4072 2800 66082 18152
3669 7071 67864 12838
3856 8916 48997 7216
2194 5694 92682 8425
6042 3294 50054 8043
4440 2182 36407 17276
5408 3374 85798 1425
1993 8435 17140 5512
4528 6084 52062 5183
149 4485 17138 13609
1894 2070 89029 12901
3027 4713 60004 13765
7469 9155 9993 18255
1153 1411 15983 19919
1040 9839 79862 3108
4166 1521 42860 7529
6104 1968 16568 11501
959 7348 72160 19956
2208 7423 73609 18829
9381 935 58130 10896
5161 1097 42436 5318
3782 7629 21071 8818
3897 4388 66694 4920
621 2249 34247 3854
804 7861 61910 7085
8642 674 1338 8846
9848 361 48829 17066
558 5572 74379 2125
4193 8049 60697 12266
2734 5499 20283 19752
941 8115 72500 7915
2016 1040 29335 11017
4578 7976 32604 16637
9678 224 64962 9659
2610 4178 30111 16122
6056 7621 32021 15338
7373 7085 51412 5781
1351 6778 59585 15492
7439 302 4597 17248
838 7999 36545 15946
9357 278 54182 15368
422 3287 4277 537
1162 1080 53266 2750
449 28 23705 16373
8309 6956 55922 2051
1389 2147 95578 14682
6434 7172 43658 3561
7047 2432 9528 268
6203 4273 49031 16700
5070 2868 54027 17298
2862 9132 92735 1220
8354 365 4901 5444
9539 7372 95897 19638
6478 7478 89825 1203
7862 7091 56877 15504
6446 8107 93740 2222
6491 5051 65970 4621
6415 1094 7444 14062
2221 5026 40656 3292
6714 3977 67974 4011
701 4567 14501 7460
7166 4271 65852 18680
6743 7092 15444 14903
4785 7389 70248 6231
7859 2870 63126 9146
8201 8672 17151 3668
7286 4472 69156 245
7880 6670 2607 13473
7217 4947 70390 999
2007 4927 9820 4622
6221 4119 59382 4821
4041 6811 92686 10043
4969 9976 90628 18869
3081 4510 754 15198
2496 2396 68259 4297
8022 3572 96163 13910
6158 6826 54519 16517
5997 1799 46113 5832
5384 312 95228 11867
5681 5744 61615 5601
5558 5061 72380 19727
7557 9076 30788 12667
749 7329 50799 11208
113 3293 1662 19484
8644 3597 40694 602
402 3261 33432 132
307 5998 40408 1505
9094 9624 38846 13485
8383 3529 15990 12850
9152 8335 48422 14882
4824 6142 79130 18494
1781 1377 33911 6587
4034 1047 32136 19309
5057 9987 41129 6219
8531 6530 54864 11612
7922 2347 70062 1444
1677 6512 93302 17340
1984 9679 56159 9985
5339 2452 46851 8918
346 7263 21382 17810
3348 7246 87940 13789
9883 3571 45839 17110
2074 2420 17952 17563
9014 638 79161 14089
132 843 14 11390
1316 8192 33490 423
4159 8935 21385 19975
7559 4271 59644 3447
8975 5390 29075 15130
7876 9614 98495 1895
7948 3127 37209 1902
7029 1568 10047 7961
2236 2843 54852 4009
6463 559 97168 14021
747 970 46709 7707
7282 2949 34445 4423
6962 9204 52704 6025
5047 271 74305 18845
5460 752 91504 17114
5676 8904 56984 4843
9288 5342 58354 3903
5498 318 91358 7596
8441 85 71614 5622
9939 5921 42349 16832
440 5263 90647 13384
5433 890 90579 17273
588 8814 56959 12162
7763 894 8765 10093
3819 8913 40715 10967
7658 2480 10096 18430
8940 6293 6573 8383
584 7060 92958 4064
5610 6393 51388 7956
3658 4691 67480 10587
204 7576 758 5134
9237 4059 9603 9613
3356 8493 15880 7642
6922 5220 56059 261
2813 3773 9611 17101
8240 6604 40474 14987
2216 4329 4449 13812
6783 7550 39246 19055
88 8541 84153 6688
2619 2556 54110 14672
2013 6167 24823 11850
6556 1582 48137 18573
9670 9477 73993 4581
6014 1382 66062 15480
9684 8073 39403 15965
266 3130 81545 14165
6785 8507 56854 19713
9362 5592 96686 14403
6592 2537 62857 762
5198 2055 93449 14667
1594 9792 44238 6597
914 9170 32117 15170
7351 3138 50275 17413
6471 8714 82993 4003
5661 3595 6340 8553
723 336 73866 19997
8199 6576 93141 8744
5066 6585 10717 1912
2642 8461 34248 13105
2325 1569 21746 2543
4679 1867 30962 13208
1704 3084 32615 2010
8647 1402 80710 19561
5502 8047 43361 14446
2977 3173 69283 14023
7348 516 24668 8863
182 8332 79752 16666
1180 4384 90789 11940
2199 7189 23460 19178
5595 3945 17493 1733
6350 5909 31017 5288
1801 5029 48993 479
2765 2301 6710 11036
6821 3274 75983 9168
8134 6477 96066 13207
4908 9218 94721 14526
6625 988 30989 3959
147 1071 27703 13261
5978 671 50284 10570
3899 1610 72361 9272
7792 2584 64286 5682
4793 263 42831 5855
5223 1890 3828 13122
6581 711 69239 13040
1960 5334 4027 11346
6367 1057 58038 8617
4511 4239 26986 11495
864 5705 58880 6724
8309 4618 81645 14867
9348 9329 77159 8029
179 4613 64176 5643
190 5714 27212 17181
9628 5685 85837 709
5478 6614 2695 17687
6375 2489 96123 16974
3760 9956 80019 6132
2415 3456 99306 2593
4800 2119 45631 12835
5313 1572 72433 18843
4780 855 96753 6175
9143 6080 19285 4395
5465 3389 67898 13427
7682 7655 77113 689
3708 1320 63880 19270
4259 2149 23231 7398
3483 8540 84783 1720
1670 8861 19111 18042
2330 8852 33749 1359
8427 9385 38769 1492
7504 6759 57569 19725
7380 6076 96238 3717
7507 988 16377 5148
1287 8704 55388 1945
8101 8919 97835 10264
3562 351 62913 17052
3625 2767 16326 7085
8801 5186 17619 2598
26 7127 42044 19008
5856 2569 790 17217
1833 6708 86949 1094
6640 4868 30992 1742
4331 6994 55304 2623
4887 1199 15834 2682
9462 3141 93550 11147
842 3357 41632 1078
4337 5192 8788 5719
7167 3004 43557 19717
1943 4060 22607 4823
1096 3664 62592 4384
9330 9608 13278 4026
5682 7190 11747 1209
5620 3600 41869 6284
1172 9889 70937 3689
5395 9823 16148 4682
3601 7994 97512 12868
254 9519 40816 6517
9286 8794 83212 11627
8519 1792 35162 9121
365 8280 1264 5925
8537 2361 38868 1672
4160 336 5887 8215
977 3014 92411 2766
304 646 68010 8891
499 9327 92561 2892
3864 5486 89596 4396
6321 2203 26832 2732
1670 7255 31503 15629
7918 8675 45053 16742
5055 3685 34167 9370
4491 5943 75351 15355
5784 6744 97828 2677
966 9921 79590 13947
9808 833 22034 3294
5875 329 8939 10741
9097 7406 35754 14023
8671 3475 92284 6362
1595 899 40215 16263
6110 4806 88812 8266
7237 2456 89676 13556
7838 8109 42654 18916
1895 9921 5755 17191
5154 9460 95153 7597
9508 8088 85126 14550
4511 3929 45736 15018
3913 2936 66195 5780
6328 6494 24149 16209
5657 6158 48580 14853
4728 3581 31595 14725
2310 6533 28426 16030
757 4615 17461 19939
8638 3665 22604 2515
5879 4899 94691 4881
5139 1038 79971 1043
8746 6190 18367 18264
3413 8399 34365 9733
5101 8755 68518 388
8717 9067 60345 12409
7419 928 75855 17224
3703 9503 85048 6877
1806 4812 42415 9024
2524 9453 91781 11842
5571 368 66230 17868
7230 3748 45062 5930
3570 5054 40939 8800
347 3051 48862 9823
8642 9477 81993 12835
6772 1754 44881 2505
5697 4304 49371 4212
6355 5794 47177 16853
3581 5201 68908 10283
1050 9658 99225 5767
1446 2542 71964 15297
6882 3048 17587 8796
4578 1392 98238 9288
3567 3550 80783 18936
9220 10 94336 18940
9350 1912 40753 12831
3677 4740 79125 18322
7580 2736 35790 13095
8086 1710 83450 13026
8915 9223 30639 4855
6985 5141 77733 5670
3835 7755 86433 2060
4607 8435 41288 6199
4201 5050 33141 12564
6775 6560 89153 12081
1337 4778 71805 19777
2549 9935 41537 8076
6660 2360 45513 3310
8417 6189 76319 16523
5624 336 67155 6989
4379 4397 45769 1671
7949 7650 38112 18371
8718 6664 53908 16632
8268 8367 71539 16327
6558 2523 45773 9296
9802 9161 81295 16981
2524 8402 96451 11656
9790 25 49654 9503
4399 8279 72084 6059
4175 6324 25774 9001
837 7489 25868 7335
7140 3170 18346 10843
6482 6072 69772 2938
8156 1511 47047 8807
3552 8885 3961 2408
1791 663 82978 7441
3469 537 73117 2422
6884 2536 59369 15624
214 3850 92332 16148
7121 8517 49604 10113
3118 5385 17353 5325
7006 8492 30615 18173
7123 6170 84488 19155
3355 5421 30929 7363
5287 4242 42247 1120
9950 3132 59725 3322
2893 3629 31540 5510
4055 4437 43341 1031
4167 3939 42614 15388
6692 9985 63081 13354
485 529 2916 6281
6397 1771 41600 10772
9730 4500 65329 4517
5544 8687 6469 18934
5560 9661 17168 8384
7408 4482 26269 8060
4234 504 44933 9884
5895 4146 86895 8314
2183 2756 58078 9235
7326 5183 19945 5709
3274 4041 40220 6561
9374 5536 43678 7099
8702 8894 44347 16558
7089 5977 64044 6081
9604 3914 96569 9078
2248 7907 17566 16667
3900 7571 45407 9665
4312 3562 93413 16290
3964 6208 41174 17893
9502 910 64287 7602
6380 9748 40374 8584
2542 1390 41105 17987
8536 6132 45108 3292
9394 9046 13643 15494
4267 912 32274 3712
9746 1131 77640 9795
2765 9339 63065 7110
7916 6189 71792 2835
5577 208 44379 13085
4045 2231 86658 5822
4750 7667 68505 16516
1166 3090 5439 4698
7882 2692 18071 6243
6384 5500 75151 18177
8989 9801 59782 3826
3321 643 61094 6832
386 3104 24084 2940
633 2726 21844 3314
2329 4391 14878 6799
2201 9073 55770 17181
4566 2228 80566 9359
7243 3713 10268 2298
9118 3602 41346 16788
2266 3685 945 15335
6099 8436 11803 8005
5339 7998 15415 10799
9577 249 15290 19248
7194 1924 94671 14230
7088 9565 60175 630
1522 2459 9743 4466
3046 1480 39333 13675
6979 2849 18783 15986
8832 4928 86810 3011
6478 4055 56944 11563
246 5055 13348 13647
3099 4600 15906 10307
5053 5382 4845 2265
9408 2465 72596 17228
478 8125 11953 13280
5858 1393 98996 928
8385 5995 89213 12901
5968 2831 10474 13270
3181 2431 32896 1174
7930 2193 31771 13147
4210 5673 97118 7439
5753 2387 90608 9165
2238 9375 4920 6349
7304 2134 66549 6869
1352 6507 44325 7074
9722 5124 25025 5224
5486 9626 44839 11969
8273 240 42915 3676
1627 9764 30009 1112
5498 2736 52581 11000
996 483 24126 5214
4787 8378 86553 18931
5368 8224 89874 12480
9536 3850 1917 8408
9202 7766 54868 13907
9715 1956 79193 14653
5291 5678 84000 9584
5893 2819 9124 11938
6946 9267 18996 15728
9687 2384 20418 11889
4158 7086 20051 2812
3112 2771 11913 8143
5362 3963 41148 10596
2541 7116 15408 7056
7914 8424 8490 2504
5505 4711 90023 2067
8090 9151 17603 5575
6493 7111 41033 8069
7216 2225 58990 15594
1640 8506 78961 2507
9792 178 40915 12334
9162 3488 68573 6532
6503 9594 2115 10744
8231 9069 98468 19423
5939 8346 37369 17445
2620 7407 91996 1307
1800 8635 1833 6956
9733 9749 21782 3468
6589 9362 33130 11798
1724 999 99844 3259
1351 9041 28959 11825
3934 9015 10173 13066
8797 6320 56346 206
3410 6807 39308 667
9321 8717 74801 8283
1160 6237 52965 2386
6911 7126 39751 9937
7387 6243 79511 11685
8506 8235 18825 9686
2803 8394 64445 1917
6265 7304 18364 8728
1222 3789 49924 13004
4017 8743 41343 16474
7655 4382 86334 8132
2744 1994 1830 9294
2755 6715 16789 14748
2674 6991 91584 735
4352 5789 12327 10265
6804 434 28249 14011
1526 5414 67345 1812
2045 3158 58874 4280
5607 6350 49337 14336
995 6505 52777 4092
9442 1486 12677 6459
8692 5967 99842 15934
8336 2689 94566 12684
5709 8717 5916 3534
5581 5357 10161 12134
8487 8813 8153 19740
9834 5367 45528 14922
4096 486 20048 6976
1797 4300 29896 5945
6600 8387 93530 16571
3905 7445 81915 481
5308 5562 21310 8113
6127 3773 69359 12614
9134 5469 35902 15704
8345 440 15014 3924
6791 5098 97133 2780
7728 36 87709 12252
5498 8397 33759 19462
3703 8601 98579 19641
8836 4556 86013 12570
5484 7278 41751 4130
9511 6732 31019 16668
8347 9309 79000 18290
2416 8150 82274 19398
1386 300 43397 4265
2911 8139 20403 2451
9193 6439 68137 11816
1501 9520 59129 15646
3385 6 99847 4931
881 8239 27801 7083
2662 9247 77686 18316
3211 7301 33426 14876
8186 2100 99979 10408
1615 9513 92813 13356
3826 6857 30845 12945
1207 4024 82838 11942
4991 3071 54988 14499
8457 8344 85272 4536
5529 1503 10290 19569
5768 2522 59151 19079
662 6994 30436 8900
1726 5379 44372 15034
8421 8073 53489 4455
1506 8284 92522 8016
9006 3773 34630 18293
8695 566 66872 19187
8854 8536 90932 741
1172 3827 94157 15333
1674 9101 15944 15004
6437 1967 56921 18068
1433 1798 73685 6569
921 9561 55072 19034
6956 6215 44112 9030
2185 5937 13792 2484
2966 7933 9311 5262
1701 3137 63763 10702
5697 7939 4276 6857
7873 4705 34263 13301
7098 5047 33957 19791
6365 5767 85055 1877
815 4243 22688 10842
3931 8310 49305 4900
731 5816 72339 6590
4103 7440 38174 6689
2974 2953 38024 2888
1799 9353 15470 19959
8371 4910 16060 8006
7318 8341 70774 3765
3592 6780 19070 8801
3254 3901 55863 3762
6835 5031 97435 18720
6424 4339 65518 14317
1896 6468 11489 6430
9196 3814 60485 17292
6355 4321 18989 713
3565 1585 22648 12484
676 3957 53598 9222
6810 5065 22830 18118
8159 1649 14576 14387
5240 9 86947 19122
9455 2760 37790 14141
7856 833 8182 957
5535 7955 29625 15527
222 4519 28675 18482
2809 3218 16403 10331
3350 8290 10746 17562
5819 9067 19947 10818
5477 9358 86281 9677
3868 7757 36872 17414
955 1372 24127 12645
8413 5388 3005 12442
2079 4342 69885 13968
3255 3804 49171 8991
6242 7110 44104 16735
1027 9630 13700 10584
2953 7633 44416 4122
8902 1409 36288 4718
1308 7796 35280 5274
1581 4218 43469 7169
677 1343 51628 8396
577 5754 36765 5066
3231 7655 667 7314
1358 492 80309 9997
8256 944 24655 5306
4384 7913 93587 7032
717 9079 14117 13648
6382 1779 22351 3256
8360 3246 78436 19181
9221 4510 9148 12002
5212 1626 44332 4024
379 8032 25335 12367
4686 5905 72203 3869
8386 1940 59034 13472
6994 4162 65756 3344
9243 5411 86160 13734
1896 3275 18606 11987
8171 5113 68020 10373
9542 9134 27966 2365
7220 1239 30029 16748
8079 1729 21040 18751
227 7433 44672 6970
4657 9329 67678 15259
5159 6386 83697 7456
1850 9459 89770 15354
7700 5191 77251 11652
9427 7861 78070 178
4216 7212 50905 2011
4171 8841 27620 17476
6131 9823 35501 1864
9642 7515 79451 3012
9069 507 93212 2444
9531 2932 26567 11132
4951 1839 10161 7038
1755 4070 61678 11275
6130 9915 59132 14550
5683 9281 19662 9618
8204 6922 81092 17925
70 2631 22109 10262
4110 7024 2257 7764
6648 1958 37357 5306
9737 3639 10099 10127
3418 3618 78842 18996
6772 3525 37408 17151
5860 3384 27307 4144
5691 8477 75591 67
2058 9414 42872 14309
7676 3221 6444 18166
4741 5453 26948 15732
8685 8178 32061 1554
947 4067 49202 14248
5342 6968 63113 18820
5296 2897 39963 5234
8265 5557 30253 13683
4559 1553 27033 16383
2904 9590 1887 16470
1016 1860 17714 6365
6406 1603 94987 4651
8181 5124 7686 5013
5414 5646 34404 12183
6624 1728 83655 1126
7294 1561 20537 8532
114 4475 15737 2463
8659 649 39908 12042
9123 4415 24470 864
7040 308 84438 19947
4650 434 56974 10378
6661 3239 33623 2809
2361 6468 15259 10792
1361 3695 73199 8215
4094 197 77005 14983
1863 6426 40848 10660
6646 3299 21190 4744
2595 4884 51840 15586
8141 4978 27605 334
9577 3195 10882 10603
4268 9712 77215 4830
3082 4467 97885 179
9948 2964 46155 15500
6548 1218 56738 18252
5835 8351 37892 16016
2070 8710 58454 3702
419 2226 385 5319
254 7063 84834 15881
2089 2770 82421 12399
5096 1247 92060 1670
3653 7223 74511 13538
1110 5340 83298 1069
2558 8162 1286 6173
7716 8358 85429 4001
5111 9727 1120 11375
6537 4367 10333 19986
6362 1469 38544 2370
9712 412 4911 2899
747 5187 86411 5668
9196 7163 90311 12223
2565 5574 57260 9252
5472 3112 27411 10170
5303 4628 42264 14617
1775 5550 34484 16017
4363 3830 90390 15937
5685 1173 14497 7691
2676 6622 20812 17981
1526 2231 4085 3110
4124 4890 19046 11670
8007 2745 62467 1888
5038 4158 57328 17515
3095 2498 32218 9276
3736 7596 85378 10047
6389 2669 10700 2711
3130 7508 81266 9220
4654 2907 53889 13703
3627 5074 61361 3593
9276 3586 21783 6025
7452 5339 70540 15304
8307 6431 18545 14719
8837 3269 61691 9871
7101 4136 31509 8594
9887 4812 56773 3104
2196 2236 73893 11778
7044 2877 60826 2609
6385 7583 17246 17897
1199 4962 84117 13549
8153 9573 62199 1369
3568 8555 29047 12264
6224 9688 95535 9604
6582 9112 49049 19906
5647 5612 47433 15146
2482 183 73894 2317
3732 3001 74642 269
4687 8174 54102 17952
978 2505 88234 14523
5783 1706 9908 4808
6178 6500 73693 339
4252 8050 28341 11428
2255 2369 90390 2377
5894 5000 81983 13507
3193 297 45246 18644
3855 8076 54693 998
6875 2199 15549 14873
9450 7714 86357 5926
7838 7599 15870 6615
3532 2182 9909 16430
2679 4258 38238 11355
9513 2827 22806 4190
3527 4023 70886 18299
7745 7996 63233 10965
2425 6288 68011 12836
1613 4748 15313 2366
7201 3487 93542 5355
5324 4562 83293 10118
4492 5416 78192 10274
7647 8092 63047 368
9921 229 81635 9267
8546 9941 25242 16545
9878 7520 37326 346
8085 3802 61606 18668
4583 5426 65090 5327
3836 4784 61472 16873
2013 136 67050 2401
9326 3107 6998 14181
7758 3854 93529 2904
1741 6085 14107 18953
7358 1055 29287 19969
8467 5279 67940 17595
2302 6965 50008 7213
2054 9501 22345 1449
750 2847 14725 10846
7458 3507 46355 4028
558 58 62988 15962
8674 412 98604 8852
9265 2710 38568 1254
7624 3184 11963 19242
7724 3427 94389 17423
5760 5495 82747 3761
6187 6460 12677 16659
3203 8486 17579 17586
2914 7832 48812 7564
5204 5440 68247 3353
3274 2687 51711 9086
7071 2260 87713 8523
303 2117 41548 2966
4581 8594 69476 19688
8307 3417 37300 15170
876 2806 84856 3420
4505 5248 51712 15480
478 2776 47413 2794
1812 9813 22659 11551
3461 1595 12714 7845
4841 519 11861 13727
9904 9810 85846 12404
2005 1084 67148 5121
6122 4419 11727 13552
8283 812 54339 19464
5604 3082 56785 16379
7295 5018 81210 9126
6478 5371 69143 4989
3937 6117 23733 7795
3335 6013 42777 17477
8698 6592 12262 5535
8994 3518 46873 9363
6498 7334 97137 5642
9715 2631 75943 12935
5780 2426 25807 12605
2085 4184 89909 8130
8720 5240 14711 11318
4948 5200 73634 14318
9750 2724 2757 10103
7677 938 38005 4404
6503 4936 64277 8405
5170 8749 72962 9616
5760 9570 23944 12319
5523 7274 24828 3093
5254 7479 42952 6863
1523 9762 15911 11427
2862 409 94176 10311
7813 4113 92094 3216
2735 3300 16824 7136
1966 9740 45259 56
1540 6264 81464 11029
6909 6821 46310 13248
6612 1060 68067 15189
9386 3166 40481 5407
450 9904 81822 11127
9985 5400 65176 11051
4103 1114 38018 10115
8345 163 35094 11049
3429 159 91782 17231
6362 7171 61276 4583
2930 2620 90582 19647
530 2944 43107 3406
9920 5262 29414 1897
3400 3363 19958 7939
9588 6539 18828 2793
7057 7541 40613 448
13 8014 54488 15653
9261 4793 65434 13898
1295 4786 79285 5506
2045 6178 19321 9779
222 3686 88658 13057
3436 2689 67542 15091
3614 4233 25691 1877
2728 2176 57617 19991
9069 4876 24484 10384
4625 4772 51861 17125
3001 9226 14551 6478
7004 9078 10907 16303
4595 9424 39582 8894
7567 8148 58568 18100
1440 4139 35869 15422
3493 3095 46610 9156
2903 413 41784 4128
6952 8162 813 7675
9493 9954 40499 1248
2495 854 92422 11148
8908 9859 111 18322
4587 8365 73501 9085
999 9404 3765 5065
959 6923 10167 2977
7736 2950 91982 14170
8638 3751 45951 14285
6785 222 18692 7943
4880 3314 8070 11605
7702 3703 6499 17444
7313 410 70933 6609
9396 3062 77607 17832
9664 5044 85131 13544
3241 4094 23079 15259
4361 4011 11185 18349
6078 4358 84706 7199
7424 4946 68062 10769
1038 6090 49716 17887
9232 1619 19954 18847
9524 2865 96670 15710
4010 7316 22989 12128
9781 7412 84291 10919
3143 6468 77485 18479
6008 9185 34834 4450
5971 7977 12415 614
8263 5623 85366 3476
3915 6823 32713 5319
1718 7041 3743 13922
2906 3180 37640 16675
7499 5428 89074 4247
8351 2399 62978 8151
1367 9449 33518 7851
9314 2091 13613 7587
6285 6192 98387 7569
5368 6143 60264 15979
5006 7865 88048 12385
9063 2861 20369 2168
5530 4900 38321 18331
7091 2771 2505 11943
351 1034 72513 2167
7876 3098 15704 17578
7555 5584 23774 11330
7380 7450 40075 586
7313 4313 30119 7642
1709 8973 17325 10530
3051 6708 19586 7963
6457 7203 5060 11979
1157 621 77748 4020
9109 6849 50670 1553
6442 7273 34977 8791
1456 8196 12838 14216
9457 1953 89004 10455
6471 5971 98465 12564
3135 3832 83669 1880
6714 2732 70654 14450
4928 4683 88829 4807
5259 6606 5041 6801
6894 5225 2096 7722
1123 2665 64821 1262
1239 2493 93645 10840
901 1738 83461 9366
5680 6158 11258 1120
8080 6166 5828 219
4335 9139 22985 12899
7037 8067 75296 16432
3408 2613 41770 19037
9189 1297 53445 19090
5102 3582 62255 18347
4880 1308 51755 15436
315 3935 77963 1433
3726 7583 70414 16667
6037 4289 42376 8912
7480 7222 16965 4119
180 5405 58408 10927
8270 1270 10845 3713
1334 1891 68485 5763
1408 7220 83418 12235
7549 6607 52422 10285
3326 6634 50497 14937
2313 4613 58336 3353
2610 7706 18524 11722
4121 1707 94586 19385
4198 266 22465 4612
8932 7037 69375 19751
5696 5673 61918 15373
5011 8468 85118 6056
859 3858 61876 19177
526 9449 59243 8261
6483 4529 86607 2468
4992 1226 54948 2943
9196 8411 38651 6613
3037 823 46155 5941
1244 964 85813 13678
7913 9297 81640 1717
3655 9055 68066 2289
2727 5217 33944 6741
8807 8343 80901 9406
5928 9740 10017 8982
366 6509 62839 14829
2842 350 94750 4058
2706 290 74598 19736
4463 4516 10987 18823
3468 2195 64227 15163
5625 5235 91403 18629
4684 4457 90374 7876
3457 4515 64741 5100
8559 3188 78083 15663
2635 387 31374 6565
1826 1014 63566 4106
6987 8557 62689 16577
4965 4133 79648 1526
9453 5841 78358 16478
7587 2396 33629 12621
640 7831 95316 13778
4813 6 59488 3551
2763 9527 54697 1726
3610 3007 75042 5994
564 1115 5418 17417
8879 9857 36304 2252
9401 9126 75634 8981
3666 1713 33668 8552
4619 3616 32856 7995
6307 28 50295 1332
805 7605 77518 13836
4851 8708 86135 8479
3798 4755 18028 12849
1322 9734 34232 17711
3248 7649 14339 5033
2220 1257 22250 16354
3350 9309 41364 9709
5129 6515 15983 19357
8026 5635 7327 1632
3716 950 77290 9350
6199 2367 46155 3444
5238 8617 28038 515
7912 5846 9612 6878
1695 5158 50780 15453
955 8748 61521 10796
9832 5068 40943 3766
6114 5142 58427 19666
6511 2121 42668 19201
104 8335 62470 1396
7346 9947 87457 4637
2658 6324 45511 17822
5557 2250 95052 10317
456 1533 89109 14682
420 5412 24294 4470
87 9050 20261 16589
5842 9474 73228 10223
1836 86 77423 4123
6937 7299 16765 15783
1872 1341 57015 7551
2875 6717 71747 7685
2741 4499 5359 13602
1058 8453 75523 16707
6576 4121 58407 15449
9998 6418 29467 3535
3716 9040 24293 19904
3321 7465 61442 1606
2427 1800 321 10811
331 7020 76048 8979
1640 6202 51559 5349
9487 9185 6139 7336
2940 420 1924 11240
5431 3576 24009 16676
4696 7256 43159 15470
7429 5013 80168 17392
9165 2775 84314 16886
4605 345 22926 12431
463 9495 12705 10400
7567 6054 70179 18626
3790 8046 64842 3645
9415 1582 48240 15739
7512 3576 1846 14784
928 5824 79730 4553
4301 5851 67175 17420
9028 3005 78117 12627
771 5940 76838 410
2065 8602 74739 13231
3208 2901 88548 11279
1157 8471 21695 17341
622 3077 75122 16104
8556 1831 14877 17072
505 4047 21386 14215
3350 4294 60444 19120
6787 9711 48680 3014
1096 268 62000 6573
8678 6198 21564 6966
7343 8191 67236 1616
3163 3661 84579 17311
1913 4164 19485 17841
2205 2346 11462 19755
8193 6602 96440 17958
3904 8178 44368 8488
7271 2939 50531 1893
571 9661 67174 6587
2648 3 35754 18568
9304 5971 94571 4568
9018 7327 73923 11187
7768 4832 75854 18160
4215 3552 21651 11851
441 4112 35856 17719
3220 3565 61924 4003
1220 5342 14542 10830
4588 7889 3651 16345
9717 7451 80965 15604
156 6703 57582 16778
6537 3212 45882 778
9211 7456 90050 4893
8488 3713 27459 17962
9983 2239 98711 7292
5074 2996 76231 2206
8877 8579 30371 18485
9830 2093 88295 14465
302 4533 3467 7175
7044 1266 38050 4670
8901 9731 2197 1268
684 6006 14376 12614
9470 4694 21355 14645
9002 5063 63918 19154
4692 9570 25757 10400
7368 1493 25970 15769
9111 1824 12403 7633
4469 4304 19329 18081
5444 5102 5201 2129
1738 5974 21109 6287
7000 3287 1902 13291
7479 9995 24599 7482
8836 9878 73938 16217
4212 9681 26284 19701
2097 4389 84209 12745
3319 9031 17911 6303
407 1966 73072 9971
4296 1041 5837 17930
7182 9367 71162 10472
2070 5370 56786 3769
5888 5739 70286 17827
463 9810 60291 16296
380 7476 12018 6067
1502 8347 74591 7866
4569 7856 91465 17629
713 6148 63352 13970
3154 1845 29461 18021
9743 6953 72880 14692
9611 3219 41454 12724
628 4821 11140 15771
446 6738 11462 7323
5179 1046 64295 356
2000 1282 84729 17135
3876 774 496 18892
2384 2640 66846 11542
7202 7792 39711 16467
3499 7869 27393 15305
4000 2352 42223 9356
6264 9744 64657 309
3044 2923 1338 18769
3734 7294 21176 19760
9546 2408 31951 4334
5585 6087 95650 8788
7983 5154 90076 13419
5756 1410 87382 6179
4340 8535 4174 14215
6792 6404 66467 5688
9898 4901 84819 4263
7051 5629 62111 16378
1871 1771 32994 15605
8595 7422 5343 18375
768 2776 49155 5195
9739 3861 7651 8245
1056 8758 72488 3625
4789 7594 80397 3121
1884 9412 90852 15808
1422 5979 35442 4244
307 21 42185 4936
4831 5664 22173 17551
4460 4548 734 347
5314 6859 56397 7833
8953 2561 44717 9703
369 8197 69544 25
3127 1516 14864 10850
5490 9481 28419 2344
6364 4540 30205 9975
7138 2285 95456 11673
8962 2344 22126 12472
6747 9076 2773 6814
7068 7328 94860 1039
7623 2958 95397 15335
9646 273 38292 12796
2073 899 23158 9732
8292 933 97979 8447
8762 621 43718 9960
2853 3357 41999 1560
4353 1453 12469 4642
2788 330 77156 6143
3874 4984 17830 10690
4223 416 56147 8181
5354 4548 78017 11549
4447 9429 26900 162
5702 756 54496 11034
6810 1682 20455 17065
9934 9824 38833 4965
6684 7272 80486 15825
5969 8561 433 19780
643 3504 46516 9521
4978 530 40137 6696
1942 8823 3459 3687
3724 3617 7307 9898
1467 6034 69699 18204
6914 4396 49558 15534
7684 8347 7103 15492
400 5624 55591 9791
5671 2009 1869 3646
3600 8087 82163 2315
3229 6029 32144 12813
7795 3366 33185 15522
6539 2510 62817 981
3415 6069 35184 8971
282 1743 7537 8520
1436 7297 76018 1827
3715 9873 41815 18116
5483 8350 36115 5591
1952 9376 67820 849
3379 4515 70656 5691
4903 8978 21154 9895
7494 4219 18550 13127
9094 3468 37980 224
48 5592 1239 16288
7819 8648 56720 15724
172 9934 81617 5339
5156 6013 59867 11352
2564 1044 25153 1562
8464 1221 43205 10256
8587 4705 63292 7327
3045 4775 62115 5090
7971 8264 40628 17208
2478 2561 35575 6287
1417 3217 82053 254
4206 540 28655 2262
989 321 45184 15023
4959 367 44729 6825
9335 3761 39706 9433
6256 9436 37872 18082
8482 6870 45581 13906
5680 6252 94172 1869
9714 2827 73647 18941
5418 5536 58099 12538
2062 526 12430 18507
9037 2461 77759 7268
7200 3249 2246 5460
2859 6567 11380 6609
6179 3145 97958 3637
7359 8164 98353 12711
3569 1179 34190 11971
7116 1081 62691 13628
4134 2438 87177 12891
5188 5068 1979 9574
5848 8792 73938 5491
9064 2498 63148 5479
4206 4297 37335 8137
8375 4204 21374 15522
454 1300 16045 12664
4718 9447 49342 10776
3311 9067 57517 4051
7456 4775 94555 19397
3817 4569 42362 17615
3104 4615 90780 59
9204 3428 47069 3517
6076 5569 94528 7516
4595 950 12226 16433
8452 572 67237 2546
4615 268 32274 808
2054 7738 39032 6206
9576 8989 88396 10912
8965 8799 69932 2791
9702 9981 74211 15130
5540 5794 54014 9070
5363 4555 29083 1587
7671 9437 17949 16912
8274 7979 4056 14385
807 8843 11344 50
8541 1327 31310 12597
7472 9984 6451 14370
8172 3614 3246 18881
1371 8984 47843 1715
2123 4958 16280 6349
46 7192 56941 3214
1613 7739 4930 15665
7313 2115 18346 15482
474 8497 27718 17220
4302 5095 11160 7363
8014 3027 12286 19252
909 9224 75498 12650
4604 4290 72281 12474
8775 1571 5554 8928
2479 8921 38932 3810
6264 9286 96383 1768
5241 293 69710 17424
3356 2773 41726 7630
2622 2843 18426 3012
1269 4178 69407 17338
5011 4894 54722 4951
6424 901 91232 1590
5597 8077 35781 2315
1068 1048 80440 10556
2982 5077 9926 17246
1914 7846 50107 19929
4404 3181 37826 12004
6651 6121 87400 9330
4353 8083 43988 4188
4998 9665 56652 3157
428 2464 1603 6348
3856 3187 30808 7215
7298 9843 66076 223
9283 4272 93685 6644
3273 8996 16728 19784
2819 7111 2858 9847
2087 7783 42034 13485
7380 5683 13611 13033
4106 4705 49668 11302
4328 2793 27805 5556
4424 1900 18435 10633
6860 3310 19025 8132
3111 3045 84293 16296
3730 8187 63661 1407
5997 49 69908 12118
7133 7080 40251 4437
1669 8930 52862 3496
463 7870 73577 3206
4759 3499 5944 6811
9417 5379 20143 1355
8401 1860 72763 14119
2327 271 47908 8007
4201 9332 16643 7802
6364 8325 34967 5679
6413 8674 38313 14753
6360 7876 63828 9279
7627 9958 25335 1578
9836 3989 47353 16469
4802 9117 48166 2919
8129 136 2849 814
4964 9521 71696 17132
8036 4967 49396 5215
2067 6381 67171 13622
1185 9357 65189 15508
8275 7333 36965 12810
996 5306 78261 16728
4458 5540 40560 17634
5558 2699 64225 7274
1083 148 84272 11502
2191 5759 9079 19028
7745 2707 92270 2604
6013 7039 71910 19317
8227 46 3978 13012
7309 817 80398 13393
5245 6153 36008 11764
8898 7413 3260 13851
8942 80 41117 10310
8436 559 32799 6899
5297 6895 52847 16502
1800 9359 66202 16879
6584 1123 18802 1246
2900 7674 72330 16879
4260 5716 84175 231
7363 8228 44278 1781
3275 7116 11662 8044
8876 6524 66331 12398
7244 2121 88290 10626
938 2541 62778 4924
6245 2671 75729 1590
8904 5727 70255 17145
3456 497 22419 12528
4806 8344 71945 17661
4361 2031 83760 17427
5434 5954 94368 2889
4939 7681 72425 4980
4066 6731 86383 6833
7643 6873 33759 16273
281 9588 79667 16365
4827 5693 74217 19587
7147 7826 4400 17932
8239 9889 58005 18711
4430 3766 19142 14630
7140 4577 33890 17185
9 6580 61110 15609
7374 3799 31218 7216
3565 3334 93111 6616
5131 5129 71830 4321
6578 1872 72362 15489
2992 6246 40015 4235
5480 2235 14361 5324
5595 6606 71398 19676
4773 5370 46844 9602
2706 2344 74332 6385
4182 3199 98677 10916
4968 9610 57811 5374
1263 711 18778 19936
8013 2903 22302 3928
7776 1643 49627 3532
7170 3809 45504 679
7927 205 11169 8759
7206 4683 21580 13261
4294 7841 50394 10764
4048 1783 96705 16
9208 2255 5234 5783
2162 7609 18859 2165
8287 3818 36341 14933
1394 9292 92526 5381
9631 2474 1606 2643
7291 7716 92695 4861
5406 2724 90044 8304
8317 8706 19787 16197
291 6523 73918 4411
3003 9579 4705 2937
3072 1296 57560 8227
9630 9183 58661 14387
6900 6963 87420 7575
8115 7826 65288 10210
2022 2995 17620 1500
6543 6300 83165 10853
9545 7853 14755 15025
6979 389 33162 12665
3849 602 5207 14940
6884 2857 30245 8242
8932 3485 25408 3674
5190 7701 65844 16434
6919 135 78326 7464
9542 2591 82953 1941
1430 1507 78664 1536
9440 1776 41129 11353
2503 63 27746 11475
7526 5920 26288 9948
9826 4352 7318 3066
2043 954 17557 8593
6525 135 43285 8180
1998 4534 85268 12676
4659 8222 90540 4701
7009 3869 3999 14692
2193 425 76820 8879
3526 3097 59832 404
3188 9109 87861 3863
4264 5518 45458 9537
8048 2293 27610 13206
9548 9381 57631 8432
2327 7457 83197 16885
6311 4525 96603 15852
8320 8021 13642 1282
5139 5560 72714 5434
3569 7332 55422 2859
5420 9504 38696 6641
7421 682 78340 3614
2876 7675 50406 594
8426 390 76336 17121
2325 2860 10309 11700
2494 619 88176 14430
2333 8842 72146 12841
3606 3003 24339 12332
6700 6433 34666 6186
3089 2101 76200 13152
733 1270 76771 12360
7035 5642 58184 16160
9493 6012 4386 10362
8870 4045 93561 18843
2518 1108 68508 18620
9369 224 62335 16891
6809 7096 13050 5280
4129 2916 84329 18909
9870 6505 94696 9772
5054 6230 28576 9597
1005 1333 60961 12795
2069 5658 15527 9168
4730 9961 77770 19707
2666 8618 10022 11357
9606 7235 53314 17481
8259 9654 30852 3067
2743 4611 87930 10329
1282 3215 47527 11176
9554 5023 90583 1496
5801 3416 27415 9314
7682 7608 88506 10483
531 2287 25484 1467
2353 3577 75319 18152
6465 2176 2851 9832
7232 4803 10891 18325
174 5265 79971 9952
1282 2663 79179 19854
5766 7776 68301 5912
705 4609 69286 11033
3390 6971 32209 6940
9191 510 30647 9879
4898 9246 51353 19540
4166 8902 52315 13998
8152 9226 55247 11855
1851 6740 14239 7910
4253 3531 8749 5097
6424 8143 8332 11750
6012 3952 21019 12304
3784 8250 48202 12731
1478 8779 77270 18298
5921 7940 17577 17162
2861 8436 57460 2586
8009 2429 16846 1367
4323 4037 23519 1246
4932 4922 6545 14317
3593 5870 95711 18134
8424 3430 10209 16304
9618 9701 11494 12393
7477 8336 68434 3471
998 3794 33957 13515
3915 8523 20426 2094
9693 3085 7273 2471
8966 8189 38968 18902
5437 2974 81249 13210
6241 5640 69042 17764
6506 9560 28761 8434
6647 8829 35521 17816
948 1274 93430 13804
8458 5246 21047 136
3994 8195 67793 5552
6359 4248 76948 16933
8017 8383 2694 13365
6822 8167 11046 14332
2571 5663 45854 5633
1943 9964 8617 11401
2321 4895 99036 14778
8065 4159 19649 16687
5642 4542 99316 4330
4654 3537 24452 8334
2315 8647 15309 16121
3331 5316 99374 1690
6800 6008 30136 6387
227 8655 48739 16866
888 6273 40068 14005
4589 643 23908 12075
5083 8281 16527 19182
3122 9358 59213 14899
8442 2937 53680 605
6132 4583 86681 17162
758 8186 26778 17894
7199 450 82107 15499
4737 650 25780 4771
3513 6437 36122 8217
7556 9635 92175 6845
1718 5385 84764 12387
2119 7695 91051 3520
1653 8813 91571 9156
3773 9026 26098 1280
4107 459 39363 16443
9356 6895 54549 10220
663 1180 85360 18728
4253 6575 88346 17440
6224 7667 73541 9692
3023 293 60438 13450
5691 2136 60668 16626
2170 4031 28813 12277
7616 2190 65181 6785
9362 7184 44486 2177
5909 7365 97836 5912
7230 7408 46324 495
2494 6493 5320 10629
119 5388 23650 6522
3357 6078 425 953
8935 7315 22868 6634
2870 880 18798 2024
308 1178 75549 11023
8252 6473 87346 19500
488 4313 96946 17040
9149 539 76229 698
2863 3921 37845 13681
4748 9757 11386 6270
3754 5655 66381 13062
8005 5057 4139 18706
9493 6448 64496 2344
6381 6864 89320 4837
9133 713 25158 12059
9446 8081 6009 19955
201 8840 63237 3930
8956 6303 998 4751
7357 9762 48676 17121
265 7799 52070 3886
4333 8922 12961 9033
2809 5499 59830 4389
553 869 8883 19874
1984 3413 47393 14493
1220 2207 94079 11258
427 1799 35651 19119
7447 8186 61931 1189
1657 6830 66441 12939
1537 980 76622 17477
4327 3892 13581 11536
5948 4178 4360 8306
199 6710 43921 7030
1111 7201 55344 17751
1795 457 49996 6806
7065 5477 98009 100
8766 8892 26213 6367
7676 926 96674 4178
2438 540 52905 5498
332 8271 3251 16696
918 890 64740 2807
5443 6076 1787 14532
6645 5227 75710 6266
8055 8813 48186 14141
4596 830 28294 2075
3007 7158 99224 4239
3608 3117 99547 12306
5323 8890 51665 16555
5724 6907 23644 12659
664 8391 5134 1917
5434 6495 62519 14474
1938 2210 12896 18104
5686 5974 56801 16579
5051 548 36227 14737
9294 6410 71685 5958
1737 4901 47569 4246
6644 8086 9384 16923
2462 3056 42519 2311
2706 1149 29954 4289
2210 5561 35133 4833
1863 9118 66686 5555
349 7283 20249 3583
458 5998 10233 15131
6276 3860 26303 19301
1058 5179 32924 3952
8407 6115 27383 572
5468 907 19220 7037
9652 9791 88609 6378
3148 1406 24383 4725
7878 7331 74148 3425
4653 8442 37083 1068
8920 5143 43281 1034
374 2805 67879 17979
6195 2010 68515 11837
23 515 87310 7649
9802 9180 17665 13522
7429 2161 21516 10068
3078 9345 34458 17568
4140 2037 6218 10857
7921 4179 8243 9305
5765 1004 45638 17631
7293 9349 98227 7446
9625 3465 47308 7521
6158 7860 69907 17986
8617 6637 42777 10800
283 2945 65645 11562
526 3927 3423 13928
7700 4058 94720 1434
7718 4889 54017 15341
8595 4853 11219 19980
8560 8587 5225 12430
2426 9549 12549 2141
4830 9368 28775 709
6272 9430 41632 2963
9539 788 12958 306
9977 3469 46992 17689
799 2664 9519 3081
9494 6695 85620 3182
3113 1092 98612 7716
1765 5075 67129 14629
4428 5670 70137 3516
4366 1239 35386 14100
5630 6695 88476 152
3536 3739 15061 1056
7351 7042 13242 1054
8784 993 32522 6556
2734 3453 76512 1082
5417 6581 35282 4261
6277 6877 71940 1616
5751 3067 17732 10623
4541 4589 88726 3684
1470 6274 49098 18076
9487 3827 87625 17666
4107 2234 6350 4437
6057 8772 84324 2858
9286 3275 20246 12194
3109 5233 31379 1365
9202 2952 55234 7167
3388 2481 47624 1624
8208 4347 1533 1567
6773 7270 21314 11617
6303 462 51642 17677
7260 259 3208 8892
9581 6434 14984 19820
1285 207 70236 10885
3498 4735 48044 16285
3725 1744 78740 18533
3880 6745 208 9250
1910 7095 44361 13728
6746 3623 92677 7280
2173 92 77000 17567
2186 4308 28411 19641
7049 8736 24095 8069
3354 1679 57210 1360
5173 1942 46972 9241
9220 8341 23482 4554
7194 9730 9582 9152
3007 7195 20066 5342
1780 8101 60208 15948
6174 1660 49706 7723
543 1265 43500 14629
932 3757 79997 18281
3478 2169 31034 1915
7722 8079 41064 9359
4977 2059 56174 1271
6663 4660 26856 3670
1047 2099 98651 2169
6678 2497 79032 8229
3376 774 20165 48
3513 6012 66287 17591
4071 8054 94467 6536
3301 2035 33459 11778
4009 5702 77235 16086
3869 2574 49997 6064
7740 8930 64255 19065
5113 6354 38914 17311
1513 9657 57153 4470
4111 3365 30679 11809
6566 373 40506 3441
1768 3571 88963 17668
2167 1275 44076 17222
5031 7029 49194 15661
5326 3344 67568 15163
8848 1300 5447 7492
5700 9950 36699 16042
9094 4931 70309 12239
262 6889 7888 11097
6805 9164 75309 15973
8673 9201 63058 12249
4086 4223 21282 3124
2240 360 60643 2823
3013 7261 63817 16354
9515 7591 17955 10456
6865 7894 86088 5552
1736 4096 62951 14511
2831 7559 18701 10142
7949 8513 4921 19888
9777 420 7944 16440
5282 4432 49282 17811
2833 2274 47329 4090
2353 8853 39662 11637
5730 703 75921 13295
1663 1617 428 11140
479 5925 44756 7201
5400 8317 55748 11142
5363 6869 2190 2942
8051 4044 36317 6610
1945 8275 56574 12217
9444 6028 79969 13422
7810 6612 97493 15411
8114 128 76950 9151
6067 4980 74612 16159
5365 606 87801 12879
7840 8673 29591 10408
1401 7403 22860 18260
5398 1403 59333 11716
9215 4397 40769 16547
8291 1044 77613 10048
3625 5037 14246 770
1115 7933 22019 4279
8923 5701 42483 11115
9208 7995 37045 8840
2511 7670 76304 18547
6157 1105 32306 11400
4865 9451 10693 3038
1258 5575 57015 7148
5414 2494 31140 19100
7658 9836 62629 13943
6387 6531 74628 16998
4912 7736 8734 15088
5331 8645 4873 9968
1792 4874 96321 17917
9952 4875 92188 13157
4723 4865 70167 9379
3837 6170 33958 12604
9126 4949 96550 5872
883 3585 33216 6343
6865 1395 15231 3783
44 3976 17132 2602
9115 3577 72813 16766
6925 8250 79028 19012
7145 5627 15392 4351
8149 719 61094 13719
8070 4306 24395 15141
74 39 82509 395
6470 6607 75838 222
5274 8694 99975 8011
8335 4133 38691 12876
3405 3032 38490 12263
840 9475 94521 226
2733 8356 2607 5540
8 6913 30084 16190
1024 9373 68334 19326
3339 4143 21763 6515
221 8466 23787 13061
3864 5068 18571 14860
9700 2617 66541 14951
2710 294 56200 10524
3922 6049 30702 19762
3831 6567 80 16231
112 2234 64854 15178
8759 995 10882 16282
2793 1795 38810 19773
9736 3599 43155 2276
4500 7542 17580 7579
2896 2051 1544 12880
1124 8609 81066 15279
4007 8197 38294 12501
6339 9624 82948 22
7178 640 8935 6314
1487 3330 47673 16849
8535 302 32394 5679
9480 3515 69159 12772
4657 9342 67520 6245
3071 3658 14294 4039
6578 4709 8829 15345
5281 5352 65677 10870
719 2344 65339 2278
8824 8091 20449 14246
8706 6000 45774 8020
2571 7009 5982 18951
9014 4560 79927 19406
6357 7442 47134 18297
1939 4248 13813 4174
3333 3637 48823 13218
1186 6159 15547 595
9558 770 28665 13528
5853 5291 17665 6350
7171 8907 39998 17201
4087 9198 36318 3052
2886 8020 3645 12894
4966 3750 45438 14508
6711 3914 87606 4250
3023 3360 39442 9102
3089 1033 65110 16549
1755 3990 79557 10396
2827 4261 92165 9555
9834 9501 77378 13546
9862 2698 54515 6657
2654 4475 21148 6980
7213 2103 97017 6974
4637 5550 60927 7164
457 234 49942 13741
2667 9972 82930 15160
627 4332 78424 19476
6562 8371 88440 1127
3124 1146 86837 5259
90 7291 84270 297
2943 230 99099 15273
1683 973 44087 8961
6300 8246 32010 14043
3217 470 4014 9292
6928 7846 12699 6080
7411 9485 42694 12982
8615 3611 39279 828
3417 3281 99357 6684
3077 5474 70142 11789
6347 6183 89229 14870
5599 4864 69456 5202
494 9289 4025 19929
6962 9479 98582 16243
4770 2941 70025 1413
8968 7178 71363 10782
9574 4217 78769 1585
5949 6878 45132 13320
7757 9167 11848 10555
6267 7613 61149 10277
4496 4784 71069 7248
1056 4970 25506 4835
2210 3793 79133 16966
7633 2389 92980 18812
7146 2047 81752 11719
7754 5564 67517 16185
3457 3295 93512 15519
3917 3739 21780 2294
4503 7725 16799 17575
7704 9718 36201 7794
7617 8664 89271 5860
1972 7398 85969 4386
7537 9036 85260 8055
6027 7882 58987 10842
1908 415 79408 4716
2873 930 43970 4434
6025 8753 78348 17862
1058 4021 27644 1859
569 3410 60302 1
5054 5299 18735 15042
3053 1290 71603 11713
1168 7280 49273 14149
5186 2721 73025 14200
831 2488 31390 10061
3840 2695 14617 3469
1784 7661 14354 18345
2281 6103 15346 15916
2993 9926 67264 6761
3904 1476 7439 8636
3965 9706 30305 14521
938 7621 72808 4480
1642 1448 86635 18889
6948 3085 26536 9792
7721 6867 4211 648
3518 2620 47832 14969
9700 1643 62589 17156
9524 7934 80944 2936
694 1904 30191 3676
1967 5571 99652 19010
6680 6761 94184 15452
3098 2077 14741 5583
1270 3633 2816 6310
4230 1215 36690 14736
9063 2599 23457 14928
4665 3727 36880 14014
3808 5927 17330 2172
7616 4299 55951 13676
3678 2593 74925 7284
8103 7521 65665 8199
9756 1152 92222 627
9667 5896 43152 8235
4069 8753 92613 905
814 1940 40645 12312
9865 7728 77565 6568
1948 1902 36874 14877
9302 4618 13525 1268
2534 8272 57857 15210
7224 6412 99774 8544
8707 750 68358 18749
8378 6274 49009 984
8605 3899 63027 8381
4930 6476 84094 1620
3758 8316 64525 2637
3876 8788 97505 4019
3831 7082 54125 16172
4973 7007 82426 10206
9912 1631 66300 14468
6242 3665 34790 3697
212 4065 2817 132
9445 2748 4929 8713
7359 8425 85835 9438
936 8275 92574 17020
7161 237 65558 6034
4137 5551 9563 13053
7225 9850 60181 4936
9973 8542 33328 15336
9606 7980 99315 8812
2127 1897 37637 6138
3489 6268 37852 6581
703 9451 3907 17896
7563 4162 47910 2047
2987 2356 1679 19589
4604 2530 26470 6679
8875 8033 65563 5153
3110 4418 60971 6658
7812 1716 84530 15257
5115 6341 26939 3954
9834 3746 90587 5799
6115 9122 23689 8547
1992 3051 78189 4285
9790 2983 655 19285
4645 722 54060 16230
1170 4891 41002 9910
7861 5100 73883 9093
2255 46 22220 5234
1120 6373 72423 13900
616 5015 36396 48
663 1435 5541 9425
104 4073 12882 16567
8282 3538 71464 3985
6755 6489 22537 966
9070 4672 93294 11302
2973 4662 5739 14169
6478 4348 66190 950
8051 8470 76305 14298
9436 8212 83406 9663
5012 1818 63792 12746
1293 8298 84793 12067
2952 7764 69200 19915
6813 8004 84768 2290
4224 3879 19190 7093
4729 429 87404 16796
3867 3137 61984 15476
7733 2571 64760 11730
2464 1747 18530 16974
9946 3211 39711 17806
7295 1729 87138 17708
954 6975 60302 16525
208 998 40656 16495
5503 896 88367 16854
3682 7247 89313 19796
9087 812 63793 672
3973 7950 46451 165
8674 7378 22208 16881
6265 240 45147 16380
4505 7715 93317 8229
7381 1286 96758 8169
3533 4199 87931 636
516 751 22264 486
6186 622 20560 12540
7887 2961 72244 7946
8421 2051 50836 10495
5781 1938 55109 12814
5224 6711 57379 8801
1729 90 15754 11050
7274 649 53829 4653
8837 3619 58818 2052
1687 6237 92287 3086
9841 5304 2800 17914
9039 6650 68370 1038
8088 504 31087 14209
2971 4226 9614 8601
236 2735 58151 3970
1537 9044 71601 18740
5717 6220 23525 3635
594 8543 6868 10637
7336 9180 16399 9128
3389 6768 18643 4503
1801 5144 78078 8592
9066 8629 6652 15536
9150 2500 49633 5148
4993 3721 39703 6426
455 6106 18872 7581
753 5183 41810 8116
8508 6262 29839 14943
6381 5851 70051 3483
6062 8513 84651 667
9835 160 21351 10905
3537 4869 3788 3818
8757 2160 20027 17477
5936 3366 64892 17589
8976 6600 56334 17886
6690 7826 42028 5900
665 1589 54617 9650
8202 5968 40884 14732
3580 7169 25189 7475
5136 3219 93932 8390
4223 9625 96927 14254
8735 9871 73061 6315
6486 520 11203 4908
7715 1085 96393 14825
4219 9523 34069 15748
6358 7418 60182 10597
6430 647 9791 18898
5432 4016 5811 3945
6670 8583 42090 10833
6364 6090 28151 19355
2633 1003 61833 12510
3014 9805 74205 1502
3557 5176 21319 1540
6176 5543 1366 6749
6467 6119 3811 7447
1596 5890 50802 12220
1464 6213 48053 3414
9472 8337 36488 17859
6671 5873 59602 3925
2042 5262 97932 12913
6850 3132 77425 1445
8858 7798 70009 17749
4824 3798 65353 14882
3628 7825 57754 171
4649 5082 60629 14482
3215 3160 35267 19843
5888 3099 22585 6300
8205 8515 75647 15709
9542 3199 55397 18405
2007 2321 4573 5046
9694 7391 65076 4178
461 5915 13189 18550
4124 3211 97300 1276
8077 3584 9999 6575
4565 1229 62928 4586
9703 1966 80864 6936
2766 7660 90823 19088
2911 6550 27696 6469
9961 4824 2915 1148
8355 6672 55745 8983
5230 7127 50590 13087
6607 8404 80482 2001
8935 4328 41257 10554
732 2336 5598 17957
4937 1492 90094 8304
3911 9739 62015 18101
1446 3203 18808 2244
1991 1796 55479 4653
535 5109 36588 19531
911 4534 39566 9667
2672 1822 17341 13764
3691 7813 34937 9350
8615 1241 2658 5144
5336 284 89864 10068
3218 7020 72283 11256
4048 7733 65687 7498
1678 7072 94308 6715
2446 2378 81603 15837
1226 7483 51060 5257
5676 2334 12704 6598
1106 7356 74225 4128
3650 4247 42880 2421
2997 869 55171 9865
7589 3797 64721 16748
3174 4021 11672 909
406 7572 49117 12566
5450 2531 73105 3040
2079 509 7843 3351
4450 3824 30949 18400
5503 1753 98908 14348
9977 9307 75758 6624
4956 8561 41262 11135
9401 1733 5600 3392
6171 3261 50664 2639
6143 5568 14870 6001
913 7190 974 9348
193 4158 94813 2437
6322 8224 12600 14258
3109 2401 29264 11538
1419 8483 13668 3355
6008 3841 64928 1983
781 8293 29851 3410
2168 9934 26503 14952
3427 4117 85647 10858
7764 9066 9408 12207
8842 1984 17269 11609
1521 7158 26408 13875
5831 4365 99834 7170
9927 9594 43161 1810
3401 5973 75747 14703
6177 4545 24804 8196
5770 8323 31867 3402
9801 7969 40202 16602
2027 3429 58820 15654
3530 6061 55878 7174
1515 1802 98457 7262
3141 6276 40718 1785
2961 7398 44823 876
4342 3331 33172 16662
7532 2231 35213 10361
5338 4705 73333 1430
3886 7223 40071 3420
1582 634 9176 10347
177 1291 36572 2811
4156 8070 67088 7587
6206 9093 62444 94
6173 4636 44184 10444
8891 804 37809 17274
3640 6069 43105 7921
5222 7194 22387 6381
6576 8713 60744 6222
4673 3649 93842 2445
4343 4662 22569 12606
6364 1897 83063 5450
9533 3728 42955 7512
9905 2643 93206 13856
7574 4568 36326 6815
7437 6063 16529 14610
1311 2140 67296 3156
4974 2146 16310 19235
8777 3606 76367 5227
4316 5160 61923 11076
1309 3685 16633 11111
3009 5392 54259 17431
7752 6207 83378 7128
2225 1291 40934 18783
8890 534 11210 6197
8873 8430 33471 15941
8462 61 48453 10203
7004 6965 73089 3292
9941 710 84045 18868
9374 1437 48549 18384
9811 4962 6688 3936
1234 5334 6552 4420
1913 9727 95521 13218
857 6617 20524 10960
2623 766 1916 4858
3091 8494 14628 18334
3308 2845 22806 13727
772 2126 41649 2576
5802 541 82886 10146
3992 9001 78191 5893
9533 9330 71131 13099
9591 9133 39036 4645
2583 859 75466 8529
6743 3809 13134 16444
9852 9891 5747 10951
8829 5159 80737 8293
2782 9141 93433 373
975 8500 89658 15204
3392 8373 38101 19912
1304 3597 23267 2986
8686 6033 3389 10890
9022 5298 31431 10256
4905 6291 28182 15611
3280 9288 46382 17990
6545 2599 83286 14049
1247 6859 62525 11238
9233 544 68138 6417
9628 6146 44837 10113
5385 9383 68957 1916
4315 8326 83298 12165
8565 6111 53916 11606
8057 9575 6727 7406
8530 848 68865 8134
9430 908 41286 4459
2037 4997 45200 6318
3918 7897 75719 18559
2195 892 82589 9884
3422 8549 14394 10688
3828 1115 62886 16061
5453 566 61943 4198
5635 8953 43147 17279
2020 6857 51272 1397
1666 9822 26541 3634
9539 3514 78981 8403
9211 4891 52435 14843
9584 1102 70916 3503
7978 9 91066 15495
2578 3487 32486 11817
6631 2423 42652 4717
1256 3330 35685 12584
5829 9627 73328 14229
5834 2399 9990 5946
5674 3082 99529 11837
5128 9865 48930 5976
2429 3348 20401 11542
2147 2181 3092 14510
4200 1744 70948 3420
2422 5135 2513 13130
7268 2698 99640 13589
2627 9829 90718 3950
7211 885 24830 13800
5931 9886 99464 8677
3878 6207 44684 10323
6829 617 44191 16196
9952 7199 93028 4892
2421 5833 75380 14143
6997 4257 68175 76
398 9387 91064 1900
8888 1713 10106 12574
6425 5237 40541 9470
2213 9488 238 18294
6316 9907 29864 6940
3763 2629 64474 6268
9912 1372 63668 16418
2142 5595 17927 998
1886 5332 73115 9098
9789 8880 88111 11735
1886 1697 84295 7586
4610 8239 39061 5519
665 7790 67420 19735
3313 6640 57348 14320
7983 1024 23866 19819
6453 3998 3922 10066
6383 8004 86969 16040
3809 9391 29813 13167
9543 3756 54 2499
9265 9390 65391 19380
1515 1224 1710 4050
1126 3321 34892 6605
5991 7763 8754 4925
8547 287 93074 8601
2448 5048 79810 2236
4551 5734 76179 3944
12 3364 44213 17075
796 118 94931 13490
9976 8071 21064 19
9719 8224 92504 6346
8135 4655 47886 8288
1772 7238 33769 4489
8948 1328 13100 16702
2245 4761 60282 19139
5023 2804 86215 6968
228 5251 29909 12317
6669 4392 82935 8464
8531 4859 37084 18645
7016 6851 89120 15173
1818 2612 59987 14498
425 59 29108 19551
2190 9933 93202 6929
6262 2402 93330 9248
152 6981 68320 758
1774 1951 80371 11682
9725 5650 98576 6447
7165 2151 56889 3268
1804 6965 19839 10087
2840 4308 63064 745
6270 6435 74461 16821
7951 767 56189 2959
7457 1344 24217 9846
5771 5299 16474 5462
8510 1042 70629 16816
4234 2901 78105 4691
9786 3555 98164 10817
2066 6400 33557 18922
1206 1275 11054 19051
5070 8685 82602 4274
8865 6351 26882 6543
5880 9747 11211 19678
3452 2543 85400 1849
9835 1109 72316 19422
7661 4195 13995 4312
1635 475 425 13709
7913 15 94797 10562
3366 4994 82266 11344
1225 6534 68317 3821
7059 4182 13118 12446
3278 7979 41502 2439
787 6230 61409 17849
9876 6700 59224 6282
3245 1096 96641 16509
6826 9504 53482 15361
1670 6340 59998 1254
6062 6383 62724 15628
3704 8765 95109 10423
8476 6530 94060 7965
4176 1007 55382 3274
289 309 44425 3420
8053 7414 97213 14643
468 9247 17653 14102
7634 2070 56358 15237
7343 3260 69264 10072
7901 8255 39996 9153
8199 3976 63045 13753
8173 2637 86814 10956
8032 892 59937 1121
5709 6214 69446 15801
6371 2763 26982 4003
6429 1692 94836 7145
8744 3060 54003 16425
9145 3109 21315 18698
2340 2339 58329 19805
9734 173 22378 17914
7110 1353 41355 6195
3169 8676 21487 15188
6391 4281 86645 6331
9916 9596 10061 19331
6443 3858 9208 16640
2165 3857 90384 7908
4786 143 77363 5662
3536 668 73062 8025
7525 940 40891 15531
8400 5665 71448 16518
4691 5312 86846 18224
2386 1501 58669 2242
9875 7678 89416 17514
4509 566 46221 3696
5673 5622 30015 2610
1869 7984 27168 10098
2654 2735 60646 18378
8117 7322 88375 16597
8592 8938 41185 9107
2971 5454 17015 11328
8293 2491 13080 6426
4906 7575 59143 13926
4345 383 88070 10963
6013 5397 7280 6951
7773 9140 67941 66
3572 5879 12110 19733
5280 5347 50577 12724
2858 740 78609 708
6967 2644 27876 9874
9047 700 69806 2910
446 2394 75866 14343
6999 2589 85330 6866
8390 3712 71960 19893
7276 5615 33483 5646
7698 9427 13832 5097
9955 4432 11585 4143
6333 6209 65678 17539
90 395 94765 10056
7601 4843 13671 3075
2119 8489 31099 13932
3671 2078 9603 10306
5306 6104 4416 7156
542 1891 35611 8995
2515 7641 61818 2756
5507 6723 32329 16523
3737 6211 80031 14017
4187 4034 2763 10275
4341 6223 25388 298
1907 7157 87784 8619
6503 2029 93230 11004
7744 6841 49404 15287
75 3845 86184 10990
8766 3741 84521 5527
3974 218 61033 6568
9788 5595 45569 18701
45 8719 75332 3479
8132 707 30743 6180
5108 4279 67635 17950
2405 851 41903 3325
936 7332 70340 5988
4232 9006 30759 13950
7760 5554 84110 14859
1497 2730 3166 2239
2721 465 14468 14626
7663 5429 9794 1440
5363 1456 60483 11613
9364 9448 83738 12371
1662 516 64431 19943
582 8650 36595 14763
2149 8382 83881 12435
5474 6907 75118 10513
4661 6104 53060 7598
7338 9672 29079 6467
5818 4434 40403 969
2847 1611 37737 892
5006 7219 39336 6463
4817 9167 542 18240
2363 6340 12006 3189
2674 4775 69044 13418
3459 2094 56727 4
8738 2105 57440 11693
3038 788 50159 14854
617 1792 44938 7478
9575 2635 8871 18050
5670 8349 68297 16536
1922 7186 25583 16096
2013 4343 76901 7037
4200 8671 86815 19527
2860 2764 81208 18415
2431 4997 39283 17145
7257 9354 1806 13927
3602 8722 98583 18648
543 7875 30094 67
309 3190 10182 983
5895 2986 83474 16787
5587 6214 66329 17084
5302 3426 85824 2983
895 5729 1377 8132
4624 7241 96638 19680
5965 4046 77143 665
7033 6999 65610 15981
8621 9941 59691 7458
6759 9061 31732 4848
4430 9612 1163 14022
502 223 36234 12060
6026 8474 14337 11378
5262 5207 14977 17941
4657 4540 1086 10115
8783 2446 64354 9445
6221 6231 34371 13362
6545 5866 92989 17589
4844 7065 3264 3939
293 6146 88283 685
5715 628 43926 18622
4827 6976 72923 13673
3176 4222 92914 2848
7431 8078 92918 5691
7153 2889 55974 4720
3463 5474 52145 5334
1539 2973 11950 13885
1101 5945 19592 7584
8231 4 19634 10140
4028 8300 71932 10465
9494 2653 8960 6241
738 7786 85593 2357
3071 6172 72285 296
1479 6195 68735 13939
5424 180 47292 4934
9826 357 54571 14359
908 4069 96787 15319
2514 542 13131 14743
5712 9728 17322 7259
2031 7441 13605 12051
1830 9958 6766 5743
3843 2797 53215 4590
8735 4062 77918 11688
4170 3775 41496 10722
1952 573 45218 6429
5776 208 10623 11590
3714 9683 24511 11098
9531 5512 66387 4960
1299 7572 73355 4223
9958 3551 68320 10669
9933 7796 77128 16402
2881 9567 21495 16964
8958 2442 63004 11103
6688 9510 20317 5355
6965 5036 46613 488
4753 1352 24614 10381
5656 1778 91686 7138
3726 2420 25042 10605
4165 31 90570 15748
5076 2272 84379 19984
9262 1445 44200 16533
7763 3064 33037 18165
8856 4361 8927 8968
3033 2634 73609 17425
1210 7811 75293 12554
7096 5666 27351 18178
2265 679 58415 8152
4456 4316 76687 6974
2671 1107 23981 15146
7117 8251 78193 6701
9894 9326 23582 5182
1933 727 61525 3755
1277 1251 60573 16414
9951 6125 85301 9033
6521 8982 68517 6273
1258 6047 16993 18116
4483 8354 1468 12513
7993 3178 9412 2893
4636 8018 66692 14854
2565 3493 63639 13733
6195 4797 4042 673
7820 4653 15144 10485
3087 5558 11281 18441
8665 5371 66531 15064
6758 5443 72925 19183
2482 2287 76094 8768
8792 6364 75743 13159
766 882 30345 10824
7681 2670 42067 2029
9259 7741 46165 5253
7190 6359 67511 15334
3074 3748 71308 19658
8517 5747 47438 5858
5852 2901 36214 3974
9694 6418 96479 6481
450 1977 16912 4722
8120 1346 83545 11319
5249 9977 72859 7097
9278 8059 24581 3892
139 7691 5321 7476
2112 3176 53189 15088
5171 8606 50293 17249
2535 4087 34276 8912
3306 3461 29377 10687
2964 1894 72816 11357
2061 6442 31720 17699
8857 1936 18660 5240
8758 9805 40611 16636
998 6578 84781 14077
2390 6546 59347 15263
8862 3538 75429 3223
774 4692 11397 15934
7984 1955 29854 5133
2422 7018 25820 10971
387 1737 69990 3685
7191 2254 66537 9916
9527 8371 51330 4573
3737 4592 47510 5707
5517 5903 51957 11684
2760 8283 13892 6830
2557 3970 10704 4963
464 840 6424 3052
4691 7598 69751 13714
8629 817 4409 5792
2412 6835 89724 16516
9398 2858 60072 5212
4494 5781 29881 5046
2441 3801 88620 18446
5793 6271 34166 18337
6482 5532 56733 9315
4635 3683 69659 1354
6725 4791 78819 16891
1823 2540 92364 5421
9565 64 7660 1918
4740 9678 81552 4886
9389 3929 25866 6931
9477 742 14703 14440
4137 8178 9284 12217
7658 5910 94546 10440
8892 6910 52764 14585
2277 173 38966 11957
1722 6010 66663 3970
3169 183 45572 13365
6133 1583 50679 3635
9938 9772 6955 9926
2204 9991 12883 54
6845 2172 73486 8176
4851 39 34973 1743
9910 5925 81255 1281
7100 4417 21444 4394
6165 9481 29908 9794
4504 8048 47636 7010
5600 8395 66175 17561
2687 2015 64692 16893
4755 8694 97295 829
7500 4877 68016 1735
2874 1501 96506 5848
3527 7767 47261 372
8859 695 76330 6086
3246 9253 59817 11815
6315 8493 96832 31
7677 8031 83817 9692
826 4206 85182 15421
678 3428 77694 13428
1336 8784 22046 5314
3184 3833 16737 2714
1092 8997 47089 9071
5200 2840 19176 10022
3583 433 9293 18452
1677 1775 73546 16855
9638 3803 421 10614
5524 5514 51746 15384
2371 1749 42050 16976
6458 5012 44448 13537
2240 2816 42006 12867
4799 9137 24091 1694
4390 2148 36240 15508
5558 3882 92175 2238
2713 4986 12697 2947
9601 6445 48343 14023
4844 9677 90429 5302
9443 3910 3745 18209
891 4768 81573 6666
1242 4922 58540 9530
7000 5004 92392 3079
2893 552 81485 9183
3292 6971 58572 5427
4797 5931 79969 68
1934 6299 63262 8237
9000 466 38494 16822
9334 5373 91150 832
694 7698 79370 4797
9639 8239 99284 6731
5066 6992 73610 2535
5751 4752 8374 8508
8324 4720 7700 335
515 3155 26082 4029
2956 8698 32542 10036
8398 1196 905 4314
9310 1184 71445 17428
4445 3025 82247 16827
4885 3 17150 4986
3368 9155 18868 19653
8708 8947 39479 1947
3785 1068 827 19511
2212 146 30793 9371
8305 1725 46496 10321
1294 7875 18755 5752
3648 4190 81057 13568
959 415 66031 16792
7068 682 60584 15316
699 8356 89467 10198
4856 7097 36254 7504
8937 3645 25996 12256
1091 8753 97462 6555
4981 9598 92605 10596
8368 4952 63011 8239
614 674 71395 15390
3410 2233 14696 7732
6470 9916 89886 15493
1338 3252 85060 13095
4370 7905 32200 4016
9589 1406 1642 7175
6112 7444 47414 10302
5241 1825 51626 15159
5180 2264 87122 4393
7854 4942 52428 430
3589 2406 55206 9752
7783 874 71247 9981
6696 8559 21133 16031
5990 9549 5940 15922
7615 5879 11508 1867
8874 9420 58739 13113
7342 1039 77695 17505
7148 7780 20742 6478
5231 3059 1816 8015
9674 3860 7013 11030
2311 3405 99163 14075
3102 9375 39715 19012
4262 5998 50748 18288
7463 3980 98887 10244
5154 9413 90952 16016
5895 7669 10812 9454
4524 4028 61875 5851
5069 2037 58892 2069
9115 529 20213 213
4208 7279 80978 13548
5744 1863 82066 16179
7342 8725 91288 9828
8794 2307 32688 6506
3988 3907 98506 3544
6463 7809 47888 19978
4156 9013 63682 10150
2490 2323 97558 12458
5373 5798 8069 13777
5985 7275 66465 9766
231 4193 45417 11771
8850 3548 87305 3469
1894 9653 42635 18814
6678 2406 5392 14383
3854 3130 37366 14809
4269 7694 42698 17021
1494 5395 6474 12415
6841 8691 92804 7041
9008 3071 78755 19124
2104 7702 22895 2957
9380 8109 71044 11326
3321 7502 31185 14136
9525 9617 36321 1092
9524 5462 89593 13969
8979 8398 80200 12583
7185 1896 82450 3044
2632 7688 39706 7307
2523 5090 22317 12366
6040 2898 58042 7185
8551 1269 70278 13522
6452 3604 79317 3040
7058 6752 8941 11788
8347 7694 54028 7955
2901 9330 78887 9746
3038 9626 24665 17956
2947 4098 50013 4544
2300 1234 82189 12191
8635 2585 51067 7910
5050 7587 83406 5274
3225 7137 85809 7069
243 3995 80276 14136
8004 1324 41287 3154
2835 933 32282 13996
1883 1578 26109 7922
7662 3003 71165 7481
9093 4400 73798 8885
1093 8080 96887 18350
1329 1553 46399 18189
2026 9172 31791 11636
6611 1941 21215 5183
2477 8375 14300 12401
3533 9671 90631 4109
7043 124 1471 2063
9976 9041 58793 18836
8532 1247 64717 1429
8209 9307 6372 14001
9827 4766 59028 18546
8875 9613 98267 934
4241 2307 95408 3452
7502 4853 29203 3244
5625 5624 96330 8404
8133 4457 16241 3481
1681 4438 57907 19913
8119 5384 19902 11042
7254 207 85047 7061
2731 9419 51302 13327
5152 9410 17898 18214
7838 9646 29119 13103
6998 9858 56985 4951
4074 2512 46241 7021
6299 1865 4366 4020
3462 9447 23099 3003
9831 2595 59481 15299
494 3124 69989 13811
7384 9469 10141 5014
8561 2789 66859 2368
5985 2701 65799 8297
9039 6516 47881 6635
2612 6225 20788 4477
2373 5521 57174 13562
8774 8737 4296 14915
6708 7695 47944 19496
3696 9181 33554 10848
992 9914 32540 5625
230 3246 14337 13420
1473 7731 42310 3075
3576 1286 72082 17937
226 9607 79180 2831
4711 1586 62506 2497
6193 5967 47163 18241
189 451 42513 6296
3994 9060 62575 6396
9165 8897 26541 16240
7157 2299 52154 15379
7583 8803 19045 15982
7037 2373 44151 3485
2256 4451 10245 17632
4625 4699 73533 15331
8462 7500 66005 2462
2746 7995 30805 14565
5309 9942 15668 1021
6588 7242 87300 4779
8533 8626 19801 4854
1378 8392 74383 5527
7419 1421 98148 5827
7320 9172 38580 5852
3360 575 83989 12425
8253 3982 60956 5006
9784 9228 60247 15474
6611 8361 20849 4878
5019 4249 51755 4588
6480 390 47852 12928
7506 2380 87596 16281
4853 8575 21714 12328
5097 5120 58878 4198
7866 2571 51254 11355
6809 6014 22000 15629
6317 6014 84686 71
8133 8158 1825 9124
1853 5922 12857 17649
7235 6391 44752 3558
5897 9351 213 1829
2072 6341 97013 16847
3195 4257 26326 9852
4554 5213 26961 683
6639 9832 81383 2750
7339 6008 21304 7243
9724 2337 97489 9496
9973 1843 9773 10770
6574 6276 33256 3738
4028 7591 90906 9401
2702 2124 50296 9676
4551 5726 9484 7735
6997 8002 86007 13221
4319 5280 45715 3221
5360 3234 68867 4114
2844 9959 52270 13439
7473 5656 3936 1324
6294 1665 55047 584
8442 260 75869 2319
5803 3457 34260 693
9180 5403 16410 18650
2655 1385 38317 2180
9485 7711 94632 12358
3643 659 51598 11877
9553 3881 38660 10895
9907 9794 51555 14098
1660 8604 64124 16826
3711 2230 70037 7314
5086 429 18275 12198
2257 6736 70715 9518
6315 327 49477 9384
2650 9317 23707 17228
125 4575 59704 10132
3958 1156 92247 19935
3416 8243 71771 17878
1277 107 29686 6341
7014 9027 67311 18123
6401 2485 98975 10761
6738 9688 77188 9542
5253 3067 26425 12643
5525 2529 69494 12351
8774 7288 73678 2496
6641 3778 8448 13807
1500 6139 84883 3587
9441 346 28774 10153
109 6440 80284 11362
7559 9751 63802 3961
7894 3985 81599 19262
4272 4558 85459 17290
9776 3599 36812 3183
4092 927 87373 18913
6267 3850 27070 9541
2123 8531 44643 146
3455 5423 19560 15462
1215 3446 60082 5045
8162 3113 17311 18783
388 8334 67449 19978
7026 6965 14734 2236
5322 8147 85017 6891
2728 3232 8587 18656
6682 5726 76522 4789
846 7293 32033 15460
7804 1848 68738 19716
5568 3035 17762 6179
553 7761 37063 15321
2669 791 15623 4008
4244 9291 53580 9346
7080 1283 62241 19651
1951 9139 25760 1288
2656 6449 80897 19752
6530 7147 97341 14920
3490 3998 81642 6895
7456 4745 7155 2146
4370 7603 46968 7838
2158 5035 17048 3748
9515 8935 60031 1651
3226 9534 39957 13765
660 590 75790 19864
4046 3747 92041 8246
8002 1568 97483 5740
7355 8395 8212 18878
5712 7255 26855 1825
6513 1757 70536 19953
1853 604 43269 10300
3527 7745 65986 16596
8201 9258 28279 6698
5047 7843 79195 13784
1961 6667 67447 4698
1275 3339 70100 8542
321 8651 13906 8145
4108 6801 43344 18374
418 6719 33657 13060
4479 893 23299 13555
6108 6704 47380 1861
8842 2321 81327 6724
53 327 86427 11116
9062 795 56407 13421
8853 1969 43446 16211
7328 9853 77971 15093
2179 3269 73536 18139
9339 3351 97588 12189
8431 1913 4192 7898
9150 3670 32431 6514
7440 7260 43603 2186
2633 5811 52132 6559
3549 2193 6946 16993
6440 6762 39395 6257
8917 7987 60515 14145
4438 8308 9409 1945
6799 3983 65353 11953
6325 5022 41218 16848
7937 4464 30866 13246
9122 3015 64675 411
6999 9735 17968 7672
1848 2877 80136 2049
1765 4854 81399 6479
554 4309 35194 1830
1361 8808 51921 2776
6133 1648 93470 9260
592 5180 81204 8945
8194 5091 30448 3323
5140 1752 47208 8014
7771 916 89334 2835
3637 6271 89788 14399
5521 6415 22291 12182
9434 791 76202 18667
9673 6395 20559 11069
2014 9539 9485 11812
4617 9755 12817 305
5380 965 12487 1846
6658 677 63023 9582
4876 8834 96068 8587
701 5137 61315 16507
9627 8969 76534 15801
3803 7078 6549 6101
6724 4057 84838 14801
9520 5547 57281 4464
8038 8303 42092 3891
6591 8022 7148 15574
4185 3908 31010 1027
8727 5616 38454 19282
3804 9151 8097 5608
4927 9099 44605 1195
5722 3158 19183 15119
6413 6205 25455 13170
1724 824 33710 8403
3938 4211 47355 7911
6061 8569 25371 3827
5815 5735 22275 12438
7123 383 58057 17069
7648 2761 865 13040
5844 6544 65419 2928
4750 5582 45168 12274
7829 9129 98228 15042
7671 7447 60125 2857
4157 4579 47471 5350
9994 939 44464 6799
4432 4204 46661 13645
5857 5724 98837 16253
8435 3451 52502 5261
2446 8752 14933 15807
2611 2518 79050 11005
968 9495 15527 18326
593 6928 53654 17882
2501 7171 24916 19468
7717 6141 86909 8869
5791 4270 65773 2425
8348 3867 90677 15584
5760 1155 95708 7813
6735 9495 70909 1768
9158 6417 42126 1110
6257 2189 94988 8127
3575 4743 27685 7852
4448 1540 64985 7847
6047 2419 32758 2363
6219 5896 20147 854
1503 2347 23826 15810
1792 6581 91677 14892
7902 758 12046 11671
77 5660 81995 5943
8775 6205 85555 1942
9331 8402 46344 15100
2932 8899 30259 16825
4833 8721 50315 14472
8995 3117 1234 3374
2908 2456 92431 11075
9476 1788 98558 6692
2971 2649 63477 5064
5066 1749 92348 10378
6405 1634 15823 13791
6411 2691 81626 6303
7201 2010 58756 15357
9060 465 61653 8809
1351 3724 83585 10573
3626 9962 10176 12999
8094 927 15836 4365
9111 4357 95447 14368
6014 8988 65746 13033
1803 3458 69327 2093
1978 5164 57986 3154
6634 9631 33456 5540
473 9437 96966 14035
2706 7011 93101 6687
4097 7120 90330 480
7931 3824 1980 13020
4304 1037 56845 3316
3146 8543 79645 6867
2537 2570 98318 16652
8129 6227 59541 9250
7218 5469 51127 12951
8208 3824 25709 17625
4658 8974 95370 1673
1502 8897 88854 6509
2267 7595 71176 10648
270 4570 73371 2296
3443 6908 45867 4967
5761 9302 37180 19486
7666 9887 47563 13238
5731 7251 38556 9389
2454 693 6711 218
4995 8156 37245 6774
6180 7516 33042 15103
2016 7078 53255 6578
1628 7314 75272 6926
4165 4828 38806 17997
5672 6805 61885 13574
2248 1152 61297 5080
1097 4879 71217 9157
3581 7011 87048 9772
1664 9572 37026 12615
2207 496 96103 4793
2873 8866 15231 5518
8402 7673 76446 13083
2285 7200 9083 15393
5767 8089 4572 10504
7818 611 26704 16917
6221 66 96956 7529
8144 2375 70935 15567
7119 2189 61874 1840
4371 3527 10254 2022
6182 6445 25178 12771
7765 8023 92010 16699
4230 2078 76264 4941
1777 124 3282 14513
104 1986 42083 4519
5392 5337 66647 5969
6330 6964 86304 12304
8676 672 77103 16142
8610 412 60320 19484
782 279 5699 11339
2276 9429 13459 3290
5271 2149 19952 10343
7578 4561 82684 19712
4503 750 35845 9836
7859 7945 20250 4083
5554 288 73502 15866
9360 8648 35595 2353
5909 5404 51037 13222
7620 132 20747 10979
2578 3262 1740 5491
2701 9010 23916 13311
8161 1046 84360 6613
2255 4726 84809 11367
1043 6850 78974 12231
4926 8388 23134 11299
734 3277 74387 8968
1030 8213 79034 15183
7950 1845 57149 17100
8698 3330 31054 7851
1158 8201 1402 4067
295 1851 64674 19681
8192 9792 72122 2772
2828 1370 45364 14903
4961 4838 80020 12801
627 1720 6293 10289
286 4657 87657 17430
5398 3551 10292 1344
8081 8086 89227 19597
6190 2774 34468 17952
796 2047 92984 16097
4683 6800 35391 3143
5414 2396 65832 10316
9507 829 14347 1884
3054 7258 90845 15956
3445 6123 45963 17848
6625 9105 26147 19730
3851 4119 52680 5076
5288 6035 9214 4789
7049 4294 32233 8658
1018 4105 88847 9644
9273 7709 3432 1471
1534 2203 88688 15059
6184 8630 92222 6278
5123 2781 13195 11961
8651 7964 32876 13683
1643 4021 86520 15777
7522 7359 75311 9810
2618 5782 64395 14149
308 6960 9923 15384
3860 9958 93389 11358
3962 8583 53077 3118
955 2395 28792 5547
1637 7772 67284 14938
7555 5097 6440 6872
3445 3747 40236 14116
4369 745 23895 7234
4410 7010 55412 16194
5154 6905 22948 12351
6491 7481 92250 11574
6756 5735 19442 15735
9489 7414 20575 7787
1417 5256 39072 10932
1972 21 50332 11620
1542 462 15653 9087
7521 1703 69157 13189
1429 3686 87997 10264
4640 4802 59582 734
933 9914 64657 7345
9737 4642 61500 15019
7135 1115 45366 10972
8759 6301 74700 2402
3899 6184 60866 16106
1589 1053 59897 18904
1617 5504 91728 13051
3116 5928 95941 11744
9916 9945 78991 13544
7549 3585 67132 5453
8334 2478 70673 9931
1389 35 31319 18016
6089 4579 96948 14775
6059 5899 63915 4791
6439 2278 70706 11705
88 1755 66401 12775
888 3622 38512 15455
8249 3542 88085 19724
8514 2678 61349 13803
3163 528 51098 3520
3314 9258 63583 6177
3657 4474 53040 2634
6134 9895 45904 11931
7235 8352 87865 12904
647 4259 44469 5308
7530 6547 25441 11703
1683 4416 59883 16703
8596 3278 80564 4515
3054 4696 53338 6423
1002 741 40681 10569
8782 32 53950 9314
4533 8905 69415 7154
3343 5318 45045 14585
5961 2425 97860 5236
8513 234 92586 12821
4509 8627 22586 12493
8915 8668 26219 6311
5750 3172 85019 6198
5183 9750 15642 15014
4607 7079 38587 10507
3944 1773 2816 458
1169 4009 9311 11326
503 4515 97767 10774
356 4409 56874 8286
7502 1303 98721 7948
1024 5193 55306 6128
3506 8194 76081 19208
287 230 40314 3120
8991 4166 23401 18368
3481 5826 45316 15913
5016 4376 81549 9853
5064 9979 94580 1916
5622 8922 91543 17286
6687 822 71081 4815
191 1273 68459 6945
2933 7634 21466 13206
8752 6428 30239 506
1924 5489 42109 9554
3691 8198 56125 8493
7946 9246 52990 10213
3413 2105 17624 14469
2009 8888 60260 8503
4814 8074 76327 6153
3752 3755 68438 1882
7496 7425 40596 15957
3271 4308 12307 1330
4712 6237 35921 5034
3903 6177 65104 872
680 5275 76308 1031
5590 7406 43565 6906
429 7643 12477 1741
6969 4798 89625 11417
1561 7843 39205 10656
8761 8402 44537 4774
4097 181 38610 5535
9563 3097 99513 13758
7527 9855 11882 12331
8402 6648 37546 15375
5454 450 93045 17445
565 1061 47192 12923
8593 337 90543 1945
3134 1600 13558 13786
8406 5164 61252 6044
151 5395 47839 18498
5978 3459 37419 4741
264 6809 66364 7979
4963 1492 69630 7238
6239 9684 69701 937
9286 9390 47132 7578
2102 1447 16920 662
6507 6654 43760 13659
5745 1415 72473 14175
7108 1929 6237 15221
19 5226 86267 11346
666 6980 95369 19076
6918 2593 19981 14020
8497 2564 44703 10853
4018 4582 6584 3109
1004 7520 79617 13524
6157 4965 31548 17385
3217 2705 12007 9430
3867 6505 9717 18234
2652 5424 13483 19634
9056 5840 45194 7160
7772 5665 14440 19254
4797 1008 47092 14925
9703 5567 78943 19754
4739 5658 51965 15071
4345 6035 34484 1996
210 6080 77290 133
6271 705 53255 7271
8694 3147 49159 14732
1094 1431 94934 2421
9807 2495 82921 12852
4590 7189 43640 8298
6766 9446 39010 19864
7536 4752 43543 9947
9609 5146 12158 11710
2322 5232 35367 17145
3536 9469 66883 8301
2058 331 41128 16140
8022 5160 63496 12525
8282 2741 89591 12065
5684 9164 36945 19075
3198 6646 26067 11893
3150 9832 28482 14486
3682 7159 33982 3322
199 1730 98420 9628
1282 4177 52754 12583
503 886 12178 8070
1610 8100 20690 8425
1540 7449 72898 10184
3125 9040 64574 10354
7865 7091 46954 12977
1815 2781 75698 18679
3207 2499 70626 16734
6703 640 28755 6169
2849 2602 9816 9406
4361 7471 30251 13879
7368 8017 34769 803
1636 5566 83719 6422
6493 3076 63498 4791
882 2115 66556 10828
680 3460 62504 10254
9658 7380 6602 19072
1987 1784 65806 6034
8285 1298 36552 4412
6347 1111 52090 15625
9753 8064 30104 13962
3799 6923 21082 648
1693 4419 79917 7780
4813 2047 61443 16249
4475 7302 13711 12947
3813 1524 74680 14430
5383 2289 98997 6056
4095 8866 88892 6098
2216 6269 35429 4382
6967 5611 15271 11367
8161 3167 79364 13456
1270 4299 72305 11519
3521 4700 97828 18931
7279 7412 61697 11615
9047 2285 69081 10503
5812 161 77443 381
7631 9918 13166 19967
3645 4200 93263 18958
5926 1179 69985 19013
9784 2528 12879 15406
2286 5727 5672 16698
6822 7659 93677 8133
7727 2215 12138 15371
2583 113 77101 8140
7630 5808 94016 9294
8679 8634 76676 1271
761 5621 61665 2836
4278 8639 75610 10871
8032 1093 4279 18072
3699 9130 60501 1658
6966 6212 54334 1189
5272 7218 91076 15937
7112 1677 13634 8262
9613 7210 95208 8473
4795 7641 40083 5668
3761 2397 99052 7863
4535 1393 94676 5428
1541 3575 43089 2328
4706 3392 1816 2921
9718 693 33391 5344
5728 3697 77873 16845
133 210 60905 2090
4524 2964 79448 14162
1043 3659 16064 10599
4188 2714 57971 12393
1309 7291 20465 14547
5274 2182 14350 2331
4127 5937 98011 16037
3806 4716 53170 6023
9088 130 68362 1324
8611 8602 97015 6145
6790 7234 31227 7276
1822 7053 35667 19645
9622 484 40334 10651
9300 8726 557 16533
8166 766 6077 2300
5547 6209 16779 10157
3709 3384 82639 15541
6552 7655 38887 1716
8346 8809 92315 13173
2969 7271 43990 14134
2690 6663 28034 2148
2439 7793 49049 888
8490 970 37738 7934
1471 4403 4934 5742
3066 967 1396 7976
6918 188 7249 2669
8958 5891 8337 11304
5139 6494 40889 14584
6601 9496 39487 18548
6566 9968 55260 3409
4270 4724 38327 4763
3115 9428 35839 3998
2380 5896 80166 14792
4761 6996 22235 1852
6152 5720 45158 15076
4339 2971 98685 11568
7332 3031 29700 14408
5504 9275 21850 6815
4565 1905 74680 1870
5063 4640 39031 2841
888 5759 79367 6398
6506 1712 10810 11527
1385 4571 9182 18020
7689 8448 58070 4762
930 9141 8212 14307
4236 8643 80585 14372
2105 5392 89137 13449
9580 3952 53136 15784
2100 703 86989 18785
1675 6514 36817 12518
735 349 86754 211
645 9651 40990 820
1358 997 97795 10181
6309 3319 13316 18758
8788 6602 23228 317
1805 530 22627 18353
3855 1821 69928 1691
8404 5799 70167 9831
6154 6273 47606 787
545 1003 82908 3417
9433 3909 59838 10458
9731 5392 88651 18376
2182 7740 31171 17200
168 9418 4528 12725
6690 1157 40026 19980
4751 5979 4130 3124
9758 250 3813 12512
5006 3449 12746 7164
867 566 10689 17583
1050 8950 57384 4155
5734 3497 93998 616
37 1086 43699 16425
9032 4024 19007 19421
4356 2652 12650 15511
2630 795 48198 13685
9172 4022 57377 7042
4158 9738 2372 17186
9504 6536 39858 4029
36 2891 87575 17682
8729 9593 45112 894
9539 3684 55330 17963
2390 7990 12391 4758
2280 2006 93928 8122
7203 7075 64105 14910
7215 9071 29135 12241
6267 2581 55377 12056
1805 4292 62163 4909
2170 576 88107 574
6450 7456 47382 9215
5159 3618 77667 12449
2167 1320 45348 9505
1337 6067 77354 12800
5627 4159 18664 9369
2358 9189 39437 10115
9753 1271 58090 4347
8083 414 63009 19008
1726 7822 33372 6376
2259 3090 17835 19551
8453 3908 84982 986
538 7177 88748 7543
6237 4737 26679 8786
4049 1828 27450 14831
6785 7814 38196 13339
9491 8200 47793 6959
2712 6714 58389 8438
4436 7385 53685 5469
5974 3054 19965 8942
3035 398 52608 418
8542 9222 84106 18279
3969 3519 25369 3497
1148 5177 67543 5126
5070 1396 24778 11667
9204 2192 27863 3139
2860 1988 61713 4400
2723 4240 70789 7360
3652 4475 18438 11608
4729 1171 25595 16213
7177 7620 63875 17258
5655 5101 41989 10634
5701 223 77829 15808
8219 637 13214 5927
6947 7125 15054 9109
9579 7612 67810 17023
5162 8606 47773 14480
1328 3693 35996 1830
8978 8004 51821 2425
8583 6001 67753 5166
9154 1297 31681 6554
440 5594 59376 4368
8231 9010 98720 12437
2422 4623 32978 10773
7346 5653 70938 1515
7213 9898 18996 6018
7404 3114 1411 6843
7019 9827 88887 6167
7382 3252 44155 3202
7548 3807 75407 5103
2607 6242 73005 6152
6138 885 26562 5404
3727 566 92922 17710
2449 5071 39651 17045
8457 9560 74931 11473
9932 7582 43235 10947
8249 9730 78884 7562
6862 1068 97461 12926
8846 3539 63091 6840
2396 4671 25064 14270
137 3891 20669 2643
9743 6171 40012 9821
8637 3521 88527 15650
9719 821 57744 15927
1851 3482 82693 5190
3439 9817 48984 8525
8419 115 37702 3347
3864 8836 39395 15927
4694 9138 27112 17335
209 6509 49786 1518
1795 4209 12515 8074
6313 1088 86826 10147
5922 6462 12580 5884
9517 1082 87506 12219
3454 6006 38519 10418
2860 2423 18367 2296
4523 3026 27211 3055
5991 2645 13238 17311
9544 9072 43991 3833
5524 8382 95736 15791
7407 5872 73153 5469
8846 2868 61812 16954
2280 4208 9723 18599
9431 7937 20504 3370
1577 752 80347 11653
2922 5502 62439 19456
1658 9467 74040 103
5027 7661 97700 14334
1011 7845 31884 16366
3604 6794 9510 1763
1417 5689 53885 19488
5112 7623 69484 18182
2 1953 9111 2187
713 2136 5506 4657
5119 9435 82466 10852
5744 2343 77584 8824
6452 4634 48912 13522
8031 2372 37340 10656
2311 6042 64579 18653
8200 8284 24065 18087
8 3208 19684 9815
5332 9806 20318 4297
2936 658 29352 2377
5698 6782 24791 11026
9202 6539 50952 2725
7516 2072 4219 11541
9544 9918 72126 10722
9062 3869 88016 8669
1564 1733 13776 16964
6742 8120 52360 1312
5610 9042 3941 7026
4336 3687 25628 9822
8702 8253 65923 19685
3606 8340 48987 3420
7386 2947 10480 16757
9670 6876 2629 18047
594 5159 16955 11685
8122 1042 91502 1828
7594 2012 87402 14609
7825 3524 81904 6013
2036 7183 22625 15017
518 6888 1253 18889
874 7056 85620 6907
8142 5780 3344 2912
2677 2498 34666 12450
5532 7775 49625 19349
8971 3179 7035 8138
3615 2109 73542 2313
7796 8704 18979 174
6549 5615 15242 19643
5029 8904 99180 10139
288 3475 23040 4912
3931 4934 15118 8797
7097 6449 701 12944
4586 5108 77132 4312
1320 3193 4828 15953
5646 5605 29757 10712
9189 4996 10488 3439
6156 1251 15931 1524
891 850 28373 16181
4158 4888 96322 4642
6861 332 64264 698
2516 1584 69410 19171
6508 6498 29614 7082
1164 1938 73609 8095
2816 842 37109 3255
28 7193 81238 16095
4126 5664 99289 17715
7351 4996 25459 17424
17 9669 54609 18596
9169 6298 48761 3109
3231 5685 67452 2705
8504 4339 32136 10557
5528 7291 90254 7040
7986 9288 98259 14277
4975 1896 2930 1450
5357 5970 73967 5685
4061 9193 2059 14380
5505 8797 12815 17335
1071 804 88386 12225
9626 8360 31754 1813
3691 8120 87685 14153
3738 4882 32633 17382
4634 4536 30456 10442
6818 4416 75977 17339
5830 6166 49372 15245
1185 6737 54509 17395
825 713 7667 8356
7849 8095 28437 14905
9574 9847 2221 60
3235 1787 77676 14020
5255 877 18481 11125
7709 2740 22993 525
6415 8899 57214 2976
9703 5250 41518 5578
2681 8099 64978 18009
1677 9048 32489 8603
9591 8910 62107 8910
6471 7130 55439 13177
6197 5978 88122 498
4098 8776 1019 3178
1188 846 20555 15601
8615 5266 7332 19219
4509 9744 451 8533
6903 9696 67699 16058
6855 6064 60643 11821
8310 9252 18347 19696
2650 7157 28302 6296
430 3434 3664 16130
9471 5953 35138 18164
4257 8173 68853 15411
3531 3739 48655 7321
8151 6995 1805 5010
3747 3281 69651 10446
2385 6951 48112 11629
9248 7219 52266 17340
906 2254 71175 10465
5372 9793 96322 14374
8205 8617 46332 1391
4133 2022 19833 9556
1951 1906 21908 4454
164 9017 76980 19855
5088 6613 68897 9533
5941 3576 81587 3948
4715 3119 11362 19824
4513 5639 58672 4372
1927 9934 37899 14195
2618 4079 48154 10072
5076 2289 95741 4135
9058 5950 52903 3402
1450 7813 47185 14389
7584 6322 69916 11551
7686 5459 73942 12181
5727 2193 18864 10339
998 6010 4582 16978
1619 3549 2359 12597
3028 5469 82475 9470
7805 6938 84566 6080
2317 6662 40819 12206
8920 7502 38004 16846
6860 5147 77011 11009
6844 5199 60086 10253
1194 2464 65732 7340
5715 963 97504 12305
9138 4206 66884 17794
4464 1769 94516 13318
2226 3105 85394 553
8442 1819 98961 4066
5548 9864 72549 6451
7975 8222 12572 17371
7874 1125 73377 14928
5876 8916 16888 17367
9733 1247 75045 1190
5403 6898 19011 19137
1928 108 2462 10538
1208 6901 63163 1582
4396 8020 94609 4757
1758 7348 7104 5641
2214 9062 88536 12418
9232 8631 43351 16331
322 184 31502 3865
4024 6299 43179 13020
7461 1557 25165 3279
8740 3653 81622 11913
8137 4168 32215 14320
6166 2943 57951 7615
6619 6450 8969 11317
509 3021 98400 16369
9720 3004 70139 16087
6595 8171 74813 3168
6389 409 50623 17878
9721 1340 41359 785
8074 6673 64485 1758
4407 9067 47597 8466
9583 5056 87314 18974
5831 5373 30716 4234
1024 4125 11905 4739
1441 1558 80207 6924
3283 9013 41651 16441
8410 9646 13490 2000
929 7674 13255 10425
4556 5975 25511 16819
940 3128 7077 15740
2510 913 79056 18982
4836 8910 85262 13806
3858 9580 42996 8404
2108 878 81256 14289
3934 2165 90337 4240
4047 4680 79953 373
1519 3324 62785 6663
3376 7905 56133 13781
6154 6474 95575 12515
1242 8470 70970 3982
6851 1231 89843 1177
383 7930 3961 3888
9816 807 38680 10851
7949 5536 56557 16265
6620 3662 54935 13215
3182 3213 18640 427
4138 8872 16296 4159
5084 9265 77522 12706
7874 3514 69761 5000
5103 9407 81256 11189
2868 5821 25229 5377
7134 7982 98447 3959
7467 4643 13832 2484
8776 9591 70546 10232
7566 9676 5823 15817
9177 6350 32988 11400
4514 9774 60807 15829
2679 4086 649 17765
8368 9555 13747 5027
8680 4062 27746 1265
8301 2472 30686 1869
6774 9173 21153 611
4342 8268 91150 14746
46 482 37071 8681
9487 1529 92750 14528
5912 4442 44249 4976
1729 6320 77389 3579
4282 2270 79436 18912
5012 1875 74031 7380
5953 8772 64758 6233
406 2110 82774 12099
5559 7142 82540 15852
8997 8254 96957 11628
451 1124 23302 19196
3310 3602 47320 13518
4148 8118 38968 132
6414 3335 95920 18730
3525 4258 64406 10862
7891 1484 90586 19415
2211 5960 90410 768
9514 9264 37409 7831
2560 6670 56114 2820
8445 699 96096 13355
5382 1584 12857 5475
3382 9156 77397 4282
6918 2120 64689 11513
926 2807 73278 4765
7463 4982 92010 7537
9398 2329 96383 5259
8409 2940 24897 11450
5023 5110 87736 1731
3017 968 24601 15815
5136 7562 63950 13018
7628 3625 77106 8528
2234 7035 37099 7420
5461 7185 18586 11536
5388 3121 43027 13647
2537 2500 32415 7064
5382 7164 27033 17924
439 3037 86130 16456
6998 5425 7378 8992
1843 3427 21344 489
6749 8673 87863 10274
380 612 3547 11926
4423 1672 5528 4568
4506 7297 58378 16661
3742 3901 16466 10774
1131 9047 87253 14933
8983 6931 10329 13243
3371 8730 34854 3752
8038 288 38193 14341
3772 3363 53132 17894
5125 4764 43387 18068
5059 6586 14038 17885
856 2444 66135 13148
6844 8864 41465 3199
4909 9516 76144 9260
4652 4950 60443 11147
5836 4439 49692 5458
3397 520 92950 16978
6767 223 47388 11073
2378 4171 77362 1320
6598 7626 94888 15777
6324 9947 72649 12518
7109 2568 80112 3039
8852 7195 21423 12648
3068 3553 38628 16743
9900 8216 97992 15827
7726 5538 22239 5667
6259 9000 55313 762
4320 8266 59827 3514
6192 31 28173 9564
3750 8195 61460 4322
1457 9284 70271 19426
9815 4718 39888 612
4348 4286 96792 19429
1738 9134 66795 16883
33 2817 24211 17979
8511 7743 31509 2295
2476 7979 32912 10291
9791 9820 83647 12748
4919 2879 87409 11210
2991 8151 37177 7570
9129 1108 464 13660
6949 3721 69048 9126
7814 4499 88200 19592
2606 6963 17076 10699
4870 2121 38383 7646
2728 2083 90441 3332
3363 6704 86977 1373
3503 1248 21896 14832
6462 5349 31544 7188
2761 5562 73886 15658
4536 8399 64349 13986
3786 6508 73308 19376
6201 7242 93717 11629
6853 1041 62834 10144
1437 5612 40692 12063
3263 3474 35775 6930
8788 3003 29690 11508
1879 8605 93978 5245
1408 3279 32510 2020
5445 9320 41556 18557
3693 8957 86292 6680
3590 3199 5608 15988
6192 2496 10951 6461
5736 1907 65863 19704
1160 9909 61218 11505
9126 225 25229 18440
8690 1966 31782 9720
3510 4293 99152 8711
6519 9561 16486 12261
203 2524 2073 18011
4291 376 83223 2614
5564 7900 26038 10634
216 2139 35009 18709
1707 1766 7222 8742
8775 4426 40648 6354
811 7840 98304 4543
7865 4108 23892 3025
9889 4046 41097 12766
2160 871 20503 8389
6731 5012 33628 16928
1892 7978 5365 6787
1663 3012 25027 17896
120 2598 9339 18918
8754 7660 45127 261
9770 4926 63244 6074
4328 3762 99744 10431
4792 4379 97573 10226
5358 37 46356 9624
6289 3469 34862 1913
9154 5293 33959 19071
4521 1443 24252 1517
9286 3903 68 16491
5791 4402 74390 8923
8384 2863 20990 159
6320 8683 89042 2307
477 4893 74648 8745
9787 5892 78030 10146
8890 1666 37786 2388
9133 2130 83126 10128
9806 328 60932 18255
2244 2129 55654 17117
6654 9217 45042 9444
3728 8220 96981 18897
5892 2565 40 15581
8067 1681 5518 17575
2501 2941 15566 8382
9376 9337 99728 7707
5210 6631 19684 12434
7393 78 95928 4253
2148 5590 88383 9916
6363 5576 13522 18992
4413 3029 78385 9842
433 6722 98809 8689
7451 1889 95250 14808
1595 6939 89342 17860
9242 5294 97898 3421
6824 2715 82090 11841
4678 6284 16214 14263
7311 6360 39388 17582
1173 6636 17597 14106
7910 3941 59425 13033
9976 7484 76305 11343
8551 9626 40159 662
9201 8526 1430 12130
6201 6865 93901 11884
7405 4094 530 7259
9781 3747 53148 12638
9014 463 79984 7053
6487 499 98850 603
9696 9933 1883 12668
8434 7215 21646 16321
8090 8034 73982 6827
6616 5262 11140 5267
2715 1558 22402 2711
6449 7708 42054 6021
5736 5942 97603 9764
8942 3423 19617 18464
9935 4696 79375 13452
9375 8478 71081 1539
5117 6448 58152 2996
603 7019 92520 14403
6026 2559 41733 13668
6625 4313 72600 269
6382 9709 59474 19488
7779 2449 61065 5865
7157 4922 37486 17558
1265 2811 36400 13484
757 3292 79901 16380
6276 6976 4306 10963
3353 9613 81831 8989
3469 3223 26606 3183
3138 4966 72959 11319
7959 5307 64323 13731
484 5562 42635 10375
9328 9 50972 17380
5707 5410 32320 5301
7764 3242 32826 10141
8118 1013 50161 3043
5139 3803 82016 4675
5353 762 958 18248
966 3706 20903 7280
5946 208 83225 16008
431 4207 79979 9279
1446 816 55465 3984
7278 7111 31528 11158
1722 5220 44753 11390
1103 6697 63496 7474
4378 9594 53274 12003
3779 2220 71470 11740
6679 370 36904 7259
2707 6552 57295 11055
5476 1284 82949 9796
1995 4830 14577 14803
5785 2616 4702 10136
1602 3460 22714 660
9855 2803 35375 16108
322 5772 17414 19133
5226 4112 38269 5767
3325 3186 55426 2809
6128 1735 32046 5430
1563 1896 84590 7472
2143 9585 66548 7993
7872 5725 49399 226
1647 5310 42292 3089
3938 4548 13858 4712
7912 3554 46180 11117
9015 5599 7926 17657
5601 1405 36714 18110
6432 2037 79948 2996
315 3034 3306 8620
224 7927 59213 10400
5914 6848 77026 11051
8218 9646 19098 18849
2524 6735 20685 5542
5997 2164 1267 11297
872 3768 33196 13554
4862 4253 28699 11684
7063 4875 59846 7408
5410 1607 40924 10985
6946 9497 99237 15633
1562 2801 16754 5644
1246 4854 27466 12043
3713 3270 82358 16199
1389 261 86662 702
5519 9028 9018 4356
143 506 90427 4098
7542 9360 98470 18992
3296 8752 69110 11667
6985 9394 63240 2359
5828 2286 52669 1855
3715 1745 99865 4178
7602 8458 89724 15776
9661 4207 19548 18070
935 1488 27172 11404
8968 12 64054 18546
52 6762 20638 10610
1368 6115 91333 139
131 5275 58746 3612
1911 9918 88646 3287
6477 5305 56727 10824
5483 4198 65583 15030
8416 4205 86806 4004
9383 2335 72113 13020
6129 3242 82772 653
8108 6739 67073 15601
6518 4212 83028 3442
5285 7260 44445 3455
1031 6877 99294 3560
9336 5822 48848 4265
1362 6822 13959 3385
7976 6936 95180 13639
6721 3694 25537 14416
663 1605 10033 9341
569 2205 80644 3720
7631 4155 5912 18775
9065 3641 26077 9828
3779 3563 57112 17062
3291 2225 32605 1519
6852 5583 94090 9661
8769 4415 57600 603
6057 7810 75411 5702
4261 1971 96377 17467
817 6200 33327 3924
6906 5931 97066 17219
4312 1991 59380 9358
9975 1359 4663 15474
5236 9010 76141 14365
1609 1810 41752 16820
4394 8437 23161 3228
3380 6860 20846 16451
8486 7553 89506 14001
1391 190 90488 13296
5154 8651 57050 16213
2692 6202 13728 11791
6798 5015 85897 18258
334 69 19103 14511
1302 1533 12556 2446
8712 8360 66636 6269
6719 122 25729 1866
9120 3369 31491 1191
8417 7211 84941 7365
6368 9929 25542 779
5169 2271 62208 8716
6395 5804 3568 17815
6229 4614 11782 1855
264 9435 49722 5213
4138 4112 96243 13179
3639 9999 80600 6787
1036 9496 28398 17490
4187 6981 59048 11174
2756 2524 32609 921
2379 6169 54912 2453
2117 6333 19445 2370
2500 9613 70253 4875
6340 2619 77872 13349
6481 4380 32143 17526
2550 4659 18910 14456
6239 635 36862 13366
5540 9057 12116 10243
1747 3945 1044 3590
8138 1942 19043 13464
7515 1213 60969 4834
6417 3999 74948 16695
2587 6425 35636 1611
7086 1875 59297 1396
6991 1006 32726 15196
139 339 13506 3149
1579 8558 96153 17818
2060 6654 59997 5023
7706 9356 63557 459
5736 877 48028 6485
7617 2420 35084 4021
7722 6498 99130 19160
5419 842 6218 12578
842 706 87801 7772
5326 3939 18340 17429
4789 359 61146 18393
7787 5020 93422 12342
163 7359 39737 6813
8639 6387 86961 13595
8357 96 28720 484
3181 1253 52474 85
3421 857 74458 439
4448 7808 20426 18384
6545 3806 62495 12530
5957 9823 7388 700
7430 4960 46206 10960
215 9447 97922 18603
8539 73 84970 14133
1153 6523 41593 3039
2107 6541 79505 13143
5485 6546 61157 10922
2588 6723 78711 5011
1429 1014 29489 11414
3830 583 92070 3055
2760 6753 18967 4683
9217 1336 30265 16217
4454 4857 60298 15376
1021 226 23997 1803
4423 2944 48426 14553
308 1567 17410 18426
1155 6750 22936 6213
6132 6706 27643 6484
6212 8928 39422 1055
6961 8719 70962 12138
2644 4478 83935 6440
3241 1330 98390 16216
6966 9610 96139 12441
5146 4267 25697 3403
8102 3789 17744 1763
3103 3137 113 3202
2564 6093 56567 6680
9520 1125 6733 5506
7398 712 50840 4037
45 4299 58052 8160
815 1041 11219 15308
5118 8498 20205 14231
7982 453 33897 1727
3795 2268 84199 120
2319 7124 23256 2984
8074 6904 17008 18423
971 9986 27717 17142
6455 8080 95459 2826
2186 4136 64577 11510
229 8420 1469 14817
7851 1716 6815 87
8598 80 84223 18031
4450 3938 35308 1936
3935 191 19071 17524
9289 1884 7045 17998
4800 9198 56939 2191
961 921 53442 3255
1013 2399 39662 13581
9828 1172 62011 1977
6987 8405 67768 3159
1718 6357 75555 11461
7596 2005 14405 18105
9807 4450 74654 14542
7186 2053 21846 2393
8267 692 42223 13383
9015 8966 65472 296
3525 8368 79173 9602
4485 2616 25112 13931
3490 4588 87128 18048
3651 1591 42026 19270
2110 9651 75289 273
1677 6757 66640 14663
715 3665 86774 13028
9147 3574 95550 1124
1039 2907 35513 7098
3951 5241 88882 11295
6524 8811 42991 19699
8242 1402 24992 18405
7503 628 81943 11810
5709 2400 26555 8796
5012 2897 97733 15070
2291 5787 20216 1723
8916 8709 3140 17082
9125 7067 21728 19319
3834 4848 77738 6516
2053 1002 72127 1409
9327 195 77729 18132
6115 9693 79233 11222
2276 6248 95871 14546
6045 8363 75340 17787
3363 9436 11836 12283
6766 7757 21030 10838
4076 5567 47445 15440
7397 4908 41252 19737
4576 386 42976 6279
3244 2754 85671 2157
1180 4297 91769 12310
440 4775 22013 9663
6238 8384 96170 1415
2182 1243 9635 3262
1190 8492 22147 15276
779 8706 5134 5245
7359 4494 28357 13423
7322 4691 51232 3324
4115 6719 36025 11069
1318 7116 47177 902
6978 5912 78859 844
9593 1668 67737 13071
4679 7473 53087 5453
1614 863 18397 17085
1266 2431 43699 8823
7136 8755 73169 17791
577 8826 82560 15071
639 122 80147 1942
4509 4516 70718 18330
909 5974 19139 16279
7283 7740 5571 3721
2197 4240 84151 11929
618 4451 80941 377
3285 5635 16546 5144
8846 3692 94059 14788
1587 3618 26743 2235
9813 3332 91966 4660
3714 5664 92630 15254
7866 4600 6551 4475
4884 6232 64489 17708
8400 776 91200 19548
3608 8171 47347 7564
1726 4125 70777 6070
9705 7883 32711 928
5876 7832 3974 4557
7833 784 52806 2461
5072 8241 31051 6342
8119 8676 89264 13087
1502 6034 11008 19961
1813 3413 62870 2874
1980 1098 66778 6873
1083 3491 88884 8484
9875 2559 28007 17744
2866 99 61621 3240
6485 5539 70253 15065
2681 4393 52063 5745
7150 26 47757 1480
8317 2835 55540 18948
1446 9303 18913 7395
7788 9987 52824 17853
1128 1328 36247 18706
5509 2514 11405 13636
6860 8924 51492 14610
4799 2119 9471 12020
8228 9396 4592 5468
8014 3972 89647 15377
7334 4249 68899 15554
4244 7820 89666 13965
4632 8008 29594 1662
9527 9620 45240 2089
8217 9002 69851 9401
6848 8488 41867 3007
3524 9319 25189 17355
5588 7393 16146 13652
5435 885 84673 11842
6628 7631 49230 19114
9709 8698 10044 9327
3720 6652 69949 7064
4901 3665 22665 1830
5284 5299 22686 15164
3502 1968 83554 7671
5769 5979 82611 14031
5149 6164 66734 3394
4244 6877 39440 13556
2350 8928 89933 5413
7201 6445 57656 15763
6937 3226 69037 12556
8808 9704 71590 19374
8282 1877 22261 14325
9945 8414 58213 11298
1969 7889 69261 10635
1280 7635 32993 16507
1068 4442 89220 1148
4579 5591 60927 13983
5217 5630 76502 2972
5925 1596 4458 19959
2054 8804 35251 13885
4280 6205 34207 17486
5757 5471 30375 5895
8184 5739 32848 7542
257 4942 5321 3069
48 6289 79901 15238
1054 6821 66628 19153
1233 8434 328 2747
1426 7189 9167 499
5267 8167 36480 11922
4541 2913 67595 13904
6470 7654 84141 10485
2403 7727 4720 13067
7936 9414 4150 7548
2766 1867 44114 8524
9462 8022 46250 19180
8671 5805 52649 9235
9406 3860 68706 17598
8700 6476 34515 15314
4070 8879 72222 3549
4447 4911 30560 14149
502 1807 94114 19333
8872 1041 67829 16061
572 6685 19899 4213
9749 239 69016 570
6276 3372 90726 7416
3818 5053 12077 6810
7699 3339 45706 11261
4926 5581 26953 6161
7245 4482 21493 14496
3490 2431 20206 3940
1971 2576 61629 12324
4117 774 27588 19108
3947 5233 83319 2077
3500 212 40813 15067
3690 315 6101 7478
1596 9023 9606 15169
8159 9809 6241 10553
761 4220 61549 3568
5942 7081 51298 17197
2498 9647 47907 3112
2883 9594 68026 1129
204 6917 7064 11620
8513 1420 84050 8259
1173 4655 17595 9267
1015 5691 52150 3121
7801 972 60868 54
2287 2368 81207 1721
2228 6073 46989 16739
6887 5130 2953 6871
4355 4825 4693 11207
8415 4308 3793 10036
8504 8643 29705 796
5564 2990 67781 17705
4627 456 95777 16966
5664 7155 42759 16698
1801 4210 20904 9690
7501 4518 43103 16761
9431 6845 21426 13975
2681 7371 15663 12723
5891 8489 3326 11501
3377 4694 69392 5550
7267 4606 42823 17732
6302 2778 10869 9150
6319 6130 29825 9893
4203 3121 78774 7749
5758 9385 92857 1579
6700 8895 30743 17731
3266 95 60158 12195
2526 8425 79048 19104
3427 7866 54062 7072
6338 8444 3306 5183
494 7968 49436 15704
5704 9626 60363 11617
699 8988 91204 16871
7639 1123 93318 15146
4216 2943 52840 14396
9755 4324 92896 19074
1965 4867 38583 16056
7755 8970 62519 9151
8353 7925 79300 14021
6777 9951 52909 15943
1271 6655 59138 15742
17 2474 5276 13833
2353 352 31687 12348
4896 7704 26912 19909
6294 5153 29618 419
584 5193 61973 15925
9516 7967 87537 18176
6291 9080 4266 4853
1655 4828 51259 11066
5226 277 46307 18020
5007 4285 20372 14487
3775 2590 18457 11264
4041 8608 7535 4060
258 432 78302 16594
6265 1234 10368 2323
2392 118 20229 11960
2577 6701 72738 4384
2367 6317 38194 18192
7900 9297 45248 13112
8742 1578 12936 6281
1302 4066 24160 17784
5142 9681 63810 8726
2661 4100 10810 2009
4523 8313 84785 11493
472 2711 61495 4796
322 5637 80108 15821
9377 2675 50900 8048
2088 447 51098 9129
8978 4185 52057 416
8229 5847 55540 16223
8215 7485 78289 4934
7412 3615 99319 12012
481 2571 89793 9339
1070 1311 24559 8219
5759 9409 64312 4996
8659 640 36947 8472
5231 7388 74983 1995
759 3302 46222 18396
2093 3247 32511 12711
4875 3474 89516 9758
8807 8178 73287 5935
9448 5470 79708 7256
717 9672 64044 11752
5387 214 9120 18499
6073 8194 51101 10370
7813 2197 47276 4866
962 9432 11362 18743
8824 1070 69327 7262
3341 459 28551 19240
1177 6111 54761 2701
5480 3330 68811 17657
3881 6382 96293 7256
6598 9553 54110 17145
5456 8056 63339 19773
7875 4717 34133 14540
9911 6195 10373 7826
7525 4538 19335 4059
5133 1454 98336 10018
3856 5146 20589 7819
87 9243 29191 11278
3030 5379 56698 573
9808 1940 45925 1619
3249 8603 90185 13168
2631 5370 80329 5004
2179 2915 63695 9650
7375 8392 43091 5586
3318 9808 84800 5945
9291 4539 62894 3061
6685 4056 40696 15536
7949 2634 50117 1697
6295 2230 55397 13663
4391 5587 41805 2814
5108 2200 70786 3014
3145 7800 91252 1793
67 7863 11338 7882
4398 7228 25734 12058
1348 4194 51097 13924
9161 1088 59822 18012
8582 9091 73320 15705
1583 7419 92001 18601
6773 4244 68247 13801
7630 9726 68630 9473
2793 6910 28840 3296
4469 4864 9104 26
5558 9598 59687 6554
5825 2774 93440 10649
7500 7462 73961 12608
7055 6082 38607 10626
6404 9819 49203 8982
98 5358 42729 18846
125 7268 97757 14224
6974 9017 24044 2268
8816 2373 27368 3911
7941 9534 17482 12276
1485 5978 67651 4986
625 5038 84015 18492
4016 4809 39492 15734
8783 8632 66676 13504
3577 523 40808 19052
3678 5860 20844 13245
5756 7926 12789 13779
7308 3305 99734 3630
6485 7954 38350 19013
394 9125 40436 7423
7921 6840 52146 12319
9595 9344 57902 12409
3485 1349 98971 11146
2780 8592 85018 15123
5379 8328 45490 1097
9024 7711 83827 14899
369 6589 34133 7356
1044 3282 29347 19500
349 2639 20477 8433
2358 8219 78590 6892
4499 3638 8338 1238
1571 2075 45911 16160
3721 9611 33863 8267
3341 6338 69045 9811
4982 2592 42561 17328
4949 4614 95220 13334
9333 1005 35795 12565
76 8257 78637 2647
2278 8108 72698 5692
7223 9970 62040 2834
474 1276 43293 15904
1662 8792 84386 13098
5725 6938 50504 11272
7513 4439 5067 17347
5138 7440 48048 13822
4501 1294 44657 17551
343 3759 27491 13785
349 987 10548 17381
7640 3343 6934 11920
5478 6933 33197 11434
4154 5016 75912 406
318 3227 38166 7113
5443 9570 71078 7554
8086 1351 27261 15400
9365 506 36241 6645
9236 3186 79969 490
4865 9285 83515 1197
6179 2692 10186 7998
4520 2708 91556 6826
4251 2058 54745 9376
6963 5935 46027 15942
3104 4710 31072 12660
4351 2938 54231 1706
7158 2941 4587 17123
3386 5244 45072 7340
1809 8381 84117 1059
3132 3652 25921 5870
1270 9194 50511 4971
9404 6957 29105 11267
2199 9892 26247 11633
2217 3329 3270 11073
1672 3406 39892 15976
7489 1970 5303 14485
1835 7113 52904 18053
8062 3852 24870 17533
1094 2265 6179 17221
5911 8209 70144 13617
5037 8675 57478 6973
6588 1928 62505 12183
4032 3664 58057 11175
5276 8388 86163 14032
5683 6526 33397 9760
6087 9249 80749 1857
3538 6081 93211 2127
7796 4942 74385 18487
3608 2328 37847 108
2026 5132 59847 8026
4040 1422 35919 6578
7769 9521 97073 4811
46 1812 35155 8818
429 3894 15729 16658
8767 6859 94108 19666
7468 9327 71590 4004
5572 2275 20454 13426
7881 9531 27936 15065
316 3194 74243 4642
3875 6499 83391 19074
8263 2569 59408 10868
9326 7933 71411 17413
9631 1834 29305 1307
579 9175 60005 10544
1934 4107 86544 13300
3953 3951 23922 13144
8091 8216 48117 17893
1267 5680 67124 1268
7641 155 55523 1670
4217 7407 7169 2759
3352 5947 71736 6720
8620 1907 11605 19723
575 6807 25559 16152
2370 2222 61835 14494
615 9978 76378 17346
2874 3217 76456 3183
1446 5111 44113 14943
3253 6521 64961 14782
9624 7070 69363 17033
6502 8435 4569 3781
7175 5050 46771 3996
2260 2420 84025 17000
2753 7376 43853 15027
4774 7642 3210 1892
6604 879 16186 11061
7690 9824 21112 930
9309 2759 31405 12078
9752 7092 91345 11170
326 474 16560 15988
7523 4874 680 14948
7595 3858 29150 9017
4693 8683 18571 15996
7681 3326 52482 19411
1462 1610 60876 3706
2304 241 84164 7111
2021 222 58811 10893
5356 9611 11035 19522
1434 8491 9135 2838
2388 9480 47854 17445
8474 70 49565 18095
5578 4408 5761 10942
388 7252 78119 15358
7097 7779 2142 8530
5577 1734 14192 13773
6705 3532 78982 17902
6981 2172 76712 14576
8304 5550 1286 2010
9178 6916 90754 5545
6242 4841 70393 7402
4798 1285 56413 17742
6081 108 55890 13568
5159 2813 90558 19770
3006 2989 67117 9061
9992 3165 15219 11431
3984 4872 97655 10177
2958 1227 27098 12783
6987 807 77350 4476
154 8735 53398 19281
957 6864 20948 17377
5570 2755 39383 10905
662 9575 84318 10525
9585 8024 43400 352
6759 3314 38962 7085
220 625 28776 12602
5118 2043 64146 7048
7238 323 46255 4067
4610 6895 85240 5936
1859 2077 36631 19435
3393 8169 42674 9165
6961 7763 84258 13950
1107 7569 18562 5390
7072 1353 59009 15275
8666 8228 31270 13731
5698 2485 85706 2050
6032 2748 70067 6355
2339 2867 13460 11679
6962 1459 55360 2689
5220 4708 85807 13626
680 8856 12059 16296
1339 8359 89644 7910
5157 1035 40035 2456
8217 2399 85130 18580
5578 5659 37745 16873
9541 8359 88240 13464
1920 1269 52403 9016
6548 5867 16643 14082
1502 8334 38440 8402
8151 2056 88824 4074
6095 4527 94447 18513
7054 2743 69938 6060
3092 3586 28138 19425
4887 6679 1970 8250
2783 5305 6244 3302
2601 3839 84004 16602
8990 6085 14468 3018
3928 6340 81115 8990
7587 7561 95135 18337
6729 8748 89880 6566
7169 9067 30872 6586
6948 665 42660 12264
1935 315 63131 11005
9145 9152 69719 18412
9417 1616 66868 18630
8964 833 52658 10758
8933 8820 68598 3815
5153 2942 63989 2469
1229 8322 16241 11999
5721 6008 57766 1021
2108 3871 44625 16317
6142 8020 79505 15868
5394 5177 62799 10843
3595 2969 95287 4119
3373 131 20731 15744
6047 934 14476 14700
9401 9846 71239 3845
215 5333 26767 11053
616 6372 21922 2609
9226 4168 85815 5343
7388 6658 72293 17738
4035 4843 90140 19467
308 9444 68274 3599
6931 985 16063 4825
1407 3083 24288 18276
3179 763 74033 3894
1489 800 100 4011
8445 253 74420 6559
9832 8894 11196 14840
5050 1012 2664 13863
1314 6124 37607 3075
4204 8235 26827 9143
422 8900 89837 18704
8101 4057 85267 2590
6296 2268 61461 16693
4618 5616 88191 15529
873 4931 75351 5197
5083 9018 89278 12308
6858 9915 12619 2372
2968 5299 52729 8260
9864 5863 42024 14717
8661 1220 4085 16823
8863 9717 69452 19122
9065 1901 64186 13091
3586 4301 10382 16827
3802 2794 84954 1642
7632 3582 68960 413
4703 202 54082 2274
2192 6368 24239 15136
2037 2953 5015 7836
6690 5757 46884 18065
1548 8585 24235 4565
2756 7947 88324 16580
6072 7307 23427 2811
9070 167 14110 15248
1724 7486 87891 16255
565 4203 88540 10656
1447 1645 95882 19428
1050 2451 34269 14499
9899 8597 59632 10937
5053 7974 26209 10518
5019 2778 52378 3569
6855 2130 17225 15554
4176 9513 41194 12304
7576 3400 78191 1719
3924 233 55405 6771
1016 2230 45170 18052
8450 8520 40947 8363
6013 4571 90618 14324
6303 1613 18252 14291
6210 9578 14098 8056
8903 9080 32895 1769
9801 5064 41700 10869
1905 7973 31937 17829
9896 9106 52546 17762
7361 6899 96684 8866
3351 5868 85376 3719
3684 4833 10691 8851
126 6877 34765 5408
1436 9925 70189 18123
8832 8597 73914 16942
9355 2306 21308 19740
2697 3817 64843 16984
7409 4777 95595 14901
8686 5612 81214 1248
7909 3697 82008 4149
5937 9584 72470 5179
4052 8061 75057 13490
7934 7283 47397 18116
7779 6645 81550 6367
6455 3741 88697 16999
1541 2358 24001 2454
6163 7351 53433 14532
5547 7126 15233 4599
2861 1979 10104 15061
5057 1919 86997 12772
2373 7683 51165 7004
1172 7967 51860 3925
5629 3069 15345 18068
6845 1185 72615 6424
36 8611 62715 16510
7744 3263 96291 3353
8433 7265 20517 8437
4421 1337 4338 8215
7975 7342 9747 13157
6409 3111 2604 3846
1358 3672 17798 1422
708 3755 29458 14315
7986 7452 95640 3158
3155 2000 40442 15222
4750 6721 15515 7294
4472 5559 45789 10458
6013 4059 63497 1981
833 4357 64547 15705
9638 6109 29776 10215
6625 9877 2124 3807
8759 3931 70165 18558
9213 3436 55002 3169
5775 1271 71636 2614
8414 5660 76821 18261
438 365 20030 7720
1631 8113 4647 14118
2005 5705 37568 2071
4241 9300 19432 7161
5724 7970 1242 18522
8614 7452 53331 642
8610 6402 68157 3220
2896 312 43300 13520
9478 9939 2509 3990
2984 6123 58709 5984
1031 2668 77619 14177
5128 7659 46263 9804
9026 6915 80100 7941
1647 7210 30702 3039
571 4112 53510 18299
7233 5549 83422 13152
4637 127 25263 4570
1005 201 7163 1246
4144 9429 88955 1068
5558 7175 31232 8515
570 1038 10497 8148
8899 413 72111 13858
7752 3538 17910 13367
7308 7651 42333 14559
87 9883 12224 313
1572 7936 35668 13326
6594 1318 96544 4160
504 1317 60292 12636
5974 6013 22968 4378
6176 3876 46941 18370
8150 6773 43982 16856
2347 1154 34749 3177
5100 9028 72328 1064
8042 3055 71308 17280
8795 6283 21351 16303
9461 1676 3934 4646
1399 9509 41566 6045
7556 6961 39711 17298
1481 5191 99709 4183
4396 5379 72441 19711
9846 9619 25509 14086
4880 2421 29747 9590
6025 9753 40293 3782
7163 1776 45266 7788
1 3249 44966 11979
7742 1297 75864 14952
5817 9708 27638 14044
1481 5226 93906 1173
4798 208 6616 8830
9481 1992 13103 12232
6716 4734 21430 13113
2406 6311 40696 16766
6471 4239 72714 16425
119 1380 51843 4596
6955 6670 50003 17963
4273 4485 96338 18785
1517 9439 30122 14311
2590 7652 42006 18255
596 4548 3108 6073
6359 2637 5467 4509
7829 5586 37102 17261
6595 544 88371 15964
9945 5527 45565 135
574 8684 32369 9388
8741 9109 32302 2669
9529 7368 53029 18044
5386 6884 38962 13412
6648 6316 29686 17212
2679 1349 91222 9309
7842 2035 11335 8560
7113 5839 93694 6940
3769 6473 15699 2685
789 6815 27102 17833
4145 2956 83670 16450
1084 1808 73766 16075
8196 3126 13703 16073
8785 5616 37172 14589
8728 4931 46355 5168
1519 5585 94408 4054
1927 8865 15972 8139
4824 5689 17568 19243
1040 606 69874 15329
4998 1995 96424 9072
4172 7450 87891 4636
3484 6814 71876 2350
6835 8092 92209 5372
9734 770 21333 10207
4249 2024 12581 3281
6594 6194 31084 14748
5909 6840 68335 13128
8101 5911 76597 3142
9658 5374 39504 895
45 1869 41928 17033
6081 8192 74751 7382
8050 451 12257 19608
8013 6927 46958 19092
430 7036 83387 10119
8 2243 76231 3289
1183 3193 97169 12080
8419 2495 97064 13996
7980 7288 25688 6649
6297 8374 93400 15780
1871 5558 59859 10205
6068 1588 59760 11015
983 2010 47038 9075
2102 6953 3534 13021
3721 2200 3044 9298
6622 3756 94681 17507
6200 6227 75624 12762
6995 3742 60216 13767
7017 9806 6221 2369
678 4885 23201 19789
510 6830 71183 9822
9175 7320 87912 5678
9133 402 2514 7835
4869 7768 3264 18078
1013 756 48839 8947
4322 9571 65107 4633
2494 296 91427 10548
409 2615 48641 5062
7751 7523 81933 5980
9935 9178 66109 12933
3245 8385 93159 8191
4660 4207 45708 15495
6843 2276 9463 8382
3475 7522 51040 18092
3650 795 79907 5306
9102 1021 64233 15136
2658 4374 11175 4701
8155 3262 7071 14056
8359 5878 17049 424
4990 4897 54754 7675
5557 4023 8733 15555
3772 181 99665 13448
5121 8703 61861 10905
6385 5481 87370 9954
7361 5088 87447 10589
1718 4231 52178 4851
5989 8511 24313 13984
8733 31 76123 9432
6073 9888 71487 72
696 5072 68453 13685
2794 4280 77733 8340
5567 2090 26869 14325
9543 2763 22795 10989
3435 8344 5043 6430
4789 9231 20614 10844
3564 7149 26511 629
813 302 6353 1064
4810 1462 48775 14607
6802 6210 88786 3567
1056 213 31699 6894
68 5453 57398 1123
2760 3956 94968 12879
9807 5964 65218 7427
1825 3198 59297 579
2342 5796 50791 355
5051 7799 80046 6890
9834 9128 54366 936
8215 9592 76054 19287
8091 3091 89833 8575
1924 7979 10312 17155
7456 7173 47510 13493
1911 1229 79171 11712
647 3157 1083 1365
6011 2239 94429 7865
3068 3002 20432 16497
7894 388 57660 7533
2563 8735 13172 11983
6461 2625 51752 18347
7984 611 78190 14638
7088 1454 40354 10505
3075 9731 4678 13880
4087 2194 26070 5379
9200 9503 33744 3952
9453 6945 72561 13421
1356 4796 57443 5727
866 79 34111 1617
8934 8636 49727 39
207 6313 89083 18646
1471 2029 36658 15908
979 7324 23049 15660
9304 9649 16617 5770
8190 9242 37968 18871
9998 3284 30324 4599
8280 2090 70045 17205
2811 764 75559 2377
6172 8727 48623 981
3461 601 90716 17498
7457 4436 31331 19749
1511 9611 3015 19904
929 8338 65734 1861
6922 5849 11682 8096
7212 7899 87910 3032
6874 8555 40547 13687
2876 7964 28452 18881
6335 3394 10424 18258
1061 4534 86088 18092
4035 1556 66993 12387
1433 7496 94468 16170
2932 1982 40227 12778
986 3580 55074 4920
5869 9312 99813 4432
1610 5234 24022 12357
1963 827 68657 6198
2933 4381 33045 13773
360 643 84570 12279
5243 433 63052 14185
3122 2669 60931 872
9041 1796 66597 2320
3314 4691 53623 15389
4556 3063 78356 10079
8622 6035 20497 14407
9479 4811 44620 1431
9336 6893 28082 987
7034 8171 85260 5966
8024 7213 5678 5676
6360 3275 50537 2993
6545 2060 47116 2075
4771 1754 40355 3339
5509 7246 65015 1994
655 1269 29914 18200
7594 1854 63594 8369
4352 9330 65437 10577
1304 2418 62221 14691
1690 3468 77391 16348
4993 1905 55716 16524
4790 1221 59176 11794
4304 8884 29011 11253
7939 8577 91313 8082
3738 8010 97375 7450
4309 905 89072 5829
8986 1430 52186 10720
2508 6850 28607 5373
6769 9344 94511 1568
4395 1709 96404 4606
2599 1474 83605 16928
8723 1192 89536 13176
1539 2073 32640 17729
2918 368 44611 1905
1303 3611 64321 14993
7392 3017 22042 13097
9585 7050 494 17036
1272 7287 8726 3166
802 5775 92281 19640
504 6775 10525 4627
7321 8586 51677 3557
6205 4771 86121 3911
9783 2295 29078 9433
400 6945 15131 11917
8510 509 78979 6601
4480 5963 10861 1814
7069 2399 57086 14298
5323 2673 25455 634
2550 7775 60042 7953
1616 9323 59270 9311
3678 2970 2458 12546
6296 2193 45502 7536
1789 4803 88280 8043
9700 3953 42453 6404
7957 3128 16579 7351
4007 2111 936 13510
5083 2462 10886 19768
2720 5872 73388 19923
6219 8850 27528 381
6768 2116 5358 16507
521 8366 95609 12595
4788 6234 27393 11809
7823 4905 64107 3353
1110 1737 88076 6880
1828 8298 45856 16038
8654 6989 73041 15307
5330 9132 73092 17739
6214 1255 95653 19864
1865 5698 20183 13957
6526 8528 99413 1286
2541 9789 24495 12527
2991 1998 52752 9547
2451 9684 1980 7274
5212 8116 49005 2277
8634 7910 87477 9062
9577 1450 45967 18453
5105 8096 8711 14839
5682 3020 80858 6122
3409 2621 46882 3688
9695 7037 99311 17144
5587 904 42340 1334
6225 7978 77579 9804
5007 5127 9572 9979
3515 8075 73047 19144
4327 9891 53241 17294
4925 4764 61523 6260
9754 1732 49078 5416
5557 9119 84346 475
3561 392 67247 9273
2302 8912 85198 3777
7675 8307 50697 11525
1303 5781 34908 1324
2455 5049 52001 11824
9143 9226 45688 13619
8869 1084 85096 19370
7912 3255 58341 10360
8410 2816 52544 13490
2350 7392 61719 18764
5604 7193 79423 5452
705 2300 74501 16866
9802 5108 30718 6543
6119 6634 90283 16654
720 1810 19389 5540
3601 3255 42475 12736
5138 7837 81069 17201
3432 8153 15200 9292
2293 1880 23195 18774
1473 2070 57287 14142
2946 4203 54276 8815
3405 9289 86663 8373
1836 1892 62442 8082
804 3610 36722 16948
1141 9595 422 16850
4195 350 14346 10050
2412 7115 34681 2650
2399 216 19894 17578
9738 9317 62729 11008
1829 8903 72796 9594
2056 8603 99156 6000
2732 428 3992 10231
6802 8530 35046 12639
8502 4742 7216 17638
6491 7248 68042 11403
7730 3397 73918 2851
6667 2938 5391 11363
2863 8371 22322 14005
4251 4367 74187 17906
9441 5491 48909 987
6610 5140 82479 7086
5325 8677 51642 17205
8692 709 34617 10694
3875 6527 77459 7207
525 997 50941 11796
8626 6418 52558 12037
7744 9846 18243 15975
6558 5808 98502 5020
8661 7839 97483 15834
4582 1657 96918 6473
4639 9186 75161 154
4596 7013 36589 7414
6899 2532 91012 11789
5165 1011 68630 8549
2093 8510 58238 9891
2565 8467 50127 9741
424 988 46755 7319
2821 5016 62924 18843
3871 433 67715 11232
9197 6410 62497 12592
2775 8671 26004 15187
2488 8768 13945 2318
6254 8816 4940 18788
9584 2770 87816 342
8246 8945 10913 8050
9583 4161 74196 17145
5502 8432 61538 4698
7723 2401 13392 5789
8320 7800 67395 4162
5060 9346 11383 2786
9355 7373 91657 14506
6566 5375 59905 17601
5999 9976 80362 3138
1338 4225 71085 8224
4277 5333 976 211
3728 490 33363 4572
6788 522 23558 603
2806 9434 38940 5085
9972 6831 42 15937
7296 3153 76645 10785
5059 3707 80795 16116
8220 7472 39073 14880
9830 7901 9676 131
8400 6757 88226 11870
6570 2478 11115 9923
1985 2044 84949 610
173 5058 80770 11009
7863 5002 58722 19825
5756 2303 49080 13264
662 8152 70760 9749
3749 7175 43588 12216
763 869 22155 11706
2476 1931 47510 1589
7628 6042 16038 14659
5585 5155 55932 12164
7802 5579 51094 12399
8584 7949 6263 2820
7253 7742 35574 6934
3655 1709 42736 13885
8661 4499 45493 19347
3722 2884 732 14984
7776 3580 54041 11428
5924 6195 62041 3532
550 5077 95168 9383
9695 5236 62995 878
4052 1086 39406 4938
1171 6227 8229 5059
9587 8929 17939 574
2968 7807 78338 6759
4788 515 22482 16895
232 9583 38926 9103
5010 7300 42659 2415
3599 565 24749 17439
4803 1858 63125 8752
8388 9167 5153 3699
6767 1255 88014 5106
2405 3650 48612 5571
4089 9297 53200 5294
4266 6819 34542 12585
6950 1785 46048 18375
5994 3846 15694 15656
8503 6705 10229 8057
7947 8276 96207 16557
4016 6921 57774 16776
966 2910 10880 9604
3986 6599 41375 12592
6982 8591 21531 6285
2298 9287 98407 9670
6128 2296 672 6236
6189 1699 86886 19155
2018 9174 40700 17581
937 3647 60401 10148
8503 7974 71040 9342
2890 4829 73050 8336
9579 7932 49000 4016
5225 4651 60526 9029
4066 8632 57480 2805
9591 9886 7330 4283
5186 8645 14571 8229
5748 826 1202 10773
7009 4183 40917 13562
8990 6774 24324 13862
7817 774 73541 12057
8514 2290 66260 9932
8695 3445 74409 17041
8078 2751 49002 16541
8981 859 95389 1058
9842 9600 98347 16715
6806 2303 31774 11108
1236 6854 34394 15430
6188 3985 27666 16238
6682 771 54832 9625
835 6416 3757 14556
4192 7975 46056 8621
4767 4260 57570 13183
2797 8625 21832 7329
3950 8857 61509 10232
5998 6248 17339 11482
7602 5553 23528 17487
7805 3396 89090 14951
9049 5048 69072 17776
4335 8801 42556 5662
4781 9588 72446 9367
612 9109 46084 19110
2798 1036 75412 15311
1818 862 4143 13282
4082 8962 17043 4393
720 6607 60191 19318
6270 8999 21850 2165
699 5794 57358 7356
815 9166 45467 8724
892 9571 57444 8676
5901 3325 63535 10399
6067 9123 63225 3296
9012 2695 1661 14009
9103 3452 50427 19763
8764 7396 94470 11959
2370 2230 27275 18172
7262 4017 88042 14989
962 7820 3965 12761
6038 5558 89455 9315
1460 8319 78194 15255
6835 1185 18997 95
1228 3243 16356 9740
6701 9843 4651 12215
2160 2231 51869 1265
392 6572 22710 992
5711 9397 11647 15810
2026 8985 3649 16794
2749 6427 83336 12800
1039 8463 83366 4915
6650 8717 46160 12533
6385 9961 31541 11776
355 3462 83210 14565
3986 1927 98369 13498
257 9353 64237 2430
4686 3395 7248 1364
3173 56 97201 2225
4074 8198 22014 15119
7814 5703 10230 2004
4829 9128 33481 16173
7059 1890 39782 2306
4872 6528 55626 17262
7575 7828 73229 13587
6535 4047 93953 2929
4143 8257 97356 15957
810 8244 10664 5448
2197 6928 650 5295
4077 8601 36026 17433
974 7059 80809 2832
8287 5024 29514 11870
9724 2198 21315 15383
6446 226 81183 11992
8590 4349 47206 5031
6970 4152 95140 16861
6673 787 89682 14427
8012 2022 19718 3448
2686 5307 98944 3252
172 3280 6320 16240
7855 8427 99556 2358
4628 7770 68339 3946
4923 700 81252 13722
6659 525 86861 9588
8401 7538 89810 6279
7124 7840 33885 10729
7786 645 79995 17711
445 452 40262 2422
3186 7447 36471 16136
386 9685 8050 7162
9518 6332 14447 15662
4007 9955 11270 14965
3608 2034 40767 7060
8888 5213 53809 12695
7562 8142 62615 2389
9736 4300 20050 17982
5842 5218 51967 18659
5957 7578 34142 11657
457 6899 78400 19012
8741 5343 94924 18408
3073 3270 36761 2815
166 6498 88035 4610
9641 587 13237 7004
3536 3424 17718 15738
8771 8829 58887 9329
226 3831 16997 10481
1864 231 56251 4983
8165 652 51329 17545
8090 7366 14902 2076
5648 2991 22169 13020
4929 6271 29006 11634
2854 6431 17608 11984
3416 6095 92193 4101
5157 2855 45336 8958
52 916 74979 19266
5391 2778 77133 3611
7041 6519 66524 2969
1883 4861 41217 7807
759 8210 3715 14756
8853 1421 43274 18647
9158 2196 95637 12745
4075 8286 9883 15529
8877 2049 63002 18419
4775 5732 98172 80
4115 2639 1146 4567
6057 7765 39218 7478
9118 6238 35342 4253
6898 3591 3770 18694
3439 829 96550 3983
4343 3283 82086 536
5124 9342 58453 950
4393 3284 73656 15631
6561 9185 51470 2934
9389 8465 92404 2835
6706 3404 27705 8076
2619 6557 4040 16306
4288 9298 58058 4878
7001 7845 95501 11669
2215 1837 18306 10534
2454 7159 81019 14093
267 46 36936 13892
7426 3224 16999 2967
4303 7029 91781 18223
7291 6583 78961 19444
7150 972 30377 10368
1082 2412 50577 13708
3373 2796 68029 19231
5156 7953 53055 345
1417 2671 34396 3679
8131 1897 42244 806
8173 6832 41145 16375
363 5828 94879 3295
2073 6275 97841 10982
2921 1743 69928 11703
4907 8125 26781 16913
3688 9294 98940 10834
902 8344 17364 10306
2414 6228 59986 6548
6233 2225 93394 11435
6502 7246 83412 2814
2142 651 51729 10599
9417 2532 83496 19056
6401 3580 17531 3936
445 8518 35908 16217
3535 1364 53634 18865
8538 6713 29498 1175
9545 5628 74196 19328
5373 1429 52731 9412
3407 3633 99441 11669
2132 1839 73402 7976
5254 3691 76262 17652
9780 2392 64683 450
5443 3938 53839 2312
7984 1640 64188 15301
6736 1616 28169 1057
1070 8811 47750 10402
5632 9680 91660 16528
7403 7645 93782 1260
1077 5119 93951 11463
8414 1300 50806 13586
5651 7324 61330 19958
8896 7289 90237 17153
8269 4625 77697 17923
3812 554 75971 14636
4695 6428 5597 14811
2719 1406 59649 13062
1911 8814 87883 10880
3300 6627 69583 13023
7165 3779 23316 812
3070 6956 53681 10561
7272 3564 93876 19865
4572 540 80586 868
3945 857 38602 4325
8147 2690 72727 750
1287 658 53414 1516
1423 8017 71159 5971
3953 4433 28770 8067
7174 2676 92753 1416
1667 5855 72252 10734
55 2572 60699 9811
6091 138 29301 3830
4744 1489 47268 10074
7101 6501 19268 15018
6008 9717 29374 18974
3519 1349 44812 19229
187 3774 9025 2803
7392 8475 92111 12882
6096 3271 79198 11764
9150 3181 80036 17659
9005 5137 50391 8373
3044 3402 57644 7294
1034 1660 89015 12074
743 8970 92452 13119
4415 2620 22814 2303
9920 448 4039 11258
6750 1735 64060 4862
301 3042 96105 12220
4722 9396 52161 16466
6356 694 29822 17780
930 2634 47734 3951
570 7335 43734 9639
45 2987 98514 11900
3620 834 8455 1522
6812 2266 65327 1925
3762 7474 55461 3168
8339 9056 39397 29
8109 4660 33467 14707
7515 3067 17806 17259
1000 9106 88903 12767
6868 757 35094 4008
9699 8736 84093 5412
6777 7413 55996 5687
9285 3259 47822 4844
7922 901 98719 16315
9332 8413 23232 2681
3837 6036 89726 2424
2123 7093 34593 3490
8555 2388 3939 4973
6006 7284 55508 15526
9360 2505 89486 13097
7001 8013 66387 15895
1332 6622 3627 53
5609 7419 21820 17051
4967 8092 78623 16711
4430 9423 43957 18666
4360 784 49098 15551
1045 8720 18135 19325
5967 104 63910 11504
1537 698 53444 6431
3124 1397 16634 4538
6396 94 99240 13942
4309 6565 51379 6331
9680 4818 32465 1177
529 9910 28775 18990
7277 1971 75251 14884
4644 3637 13362 7146
5214 3919 23485 12800
3184 4800 21678 19828
2404 5607 46886 3772
3322 8925 24607 4063
9169 4755 92844 19017
7982 2920 10690 15544
3236 3528 98779 6415
6290 8077 46032 8047
9519 9900 98728 13043
4327 2344 96969 8538
9049 4041 44679 8086
2285 2579 63574 11607
6203 5798 84468 15440
5502 6286 78850 14461
1082 8241 90640 12657
5331 5173 43850 8772
8273 8341 87819 1553
9221 8269 60471 11970
4585 7063 53460 6672
3776 7997 69135 12130
3371 256 79758 7732
3558 193 46465 11157
809 9080 91192 807
7235 5175 89728 19629
2817 5471 83588 7659
6216 2324 31322 11397
4145 1239 9715 4850
7415 3754 25596 7192
534 9326 57302 18710
1763 8167 97642 10514
1403 4396 79380 1533
1519 7726 87179 2879
8433 7391 87150 13169
8736 3946 67933 2390
5891 5737 45364 18775
7418 553 23422 17387
3609 3469 13642 17800
8274 7956 71419 8632
8086 4728 14047 3566
9379 9359 21046 9270
5006 8499 88397 4587
459 4134 8684 12973
3022 5088 46679 16637
2101 8665 90247 19345
5902 2193 98576 15184
5457 6177 80327 4494
1920 1849 29770 9831
2646 5010 71772 7040
7654 4103 80361 19272
6155 6696 86854 14936
6413 501 10957 13722
5051 1480 67532 17819
3806 2687 13964 11631
2937 3690 66342 14704
9353 591 34213 14954
7316 6490 83788 5309
5360 1872 6938 19672
7374 6324 54928 13188
7730 509 49578 3644
9464 242 95942 17846
6040 1345 63249 5218
7311 6164 72582 7684
8442 489 70768 8729
2528 3480 44436 18526
2219 1853 48243 3907
5504 7450 61672 10144
7363 5270 83724 10223
2243 1934 62164 3373
200 779 7736 19594
6409 9061 19466 3174
5300 2887 71646 274
6081 6172 79612 9468
436 9321 27239 7531
4153 8027 37240 19554
9716 6917 77875 15996
5170 7361 92889 10968
3845 1973 6185 15798
9580 5059 59045 5176
4497 5468 74264 15278
3019 1165 54783 18777
3013 7461 26998 1006
5660 7606 26146 995
883 5595 17616 1758
1348 5587 25000 13517
8429 8155 63062 19030
1539 606 24928 2328
5634 6977 53955 12086
6784 284 86354 8288
6076 8015 67372 14078
6829 9031 67658 5701
7958 4163 33511 2435
6413 967 43974 3087
9600 3578 64918 7803
6527 891 49705 13274
2435 2207 53316 6953
1339 4827 62342 24
4665 809 85863 15126
8133 8617 59093 1640
5236 9686 41732 1281
3464 7264 25415 544
6532 8191 38802 15396
1584 5504 45156 19656
5840 6979 2307 12069
2039 5906 54183 2443
1383 9489 63785 11724
6976 6584 20801 9819
3655 8327 80701 18240
8742 5151 85008 5614
3415 8142 17186 19397
6712 9644 6452 1828
8385 2624 60933 37
3490 813 52586 14963
8565 6406 11869 14075
2990 9436 65898 13832
9403 3729 16393 9130
2446 5044 20877 17821
7252 9621 66187 18386
3919 543 71257 6709
8348 2256 7709 9722
9151 6227 20482 411
3872 8126 32087 7595
8209 7218 45504 9699
8852 2902 78691 19750
4826 6942 47215 6121
3761 2589 13124 12594
6180 4432 73457 11378
6381 854 17426 8108
5947 5496 18455 5376
6441 8254 40946 17352
681 1925 74734 567
8084 1764 19154 8703
7565 7261 79647 4286
2882 457 63501 13496
7000 6237 52004 2993
3504 9524 38077 4192
7607 9008 91691 8694
1396 6657 65445 1741
5655 3159 96344 16731
9607 1189 46755 9426
33 8047 42397 1018
8815 7813 48058 14911
6845 6667 24568 5615
9864 8321 56720 5108
9258 8637 93005 847
9282 1911 81832 11620
5920 1509 70676 19668
2268 8084 54256 19350
2091 4162 38453 3002
9488 3529 30097 13106
2547 9078 22343 13205
9743 9589 83378 1023
9252 1411 61503 13089
1105 6650 87674 2546
4368 1489 59662 3227
7462 4979 61981 16970
7076 9360 59613 49
745 1878 67747 18462
4561 6998 77698 11562
6565 9157 51902 6083
3535 1371 99321 5220
6279 3804 2196 10589
2282 7082 11747 5403
4527 2841 50768 17671
8240 9495 51433 19393
53 9124 35190 18760
1233 5520 34091 3248
5554 6241 32730 17146
5222 187 97313 5467
6348 287 77213 1651
628 8814 29003 9425
803 1247 36371 10229
4055 530 80548 12921
9659 2505 12682 4431
3204 5037 3127 877
4377 7490 88268 15939
7828 1202 26282 4205
4204 1589 9767 12230
7751 5414 21510 19643
7592 7477 58394 4427
8125 7815 71168 14512
3856 2181 17946 17953
1230 7893 21438 655
2197 9390 97906 17745
7619 9921 81195 16388
5479 4968 66827 16170
2399 3974 73796 13609
4198 2366 73765 14818
5826 5289 9042 14361
4505 5936 76658 9989
5661 8646 88916 3374
3066 9422 11256 19149
8265 4107 52287 17585
5776 9189 40468 3665
828 9794 70093 3924
4828 7234 36408 11700
1125 6496 43339 6122
7583 8794 91511 11578
9202 537 1758 3682
4338 6256 11703 1085
1281 6266 73612 14978
4000 1298 4629 6456
9171 7203 48892 5944
9185 4756 46214 17744
621 1711 45573 3160
8227 3042 47511 8680
5136 8808 4074 19349
6923 1178 36362 11614
2916 8376 56006 16302
461 8092 12895 15427
322 4639 71073 8105
3756 4691 37043 15697
2049 5313 96938 7844
6892 370 53591 6920
2984 9173 24028 4276
7894 4749 28279 15626
7042 9025 96384 10731
9520 8550 84378 7985
8705 1071 73531 12126
1932 5822 22351 14870
8704 8150 47709 11181
1628 2488 31008 18059
6617 3186 73783 8255
7653 8292 99525 12059
352 864 30718 9000
175 3148 97012 6656
9647 5523 87840 4762
3994 2214 78135 7792
4842 1173 88576 16104
5474 7450 87170 12442
6596 7755 7256 12215
8106 2338 30882 4994
3289 9744 10886 8342
7813 5936 57865 906
4185 3384 49871 5113
8430 9016 96989 8818
5077 2387 56977 3474
1212 4477 72387 1550
3588 5939 2406 10531
1927 4817 62171 4096
2821 2586 92154 3713
8757 3639 16847 8163
4487 9291 98073 6565
7298 7840 76517 14051
1929 9057 39149 5058
7593 9288 14292 8511
1675 570 62477 11609
9963 7389 86649 14865
370 3823 57492 9176
9212 8443 10528 3488
2254 5842 70848 16359
3767 9376 28640 11100
7906 6173 16133 15321
618 567 5762 15661
7919 1854 2905 13563
8423 3393 40498 4513
7331 987 9518 15680
6028 1085 50101 15677
3428 9372 74524 19839
7426 5171 42237 12762
405 5268 62895 11592
8881 8522 22988 8768
4162 766 70178 19005
5986 5274 6830 3286
1645 6331 54130 14682
8633 9098 11513 15514
4734 7332 24238 15151
9706 179 68737 10708
7785 9701 12461 10531
3799 4304 52447 1475
5276 3904 85917 16333
1252 7938 99428 18137
2096 1182 2624 12864
297 3945 30142 8802
1390 5212 64235 9246
8543 8952 30838 15657
8878 4628 39595 4653
8637 198 34692 15993
1989 3092 43430 11390
4460 980 40470 13297
6889 218 75260 5183
7153 4935 27232 15651
1025 6540 42194 7958
7029 947 59309 3840
9486 8260 26153 14972
2915 9206 81722 1795
9723 124 85386 14583
2047 4777 65115 8048
6535 3325 71304 8334
576 6187 87143 19681
4214 6236 66634 2103
1455 6585 51163 11246
138 7553 39154 1966
7355 329 50771 15961
9265 5365 90501 6830
8346 415 75730 2265
4296 387 95609 16329
1851 4425 4732 3530
8309 1438 37427 12280
8866 3182 62102 11166
4942 1621 29784 4729
7816 5966 71785 3765
2626 401 74438 627
4915 1492 92025 12314
5768 7702 78414 7005
1996 9339 98597 6236
9674 4408 26413 2192
5996 5989 99574 19739
9043 2693 65264 10166
4778 1803 58761 2881
7713 4875 85967 3406
7019 7878 75752 17203
1154 4476 33782 3237
7683 9917 70327 13238
5204 983 16107 4543
1730 7484 5429 14389
6001 9038 17499 15488
1303 5547 81073 7115
481 5595 42908 2700
5887 9999 45112 15395
2904 3068 65285 11504
2220 9658 13520 17823
6592 8136 9204 1927
5661 7735 6132 2885
4643 5950 13690 15041
553 3097 29170 9776
5933 3749 49891 17188
598 820 14303 6036
9257 5841 99933 15957
2709 6002 30761 9904
4378 543 88938 9000
3741 4486 97460 18145
3729 1596 40177 9578
2230 7991 91127 8943
1891 3570 66287 10463
8495 5568 2893 2965
1601 960 39522 19874
5353 4943 30021 9708
7847 1393 97677 3758
6159 7529 26278 4239
101 6685 81934 13678
2776 111 22206 6987
3492 2278 58907 1468
8009 2332 51974 10447
8158 5841 64773 18674
9987 3848 6274 3422
744 9709 30297 1110
3030 9090 16393 11649
930 8351 35349 16947
2291 1264 38878 18358
3915 5706 16414 4711
8991 533 1100 15125
4656 6610 88878 702
9985 6591 13406 867
2287 8976 20284 16527
4637 6331 42301 3282
5901 9190 89971 6089
1683 6294 58937 5716
4532 3085 41154 18622
2352 2790 68700 13364
3138 572 38478 18998
8343 9396 13926 15052
6577 5943 40438 1085
8205 5274 81259 10801
8408 7507 57930 1143
7759 6194 75077 10979
6266 5901 14381 4624
89 7412 39460 19585
1995 2853 91870 19432
7171 9844 8217 12134
6767 6843 25745 3677
590 5308 60602 5373
8451 8988 65974 19278
1539 1301 33987 5398
5556 9275 46887 12533
1255 1358 3140 6714
7573 5557 18992 4631
7573 7716 34896 3188
443 5275 61373 16966
2646 4610 29 9132
5176 7289 13125 2271
5769 8507 71149 15355
2787 6813 62052 2546
9314 8610 80691 3810
4158 1633 11388 18689
6548 9031 66428 9065
402 3703 7837 12223
8801 5390 8710 1220
7678 9501 33919 19607
3125 2540 51423 19202
750 2653 95672 14107
6527 5634 67121 2262
1695 6873 77348 8428
263 4807 6843 16920
118 8184 30525 6142
6256 7685 11005 615
9749 6286 97560 8726
1238 6879 24370 7617
1472 906 7878 1895
1519 3872 53219 3984
9656 6916 29539 6384
484 435 53617 10735
9857 9597 49645 2058
7804 7747 39937 911
2070 6831 46982 18961
1118 4489 17902 3632
9249 2605 50028 2128
6242 9152 58827 9256
1060 6263 13408 12285
4862 6837 10414 18683
4598 7089 49023 2380
4397 9657 80317 16522
5131 4404 92278 9339
4951 9394 32167 13973
309 886 46446 9192
1131 139 4981 1604
99 2673 6817 10214
9057 2429 10120 15469
9109 9078 41289 3707
9850 8109 4466 16715
9036 2896 27964 19255
9377 8231 98267 5518
6915 5688 2827 9237
5024 2085 89125 15980
8058 7128 42998 14272
8086 6390 59053 12136
775 2928 15068 13263
1704 1278 92706 6602
893 6374 10878 18304
8141 5161 58608 4922
2621 3838 73907 4716
3032 2913 79150 2835
7244 5325 67297 19758
2202 8843 9725 2714
7716 2936 63159 14937
8458 6377 54689 17920
1425 9797 48377 9952
4829 7558 93838 3998
4601 9287 57189 5131
3097 6319 3088 2856
1240 711 43693 12021
5638 2129 65420 15109
8777 5425 86891 3026
4029 7661 5995 19312
5901 300 70508 14786
8608 7463 9787 9262
245 676 88443 8678
4695 4624 26943 19338
9172 3618 49387 3326
7348 9436 95291 2432
5589 7593 46801 9494
8926 4556 48022 15849
8570 7083 55209 9575
1543 3272 80311 3127
9356 4849 15172 5060
1420 7382 58622 10785
1121 4180 53971 4155
8780 4969 83440 8355
3670 6850 78559 17777
8657 3985 36460 7024
3060 4403 23303 6485
8566 4110 45689 13988
8707 9468 77962 1809
6802 18 51933 12205
5667 4952 72477 7985
1326 3069 32442 11624
8440 7715 92163 18165
6366 980 64917 644
3742 4309 73460 4260
5153 7281 45017 10061
4260 5727 12704 14989
9977 861 29555 17435
3083 997 99322 3929
3280 7302 78212 2296
8218 4296 47904 18000
3187 3881 85663 16427
9759 2445 56026 5059
734 9400 76450 3593
9632 2042 98032 12263
6928 7060 15202 16371
6113 9714 36648 11326
690 1070 24708 12272
1894 2050 3331 10211
2220 3919 72343 11999
9070 9439 29027 6919
1247 1873 54174 5783
8994 8297 16876 9178
946 8735 67412 11884
6067 8272 83814 19768
816 5897 77732 2817
4921 3749 90939 823
8106 8597 15086 3914
9007 3953 16939 2400
1421 5755 70388 8820
2307 7765 95612 18537
866 2196 60991 7558
8013 4029 74360 10995
2484 9776 59986 2591
1436 9042 70318 4899
2274 9340 7486 1883
951 5912 100000 3896
3736 5090 46911 10776
8353 278 72760 10786
7930 3943 75844 13548
8901 8015 52083 2615
2764 2607 79739 14785
1264 8941 90989 4727
1448 3819 62240 14129
1919 8458 16173 13560
9858 765 22981 4183
8325 8860 42340 463
7669 2322 57541 9704
4705 8607 843 13141
2789 7807 69220 5042
7920 3729 53555 6758
5488 4681 4077 7871
4431 1977 57393 16117
3283 8048 12271 14383
1765 5923 25262 307
9739 8329 44006 3992
6628 5147 1633 3407
9618 8858 39402 9055
3357 8834 29592 601
4167 7539 90291 1727
2212 1939 23096 16749
8991 141 62097 12009
5324 8038 62030 15792
178 5884 91834 5872
4622 1065 8228 10271
4349 9032 41352 15649
5944 3175 67363 724
8977 489 85000 1193
7254 2564 97913 14878
8520 4451 31884 519
3259 7554 75303 13727
7216 1564 99514 4683
5155 509 62383 13680
1924 5924 27189 14670
7133 5446 52461 15013
6890 3875 23509 7448
6546 1423 20471 204
2215 1088 4847 5812
6088 9176 87496 10884
540 7650 58467 11589
872 3687 66958 11625
5613 2660 28862 9054
1393 6124 53000 11110
2343 5969 85691 1823
3074 3716 49839 14796
6612 6546 25537 2190
666 5244 33050 5312
207 9859 24389 15994
5641 474 63662 19381
6490 2705 63775 2253
674 5408 85129 9908
9573 8378 56931 9354
4232 3965 46392 7573
7708 529 1014 18839
3169 5927 60272 4989
1176 430 89882 19613
8784 7718 69512 4567
4786 8456 89087 13121
7924 5435 33913 662
5964 7807 65300 10370
226 3547 25357 13730
6562 8820 35107 15171
493 9485 6810 15263
8897 6091 41686 616
1947 6722 9682 15939
189 3204 26503 6845
4741 1007 36593 18541
9434 7135 58049 5757
8023 9262 21930 3504
1013 9825 78366 11334
7633 7200 48858 6982
3100 9232 30861 8700
7091 3482 2890 6796
4414 6822 41273 9331
3333 443 53926 1281
7177 2654 24978 1303
8442 4656 88879 18780
3698 9028 29736 4840
217 1425 26197 7896
6630 4898 75122 967
7899 8807 64895 11091
9184 3954 47450 3467
5862 9885 54026 5003
1861 9235 55413 1291
6800 8594 45173 2695
9903 118 96214 13670
7847 4557 34799 10929
9245 9667 99832 10082
4141 5816 18280 17585
4144 879 9721 6761
7649 6682 66920 4624
732 5612 45952 1177
2958 237 34603 12446
2631 8077 44283 5502
7462 6495 54559 12564
7449 9898 44444 12603
3477 5423 77210 8392
2889 6648 72700 11947
5939 9221 1968 4533
4816 1069 51109 11356
7736 1524 16949 12476
6165 1938 10158 11142
5740 6576 89616 12054
5457 2563 40929 8454
5492 166 65802 9385
7658 6100 39538 10743
789 3973 81557 13386
7527 1150 64342 10806
757 6193 21828 17656
8254 4559 52116 6472
8876 2501 63099 10607
350 9936 6235 3423
3883 7329 12191 2835
6171 6463 3893 18118
8697 6761 56649 19573
2238 4797 9614 7154
1036 5397 26010 4478
1948 2520 43752 10216
3881 3371 59827 18934
3586 5388 61443 3678
8225 8357 87659 11980
7006 6413 26234 673
2606 2898 85408 9888
9531 8847 89865 14910
9126 7917 85240 280
979 5736 45040 616
800 7621 93732 11408
2733 1879 72670 3617
7833 4103 92707 3432
9571 6703 56804 1351
2052 195 89847 3591
3581 850 86676 6969
9533 170 38502 9586
3272 3972 31633 6738
5343 1655 83711 17555
8164 4684 95875 10294
8994 2688 5801 2685
4933 5782 80226 18924
943 3164 56571 5141
4283 5209 97079 19732
2195 3703 43949 15659
8161 4215 82919 5032
7529 305 83969 14462
7544 2605 3120 13441
7366 1192 65680 272
3024 2822 89758 15759
5129 6671 1519 7717
4996 9234 81278 5030
5179 8854 91452 12472
4868 8243 2237 4752
669 3208 2066 12722
259 3661 32136 15208
2851 8086 99380 8739
7482 2275 64993 5810
1978 9480 21829 2743
449 5616 60811 14456
7037 5638 1325 497
2709 9651 12123 2781
4088 2292 18277 12305
5120 6423 39973 5137
6180 2891 14971 5130
8631 4109 14549 1461
7909 8370 89142 17245
7610 6644 20511 19621
832 1446 30066 456
9813 5409 90946 3450
4285 6820 36143 7688
5185 7086 53298 8170
9532 9853 12518 14796
8554 8828 1642 5918
9953 2607 29613 19604
7478 4263 85650 14836
5256 3579 52003 18721
8862 1785 68162 17188
9958 3254 61794 9374
7151 3183 32056 7996
1723 6250 13545 16843
3978 1905 37430 18153
7332 5170 63354 11108
8239 860 36807 3743
9665 3272 56093 7645
8256 7325 83586 1234
8208 8052 46813 688
7885 1628 49497 19369
2457 4110 35916 18647
8236 8 21357 14300
7029 7681 65718 2173
8136 8985 59798 243
4492 7151 76505 10334
8474 6542 98576 18497
2272 8670 41289 10858
573 5965 69572 12429
2100 6013 73619 7493
6346 1893 68501 11423
1676 7041 34197 7416
2750 3318 59843 17944
4120 3819 79171 8561
625 3764 94536 2551
1148 1357 63513 2238
1310 6790 86720 1743
4916 578 27804 3974
21 8079 92976 19458
6835 4843 86476 16446
8078 7138 59424 14582
2582 5021 59439 10712
3039 7568 82094 16035
4417 1859 42475 13967
2116 1708 21910 211
9851 7593 16318 622
4284 4493 57670 2955
9158 4897 99648 3742
8712 2119 42808 10084
4517 9057 58841 1460
2489 8190 7586 6972
8405 8330 25620 9844
9864 3723 23309 6095
3068 7894 33136 16348
6596 7080 37411 312
6802 1725 34329 18947
8718 7988 11917 14655
5759 5365 77891 18332
1105 2247 39364 10438
1063 4200 86691 14238
6480 9197 99857 8625
378 761 396 17715
7410 8839 12934 2913
3667 8767 81388 14941
2806 9823 24234 18860
2269 8152 90372 14676
1730 7448 51665 6922
8989 5696 42405 1437
2266 2616 85162 75
2050 4122 65301 5888
5446 6327 94981 18897
1636 5132 20022 12149
6726 8858 32275 4026
4630 3621 86989 2180
6311 1020 54915 6433
3911 2094 99331 17288
6085 6382 6493 11301
1013 1709 22779 2214
8086 8774 59032 5823
9069 5716 99247 17243
4201 1588 14904 16451
4349 1906 11134 4415
1944 3612 41703 7470
8285 8386 51395 14709
6026 648 49084 18291
8076 3430 5311 4244
1273 591 54352 14233
5715 2203 68457 17823
9341 139 90401 1147
9908 8654 63485 6968
8939 637 28184 12381
8540 7792 51617 16854
2417 4841 41140 3500
7233 2372 84302 15606
9161 7697 68290 13304
2531 2469 70646 16675
1695 8554 11387 6531
2043 3374 16529 11460
9748 2799 40488 19878
7403 648 85825 7414
631 2820 64957 13929
3723 9463 71404 6470
9258 3825 42506 1285
5548 7549 77739 5608
9389 4006 24190 7482
7806 2267 96191 923
6037 9570 14606 5725
3826 5473 60790 15865
1955 537 25277 7381
3780 2087 83543 16799
300 4581 19885 2255
5102 4883 4279 15793
1272 8420 53844 4470
5937 2908 3870 8222
5230 3325 73581 9749
1329 6269 65006 19940
5703 5090 7202 593
7497 4272 9308 12397
2343 2643 15058 6888
5198 1131 63430 17402
1573 8997 44901 7422
8028 2884 81133 4132
7303 1111 93952 16837
5277 4796 10163 9597
6587 7368 45179 4244
5652 6936 74213 19010
9180 296 48532 1584
6949 6201 65152 15593
2454 2135 24649 10759
123 3822 61177 6915
4957 4378 19621 5424
7564 5232 94292 4691
838 9520 48464 19497
6501 654 21931 16766
6532 7970 68945 13365
3027 6816 34889 19797
2314 7335 34978 3193
292 6070 16197 7577
917 9165 18319 15707
4249 525 96644 4254
9210 3656 32234 6748
40 1920 55575 542
753 4891 4591 2722
2359 2300 4592 226
1861 4201 18737 14394
4684 7313 73756 3729
2064 3452 87933 6718
4635 2175 75394 11214
2969 7376 24174 16015
8772 5871 26753 14098
4426 1650 41820 11989
19 7582 61929 896
7590 7683 19774 2726
672 1161 41739 6788
6386 9524 86798 16683
9067 1685 93104 3994
9208 3198 52256 11889
3601 4199 76288 17482
4587 3297 88139 14830
637 8640 91020 12210
8600 7083 44221 16536
5121 4812 90757 10983
8981 8302 16687 11003
4371 6213 87790 11930
3064 3785 76823 9134
85 7120 68028 7366
8007 4454 3952 14864
7206 9610 19942 14256
4603 5861 46393 14422
2907 4874 16242 16336
558 9839 88412 17248
4389 5705 53904 15665
9356 6561 16754 19999
5975 8349 5911 8564
8196 7635 28966 6402
4907 3489 27405 7396
5652 382 87524 2627
3899 6365 30678 5994
1356 5176 16059 10633
2458 4827 35711 7105
2931 5750 68605 5197
8969 9285 36187 11607
1024 2605 85370 2894
8391 9089 11851 19430
8231 1313 77226 11722
9732 9199 18831 18972
7877 9282 22072 7064
5076 644 7027 16245
3769 6918 90743 19353
3044 9635 83912 13036
4571 8014 29679 6571
5636 5358 41076 10671
7417 8471 55016 5922
2929 7032 14935 19425
9663 2123 83784 2518
3661 588 33463 6157
6097 8496 59664 8650
685 823 66291 15353
8422 8051 78251 14023
1191 92 34734 18294
879 5129 48246 16810
4972 6738 22409 9496
5279 5948 89547 262
5411 4209 52410 7643
7007 7506 20560 17861
6268 8610 79746 13259
2504 3133 30902 2935
3886 317 47597 15708
876 6456 74494 14787
3110 628 74311 2195
6074 9989 11289 13119
3022 1989 25190 6717
6957 5465 50248 979
7944 6399 72554 17495
4209 1796 48197 7479
5781 4445 600 17085
397 9104 38209 19550
1260 2586 4717 776
8937 335 29993 3136
7812 6941 68103 538
5414 6449 69333 15638
12 9552 75916 11875
5711 6977 37533 17742
53 4268 38186 2826
8093 8472 64309 9517
7155 3356 66454 15367
341 8260 54543 16418
1954 7730 54217 4218
4290 1027 64678 2589
1319 7918 72990 5378
6525 6471 40389 8793
2918 3735 24568 1670
4210 9506 95074 570
5948 1443 5807 8087
7291 4505 90274 5958
5176 2601 3376 5421
8674 8143 78344 10009
2922 3750 46464 13345
9838 8059 34730 15504
8670 5527 22818 9325
5846 2185 22798 13387
4738 5814 90378 13847
727 7557 81248 5125
8649 9276 60584 2054
6750 4564 54189 15327
6146 8105 92805 19840
1101 6003 20852 17062
6243 2417 74433 19286
2364 6637 54070 6030
8009 6632 2428 10220
7148 4852 27579 2776
4344 9855 51505 17380
7789 6561 91493 10976
7126 9461 18285 18059
4778 92 21132 7455
680 3042 93789 19769
4186 6648 23942 4739
9880 7279 21876 4602
6757 8087 19769 5522
9353 5258 95971 3033
5400 8580 29888 14430
7806 5557 86853 4868
5324 6618 3788 1476
1148 5001 68102 9606
4080 5637 64050 91
3989 6752 258 17652
4824 7510 55796 890
2453 5197 72925 7536
8763 9490 65141 19218
8458 286 68285 2793
219 2289 95140 18593
1065 3571 56193 4318
4848 9103 66607 2253
4498 1159 18009 1888
4560 521 43152 8023
8881 5671 69225 8326
5804 436 75322 19149
5793 9028 62270 4585
9818 3889 62673 3630
4420 1983 8819 7138
8598 1207 35787 10632
5314 4551 66901 15727
3667 1147 64168 17041
918 8809 53013 19709
6186 4027 67128 3800
7561 8063 98017 12081
1561 177 3867 18240
1974 337 50403 7909
1144 8614 73948 6428
2799 3192 96471 15036
5107 2795 98894 14012
9634 6116 80464 9302
2346 1386 81258 16139
6929 6858 5632 2684
8417 3173 3137 10195
782 2923 27984 7178
2597 6901 6112 17750
6826 4584 75980 13286
4425 2542 7593 4470
7124 4746 18759 3603
7699 9479 64670 18690
1837 7573 12380 15844
6740 8734 11295 11926
11 7906 83255 4936
9431 3467 19772 926
8522 1413 67548 19072
1829 3836 84009 8675
6761 9884 10828 5060
1467 6424 13824 19308
8740 8478 97368 2272
2095 3888 52881 5160
62 5442 28487 18547
6958 615 40625 2749
4874 4097 10131 14115
8870 6370 69536 17020
2236 9044 50387 14131
1485 5749 20007 18408
5081 612 51765 1764
1616 5132 34858 18850
2443 5646 72736 12547
9952 3127 13925 13211
3496 9263 52535 18667
9772 6571 14674 18254
8471 9454 13342 14560
7446 340 78099 3819
9181 7791 63618 13136
717 4780 48968 19975
2779 4478 55912 18678
5948 6733 46258 3100
1684 1744 82309 17904
2224 572 5107 11528
3013 8892 12763 2127
8517 5 26262 3248
3690 132 52213 18569
1496 6648 29162 19884
616 2213 15408 4378
3280 7120 43553 9289
1783 1510 4076 6609
2031 1010 59423 13761
449 2449 94127 14384
8723 3073 87589 14158
2718 9600 20997 13542
5074 8933 51256 15548
197 5329 35060 8699
1189 5024 50570 19185
733 6441 22972 2469
6136 1520 90977 10381
5141 485 32062 12371
3849 2499 9597 14022
3436 5276 47758 15711
6214 2899 23745 1940
5442 2643 18529 12415
3922 2430 58834 15141
3309 607 97 18482
5331 5962 72458 8511
9388 5661 87142 17795
1254 4232 28347 7592
364 6139 70199 14404
2064 2771 97138 8421
9917 8858 20741 12318
6874 7708 41989 7820
9359 3174 38470 17962
3654 3053 62380 586
260 4757 30335 2865
9706 6370 1552 5309
1067 4159 74525 1486
7890 4027 29334 16868
1034 4448 57186 17642
6706 8923 90077 5967
5193 5632 8837 18695
6500 1511 19491 16776
2727 6385 35969 14475
6993 276 74486 18478
4854 8014 12532 13815
6070 3156 72621 16954
5304 2076 39370 19543
2623 1978 71302 14179
1669 7451 50272 6014
9668 4485 5687 11850
4054 2660 30519 14199
8228 4245 30721 19531
799 2403 59236 5258
912 2754 42047 13953
5215 9854 90306 18316
9694 123 43621 12505
614 253 13198 19129
5351 9955 63937 15274
7817 281 98895 13338
8856 6985 5348 11853
754 8299 8157 16631
6523 6818 23492 10242
801 257 38351 11946
6413 4198 10721 1247
4914 843 30506 13206
9308 3934 70036 10062
7894 8285 8010 715
3091 7862 25870 5449
6707 534 66260 10325
9470 9426 16351 16818
1655 3068 79314 15059
5107 5322 76913 9588
9652 7530 29770 6492
2116 8224 45572 6598
5656 282 26027 2394
433 4164 28226 1357
2633 7684 26987 6212
5953 810 40501 13243
6022 8459 58933 522
4284 2825 67736 16015
9644 5909 21849 3503
1499 6180 61492 19163
8031 252 52591 11385
1267 478 69554 3789
2904 9695 1270 16806
5271 664 24761 9849
5100 5914 28402 4060
9730 7852 7558 3090
7230 7047 91028 17357
9462 7402 5416 2731
8251 4169 79332 6420
495 9375 33797 6699
4855 722 98469 15864
5315 2294 232 18151
8455 9247 57341 10779
5496 3676 57665 5399
7404 5133 37777 6826
9545 5222 49832 15109
6850 8335 50139 15595
7571 1320 90206 8613
4054 9186 94283 19557
117 5758 95411 5104
9682 2075 28170 8664
9850 3758 85152 9340
4634 5776 10349 10738
3479 1319 85812 8172
8240 2692 15764 1989
9067 1575 40599 2639
62 2544 20186 10661
2024 3628 62642 3445
1939 5426 32179 7301
9335 9570 62237 931
9646 5595 2903 12599
168 4267 29215 18588
6563 2713 37521 4844
1476 6523 61130 14378
6639 6694 92265 12135
4809 5242 22577 942
8344 2125 80833 12183
8398 19 86416 19463
5620 2952 22962 5767
1068 5847 94906 8800
3014 906 75800 14362
8097 8033 81066 13084
4561 4542 57162 16434
5832 4540 18926 14920
8803 5688 7474 16977
9558 367 88495 4015
5392 7653 53123 7673
1635 8147 6775 1398
6187 4293 40616 11057
6919 1879 92207 12254
9247 4884 65662 11477
5127 9515 56922 19518
7737 8898 20841 18405
8340 7260 62697 5316
4467 5073 41038 19860
2787 3745 10020 16522
7299 5657 36739 10871
7025 8828 97135 4557
914 7945 29951 5064
416 4479 78609 3535
2581 4351 69841 14428
735 6614 72776 503
7697 1582 30985 15683
5501 6882 73238 15666
5544 3188 33886 7944
6887 6667 83266 5423
5908 8048 59322 13030
4895 5694 30294 16932
6516 8442 47772 15861
2573 504 95267 3341
4886 6429 14466 10708
6830 5158 8768 16462
6599 8573 41979 16495
9424 9081 44905 9472
9443 5162 98535 15841
7155 4537 81609 7277
1875 4680 57054 16081
6707 3443 37397 19124
4205 1484 48991 12576
3563 7553 95415 14518
5577 4793 92511 8154
2891 7212 57142 12536
4625 6978 13733 2925
9148 8642 1625 8141
3392 8381 96890 10374
9578 1659 23785 9217
6005 3302 99675 11338
9990 7495 24835 4206
7777 6510 34896 6246
9127 2829 32582 3415
3847 4383 37372 14289
867 6929 6319 16543
9855 5208 75843 13700
2950 3041 93523 9408
2984 4295 47386 3881
1382 2541 9586 9662
9556 5012 3136 18960
6922 3461 18948 2956
8456 676 83815 3207
8100 3799 69758 2077
2003 8490 11204 9179
6697 8947 10942 16280
7063 7459 75728 16626
2075 2600 87018 4876
8887 9951 17690 9488
9445 154 79372 3852
8399 4847 14508 6927
7834 1337 17195 17688
1103 8300 22172 7915
2188 7430 80298 5004
4366 410 19426 9477
1510 4053 37946 10260
467 898 72629 13222
2414 2375 95084 11008
2524 7647 27529 15191
4415 3573 50549 17036
6801 7090 32321 1710
5843 7067 80570 19900
1018 544 34948 19512
5588 7860 53252 4075
9540 477 70336 3438
1374 533 29685 19105
7350 2599 15978 8305
5626 3454 7691 15387
6937 9129 49230 16630
7312 1211 19181 9330
462 3 17932 7412
5434 2421 5913 6135
9822 2028 58357 2161
8076 4038 14789 9891
6141 7080 67267 10860
1054 6697 38325 14743
8909 2189 32421 15180
1120 3626 74291 3
4157 5719 34525 6378
2513 2532 96137 18415
8132 6917 3626 17885
9991 2797 21548 1861
2987 8863 80700 7791
8103 279 56956 10852
6196 5107 54700 14517
3659 3232 27483 5775
8893 5650 38757 8700
5089 303 52749 11254
391 576 69551 5862
5735 7502 47268 10778
6627 1384 5233 12467
7533 7069 61705 10230
1966 8191 82767 14514
8876 9935 6412 14938
8157 6845 14997 189
7601 882 55281 19687
5807 3243 12801 11483
4858 9835 38933 6106
9497 9912 22249 18095
2492 2860 55515 8997
512 5125 75614 14521
697 7206 99561 101
9367 8980 1437 15836
2219 6245 23944 11859
1865 4276 44908 10298
4262 1334 75778 13949
1631 4636 63497 4922
9473 8765 62588 8068
9403 9441 10173 8210
4790 467 53994 15065
9213 7116 28096 13497
4277 7290 39780 12778
6351 8329 90777 6377
6249 2938 91425 14004
4527 4418 41243 2152
6236 1458 1103 14789
9397 2742 37213 15353
5156 6950 65543 17684
3764 7436 4403 16652
4527 3049 68146 5397
7224 6062 28716 10275
3384 9447 18088 18031
3122 3062 13588 8618
2175 8084 92819 396
5768 1416 87496 87
5696 6337 59896 17067
4323 8131 52978 6087
544 5075 43617 9708
7568 5015 21864 7764
2339 7528 14106 12263
4341 9512 53528 9003
4188 9248 41076 1304
402 851 76579 6011
2855 2267 50403 2741
9624 1638 36946 8053
8385 9095 89595 2075
1590 8725 98746 14540
6942 5137 16774 12675
5980 776 33687 1509
3719 3254 48670 19308
5958 6785 97725 13536
7030 5442 13618 7869
3250 1254 41235 17834
3637 7823 54088 6606
4661 7717 40216 8572
9633 9606 72043 18617
6238 2353 82764 6473
8634 1234 92109 734
4375 8674 90034 2137
8304 2290 93693 15400
9694 6764 71702 16553
8019 8492 75895 2162
9693 8469 92158 18743
2160 9054 96192 15806
2680 9307 71423 6068
11 3968 96123 13486
5932 1146 46195 2861
3078 3031 30814 11895
7596 502 77824 187
626 5809 89038 15943
674 2056 38852 5328
8810 5340 78868 160
5377 9648 10161 18004
680 2066 78370 13233
5000 1816 13550 7314
4421 1577 7361 19014
788 6282 87788 7651
4160 1847 3052 4022
9687 5540 92096 10674
820 9941 14993 3100
7119 9542 3977 19011
2933 2042 224 19844
6715 242 31822 450
8128 7557 28470 13693
525 2019 4282 5832
1729 789 96243 7469
7030 1255 97158 441
7605 2987 85613 16640
6855 9397 92983 4519
2822 5593 69862 482
3207 3992 68234 2575
6383 5974 32331 12811
505 6605 52646 678
7957 702 39837 2274
7302 8321 2222 17998
7049 7024 70182 4553
7243 4719 26492 10053
3006 2280 99906 11966
3050 3590 28002 7876
5636 6874 43001 10581
7592 137 21230 18901
7255 4453 14059 14159
4618 4914 1668 5432
921 3748 96209 8369
8060 7074 57507 5284
3120 6987 11104 2561
623 2462 20796 15181
6904 9802 60370 11459
1590 4434 25724 15538
5527 5650 4033 8265
8516 7610 46888 15692
2646 1843 66322 18485
8355 8392 33282 16990
297 1202 1936 15688
6826 2270 53965 14182
9708 9388 85470 16043
6398 5263 60914 303
7907 3167 88705 16181
6594 6399 23103 9806
1548 6641 14495 5376
5813 1392 42944 15820
827 9506 14959 18107
2482 8365 40246 16249
6311 9851 41586 19596
2229 2818 74126 4852
6305 3957 41887 16909
3544 2390 4319 17395
352 2290 74889 6824
8732 7188 43979 1386
8335 6260 48129 3338
3771 2069 21323 11610
7658 9571 68080 11389
2688 1507 31408 19770
4427 5713 10221 3868
9049 5696 90213 18111
6196 4118 12652 13758
7333 416 44024 1927
8383 7396 87774 2280
8792 7267 98973 6598
7484 777 67434 16775
2866 2155 69118 4114
2104 5671 57566 15189
1349 9072 52145 4721
6199 3613 35927 1622
2707 8099 6486 19585
9032 5865 61596 4750
2627 2134 24722 16955
6044 4945 94921 5985
2181 8347 76401 11444
1996 5893 97853 2321
8425 1920 46785 96
7982 4167 32320 17054
8130 6543 15053 4507
5186 9728 51099 7684
8636 4328 26866 17415
9433 4142 87829 13454
3690 2577 52948 599
5492 3787 85635 10455
9580 9854 37483 9123
5048 3372 6384 17958
4953 3663 82166 142
7817 3831 73402 11478
5133 6147 22735 16018
1224 4752 59523 15360
9379 3143 18544 14794
433 653 62423 948
4673 7637 176 14064
4108 5870 90945 16050
9288 1265 56217 6771
2529 9510 40902 1590
402 6578 41218 11159
9362 8270 65671 19198
398 2768 88865 2775
1655 7734 96698 7072
8647 3936 44646 7816
1902 2936 36945 6833
2234 9258 18260 10663
4936 7454 9030 19056
2506 2617 20352 768
8532 3721 43919 6979
8830 3623 10402 14414
6575 6449 75307 17419
9722 6925 68862 18576
2422 8164 37251 10528
5097 9801 84834 8865
6572 9138 32428 18184
3995 1380 94568 4594
9005 7511 37512 3042
2488 5361 99895 5136
9317 4066 3009 9784
9025 1159 38815 10815
8513 4315 19103 9733
6446 9920 23050 14651
6411 8228 15814 2353
125 1294 51496 10999
1594 3068 12446 1459
192 3228 56096 16069
6526 9584 394 4300
5354 172 93565 7451
8377 1574 87537 15627
6797 9817 24507 9610
1843 4005 42281 18922
2845 6877 20826 16831
9390 4491 22085 2451
3640 4501 97911 1754
3994 5344 31863 17634
6513 1599 83009 19604
6800 8104 93156 1402
8876 2134 63993 7035
24 9063 75963 16264
8369 8773 11647 502
7292 9830 86658 15673
4964 1243 99505 8824
6560 9540 70140 2550
2425 1091 79296 1099
3826 2893 87203 5572
8169 1101 6226 3445
4096 5148 58405 13534
5472 3166 76790 4568
3609 872 22526 4606
1375 579 21282 4300
7831 6687 51334 16249
6562 8026 3161 8630
2403 8081 34931 15944
4481 1101 57837 12150
9573 6479 45057 4591
2799 3556 13018 2514
6350 3737 70275 4099
8597 3144 50344 12685
1746 5229 33012 15173
240 8955 12920 9306
4958 8618 64359 12914
8684 9174 97526 14643
6339 8089 5437 8124
8427 2100 63556 5106
1990 7952 46267 3838
6261 8341 44204 13586
4776 4002 46308 8613
7261 1586 79612 16734
6657 5602 21033 2721
2363 1010 30204 8178
734 1006 8394 4394
1650 3853 46043 19282
3964 2423 3345 13482
4492 9524 45154 15184
9372 5597 58106 2613
8358 9170 69002 736
2519 2753 31954 9896
9524 4164 12322 7092
4065 9613 3100 5329
4235 3469 86801 298
2766 3516 63296 18513
4489 5572 9482 10206
5977 4926 51946 4102
4220 725 882 14303
3567 7132 84486 11807
6620 2454 95077 10864
3182 9047 27030 3884
3799 8373 30649 10953
3765 2269 80342 19057
9259 8168 66254 2163
3435 3901 35011 614
9012 282 40831 10569
2701 4149 36718 17877
2201 4061 89252 17564
7649 8084 81562 2452
1674 3515 20295 16033
3476 2693 94390 18084
6627 6143 34216 11563
2341 6873 89438 684
521 4079 80890 1611
8113 174 23379 13490
5888 1611 14398 10874
2044 6521 39213 10559
9244 8667 81850 10345
6399 5031 46088 19216
5248 9112 3083 18201
2963 368 551 17570
3758 7726 2816 15662
7596 2118 6027 13038
392 8483 34896 5256
9998 5322 37341 11914
773 4098 31841 1966
4027 4876 38967 16036
8257 4575 74773 1243
8099 1674 35979 11047
6185 4665 43641 6875
7327 1333 83610 14288
4387 2902 32706 19397
7934 5045 6300 15025
8306 4739 34782 18277
7441 6821 51140 6102
5932 9614 56831 6244
1993 5878 96771 15638
4101 9001 26612 1872
6282 4623 5088 12137
4997 2493 52682 14992
6586 8750 4767 6478
374 24 91093 10168
4507 9495 61184 8026
7395 5658 57360 12449
2562 1368 46825 1008
340 5707 19652 14465
7829 1224 27154 9469
8122 9259 14565 1746
4457 4051 10543 11242
1172 5750 64088 17565
8072 9312 29081 13378
6359 8310 19894 13771
3221 4850 54390 16367
3284 856 26544 17558
5585 475 82869 19178
4549 8568 85222 10558
9102 7740 70981 89
2588 2974 75938 17115
2668 7296 11595 4108
3585 9377 39241 1736
4441 3662 96124 60
9640 7357 22930 18044
7014 2042 20219 1399
4043 7080 77494 9048
3384 5176 25042 5967
2815 737 69275 12690
3942 9338 29038 2267
2466 9873 20487 1540
6988 6804 35788 13977
5128 5936 80235 10976
6999 9328 76976 12247
4140 5834 63204 12367
1111 7102 73542 5414
2180 2550 56604 19851
2871 748 13185 4728
2181 9050 97423 5343
3296 4407 75349 7910
924 3195 37935 16184
5953 7976 37848 4004
4735 8431 24146 14876
1712 1002 92219 9964
479 3913 37782 567
6926 7182 48651 11819
1474 1915 87251 6433
8932 4924 52257 11743
4505 3456 14252 11250
7935 9790 92170 15584
2299 9208 49199 4700
1560 7823 88048 1170
7792 9980 88013 9329
2505 6085 25174 2104
7503 3685 37861 6984
2334 7240 2507 12212
3427 7814 48020 5413
2614 7314 69812 12640
4454 9328 752 11208
5952 1650 95334 15489
64 989 60040 6689
7373 7244 41982 13343
8318 5746 34254 12179
918 928 54389 12250
6364 9851 77330 18382
5316 954 85709 2422
2886 3849 58968 19400
7102 4229 97885 6597
1439 1509 95059 972
8877 966 17767 12716
3516 6586 42812 3225
4534 3819 89318 4390
3579 9328 6150 2675
744 2174 25955 3759
2352 8302 85891 15510
658 9768 32542 8260
5831 3328 5567 10122
8043 8135 17992 15186
2453 8705 5303 5420
6697 7505 49916 11605
7719 9360 39469 6974
1137 5828 16834 17823
8796 8706 568 7796
5172 5480 22347 10158
8033 1676 34703 13623
2501 5045 73608 19375
4989 9526 35014 16199
5184 5418 68023 16241
3815 9383 47011 18393
56 2712 88332 4327
6969 777 29792 12287
3383 8592 21135 8344
6436 8826 2093 14894
7565 3730 11944 4405
3100 5925 77382 1339
6929 5307 29673 19573
424 2230 35241 284
1411 6409 63231 4848
1619 1195 57263 17044
6634 7993 46884 5404
7609 9693 3173 7108
3332 4760 50973 8150
3833 3613 21430 13183
3555 8974 34563 18697
3759 593 46828 3055
7964 7444 2615 8125
7925 9686 96381 18445
6012 2153 3174 9991
9187 8752 84607 1224
3931 7712 12515 823
7112 610 96585 19822
4888 6503 70315 13022
7446 4461 22237 13277
9312 4672 59647 8270
8396 6633 53785 1953
9976 1266 34214 3920
4628 8261 70949 19516
9621 2450 2390 2585
4872 5670 46865 14734
3789 1504 59867 9631
3782 6704 48127 12222
2180 3282 41803 12619
1031 4784 50002 5503
4950 8218 66393 3373
7046 9156 17298 12073
4021 8542 59554 19618
9794 1396 13821 8033
8578 9376 84343 15711
5461 9077 13368 12545
9797 2233 59924 9008
6235 5205 41359 8405
455 8744 14087 11589
7969 4425 45499 10349
6494 7123 90465 17873
2794 8109 10140 16446
3943 2089 3871 7234
5299 2152 48809 7764
7106 8327 17201 558
6729 1201 1430 18515
9570 8207 8034 13895
5737 9310 52802 6816
1119 6677 34910 14533
2882 8198 84040 10295
3917 5942 67068 8620
2950 8331 88110 19174
3892 2213 7250 3078
9381 8614 79520 15555
5687 9792 10059 6078
9981 2251 17511 7785
8233 6209 20626 9894
415 8300 93182 16008
4242 6765 39972 19097
1188 1013 57924 18085
5745 8650 28218 13242
3018 9157 55311 151
2090 7693 41334 16183
4928 9980 19296 2134
7334 8862 43814 9168
3514 1639 13131 10092
3381 4673 39695 11848
5815 6523 53549 14857
5310 7873 19799 17272
5537 2418 11698 15641
4931 4037 80673 13340
8833 3940 4658 3439
2232 918 4316 10731
399 1860 12315 7737
2004 7479 47734 2422
9061 4787 39364 15323
1123 9807 13779 192
6817 166 66831 11990
5640 2937 16878 18700
817 9605 78814 4690
8900 3963 57046 18913
8948 4154 79963 17339
2290 7313 34803 16383
3423 7245 12948 4954
2390 8508 70169 6064
7485 2525 83647 1519
163 5401 68035 9584
8355 3188 61109 17512
5736 497 88065 4943
6652 7739 39810 12902
1814 9444 7410 318
6729 1276 29213 5666
2646 4315 70497 6345
6970 1194 38719 9640
1398 8351 88789 2950
6204 3348 37680 12352
5203 9594 97162 1853
2832 7409 97074 930
5202 7301 5498 3323
846 867 69328 1278
8339 9339 24844 9997
2976 1684 91844 15382
4227 1320 41131 9920
6167 4719 3844 9920
668 3769 83818 17493
7235 1758 78895 6687
8658 5664 3480 10873
3490 394 53250 6451
5593 9535 8836 9539
3776 2073 61594 7767
4194 9925 99276 19658
8722 3830 26221 11190
9505 8805 17514 1801
2258 6763 48969 3134
5558 7061 70764 7160
7694 1344 90693 12699
8758 7329 49552 17495
8090 7854 72815 17185
4257 5533 20482 8749
2140 7317 77781 14720
5859 4421 77696 16971
1655 4750 89767 8118
3094 3003 13582 18779
4559 8978 64244 8529
1010 4033 37839 15120
6079 7434 9440 18406
887 8381 86938 1945
3457 8909 45447 5405
5842 893 17570 17105
9632 926 53632 15918
5578 7221 2865 13191
2843 7681 57134 13614
8665 1367 25380 2075
4516 6002 19549 3129
4051 5477 54634 17772
7310 9041 57331 18515
7581 3781 198 16344
6235 2433 28620 19453
6232 7236 44086 17338
9495 87 79190 2138
650 192 95237 1595
8643 4121 94997 10532
5342 8006 37873 12371
7078 3430 81005 10801
6265 5718 11041 13057
8339 4320 76235 7626
5877 5620 60309 13429
8426 9636 25198 16159
3502 7889 16526 14350
7270 5357 85004 1742
7294 4033 23236 9862
6770 576 51559 8438
3737 2289 37963 10366
8445 7374 93543 3409
5792 2218 6351 4669
5180 7897 93285 7287
2443 1888 67921 9497
3398 9334 31495 16668
5724 5264 84104 18845
6572 6995 72906 16398
6126 6399 90230 17443
1072 3518 84963 19300
4713 6115 64960 12882
1566 3592 84049 15179
5098 4340 10010 12631
7036 3570 9479 7090
1223 665 29313 12142
6504 6767 68298 12693
8612 5004 96537 19635
8440 1360 68603 12075
7668 3770 27250 7935
3358 6002 3969 6283
9500 4782 39779 5036
108 3748 96418 4211
3616 6797 28322 15127
3947 9977 86028 13547
4051 3739 49261 12950
7307 5228 40298 10550
6085 4853 28102 17777
9680 7825 95213 15603
9692 4847 47121 467
6640 6884 24974 12615
3297 9464 42379 392
48 7771 99708 18798
8995 6772 48400 11274
4234 5189 47347 15057
3984 6148 48258 3797
986 8503 16831 8107
6169 678 42347 13271
3992 241 93999 7053
217 883 21383 12411
6592 3503 13267 19116
9524 4153 56622 11748
5548 5574 95363 10341
1937 8466 5538 19134
2847 4322 19264 17637
7858 1516 14680 16907
2628 5769 46501 9680
7577 2339 17858 872
9725 9720 8260 6547
1337 4063 4443 13496
3218 6740 70847 3406
2888 6190 62719 18761
8400 4946 38729 8021
5421 6752 59103 17309
4927 329 34013 17594
9841 2148 11447 950
8461 6934 46050 18627
4804 4979 11459 13439
8162 8440 67582 2442
9392 4274 16302 11559
3399 855 34012 8085
3399 3985 66959 28
8645 1844 7508 4079
5409 3143 71949 1891
3675 9407 13545 17836
8388 4461 50616 5033
2131 6603 84831 6298
6347 8683 41753 3911
9464 6390 81387 15208
6199 5694 25899 13977
9520 8237 64291 5510
4026 8320 85783 12294
7064 6041 44358 15578
9917 2596 15516 2293
9236 3735 36934 1029
5392 7879 3220 4197
9992 724 50251 2507
8980 3908 48488 1379
4868 8724 2261 18980
6658 1625 92316 15713
8250 4591 48800 11373
1490 7101 49051 12915
5386 4845 7974 4192
9389 1552 94310 17254
442 3529 49901 16049
3611 8153 2429 13775
7298 8607 12176 15547
3563 2483 64473 1325
1535 754 41900 6891
248 9547 42908 19434
6421 7663 31860 2419
1582 2024 30500 2647
7588 9027 26944 5396
7565 7956 44946 17837
2855 8424 3480 14456
8437 1294 67503 1725
7535 5166 18809 9025
2253 5180 68193 15710
8366 1165 22148 6696
6284 7112 83449 18596
2022 6295 29502 7522
2027 4068 68079 17644
3530 6190 93894 14207
3130 3546 38552 8879
4277 9969 16220 2298
4179 1953 61321 15896
3430 7692 58934 9249
1402 1502 50945 16703
5112 4457 16855 11340
8843 8825 58962 8678
3498 8114 70855 6598
7873 7018 62617 17154
6092 1999 2210 10048
424 7156 58837 7282
1047 7847 49252 5845
817 1629 20571 2998
7999 23 59049 1860
1904 9409 24098 9526
3118 1355 7718 5705
9268 5406 43580 2557
7721 4426 86384 7945
8620 4173 30258 2710
5439 6254 61780 10221
3984 7785 21182 15701
5457 9078 51634 19138
3313 5689 6564 7693
6912 3522 43581 19900
3987 6418 931 16375
8629 8443 84921 15473
1385 2848 60795 6395
6145 8016 48388 7531
8355 4064 61115 15871
7367 8263 12114 8195
4284 9888 48875 14149
3557 3939 47861 17709
2846 993 42101 19664
6317 8723 25661 6717
392 4754 42210 19578
5508 1049 18435 19873
2374 9118 81125 11149
170 6893 15056 7147
6292 8389 23476 13559
8895 926 95865 3313
9084 8563 30980 15266
4211 7123 84336 9171
4518 9041 55077 6788
1984 9683 53064 2745
5539 5415 86219 13772
1277 3128 94564 9053
175 8150 18480 15161
2581 2065 13127 8434
4106 3393 42021 5420
4272 8324 73059 8807
3261 5039 54577 19690
4439 7161 72320 12428
6281 5958 96332 18213
6857 9688 29876 19520
3711 2016 80950 13171
144 906 37708 4294
4477 2622 53152 10974
8270 9874 27697 16775
6720 3082 46639 3693
8172 6142 61054 13804
1940 3139 41485 12989
3980 8170 22923 9284
437 5181 23643 10248
4792 2675 57454 14706
9652 7918 16545 655
5697 5521 2632 222
2441 2261 33476 3551
4531 5857 68789 7990
7086 8042 19769 11302
6597 2884 39449 23
8489 8022 89816 2286
9951 3636 85469 6005
4006 8318 1724 14937
4378 1568 21970 10818
1710 8384 66393 6888
4920 9671 91396 11703
8942 2219 53228 17931
2860 6186 91540 17925
3384 9379 42157 1684
379 4412 49863 12597
3094 3986 53536 3941
7625 7775 83634 1772
7947 8698 80065 5852
5690 7174 8503 2092
1899 2701 54991 16317
6237 6145 80717 15859
2609 6251 56263 13764
3959 1014 27397 7001
9713 270 8992 9262
7157 5313 15292 2799
3618 5205 93524 19488
9624 7933 25829 10919
5282 585 88875 6034
4664 7311 68884 8479
3315 6179 28432 2572
7441 712 48270 5591
8559 1082 23344 9610
3618 8360 67122 17207
784 9117 65909 15128
2743 4447 76441 5414
6642 4886 86518 16623
4955 1503 35712 3831
265 7295 71892 3029
6007 2208 46640 14339
5112 8077 46572 5545
9586 9141 70583 8486
6667 7106 12031 18830
8823 3909 45968 2835
5671 5639 5614 7652
1688 9236 4010 11340
7869 9426 85397 18390
1473 5773 43394 8057
248 4618 91200 14016
7606 5779 28895 5972
5526 8685 5662 5002
1862 5238 24317 11312
2802 4198 70572 10935
4571 283 37779 19807
1024 5664 86157 10663
4733 5456 92636 15570
1964 8983 39651 1719
5408 4127 32667 3569
6610 2099 87858 3440
3878 6226 2043 19128
1252 6156 70728 3700
4527 648 40817 9092
1021 5972 95534 15223
1349 9818 46359 10190
8112 2719 21504 15543
4299 1914 39077 7626
9344 8331 7111 4822
4906 1037 92024 242
5952 2752 86377 16680
8049 1534 69051 12495
7127 516 40239 12410
5549 728 71909 11515
9829 8035 15022 9406
9891 8377 68618 13309
9821 647 12776 19129
9864 5210 9413 18475
3430 1150 12412 11780
9964 7262 64419 14002
4270 6837 21549 14850
979 8090 75419 3294
604 3304 54586 8332
8159 480 2807 15782
1656 1412 89193 18423
9090 9530 17346 8275
3574 4368 51366 8798
7410 6075 26846 5152
7497 7444 44012 16963
5883 7581 75387 14161
7209 6159 72121 19182
6907 4742 83505 6125
5979 3218 29141 2321
2059 1109 84367 19439
9299 2382 90038 19938
2138 4213 41882 19538
2979 3407 65854 12146
8181 2732 81385 13912
7614 509 75931 12815
2331 4779 5959 3900
6039 9206 46203 5681
7969 4220 80907 10316
721 7487 70150 19140
696 1342 45121 12648
8046 6792 99500 11110
2994 276 86444 15006
9341 5191 80968 2313
6230 8769 94315 655
7328 5296 49845 12121
8406 7234 41925 12288
1990 2216 60669 7191
4430 4715 553 9927
6531 7114 31868 3020
771 3847 41908 6443
7312 9878 31544 4800
9625 108 22473 13569
4768 2077 46977 14327
9757 3137 1135 13606
481 4192 76562 3558
8082 649 86414 8421
794 1519 24867 256
5723 4940 11257 2756
8895 1015 73530 8482
4873 7085 94136 17432
6332 7713 45846 13730
1280 441 20508 10238
831 5158 79674 3693
6242 2592 43128 4590
868 1392 34609 15105
6532 6185 96212 16028
9125 5749 59593 6286
9782 1523 14379 17332
493 754 69261 15591
4830 9576 69312 12815
2967 2323 94821 17957
9928 3081 23444 1177
866 329 34664 13514
3657 7885 73652 4417
6140 8383 85194 19916
11 5851 10474 15808
6677 8139 16502 17417
3094 1656 88496 9118
2148 8091 51690 15651
7948 1388 53029 9412
669 3544 14852 10441
8447 4428 16378 1195
9478 424 82428 17854
6685 6440 69874 7925
1345 2905 57180 13412
1961 2688 18934 8039
4188 2811 1914 4891
7604 9390 21301 11004
5800 9379 35223 5389
8856 4157 49646 328
9325 8126 61444 18642
7646 927 21681 19337
7190 4834 86748 3375
2340 6039 12511 12122
1090 5314 92846 14219
6241 4857 77919 15468
2864 4462 43015 12937
4947 1762 13224 13602
9977 1790 90872 1470
8411 2296 80035 3897
122 2430 38654 17625
1829 2499 67896 8601
4698 2971 86183 14136
7898 5655 17646 15470
5601 7673 79602 8483
2867 8612 55482 12152
104 3513 82254 16665
7648 4620 90035 15571
8835 5517 42738 5863
7516 2445 87268 3267
6295 3533 27961 15207
5819 3862 54814 8640
1288 5072 17337 2810
2912 2510 83415 7
3290 8925 55237 10202
1590 2611 14225 8735
3463 5674 54703 1628
1244 1022 58382 8501
2402 9852 82201 13187
1513 6831 11414 8607
6426 1075 61390 9631
4441 2261 6271 17618
3899 9302 85933 15364
8551 7473 53452 8104
908 5427 8993 5332
9292 2138 38645 16982
7576 2757 75662 16533
9689 9740 9382 6134
6416 1728 84147 4489
1119 7608 2577 5417
747 4820 34247 1800
8502 1498 29404 7163
3508 8981 17334 11195
4130 8671 59602 10566
4713 3967 44978 16139
1024 8805 38457 5508
3837 2956 41353 19904
131 8448 33795 2580
7499 2257 16828 18701
1625 1134 75128 1263
8929 4010 91427 18989
3075 6917 580 6513
5466 4772 44221 11535
3071 8642 89718 19152
1417 7643 19266 15446
731 6389 24102 12909
9515 9516 86092 3338
5299 4493 67576 1171
3636 5292 72197 4760
3263 3994 34307 19191
6719 7346 75291 5859
3214 3131 70216 2082
6286 1530 23330 6318
936 4862 65895 6603
3666 1559 29423 14230
3578 6561 18986 5560
6439 5814 51323 18582
3222 5696 91405 1412
5761 4222 83297 10042
9425 5977 5226 19173
7981 6923 91882 19290
9473 7152 73105 15902
6084 1687 75905 17585
5866 1789 46401 18051
4000 213 43625 7594
2989 3171 71654 1544
6792 532 30280 2842
2947 6702 10112 7031
428 2485 26059 13407
2703 8456 78633 3355
6704 8699 6229 19586
4726 5545 50865 10431
8235 811 57011 8180
8635 8462 49758 1207
9221 1223 99176 6341
3056 4316 75036 19737
5232 2492 44969 7450
2362 5188 41883 8552
4540 5462 28835 596
1645 2492 94374 18854
1427 4261 13137 12485
7916 5676 51566 12208
4454 3269 9952 8801
5712 4108 73509 1162
5660 2461 15906 12873
6608 6869 59030 19176
2795 9012 28735 9654
9453 85 79850 4362
1174 3386 62528 13091
699 3623 18228 2745
9382 5971 9947 16518
3238 8058 66954 14213
5424 4966 9962 19971
9890 296 83724 9614
3890 7642 23051 18680
7726 263 92709 15954
8902 7484 87909 4588
9086 8893 59202 7465
123 2937 59002 12984
7689 7953 77574 8327
538 4789 39530 13659
7400 5191 91150 5211
3194 952 5026 18601
18 8070 65028 4801
659 2816 72658 6620
4888 7547 17142 3924
705 6977 21688 11872
4311 6963 12262 10872
1919 3299 83116 10083
3743 7577 74861 8156
7212 6229 74207 6140
9527 8270 91740 11848
1085 4712 11038 15637
2304 6703 51008 41
8548 2932 37903 3761
253 9178 30306 10600
3760 5958 2164 19725
2468 5746 95476 14572
1934 9624 57369 16240
7986 6958 57950 9210
5451 6504 72848 10113
955 5368 31857 6846
7914 7192 17384 7552
388 9217 68303 6920
4997 3381 53951 8507
5515 1178 35419 5131
9868 1426 69444 6548
5678 3537 82074 6026
3124 2081 37170 17404
5210 8188 40054 8444
462 8905 65295 12136
9529 2121 25551 605
772 462 80217 3841
6891 6086 82105 19250
3247 7396 65960 12067
4705 3235 65001 8658
3724 5754 58835 8921
5685 6633 73479 2836
6035 2185 18496 10134
7754 3201 74843 495
4005 4346 23772 8879
8816 2301 9955 19293
5797 2858 32539 366
7049 286 19102 9543
6519 614 24274 7013
687 6354 3406 18480
8177 9904 7173 12270
8911 7492 66709 18364
3176 9200 41187 17185
8418 5236 98844 10543
4724 5188 34867 12594
6010 371 29722 17622
155 1642 18748 18743
5907 1421 77112 5683
9834 3948 76213 8003
8396 986 25825 8624
4413 7308 54420 15605
5492 6369 54195 17717
4257 3429 94716 18917
5716 8158 46939 3554
6916 9079 78846 5579
8317 7611 92623 4651
4630 140 49378 9485
1608 1373 78651 19426
3043 6594 16129 12411
4855 7303 24003 14164
8498 3345 36178 6255
6072 528 29361 13166
6566 6828 86425 5070
7168 5218 60058 1039
2644 8977 88644 3550
5765 4951 77175 1259
2229 6522 57973 13738
7080 8819 3882 4177
8223 6989 60251 9035
9427 4263 19584 10417
3249 7 90337 3216
773 3261 66573 19780
8968 4519 84848 5262
5476 2070 47691 4652
6588 5391 30324 18939
3684 3157 28130 1731
5415 8910 36708 6247
861 4271 85132 9631
5959 2778 16343 16130
5914 8831 1989 8002
3813 7215 26139 14931
1911 2508 46604 18725
4110 1869 25244 14297
4388 1849 27948 4866
102 7350 89794 15744
9598 6028 1632 14494
9208 5225 31123 9214
5250 7817 43431 19830
5747 8567 56996 16119
271 9703 38151 5529
2115 9181 36531 5259
6442 4056 63792 1907
1371 8335 6292 4207
9918 5964 90241 9038
739 9955 70332 2604
5127 2839 29542 10462
9881 6372 49652 10006
9372 7274 21909 724
5129 4904 18821 13659
218 6166 97850 15077
2094 3671 61202 16382
3432 9063 66572 3259
4021 6455 10834 2479
6927 3049 69055 10301
6071 3190 18686 3915
3554 6598 48884 9323
8127 5675 15293 5494
4313 5045 45852 8637
8139 9447 1393 10332
8199 6930 9449 1258
7320 7389 20057 3664
6422 3979 63613 16410
107 2579 87550 10675
4886 6352 55153 18234
9487 2497 25409 17448
8393 5117 15662 11886
4210 816 37455 226
6009 2705 79785 9573
5489 6418 37207 8909
5560 3897 2980 19328
6094 6699 31915 5441
829 4528 4412 4152
2462 8084 12893 19752
2768 5511 27934 2118
5374 4612 80707 4731
833 3555 90345 14255
1525 7494 48718 3878
9729 3645 395 11354
2327 9637 72541 6120
8951 7005 62608 705
2221 3683 82071 14980
9142 2231 5720 1531
7058 8018 52002 2334
7488 2793 62035 4041
3140 8761 60574 2476
7694 6856 21907 771
3878 4020 45939 11655
1386 703 69759 13026
3465 4822 69285 11605
5995 5674 39284 13547
7837 5360 76826 9291
7463 5732 85623 18991
7335 9691 23167 8831
8417 4890 88578 9331
7352 3309 3435 18918
5017 7342 33941 9811
133 5668 39433 215
8940 4550 69397 10526
5344 6656 29280 14706
8423 2427 29164 2895
3452 3618 96826 9954
6339 5714 17980 19510
5404 5583 85378 10007
2497 9300 69273 12313
4106 4857 71011 6797
2692 5627 69169 18895
1635 5558 60193 738
4345 6500 99440 9763
7868 5043 48128 18646
2276 9092 96170 9164
6167 1409 45635 8627
9110 1587 19952 1649
1919 5371 59636 14487
2973 7188 71454 18050
2499 4648 85938 6828
6939 7154 22322 15638
2538 9737 96595 11993
6398 6591 35249 11343
2114 2334 45763 12976
5331 1358 16765 1860
2471 5485 1776 1301
7857 8501 60617 7026
6691 9325 23949 14099
5730 1427 46334 13593
4501 4091 67286 7393
1233 342 37295 5157
9466 4171 80451 6429
3562 5960 10461 1130
8160 7451 14253 5195
7762 95 76728 13710
3997 337 61509 19502
4797 761 11624 14563
6342 7006 36048 19476
2239 1102 63154 958
9653 4201 93316 10618
8501 4363 7469 458
9382 4314 11697 12852
7803 4747 59550 14962
8006 4199 17480 11454
7396 5982 80484 272
263 5501 32422 19783
5952 9705 53735 16173
988 320 47131 16421
8946 4555 49611 2229
1259 6214 94529 14058
8806 1154 13962 18290
7404 3649 85739 2692
7687 6339 25052 4971
8860 3185 31335 19173
860 3113 98952 3294
1565 8158 78791 14253
550 3648 40281 9593
7533 6770 66276 18146
4797 4207 67543 3999
4016 5084 75836 9733
5801 1350 66087 9667
9136 9414 78282 12830
1008 728 55171 4286
5940 4712 69855 13561
5486 1645 62622 1494
4063 440 17085 2341
6644 5941 87692 11667
7562 8688 11519 17525
8842 9408 61405 17281
986 4534 18337 3979
652 1778 72433 12537
1846 613 41963 2417
6001 592 19211 5210
8347 5877 47795 17371
3342 3701 13749 16079
3555 8668 81741 14360
3158 9231 54110 13920
9001 2418 21223 18334
836 7139 81583 4671
7342 3709 58789 14553
5478 903 93857 14994
1380 5206 57158 10723
8577 7297 23669 2576
3337 8426 7214 18175
6982 1012 7311 9340
3360 1617 90266 7700
9797 7589 18835 13666
7522 4791 11497 16063
9398 7701 46863 3957
8659 2240 42358 6511
9124 5185 26168 11146
9411 3090 17744 15841
8373 497 11795 17174
2304 6538 86879 1330
1254 1075 59021 4084
2423 4666 62314 4576
4452 1009 19697 17771
8257 6856 30891 1527
1363 3650 80515 7539
4138 7189 16529 4910
9815 1991 8652 15792
7122 5294 23083 1522
4435 7543 89440 19576
3185 5129 73433 13846
9411 8515 38667 11151
9257 4227 33442 12242
848 4544 71911 4344
4943 4424 85943 13772
7658 7732 30211 17689
3289 7273 3786 5007
1405 4204 14627 4014
8178 6021 81663 12035
5902 3510 16342 17026
8333 1467 77734 1631
7505 8443 80729 7895
5129 7733 92890 10294
6013 4040 30044 11904
7230 9367 4339 5543
9505 2028 73732 3982
4151 5937 28771 6398
5711 9141 78485 6724
4502 7198 44938 6328
5224 5304 56509 12671
675 6482 94885 10670
1118 2021 28397 12196
9779 9808 24719 6832
2256 5655 18736 2243
6417 4075 77544 2193
4852 1383 18855 13190
9286 5572 34882 10050
7582 1994 86918 12246
1225 5862 25425 18010
1377 3007 31458 7117
5940 2805 26806 19041
7126 2189 87179 13414
6194 8065 69331 15830
1429 8626 44588 11815
6295 7774 45973 17498
8614 8884 65764 7196
1971 5858 8723 4118
5224 3418 95972 19356
7173 1554 48009 18622
3170 7916 69850 19134
1266 7351 58351 3994
5821 6184 76671 4791
5 6526 84964 16630
9327 5207 74619 2819
5755 8203 83470 2381
9774 8019 62502 17715
8398 8106 10171 2305
9658 6550 35484 6605
4193 388 5323 9460
5336 9877 41200 10176
3742 7543 30955 16044
7807 4917 74098 15509
8496 2836 24146 7107
1142 8150 55999 11898
7441 411 17506 16907
5645 4108 57832 63
8571 6084 16872 5417
1628 3056 33788 16908
4504 1137 23633 1727
1077 3312 94548 7141
4994 9072 93509 7059
2006 3500 96980 7394
1864 1590 30125 13911
5438 4138 72174 2344
2030 1378 52190 9982
9730 2425 99672 17884
3236 9426 25829 6616
5127 2849 82012 8822
5374 6102 4137 17145
8231 2639 26588 17136
869 5840 92537 2875
875 3008 74990 7097
3092 3761 74432 7405
3567 3184 85755 12748
7243 2903 93576 6545
2878 1432 7810 3684
8143 8393 7692 3929
2405 9194 5422 18637
7651 5196 70239 8298
4598 4844 45544 8458
2722 5439 83496 18215
3267 6341 36014 6619
7885 9136 58467 2501
4717 3377 99351 16293
2440 721 22868 8824
2308 769 79619 2085
9038 1244 61219 1966
4975 6482 93120 18488
753 481 48199 14723
401 2033 86776 14975
1583 3144 93541 10846
9228 7305 41230 6567
5611 3432 96190 14328
3014 6699 10059 2621
814 3045 41040 6338
6159 1842 6918 15218
1805 3573 75950 6752
3513 5030 64388 2067
442 6274 29381 4987
3076 6931 34347 5596
4795 9745 48886 16237
345 6368 63579 10856
3096 695 15942 299
1723 3435 87442 19192
2243 8889 89105 9617
4098 257 34688 16989
5442 2164 93172 5036
8125 8421 41455 17378
2593 2168 26373 11624
8770 6888 64380 18232
2238 6445 92888 17150
7620 5788 52366 17874
7903 4783 66192 18379
9813 6210 79053 3406
7825 6339 54920 2258
380 7773 76861 2734
146 1385 49898 6302
1250 8797 62691 948
6382 4157 77555 19113
8699 8092 9167 5069
8534 9759 13002 19102
8281 4279 57092 2116
3065 7391 70715 18666
2459 3377 34541 11919
1435 6670 94966 10021
1190 7679 73039 14680
8668 7298 9358 8504
3553 3625 94906 16180
3994 9272 6084 14182
6145 4044 72133 11990
8271 7774 12402 19309
8137 9015 8257 149
7846 8816 68514 13450
8709 4253 34254 16322
2676 3381 13117 7798
9456 2457 36878 16857
1948 9123 28640 16569
2257 744 71109 16312
544 3746 63223 10150
6242 9433 83690 1420
9883 9978 58060 5982
9525 8884 4093 6527
3611 6459 4601 15165
7410 663 90527 18791
4137 3133 16551 18568
9779 1815 7536 6006
1594 5210 25486 18229
8800 7411 42938 1658
8201 3734 11309 6119
8671 1025 42327 14411
8143 7157 62493 17826
253 7147 78070 725
698 664 71837 1675
5738 8602 54778 7633
9719 4167 37464 2907
6205 9805 24996 10793
9843 5921 57181 1840
3413 466 75149 7500
1907 3778 31791 15104
3605 1660 97532 16286
253 7983 74830 11066
2309 5281 76396 13088
128 7059 75992 15384
4155 2037 97620 5617
4963 5948 23816 17704
1946 6839 22051 8046
4764 7903 54206 18916
2980 3867 7030 1162
328 9336 85577 19715
7027 7999 80013 18963
6646 4395 13522 16958
5303 1885 18810 4584
3500 1866 51072 4274
6693 6223 11411 19261
399 4642 25096 15934
8452 1720 43224 5112
1296 4684 5479 11673
1923 190 26216 19281
4942 703 89517 19546
3917 6155 34465 14071
5803 2424 86533 8657
584 3185 80580 6112
6820 795 37766 5110
5730 8941 75522 17353
4343 3600 37297 7708
9468 7527 47186 6036
7975 7480 31862 4426
1302 4833 40745 1560
4257 91 22913 19617
8089 1817 34915 8978
267 271 56563 18621
137 4351 69701 12769
5054 3854 71980 19969
7112 132 53724 8841
626 1564 92154 9653
5061 4439 96595 256
9338 293 50887 12557
5695 7402 62534 3927
6701 5988 93141 17067
5746 1040 65749 4034
2685 6133 14442 270
8669 7219 38426 11382
4968 1087 95113 11332
8726 4246 41391 4075
3017 9908 48790 2997
9899 6537 13064 10319
8799 4300 94432 6290
34 550 48915 12503
5763 3092 90001 2879
2797 4068 41709 16828
4070 7415 87299 6294
933 7778 29415 19063
4263 4397 63123 19881
1660 567 12851 19440
9510 258 24683 7664
9505 8806 53342 4092
5858 1193 56029 9350
1222 4833 76458 3669
8693 5032 37900 16267
8422 2421 2036 18188
9069 2700 27965 11142
7314 7650 27733 14887
4942 5132 51074 8277
8582 3491 76773 9489
4251 5492 8232 10244
8666 8306 9805 18375
7686 3322 27698 2736
9805 4777 53653 7207
3454 1194 92651 5624
8233 6679 23343 11500
8413 1167 37290 13162
3802 1472 4115 14791
8328 3114 50902 9824
7576 7539 12805 8921
7292 1600 69241 7426
6463 2588 83119 12197
8214 2166 25339 11561
1655 9181 99967 3983
7707 6035 81067 3261
5378 3330 77220 14690
9309 550 80167 19550
8620 5211 33372 6765
4565 4606 30644 4152
9205 8619 25379 17569
9097 291 43718 12645
1580 3839 14847 3343
933 1521 61639 6198
9119 881 40391 3082
9895 398 70824 9661
5347 8874 49000 14717
66 701 55257 1028
873 8831 32508 2689
8431 6570 67357 5886
6653 8835 64721 9097
5000 1111 86628 13156
6256 4678 38680 11360
5822 3739 83255 7481
9354 9710 67630 18133
9609 3923 7024 18020
7542 811 42675 11660
6796 4138 50058 993
1708 9277 7235 11985
6784 9111 10367 14198
6495 2181 81791 18471
9375 8033 52238 9905
6326 8761 77834 5428
9174 713 50108 3224
7399 6640 92485 5257
6697 5539 26840 1665
1401 6311 3121 15106
586 3581 56639 2003
2097 3346 26825 1875
486 3611 25093 13294
1679 990 3050 16707
1691 8810 69929 5253
3357 5616 44326 15153
7474 9232 87275 3050
4856 7370 29522 16475
3288 8413 24267 2940
2755 4084 45385 3819
4696 283 83939 8975
7859 5113 59374 5536
1590 9335 41768 16346
1300 981 94100 51
135 960 14160 14915
4912 3327 5462 3135
8412 9808 59534 4917
3976 6386 77069 12357
9739 1925 62400 1772
3256 5351 30452 10193
7671 8546 38543 3457
2782 452 75378 14898
1549 789 10937 16793
4019 743 39472 3325
5165 4575 17908 7216
9753 2924 89568 14637
8673 813 12598 3083
7476 5685 59571 10828
8454 4486 12576 2168
2618 3600 3585 8364
2135 5873 28135 4652
6883 7163 30380 17721
2684 1235 9028 17367
5863 1950 15224 10170
5154 2899 20141 14324
5810 4323 23010 14127
3280 5442 98555 13980
3377 4087 1673 1926
9429 7960 59571 9534
5610 6344 51349 16397
9027 40 11979 18203
53 1373 55141 11080
9742 4296 5242 18410
8134 1480 27344 19431
1233 7560 82686 9325
6785 4203 49931 12658
4156 2983 87165 10425
8621 5289 96617 14318
9533 4043 99224 7587
2269 6569 18655 18844
8478 9281 90294 1664
3847 6387 63389 16709
793 2981 22306 10865
3358 5120 33375 11845
233 6346 10229 11952
1241 3093 26320 14347
2291 7086 1256 180
8891 9618 39319 18893
9617 7681 75719 19754
7301 2013 57788 18644
1175 9673 636 4806
1734 6900 37702 11857
3524 1589 45229 6821
5387 9516 10311 1014
8795 6085 30948 8551
2228 1131 58062 13864
5587 8411 54859 13449
4677 7484 33249 18944
1165 2831 65656 7579
7996 7436 74377 864
5916 6217 37419 43
7208 4858 24841 5002
8080 2014 60627 1126
5575 6025 48884 3926
9677 4580 60251 290
3655 9410 74560 216
7535 9505 20607 2496
9633 7621 31086 5029
5919 3180 78928 17919
304 2309 20777 9771
8173 2699 18517 10843
6741 7381 46369 17777
464 6570 68561 8010
7340 7386 13929 18588
4468 7007 2728 11572
3455 9689 3132 3107
5549 5441 58047 13229
255 1670 36420 15870
7187 1216 25365 3550
4493 6547 4052 4218
3285 4710 51212 8537
1029 8723 61398 9255
6611 1330 16830 15882
3598 4260 28514 7547
9761 3614 4273 1418
5885 9878 50004 1553
9255 2254 88997 7105
104 196 30236 11681
9238 8306 6800 10759
8145 9462 54731 2019
301 3041 64885 1931
4249 1620 969 11694
9745 9259 20010 13018
1559 8967 4969 10961
1249 1632 36383 18870
8495 7343 3584 3199
6616 4540 71854 14734
8820 1246 54170 6611
668 6553 71746 18035
6691 3992 86023 5033
9482 5041 67281 6092
5740 6181 12450 5378
9621 5714 89806 13003
5910 9575 22075 2133
3124 9299 45748 9139
147 9812 34512 11140
2848 5587 71806 19877
4358 2281 6814 15618
7925 9698 29480 16515
6004 2681 7304 2565
4325 8237 72874 1012
4712 3339 78458 2424
9209 1677 60383 4344
6021 3848 50814 12455
9983 4020 55181 7344
8809 2054 2565 4997
653 6902 43865 11574
7134 6047 52973 15840
3510 1277 77086 16124
6540 3130 28578 12454
8651 2048 65191 6375
4510 7367 39288 16356
8143 570 34807 2814
8366 6660 56579 18710
9164 6168 68167 10754
8153 5345 53277 14515
3021 7096 79562 12271
9902 3813 12597 12460
5289 6145 73518 16617
893 5404 88186 15197
5615 6445 71169 7481
5180 3671 85359 10154
5898 3153 67183 2767
3748 4152 36756 7828
7468 2778 13716 7076
9511 4076 79704 987
1799 7975 35212 4251
6207 6422 12534 8154
9775 2787 26196 161
8330 1282 8432 13083
5439 602 92679 11601
3002 2623 46699 3787
6586 9013 11311 6099
7415 2058 42896 18757
9486 5637 38776 173
2115 9301 6813 3686
5626 7266 2465 3562
9701 1918 19525 18145
2604 1055 8114 19247
4296 4518 62783 18789
8025 1836 62618 18517
4228 2172 47096 4024
328 2133 63207 13347
8843 1057 34440 5898
9634 1664 56860 12672
6800 4707 99553 7383
1617 3409 73116 16315
6022 3102 43407 6856
2226 2316 85938 15755
845 1994 98685 2724
4348 625 11264 2187
2281 1289 79477 18726
7678 8477 47740 10285
7880 692 48561 15417
8347 6340 57920 18998
4799 2654 48148 9804
7497 3481 42211 7748
3358 5292 12894 3187
5581 5752 93191 10815
4676 7915 98297 12267
6452 1578 38592 13115
4340 3420 89975 11776
471 9850 82786 6055
6673 8777 96111 4552
8819 7525 44274 400
300 6789 1556 7994
2899 512 96199 18428
1614 6082 37483 5080
1459 6787 76891 17844
7750 2540 73022 12714
9675 5263 35863 18541
3386 1953 50596 16319
8033 9025 73981 4881
5973 5974 22857 15565
1456 2527 49224 9462
7199 5446 55001 12545
1528 7036 67777 12365
632 7200 23195 19604
6880 8717 71255 16271
3100 1797 83913 1790
3975 7175 79549 2165
6421 6442 41881 10783
1201 3137 46643 17855
2466 7725 82635 19167
966 1225 51747 3758
3919 7486 66743 451
5775 3717 18902 3150
8003 1185 42413 11401
9165 2865 22576 12726
3456 3051 32389 5116
3019 2911 63144 2820
9503 365 98843 7985
6718 669 41534 10381
610 5583 51986 15545
7530 8821 70380 5263
8818 6960 80667 14720
7616 2435 49426 10492
2092 2660 77957 15594
9389 8753 18746 19400
8951 2697 55882 11893
2596 5829 56768 7273
9595 1393 99712 18172
4553 1770 19740 878
2830 9298 81901 6992
1936 9667 96281 5199
1999 6890 87028 10498
8990 7 7879 12923
4298 680 53936 14563
1806 7898 48089 48
2292 3920 2133 14829
684 6505 71623 16599
8841 9625 24488 12673
9764 9200 12329 17245
5282 9627 56322 12109
6148 6465 65078 14570
771 8319 98860 7248
5021 8008 65864 12658
5518 2307 16309 3594
5826 1319 53482 12851
4980 8423 71697 12293
1419 4807 80586 13564
4155 8351 3273 15831
8808 7207 54800 6796
3192 9540 82691 13884
4404 2063 85990 18509
6999 6453 74085 12337
6781 572 21984 2642
8211 9988 15649 18752
8376 612 95172 18470
3562 7868 76621 7915
2867 6527 78191 14923
6370 2901 24090 2350
737 5960 31416 14022
4406 4430 80493 16064
8468 620 9341 18955
7517 1186 66050 6154
8717 1772 33021 12639
5037 338 79748 14981
8363 2662 98065 10889
3826 8485 23403 1191
5533 3323 59339 15539
7298 7300 73292 2794
1991 246 39507 3704
270 6079 61721 14128
4030 1394 42476 19129
1954 5400 46247 14680
1031 6598 88611 11941
9158 9928 40488 11543
1633 4761 83474 6560
9651 684 26820 6793
9114 5089 72651 7224
184 2093 74413 18148
8744 8182 43525 10545
7272 549 62629 19603
4001 3892 88124 3889
3302 3886 60903 1920
3462 6917 39888 10527
7355 4441 25493 11842
3174 4166 32294 13707
4437 8829 52704 4583
9403 9480 55994 13094
5027 4659 20470 66
3938 744 69654 3722
8680 5892 87670 10798
5084 373 64635 6598
993 4681 85947 9590
783 9018 77984 17079
4029 4818 29136 9663
7486 947 18268 4378
4436 3445 59218 6828
2142 3226 90371 3614
361 5568 81682 5181
3451 1731 11803 7751
9988 3082 66581 12554
3852 7750 47302 1617
9118 7030 36096 3485
2537 4265 33862 9338
7828 8772 12224 17979
2868 537 21825 12951
1970 4802 38167 7851
9065 9979 91813 17029
1169 2986 66642 12735
2685 6571 72928 19578
3949 9585 56062 16863
6988 9410 11834 9073
4847 5471 25609 10911
609 4069 26542 15117
5707 4484 11500 17842
9453 8774 57778 18268
5715 7106 96834 731
8593 1579 61596 3773
5550 533 87391 13278
8396 4278 90592 14527
1133 9025 56062 4875
4431 1500 64180 721
7763 9958 90832 14166
9826 7034 1914 1286
3934 2404 58979 2904
374 2381 20207 14608
5488 4746 46346 17342
1364 9066 43435 1881
7313 2858 96625 7529
4437 8415 51788 4948
1257 3683 42655 9500
8531 73 10310 2204
9824 4189 58782 11614
1199 8833 83641 13572
4418 9165 5842 19535
2916 4245 97735 2259
6449 4610 3665 17145
7861 2916 20837 17543
2993 3571 92247 6636
7489 1211 27124 8745
4199 42 20241 7134
8174 6211 61232 11858
9992 5462 51347 14714
2538 8466 27127 2318
2384 4495 50906 14767
7585 9065 36285 16739
3468 3942 89161 7983
5425 9964 3504 11037
2467 1409 89044 8503
6120 4977 16043 18437
9432 3034 32161 3616
8220 6481 10847 18170
5346 5309 43850 531
4291 5043 9335 7980
4518 6201 33031 5955
1027 7618 5835 14021
5328 9950 25505 50
8361 9841 61451 17873
3534 1680 76316 3884
1712 5626 3646 15322
6974 4548 3983 9386
5339 5096 83640 10679
2869 7616 44600 15820
8430 4944 75523 14817
3852 8160 21178 8
3217 6698 42762 6016
2050 65 66705 6789
602 1722 4092 505
1949 4090 50896 3349
5724 3370 77714 813
5162 6134 17892 14527
5681 4800 64522 4051
9031 8536 91257 18302
7533 5398 34732 13923
1950 7206 34952 10536
7416 8615 46458 2377
9973 1112 39355 3412
5110 2936 13666 11342
1918 5421 30587 10543
2263 3250 44570 4215
8167 1458 2918 5612
2090 6604 56889 18961
2617 392 95521 4213
6256 2961 40195 8715
9362 3030 16424 15371
2107 6451 66876 3342
5805 9067 84440 8770
8803 3718 37710 9159
5695 9404 79394 9111
5548 6715 37460 9073
9965 3538 77822 11615
715 6211 50019 8023
4908 764 9288 17029
4214 9546 67152 6073
7005 8533 29682 16931
6020 2807 6702 15683
202 3665 68032 15502
5032 7884 44912 14971
305 7728 52655 6167
1090 4069 55639 2096
1154 7365 80553 10150
3837 7993 82516 5143
4019 9171 77672 6503
7607 862 76145 3228
3976 2759 8726 17804
9537 6555 76512 14901
4601 5523 19775 7561
4009 5182 98312 3728
5630 4840 65482 2189
9277 4959 27997 2588
2682 5183 78154 6502
6450 1364 40235 15352
9883 3219 18743 5451
742 4868 53456 3554
4091 3012 23202 8565
4750 2718 38141 15619
3922 2269 66432 10791
265 9275 20896 11523
4371 4010 89336 2443
5118 8142 55760 1934
6224 9990 57323 14737
1806 5235 51223 19803
1360 2664 56273 13410
2486 2513 24585 3120
2906 5696 69764 16294
8946 7214 37352 3002
2904 2600 23330 2645
3035 5718 11588 6743
3504 8592 70966 3724
9428 122 68111 16574
3038 8917 25456 10237
5518 8758 18314 13369
8877 6559 37839 10321
1634 8866 50896 9140
8665 3155 39523 15261
1742 3206 7998 13753
1014 4609 912 8166
4626 4448 46375 18874
8952 9173 61018 15653
8265 7183 5468 19160
488 7776 75836 8304
1242 8310 71760 15204
1495 2687 88503 12882
3293 4556 19189 2983
4669 4858 95041 545
2461 3040 39739 11133
7347 5904 68119 13763
8675 4998 18147 8919
9911 8244 68149 9329
3339 3715 76619 8603
405 1381 22726 17817
6037 1733 23976 8049
4372 2055 36506 10988
1126 6422 29710 8298
8670 2283 64256 12429
9027 5608 10184 19980
8225 9660 44738 12579
2056 1109 62809 12820
761 7335 64213 11408
1413 1022 93937 16709
4239 2392 53796 2975
2830 3817 53808 1609
3423 8555 59332 8421
5297 264 60949 13157
8470 3174 19334 12946
8880 3116 65363 17070
5761 275 38292 11762
5434 9685 15681 15424
2044 1168 27154 3138
1124 7101 62305 945
2475 2785 77190 14799
4994 4863 24916 4620
2843 8293 53009 16921
8800 1452 81980 6385
5820 5657 93971 11670
2817 5515 10161 6643
7657 9035 2750 6010
7451 9121 6464 9600
3037 4934 12839 17412
1105 6917 70804 242
4152 2746 51941 10701
8322 773 38760 5322
5468 2727 45701 4481
2345 814 27513 661
3510 2433 4794 566
6127 4658 32615 19170
6062 4146 63912 11260
8298 9720 6831 244
5386 1484 24558 6045
9062 5270 8673 18408
9692 3727 99645 2971
5609 4348 78885 11557
4168 1998 94600 2597
1137 749 11713 7266
8411 9730 57275 3016
7523 5916 90657 7313
1184 14 20433 10717
5543 5656 78226 7400
2550 2048 41407 3165
565 6126 58403 12595
8066 2756 79631 7989
2910 8415 43336 11724
4477 2494 57821 8448
7365 1033 55973 719
1280 409 18577 15985
3773 2654 20030 10512
3961 9687 13947 16519
9827 3733 65723 5420
9892 5125 87163 3005
2470 8629 41196 15509
4503 1859 64378 5006
4142 2072 52848 13521
3786 528 77547 14926
7991 2497 7672 10636
4781 9070 52177 5949
942 568 13323 15669
8670 1864 68543 12871
5699 1986 64203 18643
2623 8106 66547 15109
2381 7478 15381 6314
3649 6881 38578 9534
2550 2069 49439 9003
8234 741 34449 15411
8182 9083 36853 6371
6076 5259 33652 15574
5558 5138 23893 6201
6991 5633 43737 8437
3095 9719 43641 7495
1904 2860 90278 13164
1998 8836 83906 11936
2987 7914 10533 3224
9460 4273 70933 16994
8907 3325 33598 3456
9621 1959 337 800
8630 6765 35356 17619
4944 9900 37966 12243
1996 684 47460 9477
1620 3991 9327 16384
9322 83 56311 17180
6068 3395 98430 15224
445 6092 83532 16365
4317 5419 25249 769
8260 5090 48846 9614
5492 6903 54976 6264
3597 1127 10219 648
664 4169 19450 8465
274 2128 83107 14623
8549 1787 47071 3224
2204 8635 96689 8280
7638 2521 28654 15316
4966 3573 25665 12660
8882 5926 85746 2338
8527 2029 94012 9901
8630 947 42128 13692
9623 6200 51117 3070
2718 9341 60848 9210
5540 9843 1996 17409
4421 735 42327 16055
5861 9615 47505 11800
7235 3603 31205 4051
387 3035 25777 5335
41 9263 65023 8651
2548 4676 82161 8497
9021 219 97669 15626
562 8132 6017 17211
5399 8371 17124 450
8366 7474 12289 2016
3669 3457 77748 99
2332 2039 99151 7141
7122 8722 4290 5846
4861 9978 86670 14876
3220 9944 50574 4762
3467 7436 66871 10787
523 4474 8644 17422
7973 5290 95879 15467
7356 6598 72581 6332
4114 9901 57138 1066
4715 533 54395 8447
6750 7664 26495 9676
4504 4948 99709 9048
4930 6730 8601 4635
9723 1607 25541 2892
8457 986 10746 1948
9382 7470 77877 6689
862 7447 59252 8308
3233 156 28067 2093
91 4094 33464 4186
529 6897 73037 1079
9370 9517 28782 11116
8275 4769 64600 7983
4705 9340 78647 9884
5717 1824 63495 5153
3463 3621 78015 4747
4427 7499 765 8425
1590 7338 83614 16838
7629 3275 90498 14501
8074 1569 47873 6614
774 1521 75587 16573
7974 9424 10609 17399
5872 8817 1016 15324
4636 6319 74975 12885
5973 6502 50141 14253
3469 5177 60072 16408
5653 1023 99773 1995
9119 3826 84146 6956
7925 4856 21344 580
9660 6837 43817 15004
7061 446 73182 3793
694 6490 97752 18470
7157 7068 8562 3841
8775 1288 50445 15616
7355 5058 73415 14181
4823 6183 38815 16337
1979 6882 49604 1694
4535 6053 8119 19308
3726 5001 3773 11094
7756 5310 9662 10574
8285 658 8726 15706
379 2331 97886 17688
7937 8085 69317 14581
9314 7130 43998 5259
6963 143 9548 15444
2876 7673 68284 11502
1748 3463 68134 8317
7127 3325 32308 17190
9181 5911 77988 11881
6544 7106 66096 9687
2046 755 96283 12481
8442 3801 95259 15543
8904 3620 23973 8948
4316 5250 5165 12868
5043 849 28404 15951
3237 4226 42372 920
6673 1916 28639 3607
6480 69 13768 19391
8918 2008 85026 13644
8663 1538 77554 2484
9836 4756 48343 12847
7355 6779 10467 11173
4489 4230 21409 9604
4212 1980 21339 218
1006 567 97846 13789
1364 3760 47553 19887
1497 6139 62377 4690
9681 7250 97016 18225
3058 6439 65915 19172
419 6445 59 6969
3740 2789 74166 18195
6122 8310 80707 15940
6701 2364 10915 19489
9682 7337 18550 1125
3584 2084 6354 12668
6747 6440 70345 5373
6807 8541 71364 7779
7911 5916 94361 12818
9449 2631 58646 15275
9890 1794 95852 4687
8685 3324 52018 18539
1049 2198 85412 4166
54 6379 85054 6582
187 73 14430 5458
6337 1758 17477 4187
6072 5400 6372 12677
1992 2280 10222 16766
5694 7347 50369 3117
2892 1042 71184 14946
7156 9031 93741 2424
4931 6271 22651 6822
5011 3580 14396 4191
5004 7623 82467 2194
772 7022 71221 14587
7533 153 89290 6791
3501 2526 41576 8809
9367 5348 49681 14134
4649 4927 43101 17138
4534 3672 41236 2566
543 203 72241 9152
7750 8138 23399 13550
2931 7357 48510 6390
6470 5411 441 7480
2623 8514 96341 3606
5944 4683 18078 417
870 2874 80954 7768
5880 2058 15768 3296
9905 5335 90351 288
8131 5608 74205 1630
7588 3826 8376 16918
4693 6694 38301 19590
5082 6069 20505 16623
9 3079 24159 15523
4023 1529 39880 16632
2151 2554 95632 598
6145 7980 31148 4234
3575 2473 14963 16105
2676 7179 53435 384
6764 6906 28429 16688
5299 7890 82396 16055
9477 5275 47571 12752
5155 5556 43575 15712
6226 4573 44502 3618
935 4471 30015 1451
3722 3797 88254 12190
450 7655 31520 1090
891 152 89759 11577
9525 694 88072 9294
9756 6228 86523 10206
4730 9036 89238 13977
9442 3658 82472 13555
3546 8049 31184 1820
5132 9095 13131 17445
2905 166 52379 16736
5350 3112 67710 7741
5852 1505 34821 9395
7398 4698 22240 3014
1940 2392 73671 11946
6799 7211 19682 14460
1239 6993 90064 19709
4586 1395 64346 5902
3176 2515 78470 8384
837 1318 13287 5517
3594 2735 85503 16538
2229 2199 2801 5672
5207 2679 24379 17961
4364 7870 55746 5542
8298 8355 9939 6041
2474 562 83832 520
8641 282 74268 4245
1529 4784 38547 14446
5051 3187 40636 4410
9360 5906 11565 4624
1322 5400 88585 5862
3584 5675 7184 773
2773 7596 57083 8873
4409 3793 53755 12220
2676 8221 28385 18250
9410 569 85460 12446
6874 5453 96134 556
9833 843 16191 4762
4479 7331 47244 7759
8189 9651 88634 17860
6208 2199 70583 16383
3612 8290 40951 12864
8065 5505 51306 3400
8690 9564 44272 10032
4955 3950 49706 17265
2876 852 16923 10453
1211 3316 26365 11011
2216 5822 28647 18420
334 9950 94430 7849
3599 4376 40323 897
5073 8209 7537 103
9098 4978 89187 8731
751 5907 12418 16823
6575 4497 31160 2903
7755 544 29408 11780
3738 5088 6605 4338
9158 5442 64298 19494
8284 1240 74920 16746
815 7478 89915 11586
7211 7218 2781 16089
6267 9104 33425 5641
9535 9340 62073 80
673 7131 99378 6258
8010 9874 77709 15693
9926 3267 97304 11811
757 8554 79378 14039
3700 69 95796 6780
3065 3097 38037 14458
7260 9794 66097 19668
8763 1179 50773 5222
2060 2868 24417 7449
5851 5470 8695 15948
6620 6267 91085 15254
4086 7799 41473 12101
6395 3194 96885 18512
6093 3240 8534 4058
3155 8272 52592 7165
7138 1252 71448 4457
312 1428 15966 6473
5105 7030 99808 13058
5626 3000 31878 18340
2101 8702 78758 16788
2670 1926 4264 1145
4597 6355 9044 10998
6116 3764 61203 15721
5287 2696 93897 1901
7249 3897 68352 14524
8709 7055 17522 3778
1016 1686 25147 11774
9107 7057 29687 2029
6042 2760 59504 11994
7274 9424 72905 18421
2145 4463 76360 2294
8279 5492 75661 10963
1136 2513 47784 5344
7568 2975 4440 16061
8368 7557 46524 2747
7270 7171 29147 6135
6254 368 88022 11032
8653 2663 83596 11284
1004 1922 32635 10880
3025 9714 36848 2077
2868 4818 8531 6487
7957 4137 51935 11103
6114 1899 88462 5309
7713 5658 27509 3485
8461 7524 84136 6225
1453 9651 30219 10788
2504 3501 90911 14206
265 3645 88385 5371
3936 421 31282 8165
6587 7643 80835 3982
8758 1516 96582 16804
3605 2981 6682 18123
4606 5319 47178 1633
3107 8117 7389 12549
8259 7584 40419 12923
4234 9251 86732 15875
6141 1675 14895 10597
7629 4013 6059 2832
7312 4864 93015 44
5062 6187 18646 19335
671 2093 72320 17307
7796 1641 82905 7910
4773 6964 8078 12522
4223 9777 3385 17968
2854 5767 59371 14233
5091 2349 92338 10257
3245 2440 51960 9231
8325 9784 79741 12560
9230 8900 1966 2745
6914 9350 12383 9494
9060 9957 56518 18422
7289 3253 10378 18424
1211 6980 36045 1421
5268 4368 61821 19449
3529 8818 56236 1093
2171 3266 28185 12710
7696 2672 41063 2635
3076 9599 85407 1453
8082 9052 73251 10590
3183 2377 65126 17794
2913 414 66776 16587
6710 8626 23475 2465
8905 3328 28730 8266
3844 3659 96282 9721
3310 4672 2999 7892
2127 5596 43613 17801
498 7536 63144 13441
5165 5777 1198 6900
5580 6407 80104 15969
6476 7659 9602 2152
2057 4308 29133 14898
2660 7362 44395 16585
4567 6319 2726 11793
8886 445 77949 13207
3506 4495 88063 2747
9104 2718 58857 4435
4800 200 71102 16716
9067 2775 38839 19114
105 9545 59913 1289
8134 7221 49329 5768
9635 7258 20488 16436
2191 2733 86644 12308
3724 3636 69591 16260
4943 483 63890 9549
8501 9605 36923 10386
9341 3575 54771 11841
3870 994 37414 4621
788 8084 79833 6562
9451 9653 7117 17228
545 263 77599 4250
7525 6035 12574 12663
2159 1467 64101 1503
7590 6358 22958 2844
855 4444 42718 16677
28 934 33200 13362
6129 1817 5141 9189
6478 7887 74263 4139
6984 7995 91976 18402
3426 5607 24278 2454
8956 483 68213 19449
3932 8283 82325 3276
1159 6968 67142 16107
6482 8650 81969 4006
6320 3639 71689 16589
8810 6619 97528 10231
6621 996 77746 17657
70 2834 72144 12312
5899 5607 52286 14606
5441 6473 54988 9002
5276 9442 29155 13276
762 3943 94189 5523
2210 3426 82036 15795
5855 7505 78123 16440
3058 5381 77325 2294
9456 4461 32299 5204
5007 8673 56028 19224
5982 9331 88474 11627
3977 8475 71017 14352
1793 539 59010 1708
9093 6762 74229 5935
2963 1103 20692 7387
8376 9172 74883 13427
6369 4176 25521 6594
2580 6319 75816 15218
2992 6496 55156 19513
1823 4279 29018 16743
8582 9950 30256 15761
728 5390 39136 8001
1630 7462 81546 17490
1051 4905 45842 6927
4010 7602 47954 3806
9878 7661 84095 17621
6602 7936 66216 12316
8229 5797 77444 4103
8674 3080 74047 8048
9822 3878 41704 17958
7268 9521 25227 5836
9026 6794 64517 19229
7870 5420 87503 15959
4518 5000 98658 5046
275 8140 52386 3213
9408 430 27373 13647
4260 3942 9828 1033
3249 3844 94062 10042
3704 246 45711 3231
2173 6230 39 18413
667 1099 20935 13369
892 7944 14517 17247
7561 7236 85007 13291
6068 2799 84146 14412
4819 4008 93214 4539
8670 5272 60816 11744
4484 8293 52183 12173
5964 9305 6147 4786
7361 4598 2396 12663
7184 2829 2565 18396
755 6538 31794 1720
4836 4680 38266 16057
6147 3409 44774 8947
3388 7214 43022 14519
4498 2370 31251 9161
8370 9448 51446 16803
8794 8369 34863 8039
6052 4780 57888 3220
2276 4938 7685 3752
2487 920 69963 7116
3995 1854 5642 4438
3863 9034 70135 2628
7879 5492 98935 11807
6769 5076 65199 3648
9069 7436 42877 16611
3089 6299 62404 10548
8598 2122 10206 10307
7007 3410 3521 7323
5089 3274 15807 16596
9083 9547 37562 11930
6663 940 30493 16380
6912 8097 99286 1920
9055 8726 31260 1222
7831 5356 61664 11934
9683 2022 82486 11633
9664 7088 18241 1347
8941 8386 16227 17462
1360 7069 52820 3347
7313 752 33358 7646
8518 9710 98793 7598
3913 3081 376 1391
3085 4570 39214 1000
113 394 22102 6220
2238 5404 63266 6042
2205 4952 2924 19018
6581 228 22160 18261
3438 3524 16248 19108
1717 2335 96362 8714
1257 6927 20749 10846
7159 8269 71741 12523
1182 1830 99498 4870
4669 47 48593 7044
8314 592 94884 15365
4017 5101 10883 1704
1493 2472 53593 11293
3648 8393 82426 4779
3490 1811 41947 3681
5180 1653 52773 2761
5716 5674 98948 14429
7666 8571 37145 7939
6110 788 91365 11399
8233 7004 41582 11843
2264 8228 67762 5367
9687 5104 18445 9497
7114 4675 41417 1341
3287 1839 57463 4997
280 9160 51544 10056
8929 9950 59563 3975
3262 1381 83910 10351
463 6017 69556 10985
4202 1127 18351 9715
7745 6359 65352 12485
5269 7247 95264 18616
6767 105 47473 18768
6122 1505 48731 2531
3370 296 55664 19497
584 4469 24629 10265
9909 6666 6173 14070
2181 8579 90827 17562
5630 9158 12527 8629
8980 8641 89195 17235
4975 4075 10765 2135
6337 9953 91002 11247
4906 1243 85791 13948
2964 5583 88552 17016
8843 4788 18050 2565
1684 1360 96461 18788
4295 2811 35863 11007
5147 2085 52634 9339
1707 954 71380 4438
7614 9838 83153 2358
1836 2843 43515 5134
5074 3105 79300 17506
2822 4171 70930 17168
5857 8527 42807 17477
6900 9908 39555 13362
2939 5609 1947 3749
4398 6712 57021 19089
6479 2620 17305 14667
2676 3833 28101 4679
9556 4483 99994 4749
5885 225 39530 6962
2874 2907 58002 7603
8248 9556 61278 2889
8958 6269 30376 9366
8553 2867 56371 13610
298 2879 47237 7133
4598 6478 44669 15422
3336 6624 65041 11122
4614 8730 65458 10071
2034 80 85139 13719
6072 5567 37574 3380
5692 3370 25395 19647
4413 6914 43250 9617
5697 4639 95973 215
6165 6844 39684 7802
7431 5697 28863 10384
1736 6927 98091 11743
6509 146 10355 7710
2990 729 75712 12486
7776 9904 98206 6081
836 6789 30454 2116
6592 3923 22788 11619
5286 6497 64731 5097
5879 6469 12741 16457
3555 9553 78663 6063
2669 3515 18127 12196
1461 1304 87766 812
6420 9923 10498 6201
287 5793 28202 2167
776 6314 91791 10328
222 315 59103 2492
34 8158 22640 10107
736 7863 18708 17445
1283 1417 34739 6184
66 397 90565 7961
4094 4263 21849 18529
4901 1762 21439 10837
6888 664 36708 5086
474 461 7099 9715
1607 1701 75381 11165
4529 635 89317 18778
4503 4756 56429 6997
7280 7798 25635 17022
35 8911 99863 2750
9542 6213 88117 8388
5303 6600 41122 4432
6759 4231 89224 17440
3414 4558 48814 3202
9667 8106 5866 6466
4372 6472 69912 6443
3337 4297 32599 18073
5096 4594 58501 9092
6640 5275 58391 11563
568 9663 61019 9217
5036 5863 10213 9380
7973 2960 25959 13524
5379 6766 43842 17036
8057 9725 86648 8402
6710 5558 56361 7296
1554 2513 25728 18235
7414 3366 5775 15169
4263 9232 73138 10476
2661 3367 47238 8028
7080 8710 33806 10277
1216 2881 947 7002
1350 868 72541 8895
9963 3779 81357 4704
6225 7425 29558 8586
1921 6832 68325 3231
2947 7780 40026 17521
9158 8169 75833 3108
4768 4778 42491 3473
1056 4012 9085 16714
6535 7485 387 634
9290 9741 85101 8721
3993 133 62654 15706
7188 7223 77992 1236
5861 6478 9427 4752
9753 6470 44755 19396
5030 6528 63747 12392
8496 5439 25799 17591
8655 4030 97766 13885
6512 3331 90610 16246
3215 5405 53598 19162
7154 6649 28398 619
1939 706 16969 11064
9182 5152 31796 14773
749 5859 35578 2576
8646 1665 92915 19728
7968 5566 77569 3273
9719 1238 36374 16660
3463 9965 70786 7432
7389 7632 61715 17794
8559 338 46416 4170
5657 1222 6535 2623
8835 6956 20014 19415
4469 4625 62475 11139
6652 3784 30690 7301
2949 4246 16479 10357
6189 4756 70164 12624
8631 5788 60486 13685
7201 8036 62408 5967
2317 5926 12241 10199
5864 4226 22229 5201
2871 9933 64858 14846
9006 2897 23180 4769
3421 2362 85724 13285
1779 9164 26373 7574
9212 6896 29856 17652
8975 5144 99217 18393
5704 7513 70109 6846
3691 5487 6487 10057
9467 2297 69346 10867
9172 7849 74049 1496
8570 142 82373 17199
9146 8197 68270 17188
2750 3671 61403 2964
991 1290 42461 6483
46 3662 54849 8582
6584 1795 3390 2017
6470 262 55850 12437
782 9346 95473 711
7955 472 12657 4318
4295 7277 3898 2721
1056 2100 68885 10493
3534 7974 99809 2979
2692 8773 56168 17910
2637 537 89700 4282
4181 4602 96610 2569
584 4516 83853 12715
5884 3981 98465 11587
6429 4793 26764 16062
4058 5875 71487 4304
4451 6138 69906 7528
6156 2715 18940 14848
5445 7357 61370 9160
6212 2089 1061 11600
2444 2568 432 8609
7033 6060 50423 7133
1230 1519 2049 6325
2125 3239 22977 2751
1883 6050 58293 3939
5535 4560 38455 17282
1889 6924 16269 2953
887 9350 50898 14671
8719 3035 70976 5593
7265 4265 40860 19471
6713 9449 84221 12753
1071 7170 35440 10185
9831 7577 7946 17916
6465 4343 14278 13494
7421 9092 35399 2297
4621 5956 55088 12877
9749 7740 21687 4606
9340 3354 51540 1635
311 4036 26504 18575
5385 6661 30419 19801
9086 5590 68873 15438
3044 5333 37493 6721
7018 1870 34064 4388
4971 4208 54414 16348
4761 6664 2656 5904
3349 5491 2208 11961
8460 7239 93503 8018
3581 8687 83741 15618
855 9597 10626 11260
7831 6994 5529 9615
2252 7256 25704 2400
5914 8033 12739 9713
5017 2195 62132 10687
6896 1209 8244 10476
1675 358 87172 3944
4095 8848 83716 5678
6816 7882 68632 7014
9208 3710 84131 11133
4731 8278 46214 3189
6140 4121 99299 16964
1728 3808 96617 18239
883 5937 95440 18688
6844 7389 50525 14095
3823 8325 43632 14956
5705 3500 35609 18204
9694 3293 12362 8196
2321 4907 53133 19517
160 8420 1978 2359
7641 8181 83513 19451
1757 8942 5364 9162
4264 2185 66448 13365
2128 8225 91527 3338
225 5875 28712 18206
8782 1155 48238 1061
9475 3114 20937 13657
6337 3730 30364 10427
7047 7106 51543 8681
4305 8762 21274 2716
2781 9889 78345 11457
6301 5705 57199 203
7875 9412 55156 13515
8229 6979 85526 4802
6299 9311 90710 7876
4269 9577 30764 11035
7899 6926 77160 2776
5464 2136 59895 11837
3619 3272 15911 7453
2128 9915 1355 10747
220 5177 35641 1943
9242 8887 47720 2528
3241 7214 16047 11916
463 1188 42049 18755
355 9976 86863 7357
1033 8751 90492 11085
1421 2872 57078 1004
3115 6340 3694 3480
6965 5422 19299 14516
8803 1457 30503 11526
1068 3461 62127 16822
8054 4965 79886 15441
5832 51 46104 4176
6308 4165 93461 9199
4085 1404 46539 16677
5695 7877 855 662
2017 4891 22777 4268
9926 3752 88615 7648
1764 8497 52985 13538
8046 5689 39645 15705
1301 5144 32625 8114
1780 3572 96081 5028
3778 6689 72214 12014
559 4545 90377 19309
8450 8390 17073 6916
5840 5003 11629 16590
2461 2365 25613 1005
239 6649 77751 13950
2434 9405 62820 8679
8877 3061 38850 2063
1714 5035 63978 17802
2699 1979 44263 14752
4916 5710 52912 16417
2331 5028 82077 16723
9944 2334 70882 10724
5088 8728 89252 1916
8816 5000 81535 6604
3023 3757 91651 12337
5857 9286 94256 18088
9993 3921 14657 751
2943 1989 75860 4171
233 6972 9415 13799
1043 5308 73286 18838
1792 3898 79962 1073
1879 1600 51248 12966
3175 7137 48555 1109
2621 9081 52680 12576
2943 5149 72263 8552
8716 4701 62704 11853
3547 8450 69914 12408
8551 8789 63121 14491
1069 6844 19368 14897
8606 656 65599 11868
5358 7131 37060 6305
8142 5340 21625 14112
6851 4562 21799 13091
8606 1377 7478 15313
6075 9300 60446 3249
2878 5102 36173 7116
6910 1448 27308 17866
4450 8297 1662 6512
9376 3426 27001 13580
4672 5737 93580 3596
2485 4834 17374 1204
4521 1445 86233 10782
7456 1488 87946 13128
9043 9064 96565 14237
4183 2117 39144 8443
7791 8 64975 2668
7714 7725 33809 17934
1958 635 89321 16071
1272 6448 24986 11142
9864 15 65620 10251
7187 4405 89173 17183
8856 2077 58613 1888
5384 5521 17908 14689
568 1817 26593 1476
3945 2123 47241 9031
5472 8544 67271 6660
3170 5088 88633 5828
7657 4579 23172 8841
6792 1193 58779 8257
7859 2697 37283 10703
7991 6321 25741 319
9481 2717 52913 12658
9490 9524 43081 5221
5816 6172 10102 819
707 5654 1795 5066
8415 1439 5589 9740
854 3136 93925 360
3835 9319 64368 7174
6403 7746 6779 12987
4168 3059 15739 5489
2234 5598 16352 567
7228 6974 96363 19223
3286 9397 58086 2860
6603 979 84198 2346
1242 5213 13110 16712
6240 1108 48083 9845
7809 4726 29126 8957
1234 7329 83362 14251
9947 3242 9955 12708
1021 3360 51294 19394
930 1817 43128 17667
2054 8585 80251 11346
3635 8734 94918 13004
8652 6566 40092 17982
9845 9055 20920 14849
5521 2741 76971 5090
2315 1184 38063 5961
5600 6776 84207 18676
7504 4958 55365 9669
5996 8057 63449 15007
9622 6324 21395 8007
5896 3515 63028 18478
5440 3491 5835 13094
2685 631 79898 10621
6263 3784 43509 3799
3543 3044 60427 3758
5888 7570 84648 9854
6386 5244 45850 18325
780 5817 44849 1929
4963 4584 12155 559
6123 9452 93032 18146
6937 2800 48738 6741
4499 6825 5672 1014
1603 2759 56006 11302
4218 7198 77831 18550
7759 943 79416 10998
4735 28 44016 19239
2970 7344 98426 9921
8235 7971 75417 12472
2101 3873 62557 4787
704 8097 35260 8551
2480 5730 58861 4624
9507 9629 51829 10364
8147 3339 57593 1300
902 9698 71626 19537
21 929 94917 1834
4261 320 45123 8643
1824 1398 6518 5847
2341 7207 22269 13984
1734 9785 76493 14979
8256 9738 41486 17031
2308 3965 63938 13428
5382 9016 96853 10639
8004 6148 53053 202
3151 2709 7455 7215
1950 8152 90025 8127
6472 1540 24112 2357
5770 9499 18878 5393
5235 7875 67697 7686
8813 4742 55984 10599
7240 4414 48704 4878
618 6064 983 13773
2469 1146 28146 11083
7522 6629 7317 2257
9152 4262 34032 9754
2739 1377 54977 6108
5279 6860 72740 13534
1928 2248 35796 10103
336 3668 86544 26
379 7437 7741 10837
9949 8568 27315 17018
6665 2513 73843 15988
7850 1155 44410 11129
222 3574 41232 14095
8722 5931 2545 3618
3329 4919 37673 19471
7613 6812 58971 14107
28 4732 91146 14870
3650 7262 82020 290
5274 8633 43447 8131
3883 6301 80438 17707
2968 6337 33388 19896
4566 7240 78255 3240
3358 6338 83936 18298
8111 271 37455 11124
4836 8174 99764 3725
208 6112 46698 17257
936 7085 94454 18703
212 5741 65014 7338
9567 728 51131 17698
654 70 4773 7625
2147 6277 29223 4308
9732 6763 38329 18068
4414 4450 85705 19272
8738 1601 96454 4010
2965 9435 80008 5389
7447 5845 83076 18637
9855 7291 79143 5164
6463 1783 81862 7681
7164 7843 94493 1179
4479 1529 10905 8686
1620 3610 79232 11319
7922 1089 19617 7118
5931 6586 97707 12604
6523 3687 90908 18060
7318 2034 82096 12241
3538 7410 63049 15057
