0
5
0
0
474257511
0
1110603361
0
0
43
0
0
0
0
12918244
20636193068
77
0
7
0
11498226373
3403913982
21335461793
17858569779
718283243
0
0
18819139319
0
23864732
8
0
4
5417758167
19246439191
6604920511
18321198098
52063490
3710108768
43
0
14810542125
4278456898
6821014327
0
1
3
1
3827019932
0
1
1973419006
5156642467
52
0
7184407009
47
0
0
0
9
13835019237
673271862
80
0
0
5704213661
0
8492474684
3736597974
100
6515294819
0
10176774843
13799245546
2
6
0
3
0
3
6
6
0
15947773914
16
8614907970
0
0
0
3202793903
12
3
0
3141362963
0
136
0
0
1
42
0
13001135559
0
0
0
10
21413673289
10
19873330566
829911438
1861261240
11
1
0
14459484745
1298596366
0
5237153995
0
2
5
2668946819
0
1
0
6
0
3
1
0
1
0
16588657529
0
0
4
0
0
1
13016080196
8476627425
0
12246199133
1
0
3
4
0
15
0
10
15406204424
1188877288
0
1
1
6
0
46
84
215061142
0
4939528311
10946823488
3
0
4
1
0
1
0
0
6
0
4615128177
0
124308802
30208874
33
1
0
1
0
19529594797
11941711091
0
0
3
0
0
6325982178
0
1
1
27
1125913338
9
316677311
1
0
0
0
0
0
0
0
0
0
3734920792
0
12
1
0
11464451994
0
165
1768671305
2134401113
1
17650508330
0
0
0
1
0
0
0
18484287339
0
3
1
1
13
0
1
2222849140
0
7
3
104692009
0
377629821
5070929489
4
3
12046061445
45895492
0
3
3939292239
0
467458212
8062907128
0
619310354
0
0
3
0
0
3
0
0
13228450557
0
0
0
0
0
8600160721
21817166770
5163787579
3464602742
243788420
0
0
0
0
0
2583491324
0
0
0
12820327600
0
0
0
3
4
0
0
0
19779150588
1
0
20149101442
6247168166
0
18932093298
0
1
10
0
3
10022004665
0
0
2646242152
7
0
3600686327
1
23951595
0
83
177875024
0
1
0
0
0
0
1
11687933096
3
0
0
0
3083097890
3
2
11
1
0
6
5
11
0
0
1
0
0
3
2823062984
1497998198
0
0
0
0
7
0
22
5
15579129466
16
0
0
1
0
7
0
0
0
54
2427964874
11212907315
0
451669864
1
0
1
16846591538
7
0
0
213141557
0
512325745
0
0
12568008631
13886711425
0
2919216229
0
1
2636580302
11964731882
58
6
6290223203
0
0
1557000556
0
1
1493125395
4338298025
0
0
7722691313
0
1
0
9
0
0
0
0
0
0
0
1
0
0
6949958671
95
1
1
13805126058
0
1
0
0
0
457075758
0
0
0
37
0
0
14229156511
0
5
1
12175225405
0
9531344374
0
6510625957
1
2210680248
0
0
0
8
1718902957
0
4
14166016021
6425403143
0
8033140340
19
119
0
0
0
13149692119
82
0
85353301
6
0
19552784563
1354637888
0
1
2
22170648537
0
2829846236
0
9449521913
0
1
3
0
1737404562
1
1
0
2
0
10
0
0
0
1174038148
0
0
10
9740960538
0
0
0
11374444053
8842314516
0
7585777357
2
14269605092
17702185441
27530246
0
3185039894
96269429
164889042
2326125831
0
0
1
0
14
646369727
0
1
0
220972928
437277257
0
1
0
0
21764471316
1
0
0
17
2
0
0
0
1
0
0
38
8401466647
0
544639206
248219203
11619045464
1
2
3
0
3
19201004231
1
2025747807
0
18229982206
0
9047463949
0
0
3
8075477616
7
20404276004
3
0
0
1
0
0
19819595828
3
3
0
1533145079
932219865
10178704906
0
0
18580916276
3660606752
2958829293
0
4058140421
0
90
0
0
0
0
0
18441871525
95
0
23
0
2122898658
0
0
0
0
3
2611264106
7351622266
415752913
28
1118964553
32
4170821
25
0
5
0
30338549
44
0
226
31
11
892961286
6703087767
1
0
0
2945071213
0
0
5565789953
0
0
0
5863535130
3
0
10
0
1
0
0
0
0
18
0
34
3839558526
3
0
10
0
0
6547489617
0
3
4609766195
12424009588
2
1
0
12
0
0
5
4
16475323284
6
0
6
0
0
230
2
1
26
22581277186
1
0
0
593922764
1315505873
0
3
2
0
0
4102547817
0
16416043853
0
0
0
1
0
6065306148
0
1
0
1946627836
0
1
0
0
7979671500
10
1
0
0
0
0
3022278613
3
7
0
19518993026
8921176294
0
14
0
0
11539314792
0
1
2
2
0
0
4
0
533949544
0
15154839
0
0
0
0
8238765852
0
21469089165
5801024954
5848770057
2
0
15274826221
9542269753
1
0
0
0
1
0
0
2681602077
10499232
0
0
0
0
4792835893
0
5417326447
0
0
10196784013
1
6448162474
20214576711
0
0
1
10594863948
8066379067
0
4312637399
0
1
71
4147684207
0
4333769001
19
0
0
0
1
0
20
0
2
0
0
272763
539581959
0
7
10
0
1
3630194721
3
3242480889
23
1
0
0
1136936
9693331686
0
0
1
4636960383
0
0
137
0
0
15504762630
0
10
0
6045597836
0
0
0
0
1
0
2455957360
24
472733981
0
25
722447584
56
10
10
0
0
0
4
0
0
101576430
57
0
87
5681398517
3
1
0
29
0
0
4089732027
0
0
17464777707
0
0
0
2
16
3
0
0
3
0
6863550401
0
1
0
0
0
0
2
14320211214
12425372248
1
1
2
0
6849314876
0
6013664138
0
1
1
115
2
4264923101
0
0
39
6123038997
0
2
0
0
1
0
1
39
0
6539458008
39
22
25
21345489898
0
0
0
410673756
5720340393
0
13044351264
4199437557
38
8282727717
2035004640
16
371793305
6
0
6960993196
0
15515837831
3
0
0
0
0
0
409809626
0
0
0
155208774
5225455358
0
0
395771403
9528885842
2
7
0
63
7275213118
9
2
10
222
0
0
1
0
0
2116300673
10197679827
0
0
0
0
1971164174
0
674510982
3
517276921
0
39
0
0
24030759140
2
1
3
0
2836556290
0
16778118211
23070159492
353219839
6
0
11546542518
6
7
0
3
2364592936
6
0
1136936
2718027399
0
0
7273814084
1
0
8
1
7181720086
0
6
3
1
3
5
7
1
7414506545
24
1
17
70493508
777152327
9860593022
1996685000
0
24
0
78
147
4423822109
0
0
0
4956683
6
0
1
1
6926457150
0
12599258892
5597270509
0
7
21418625396
5
0
0
3
6928780
10
15341219086
0
0
0
6882552160
0
0
1845963262
449348369
0
0
0
4323328752
0
0
1
7
4725241969
591126542
0
68
1
0
2604449477
3
0
10251144647
0
0
5
0
15263538539
0
10
14099866021
0
0
0
2
3
64
51947572
208711736
120
7862130947
0
2
1118679319
192844164
1
0
2
0
0
0
20
0
1
0
3
0
2167
1
19764384320
0
0
11045498174
13347222274
6564135882
0
3
0
706790058
1
0
0
0
128
0
5
1
1
2897456071
0
0
5
0
0
0
1062526
4187543154
0
15
1369852409
0
2890073129
0
6
18524903980
1
6087629934
1
9105215678
37952028
0
0
13387318898
0
0
1
0
14
3907814
0
0
0
2487069196
0
1
29
0
21611221576
19393524162
4411950202
0
0
2764496083
1803832636
0
2
185301374
0
0
2289237975
1651214620
1
22
13649101248
0
0
1
0
25
893883149
2385906453
0
0
12846521261
4
21
0
1382504286
1
2
0
153
1
1059135796
1
0
13125857927
0
0
1
8531652819
12
0
0
16656142265
0
1
0
0
0
12206910382
0
0
18667276439
3
1331298463
4788808337
17849454714
0
5
0
15567379420
0
3
0
473005112
2
0
0
0
0
0
0
0
0
0
0
61
17
0
2
47
298
347530885
0
1
0
6
3327500147
4
14
0
8
0
0
0
0
811745583
2
0
2
11836055343
0
0
0
0
1
0
0
16
0
5
0
53
20122718
7585052644
9
0
2765367402
0
0
337055497
12
4
1
13056952223
0
0
56
13005749447
1
4083517
23327206947
0
2
12
30
1
0
0
1
10477455128
0
915226218
1
0
19
59
0
489617
2
0
13192119171
3322774450
0
0
0
18
0
0
20629618882
0
0
6
17
21
0
0
0
0
1229297144
1188082718
6
15
0
2553940647
41
0
14258785771
2236664866
12862302360
7481100260
0
0
0
0
789152908
0
3556500864
0
4679028128
8760696735
0
0
1
1
0
4541754127
2
0
1
0
21032330498
1
0
0
1
0
0
0
3
1
9
1
0
1796997746
0
0
5
0
16812340857
1
7990648357
0
0
3
8254433067
0
3
426479113
0
0
0
2
9
0
0
0
11654266245
43
16412000894
32927180
316881122
0
1
9
20034268535
0
1
333658443
3148960476
7
0
11857765
0
0
0
0
3
0
0
8
0
0
148906303
107461082
0
6
0
7642314774
0
0
5
8566324104
1786885788
0
0
0
0
0
15574764645
7
0
1
0
67
0
0
1
0
28859187
0
20
15453226697
293505992
0
17
16
0
0
19936649588
0
3
2072873298
14230622450
9624106694
1
379
23
13092221529
1
2589007405
1898132368
11389591740
5
0
0
0
2548383113
0
0
20141860745
0
28
11
0
0
0
0
0
6334381564
7
0
11179933572
11406411162
1
0
1
5764376667
103944645
0
0
6405940964
0
0
8
0
1
19903862763
17
377474801
2856168916
0
8
2
5794312152
967220491
0
0
1
3
145
11944567558
0
0
2407039711
0
0
17686531
0
2723488395
0
5571827940
523004039
21876389128
6
0
0
2892711507
0
16
8145310579
0
7733949
16026095752
5
349967140
12289055941
4684937441
0
17752808
0
4385156480
0
0
0
0
319038709
19
14693208114
0
101
0
1242355608
37
1
1
0
0
0
0
5804113216
22
3
0
3893036157
1
14046903319
18866983590
7
18
0
0
0
1
0
35
18698675633
1862874256
6972653091
0
0
0
0
164
23
32
0
1
0
7770259665
0
0
21718127578
2644267788
0
0
2164359167
0
0
20554801791
156
0
1
7465971017
0
3
1
7958417920
1
140
8
29717850
0
0
3
3
0
261792530
2969040739
7980887018
3
6280526708
1
9214419802
0
594768758
0
1
30
231538540
3
0
806091162
2
666440955
15575065242
0
0
6485227277
0
0
3846379918
5
5
0
0
0
1
8835474714
557885
12
0
15
1566880864
3
8588596986
0
14533246285
8147839046
0
0
0
20617331914
0
1
30
0
0
1
15102321798
11245243021
21977017
55
5424292498
338475950
6186196224
2634908769
0
24
0
0
1
0
3
14690525082
0
8
4219940450
19003575356
85
0
0
11
17744719873
150740036
4557900001
1
3
12357232024
0
0
5071547160
6205925127
0
2183596470
16043540703
5735613090
27
5293202916
0
0
0
0
0
0
0
0
12801253393
1904429685
0
0
1
1
0
19751507123
12727947298
4
7
2
0
9354625683
0
11506042000
0
0
22429165044
20887638077
0
140218314
17502672484
2
1
0
0
0
0
114745842
228474007
4
0
3784128669
4
1404158381
0
590843705
0
0
1
0
0
11700567424
0
0
13349950636
16
3
11265643140
383135909
0
7
0
9
0
16061999235
0
665418528
17619954536
0
0
0
0
22182471809
1
0
12
0
2348348792
22602198838
1
2024711702
0
0
59
9911807181
0
4402145143
0
23710830072
0
10
0
1
0
0
155106
0
0
0
0
0
0
5704661866
2
11
22
0
13830193221
74136489
0
5
604756805
0
0
2346053014
0
165
0
7679542417
0
10
3
18956352392
1
0
11196742318
0
56
20581981365
1
5264773943
0
1
8
2316579552
0
25
31
0
17746062446
497617830
0
0
0
0
0
0
0
0
72926544
0
0
7239208000
0
0
0
0
12
0
1
1
0
0
10626386327
0
21729255752
19
1
0
4007158300
0
0
2
1
0
1
0
1153169861
5
0
10
0
3
0
1
0
3
0
0
0
0
0
19758280931
196823856
0
15
0
0
214702153
2400408143
4523116721
0
0
51
0
6260358371
2792950889
8970479461
28
0
155
0
13497573967
0
0
3
197
6619994525
24
10
4
6284596708
4227063974
0
1699052087
1032537625
3
1
0
0
196143182
0
0
0
0
0
7712148801
0
2
12
0
5709369253
0
19755794184
5484698735
16864440650
3
11185347562
0
7
1622258759
0
6
39
0
14157951854
0
8608412170
85938093
144902234
2
5045150733
36
1
0
1
1
16349966061
0
3
0
0
278672736
74721301
0
5087616826
0
17986363591
0
0
1
1
0
0
0
19735283414
7220068916
1
4
0
7883641547
433
4898364891
9
0
2
0
7758854793
9
1
0
1
33
0
7152625079
12795223
10
21067728452
3
0
1507613127
196307925
0
6687779225
0
0
0
33573692
0
1
153176148
0
0
15
4
116482516
0
0
3020285473
18
5724741161
494897762
2654914548
0
0
9143612478
0
0
0
0
1
0
2824526281
0
0
3
0
1
0
0
8716633817
0
18001921757
0
0
0
0
0
0
0
0
0
2760363615
11374105037
19
0
0
0
0
15
4594095980
5
0
8
0
20156490760
6429121696
14450712023
543334638
17468454582
18640827228
0
6
12828012319
0
9
0
0
0
8707936213
0
6333651001
1
0
0
17690943364
0
0
0
2
0
158
2
145064547
2
0
0
0
5
0
61
0
2410791771
0
0
0
0
1
0
0
1131297244
4
7894343063
0
0
0
0
0
0
2396836165
22935257058
5
0
0
0
0
0
0
1
44
29
5113
2
0
0
0
9745116576
43
21
0
24
195
0
7699948200
327481649
0
0
1
0
0
17156468578
0
2732344630
5
0
0
225540976
8247448989
9
1947072374
0
0
0
2
4
20871929264
1
9662074193
54
0
0
0
1
0
1
0
0
0
4746538587
9430615889
6
24
38
0
0
0
2
76779173
1
0
2
342133522
0
0
0
0
21099593966
0
0
0
1181580409
47
23
3
8727165895
1
0
3167519638
0
890267236
0
21512988142
10612043071
7008453632
0
0
0
0
1
0
2
0
0
6
0
0
0
3963112415
0
1830808740
120
21
14224687940
19
0
0
1289640633
112165744
0
214749515
2
0
6
16541322293
0
0
1
5
4
15
0
0
1745419491
0
0
0
0
0
3
7161137076
2
0
15072189938
2296699664
16453304227
10146316455
16091314950
17
0
0
0
2599529811
11176717628
0
0
0
1
12606441876
8384105914
47485467
2137018332
283
3
11641406033
2442704766
3
0
0
0
2969173255
0
6
1522076631
163
0
1
0
6052272028
0
0
0
4081814
0
4
3
3
0
799525462
1326094652
0
4
0
577757803
0
37
1701876938
521178400
0
0
32
18
5785888241
228
0
0
0
9471995189
1
6981196284
20717307933
0
0
0
202
1
1
3
0
0
0
0
0
0
0
1
4
0
27
0
496474616
7679737536
0
1
0
0
2
0
0
9034373652
4
1
0
999967
0
0
3
2413429835
0
0
10
14387049673
14445495660
0
3
7
0
0
11023220120
10828640715
2999160978
8445401050
1
0
0
0
0
2
61
8500214748
0
127568661
7703222453
3685331657
0
0
0
19
1
0
0
23792093559
25
0
0
0
0
14992658714
24
13
9923702937
0
1
4026805975
3
161945602
16265549357
0
11691194240
26
5651442633
1
631
0
1
0
16
20517852730
0
438275740
15216679977
4318005021
29
1
0
109
1
0
15373626732
0
396656178
0
569509660
4822448423
0
0
0
4
17635160049
10663923493
0
4
6
0
0
0
42861030
1582168369
15030050467
5
0
160
0
9614732557
22331038116
0
4425133074
0
0
2843501167
4843960573
0
1
0
0
28
1956284626
11
15
16312324725
19307117228
876162970
9
0
0
0
0
11206985935
0
344930159
834441809
0
0
0
59
0
1213347096
0
6918326897
0
0
0
11590008373
1
40
7806772267
6
0
2
37
0
0
0
1
6743582842
0
1
0
14271138836
4190595969
0
11
3
0
75
0
1
0
3
0
0
0
779385949
0
0
20590916630
3309146840
8004511230
0
12000833109
1092979976
0
4
54607445
6092487685
2889744371
0
1
1
0
0
0
5
0
0
8700123804
1
0
23
0
0
3
391179020
0
1
2
2
1
0
0
7314921933
0
12293378522
0
0
0
0
0
0
0
0
16124621744
5713618781
3965406639
0
2
0
1715349
0
4473530868
18
1
0
2832657557
344995264
5613449634
1681636767
5
0
0
14437892400
0
9857391998
68
5103096567
0
4
17
20386101468
33
0
21948787337
0
3
13212900048
5
3
0
49
7
1
0
0
0
1
0
12470997696
54
2
7
2
0
0
0
1
0
8
0
13374146262
0
12
2745298385
15945277104
0
314457924
11558137897
0
1
16907667068
0
0
0
0
17512071907
34601129
0
0
0
0
0
0
0
10303715522
0
4
0
2
4893722145
0
0
0
0
0
0
12155431585
0
2
13572859090
1
18984017270
1
40263385
0
0
2531216414
0
6628679618
0
137266243
3594308198
0
0
0
17365808931
1
61
6207370075
0
7
11088817388
0
0
11384870889
3
0
0
6460157043
18007345090
0
0
0
0
2
0
0
230495835
19765951363
19966905388
1
20251465863
0
0
0
0
3
7
10
6082585300
11085512487
0
6468469580
4
0
54927348
0
15
0
0
27
0
0
22144668683
0
10
0
22304313012
16177373440
0
51061944
19780082448
1
6354846682
118804538
107
0
11350636955
3576202821
10275173934
0
0
6
2
0
0
9
0
0
4111850596
0
1
0
23
14351999802
10673213548
0
36
10
1
9655257067
0
5
0
0
0
0
2
0
26
1
51816490
0
0
15508587004
13132679661
0
13668645354
0
1
4899911459
11529000629
3775936687
0
0
2
21
23
0
3433036701
0
0
1
1
2
6543393911
0
26
0
2829939742
6
2
3
0
0
4
0
0
1
0
33
9015839505
20113080502
0
0
0
1
13438387124
13
32
1798305844
0
6
145993659
13587009610
0
41
382976135
0
17534036071
700259240
6
303884671
0
11661017192
64
0
0
0
19692809396
1
227670781
0
7
2
2
0
129
4737833730
13632059675
0
36
14638964910
106170134
3
12223728964
969632000
8
6334642691
0
1
0
1
0
12551980465
0
0
3122475009
0
0
0
11147275811
0
0
15246588351
1883794399
0
0
0
4
0
0
0
8
45
0
0
0
4
0
3
0
0
11991593868
2037735743
0
7911941
0
3287520650
0
1
0
6
1
3
0
0
2
0
0
0
23
1
43
12
0
0
0
0
2
21
0
1789772799
6214491347
17100122846
0
7222809530
4
44890228
0
0
3943038241
0
1
0
9460569676
0
0
966280721
0
0
0
10652825954
1
79186627
6
0
5092369786
11216526380
0
15729115101
0
0
0
0
0
1051551355
0
29
0
0
12
0
0
438381793
12
6
1
0
8
17836662715
0
0
0
111604107
26039928
0
2967793053
12224671705
1
3494036597
0
0
10
0
0
0
3426037266
2648361870
5653625751
0
7
0
5536761589
0
1
0
0
24
19
3
3
5604217780
1
0
0
0
6
248514509
6936193714
0
0
1
0
0
28
1316631781
1
5
0
0
0
3518986508
0
0
0
3
17043979032
10678743
1
18664937711
10
0
0
1
0
19938959206
54
0
14313224503
1171873935
0
0
0
0
1
0
0
0
17428635766
0
6
4
0
35
5
0
11
1
0
0
0
19672818138
10
0
0
15008751247
0
1
0
1
0
0
0
2282074505
4551810904
0
3
0
1
1221840098
15931307490
1633520465
0
0
1
1
0
0
0
0
0
0
4588790919
711164810
0
0
1
1
13353462878
0
0
0
3
5586523213
0
484888766
0
0
0
0
0
16522294284
9
0
0
1
70
22980164819
1
19965916809
1
0
18712138157
1
5114083178
0
7067161956
0
0
0
11902975802
1196540064
0
0
1
0
0
0
0
0
1434464340
4
17452401575
1
0
6
1
0
0
22
581907627
7740713837
0
0
33
14691908726
0
7
1
9164318666
0
0
1547388910
0
0
0
1
0
16290270355
0
0
0
6
0
9
0
20850557962
0
1
0
0
1
0
35
1
275499814
103137
0
2741110476
0
7316357879
8206279803
65
0
0
8746715765
833732162
63527045
2
23
8606476620
43413015
5790849901
33
6
0
0
37
0
1872913208
0
2587358784
15604231135
0
1701480672
67
2445307981
5
1956824675
2419739503
0
1
1892565309
11192345431
0
3
6
1
1
4
0
0
0
1753051933
1166944
0
0
29
0
1
10
0
2
3
2
1
916951016
932190324
8898505786
1967535839
0
45
10
1
0
28
83
15371525507
10
0
0
141
4915870405
16066404212
2638147904
0
3841336
0
0
6
59663552
0
0
0
0
0
0
5617431960
0
0
5781739131
0
66
0
7
23
0
128
0
1
0
0
0
9828925502
3192190196
12407487707
0
0
375940074
0
0
638418805
1
0
6948970881
0
16589978969
187778189
1551724992
0
7073353585
0
3618480
6
3
8383797718
0
0
0
0
3
11
1
18509935534
187
0
0
0
0
18
23441759785
153225955
0
1
0
15
1
2
7755070379
5802712674
0
0
1
0
0
7
102
3
156169124
17550602953
0
0
492886791
0
2
0
2692838259
9
0
0
7655888751
8718641826
16740389361
11014906282
0
0
0
6
13097286838
40
0
0
3050467881
0
0
3
0
791120891
0
21
0
0
23
4
1
0
20650433804
0
2
50451583
1
0
1
0
0
0
428352329
95300647
0
5242087137
13122292336
1
0
13
0
1867290463
1492891847
10263208903
12
18
1742789492
0
1116123211
1
4
17718646623
0
0
0
1
0
2590098135
0
0
0
0
0
352010749
7
0
83
5852109933
2
0
0
1265929320
3961474178
0
2
0
44
96
20
191484278
17101150314
12467247586
0
0
0
3
0
23658620623
15225282684
1040583435
1
3797381506
0
3
0
1910452502
169047238
0
5
3
11336564116
1
0
0
15229132888
0
0
6871644253
17
124682032
1271116609
10264211122
0
8209584882
20578888609
20618605
1284020033
139
0
302893309
0
1635645095
0
7
3
2554485633
22805493634
3
5522139312
23366263
0
1324119091
32592818
11
15025887481
0
1892993453
0
6
6
5
5
0
10135243605
8816310234
166409756
0
1
9802352430
20038826927
507686460
6698980415
1643870453
19
0
16
4
1
130098368
0
5739994618
0
8
0
1
166883974
85
10
9332171849
0
0
22
48334172
0
206084706
0
2
1
0
0
0
20262307683
0
10241468238
16437388862
11152804909
0
0
104
0
1
19320939213
0
1
0
0
1
7201781422
0
5
25
68
0
13
0
2
7145463121
11860596220
7
0
0
0
0
989050878
6
58
6928680743
0
4
1
0
6450167607
1
1
908279966
57
0
0
5978035613
0
458203826
73
0
6304383842
157995170
0
1
0
0
13652651246
0
3
9887310998
12304290230
3
4
0
8573594911
12
0
2
0
8365114
0
0
16464433962
0
0
0
16
0
15159881820
0
1708590772
1
12118190074
17276215674
0
0
0
0
0
2
38724135
0
349606409
0
0
0
757960390
0
48
0
0
0
0
3
0
8597737987
19605321635
0
3
7492460347
116
9458611771
40386575
0
0
0
0
6136540083
16444896047
0
0
0
0
335314823
0
0
20639291303
0
1
4
8139631262
0
3171877096
0
1147252957
0
8989867087
3
22
0
1
6420287885
8145489434
235383504
0
0
0
0
0
10189986689
0
15706098885
6603791106
0
0
107
143883410
15
14701530260
0
17963977250
1
0
0
0
3
0
0
1
11
0
0
24
16
0
11554637259
1
0
7276289016
0
922643921
0
1
3
0
1
409392275
15927539917
0
3
0
6
0
0
2144216733
26
22
0
22
0
0
3357660
16394985986
9
0
0
1
0
22739515291
0
4
0
987266310
2146767369
1653043836
5322509104
206991313
1
0
16145966551
16
5
13620772011
0
0
12889228018
709675194
19832305713
0
0
3
17201227540
1
0
29
3
0
0
0
0
0
10
9
0
0
0
0
11042065146
0
0
16146686132
0
20190148640
9
0
0
90
33840321
0
3
1901912688
6794822664
11951191919
2962315993
45635767
3
0
4
10716050931
3
0
2114062195
1
1
0
3
0
0
1
9945277030
0
3
2
20617251708
6
1
1
0
1
20843900772
0
0
9
65994487
0
0
0
3220049402
14472917148
0
1
0
0
0
0
13930860253
0
49
2
72
0
6642230903
12858372879
18514777380
0
0
0
3
14933462747
0
0
59163725
13583035707
76
16568037531
17881252085
1
1619623138
1
25
4119478403
0
0
0
0
0
0
0
10
19603571
5408851699
5125548097
12890546919
5812321773
10846882975
17503181779
0
1668029411
1
14443447083
0
1328622792
0
0
3233659474
0
9224516702
1
3
0
7665306443
3
24
0
1299874697
0
2799813862
20
0
0
7725017978
234958163
0
0
3484893407
0
0
5605556863
10
2060983924
0
1
63
1587515061
9294384512
0
3694585294
0
0
5155061848
0
18596343708
0
0
4
0
24
9
0
0
1
0
0
0
0
18851195125
7645156591
0
2
1911800459
1
2
2
0
805166311
0
2
0
6
5
1
1552686781
0
0
0
320972722
0
0
0
0
886072440
7407321533
0
2371769412
0
0
41
0
7
17
13388072184
13506165057
12910219330
1
6644897125
0
0
26
15985865922
8518482486
2909760556
1
0
1
0
2670996818
0
1
0
3
0
942647807
15160954004
9955189320
11170589619
3
15334403954
7357102100
0
1158112260
0
90911932
0
12806720527
3
158490450
0
0
3
25
0
1
0
73
0
0
0
12109442761
0
0
15128917185
1
2
0
0
4
0
0
0
14267341794
138120517
10
1
1
10875960549
0
15
2
362254769
85
3
13622578305
3
12
0
0
1
0
37
10422077381
0
15812364841
17
3435131605
0
1456018329
0
0
206
9
31
3651014459
0
0
0
3
1
1
276988626
2455931547
29
0
0
2
0
3100030449
136
0
7
0
17
13546357644
0
0
29
3
22220211658
0
0
7
2
6855997
0
7236222332
0
0
14
94
2
0
2
20461005040
1
2380593124
17519628171
0
6591718538
0
20099731693
2253736838
0
181
18686565255
0
1
1
8994237363
15317954872
771342311
16370849965
15548085287
2421431759
0
20184671308
0
9
3
0
0
0
544462035
0
0
0
0
0
0
0
0
1
14232771932
211176287
0
82149523
1
3
2195224393
6447343960
15
1
819245113
5
0
0
1
1351548475
38
0
3854274846
1
0
11
15577098416
0
14803663389
291
1024394186
15219271371
0
0
35
0
0
0
2390503265
956675364
0
1
2471528841
938890917
19240166397
0
0
0
0
2435592809
7
0
0
14744254500
15148065805
3
1
1
0
0
0
0
2512266492
0
6391759153
329
0
3
0
1
11
11542883927
28
1
0
0
0
0
11
0
0
2
0
0
1872399
0
0
0
0
23826997999
0
1
0
2276711895
19840376549
35
777391721
0
64
0
0
0
14677925055
0
8678030761
11774078795
0
0
16
0
10739313551
0
0
0
3
0
0
2
9844554022
5838290350
16
0
7786862299
2084988459
0
1
0
0
269784440
9
0
15716002276
0
0
1
0
3
67041518
3040623700
1
0
19247223422
2
3
7
1020410834
0
30
110555915
2
0
0
1
2713777024
0
0
3045588959
32
0
1
0
1
0
0
0
0
6186447588
0
0
2
88652957
12550329505
19749655742
0
0
187651
0
0
1
0
10
0
0
0
3
0
0
0
3
5
20
0
0
16975319024
4
4
5336769271
16482882453
0
4829804823
0
5
3336504370
3
9
1
86
0
1
0
0
0
39
1
1
1
28
2623705721
0
0
0
248
0
3
0
22845565621
0
1
11834511188
4
16
0
15651532396
3
1
147
0
10711466892
0
0
0
11
33
0
1
2837561700
12
0
0
14661129021
164
3
2625779068
0
156990600
0
128
0
1
840643229
0
1
0
0
4
0
0
409958022
11495266799
0
0
2
11548112052
8064522076
1
0
1286101996
0
21821449234
12418052019
0
18234036608
14528071029
0
31
0
0
0
19
79
0
79
3156510539
1
9329068446
0
1
11320419027
452882625
15
368448000
0
0
114357811
0
15
0
0
11689731639
0
35
1
7756127405
15
1428061163
0
0
456821519
3124451015
1989107134
7
10
0
0
13035189253
0
0
9528626543
17364612301
98
0
2
0
0
12
1
0
0
6
0
4
0
0
0
0
5
1
0
1
1
0
17478814165
1
0
1
23914091555
658323234
18512932483
0
6
0
1670624257
0
5872751
3178286197
14159786381
0
2
8646084236
2
16089250375
1282306249
3
0
4
0
1
1
6
0
1437638836
0
800480843
0
5628729400
1
0
14
0
0
1
0
25809982
0
21856702949
11876997423
0
22992539021
0
48
15
1783397308
0
1700613985
0
8
29
0
0
11
0
9977071140
1192119786
0
2
0
8096679087
0
0
0
11
25
8
1203482744
601607878
0
0
1246734837
0
0
0
284501603
1
0
0
0
2
14439930500
14
1
0
914568929
0
141795065
0
8149002152
13646588187
11
7
0
234727812
0
21629862781
1
3669051317
4
13137417854
1
18624364432
0
23272929074
19223332280
1
0
0
1737836487
8
0
10
3
2921124356
1
13941915179
22
0
45
4
0
16640442817
10235024071
32
0
0
0
0
3
0
0
0
2987035045
0
2
5913714401
5543489636
342179934
1
1
7642176516
0
8504159114
0
0
32572344
7251822197
14323553611
1
177932011
1
31
82
904392749
0
3297680426
0
1
0
0
8334250438
0
0
1470690214
15214885722
0
54
0
1321433781
0
1
0
20563415696
7
109
2828128159
1
1
0
3401928196
7620382745
100
3427949071
2
2393896119
0
2284949993
7
0
147701122
0
2861433453
0
14703770993
2
10136725358
4548904238
1873218162
0
0
20626836809
1
9087785124
3190280822
0
6
14
13
0
11
1
0
13636155239
9803839368
0
11491939065
720358228
19699786450
2187292280
0
2853365526
0
2
2130460041
174324119
0
0
0
0
0
18184956903
7
0
4
4424368192
0
6
0
3771443806
10
3
3
0
0
11883721046
0
0
0
26
0
1
9
0
43353467
0
7463706630
94
0
0
453108192
1
14111490214
6827477921
10
0
5565824406
3
1
0
4
0
3
0
0
11529584343
0
15
19630586378
1
0
0
1
1
45
42
9
0
2
3
0
4
36
888
11
0
64688472
0
0
14
0
0
9466602707
0
0
0
3
6045309162
0
5971573763
1
0
1
0
9733742507
13
18102921514
0
2
3495668995
0
0
0
0
20
0
4
3525916697
5
0
107732509
26
4908619793
5435104835
0
0
9245124559
0
0
3480902619
0
0
0
1
3
0
0
0
16643715019
130
0
3
787414128
0
123693620
0
0
0
0
0
1
0
0
1
0
0
26
0
0
1
46
0
70
0
1
0
0
0
12681261981
0
0
1277626096
3378186431
10710304465
25
1
816564065
0
81
8886209998
1
0
1
0
1
1
0
0
8
0
17835992030
15988352690
5
9968670619
100280077
0
27
0
4092079455
950048193
13
34
13593651749
10
1
65097111
0
0
0
0
1
3258876248
2
51
16912771837
1
0
0
0
0
23134585812
0
32
0
16372896896
6
0
0
0
727303049
0
0
0
0
4995958832
8292690821
32508510
23
0
4335548801
21879771263
136061244
0
12030074
0
0
131795063
9907679140
0
0
7955903
0
10801255937
0
0
689810802
34
1
35
1
4
3
0
0
0
0
1
2192100271
11
39
3
11825582529
35
3
1
52669966
0
0
146756839
0
4358712782
6469176068
173
1
2
0
20130907439
0
18
0
0
1
11061747598
0
0
14121557847
0
0
0
21241633669
1
5
73
0
0
1
1
0
1
0
1
5336478543
337
1672419882
0
0
9
8257552197
3
0
0
12088266583
1926917624
16
4
0
20028864268
0
0
27
0
6
0
0
0
0
1
9815745023
0
15973093768
0
16408552523
19249229010
0
0
419853452
0
0
13205177961
5713880185
0
34019795
565799822
0
0
3
7
10
0
6
0
0
21906156455
10307652377
0
0
1
763476167
1
0
0
0
0
3955916252
0
2799236342
0
0
1
0
7371527619
0
3159430552
6273454635
0
7277023782
0
25186
0
0
41388469
1
0
41414316
0
11644224586
0
1
0
0
1
0
0
23
3168579308
0
0
44
6
4
1
1
1498689852
4647076769
9
0
1
1803829037
2
0
0
0
0
966826658
1
2
2594116827
16000919
0
58
0
0
17589820881
20983778794
2
2
3
0
1167085366
4065765187
0
0
2200344231
160954474
5
10278918857
5194965552
12
40
15358441849
1129465431
0
0
11082700
1
0
0
5535662569
0
0
2402836219
0
6539881778
4
11
1198959146
0
7
0
0
0
88
0
1332950229
7
0
511455471
0
0
4
1
0
0
1
3
0
0
4040019468
1
8
5930699209
0
1
0
921152089
0
0
7859401123
0
0
9478234
0
1
0
8
1203165066
5339506155
29
16335644864
3
0
0
887315439
2085677265
0
1
0
10
0
1
0
0
0
20838527
3
11124577617
0
1
0
0
0
0
2946993412
75023548
19
7777861218
6
1
714732407
0
3
22
0
0
651836043
1
0
0
0
0
6
269348434
13417021109
10023960761
6
0
267076095
122
91
0
6
0
4
9173282770
5
1
0
12601071015
0
12455035281
2
1
0
15
6
0
3
9952570285
2
1987874817
9947979381
6
0
1
18501256402
0
21308539005
0
9942606816
1
0
1
24
8621529717
8377269379
0
0
0
6438271296
0
0
0
1
2457125202
1
0
8011106687
5
109152454
3957084387
0
0
0
0
1
1
0
0
3
8280569941
11
10
17570073075
0
0
5246179652
2
1
0
1
17417535921
194204461
0
0
19118542786
528683512
0
1
8169782400
0
4
14717277620
10
1444893241
0
8
0
18
0
9901068866
0
0
16459950938
0
4318104441
3
81
0
0
574291520
12
0
0
0
24889973
0
131989025
0
32
1334050260
0
1
0
1
5764964906
0
0
0
6744600835
1
0
17
6
16
0
0
0
0
0
0
2
590990524
1882655417
0
1
4515077059
0
120673008
0
65
16758675543
3
0
631637173
7419821494
22845975
3830011221
1
0
17
0
0
9
8
0
0
0
0
15
250713558
0
67
6225647919
1
7
1965377901
0
1
22
0
0
0
0
6307064945
10584367506
2
0
0
3
0
10
3894193646
0
0
0
1
0
0
0
0
0
2376258765
2
5
5
0
0
1097693661
0
1
0
868086648
0
3133098250
7723380171
6
0
44
58
22486850900
1
657953257
20842122357
0
23
0
1600722261
6
161771521
1044508575
0
1
10752580921
0
1
0
7442963859
15757760818
13358055145
26
0
1
11
19443039
0
1
22410620802
19139199398
21612694461
829784218
8
0
14451457925
0
21560393161
12801907433
0
0
2365690157
1353930666
0
1
8453111234
0
0
0
1917182435
19483056262
14890708209
1
2664111840
4956721595
0
6
0
10325433469
0
0
3
2
6070130185
20087400057
4
7169670545
56
1055605164
0
0
247079666
0
517786677
241
1415624984
0
0
0
1
0
0
0
18264603972
19
17660190483
0
0
0
0
1492647780
13014972747
2324103645
20499626925
4760296612
0
2002296114
15690399798
1
0
0
0
5
1
0
2015673146
90
0
0
0
0
14304118696
8037062075
25
7443665936
0
0
0
345649488
17
10916453813
0
1
0
0
326854527
0
18167670974
0
6
3
79
2
1
3662035564
1
0
11253664606
82
1734530640
11606327926
589097730
1
1435985106
67
1
14186770
55
9014232839
0
1
0
0
1282292900
0
5079859782
129
1
0
18524272626
1
5
0
17601152198
11589323970
11976215728
0
6
20482799440
0
18
0
0
695557228
5508801974
0
0
0
0
70
0
12767047327
0
7
7237866559
0
0
0
0
0
0
3
0
60
0
15304680274
0
1
0
19
0
2
15
0
0
0
0
0
0
0
1591829668
5584258030
4
1
896048707
0
0
3899344968
0
1
1950515824
0
11823943718
1325505395
4681620139
0
0
0
0
1
1804134318
0
61
19515181532
3693902463
10009540955
3
20258044191
1
0
10077351026
9986658448
2874811679
0
0
291
1547727935
1
0
0
0
1486808475
2761774245
4917269222
6
18
508214848
0
0
0
16
3
0
3
0
5
2905314139
29
0
5288831201
210
8
3
0
0
0
0
0
0
0
0
0
20288190112
0
0
0
2483119279
4771460102
0
2452895681
88349735
542544397
0
4
0
0
3734081968
1
10
0
38
0
1954776292
0
0
17
20027393472
0
28
12339050515
0
6
18537527049
0
14655712083
3
0
0
1
0
6
0
3416071035
1
3143903825
0
1363960012
6727738533
0
0
4
5909194947
5
27
1
0
4439435696
0
0
1537393568
0
0
0
13
0
13070661715
342002081
0
0
15694161695
149304393
4
2
6
7533188221
0
0
21592720262
0
0
4
0
0
0
0
1
12769525295
2672977695
0
681771624
0
2056456227
0
0
1
1
11197800739
0
1
0
2
6
0
1
159081521
5
3
8
2271474302
1074737146
0
1
6
0
14086274303
0
10
6
0
113
21770839553
0
0
1
6
22
0
0
0
11
1582139000
0
1
0
0
3028737676
0
0
2
1
1
1
0
14842737594
9100020403
1
51
6
4
0
15985305147
0
14615252168
3
0
0
0
0
18
3
928050531
0
15114897230
0
0
0
0
3
245108170
1
1
0
0
0
0
21853286740
1
0
3828834726
0
0
2
1
0
6
3
1279645962
1
14
70755023
14354834771
0
0
0
12902909407
1085989396
1
2910526102
0
0
0
9
0
12
16146491711
0
6828579793
22052614193
0
0
0
1481105412
1
0
269594513
12482285235
35
0
0
9
0
0
0
0
0
0
5
1
0
0
0
0
1
0
3640926090
0
0
54
0
7089253025
13
5
16411325650
0
0
2
1268889930
0
0
1
0
1233959706
9068016240
15935542329
1
0
4
20211098046
3
18319039853
0
0
0
1
0
2074137853
15
0
2
0
1
1
7
0
6
16773988555
0
19
7
0
11
3350258651
0
1
0
0
0
0
3
0
3829891431
0
145719988
90
0
16
1056567544
14
1
0
28972130
0
37
3
4
0
313061534
0
0
0
0
0
2
0
0
2
1
618992279
0
15
1
23
3
2640619599
13
1
3884718228
6
3968280452
0
1
98
8524461643
0
0
1
0
1425929412
754157065
0
0
0
0
872274398
1
0
7
3
0
0
18
40
7323856347
7571929264
0
78
112747015
0
0
0
0
4
1
3872629358
0
13066550440
6
0
0
16290517896
8862067650
5
0
16420390324
13
0
0
0
0
0
0
17943263210
168809521
0
0
0
0
3184402579
0
1223206350
0
113648902
3
2
0
2644164401
0
1
10435264703
9259824537
0
14822261591
83717893
0
0
4550968466
0
6922025651
0
0
0
0
0
0
37
0
14
4
2
1
1010281257
0
28
4794783803
0
2
0
10648978341
0
1
1
0
0
9227886472
7
13395614319
15229760037
0
16031355645
0
0
422637
0
7
0
2
0
0
0
0
18372614233
0
0
9
1
0
0
0
301143194
656870735
3
9
0
1185892422
41
0
536820119
1
6
0
17276355151
18633778659
0
12480074208
0
394276974
0
0
0
3998810004
11
1
0
226097112
21700361129
15465061958
0
3
14
14908244663
0
0
22570791247
0
10101501704
10559025197
0
0
2
0
0
72835410
10857907724
2932294131
0
2581838901
0
0
12865992881
43
0
4073123308
21987983548
972062303
0
441917538
3
3
0
0
0
233857875
23
0
1
0
8973617614
0
16040437907
0
7688026264
1
0
9182474635
0
0
2
27
0
0
1
13
1
0
2
3
5
0
7036343304
0
0
3
0
1328721521
21629813126
1105320819
3
0
0
0
2
0
20438607847
465645510
1
10177959294
855065122
143
1
0
0
0
0
1
0
9
0
0
0
0
0
1
0
356770431
0
22735008366
0
0
0
4
1894519547
0
0
4
1
3
0
0
4
1751601079
14
7
0
0
1
576515885
0
0
31
16
0
0
0
11
0
0
0
1
9832739507
6
0
16858276959
0
13702181203
1
3096690144
19219993130
0
1
4798018579
14981577375
0
58387050
4314464966
0
6
0
0
7134577341
2524667709
0
0
0
6280651417
0
1
0
0
42965121
0
8
0
18652909135
0
0
0
33
0
0
34412466
0
90
12023430292
4
3
1
0
23
0
3
0
19121829048
4
6
0
2
2
9189864926
0
14290366463
1
0
6
1
0
9
0
0
14270416233
0
4
6
980118838
1
0
4864795433
0
125160573
9013268865
1
17
4
104
0
0
0
0
0
3
3
8857221
46
542380149
17
0
0
2414065235
156744130
34
7
1
0
2
1649930
7
55240482
0
5
2
780988376
0
0
0
69
19138566589
13883738814
15
16025857483
10392480477
15
1
2
0
614504
6
0
13
0
0
0
142
16
0
0
13741725124
0
1746425252
6
0
0
555383730
0
0
19522520136
240075071
0
3462188581
22
0
17
13669443113
0
0
0
1
167964429
8002903392
0
4311059352
21649925349
15
0
3
4
0
0
0
37
10
1
30
0
0
70601824
0
0
0
29
1
2664288663
0
2890622455
0
393754337
1
0
8
16804398190
0
0
37
0
1250043447
0
0
0
0
0
0
19
0
0
1
17
1
6
1
1
0
0
0
0
0
12744537503
12
3
1
13907716498
11556879875
85360947
9
1
1
0
0
0
641740490
2
0
451477598
16688754736
1074022416
0
1
20902606723
0
3
0
3235923011
19
1
0
3
1
0
0
0
28
22062237487
2776224367
1
2819878921
0
0
6577598044
9
5
3
0
0
0
11
0
0
6083548593
180916578
1
0
0
0
3
5
1
1
2
802552746
0
7563239
1
13
0
4
2
0
3
1
4
0
243
0
1
0
56
1
0
0
10
6
4
0
0
14854943173
0
0
0
3
0
27
79
0
0
7
1
2
0
1
0
0
19334064
0
1
5700595644
0
7
21
1
1
0
0
8989482858
1
2361254678
4
12633456248
0
0
142573341
2
8
3
12004797984
1227312600
0
22241010847
8362366520
951115657
0
0
1
0
483813122
0
15090695574
0
1
0
1
0
0
12932434482
12407719749
0
0
1
0
12926360223
0
0
10181930727
0
0
97
0
0
0
36
1146768117
1
0
0
1
56
0
20589804805
0
0
10
0
1228575386
2
0
0
6315232665
0
10
12
20451834545
428376782
0
13355728031
8
0
1670404989
0
0
333749064
37
1
0
0
6082642891
13
0
0
0
0
0
4
0
0
2742450
90
0
457692552
1829249429
0
0
28
0
3
1093913322
0
4
0
0
1
568306688
0
0
8596152417
0
0
9
1
5061215422
2672517388
0
0
3
0
0
1
21
1763174578
48
12972142716
37
0
0
11512832910
15
3
0
0
4064598986
112
81999291
16022211110
3749733
49
0
0
0
0
0
0
0
14696486833
4
20504161124
8633433124
0
7
6863991297
6348913140
0
4
852576401
5470034494
1
1290969484
0
0
3468414591
23768195067
1
0
11262120877
34
23518240
9666908868
0
1
19002623859
3
2096198191
0
0
21539615896
11
5
0
0
0
0
70
0
1
0
1595529578
0
1
0
41
1
8
0
0
96259452
6
165532134
5
0
0
0
10281473687
7656488490
717530164
0
0
0
5
3842906760
0
22209078901
19730116011
0
6705232735
0
0
91573821
0
0
279026763
6510420884
0
13526569151
15
1
1
235
1
7999373166
1
8
0
6
928119252
1
0
1128068580
0
6371120711
6
0
23894574704
1
4374193234
0
23
0
0
23410277958
5480429377
0
0
0
1
1
5643917561
0
17117694978
14984291553
3317592522
1
1
1
19600545487
6
11173059747
16963244557
3
8300810168
0
5844360861
0
0
1180276304
0
2
1914580766
22344847060
1
0
6228016141
1
0
11
0
0
0
2
0
1
5
18541908839
10072050
93
17778163114
0
0
1745872721
1204641
13662653918
0
14566094897
8
8381055489
0
3
1
0
0
1
0
18528030711
0
8947723909
5902740086
9503820688
1
0
0
0
23043298803
0
7926068150
0
6
0
0
0
1
12859371857
221
1
0
14333003565
56
3
0
1989019499
0
70025504
0
0
31
0
8085293880
0
41681386
3
7
2
0
32
0
0
1
1
21569950160
4
118
0
0
0
7
0
1
2797652652
5146278676
0
5
7011274934
0
1
0
0
6
8360236722
3
2077256533
13529065863
814768800
11153342865
1
9710024777
0
60
15
0
40
0
16
18201067127
3069072539
3
150
0
0
1744167
18325625472
0
16521595161
48335406
0
8830103807
36
0
0
78
0
0
0
6051114991
0
0
2
0
7811421322
2
21
3
21102661084
0
0
0
17645348274
1296948
9417596
0
0
50252848
1
3
39
0
0
12807638178
0
4
0
5
6470844875
16
0
34
2
0
3
1
0
36
0
7547594563
0
702790043
0
0
1825294006
21
4
157276186
1
0
0
0
6
4
0
1
0
17392462353
0
1
13080633449
21075956395
0
18
862281906
18
0
15984816488
0
118
0
6356195431
3
0
78
8643303594
0
2
0
0
0
388962983
0
0
5988091319
0
0
19281322579
8382329627
0
5892801019
3263161733
0
10988999471
279192537
5054034917
0
3
0
100
0
0
41
1
9390231193
291330510
0
0
1
0
446
20366667944
9
0
0
0
5020405
1
17607954571
0
1
0
158785258
0
0
0
12288321482
0
0
2
4714718181
0
0
11423823762
17609252350
0
7851213781
3
9189235040
0
6153792
1
0
1218697800
0
4
39
26
0
0
6097939934
0
6559293854
0
0
14387914159
0
0
9859990189
32
0
5898622143
0
14
1
1
0
0
7314915183
10
3206972832
5992013710
0
0
2
222265844
267684172
3
1723290915
43
1
2220441662
5469200492
0
0
2855128953
0
0
3985140999
3826971849
0
166014479
0
1
0
1
2
0
0
0
102612584
0
0
24082213117
111
847341126
8923154514
0
32
0
0
0
0
21927252290
1
0
2807933591
1698531113
19
0
0
675970501
0
0
0
1
10
0
1
1
0
3
1124281093
56
10724000697
3
16292329303
15594657644
10
14085863576
8
0
0
0
0
0
0
32
13
2
0
0
0
60
16
19
0
10
1127804814
12541886051
0
0
0
3090279068
2540881836
36
1649641157
2
0
690796042
0
0
3569265160
0
2251760300
29
7855870220
0
3402897286
3
3633087755
0
0
0
0
3
14030800965
6065894218
0
0
5
0
20
4
3772732071
0
51
55
11
0
0
0
1
0
0
8910471360
17885270900
2
1
1
0
1
22
20881508844
0
15
305013456
0
4881291082
1
12059055176
0
17830739679
0
10593534252
0
0
8848494417
947835559
12
0
405425319
16064449792
0
3
475635031
3474368158
0
3
0
4505344423
11
8427165685
22
0
0
7197537316
0
1
17
1
0
0
0
3
3
0
5886829012
0
1
7838988681
45
0
10
0
0
0
75969188
1
3
0
0
7
0
0
0
108
0
2303604274
0
15181982614
0
0
6507067597
7
3
12
0
1
6
4
0
7114071809
1
0
34
1
53
0
0
5466912020
4080905683
12520448547
2
0
0
22468842
0
0
13
7297199908
2064556260
532286130
0
3772100794
0
7
7
0
0
0
0
0
9
0
3
18553352705
0
8927939692
1
0
0
0
44
3
2779249530
0
3049822336
3060043434
2
0
0
24
0
0
0
6
19018608038
3937190392
18783872
691957843
0
0
0
0
0
1
0
19
0
447074
0
44
1
799883520
12
0
0
0
3068521507
2
0
6526560025
995997628
0
725205391
0
998237158
3
9882571133
2
14969052792
11910921541
10074211022
0
0
1
1
0
4418747499
0
1
3
20929398601
0
501428749
3
0
0
2742950946
0
1
0
0
27
0
15612555217
8353298692
113
3
12001157830
0
1144095045
1
0
6099938122
17563645102
17640961960
0
0
0
26
4
2
0
870434197
2
0
5
0
8074190302
0
0
8138556162
0
2178223353
16
4315790681
522587385
0
0
1
6535563813
0
2
0
1
0
15898311059
14
1
314440948
1
0
11
5
368514837
8517183173
0
0
0
2608204120
249319572
2
6200148534
0
5
13
5
0
19
0
2
2438667371
0
0
0
2
0
17
0
0
2
0
1
0
18959610253
0
3058713197
0
21356614650
0
0
16
1
1286179366
0
1634782625
68
0
2
3
1
0
0
22213294699
28
1
0
0
0
0
0
13400539861
0
0
3
3
26248434
11823326663
2076876594
0
0
7692695911
113537796
6177316141
13
1201995410
6
9
0
0
1
11797361402
0
9921389375
13628857569
6
0
31
11
0
0
1
0
451954897
15250559481
14894394599
6
241369741
18775085414
0
10996585061
16952517779
2682019730
1196798079
1802090990
0
698150526
13662918442
8
1
0
0
5
0
2
13800093672
1
0
3
3942665305
9191681105
0
20550843946
6
8866321812
16247251517
1
15831414601
0
0
1
0
5378968917
0
0
1
18802862904
0
0
0
471010562
15805879074
0
0
0
9958693568
6
0
0
17113450041
0
1
4
0
1
1
6
0
0
0
1
0
8442092160
1223670190
123511217
9631725358
0
0
90490042
4
0
0
0
5
0
0
1
16116481951
0
11554130031
2200201920
0
0
22
2246077568
17018676077
0
0
0
16533064037
0
3927445376
1
0
28
0
1
411342434
0
29
13872136433
4313467602
0
6
7996501787
0
12534868788
20845667501
14111201714
10992870170
0
11987601
0
0
46
4
2
0
0
4
0
0
11
2
0
0
0
15026694993
7149098603
0
44
9
17
0
0
7945753765
0
460112396
0
1
4
20013040261
0
0
3
0
114353328
0
0
1
0
18761425623
14769742
27
4
1
21
6
0
4
7
1
0
0
2
551378283
0
4
5
0
755731853
9
0
17506199920
1
0
19500056064
1
2201016367
4185605611
0
0
0
2
0
23443847463
4
2
0
1217813892
4507278948
0
1
3798176002
0
13190304209
45774
0
3
9770829135
15794140546
0
0
326738143
1
0
0
0
7288513968
19665736052
8
25
4148391685
18137269242
726381333
107
0
22855271103
6236103914
3371189320
0
0
0
19837639646
1571286401
3
0
0
16035929593
2432040000
13600799366
0
3
6032014810
1
24
0
2
0
0
4346971596
0
3
0
15
2
2
0
0
102506271
0
17615284103
3
0
0
23120495997
7475498067
0
1181970312
0
4026911779
6679472803
8573613915
112
0
3
19864209901
0
7789456520
0
0
0
2
0
3121008898
0
3
14775899232
0
35
1
3732326950
3
0
0
1
44
7091822956
0
35
14195463165
1
8709777705
0
14414539919
1
0
2591782627
3
12862558340
3
2
0
0
0
0
0
0
106
0
0
0
0
12757874104
6
7236491924
0
119866030
10
10499092202
0
10925958534
2322669863
0
11
24
15
0
4
845787175
0
18597753620
2
0
13236347513
28
0
4277452135
8354082407
18544291765
0
4
237536320
0
0
1088347028
2217145902
0
206
0
1
19141690547
1629677609
0
0
15
0
4153556684
0
25
0
1
5
5790009747
11688294250
0
213435202
0
0
121564967
0
261458921
3
0
31
0
6998875982
108
7
5298799861
137134317
0
0
0
1137346603
1
0
0
4220044550
10
8412438409
0
3
30
0
0
0
5597381284
0
0
10084312697
7664822115
0
11
0
7
12328094942
1042940522
0
8163323124
1286529959
17193607923
0
280503206
0
0
0
0
0
0
0
17019153920
3091647599
15
0
0
279820088
0
0
377286645
0
15230996348
0
19
3660783221
292079906
0
0
7079694980
0
0
9
0
0
1
0
0
724492146
18784618152
4
0
3172355845
1690407116
533
0
0
7992965157
1
20910543141
0
3
0
48
18661031150
0
87
0
3
0
13562664220
2822417634
1
6146914858
15
0
0
39
2
19
0
0
9007656331
6
0
14377418986
0
0
0
3440755322
17302626469
424465491
11241946545
0
9854241182
35
0
0
0
0
8
0
0
0
0
0
7827845345
4
4
0
0
7762159888
0
2
0
0
0
0
10
0
13735345115
0
0
4
1
0
594790086
20772235190
13
13055601935
8195429070
0
14293589133
829883164
0
0
0
1
5
20814644918
0
4608473868
5
39
13
16649805147
0
2
11
12
11293025456
0
82
16902557695
0
7881757933
1
52
0
0
1
0
0
4703861917
0
4
56947371
20
47
1
0
26
0
14550212973
6
0
4
817478150
0
8048585164
3014528346
22006682649
0
0
15
703074802
261649533
0
1924715124
18439961688
5090753286
0
1
11939725030
0
9
4
2
0
0
1
776992970
1
0
19688645705
0
0
6066955
4357587041
0
11463023700
40
0
0
0
21057571986
0
0
0
1073615746
1
12862441476
0
0
6
21564721935
352774151
0
10519060858
1
1
978697211
0
9711053108
2450244288
4388683965
37166440
0
0
0
1
0
0
3
0
0
0
1
1
398714116
0
1
12707957655
9540283100
0
0
0
3
510763293
3801956081
4072655224
0
0
0
0
0
12215976092
0
8
0
12496175002
60
0
9996862131
0
3
0
0
561807870
1
12855022912
1
4896685786
254908002
0
0
0
0
0
0
8400143193
7871761530
0
0
949116179
15853618318
10847682495
1
0
1
0
9708820262
0
5078313483
0
0
2546794417
2
6489702200
2888701124
0
3729941253
13
0
3861704503
9
4189026220
1418151096
15412201046
7136196220
1
17619141793
3
0
15
17125085561
5078147317
1
1067073918
1098292337
1
0
0
1
2
3498573486
0
0
5248667924
0
0
7322361585
0
0
2
0
0
10841832999
14
1
9
0
0
0
1524958044
0
0
0
0
16734377859
0
1133675513
0
1
7
7382233844
226084560
0
0
0
1093074117
832531922
27
7653595499
0
15824434317
7950375127
0
0
0
0
0
1
135706024
0
0
0
644479634
50
10
15790094388
14719263592
2
2
12218663947
0
0
30
13985874305
5
0
1
15
1818699256
1
0
0
0
2502134705
0
0
2
0
0
1044534023
40
30
0
0
0
1764693997
7
0
0
0
10
3571012423
1
32817983
0
3
17329092621
7462648710
0
0
70
16261529552
4783478496
1246062406
0
0
1
5
11
0
3391699372
15
0
0
1
0
16389664496
278858693
7744930782
0
3809304876
2267772567
0
0
21
1
0
2
904089178
0
1
0
39
9
3
0
1
1816014286
0
0
0
0
11
0
1
0
0
0
992739624
20
1914620419
0
728483662
4843795292
1256568393
1
0
461455833
1097126901
1
5240219681
1
20974512986
5555357275
0
0
738705291
16671943362
12850555025
13821154308
2
1
1
1
4100901865
0
3567887566
17597063956
7893978175
0
0
0
0
0
1
9
12
0
0
8616970517
5839142159
1918234188
6
3054184531
0
0
3
0
0
0
0
0
22
16063071526
303082441
21137597579
0
0
2780617553
17
0
11646738099
0
17557937165
0
2649427192
0
0
21150468328
57967
762779728
16263482019
1
0
0
10658223959
11
4883769969
2
0
0
0
7
3
26
0
3
0
0
28
1
0
0
0
0
1770415178
0
241117724
3337738266
0
41
0
9
0
0
15243868
2622667128
0
0
0
1
38
1
0
19
0
0
0
20896653738
0
17663473723
2
17217692597
1
0
0
0
1
11644159476
0
0
0
5654310103
0
0
0
18576674199
1155165954
6
21869185006
135356474
15323633670
0
19169121942
2
0
5935272291
0
1
0
0
1
2
0
0
0
0
9
3
0
0
0
15
0
22494885218
9
19854448090
0
10614214760
2
9860261014
53
0
11
0
14745854661
1
0
10941734781
8
0
39
3
21098881061
22014286966
627397840
119
0
0
1044325953
2
411220227
20840882396
275860432
1
4
0
20032395978
1317338670
0
27521606
7407532437
0
299214004
7
3
0
0
0
704794517
0
165934107
3
2
4
2
0
0
0
0
492998236
0
20992865538
0
7510879641
0
0
9661030080
560697264
0
0
0
1
2
47213909
39
5187768478
0
68
38
1
1
0
5387683786
2112089393
0
0
22314890251
8728206648
0
0
309532408
0
0
486227482
0
13
0
1
0
3183648749
0
19881117826
0
14
3
0
1
4
0
0
54
0
0
0
15370965208
18349380001
0
26
0
6
4141240272
2
596649211
0
0
7368035184
4
0
1
0
400878093
1
3
22527493174
18884146365
3
0
0
4
0
2
0
13287252369
19
0
451429472
42
1
6457125936
7841141433
15
0
69
0
0
12752322244
0
0
471986704
36
1
6832835855
6
6
10
1
2
1
0
0
0
0
23271412384
0
0
0
1
0
0
154
1
0
0
7129725050
3765256950
6
0
0
0
0
0
51
0
8791622786
13036830468
7256751779
0
1
7
1
3
1037967216
0
0
18076231879
0
2956366
1
22246781
0
6
14
0
3
0
8918939744
0
0
22190478303
2
0
0
0
0
0
0
0
2
0
0
0
3
0
0
0
0
0
1
1
2
1
0
4354976583
18
1692778045
1
3
223
0
193
15
1
0
0
239275259
0
1
19
0
0
0
0
100149
0
10124745179
8938529263
0
2
7899367950
0
0
0
12766101248
1
0
0
14072282700
0
0
8410515894
14
11857008254
0
0
0
11946104199
0
0
2
4
0
15665875827
3
0
5044486173
3
10
1096877647
0
0
1
26687492
5627551741
0
16206982100
0
6
5
1
15
1
0
2423215559
1
23
0
19
99
0
0
0
0
9082794194
0
15799231669
18270323696
0
12120265554
0
0
2
0
3
2
4157548017
0
8530025
0
7419143050
5
0
0
1406022632
0
0
65639259
98
1
0
0
58
32
0
0
7703109857
0
18
230
20595963158
534595334
0
18
3
13195405747
0
1621952689
0
15375256765
0
2
2706388969
5706235356
0
0
0
20568418705
29
392087992
6
0
0
0
95
36208693
0
918429595
11405287405
843491281
63
0
0
0
0
0
1411369181
0
17240670547
0
14721753983
13411165044
0
21
7961487592
349830303
0
13044991289
0
11875138762
1298214604
3
0
6
0
2543088720
0
36422619
1
1
459322354
2
19
0
0
0
0
0
1
0
326532909
3892949360
4153359568
6440526800
2277440732
33
0
0
0
12
13384202602
0
16431623930
0
0
0
0
0
2
0
8
0
0
6789475054
0
0
11977368862
12762340926
24
0
0
3707990468
3
0
16065376877
0
0
0
21
17723736931
0
4672146604
0
11
393108592
0
0
2
6
0
0
0
19947989117
5055291691
0
0
0
0
1
2972479066
0
197869858
3070635861
16420981507
105
0
0
4
1
12646074369
24
0
3
0
6
12270979581
2403025788
2049918611
0
0
10470686945
21957550446
2023756974
0
16
0
2
0
0
0
228797435
7312400144
24
1999806826
0
0
0
1180875748
6577350108
5975766219
2
12
0
3305986839
4
0
0
0
0
0
135701680
7212122
17799661720
774924271
0
0
0
0
0
1
0
0
1
0
20248113547
20
0
0
0
13261647789
1
5668449814
0
0
12257229607
0
2605635601
3
42
4066352972
16268270277
0
1280729052
6
0
0
0
14263398067
100900646
0
14755662459
4
0
85
0
7898284001
0
961875634
0
3444425311
0
9338076145
0
5
0
742974916
0
0
11677592812
0
4
0
18503086355
1
0
2
2
0
0
0
0
8354275400
4831267240
7117172311
0
0
0
0
0
0
0
1
3
36
0
7698257125
0
0
0
10
0
0
0
6341246264
0
158268969
1
112927355
0
19
81
0
1
1933278337
0
0
0
0
594954148
0
4579469029
3
19729373322
9
18947650882
506805832
0
37291446
32
0
62723407
7
10292920386
0
6
5032054944
27
0
0
3130986
12463840922
0
0
1
0
1957663
140303611
2
0
3046781669
0
0
0
0
2
0
0
20077728723
3
13
0
0
2
4387968967
6928841599
0
1
0
0
0
1
0
1
8
7844126506
1
11220619534
17439111846
0
3
0
0
0
15034506559
1845286044
0
0
31
0
0
0
0
3281112546
129
0
6121355622
0
5452744345
13
15
3
0
14882244965
0
4626482258
5692357480
0
19174288367
3
0
0
0
18
0
0
13
23
1
12677760969
683624653
0
37
4941219601
8857494786
10982600210
0
338420065
12853681283
9
0
0
34
1879243179
8535773702
1
6693529563
10
0
4573118
2305186620
0
0
1372962606
6
144
196
0
0
2477677636
1
9880816264
1
0
13482384799
0
0
0
0
5
2
0
0
13495488294
3115734694
0
0
0
825569041
0
16
0
0
0
0
1315100114
0
2
1
0
3726689214
0
23
0
0
0
0
6608131859
63444549
6274798733
5
0
1
3868489686
3
3978022970
0
9224270574
0
0
2706874876
0
0
1362064262
0
0
3
102
7844924556
0
55229630
0
0
292013806
0
0
0
14172679655
0
2869865412
2
8568901037
0
6
105427361
5236150408
0
26
0
1
16477847709
1283390348
0
0
1
0
1
12
3653937465
0
0
0
2
0
8068633150
11689859888
0
0
0
2521962815
7
0
0
0
0
18
1
0
4
3021958767
1331662316
0
11574875325
0
7
0
10
10187945
0
0
9097748330
0
0
7672344771
16011550488
1
1616156581
7695008895
18
12
0
4059592290
797634167
0
0
0
0
0
2034078030
3322378195
5
65771895
0
0
7307031569
0
0
0
5007883449
0
0
0
113957816
2794150931
9
1
12875474060
0
1
4539571035
16559230230
3
0
13627251041
0
3
0
19002158391
5542803752
3808441678
532617528
0
0
747050058
6860702575
1
0
0
0
8210350787
0
2
6
7462700188
0
19449599878
0
1801551013
0
0
0
92572936
1
0
12161474301
0
8
3473148012
0
0
28
0
12656984248
1
1
1
3
1
3
16414948866
0
49572993
0
3961414525
7162241211
2
40
98
0
0
2849015865
2
0
725886677
2
0
0
13694482232
0
0
0
6
0
0
149792195
5789688730
0
0
0
0
0
0
6
11895473082
0
57
4
3
0
19
0
2881251763
0
20
3
5
0
0
0
7076463183
0
0
6356362736
0
12752952356
3
0
6865780651
19
0
0
0
2
18178330517
317878739
6243583619
12072242875
0
32
8
28
0
57328113
2
0
0
6004027
0
1981289775
0
1
3
0
14991785478
176637931
0
1
42
1
0
91420897
16784270518
0
0
89
0
3435929006
0
1
1
0
0
440565530
0
208814244
0
0
4574776095
13
0
0
10
0
0
13095383270
1
9
14035087746
4
22
0
0
2059031373
634541080
1440671893
9453961261
0
3019348934
1
13771505
64
0
16967735168
20169996123
0
0
6
2041950298
0
1
14
24
0
3993681869
1278463939
8333357585
47
5237412434
0
1
0
5
9322833085
44
0
0
0
18
17
1844730992
19053646440
0
0
0
1
2250573797
6470509586
0
0
0
0
7
1
0
7
0
18092756592
0
6
0
0
674368750
0
0
6
1
0
0
12088109679
11
6967344238
6
0
0
0
0
0
0
1148220319
0
19060664978
20826243656
0
5144596989
0
6110952707
0
11760286507
3
3210094363
11679548255
6571777577
0
1680063213
0
30
0
12
4
0
0
3
0
9
4
5
10742529972
1823568755
13703587635
8892144949
0
0
0
1
9
1104228447
0
0
8630612870
1877385428
23
0
0
17981353501
0
0
1
0
8370011514
6
0
0
0
0
9226011104
2981404
0
0
0
941366659
1615470351
10
0
5
2
0
0
547777133
8
3
0
0
0
0
0
0
0
1
0
5821906876
0
57
0
0
1
13215479342
3
10965550537
0
19496129253
6407386877
0
129994697
1
0
33
611041619
12942296468
1006948299
15
0
11214994290
3
0
1
0
9659649459
0
17
18101398343
20731804064
0
0
5940508620
10961867768
0
8174039364
0
0
1
1
18589863014
0
0
10
900938293
41
1
5
7
1
0
1
0
2905564718
1
3459787381
0
0
2
1
3
0
6838489
0
3149061658
0
1
464291921
0
41
12
12395205240
1247767968
1018658091
0
0
70803103
1654878008
0
0
1
0
19655440924
0
1
0
4264272271
79
0
0
0
8
0
1305044858
0
0
18
14314000958
16729605871
0
13804215446
18
2234522235
0
79
1
0
1
0
1190405023
17452328942
15
3
0
0
3
1
0
6065235934
1010325355
0
1
0
16869384175
780592081
0
15337021424
2010588577
1
14153887138
0
6
0
0
4
77
1
0
0
0
1
238
0
44
7988328587
0
1414212098
18
0
19277971368
0
2509680977
3561943216
0
0
2111754406
0
1
6772609104
19358181506
3389028067
259868175
0
0
0
13618156922
0
3
1
0
0
8852264980
3
5514530
4
4528377641
0
55
2792950816
5
1
8
1183036960
127
1
5115874372
1262560212
4778929557
25
435007839
1684481506
41
1301418969
1254168
5
17
0
0
11639115144
20008639447
1
1459700387
23416587959
0
10
0
3
87
34
1387243345
23
2
0
0
397860276
17056220701
0
0
9592370144
0
0
1043129
0
2218934948
3
1
17
0
1
10
0
0
9428491779
68
5
15484297106
0
15877213174
0
7296397515
8752588583
0
0
0
0
0
0
43943637
0
0
10944498951
13413461148
15
0
5
3
1122658848
0
1
4199820669
11808301307
1
10442446651
6
37
10388204841
0
3
0
0
11136064392
2336871688
0
0
12912365321
22416084709
3
19535103446
0
0
1
3
0
2047253655
0
0
52
17950112113
3780514825
1
12106425052
1
0
7
1143467674
28
7993987887
0
0
3
0
0
3
0
0
97624874
0
1
1382784133
0
7250980196
0
7
3
0
519354916
0
6
0
0
0
0
3974292737
0
0
0
0
0
18
0
12
0
4
0
3621531727
0
86
2191196311
0
0
1
0
6092954256
12318723273
30009811
0
0
0
21400878297
1
8960694234
23805994348
0
56898596
0
2
0
0
73
0
0
0
5
17169193614
1
3
0
14231429225
0
0
15
36
0
0
13328587607
0
1
6536939735
3
11898397151
0
1
986022994
0
14195732947
0
0
0
1669007604
1
0
2
0
5792653230
1111103786
0
0
1
0
1558736948
13910530003
0
3242741637
0
2
1157345730
40
2
17
0
14696701501
0
38
12611346958
0
0
0
55
0
0
0
0
12
0
24219
2783093853
3
2
1220393871
12
2
0
0
0
0
0
0
1881806788
0
22840969029
5
20905062596
0
5367055961
80358477
10460734755
4015689575
1
5112990071
0
18538733687
0
14740144099
6318067526
0
0
0
0
7775807983
0
33
188
1734080768
1
0
2900241205
0
3
0
0
0
0
0
2398117933
23
0
15774587138
16083774724
0
0
1260947358
0
0
10450490586
0
1
0
0
0
0
0
17306407102
5
0
2667898236
0
3
1
1692292646
1
0
11681644168
0
0
5598078103
4355677205
0
0
0
2113001798
1
0
1
0
0
28
0
6971384308
1860534799
10
0
11864880875
171
3
76
0
79
0
0
0
20613546459
2
2
0
0
6
13309645
27962045
0
0
0
0
1785017584
0
0
0
1
25
11
99
39
1
0
0
3
0
1496040583
0
16
0
0
0
0
1
3
0
0
0
8155970363
0
0
17
7016607107
0
0
418510855
0
0
0
13473045667
28
0
0
3014041165
1210608358
0
0
5
5272536747
1509713068
3
0
0
0
0
0
21144350635
14
1
1
3
18362793915
0
1
0
212876206
0
12582217
1
0
0
1
0
16
6709249774
0
5043084742
0
1
20740132557
106
0
10322215630
0
0
12564932614
14332330316
6981804415
3
0
0
504586371
3
2
5
0
0
1
9925569688
13
0
19638042980
19719014414
0
0
6
0
0
0
0
7283436462
3
4
94
15
7200772793
2
0
0
0
62
0
0
0
0
98
0
34
0
3
0
13
0
1
0
2026430352
9
1596924383
6
4
5
13
2
0
18
1
4
5566485922
0
3
2350191050
3
2290197442
11933613625
476218919
2860400650
5620715
3
0
0
1837632936
0
0
0
6
4
15
18505995958
0
21624313776
5
0
0
17491667993
1
0
0
12
0
10
0
5236351230
0
0
2
0
4748403199
19359062418
0
21
1
7
0
0
0
1951433836
0
3
0
23
11627821939
9
7894491559
3923193500
0
214
0
1621322634
0
3
54
0
589944779
8625204827
0
12996636397
0
1
0
0
10
0
0
6222896733
137
0
0
1
0
1
0
13
0
16514152803
9
0
244
2128583336
16363046667
0
0
228033729
0
0
0
0
0
0
0
0
7392827915
16335053854
0
1635061289
0
1
0
2797398904
1
1
0
0
1862761672
0
15
2
1
3659050624
0
5
3
0
10558161818
1135108638
0
4078914708
6773796199
45770346
0
0
0
0
0
0
0
6
0
1
10284504968
0
0
0
5
2
0
0
0
15837139335
0
1
4794508333
18
53
9
1
8
0
0
0
0
8
8
15337961817
3
17
10756586449
0
0
6
0
8675156425
8
12332557205
19971678862
5653658001
0
0
2
0
4002690912
0
10160376607
6
14626756502
0
0
1
0
1
0
6981758267
1
1941575229
10912713252
1
5273784029
15708646508
0
33
2
175367827
7
0
33
16
2042369773
17
0
1
3
0
14
0
0
0
28
0
9512082649
0
2410661812
25
0
1
12050151253
3
3
56623077
0
1
6
18
10825635559
41298554
0
0
0
1
9
0
20172974134
0
100
1
4
1103679872
0
3
2903416863
0
0
1
0
4
0
1872188752
2
1
6172042433
0
10911184749
5
0
3
0
0
11006784584
0
21316417148
6641615237
0
4
7
0
20
0
2
4
6
621274182
0
15262409248
0
0
0
0
12423034467
3138210237
6981760200
21590901
4
1365321683
0
1
35
5
3
1
1
75280770
0
0
0
3
262058167
3
10
15
2
20691153109
1
1
0
0
0
70
0
0
4
0
0
3
0
0
8
6
4
21
0
0
0
1
620157286
27
2247183548
0
7
15
4
7726578739
928864131
1
0
6063580350
0
5578584069
3
2406968773
0
9
0
0
2648355329
0
8767591328
0
11111374743
8717746308
0
0
30
0
20583325818
0
0
0
16388440042
0
22884851807
0
1
6683415055
12
0
0
3
0
1
0
0
0
18195008918
3
0
13362128622
0
4
18
22
0
0
0
3
1
1
0
6551210080
43
0
22
3766178373
10
2
16568745189
0
0
180984831
26
0
0
0
2499270528
1
0
0
86
19
0
9336631702
6
0
7
0
3
21
3715328407
1
1399788980
0
16672840608
49
0
16538902216
3
0
2
0
0
1391986303
2767776702
0
0
7
1
30
16631536275
2
16
9720986283
284256745
11
162496947
0
0
30
0
0
15
2
0
0
3
6
0
0
16
1
477386733
0
0
10
2280688453
0
1
334592658
4293189848
0
0
1
3531210481
0
0
3
0
5
1162151409
3511000872
3
0
0
97642712
14031520819
4
0
0
0
6
4095069361
355570653
0
0
0
5
0
5
0
11
6
3902815195
0
6079691450
88
10
0
1
1
0
4799604771
1
0
16865014733
38
5158288
0
0
3
4
0
0
64188366
0
6288365433
0
31
5
0
0
0
0
0
3375692206
0
9176906834
0
1
0
31
0
618
0
0
0
0
0
18119458
1
142
9733364754
28
0
0
1923554400
126889685
0
0
43
3
6763884177
30
0
0
1
1
4044117522
1529439352
20623262902
9
0
0
34
544009060
0
0
6
0
643107975
6946774245
7232828905
17395308871
0
34
0
0
0
7
392927343
5
4
22
53003803
0
71
0
4
34
2
67
0
0
3
23
0
0
0
4274291535
0
560496335
0
0
3192452016
0
10
1
0
3
0
560979100
0
0
4
6
0
0
0
0
2679173307
0
1164745591
0
12281731287
1
7977051767
18093645131
0
0
0
12
0
0
11469905564
14776299671
1
36
39
21919342232
0
0
5147603169
1
3
1
0
10
1506669492
2
1
0
0
2530080362
868548371
2162329245
138
56142477
3
0
0
0
0
20
1
0
0
0
0
24
0
17283262234
0
1
21680485889
0
0
2523694439
241056312
3
0
14
10
14238871757
0
0
1480047203
0
0
0
0
21
0
7112874543
20984451507
0
0
1
0
1
1
0
271344640
0
7151002565
7409304489
0
0
0
7245927512
0
734932159
150934401
0
20
18421196943
0
0
0
0
12
0
0
10
0
2650742870
0
1472782146
13
30
1
1
21131020389
16485445369
305723762
0
0
11592366984
1
2
3
1035229019
0
0
2979850401
0
0
0
0
0
12390037979
0
0
7
7
0
0
0
36
3
0
9489073251
14860146070
3
14376119271
7
2493522472
37
3
0
3273343651
0
0
2961634506
0
0
898393279
14464555548
1604394601
0
0
13273351045
1
23
3
8
4465653865
0
0
0
0
72
0
0
12233603753
0
0
0
0
11
10
11289189153
0
1
0
0
0
0
93
0
0
11596255441
66667378
0
17382336741
137741065
10
2035562389
0
22642277068
43
0
7134738599
3
0
0
1
0
3
0
2913485274
69
1
1
8303159510
393358928
0
0
0
0
12
63836817
0
9
106
0
0
619621971
0
1
50
0
0
84
0
0
0
0
0
59
7865960264
0
3
1
6
0
12
16113219353
1
15594518241
0
42
0
0
14345675532
130
31
0
13
1
0
3
173025251
0
0
0
0
0
18145285175
6
0
2
8714197073
0
0
37
0
0
0
136812460
0
3
0
11833456000
0
11
1
0
0
0
1240192341
0
0
7801738925
8
20
1
17
1
0
161659484
4420630905
52
0
2169999740
11
13
0
0
1
3700508503
0
2
1
1
0
0
23
0
509854187
359926808
1
0
0
2
14406902989
0
0
0
0
0
0
39
10
0
0
172827504
0
12
1
2
0
0
18409843433
12630412380
20781159891
993568846
11513246410
0
0
0
2
0
14769444241
4
0
0
16374731
14951466402
60
0
10
1
0
1
3
0
2
0
2634043887
0
12165104426
2
0
29
2
1890971725
0
0
0
0
1250811604
0
11717604147
324628919
15
21819038308
0
0
1
881331480
0
8516655226
11502887297
16942152049
1006812919
0
1
7204273594
21
1023374891
0
1
91
0
2
0
0
0
0
74
83
0
1
13851023857
4
810030838
0
0
404871689
7393939464
0
20111305898
0
0
0
1
7430433250
11530750087
1
11693740439
2
7471563622
74
3
0
2
0
0
16206577622
8345317829
10183064799
0
69
0
2
1
7
1435267737
0
2938372913
0
2533098291
0
0
22725535444
26
0
0
0
85
0
3
0
0
410066510
0
0
30581
0
0
134
23
621812924
1128229509
3
0
13064858109
0
0
18
0
111
20476825648
3663816823
8
4
10664055890
0
14
0
12087912362
31
0
31760578
0
1180615363
33
2
20
28
0
0
0
3629908987
13111927642
16949985305
0
1
4882037709
0
17537730028
5
0
1
4412620062
11199266691
52750576
57
0
2
18196588676
5
382931391
0
0
0
0
0
4
12
975611499
17
18070129092
0
0
0
13
0
140180200
0
15720730992
4
43
0
0
0
0
7013874718
0
20
0
0
18080589143
0
10205525776
0
5330629321
8
18457671496
0
0
0
15805551308
0
0
11
8642025712
0
0
0
0
17
893552165
16752989894
11032833621
0
1
13849829769
1
0
439457
0
1
0
0
1
0
2802708015
0
0
10
5
0
27
419674687
2502491927
5
22334167488
0
18259253732
805166916
1
0
13339568895
18
1
0
0
11
0
207293713
0
0
3849114717
177
0
3624675348
16
15
0
0
0
22813516901
0
0
0
7
16
0
0
0
0
2425526865
17023055870
2
0
5974081825
5
0
3
0
26
0
0
1504800815
2
3
1419356868
0
0
0
0
2267838867
3
0
46
22
0
0
0
13
472944873
4
0
0
8078212300
1
0
8
0
0
2163994068
1
0
22501834194
11180359724
8
0
21
2021749945
1
0
5
9
0
0
0
7430872410
0
1
19932664592
0
0
1
1
14366783989
16581943331
0
5
3053744055
24
2
0
8
0
618313035
0
0
0
3
0
0
8
4
1
1
10059791921
0
55
19927977527
0
2636752532
1
1
0
18589814357
1
0
1
3
0
0
5455668656
0
0
3
0
0
0
36
0
407643651
5
16265197290
0
0
0
0
0
2628222388
0
0
3675969939
12248803190
7
0
8992262
2127862597
0
38
0
4027345799
6
0
0
0
1
0
260
0
2
26615022
0
0
5
4
0
35
0
0
91
0
0
0
27
0
669777595
5539374864
0
55
0
22636020193
6525458215
2
0
1
7114219322
3
4
0
3
11
0
62
0
0
15141784590
5
18508799392
0
0
2
1
6
1751546727
0
0
1
0
0
13
0
0
0
1
0
2
0
16424766423
5943934130
0
17510317374
0
63
89
3
8900571904
21190373036
0
21125541108
0
15
12469696582
0
76
2508970722
0
0
2
17315816524
515182416
0
34
0
1455993209
4
0
897858202
10917940084
0
2528168852
16584565
4150854919
386740515
0
3
0
0
26
0
17662574488
544
3
0
3
265044819
15
5
1316858462
1832507950
202823948
0
18626610051
0
0
0
3
1
130580244
24838667
18336282883
45
12642400252
607436972
12
415781625
6956598167
12753868449
0
0
0
0
0
0
0
0
24
0
6
1
0
19702559822
0
0
5
3560353132
0
0
0
7013586651
1
15
0
3
0
5
0
0
0
0
0
0
0
852242240
0
0
6077470323
21
1
0
1
18528336604
21
1975854351
0
3511091
0
11320295007
1941389177
0
0
19835448808
0
6
0
0
0
1
0
22006530453
0
15
10166487455
7
0
0
3171329912
0
54
1
0
8075436382
0
3523989837
0
90
0
4343046695
2
7204020416
0
0
3053160193
107
16543311887
0
8129570902
17285603060
2095721900
1
21
8893279687
0
5013108184
0
9818096407
4
10608041431
0
0
11
1
0
1
1
0
15496109863
1683201097
2
1
17022910035
0
0
0
0
11014991052
2
15
0
3
0
3181688463
33
0
1
0
3694055562
1676460933
4748182
0
0
0
42
349997726
0
6
1
7
1
0
19
3
0
0
0
3
0
0
14510728223
11261388964
0
4
10755338218
0
20
30
15212727235
5114978887
0
3341735648
2
0
9889945527
0
0
0
13167343145
1608819433
89
0
0
8471740000
10893409907
8850531933
14
0
6
6
0
0
130
0
0
1
12981514876
0
1
0
0
0
1
209062697
30
30
3
8
0
3
0
22717279965
5094901112
2607525034
14469509531
645936275
1
0
6
176
955873449
21706376578
3
15487368982
3
1225319910
0
366616875
4
0
3
0
0
18692397
0
3493639433
0
0
0
18747708753
1
4334994294
0
0
0
36
0
3
6
9528233772
0
12375115633
0
250373558
0
10611841825
0
0
0
9562314841
21
1
1794800631
0
1
0
0
0
38
12939008891
0
0
3469814427
3
2
41
7
1
0
0
1
4692689086
0
1
10
1469811358
1
25
0
17263904946
0
99
0
22475536467
34
11
36853759
0
10105330110
82
0
2040725587
562457880
2
6
32
0
3
0
2
1
20337305847
0
6693384499
16920616308
3177453538
4237418248
3176670401
1574088131
3423642825
0
0
0
1
10
0
1
48
0
0
0
0
4
7765698103
0
30
0
4075064382
10926000987
13665732341
0
0
1049600585
0
6162579130
502313138
0
1
46
9
0
0
800254778
1888330349
15886177215
0
0
2
0
1414246338
9138671584
2
13715669644
19616568567
0
6489396020
0
9
0
0
0
0
19
0
0
0
5
6667309454
0
459352349
2
1
25
2327740161
3959648467
32842847
2
22376203368
98
0
1
3
4
0
8973814800
0
190
8572523332
0
1
0
5434987822
1
6
0
7073559887
1
1
0
0
6
0
0
1302960204
13
21
0
1
0
6
0
5384366727
0
0
2
0
0
20232304889
3
0
0
3
0
0
16
0
13568101637
0
679080002
3
99
0
0
0
3106756969
0
0
3
0
0
0
0
0
0
0
21554041482
0
4
0
0
0
4
0
1084530374
8264793471
0
0
0
16295815169
11377363700
2
1
0
1
0
6
9391447795
11
0
18
0
0
0
23248817878
11
8733778075
36
3
18370526995
0
0
3
0
0
6
0
0
7
0
2
3622509
0
0
115202502
0
3
0
7315327050
0
0
1
1
0
16
221251154
0
1
0
2868870354
2
10
1
0
3
5635189232
0
0
2
0
0
0
10572031696
0
0
0
16
7541268939
4
0
3
0
5
0
0
28
5347137559
1
0
0
6
1
0
0
0
5234859
1045864865
0
15
2
0
0
12
635845689
14
49
1797257359
0
19982093213
8
2525814552
0
0
7
0
0
0
3
0
0
1
18644528820
8343364021
0
15
1
0
0
46084046
12302638147
0
0
0
0
0
20122825421
2
18975022977
0
43240617
1
0
0
2205802658
1
0
0
6809062075
0
0
17
0
2
0
8
0
7
4130461188
0
0
5631366467
8
16171439489
20
7160261686
4182453073
0
1
20259803249
0
38
6
0
0
181453776
204835728
8
0
0
0
10284209439
1
1
0
0
5148541999
1
1442182838
2
0
146
207270389
10881801425
1
0
0
0
21
1
0
4505621997
0
0
0
0
12497770564
0
1
11
1
2
0
1009564325
28
1
0
33
0
0
4519545409
0
1
8880592429
30
5417716420
3
1
83
70
0
1436899509
1
0
5780120339
73940247
3479522153
2
0
1
3068416475
0
38824875
15557498978
6
12973286406
3
0
56
1
1
0
0
0
4
6
0
0
0
3073032495
1
5419778861
0
2335420894
0
274532408
19339503059
0
2256968271
8795398614
0
3
11
0
1
36
16067127024
0
3
4748777997
0
19673447382
10
7966064632
68
0
9375441870
4
5311350929
0
8653280776
0
12765190216
0
15408189208
4977830529
4
1748272857
9717893131
66
0
2
3
16
7642847626
13790531141
10
3
30
0
3
3
2520685792
0
0
5668570969
800702113
6
0
13283214835
0
0
4
236226303
0
1
20
687373192
0
0
0
20650036161
0
0
6
0
9
0
3
13681061567
12291967974
0
18105857068
1550745413
0
4
3
0
8676488987
8103574203
0
31
1
0
0
0
0
0
0
0
25
0
34
0
6599143278
13345720787
0
11997969091
0
938293687
34
1
178475353
0
0
0
3
489699505
0
17
15
0
0
0
108
0
0
4140011975
9100183032
0
2181846
0
0
19419611732
91708423
4
0
0
0
13538278600
5341519183
1
23084637723
6
2
6075180
0
3
0
1416743148
0
1161373639
0
0
8413202981
0
0
0
0
0
0
1
19520298222
5543860700
22
6545910050
1
0
17402412643
20
1
16009604083
3
0
0
0
1176988028
0
30
1
4849047370
107
15970290919
1
0
392842231
1
85351618
106
0
1150546569
21224895
0
1279809039
0
0
4
1
4473866753
1
2
5
0
0
4056366186
0
0
179356173
25
10
0
0
0
0
2043223366
461
0
6468587248
0
0
16
0
1437056644
0
0
42
1
2684978731
159
655729747
0
6
8818704129
36
0
267513639
0
0
0
4697272516
1
0
0
0
0
1
1
0
1
0
0
6
16894337633
1962770855
20
0
0
1081601865
0
0
1353248959
0
0
0
4939307915
0
434842819
17394199519
0
0
0
6
0
0
0
3
0
0
0
0
1
0
1470438525
6
15125490449
30
18280972354
5
1319470478
0
0
1
5
9
1
0
9624046176
9976940065
15541919200
39
0
12214748786
5885447
0
2
149222228
1
4
0
0
0
6469714464
266724374
5634516329
1
0
1
3283683476
0
17
0
0
1
0
0
1
11812541650
3
7054849466
0
0
1
742991859
1345838028
36
0
28
0
1
10
7299460917
0
0
0
0
0
1
0
0
10
1
1
0
1
76105596
0
21701714249
6
686642093
0
0
12858081714
15138224785
0
10303801226
6
0
246146948
10689146645
27
0
14431002332
0
1
0
1
0
25
0
0
1
0
6
1
0
0
0
0
0
1
17545008119
0
2
7074406552
36884035
28
0
13658060122
0
0
1
0
0
0
6929090310
0
0
72298520
9836827268
1
0
0
3245727809
0
21036771237
0
3
222599048
12408149165
29958930
0
0
0
0
204303013
0
30
0
7260580923
0
1
8960078492
2
0
697132193
3
2826526909
1
0
35209589
3754577795
0
1
10106996
36
11670343365
1479812627
0
4
114
1
2
1085970610
2805027274
17575686248
11682005637
17
0
0
0
1
0
0
8153155453
0
0
0
86962580
84
0
0
8
10270629766
0
0
2333161223
0
3
0
2379409918
0
1873681135
10
100872486
15543018905
1
0
107
0
105528062
2437390623
0
1
9193178815
3
0
2
0
0
0
0
0
15229459471
1551766631
43
0
0
519708881
0
45
190073365
12549600726
1496993984
16
2
0
0
1
4
0
418777127
2721260868
0
2
14847915962
0
0
2
15098215658
63043635
117146389
0
1223277374
5842630490
0
0
956880492
0
7
2
3
0
17945798745
0
0
0
8
10
22028275802
22358178705
3
12141867190
0
0
3
3661537190
0
2
6878079279
13544702526
17282336549
0
16104388466
118301916
17
19329818285
0
15
10495397876
1
687599945
7
32
0
23373754724
6411552756
2208059435
14497120040
67
0
20341278884
6
239104106
0
3
17002101053
0
0
0
7
0
2
0
9376551956
1
13
9876950381
0
0
1
283852965
5
0
2651682086
10298208110
7
0
18749431315
0
15947246015
0
8
1
0
0
0
3327039065
0
7
772451842
7
2999871907
1649705019
41
3
0
4912826540
0
3
19
0
0
0
1
3
10677646903
15
1
2
2
1
22108130506
1
3
181863544
14372940035
0
0
10917990025
3
3704904236
0
0
7164347420
0
3504841659
0
6513508152
4
0
0
4
1
20469547641
1
0
196
0
0
1
0
0
20673903736
0
0
10
5
6
0
2
4
0
23979072649
0
0
194181753
0
0
1363853355
8
0
0
1
14
8
0
1837432645
0
4
15601460013
5385026087
0
5
0
0
0
1
0
12986179512
1
0
0
624056260
31700444
11825948
8616122555
0
0
0
0
4
0
0
1
0
0
833490383
18
1
0
8
10
10
1
21378201552
3
0
0
0
11910859863
3984992812
2871120706
0
0
0
0
0
0
0
22281642025
0
1
17598260415
14
0
0
0
1401323721
0
0
0
1
0
1
1075396073
10
4532124024
0
1
5
12
55
0
848154
11159957855
4
3801336308
0
8
1
0
9
0
1776231208
10
0
1
0
0
59317047
0
0
0
8473345153
10
0
53270791
0
22003564242
0
10
2533965321
5
0
3975613915
1
0
2877658937
0
0
1
3
1
0
0
0
14411639787
8821988486
0
1
0
2
0
12443031400
10
0
963707270
12909298549
0
342013769
21915532239
0
9207440144
12333054159
19535315845
294444790
3283982375
519195721
14722618
16630517384
42
17020356178
23333928037
5518633560
0
3
12433636667
0
1
67
1
1
0
1598201472
1
0
2
1
44689643
0
0
0
0
39
0
0
0
3
0
667650230
25
19423647753
13371539852
0
0
2
1
1704929997
10
1
0
0
12
0
0
0
9007543412
0
3464064014
14585942883
6817685668
0
17965826150
0
6236448
0
512740359
0
15605551827
0
118282172
0
19204466643
7784186239
0
14581634931
0
1
212802510
0
12
1
4701339950
0
930677019
0
152996925
11085063369
0
17
0
1
0
0
0
7060390590
1064409532
0
16255698420
0
3
73084552
0
1
86146310
0
0
64
1
19376843190
0
1
0
7998547509
0
2528940
0
3
0
0
13214257842
0
4
16985924434
2
0
0
5056654026
6878441132
0
0
16470141860
0
0
1575475711
0
0
20883390724
38
0
1
0
5554009442
8
0
16
0
0
3
3
0
4111674935
0
6886828997
3992253477
0
3650629186
12573996542
5128216239
1
1579853012
0
0
147
18
1
1
8620262191
1
1
58
17696553434
0
115733228
256834455
27
1
789288903
20090827281
0
0
20
0
3
16085399315
0
0
5615097845
0
0
0
1
51
6990265772
0
0
0
14865550959
2853436451
1
0
0
0
0
0
1
0
6932610747
7
2
0
0
14898526878
16
0
0
0
0
97997144
11048252401
0
0
0
0
0
0
0
1
0
6
1
0
53
1
1227557445
36578746
10
0
0
12
7
0
1483921351
0
2
18
0
1
4
0
0
17482641757
203
0
0
1312718472
0
0
6
15077020288
10338682201
1
0
1
126
3
8
6223726422
2938628555
14771049530
1
4
21
0
0
0
6
0
0
523716145
2839804338
0
7
2
0
0
1
0
0
0
4
2
0
290
0
4573855289
0
18364959427
1745819944
0
0
0
0
4085889455
6595355010
1
109089891
2189637733
3
0
30
2
0
1
510747291
0
2
1
0
0
10717312568
59
0
0
3
1190277004
8
0
0
29
4
0
0
1
1663944553
4234626202
11212548949
0
0
36
6
10
32
0
4565061874
0
0
0
0
8924062536
10693289059
0
1
0
3227230513
63233719
1
141059165
1
0
0
0
17238389978
0
0
0
1
0
0
6
15
1
25
0
9280165889
1
0
5
319384459
0
15868948591
0
17751407546
0
0
21672673135
21
150295180
1
33
0
0
0
4734308365
9072504665
0
5
0
7
0
0
1
4
0
11
6
6
0
0
3285569140
12
0
0
0
0
0
0
3
0
0
0
2
0
6
14307917442
1
6293869695
3
12310387633
0
5482883129
3
0
0
0
6676023055
3881174344
0
1
539011218
1
3
7652052492
0
0
0
0
10315206011
0
1
3006830074
20020040760
3
0
147
0
674536964
0
0
6743617489
35
0
7223791389
1
0
3622492613
0
0
0
67
0
1
4869105778
0
28
1
1
19621122140
2396220240
3
1835427544
316477718
0
0
713413902
3057557017
7
17
6
54
14001912240
1
0
0
0
9
0
0
0
0
0
0
481686195
0
21430060418
22652739654
764536315
9351456344
0
0
0
14684031076
0
1902943222
1
17
20518175534
5089190705
0
59
0
0
2834625502
0
0
0
0
3
1656714795
0
12
0
865490758
0
0
0
0
3408593501
9364460652
0
0
24083398
5659614021
0
0
2
0
0
11928853164
8884621211
3
270505755
0
0
0
0
15705263831
2971859643
1
242627533
0
3659969347
0
14284074926
0
0
0
1649151040
0
17
1093243374
1
1
38
0
9335385152
0
6500188197
0
1620749
0
4262874996
489341232
996912249
0
0
81
0
0
0
7620088796
59
7899745993
469608083
12251181670
0
2
1
0
0
1
12
3
640222773
14171092868
0
0
0
144
9
0
1032595332
6
0
7
6146212620
2405293081
0
0
0
6175859845
474512316
2
1907481131
0
0
17960873096
1
32
13193181016
8699474456
13995844829
31
1
8932956373
4950531708
0
5
2
112663280
0
0
0
6158693557
1
18632167339
4
0
0
770474953
1
11505638444
1
7
3559612843
12272112917
0
0
8395516431
10
398142704
0
0
0
6
0
0
10
0
0
6218091154
0
0
12
1
0
0
1
0
17343292039
0
223
1
3
1
2262691243
0
0
0
0
19377460337
11168636691
2
0
0
0
50
1920330360
10779766686
938206685
0
9868931172
3
17
14236576456
0
10451789427
1
0
41
16
0
0
0
0
5
6144219
31
0
1
21878066061
1
0
15163774427
0
0
36
9298859608
3
0
0
0
1454443
0
6044718145
0
0
3
7057341922
3
3
0
1
2157611376
6
3
0
0
2544812296
0
0
0
0
481824201
12
0
7
0
0
20626241142
20117067140
3
0
0
0
3
4
0
0
0
0
18677066575
17918148040
0
1
2
3
17
1
3180110211
7270282258
10
16017326336
4649468663
0
0
0
10
3734425601
0
13391936510
1
11320790675
2
0
3
0
0
1
0
62476477
453969158
9
19598761756
22294617026
0
0
1
0
84
0
12250297060
1915347146
1
14175180428
1
86
0
675392
2167357152
1
12175739398
0
0
983226
0
15
10101746537
0
0
57
371857243
9085692825
17347049267
0
3
0
0
38533665
3414056689
522861101
1
0
0
0
15278783007
19693827575
5
68
1
4
0
993657094
3
0
14281064375
0
1441012801
14142029933
0
46
3
0
3
0
13
231169
12544468014
15182479329
694918966
2
5984902793
0
4
0
22581496449
0
2118532939
1
0
77
0
0
0
0
2
0
1
0
0
0
2
0
1
0
0
0
9163657689
1840508521
23
0
11953528974
0
50
0
0
3
23
3312569315
16
0
0
1
8
5
7703996747
0
3
0
11282548994
1433068925
656906633
0
0
0
0
16770416528
0
0
4173805191
5444098523
19903184836
0
7
6398469223
0
0
1
0
1
16893028357
13582040563
19684840
166
0
13479999516
1821406936
6170344
16379533586
0
0
1
0
0
1
7
11433462818
0
0
0
10
63
0
5
0
11
1
0
21699415
13833462137
3
4562786
0
0
1
0
4
21182623584
0
4229022367
21099522692
1
0
1
1
2850437441
775181766
1
0
1
11448513486
7418958521
3
0
8
5215984925
6804685075
4
8103608491
0
0
15382522148
1
10140240611
544588468
0
10
150610017
484845194
1
0
2148165899
0
1
0
0
0
0
0
14731631162
0
0
0
3
1
36
8049244218
15
12094308962
56
7666670131
5338321563
0
10819709820
2
18950011967
0
392047489
0
8
0
0
0
11532868184
3805733871
3
5189072571
10
864229902
1
0
0
0
0
16041295505
0
1
0
19312842696
0
340554760
5
0
8
0
96342933
40
0
7
4079751472
0
22044246439
0
0
84
16293433024
1462593802
0
0
0
1
0
0
0
3694512120
966240049
3
15405925394
11582271998
0
0
11550557876
30
27
6035944543
0
4
0
1
1
13472487738
8691938042
0
1632567931
0
534672195
0
11329809919
0
0
0
10
0
33
0
1
1
0
0
6493275854
0
0
0
1811953316
0
14490544973
0
0
18455518382
13366586430
2
20927927749
5038304824
0
0
12
5187813379
0
10946799169
219
6390085050
3
1814097077
0
3
2
3315318238
3701876692
2
9089560725
0
1
19916640409
1
6
5
5
7371492611
3
3
0
42
0
980173719
0
0
1028236475
21
0
5194750975
0
0
17
10295267608
4547613936
0
0
1
11040851306
10855576128
0
7
1321311299
7
0
10642389256
16434154005
0
0
0
4
2
0
13
778147618
174772617
0
6
0
92
3
20568136377
0
5729423396
16339779842
5169859216
50
975866345
7
5749229973
0
3
0
3
1
122871140
4
4959765036
0
0
0
0
56526684
17
0
0
2
20
0
2317585899
1
1
0
13384772300
0
0
4357352584
0
28
46
10
16392470615
9361852964
4
0
36
0
3
12614558655
0
11792322098
0
333942939
3
1
877061020
0
1
0
0
16
1
13
704371314
1
0
1
4
0
2
5853846914
0
14
0
0
0
1
0
0
0
0
0
0
3
3
0
0
14682594495
10
9
0
22275424671
55
6487162884
2
0
4
0
0
0
0
8970106253
0
30
8829147957
0
0
0
6675926819
5352002990
0
0
1
0
17079574760
3
0
6
0
0
0
0
0
2
0
0
43695348
25496512
18724430785
0
37
266703796
401858949
0
6
117
0
0
0
0
0
0
23
0
0
3
1
0
0
8207539656
8
1
1
0
14
16383790539
6753227500
0
0
12878161461
0
2
15291384040
6462863213
8
0
21171795775
8932205315
12
8513557063
11539157853
4
9768305297
0
6
183319445
0
1166884693
0
0
48
11624277691
0
0
1
0
1
4469452763
0
42
516602380
0
1
1
20
14627044435
0
980173320
0
4
0
0
11367056246
0
10
16750111190
0
0
7300962194
0
0
0
0
0
0
0
17626142294
0
2310164063
8638366098
0
0
35
0
9945359448
5
0
1
0
0
0
0
0
0
0
1917925742
3897189979
8883687546
1
0
0
0
15176514070
0
2
46
5
19755002530
1
0
0
5908103190
0
0
38
0
1186573545
10
6411940582
0
18467814740
0
0
0
0
42
0
1
17
0
12674602779
0
4112802223
10417175507
0
11350918532
0
8559566413
2
10
0
18279087258
12946076383
615901637
13697185072
0
0
19263628990
0
1
4586510952
3
10511435410
0
18174175222
0
95051337
15561837522
91
15938767373
0
0
1
4188728754
0
14445354345
0
0
0
0
6692865660
5
0
4
8400502003
0
186285642
0
3
1
2602815710
6
625439860
17
0
0
7321431918
1
0
1
0
14537616784
1
0
0
0
0
0
0
3049949726
1
0
0
247984514
25274069
17636590
11
0
0
123
0
0
0
4
0
0
0
20365884786
0
0
0
8765011770
1
0
0
0
20
0
2957263453
0
21
0
65821995
28
1768578
8830032
0
14139570721
0
13
0
17
0
0
0
248638751
0
145
0
3446232259
2927844190
2
0
525
7728571635
0
15708218173
0
0
0
0
0
2380629088
3515609267
2620140914
3062364902
0
19140734372
0
5335565996
5
0
3
0
2174293865
0
0
0
3559085693
0
0
1
7
1
18572422024
6415642124
1
0
0
0
0
4199012713
0
2
13367664547
0
15518353916
0
0
0
0
0
11750142889
0
3
0
221231858
0
3
19
1
3
7327695075
236161231
0
0
19
0
96
1
9
0
28
0
0
910508267
14884148968
0
2
1
1
4003050364
0
0
29
6
12029106001
81
10662188268
0
0
3
9
0
10
0
0
0
0
0
20178880932
0
0
7966518347
0
11774619144
0
1
1405358916
57405038
1990571219
612413527
0
266200320
3675755088
0
150938053
4763657349
22220227652
17116995204
4277354711
0
98091545
0
0
1185743916
1
2584191912
0
0
3
4432368276
1
0
0
0
0
9
0
0
0
0
4945628095
0
1971663302
8
0
3
11
0
0
1
0
1
0
20395662804
0
0
31
0
21
1
5
0
0
4289084552
2642295780
0
18758517862
19371117253
1649011294
14815556298
1
0
1926228587
0
0
0
11
0
3580726
2096421930
12983636437
0
5
567867071
3
18655389553
1
3209445898
3
1
0
0
0
55126707
6
0
2107652479
0
1
25
10
10896167
0
0
0
1650907915
0
0
0
12076159063
3
18
0
59
7
0
3577189830
1
0
0
0
10245843456
2809005958
12664181859
0
2115991928
1287344722
1
0
237556604
6341807701
0
0
10
0
6
8114545507
0
0
215925948
0
0
1
0
0
1
0
0
0
746191733
7506365852
0
0
0
0
0
0
0
0
0
358833100
0
2950800848
4
6393662339
0
5
3
0
3
2
0
1
0
3315034595
0
2
1
6
5337864490
9996019103
0
8670664069
68
10
0
0
13
1
13
12670924906
3
0
0
3
0
0
0
0
2
1
4796422229
0
0
0
1
0
28
0
0
52989250
46
106800759
1102351702
4624772629
2061843564
1214102866
4506478381
1
8
17
0
0
0
0
0
0
3
0
6
3
3
1
0
0
4
12857954272
349355800
2240133869
0
1
1
0
10
12074351447
14
50089823
9
8108806744
8
5737449908
0
0
0
5652214865
15568791050
0
0
0
0
0
15096710070
10079687583
1
3
0
0
4286417865
17010206499
10779535305
1
1
11307341757
551687894
4428263527
1
5620298860
1
0
82043429
1
0
0
0
3
8416307438
22047366884
0
0
0
18710094176
0
0
0
0
0
0
191565259
0
84
17
5
582787554
14087979555
0
3856591997
1
0
17118345993
0
2
13975250584
0
0
3
1
2
38159288
1
0
26
0
0
4073446869
13570669488
2
137142559
0
4
0
0
0
2443302057
0
0
782890946
712735621
56136314
0
1478007048
3
1
0
48
1
4
1
0
2097352411
1
584512
0
1
0
21
0
0
4
5
12178409324
1
1
731133373
0
12837627296
1
7066052261
18911822329
0
5
5
0
0
0
0
0
23676588756
0
11670562448
1
0
11232584523
0
8
0
0
15
0
14
0
0
15391533790
17676476498
33
0
1
2361183759
1
0
0
2
11820004485
1
15558387265
0
1
4663913800
1
0
0
897046341
0
0
0
0
0
4
0
0
0
0
0
1
1
0
8
0
0
148128
529657365
10498640814
18188992885
103
3
1
0
2
0
4126381599
12
55
6
1
205911275
0
1
4651165145
0
56
0
4
6
0
1233112609
14660220784
0
4
0
93
0
11
1
10990589030
2
0
0
2
0
3522021562
211518008
2708500943
15683168325
0
4
2598104
0
2675393485
10
41890176
16263077850
9
0
9
14430772341
20004962624
10
23251386983
4515223962
2146628774
0
0
1
11350868110
0
9424944081
4
32
9051225111
5421619990
10826411596
36
0
4324880120
4785695312
0
10271590043
0
0
0
0
0
548117512
1856917919
0
0
0
11
1478587958
0
132250860
0
32
109
22109865008
0
0
1
8749607887
0
14
13738592912
11355051139
18490648211
4259626155
37500449
0
3
24
15454395060
0
8
0
12488386353
0
0
1
4
11500727843
26
1366668052
0
0
0
0
46
0
4
13166451110
11
1
0
0
0
0
3341401675
0
62851
0
0
9
1
6
242285927
0
660709710
0
439283362
0
1
21442246756
8071347954
0
2
0
0
727092184
0
5747150048
0
2941371644
15879420575
1
6
7412504307
0
0
3
0
0
2
0
0
0
7
607965111
0
0
0
0
6761711563
18928798534
8
0
6687469837
0
1
1
5448583378
1
2666883198
3
2679039877
0
0
12
0
0
0
2491279403
10093836505
14960871232
0
0
1
0
3629979651
0
9
1975241690
4
0
0
24
273967090
0
0
1446132170
1978059644
35
1151818149
0
0
0
21
14043207763
0
0
2
1
0
0
0
0
3
21506419771
3220504846
0
768894287
0
19589073393
0
14
0
15
18591825825
2349908600
19539703219
2
15462535105
1383601577
8
51
1
165505908
9
0
0
0
0
0
4041661366
3088077721
0
0
0
3
0
0
3
0
0
747506962
1621235164
4
2196477573
1161391443
57
28
0
1
0
21
1
14199903554
0
0
6726869394
93
22
0
3
0
31
0
0
4
14
2
1455218308
0
10
0
55
9649715422
5
0
4188572051
916193804
0
16
0
0
20428212876
5507296296
10
0
9499769044
2158496642
2608586755
1
15792584467
0
0
3
353729784
2451146785
0
0
0
5
15695710884
0
46
0
697975342
0
25477166
3
2626693413
0
0
1000035874
5
3
0
0
152
1
3960417091
0
0
0
14149911120
0
12654023851
0
0
1702793669
46
6286989441
0
0
0
0
1
0
14423190150
16
111672790
5084989546
1
0
0
4897995684
1749061
11
0
0
1
10176351855
4021053728
0
10817908395
13835357724
0
0
0
0
0
0
0
33
1
9865852441
0
0
3
12436547523
310629395
7166025428
0
1
0
3
13339236170
3
28
13
599386633
0
0
26
10228896448
0
1
1417648689
0
1849514769
0
0
24
0
0
10552800114
0
66
0
4
1
0
6515403089
0
0
8257870558
0
0
0
0
44
0
0
6
0
2
0
0
28
9465348695
0
14
11769255434
3471426725
0
0
0
11
0
0
2022796390
5
19481442440
1
29
4
10
3767419249
879527
0
1
0
2548778413
3
1
3
4
0
0
10
2855358675
0
0
0
2
3
0
125
0
16997371947
9
0
0
0
4252534047
238
0
9230491670
0
1
3
21
3583696094
12282542268
3591094139
0
11063208619
8372030485
0
1102653356
1
0
0
0
0
0
0
12
6713967780
4
6
1161712613
0
0
0
0
0
0
0
7
0
16500456982
15
16935365708
0
23221553126
0
1857582087
0
1
0
1
0
0
0
0
7777805853
0
0
7534963451
0
0
0
12260900842
11
0
0
0
0
0
36685135
0
1
0
0
1
0
0
0
3
1
12
0
0
0
0
0
0
0
0
0
355612483
1703583527
0
17990818175
1
4
0
2151251047
0
0
0
0
2
6
22176
3
11859450433
6
0
0
7516322738
0
0
0
0
0
0
0
1703851342
3193015399
11453240278
0
12
0
2952552285
10
1
0
17575412525
18
11
0
1
0
565514093
0
0
0
1
0
0
6
1
0
0
0
0
0
0
0
4
21
0
152
0
1219656430
0
0
0
1
12034496104
0
15456102366
0
1549965969
1
0
0
0
1
17
29
2080474070
0
0
9
2
0
18662867050
1
10599311349
1
9240316195
154905826
0
0
8
0
27
0
0
1
0
3
130
2707889550
85
0
1564700247
6383966367
15802104384
3
0
0
4
737820323
6
21018124307
5644688787
2
14959675485
889582400
36
0
115206696
0
2
481190645
26
13
15
5694091659
0
8
12
0
0
0
4
14301944272
1085320448
0
0
21672627481
0
5
1975127434
0
0
0
0
1
0
1
0
0
0
3380677571
0
1
2607481944
15049355347
0
0
17476270067
2
0
0
4
12397947244
0
1
4793775508
6
20656307927
3195093143
13
13196298785
12231931396
0
16963061643
22679004
1
10
19926248060
0
1
1
5
16371567331
3
0
128280635
0
8
0
1
1
2
1280721229
17724564241
11
18481795082
9990248537
1
0
0
4140064559
0
0
0
14
21427841844
19904998
0
0
10572652168
1
18633811519
3018350509
243876551
38
0
14734035824
0
0
0
0
2
100898256
13300894003
0
17231566230
0
1
0
6941186174
728309901
4
0
13
3
4122260693
0
17
20731766238
17983479494
1315152916
23
0
0
3
0
21
0
0
1757538753
0
0
0
1
18616239071
11797831525
0
0
1
47
101
21
0
0
4
1
0
0
839535892
0
1
861583283
0
995947349
67
0
14606325674
1
0
56
13
0
0
2002317735
6699748498
0
0
0
2
0
15635152615
14480182164
1
1272142649
1
17891345865
846458
0
13
0
76
0
9236195648
15605212
0
80
0
2
0
381465613
0
0
37
1
3
349204350
0
22064127498
17423937543
16089009292
8709670700
12626780212
1522027
0
19441025343
19
18835360279
6
0
0
3
0
1
0
0
0
0
1555891785
0
0
0
0
0
1
10
2602217233
0
0
0
1227472978
21
6
6
24
0
128160832
5800709089
348078252
11574318316
0
0
4
0
1
0
0
0
0
7
0
1
17
0
0
15516967435
0
0
0
0
2904455700
0
4
3255059883
0
685222588
0
3
0
0
3939708544
6
0
0
10
15
6190726239
0
0
12
1
0
3
0
12
0
3119067191
1
1034800740
4
13
9
9010034731
2458922328
6660195686
0
1241256358
0
1
0
0
80725840
0
0
9
0
1
0
14405328966
9
0
2836321687
0
0
12798065910
983981914
1
0
11387861922
0
3
0
0
5800266145
0
36
0
0
6007025302
0
0
1
7
0
8890251930
15
1
77555438
14343643070
8
1
1
0
0
6120167827
9
0
22
34
0
7866268406
3
0
1962863851
8
3
8
11517059157
671631978
0
930599544
0
16305756968
3
2216071734
7
6557170603
9147313379
4
0
0
1
0
12
4
0
1381592161
0
0
56
1
3
0
163
0
0
357134371
0
15048477545
0
0
14
70
0
0
0
0
637142807
0
0
6
23387342
0
0
0
0
5352535160
0
0
3209485
2527769
0
1
0
14050130617
0
0
0
3699925391
0
0
0
10087062649
6
0
0
5
2003831922
1
13252208500
15776910731
1
0
0
0
0
54
0
0
0
0
0
19134689609
0
21
0
0
0
78
0
0
0
0
0
3965795606
4996801706
17397124155
11288059845
6509553098
0
0
5
0
3
15806398462
0
0
9816787888
0
7245601485
0
10
3
0
0
1
923316982
2
13839782464
0
4428698720
1
0
0
1
0
0
0
0
0
0
530799671
21663719617
0
18593560231
0
1
4061964707
9395479822
20889394007
1
929652577
20078352728
1
0
19065530332
0
1
0
27
0
6099177441
2
3497329679
3500529359
866835001
26
0
9253525846
1
0
0
1
4228392162
0
1
0
3
28
4
0
4575531817
6
3
2
49578007
0
3475784920
450116020
0
115
2
0
4
7327069610
0
0
1
1
0
257
525648284
9229508456
4
0
122
0
140
10
4
0
1
5887963209
0
5305390441
39
5016981706
2
3
0
17087869084
0
264281936
3824796007
4
4022629128
9850743710
0
7847941197
4
0
169522151
0
0
22
0
5566208455
6
10
0
11738951112
6
3
0
0
0
0
4266836596
0
0
6
1
0
17790209042
8
21864867933
3366073158
0
9
3
15600033351
6
14332558226
0
10403637587
1795853133
1
0
0
18
19995215344
0
13349726983
113283989
0
0
5367679144
0
2
0
0
0
0
18807225685
34
0
0
320052599
0
11
0
5
0
0
2
17
6730584179
0
0
154621
30
0
0
11318109246
0
0
1
1
0
1
0
0
1234328177
0
1
6452751306
8377976043
2
2
0
0
0
19869751705
11699070051
0
1
0
0
0
0
9343259834
0
972130287
0
3
8060258637
20
0
4737741786
19
0
0
1
3
13942374415
6817635
0
0
1147619764
0
5210734903
2
95
0
11040327076
11
93
8
0
3
2595821
0
0
3
0
0
1715111877
0
0
97
200791643
21
2
3
18124498320
0
0
0
0
35
13812620426
1
0
4
0
0
6
1666785553
0
12126854279
0
1
12493113741
1
0
11
13082852851
0
0
1
2
0
0
0
10
1
0
1
0
1
9243175199
6675902013
17
3217045602
0
0
10363863629
14339999622
1316469069
0
2387732834
21
0
0
5397156969
0
0
4
0
0
0
0
0
0
20845893724
1
0
4277390708
0
2
1
1
1
0
0
32
13532234999
0
0
1
1
1
17371007838
1
0
17231687747
1
1
9930405952
1
6
0
1
205
1287304232
5
0
881268277
1014206754
0
0
0
1
0
6630309616
0
3500165510
9
0
0
6
2
9341374415
0
3
0
2
13929538044
0
0
0
0
0
0
1051183221
0
4
0
0
0
0
100682081
9444327991
42
0
0
0
197
0
4
0
1
0
11200583545
0
0
23310502791
2
104229424
0
876070507
0
1
0
7846454023
0
0
0
0
1788863946
0
5821617370
0
1190190404
0
0
10461394640
8687499823
13269646553
4143781350
0
2
40
0
3220043406
0
6
0
2
0
0
0
2
0
0
0
0
23
316871254
3292859721
45960863
0
6
14907778461
19321442908
12645382045
6606698633
0
0
1
0
2
0
46
0
3153976075
0
45
1991380018
3
913614530
1
0
5238877967
0
0
0
0
1
359991433
0
0
12840316306
1
157
18
21
1310078597
4
6
17678106747
6
0
1
121
0
0
5032523189
0
10
0
123
0
7939044942
0
0
0
3319632351
13071278766
0
0
22785967248
0
209790983
0
10491701
8920294180
5432076949
1070356484
0
0
1
0
21397486907
21778328973
0
12830848190
0
0
0
1
1
0
0
0
14175661956
5452203372
19098902
0
11
0
12343464533
62
42
1
0
6
1
4
0
6682549707
2369097914
5458588160
1
0
6
0
0
0
8630595326
3247544571
0
8795832805
0
0
0
7
1402970254
20060571956
5706632797
0
0
15472559672
0
2
11268337822
1
0
1
12
0
12603096000
954252
9
1033617890
3
1
7
54
0
0
0
0
0
14969470661
0
9189046054
4
2
0
0
0
0
2
0
0
16
0
711622628
29
0
6
1020118112
21
434100034
1
3
0
3
0
7
18514209998
76
19006899470
0
36
0
0
0
0
0
11755833784
461852390
0
752168586
0
6958382702
10
1746993368
0
0
1
0
1649840167
0
6
19422775307
4
0
0
2909058119
0
1107341428
0
0
0
1
1
0
1
0
6
0
8051818942
4
0
0
3
5323098543
0
4123253632
34
1
3
0
1
0
19278575042
0
1
0
0
0
17565152171
1
3689422348
0
5
0
1
0
0
0
65
0
2
10
0
14443805259
3
0
0
1706483
14195689779
0
17462257866
2679462384
6521990520
0
0
1
0
0
13979194130
13
6923852976
0
0
3
7621313541
3250889588
1
1
4779726855
21997530279
23890057385
12
1
0
0
16
39
0
0
12730346201
0
0
1902031294
0
0
20978634943
10420601084
63376854
0
8
0
0
0
0
0
0
14319631965
0
8039831596
18737961082
890744144
14
6188782867
3095325546
17057868855
0
0
6
0
0
0
1
0
1
28
266270076
7301898142
11
0
0
6917182302
0
3
20214592830
28
1
2772865271
0
13741734617
0
15
9
5
53
4
0
16379322969
316301
0
0
0
0
9867909804
0
0
0
3813829746
1743794963
1
0
1
0
10400007948
0
0
14739828578
16615187629
1325334894
0
305550060
369002703
15734969722
15454051801
502663887
0
0
357261319
0
4
21
1
0
1
1
174
3
4036093974
1
1
13977168159
8459208169
0
0
1
0
1286116376
128922817
19018446680
3
1883349786
0
2
0
15838894825
7
0
0
5173114995
33
0
0
0
1
1
3693229654
0
0
0
0
0
0
1
17253518775
0
0
0
12596563605
0
3242578599
0
9847115577
13211514066
0
2906842517
332733747
0
0
21
8860088406
0
0
1
13179635559
1449558481
4241746915
9566417907
0
0
4327266240
8850412970
230670732
7285830809
6
58
0
3
0
522762664
991652498
0
0
4
0
55
0
20468021660
600754317
1
0
5428556479
0
16
6170802615
13484436505
4
0
0
0
39
0
0
0
11
0
0
1
6487954595
0
3
4734259679
13
4176800578
41
0
20745569466
19752818765
3
35
1
2
25
16472149303
0
8322319
1
27
17
3
0
4
5
0
5734747626
1
0
7539834581
0
1
6
0
0
0
25
323469339
8
0
3
4148771652
14
63
149
74
7667526866
13
0
93633233
0
67
0
94
6194074772
0
89
3661495196
0
1
0
0
0
57
68773622
850198360
0
0
3
1
2
1
12
3473962887
2
3
8121877755
1264452624
9920125968
10
0
0
0
1
0
45
1082444325
2136839913
0
993877702
0
10846246905
0
0
3
1
0
19657005829
0
2
0
14000187790
0
3
6
14729700435
2
2973504868
1130233375
97
0
0
0
5123784755
0
12557465140
0
0
0
11299829659
0
17
0
22460673557
8889565559
6341470486
0
19079988
7496736939
0
17046331342
3
1
0
0
1
0
5
10951063523
3
0
0
21533087600
2674151698
17339607020
11
16954998507
15
0
0
0
0
0
18604101679
2117933459
1
1
3
0
0
0
0
1
2
0
884229302
0
24
1201930569
0
1
20
0
112268892
14593720685
0
0
0
17052409318
3
1406349318
1983391135
0
0
0
0
0
0
0
20
924381134
0
0
14730898025
0
13742741737
11060400175
4700149705
7
4581288733
92
633238320
0
0
0
9
10108110400
715790784
1
0
11342265022
1
11219193659
6699879598
10
12689612305
14
267
0
0
0
0
0
20910559885
0
0
0
0
0
1
0
0
27
5
3
2482501226
0
0
0
110
16230923720
0
1
1517255049
3
1
0
0
0
16941083161
527898345
0
2
5
0
2301489692
0
0
1134870033
0
0
11461319261
7
0
7
0
0
0
19746341254
21047460708
17073172105
0
0
1
2529945307
1
0
4
0
6903689
403504451
0
0
0
0
22359022776
25
4
0
0
0
0
1
27
62
0
11
31
0
34
0
0
0
1
0
361166984
9884660474
0
0
0
1
1
0
20662943837
0
0
0
9464408129
4
930732620
0
0
0
1
7
14175711266
151
18492534097
0
0
2457401847
0
16166103575
659498269
7910952557
14
7
119
0
2
28
3
1346194288
35
1
1
9734252921
0
3241649112
0
0
13867305566
1
2424366165
0
0
0
2
11931343985
1863475905
15437093735
0
0
0
1
0
11
0
0
16190523907
0
102
10587852267
0
0
0
0
0
0
0
1
14876182880
0
6
0
2
18493117108
0
0
0
0
8
6
2
0
0
1
345437519
7537136053
855458675
0
0
0
0
3646786596
18198768665
0
22088286192
18337714123
0
4847053
3
0
4
7
12730189168
1
0
0
16014223059
21
0
1440387434
5902895173
0
229
0
2
561576446
0
1202489010
12384808134
0
305961616
9631398927
3362241307
1624962590
26156575
4
5799034771
4784160651
8729548722
115765
0
18228233567
0
0
0
6
0
0
3196807356
11359915968
0
4
0
0
5
20
0
2
0
0
0
23
10
0
3
0
2606297705
1695536343
6
4857725794
0
21991595467
1380601909
1328815765
0
9005802935
0
0
3
0
1
8895607182
1
24
2427783102
91
17389038611
425852297
2
1
0
4161143021
6
8943177077
17064049585
55231592
0
1728519281
0
1
11111911
19
1
11
219
2783391479
1
0
0
3958961309
21005796133
256226388
0
6931933206
19802415206
1108741438
626710221
0
3
394913265
0
0
0
0
0
0
6
7
0
17
0
3
644204610
233197955
289343859
3
0
1
0
1
1
15
1
0
0
6
0
0
4
5248415438
347248745
1
0
0
12
0
23
1
0
0
0
6
9339938220
2904635676
16292189561
1
0
0
101
1090078512
5151156610
0
0
0
0
10
0
0
0
9
0
11
23
1
20187630900
14318454929
8518963668
0
0
0
23070951
0
16515596417
0
8788971956
7463920448
6966910
11
8137218076
6740136454
0
0
20624280937
23
6306768025
17767927798
0
78
0
0
16710051800
0
3915521309
1
1
0
0
0
0
0
0
14
30
595853633
0
10052383233
0
3
0
31
2
1
0
0
0
22
0
3972612006
0
15678581579
0
30
0
0
0
0
0
0
3
28
489025258
11066792192
0
0
5700410883
1
1
0
18096641947
0
153011093
443855980
0
0
29
0
4
2442029172
1011817008
1
0
1
0
0
12355966038
15544335099
0
2292410662
0
7889673998
0
14240034
0
0
2524459318
20
947977986
2996694147
0
0
40
0
11650568059
0
17836600274
0
12220962852
18974142915
0
765729518
1271625933
0
10
20848456700
6
10
20128520214
19654900167
80002982
0
0
0
10180857125
20824264425
0
0
22982285156
0
83
12668805235
0
0
5754305403
521675612
19
1988703344
0
0
1
107
1
0
1
8
7245623630
8
6
0
1346116274
131626171
6
8381185005
3513209240
1
9048648893
1
1
20220430655
0
72
18095629793
40
4861312204
13007942438
12436231793
3872945466
0
21270358045
2
1912314881
0
0
0
0
24
35
0
989685798
3913770251
0
1
0
102295135
0
7036435270
29
1
1
6664940457
2
3683795213
5
3939231413
421824606
10611279823
15
0
0
0
14843613276
0
0
23733807963
13932954748
23
6
5
10491056379
1
0
1
0
18309759033
0
10024362763
1
1
4057951996
0
0
4891215477
3
8
6
10900162187
0
0
0
0
0
3175480246
0
0
0
0
1
0
0
0
0
0
0
15
1
7494234323
0
3579740348
16075212614
3
1
1
0
0
10059560276
0
540151215
10
523283050
0
12
4673630173
4
0
2386528444
2839173014
0
0
6856575953
9908121436
4
4287523762
1268971505
0
0
3
1
26
6045859193
28
0
10
0
0
11
7
0
5684152268
24816967
0
0
49016781
21
0
3
9919798472
19866731988
2
11484082857
110
0
21040950793
2
1203600792
0
1
11
8
0
3
4178264962
15538703805
15369742703
14818606618
13652572441
17351475973
0
0
3
471642135
294536869
0
5
15765634406
0
15
6
0
0
20189422687
0
5
6
0
3319186181
9
0
0
0
45
0
13430650196
0
0
13530833315
0
0
7828291793
7944307090
0
0
0
0
2
6
0
0
0
0
0
0
0
2029426386
0
0
0
0
52
0
0
63517607
564150152
4290010449
0
28
0
0
10328662457
0
1
14969058805
9189631026
2
3
0
0
0
0
848874528
8177974096
0
307146318
17426831025
3266976439
17432013670
1
0
0
14001738726
0
5893942619
3
790264611
14470807288
13
0
0
0
15820533124
0
0
0
7973992774
3
0
0
0
0
15
0
2149219997
0
1250498996
1
0
0
10
3
0
3480544772
0
17108688952
0
0
9
0
4
0
3892475156
706694349
0
0
17703442649
1
1
190627016
0
2
7
0
652263031
734376022
15465594294
992054148
0
19844334828
0
0
0
24
24
0
536655347
108
468807440
0
0
1
40427390
4
342730949
0
0
1
17906703000
0
50
69
1
9
10202747017
0
3
0
12462971201
163529698
11
21619620399
9
0
0
349591261
2320847892
0
0
0
0
8
4
6
2
17093427834
13896142081
0
0
0
4403152452
9
0
2840057659
21794536
12389902422
233
545512449
6
1
4
0
21626213112
10
0
14480983304
13609686984
3
0
1
19126588307
0
1
1
9521131542
2207420947
3
468583158
122
3818043851
13
0
64
4299586848
0
0
0
0
11938932405
5
1128344347
0
1
1628833458
0
2662045439
12530523076
8
0
11
1
98
0
0
0
6
57
3
0
84
798624041
9341899216
8
32
0
0
0
0
22
0
1
8782444984
3258444583
0
20189979086
0
0
0
0
3
556118413
0
0
1
14923183022
0
0
229
12024335132
0
0
0
0
0
0
0
16570098216
1
0
0
8695929001
0
1
0
0
19450025549
2711379928
0
9332527079
17
10227947892
0
0
0
0
3873203352
2131852803
650944742
1673594854
6204679852
0
7
408
7
4634636
0
18917886522
10
10145554408
2347328013
0
7702597849
1
22
0
1
7535597977
0
0
2
4581606898
128
16717917941
3071640127
82512174
15
2
7
77944767
2935421714
0
12
12824088
0
2
0
1
0
0
0
1
3
19902713177
0
0
0
21607980625
6
13960828952
1
4815926883
1
11525344395
6
33
3195103997
53747712
3115361088
18
0
0
14782000247
8
3
0
678554041
0
0
0
0
169072189
0
1
0
20871864457
8818712795
11455307868
6486345708
40
0
128
0
0
2
0
3459302744
0
0
0
13488730949
13
0
975459389
2
6
5628612587
19012421475
0
20755017184
0
0
4827741246
0
0
0
0
4
2829976837
0
0
132
14110575976
0
4
5865248059
10159352231
3342405900
0
31
16
247
0
0
1
1974193908
107460237
2
0
0
0
8
1296851388
768949012
0
1199409402
335886267
0
0
87
0
0
0
0
12094938767
8080475
0
0
0
1
0
5820233455
1785630805
0
1535369153
0
7
0
0
1
0
1
3
17382711011
0
12982720759
6487738009
1
3
8888435394
8567676306
4
1
2
0
10
20
0
3
3
1
0
2
22165150701
9077741478
959370587
13426902334
16971102520
0
0
0
0
1
7975024519
5
37
0
22052741902
46
0
6
18
0
474622727
0
4195211224
0
8
1
0
1
0
0
5074450699
0
0
14930009922
3
58965804
7
2142160
10063307
590018052
14012996776
30085067
14595350957
2
852858139
13244368577
5455162051
0
15585155271
3
15
2
0
0
0
35
1
0
0
0
2
0
14734608956
4
0
8710302829
39
499151872
0
1
6
129
2328018565
0
0
1
1
1
0
6615166105
0
0
203621150
0
21895136027
0
56883856
0
15
7357114493
0
1
0
2
0
57
4329457684
66
11424636622
0
76
0
0
10353185830
0
0
20152994648
0
19
0
108059139
0
770044718
0
0
0
3651647136
15039537830
5096674516
0
1301235804
7753322046
40
12888664199
24
0
2046952895
1
1
10584678823
773253105
21062794958
12348072980
7079788814
1
0
2
0
52
7
69459
11618371034
0
1
0
0
7
10766106190
0
5
0
6680433429
1
3018100313
0
14491342924
1872140417
0
10651617
0
12293220002
0
0
3010479941
1
9968789458
6
3
0
227665215
11
0
460899047
0
11983410280
6700523218
0
0
6
1
0
0
0
0
1781211086
1
0
5
0
0
0
5
0
2100902049
0
1
0
123228385
55
0
0
734108783
0
1
0
0
0
3
0
12
793423453
0
0
10771199023
0
10
0
3940062024
0
17842746052
0
59808516
0
8223092366
0
1
0
6696988482
7078742096
0
1
8
0
11759020001
1
0
0
0
21
6
1730929251
0
6
4248777180
8677384336
1
24
0
3
16197550331
0
3747598756
37
1
0
0
3829032043
21048547256
38
1286424996
0
3
1
0
1
8352493237
588689452
0
19714398271
6796722876
0
1764501679
700965044
1080369982
18011861306
18101279236
8
3
1
8505798037
1
19395910638
0
0
0
0
0
3
1
4743855408
94
16
0
2993015278
0
2381903577
0
0
0
3
3327215373
0
0
10179373954
0
9
0
7338127634
1
0
4354544830
4
5996833505
0
0
0
0
7
1
0
0
69
0
0
6466799333
10
19
0
0
11947722794
3
3
3044917952
2719650197
17926153666
13
0
1
0
341376722
0
205
8119237058
17681638284
0
0
7322753539
3882484804
16397535983
8381842917
3
65
1528383156
455916276
4750282052
0
0
0
1
4096916318
0
0
0
5776678801
24
12
10766411062
10
1
0
0
0
1
848373817
0
1
4199777779
6
6
0
4483478263
27
3
0
0
0
555
0
3
11516277617
658888783
0
0
1
0
0
1
1643151148
0
11
13491072493
20127280386
0
1
16859382461
0
4
21441
7
27
5
6
133226248
0
4447348078
0
0
4382836427
0
5129003705
1
219808399
0
12
1
1
0
15030504966
0
0
0
1
2214984003
0
5
0
0
0
10
20086935916
13686546827
5725490212
1
3381075642
247608880
4108514942
684539
22
38
0
11
0
0
0
0
25
0
0
6716747365
0
0
0
0
1802505997
2001366661
0
0
3893212453
6
19785356135
0
5922586350
0
232
352172528
0
0
3
6
2
39759763
0
1
0
0
0
8804815174
0
0
0
0
3989289143
0
1
13710491794
0
4372196543
0
0
21619915609
0
3
5471639813
17388547672
0
0
0
3199095906
0
16628003659
0
0
1
0
9854491870
15238223604
1
0
3
13050076254
0
0
0
3
0
1
0
0
0
3
4
0
1
1701134614
0
2412464858
20085157132
24
0
3
0
21163859549
0
26
8
11784429449
14949403840
10
211
0
17907714892
0
247563245
4776359941
540033905
5843223418
1
2
0
1
15467992682
1
6322289793
0
0
14130660169
0
0
2
0
1
0
1930225153
10081725736
15502469993
50
0
0
3
0
10
0
170586095
0
28
43
1947628322
0
11493130307
0
17410870258
0
0
7
0
8
17559416188
0
0
0
0
0
3
0
31
17356739831
0
0
13619953477
7967767074
0
0
0
0
3
3
0
0
3
15651965741
0
18774763656
2422571697
0
3
0
15
0
189891381
258
0
0
1
28792599
3
0
212
2
10093150
8
18187871282
0
1
0
66
0
7509229868
10
55
0
0
95259321
1527865
10921506889
1
1486305243
0
19
9
0
817532743
1
0
0
16
0
1
3228456683
0
0
2081190354
2
0
0
0
2
0
0
20
63
2
22
0
5384182223
0
0
0
1
0
8
0
0
591878570
33
0
0
0
0
79
1514619400
0
1
1144475341
29
0
1
0
3
20
1
12557822645
1
19740255405
21837774952
0
1366730785
18031051348
0
5
0
30722239
4
0
5825471088
0
10
0
8
4
27
16756760591
0
5241221589
32962976
31
1
8
0
3
0
3
165935663
0
0
0
7
0
3
0
23094747698
4
0
1
4473097306
22398474536
90
2
6137120056
89066720
0
0
938484690
13489854406
9
19322790243
23362772674
0
0
0
20
684701200
2
1
0
8858102636
2
4202408425
5346969228
0
0
1
486367049
0
22
1
0
20834597368
0
0
5005820362
3
11
3
0
0
1412633909
3
879733420
10508273764
45
0
0
4718260159
0
11
11298352993
0
111
0
0
0
1
0
13006830200
0
2276772990
9317387474
0
0
881050245
13252664833
0
0
1628380834
0
56
0
67
0
339344856
12349149019
11
0
0
13954563346
10
0
3
23726551
0
1023518480
2
10075737710
3325368221
1
0
0
63861669
0
0
1
0
2
144690173
0
994032085
394443418
0
0
3
0
0
3343696508
1
0
0
0
0
2
10
22200012779
0
16
1
2844150750
11
1
52
0
18282068293
0
2462909010
0
0
0
17
3175881317
0
7577878621
29772535
1
0
6
3125060685
0
0
0
0
2
0
806272
1142183495
18633046867
0
1
1755339732
16
23
3
0
21956806791
22
0
0
11459463
2745514627
1083364584
12
11
0
0
2589411
15041942045
0
4652857871
4986639
13933417678
0
3888059919
0
11302613020
70065269
4
0
12870101541
50
2
2
0
18597139931
0
5048726720
3
0
2599052059
2
0
0
0
48
18180052363
11
0
1344818634
0
0
0
5
4
0
0
231406147
3
4282711731
9229581994
0
8691442558
0
1
11688642184
0
6
0
0
12371421229
7
0
1162549167
412406347
3825727819
0
240936352
4537653012
19465873173
2301421533
0
1
57582520
1
17
0
0
0
7393883705
0
0
0
4733376869
911062255
0
26
14028979813
4574342521
22
1990936899
7200251830
10
0
20222479051
1
0
1
0
3775972757
0
0
1
0
7045037743
2
11404598231
854076963
3925413733
2
0
1
1
0
0
0
0
2
6
0
2
1
18231195601
5570870139
0
4624586734
266011856
0
0
34
55
1372554044
0
2783101972
1
3
0
0
1
17892329883
0
0
6
1
68032342
15962913064
0
1
0
16
0
2
1
0
28
0
0
858522633
5095634003
0
1
1
0
1
1700821551
12505927174
11018833795
1536537603
0
1
0
254880
16399108395
12
172
1051389417
0
0
15737265644
0
0
7682089889
3649979592
1142670
9016460814
0
447749337
0
0
3
0
1
0
5
431131669
7073623654
0
0
0
6816175721
0
41
1
3285440731
0
12
0
120
0
0
1
1
18441020044
0
3
1
27887461
7540281257
0
1
12854852174
10
18104074442
0
0
12263787117
0
0
0
16159665527
4
0
7
2
0
4454114155
0
0
0
1
15
13860379764
5
1
7
0
12694571486
12755698594
0
0
3097229325
4990854823
17870747041
0
0
1958367700
5252926164
18841306708
15971298135
1637973637
60
0
0
68436424
17214031097
776
0
0
13855371872
1
12
8297174630
0
0
2
2
0
10
0
18
9812985259
0
0
1
2
0
0
5120253965
13
0
0
8
0
0
0
8568284569
0
0
5003684547
1
22
0
0
0
66
0
4
2
0
1
222
0
10
0
7
7
0
0
4307335252
6123595122
46
47
0
2481503714
28
2
1
0
0
0
1
65
0
14673211006
3892468809
13
3
0
903491922
16200264438
4411252327
0
0
0
0
0
0
9348470173
47
23
0
329565380
4
840940164
0
14265305420
115182339
0
3
0
2533778101
31
512480012
3
158328
0
443854583
69953531
0
0
17334790958
0
22
0
0
1
1
11
0
430909
1228742194
161532788
1
6
58
0
425212229
7345701651
9
0
0
6
3
12482427771
19236111550
16018080243
486743301
0
3611057963
19803637883
0
14
0
0
28
0
18118626976
7446824550
9
19319128683
319253646
15
10146198729
99789275
11796247572
0
0
14575029154
0
2
1584009359
0
45
8033334283
11998568
0
1
4501960689
3493102908
0
5510119463
0
0
0
0
19
22847555886
794191426
6083086189
3
0
0
0
16
2134004155
0
8593592237
17
0
0
123260477
1107930638
0
0
4328971478
20
0
730366713
10532926854
0
17
0
47
3
0
2
10
3
1
14
0
13883052406
17675118466
0
0
6
0
0
60331224
0
1
0
0
2
2
0
0
0
0
1
0
0
0
9709175303
0
0
0
11
6
0
19220130784
0
0
0
0
0
1
0
0
0
76
0
0
1
0
0
6217958943
824
0
129455152
0
0
0
3372059295
0
0
0
2370040
10
17
0
6
0
26
1
0
0
0
0
0
0
8392007237
6502297679
0
0
6
4
0
0
0
1656812999
0
31
0
12686229176
515439048
0
0
0
749578163
0
0
0
3
16
17967052343
8268408476
0
4
1
6446276522
0
0
13108502244
10257146836
0
0
4363746799
24
0
0
0
0
1855977443
1
0
4325067299
0
0
10
45476420
0
7502390237
2
481879271
1
0
0
3
0
0
1
1
1722990047
11311139115
14878384663
19379689623
21228416812
15
1
0
0
0
3
1
9
3255072940
1
26
11534748364
0
0
0
1
31
8
1630417731
228
20260450528
0
2135662898
1
488604558
5015156927
0
0
3
754251583
0
961156458
0
0
0
0
0
0
0
0
62
0
17664779636
0
55964768
22
0
8770349659
6940019664
25
0
16
0
1
13
0
0
0
20244712966
305010236
0
25
2
0
5720654803
0
19
0
0
1
0
0
0
10
3
7542400841
1
2778617167
0
8134949575
0
1
0
0
14964383707
8709166421
11
0
6212958936
1078239131
0
358882828
1
112
1
5
29
1
3
2
862161056
4681022234
3
620224631
0
0
0
36
16284260876
0
21
0
0
116479111
0
1
1
3
178989368
1
0
1309343270
0
14541467038
0
0
0
0
2
24
0
1644409305
0
0
2624778294
4486534801
1
6
11139493874
0
0
0
6
0
0
1867457797
0
2
1
11397334940
0
0
3
6618099142
2624352317
13326122201
0
19
0
3
14119872022
2709696960
0
17
17321144005
0
0
0
20697079184
0
2816018254
0
0
1
8505679276
0
2
0
159301065
0
0
2
1
14709664995
4
8861499944
1
68
15670286635
22370132106
2
0
127
21570237340
2
125463187
1
0
15
4654260907
0
0
1
0
20889592272
0
1
1
6
435381923
0
2
0
0
1458221487
0
49
1
0
0
0
4
1
2972297818
2117611288
1
1
3
0
7
1
0
6
0
403666908
12
0
21130296689
0
1
3
0
1
4972168987
0
0
0
4255587753
0
8056873759
0
9
2
0
1
716493465
0
0
9650794509
0
0
0
0
10
2
0
0
0
0
0
19
0
58
0
0
0
4797782057
0
1859059829
0
3
0
0
3
120
2
0
4738153624
6002385046
18
0
0
2855409230
2046546438
0
1
0
0
9
0
0
3201835881
5
0
1791473778
0
7
0
0
0
0
0
0
0
25
0
0
0
0
0
10310537802
0
0
12145085800
0
21822506133
0
2
69
0
0
0
6
37
1
3
0
4
10703576460
0
88
0
85
1
0
0
4
0
0
0
4
0
1
3
0
0
1790187632
1
4307017928
999959114
0
20
0
11
0
11
0
74
1
15
0
3
795640475
5297384190
0
0
0
3
0
136
2263009171
321039
0
8204059384
0
5
283451618
1
1
0
2316153423
58
0
13533742124
2472756654
18540942668
0
66
1
0
0
15
0
5206292661
2
0
38
3286026681
0
3
21520793411
1
0
1
9
211750731
165861972
0
0
15422964169
102
71
11572220352
0
0
0
0
3
0
0
13148560883
5413686754
10593165218
164669685
6081426149
0
3
0
0
1
0
1
0
607814186
7
0
56
0
0
88
2263712126
9136167366
0
17807847457
0
1
11559454790
17967863922
14068927033
1
121
2
0
0
1
9
13
17061781053
0
9395546573
0
2
0
0
0
1
3
5795030871
1
0
0
1568775205
0
9412655518
10
1246271079
0
0
6
0
163
1
15628876290
4453243762
0
79
4
528616952
38
70
1
0
0
2
2
17978718776
1544297858
3
0
2873614052
0
0
0
1
1
1
11306258286
15
0
14277270694
652628723
0
22
3
5231424393
15
0
0
1
4
7602394761
9
315151738
0
0
1
3
0
17
0
1337864191
0
0
2482381388
21640323557
16154044794
3
0
21217102175
3279697164
0
0
0
0
0
0
98
21725762718
0
12
0
9
18061924428
0
0
83
2
0
22
8040006917
2
0
15782502891
0
0
0
1
0
0
1783291694
12
0
1001750159
3
0
1
15565377996
0
5
0
17
5358948758
0
0
2842692065
28
0
4160186239
1909959485
0
0
0
0
10216868398
6
13
0
0
2948492380
16167958733
0
0
66534
0
0
0
14
0
4388743159
0
9619882101
0
0
1
0
0
4918044435
6
0
2
0
11831376756
7584108574
5689224518
2
19435327433
2314350793
1
0
1
1
3
13059649298
0
41
79349550
21756489002
2419440345
0
3
1
0
0
1715287775
0
17087761853
16
0
0
0
0
2
0
5817331956
0
0
5712091843
2958800765
15176175743
8205786703
5
0
8963979347
182436654
1
0
0
0
2309164659
3
0
16864159210
0
0
1
0
10
205356856
0
0
3807340534
6740539261
139
3
0
0
0
0
0
2
81
0
466905462
3
2350997287
0
222993292
5
0
16036675412
0
17248416095
1
4252570066
0
1682920415
0
0
30
3
20
0
0
5565573782
0
315974673
1
0
0
1
0
0
0
7737107992
1
0
0
1
0
0
3
1
1066452946
3
0
0
0
279514731
0
0
0
0
0
0
13179849740
16926069701
0
0
66534
0
0
1155744469
0
5560908569
19
2
20
0
0
20
21
2268790131
1
686468100
4734121077
323665
0
0
0
9237768080
0
0
4
61194226
644890956
1
11
0
2
4551956349
16551044318
5703029530
5
5
0
0
2057415248
12590986
5454840600
0
0
3
92409898
1
0
0
869318939
1023978209
0
0
22081410246
2
0
0
1
0
4407019397
6012020581
0
0
62
1368599811
0
6803626608
1348818990
4
0
0
0
0
3
21
0
2
16754485683
0
0
0
4589630650
0
0
1
2
22427935372
10614130072
0
0
21701498062
2
0
0
0
1
11841984646
1408652115
0
0
0
1
0
0
0
6525074661
3
22272530
0
0
13412632422
0
1
8448608385
15
11
3
10
0
25
0
1
1
0
2359688948
1
7612405562
5283512404
0
833894550
0
144982784
1
0
6316236988
0
4
0
3437033773
7
1604516090
8387913556
0
454394233
1
3
0
6295406936
1
11310878863
6
0
0
10
0
6020129087
0
0
1
0
21
0
0
2
0
849149448
39
0
1
0
0
9799257449
0
4
0
21621272332
0
21
4666249933
0
38
6025719656
0
28
0
4214292214
0
0
0
169857788
0
0
0
8228913603
3
0
10
10733344432
2
6
29
0
0
4
17873638340
8472881961
0
17228990204
1124891328
0
0
3
5
0
0
0
0
0
2732558753
0
5023315068
0
15617522090
3
18515990133
0
0
0
183825347
0
294807416
15697166997
9736184054
43
0
12300202704
0
17893860978
20597891618
1743200291
6262467736
0
1
0
0
3
3864076603
0
34257
15
0
15080353534
2
0
0
0
0
0
15
2067733712
3761903610
16752480964
47
0
0
302350997
1
19
137322401
626254614
102
1
3182097125
5414882795
0
14201011339
4133127999
44
1483971230
32
0
10778920
539245598
291615509
73
7049707612
3
0
0
0
0
12
0
0
46
7
17538467088
3
1
0
42
4357383585
158475680
749520229
102
10
0
3
0
1
168288437
5
0
20674153204
2
0
2
50
0
0
7
0
0
132445154
0
6650478271
0
0
0
1675209814
0
2903123546
0
2104000073
2611014214
0
9418097667
13103325396
3361269451
0
0
0
0
1
66
0
1
11
0
0
0
0
0
7
6288921496
0
0
0
1
7
0
14027001314
0
0
219
0
0
1
0
0
0
0
43
2
89356818
16
0
0
0
5786187050
0
1
0
5
30459749
9156572620
0
7
0
353927387
2319195405
19830145658
1
0
0
0
0
0
0
6405897581
207878236
0
0
2534198717
3
2336906763
0
39259513
0
3142597849
0
1
0
0
2
0
6
13284368467
478315195
1
11475653057
59831580
5
681274197
0
1
22
3
3953508390
3026535491
81
15024810134
0
1
11410486141
1
0
22
5416392134
0
7
6
2
16308920522
0
4
0
3
7460579545
14
0
0
21
3
8933892867
3
0
0
616118287
0
0
0
3
0
17616897472
1
3
0
18911124811
10
13361565434
0
20
20883754881
1
3
1375596842
18383075511
10
0
9930666314
0
0
5
0
1
6140570995
0
0
423
4
14755746578
0
8
26
18677284937
2594656810
19
1
3
6
19808600936
5
0
0
0
0
0
0
0
0
162595530
21
2705629815
45
11
14788439512
24003596435
15861347588
0
111944555
0
8650999999
3892210792
0
5308340057
2
0
11
3
0
0
1
0
0
4361165358
0
4810754690
1
12380775024
37
1
0
2258676142
0
2
546354982
29
3
15485698780
21589826869
0
21
0
0
13
11976666722
2151136455
1
1
1
16
3
0
0
0
0
4
3
8
1
1
0
3
143262968
0
2
0
2
2
0
8
112639352
0
4857384419
0
0
10
1
1630146
0
3171549615
63
0
0
4316437270
5219738535
0
0
124
3
0
2
1
20238625183
0
3
0
27
0
0
0
0
9
0
0
0
0
3078698682
3
0
0
3228521982
2977326090
20198275380
0
4742032497
18228230855
0
0
7531859165
0
0
0
4379598
0
0
1
7940967
0
2189571639
1
0
1295727634
114
0
4
0
8
0
25
166345290
717267088
0
17727774518
1494386778
105
0
2
0
8
0
7261732742
3245524572
0
0
0
0
1
547923
2
1919955721
0
0
2
0
0
1
0
1632327280
6
546026655
0
10723948459
0
0
8282076395
1700896985
0
17180737058
0
4962168349
0
2
2
0
6474934250
2065020135
0
0
0
0
0
0
196
21996585319
3728200292
87
0
0
0
0
0
0
0
0
0
37
2
0
23168014590
22488891411
19
19765265872
2272170
1
53
1
14031378393
841292059
0
0
0
3
0
0
109
4159915600
0
4165491291
0
0
5573546253
0
6982964465
266410440
7880300991
36153202
19880397798
0
0
0
0
0
18017672661
5
3
0
0
11794423845
0
4207730208
6028122791
1
10
0
4
393043205
0
555084115
0
9249246844
0
0
27
1269750238
2159697190
0
0
0
0
0
0
0
0
10164078508
2
14215541836
1276232960
29
10052053070
2
18342044
1
0
0
0
2
8
0
0
8320775171
16083597554
7320819059
0
0
1
10
13280719596
6
14899627831
0
0
0
0
6
0
21517326535
20651892985
4340270071
1
10
2576825221
3
0
12971470576
508498259
154831052
881427871
1
2
2
1
0
4
21052258901
0
8440975793
0
1
0
11170037991
6
18564113606
10713088541
0
25
0
3
16071951113
0
24
0
0
11607999782
0
0
0
0
6
2150714226
0
83534303
3
0
0
1
1
0
0
4
0
1
0
2071412764
5
118266726
0
21
0
0
0
0
12029438303
0
4833678774
7652554745
6
10427175613
1989142319
5258807698
3
0
0
0
3
0
3
0
11
0
0
0
768691710
0
0
0
2858193200
0
19229929282
0
0
5
1
0
20893927512
3
1
7433893458
0
19276297934
0
0
0
0
20786770979
2559927012
14
0
21040690964
0
8974715826
13
1
1295290049
0
6
1
10
0
8958547277
0
0
9883642616
18388425481
2
21
6
9389548083
2
21202191045
0
6142570913
0
8
3408362719
0
6
1
0
17
13956267789
0
568031769
0
0
560715116
4
1
0
15777161057
2897936487
0
0
0
3724753960
0
0
19317056467
0
468317604
9932883
0
2
7
1
14522350485
25
0
0
14322833892
2175711840
0
4299712214
0
0
1064657141
13067848990
2
0
0
4
0
1
624600762
0
8197584707
15712828341
18734993542
3475162394
0
1
4707255230
1
3
0
0
1
17
0
0
0
0
773979989
3
15260954884
10642005114
0
0
2268181751
107
6
1
8074812968
14368538790
3
0
138
0
0
4588338169
8886313430
0
0
9
0
1
15
50
2
0
0
16079359399
0
179649458
13622272937
0
1
23
1
9
37
125
0
18864214960
3
0
0
5875355353
0
5169839080
6
1
3
43
0
0
10
0
0
0
0
8005743638
1
0
10797112453
0
0
0
0
0
841796931
4
1
9226198670
2914749077
0
0
0
20424954883
44641043
3
75
2266666424
19138878531
21
13766735227
0
0
20
1
12566157293
16
1
1563895191
0
18
17
10
0
0
0
9646600439
13
1
6
1
1
15
0
0
0
9079472243
5
0
0
0
1697678471
0
0
66895112
12964349163
0
12
8843161442
0
0
2
1398113852
0
0
0
1790646635
0
0
0
0
1
737182745
34963228
10
0
649040
0
0
12
312
0
0
0
1
0
0
0
584740269
0
1
0
12
0
3316184791
1
0
0
0
1433664690
5
61
3256768707
0
30
3184287154
0
20162687853
4535037907
0
1
0
6
14349115157
0
0
1
0
0
0
0
1
2127250930
4
0
1
12787362537
3
0
0
774618003
4781868215
11863477409
7927253365
7
198306099
10
1
2825193655
0
0
4211074390
10911818739
4
14909715802
2
0
0
12901022667
1
0
269319635
361357848
4
0
109
4
0
5
21
2841772695
18651810703
0
0
14697619294
0
0
0
4063336294
0
0
0
137105034
18
0
5526075647
0
0
6
780975527
0
1146997483
0
0
0
18582764095
0
2284614160
12
0
106
0
6
5642239478
0
12786155321
0
0
36
2246502572
4
0
88
0
607494631
3
52
0
0
0
0
0
476816102
0
1
0
0
0
1
0
0
0
7347179449
13
19605485115
0
774247544
50373087
0
47
11
46
0
24248776
9960470280
23277619650
0
2515534552
0
0
6
4869652758
1
22872177
22810458243
0
5379140529
0
4481531638
1
1
2764902652
0
0
0
0
6
0
0
0
0
139484450
0
3024286708
21269776894
3
0
9681843411
1
0
0
1
0
0
3
0
1
0
3
17
0
94
11407326002
0
0
0
0
1
1
3044499024
15485431542
11791783854
6975134456
4942725228
3
57628522
1
12
2518286255
1
0
0
0
0
0
12879751393
0
5
0
0
324240218
0
17715342267
0
4183023222
20
0
14004517905
11
0
22442969273
0
20443441600
0
1
0
0
0
20
1465751408
10
0
15785684724
20077208216
2019405339
0
4
0
0
462388082
1
533195665
8371752480
19093690945
9599974016
0
4833731805
2626468897
0
0
0
5
2070302945
4218297528
0
1244501283
0
0
15
5727433115
1
0
3
1
1196770029
5340566112
3
17
221338425
31
0
6
0
1
0
0
2
423504094
0
3520889563
1
4732439317
10562464862
5650704664
3
912508560
6905226637
0
1
0
18777711846
1
55
0
3
1
0
0
1
0
0
0
0
16567228507
0
0
0
0
0
5
1
7216751716
4128365318
0
0
0
17518968579
2
0
0
13014463737
1453423080
1720800027
13508738382
1
6
4
0
0
0
4912718971
22
0
1410120499
7
1159757323
0
18
0
0
5
0
389372345
0
15
43
4
3121589730
1
21
0
4
0
1
0
22
0
1
2
0
4955560457
12222585928
1
10
0
6616191200
7364621496
0
1189998018
20555708059
18
0
30
0
0
1
0
0
36
11303476008
3589811438
0
5880572266
0
0
0
372766215
72375265
0
1
9181690865
123
0
0
461225277
0
0
201
0
7
0
0
0
73
16504809247
13708856346
0
4
6
9043846114
0
0
0
0
1657015598
1
8402093114
58
175881377
1
0
1
0
54
6
15423558994
0
7824103919
16
1
1
2
16820538030
0
0
0
0
8838783
9770840491
1
0
91577785
5104592710
0
7
0
1
0
6
0
4040239087
0
3544502459
1
0
1
1
0
0
0
14605901914
602716
0
0
0
20229912785
0
950818297
22174974658
0
0
9
0
0
0
0
156
69984055
0
25715535
4569246914
0
1
0
0
153857411
15266392899
0
0
38270925
1
8717756373
14779267821
21529822685
17309426539
3
0
0
12939978623
0
16785524702
1
6398820227
336876692
8
492157237
6
0
0
8784811416
20
11104179630
44
29
0
175
1130884107
0
2132264872
0
15
15517503368
0
0
0
15548200866
0
0
17734439391
0
0
0
0
14300243728
1
0
14778439697
7
1
0
6041860300
36
0
2
16363187044
1
0
1
10867702599
0
0
0
0
0
0
21
5877568403
4
39
0
0
0
337301741
0
1
9715995717
0
1
0
1
232877982
29
0
0
0
14990701394
0
0
1
0
0
19
0
0
18331966488
701851294
0
106088065
0
1627429
0
0
1
7693642791
2
0
138
1
0
0
0
173
3
7
0
0
0
3
739401512
3
17659417248
0
4955479420
2
0
0
0
0
16
1234134711
0
0
1268594483
19654359226
0
0
49
0
1684914545
675358882
0
0
0
1
0
0
0
3
131529773
7408722125
3
0
295855150
17086899488
6
0
572058009
1130041633
0
0
0
0
0
3367751231
0
0
0
6512916502
16
1
3
1
13779438
0
0
2846606982
0
193835354
0
0
0
0
6378661865
9034201204
0
0
1
0
389
0
0
3120267865
0
60997945
28
0
13
5552429562
1
0
0
0
6
0
109849700
0
6
9
0
1
6626039888
3
0
13561840481
3
3822492719
1215118467
15806979285
5
12618766262
879882079
0
0
2018191987
0
12
12503597240
0
11658096337
0
0
570342480
6335408027
0
1
11793202998
0
2
1
3
584151233
0
0
0
1
20088190749
0
1712025968
0
0
0
0
6520820906
0
17874272654
0
4481506406
1078185870
14907246621
92
4121002531
0
2026068124
0
6
11528586781
14333436896
21
0
259880031
0
0
0
4
799579468
0
0
1
1
0
0
3
231621942
9472384621
0
0
10
2
0
1
3
0
0
0
17228639688
7077635962
23
0
4
27
106155390
0
0
0
5593985954
152
0
5
0
0
0
0
7268859054
3594336831
2
353
5
8
12623625453
0
0
0
0
263968437
6
0
0
15921638310
15085081784
0
0
1
109
14809773156
0
20927835841
3516924628
0
0
9
0
445021039
0
1
0
0
4793964
3
0
12
0
3078436951
10914564444
0
0
798773307
16
0
258
14008051521
0
21993385809
0
3
4
19405966691
0
8580730991
0
10
2281749484
0
1
29265687
38
0
0
20963080246
0
1
0
15736067279
2
1
0
0
12726768199
17733393639
0
466114451
45
1
0
49
0
95369094
3
0
13
73
0
2
15
1
16
0
9
3446339549
3
1
41
1
6
1
1150901925
0
0
9
16735644891
0
0
2
0
1
1
0
0
0
16
0
0
0
28
2
1512545251
214524886
13
30
114408804
0
0
2069424118
0
0
3689003811
0
1
1730787195
17
12
0
0
0
0
3
6455774040
0
0
366034577
0
0
0
0
1357523800
1
11563933827
1
13932157848
1
14
2
2
0
15501225970
3762523995
0
7
468437197
3364738778
1
3
13384971221
4
572147770
2739577453
0
6090536617
3600199071
22010819637
424177612
0
0
4387806112
11
270282418
0
22
265
553843179
21528177368
0
0
0
0
14
0
14769586234
0
3524817272
4112577145
70992502
12044874886
4
2306397
10504056460
1
291613185
0
0
0
4
1
3
19055782
8799550166
0
0
17359556210
0
4565379095
18
0
19016154949
17
0
2950313426
192
9
3
66
1319567262
0
0
0
74
0
0
6
8289095620
0
0
0
5605570476
0
3448752623
19605636225
4659544645
20847126126
6250979909
15097519088
24
6200731834
2
0
0
1
0
1
0
6
0
169169179
0
1410432146
0
15842595174
0
6643819923
19858503516
1
21
6742551092
0
6
18075816396
0
0
0
0
2223487469
22108089721
36
2208987065
2951778799
0
9991769759
0
28
13296910397
47
0
3795848583
1
0
1
1732385234
0
0
0
1658511335
0
1
0
0
0
1506671660
0
0
1
0
0
5730357473
3621147167
3
51
5038350383
10136541577
0
0
0
3
65322540
0
0
1
5
10852907501
0
1
0
6702921627
0
0
0
1
0
1
14439813666
147608312
358894915
3
828554604
1
0
0
0
13366584038
16019754441
1181889049
10240008802
0
295765992
6
0
1
3
12387346860
1641575088
1
196954319
19673158460
0
0
763311199
0
22644893361
0
0
19843927817
0
1
14
1
0
1
0
7
0
31971217
12023753028
0
81
1
0
0
4
0
0
107
0
1
0
0
17
1960548
2400105415
439276159
0
6849268754
1886467920
5339783369
0
0
161981887
0
0
753009482
5989260208
0
0
6
0
782860823
0
0
2281587604
145649463
0
0
0
0
0
0
0
3
1
15
0
0
0
0
1
0
18039733678
0
5076192788
227433491
14118496783
21
30
238610406
0
0
0
0
2673488619
0
1
87
2
14263593813
7
0
0
0
1136414710
21992151748
8
0
5657284447
19
2
15246847022
3
0
1
0
11838743720
44
6
0
1229546018
6712645075
1
12
0
2
14147675211
33
0
0
41
13
1789772984
1
1555624208
106
1289128715
13543333058
0
15722938757
6
1
70
7
7
0
13436322598
1487721045
14745530540
0
0
10
0
0
9708883595
11
0
0
1
2
0
9420871774
0
0
10
1
13
21
0
0
1
9438205358
0
11746936149
0
72
0
2
1776669679
5
797945560
499698433
0
1
0
1
29
0
5
2318972095
11
7
21
1
6
1
19669546779
372185496
0
0
1
2228399418
1
50
11737498130
0
0
7090984844
0
0
63806349
8
0
8251039120
0
2346391734
11781813360
0
0
1385162301
0
2
26
0
1
3941428044
0
5442677210
0
0
0
1
15
85
28
13561849624
15
0
0
39
87
0
31
11180382516
17256757588
8482362154
381265926
9
17021502655
0
3799412158
0
0
0
49
19714272531
92761791
15576759023
640459361
25
3298800746
0
0
10489622629
84
8
2
3
17465857639
4301811085
6
0
10540383836
1
0
15733502307
0
0
16
0
3
0
46
1
11659407466
1
0
0
9553207405
0
0
19495705207
2
0
8322486336
45751383
7861628795
27
11855504516
1
0
0
7575131178
794552068
2
10789558429
3890830224
0
0
0
56
0
9
375
1
0
4
2
1
9
0
6
0
1274246825
14630165209
1135814976
3
0
1456254980
3
11095729202
0
88
4886012915
0
0
7511802783
0
1
0
0
38
21
11
0
0
0
5
0
2710767423
5
0
14384384
0
12
0
0
1
190990016
42
3
507185329
0
0
20
0
1
5
2
6690153681
0
0
6573443240
22587751300
0
3935853762
17519981111
0
0
18
0
16307283665
21923675521
0
0
0
0
17895292084
0
0
13
0
29
2969357201
1
252653108
0
0
0
19
0
2628387820
24
6
22074834535
2079149439
0
0
6422471739
0
2
6
0
1
4
1
16
1541438272
13
6
7
2223835566
0
0
0
0
27
1
0
0
0
0
3607199521
0
1
0
2645162485
0
3
0
7595010156
0
11
37
0
8002435
362733311
4
9679875089
0
0
84710811
0
0
16
1317039939
0
7527601556
9209623272
2
10838609319
11744888616
0
0
0
5
17540462882
23
8
15949321528
1863599021
2577656067
8952057899
11544365626
101662667
0
0
3
0
73
4679296934
2
16
66652292
3867485429
4617340635
13632823
0
1
0
0
0
78
10
20
0
5399600300
0
0
0
16739655962
0
0
9
0
6876654890
0
0
0
1
2
15
9044432393
12
0
9
0
15
0
1
0
0
9755044926
0
0
0
0
0
22
35
0
110
0
0
0
0
0
0
0
0
0
0
3641782345
478492393
3
0
1
0
834420115
0
0
0
1
1
13
15
0
0
0
0
0
3394
13048260907
0
4221984226
0
10826031579
7802930011
1700188933
0
0
0
8923959366
0
14
5
2
0
21596995223
636406082
0
17
0
0
1623076227
0
0
0
503496501
1
0
0
0
0
15
0
7092693989
8141702507
0
14534250730
0
14
0
21422323264
12580857338
0
15
7
5
0
0
0
0
0
6897516382
0
0
0
0
5774895137
6786038981
0
0
11232508068
0
0
1
0
332947373
112
644477856
19506453299
2
14639002733
0
0
19615661162
6656038043
0
0
0
3
28
0
0
15
0
0
1
0
2606075755
12
0
1
4944820
0
16068951752
6
0
517090431
0
14061979649
8794687594
0
6
1
13849079557
978112180
7279317482
0
0
527596399
14655868124
1
9305794146
15355215640
11041081571
1
0
0
20729206746
1
1485433926
4393654
16200872520
5
2
3
67
2
18173625712
0
0
0
2
7452098509
14810270749
0
0
15
10197239492
73370038
3
9
1686548903
0
17
0
207
12
0
0
5
1
0
1
0
0
6
12
0
0
11937588212
1
0
0
9600485805
6
216
7571957713
2
0
0
9
0
0
0
1
17
0
18875101473
14686903641
17510084288
1158673443
1
18634136061
20
3
0
1
1
0
7
9
4
1059594614
17312880090
0
0
0
78
0
22
1044615755
20
0
3
0
1919740095
0
1387423860
1
0
6
15656168424
11
0
0
38
578251804
1
1
0
0
0
4378019342
0
0
1
3826504906
0
20201914908
0
0
0
7
0
15592735182
0
1
5268291810
2
7
415819693
8
18894546627
13
1
3
6779339
14961363509
0
15
0
0
3
14666456347
0
0
726702458
2524354525
2615745993
47
22559197266
3
0
0
1
1
0
0
0
0
61381232
0
0
3738521306
88
1
0
10304949270
15199274141
14954845871
1
0
37
0
2086780117
4
25
0
9
2
2
6
0
0
0
64916459
0
2
0
0
0
0
21
3
929504950
0
3005985978
0
0
0
0
41
0
0
0
13863451446
7571740267
0
8684243700
4400387860
0
21757456007
0
5529401601
22225099030
5031000288
13
11045755574
0
228516215
1
24
28
1
0
0
0
0
21
3
586914463
2
0
70
430981482
0
0
21
0
11369594
0
860609696
0
2
3
0
0
2212988785
331020406
10
0
12
0
14014829195
2728574379
0
12792341973
10
9
0
17
0
36
2
15946562090
0
3
9833650067
209587036
2182160550
0
8531593032
186
2590455059
12
0
0
11147869805
0
3
0
3143836764
0
19804085209
10215039451
0
0
0
0
4
9089588286
45
0
1
18
0
0
0
14652321
19584230615
6042609149
3
0
0
1478572752
0
0
15
1
27
3
2
0
1
0
0
2471426160
7390564157
9306939891
4318635117
0
3
1
0
2204432580
0
7654130561
7583550655
0
20
10666345946
14723659906
19668977630
866467485
15707934064
142162238
12412773978
2321834331
0
117352132
59
0
1357818109
0
0
0
0
561529405
0
8164364193
1
6
344409729
0
12680090255
146
11
311
6
1
0
0
1
11072559782
3
4941144166
10
0
6802742842
13301375706
0
1
0
0
0
21
12011478924
0
0
0
0
22948796496
0
4906644811
20534665782
793656966
14090159224
911522379
1
0
1561025710
0
3
58
0
0
0
0
0
7457632353
1
0
1
10
19450901446
11075052676
15750658193
0
3
1268425745
59
12353770113
1
20953360516
0
0
157
0
0
0
12
1
216838390
6941557636
3
1647648659
3
624864441
0
0
237207738
9787789572
3
1591650137
793655668
0
0
3
8691753299
1
24
0
7260786337
0
0
12626287818
4
121898076
0
1
0
0
0
9483752636
0
6
0
5545612595
0
0
0
0
10172659518
1
0
5406705441
21
14
143060024
4633371532
1
3
0
19486522876
9
17536275767
0
9812081976
12149280018
0
1
0
0
6
1
1
0
0
1
142
2
707182127
0
0
1
0
0
0
10
1
0
89
1
0
24
3
3
1
0
0
15218591998
919625285
16768829916
1
0
0
0
0
0
2
0
4
1181134642
0
22
0
4823192520
0
0
0
0
7975134106
7
0
0
15923707588
3
8
0
2
14269467497
6
0
0
0
14848866089
0
1
5239029095
0
0
0
11771902734
2
0
9280939970
9970697031
0
4
8
0
2
5
0
0
0
39
18585189240
0
0
1
1
14352638419
0
88
0
0
1
3
0
0
0
0
35
5
31483341
0
3
1
3
2
0
742384386
0
0
19027808451
0
12
1
0
0
0
0
0
0
0
13
1
0
0
2545323892
0
0
3
0
8802322495
16
0
0
3
0
31
19
0
0
19
0
3817934516
0
12453814502
0
1
0
7
2
0
13165148403
52
0
3
13812456402
0
36
0
14139944156
0
1857938360
7880796518
5802676325
0
6
17
0
0
0
9462783648
0
2916998533
0
164
1
16
0
0
0
4198105066
3449411355
0
0
0
6
1
0
42747666
2152430491
0
737343109
10335793231
0
77
0
0
0
38
0
1
0
16893276110
1
0
0
0
0
0
32
7
1995591924
4
101
0
0
570482496
0
31
0
20279725048
29
0
4
1
0
1
0
0
55
17
0
0
4092560557
5
79
0
0
841959824
1
0
0
1
0
1
0
51270789
0
0
0
0
1678831661
1
0
0
0
0
0
6147192114
1
0
0
2687716216
367639324
1
6
0
0
0
9464705505
93
0
0
0
13639714263
17819217553
2
0
1404852914
0
0
13493340833
9
11
0
3
0
0
1
0
0
0
0
0
0
0
0
0
0
0
0
0
1
1
0
13
2
0
0
0
5
3260760375
0
0
29
0
0
13035245556
9290494862
0
0
21440356817
18
7
1
6098995984
1
0
0
21464033662
0
14
0
0
0
1
1837019755
3
0
0
18
1069307079
0
0
0
0
0
0
0
11740461784
0
19
0
0
2
5
0
16684588091
4463077522
0
310
0
3
0
0
0
0
0
15
14268053451
13
19825409246
1
20741256988
0
0
0
12694768313
0
0
0
0
1
136
4786878388
82824182
10
15395329085
0
0
7288712771
1
0
0
10210039502
8
10
0
1
0
18154118964
21
14798251637
0
0
7526869522
0
0
1
0
536689509
0
0
0
3158735917
12173698408
0
3
1
4387904769
35
285720858
3
0
5918059755
0
0
0
2
21459260293
8250994479
1
3
0
3649044817
4215957366
18
0
0
122
0
0
0
0
11860883651
5
532896153
136944829
0
16
3
0
7920145772
0
0
0
65
3
0
2
0
2
2
0
12146290612
13257926769
3755298883
19469767743
2116348959
13
73
18
0
1
0
7805709195
0
20
5
0
10
0
15472000775
0
0
0
2
7
7
12772976109
1
1
3
0
0
9319306286
0
0
0
91782086
1
0
85874394
7594279936
1
6
2
4
42
0
1
1
124417222
48
0
26577876
0
20281057690
13750572382
0
0
1
4728110020
1
2774608565
18298063376
374991446
7
10
2
1
0
0
0
18937608049
91991791
748723712
121774034
3
7590648850
1833590930
300405664
0
0
0
32
0
0
1
8125533401
9323792899
2344430275
0
6
1
7582287927
3853101977
1
0
0
393938459
4539963725
0
1
49
0
72480375
0
0
0
9546458541
0
3
8
39
0
6
3
0
1
0
0
0
6701803867
7
0
0
2
8
4
1
0
20430815697
0
113102835
11563918
3183545966
0
19320442610
0
1311862701
46
1
0
0
6
0
15
0
0
1
11206707791
62
0
0
3
0
11
0
80686
2
0
0
0
0
3819270841
2
4
36
2
471129678
0
0
0
1
0
11
0
19842676981
3
1
0
0
64
23243971748
3581677027
1598225163
15727349150
9
0
5538934347
6190716056
1
1
0
0
3
0
2
22
0
883932464
74
10818690973
0
0
159346225
7855796460
1
3
0
0
0
6
128
0
0
0
1
6
27
7092351874
4159592656
6
1
0
0
0
18889499180
0
5337212276
288581848
1
14
0
0
16624530849
52730718
1433100576
61
1423593492
67
0
1
0
0
1810526540
3
14098908607
0
14977636759
0
1
2
2055544758
7712010285
13450269067
4338803502
0
0
5515689908
0
2
3
0
0
0
0
0
1
0
11
28
11006915878
0
0
0
0
12363878405
16655288617
3
0
1
1
1190569336
0
1561298199
0
0
31
24793583
0
0
1562811535
34
0
18019034767
17730619914
2
27
43
0
2050078442
3
1
0
87
0
0
0
3
0
1
29
0
1
1
0
0
0
0
0
20167387148
0
0
0
3
0
1
0
0
17166723159
15
0
7
1
285954639
30
1627712596
0
0
2350874205
0
2
3
6
17042009050
1
12
1296582858
0
0
2
0
0
1
0
605637271
81
3
0
6
6
13785820858
3
1
8747303542
6430221321
11815764581
0
4
9325816898
0
7150160938
0
0
0
7901060087
3426614933
439828453
0
405192391
0
0
2
17066262780
0
3
1
0
1018619244
0
0
0
0
28
9573701421
0
635204780
5
2361467538
19781239341
13204215232
0
0
0
1
0
1427304326
0
0
4
0
0
0
0
1
204109011
0
0
1
17108907559
0
4
22080927984
1
15
1
0
0
18657754947
0
0
1
19207057620
737736463
4532140612
5371855275
0
0
0
0
9384479795
0
3
0
0
0
0
2366276483
0
0
4
0
17671038458
0
16340955035
7541314303
15375055180
477095224
17
0
0
15
1
20178391988
0
19266259270
0
1
0
0
0
20268611916
0
0
0
37
0
148721948
24
0
2834600719
0
0
1
1781164247
10
1
3593920391
3
0
0
3
0
8655530472
17
23
0
13797559968
0
0
15167269515
2831247681
0
4
919893
414838605
6
17730597569
1
4941628866
0
0
1
2603259845
1
13512332226
2
4
0
0
1
3
9258169182
0
6
15282025814
2746552866
3
0
1
0
0
38957914
7
9
2037861234
0
3
0
117
1
8850423114
515680213
0
52
3
528144665
0
13851342274
4768161445
4106146183
7215527882
3
0
9828443069
10037443100
10
5364407624
16
4626402432
28
0
0
15285807611
0
0
0
0
1
1
0
93
7
19946785430
0
2995736111
0
0
1
0
51
0
29
1
1
15225922719
0
19569094052
1
17
0
6
2395064188
18218744753
6162599629
0
8103705534
34
0
2
0
5
6
24
5
1
3618674988
0
11
0
869510034
0
0
4
2743811470
0
10
1
1572811003
20
3
0
1
0
1140914521
1
472913568
3
5436757344
0
0
0
17
0
280611122
15
0
0
0
19407638334
1
0
0
1
0
1
0
0
33
0
1
0
0
0
4
0
0
5356380527
13
18420984868
4
9197839267
18825372429
0
0
0
0
2876120682
46
0
18
1
4
7728200250
0
931213485
1
11
7787261832
3120872093
587422443
88
0
1
6
0
0
3138577579
0
0
0
8242541588
130
0
5
18621034
0
2
0
1
6276868265
0
0
0
0
0
42
0
3161744383
0
1871590943
0
0
1349178565
14538895374
50
0
0
37
17204263258
6958074039
0
2
0
26
1
0
0
0
5
1
0
14862454912
21665173371
1
0
36
0
145
4
6051985465
4
1638718628
0
0
4767287682
4004364680
2136848553
5291765892
4
0
57
0
7156751015
0
0
4138904
0
17
2782000019
0
1
0
146830748
7698546260
28
1
1454698180
12
0
0
0
10
12793250468
191968
273510872
3
0
0
22
5
38098915
1909461868
5111017806
10083530819
96
0
277
0
14897416615
0
0
0
79
10
1
21
36
1
84
0
5983296760
9538717117
2
14272256182
2962053397
0
2471546253
0
0
16
0
0
0
20286272684
2
309026957
0
0
0
7134545924
16
0
7
0
0
10
19239630447
0
0
754654977
1
0
0
0
0
0
0
0
0
0
0
333485625
18923765452
8
0
6
0
0
0
0
0
0
15879587701
0
6
3754602940
6
3
15167560034
81
6
0
7897230921
0
4801934629
0
702060044
7
16177618035
0
0
19934540253
42
0
3
83
0
3
94
0
2
0
0
4
4179621780
0
0
0
0
817031552
4
0
2197516551
15
10870681419
0
9
2375091733
0
0
0
37
20938903455
2
0
0
0
4052443522
0
0
0
9
10
20443709
242587313
6
0
0
0
8013228684
0
1361327333
0
0
10209476638
0
20106141770
0
0
1243006155
0
932203132
50395487
1
44135429
0
21589858
0
1911449186
0
0
16089768264
0
0
12376313424
10
2
0
1
6526503536
8315910553
1
16141699847
0
51346592
12040253303
1
9288346154
0
7331343968
11912254479
1
7327372301
2588732208
1
372521104
7
2
0
0
0
4
0
4139583766
4
3110050448
1
0
4660932767
3
1
2266035316
0
1
21
0
0
0
0
1
5883609689
0
0
3
13005243278
3
0
0
12361006440
1
0
7
0
0
6
3
0
4758554050
0
2826725627
0
11384473451
1075972855
0
4
0
15
735538263
0
1111028576
0
2246279345
5
0
0
8878529205
356654970
2462698412
0
3
1188304558
0
0
0
0
0
26
16
0
1
0
5457266232
0
0
0
3727791078
0
0
0
0
0
1416599776
0
1
0
0
5577015766
0
0
0
0
1
0
0
0
0
7
0
0
3834949260
0
3
2
13766071016
0
0
3
4778066960
9996182
0
1
15
784530500
133516735
1
0
0
17772218
0
0
0
18526296895
0
0
11393572105
0
0
1
0
917910742
10783939520
0
0
8409168683
20
1
0
0
10073398693
0
0
7
14
1897362485
0
0
0
2
0
1
0
0
2
11819532232
0
36
963730823
0
2950011767
6
0
0
0
8519869496
0
2606867646
14
0
0
3
9372077932
4541192613
15434049096
0
0
0
27
1573381048
2
0
0
0
80890630
0
3744115667
19375726780
19282411990
0
1440266193
2926983850
0
7606403928
242168306
10394938062
998831473
0
19584130064
0
19829665320
0
0
3
0
48462769
0
0
7844680109
3
1
10155085858
0
0
3
0
20321856118
5
4754136982
227662883
0
0
0
4
0
4661644988
2354012518
0
14582293872
785189590
4050122092
2591135957
0
15762709571
0
20806940441
0
0
0
2388923313
0
4228508002
0
0
0
376833663
13549438828
20
12
0
7927429704
5
0
2
4
12554701643
0
0
1
0
3
1
0
8
0
4
0
3
9297330020
3
0
0
11
5
0
0
21
23
0
2021903609
12130965432
11548761317
3357284014
0
0
749858413
2
14347603236
0
0
0
0
0
0
10312017057
0
0
9933001368
6535848947
1
26
0
16727511391
0
0
0
0
19819521261
0
3728716446
1
0
9207167947
3
0
0
1974723120
1
2167175943
0
19623037471
0
222384661
0
13
0
7
37
0
0
6
22402300262
0
0
8963914
0
2675512889
32
30
0
0
2452641887
0
0
6
5622919956
5161634229
18753871757
304391
307471743
4
0
10159130277
3
0
2
18
19884305022
0
0
1
2
0
2
2653860182
0
6
3
0
1997965650
3
0
15177241221
0
0
0
2941270904
3
0
0
6808568016
0
1770363145
0
3842073719
884952126
0
5
3
0
1
5
0
3
17187515912
0
12853600684
2763697317
45
0
7749511380
6577827050
0
14
0
22
1
0
0
0
0
21745432432
16
9414170593
1
0
0
3
0
1
3
0
0
0
15765283750
0
0
14069917658
0
5
19
1
3043131638
75101216
10
11
1
0
29
0
0
0
0
0
4092870991
13
1
20037076932
2
0
0
1
3
0
5822243773
13
8
1
3711101971
79622528
0
54
0
0
0
0
1068918273
15114139427
15585705216
7
0
0
17732416124
14172355184
8
9
7275326
0
0
106
20619629816
4
0
18
17638210115
4327974612
1
12485063
0
0
11
1345931857
0
0
10
49
10
1699410324
26
2
0
9333074749
172
0
5
0
0
0
1215684612
1
0
12079025683
0
709982387
10
1
0
0
3811689320
909099768
0
0
0
0
16
9714048387
77
0
0
17906458610
1
0
9629959142
12
16657428898
5
976490744
2708010024
1
0
0
339526395
0
4535590415
0
395667759
698996553
24946501
1
0
9
3614548966
9007578922
6
0
0
0
2
198
0
0
21
6
10354856841
1
0
0
0
0
21799979911
0
40
0
3
3
14
0
0
5
10
0
0
0
13685393766
26492868
6
0
3
0
4
0
33
0
1
0
0
0
0
0
0
10539417515
11208804695
0
0
0
48247339
0
0
12
44
23572399462
61
3457555719
8536454689
0
13841785318
0
6118548301
1864131590
604016548
0
11712314621
0
3857783394
0
6
1
2448652607
0
0
0
1025542526
1363238395
0
2
0
0
3
3634743689
7368973008
719836118
3
16329603151
18
12462952538
88936536
12433922944
8
2
1
4
0
7
11863363087
7574506675
0
2
73
0
4893710415
5094601776
16129088001
6629352989
0
13378777677
82540725
2573595253
7152978258
0
2
15207792628
4
0
0
0
13088218218
6
0
38872187
3
14
0
22331887308
10
7971403473
0
390875059
0
1468995343
38
0
1
3706302
14981536379
2
0
0
0
0
6
20429931024
5022066804
451617257
3671959160
0
20
0
0
0
0
15596665555
3
709096460
153326345
9
3577359915
0
0
71
0
62046091
0
28
1
0
0
0
0
90944663
0
0
16118251736
0
5
6
21359887997
0
7782184526
1
2
0
0
19
99
0
0
1
1
18705571410
0
18069753635
0
11
0
0
0
7401349576
0
0
1812261455
0
1
0
622266667
0
28
9162404
3577560004
13244171714
0
0
559464555
1
0
0
556908671
26
0
3708747380
0
10
1
9461327992
3301314759
0
0
16
1
2322992976
0
3365553149
4
3
1
0
1
1
0
2
9192167319
8
0
22461798507
15
19637933067
11967172036
0
413118441
6
5598957159
512149627
18591938019
3
20
1
1
0
20
5364162716
5
12
1
48165499
15104477609
1
0
16
0
0
851610647
0
0
3837395525
19859629938
6072665675
46
5786079118
0
0
1
8956394449
17176599123
0
4
6718901071
0
1
4
0
10250785781
1
3
0
7
0
1
0
9091038931
3
14
4
2061241353
0
3180983014
1299103052
1
1537263283
10225011826
0
1
0
0
0
6107465232
0
0
0
10526210352
0
6
15850879371
5220797607
0
3
0
0
21886076796
0
0
1
0
0
0
9754765567
1347663326
0
2
148014334
0
0
0
0
0
0
0
22125088283
5
0
6
0
9
1463510056
180
0
11
0
0
4894254389
0
1
0
18584371159
0
4846385533
0
0
28
17
1
8588374055
0
0
0
1
0
1
10
0
15166417491
0
0
0
0
6383421542
40
224433842
6421101468
3538048835
16732659632
40
4243326010
0
13402673973
0
9300028785
27
2
57
1
28
4
11861505117
479718854
4
0
9304600726
4924685769
0
4
29
6046020212
14078548944
20975259474
869961669
30
1
2310242936
2
0
1
18586858650
0
0
0
0
56015236
12
4905805040
9463317160
0
0
0
0
0
0
144
42
21826428787
0
3201871138
0
30607147
2
1
498433326
296015808
12446368753
0
2738016303
1
372602375
0
0
0
0
0
0
0
1546103410
1
0
2
0
14775885872
11232210185
2
0
0
1
15
0
0
12233284462
2303857044
0
0
0
3
0
0
10011326054
3
613201896
1
2404755790
104932103
0
0
20920912
0
234951775
1
122
0
2771091292
0
6
804433407
804328
2
20123366839
16277438291
2265215458
0
0
0
0
0
21
0
0
0
3569633675
13042338840
6
0
0
13157670750
0
0
0
22902889246
0
0
11979225462
11
22
18299226437
3470156052
665976148
0
3
0
224
0
0
0
1
6
2918319998
6698129991
0
210819547
0
0
0
0
0
13915975652
0
6
972122415
5936740221
0
0
70899617
1
3334070699
0
0
0
0
5
1
1
1208385127
0
1745426557
0
0
2
0
900147643
0
0
0
5258131625
1251733011
0
0
14869611548
306459318
8
1
3280723843
0
81
680984250
0
0
104
1
21
16716295492
0
1062
20735286094
14262822931
3
0
1
0
0
0
2315289055
0
0
0
1223637678
0
4116227301
1
6
3665092566
3
1497020686
2378216206
0
1
0
0
0
3
4
1
0
10512469073
0
0
27
1889387630
0
0
5
15
0
14843544710
9007902763
0
2232199920
0
5420354275
2
0
0
0
1
4637706201
6865451907
0
0
1
263223837
0
3
0
15778253441
0
15233371789
0
0
0
16638180460
0
115
16984813992
0
0
13
3
7
0
32
0
2
3
17299243607
0
7437929435
0
21195390084
0
4753273643
6
0
15546770065
2
15
11763632866
0
0
1419197285
0
0
0
12
0
16095972603
11
22320625561
0
1
0
12088896600
2621237200
0
10
3
246220170
2
3
0
4603855748
0
155
0
2
0
0
11
10941570771
13
11
1
67
1
0
0
0
0
1
674962358
17390150542
1
1930940911
15264127209
879738
0
2728673268
4049806539
2675643422
10941865468
0
0
7
0
30376029
3
0
3
0
0
0
0
15910318517
0
6387291279
1
9661736883
17346689218
0
0
0
455333583
5
0
1
3
15
0
0
1
0
0
0
0
0
8039764722
0
2343711695
11889662213
691910282
7961655386
0
4
1
23
29
1
0
1
7
3
2
11
13
12
0
3
5
0
0
6781977500
0
0
0
0
1170885950
0
0
0
365671890
27
1
1201890386
792088702
0
0
16047376581
6375036720
0
12890076023
6658812876
0
1
35
3
0
7
32
0
15257698673
0
0
0
1
4
0
4001761196
1000039769
5474537352
0
0
0
85727308
0
12572714395
0
15
0
15290715845
0
5966615465
18415181838
0
0
3
0
0
10393969983
27
0
10346365643
2764876096
134
0
6055652115
9
65
15214852588
1
9
16901915233
0
2293036139
12
512400273
1
0
16438669393
0
0
4148542540
4
2071509852
0
7073374824
0
5928998929
11852211014
0
0
0
0
11439077548
17433125333
0
3699591869
7817392110
16330868797
9601792
1
1
4341799918
1
0
0
0
1060881518
0
0
10331891453
21401343
0
0
5216909897
0
1
0
0
15
0
0
4
0
0
15229509777
0
0
0
0
0
2
73
36
0
9
15220434535
0
0
866591711
0
753905477
15977237136
3
0
47340935
0
11
20869333938
0
6411600364
859367711
1
0
0
1987973699
4109330679
19459439045
0
0
0
6
0
3
270586602
0
3073737
0
0
18925091218
0
0
1
22727865214
8772312435
7
0
6766427289
3
7415330250
0
0
13107272478
1
0
5
0
0
21
12
0
2561403190
0
108
1
0
3
0
18895044879
0
5334516758
0
4936071265
0
0
21532138929
0
6
3
0
0
0
16041065337
0
0
6
158693057
0
0
0
6655121660
24493670
0
11913750860
0
0
1
5431379820
25
0
3
0
0
1
6
0
666970823
0
6131185482
13803616
0
60
1
147201904
5
0
0
0
0
3
2818795508
3
2
0
0
0
17563943821
0
208331209
0
9401556521
0
8752915969
3800779550
3051413271
0
0
0
0
6
0
0
3
56
7
7891013267
3068202228
1015952154
0
0
5
4
0
0
0
13102623061
0
18
1
0
17
0
1
0
0
14298437857
8340150553
0
0
1
12397766149
8
9
8217878340
0
71
0
0
3
0
0
753394333
0
0
68
20024478528
0
9172737792
1
7
0
0
0
0
3
0
0
1217428306
41
0
0
472405320
47
0
92
0
2444518953
0
0
11301397566
0
0
0
0
9740893357
30922044
1
14779980432
7484366540
1
0
0
0
14274778376
3
3
19
2498
0
16
3356850019
26
0
0
0
0
0
10
3
3
0
0
5
8887221529
27
0
0
1
0
6
8036580863
0
15
3
0
1694239431
475503486
0
9608725727
4
0
5989085758
4
0
2394842950
68160
42
3
20970245286
4
11141562122
0
0
0
1
0
0
0
0
1
3639611530
0
0
0
0
1424318657
0
3
1
748280384
2833121539
0
2064627764
10753794227
37
0
6
19075727670
0
478043480
0
0
17159143883
0
0
0
0
0
30
11883641022
0
14850428042
0
0
0
399007370
3
1
7495687625
0
1
14930902321
0
4
21263442779
0
11500227507
0
588302167
35
1
0
9523587582
0
21224474073
0
1
0
15
14
0
10
5
3571712372
0
6298444883
0
8013294658
1
4283058023
535430362
306798583
3
0
0
9367937292
0
0
10513090569
10801784662
0
0
1
0
8731583052
89100691
10886061085
5
1
1
4
0
5298750007
16729207346
0
0
0
67051961
0
1
3742761134
1
1992149797
6730959644
0
0
47
0
0
10
36
3
0
0
23164015764
0
1619970452
0
502058815
0
0
9
0
0
3
0
751464120
0
2
0
1000818825
16
9
0
6
4600374314
1865328444
4820530644
0
0
36
0
0
1979910610
691536799
2
0
777374281
11131879959
0
3
0
1028104354
0
20095953832
677632699
0
0
10
11012025270
0
19980480266
0
0
0
30
1
8916124873
0
2878986448
4
4
0
86589948
2905756112
0
19378664558
0
8460854270
0
1
66377731
0
0
25
0
0
19879273285
0
0
702344055
4005513237
0
0
8203046087
0
11582973550
0
0
0
2
2
563366960
12
0
19079521903
150
1
1120248613
20561357672
2
0
12780884412
3
1
86680142
42
10
0
0
1
38
5160698011
5565030031
14
0
4326509493
0
0
0
0
6
0
0
15793057625
39
0
8674724452
9
1
11
0
305904656
15
0
0
0
1
3
15814818841
2825777514
73124681
0
6
1
0
136
16788249528
0
21
0
1
0
14697646
22744170870
0
2845076408
10294228685
66
5
1229240214
0
5
0
1
1
0
1
19266814111
0
11247802156
1
1
0
0
4981286774
648040835
5
1
0
0
122312877
281602399
0
0
0
0
1
0
0
0
495369299
14926833414
1
0
0
0
3
1954291369
0
0
23270310
0
5962818929
9682608139
22082792542
0
260256507
0
0
6
0
0
0
1
1
0
5270340989
15
28
1
37843651
16606345861
23927378
1
1178591324
13
4
0
0
66
0
5751038596
0
9828835241
5
12245346849
11473
1390740997
0
0
0
0
3
0
0
4
3
0
1
1
6
129342280
78032416
7030544682
13
0
21
0
17028750644
0
859592998
2989357
20
1
5843140711
0
0
8
1
28
16985108376
18793549112
16003203610
0
1
10
0
7
9836652819
0
0
15346145417
0
0
0
4733476530
61181894
0
14
12280205862
21186408987
1
0
0
8304826163
1
1660775908
0
0
0
2222183806
0
0
20004604397
1
0
0
1
6125459114
3
36
12304806532
0
87
2
1
0
0
42
41
0
1
463925752
3
1
16414425540
0
0
6813441514
1
1
10798588008
3696545961
4130895128
0
22715904258
0
36
0
0
0
3651838920
2668954819
12691203812
42
0
0
1
51
5472608238
18875158297
2199231651
288602607
0
0
1
0
0
8026139964
10565400371
0
2219454621
5955773155
13285504438
1525874319
0
3
298757128
239
16
17038200224
0
64
5626758298
1825561208
8182998777
1
0
7312625631
1
0
1286485238
1
1
11930248825
10
0
0
7749175
12
15682156897
0
15
0
55
8819037880
984581718
25
6114909976
0
30
0
0
15796559504
1223840620
0
1
0
67
0
0
0
0
0
0
0
754922918
177119407
3
0
3
0
0
0
15
6560651251
11327353401
1
4068499304
0
0
3
0
0
2
2
12142337448
0
34
0
869939345
3
0
0
6
0
178486084
1
199933361
3360242656
0
6530480352
0
0
0
14097750040
0
0
10930876537
1
15
0
24
5
0
0
0
0
11
0
88
0
5176999324
7
0
0
0
20933474763
351628733
0
1
107
0
0
6
0
1
3
157
13326710258
45
15
7833177034
3950527276
20185416117
8834558529
0
0
80
0
2
1
20
9465631208
2
6172066436
0
0
0
1
0
0
0
0
0
0
8
4
0
5743009713
0
0
9019831334
0
6845291900
4604350
3
1
0
8
2
0
0
21726609594
0
0
7
0
0
5717547289
81278719
4
0
14
20188618504
0
9141690898
7207261752
374369449
200977661
8
2
5
0
0
10
0
13271730574
171
5847160496
9
0
8
10
0
0
0
0
1
11754515145
1218929
0
6
9371627663
0
18944345195
19058970326
28
911275488
0
870950880
23
0
802599349
0
35
0
2947004569
0
3
7260448711
3
0
0
0
0
0
1
12
0
218233749
1509116650
14
1
0
12
0
4
5
1
81
0
0
0
0
1
0
6
1
0
1355428987
0
17196305665
1
6
2
6648601000
23
0
0
1879226558
11645803545
0
487380792
3
1
0
8923833640
28
0
600130247
1
27
0
4834529656
5
24
19071464416
86
5178404290
33
0
1
4570703342
55553698
100589697
0
7
1398197064
0
90324834
54
4
68
1
21235427677
0
6221026043
0
0
14034524609
4
19442720901
0
11152851182
0
39
13913945458
6576955075
485788507
0
0
12
0
0
0
0
12512266753
12218932803
0
1378483915
0
2
5763324310
116
0
0
81
1
280900486
0
0
0
0
0
3
6
3
0
0
0
0
15870045372
10674476
0
1151714231
1
0
0
183732445
0
22
2743688393
14621002810
2
1316660826
0
0
0
7
0
3
0
55
3132567752
5846138597
2285162567
0
18
0
0
3811216147
0
1
4
0
0
3
0
0
5881890468
6
21487946207
0
14082241019
6742903141
4386424648
727141131
5864669664
11481424200
19531771438
3927735804
0
1
2205036156
0
0
0
0
0
0
1
1850602325
0
0
0
17175309005
1
7
0
0
0
0
5
0
0
18
14
0
10
1
1
10
6
0
1
1
17938735377
0
15870468718
1552682520
1
11128350310
10528561701
1134725642
1695545177
10
17277458262
7
4
0
1
0
0
1
126553727
1
0
116842014
4922680963
0
14496676680
0
0
0
6454351866
9
0
10
1
373981680
0
0
1
19607405903
0
11397867929
0
0
13014529091
8293648925
3366442911
0
744777199
0
0
1
0
0
55
0
0
5271049170
0
0
1
0
0
21
0
19676647516
4
12258469462
3038292397
5
0
0
12160470069
33
1
0
5662577905
0
0
0
0
1747048181
20991275847
5
0
0
0
1
0
11988258786
0
3
1
0
1
4152380124
0
0
0
0
2449162760
2045201739
0
1
1
0
1
0
69
3
0
1982694103
13
0
641072786
1
3
0
19
0
4283994574
0
0
7829468001
4251509378
0
11
0
21180731242
0
0
0
11
9712821978
17
3
0
6691053932
0
7440402
0
0
1645838854
0
1
15
1698119112
14798010287
0
6
2562299312
0
14087291354
11
0
346942265
0
7037785035
0
2
0
0
5
0
0
37518289
1
2506218899
0
0
6
2
0
1631807217
102
0
14773557237
16
10
500511496
0
0
0
3092290251
1859654
0
0
0
8
0
0
769485360
0
17742987750
10
21
566152110
0
0
0
2769773772
37999869
4
0
0
0
2
0
19492855738
5730650042
0
0
0
0
153736986
19840382755
2
0
0
0
0
8065410145
12832673452
0
3
0
0
178644995
1
2
11
1
17363220672
1088003529
1
111
0
1392014916
3
0
1450939412
0
0
259108684
21
11999718556
0
15
0
2
797425242
16673033845
0
12482346082
33
2134258556
1406820602
9030336288
0
152
3
976781257
11984755854
3
1034121050
0
0
0
0
0
427562856
0
0
1085280493
0
1
0
10
0
3023917512
50
10781708961
1098896460
0
173725311
10
0
0
18548056126
2
0
0
0
20183582282
0
0
2616485088
0
3
10546481094
23
4494645723
0
1
5327997684
8
12825883635
0
22
12447389271
820739828
0
5
0
0
0
0
11
3
0
6
520474877
0
4
0
3
0
3
2
5
2005895017
0
0
0
2
0
8551661702
0
0
0
0
4014328936
12320611258
8553012406
0
1
1
1075655154
0
0
0
656063912
21
9190404618
9
0
0
0
19193373134
14357504065
0
1
1815100478
0
1
43
0
0
0
0
0
28
0
2896220614
0
0
3
1654647874
66
0
0
0
1
0
2094026574
1577405801
6
0
65772453
19565123550
0
0
356730969
0
21
1
1
0
3
1566940
0
0
0
5969210008
3
198
0
0
202
8352349290
0
11
0
14223888423
5977561079
0
0
0
0
0
0
6
0
939452720
0
26
0
3
3
20904579205
0
22772149188
0
3542996007
34
21403330206
24
0
16734562925
0
1259821994
0
0
0
0
1
0
1
0
0
0
0
0
0
3
0
11039681325
14167895326
0
3042929423
0
0
2634351172
5187981764
0
5146410691
0
0
18
189956998
4
7909219116
1
1
0
1
6993240467
2
26
55
7
29
0
3074783882
0
0
3
4
3
1161573605
8559143421
2526846927
0
0
0
1671111177
6
6
0
4268278354
0
0
10028568891
1
0
0
0
2670490447
6
1
0
617924963
10
10
16778902321
1
0
1
21266968363
0
0
0
1887764639
3039530716
0
18
6
1
3
0
0
1
7699961
0
4186786247
12081140854
0
0
0
0
0
0
0
14237440796
3219831537
3
21
8779784963
0
0
18
14372850209
3132830201
3
30
0
57
5060034139
8
7603406033
18
4
9
16742371298
1
0
6
0
0
1
0
0
0
3
0
0
13307297294
0
7727582448
0
72
5103999338
225030648
50
0
15796620158
0
4692400313
200
471330625
10745131592
0
25
0
11
0
1
0
10
3367901445
15
11
12641061625
0
0
9
1
0
1083247002
11384363
0
46
0
6575965672
0
0
3
0
1
0
0
512552566
14913346169
0
11302115468
0
0
1
7286379592
9
0
0
20571331522
6
13668180555
11906586975
0
0
18440033382
0
0
1
0
4920342424
5792931961
3
443411092
0
7130031736
7
0
0
0
0
0
1
3217681753
1
0
0
0
11787221989
15
287213535
0
1
263516494
5278305606
1
2239431125
20599601373
0
9206727054
6
18059564625
0
0
0
2
0
1
0
602745230
0
1
1
1
3
0
0
0
1
0
0
0
1
3
0
0
0
0
66
10
21
9204391671
12
97845
13099730776
3
1
18661445775
1
34580
11812423294
1
216039237
156
4599182617
0
1451930796
0
21117961485
0
0
2
0
3668812231
1
0
0
1
0
22
17
4809441073
17831187421
3
2
0
1
10326125947
4
0
0
4
103458805
115
0
0
1
11222104163
0
6
8
0
0
1
10993651201
9242334162
13566954058
0
0
6
0
10
38
0
20501048335
3
1041934121
5786258002
0
6710351140
0
148470440
0
457358046
139
1
13327182465
0
0
1
5
0
17134830677
0
0
18984575302
13619635623
0
15278762566
2
1
554757111
2884757148
0
0
0
0
706070315
0
0
16606237608
0
14981850776
14724460395
1405783558
18631067917
0
3
0
11
1
10
1
0
11519372107
0
264126063
19610636616
0
7048692700
0
0
0
16955743631
11279703887
19553897315
0
10811787225
7169043220
0
0
0
64
2436001803
10561066553
0
10
0
16256522765
4989775657
0
0
0
0
0
17721063
3
0
4288091748
0
10929237638
0
11311013
8738077175
5354011620
8829126772
1
0
3835041141
0
6
10
2
4
0
0
6206600065
6087007634
6
456630342
5
4856453926
0
28
15077346205
0
0
0
0
0
0
0
739961508
0
0
0
0
0
94193269
0
0
80
0
0
0
1
7102164926
898732
0
3100178361
0
0
1
0
118
3
10
135
0
957223034
0
15579812843
1906130572
0
72
0
37
0
0
0
0
0
4
0
5
1
1450460126
0
0
0
0
0
9
0
0
1
13857847125
0
0
0
8200538176
0
0
1796853902
0
1
15986047324
10740356435
1
5
11
0
7946783619
11
0
1
3
1
396510425
0
5
3
0
1
2
0
0
0
0
1016506
0
1
5
6191648331
1240922676
0
0
0
4
0
0
3
66
5430141
0
19630330481
0
0
402452
0
15972803904
0
4718341084
17500820094
3074341893
3
0
0
0
0
0
3859481552
2
4
70
4033886017
21751935590
0
0
0
1
1
11723547111
66
1
10
0
0
9389896339
0
9372511884
0
0
0
5257696839
0
7570337345
0
0
2
0
0
13544312231
0
0
13480289197
20
0
1883748842
0
0
0
1
95
182
22749550205
1578861279
0
50
0
0
18138067454
0
391478727
1
9241374441
0
39
0
38
0
0
0
0
0
1
0
7807096395
0
0
11586508806
564054084
3
126
6804493241
0
18981594126
10322686246
9750107471
0
1
0
0
7729552845
0
21
4619990746
14921093465
102174140
30
217685660
119
0
0
9707926955
0
0
2
0
0
4013850286
0
0
1
11899911024
1916820247
5
14116107028
0
7230998679
6
0
404443754
3412755952
0
0
0
20
56
3
0
7612857305
6
1
3
0
0
0
2
32
123854061
14445175981
1
1969141915
0
0
11177976528
0
370368518
0
14972474783
0
22
5021104094
0
0
1567060681
8627552300
130931420
0
21
17769178191
1
1
0
0
6138110376
0
48567105
0
7
1
3560327926
3
9146352395
3
9331719815
1
25
8
0
1
0
0
0
0
0
0
4247732739
20095037738
0
1
0
0
15
0
3
0
207751444
12
0
4
0
5896188726
3
3
0
0
3740316585
0
0
7
7
0
9248910161
0
1924460160
0
0
0
2541615643
2
1
0
0
0
0
0
6
15341922383
0
6
1
11605832312
6
12481343
34
0
0
26
4632726987
1
3
20775223204
8
0
16697384331
6
5294673608
0
0
3
0
0
0
0
10149398059
9332891492
0
1
0
3
0
5
10
112
0
16678390375
0
7366073143
9013764
2047640301
3114563598
0
0
1
0
27
6846202526
1
0
16632121872
1
1
1
0
0
9
0
5
132079773
11
1
0
0
1828402887
0
0
50
1
0
0
172
0
12
8187544716
0
0
0
0
8573713874
0
16945040258
9096778744
5377069141
2390440906
165156646
1756348874
0
0
1
0
0
1
0
0
13034759035
6
1
1
27525684
0
0
0
135
2405502983
0
1
0
0
2859762510
0
0
4876072
0
0
1534888091
0
19829924829
0
18
14591020342
8903566119
5565922893
1
151254915
337216292
10911465305
0
0
12
0
18
0
0
20717371664
0
24
0
0
812193086
7097566655
11
12920707118
1
0
1804313970
2947403
0
17760474251
3536288160
0
0
0
0
0
7881550846
0
0
3
0
0
244902197
16432399585
7675816463
0
0
18
3
5433732972
2174820182
2857520782
6035696592
0
0
18303387085
1246188794
11977711837
1
94164535
44
0
1
9817414276
15790247514
2673196403
158084852
6123285581
0
0
4
22664371694
0
6223737934
7939357814
14
0
0
0
0
0
4856543632
0
0
0
0
0
37
0
4
9842443681
0
0
16024920263
1
10345928189
539159724
2
2
0
4
84
0
17703297381
0
0
4600270635
0
0
161
3
0
0
0
1
3
0
0
0
0
120615534
0
0
0
5866169322
0
0
0
67
0
0
68
57
0
0
9399866579
0
6
3
0
2
0
3
0
19583941327
1
76288606
3
8476538232
1
1
0
633238760
23700245011
0
1
10
123
3608144093
0
5085659150
12135595720
424588091
5397814307
3892950365
1644851868
0
0
21
94001248
1
6
293369269
37
1593747769
0
3
0
0
1
8688450339
0
0
0
0
0
0
4161420913
2417625137
17858
0
5
9
0
6
0
0
20320560274
19817897
0
0
49
18546256981
57
4
0
15372381580
0
0
96
5607396604
0
0
14
0
18
0
0
6
2384837789
2
1566881344
12
0
21172198017
9
3418495454
1
6
1
0
0
7
5597552425
0
0
0
0
0
0
6
3010525070
0
0
0
0
244461836
6
0
1
0
2710815542
1
1787269036
0
10
0
6
0
0
2
0
7378606312
635492047
2633525897
11516309542
0
0
0
12384930473
0
17549304624
0
164988569
17914737457
0
4
0
0
1289707950
0
7330399767
3
0
16029207054
6977307218
13293070455
0
9
0
125012787
2
0
0
0
0
0
0
15908550909
8489197557
0
0
11
0
2750083079
10526151757
0
6
0
1
9
2597129673
0
1
10
15022662776
16222305097
8305590160
0
0
0
6
11351280189
4650383296
19100488235
0
906332890
21375243925
21
0
672793493
0
0
348283708
1
16482091587
7028844136
0
0
0
21
54
0
0
3977595522
1
0
8020216569
0
0
1
0
2
1
7
16423798114
49
0
0
4
0
5
339012249
0
7
742713622
0
0
110
10618261858
3
0
1
1
0
34
78
16
7098514299
164819458
0
36
5
0
4
0
23462878867
139
3
3
0
0
0
0
0
1
16
3
0
0
17251675011
0
0
26130277
5454143589
0
5740058667
183525562
3
15781049320
0
0
0
64
0
0
0
5
0
553188546
8450015813
0
3
0
0
1204454077
20
696179894
1741876863
3
1897585380
0
40
0
1
11
2
888751815
3
2108843585
0
0
15
0
0
13058272279
10
14482272753
0
1
7
4731935933
248311706
1
3
16015141
1
0
0
833050627
0
212799386
0
3
3164934190
0
1
0
39
2765462542
1
19833602493
0
7
0
0
0
12439708398
73
0
2907735088
0
0
1062417722
0
2
1546285525
0
9320011163
18165773558
12709593506
15054708742
0
9423841981
3855116132
3288909333
16
45
11164773651
12
2109502257
51
0
1
5710017240
14736566472
5
8
0
0
0
0
0
35
207316210
5008678519
6977097016
0
0
0
0
0
183046100
12474989065
67
12058760365
0
7078084829
0
0
9
0
528
10
0
2
20
2
5841245122
0
0
0
2761895963
3611649280
8
20116359319
0
0
0
2636112745
10
16427772530
3
10
28
0
0
0
5938995287
0
0
1
0
19570240466
17
6
2051678145
3043955000
15773753794
0
0
0
9
0
0
14653654644
6393727253
0
151
0
0
3774330395
0
0
964348613
234342800
0
648716894
0
841300756
5
10
6740936442
0
16580013851
0
3
10
217
0
31
20567466195
0
3450226254
1
71
0
0
11975792721
1
0
0
1600237977
0
1544629378
31189801
1917867966
4955449671
0
15
0
587691784
15751188042
9109014563
0
0
0
35
0
0
1738251591
2
8508054254
13
0
3321843667
47
10437968727
3070269635
22990477543
0
10
0
4
0
0
13405805622
1
92
22526755091
0
6
2
0
1
3
16
0
0
11
9485557383
5188265709
11055361624
0
25
1
4208711325
0
0
539919122
5546357693
76757170
0
0
1
276020385
0
15300119518
19307463683
0
406638496
7158052317
1707702441
0
0
16525733574
15182732067
7117028505
0
3
0
0
45
0
56
4
3
0
907512015
0
86874671
4336724381
35
1
0
6
0
3057490539
0
3
0
0
1
0
14720972503
16639500
7
0
94
420270282
8
6514080011
0
1710508003
0
105
1
22521402890
0
3
3
75687417
11665943301
6217141334
163372722
7133535410
0
4
1
0
0
0
10766943
1
0
0
23
0
15339539745
77
1
0
0
0
0
15
7498220351
21081798678
0
11181961240
154215922
0
1237557097
0
0
20781191815
0
0
12
1802879385
3
0
7650589535
4343147033
998425518
18397588884
357172622
0
0
20315110372
18218527848
0
0
4
357533974
1631079450
19
0
0
0
12
951624674
21
0
1
1
4557459268
0
0
0
28
3
0
430940953
6426207424
304171091
26
0
12154392691
2210974408
962197842
14073817009
20557628588
6306707707
9776894330
6
0
0
6
0
1
1325237000
0
2467128403
0
9151699154
0
471587539
19126754087
0
0
0
10710841575
10
7
0
0
10
29
15
0
0
0
0
0
18096952495
3
11
3068267739
0
1283528894
11507619816
4
0
0
1
0
10612994399
1
0
3
0
0
2240336856
0
2
5
0
9357990595
465028661
5
0
0
6
40
0
67274417
0
5
0
0
0
0
546184402
9558327764
6
5
0
0
6820387111
15085469970
0
5
92
0
0
3638173951
0
1
17530929919
1
26
8
0
1
1
4
0
0
0
0
1
0
247379135
1
641958750
1
1
0
0
10
1420429364
17578714422
1
0
0
5446980628
0
11725217418
8
0
84340554
1
0
1682468147
0
13
0
0
24
0
5892146828
5926889986
0
16769767526
0
0
0
3
21888126946
2184927619
0
3
13571710669
2046320385
0
0
4608021646
14071468304
15122254545
274029552
1
0
0
17108405498
4559083
0
0
17727352448
0
0
1070583654
0
0
2
1542109717
7
2
4
0
12612901249
9
2
6683955747
0
1425361494
230512927
7403204254
0
0
2668432269
21910037568
3
0
6
0
1
19031114840
10075015435
0
3
20991294364
0
1359704065
0
0
6281527471
0
0
0
217
0
66
2549934922
0
298492649
1
0
0
8948100464
0
1
6214794208
2
0
21773925577
14457084564
0
0
0
5834246901
181
0
0
0
985814036
10
2
15
0
0
0
0
1
12448514992
10064812313
0
0
0
3
0
0
0
1
0
0
2
0
0
12437838199
0
2
0
29
16139028379
0
7
3
0
0
38
0
1
55
1
0
0
0
3
1
0
16
0
0
7292122509
0
3292602659
0
0
12310192229
1
796778602
10350931723
1
1
0
70
3
1483576213
11
1
3
0
55296230
0
5
9811738561
312201395
1
4528085786
0
727853229
0
12345930054
0
1
0
8
0
4
8598002507
0
231484597
1
0
4003163459
0
1435984947
544223534
0
441615726
0
0
0
0
0
0
0
5
0
894674921
2392708283
3
10054269596
9179824099
7090986127
0
0
0
2
145
125710632
0
3
0
5537871864
0
0
0
3729728629
47
0
9693957908
1
1
2
0
28
1649863248
8388864277
0
0
0
2222824116
0
10
0
23
393526162
0
4357884642
30
0
1
3
0
3
12
21124921869
2494347860
13890788243
3
18090984467
1
1
0
0
822459907
1140944622
23400175128
409020979
22161512
0
15
0
238749307
460939764
0
0
1
20770422488
1
1
5507043400
1129796842
3
1
2408095066
9603055527
0
0
107
6
10388214791
0
3876118319
0
83
22684320129
0
15003853205
0
45
3574411812
0
2
22063382646
13
0
0
0
10
4584074326
8
0
8792470497
0
4390369127
0
0
1
27
9470482683
1430062528
0
0
14
0
0
1
1
1
17235286761
4
3
274630410
3996136578
3025361269
0
0
1
0
15
2
0
0
6
4615152782
0
2
1
0
3
0
0
6375123972
3907723616
1
2719609282
0
7
0
2590165949
0
4
5536183832
0
2096401894
1144390185
0
0
0
0
0
112626953
3
0
718004926
61
2976401819
0
0
25
0
3
0
1162791652
4244706273
0
5
0
18023819835
14
9
0
1078479087
0
47801014
0
3
6
0
0
9270938816
5600813236
4373260691
22372298650
9065712861
0
0
69
4730850446
0
12743827835
0
8868254412
1
0
1700931099
1
87727240
0
1363485766
0
6
0
956932301
2
22265762997
15
5574771
0
0
0
0
0
3
1
2345717610
1030935685
0
0
0
0
0
0
44
0
9176673409
94
150
6
0
0
0
0
0
1930275
0
0
6
3639245620
233051087
1
0
0
579237
0
7
0
0
0
0
5182740990
0
0
3
0
6547979572
0
0
0
280112781
10268763805
16451065439
11940177126
27
0
11
1
372473324
4848945168
0
0
36
1
1
107
0
1
0
67
0
6
12858614744
0
0
0
1
0
0
3563868561
0
0
1
10093645591
0
8
7
1
0
15144313337
29
0
9268299077
1
0
13909251161
4
8
1885933802
69271710
2258804336
83814987
0
0
137400903
0
7982630862
0
7908320901
15
0
6
9612052771
0
0
47941530
0
6
0
41183640
0
0
0
0
6928758478
7455619904
1247426948
27
2
0
1743745207
1
0
0
0
1
8098747045
0
24
10271017314
72
2
0
0
0
1
1
30697299
0
0
0
4058675307
5
5380198427
3
0
0
652926993
0
12
0
10
499965766
6
9561836851
28
6190394201
0
0
2
0
14053649505
4
0
7754580231
3764704884
41
20780715183
0
0
4978105264
5713874499
0
0
0
27438764
2
1
3
9960692165
7321761037
0
3552212997
4580043473
8732965167
0
0
237398040
0
10889655479
59142165
33
0
0
0
7
0
3643193399
3414142511
1
0
1
855817330
10
1
4175109557
39
686068471
0
10
0
94
1
0
6
0
40
1
0
0
5878465452
0
0
0
0
1
0
0
0
0
10
3
1
0
1516243878
16885349402
0
3020637485
0
120
0
15089124519
0
3
7
16
1
0
0
0
0
0
9
2725353932
10
1
7519502827
66
0
0
86
11
9318334749
6
1502523965
0
17640295928
2926431768
0
3
0
1930562201
0
5
409161937
0
15
11530712586
0
0
0
20172311
10773235068
0
14553757159
2
0
4445310149
2
19856282095
11054684546
1
14548402057
0
0
11226261248
2
1
2317209707
0
1418985951
63
0
1
4
0
0
4
4390247213
0
3
0
78678908
0
17
835738177
0
0
260573335
15
0
0
3611073043
3486184828
0
0
17857680231
18853685549
0
13963052501
7592363465
0
3
0
1250710395
0
1
21
0
0
782553893
0
14
1
21580662451
5
1
0
85
16650941388
0
0
0
10
5451462318
0
1438447059
0
0
5068642689
13586838148
1
0
1643726949
19766047831
1
1963182949
0
0
4
5480947385
2
0
0
0
0
1
8687384079
0
21303233224
7419359642
10088277497
2
5
1
15944796002
2590430297
2
0
0
0
21
1849638519
36
1085762669
4
0
0
4
0
179
16310098749
0
7369042896
32
0
0
1
0
15
0
1
0
1
0
34007605
1
1
0
0
3
1
0
0
0
6420946829
3
3691395769
9013154616
0
0
16762789334
4
1
1
0
1504893750
2
1
1855275025
43
17012259372
18843434047
9354742984
0
3
6499464512
0
19
8926295450
5
0
0
0
28
14366159497
0
1
136
0
0
1
15
0
0
7
0
7897631119
7991800047
0
3
1
10335178948
0
24742561
7685331176
0
0
15
101725902
0
0
0
1719781931
39
0
0
6
2
1
1
0
1
19339545041
26
0
1
0
1
0
0
0
0
6
0
1
10590
0
93
0
8
5980465327
5
15
28
609697285
1
8648629225
0
0
12359281432
0
2146630732
9673874516
0
0
0
0
0
2
13609952480
0
9218199230
260
501234228
10
0
0
0
8
1
2
0
1045296774
0
0
0
0
15222219218
552786607
0
2
3844808565
0
0
0
43
2
7572103637
0
21
2
53
1460185079
8401495944
0
6862190947
7
2
2
7379972699
0
3
0
0
3235081661
0
0
2
8448598342
0
0
54
2344403254
1
1
9
0
0
0
1304121011
3
3
0
23
0
8308198569
13401969897
0
14071953632
0
22674606187
34
9013764359
0
29
4841217751
58942697
0
10
5506266369
1
15955260125
1
1444995445
1
4
4
2198758754
0
0
73
0
1516632355
651262982
123964590
10023919033
100653206
1
0
11589853712
0
3
0
0
2171505977
3
0
0
0
3713372
5514010393
9641517788
0
2
0
2
6
0
0
111
0
3267846454
6
10454783496
32
0
6685173852
0
0
11
16
4213437841
9510602546
8562380719
2
0
1
12916812475
0
0
0
0
1
0
0
14186425050
1
10705294511
3
5
0
0
17895976374
0
0
17893982550
39
4
3
21
0
1
7
14965648751
0
541047824
11935150219
2
12067710181
0
1
0
17367116000
67
0
157567922
3
6403506861
0
9155441435
16
0
407125550
30
6043331133
0
171872842
1592267
1
192742745
0
0
3
11973995776
0
14
5733035624
1305304382
976124074
13
12551218005
9733640205
17981048234
0
9626125113
15887857359
3
1
35
0
0
5
16
10081501290
0
2
3
0
20
0
3
0
15
0
36
1
0
0
0
12970788762
1
1544551400
19
5
0
0
0
0
0
31
0
275079154
0
0
1110507001
13732490802
0
0
0
0
0
2
3
6
12
0
1
29419337
0
1
0
0
4
37
0
2564658701
0
1
0
3
509604710
3756315667
0
16575652692
60
9645328995
84695124
11
470190174
1
3
0
0
97
1
13187215603
826627826
6625291997
0
0
0
1
0
1922346839
21202724136
132
1
0
9
0
3241456222
17211524677
6
10
0
0
0
7055086545
3
0
0
9662509871
3
0
0
19004890736
17986133715
5879896453
0
1
5637477238
1
6
2
18093775031
1
0
0
0
0
22
1
0
0
20455527151
0
187137397
0
0
0
11847355636
148640209
0
0
0
1
0
3
105219638
0
15
1
0
63
0
16088663359
49
34
1082593487
4730394216
1122101215
1
0
0
1
1365952062
1092651174
3571192
0
0
0
0
3955691854
0
5491387941
346409
1
0
2
0
0
0
8454231477
0
0
0
3
1
0
0
7
2002983941
0
0
0
0
4310389728
10796003310
3522567623
0
21
3
16067960635
0
0
0
0
17032503625
142
1
2
0
2
0
5
0
0
0
0
0
13745400368
0
0
7
3
1
0
10056730548
0
8095757723
0
516053339
7
0
3
18879745199
1
17030945
0
0
1570232128
1
14597527573
10992945629
0
0
0
0
0
0
9087005107
6
939977371
0
0
20
0
0
14921382031
3
1
2
140741271
1544263595
1
11621912634
2439426920
0
0
0
1
5
2
79
0
0
0
1009904224
0
4462209477
0
8542402085
11958559469
0
3
0
0
12138797943
2
1
0
21
0
910294834
55686582
0
17470505036
1
0
3853115445
0
7
0
3
0
17
13798575895
16987172411
36
12105996
0
0
63
0
0
0
2
10344912091
0
1159126901
0
13
2039424977
2
0
0
0
0
0
3084292878
21313667072
13261186240
0
69
183
4814334735
4
0
17823896255
474730071
0
0
0
931920777
0
0
3044119733
3
4196600049
0
0
10561143505
5651795654
0
0
0
0
0
73
1
1
0
0
3
0
13494213876
0
0
0
1
0
0
6
2
0
0
0
0
17229960859
0
0
0
0
5
45416377
0
66211470
0
5853841333
0
221127970
1
3
6396090546
0
0
6739359426
0
0
6691375920
58
0
3290639151
0
7
1
1438019712
0
206450137
0
17452565138
0
3791664756
1
9517622876
0
0
1
9827118286
0
0
0
9
0
0
2
0
1
0
17469828424
10
2
34475431
1739129834
0
21
0
3
18
0
4046512118
711926695
0
0
0
0
0
0
12
0
0
0
0
0
4
4209925016
5
0
48075556
8964233938
0
0
112072986
1
9
264564300
15
3689104345
180611353
0
0
16259446602
3
0
8639905622
0
1965110551
0
0
0
2130108361
15286404483
0
9505718929
0
0
0
0
0
6
0
254067368
2818172705
0
280877715
2756707569
0
0
0
0
1
2184188552
1
74580404
1356498050
610913984
0
0
1
0
5
0
280892988
6848961060
0
561807761
0
0
30
0
55
3498002561
3
0
4
3
167441338
0
5305412717
3
6
12630324
12609349935
0
13
0
1
0
7780753707
0
30
0
0
0
0
426838843
0
3
0
0
10
0
0
89
17
3
15
0
0
0
0
9299559506
0
726800196
5307622
10420891165
613892233
0
3769839791
9706404247
6
0
0
21467018947
9
3175109680
2
0
0
13418368458
0
66
0
21539087954
6023415034
2
0
1
7298129432
1736373637
15443271140
0
17884496511
23
0
2749502028
0
0
3674725150
0
0
0
22750605248
0
661726296
0
1
6
0
10274579620
7251008095
0
0
0
4640994055
0
0
6610189273
0
0
9467334
0
0
0
11
0
0
0
10925344868
259234988
0
0
2
0
22417278262
39
29
1
0
0
4
0
6071818705
1664405724
0
2
6
0
3
0
0
87124776
0
1
0
6508664174
2281435632
1
14490006229
16782638086
0
6472947832
0
28
159695008
0
21
0
0
10
24046188
1
3593071549
15
1080685053
0
15568587415
21907414604
2
0
53
0
0
0
5487182022
3
0
0
0
0
0
2
3
7
28
17619807480
1186571265
11437842681
0
18015812249
0
0
89643989
0
15699928389
14
0
13862209461
13454431515
0
1
8
13
1
0
0
2370718403
60
21
3
0
8229184339
4
203
8
13960635636
4922634646
0
0
9328816614
0
13595831421
16193209921
0
0
1607609193
0
9
0
6289382070
0
0
10375845218
26
16063738475
3824065740
3144627727
6
3748939529
4
0
6176351157
9540888779
460865038
3532110398
0
10905636010
0
1
8
10
0
0
0
14
0
18
26480701
3
10
0
18183632686
0
0
731184289
11079550788
1
0
0
1
1
40
6191845138
0
6
0
1
394797475
1
0
833712
0
15091651030
5
0
4
0
0
0
14314834115
0
17
79
0
757338893
8298343647
0
1
0
848023887
8339691813
6770284522
63
1
0
18417412566
0
20370451339
0
2845850006
0
8332194698
0
22
0
10
2
923174473
0
142
6
3361906303
0
0
0
49352751
10940195168
16475106728
14828371693
1506133238
0
0
0
1
507171
47
6
0
0
0
0
1
0
1
3
0
24
0
1
58177440
0
0
42
0
41
1
0
2
0
0
0
0
0
7806081688
0
1118250052
0
5
429804359
0
2
0
2363847729
14206761212
1461738991
0
0
884143124
1
953112606
2
0
3525226055
30
0
0
141
0
41
4
0
12
9218385286
2
3
0
76
1511962157
1
0
0
0
0
15175197532
21078446603
3
3
0
0
10
10
0
0
15960267826
0
0
0
19
6998754729
9
0
0
0
0
1
0
15964359270
0
13761586003
0
0
104
1
7874424256
4894541425
1062714550
0
11
18871554939
0
14487087817
9
0
0
20910408
0
0
272773896
7621388673
1
8753329082
0
122343055
0
0
0
0
3
1
1747819553
0
3
0
21962684434
0
0
3403027870
0
0
0
2
1
10600686652
0
74011082
0
0
5381278804
48
0
0
15837622966
887774426
0
1826705201
15
0
0
21681478660
17082337663
0
169800011
6974028855
25
0
0
909559358
0
4
0
0
3
1
0
0
13523704585
0
7533578599
6911052716
0
0
3
18501899895
8630175948
16423005100
0
16499317268
210004376
1
9716370486
3287596701
0
0
2
6308537347
0
1
3
8878993563
0
12
17614563868
0
0
2231058996
109
0
0
7366254978
0
1669179634
21
0
3129317762
11779656390
8784065990
6
0
0
420
2160187704
37
1
6
948082682
4
0
0
0
11855741417
20420715
0
11
1
0
19
1
13
16031536
3224850
188416055
0
19935629619
0
1
0
0
2684141568
36
505324521
2
0
0
0
0
0
0
0
30010517
0
13715618941
15236196116
0
1
0
3
0
2
84
0
0
0
1107742230
32
0
0
9288676741
0
308397364
6
15671235842
77520545
22753183033
0
6421375379
4045112096
0
3
2
17185170780
1
12101737596
3
24
0
54
0
0
0
4475781511
13415150355
0
837619005
0
1
0
1
0
913006401
195098568
14137668634
0
0
0
0
13859182806
8
142159004
0
0
1
0
15
1
0
1
0
0
16805104501
6
7638167682
15
0
2
0
13158441022
1
1
0
11935946099
4
0
0
0
0
2707089269
1211388615
1513820333
0
0
0
0
30
0
0
0
0
0
7
0
0
0
9755156901
3041899320
2997093228
655429313
15570033355
0
12907530923
10
0
1
16493620822
1
600070856
0
0
1
3
0
0
8
3633751709
0
0
6
0
0
2988735766
6
3457101791
1
22
0
1
4
1
0
658594866
4377053463
2083958534
2
0
1
5161535608
2659034044
4
0
0
0
0
0
0
4385332130
1
0
0
0
3
318777055
0
51
1
3
0
0
9
0
0
10894825032
129
0
10455985310
0
0
0
0
2
0
0
0
0
0
9214691731
0
5547036246
18242100268
0
25
0
3006028163
6
0
0
13391671613
0
0
0
2
1
5888987905
1
0
4
2549550969
63
139
9544208163
7327443635
8055901233
0
0
12234882490
911368185
0
1
179
1
17429364996
0
0
10
0
457026159
0
0
1289623807
18943867321
1
0
12985153844
444045149
0
0
14012094938
0
5
0
0
0
3774248641
238015191
19773683590
0
0
0
0
11
0
6
0
6
0
15173878660
0
9544337616
1
0
6
3
0
0
2468177989
0
1834276725
24
6326902433
47
7
3
3141975514
7367970452
0
0
38142803
3
692231353
8939307203
8737287394
0
3
0
0
0
0
0
957761533
10378939368
1
23
0
6823168199
0
7047770209
17461512625
27303353
0
0
0
0
0
4532654232
10252167949
0
0
6
20878021169
4968552831
0
9
1
0
3
0
542168154
6
0
1733017048
0
3
0
0
16
0
8876252353
27
0
0
0
2
0
1018069435
21
0
0
36
239
0
3
4543685635
0
0
0
0
0
18764951683
0
453126506
0
0
18308638897
0
0
0
527524504
0
11010351199
163
23933224108
13945006129
0
4398089407
0
0
0
0
0
10
0
0
0
0
6565043303
5
0
1979943812
2
2532492736
21606229219
11687808740
0
3896981637
38
11341025407
5
0
0
0
13
79
27
6423579958
11
10782950133
15
0
0
0
20447517905
10424784277
0
0
16531839550
1
4126801810
1
1556275214
0
8353854186
0
0
6887516717
0
11485819656
2
0
0
0
450700031
22722583534
0
0
2
7
8531130851
0
136
0
0
66988955
0
5031567994
0
422819623
0
13
0
0
69
0
0
0
17988078308
0
3
0
16847432377
12
1
10
6
9148837920
9756519470
45
0
0
1
0
79
0
1
1
4054369786
0
0
12719859100
0
508610754
14673097973
0
0
0
1
16065325
1
52
0
0
0
0
0
0
67
1031744410
0
0
0
17362145449
0
5
1
0
0
0
3
5661651661
0
0
28
79776778
0
354942468
3972202581
0
2678340658
3
1
1
692651516
0
6
0
0
28
0
1499169465
0
57
18
10
0
3846453496
24
3
0
1
0
0
0
0
0
0
3984995468
0
0
0
36
0
0
17635817500
0
13717415141
86
0
0
2
0
0
8679532451
0
0
19902287751
0
99459998
0
0
9
3948139285
0
0
0
0
3
15
9
1812443559
1
1
10040256498
0
0
0
6
6
0
0
0
7262546014
0
0
1
65
0
21538473430
0
335201659
17027576342
0
0
6
0
1
1
0
444821839
1
0
0
0
19
8
1
0
0
12027916370
0
0
19355744616
15609910691
0
0
1
0
0
0
1
17208278962
2288464085
0
4280277663
11220197134
8552326145
0
37
0
0
263370276
0
11335774443
5
0
845646305
3
0
0
1
4
0
0
4
1
24199173846
0
5888142462
20619023145
4462594054
3
0
0
0
49
1
937054944
0
0
1
0
33
385865529
0
0
0
5
7
0
10972571849
0
4
1
21717151664
0
9394393103
0
4130737239
44
0
394
0
0
0
0
0
0
7105679779
12900646860
0
52
0
0
0
1
1
9
1053755751
0
17848766223
8272961195
0
0
1
0
6
3452595939
0
50
2722798608
0
0
20
442539461
0
0
0
7
17769090306
2
15
3
2
7306527828
0
6332106911
9891089509
0
6
14037651204
0
35
809179386
6
0
4499881207
17921024438
10076023131
3
0
30
20157942296
0
0
0
14683744205
0
0
0
4843956173
6
1
44
0
8
0
1
410760201
3
4009752722
0
12
12451327606
57
5
1
0
3039477304
0
0
17754612204
409732440
0
2
0
17787996601
1
0
0
0
16313161256
0
8
157707468
14
0
1
0
0
1440074845
0
0
0
0
66
10330780546
20134204112
5741112661
15
3466614771
17024292358
0
14469674895
21248931519
4183601
20174047102
0
0
60
0
392891904
9
0
5026909153
20659469483
0
0
0
1
0
0
0
853667444
0
0
0
110819728
79294763
10635431
1
0
0
4
393863362
0
0
0
0
11
38979157
2816890847
3
0
7
0
0
5728691589
0
11711135920
0
0
0
5783593071
16718690146
0
3
0
4
0
0
13428734604
17988166848
6973836471
6992400760
0
6
17
0
788214578
13660616010
1248069445
0
0
0
0
0
10
0
0
423185220
19275460009
2075436190
1
1
1
5957300250
0
2448689999
0
0
1012113158
0
14
0
12632878257
0
1169760401
2558633839
0
6
17330859
0
32
1
0
1
6
344167045
0
1716165319
0
0
0
1
584148635
0
1643567831
210945764
1856470154
10
5
4639428726
3662625038
23125952847
0
0
2
0
0
0
0
1
5932460913
0
8
0
8102903180
0
0
0
0
5
1
0
0
1981507500
1
0
304029327
1112132114
0
0
2850208443
0
0
0
8297678792
0
10
0
1
2
2
0
0
0
0
14186438174
4399892055
0
1
0
2
7
0
0
948267939
0
1127207213
8556506805
69
40
191
2121889232
912458680
5457569063
0
5
0
22
0
0
0
1
0
0
1
0
21125721558
7
0
30
3
31
1
5
0
96
11169549345
1
126
0
1
0
0
0
0
3408618164
16989331213
451704238
12
0
69
6431690500
1
51313122
7097345778
0
1099917023
0
21397386958
0
9
2615414906
31
12916854312
0
4721984
10498310104
0
3
0
0
21
0
0
453477807
1
1
0
0
16
0
8607937902
1539768022
0
0
0
0
3753484451
2405941569
0
0
6225121980
0
1435745223
3
0
6
10
2512980638
0
0
302
2413689875
11
19
20
0
0
64557560
6263743754
0
462104757
7966166579
4
0
7923581890
7517734747
0
0
10
0
10697434577
15
1031223802
0
11910339621
2
0
287
45
0
1
15988343400
0
0
8
2
5
6
2
3300059831
18
2
159286502
0
8
0
20
413439209
0
0
0
0
6
20119644771
16363522907
0
2
0
21289087
9713215592
0
0
63108420
0
19520993004
50
0
0
24
0
0
0
16477083895
0
42997
1
3211162
3509555158
1
1
0
10
1
0
4
1
0
0
11937061650
7
0
1
62
0
0
0
0
0
21
0
0
0
19
3
47246774
18
0
1
1
0
12361733146
7419675308
0
0
0
26
1
1754845923
0
9377784967
1
0
1
3
11163903157
0
26
12629234021
0
0
0
0
0
17780314830
25
0
0
0
0
0
1153442263
15629101266
2
0
16
11969538220
15823407577
0
3
2
0
1
0
10
1
0
2582410221
10
0
0
0
16
2537075959
954581646
0
1
0
0
0
5
0
28
0
0
2798049957
0
11153711130
0
8069735397
324
5104802540
0
0
19
193671895
0
1
0
0
0
5441947739
2
0
1
8679765699
0
1
0
14898671519
0
0
0
4
4262823985
0
12200131790
8991959878
0
7448497098
0
0
0
1052436555
7868521776
2217626805
0
15704148248
6421194518
3444333840
1
573322115
0
0
4
0
3753921544
0
2450952734
1
0
3
0
22636947202
1
11
0
2
29583738
34
1144559272
0
0
1759996506
0
45
0
0
6
1
0
1
0
312881689
14231323520
17
2577561134
4
0
11
1
0
0
9
0
0
0
0
142
1192344790
0
0
0
30
0
0
1
1944034307
1
0
4
1
0
1549335369
0
18434718388
10808300959
0
0
6
0
0
20466771949
0
18284896086
18051780708
0
0
0
0
0
0
55
1
8734631673
18
0
9226362442
2540115247
33
173
0
1
14233729245
0
0
5958170301
9605446
3
0
21756872826
0
2
0
0
17747491835
8100315345
7448109461
0
6
19301706843
0
2
0
0
21747528406
3402334506
25
13419113958
4361988255
0
246631398
0
1
0
6194970029
10
0
0
20018770850
0
2861856067
1
8784799431
0
6
0
1
1
1
0
0
4
1
18
0
15686211745
997609
19626318620
4
6315365256
0
10978152822
10775264
1
36
12
0
6366241511
1
9595741862
0
2
0
0
0
0
0
0
0
16
1
0
0
0
1142554744
213978840
1
0
3
1511164252
5847053
13930244662
0
0
12993866800
0
0
1
0
0
0
51
7592845475
0
20673799036
0
0
1
1604510161
11243284284
0
47
0
4856060100
28
1
13140392272
12020025459
1
0
605727254
7
0
0
0
1
250
0
131
0
0
0
0
0
534152398
4312717679
1
0
0
0
25
1
18405218799
4
224395264
3953011796
0
4
6
0
809969666
0
35512446
38581979
3968966118
7
0
0
4214388776
0
17718825515
56
0
3
0
3
1
0
0
0
6
0
9480443801
0
4644483
0
1785263591
0
13268851517
0
0
1
0
1905868942
0
1
7
1
15
0
0
1
74
6
1
6
12
0
3548998591
0
0
0
0
1786822991
0
0
0
1
0
0
0
0
4223669173
0
0
0
3
0
0
13070459613
2663443353
1
998625897
1402807499
17404420479
0
36
0
0
1
3
0
0
16456800728
0
1
0
0
0
0
155815843
89
1
3
0
1
0
18100474021
71
1945114266
0
7481404712
0
8
0
1
0
0
19239801445
1
470796350
15219923365
226223595
2
0
1598028898
31
0
5820367903
0
1
7215824927
17368401811
0
12884284227
0
2
15
28
22
0
0
1
5011045370
5
91
0
0
0
0
6
1
354491796
4
0
6
21072478485
1024441995
7227319881
0
1
0
0
1
7
0
1
21
0
0
0
0
0
21
12
0
3519356518
26
4573506918
0
1
21
0
4588529557
7611165026
9070493319
1631526794
10125776471
15
0
0
49
0
0
0
0
0
0
1
0
7229812495
19
1
9
1
1
4006827516
0
1107429778
1
3
0
0
2
2693414214
0
1
0
6
4
0
1
0
20806100716
0
0
18550451235
0
3417178501
0
0
3290059258
0
4653965669
1
0
0
0
0
832925711
8
0
0
0
6298234105
2
0
3
2372718529
0
418495564
21750799805
4
5
0
611927591
0
1
0
1
0
0
0
69
6148693278
0
3
0
3979611738
3
0
3935493949
0
0
0
0
6579726321
0
7457278818
14535917927
0
0
0
13917061690
6
6741609454
12879629436
2
0
0
19920605156
7380815897
8
3565798
11
4260073652
0
7287060299
0
4
0
0
6
160
3
0
719537451
15206813415
8
0
0
0
37
7464513851
0
0
354422664
1
1
5
0
0
13552172071
0
6
0
14280778112
7
15766869183
14009069579
5857374125
11844863481
0
0
0
3721491083
4525198991
0
0
5245967416
14546569608
0
10
0
0
1
4
0
1
9
0
15
16481577854
3
0
0
5349673434
0
0
62872717
0
0
0
0
6
9
57
0
4923412410
0
0
0
0
0
0
3193960659
6034008487
0
0
778098993
0
3
3
0
0
1805167368
11508544858
0
0
0
3
2000945708
0
0
53
3754988733
1
9531880550
61
1
8316558422
1
0
0
12
0
0
8050038887
8978092580
0
14
1
19840104447
0
0
2458951540
0
698467374
0
1
7011313868
22121612284
74316467
2373241020
0
0
0
8
6518338425
4
1
4
7379850845
0
2
0
4767865623
10980540693
0
1356383434
18841
621641862
1
0
0
159656626
563721941
0
0
0
15841262423
7
0
3
0
1
22200801457
1
0
39
9
0
0
0
9
1
5
7288052509
27
0
0
1
0
0
0
18791427
0
0
0
14320951103
12
0
5283640079
2
9750764076
0
2089659888
19725068734
0
1
187
19
3
0
6
0
12816879
6
3
0
6
4
5005599753
1
1
2
292325945
2567811947
7161270780
11
3
0
0
0
10325765414
0
0
0
3
0
63
0
15899157410
6102475963
10
2714986681
26
0
10
20381611759
13224812281
0
11217447034
3
0
1477703992
0
17
0
0
0
1150023874
0
16
1
1
0
2
3905425779
0
0
0
0
0
0
21
0
1
2678475293
22126622932
8615589187
8192702125
4540040365
0
0
15202126624
0
0
8596427619
0
0
5718303714
0
8650469592
0
0
1731683377
7
0
1588931206
0
0
1
0
0
0
0
0
0
15235734721
3661286411
0
117
813517723
1
17612039524
490338541
0
7
0
19697352723
15884614579
0
6447759713
16
17469299254
20
0
1043756446
0
1
1
39
8363153444
1
0
5681594829
7
27469570
1
2856197843
40
78
1
0
1
8253227428
221097320
0
0
0
16750920491
1377560971
0
7
3
25
3
0
0
45
1203640248
3062102111
0
9
0
12210340922
9474567592
0
0
12
199268744
2404621278
0
3
0
796218818
2
0
23469951477
15
0
8140157815
0
10
0
0
0
0
4
1
0
0
2
0
0
17751057443
0
0
351647
15566825917
0
0
4
0
3724267502
10
12112785258
5176135131
700786208
1600808795
0
0
3
22323198169
1
0
1
6504443121
10363426203
541994971
4
0
0
1
0
0
35
3
2
3
1
1
0
1
1
0
0
0
13900747928
7753940938
1
0
1
16273248854
6662524486
0
1459277837
0
0
2
0
0
0
17070590955
7
7
0
20854798174
0
4032280203
9
0
0
2
12949390579
0
0
0
16678346620
0
7170030197
0
0
0
0
26129096
0
64103030
0
1
188043860
0
3
5006814876
0
0
364182
12719960858
4652148363
0
59
7448781807
1
11
0
0
1
19068411097
11996496630
5
4
0
0
1391388956
2
0
1467403144
23349347439
1
1
0
4021141286
0
0
133
1
0
0
1994616438
1647016129
553428433
0
0
4
30
0
0
1
11909262709
38516094
2284154269
1762021258
0
0
0
0
0
20580070775
494226373
9274395188
0
12296946213
0
5671900313
962700421
0
24
0
7670104404
7
0
9273320371
103
8417581852
0
2
0
20
8791598
1
0
3
0
30
0
2
6578627275
16970834791
0
14494233879
10660085028
0
23536045869
2690404035
0
10075698923
22594854327
2746184060
0
921532477
0
1
18745653441
0
1780817338
18965632958
0
12511897812
190
34
1604246416
0
11013112994
6
1
0
0
15959819
0
100937506
0
8738987941
0
0
2989225434
0
0
0
1
1
0
0
4
21
0
0
15676544142
0
1
2
0
0
1112125055
0
0
3
2322612596
1
0
27
0
6
0
2
0
142
0
6
1
0
23037087515
713264131
12
0
0
0
3
0
1549672002
5
427198526
983937378
0
0
0
15
0
0
0
47
0
0
13367249089
57
2746823989
1
0
0
1
2726915619
8
0
21
6
0
10
6
16200700599
1707739
0
6
0
3
171654637
21743041152
14
18488556400
0
0
8
0
13
0
0
1
0
10
4
0
2745524586
0
3889125797
1965948730
0
2
0
0
1
2772828200
6
29845294
0
0
14299929455
0
44
0
9
10764244885
1
0
0
474515856
1
1656205560
489717654
9429285
11698288337
0
2
3
39
3861581174
0
19
3
5808668889
1
0
0
19668078004
20634030719
0
0
28
0
0
11
0
11930121486
10605214067
0
0
0
0
0
1390879525
1
2
0
0
70721979
0
0
18018707697
0
10
13407041905
1
0
0
1
3
0
0
7502140980
14
1
1
0
3378010076
0
1802232512
1
0
29
63
4
1
0
13293264595
0
12860332543
0
17468111861
1456383753
116556986
4
19
0
0
0
21
6
10
0
0
11422423509
0
0
6787859822
0
1688889330
0
0
1
1
0
0
1
0
20015584639
0
0
1
18936204067
0
4542635552
0
11625358162
0
0
79
14
166192809
88736718
1542593851
0
8068127692
0
18316961181
101
0
125442193
18981201458
2777952478
0
22447807305
0
0
0
18601343082
3731952345
1419756285
4473758345
0
0
62
261201587
0
1066828621
15
0
2645483322
0
15665306797
0
1
3
2618823394
28
0
0
20615637618
12236471661
0
0
0
15
0
0
0
2
623635791
4
1
0
5
0
0
0
0
4759302445
0
0
34
1
0
0
0
22
0
1
1
0
0
17383654465
0
21702837876
1552928521
10191688170
0
9
56
8
116
0
1
54
1
2625396176
0
2060634668
19234963149
0
3656001773
1304270136
8707654085
0
0
7124919276
3
9137528413
0
0
4692133872
0
4
0
0
1
8113093936
0
4
20717250389
0
16148924547
3
0
12870750536
0
4518436045
0
3
28
33
3
0
1
0
52
23112008593
0
8
0
5374599686
1
59
0
9018960836
1001902167
15
1
87
9802172938
4751830261
11123883590
11
0
0
0
1
1
0
0
1
0
0
21525193601
1
4
9184662314
0
0
10402189966
54381353
0
37
44836
1685407780
2
52
19
15639364156
0
12542008882
8
6
11
0
0
6775266544
0
0
153083900
0
33
10
0
842993561
1
0
0
0
0
0
0
2
0
3971491466
0
12338363213
2083889861
0
0
10245571837
1970637350
0
0
1
1
0
19
0
28345285
5558011595
0
4
5515932666
4
0
0
1014052203
0
0
246774461
0
0
0
0
0
13869337000
0
0
1
37
0
1
1
1206314418
0
13001152536
0
4469775232
0
0
77
0
5622527012
18599581707
0
3
3
0
1
2563413144
0
19843177068
22
0
0
0
5743873246
0
0
44
2560008462
0
2
0
0
12
1
0
109266128
0
0
0
2939725113
0
2
0
7386621017
8459049781
0
0
0
1
0
6
0
0
6
207060302
4697613687
0
0
0
5529457079
0
0
0
13
20690091325
97690848
0
2512058341
43
0
0
0
3
0
0
4
15
0
2
8
8
6
11266520039
6
7732412183
1
5
0
1553418748
46
6062681954
0
0
10
1
2
1274118626
0
82540136
0
0
1
0
79
23
10
3
0
1
0
0
4107129828
5899123666
6223532810
8003878475
394647608
0
0
10
0
2074162935
0
2560705143
0
358822505
0
16203477354
21122192998
0
0
1427673680
0
0
12353134
0
6
13233535083
10
0
210820375
0
1
4865734267
56
0
238226764
0
11205465566
4
1934608582
0
0
13815466825
35
0
0
0
0
0
45
0
0
9848641091
0
0
0
0
1
0
10298902757
1
0
0
0
0
319515757
6006837809
0
1
3207074494
0
6
0
3053769650
4
6203557621
0
0
0
2072979290
3
5
0
830643
0
0
608918685
0
0
0
3
11730092211
0
0
1
13568906346
3169090082
0
0
38
6
0
15
0
4
7064122907
6517129246
13
0
1
15596651635
6679849954
0
0
11
6109723397
0
6363640000
0
1
10
21
0
0
1
0
0
3194581958
0
0
0
0
8886500450
0
0
1
0
0
1
0
5
6
0
0
3
929255941
1260008045
3
0
9823195111
12079986118
17498914323
0
997872912
10
2953691880
0
2
0
4678760540
58
1
16311039194
0
26
21417381148
25
0
19596253562
13272053647
1
0
0
6
0
0
0
1
15
37
6
0
0
0
994666352
1
9409490423
5045917539
0
12383480278
0
0
0
120015314
5
0
0
0
0
1
20
0
4
0
0
6
99
5876475805
21856615365
0
0
3171378791
0
0
4152063039
0
6
7
0
3
0
8
3624795433
10
0
2
2988592623
0
0
0
6
0
23331394567
2616328588
0
0
10115393295
1
9
1
7527689873
0
0
0
0
0
35
0
0
1
8660665647
113
0
2791112787
247410152
1
0
9713548
1
0
0
0
16620225170
35
3682568370
5
0
10
12
1
3827624990
0
1
2
0
1
65
0
0
1
10
21838705082
0
1
48
43505711
0
2607828560
3
0
1
0
2098933017
0
1
6
0
149652819
2252142452
10
455124793
10
3
1
1
14
12213042302
3
0
2706501308
7756904029
0
18260025820
0
6045565582
0
485197467
0
18053390
10
0
0
0
231708733
0
0
2
0
0
10
0
7980405049
8459434372
3
12159724844
1
0
0
7
6156598273
0
20528582740
9
0
7878120589
8847920080
7665866112
0
2
399517675
18307304251
20875684281
2
1
0
15927923714
8927418133
0
0
8
0
1
11818453482
6
0
5511162242
0
0
1
0
33
287
0
1
4502011343
0
0
3
1547246339
1
0
0
1340340306
0
0
0
2
31
0
14387601952
0
3
3
29
0
0
0
8130380324
7
0
10
1
1
0
6331585188
45
0
0
30884867
86
1620583903
0
9471638211
17988113448
2
216713040
0
8829227920
0
17738149952
3
0
531630936
54
0
0
1876550372
18446845459
0
33182427
0
0
1
0
0
0
242
1
17326148524
19592880325
15
8950112307
307816936
0
0
0
0
0
0
1
1394492031
191207403
0
14761938251
0
0
1
93
5
0
1
1
0
0
0
0
2668406545
44
0
1
0
0
0
0
5712951624
9
291882563
0
0
37
1721099911
3277504131
55
6195069704
1
20306449
0
1
1
5502554111
0
1341763197
0
981881622
264766537
6
8
0
0
12953428163
953526286
170
1
9796598986
40
0
1
6141804084
0
0
6
2374376
0
0
0
7708253946
1
0
1
18287623712
12650432793
17470735089
0
1
0
0
15752247456
0
0
28
6008323917
0
9452561943
0
0
18337148705
1
0
0
13553699440
0
14623959198
0
19
0
15
0
0
22
11669674003
9869417418
17855097990
2
0
6445570721
0
0
21312010312
3
28
15
19356542302
0
0
79
1
15029775598
0
0
0
0
0
3
1
0
1349657564
14860785751
19740602268
1757226134
0
0
0
19732395342
1
17
0
0
4898643244
0
0
9557863396
1349345287
1
0
0
9
0
486618502
0
9040411067
10
0
1
1562193458
0
0
0
0
0
6634493767
0
2882708203
0
1
59
888857760
0
138
5564914222
13604408956
1
0
0
0
0
18264801091
2
202871499
1
0
141782918
0
20048823770
20
0
20302575161
1571041
1
0
27
1
3
1
3
22
3
0
9440993272
0
17437602448
0
0
3
0
1
1
7561532229
153216502
0
194281636
0
0
9
15562491232
1
1944152758
14
1
0
1
0
1
0
1
1
4176903
0
0
1038024517
0
9
6
9
8946749321
0
0
1
0
0
0
0
19855993634
1
4107916280
0
10952834260
0
6465400914
5
2
0
4333633674
0
0
18348365061
3252358
36591682
3048748569
0
0
0
7
0
0
23382220103
26
1
1
0
74
0
6
6
24
0
60
16431084844
4813908762
0
162905312
417976211
0
0
0
7
0
19721730150
24
2
127185
0
49
2
0
0
0
2421638813
1
1
7
0
5276017851
0
54446613
0
0
0
0
0
11758251608
0
0
1
0
641895467
7
20072921522
1
0
0
1
0
1
0
6034725599
15683303372
1963882958
0
12259095
0
16774004518
0
0
0
13266817211
995198038
0
0
0
0
0
14
0
0
0
0
1
15214158949
0
3800378832
0
81206523
0
0
0
8384472477
1
67186518
204194335
0
0
11717705841
55
0
0
14427025963
16230142119
0
3
0
5813177606
5186309552
0
0
45486005
2562139944
4
833337118
13295863455
81
0
1
8275039165
0
0
0
14072785646
1
18615882253
17579602024
3
1
6
0
2
0
21
12
836310166
0
35
0
6173904824
0
14
3
0
0
0
0
1
106
13208712056
3
1
4612668732
0
10
13
2
56
3
0
0
0
2
0
0
5742587655
21494109443
14601837096
1916047060
10
2699723413
0
0
0
2891312149
0
8
0
11614324867
624226199
1
0
0
10
11920191308
284125493
40
0
20156318486
0
343549602
0
2985399836
0
27
0
15471583129
0
0
0
0
16
8026282858
0
0
10873542889
2
0
12798178716
2009958050
1
0
0
3731913824
459260366
8
1
1
20098787484
0
1
61
0
50
14
8
0
1
19170609131
0
0
0
1
0
1
10
24
2042832735
11969680102
4523309911
0
1
0
78
0
174232280
1
3
0
0
2
7518282807
0
1
12583307264
17537653311
59
0
2
6259606675
2
0
7847613242
0
0
4
3
0
0
19212484204
5929482847
0
0
20692903109
0
10
232934163
0
0
20504211647
11201415228
0
0
0
1
0
0
6
10
0
0
0
5135595378
0
0
0
38
19407204571
0
2
0
2
0
0
0
0
3589438777
2264114454
7028545581
1688043890
6532117379
0
0
0
21439495335
0
12
0
0
6
0
1
9
3
7
3
10
4811442154
0
0
1
11417469333
7
1
0
9947738046
3
0
0
0
17080841740
18740352911
162777527
0
0
6708504234
0
0
1
829367415
0
0
52
0
0
0
1
9038168435
0
0
651488917
0
17
0
34
2
0
2
0
6
0
0
0
17
58
0
1
9757549381
0
0
7101607420
1
0
0
0
1
3571588437
14706121543
0
0
0
3
17953368880
0
130684483
2647812015
0
15
0
0
1420569638
0
3
0
564944545
0
19
0
19012683464
15
1
2295921873
4636192805
1265768447
1
0
2834150514
0
0
0
0
8339847195
3964232142
49
35
3
4064062471
4606491279
19180574057
59
0
6
0
1
15770383305
17609946901
0
0
0
5
0
114437
102988537
0
8693993306
8
17981382147
4
0
0
0
1
0
0
0
0
0
2794435270
0
15507207315
0
120
154912515
0
0
0
6
0
0
42174346
21106303208
2249870572
0
0
692166452
7
580277894
0
0
0
1037248427
0
8129365
105419285
14
0
22794511299
22724935120
1
233051552
26
7562785161
1
13176097383
0
1588502852
0
11908445714
0
0
0
16092746644
0
0
0
6
0
0
18
4009463086
5996901377
0
50
5423033710
0
17371814945
0
0
595749278
0
0
10
0
0
5708734088
12
5424967083
0
0
0
0
1
0
0
17549630181
16107875661
0
3433087721
0
0
14
0
15745995282
0
0
0
1
0
0
4597133395
21
1562123132
54
0
365300311
0
75
8545046287
1
0
2
0
1
628595
1
0
7754323
0
0
5230065523
18790899
6
0
0
0
295830991
14431588792
10559388496
0
12992862550
0
69061
0
4772646587
0
2379024266
1
0
0
1
10314323866
0
0
312067005
21379306804
1
0
0
0
1154004744
16951811378
0
231681671
3574744392
1
3
1
0
10336181565
0
0
0
27
4846613004
0
0
0
667629211
6
0
4625378403
0
10521438536
16900613233
0
936509808
0
3388767544
0
10958389209
18745950511
605750549
0
0
17
0
0
16
7
0
0
3040512168
33
0
0
0
30
16099924437
0
138845041
9276749520
0
15639847317
21982913739
11
0
0
10344367712
0
0
0
12330317593
3
6
1
0
0
373826585
4439994404
91
0
6026205690
10
0
2075806923
0
0
12
0
1
28
0
552418920
0
0
18214909786
11285847727
22
10
16817812057
0
6
13087402069
1
0
0
10
0
1
2250037837
1015135101
0
5284316082
0
0
0
0
17321695354
0
0
0
10
0
0
0
0
1
0
0
6
0
12
15496322362
0
0
2
0
11724337463
0
6510725219
0
17142238666
17006528142
1
0
0
4382279987
0
0
0
0
69
6141203602
5104133613
0
1
0
0
1
0
1479686383
634935630
2
0
0
31
0
0
56598669
0
0
14
0
0
0
0
10628038978
0
582786339
0
0
27
0
0
21
7
7830405783
0
1142151322
2539563366
788292
0
19087449529
6
7
6803736563
2
0
2566951870
0
0
9450163540
0
3
20361684713
15446295364
15
0
10266611101
0
0
0
1
0
4
2
1
2003707095
0
97
1
0
22797122451
0
8397708487
0
1
1
0
123
6596016082
0
28471499
0
2949541879
0
440961863
0
13259156456
12
0
0
2
0
0
1
0
0
15
0
0
1894009673
4225745444
0
0
22
0
39508395
9
0
3
10
0
3
0
0
11
16464622775
0
0
5051646913
0
0
0
8
7
9659942755
3
0
95
0
45
0
4755476
15207265826
0
3
0
0
0
12
0
0
1
0
1
1
0
0
17041024139
37
16800928502
0
6805785728
0
29
337894816
0
0
0
1
0
0
272167017
16771983571
0
1
0
0
1
5
0
20
0
776687030
10
56
0
378403162
36
0
1
0
0
0
70831328
17
1
369159341
0
8
2807908305
0
1415908169
4
0
1396612395
1
10112625151
0
0
3
3357582
2411270673
4070626972
0
0
0
0
143924034
0
49
12819598192
0
2611501846
0
2434557299
1134301251
0
211805220
20784581954
0
15430042595
6584789963
31
1383240006
8
0
0
0
6
55462859
2
205
0
838648269
22939855727
0
0
1833863187
0
0
134
0
0
1465073868
18791201254
42
0
0
3
0
0
12
2105496863
203497859
9100259950
1
0
0
18980762252
0
56
0
7
6
0
0
5101490885
20880243925
0
3
3
3
3
0
16422471
0
7
4
973961662
0
1
0
18238665252
0
6
0
1
0
5386505239
0
0
6
0
0
11289597823
0
0
0
11
13494109018
1
0
0
0
0
20817522411
0
0
6713707352
0
0
0
16
134
0
0
0
0
119726350
23649379107
0
9814067645
4
0
0
21519020985
0
5
0
26209556
0
1
5
9830783921
827958366
0
9318104134
67943610
22274985903
3513639481
3772679222
0
3
0
6
10161091265
0
5365321652
1069605375
5
3055187341
490351556
32274641
0
13756325582
0
30
0
0
0
1466769009
0
0
6
0
12
0
0
1
16
1
833238339
4
21
12591167364
0
1
3714261231
13204538210
0
29
0
0
1
17546368668
560142451
6
0
0
231
13788867262
0
5
6213413432
1
0
4
2
9277872614
3142447922
1
18345723
0
10
7
1
12
27
0
1
11590474025
0
0
0
3577207239
0
58
0
3
0
0
0
2
5400100254
209514425
0
1
0
3
15136177826
248385053
463519557
0
30
0
0
1
0
239037927
14921543916
0
5070300634
0
24
7
2657945944
0
0
11031454301
0
6009812860
1915730530
0
1
0
10
3
20784100182
0
1
3
0
448724394
3
0
0
19
1
19278852163
213814980
1848596144
10565721681
5380649324
1
1
0
0
0
0
6
302711028
1
0
1674331231
1
18745161479
0
0
0
0
1121118871
0
331166449
0
0
9
23
84
0
0
0
0
1
0
0
0
3
0
3
24163045
0
14240481150
0
6
0
1145523061
0
0
0
6454777547
8
6
0
1848180
6
15
0
52
1
4241731795
0
1
10
0
1522550994
0
0
0
1
3
0
0
0
0
0
0
11347169430
3
2744441207
13
0
1
1
0
0
18
0
0
0
1
3
0
0
0
289599537
1
0
218849528
1636696563
0
0
10
1
0
3
0
0
12864835287
0
5264279288
0
2679287521
14934499110
6415198535
0
4137728146
19056982187
21
13258974538
5
0
0
118761238
2
4762147273
23
0
48
7
8762560231
1
1228220719
6
0
141469077
0
0
1
0
58
8623156193
0
0
5480029
17
0
2061954062
797771336
12967251053
0
0
0
1
3
3
0
0
0
0
3
16730281768
0
0
6
6464578849
0
1
0
13011452806
26
0
23354633922
0
0
1
3178046027
0
3
9
0
0
680594447
0
0
17387695917
102
0
3211254904
1
3
19
0
10
0
0
3
0
15
20360416950
1
0
6
15
32
1321056256
0
0
0
0
0
3337752337
3
678534368
0
23
0
0
0
13263541077
0
5331140343
0
1133553422
1
1483929509
0
0
0
2
9000637482
2485438921
3
3425842918
21063309096
0
0
0
0
4
71
0
5
10
0
9975526229
22
12
0
3
0
49019976
0
7064590624
3608813849
0
1
0
1339394966
1
3
0
7028206590
0
332563282
0
548986456
0
299721329
1
0
4
2473838715
0
16343446354
1
0
3869338962
19657089537
0
1
0
4
6660581434
14456735564
13713378284
0
68467101
539258191
18695657772
657494098
11182732845
0
3677632364
0
12564744754
1
6
34
20242162018
2
4
18133315333
7
0
0
3
0
12
2831993787
3
0
29
684917436
0
0
0
33
10
0
6486130647
13953571904
17536395385
5
16271634718
3330654771
0
1
0
0
0
0
0
1
8535199886
0
19838055159
0
3
4426904003
0
0
5816898777
0
0
2
0
12952406987
3
24
3
2667065064
0
70
0
16469599928
0
0
3
0
1777445452
15504667038
0
0
97149647
0
0
21813249623
16986041122
0
0
21935368130
0
13323077855
12528926213
7844757192
0
0
838173900
0
0
0
0
6558071018
0
0
0
5546516052
9
0
0
0
1
0
0
10
1
95
0
108995569
6462651608
3
0
5
1
6
0
0
0
0
0
0
2054017263
9564926154
0
37
0
20471567657
4975108034
0
2
96
4051541547
0
3
0
2
20599428142
7
12
0
0
3136654050
0
0
5176478647
522238581
1
0
0
0
0
1
0
0
2504171192
0
0
0
0
1
1595280764
15172079883
3
11032972652
0
4
0
13231739937
8284622155
0
2786423283
0
65
1092655422
19572945332
0
0
14465162
0
1017119121
14060597992
3140777936
8652621018
21404942467
16369112300
0
11707360354
0
23257118991
0
6270221513
0
0
13935856894
1
0
0
4
0
3
127
28
0
0
0
12868079918
0
0
3
2
11
0
51
28
0
3
0
4419063648
0
0
18
678450095
0
1
18130516207
0
0
18538268637
8156559413
1
0
0
15413267454
6
0
21
14175698102
5434321354
0
1077457699
0
0
3
0
161
0
2
1
0
0
0
17397797394
0
14046611633
0
0
0
15
0
1908965082
0
0
0
683085444
5384975689
6
5994370122
1486209571
55
11228522325
4
0
733834703
0
0
0
0
6
9911761919
7222155532
0
0
0
0
0
12767548080
0
133015461
4
0
18472202602
0
60
5
0
0
5011799428
0
0
18170863674
0
10375511278
1
0
2
0
1
0
6
10466484266
0
6578284636
0
0
0
12
0
8
0
0
131455142
1
0
7766619025
9134495017
0
13
1
1
0
0
1
0
0
0
4051642082
0
3867102
99
0
0
0
0
0
0
4777737306
11
7
0
1357300441
4
13421412183
2095061146
6
2
571393335
1
0
11
2110673183
0
0
127976998
34
21925179788
0
9540274239
3
0
60
12928518009
9401778163
0
2183563148
6
175009631
0
18909814186
9265368197
0
3767263301
1983466313
1
3877993286
0
0
0
2130710112
257044786
0
0
0
6412498392
4365365209
0
0
0
0
3
0
33021420
0
0
15
0
254839956
0
8243091598
1
2
0
3
22
67
40
0
9
9176978782
0
0
0
28
0
20084311560
10
0
2061216995
412240483
83
11
1
4
13405481309
0
1197174054
0
0
0
3
0
7
1637350988
15137349694
3
192859801
33
13562452683
3
40972739
0
1
0
325338863
0
0
6965627146
0
1524866281
0
0
10792752337
0
264
87067433
21119481988
6662419227
20393655349
7
3
1
110503190
0
0
1044788733
31
0
0
0
12443546111
4
0
1
0
0
3863943623
5
2216147541
6
0
0
0
0
0
0
12417694245
0
16975812408
0
9989684406
0
0
6
0
17321172115
6689896590
34
0
0
39
0
17283199418
3
6
381980484
0
13145383169
0
4445767930
21331317424
0
0
0
0
0
11570209617
0
12387128887
0
0
0
0
1185292380
0
449876613
0
0
40
0
5042973801
19
9255600532
20898756577
3
0
6
0
0
37
39
0
36
7115456443
0
15961754199
5209609795
0
0
0
45
0
0
2126319554
0
21638954435
110372512
0
3396891526
20943656614
0
1
36
0
1
1
0
0
2
14248967040
1
17620322392
0
15
16542837882
0
38
826613384
0
0
5344464182
0
0
4323738223
2689094518
4
0
0
3
0
11726885
0
0
0
410056153
0
37367171
197723799
0
1
1
0
0
4
0
0
0
0
0
6
1
0
39
0
0
12702944416
247850478
2
0
17906560451
0
6
17
0
0
0
115
217363303
0
5
8
0
22385754353
42
0
2004947519
0
0
0
21062714118
0
0
9631205472
0
0
11413326332
1699698940
0
4956810052
0
0
0
333121480
106
146
2380114195
0
13866360068
3025366838
1
0
2476292337
14806857513
66539736
1
10
0
0
0
5
6
1
5022283959
0
0
0
0
3
315882437
68
0
0
0
2
4
4980642905
0
20585988
22
0
0
0
0
12
0
1
0
0
0
0
0
0
2028728783
3
0
4719143069
1
1
19034830387
1732508898
10885652516
0
0
0
983254893
0
4524321467
3
4
2
0
0
0
23
10
19413337541
0
3
0
0
23
16926077702
1
0
0
37
18
0
0
0
19160340003
0
3138145550
0
1
0
6682426213
1673226083
23
1
495366474
1
2
0
0
52
0
2654870780
10042825808
21
0
2
33
1
1
805043111
20308272874
0
0
324861782
0
0
0
3
0
77797892
0
3
1
6
0
0
1
329485318
0
24
12
1
11702478483
0
0
1
4352371404
0
53
353083690
721986258
0
0
211714
0
17
0
4414128557
0
0
5
0
3
0
0
0
0
12213457278
15
1
5254889177
53
107
0
3327245444
96
1
0
75
0
17056709860
0
4281484699
0
0
3
0
3
10191409439
0
0
2
30
4038331101
0
2941281154
0
1879224194
1
18
7284848346
35
8397702646
15
4648300594
0
4392450115
1
0
65969407
298386927
0
16927925632
0
13432486466
5093195362
0
0
0
0
1
512005921
0
10
0
0
0
35
3241355862
2
1
0
0
0
11835930439
16
1
43
0
1
6
6
11
23105379875
0
88
830812628
7215967175
7744088540
0
0
13
0
0
0
17466372885
0
14141640751
2933554886
0
0
0
1
3
0
1
0
23707082138
0
0
864811449
0
0
1
12307374201
12
0
6706064774
8
1
0
0
0
868438805
328093021
0
1
0
13242779528
78
16467399925
9071921005
4
0
11925558221
770374465
0
0
15
0
0
0
19525915795
0
3
1
4
0
2255393079
5
0
0
11044137381
0
20846365895
1
734577063
10334286071
1804087114
0
254227756
1
116205
5423470416
3319530919
0
0
0
19158499341
0
3383292921
0
3
0
1
0
3
0
0
0
0
0
13
41
0
117
17308783726
0
0
0
9699014630
1
1
0
6
6029328091
0
19265950235
0
0
0
5500119010
1
9647928105
1
0
186
8542138181
3
0
187
1
0
33
541507082
0
1
3121535483
0
0
3365424416
0
1096468942
907170388
0
1
11618109638
7869565569
3163632577
0
407047164
15
0
0
0
1
0
1
24
0
0
0
634046
0
0
0
0
17709489650
22689700211
8708970953
59
36
6995518021
3530928275
0
42
0
8019611152
0
1
8523798270
9
0
3
5513870696
17676431881
10618421312
1
864109765
0
1523201964
411873522
49
5217133731
18865661861
0
22560478543
2
0
12345114534
0
0
3
0
1805453797
0
34
0
29
0
13
0
0
1
1
4717836485
6
4530592
0
3
0
0
0
1
0
0
0
15572532091
3
0
15
0
0
6
0
0
6927948072
0
0
0
11120873611
15153200134
3
5176049618
13262591441
3326875
0
2103188251
5231137128
8772635434
10704589185
19239166489
0
2
67863
0
0
1
14
699409794
2
0
0
151165389
0
0
17016379035
7423776250
0
2068356991
0
8
5
3
0
0
19
0
0
0
0
0
0
9223481722
13
0
0
7
10
0
4
1
3
915681
0
45998819
7
11102758804
0
17883549415
384902949
0
2497580387
0
0
0
0
6
4
10323007496
10
1
1
5834244121
0
0
0
0
1
0
0
0
36
63143
4360741046
0
3527766291
10
0
1248033055
0
6
1
4340757324
0
6
28
0
0
3
10
0
0
0
7623000966
12606402610
1
0
0
7
5
0
6
0
129313960
1
0
7
927360023
50214104
530244686
0
0
3
56
0
1444803388
0
0
19857755370
0
7389710890
0
0
0
101
0
0
0
10418944720
0
1
0
24500622
1
20037528995
1403792773
0
50
36
0
2
0
0
17454631045
0
623419160
959860949
1
6
0
3
11340564326
1
6417544886
0
1420842452
16719784388
0
5192102463
0
2425446469
9463793423
0
0
13272570500
30
0
0
907389
28
1
0
0
19453744
0
43
0
1
2
0
0
0
8962181580
559992831
3693620668
7829809539
5
0
0
71
0
741848162
18703225783
0
2
6044507146
0
0
0
3103153433
1
67
0
3
1473350652
116211110
744998359
21803395598
1236376410
0
0
0
0
1453859757
5
1
1489630504
10912639011
12612062575
0
0
8086372226
22
82417439
25040963
6
0
11
0
10
1
0
4202624143
0
21986330613
0
20108702881
1
4
0
13
0
0
5909935050
777794628
0
0
0
0
0
10631363763
9170558247
0
0
163
22884326
0
0
1
0
1
71
0
0
1
40
4985820567
4
54
0
3
5
0
12053076137
33
931848323
3
24
0
1
5002862132
505
1573831361
0
6
539291783
0
0
0
4
0
117548400
0
21
0
0
14545226585
143816996
0
11384822132
8
0
378710753
4
0
1
6149030331
0
6
5
0
0
0
16675208003
0
0
16947938054
0
28
0
1
4229715955
936475539
18759081697
1134347183
182862332
163
1
36
46
0
0
8
1
3219728729
9787413
3
21
0
3
5956121000
0
0
0
7
9929894237
430564174
3
0
21038995301
36
22
1
13
1
0
24
0
7
0
12506384494
2996369726
0
693366107
501569268
1615008834
0
7905720180
4503124612
18512497446
0
3
0
21391744919
17239760232
3
13
10
2732777190
3522783959
18319707587
5
3
2
0
4
570292721
6
0
17591810497
0
269053856
21162232806
1383173019
20609968368
470792226
1
7
0
4216239727
0
0
1372191764
12
0
94
188
83
0
11
0
1770208285
0
1
3
0
8244535500
0
0
0
1460698553
6751578249
6578381384
22816046282
0
0
2551653655
0
0
3890487029
1
1
0
1
0
0
0
4
1643497534
8638577046
0
14
3530302025
0
1
0
0
0
352220644
10
29
3
2
2433842433
0
218837824
0
0
2203100597
26311
0
0
6348929676
0
10
0
2206115870
0
0
0
0
2
12
2
0
31
351914902
80
11
0
8958185856
0
0
4
0
0
2784148231
9
14716659266
0
6379161822
6
0
23
0
10
0
0
11810907432
0
1
3
0
575780380
19100607970
0
0
7
8137714243
7101470209
0
0
2
0
22323263643
0
0
4
0
22657888766
941295924
6653460794
2
3
3522401555
2948868003
3325509791
0
2
20
878116114
3
357787564
48
5220710420
0
0
0
2097187695
0
9455247683
0
3
5586332328
10
1
22904657795
3
0
0
7720186688
64
2
6
2
18
0
0
0
461603212
2485638887
0
15915049642
1
13689623252
0
639194129
7600216911
0
3371521408
0
4872602843
1075611
0
1
16
0
0
12541908162
1546633095
18176808220
0
15251711047
1
0
0
0
270460739
2087679146
2
0
0
293856641
11709843530
1
1
666423360
1
0
10
3
744320022
20373016295
9443433163
2
18206380352
7112222939
2
0
28
14182216495
7838133
0
0
13431189477
2
0
0
2
19718360420
3
0
540847106
0
0
4357193316
0
1340465521
0
261673849
0
0
11893746869
0
19529547568
22078420681
6
3
0
9401279776
20445024169
0
0
8403782043
0
4511288260
0
3
9927214720
0
7574649731
0
5057357249
142
18869299313
0
76273396
0
3
0
0
3
6
789305056
9249471294
0
0
6
0
0
80
0
0
4
5
0
6638111752
439526514
48
0
1
0
0
5
894984908
8846700082
0
21854773110
0
0
0
0
0
1
18739582009
0
944888553
11
0
0
0
0
3
7379091043
427195346
0
0
4261053932
1
0
0
0
14088390824
1
13
0
10841971200
0
12784213711
8211537909
0
57
2
0
3
3
1
1
0
0
0
40824875
8
85
0
0
0
0
0
0
0
0
1
0
0
1
3
4248265486
0
1512216289
0
1
0
8731143028
19301627597
10387223966
8145255793
0
21396207458
15790674768
8994692
0
0
0
765886861
0
0
0
11
0
21151523619
10836005644
6113905707
13
9
2935560856
0
2
15159835792
3248893647
15
3
0
11
21
5511368273
0
12
0
0
0
1
0
1
3578073447
3
3714829641
17055810564
0
2836697213
1
0
5232846139
20885202312
1959950589
6
0
0
0
15591009013
0
0
3
0
0
10607324963
5645884306
0
0
3
79192545
428307648
5002335119
0
29
0
0
4197228567
2563044719
3
0
0
2
0
0
12
1
19
12
16661218076
0
1
2
0
4983008556
13799179055
6133674821
0
18897871742
0
1
0
0
1304725216
0
0
45
1320115526
0
102
18139469994
11
0
0
0
3
9695109986
12
15
14634332571
0
2
0
24243059
289257667
0
2360917176
0
0
0
0
3
0
13115928394
0
422266052
0
19356645323
5
0
6
0
57
163747770
11390933109
256
7575156539
3
0
6427660858
7
0
10
28
0
174284315
1
0
0
12512416307
15823324671
11540576556
22
1
133640331
0
0
0
555199703
0
14090625428
16270562722
0
2
0
6
0
0
1
0
0
19
1
4
2227164534
18352873203
2
13810475560
0
0
1060847474
4
804097016
0
0
0
0
1
0
6504547005
3
0
4606689495
0
0
0
0
6
1
8179639929
81
887651760
0
11
0
9
0
18957238319
0
0
7
0
0
147
0
680913983
3
0
962639140
6
0
6
0
9336408858
19859074245
430247131
15
7
0
119724658
0
0
0
8
0
497817996
0
0
166981992
0
36
0
0
904111849
9
4
0
1
0
0
0
0
7680493153
21527777023
3
4
10
7
1
2
4
0
0
0
0
0
4277783996
0
29
0
0
0
0
0
0
7
28527999
0
36
1
0
0
0
0
0
0
6
2
3324599538
0
43
643701454
0
2955973245
1819955486
0
0
0
21
1
0
3
2
0
4
0
0
6
1
16193524268
1020796390
6
25
0
3
0
18
1
14219384785
16449719541
0
0
6
0
3
1
0
0
96
0
0
0
6
0
0
0
0
3
0
8129523918
0
0
6713699239
0
21202814652
14506081974
1
1
108
10029864364
19368064320
0
0
0
0
8333011120
22067237
0
17
0
1
366634754
761028619
0
28
12593973752
1850092661
4
0
5
0
0
0
4361911355
1
1
1
22182743630
0
0
3
1
3
6304783276
0
2913085570
12594106635
1
0
0
0
0
0
11
386093745
1
0
1
0
22
0
0
4618973578
0
21921369533
2045366483
0
0
743231316
43
17
0
0
7
0
1865401691
3913652312
0
50
0
6
0
19295366698
1
0
0
0
26
6065272843
9539776303
6
10
11349451753
0
5
0
0
0
0
0
0
0
1
3862259821
17
10285652193
0
1
3
0
914320840
0
574908615
0
20969048660
0
10
3
0
0
3
15
0
7
0
0
0
334
0
0
0
18394813011
3
49
1
6
0
0
62890982
0
0
0
15116051257
3
0
1
0
1428637438
1
1
2
0
3
0
20325677249
9064399360
17905761153
79
0
0
6
0
0
1
0
5347669987
10650615672
10661213367
0
1692571711
21
0
0
0
13
0
0
19
1008031555
6
0
19884511003
991542
0
3
12553863969
0
11900523261
1
6691567775
0
21
14678188581
0
0
11996328610
3570890927
0
0
0
0
0
0
0
2
28
0
1546420436
5
0
0
4
0
0
0
0
22316408748
5
0
0
796484985
0
0
20173957791
0
0
0
0
1
0
14908901788
3
1
0
6
0
10
56
18693705921
1
1
18640387695
5794383792
1
20934121765
0
0
0
6
0
1
3
11181154
0
7519051353
5
375470970
10892811962
4
15284004640
2860075629
0
31
0
1
1
0
0
17595326893
0
0
9685478354
0
0
0
3734024202
20
0
20354516925
3
0
0
13038405435
0
11576874820
0
0
8848234141
1
0
1
0
0
0
10
6219273017
22
16906831
22
0
0
15683032854
0
0
6143944586
0
36
5
16996924980
1
0
0
741635497
21
0
16873011252
2
0
22
7996805130
0
1340913709
4653966831
2
0
0
1
1
0
0
0
0
1
10
67
0
0
3
1
0
0
24628397
0
0
309
1
0
0
19826888244
3926653357
0
0
22177574382
0
0
3
0
0
1
28
29
0
7
3
0
1
0
16
3
0
18661674705
24
1142777365
2174072292
4
0
5817881465
6912558874
0
9704113470
5175987638
0
171573419
0
0
0
0
19481962715
0
0
1
1
0
1
57
7771266374
0
0
1
10
15
0
28863325
737102935
7404383579
0
0
28
1
0
3
1
0
0
1
0
14829218076
22
7566789064
0
0
2
21732677904
0
63
1
8766507541
19452083193
0
0
0
10652862358
0
0
110414074
3
0
0
113694224
3
72
0
0
2271457069
0
0
0
22169963295
1
1
6
1613868910
0
12265965477
0
0
4
3
0
0
8198609747
0
1615385913
0
3
0
1
6
1250262259
18031867567
11466730285
1
14464675015
1
0
0
1125156065
0
3
1
1258426376
0
21353343837
0
15666695121
0
0
654730794
5379922563
0
1
3
0
0
5
0
13
1
8
1
0
0
3
0
0
0
0
3717347621
14665732324
13380260721
0
1
1
1
33
1144616
0
0
0
2
1
6976342718
0
0
0
4925991471
5861244783
0
0
4885148928
1
0
2698523145
15
0
13509536002
0
1
1
0
15066250725
0
3671191739
1385536654
0
8979219358
0
3
13897578886
0
0
0
6568023066
0
0
3
3
1
0
136303914
18
863589486
0
0
0
6
8
21
3
4
3
3
18864796246
10
8101197294
6
0
0
3606098477
1
1
0
1
3354389337
0
0
50
0
0
0
151088380
0
0
101952686
0
13763895214
0
7468898804
12308161956
22
0
2100243585
13
3
0
0
1
0
7
12773136052
9621690700
375
0
0
0
0
0
7384700773
0
19975618139
1
656542242
3
0
113
727446527
5
0
1
0
9688287376
0
1110518025
0
0
21045789683
0
14100658946
1
0
0
5
9964881438
0
14735296146
0
6
0
0
15904404553
499540587
18
21348580661
0
0
1
2491685
6
0
0
1028264899
795937338
401633645
0
25
3839302990
0
8555383299
1
0
1
1
1
0
0
3
3
0
0
0
22710351879
3566652747
12172901731
3030061031
549
0
1514481978
1
0
0
836318011
4
1
71
0
0
32
1
0
0
0
28
0
1561489343
4346989947
0
3
1211259850
0
0
1
15599577634
0
35517
106216040
0
2640347276
6180735788
0
0
914464150
0
1
0
0
1107199
2067357563
6408348840
1
2393287009
6439621543
0
9874055855
851916204
15
0
36
474293742
0
146
2837902654
13453620992
0
0
0
0
0
59
125
21067880355
1
6
0
0
0
10587899271
8696924219
6936972292
0
5
0
12266991332
4557827771
6
8033265958
17977672923
0
38
0
498115674
0
0
3
0
691618161
1
0
0
0
1
3
3131177080
7498602849
0
0
0
8
0
0
0
2119313574
0
0
9337630099
13
0
0
1
0
20012362905
8
0
1
10909014752
1
800346062
8490788094
1283701089
8368018374
0
0
1043290078
0
21
0
1
3
0
11918022129
19777939589
206873209
1
5084570007
0
2
0
569347559
12489568091
15
1
318
0
17486473028
0
6
0
1
1
17
8
0
2
0
15893531228
15066195610
1
0
19883539324
1
18420227218
28
0
1355460719
0
10066272115
707595591
20
1207994463
16
0
8720667122
0
772150078
0
0
1
587769553
10
290266906
2
19768335
0
3023612988
4
0
0
0
13514278397
1
11374984653
0
16463592654
2
382634961
10
11093858312
0
874223750
0
0
8642454427
13
3
0
0
0
14028952
0
3
15818343097
0
3381900077
10
0
0
38
1
3
0
17594207133
11
12
22
306455983
0
3
1
1684254497
3
3025964247
1
0
0
11415957150
6716291019
1297270380
172898512
0
0
67
15
0
0
6
90348579
0
36
18058313485
13
0
0
0
0
3
0
0
0
16701571020
0
7
0
411436941
0
48
18
11223426785
0
5675187091
6
0
6058672281
0
1
0
13490844730
3
0
0
16627966162
3
0
2544642277
0
3834942566
38022072
14911568221
2
0
0
0
10
0
813204442
0
0
0
0
834057949
0
1
0
33
0
3
9975696151
17
55
11818861422
0
0
34
3
1
11068688675
0
0
189784125
3
0
17614846405
0
3
4972596428
21
0
4281057435
12
1
4196243125
237
0
9666907929
3
3
4229235160
0
0
0
0
0
0
0
0
0
0
0
6
0
5778084850
0
3291940062
0
8006760851
4
0
0
3470992807
9
1
0
0
1
5683434348
57
3
48
0
0
0
6821070159
0
0
0
14551548796
0
959873616
237824047
0
272568653
0
5873696553
16
0
347212153
765985746
5247266972
0
0
0
3713145676
0
5
0
3
1
0
5997459605
13
6482552036
0
1066150376
63
11
4781766516
10
0
0
110
510860059
8625785565
0
1
14413279496
3
1
5258703850
0
0
0
10653293025
4
0
0
0
0
20
11136564284
0
1
0
0
0
21
4
0
3
6
1
0
1
28073282
10036682022
0
0
0
1
9766527683
1
0
10590311512
3
0
8019822997
0
0
9712384291
5427061582
1
2069459874
24
0
0
2118313174
2
22
39
19743263080
21
454296419
5
1
20091777192
0
12876053493
1
8486976090
430997099
20964339521
2
20892266419
1
5749017510
0
4741651007
853899195
0
21
84
0
17232978621
4161728177
11
0
0
14879899474
0
3986794637
0
0
0
0
0
6984018390
0
196635490
1
0
0
0
0
1
0
4318764139
10
0
0
826598065
0
0
0
0
11
12
0
168
0
8965777355
14
3451961681
7
11485681277
18
21
18
0
28
0
994166025
0
0
3618397777
1
19561222818
0
21
19059674378
0
0
4
5880092537
0
0
2
22
1
11588385969
288576251
11598139281
14678868160
0
248015738
3
0
0
0
13160403970
1
565904881
0
0
0
12535990912
0
0
0
1
0
0
0
19357492772
0
3
0
0
17790160545
5
6
0
0
1
3
16
0
1
8272883141
10523154239
1
0
5703220069
19406942671
3205432130
2436265635
31
0
0
21239344447
18665870318
18333815042
16447093120
11
0
0
17674060293
0
1
3
17924887759
0
17
1
8091395827
3
17456745152
0
0
2371560506
8077775109
21477546034
3
988343022
1
0
0
1
0
17
0
0
0
3
0
305260603
1
62
0
0
16442810416
0
1
0
0
0
19609954732
199
21788180102
3
0
11
0
0
0
4619934582
0
182515876
22050562407
0
0
0
13935238597
0
0
354536729
0
12728698481
0
0
19005760678
0
0
10763404
0
10345693525
0
42
745117654
0
0
8
0
2100837905
0
0
6153788892
15432047425
3899475678
6
3
0
0
2
0
0
0
0
23013650561
0
48
0
0
1
0
0
0
3
2
0
0
0
13903651854
2712468664
0
0
113
0
0
1
1164471
0
0
0
4464518301
7189880528
28
21616524201
0
19378772286
269837395
0
1
0
6
0
0
15
7656161514
13259261670
5261570003
0
58
1
53921711
2
1
0
0
1593511041
0
0
20191361759
1
571115063
3
3
4688326291
0
1
15571207304
0
250074525
18286321192
1
9443500032
264503273
1
0
19571726604
16495060097
11552994048
37
103
0
0
0
2
0
0
3
0
1
0
10172707347
0
0
0
0
3
2
1
6662197157
1
0
0
2
0
577583761
0
1
26
0
0
18357132789
0
19
0
0
11531238608
1
574559068
0
0
30
0
5
0
0
10
0
4598271008
0
615343799
0
0
3
0
1
20768564518
1
9
10465051959
0
1129987867
3384125117
507965571
0
17066750949
5
1
0
3759442212
0
12335780438
82
0
0
3
0
0
6
10762554997
0
4238071863
12689964928
0
1
0
0
13718615219
19113636718
7
0
0
4823144290
0
0
0
0
0
0
55
0
0
0
2
19
0
4227393047
8283279277
0
1139709
0
3664440407
0
0
0
0
0
1
2
1118185552
0
19694150
6671682300
0
0
0
120
3
46
0
7784505145
3
8960549076
0
13096915015
1
9150892492
147205763
3
54
0
681374342
1
0
100
7
0
2153741581
0
0
0
0
1
0
343903059
0
4
0
10
1
0
0
14196100387
4
0
0
1
1
1
0
0
2947320489
583671702
6
2796133403
0
0
0
0
0
22
2094620078
1216484446
0
0
0
1
0
0
38
95465008
6
0
10
0
0
1
0
0
16481085423
7306690564
0
0
15
108
7
1
0
4
4131063355
6768583380
20381047732
28
0
0
0
1
7507855268
10549638988
13
0
0
0
0
0
7
0
0
0
57169725
0
0
0
0
9845912607
0
1
8224598820
2059030559
1550278317
6193406938
0
14942310048
3
3214716101
22274150216
12
0
0
12
2673339
1
5222706777
17374243
0
5092697947
0
6
0
20794289588
0
449679550
1
3
4
0
3
9852149147
23
0
1
6
0
0
0
0
2221789115
0
0
6
0
12440006252
1
11186623748
0
1
3
2368227249
1
18386104823
0
12
9
0
0
2
2
0
0
464802694
2
0
0
1
55
1
3
5471871381
19789818371
77
0
4582441947
0
11376512079
12460685180
0
0
0
0
0
0
399857188
8
0
2109393160
0
1465235282
0
157998210
15371795003
3764009250
18575599853
0
0
0
9314111191
0
0
144562174
0
0
11993608606
0
0
0
777721174
29
0
18094775142
0
87371208
0
1
3179483595
0
1
0
5302291896
0
0
0
1
3
48
0
1
0
0
0
5482630577
1
225113561
6
0
0
0
0
0
16630946756
22
0
1
2690977896
1
0
10834110307
1361880289
0
26
0
0
0
0
0
0
0
3
19842367199
14186156288
19562566073
381003961
14262383193
1
3493962874
3
0
0
9900894412
0
3
0
10385091811
140
0
6908061120
2063255147
2265856006
0
0
0
9304848586
140
6
13830206224
0
0
242
0
0
3
0
0
356375276
0
0
14782111091
18087219769
0
0
182
0
0
0
7115925834
0
0
28
0
0
46
2
3
4204257751
0
0
14
29
0
98
0
0
0
19163060319
0
15413378191
291281656
2963366315
0
0
0
0
233409481
0
3788155111
0
0
2906600478
0
0
7485625883
0
3
18685325599
11149394937
1
0
0
449971888
4574456969
8773141917
1
10740960087
151802882
0
0
81079191
0
3
1039385182
9
0
0
0
0
0
93
1569716758
9329995364
15447326546
1
8164241012
231238183
1
0
0
2852926060
16793264943
20172316421
0
0
977791122
0
0
0
38
9
2
0
19886052301
0
0
3
9538698714
0
1
20243657492
0
0
0
0
40
11877550732
0
0
19440926313
2
10079930266
1209286503
25
1061687845
19172899691
0
3
0
6
0
7
18800834813
2918358633
6717462898
83042
2
0
0
0
0
18695635911
0
5
0
0
20810626180
7
0
18510316796
0
0
3
14809569300
1
4391305282
2953344870
119005207
0
1
0
0
0
1
3
1
0
0
0
0
790902550
6
0
997191529
5395450266
3
0
11059504084
3478044362
0
0
0
0
15
20582654861
0
0
0
9289893730
29303649
141
0
13632153288
18698078945
14990849435
0
0
0
0
0
0
0
5731114270
0
0
1
0
4315138313
0
0
5361167814
0
3
0
17577728334
56
8244297522
0
16
0
0
0
16399962956
8675784290
136
36
6216930373
48
0
8
0
13316790813
16966683735
177
15
0
0
0
0
0
17793004747
3561091727
5912466639
0
3
32
0
0
6
4197007053
1
0
0
513603738
0
331129768
0
6
0
0
0
564673561
0
2
1
0
0
0
0
25
0
6972463510
0
4756605726
36
6770051536
13165653042
4385528749
0
0
0
7
0
0
11261639868
12655599320
0
46
0
0
0
11506681906
3229193833
0
1
0
0
0
0
0
36
0
0
17500399702
518545137
11725227782
8699815939
32
1
1202800717
1
0
0
18891800220
9373539574
3
64
2227711200
1
0
3
9477511378
1
0
6
7892700
0
0
0
0
1
10
0
1943109641
4112274328
0
0
7561072358
0
0
2
0
4
1701020531
0
19394890005
4
338585752
5256610215
0
12701990452
1051063330
0
0
0
0
0
0
4995262096
0
15
0
0
0
3
0
0
8567959727
2
0
0
8
1
0
5544582888
0
1
8483506502
0
28
28
0
445026693
90362319
20908971
536785508
0
3841562569
99005294
0
13092553892
3304177526
14230120450
7004321753
10832646746
0
11469691572
2
6828605307
10
431046194
0
0
5710105145
0
77
0
0
86181
0
15
0
0
3473704172
0
0
2917238515
7298796704
4112246253
0
0
2
9486982590
6
0
5
0
0
0
1
0
0
8
16132154313
31
6
16049255328
0
4107788325
0
0
5556783439
0
16
3
0
9991999408
15681427392
0
0
0
12
7467766
1
4674215147
0
18117411692
0
363418022
0
1
3
2
14920332846
1
46071398
0
5733825108
12133536956
6395313301
15001580007
106
3
10398578283
14096062036
0
18157035675
1580503371
2859477310
4
1
14562285680
10767187419
0
2
0
3226536254
11190041966
0
564065790
0
0
0
15
0
8
6
8305883670
19859922307
0
0
3
0
0
0
0
40
0
0
4
3
1
0
0
0
0
0
0
2910260286
24799760
18
116753913
17
0
0
18782339331
0
0
14091328065
4587220461
0
112
752166622
0
7052311144
1620126933
0
0
66548802
0
48
9
2162987533
1147426930
13307485635
3431034705
5413211380
0
0
0
1775213060
0
0
17281647101
2554436135
0
0
1977303606
0
7
0
0
43
2474396915
0
313224408
1
2232160609
0
0
0
18242015891
12
3178869904
0
0
9275681329
4935707691
321
0
4175140392
1476052378
0
0
0
0
10401668786
15
11827635382
0
15334362339
6
0
1
5
15569177170
762312597
0
1
2
0
14153252995
23147174788
3
0
0
1
0
0
10
0
1
0
55
1
10321165064
1
0
1550286040
0
0
0
0
6
0
850785423
24123519
0
0
0
3161106186
11676139288
0
0
586709509
0
0
0
12
2354605272
10198423861
0
1
0
30
0
0
372540090
0
17
2857330135
0
19
9
0
0
14602213726
19293625017
0
0
12040129708
0
6
7378286714
0
0
2
0
7298341039
0
0
9
1974455001
15389309484
11
2410842887
0
7
39832
1
0
0
24
0
0
0
6
17384728351
11492586927
5726742200
18387573611
0
0
0
319353041
16791423218
2363654449
4
38
0
1760840825
0
2225067884
0
5789316623
0
12834944737
3408792704
0
1254131051
0
0
1
24
0
66
0
4
8049820994
10
23695802394
1
0
15
0
1
72
0
7001197606
0
0
0
0
0
4656052876
1
0
0
1
10045896876
1745422338
8943893917
3372063726
88323609
1
0
1422949139
69
0
0
30
4655725268
0
0
1
0
7114402790
1188494318
0
3
0
3503579631
0
1
0
0
0
4
0
4
0
3
0
0
1
1413365608
1
0
6761093501
7
6
784146837
3
0
5
0
12844869151
0
56
962168126
0
0
3
0
3
5003162237
0
0
0
0
9173837485
4912313548
0
0
17449780576
0
0
0
1
0
3194433848
0
9
0
1
16
0
48
0
3337331694
0
10
1637305266
0
21
19031902530
0
14999558798
0
0
0
10
0
0
360351435
28
34
268945234
0
12018163
0
4
0
21972813085
18196033766
41422844
0
53
0
0
4
0
0
18340233522
6517452816
1
5
52
18543266413
23
1694550230
32081105
22
0
3
1441573928
1
11
319550834
12938649474
0
0
0
0
11
4352298100
15
1150277780
0
0
3
1
0
0
0
0
35
1448621108
0
0
172
0
0
0
0
0
3477458027
0
0
6483034391
0
16519233430
0
0
0
0
52
3
386069591
2194544469
0
12740394179
1
7
0
0
4139213870
0
20
4
0
5036491520
20701396796
0
18
3
0
0
0
0
7121148307
0
0
3535281551
0
18223271700
2297391412
17160184375
37
3
1
0
4
10366910781
2082649529
171
42
3617905964
0
10368804
2951744131
0
0
0
0
0
1
0
0
0
0
0
16
3
16393905067
0
3029045519
217864173
46926960
6189682826
6061434714
0
0
17225447287
12
0
0
579557939
18712992268
3
0
184603345
0
2
3
3856334885
816810102
0
1
6
449595251
1
0
6
0
0
0
22320151517
34
0
4
14054699171
16048715058
0
0
0
5546529754
1
0
108
12979639077
11072322969
1
0
34
6215070822
0
3532012548
0
30
0
0
6
360148205
2745441839
0
0
28
6
0
0
13705813525
0
0
953569
11
0
0
149413831
0
2606278179
2
1
3029645742
2
1182647101
35798577
562942769
0
0
0
0
0
0
2
7451724771
0
16422018271
2
13077826107
1
3
3740991666
1
0
21379285475
0
6
0
0
1
3568478928
588062730
3
0
0
0
4750085397
9
0
3
0
0
1855372248
0
0
12018639021
16
35
15922197236
0
0
17323263549
0
0
14629685232
507960879
6
0
1
6585165904
0
3
10
6
0
35695294
0
1
0
0
13947350192
0
7444041024
0
0
796320314
8104408156
0
0
1
0
0
20479077813
1792162
0
0
0
4950377958
0
0
4
1
0
0
0
0
0
3
0
1
16283178588
0
9556711472
8
9439729179
13
1035618566
1
0
0
6889175095
14081092937
1
773646928
0
3214693208
0
19454860452
0
0
0
0
14250350014
0
0
15484206090
6
66
0
4727632032
11951486888
14709806974
6839405230
0
10
1251329553
78
3
0
0
0
0
2
4
0
18029884700
14430437993
0
19614524514
10299623188
1
23
18113373647
6
11814989814
0
0
0
33
0
6
12013804308
1
0
1
0
0
0
0
0
1
10
13849114578
0
11
13760128626
2406578295
0
0
5987385181
3
1
1534053677
0
15
333797619
7
0
1
23741478637
933260280
10
0
0
1
0
8310911081
10
0
1
0
4
0
1416002425
0
0
0
1770951322
0
0
995550744
397510047
22126459
8975324723
85891815
1
0
0
0
8579316787
0
0
37
8
3
379
0
12609922804
1
1
12283137367
0
16577799136
3
8782628764
1
6
7
0
1
0
6
9564226139
0
19
0
3
9388756317
2
0
1474201298
0
0
1
0
0
3046691910
0
6524952061
95
20740250383
18720477886
48537974
1879888304
8322712350
0
8999315071
0
13
0
3
7613263213
33
1975061303
5747269270
3112482934
867158990
0
7
1
7
11
0
18988542684
0
0
0
0
5
0
86
14354530301
16
1441819197
0
1
1
0
0
0
10
1061071378
102
12700255624
0
2
6
0
1
4221492646
0
228276558
0
0
0
1
0
7912014617
4
0
17832197983
0
1
0
3
9560498986
0
0
1097555831
0
1
0
16082312127
3
0
12
19739649349
2941098648
16330806502
18972804576
364
3
19070341536
0
0
36
20230297721
182
0
0
0
0
11481417878
3
7603071642
2716551469
54
3067588439
0
13666690657
0
5
0
2806885329
0
7971882640
430134747
15432455450
8
3
12659730080
6452475262
0
11689811714
0
0
9652288096
5619805709
0
556909246
0
0
11
0
4329280899
17638493726
2
1
0
0
1
10
0
15
256620637
0
0
177
0
15938094833
0
29
0
1
5
13
17434929176
0
0
55
0
17008350220
2
0
16754790517
0
0
0
12632071538
32926275
19
418514476
1197430766
85832325
10
12
0
2512079152
0
0
0
0
0
2
0
6
0
0
0
21
0
24
9908311565
0
1
0
3073509766
0
7
0
12795889621
0
0
0
24602093
93706289
0
0
11708961181
24907
0
0
61
1636430492
0
3
0
42967660
0
204905765
1
1
1
0
0
1
0
9132423795
1245065454
3
0
20
0
1
0
0
7623185134
31
3
0
60
0
719760875
0
2
3869468512
4
1423407578
3619854070
7
0
2137981614
9
5
11434930192
6441243760
0
235389565
0
0
0
1
0
0
2
0
641760418
23552139167
0
0
0
2
0
68518977
3
169496038
6
1110219728
20
3
8
2322070844
22066330667
2987415561
1
10882987810
1
0
0
13186880664
19896011010
0
6
1236413020
1
0
0
5741607
2
400
2
10
58
0
11
0
0
0
1407727916
0
12273610864
18
7
0
0
0
0
0
0
0
1
0
0
9
20315242739
0
0
0
0
0
267396965
8134112977
0
6
13470706268
0
0
6717967783
0
0
0
0
490851459
0
1283189771
16914012732
1061058894
137759
0
10757485828
0
0
2
4291552310
1354455558
0
2180887409
0
238109281
21
0
1
6
3
0
132
0
9123582192
0
0
5432779832
6453479166
11165008914
57
0
0
202836173
0
18758199291
0
51045908
0
0
18633611267
1085195
45
0
0
7
90
17
0
0
0
6366711185
2549857027
10694780111
8971645697
1
12125305637
1
0
17067902728
0
15
6
0
9476317614
1
2
0
0
156
1
0
211
0
8
0
1
0
15967540324
0
0
3521672901
3998996972
21
5458310836
20794051555
0
0
2984568740
16027246811
16816085738
5344642891
0
65997
0
0
48
0
11151450835
0
0
2
0
3
3
0
10
1
10691541815
0
0
0
0
21
0
0
0
14645033606
0
0
0
0
23
18282815
0
0
116
0
0
0
5
26
4633392810
0
1
0
1
9
197978724
0
19
21
0
0
0
0
0
2133875044
1
5299377776
0
0
0
7
0
0
0
0
0
0
1
262496656
188598825
37
4
0
20
0
6
0
19032023335
9333134444
0
72
13947235768
2828600741
0
5128783789
4891905613
2516960037
1755773817
0
0
0
0
0
0
1
4992578920
15
0
0
16779619917
12558770005
308
795177972
2855979450
4886632295
2
0
5237746265
0
11553945198
1
1
2
0
1482289242
4
0
0
0
0
0
21
6
3407825352
0
19546827060
627604375
10
4835251987
0
12791407187
0
0
6942060751
0
0
1
0
0
0
23523620142
0
0
17461946769
14754737928
0
0
4
0
0
46
2
0
0
0
11426383966
15166889
0
0
6657198987
2
9
5613421596
54
20499577020
0
3
0
4
0
5
14703842584
0
0
0
0
3
0
0
1751729592
0
0
0
107635951
1
4
31
1
9
0
0
2
0
0
8188987357
0
0
1
0
0
13435166838
0
12
1
0
1520770941
35
0
3082489935
11
2
0
0
0
0
0
0
0
0
10
0
17115936660
0
1
0
0
7947134756
6
0
0
20802546004
0
4
1
16830703708
9560268461
8
1381165207
0
5678440684
5
0
0
0
0
1
2
17467062370
0
2
123891902
2120499298
0
11074688807
9
0
0
0
23322907518
18
3
4188612870
0
0
0
60
0
0
0
10441852232
0
1
17076348984
6
0
7465502088
75
10
0
9
0
0
1
15277472787
0
0
0
9695939033
7274993913
71
37
0
20629169413
9975777841
4954383017
36
0
32
3
10
1538999517
0
1867867659
0
13057877378
0
6608871913
15
0
9920186473
3516952824
435464399
0
0
0
14905336041
0
0
4449159721
26
9411220406
6890020967
2821793031
1
1279689475
0
6
0
3
0
13258521439
0
7031813337
1
1884642796
0
1
16
0
21
55
12
0
0
50018252
3
1956986792
0
0
9445525073
1
0
1
0
0
3058585484
48
16427924143
0
11
29
4
0
4
0
966625056
1274157751
16
12359667636
1
1
0
6
13080010751
0
3
0
0
12770237693
2269604049
0
9354462928
5589898
0
45
0
22
1
1
0
0
0
12311894492
1
0
11
22
0
0
22
10
1
0
6871852310
0
24
1515566875
5025141210
2667932714
171
0
0
88037146
1
0
189236612
0
0
0
17436960285
28
17652187995
0
0
7655
0
237054469
0
6
3
0
6676387671
0
0
0
0
0
1
0
1
2938117589
11134431450
1188066454
0
1
0
0
0
560523776
0
15818318113
0
0
495676710
0
16
0
1
2552116066
1923983774
511647880
0
872767467
10
0
0
5196240603
0
0
2
0
0
0
17803500051
0
16158969177
0
38
3641462754
20979332872
0
20339123469
7584479108
6257180215
17
0
8
0
1
0
0
0
0
0
12
5614333867
22688650831
0
0
5
0
3
3
111409319
2051650673
1939810266
0
0
0
0
0
0
1
9
0
25
0
294
1
8977031975
15
9864849806
0
13
0
7328573458
7662733632
0
2
5370464230
2647297667
139780993
0
3
0
19625836562
48
12
0
65353951
1
15
0
10
214
25
0
0
0
53
20379910617
1
0
0
5
4109934449
589693756
2672758858
0
0
51
335583529
0
0
3
0
4
14164731992
4
8983668107
0
2
11850953386
0
0
2729926998
0
2815349297
0
0
0
0
0
1636303237
16100863715
9224165755
1726345075
14065141259
0
0
0
15334065228
2650951485
93199014
0
4379099367
3
3783637132
8217178895
0
56
5776729837
3
17
7
19953861600
0
0
4
8721778255
0
0
0
2112884362
0
0
12552653269
0
0
830377127
597467945
0
6578515054
27
11651228061
0
0
0
3
0
0
0
0
20440200778
3
15
0
0
0
2
1668774553
9
0
19732002561
34
1403553696
0
0
0
100
20479049472
9028245310
0
0
50
0
7348420516
5
745368877
0
0
0
0
6884917793
0
1
0
117443815
0
0
0
0
2845931869
1
1
0
1927774877
8
2090834412
0
690901653
0
15896611871
0
16899580496
0
1
21030429743
3
0
3838237454
6
12330471199
10
1
0
0
10366765422
0
1
2907418631
9889638807
184044149
579864251
4495528263
0
291
22277186499
0
5048123378
7
3047589149
4019000918
0
0
0
308
3302973297
14
12859629376
1
0
0
18066248957
6
0
12733266528
2
0
0
13799678770
21
4
5069730669
3
20867237158
21262214456
0
0
0
45
31
0
11208280802
0
4657294345
6
0
0
4
21
27
5
7253178942
3
3
242
0
21838264596
22112534223
0
1148342193
1
1
2
0
0
21
9
0
1
0
0
21186963115
13121446
1
17035254884
2580546045
695591025
98
0
2987096024
62
0
50
4
0
0
0
0
0
0
1510722254
0
0
7
0
0
0
1
28
31
0
2252916201
3
3
20
1
6
1
22
1
1
0
0
11518290246
0
1
607938692
6
1
6321559659
0
0
5753966024
21
18
0
1
0
0
3307882
3063588719
8553198929
4434591384
8445960194
0
3
1274998051
0
1
7495688464
1
1740109663
0
0
4784715390
0
0
0
18840235136
0
0
126150104
7095965527
5516888857
11
5211870229
0
22289467390
0
0
0
0
2845215392
1
0
0
2
0
0
0
2
1
1
36
5053394646
1
22016821087
16
15
0
0
14483285922
10
1
40
0
50
161
3
1057762862
3
1
0
0
0
1228213913
5
0
8
4320679819
1
19646210513
9951707256
8045198772
3654873976
0
0
4585509491
3030257387
0
0
0
0
0
3
6390246
25032833
0
12634904165
21
2
234
9279730759
0
0
0
0
1
0
3785980360
0
0
0
0
10
3730581571
4010873377
18507404473
0
1
0
6152548334
0
0
9067668779
389599352
15725629
0
0
0
106772670
3
3317307039
0
0
8
0
0
85
0
7906615148
0
1104136977
4208733265
0
20818123508
0
1
0
3154175519
1
0
19655659011
0
0
0
9452846215
10540621192
0
0
1775547956
9046514259
0
0
22
0
23
608461356
0
13
0
3
0
0
0
0
1152935029
0
187
7856222164
1
10685260014
0
1
2430121
0
0
11537441
0
0
0
0
4
17484826
0
0
5
0
0
1
28
0
0
35
0
18107271660
15
0
3
0
0
1
3
0
2
12328396318
7811553754
9
1
9
23928495136
0
12479741453
20377896
0
21987444267
12542707095
1
1
16347113106
0
0
0
0
217069727
14688245239
4490099
24
12
1
2025252405
112
8460137221
1
5116612
7
6
1
0
15662218029
0
0
0
0
0
0
0
6558938052
0
0
1745949523
3185561188
1
0
2
0
0
0
0
0
0
10423050227
18205108889
3
15
0
1
572364573
0
3
6
9
0
55
0
0
153
0
5435512861
1315377240
93
20
5590899679
164
0
1
0
0
0
0
189
0
13216207346
0
0
1837891693
2765475610
0
45
3
0
0
16932027655
0
3
1833314148
0
0
2
0
0
0
0
1276010253
6104587954
0
5534679533
0
4
0
987144291
0
0
4
4423840796
0
0
12750740378
1
0
0
6
14360948549
1
1799955992
0
3613277285
6
1
15
1356391177
0
0
14284232725
3
0
3
4
0
1
17342550898
0
0
0
1
0
0
12
0
93
0
0
0
1
5128161775
0
1
0
0
0
7
0
3
18140577657
1
0
0
655149681
0
0
0
0
516206262
0
0
0
2345304283
0
0
0
0
1
2
0
4
15
0
14
53
1
0
0
1289105151
14191503479
0
46
307582785
3
3
7
10645804518
0
0
1
1
9
0
5965428495
17830994047
30
1
1
0
8
0
2
0
4
4
0
5
0
0
10
14503168167
17661007465
10009576520
1
8003271349
1
0
8755277155
6
0
32
14
4913201091
3989861620
3
0
3
0
0
0
15813179061
4275363576
18238822856
5318086530
0
0
1
6462689436
0
15
0
3
0
15770725466
0
20078213385
2
1
237344730
0
1
1
0
2
158847622
1
0
0
0
2
0
1
24
0
5225019372
33018047
0
7
4
0
3
6
0
3267529643
0
5050911094
1
15973159319
6
0
5149137535
0
0
6260543089
616192357
104
0
4748607926
0
6
0
558263108
3202776939
15
16740949628
0
2615220011
6
1
0
0
17
1
2417550582
7154180930
0
5720819156
88
0
64
11337278313
0
0
73202848
7808146909
0
113
665886085
13
2996366080
4051732899
0
2155102228
0
0
0
18315704145
0
20449531664
0
0
12995292045
0
15
155874008
0
15555169183
0
0
7398900386
0
0
1540499114
3
2544882488
9
0
36
1718111704
0
0
5728370476
0
176757889
6
12
5495567186
337490578
0
7304281727
0
0
0
0
245324904
36
0
0
0
0
1574276728
0
0
1
1917882
0
0
4065996652
0
13814276159
0
0
3
0
0
238
5969963474
0
1
18398105841
125
0
0
0
0
19857739947
1336946746
1
0
0
11302770823
15599425042
0
0
1
1470887024
0
13997672741
0
0
0
5
0
0
0
6
1
0
0
0
81896260
0
9987901037
0
0
1
0
6
3
1
5064964079
23095458286
0
20
0
140158547
4
0
0
18
14451371290
1
0
17624184886
0
6
3698447705
0
0
14199798057
0
9
0
0
0
0
6
0
0
2
0
0
4
3
1846705407
1
1
0
14227093969
1
8675806356
0
0
0
12
3
2540910808
0
0
4
0
0
1
4093515522
11032755933
17720242843
1
15
0
2
0
8
6
12
0
13
6256614090
6
4
3
0
0
5948457637
6
69391143
8373771167
117850917
6840392044
0
2145603655
0
9
2
0
0
0
4
13402302065
0
0
0
0
1
799110250
0
0
1
3
0
2895526415
0
0
85
0
0
20
0
0
0
12109344547
1
0
972573645
5898207647
0
0
23526315131
1
0
0
0
0
269673395
72
1
7063323338
1
0
0
0
124500219
2
1
0
0
13693667768
0
0
2900477385
0
0
0
8784627422
4504961
0
0
0
36
1629648533
1
0
0
11
4296427739
0
0
514751722
0
17
16026440962
3
0
0
37
5344479487
4602413175
0
0
6
4929336743
1
5211366194
1122861836
1414635649
0
797427333
0
4
9770719016
0
10213499516
21823769390
0
304893745
394
53
0
0
0
0
0
1
0
3
3
67
12430178670
0
3499136832
2
0
0
0
14621856975
2
0
20512397367
14368537710
0
0
2
6
1
0
0
9347374125
21
3
0
0
2
0
13325759872
0
0
0
19646537420
4293018778
0
6188331077
0
0
17
16
0
0
17225294662
1
2797700489
3
5
0
175527099
3539911499
0
0
3
0
231002
5282769118
0
0
1309613979
0
0
0
343511
0
389
461458724
0
5121594455
6374918963
0
0
2661767131
0
6831974334
2005934023
0
0
0
135156797
3
0
39
0
0
1
1
3099400731
3191509018
0
0
1
0
0
6
1
15105186971
0
20
0
21
0
3223272
2
3134400513
5781979843
16
18
0
994455651
8583778822
0
2299759570
1
0
0
2
7
16367857232
0
11040728742
59
6945692915
17
0
0
2994731399
45
0
5934399109
1
0
19476276966
0
478261468
0
153523149
21932554446
0
0
1
0
0
16696115825
18753469619
2
9118931113
0
0
252280676
4627371923
0
33
0
34
0
1
7815535780
15724393719
10502564611
19286091706
0
0
5782153849
782184139
3
15
0
0
436781540
1366840241
0
5987651944
0
0
3
0
17
311124878
0
15950208749
0
13593545376
0
0
0
4702734536
3
337
0
9307732002
3
0
1
763264441
0
7
3
0
1037603676
24
0
104540508
1
0
1
6
5
36
1
3
0
0
525754575
0
0
8802680976
6
2081411375
33
0
0
11675495593
20894860206
18335018897
0
0
22527981652
2
15957090678
8028463409
0
6
0
3
11252181479
0
3
0
0
0
5545830561
0
0
0
2028621664
0
0
0
20574022
0
4
0
5953537741
0
0
8930594480
2
0
0
18798206102
0
0
0
20850578708
0
10
0
0
0
20967667432
146805584
0
0
0
7029068041
17109087817
0
0
5074505208
7
0
12799122649
1
0
6684130949
9028609577
0
0
0
2302138434
2917923788
10281056632
0
0
0
0
20
3
25
6
0
0
6
1
0
8890101048
0
3
0
1195077
27
1
0
6
0
0
28
0
0
0
6
0
8
1
14361908487
17097290351
2002271822
2613475364
1
1
0
0
3
5
43
0
1
45
25
0
469834259
0
0
0
0
475074432
0
0
0
2
10930277415
20143270
3
0
0
0
26
36
0
11274005932
18
0
10
15938730055
68
0
2
6854904347
2
4879395
13
0
0
0
0
1
0
1
0
9452836343
0
45
1400629879
0
0
0
0
1836628354
1
5
73
0
8418993725
1
0
14
0
0
8
903507099
10
0
0
617813174
0
1
0
0
1678030517
0
0
0
3076163670
21
31
0
0
0
6
0
0
6409884
0
17984601868
0
3
6443848992
1495740418
1
0
0
15582667278
0
3834053947
0
0
1
15967749403
0
11148820683
54289680
0
7844093240
31
0
0
0
19938942235
84
0
0
1
0
0
2
0
15328873291
5
18174789474
3
11235295677
1
1
2648612703
0
9806318978
4493398697
0
17761153546
68756699
2016292791
10
14402558277
3854106991
0
0
8952070881
8
0
0
7399220189
1827665658
18796136564
3
0
14590436035
1
0
0
1
0
2094995043
5
240798777
0
0
0
6942936675
10
7
1343279564
0
12038873912
0
0
0
107
0
9116057974
293732445
0
132026
793449
3913187082
0
0
1
4
1
0
6
19148655964
9693344
27
89682112
0
1
9461590882
1
0
0
0
13024425331
6
0
9157685491
16
0
5
17542880120
8
3067068204
0
2348723186
31
1
0
0
0
14232365251
657930171
313443283
2
9711563158
0
0
0
0
2835362325
13947993061
0
0
0
0
710301921
0
0
0
0
0
0
0
16074762389
9508567435
0
11900782114
0
0
1
20961656793
4243742787
0
2741560021
1978433310
0
146620000
458587752
0
16
0
5981859912
0
1
6
12055766502
0
13786312548
0
1394106419
0
0
73
1
2616538237
12
0
9637761696
1
5
1
23
0
5020449437
0
1229384550
174843207
0
3
21
63485181
1
1455041297
10204864332
0
5005886640
0
10
0
29
0
3
286677722
91
0
20442298888
1
0
0
0
0
0
0
67
0
8669123672
0
1
0
15
0
10
92
0
0
11
1
13259283879
0
0
2606962794
0
0
6
0
5789671465
267401564
1920115701
2
11
0
0
17393254397
20245397445
0
640288172
0
0
0
9682147964
19
0
0
12
0
0
5880754478
1
20767838559
5
0
17412084081
0
0
12168706683
10015606540
1
0
3
15
0
1876377306
13995273377
6
2
0
0
0
1
0
0
1
14
4
7332452209
7
4306784576
0
6
0
21532332067
3
0
1
1110610989
2
0
0
0
0
0
0
0
2120528509
184303339
0
230335509
0
6983726562
3
0
0
0
18
0
1
43
46006064
0
149
8970477958
0
3
0
0
6
7271020262
15
30
263027625
58
0
719922731
0
0
3
0
0
13538422082
1
7473932934
6
15898314163
0
0
0
1306143932
3221273451
0
9
0
0
1
4
0
0
4
0
1
7400340733
0
0
0
0
0
4147782489
34
0
0
0
19673332732
0
0
0
0
2413630030
14586952035
6
0
2349460644
0
2686550148
0
33
0
0
22574119044
519977139
22861322307
340878334
572669711
0
12837821719
0
1
2
6209253336
1
0
8
45
0
11541754515
18219491699
4
0
0
0
5
1
1627281091
4
3
16560817439
0
0
1437675749
0
0
1195350113
0
41
1
46
11
0
1986539030
0
0
0
76582454
0
947059067
20613446857
0
0
1121128428
0
0
1
4722200147
0
0
1
6
5
41
0
2289486094
3048578009
1
13665291830
27
0
0
1
0
0
1
2169763232
17414507937
0
0
20896653597
2
1434300077
6
3
0
0
13978134609
24
3882763
0
0
7687130978
1315913357
0
0
16447461150
2397067710
6
0
17376106190
0
22194314002
22226561244
0
0
1
21
1
15088624422
7
1
0
14245762012
8115946
1
0
0
23
11
6
19006289597
7978826
1
12
40
0
0
50385575
12884058208
160262355
7
0
18552731382
83
6953454407
0
2962180426
14359180731
0
3
0
0
0
0
0
493328520
1
383034965
0
0
19076025869
0
1
0
9465226155
0
17
609097151
0
3
16563934784
51
0
0
6
12032298010
0
725845001
0
0
25
32
1
13
118146212
0
6314022751
0
0
0
0
0
0
0
15
6208093479
0
2211233927
0
0
0
0
5203703000
2673070867
3194617733
6009887774
15
0
1
0
0
172
0
1
0
1
0
37
0
17217971043
20240962169
0
0
28
23
7
0
0
0
68
19633889056
6
17663744025
7509607945
0
0
1
10266782
15209001694
2
1
0
0
0
0
2
0
29
3823691374
0
12
0
5778458400
38105155
0
2907467595
0
0
0
0
21
0
129889139
1070208451
3074800981
4148430070
0
0
13891453436
0
10707151640
521700
507475279
10
80
0
11
245964471
0
50
2
3
1
22787206770
0
0
18110932651
0
21
0
290901264
0
0
0
1707938627
0
3578664008
0
0
12
11151804297
0
0
0
0
0
7412562285
4
1
5
0
3014573185
0
0
1
3
8919597969
0
1
0
0
2
14741645391
1
0
23
7923470061
0
0
1
12
0
0
0
0
815667861
730048868
18629265032
0
0
0
2130987835
16963434398
0
1316393761
0
16
18157055031
6368642409
6
0
0
20756615232
1266951549
231
0
18844725056
1
0
7
45
9632133853
0
0
9
7284205958
22
0
9
0
0
16
0
2822043390
0
6567824499
0
17
3848375292
2365183108
0
1099040975
2
0
0
4779990064
6
413539753
1562790331
6290534286
4896885615
0
17074067103
0
0
4227220421
0
3
0
0
8655353365
0
1
0
4
1
0
0
0
0
14898168277
16736025175
158
122952659
0
0
0
0
0
1061852976
0
1
4388535820
917575655
17092119513
3
10
0
16534288
1
1
24
0
0
5358949334
9017428337
28
10217966719
7308993068
3972433021
0
1
0
0
7
2
4834019776
6346325702
0
0
0
0
4
0
0
24066325079
0
0
448
1
0
236
1
0
57
2
0
6
0
0
0
1
193702819
20995531994
28
0
81
1
5586034564
3568221061
0
15563570978
10293386041
1
0
0
10770322742
58
6
60
2
330626745
4007858
1
36
21
0
0
487495742
0
0
0
614332799
0
0
1
16964822405
0
0
0
9
3826142574
9061330851
0
0
1
0
0
3
0
3
13933292511
0
19
0
0
0
0
0
0
0
0
1
7856218392
0
1
0
1
0
0
0
0
0
4315417898
6
10
0
0
13
0
0
18448766339
1
0
87
76114732
13992217402
0
0
3309109148
0
3
4
4
0
0
6706284908
0
1619085674
0
6
0
0
0
5386213077
10
0
166494552
6071284683
20462039657
0
409737091
73122921
1616722330
0
3
4
1
1
0
0
0
2
1
1
11878838709
0
5963868040
3
7
0
0
0
17
16
291403159
0
4065199935
7
0
0
22206534604
10538014128
13195257108
2278874422
0
78
0
2
0
16
0
0
0
1
1
0
3992468257
0
1
0
0
16199229304
1051908617
1
1
6
0
0
0
515143380
3
6
20588719061
2592994890
0
1
15963490588
11934830656
1
0
1
12923128194
3
0
0
23
6
0
0
485452820
0
0
6963914
0
1
5451066926
21547184579
0
5
0
0
1617219625
31
0
22126654873
1
13556693067
1
2350239667
17261957440
2
19
1369190201
10154459811
0
46758265
0
2
3
0
0
2
0
0
45630984
0
7
66653729
4
1
2
7119197931
0
0
7
5
9313408015
0
11672633900
1125911206
0
1883453449
10
0
19392040291
60
0
0
1
0
2
0
0
4929287697
0
0
21241609675
838093
0
18636453349
0
3828236892
51
2129836560
19513280842
43
0
0
0
0
3140374822
0
529822458
166718260
1
0
0
2
52049372
18017315162
13404961773
0
0
383176996
29
0
6
0
1
12256814502
0
0
1
11073279732
2208716729
0
0
0
1
1
0
7144228289
1
503652848
0
1
30
2111980348
8029994517
1
0
1993609746
4
12811544860
5
3650333057
0
1428755702
264041045
1932682114
0
8
13
2194218885
0
1
0
0
2
6287847586
3590606449
0
0
1
16
0
0
16442641835
0
0
0
9175315470
4
0
5382935324
0
0
8
85234612
1
0
37
10
21210356841
3
2
0
1
0
1
0
0
6
3
0
1
4
4311048551
1
0
0
0
0
0
9
0
6297649579
0
3
10909228397
1
1873286663
6
0
0
0
0
0
0
0
3
0
0
21
1
3
15597202427
1
7
0
0
0
5581225519
1
2126797321
13366889649
0
0
0
0
0
0
88785272
5379771941
0
7
29
1
3872107830
20395466909
78036806
1
0
0
0
4
20113666599
0
0
1
0
0
1196402903
0
1541781707
149526625
0
0
12448148169
0
16243367204
0
39
7331904844
3
1
72
0
0
12502263710
1
3024171946
0
0
20984501722
0
0
0
7735741485
90511258
1
1
21502245352
0
4368780652
92
0
0
14486602825
0
526941444
0
2
0
0
1174412031
1
0
0
8982658491
1509202667
9
1457412243
36
85
12929372163
17644233009
0
0
0
8902889264
0
0
912306
88
6
18906938847
3065921050
15
0
1
16
0
0
3
0
0
0
8469094370
44
26
10762171593
2
2
0
0
4149914066
4990257198
0
0
0
0
1
14
0
1
0
1
6972747943
4214199001
0
3988921573
17515322604
1
487654793
0
1
0
0
0
28
15
0
28
0
5
0
2
1
0
0
0
18793983295
14087936199
7149607251
10
0
0
3
11
6
0
10
1425076966
11
0
0
3710985735
0
0
526906581
0
5949373730
0
0
0
0
2220402557
0
0
0
888888721
2154025002
11845454746
0
0
0
12880087392
0
0
0
1138440947
66
156
2049152930
0
17844830650
0
0
4
0
0
6
4
86
0
113806897
0
10
1
12229841859
180
0
817158241
17
1
0
0
0
2397067129
20743838296
22754667069
6
6125676228
1
5257651546
10193758218
0
0
0
0
0
38
2
2068934792
996807694
1
0
0
0
0
21
237541745
1
0
6
1
0
1
14185481830
3651996748
1
12618979266
21688752309
0
7100087562
0
0
19
1
13987308085
0
1
10171909610
2343872698
4
0
15215569330
1009511384
552791230
0
1
19962864514
0
1
5033230867
7589865402
0
0
6
43
0
14649149190
37
1
0
3
17
18303819789
0
0
0
70
0
0
1749981
2897223062
0
0
1
51
0
5
3
0
0
16244458826
0
1
5
1
15
0
0
6
0
21
1
21
1
0
24
0
0
0
11
1
0
6133816777
0
0
0
2929611749
14755651324
0
0
0
0
2
0
0
8260883434
0
1
0
0
0
0
0
814340276
0
3374189337
137741258
0
6
5
15378682
0
0
1611155356
244
18
1480561360
0
0
1
16
0
0
533060654
1195666070
17077892678
0
1414951226
10
15047171186
2
0
0
3
0
0
1443365345
0
1680215921
2
0
0
0
0
0
19838835189
3
0
0
0
1
15971047514
1
0
0
82
0
16000352107
4016185005
0
0
2394033800
0
10
0
0
11989016316
0
0
6235275118
0
0
2
14788935388
0
0
0
1
8124503784
3
2486506785
3
3
0
0
4
4
4
1
1
0
118851227
5
972183185
497762777
0
0
0
6963653718
2
1
186414776
4573410152
1
4
0
0
0
0
15016488710
8221853869
14669583889
0
7
99360791
15
1704542961
21
0
0
3
11
4899002171
0
0
9018460516
21089760677
0
1
4
0
0
7
0
3380422598
2208502053
0
15061317978
0
5158966155
0
4082649551
0
5
1
2520716001
1
0
1093683167
0
0
57274116
0
512223655
339770879
0
27
3301113559
0
0
13208942743
1
12878628751
0
6
3375364875
107938263
0
0
1
0
7249312476
0
113485765
22954892726
0
0
19484054201
1
3760098612
0
0
0
1
11
15198724483
30657002
1869888870
0
0
0
14875450545
0
0
1
0
0
651196417
22
0
0
423885735
1402846509
15
0
0
2
2293950079
0
0
224
0
0
0
0
0
19317298556
30
6
0
0
36
1
2
0
0
12796122907
9924266973
18
0
21412990494
411744568
0
0
10554990933
345459482
11194445016
0
5067122943
0
3
3065459877
0
16644510785
0
0
18741423560
0
2
5
6
7412003951
23386341040
73880088
11295538783
0
0
0
0
0
23682075141
8
2
0
17395199173
0
12827027558
20097802223
0
182556856
0
10
7748075
14972987107
0
0
5
4494626317
6
17887328137
9436182357
5
0
0
20886738298
0
1
0
1
11778778159
2572991589
0
0
1687033049
0
0
0
1741660914
6
41151423
0
18099556722
0
0
1
0
0
0
0
7054344665
3
10342090334
0
1
0
0
0
10656936111
1
0
0
0
2175766712
14
0
0
15421148628
11132491625
0
0
0
0
0
0
0
2
3
16491644323
15631557679
44244518
8183584577
0
1068227883
3
235032156
6160399597
0
834697733
0
2384334935
0
0
123308359
0
6667679657
0
6664885726
0
13515346925
7979064676
0
3
10
9119384374
0
2
1723975734
3
16053418084
4
1
4
0
0
10
51579222
93517687
6185293087
3
8
12
36
10416631034
0
0
7630184102
1
0
13317981303
3
7
0
3
3350888017
13
0
21588979922
0
6
26
22
9973861013
0
9
0
323638263
0
17308842155
16393083755
1
0
872270146
0
4545880976
13
44
19091593272
1
0
0
2
221695408
1
13583662930
274828611
0
2
1952104947
0
381092566
0
0
2194542093
25
0
0
13575399288
0
0
0
10940843797
8008442629
0
0
2449003026
0
3960072204
1852849992
0
1
1
0
0
0
32
0
14946577856
8135085516
0
0
3004152749
21512059086
0
6826334
0
0
0
7995212367
0
111
3
0
0
2289776597
0
0
0
0
0
0
6
0
0
0
0
0
9640145737
21
0
290551245
1
0
84
0
10256985065
9449403121
0
6466139078
1
4
3
11
1097968906
15549713097
18017125939
1
1
69
0
271927653
0
0
0
2
0
0
0
0
18
0
0
0
4874470398
0
109
0
3
1
0
15
72
3
191107108
3
1
0
0
13383049771
3065369343
0
0
11
0
4685146675
1057868089
0
338630718
0
2515259621
0
16
0
0
3
33
0
0
66
17234280284
0
0
511957329
16
0
8
5
0
0
0
0
0
1803669629
0
1
12282599939
0
0
679475435
0
4461508026
10
15
0
10
0
0
7924684849
1
11
19238197022
0
0
0
5361630097
7174934065
8062103521
16931287
6945645372
0
0
100
1
1
2887874044
12
0
0
0
0
0
0
0
1266661455
3
0
0
10250924168
1
0
1
0
69297946
72
1
1356589361
855535282
32
2971973461
1103881271
7
0
0
0
0
0
18106006929
0
0
0
0
0
1
17847966306
0
0
0
0
0
0
0
0
5
0
67
0
251872635
3518244699
10537338702
1
10
1051283559
5
0
1565760725
42559696
0
5
0
45
0
0
0
8000689010
60537152
0
20582599668
66
0
0
0
0
3
8597810564
1
1
0
15047050673
6291957626
0
1
10768379200
19051417523
0
0
9
3471613199
30
7
0
0
1482498579
7608093447
0
48
0
12039767188
3
0
3278935409
21048987
927504811
0
5858668752
54389326
154
0
0
0
7017561112
0
14363375533
3770749546
0
2041298166
12
69
0
0
0
0
0
45
557205174
4
0
10930037684
6
0
0
0
1714793572
0
0
0
592616152
2775283134
1
137
0
7
3623814727
0
0
18
1
797178999
0
3
10584680991
0
0
38712898
0
6
0
1
0
18246441351
0
1065415737
55
0
16467381168
19174296396
3
54
0
403590908
0
0
24
1
1
6978597910
0
1
18466193425
1
0
0
0
16326997652
0
5108635274
0
1
10403177708
2820962648
18660135937
17
1
0
75
2552302552
0
3270069444
11
0
0
0
0
19386526609
0
10
278427614
10396876
0
0
1
0
0
28
841346961
19795665203
18
1
10106364395
0
0
0
0
0
0
817793306
1894452255
18522675753
0
12321300849
0
0
0
0
0
0
1901298526
13960142526
1
128088288
0
0
0
0
28460561
6
25485506
12468483038
1
12
0
1
0
15988206427
0
3
0
0
0
1
0
0
0
3082618079
0
4441085786
3
0
3
18
17
0
0
0
0
0
0
7257163573
84
11350886703
0
0
0
8699436585
0
0
0
0
0
55995
33
3268765224
3393238080
3178251006
0
2
0
6428699644
0
5269216106
0
0
0
1
16430551919
0
0
0
3
1
0
0
0
18
6
0
0
135
0
1
20525722882
0
0
16
31
69
0
0
0
0
0
144
1
0
20647000206
2
7512628979
0
12767934515
4008492840
0
0
3645951962
17557709208
931911993
0
20025720995
0
4173263319
0
39
1
2183102701
9617435459
0
12
2048474867
0
9095760295
0
1
0
2481885329
15
2023992420
22034911680
0
17930228824
0
82
54
0
5128580531
0
8300614255
313323898
3
12368385517
0
1
1873899652
71718832
0
0
0
13409936696
0
16535351144
0
0
13100342927
1
0
9155848823
1
0
0
19750736116
0
0
0
18147140925
7579685693
13661838657
9534983194
878501635
0
0
4418718362
391126368
14104714215
0
18724882794
6355438728
0
0
0
0
0
18737940386
13954999906
0
1
961958587
632813154
451
9
1
21675332528
229
4703006615
20158593199
2780747418
0
0
17416602154
9625965073
0
0
0
129782446
0
0
0
1156462893
0
13488616123
0
16906621770
0
13
0
0
22
0
0
0
0
21293876541
7930715745
2991432103
0
0
11558913366
0
1
0
8091717328
0
0
0
21
17968246848
0
3
225
10
0
16617875675
1
27
0
339705149
10
18
21
0
1
6321335772
0
1
133
0
3
5
0
0
13029315667
0
3
0
9031229337
14501922439
0
1
0
0
1909915240
986341484
11677807121
0
0
0
30
5324365827
9
4
0
0
3
766453949
1
0
0
0
0
14
3
0
1
0
0
0
0
11881442559
0
0
1
0
0
1037988131
76
0
1
1
3964076221
17664861316
0
4
6
2
0
0
0
28
0
9
3
0
12733938934
0
0
16078311865
1123653407
0
72
1
0
80
0
2
0
1492052331
150127639
0
5
0
25
37
2864902486
3
41
8
0
0
2
0
5
2
0
0
0
0
1
24052825683
0
0
0
0
2433448182
0
0
0
0
0
0
4306904765
5535689763
15236390789
0
1
173953619
196294738
0
432399891
305216987
4
0
0
0
345884932
26
3
13144710755
0
0
14353714911
0
6
3
0
21104338670
192418113
0
11
0
6537991414
214428396
1
0
6
4672751197
0
0
3443228288
1549040069
1502821232
0
0
0
4399716081
0
2
0
1
7872549559
6
0
0
0
1128047936
0
1
0
8357729645
2243189575
1574137290
13848870861
66
0
0
0
67
0
0
2
1
1878158222
0
0
1376393208
2269409
0
27
0
0
0
0
1
1
0
12
0
15123611176
21
0
0
2
4759286565
15868613109
11328696674
21
1072071778
344149403
0
0
0
0
0
0
1
0
1476863262
0
4
0
0
29
765390762
0
0
17521281190
6
7
0
10923090320
0
7756356688
0
0
0
0
6
0
1
0
15
2088366981
262811861
112
2145077360
0
10
4582874065
0
11
1
4102751734
4093636062
0
20154559153
0
0
8670014810
0
19958061678
75
0
5514766169
0
0
0
6
0
3
0
0
0
0
1804785918
10
0
3
21
166486553
7
0
277485936
1
17237600459
0
22
4876125300
1175927779
3
0
0
0
51
0
9449279161
0
0
0
0
663226365
0
4013692039
24139478
0
2
11723968750
0
2
0
22
0
1
2
11930846449
10
0
0
0
0
0
0
6630361722
1
0
0
21392766676
547849226
10
0
951207
0
0
0
46115432
0
51
0
0
8942872026
18489565388
0
0
7002968285
13398465690
1
21
0
0
48
15
0
3325554068
0
0
0
20674094577
0
0
0
0
3
1
4499976057
0
0
22
77336728
0
0
0
0
6
144997659
3166951305
10
89063113
0
0
0
0
3689344447
1
15932761789
0
0
20229412826
0
0
0
0
22040567220
33165775
0
1886173701
13940780175
0
43
0
15
6
15595775210
788962632
6
6091996177
16433013
6262886007
0
1
17695412598
3384728009
0
6800650834
0
283838361
7658680861
1
0
0
1
6612361930
0
0
3229156113
0
2923081090
0
3232235634
10
5
0
0
0
0
21
0
0
13
0
0
43944982
0
26652369
5
10049742687
0
2390326110
0
0
0
0
14305063938
0
1
18
2080738574
11
19919869
5210640677
0
0
0
1
1085710504
2
60
0
34
618940107
19794483837
10269759502
0
4
0
0
0
14783678293
2485216684
0
0
0
6440178984
794366474
0
20438380795
0
2
0
1
0
2
0
0
956993745
5
3
0
0
18240594
0
0
1
798742076
1
18
7693293830
0
0
18473766324
3
16667206341
0
3172735921
0
0
14494261754
6300831896
2
6
0
0
0
2
1
0
12822331853
6
10
17
0
0
5
1
0
0
3
0
0
0
0
0
28
13951295492
0
0
10
3983237527
1
0
4785765597
1
0
19946329892
4356658197
0
0
235683175
0
0
6021358904
0
6321292
4832568715
0
0
8683737583
3218407669
0
0
1617930219
477369015
1389918798
0
8353059189
8569236832
0
0
10
3
0
13431185150
0
6
1
21999667759
10832354108
0
0
5
3
0
114
0
987235978
1719783388
0
0
3
1
1
240204838
3
0
21698909381
21800798888
0
0
6
0
6
10436290168
7
9511170412
1514301242
0
1
1
0
3
10631434306
0
0
0
0
16
0
6
0
0
6
4455304507
36
0
3848318612
1022274426
16694780243
608695050
22
5810259867
35
14982637689
0
0
2
1
0
32
6
1584856472
6
0
5
0
0
116032838
19806239277
1
0
17975840188
3057827924
4188254326
34
21
9578333078
6469286499
0
0
20120586794
0
1704031489
6
3
15736117271
0
0
0
0
16654614967
21
2547760588
6330467583
13
3283795044
0
0
77369059
773982387
10
14665336945
0
14724982615
1174555771
45
0
5
1390826633
8
1
1
0
10
62
22454354567
3
0
3
0
3
0
0
0
7109623370
0
4
0
16
19213368900
0
60
0
0
11757827821
0
0
58
0
2306522950
15633444577
8
3
0
0
0
0
1460477535
18937940016
8406928075
7686783660
6
6303431758
15429732833
0
12568161266
0
5
1590889288
54
2502327437
0
0
0
22
8107505113
0
3666302391
0
3
1315908435
0
4488489226
3097466784
3
0
888446005
227562534
36
0
8309787706
1
3
0
0
0
17342624885
0
57
0
165713
0
4523058580
0
33
396630404
0
4
12208394084
6366124031
1
0
0
17875458948
0
22330873
4810025886
3473440301
0
15
0
6943749426
0
3
0
10889394445
0
3
0
0
26
0
0
4
0
61909211
8
0
0
3196645496
168861074
4112501793
0
0
0
107
0
153
1
0
0
0
0
3
241745733
0
0
0
11
0
10
1
0
11923441655
9276863018
0
0
278991136
9741126531
2
0
251
3831246242
0
13
3
0
1
4
1
0
0
48
0
26
44
122
4720285228
18893608179
21
18330869431
11312015154
803382042
12
0
5
0
673083764
15
0
1465318753
3
0
0
2
8
20457056513
2
4
658298462
1
1720523833
19551565257
0
15
0
1
2363735177
0
3
1
10
0
0
0
13280268664
0
18
41019811
1
0
2221781
0
73120189
0
159507695
2
0
3
0
0
0
1
0
0
28
110
0
0
232998564
0
0
0
2581693624
6
0
1
3
12242057207
7
20353040637
37
0
1
26
7161224071
0
8439348401
6
0
1134502607
0
20235602926
0
0
0
1
0
8
0
21438936913
0
1
21595803655
0
0
0
0
23
0
0
5
91
0
92
0
0
0
8074189708
2
0
0
2780043271
16352109737
1255397287
0
204690872
1
14
1337961967
4806911764
4
7814848383
0
7621168480
15275529289
5289805816
0
0
0
1
0
0
182762824
12944219782
0
21180022342
1
20547471944
0
0
0
0
0
0
27
32
0
5727270047
2848775541
179169588
0
0
0
8
0
0
0
0
0
4567820209
0
2623159939
6125690951
6402556
2588978100
19
0
2515657732
18124713636
11584643214
8
0
1
7349846008
0
3
4
0
56
0
9588040422
0
553478893
5954995379
23
0
0
0
0
0
17895559721
6
1
12
0
0
13799810565
7957854249
0
0
5
1
22
0
0
0
0
0
0
1
0
14
0
15
1
1
2
1
30
147482776
8108092558
15
0
21
0
63181223
2428482362
0
5886703669
0
0
0
6
0
6372154806
566067028
4804878878
0
34
10279545233
8160245494
1
2968194326
0
0
0
0
0
5
0
0
0
0
1
1153576927
5384910583
0
1
1
0
0
0
0
4
17188027451
0
0
0
0
12293664879
709221079
0
0
21
4
407496413
231
28
0
9244516875
11387848182
0
0
4158821058
243913972
9064684873
1
7
0
1187282521
17924361142
0
0
13297546988
0
0
1
6
0
11
0
3
0
0
0
1
0
0
3889063941
1
6
0
0
0
0
6280306531
1562786487
0
0
15684049741
19906968112
39
0
15
16029156714
0
0
477474413
4403332328
0
1
0
27
0
1422780905
0
0
3
17
7764124726
19
0
34468167
0
8
0
11640274527
0
29
0
268208695
20537637985
17512804856
1
1
0
2425534135
6
0
11921383322
3
0
0
1
17110590588
1
0
17292414584
15977254
6688515973
9460634143
1243989288
0
0
1
1393832003
0
0
3013
0
14
1
8028542176
666419310
2621465124
0
7448808936
1
0
2493509007
21
124902192
0
0
2939682761
2088785774
6213841066
0
23511350408
1
0
0
0
0
322744184
0
0
79
0
0
0
2497143105
0
14157079571
7487892134
0
13087670304
9
8240935399
0
0
1667529845
0
10987413069
0
0
28
0
20072026502
3
12311306686
5634218222
2065489598
8819710432
3
0
0
0
0
2626700496
0
8562886074
0
6
0
12902600237
0
0
0
3
0
28
0
0
1
0
3621899133
0
3435938053
31
0
2939016563
0
0
2668904945
6
1
52
0
0
15621023266
1
0
0
0
21
1
0
20045912397
0
7081713096
98
0
0
0
3
0
2
1
3
0
5639900549
13970863174
7875355797
11044293674
42
3
5846507130
5
11297929858
1
0
0
0
0
0
326628231
0
0
0
0
1
0
0
0
13571784065
510542460
2
0
1
0
0
1
0
0
0
0
0
12544418352
0
0
0
19649649399
0
55946803
1982060837
26
2271204901
13825215290
41
6
864240549
0
32
3
0
11
0
0
7097003703
1
0
298794872
7
0
0
8056545283
0
2515841143
0
0
5
0
1
0
3
0
0
1
389602241
4
15
6
48
3
11405784439
0
1
0
0
12
22
7341034964
0
0
10486184857
21738929439
1
0
0
0
37
1
10
0
1
0
10
0
0
0
2847867990
3048207912
0
1
2672845837
16433398150
23871074381
14666748807
0
0
0
4095307516
0
0
0
0
0
1
0
0
0
6
0
10
1
0
0
0
14918544437
0
0
0
0
1
0
730703589
0
15
0
0
0
0
2769287666
3990098971
10
11049922750
0
1063093806
0
13789923889
1977674325
333364400
1
329093763
0
0
5682232087
0
1
0
161
4
10140297964
6345271929
0
3
0
49
1489110833
19
1
0
0
18393419217
0
22801776
8185475137
6512013787
3
1
0
0
0
0
2451182028
0
0
0
12767130099
0
434275
3208433183
6703801760
0
5360511548
10768597185
0
14859592343
0
0
0
8354290454
5846111784
0
0
0
0
42
0
0
0
8
3
1
5516713477
22006137352
18632537739
11
6817578966
15
1
0
173485480
16025373612
0
0
1
0
0
60
0
7666590215
0
16344541254
0
0
18776315
0
1
0
0
101
0
0
0
0
16727451752
11535529214
8598471813
28
9774709191
81
13683707601
7041420375
2417149092
0
28
10764730
0
0
7848505797
14121439307
0
21388430691
427256881
1
0
0
0
0
0
0
0
0
1
2932604426
12808175
6
7548000515
0
0
1112721439
1
0
2
0
2815334
344211267
16855175403
14285402416
0
15
3315324824
0
57534741
0
0
0
0
308444084
0
0
1257763665
0
0
0
0
0
8279294408
6
1445258175
1541750985
1
0
0
0
3396608888
5480382706
1
0
12932562628
0
0
0
0
546237212
3
0
2490786299
0
14996839692
1463508598
0
1
0
0
10917498671
1571681340
1272914388
0
1
0
10579905569
10699940544
1
0
13475880638
10073501751
0
0
1
13255302290
0
0
57
16701685963
0
0
0
0
0
2776653988
0
0
10949910090
6
11
3
1
0
0
4284730625
5001765138
19156078954
3
10760817186
0
51
1572118131
1
0
0
1
32
0
0
1
0
1
3
0
0
3987879214
118
0
0
0
1740938726
0
307771517
1
4590686178
10
2765966638
0
18591860760
0
5269126078
2
0
3
0
0
1
0
8371858516
0
0
1
0
0
29
0
0
0
14130163638
0
0
6280600686
0
46
0
12798008152
1
2
0
0
0
5
3
0
6479548401
1
0
0
791481981
6
0
0
20836829597
0
4727607934
13532420183
0
16465597513
0
17021512529
0
0
0
0
4368700753
6599537267
1
25189616
1
0
0
2
5160352838
14254984499
4587147860
12301269479
1
8420982566
7
467484176
10380723394
73
0
0
5015037384
0
2023491828
2
6856686539
3281390557
782201837
3
23
442048646
0
0
3
0
0
0
0
10
2237508856
7829756319
228
21133553841
703314469
3973081290
3
12145650088
0
0
3096523022
0
0
0
1
0
55
0
2215437272
3
0
0
4
13
3
12941952750
0
11
1
72514640
0
0
0
0
15534591659
0
22413622000
22
0
6232834254
5
0
243791418
4385398304
28
0
0
4897696768
18480655574
1
10
0
0
6789877982
0
0
3
604212122
5242630562
0
0
0
5
2706518172
1
13671766962
1
0
0
1
5
1
15222445833
0
0
0
9168033493
0
0
0
40
1
0
0
4887390996
0
0
571742216
0
298727592
0
0
8
0
0
4150086115
0
0
0
13150871219
0
6501231226
2305535835
21309797622
0
0
36811707
1
19590370309
0
117
0
10
6
0
0
3
9065778352
0
2
0
11
0
1
12887961325
0
0
234317300
13
6
1
0
0
0
0
0
0
0
46
0
7896562838
0
0
14879731071
9
0
0
19951479197
32
0
0
1
0
0
2991083038
21
1082753095
16695451658
2847524205
0
36
0
12046504893
0
11154820305
0
0
0
7319716663
0
0
1
0
1
1008926294
1893528092
3
0
8
0
0
0
1
0
0
15936790817
4080678784
210
19132887187
0
9265132967
7
4226811932
267643127
0
2507784377
3328980575
1
0
2
0
0
3
11951632442
0
10
0
0
18848711700
7631230296
15910674314
5570392617
4155162701
21388826478
9525781088
0
0
4801883713
1
0
5760533598
3
0
0
1
0
0
0
11795227761
354781670
25591382
0
10382036956
0
0
37
0
0
0
1
0
12272726483
0
1
0
0
7778623954
3
193
0
0
21
0
0
1
0
0
8701585809
0
6
1591108945
0
0
12936505094
0
0
4246945603
10
0
0
0
0
0
19197872405
802734995
0
11847428183
6
7420394612
2
0
0
7617503044
0
0
15
1
4868446366
0
6580346130
16
1697204409
0
0
0
2839417591
0
3
0
20681736263
19040465442
3068208332
2143801444
2920190782
0
10256199040
0
0
0
1
0
0
0
0
0
10006984051
0
0
5678104354
0
146
0
3597369494
0
0
0
1
1143113414
0
21065332864
142164724
10785616381
0
3
0
1
818253615
0
1
0
8
25
3520188753
0
0
0
0
6
9148765115
792241011
1
2
0
79055881
2
0
0
0
6
0
0
10
3
3848100293
0
1
2104495800
0
0
1782316001
8683635547
18664002874
19952557588
2146110
0
0
10
5424648800
1
3
4
0
6
6
0
1
51
10670969543
10
1
0
4824743500
1
238
15
57
0
0
0
0
12083672374
3
0
3
0
22
0
0
138
0
0
0
0
0
17
0
0
2
2137437023
0
5
0
53
5273363237
0
13041975849
0
1
4
0
0
9355651333
5676943643
0
15
0
0
1
0
11858865024
6096633542
1
789737550
8
22
1
15298167527
14
1374928895
10573730830
3
15219253057
6
76
36
7815341777
1
0
0
0
7607320582
0
6
0
1
0
0
14399615605
6994122931
18193467055
1
1389239032
12619893
14358281633
8424065721
0
9202417802
0
13863012064
0
0
0
0
8029651
0
0
6
2183522172
287777934
67
0
0
15578181904
52704650
801365272
25
134
5040877068
3
21
707859532
15580357623
17839547558
9925125791
2647302724
4
6
0
0
44961108
0
2152709407
3
1
0
5
1
1120288333
0
0
0
3
1346228994
6
0
3
0
13524436767
6
2
3
1082685572
5
0
0
8842455031
7549594583
300495299
0
9
11504832901
0
4327552918
3678462415
1
12251353472
8
6
11740285150
1
0
0
5
705407095
0
0
0
1299796870
0
0
4
1
1
0
0
5897856601
0
0
0
1
3860400
1
0
0
0
0
7728112799
0
2
1097818153
405515702
8449194
10221154704
14088290132
0
0
0
0
0
0
8706039252
10
15003144509
7286167970
29
3
0
0
0
3
0
28
18287576961
4
995066624
0
0
3
2177924190
0
1
1
0
1
0
19230461627
1
0
0
0
6
3
1148722533
0
0
5567489652
8
728038374
3
1
0
1311762443
0
0
7676758455
0
0
1
19079983036
0
0
0
1082935872
565102733
6
0
1
0
91
1
3
1
0
0
6751669494
0
0
67
1
60
0
10
0
8197923488
1
6
23700505501
15
1
0
0
46
0
0
24
0
18
16357211621
153
350799583
2260155568
0
9670499989
0
5
386388135
18053266350
0
0
46
0
21
16418607534
0
0
22997648498
29
19
0
6
2
0
3
0
0
0
1
3382022266
0
1
173737678
0
3
0
0
0
22512333816
3095438690
3741143620
8110534175
0
7199429262
2
0
527918702
5328922383
0
6
1240183747
0
0
0
12
0
5
0
58
1
4974840448
3
0
1
0
0
0
10
498425
297055822
15
3462790995
85767147
0
1091256423
0
23
0
4
14892446457
0
17603520548
0
2
11186904170
0
4
0
2
6
0
0
5395967814
17656649340
0
7518109570
1
10
1
3281980669
0
0
1
0
0
0
0
15712638035
16033315261
0
4047731484
0
0
19
0
9552646831
2829695018
1
20
72
0
1
30
1
6
62
0
9760710836
0
4571472673
9338550693
529049976
45
21430724586
0
0
0
3664637715
0
3
0
0
4558060779
14167409842
4357956379
17100065782
1
0
7696151098
1
1
14150815560
3
3651359361
14954107287
0
0
0
111
0
0
1459790053
9
0
0
0
0
0
0
20
4854309729
0
5962918332
3711783822
0
0
0
21
0
6151075042
0
0
0
0
0
6
0
401502296
16
3931201314
1
9627751969
10
0
0
0
7102668703
1
17682239557
766940812
0
0
1
0
1
0
0
1
1
0
1
6442211994
0
124192613
0
0
1
4804211
0
0
3
12893646749
3919346115
0
5876315005
17034567785
0
2274658531
0
0
472691633
0
0
3591347754
0
4
32
0
0
22
12965001056
1063194
2
57
1
12322779033
17442003004
0
29
0
0
0
0
0
0
0
1
3041281079
0
0
9940808098
18
5978141502
3
6
1
4134445408
1
15
0
1908799086
19
5
10
0
12868153226
0
0
24
8304128050
1
1
50
4
0
0
1635054371
36
16538617380
1944070086
0
0
7
2
311757133
0
0
0
18
15
1249381982
1
0
3
14949152234
3212826925
355986802
6798624809
0
3
0
10
0
6514414096
0
16304864444
7964939268
0
0
14613328765
14
1
1
0
0
0
0
2000898278
0
0
5050989237
3
5406506863
0
618906753
10163285317
1
0
0
6
6951840961
0
6
22
0
0
1
10
493342329
1
0
4887864140
0
0
0
5785918293
0
0
0
6
5102357167
0
0
0
0
7
0
0
0
0
0
22536176772
4
3896751253
1
0
0
0
19805713726
23
131
1930833618
0
7643405589
1
21568077393
0
0
1
0
0
9
2
0
1379497489
65
0
0
4
40
12990851
10
1961240392
4364044480
0
10738015
1774217856
0
0
0
0
0
3
5
147
0
0
4995783220
0
0
0
0
0
0
2
1637178329
3
4
0
0
1
0
0
0
6358378023
11658336434
11743400242
0
21139407129
314
14197425797
4
2
1
83
1
788482735
0
23214291
15
0
0
0
1502527833
0
0
5005609762
0
0
1100554276
0
11228539532
1
677848670
62
139
0
0
17
3036590996
0
0
0
15967014132
0
1
0
1
0
0
14526859675
0
1
9624793048
1
20883338268
6
10
0
3
0
21689258273
19794739503
0
0
0
0
228
3
0
20110404750
21057344524
0
7258359456
2
0
0
1452974
0
2063516020
1
5
0
28
12106471963
1
0
0
17882517578
2
0
4
15028664877
0
1
0
6
0
55
53
7931177929
5
1958138201
0
23130533006
5
1
15395591364
0
127899941
12
2
6841726821
0
15955656504
0
0
0
3
0
6
0
0
0
1681599143
0
0
1
0
17092298810
0
5969247586
0
0
0
12099592230
5941990215
1
0
11625031491
0
0
12
6904366049
0
1
6
1
0
6
0
0
0
20793063142
0
4
1
0
15702886089
18834415726
3
14608957909
0
19495581268
0
1
5353745707
21
0
0
8777523898
19703349769
0
0
0
0
0
0
28
10
13734141548
1
0
21527666
0
101683220
0
0
0
3
20262558515
3
0
11
21726381298
0
0
0
11160378802
17073737420
3
1377958691
2196518312
1
5630507043
0
6
3
0
2
15394308227
7907451121
10355917847
1652498898
0
0
1
0
1168740911
1
3
452210460
2
0
0
0
4
190193558
16903804981
1
6
0
0
0
10
20027805229
1
10
0
7005743066
205
0
0
6
0
0
0
6
23482699647
2
0
15
0
1
5251607191
9207871001
6
18186827071
982353157
0
6
0
9815454514
3288228674
0
9353255599
55
22
1
26767303
0
0
0
45
107
0
13
7401643791
6
0
8091887989
21
0
5737397153
0
9
0
43
13154226638
0
11369704911
3726345143
0
0
0
5941713039
3
28
9
0
19117707342
0
0
0
0
2
21
0
22
2
0
5
0
5167904083
0
15595160284
132548813
3
306395626
0
2
0
54
0
0
2
0
210334035
16607917
2
23
0
12220249659
1
1
0
4134370145
0
0
20454915632
0
0
0
57
0
57
0
0
9959237753
17387975888
0
0
2
0
0
1
187684628
0
4610126211
0
0
20429588513
0
0
0
7788548499
3951911740
0
0
0
0
0
3108180747
1305485679
1
0
694023493
36
0
9522144203
2902708780
0
45
0
2052241182
19209924
88392493
14460060679
23454539444
17
1
12144837148
4366095818
5890013605
3977863571
3
3
0
14986562821
0
0
0
0
8073508310
3
0
6
9
0
8574191344
0
5
0
0
0
1
0
0
0
2
1
32
14541690550
0
0
0
12061932153
0
10334741770
0
21618382696
0
1
113464325
0
0
649704561
3
0
20810069260
105774050
0
6
44
0
474510666
466591178
0
6
0
0
616296052
0
0
0
10478292932
1515710783
1012899732
0
3
17931820271
31331663
10817766056
0
9359462790
0
0
0
14460086319
0
0
1
1396228585
17996528217
0
0
0
4577214564
13217508565
3
6
200497175
21946727631
1
22150094898
9405228945
0
19416762216
19
2223027975
55
0
47
0
1148520407
10305151846
15602825983
1
0
16801385821
1
9923781103
6444190127
763954338
7
0
62
0
0
1
3
0
0
131585550
15
0
1
1
1
6
0
0
0
15116043225
1
0
0
376437886
6528875529
39
3696661357
1920319717
0
0
479703736
734907978
1
0
1
1
951022651
0
0
0
12110353727
9992657805
0
6
6
10262572793
1
0
0
3694762507
0
0
15
0
0
0
10229520420
1
0
0
0
1679958662
0
3
1
18801136608
0
0
0
0
2132247521
0
20
1
8162576841
3617656190
0
253
0
2
0
2803756232
0
7400558132
5
1824002423
4137360647
2854976144
0
0
0
11131093863
31
19070242425
0
21
12343232104
9
79
2
0
638752294
1
0
17197668802
3
13
3
15596273375
189212607
3
937196299
7475427014
130
135553070
0
0
7204427243
0
4838659843
0
0
0
0
15
17260552680
3
18397445
0
8363755546
0
0
1
0
0
13296398527
0
4439498626
78
0
0
0
197
13
3
0
3
1
0
1
0
0
1452644465
0
1
8
0
0
19
0
1
0
0
424008258
12688680316
34577621
0
0
21748572452
3
37
0
0
0
11914226764
3
0
7306880646
0
174730166
28
0
0
48
107
0
26
0
0
0
14852175359
17877851165
0
0
9591769131
3192868
1
0
6
13
3
12202462697
0
1714877100
0
1
3239621761
6863558287
6004478169
0
10
0
0
0
0
9
0
0
0
19188682162
0
0
0
3
2
10842115947
6
5
61
3
6
16985345780
2558522856
1
0
578037310
1
6
2595675
0
0
0
4435670447
4
0
0
0
16634657414
1
13097569890
7
0
3
0
0
3
1
74026532
0
0
461682630
2
17
0
1
3
0
8190004465
0
2930144804
0
0
0
9259992319
3
0
6
28397083
731312341
10653506597
0
0
0
16155760490
1
0
0
0
5790200932
6331110574
1792557480
0
0
18248417779
0
0
21692945518
0
10
18623766806
4
0
6113223788
0
15
2
4
0
0
0
0
51473699
759284463
0
1
15
0
19404936998
0
19711636948
20165835982
4488294569
0
9
0
0
0
5
0
0
148662782
3
0
0
0
0
0
3351591249
9346891825
10
1
0
6
12270286031
0
0
0
0
0
0
0
0
0
0
0
18
2
0
1
0
13953089857
4
886498311
241534596
0
3013341687
0
0
0
17
20016850072
1
0
1066993072
17920998931
0
685064820
0
0
18257169366
0
0
0
0
0
45
0
14518796184
10
6
7
0
0
0
998567531
0
10
0
45
0
0
0
0
0
0
0
3
3
1
287219978
0
18503901017
0
2522874697
10
0
0
10286102225
16639416099
2020667703
19021114916
1969447525
0
0
4234458444
99
9994443761
0
0
14912452324
14830481645
3
23
6
6
18293655705
14
0
0
6
3
118468042
0
7390519
0
20097000221
1
7263063126
0
0
1
6
20
17968969457
0
6
13
0
6
3
7950215972
0
0
0
0
0
0
5067904081
12
9
0
6940013036
21186133168
25
3
3568038775
19587567512
0
7
2
0
0
3
1200263719
0
6
21350361435
5531036659
15
0
0
1
0
2
1
160
0
0
3
0
6
9693293903
0
0
1
0
0
0
15
0
1
2
0
0
0
0
4135307577
0
832802603
10
7
0
28
0
1
18
48
0
7035365446
1
9229718802
3
0
0
0
0
0
7145283710
1
0
6055360497
0
0
413083778
7849133297
0
0
0
0
0
4
1
4
6
0
11058098918
0
16
6518265922
0
0
67
7
6208556011
8
0
199
7166772824
92
0
3
1
7209450721
0
253
3165264671
8780463750
12827909260
2002728477
67
2538329793
12147700
2
6
1
9467698187
328058128
0
10
16132088433
5
0
0
0
0
0
0
11887569827
1347321407
6
0
0
0
13891861399
1
13
2802079538
5
1
0
1
57
6100860121
0
0
0
16
1149802143
0
6123384920
17762045702
0
0
27
3
0
0
0
21
6
0
0
390463056
2
0
0
0
0
0
0
0
6561002238
0
2297816041
0
1910486157
2906278003
0
0
0
0
3
0
670547019
0
1
139609023
2
1
21006487569
382563
3
1
2
0
1
7
13953385413
21216027527
11868468631
1034099926
9778876981
1
0
25
4154294972
22813795726
807600708
0
421375574
0
0
0
3294318656
1
3
0
7
10
5003174282
6
0
22
1043038968
16236031011
0
0
0
9
9257198464
0
0
7183909794
2
15321560879
0
0
16587630111
2
0
5768018732
0
0
0
20722817193
6919663562
0
16573646621
3
10238801561
7
5
0
0
1
9
10
23
4253109381
6748840641
0
733973033
0
3
19759108851
6
0
0
0
0
1
0
15
0
0
0
0
0
6
3
0
15
0
0
4398642129
3
0
0
21218561926
0
0
25128637
25
0
0
12
9179924861
0
0
0
1449315476
0
0
0
6949803165
0
0
18
0
0
0
1
0
0
0
1
0
1
4
0
0
0
0
0
0
0
0
0
2685253255
7941046978
3
1722670119
0
782487680
15
44
0
14424607748
6
0
0
18780920608
0
0
10
1
4
0
0
1
0
0
33
8437559085
0
0
0
6
15736681600
0
9548743804
0
0
2209672
20
0
18637040390
3
17443205216
0
0
1
36
2881045364
2
0
2
0
18
3
7
0
0
0
11705277542
0
7585666280
3147957824
0
0
0
16036000025
0
0
0
0
0
1
416037619
2
104
0
0
0
35
1
1
3
0
2
0
10350422888
3
0
1
92006842
1
0
2
0
0
12833745905
10
0
2605218382
0
0
0
0
8863286998
5122748266
0
153
37
21413314419
0
0
139021597
0
1462559724
21
0
7
9726939485
6
1
0
0
0
3
0
0
0
12
0
0
6
0
0
3
0
0
0
0
0
0
3
0
3
0
5232724485
0
4335938551
1
0
12147792990
0
0
0
78
3913403520
1072706188
0
10
10
0
0
1
18990019262
1
1
3964806360
0
1
0
18230829977
900063537
4118833457
0
22498707654
0
0
31981807
21
6
49
0
0
16803848380
0
0
0
4982686294
0
0
32
1
0
1
0
0
29317015
13178358747
2226273985
0
0
6337817562
13262463068
5988423491
3
11641856258
5
12865466209
0
0
45
10196373101
3
1260227339
18384494976
23
17100424340
0
3
0
16824663976
1
0
7430968010
0
0
0
7157293528
14829679591
8556558952
0
1
45
3
10
0
45
2
12189897453
0
2599966886
0
0
7055677374
0
0
0
0
0
15
0
0
0
715065163
6141466072
0
0
17745981393
0
0
0
39
2
0
0
1
16561383937
1192809001
0
37
13730484419
0
0
0
423847357
1
17436098
1855945494
18
0
16125214336
29
506016434
0
1
0
0
0
10
36
5191758122
0
0
0
20945477
0
4946642615
14
1
0
408097511
8752399
5
10070968429
2230567531
13775643492
0
11061925058
2
126862791
4693990582
6724503260
4
1132837021
1220071660
0
0
1
1130572633
0
1
0
804098712
0
6365985642
13364123068
13834980462
0
0
0
9274685663
0
15
0
0
10
3
9766251637
284358796
0
9502708920
2174794837
1
0
1
0
0
4839634745
2825756042
8125905384
0
2
3
4421921418
0
6
18848964065
0
21427703193
0
5035115624
0
2537937893
19078775777
0
25
1
0
0
108
5486350148
0
0
2
2
6813966087
1
19677936452
2238404716
0
0
0
0
14894223600
18964025551
0
0
0
0
0
0
113
0
0
22867599
8
5
0
21
920722374
8459761158
1
0
0
0
4615760508
0
12866833660
903314720
0
5364200695
27
1
14737334336
1886299933
0
0
0
240730283
13682513303
0
0
1
46
2
0
0
0
0
0
0
2522349328
5701801101
0
3
0
1572409837
4
0
4
0
7144358037
0
0
30
1
1
0
1
0
8
0
0
19538876889
3553670737
0
0
1
1
1
0
0
10
6699384648
0
1
0
981380741
3
6
21
10943523121
3
3
4
14979332874
1
2
0
0
0
0
0
0
0
0
1
2
9924295129
0
0
0
0
6148930206
0
3947179003
15965057758
3
0
2386770328
0
3
0
0
46
21
831103420
9832512293
8
0
0
0
0
39232379
0
0
0
912665712
0
0
5
0
0
1
0
21606006092
0
0
0
0
2
0
12
19577280897
0
0
13
17167345847
0
0
1393827568
7627566460
0
0
0
1
0
46
6
1419222493
0
0
18602589787
1
0
1
10526975199
3
1897848698
15
140881405
2
0
6
0
6
1
11
3
254831821
0
0
0
8
1
0
0
1
6
28
6
17371106136
0
6
3931516397
0
20561389102
0
0
10870577429
10
0
1
0
13857127193
0
1
9859
215996368
0
0
2127915207
0
1095326007
7947720851
0
6
0
21783279073
8486778850
2467850267
1
20
22167073425
3
18400793653
20432896738
0
0
0
0
6
1
0
12
0
0
8735679913
1
0
0
0
0
0
12059504843
15102105241
0
6872392
7799140940
8
0
0
0
0
4
0
131336335
0
19201880741
4
2
13113666332
2075003956
0
0
0
0
3
6422775683
0
16116263623
0
3680341976
3
10754384054
1
0
20353579312
3
0
0
6563963834
1
1687094680
0
0
1379218859
13
3
4
0
6954624361
0
0
1008435913
0
0
0
0
1591284831
0
0
2661134047
1
2
0
16751628759
2
0
20196769001
0
798477543
1
0
0
5740469178
0
3
1
823593000
1269097142
1
0
0
23650456759
0
0
2
0
59
0
0
0
0
16525472258
0
461926659
0
729258266
3
3554394530
0
5264330325
0
5
8011365082
0
3
13067558287
16916186312
0
0
9269545679
0
15621387058
9381104521
11
0
1
0
5864643226
0
0
18370652666
0
11
0
0
0
3
19586489679
0
0
7071945794
0
0
0
6
0
5
15
0
0
12487437020
0
1382027582
0
7
0
0
1569771856
18
11495922135
4
0
0
20134187459
10
1
3771144755
23612972051
3800185708
0
0
0
0
0
0
0
2
0
241610623
20193140704
3
1535796985
14842367542
0
3002685099
8224899097
16951993849
1
0
1
0
53
3
0
1436910571
1
0
96
0
17632710456
8
0
72
1093599060
9079154142
19029968664
6
64
1
650497758
1
3566849184
0
1
1
0
0
11014671806
3
6238420718
0
15753010879
15
0
0
0
6
0
0
15922439366
14852813265
2
0
0
8490590671
41
2429419703
13
1560312813
36
0
0
0
3651031345
0
3709715509
0
0
0
3
0
4
20728126374
15
0
0
0
0
8776669338
2
0
2569841390
0
9037708432
0
1
1928536
0
0
0
0
0
20281722733
0
0
0
22
0
2881620975
1
0
4172344519
13823674579
3699353251
0
0
131778609
0
0
0
6
0
3098000135
60801181
12748821429
0
11183966699
16879194601
471341135
0
0
42
0
0
31
0
0
11389287714
10
0
0
0
0
2736189293
0
10
15
0
0
0
245275241
0
4461649344
3272139314
6
0
0
45
3109331104
24
0
0
0
0
1
0
1472990097
0
0
0
15
33
0
2795476999
0
10832216544
0
0
576112101
11510021691
5866806542
0
0
1
0
0
1258540630
71499836
0
1
0
7145842
0
7
3
0
0
599553838
0
5
9
0
244532849
0
0
9
0
0
0
0
0
0
1
87
1
0
42
1
0
0
0
43
1182112126
0
58
0
8
3
6
95771595
55
5
0
0
0
0
18
4139900780
8503328015
0
0
0
0
5
0
64737963
1
9502673802
41
0
8
0
0
281661482
0
0
0
0
1
4
13
0
0
1402103200
6
11996551339
0
6
0
27
10
0
0
1
0
1240138426
0
0
0
1
76
1
0
16849981487
19537365059
0
0
0
10010188736
0
112741375
13316057
20774396619
18198097574
0
1
0
23539457
0
0
0
1426515152
4
1
0
0
15
1
1
420188281
322830141
0
0
0
10429269480
11579310602
0
1
1
409022910
1
22315301438
23
0
0
0
5
11
3
0
11
14956622445
16901381897
0
0
0
387174470
3
13621653711
4370491737
9949382734
6183183439
0
0
39
0
8917318608
0
0
820368734
1
0
0
0
1
0
39
16
1431233987
0
4123806322
9214617491
20322185641
0
0
6949033
0
0
1
0
4
1
1
24
4919769015
47
0
4
1653107332
6
4041434354
6
14984443179
0
0
9864444367
0
0
0
4
0
0
4162998829
8616141574
8119946874
29
3333132612
15
6
0
1112900409
0
11
0
27695636
3
11749702428
0
654196239
4442194470
1
22009745112
4580755960
0
3438414353
47
0
3
394320981
1
0
0
6
11659755622
0
8563028972
0
0
0
0
1
1
15726594266
2
3981877522
0
0
4219693561
0
0
4685189197
0
5937868
0
10897890414
0
1
0
0
54
0
27
19323648939
1
0
6
437722951
0
2
0
21765275415
20052756306
0
5504089978
3
161183614
626918278
0
0
0
0
0
0
0
0
2
2245703506
0
29
0
4
10
2250667704
3
7
0
0
0
0
15
0
2
2
21
18390077202
0
2082536408
1
8
8068280037
0
1
2
1
3
0
0
38
13
0
0
19207373109
1
105
11058818895
0
0
0
0
21645902722
0
0
10527687339
0
5786028867
16075670239
10
16618011844
0
1
1
0
0
5946409960
9033674818
0
66
0
0
0
0
2074104072
6
53
13870208059
0
1
7
0
0
0
0
1
907629793
10430751499
22827319151
18286106405
6
1068043363
0
0
1
1
1
0
0
11706483354
0
0
0
0
4
28
0
0
57
665859662
0
36
0
0
0
20660961272
11907544056
11370482279
6
7980020117
15946988403
0
47
0
0
0
0
11918667579
18010253917
559816223
7
0
0
0
0
20640484433
0
0
1
2
15
2748935531
18208480224
1
9
9111194350
0
0
0
12029886376
0
553164722
0
0
41956
12476348428
0
0
48
160
0
3
1
10637505652
1
1
0
0
0
6713942976
5
6739108156
1
6
3
2
0
2
2430765352
0
0
8
1
6
16059997215
0
2034045418
7165194134
0
0
4
0
6393916075
6876502495
1978394287
0
2442585756
4156482108
5
3
10
0
2
0
0
2212704190
0
0
1
3
10
0
0
0
5991293300
11060667748
4
6
0
672862975
1
3
10
1
0
0
9465640046
0
8720936979
12779646228
0
0
11840180063
0
309649220
0
1152803059
5058114633
1445529926
353267963
0
0
2832362419
176667709
9733174287
1
23356173
0
1
0
0
0
7808376556
4811725471
0
9
0
0
0
0
2479503289
0
0
0
10
0
0
21329558
12867378128
52
0
11265966590
1
0
0
0
1334300253
0
0
6
115728974
10
6
1
0
249254680
1
0
6
0
5
0
6
6242694093
0
2851925857
0
0
958210231
0
0
28
8864971737
27
6
30
0
21023214834
13887163039
14807225919
0
0
0
15485762458
0
10903829027
0
1
0
16174842354
1
0
0
529074236
0
0
3
0
5
0
0
3
0
0
1
1
0
0
0
21100137064
0
1
0
48
15605761590
6298092755
12866489019
0
11330600245
1
0
0
0
562404533
0
1
0
19
7
14668416817
14554760993
0
0
1
5
0
0
0
35
16129791014
5
3
2
0
0
0
6272449711
3
2
2202691249
18
12491790111
6
14
0
5
0
9
0
134
7218075217
6
3
0
5
2
6
1
3
1
702420697
0
4010890456
0
0
0
3
0
6817047787
0
0
8949496371
56
4303997036
14
7852850278
1181226067
216997220
12643638605
0
0
2
0
0
0
0
0
0
0
646417443
0
2
17346445112
0
15317772054
3
19
16929343669
12215996940
0
2
5387236545
17479743453
3397084428
0
17703941829
6
1
14163576859
0
0
0
0
0
0
1754866991
6
0
9129752379
17436429928
0
1
5
0
12135467746
0
2698218493
0
1
0
0
0
1
0
3
1109077470
0
0
1
320670033
964880674
1
3083895287
0
0
0
0
0
0
10178734774
0
21
0
0
0
1
3
0
5
23618321828
73368905
4568702407
1613411517
0
1927922678
2076229009
8050836657
1344081471
520888011
0
10
3
0
905498669
98272114
0
1
831583026
8968147979
1
10
0
0
0
0
0
0
47
0
1
3
0
17397951
5
0
0
0
16650887563
0
0
0
0
0
8
0
2
57
26
0
3
37
0
15
0
2
0
1
18444157289
0
2
18455517651
0
0
9727106634
16555841820
0
1
21672763342
16
2663247679
10976738951
6008819265
4169583175
243104928
21521010263
1018244765
0
6548622819
0
0
10
0
0
0
1936093796
0
0
0
0
0
0
0
0
0
18496729735
2
0
0
0
0
0
98
1
0
1433650311
6
0
0
15463880534
0
0
0
4
0
1
0
0
11608664109
1729570633
3
11
0
1
3364808256
1
3
1
1
0
0
0
16077245673
11303150295
0
0
0
61
46
6695350733
0
19952901817
5
0
2
0
0
5509627608
6
0
6711691113
7
0
0
2
0
1
21130354734
4
0
0
9876665101
143
2793545276
6
2784893381
0
1
0
6858947859
0
0
31
0
1
0
2944627974
0
3056254735
87
0
1
1
10
1
8918578870
6671279037
0
1
2375132009
40
898353486
2406555318
23477864171
0
0
3
4
11084094704
3215540079
0
15375527403
0
91525655
0
1
23105606579
6
13062253614
11265319742
5813967996
107
0
72
0
0
0
13429385557
0
0
349885512
1
2970037694
0
0
21026043323
0
1
19119174101
22620383276
4395181644
0
0
11168792523
130
0
3769837951
13258114587
12904187503
0
0
21780007159
3
0
1
0
6
3429758970
27
0
0
0
0
0
7200412453
4
0
20782682278
19235874355
0
0
4321806
21457547009
4
0
17381033878
0
6
9104317108
0
46
0
0
0
0
2
0
1
1
0
0
2600258335
35296976
6
0
0
0
0
8792247998
66
21
28
0
0
6
18
10
0
6
3061118952
9567200842
1413802640
0
1231818477
254037277
1315496432
0
3
0
844182132
0
3
0
0
0
8164352567
7
6004766384
0
0
3104307375
0
282505637
0
10
1
125
1
621949563
1
0
0
0
17644071097
4712207330
0
3
4
0
48
67
0
80672266
0
0
0
0
0
0
18902633287
12
20479629411
4274535093
6
22050311997
0
0
0
0
1
0
1351417040
0
3
6
1
9078337848
0
0
6
0
0
0
0
0
15532650660
3
3
2
21926355561
19267193026
0
14
7898009381
0
3
0
0
13938145528
0
19451428475
22798298455
0
2295662057
0
11766912570
1229788468
32
0
0
6708174594
7115666806
1
1
4254943134
5
7476770282
17951271762
10029607510
0
11
9992732747
5080058868
0
0
0
37
1
0
0
0
0
48
0
1
0
384
3
0
0
0
5871833767
13297976313
3132223429
14706046186
0
5352888
3
4
15899618379
10148721162
6839655803
9541901620
3
0
11560626070
1
3540435734
0
0
28
11
0
0
332913167
0
5
0
6263984847
2672094403
1534943619
7221828787
38
0
13512239989
4444474471
1
9
0
0
1199216353
4
0
37
0
0
1
1
6
4856988728
2440380980
1
1
1
18283423460
0
0
5658962868
0
5
2
0
5502968768
16740988803
13399792911
2039356108
9267183488
0
7169091315
0
0
17587821383
37
2813628084
5736434820
15
0
0
2
15206346801
10339601246
1
1977663318
3790436
0
3951697119
1088799186
0
0
17492648192
1
7908262547
2098755895
1
0
0
0
0
105
0
1249289587
2230382
0
0
7
3744499
0
0
0
3
0
0
8
0
1
3
16
3
2
6013956
8331717150
0
7453542479
0
3056262614
3545506095
505306826
0
0
0
18
0
3
0
6
8975420652
0
6
10545403346
21
0
0
9
3152626866
28
6
14199651690
0
1
37
0
0
16964877121
4300075777
0
4466878065
18443900729
0
66
15
3
1
0
17031050580
5598665983
3726106724
69
47
698739969
0
20305237699
0
0
3118062726
0
29
5987740129
0
0
0
0
0
7
0
3
10969928354
5739780
1922003732
3
0
0
7724513762
6946750072
3187804196
817793961
1
1
15
0
27
2587089947
16
1
0
0
6733848699
1
7
4113709560
0
11
0
111
0
0
0
0
0
5259582272
0
0
6
0
0
0
120
0
1
7
0
21
0
0
0
1866050
2
0
42
7
0
0
0
3
188166082
0
17416374982
15236794981
242374448
6259602435
1
0
20364145880
0
0
7640444924
9946035934
0
0
0
1
22329638788
0
23771741412
373065034
36
0
0
0
4
0
12122906018
0
13
0
0
0
8489622561
2
1
0
18395796299
12
475271859
1287036
0
19168015849
8576259795
2
0
19726656597
39
0
1
0
0
3
21
0
0
436692175
6209768687
1
8167855939
15282846016
7
7
1
0
17275993392
827656142
4583484328
4394048484
0
1
6
0
15
1461382803
3
0
4647385588
0
0
0
4174856206
10
0
0
1
6
0
1
19932267576
0
3858342029
1
12886346921
58
8203016487
26
1
0
0
1
5
0
0
1484382774
4174918
1964338752
0
12816670766
1
4903965
0
0
3
2681172277
4267703785
1520670866
189
115550829
0
4167238092
3
2
2079714001
15814269933
0
0
1
0
0
1287345380
4
0
0
0
32
10953436964
1
0
1091661251
9
0
0
5686679200
0
0
0
0
18138737939
39
2789482256
0
10036342909
0
0
110
19618575678
0
20481939301
0
0
10
0
0
3
584221463
12
0
0
0
0
0
0
0
0
0
0
6
0
206013075
3741990535
1471281961
0
0
0
0
0
0
0
0
3756025938
0
2
7093841221
3
0
0
0
0
0
1212481736
0
15
0
7301841546
0
3
13
0
18069355325
0
0
0
1
6
0
8
2
6
0
6
0
592512632
0
0
20616278523
0
96807042
21503563997
2
0
1
0
1
6
0
1
0
0
0
10
0
7
1953339087
723765556
0
3615962862
0
4713743925
72
0
3
0
7375820097
0
0
27990688
0
0
0
40
17132318954
0
26232282
1142769
0
7218438594
3
4
0
1
1
1
0
0
5
0
0
371377078
3
0
0
8659806577
0
5
17
4276779683
0
48560116
0
0
428458400
0
0
1516050941
27
1
0
13
0
533422455
0
0
0
0
7894529667
1
0
17822204089
2
15025594755
4809072855
6259446011
14737681638
1629180753
0
3
2058760135
0
0
3
0
0
48
0
17141430112
0
0
4
0
0
0
0
0
0
0
0
22
10
5496525315
21008374134
7
3
0
1
0
878586582
0
0
12110627611
4775107453
1203756663
134927467
0
0
3307821956
4096891791
0
0
6184566679
16599969248
20505227356
0
2
0
0
0
0
4
5485191606
0
0
17486919741
0
10049176998
0
0
13
1028914264
0
59
0
0
1
11448574388
0
0
0
1
0
11819834400
2485402371
0
4
27
11014601464
0
6
0
19505145617
0
0
0
0
40
18288796073
6
0
0
18974446558
0
1
0
0
21880478899
6571425107
0
18564344221
7088143578
0
0
15
1
27
18787345269
0
3234902963
8632077907
14114855204
259269049
3
65672627
0
0
0
81
17725085742
3
13810142433
3
14284998144
0
0
0
0
2072752880
10482140412
38
1424922628
0
0
6
0
34
3
0
29
0
0
0
0
0
6618273114
0
4274755278
3
0
0
18051836413
271352622
0
0
19555351414
744833782
2
4033261843
15357857632
2
3
7552516356
21457966004
406641921
13094190406
20592371778
3
0
83
11
0
0
0
0
0
31
2
13187985823
18873360
12993030323
92
1
0
0
6
0
15
1
0
3
102962071
0
3
0
5335175583
3525097187
6395399031
0
0
10
2
0
0
3
0
4
6770320363
0
52
28
31
45
220
10751101704
6
0
0
10174974437
10740554379
0
10
0
0
1
1
0
1
14709664360
1
0
0
0
76
349311403
17238418027
0
0
0
32
1574681011
3
1617237
3003865444
0
21696439444
0
3
68185273
0
0
0
0
2828076923
3
3
0
0
7
0
0
0
1
16
7578238830
0
49
0
1
15
16698480375
121
0
23
6
19198995596
1023037512
27
2436725
1
6
0
0
0
1
3157948708
35458821
11510323708
6496903615
20172736493
0
7377416685
0
0
54326673
33
0
0
0
197
0
0
1528122318
6
32
15511366740
2906589428
0
0
0
16263571085
0
705192786
6
0
6601507553
2647220386
0
9487057145
0
0
0
11100303754
0
0
0
1
229041260
14353610416
14
0
981407613
588713874
1010620229
1
0
0
6
0
0
0
0
2084874206
1
1
3
568027461
0
182694277
0
0
17609361186
49
0
2057489617
6
14
7798157361
0
5
15399476747
0
0
7
0
0
1
1
14248329035
0
0
278850000
0
16875700591
0
0
1
6019520041
0
0
333952751
0
8
16640526
11706528867
0
10
12213382861
6
0
1064955824
0
889503714
0
10
0
0
15
0
1691416141
9964011937
5218167754
0
6
0
22197038815
0
1
0
3
0
1
0
0
0
5308453547
6445763417
0
3
751066313
5
9
13
0
0
0
0
2755118246
19697004076
19419622182
0
9690165141
0
18903839744
29
4
1
0
21854266674
6398557812
0
0
3
0
0
0
0
1833468635
0
0
6
0
0
1294632673
0
7
0
18988293399
0
0
0
21312918779
1144895662
25
1
0
0
1
13149946664
9
0
1
10947342641
7
0
9810421917
0
12618521678
517630569
0
27
7455722326
3
3
0
5
0
0
0
4730845964
0
0
98
2
0
0
1468992917
1
10
5
0
6
8606354539
17
0
0
0
1
0
1891548728
0
17543972275
0
14
0
66
0
0
4776607034
2
0
1141904632
2
5502197
6
3
6100752289
0
0
3327254530
6082432005
10
0
9343421236
4536786734
0
1
0
0
0
6
25
0
1
16586170694
3
0
1
0
23032539099
0
1
20
9317677980
112330861
7
0
12
16069341817
7809697065
1
16
0
10536686099
2346056492
0
0
1720308461
0
0
0
4743303829
0
0
0
0
0
0
6
674306361
2224013540
19357353688
0
20666837918
0
0
12882211088
0
1
0
0
20119982497
0
0
7190635886
0
0
15035092479
0
0
0
0
11279372884
0
0
5089261860
0
1301465424
3
0
0
152354861
88
1390513637
0
15949485471
3216268139
7
6923198136
0
1
12904023744
0
6
1
3
10643569782
4
1
1
0
26334967
0
0
2
17785430456
2546685511
9975347907
136
2
1
0
0
1
5459229455
0
0
0
0
6954156049
6
3
10554184993
0
13100620028
4538213098
0
326720983
12005528100
0
0
7276060506
0
1
14794772764
9426764822
1
799840845
0
8621661942
0
6
1041542375
13631934753
9752609008
4
14106057881
1632849
0
0
0
63
0
0
2
6
0
0
0
1
3
0
2
0
0
0
10119303846
0
18084046945
0
0
0
26
1555781601
3
0
0
0
4999038449
0
0
39
0
966979818
16
9907118330
8642207823
12946505118
46
2
5
3
4747157002
1
0
0
0
18002610847
13224498527
219501172
7669565105
0
0
6
1
4
2
22
1
0
0
0
0
4353012684
18
0
399585625
0
102
7466233709
412513342
16064781035
0
28837337
41293316
0
0
0
11401052348
6
0
1
3
4464643826
2
3610310556
3
21
329618466
12045075731
775788392
21
1
1
0
0
33
0
0
14636981729
0
34
0
8550336937
4
0
0
16
5393072432
32
0
0
11036874276
0
0
48
0
22161087018
3312859214
532104230
10
150871
3
1563411636
6
0
0
388
0
1200608168
11
0
18963822834
0
0
6693226649
167109889
17742989443
21177627621
0
0
1925550
24
1
0
2133519418
5345117390
1
5
0
0
0
0
1460323880
16
0
0
4
0
0
0
0
9594745069
316455318
1
1
14126133699
1
301369200
0
9
1
0
15355554615
0
0
16656199015
3
12068438856
549532904
3839726157
28024931
1
6015806
0
1
0
7381203527
0
0
15
0
237723800
0
8
0
0
5043158786
0
1
1
0
1
0
0
0
10
3
7667876097
9796833680
0
3
2
18455416935
0
10918311733
0
1
10638310578
0
15
0
2922645248
0
0
15
3912948422
16845971948
1
0
0
0
0
7914526502
1096422181
10
14
0
593144885
11902188018
5798886263
10713148951
0
4951309916
1
3214633651
3687922544
1914815101
0
2519388969
0
46
103646580
6
0
0
0
0
0
0
11200609316
0
80084352
0
7000541654
2
0
0
0
6
0
9965593289
11
3
1
5
2985679122
0
0
10975446818
1
0
15
16
21556414742
7874787470
1941548096
0
9980991115
1
0
0
26
0
21
0
2
0
0
0
1
0
0
1
16
5
0
0
0
0
22480964784
0
0
86
0
0
0
1
0
1197154550
15
9779104054
0
7531932399
1
0
7407706147
1
0
3
0
38
24
2
57571496
15
1
19686618298
3
5464966445
0
0
0
0
0
2158297126
0
331830815
0
66
15
21205007554
4
144989865
28
0
14240095915
0
11374267912
1
0
20
4
485971098
6
0
8189497133
1
286016599
0
0
0
0
1
2505661581
0
1
0
0
549924477
8493203200
5864504976
0
0
0
0
0
0
0
21
3
104
156
0
9
0
19460398339
0
0
137428588
3574406646
6
9536027641
0
6
4
0
0
0
0
0
0
0
0
0
0
116
0
0
3811854512
4176620502
0
1
15521282075
0
2308466078
0
7315653444
0
21596982221
0
0
0
67
1838820575
0
0
12
0
7655816215
0
21
0
1
0
15
1
6
3791506480
5570197400
10768706307
0
6082131047
17355700093
36
0
12
0
0
15101023347
0
0
1
0
1
0
0
1
0
1239672925
4221392453
0
0
0
0
5387598732
0
23
45
0
0
281
65
1
24157371975
0
0
0
0
1
18471936249
0
0
1986748716
0
0
0
0
1
0
2972860072
7213538624
0
0
0
1
0
0
0
10
0
836102198
1042785857
769958
0
9230280089
3561484
1
0
0
368144551
12472777628
0
2
3851445605
19948547060
5547938717
2081130216
1
4
15
0
0
0
0
16903515632
0
757095394
0
20721992660
20463906019
8266857312
0
9
9
21
6020341839
12
0
11315137612
0
0
3024678
14581489
0
48
0
22
0
0
1285732931
665114901
0
6
1
17235577463
6
0
0
1
0
0
0
1766304687
22
2190701196
37
0
0
21
0
0
0
15
0
0
2141645675
3711077287
11273288650
0
2
9753430591
0
1
1
1
0
41
0
1
1095071063
159930233
55
1
8577268702
24166
7417554993
1
0
0
0
0
2842555420
0
2
0
0
1
0
10
0
12
13033196421
15695422105
0
1
13020561720
15
16260161364
1
3361812888
0
6
1433028462
10301838584
0
0
0
0
39
13202712781
7
5767389996
0
0
14559443540
0
1261381355
18579391508
6277819259
0
0
0
0
2112638345
6
6
5771422379
1162233689
3
0
1
13792766604
0
1
2087452209
0
32
0
0
0
1796500806
71
1
6
3
6
0
1
0
12605982049
7
0
1
23413596340
0
6
0
0
1453231542
10
0
150417715
0
7237324353
1
3544888585
0
0
4
1253225191
0
3
1328097834
21
1
21
2
1
0
0
0
2
0
3
0
0
18883171172
1787225464
0
0
1
0
113168210
1
13600454776
10
0
254787849
0
414497399
0
21
1
0
0
9
0
0
1
0
3
17969959059
0
16890022619
185647724
1
1580369615
0
15
1799319692
1
0
1
0
0
5590732507
11057822453
0
0
5215333815
4
0
3
2953391240
0
15316376383
10652877168
0
13441896244
0
0
1
1
2
2
6404766031
1350642721
0
1
5
1
2
6
241031894
0
1
656103237
9
0
0
3
0
5
0
15
283795209
1
1
1
1
0
4007973931
0
3373909162
5
16634516599
7
487300746
0
3
0
0
16838032966
2
0
140457159
14
1551054663
6
0
0
10
4
1
191
40
5
0
0
15091459
8610841916
3258986987
2
0
0
20797311475
1450582388
16521240717
0
0
15
6
0
4721238587
0
0
0
12737667402
3
1
1
0
0
6
10446622731
0
0
0
14746041149
0
0
15
0
18473028673
0
0
0
3
11
0
8
1570083026
16931694028
209
0
0
0
10017603114
1
1
0
42
3
755767319
0
0
0
0
0
314395678
47
25931557
0
5
0
1
1420827533
0
0
0
0
0
0
3
0
10
0
0
0
3
0
0
38
11081086731
3
3753353644
3142824236
0
1
0
18371222408
0
0
1
0
4964366251
5646367144
799438364
0
3
10287199856
3
2396791833
14777338491
2
3691508071
0
1
0
0
0
6
1
1
6161691659
0
0
0
12891692238
13849859771
0
3233944067
0
1753333014
1
1419194825
0
1
6
0
3007804903
0
0
0
1002836643
5872816378
19477462066
0
16520753222
0
0
879573167
3
0
8
0
0
3
287408028
23
0
0
15352548788
0
1748614389
0
0
0
0
0
0
4881318998
7
1
6
35954008
0
3
1084077730
0
0
2
28
6679950933
0
0
0
6070159218
2
3143914729
799376202
1
1
0
4021527198
22690766301
3
0
0
3
1
0
7
2082016754
0
0
6
0
0
0
0
2
436354452
11425295080
22107491895
21466990390
1
1
0
0
1
0
18414809
0
13666370102
0
5540762948
304450359
5063773559
0
0
3250922196
2
0
0
5
13635834726
0
0
1
0
19527389786
0
0
5
0
1
10
5
0
4226415396
9
1
13046431400
1689242042
0
0
3559977870
0
9559931187
0
0
15551668521
0
0
1
67
1
0
87
51
0
15965205253
16453919836
0
10469593072
0
0
3
0
12933877887
0
0
0
0
3
0
12
1
3364854472
1
9241591951
0
0
0
0
0
0
60081294
3818397269
5374373055
0
1
0
39
755250819
0
4467128530
0
334097293
0
3
15
21
21250478379
0
11036488932
1
7
0
0
0
0
1
0
0
10
0
0
3
0
0
3
0
64571429
0
0
0
1
6768275569
249786806
1
4
2669665429
107890448
2894879977
0
15068303539
6
1
3
0
0
1695042621
1949756693
8081305703
0
0
0
0
3693670127
0
0
0
0
16219383038
0
0
0
0
205364895
0
0
10
12041401434
12
0
0
3
0
0
452570788
12
0
5
11
21284145297
4712913135
701501881
1288517117
1
0
11
0
2241688128
16477173790
0
3
0
0
27
316958345
0
2734841595
56035433
0
70
12311513205
6
0
28042931
12
18942329979
0
0
0
0
20553646
0
17
11
0
17
0
16539036433
0
8316688044
18
0
22
0
25
0
0
1
1
0
2
0
6
0
378336695
0
17886320861
14250889228
19
1
14
0
0
93380044
3
6
18015763658
0
0
9397620965
1
0
0
0
0
852191990
37186540
51
0
15872270115
0
0
0
8
22293065
1938955683
1
1172175637
10716368703
0
0
3562227687
1
10
0
2427754162
0
3
0
22656514279
6
0
0
0
0
411893062
7660558309
19354319657
13
5
0
0
172095119
15239139396
8931044922
0
14
4
15
1
20518789848
0
0
0
12474550030
0
22099669487
0
13
0
0
11954533883
1208453286
0
2135456128
0
0
0
0
22937646061
2
3
9162775000
0
0
0
0
0
1113695
20262586079
0
6
3684893370
1
3
0
0
12190080582
9886175389
962520546
8870210278
0
3
0
0
0
1
0
0
0
0
0
0
37
7972824875
0
8876008599
1999905417
67
2611375167
10699519594
8557123826
16223116086
25
41
7
1
3
75
0
0
0
0
1
89313896
0
0
1
0
0
0
20622789464
12
0
2
0
2388118
0
0
3
0
0
0
14263732392
6851437960
1328871151
2451631295
4
1
7
0
1
37
25
1
3590903186
25
0
0
1783425241
304108752
0
56
56
3
9
3
36305982
0
36
0
0
0
0
15
0
0
0
0
0
13756473193
0
120
12283053909
0
0
543418736
0
3
260
0
0
41794423
1
3054071404
0
0
0
17028333870
0
0
42522187
3087730318
339891632
0
0
1859485732
21
0
12
1
20088848971
1
0
21
1
8213686198
0
0
15702158137
2
1
1
0
0
1
0
0
2
0
0
0
0
0
8683348177
0
3
294659018
0
1
18470789165
0
0
0
3616215998
12244403111
41
1
0
0
0
15
0
0
0
0
1155768168
1
15123763708
36
0
0
0
17827050964
9
1
6
0
0
1
5887607725
0
0
0
0
0
0
17630932868
9683451620
0
0
0
1778738109
7
0
1
0
0
3
2366455829
0
6074350768
9573439240
0
17537721988
3308751287
16954229111
3
0
0
1818966237
0
13278917159
0
6
0
0
11
0
12
0
0
0
0
0
99485438
16277051440
0
0
0
0
2813242295
0
2
11856215398
0
0
18711586442
2022250240
42
6
3352883422
77482948
19
0
0
0
16
21
0
10
0
1
1
6602807332
3
14585061272
0
2884498141
8
21914967643
0
11
22
0
0
0
60
0
0
0
0
2243184222
12456796946
0
3949911802
0
1
0
0
6051352973
204093533
0
18101133697
6894512444
8
0
223785238
1
0
2
21721592309
4
0
0
1
0
292147042
38
0
1
0
0
7401744698
92356189
135
0
15731208471
2750737330
15950817193
4575986919
11
2156927675
17688663931
18785538285
0
0
0
7
5192777609
1
14
12
1
0
17046678860
32
0
12537770044
8560961222
183998
0
5921583321
10
98
6
1
0
1202608641
7295733737
0
0
4
69
1
20318576394
0
3
5383217373
1514401917
823483796
14830730749
1
10
0
0
12935322938
7
10
0
0
18400371515
6
0
1
18835565696
0
0
0
0
8
0
1
20202600103
0
129763260
0
15
20
0
0
0
0
9
0
0
3274207735
5
0
0
16222918838
1
0
7254835154
10
16
4823045893
0
31552
1
0
20970861370
0
0
6
6810769994
5
232546836
6285581248
0
7224808076
0
0
4
0
0
0
1268671338
1
3
3
0
772215541
0
8038620
0
88616547
15
685868386
1061058693
19776120443
0
78
458437349
10
0
7259137651
0
0
0
0
6
1766004253
6794757443
13768757144
1
2
6572549509
19193558038
1
26124590
1
0
0
14340993370
2
0
10
0
0
0
2
11282708672
0
1
14329453145
0
63167627
0
0
1568540865
6809401800
0
54
0
1
18450152899
3
0
0
0
0
1431125599
8
10
599255003
795911609
9650504077
0
0
22852411007
15
9254191992
0
0
719857811
6783290132
1
16655808789
0
0
0
0
0
0
0
1
0
7749406373
33
0
0
14108104287
867167116
0
1
8
0
0
19
0
0
17633571136
4016778347
15
3640004082
0
0
0
6
4562955367
0
0
8931189620
703328952
19507862423
0
4
0
26919494
0
1
0
1
0
0
0
5030261030
13447508792
0
16321626402
8779918270
1
12166932756
0
1
14439509689
16055470174
9439375644
0
1
0
6
1
22104396808
0
0
14364727408
13194741862
0
1685306492
155923740
10
23830146519
0
0
695358640
0
0
0
8
812403560
0
0
0
0
0
9
21
6566166110
9577711627
0
0
1
98
0
0
5351354807
0
0
0
0
0
16631075272
0
1
7
0
1
15
0
2255137324
6
0
1
0
0
0
2
1384903872
0
0
12
1029545550
64
0
0
0
12347317477
0
7
0
5427041614
0
0
48
0
0
3
0
21787588227
4
55
9308960745
0
3
0
241
0
0
0
0
0
0
4
18
8
0
13168393523
13057181239
6957823497
17024584087
1278738288
3
7636529796
0
0
7351471460
0
2074348690
1
0
0
0
1
0
21
17313583671
7
0
0
2369678456
6
0
0
2812038273
0
3
13
0
178
0
16
0
0
0
56
0
2
3
15964932662
3562322764
1
0
16420783439
0
13668737324
35
0
2
0
0
5
367
4927871360
6
0
0
10
0
4
18062863345
0
0
16
1
0
1
1
0
18124298191
707875381
0
0
1
1
1
0
0
0
3
0
0
9480916010
0
0
10
0
3
0
0
0
0
0
5831886884
791197
15
20
1094208326
1
2
21
1
1479584736
6
0
0
0
4
2
0
0
0
0
2
20
1
167386578
0
5461045306
0
0
0
0
19259923477
16
0
6
0
989289762
1
1
6
0
106
3
22369280281
0
5603868670
5
2551762524
0
3679944198
1
0
0
0
19285842524
4
6
5482763749
0
7
8852311184
2265708187
499008877
14021046448
0
0
1
1478761891
10
10
1
1
3439877117
4711555707
0
0
2101470899
413012658
0
13547479575
0
1
0
6
0
10795751780
0
19653468671
0
10
4989436172
38
0
20
3655343061
0
0
11577832171
21763655314
0
0
13888425295
0
0
0
2
0
0
123
0
0
7237122403
84676699
0
1
0
0
0
8929618
0
55
23
1
25
0
0
1185200899
0
1
3
0
0
6696964504
2
20808118268
1
19
0
0
1
0
15634850180
0
2912861282
1366259641
0
0
12
0
17625532503
13117021447
1
18
0
15145532094
78828965
0
0
0
3
0
31052500
0
0
0
16822162536
6
46
0
1113657783
0
1
0
440593910
0
0
0
0
0
9
2889580
1
0
0
0
0
0
0
0
0
0
12
10384199819
3
4039265003
32
0
0
10103472827
0
0
18383607492
12404455143
5146224026
0
62536681
17678784993
10
0
2094258604
0
0
6501084591
5635191004
0
0
2
3048444108
3
0
17173236649
3
0
0
18746409977
6
1
7746593448
14
0
13070310683
18290108714
0
3
2
0
0
0
3074826057
17
0
3
0
0
4036727558
0
23
0
5
0
277441904
2
6
3
8
0
13
4023984456
0
0
1
4722684555
117832713
0
27982927
9
0
0
0
15355924504
0
10876027755
0
0
1
0
6420041928
2
0
0
0
1424054193
0
9494945426
0
3535704593
0
22106422193
0
0
0
0
0
0
18
4830958475
4
1
1
1
29
3367972117
0
7709266986
0
0
91192872
0
0
0
0
12116333691
0
1889594139
10
1345939705
0
0
9689213021
12046640812
0
7
10
149
0
1036845739
0
3
7
0
0
6
8351056896
6
19903815140
14
2651726706
0
20376010034
25
710839106
0
2118574308
0
5114103076
12
0
2
0
6
1
19516445883
0
3
23925160580
1093675456
3
11372030214
3
19075945286
815657176
3012199981
0
20908708038
0
14
17403700944
33
0
1
12
0
5
0
3
0
0
29
225796175
0
0
0
60154918
0
23598925166
0
6285659421
0
0
71018042
18362913498
6
1885290551
0
1
11785364264
0
6456449016
0
2
1
0
2
0
1
105422748
0
3
286195692
9
22547283536
0
970199846
100
16226376853
3402691818
0
0
0
0
0
0
2559535675
2661708309
18371495785
24
7154696911
0
0
0
2999423422
3
0
739559639
0
0
8
195822725
30
1
2132345514
0
1
9853531884
31
6
4758545871
0
4226308428
0
1
0
8447316005
1
3
12003595490
0
0
0
0
2
0
14859619901
0
0
10
2235672898
0
12222873224
1953413206
0
0
1
0
0
6
0
5184116842
15
0
846577342
1
1
2
15
143
15
0
3
6
10
0
5
0
0
0
0
47
0
0
521929690
0
995513800
4037793367
0
16446870014
15735213542
5933056046
122011318
48796892
1
784809309
1198188217
11
19428118702
1
1
0
67453941
0
0
1
21
0
21
0
0
0
0
13939122698
0
0
1
157
2997894273
9
0
0
18709805320
1
3
1159727977
0
0
0
5
924926792
0
7620686033
0
1
1
16458430256
0
1
0
0
0
0
3
0
3
0
0
0
2400716400
0
9785257868
0
0
13177666564
0
0
761352716
11
32021042
6
0
19
17
0
0
1
0
0
69
39
13585306163
536730332
0
979863042
829418538
15
0
8335825045
3
0
0
0
0
0
778350603
0
0
20719031021
5996197317
0
0
0
4
275725819
11967361660
1367350560
0
5
33112976
23
0
0
1
11839203
21270090309
11
0
770
0
15323813900
0
0
1
6
6036629990
5
6456433718
1468950601
1
1
0
624291332
4
1540359961
45
0
3
5
786575076
8603254673
4934494575
9
36
0
0
0
0
0
21182915756
0
0
1
0
3
1
0
1
12736247568
4028265364
51950390
2
0
0
27
0
896787009
9230300316
0
51
5308461839
53119492
0
0
94571
2
2094269195
0
6
19604984682
0
1
0
0
3
0
0
0
6
46
0
0
0
0
2257244691
412756996
0
21
21276688912
77
0
0
0
1458829702
0
0
16698133805
11507918730
7515281228
0
0
29
5540844770
0
1101180413
15918061133
19197337991
8
12
0
0
0
3
0
52929868
0
13881318764
0
0
0
0
4628793395
5865648603
3808067442
0
38
2383740721
0
1268176145
155
0
1
0
0
0
4117663061
7
0
6
9349786948
2164417344
0
0
0
22897176013
10535972388
0
9010174868
0
1
0
0
4
187662097
1570655816
0
0
0
2243534400
0
0
0
0
0
12961996806
538652830
91168484
7
0
2415204417
5256009876
22331366802
28
8864571845
2902814455
18461803445
0
0
1
19753876364
12
5
3
0
1
1
0
1
0
4
5
10717259298
0
0
0
4888149131
11
0
4
0
18436132829
0
7976546568
0
68
0
0
5
3
0
18765762746
0
0
0
0
1
10
0
0
0
6228242019
0
3
8
16650081795
1
111038
5365895855
17784960216
202417220
12618250608
0
0
0
3
0
8578672116
18
0
3
2
4
1
1
10
0
0
612140088
0
9281540898
21
6
0
16
0
504662068
0
36
0
4
92
10
9147175250
0
6
902575924
0
0
33616349
9
1730627543
3
8
0
5357224891
0
0
17580392683
296254253
1
0
4
6425677191
20421182552
3
0
285727452
9813706
1138640583
0
1
3
0
1
1
0
221
215895369
18734839234
0
0
1
0
132530805
0
0
1
0
0
0
0
2555200778
253487709
0
11796927615
0
0
1
11357235198
0
1025796134
0
0
0
1870062271
37
8732078635
4
1
0
4
10824309646
8167464263
0
0
14259008976
0
2080270392
49
9699548799
1
3645565790
21121678255
0
0
0
0
4279473337
76
1
0
0
0
0
0
0
11695221962
0
6608939428
0
5
0
1
1
16326426584
0
0
0
19
418844203
0
1
17857145624
18483900065
18428450542
0
3
0
0
2301629484
0
0
0
22491250456
3176663447
0
0
16790815699
3
0
0
3840472150
9530643681
0
0
4
15826163283
2531827207
0
1
1583374271
6132394
11264299759
11447474259
15
1
0
1
238132845
8
1
1
1
9271208706
7499353419
3
0
0
0
0
101710877
153739924
0
0
0
0
0
9722505724
9
2
17
6354784699
2
0
8
0
1
20964590719
0
0
0
15
270210877
928849669
0
7268268508
10
1
0
2467754810
0
0
0
6
1
0
5415955292
7
4726569150
0
0
12352115773
19
8428613695
3
1
0
20179618141
0
3
4669930421
4366831484
29
0
163424039
9937137542
294
1
65
0
7526039238
6
0
3
0
1
15925060752
0
0
6990766254
0
0
0
5398049513
36
7599292428
8
0
1
15
0
0
0
0
13764173283
0
0
0
3
0
0
0
0
13526042779
13269682635
11167260720
7822590538
21177647220
0
0
0
2626774351
0
80
0
12
108
10
0
1
5710822237
0
0
0
0
0
22889158785
0
11654228603
10
74
5
0
5078032299
1
21662386444
0
15
0
0
2
6
179
0
0
5
0
0
1
7867524961
0
1745825508
9509415430
11165178304
10
0
2809282959
0
1
0
0
1
1
10
2
0
6943456556
0
3
0
5
12608181188
1
7
1455847716
0
761791850
0
0
113506139
0
22909934396
1920210297
8307788689
1
1558367501
0
21
0
0
2409061721
8248564788
8698042469
0
4
8362842674
0
2659436142
2946356968
1
0
0
2043303112
1
0
7
3
1
0
0
5
9753168464
1
28
9204493027
3107482189
0
0
61
3927258980
20798190678
1
7377540477
0
3
0
1
0
5075176594
0
0
1
0
560936270
0
0
2648838646
0
5268677
1
4123086825
0
0
0
0
5125264
3685673903
0
6076998444
0
0
19916993344
0
12374143982
30
6
19640148577
0
0
0
0
6518892702
20032342181
7615753402
6
1
1
0
5266634370
0
1257355341
1
0
0
0
0
0
0
4097016185
37
2464890892
826801769
5582661781
3
3429900210
0
13816460882
0
0
11084932876
2973521800
21285172816
2331399712
0
765080868
1
0
0
6
1
0
1
2503199225
3
3593686486
0
5
0
0
20265095700
0
0
0
353496525
4
3104458024
0
2036840033
9892856002
0
101967871
0
16860408178
0
0
0
1906918622
373163129
0
82108366
3
1170493390
0
23
0
0
21
0
2848728228
0
9430625995
12492007527
13930165174
1
3844777134
12810193947
0
3
0
0
0
0
0
108938472
23472322339
0
9472355628
1
15
0
657188293
1
11165300330
0
13
10
0
6
10
0
0
767887378
7514609526
230
18924327658
0
3
0
726143986
0
1
0
0
4425095585
0
0
42655995
4027889
0
849901399
669142529
42
0
1793945879
28
1
0
3099448883
6270922534
27505217
0
3
12
0
12743371893
4476742919
0
247171139
13977645788
0
0
47
14
5213347227
0
168
12856069878
1719959185
475886473
7
6
15632211078
0
1347960084
0
0
0
0
0
6976940483
0
0
54482220
109
0
0
21
33
0
1
17607305455
0
13137792973
20
0
3746223757
6897623791
0
3256871726
17275100837
4887249757
76660211
0
2980166214
0
0
0
0
17190682277
0
10424413408
1
0
0
0
0
4
17446691546
16402308076
0
41
1
0
0
0
0
0
3061113761
0
0
1
1
1
0
18049849798
1
0
24
0
2
765077102
0
0
0
15787869220
0
0
0
5912917467
21791393592
0
1131134945
3
0
401236692
28
0
0
1
3739634380
0
0
0
0
14275432747
0
14766331133
0
0
4
1243937681
0
0
0
0
0
6
0
0
0
1
6
0
0
9868377058
6556
1
9
22
11795717982
0
0
0
0
0
0
0
0
3
15
3
320619720
0
0
1
107549902
0
6
6
0
13861943175
0
9105849936
23060601270
16661067671
3
348059871
0
1
0
2
644638748
0
13546765834
0
55
270586792
421593717
0
4521603374
1
0
0
0
0
0
0
3918593703
47
24
2
0
0
16187888735
95
0
1
0
21
32
1067116060
48
1
0
3
0
0
5
0
22
18534234429
0
2663837783
19527849842
778151932
338098992
0
0
0
0
0
3
0
0
1
10318863763
0
0
1
941600899
1568520947
0
5
0
2
11133851404
0
0
2563987761
2500486643
2
1
0
1
6
0
0
0
23209010352
0
40
10
0
15607194869
5
0
0
9297203273
6
0
12425927123
8763254159
0
0
4431946062
157
2
22375659666
0
18657099884
0
46
0
0
0
0
0
0
1
11
2
6819272213
3
0
0
3
1
431340033
0
15
0
0
0
3
1464026772
5459887420
0
16074957439
2
0
0
0
663029452
0
8278215805
0
187987271
0
0
1
125489989
17
28
0
0
66
0
18889305221
0
12259539621
312
9687495827
9512842791
0
16262397206
0
32498
0
0
1
2
0
0
160103822
0
14
1
4560968547
55965992
6
0
6160897653
0
3
0
11
0
8172156538
9
80
13348909879
7946506415
1136378400
0
0
3194305890
1151360567
3
0
0
0
113718665
2626023509
0
544670540
1
181
0
15
146762525
16974909192
1143196443
0
0
0
0
2677721401
13871033
0
17059268039
0
5
4800879491
881460771
0
0
0
0
12
1
0
1
0
4225614067
0
521833652
1
0
0
1
4
605893804
19997916038
9076485107
0
7
7797450451
1
0
0
2937865277
0
90297786
0
1207243681
23
21595507129
5806978
0
1
16664106978
694252304
4
0
1
1
0
0
1015467754
0
1
1
19688414497
358643356
21
0
1
1068300576
1
9
0
2105898594
8
114978860
0
158
3
0
0
0
3
0
3316823464
548303790
6
17
9694817734
0
1
14975198342
20966705881
1
5
10
92
0
0
1
0
0
11913446037
0
3
0
0
0
0
1655963027
19
1
3
0
0
5483942366
19
13
3499371714
0
1
10950071592
0
30048413
0
0
0
0
95458793
0
3508927221
503804451
0
0
2263561878
4019461543
1491109448
0
1473635446
0
0
10
1
15772023585
21
0
0
8090851598
10698175043
0
0
1950873537
6911085139
0
1
3
0
0
15271460503
0
4619916028
1047602164
293912591
1
7
45
16699237380
13242424095
0
6
0
4576218173
776393570
60
0
801626502
1
1
0
0
0
58207501
0
0
0
0
0
0
0
18170883152
0
13
3634675693
1172908098
4341589093
0
9625147546
5
27
0
4
5346745343
19459616525
0
0
0
1076254564
0
19914752187
0
3
0
7348386522
0
0
0
3
4
99
0
0
0
0
4236066982
7
21129610649
136
0
0
4547215034
21019590964
58487976
0
1753821290
580235473
0
8537445675
66
1
553401929
7698432653
0
2
0
15587702813
0
0
11
6163811540
0
18
0
11003901673
1
0
3
0
6
0
14
7855703490
0
2
0
0
6
1
11
5
14390393617
0
0
22969848917
1
0
22130896754
21434988595
4172958991
12625403933
0
0
5088886287
12
0
2
32
0
2
0
0
7
0
0
0
0
7
2830804162
2
3819640437
0
0
7364646299
7
13848136149
0
28
0
41478247
405401732
1277785433
413867858
0
0
0
0
0
6739574650
3
15101398687
69
8642471229
7608576929
72482560
22
0
0
0
12489966193
0
0
523028499
21347589310
13550467835
0
0
0
2
4323043867
3
1
0
0
20890164
1
0
4089721
0
14147892716
0
10
39
0
1
4282807123
1625903354
6536432391
0
0
10428033018
47261409
57267162
1
0
0
0
20996173614
3
2
0
17248090123
20491614291
0
6
0
0
885860601
5641801049
36
0
0
0
1
0
0
10902662146
2220971467
0
5647072878
0
9
0
6067475541
0
6
6633575929
6
13952701371
3
22709358375
2
0
366479336
9
0
0
6
1576129947
0
1
0
0
1650058576
1
0
0
0
10435688380
55
1
0
1
0
0
29
260
13181141112
1
3
20369764416
203200092
3
0
5
0
60
14807518140
0
2
19466217167
0
15
28
0
1
9327031396
1
0
0
13754150035
17838582454
5400546578
3
11242277366
73
20765578610
1587647722
17325843507
0
1
0
3
1074420169
0
0
0
0
0
0
0
7
0
0
0
14630778902
0
0
15
0
0
5295811537
1681727799
1095203921
20233793975
0
1
6171170613
14629720554
6
0
1
0
0
19
5591801305
0
7
3031093658
0
1
1
0
0
9
10791047665
0
224
12
0
0
0
11320263741
0
0
2026279483
3
0
3838872124
11158569930
0
2
103
8
43
1
0
6
2072599418
0
0
0
0
4
1
0
6
0
18
1
0
0
7864546565
0
0
0
1
0
1290138865
0
0
6
6
3956092342
557
0
451093401
3
0
0
1
0
5
18243740917
0
0
994893949
16166249391
2727005282
3
92195027
1
167
49
6205805668
2637551242
3641462901
12226201364
57
3
0
0
3
3954050867
0
0
1
21
18001108588
0
1
594328647
0
441424892
0
4898648176
7894458893
142641957
0
0
0
13
3226902756
1
26
3120584775
0
0
8839572672
21411357372
3
20983674901
1
2
0
0
0
0
0
0
1492594098
0
11
3
0
0
0
0
0
1290330712
556472179
1
0
8055980
30
6
4407908069
0
0
0
0
0
7
20
11963742592
0
11777612510
0
0
9395798625
11461366165
0
0
0
1905067976
0
4701641265
80
2282580197
0
10334812746
6762512154
21
2
0
6740502850
2
13
0
1
442694949
0
0
0
2330681666
206179196
0
0
7423335690
15
3
0
0
8109594289
0
1
6
1
0
3
0
6244412383
2690486467
10
611897629
0
1
10777464
0
0
4038361263
7
9956096207
0
3
4
13515975510
0
2486500901
0
4987960186
0
1
7776375021
4
1
0
1
0
0
15714440110
0
3
5558030314
3068956759
3
34
0
1
3711244918
1
1
1
63
0
0
8241548196
0
0
3
0
0
10
18768317993
1
6
0
3
41
12
0
2022731949
5867776225
187996841
5783587963
0
7087367191
1
355442640
10114481462
0
0
0
0
1
0
3675825051
0
0
5515057519
2
14356241838
0
253077639
850589270
40603025
0
0
0
0
0
3
11
12904258462
21
0
5
0
6
0
0
15316184992
21658801550
1
25570211
0
16681467438
16365277855
0
3698810483
3
767001543
41
2557190337
7379733
6
0
0
0
27
0
0
1687979517
0
3
0
0
58
0
2163548133
0
2
3575994023
1
0
54
309395
10796876117
4564612763
21
6
0
2
1644449276
3194071185
23
0
0
1
0
0
0
307
98
0
16247327889
0
1
465258501
115
2604140099
4622749225
0
0
5282000715
0
10236887957
0
0
16112303210
61
12412176035
0
434
0
2
14786218264
61
14370585901
1090620816
34
0
0
3
2979398938
0
27
0
0
154
49
20777867395
17
0
3
0
0
6
0
3
66
9083102344
13914891125
6761482419
1
601814417
0
0
0
0
148
0
1
0
1
1
0
0
0
3
0
6
0
0
3
3
19278870977
327251911
17160002375
3
7
14063647706
18140025452
3
8
0
14965472388
2
22202033888
0
0
0
37
0
9
3
2
0
32
0
2
1
0
1
40
3
0
0
0
4
4615518031
14
1
5
0
1
28
0
0
0
5329850300
13886636814
0
560615924
0
2482187190
15
1723586040
35
5
103028220
0
11566434864
0
5
0
14
0
12518922667
12567035643
6581086671
0
0
0
0
0
0
0
22
2473513078
20233434388
0
0
0
2055515598
0
1
0
17729291
1242610890
202957122
0
0
20142381840
19761936493
0
5748120836
1173252267
0
0
0
0
1
1
315
12406273149
0
12
0
5237654406
1643865401
7345606282
0
0
1
0
53
10
141
0
7161506175
8142325212
499536405
0
1
52
0
0
6721066362
0
27
11653524926
8066454184
3
0
0
0
0
0
4
4
17
5298080894
0
46
8
0
10816268727
0
0
14079776171
0
0
96
10
0
0
0
0
0
6386167763
2878907883
9030366552
0
11093235165
4981444223
0
10
11
1
0
536803715
272534
0
0
21
1
0
19108299034
0
280124903
0
10334034116
0
0
1125260328
46
0
7374088743
12
0
0
211
0
0
0
0
0
0
0
0
0
0
0
0
9657737124
0
2292215048
0
0
0
0
13249002673
0
0
0
2
0
0
0
0
3
2235496488
1913227658
0
6
0
0
0
0
0
0
0
0
6
0
0
5327173350
10736438322
12056943233
0
0
0
1
0
0
0
0
1
3283295703
0
0
0
0
20067036694
68
0
11039568506
7111195374
15600680652
396601
0
10035457167
0
18747077605
11430508
898218467
2
1
0
0
0
16318651
6
0
14078530510
11447025671
0
22
0
2
0
0
0
5078180013
10905822580
0
1
1
2559528139
0
1381027362
0
18
0
1
0
2
0
3
2958283869
0
1
22770754966
0
3
0
227302911
0
56
1989194988
0
1
0
0
0
0
0
4979153
6
3684292417
0
0
6914444580
0
0
0
21
0
1
11
0
7028599654
0
12603566174
16
5158623506
6
6
0
0
0
0
8350789413
0
0
29
0
0
0
0
0
6
128945839
1997497408
0
0
0
19111661651
0
2
3
0
0
14100072267
0
0
8703219435
58
0
18169158453
0
3
1
12123832806
2
2474994918
0
0
1
3102962875
15894537296
0
8
12345596614
248298202
0
21552639088
0
0
331
2
4520268304
0
6518305708
1365291026
20094254180
0
6629953205
16118646205
0
229698976
17
0
0
14306705731
0
0
0
11
44547
0
3
3
7
1
0
0
23610420
0
0
23601751
12
0
1
0
17209642561
0
9464690624
26
0
20
0
0
0
0
0
0
0
2
0
55
10
0
17653346011
0
0
8171479429
499209286
0
0
3
0
0
45
0
0
0
1
0
1329282138
12
0
18
0
6
6305847933
0
3
9742304891
0
10333642361
111559951
0
0
20472859858
0
2860802082
0
5175808838
0
0
788510327
6838697246
0
0
7
1105447705
139
0
16269919594
9093141005
787788643
2
0
12182958688
5274795351
6
1768293658
0
286
11961857452
0
1
0
68
2847814839
0
6
11
0
17
18
1968629
0
1838377725
15545467346
0
0
0
0
0
14797624
0
18
0
9226799175
2536765116
1
2
7416512682
4906897530
13700221229
6990281922
0
15040999349
0
0
1
0
2942880363
1402447636
3
12474415689
0
0
1
0
1
1362539135
10
0
0
0
0
14487733927
4055434577
0
1
313599006
2588210151
0
0
8
2771120531
7554504237
1721745375
10
57
3280014837
1
6
11477060754
0
0
6
15
0
0
0
2
21022303936
2135721091
0
0
6243505858
7
29
0
105470939
10477628675
1
59
0
0
0
0
8
0
21
45
0
3
0
11
10770013590
17491336367
0
4493554489
0
1
0
3
0
0
1
2565874137
0
10321365207
0
5099367892
0
0
4414451541
0
0
3027152459
0
0
1
0
0
37
776846042
0
2
0
1
15
6
60
0
2
0
0
6
0
0
7192729367
1
0
5189234417
42808881
9109370130
0
0
153546745
0
0
3504908727
89325416
0
1
0
3
0
2526323450
0
6
16458328045
0
0
0
0
1
10443666117
0
10981568642
0
5370674043
16429510164
0
0
1
0
3
0
686991448
37
1
0
42
0
1
0
72
34
1
11122213575
0
0
0
12592098
0
7
22749
18153559126
1
3
10
3
1
1246183621
0
0
0
0
0
3
7071127432
8176120584
0
2407010055
3
0
6
0
16092122697
0
2355964453
0
0
22662481676
1867005686
0
9786644226
1
3
0
217
3
1
0
2761406496
0
94
24
0
0
0
0
2688234967
30
1
0
22
1
1252286214
0
9659721785
0
0
0
6206743622
18495270886
0
15
0
0
15
72527052
0
9
0
11
1
30
21149780896
14285889446
21
166
1262479982
0
12905495139
0
3154404898
0
5290736687
0
0
2
0
4
6
0
0
0
5235453293
1
0
52
0
8544979061
0
43
0
6907770700
0
0
6512446097
0
0
23243970313
0
13338235816
0
1
0
0
0
959552925
0
812155365
0
0
0
41
0
4150278916
1
0
13136294459
7135624
14242749283
0
0
0
34
2
8775251262
0
2252304134
15343551068
0
1
348832384
0
0
5644996647
0
0
37
21
0
3
0
6
1
0
10
11435023885
3
10
0
0
12
0
0
0
1
0
0
14670057351
6
37
1
0
13122412147
0
0
0
18
7475761877
7692112748
0
103
56557682
2
322
0
0
4685518761
0
10
0
60
0
0
1
0
3
0
10101648994
0
3
0
0
0
3
0
0
0
18365573403
5177343456
0
2270877109
1
0
19068683942
0
0
0
10260474700
20
23273829015
0
15555983102
0
2
2
0
0
6
0
0
1
0
0
4356897467
0
2834794433
0
1
0
3
0
0
0
15424403643
0
0
1
2382711459
0
0
17979544372
0
16
3196418562
0
0
14
82014823
0
0
11834106250
0
0
0
2
3773910962
0
0
0
14
22216504606
0
1
2
1
1
1
17796462966
22
1
6499955058
0
0
0
0
10567661530
0
0
82
14052372173
0
6898987373
1
0
5277125231
0
0
3
6
0
3
0
1
9918045072
16017787400
16237382945
0
68
13
0
1438294616
10651405273
0
12
7
0
33068072
3
10151124894
0
0
0
0
0
26636495
1
0
0
0
0
51
0
0
0
0
0
0
20672496192
4
1859024517
0
0
493130824
0
0
3416219891
119
2412687129
0
5
1
53883598
0
0
3592685
9586449144
0
1
0
15313617697
22969448
13360181727
0
521464947
0
0
0
0
3
0
0
8338976251
5
23
19364742369
4703048583
0
3
9986446997
0
0
0
10
17990662153
0
11154315017
0
0
2913175267
0
6
0
3737385602
0
0
71
46
1
8
13058710370
15650680491
1
0
999905935
8
6
0
0
0
0
6
0
91
4489899990
0
0
0
0
0
0
7
15
0
0
5858823825
31
0
0
19156649621
24112
1
2283700343
0
1169037892
0
14309524619
0
0
9
0
0
0
11
0
0
2
168095782
3
0
0
4356203900
0
12
0
10016247048
0
0
0
6
0
89
9196423255
0
0
0
149093826
4509252
0
2485074406
0
0
0
0
3
0
0
20
18
12
0
0
0
6391064303
4
0
602838535
0
2170691029
6
0
4
1
0
0
0
709401956
716348330
0
0
0
5
0
1
0
19
985654360
0
0
3960210468
1
196027211
1
0
0
1
0
0
5151435759
0
9833993417
0
0
0
9459490039
0
0
3
980632072
0
4
0
1233084617
0
16
7209847354
252103846
0
0
14861294352
5201196656
16882706641
2333302572
27683328
1
277483875
0
0
0
0
20828724798
4299927283
0
0
0
0
3367514336
184943936
0
2
1316533797
0
0
7
13607187195
0
8443366405
6878690018
92
4362859469
2070702577
0
33142775
25453624
3
6
0
0
0
0
0
15095280215
0
21123101040
5537997296
2556238427
0
0
0
646752583
17886302328
18
12228734386
0
0
0
2645797
3
19
9494095166
1524790994
6
0
0
12694740096
0
4085834890
2
637800743
3
15
2
10
16699522462
0
327392709
0
0
0
0
967246526
4
2
6
0
3021231171
22803454581
259968791
0
20025020489
8371806205
2356851
12669305465
1
4
0
4884898742
8588691810
0
0
6
0
556664034
267215423
7
0
14878253784
3
0
0
0
0
11
122
0
18
0
2136553744
0
0
17536251097
0
22672199415
0
3
25
0
1
7491564121
0
0
0
68
0
15618050239
6
14541464788
3
5
3
6
0
3
6
0
1
0
7872533829
0
12
0
0
0
22
11
63
20683164229
0
13958693934
11
0
0
0
137513394
574111867
0
1
0
16
31
18987117405
0
6261802507
23
5286101779
0
6
15071615729
0
0
0
9
0
22
0
0
16563812143
1
0
0
608321935
0
0
0
145
0
19
0
0
6
3853057932
1
1
0
4278442156
1
3799449550
1
1260790367
0
0
0
2
0
458
4689410502
3
0
5632064512
0
0
0
1
0
123785578
16
0
3262256583
17
15997044180
0
4525932991
0
12245495023
0
7058658296
17
17402618651
11481645441
5518715565
0
1193046491
2654857814
0
0
1511205277
1560267422
0
0
8235356417
0
0
6
3
1
15490621356
12
0
1
199383
3
2
1362777961
0
0
95
4
3
135806954
0
0
2720786485
5723353106
0
6
0
0
0
4
0
0
22244353018
3844320988
0
0
4626108788
0
6
4
8
53
15502953853
1
0
20
0
1
18811804759
34223923
0
7400245074
6
0
0
0
8
495107859
1725181507
2
1
0
0
23
0
3
2
795527874
8155400796
0
0
0
16209100175
0
31
62208932
13521898992
0
5086369211
0
17
0
7
0
12929899120
11474504432
0
3
23089299699
19
15295329887
558754036
21854680318
6465368016
3991547606
1
3730062911
0
0
0
10582236876
3
13009542036
0
20520587786
0
0
11908482725
0
0
0
0
0
1
6501431668
11
0
0
0
189438756
4975361196
1
0
0
0
0
0
0
10
127
3447950880
0
6
0
0
0
11
1
0
1
18009901661
1
10498289774
1
1
0
47
1790520836
1
20283614744
0
0
15557209429
0
0
30
0
1
6
0
1
0
0
10
0
641427521
0
11406198264
0
0
3
17
7
0
1
0
1431551477
0
15895429439
8765839
0
0
0
0
1408836464
5310168507
1
0
0
534622947
10976536249
0
44
1
0
3
6
4402785830
0
0
19
78
58
0
574641295
0
9
1
599919314
0
0
0
7
0
33
2
0
0
3
6
2
19
163
0
0
6148225052
6
7
0
0
0
0
0
0
1
0
3
6
0
6
14329973330
10
0
0
1
0
0
4
1
10
0
231606656
0
7
2
6
1
0
0
0
0
0
4
0
0
0
0
10
3
0
9499940350
13402448
0
0
0
0
0
2800890480
527375710
0
0
28
1179800518
1
0
20
0
4
0
8
2
1
0
9960986082
333941693
69521073
7349007723
0
521832419
0
0
10
0
723692864
13
0
14550539415
0
1
0
0
1
0
4683155365
0
6601449641
7
0
6
1
0
7
5691371367
0
0
8254680231
38
0
1971446586
0
0
1
0
1818672972
3
0
0
10
1
6477550382
15
11994890507
5548036208
0
6
0
0
0
0
0
1
17
0
68
6573780272
0
96963548
0
5
0
0
2962902248
8112443216
14
28
3
0
0
1
0
0
1
3
0
81
3
41
0
2
84735820
9625191829
0
18419080993
0
3
0
0
72
45
18504389741
4892970923
0
6344433801
7
17
14
16383686163
9266568098
4512491514
3
2864579442
26
0
19972136968
0
0
4595400237
22124188329
2
0
0
2511326914
1
6
3
721406778
20210402076
0
3
7237455542
1
3
0
0
0
4
7857493629
6426290225
0
0
0
1
27
81
14540250274
0
4573644647
1
6565221401
0
0
0
0
0
28
0
37
73
0
2
2
15745590795
0
11
0
2
0
37
0
0
1
0
0
1
0
51
2
145295828
13
0
0
0
0
0
0
4
1
2258628748
0
0
2642021731
0
1504095544
0
0
47
0
7517653057
10
0
15342909818
0
3
6
1
0
1
2535200454
0
8442646203
0
0
0
0
0
0
300142009
0
0
3
0
16
1
0
0
0
12043065162
0
7291248124
0
1519587937
0
9
9701034243
517998764
0
6014179818
11044286985
1
0
0
10
2086666572
0
0
3
10
0
878696343
0
1
0
0
0
595576752
2796546443
0
0
0
141
0
0
0
1826754420
0
6
0
19825195364
0
7198557145
6
3992730491
10784381286
0
15102301897
16
8748993686
0
12359467385
0
0
0
6
0
678644993
0
11216122675
1
0
5627559437
402258583
0
0
3
1
5461730696
0
0
6006705802
0
83
0
0
19069287275
32
0
3
0
0
1232693809
13900879319
0
11684653900
0
0
189
28
46
8054365329
2954329459
0
1
6581554390
1863984338
4290936
0
0
2
19289715242
3723609368
0
4
12113156819
1
0
0
6
0
0
435104420
1
0
0
0
0
23
15
1
5
2990592955
0
15
7486043903
0
65707936
0
2103863287
0
22
0
7
0
7
0
0
1565124781
0
3467896099
0
5093417063
46971111
0
0
5187336672
0
26
0
0
558361465
1
0
0
0
56
0
0
246274700
5
0
3827468384
4343740
0
0
0
147474105
2
2289191734
0
9193219773
14943963371
11928308037
0
0
1
0
11350450987
19498554067
0
6617111092
0
0
0
937051330
11163202224
0
7608797458
0
1
0
405662853
20047328233
1086670428
0
2
0
0
8
266652264
6663344757
0
0
0
0
0
0
0
11744124934
3
1
10
0
4
0
0
6
1311149505
1
0
1
17708146050
608156321
24
21
0
0
0
54
143201891
0
0
3306203967
0
703908746
10
0
0
237624810
42
10
0
3
0
0
0
0
0
20576206554
7611688929
20270276097
0
1
13419563563
0
215938646
13198548419
35
20
2
0
13748505349
7
2
16184969501
4277218
0
47
2311634427
0
0
1807398513
3840401904
0
0
3
2
0
0
8
1102502305
2962875610
1371410021
0
488326501
0
21
0
10481326699
0
1
42
0
14137250582
420774819
1
0
8202756857
461332920
397080379
3
1
1149374944
1
6764662879
3294573399
12441404834
7
0
0
0
0
7308227332
2
3
8738124931
0
40
0
0
0
0
0
18070228901
20
60
1
0
16
3
0
0
10703030983
0
37
0
15307714147
1
6482516632
0
0
22
0
0
0
3
0
2009618691
1
0
3
0
1
0
15
1
0
1
0
0
0
0
1
446029330
117
7
3
0
48
1744258226
0
0
8359952119
0
18741366558
4704815243
6
5857212566
2432093796
1
533234752
9626933
0
9275470735
4
0
4
0
9
0
0
0
1
0
0
0
1
5450708
15967670771
38
4018361698
16610230881
52755019
0
888293734
0
2
10950636054
7635866384
0
1
0
0
101625953
19
12
0
1
5
2131533865
13277360896
9
1776187599
0
1
1120084446
111
0
3
0
0
72929271
0
3
8038369889
0
1493817032
0
0
0
0
15726223475
2194133588
0
0
5813915122
17118598202
1
30
0
18113932321
0
0
0
2984670586
7030929020
9119061111
10585104995
2
0
5386550191
0
15
0
11550723858
0
15
0
0
3855218847
0
13652864017
50417406
19026791324
4926886334
155346306
7189573931
3
0
9
91
10
0
0
17444063565
4
0
0
0
9093996535
0
17
5
0
1986612217
0
12216642828
0
5
3
4132756637
0
21413711
0
8841101541
91
6
5
2321762743
7
15
0
9
3420980236
0
0
10139527506
556725099
0
0
36
0
0
1
17227529109
3
2
2
3
2299470115
2348139860
0
0
0
16
0
0
14
0
7
2798564485
4
0
3
244734047
399074915
17734380793
5894249515
0
0
49
1
6906757526
5391615027
0
0
9560002497
0
1
0
1
0
0
0
618464644
0
0
10
0
0
817075045
11927361745
0
0
8268139275
9
2677293985
52
0
0
5045327237
0
0
0
5714792116
1
1
0
20694401345
0
6560110423
0
17900633816
3
0
0
2552106164
738691942
0
0
1
0
291264765
13718312021
0
4
28
0
1
19
0
10
0
0
44
47
4
4565907340
0
56
0
18232218422
4406329680
16255726420
0
1
3208459737
121
3
0
9727327983
0
0
15
0
13912769908
0
9647100377
0
0
3584715683
1
0
2
0
0
0
1435288997
0
8
0
1472906051
1
890829183
0
0
270104739
0
4675205885
0
0
0
0
0
930717017
24
5100734717
1
2
0
1
0
3
0
0
1211984215
3
6
3199345892
11
5
9
7
0
0
0
0
1
2344346517
9583708972
0
0
10040924797
12522972129
14
5
175948805
295665774
4
0
15054526755
0
24175019951
0
0
1
0
10164456150
2
0
0
0
9
0
0
0
12333796147
0
171
0
0
0
3
0
0
0
3
23852055092
2
0
3585868049
11
37
0
0
2
0
17314178070
0
0
0
0
22
1238943753
15520199
6
0
16876288038
45
3
2
10
2889586238
1
2
18
0
15
0
2
61
69
0
255707566
10
1388590397
0
0
9783263331
1
0
0
0
12625384343
0
0
0
3
1
454335458
63
0
0
0
0
0
0
11
0
1
30
0
13
0
14
602502235
125
0
0
0
2608797778
0
0
2
0
0
1
126374495
1
0
5
0
0
1516856661
3594526423
0
0
6
8849040501
1
12073979207
0
0
22337487012
19613561280
0
0
8077101263
0
5485868078
1
1
0
0
0
0
0
9
0
0
0
0
294416963
12
0
686503919
4
5771836857
0
136577221
3
9
303778295
10
0
10
2728599145
0
0
11863359742
8201205066
3
278768436
90397721
0
56
0
114
0
2
0
0
0
217375320
1110230031
21606667091
1894148879
6
12329003561
0
12153520034
0
5079448407
6
0
0
0
4779052111
0
0
0
68
31
0
1369494095
1217647616
0
15454180115
13051068156
3
91
10130111881
1
9
5362100236
3
1
7406290084
0
0
1
0
10
1
0
0
1
10813418627
16980588062
21
186
0
13
15
1
59
0
0
0
0
6
17241295923
0
5277654549
3
21
0
0
2893840123
5
138496655
4
0
0
0
1
4
1
0
0
500027419
0
20
4
0
0
7
0
0
2
3
16806374767
13201361598
0
4717783711
0
0
3673037451
10
46
0
0
11766269239
0
0
7917487151
0
0
0
1
0
0
0
0
0
0
0
0
0
0
15
0
0
20473869035
8
0
0
0
9390460006
1
706060835
15
11
154
3
634218700
6
1
0
0
0
10
17194272057
1
0
1
10553538361
15216718837
0
0
1494118975
1396090211
40
0
0
21342247523
0
0
0
0
3
0
86
15332472330
0
873974606
0
601602384
12366357947
2914472618
1
6
0
0
4517197904
0
5492851725
1
1
2
0
14462411234
0
0
1
0
1959297521
0
0
0
4
3
1132917126
0
18106167009
0
5292612489
8630254586
94
0
9196753465
0
0
1
1
11679169824
19995151369
3
0
0
1
39
0
0
4
0
1
0
20549615394
2
0
1
2
3
0
4189863368
0
0
1
24
0
8
0
0
18111113518
0
0
8521144837
0
2
70350093
1
2611622918
9
0
0
19803198722
0
0
0
8293433873
1
0
0
0
0
0
0
0
9422301252
1
0
0
0
0
22061916616
0
4
1
8
1
6
0
0
3
0
0
10
0
631847618
1
0
1368168732
0
12
0
23
1
0
1
932022394
7
1
18453059455
35902999
0
120
0
0
0
0
14328288442
0
4394746518
1
156
51358696
1
0
0
0
0
0
1
431567841
1139157345
13096624671
14812796246
11670876543
0
5175372615
5810731862
0
10
53
0
2498250863
0
10123955539
12380314398
3522117942
3
9280612788
0
13121855477
0
0
0
0
3
18326750874
0
0
881942421
2229776111
201363467
0
0
165159330
3
1
7335262703
0
1
1
7
0
13483493200
44121538
0
21
0
12
27
6
37
20806561159
1
17033225226
100468181
1127958947
9631940983
10
0
0
0
75
2
0
0
13168079084
3
16397288585
1
0
0
8577455302
0
0
0
3178676751
0
1016367915
11625492266
5
21762820129
0
12904983378
3
1
0
0
0
8207532306
0
0
1
1
15587702149
0
0
3
0
4273924269
0
0
1
11
0
0
4216342564
0
2124103273
1294907073
0
7
11349161932
4207322761
0
3
0
65
36
19
0
21
20801625297
0
5507056365
0
20
3
27
12671208527
1
0
1
0
5580751825
6
0
7311982325
0
0
1
0
126768115
0
2
0
0
0
0
1
0
0
6071207955
3
23
327465197
0
0
8393349586
9091436457
0
1
12612300920
783564809
1019579061
0
9669415149
0
0
3
0
1103701879
0
2
0
0
0
9793725961
53
0
33
0
0
9054324854
0
1865643110
0
689081228
15479227176
0
0
0
4
0
0
1
0
4496393194
456915324
0
0
0
1
3048603754
6
0
0
1869326104
13734157460
3
0
5
1
0
1
2
0
26
0
13104350136
1
3
2056344933
0
1
1
0
1
970849983
0
1
181
12620208816
17427038805
0
2286463632
3195869554
0
11210495225
11088672396
11488857961
3
0
51
3
0
16125732114
0
10
0
0
5
0
0
38
4
0
0
3535123259
11100650773
0
6441039239
0
0
0
18223830677
18182402903
19472711485
4943109131
3
0
3039590690
1
12
3290609239
57636100
2958321651
0
3088524449
0
0
0
0
0
6
21765115360
0
26879130
4704141070
27
15864659934
0
0
1
0
1245322887
0
28
0
20770271739
10447466526
46
0
21
0
14278996311
0
1
0
9466227529
3
7113714108
0
0
482432930
1
0
0
0
5551943609
0
0
3
0
6
1
1
1
21
0
0
5
0
3
7001339216
2
11971954147
2914139522
0
0
9027536477
1196715430
0
0
81
0
0
5
1
0
0
38
1
2103598484
0
1
5061194187
35
13219795355
0
3727837613
0
0
15
0
28
1
21
151
283
6718186541
0
62991857
17462275433
9739811411
0
1288924142
0
308231435
15
0
0
3521729326
1
0
0
3
0
2823967110
1
2409546453
0
1
1
2
0
103603988
0
2024983571
1
1634149006
1684333079
0
46
0
19180978525
0
0
0
37998163
1
4
16903522205
4
4
7333825577
1
0
5588453915
10
12
1
8555780971
3984188966
0
0
0
6
55
0
0
18
5247273
11826502565
0
0
0
1
0
3162792555
0
987973333
15122278462
2052419865
9203064612
0
21
0
36
1
35
1534118933
11
14441796317
8982091741
0
0
6
1
0
9722464094
12801194984
0
4074086268
7
1
8795232366
2611143866
1
12268952550
0
0
0
2384586510
3
14930363158
0
2096966234
0
20729572083
1
0
0
0
1
1
14377028804
0
74
17698688429
0
21
54
1248398884
16856952645
1268142403
2711809498
1
0
0
1456473127
5
0
0
130405345
0
344852015
18691212477
0
21
0
4555213515
1
0
1
0
17473957151
13
0
20883865773
0
2766279987
0
14006995404
3
1
10094822246
0
0
18292681218
11
0
12530715739
0
634307253
0
7924203863
0
0
0
6
0
6
0
4486517151
1
0
7
0
0
5
0
10
1988124641
1
3
0
0
0
624340065
6891087873
10852099211
1
0
0
8242419134
0
0
0
10567480395
1344007682
10669681129
0
0
3
21
13
0
0
670715316
0
10153989801
8618781972
0
14717448626
1
3642035851
127
946786620
261961185
8697496200
3
2
3
0
68
1
0
34
0
0
3
30
1
0
2473008405
0
1
21
0
86
0
0
0
0
0
516
3
21865155515
0
136
0
0
16004460205
1941026570
0
46221442
3
10
0
0
0
3985459569
0
9665335059
0
0
15815766187
0
0
1
10
0
290627480
29
0
4
1322766581
0
0
1
17607215013
0
0
3118336562
0
1646652532
0
0
40
0
1
0
4
0
0
28
0
93
9289603
25
0
7794707490
2834490703
1
7
0
15495336785
6004314982
3
0
0
3
995603072
0
23231631295
6
0
15487557621
0
18115172760
3
10062720753
0
1
0
22738427
0
3
0
2520774435
0
2644533677
11372634971
0
175704860
7056702112
0
0
0
7
1
0
0
18
0
36
0
0
0
1
620744222
0
19534451458
3
2101456946
0
0
0
20610634
0
4741483586
15
0
45
0
0
1
0
17068625488
698039664
1577929537
0
0
0
6293293403
0
4818398216
3
15
0
0
4
3
9
10
0
1
0
6
0
2
0
66
19443040596
3
0
0
0
1
3
0
7
0
0
14834406160
0
15792659452
1
0
1
15
0
23605237
13136541887
0
1
1
0
0
4062218737
0
0
2909822569
0
18850366002
1
0
1048205062
0
7
0
0
13106295612
1689529589
12093321161
6
700389598
27
0
0
3144206840
13643749895
0
6
5101964555
0
0
6174495405
0
0
0
0
3
0
9
52
0
8586899415
1
0
1318117778
1
0
0
2
2783616765
0
4419475630
28
31
5
19242693708
0
0
28125916
7
0
0
0
67
26
0
3
1400378360
3
565993948
6501590001
0
0
13629821370
0
13799710264
2492234392
0
1
0
2
7495934343
0
3
0
0
0
0
326608607
0
3
0
3
24823002
0
0
730462279
18608164703
18
2168691444
0
0
2547235725
4
14343693280
9401210442
21
3
921634626
10
0
6
2
1
0
11
0
20299464079
1
11
50987345
1
1
1261605456
0
1
0
11839550468
11
5
15473911106
1
6
0
0
927136328
0
45
0
0
173809128
5
741196
0
0
0
14
53
0
17285163284
25
0
1761481845
16330362366
2
0
0
6
0
0
5767702080
19112094386
2
23640352
6
47
0
0
51
13987160281
0
0
0
12
0
6
0
859724347
482849286
0
10779504952
2019334592
21
0
16352970528
0
2
0
0
34
0
1
4374275167
9633011679
4155924890
0
0
0
0
0
0
0
54
6525787683
20087839192
13412539558
0
10575387824
0
18280010212
19153880983
1
3
1839707447
163735939
0
3239545635
0
1
0
12514306879
28
10
58
3259552309
19643257407
925119249
10852451998
0
212
226836345
1
112463293
10
3
0
402097746
0
1
10
3326511614
0
0
0
11
643906432
7
93853647
29
7845672074
0
0
13282389162
0
0
3
6
3
32431935
7
1
0
140613269
0
11283020907
5
0
3
0
0
0
0
359163164
0
0
0
2610258016
3542132588
0
0
0
11302582345
0
0
0
9227060036
24
0
0
0
2
2113340309
891766853
0
0
392810774
21
2
7394772977
0
3
21
368925636
363854740
0
0
0
0
0
0
64369303
436649330
0
36
0
1
1
2370341168
18
0
0
9541319426
16901818438
0
710315909
0
3
0
2
0
0
1
0
258919
0
0
2423731468
0
0
0
3
5
0
0
12
730130206
308866721
0
0
15921193214
3
19848886934
6295301653
0
0
4
0
13238504076
0
12655932787
0
1
21372283058
0
729958403
108
0
0
1
0
43
3977529962
40268116
0
45
18057280196
1657138218
3761714407
0
37
87473873
2
6
8
252337993
0
21514349692
6
0
5
3
2
0
2849590265
3
0
0
5727436060
4887143714
3184492261
0
0
0
1
3932720993
0
0
3
10590101065
0
104567873
1319117091
0
10
365434517
0
0
9431766800
3
93
3
0
0
0
100
0
0
13646247952
0
1
0
15258667639
0
9
0
0
517364317
6
0
22426859322
156
114
0
0
7766553404
27
0
0
3
4508490686
0
0
0
3
20803581260
6
8543815466
14179303532
12
631956968
474336341
0
31
141009696
2053377878
0
88
15
10489111436
10
28
0
0
850458276
0
6
19025229776
0
2594627676
58
3
8
0
1238693037
545109957
0
4069540897
0
0
4452047512
0
41
1480091369
3
0
18
8037631500
3
1
11
0
0
974560291
18
0
0
3675526715
36
3
13728659248
1
33
140
0
0
1729103875
80
0
0
7
0
624684656
134
13
9
5
0
0
6
0
0
0
0
0
16763996532
6381652218
214872587
3
76
9
559435355
2143206906
0
106999135
10
0
3
10
2
3
0
0
18605776516
0
3
6014464628
0
0
0
0
7
0
1203935052
6327124618
3
6
1
3644235893
0
2768117248
6837785496
0
0
5
0
2211306332
49
2
3510660590
19729750916
20396162523
0
0
1
15
1
1
0
1
9109333860
0
126640505
0
7
0
102790581
0
0
0
11752392763
0
0
446931854
0
1
1574631582
8916677472
13
2
0
21145079299
5
0
12361629061
14
0
2611568331
13508737117
16216539894
9
0
102
0
0
19122641272
3
1
1
32
0
2177419179
828412952
0
0
0
6904300544
1
9
15568639772
24
8495890
0
1
0
75443911
0
0
94762629
178
0
8040991438
7006840929
10501075692
0
0
0
1
0
15
1
1
974658011
0
36
0
0
48
0
1
10
0
0
4414899488
0
0
0
1
1
9
1
10168438813
22
3
0
19888810445
42
0
0
0
15
45
0
3
0
19116690378
2
0
9
6182952482
3784291677
2
1288343308
29
2597405775
1
0
36
0
7390607564
59
0
4
0
5
1
315986467
0
13317233192
3
0
23
0
0
614964503
0
0
0
1
3909102444
4091701336
17223247765
0
0
17373970860
0
2
0
0
6638088490
2
0
0
0
13673807303
19749532494
0
1
3
0
0
0
0
0
0
0
0
1647710531
0
0
0
1
24
0
1
0
0
0
0
0
8
4412671913
12781716626
5
6
107
437548414
615770962
0
0
0
277263511
0
21836220376
0
0
0
11
1
13472072045
4577691941
1
0
16992705837
37
0
18841731849
0
394346330
4096708731
0
0
5
17802171749
1
1
0
3801672120
0
0
0
10
43
0
0
0
0
0
0
0
5955154369
1
0
49
0
0
0
13
0
7157884032
44124552
119897608
388115417
0
3
0
0
3
8
8090496557
0
2
3206723983
10
0
0
87
1
7690375050
0
13144850037
1048981582
1
4
15
11
0
1
0
1424815952
1483445253
0
4
195
0
0
0
4524885066
1
4481704576
0
1108344845
20508060553
0
9545397031
0
0
0
0
0
0
0
0
533788370
620157023
0
0
0
19
6102878817
0
12160961178
24
4778864199
2334418306
8703052319
1
10
10024597765
5110044288
0
0
0
5348476880
14
50
7217617604
12961157475
1488174935
35
1410527685
0
0
12
1
0
403035710
0
0
0
0
0
10
19150712231
2852891127
38
0
1284291440
92
12182744875
0
0
21
1
1044190746
0
0
848488381
15270648255
6650681949
0
0
754225395
11125124106
0
3
3
2
796630011
5815125128
0
0
13465894228
0
22
1
0
1
4197508137
1
9655261255
0
2358255950
3219320889
1
0
0
0
10
1
9171227949
48
6
0
6
2164632473
600483304
0
0
0
15876162721
48
0
0
10
0
20404468
0
1
0
0
0
270034516
2
10006953146
1
16118627274
2788461076
0
0
45
107
0
111
15526295368
5
16078384573
7539202411
14609431737
0
0
0
3005801119
1
0
10176821546
61
0
28
0
2401280073
107230703
0
11
8463683104
0
10947244621
0
0
1
4107295209
0
17536462177
0
1956054249
0
13661031910
0
4461426740
5636259911
28
0
5
0
0
0
0
6
0
0
44
0
0
12298834935
0
0
0
0
12
911030727
0
0
0
18
0
5410117963
0
0
1
0
780437479
2546166546
0
145
14
27
0
239183049
0
0
0
0
15709287524
1196478992
10
1
0
567298504
1
15
5
8
507129973
2525559449
980209169
0
42
0
4085326465
7
9879847004
893442338
1279968407
13413119470
0
11391268836
0
1799390067
31
0
10609112000
5525874056
0
5368281281
2473357400
5
3
0
2
0
1
25
0
23306899191
10
0
211714829
0
55
799924096
7099261614
0
210124892
0
257
0
0
3
4002551108
0
76085824
0
0
0
0
0
0
25
0
11820570323
0
125612191
1103796517
0
2299791571
611994249
0
3763494393
16859433312
73
21303581470
0
2
1
7
7
9782812895
19900842773
292044324
0
21106021513
3532656
2
0
3604863358
33
0
0
0
0
0
4
0
0
0
1713619238
146
0
0
0
10846274495
1
0
323658571
0
0
0
1
0
763394232
1946482134
2819657712
0
4
0
5204592717
0
185096005
0
3866543532
0
3
28
3037427685
0
0
3
0
0
0
3221845546
18956338226
136
0
16016650801
2
0
3188128034
0
0
3
1
53
0
0
0
251124576
0
66417962
0
12805966209
1972335984
10573423627
131
2
0
0
3
0
16824380548
1080389656
7832321016
15
63
0
2
1
950632
14
3
469347670
3
29
1
14295566961
0
0
12
3702349975
0
0
1
2676538025
0
0
21014195963
2
0
10
18
50351527
8202924459
5944231187
0
3
5455081980
0
10
17
0
13922453971
21129246864
0
0
1440517086
0
1
14
3
6
1519773417
0
6
67
7616333508
272309796
0
1
2
4
640023995
0
0
0
0
16743734926
0
0
2874841715
10
8894570448
0
0
7370157784
0
7643736367
15
0
0
548119874
0
2221487269
0
0
1
10890186542
0
3
103240154
6
1
12392426876
0
6986146808
1
17420309942
3376292632
1338482045
303721143
3
5
114757455
0
6
699587522
21847560784
8013713611
12
20
1
0
1
8125177443
0
504989224
9443232295
1477299602
1
0
1
3
0
0
17930483431
0
1
1
0
1044124820
0
0
2
0
0
1
0
201985563
8067879359
15
0
0
0
0
0
0
0
637375510
15
0
0
3051967833
10
0
8795638203
0
1
21422775563
5115368719
0
0
2149170219
0
0
0
1
0
3
0
19630783478
0
3
58
0
1
4533938607
0
0
0
10
137
4195286032
2214216
5
2
1
20590245933
0
3807654059
1
0
0
1
740749890
17
0
0
0
22788237990
0
0
0
4
0
0
0
2
0
0
0
1
4
15
0
0
0
13760495142
0
0
16
0
0
36
834598911
10163221942
0
0
0
52264211
0
11369831899
2
7229483
10907760441
0
0
0
21
20
3546659781
202
0
0
28932778
0
0
1
0
0
0
11742391312
4
0
11240284144
0
0
4
0
0
8
0
0
0
16574429367
0
5544117640
12965619804
0
1660457408
6844934641
0
0
0
0
0
1188213057
17372545880
1671923332
4
0
0
502114134
0
6
3745887
13476256400
1
1
0
738452624
16835735301
0
0
0
857226604
0
2
0
7658708720
16242528345
1
0
0
0
2
0
1
19167412216
6521581550
1
13621643755
0
0
8442439936
289163052
19057786224
92939185
2
2925209167
0
13941163908
0
1334166089
0
4051720970
0
0
6169805034
0
0
15
5210369953
293720928
5911574565
127255551
1023167521
15
2
22817294992
0
0
10251794080
0
130
0
0
24
0
0
9
120782790
0
0
0
0
12
1
0
3
0
0
0
0
3
1940767650
0
5
16
1823026006
0
0
10
1
0
0
0
0
618
1471230625
1
1422656761
4
7
0
0
0
0
0
19571190545
0
49
0
0
0
0
3923725362
8165861639
20001716893
4205286504
0
1
952508032
3566643500
6093674179
1501617280
0
0
23804863724
4
4862630274
0
56224658
0
0
0
8701188879
22
0
0
0
4452724019
14
0
0
2433963721
0
1
5790406472
1181350197
3
8124149365
3275460765
28
0
2
11913411131
12418640350
4615409338
92
8
28
1
201377908
6
7139767429
0
1
0
0
0
3101601257
6576907125
16019769394
1335858507
0
2567243163
4838904928
0
0
0
0
0
5
66
12
4853481608
1773404860
0
21
0
0
37
0
6790842019
0
0
0
0
0
0
0
0
1
0
0
0
0
7
0
0
0
4771027671
5350471627
2
16802523213
1
0
17687127960
15
0
0
48
1
0
0
0
6317399638
1
0
1541595292
0
8702804403
35
1
1
2
0
2367319872
63
19668896769
0
0
0
0
0
1
0
3198240778
0
5244021932
0
3
0
1
0
4
1
1
0
14575710995
12800027349
0
60
103
1
4910850705
6
14652383915
3
10
1
0
0
0
1832285430
3
6
0
0
6458202673
1
0
0
9515150646
4870814206
2939270641
0
0
4834248457
15
0
15452929013
0
0
16923108064
0
20893779934
5136205597
1
0
0
0
0
0
0
5
9
0
0
180631124
413660814
31
0
0
1
6
0
0
11564368417
0
2019284386
0
1
0
0
7
0
1
6
0
16
0
1
0
0
3
14203337550
4803898358
0
0
0
1
0
211
3381250158
7999187913
0
0
18714660011
0
35
0
18621552760
0
48
5452000034
21
0
0
0
1
2268542062
1
426857927
6340613895
0
0
0
1
13220036936
0
3
0
7463189766
11775131305
0
0
3600069985
0
12844599536
567552085
2715992804
872340294
0
10
0
3703088099
1110500103
7
0
206
0
0
0
28
0
14001404740
0
0
5543767725
16952720869
1343194515
3
3605738514
10212196352
3
7210285655
14379870834
0
0
1
2
4
9730758961
0
0
1
5
10
35
18
0
1
10
213984993
1
1
0
37
826205841
12398774462
0
11871779016
7
0
3
15710502742
34
1
12
14203784365
0
1004524348
1802270361
0
0
2641697897
471746742
0
5390315253
0
0
7517783647
0
1
0
2
16253843720
0
63
0
25
1834329487
153
51
14037336380
1
0
190
16
3
16
11371095655
0
0
0
16228247744
5038646
0
10
0
22
0
2779995793
0
1318035255
6
0
10
4
9
0
1
9
13328102440
0
98026834
0
0
0
3870949916
125206280
21
31
1
6193435949
1
0
41
0
3
10679009508
1
33
19079722792
86190978
1
7450884693
9721098792
200342956
3
0
0
1
1
0
0
5161025212
1
0
0
0
1
0
6983009382
0
0
0
0
9762062293
0
5438531725
0
8530449463
1
3
29
0
0
7
6993553962
0
20
5
12242303525
0
89
0
16114984903
0
15953832205
0
817725750
0
21431695000
0
4719866652
0
1
2
1190100026
0
0
2873738204
18236608273
2
1311311291
0
0
0
4
4
5
0
0
0
11167486176
0
19643739061
0
3
18406023749
3
0
11
0
2318364270
0
0
0
91434
12954625397
0
5268255439
5620633367
3
10
0
23027367547
0
5
0
2371505858
0
9
24
0
9778450477
3980560282
1
287866915
2586631360
3390433328
0
1
1
4
2502355291
8
1
0
17937623915
1513784857
12894495345
0
0
0
0
1
0
19273521611
0
9345920174
1
1
0
0
0
0
0
237617341
1845448960
1
4512710427
0
3
17608799070
18624944122
3
3862830463
0
4181521
10
852662
0
18786935136
0
3865100528
0
2
1
0
1
13533975504
933964234
136
11
0
0
5740058936
0
6790974427
78
0
0
0
15773461615
3233481689
0
4
68
0
37
8334220426
0
1
10
12
106
0
1
0
0
0
0
0
2
19267400083
0
0
8
0
13949131615
1122446611
3
7
9
12528657631
0
1558812805
20
0
0
21154468955
1
0
1
0
45
96
9
0
0
0
10178190607
0
7733430272
0
2108175
0
0
0
3
18585150270
13392330072
3
9256057580
13025135350
0
0
17090060128
16828880360
0
0
6
7378366724
0
60
3343587226
0
1115652045
0
3
0
0
0
1
1
355078086
1
8510776457
0
9824727810
11835849463
76
0
0
2203792640
0
0
0
0
0
6095497809
2519508825
30867020
10
3835609189
12958980648
0
16348994367
85886886
2968441605
1
8159542135
0
4345450725
0
0
5891212383
21
0
15895415497
18328231919
1
0
1
0
0
1
0
1
45
1
0
622947750
0
0
0
0
12
6
0
0
0
0
2
0
0
15521070949
1159526585
17842001355
9091680539
0
51614443
0
19832623537
280082928
0
1
0
0
1
0
0
0
0
0
49
5
0
16822617885
0
6
7006177469
0
0
3
14135680542
71
0
0
71
0
2604253403
3275526905
4571890515
0
3344111088
0
2
0
0
0
0
0
5
0
0
1073539239
11767824347
0
2441729226
1
3833572470
0
0
6
0
0
0
0
11782542664
14777549
13288568097
0
0
1
3145898386
1
26029
0
0
37728440
0
0
1
0
0
67761256
1
0
0
9926694933
20
0
14989185787
7
17373643875
339
0
28
0
1
57
15
3
2557394124
0
0
6
0
1
0
0
0
0
922897612
21
6
0
0
1
3
18
0
0
0
0
0
7455905863
0
1
0
1
10
0
0
0
14978600271
59
1
0
1
11759374061
58
0
1
17519538339
10299210117
28
3
0
0
1
8104589499
0
0
163
0
75901981
0
1
0
767560650
1
20053978589
7801608296
0
0
0
12784148559
0
4
0
0
2228487933
0
2904315422
1
1737703179
0
1
87058320
17751338429
335136227
0
0
0
1
6
51889743
3
241064258
1041716904
11166609354
0
69
3
1
18142619689
0
2
0
20
59
16077846611
0
22449091679
3799532990
49939584
235201368
10
3
84580661
16
8184757131
0
1
1
3
0
0
3
0
0
33
0
15369673473
0
0
1740355269
5035121293
19627257053
3
4111898501
0
0
82119850
1442186135
0
17375301285
0
1
1
3
0
0
0
4
6
0
0
0
1212107507
0
3400748659
1
5
3537433778
2
0
12996222276
1
7
0
0
610216420
0
0
1928113507
11489555653
3
0
0
0
0
4
5715875308
0
3
9394441501
0
0
10
3259298805
0
0
0
0
0
589991322
18209826231
143139441
0
1
116
3
0
3
0
9682653008
0
0
235
0
11460699259
0
1
0
1
2405706411
2298732765
3
0
3
0
3
975478060
8142989709
17847488138
0
16620013569
0
1
1
21070624214
4
14274136225
22683280868
675191925
168783264
6
3
0
8957240451
0
1
0
0
21163737033
10558706010
9838143576
0
15627017936
15698315854
0
9996436398
0
10
14811681522
0
4284096391
0
0
15384611191
0
23587280
2754103761
21835447289
1
10785590
0
0
0
0
1
5711247790
0
0
0
3
0
7260934506
0
1
0
0
0
0
2
1222729437
45115936
0
0
7966544452
58280384
1
8
6079295855
1
2
0
130
0
1
239172962
0
6
228017832
5043866296
1964285689
2
0
0
0
0
1
0
0
386859850
0
0
3
11192990982
0
23
3030085600
28
36
0
0
8
2
0
20474047578
0
1
41
0
14243106182
5707131582
9234040421
0
1
2
1
22184770273
2
12294149665
1
8819516340
0
15675025691
0
0
0
622291877
0
5726209457
14758860113
1
0
8214719601
0
0
0
6
0
0
0
4340191733
0
1
69
1
16
2
0
810869015
14
0
2164039386
17
20891675202
0
0
1
4
0
0
3
2617435389
0
1
1
11
8234605056
1389386822
0
1
1084780947
1
4
6
19215273406
0
0
0
279167569
0
4
0
0
0
0
3
0
676639207
8654053308
45
0
0
0
83
0
0
9
242627498
3
0
1
0
0
15878128129
10
20
13529460248
2864036785
0
20762563510
0
3757033668
153011627
6
10
0
16740155039
0
6295799041
89
0
17
0
0
3
1
0
0
0
729924406
7
0
0
17
0
10124706418
0
26
769085912
41
824023229
24
0
0
15
1
0
33
0
22
18099817022
81
40
0
1
0
0
11284897645
4158040215
7306658576
8324596781
55
12085869767
0
0
1
20
1
9
1
4052046246
0
5
8
5
1
7469346631
4980336632
7
0
3
3
9
72244991
1
0
0
0
1
0
0
19061704260
0
0
0
0
4147257775
5
0
631708
6
1375101492
54378607
4586664647
65623365
0
0
11
259044254
1
0
92
17
0
0
0
0
14231647
16
0
350
0
0
0
0
16
5
5108124423
22
3
0
336722728
712020433
16308324314
3
1054177731
0
0
12890382287
10111644788
0
249299044
0
0
0
0
0
0
1
17812961018
3
3
12555329216
0
10
1
15967468817
130
5
0
12193406161
0
0
0
1
20894886360
11150517548
0
0
3
5020849684
409656042
0
3
0
0
0
8040755614
13
0
969094178
2
4
45
4174723233
0
0
21
0
28
5490973010
7426170560
11560855611
11763290086
19802196342
0
1
20329389284
10060669195
0
734651122
1
13842311606
3
3248766588
2
1
1
0
0
4794133934
5
1063330959
38
0
0
17
3
0
20359863936
0
1
0
0
0
0
0
0
6900091410
19
3
3
0
0
5243053074
0
0
0
3
0
0
0
2036212393
6793842735
4686081336
0
4
0
18863888751
3
0
0
45
0
6
0
0
5
9231062569
4823968453
1
0
3763586445
0
0
32
0
1396163714
3
3069628012
2073384083
19833516629
5300911012
0
16634679622
0
0
1
409136
2200747302
2807048367
1
1279814509
0
859975908
6334348297
1
5
0
1026559744
0
0
0
37
9060730844
0
0
0
6
3
569336791
6
11545349343
6
5451122070
11944917839
1686217334
0
12512200705
0
5254809335
1
0
0
0
48
1657945116
12
1
62
58
15830632410
4979027784
1
4095278615
0
0
0
2477487572
0
0
0
4
14381580115
0
1
2733345980
6
0
3
0
11566947943
915445468
10
0
0
0
6
11
860410007
0
0
737539251
16
0
1
0
0
0
7729391907
0
16055145272
10160375
0
1063980579
1948611674
25
19616186429
11
7768645711
0
0
0
2
0
0
2
1662880055
0
329444213
0
21
1
0
10830428326
18968723447
0
1
120
0
0
6069468712
17930742157
6
0
0
0
3
0
15753028150
0
3
0
0
0
10
9039664629
0
0
0
7
20682366180
6333047767
0
0
3
0
1
59630342
3
5359019681
1
1
4565191804
20317977831
0
4
10581734152
0
3565266556
38
3
0
0
1
0
28
20131336070
0
2
20849353840
4051918031
0
0
1
5027037916
0
0
6
0
0
4
22
10
0
5
0
180505168
0
0
947009998
0
11239595758
436199319
2
2
0
0
0
137
0
1
1
0
20191252184
0
62
60739137
20413290744
1
4
16770158716
0
13
6
9
0
9556888025
17276130156
2815353811
0
0
1
2014198136
3
0
3
13166799020
6
115883603
6705889681
1
1
0
5290260624
0
37
0
2033291422
0
2453385850
0
0
1338671617
4322730467
0
58249995
3
0
15541862273
1
0
0
0
3
0
0
244529683
1
9604647706
0
11935960804
2
0
13
6
0
0
0
0
7656684813
2095703961
0
5
45040326
0
0
2
14073951
5
0
11793989868
3
6
0
7
5
1698287750
100260301
1184877895
0
127187292
0
28
10295755147
17
9
7258168496
1
0
1432224888
1
0
0
2980978256
0
1
10685558403
0
0
21959844107
0
0
0
0
11678082402
53
182658273
0
0
0
477020704
0
3
1
21103749905
8
0
0
3
0
0
0
0
13
0
8
0
1
6559377154
0
0
0
13294524394
769276645
0
0
0
0
7
0
0
0
0
0
1658687244
16180282389
7603972259
0
0
29
0
0
1
1972664497
6
1
0
1672483561
144266553
0
1
21623946179
1
1252369525
0
0
1
0
1
0
1880701069
15
5980139293
3
0
49
6
2
3617682221
0
17950879181
74
0
0
0
10
7486024015
647736998
0
3
12
2
0
12407392990
8487265404
1
400628390
5
27
9864142119
1430695521
0
25
27
36
5
4533143398
1
0
1
6
232
0
1485538740
161385859
6
3
2074591134
0
0
3
0
0
1
5648330901
1
0
16978249377
14
0
0
134351871
20511563540
20302858979
0
1528036093
2617974577
0
9
0
7
2604209571
20969697835
0
1720063318
0
0
0
0
0
0
0
10
35
10
10765757158
2611405813
14
3457527940
0
3856816957
0
0
0
1
0
0
0
0
0
23113199386
12839790304
0
1
91
24
0
0
21
0
5854015694
0
1
2
0
3161067252
0
169781
0
10
0
4
772718148
0
4
0
0
0
0
1
6
0
5234236766
1
2372613862
98046205
1044961242
18953968034
0
29
1
3088624508
0
0
0
0
13
23301378549
492182040
0
0
83
0
20
1
0
23737858805
0
1
0
3
0
0
0
16405612921
9
0
36
12517025710
3
0
0
0
0
10508534481
3
1
0
3058094031
6
0
7995297358
1
6
0
32
1
0
14760574837
4
9017647195
1
0
1
0
4983739889
2
483341023
0
2923165752
0
2
0
131
19201321443
0
871368976
2362206604
0
2776994342
0
0
11
0
0
0
0
4696922411
0
13
3
20
298720198
641718869
1
1
0
0
0
0
0
0
13624472730
1311745674
1
0
15377951684
13219891386
4739262242
1
78
6
0
0
0
11
4
199042894
0
0
0
0
15583917530
4974184533
36
1
1
9463892870
1
0
0
0
3
1
1
0
1
1
9167228551
3
10579307175
2
1
155
70
2143410552
0
1782266847
3
0
7000969262
0
0
569133030
5312916191
0
0
0
5738856494
16
3
20544011
0
13844660787
7
1
0
24
1263946945
0
0
0
0
0
0
2
1273868828
23084329956
46
1718894864
7
3407801977
5
0
11491060361
0
15281251826
0
4959867109
933767681
0
18585105344
955312100
21
816872209
0
0
4121526331
10487907807
1
2
0
0
3228332395
3
6
30
15339986002
40
8037117595
0
9688857903
4187983608
18998977868
0
7
0
1533902221
11
0
11066826
0
1
1678371203
0
0
48
5
10673037930
0
0
0
20261482646
329864939
23787960
13038835148
0
13652394814
12106425294
0
0
0
0
5
0
3632310855
57128351
621954350
0
0
0
1721194915
0
1
106
7031892461
3
321530064
21296781981
0
16340383139
0
0
0
0
125498845
16
18816241775
91
0
0
0
0
2828042181
0
2
349246614
1
18741298026
2
0
9193506765
14401554221
0
22
0
0
0
18648432213
119
47
45
0
0
20337077034
0
3307904209
0
0
1550087499
0
0
0
163
38
0
1273863901
0
0
0
0
0
10
0
7
10633612165
3183577831
0
1152427249
71
0
1
0
0
0
0
16854185257
17295699136
0
0
35
6
1
0
0
2172109811
0
1
0
3142673421
0
0
2
0
0
1
5928430968
0
1
1
0
1453083233
0
1
1
0
51249318
10608666575
9486808081
17505296722
0
2160685963
9854820988
5362764272
0
4564881463
0
4494172981
0
48314042
1
4668754110
0
1
0
0
0
53
16760505837
16612974645
0
0
130644218
18
15
0
0
0
19600097613
0
1
0
0
3
12
1779568897
0
5
0
2660610318
24
562218395
668572686
3
29
1
18
0
17131010060
1324790931
0
16676524023
1
9412951591
1
0
0
13250828457
0
13775636367
0
0
39
0
2864897699
0
0
2
3
0
4463690933
1
15089377994
0
6919902481
48
2
0
0
0
4
0
3
21271212927
3
13547732928
3
0
28
0
0
1074747636
1
0
2
10
0
2
31
0
1041737663
0
444768074
0
0
1
14696228234
6242554405
1202041355
0
0
2557415555
1
1
570868731
34
0
15
5080355448
344
0
0
6545136779
1
10516204945
15
0
0
3233881537
0
19
6
0
0
204409488
0
6
2
1516261223
0
72
0
589934279
4203998
0
5169944575
28
0
6270335109
18277761496
0
0
3
4
10057441952
0
0
0
6
16416780398
0
0
0
0
1
2996340537
10
3793392099
11
0
1
0
18
0
0
860063491
1414603793
501799464
458714808
9283256883
1357737930
0
1
6
0
0
0
0
287696181
0
8252620527
1
4082778
14609503722
1
15096557931
4107696179
3
0
61
0
78
1
0
4457977082
0
18540230123
14
0
0
0
0
0
0
12581178054
1
0
2
0
1
18864209550
0
0
0
11848807298
0
0
1
17035085101
0
0
1
11
577664978
0
0
1
0
0
0
0
9560729327
0
1
0
58
0
0
0
2022277268
9728623617
0
0
4578331747
0
0
226499760
0
17516695510
0
0
0
14137264363
0
8384602364
3747983410
9401356798
0
0
0
8320715520
0
6
9
0
0
2005362786
1
0
0
21387752971
2
10144869952
0
3
1049495513
0
0
1
0
0
7191403428
20
0
0
20299666912
0
0
11
0
0
0
0
0
1
5374993567
0
25
0
0
9117670150
685624635
3
12509686183
4310087104
0
0
0
1
0
0
0
0
0
0
2921445607
1
0
0
0
2923649735
0
1
0
0
0
0
0
0
0
0
2
0
20365464205
0
18264612160
0
19020418370
0
0
0
3
4
12234948376
0
96077769
0
1
61
6074693609
0
0
5817904300
3
107
8
155763694
1
109682168
0
0
0
0
17265966245
11870896374
2181562403
1
7
12068103300
14075489466
0
0
11
19280065730
0
1
0
0
0
1
6
0
0
1
2
0
13916812566
0
0
544405089
15
0
14534510155
0
1
0
0
0
48
4928089079
0
0
7
0
0
14603159780
0
5126923227
0
0
42
473748806
1618531456
0
0
0
0
7
4
6436450643
4299314277
2415568843
5
0
0
8595957599
11
0
1
0
1
18
0
28166945
312281446
40
10203862723
7190317607
2
18993146117
0
0
1
2
2
18393187469
0
5187484940
3
2
6097671492
1732046623
20267708875
3222595926
0
0
0
1
0
0
0
200
0
14630064501
71
0
12747376369
0
0
0
0
0
246260378
511200164
0
4
4460452035
1
0
7
0
0
62314206
14
1708562463
0
0
1
7
627762472
7210606
0
1
7
335405887
0
0
15
0
6
0
1823195329
6
31
12212501535
31
0
1
1
1
5
0
3
2
1
1
0
22533441468
0
3
0
217762820
0
19358860
21232228179
1
21459388755
9
13174159340
0
2
0
0
37
0
0
5428954
0
44
15
19342548736
0
0
0
0
11809226274
0
0
1
2982675327
1
9364919854
0
0
0
0
24
0
17
0
442163989
8509170423
18026210337
0
5981776784
3
0
3489488386
0
23305985892
2830155583
3
36
7398544846
8400884316
6
7
2
10
0
6
9144532885
0
0
0
0
0
1
14443124753
36
3
0
0
11316744580
3
17005681349
0
0
15384143959
0
6
1
1873997467
0
0
1
177
13
1
1
5662948270
6
0
8072852870
11242242330
2
0
0
0
0
0
0
2298691731
0
0
2
0
0
1
0
29
65
15
0
4
13095624002
36
1
1
0
159705768
3
0
18177631415
0
0
83763703
6646345820
0
4516064311
0
1818269711
36
10376281876
8670306545
6
20136997057
0
0
6
1
0
0
1
0
19
11508349204
226574132
0
30
10
16
0
1
0
0
6
0
1
1
0
4711399519
0
0
24
0
0
8522753804
0
0
14533495635
4801276598
1
15
15
0
0
1
1
1868817469
0
7694171693
1
14151680809
5672464773
1102997024
0
0
10
0
0
13268537750
1186256353
11096013091
13964875527
12826899052
1
0
39
1958215044
0
19878501183
12196336190
1
3
6
0
11361615894
0
0
1
0
33
0
0
0
0
0
0
0
0
0
3
1224308350
1
0
0
0
1
80
6584123329
15
0
0
0
2
0
37
1072349110
0
7825316010
32
3
0
26
0
0
0
21
0
61437513
6
0
0
14
13216910102
0
12237829666
0
533182898
0
0
0
1
9
18156196748
7
0
0
0
1
0
18
655134591
0
0
0
0
0
0
7525860096
3
0
0
1316253585
17759879698
5847980901
10459712435
2
21
0
2747921426
0
3
0
0
1362793001
682888
0
7027323472
0
0
0
43
0
0
0
0
4766505723
1007746076
0
0
4532666346
1502516763
0
61
809527221
0
0
0
153765615
0
18396159818
9
458265292
4533138503
13434553537
0
272
0
0
0
2283525381
33
0
1
0
13
8
6
0
0
0
0
1
1
0
18631324238
0
0
8607810985
0
0
0
0
0
0
0
19008767234
1486298544
15
37737430
0
15871228726
11955540533
0
0
3889814530
14061009514
6
0
0
3
4
0
537450257
0
1
3
0
0
588299109
0
7786385731
3
19192692334
21175592291
6134990034
1853460183
29
22413286782
0
21773029735
4645990464
4839192317
0
0
0
68425588
0
0
3205960116
937045028
1
1167372403
12
13961337727
4
0
0
0
0
3
0
1100298204
0
1
0
15272087223
7
11
0
182339181
2200863837
3
104029650
0
1
0
3
591229439
1
7377927764
0
22
7188815613
66
0
0
0
11862845397
19790385018
0
1
0
1
10057287947
7404603
4
7
36
1
0
19283228050
4
0
5152420192
0
0
19334965538
3
0
2568477
1
1
0
1
84
1583702208
0
30
0
1
14398236539
0
1
3
2223579600
0
1
1
15602327333
0
0
0
0
7
12606526349
0
0
18027816313
1
51
13936221578
1324527961
0
1
0
7681656058
3733746256
0
0
9
197556563
0
1
42616815
1
2
8488880669
0
0
0
1
0
0
5
9742411129
1
17809868787
0
6
3069269975
0
7697108107
0
0
0
6414600803
1
1719899495
1
2
0
0
0
0
0
0
0
12
0
0
0
18465206986
0
5548176792
0
2611053945
1
61
46
0
2
1855447864
19
1
0
48908
3
0
1
0
3
0
0
16
0
4
0
0
0
0
18497879456
0
7867924204
2
1185112794
1053267639
5438678216
5622996427
972993437
0
3170876823
0
10697218614
97160928
0
0
2
14224280
46
2635972389
1
0
22687055254
5959799521
3
7174762230
6
0
9944193656
12232018779
0
5340611905
0
158
0
3
60
0
0
0
21315044601
0
1
1
0
11786334032
3
15780622830
0
10
0
1
0
0
1
2
0
3
9997000200
0
9328537043
1859191880
108290649
0
14131164213
1
19509252039
0
21
5017676539
4769619275
9064639422
3
0
117
0
517527060
1
1
1
570974901
0
462854557
6
0
12
334995357
6953753193
0
0
0
2874844065
0
0
1
0
0
16
681043474
0
0
0
0
19637775187
5330559258
0
13755882206
10
14667645358
2
0
0
0
11814064228
0
0
1
0
1
0
1
67
0
0
15660143170
1
0
0
14106752725
85432192
131
0
31
0
10
4104413697
16152709213
1
68643380
20438636242
0
8392233622
57
0
3
0
3340267644
1212879915
0
0
0
2932109468
269131769
20092660740
0
19732532693
1
3
184451204
0
0
17659373947
1
63
2
0
0
0
0
9
0
0
174264163
0
1903339068
60475536
0
6
0
0
0
316031040
0
47
70316491
20244023483
0
3523981046
14763567334
0
17
0
0
10619044428
2073630
8217198626
0
0
2
3495986604
0
3
3801967297
6191972153
0
0
0
4
1
0
14676452662
0
7331049792
12
0
12755309389
1
9670914577
0
0
125321482
1098391038
6
14853295328
0
0
13396340212
0
0
1
1
1
1
0
5400475620
37
3
0
0
8999049
2
934933589
0
61
0
0
6
1
10
0
10745961629
0
0
0
0
15164424123
0
6287585178
0
11502317368
0
13884185694
0
0
17841522823
1
0
340107257
25
3
40
0
17
0
10
0
0
1
1
0
3
0
0
632262629
0
0
5713063019
0
16875994660
0
6356115657
3
0
0
11500626071
0
1614405035
0
2
3
0
0
0
0
0
10792198701
0
12
3
0
0
1
0
6567086672
11125904786
2049912140
4
0
423179625
0
1351823930
3
0
0
28
0
0
0
2577005435
18888707263
0
0
0
6
0
27
0
0
0
0
1270841915
0
5851794407
22
57
1
1
5882048537
0
0
9235067205
0
6280962966
0
3
24
0
0
319672529
69
0
7
433430865
15
0
22
22
0
14686981187
5952281944
20671425500
6
3
93082403
31
10
15425073348
0
11881877309
0
3
0
0
0
0
7
13
0
0
488216163
1
2
13030775628
0
0
0
1
0
0
6
0
0
8453724564
0
621420568
0
3284464562
0
3
9
1
22
307661240
0
1881776241
426467022
0
0
0
0
0
0
36
8357138173
1
63
0
0
6797036140
0
2836917888
1111831572
1
24223312
3894395874
1
15
2
3025330530
0
0
0
2
0
10446347538
11136951214
2
7
0
0
3
69
6046362967
9
1
0
0
3482219062
0
337293150
0
0
15688119805
301316392
0
0
8200322873
1
7471295601
16
0
0
359825314
0
0
7834154659
55638885
245
0
2310104743
0
6033437079
1
6
0
0
0
0
1
0
17875172738
0
0
0
3
21744851398
14261691293
6
3
0
889591213
0
1
356231450
6824606241
10775437568
0
1
9390284586
0
10
3853792354
0
3
1
0
7447897142
3
0
274036376
410376108
0
0
10
0
0
0
0
16653829562
1
6759047587
2226200364
18
0
3879894440
9698549465
73928350
0
1
1
731655184
0
0
58
1253689318
3
1
48
0
0
3968336722
0
20223102506
0
0
0
19696000301
0
1
3
2063298583
43
30
4460891220
0
3
39673243
132
6
1
3
0
0
3626406112
0
917348351
0
0
7
0
4
0
1
31
0
4721793511
0
7558066024
0
764427746
0
2
0
4439952747
0
1
628393234
1
12775556027
61
15
7808929919
5146280326
0
0
0
2484091664
0
0
4411618954
19629717593
88
15
0
0
1699334985
0
3
0
0
1
0
9
0
9261332647
29
1889994939
0
0
1
0
100
6
9
79875025
3
3557783017
5953920899
17684129360
3
13
0
0
10
0
0
1314234874
0
0
546153391
0
0
14141774373
0
10
0
0
0
0
8277659265
0
0
10
0
848522982
0
19
0
2
0
0
2
0
6
4194560208
21
64
387392957
10
129934033
0
0
2425294417
0
5312420562
0
0
2
0
3485907364
0
1
36
2
15
1
1
14
0
0
672647
0
1172904
1
456957238
3612912599
15
0
10
650187134
0
19
8
13566948407
21
0
20278056875
17687026689
0
1646903950
0
0
2
0
0
1138935812
10
304
2
0
3
29
5
52
16
0
16153663482
6383329847
16810864163
0
888224334
14158456089
0
0
7
0
0
11435984745
0
683284921
22375272205
0
474353776
9549848155
0
4
0
0
158
0
6
0
2614017577
0
0
0
6
0
0
0
0
1
8650744721
0
5360710961
1
1561129200
0
1
0
0
0
2715876423
2
0
0
2669528743
0
59840319
12087612780
0
0
14543627330
1
0
9
15544528714
1
0
0
13556229562
14
5978016970
4
0
18328944082
0
9
4
2532048832
15
14781581093
11
0
22413938979
2
8053410121
113991879
0
0
0
0
0
1205949103
5
3
0
0
0
0
59
0
0
0
3260641111
0
0
0
0
70
240873093
9944870912
12
7954218129
0
445776574
0
1
4940015812
14044286051
238
55
0
0
0
14710096743
10
14277880978
704480372
20
0
1003561402
1210398589
0
0
516411893
18726745914
0
13138289520
0
1
2036664829
2
3
7
44
3
0
3
0
0
0
3
19914321390
14817608352
3
1
0
10
0
0
0
3
1
0
11221278383
0
1
3
0
0
2063524543
0
1
2
3
928156114
3
1558408
1582012391
19379972104
0
3
2973122027
10
45
1
1
4
0
6
0
7626584430
12239651582
88
0
1
0
1
0
1
1
22156462592
5965904139
0
17
16
0
0
1
21
19523790397
109294406
0
1
3
48910567
27
0
1664839812
0
5383618532
9446160030
0
2
0
0
0
0
0
0
4
19989624947
0
0
1
0
16092828882
0
4897082024
7937308240
0
0
0
1
0
10
39
0
18228375089
0
13
0
0
26
0
17461775050
6
56
11919084410
4
0
0
1
0
14037485304
0
9252485420
6284707219
0
1
0
0
1
0
5859613382
0
17127505273
2
0
0
13
0
0
7
3812793508
17483911025
75091454
7420101086
0
0
0
12
20413527390
9594379596
0
1
0
15
13469721822
5
0
996163280
18692158887
15
20202168051
0
1287333587
0
3573885012
1947328448
0
6
1
18
5
364683900
3
15
11929958444
22041713
0
0
3
1
34
0
1
660527710
0
0
1
0
0
2
0
0
16966349444
0
8440136474
0
2
0
740546331
6915154676
1
5393386152
4775266473
4
11171245117
0
1077479103
0
1
128774185
1543488038
0
0
1
20164590821
0
6
0
4
0
12
0
0
0
18371377744
0
22685044485
710510590
7816870557
1
19892939446
21144332387
1
0
4
9821094303
1
0
0
1
0
0
12283320288
1
46
13
19
1
10457224608
13309381306
0
0
0
1
0
0
3
370858408
1445549675
217682679
0
0
24
13391969499
12821506406
0
283
1204386471
1
10
44574703
0
543877
10
434646332
0
138
0
1
9352514065
5409229186
21420510648
9
0
7319695839
0
0
5745194190
10
6600564991
0
1
1
0
0
0
0
7
20885904715
3904388484
6
13
21799706940
1
0
3
0
28
0
3969629156
0
0
22
20327542497
10
10747055852
11454629089
5265064299
0
1
15
14804872962
3
0
0
3453650134
0
1
1
55
23
0
0
0
0
1
0
0
0
0
4
18910630925
6
1
1
2691778172
0
0
3
0
0
3
55923980
12456291245
0
0
0
0
7
0
0
18983744802
0
0
0
0
0
0
0
647045485
0
9569667755
0
0
0
0
0
16216290211
0
0
1
0
0
0
0
0
9
0
1
0
1
0
0
51
55
19281772752
1
0
3
0
25
8
7
0
0
24531772
0
42
1
125397877
0
0
7880268986
0
0
0
1
770801425
0
0
14
7
14686250245
1
3316964186
3
0
0
0
0
0
0
3
2
5700364002
0
1
0
0
3
0
10
0
1978800235
6564838442
10
6
0
7144399849
708541078
0
6
2
0
15987805704
1
0
0
4
3483307389
0
20068112329
0
0
0
0
0
0
0
9851649868
3
7
14
0
0
3
111
0
0
0
0
9627096178
0
0
3
6556182972
0
5
0
6
2846029971
10666248555
10
137833914
4
0
0
8657539473
12713954208
2821113108
0
6032667272
384128
1
1
1
12
0
0
0
0
7
0
0
0
0
0
0
2
3
9172169325
0
1
4
0
6
1
0
0
0
0
0
12156327842
11
15530015778
0
210650286
2
1
0
0
0
0
4842101382
86
15852971595
0
9
5527430087
0
2428180264
0
12
0
11009874283
2
0
2189724853
0
80
0
0
15515693
0
0
0
20797574
0
0
8382992913
7
8411570400
0
9208517295
1
7368876421
125
4
0
0
0
0
15
1
0
16540212084
0
0
9242714588
0
0
17696705455
0
0
6876267069
1
4513444600
11137165989
20214059443
0
16
0
1
226784567
15068312057
12301011524
0
10
1465073470
0
0
0
0
0
0
0
0
0
0
0
1
4311848654
4
15
14920479717
0
963117115
446303458
10
1
0
0
3442433851
0
0
0
0
0
1
0
0
0
14068293957
0
4
0
3735757331
0
1
12609152958
0
14042372745
177779868
0
0
13712539714
19
0
0
0
4
1
6810089053
0
0
0
9326926942
1224390417
4
0
138002505
15146545539
0
0
0
8927899391
0
0
0
331
0
1966433243
0
9
0
0
0
0
18043896634
28
1
0
0
11520971413
8
0
11438461216
22276810030
0
0
0
0
120217996
6
0
2264272299
15475634771
0
0
0
15850422252
9211311
1
0
10291202255
16545046243
8716173344
17742182689
4920836763
0
15182924113
139027070
0
66
4409120610
4023204135
0
16762454625
0
22729771767
31
5712295628
0
2086422231
0
1310697348
0
5389670085
13518289125
90207031
0
16
0
0
2
1
0
8884803725
18806984943
0
22
0
7
10
90217351
58
11286339700
0
0
3
6
2
0
0
0
8
9846373934
3740003919
0
21934011678
0
0
0
1923166533
1
0
112909206
0
15135670332
0
1
6680927886
4763408766
0
165
0
3
0
0
60
730446121
3
2
0
0
480262530
14658462167
14
1
18
5
0
15555465756
1
0
0
0
0
2562793671
4856785329
0
0
1989012718
0
0
0
3
0
0
2213516536
18191702268
11839164186
0
1
3363673875
8588236812
0
10
5267497120
3035190861
0
0
20
0
180
9
0
0
20225096807
0
8675478057
760434276
0
0
0
0
0
0
20062972809
8616122245
0
12
0
4
6072787400
977207382
1
0
3452563520
0
9
0
10336490603
10
0
22964521853
377107640
115
0
0
55
2494689564
16
0
0
34
5
0
0
5
0
3
0
1092841604
6
23
15
0
5948695183
1
14553935210
2529440607
1
0
7798524766
0
16
3288447499
1
28
0
0
0
13
0
7960554409
0
16
7156010891
3
0
0
0
281073147
1
601431099
1
0
1
0
347539202
14629160735
0
6474240059
1
10
0
0
17
0
9
145926804
16804431998
0
7
55507321
1131785401
6
1644257943
0
0
21
0
0
0
10756988931
21260692836
4105187545
1
6
0
322726819
0
1478804306
26
2330301
0
0
0
3
0
3
1791114892
0
15
40
0
0
1
14360557605
0
0
3551091838
0
0
0
4345686255
0
0
34
3
9345757090
1
0
3
25
0
1
211
0
0
1
0
18
0
1
11950757
3
3
3
3
14656356413
0
0
2
51
19190900102
1975443702
2048110594
19813438831
1
0
0
804924953
0
0
6
0
14526271357
12655770494
2
0
404305342
12
1259415146
0
3
2
0
0
14145629430
0
0
1
0
40913167
0
16370037390
0
0
27
0
50
8005860542
0
5251617780
12645837215
15416750463
20604680151
0
0
28
18902422592
6
0
7
1
5466818195
3
0
0
0
0
0
18918785932
0
0
1
1
2
1
0
0
1
0
2
3
9774346452
0
640129462
103719879
1060403531
0
2
0
0
4592527121
0
0
0
6
0
0
0
18590174434
21151627853
0
0
0
21854335920
0
1758792683
0
4697593655
0
0
202055940
0
0
0
0
0
4651576438
1
0
7
0
2626449889
0
0
0
7
1
1
0
12
19987638
96
0
1437125453
0
1
0
0
2
0
0
30
1
0
0
9497471621
0
6808554754
0
11832014146
2783311010
0
0
16022966321
0
1
4
1168874550
0
0
16875957324
21
1
6
0
0
28
11385821967
17
0
7967363259
0
7558089736
8792645565
33
0
738385267
39
204382
0
21
0
0
0
1
0
0
1
0
10402839652
0
1437402220
13
0
0
0
0
20491628937
0
0
0
76
0
0
304765457
6
0
1
17
1
0
11
913099309
1
0
0
0
0
0
10406014785
0
621826142
2585017926
4
133528929
60
10
34
3
0
0
1
0
5344483063
0
0
0
5994946226
1140629355
353269558
2464886296
0
2867082669
0
0
16269518542
20486971137
10363577037
64
0
6482361535
10270824869
0
47
700660771
1685419483
11990310141
2721889298
0
23011524
8666788467
0
0
1
0
0
306793194
6161595071
6470155254
17
148
8
0
45
0
9826178059
3
0
1
0
2
1
9
1
1024103955
3
0
2
6103271811
49297
5028687330
4771454046
1
0
0
2
0
3
0
0
0
186004155
3
3
2423767529
0
0
0
0
6
0
0
15426958292
4311006804
0
0
0
6396665506
10406704348
2670840502
226645468
1
0
22456613410
21
414596123
6
3
6
7999907046
10255285411
0
0
1
1
19
0
719915
0
0
3
0
1
0
18135924540
1
15369610969
1
15962197826
1072691874
14
874689800
0
0
0
26
16
911212881
218626464
1
10628186561
10545386697
0
14859373463
0
0
0
20304158330
1
357
4380998390
2898991458
6
0
0
0
1
0
10
15331304125
0
3
4
0
3
0
11829930495
31
7
16098742198
1
6158229879
0
3798867842
3
1093459972
0
0
0
1
7
0
0
0
0
43
1
7655993090
3
12987078887
0
19059210286
0
81049802
9271693405
1
0
26
0
8058210401
18
0
0
14527788316
0
0
0
0
0
0
1
0
0
16454028190
13903009368
14
222
15
19241598584
31
1
0
1
0
0
0
0
0
1
17299609364
1
0
3
103918835
1
0
0
7
1
0
6
0
7950011065
0
0
6
0
0
12
29
4221241401
3154311218
1
6
0
3
3
1720523927
14811904094
21
14
0
478194524
10
0
75717538
18137260100
0
13358836936
1
52
0
802701243
0
1
0
236407404
1
0
0
3
0
1
0
1
8
0
0
0
49
0
19825348273
28
26
0
0
0
0
49
2559703180
0
0
0
0
0
2750947089
3
10
3
0
11
0
21292199767
0
1
3
0
0
4
5464519887
472418221
0
8652183440
903257485
0
0
0
113229464
1
28
3683221005
0
0
0
0
3856780897
6915092146
0
0
14
0
0
8
0
1894722521
2
37
10974438613
0
0
0
0
3816473731
6
17262463648
41
0
4363241714
0
3
0
0
719778126
6960461538
0
9395608980
13149092376
45
0
10
0
7110246250
0
0
0
1476168644
8360951247
0
0
15
7772815329
5
0
0
1956666882
25
6
0
5
0
0
11586624238
5673404078
4004375955
1853526479
1669618979
2572572
0
0
0
0
45
1
4666267617
19141910663
1
0
5596109478
1
11
0
0
12997781364
0
11620046762
9415347589
11281335013
9
19947415575
14010237029
207764389
31
10744953030
10557031738
8223927334
0
0
23
0
38
0
1
148169511
0
0
0
0
6533552212
0
1
0
5
0
0
362286036
9062907745
5941361410
0
0
1
20396958188
0
6179897049
0
2152593896
0
0
4493071887
16
0
0
13442730001
0
13533568805
21757757711
0
95
19342121679
3
434702947
55
357
22028006758
1
16967739501
0
2
5963811194
0
11909620223
0
3
0
1140426642
0
1
7367804911
13718450014
0
3
0
264
8
2258839807
12618291755
70
0
0
4477092082
0
0
7
0
1127059999
0
0
3
12829248108
2502689139
0
0
0
0
0
0
0
0
3771154805
7520323153
3
21
6
0
0
0
1156101485
0
1
19810787305
1436984555
0
0
6
0
3
0
1400569359
3
4464696279
15821736529
1
0
6
0
0
474910180
12681883360
3316194283
1
1
0
0
1
0
0
2070947380
0
6
0
20579452168
1472708320
0
21494479714
1
471861924
3
0
3
1
1
16301670288
39758975
17107964735
16
35
1133134028
2539974197
0
1
2493132
29
17972587860
2
0
14510017758
2
19
0
15
0
5416844112
549286237
0
5939256674
0
21
1
1
0
0
1056942050
1522174607
0
5
0
0
21
0
3046387238
7
1
0
0
1
7
6
0
24
17806303810
2
0
0
0
21
0
450475216
0
6
10089858737
6569129793
14
11895687251
0
1
1
19915174752
0
233843417
7618959488
4
0
0
1119411648
0
1338497745
0
379426492
16694564
4344293722
1
0
0
10105426231
0
0
0
1579735622
0
5
1
0
14202089173
0
16
1838150878
0
0
10
19616256401
37
6
2
0
508833967
0
2
0
1
0
1
3030948698
6
13052651432
1
0
0
1
0
0
0
11789083619
6284544443
6
1
0
0
1
23186113466
688499134
21179197847
13
1
0
19459034926
2
0
0
0
8
21720784828
0
14862857247
0
3
1
0
504983530
0
0
6247938418
3
3743960
3
629246866
1
21932506590
31
8
0
10888556429
0
1275799889
4
11146479872
13532828504
15
3516115139
3461342719
1
0
6
0
1705188331
1076510393
7659112434
0
1183482176
0
0
3964068500
0
1
0
400117488
0
10
0
11764279596
1045850040
2176683933
0
0
6441611424
6
106781707
488175690
1622279444
0
0
3
1068078389
1
32
11448571655
15
0
0
0
0
1
6556007180
0
13521841829
4298498176
5222994843
0
2323180239
0
20392530843
0
15893271199
1
179038694
0
1
0
0
21393420296
1
1908300048
0
1
0
0
61611586
3
49
6
43
10
0
7193521340
1014810741
9
1
10517565483
1
3
0
0
0
4
0
3
0
8043931046
0
0
3521883473
10
33
0
0
0
0
4804504649
7
15061078157
0
0
0
804908184
0
0
6
3
0
15805373628
0
15218548707
0
0
0
0
1
1
0
0
77729080
18044635811
1
0
0
3385850268
0
254
0
0
0
0
0
0
0
6
13359583176
0
9483972012
0
17
0
23
17
5
11619574962
2660587228
0
0
2
1
0
19876123059
0
0
0
0
190236685
0
16338724970
10911377653
7
0
0
1
0
0
0
20
31
3
3278096455
0
0
3269770626
0
0
8052281792
0
3
1573305383
12551370466
2293963480
118
1604966177
0
1
0
5553948
0
0
7594103255
0
3
373790444
0
20624730657
0
0
0
0
149791773
1
2249230469
137423736
0
5
0
0
3
712344454
0
4
1
9
0
3869533375
11163054102
21903661788
13087082843
0
9999364163
2845928713
2
0
0
995890024
13
0
2894207589
1
1
11084070699
3418265511
0
1
28
0
5571041629
10
13636315199
0
446982045
0
0
24
10995096308
935587136
6
0
0
3531641305
977817426
13549824
0
0
0
0
3
0
1067214288
0
0
43
0
0
12977990796
1264065674
0
365366973
18872184052
7932714305
1
0
2
3076111963
0
0
0
0
35469928
0
0
6437718568
0
0
24
0
10
786193171
0
8675716
0
12240383995
22
0
0
16139478195
0
0
3
0
0
0
0
20651378233
1665286699
0
8
0
0
4
1
0
8375294835
3173522
5207318865
5186029185
26
18255497924
0
20902726675
0
4376592949
17419914597
0
39
7295928010
7
0
0
1
10
20851043
0
682736257
1
18224864438
0
3921443239
0
0
14033487747
0
44
2
0
0
13
6055472144
49720567
19
2
3
0
11
6341722
7206098473
0
0
6742027268
18764183769
16865443492
0
0
335304532
4956900259
2
19248183793
6571242790
0
1
13167056850
0
921755849
0
0
0
2751702266
0
327050047
7
13872131513
0
20492092893
6
0
83997279
1
0
12473466199
1
0
0
0
0
0
0
0
43
0
0
0
0
2
0
1
31
619430706
1
11753169910
4979918807
1
0
0
1
0
15
9247639179
34
4283286496
0
0
1
0
0
5
28
0
15291356011
2440046836
19180306617
112
0
18
0
1
0
0
0
0
1
3
0
0
172
6026828241
24
16963442649
3362785083
0
0
0
15047928489
0
1
12925050129
1
0
1
0
1
0
106199747
1
9049926703
9988932076
14627456639
0
0
0
0
0
19340305675
0
0
1
15531177032
0
76
2843677272
0
8
14
0
10
0
12740821976
0
0
161
0
228315634
1
0
0
1
1
0
0
6
0
0
1273726053
0
21
0
19738734424
0
5727454761
6783648106
0
3
1890843538
1
0
102495702
15
28126487
3
125103386
0
1
0
21
4693726659
0
0
0
15
1
0
0
0
0
0
6
2
0
0
0
0
0
3
109428461
16760250825
4010498054
15852895394
1
2
0
121
22
790229329
0
10250527575
83
0
121142308
7
3938298576
16176316985
0
452358648
0
0
111160117
1
4634783768
64
4
0
0
0
1
447587947
0
0
17575421525
26
2603002
0
20873347030
4
46
3
0
0
6556767701
0
763884671
3
0
0
3
0
1
1
0
0
128688153
6
0
0
1
1
21096319321
1
0
1
0
0
322100936
19186548831
0
1
0
0
13
1673280888
13
0
13969620443
1
0
0
0
0
0
12937450891
1677562085
15
3
0
0
16
0
0
0
2408661696
0
0
17602987306
10392855796
0
0
3
1044262704
0
13593708535
2
0
1
10815043855
0
0
14300479401
0
72
71
3709079079
0
0
21584383870
0
0
0
0
1
0
0
18
18
5194510299
0
0
0
0
11
14641323983
0
464757424
36976645
2
0
5100576100
9934238008
14
22
401411981
0
2325077529
10
1
20
57
5477379768
7410282882
0
3767924194
82562418
0
41
3
0
0
41
0
0
36
423
1
3
9810347058
1488184301
15618427640
0
1
0
42
4547049276
0
0
4389203445
1
780642917
30
0
740456618
84347683
0
4691609
0
735490
0
0
0
3
0
15
0
22
0
0
0
1
1
8
4
4278348298
14572255199
3
0
0
0
0
0
8206655191
0
3808426792
47
0
0
0
0
2
1
190010615
0
9629995770
0
0
13
0
50
13384225936
6
0
4739311255
7977029472
0
7276308951
0
7
64
0
0
0
3
0
1
17199277941
1010735045
3
0
1
0
0
0
56
137677458
7
1
708630301
14041969068
0
14197133760
1
1
0
0
467064420
1
449841252
0
12206707941
0
10134995761
3
0
1
5767049589
0
0
0
0
0
1
0
3629250
13
0
15977177577
12518654778
0
24
0
1447709119
2390092391
18
0
3
0
4295710231
52
20594037313
0
16083890622
3
0
0
0
21
6
6877279239
67
14019304902
0
1928829772
0
154
12022679450
47184411
2446686108
13386687009
0
0
7299010653
11
0
0
7
1
3
0
0
0
3
45
1
0
0
0
0
20207332036
12473673195
0
0
0
0
2
0
3193465666
8
3
3910550243
0
0
6838967911
4
3
0
0
7
9053765942
1868479924
423024393
0
0
0
9
8763900247
12574195142
0
1
269274928
0
0
1
867118867
0
6113052574
0
0
0
6
27
0
0
2868086815
3
0
102
3
653401419
62842743
3472052551
6
0
23331288688
0
0
0
0
0
0
3
5357140321
1
0
0
50
1
74
0
0
2
1
17240169467
0
2464864840
7035110918
1
9
1
0
1
0
5
104
0
0
0
1
686446709
0
3
15092162569
0
0
0
5226872837
4703590
12869153700
0
16
0
3264062365
0
8048827167
0
21849254320
0
12170135112
0
16252767405
0
0
207791614
0
0
0
35
163156683
0
0
4115942217
0
6
7
46
0
0
6
12159077484
1
13
18
1
3
0
13583784980
0
0
0
0
16
0
0
0
0
0
0
5752413633
0
0
0
0
102
0
3683290624
8
0
0
8278713820
11580267640
2
1
0
0
9065226445
3
11862473261
0
0
7
1
3
580525177
34
0
0
296703998
4804494735
0
92752580
0
1
1
0
10
5895940876
1671143752
0
84
3654114312
2
0
42
0
15800891620
118827643
13661631072
3287670033
1
0
11297010590
0
1
6887554238
4
0
0
2170322004
5421731776
0
0
23
0
1276720107
7586627971
1
1
0
3
0
7135144942
0
8114243621
8
0
0
45
3
5167680222
1
0
12
19104107598
0
3030546628
4564244974
0
0
0
62153982
0
3020674853
0
0
0
32571781
0
9
0
0
1
0
8
0
2
76
0
19022993
23557007165
0
19317477020
0
0
3
1
0
0
1
3
1421992841
81
2
0
0
0
45984785
3
477168860
11615112346
2966108261
22023732609
3324810885
15184301901
18231300653
1056127389
0
0
0
1838335346
0
0
0
0
6043414576
0
169196874
16
1248576
249384595
0
0
0
0
1
8122252857
6493207501
0
1
1706143899
0
0
0
0
850656
0
6580496460
9561548027
0
3
0
3
3
12
0
3
0
0
1
0
0
53
21
0
12
2192390508
0
0
0
0
0
0
0
0
0
3933165049
23
0
1
0
6
2895275182
0
0
18628552354
154106995
0
0
0
1
1
479798042
0
0
31
50
3109026592
0
212489235
0
38
0
0
7158502396
0
0
0
0
1
4206825691
0
1
0
0
1445445615
0
0
22759982074
0
3
2
14035270957
6
0
0
0
0
8619900454
0
1
4
1
6
351786719
0
0
3
0
0
0
0
1
0
0
6
0
1
983296508
0
0
838220880
0
0
8254623129
244452731
0
5809750750
7
0
20104626317
3
0
945001124
7
0
0
0
419170794
0
0
1
21672433326
0
4888870721
0
18393144709
8773110084
70
3685822960
0
37290778
0
2116008478
0
0
6
1
167
454940397
0
0
0
1
299954746
6260616229
1
2
6
8255912864
1094545535
0
0
3
0
0
21
0
0
15833230908
1
0
0
648750292
0
0
56
0
0
0
883455959
98
0
0
0
0
0
2
8787743472
22
14774980057
21
10633213495
12005111992
21049840759
0
0
0
0
1
1
27
215418775
0
9
18
0
7099916443
6
3667902763
0
2
367362950
0
0
0
0
0
15
24
5
2322245539
0
5267371179
114
701943
0
11
0
12998248
0
0
0
0
7
77
0
0
0
0
15
0
95605847
0
2
4
10
543817659
18022015861
0
0
0
9
21
12235846
6
0
3
0
12901666968
5907894
0
0
2
0
0
0
0
14964542250
10450644976
5768990356
53
0
0
0
0
1
19611688045
7017713828
0
0
22930207432
3590151607
0
0
0
0
12216907686
21107021213
17
4
0
0
0
3
2369166443
29
0
0
0
278
3
0
0
7155080673
0
22
0
0
0
10
0
3
0
0
686280623
0
10944997294
0
0
20
696859503
0
4
6880574910
5
0
385143715
0
0
0
114
0
41
11806379430
1184490085
807601978
0
11543840536
0
20555450879
25
13
1
0
8643469536
0
18326672011
3
426563675
1
19
2642689704
81
0
0
1051111471
10
9084772158
3
0
20326372879
0
0
3
0
0
0
14555277432
13287226943
0
1498812655
0
0
0
4
541789077
15797708461
1
5900376351
15785825483
0
0
0
7139409284
15669191912
3
0
0
6637818409
0
8038882414
2
0
6
0
4637728895
20684102478
5
10564991537
5703431895
14344997088
0
697363200
1347674478
0
3000703160
0
1
16626756886
2650974138
0
57495103
0
11500720218
0
16542154067
0
1397073488
2954711138
3
5017261
0
0
0
0
4776392807
0
0
7403819451
5
9
0
5
22856455982
16775230472
6
0
0
9387695345
2
0
0
0
1943234117
0
26
0
6
9540798320
0
0
145946295
0
20868051348
22
5148337637
75
3
1
0
1
0
4198284869
0
1390378028
9132686775
1
0
0
14092054440
815788220
0
599026777
0
92
4
9022057558
0
1
36
0
0
8345100816
93169763
0
5
6531557701
169212256
1
0
2869844361
7
0
0
2071782122
1
7647697238
10
0
1
2
8
7
3
0
666270659
0
1
4
0
0
1042726390
0
0
40
0
450597897
0
0
0
0
0
0
16792559627
21
0
0
0
19
2
1358095940
2854063395
3
0
6
7
0
7
2
11068560153
42
0
0
0
498288357
1970476775
0
2
16373135315
0
7778272974
15798466501
0
0
414
0
3698046007
1
0
1
0
24
3
18220086676
1
0
6
20865356301
5
4
8646952606
2
0
0
1822952182
18
1169604708
29
43
3700397015
0
0
15
13851425696
2485995748
17931686647
14692838792
0
4758097769
20371826173
5006606982
21
1
0
14618615031
50
378863480
49
7868236549
0
0
0
11
4464515229
13
23
1
0
5986007060
1126877874
85
56
0
10596070210
1
0
10
1
22
125642910
7
3
13862524556
0
0
16815959058
10138945086
0
0
17247867363
10
21
1
0
0
0
0
1
0
1308676156
4
1
0
1
0
0
7
4
0
0
115
3
1
0
2225453833
57
0
0
0
0
0
529
1
46
23254122874
13134266476
0
19942586836
12551573363
0
10
13656924632
7
19439710312
11802355083
0
0
1
0
0
0
0
10620772886
0
2531781983
0
6
1239947627
1
14
91970024
5873380574
0
0
0
6375104475
11
1
0
6974662241
0
0
18
0
1
10
20
4336344636
6
588622185
10
3
1
0
0
0
12350705271
4
4693325468
3
0
11600252384
0
135889619
0
1
10505283066
11701914903
0
13400036751
0
0
58
7769131399
0
3
0
0
9904584872
0
1692686072
0
18298049063
19079632780
15
20
0
0
0
3
0
20473677203
0
0
637178520
0
11999180664
3
0
6750899059
0
4
6531847279
98586973
61661035
318398225
1
24
52
0
1428735046
0
0
0
4728384389
11888167503
16997745720
2526347357
6399500377
0
109
3
1
0
0
21076628110
9
0
22
0
4825313229
0
356
10
638296878
2751309644
0
0
27
0
8761117683
0
1
7
0
2
0
0
0
0
19
0
0
1
30
8798514320
0
3
0
18543855165
1
34
1
0
20649384919
0
6076486277
1
6948763
94
0
0
3
5326085587
0
0
3258331923
0
1
0
4708475660
0
9388210532
4540920430
47
1980889089
0
0
1
5191791981
33
30
0
1
0
0
0
7431771168
0
0
1904609320
254
0
0
1
19442388791
28
0
2
0
11141206751
118698280
0
5234713538
0
0
0
62
15
15358310388
9927334623
102
0
0
0
0
8553199613
12461529949
6000686706
2
0
0
4
1326184527
20407969956
7
15599404343
6
0
0
0
0
0
2
10
0
19536234689
11
0
8064077486
0
0
9
7348176943
0
3
0
408064990
5
0
1
0
0
2278708551
0
1024203991
10
6244844016
16555016267
0
1
0
0
6
27
0
0
0
23273638341
0
12
1421470769
3
0
0
1
0
24
0
1
0
3436861207
0
0
3
20515895933
10
0
0
2
5
0
9
4120723171
16762653846
0
0
5717726013
646851804
10
14468121696
0
1
0
37
14
0
0
8254920834
7568878980
0
22944756755
0
1
0
12
1357042243
0
0
15
6
79
0
0
0
6
14582546781
0
0
4
22424208834
0
0
0
669531133
0
12243831405
0
3
1
3
0
0
3840040797
0
907065453
0
4850238277
0
0
16168598995
17
0
21
0
0
37
4905148975
0
1557346760
0
1
340
6715436903
65
0
0
0
3206405717
47
0
0
0
20790456875
0
0
4855526288
2661728348
14226656416
0
0
16130805930
51208077
0
0
10
0
0
0
0
30
9
0
10423425821
3632182812
0
0
0
3
0
484117840
26
0
0
10
66
0
0
10923255045
19925341588
0
1957639747
0
111
1
3
3
18
0
5
1707617216
0
13355678653
4
0
15
3135341879
0
10
1059027878
0
8750976881
0
0
15
3
16967428129
1
4700690427
0
136636230
0
0
412363842
1
1
8
7
10198757212
0
8508415675
13973380978
60004184
0
20909956115
0
0
57
0
0
0
0
1849870709
5263965638
0
0
7057405218
0
0
18
0
3
2061634326
1252958715
0
0
1
0
0
0
0
10
551676370
1
0
0
8191949208
110
22176156829
55
0
1
2026102393
14700031200
0
0
78359086
0
0
0
3876407021
33
0
4424802625
18745026217
0
0
1
0
0
5552881781
1
76
1
1793911728
0
1
0
1283680768
32890281
568632070
164252719
0
0
5684744436
3
0
0
0
0
16
24667813
14260899655
1
25
7935895122
3
1
3
1
21
0
19319291355
23
0
3
0
6
6
20532913996
0
0
0
3162118071
0
0
0
0
0
0
12
0
0
1
3
0
0
15
0
3
4509244485
6335521362
0
0
2
0
0
0
0
10405773579
19508758102
12
0
0
0
0
15
20757618896
61
1
0
11464668709
9791764215
0
0
15205331945
1
0
3014806784
0
0
1279761680
745355479
1
683868867
3
5
0
56
0
5
9676516798
1
31
4
18833616566
27703877
0
0
15
57
75
0
0
0
9395607182
0
5888174305
0
210852402
0
0
37
3910385540
0
11
438614482
9
0
0
0
912702259
10
1095789651
0
1
0
0
0
0
0
0
14170973072
0
9981448616
80
2741086969
0
1
44
14507005851
0
61779398
12
0
0
460105780
0
13941196678
0
154
21
0
23036259272
1465857340
771544903
10351019905
0
0
3
12365873869
0
0
1
7
2332624777
0
0
0
1
6
39
0
0
0
0
0
0
19728766169
0
0
0
2954445423
2
1
13443138792
12992877550
12773479763
1
0
92488401
7
0
0
61
9968967164
1
0
1
1111864936
0
195815692
1
9229813908
18063523791
0
1
0
0
2
10439706706
119799262
8844351795
0
0
0
7
1
12
1
0
5809567302
0
2
0
15138098736
0
0
18
0
41
0
14
10
3816937102
297455970
8
0
7211122457
2054797526
0
0
11435068706
2
0
3
0
14906765468
0
0
0
588008071
6
1
0
0
0
17
17623867233
22037992013
0
0
1
2
3
0
1
12414594560
1
0
0
0
0
0
8
0
0
0
453457384
0
16916379253
0
0
2429113018
0
8291740727
4
0
18
3
5129606902
0
0
1
0
0
0
0
0
0
0
1950803207
10051326559
0
0
5
4646736955
4
5315401460
824448491
0
0
0
28
0
0
5707710829
0
9428917560
0
20
3
0
0
1924443991
0
5606232478
3212803525
573292115
0
0
10
0
16190255601
0
0
0
0
10504285672
0
0
15554238282
0
0
45047452
0
0
2075366592
3
0
90
0
11398556732
0
15
3252184842
1591275063
22
28
1
0
0
2
0
10778892952
0
0
0
0
18442321801
11
8935431875
28
6493258489
0
1
1
520577678
0
28
0
9813467318
910618147
1
0
0
1824472295
15443228681
0
3
0
9
1
0
47
0
0
0
1
122
0
0
0
20643880113
28
22
0
0
49
15383951094
90
11907450795
0
4772247275
57077969
26
1
0
0
1
0
0
0
16212029794
0
1389718561
2472519341
0
5591373
6
10
18234496468
10
21674601899
0
0
0
0
2449370311
7
2150019202
80
15717192938
0
1
0
1
2000366898
1393387372
4793840841
3
5118069381
11477163617
32639920
0
0
0
108518716
1950269714
0
31
0
0
14677376070
0
17060246703
0
10
0
5392877328
0
0
9713024904
66
1
6247231459
4938804
0
10
533711404
0
9450153832
0
16858801945
0
0
0
10032609149
15
0
0
1
0
0
3376461629
0
0
3
534228733
8590388437
568463784
4951894389
17072623252
7450051450
0
1
10
2769837915
0
2
0
0
0
16358351075
2
16161495254
0
0
17019370915
0
0
0
0
0
21254702875
0
0
1
1886358366
0
0
0
5
0
3775941553
7886818376
3
7220410530
0
4
0
0
0
0
0
230423545
3
0
318836985
0
22708908928
0
0
1
0
1
125068067
0
0
874919622
13
47
1
1536369297
22999212160
15958704308
7867232027
1
9283607177
0
11448073050
1043716427
0
0
0
3
9397980568
7532075495
0
28
0
11
19592957906
54659228
0
1
9098250512
0
6315363099
6714291603
0
10
10787312422
0
0
0
16841649370
3694047505
7966735134
0
0
7988071577
0
0
0
0
0
0
4114992699
2683600488
0
6
0
5
0
39
2
3
0
0
1
6635961392
0
0
13193140726
0
0
0
0
21
0
14998748038
11419860553
0
0
0
19213567966
5130169645
0
0
0
0
6072094586
0
0
1
0
86856630
1
492993043
9153129045
4
6
0
64
3
0
34
2
17995459061
16
3
0
0
9973168907
6682047278
0
0
0
3007044907
0
4394192205
7085479509
877256822
0
0
6
0
0
0
15712863031
0
14792565222
0
0
0
770318498
278964858
270960716
2
8498517955
1
12
8735404346
0
0
0
22
21
0
1935812093
13110876754
1
198
15
0
3
0
11165427309
1186427
3
3
0
0
0
0
155818232
1
0
5
0
0
13213213135
0
12
4026483948
0
0
7946049595
0
0
1
9720562687
15564393
0
1
12407880058
0
1308850685
0
20771264639
1
0
22
5
0
0
6
0
0
0
4692138770
0
0
45
2
0
1
0
3989003
6
18
0
0
0
0
999714199
44965512
0
3
1
0
23
6268428746
3
7
64969445
977192336
0
59
0
0
0
2
0
1
9567134466
2311271461
0
7
0
0
19
0
15
10767671845
1
1350028513
8487905862
0
0
0
0
9
0
29
0
0
20520083392
9156573097
76468956
9184386223
0
2
1
0
5103741018
4153524099
3720312645
0
0
0
11606480726
6540477053
0
57094618
0
6
0
1
1
0
32
0
1
0
1003573631
0
0
0
0
0
0
0
30113465
1522159842
0
621275618
10
0
5454659858
0
0
2102519005
1769773388
0
0
0
1685767778
720233916
0
20533681152
0
19125748082
203139619
4719334677
15
18034564099
0
2014152019
14549595253
0
35
0
13802496748
0
0
8
1
57
9214178630
9782553433
0
4366188377
0
0
4
4407098604
1
14
1
0
3
0
0
6050694621
0
0
18881252464
0
4937812274
11572006310
0
5
0
20774960052
0
570388389
2
1
0
57
0
2611881824
0
10
0
171971
7595538923
10
0
0
0
672572218
0
0
0
11182961458
3
1
45
3
2225108297
0
4
0
9
0
0
3
0
6
2334831685
0
6
421698980
0
8178435484
0
2
18545868212
1011869864
3422066727
0
0
0
0
4004354099
9199987505
0
0
0
1
48
0
0
11304216082
0
1
6
0
0
37
0
2538606199
0
0
1
12982609273
912436541
9184357365
9
601490977
21640382515
0
1
334382764
16
0
6245789927
20275142925
3
1
51
3
0
1
20263533774
5
5
0
9755058841
1
4794322948
17
0
0
0
564063
0
249625891
1
6
0
51
6
0
17440927729
2487247853
0
11
0
0
12084775682
0
5734266295
1
1
51857106
10
6935174193
7892603978
6290461882
0
0
0
0
21
2903569259
0
41
1
0
718830093
939179678
0
14921622933
0
0
9513446103
7058126219
0
1
3010964993
1362184687
0
1040591029
0
0
2829865990
0
1768602190
8470384347
12597532404
0
20
2
0
3
7342535036
7
0
3
0
0
0
8106306411
11158647325
1
17755916548
3
0
0
6104160364
73
1
0
0
6
0
0
2265987675
9310117878
0
0
7994219025
223697494
0
0
67
0
6
1
14
0
453
20935275597
8388848917
0
0
20642220971
17694033762
3
0
0
11
0
1
363579023
0
0
4793826103
5606035109
0
15004644478
1
2888317916
3
17
1
0
0
16944945784
6787278629
0
0
471824437
1180064005
5390717683
9696925602
4
0
5960121309
0
4
1
0
19592850278
1
0
1
1
14491669161
10060784653
6
0
0
3
0
8
912965734
0
0
0
0
0
36
28
0
8
70449268
11594785988
3
1735023191
8
0
6013288328
0
23042812503
7160045186
25
95
2756073689
0
15
0
11560745374
0
20116805155
28
13
1030464899
0
15
0
71
0
4
0
20000583300
0
0
0
13543479486
1
0
0
13
17919604234
0
0
12811886917
2
15
0
0
0
0
0
0
10
3
0
0
0
0
6020115059
0
21414900229
15107506362
6
0
0
1
0
1020114339
0
733922
8124463844
3078172834
3
29
45
1823823505
0
0
0
810085715
23
91
1910257064
63
1343683649
0
0
3237798590
0
66
401945960
0
13369171941
444117873
0
1
15538029833
3084648964
2188190881
0
0
33
0
0
1045836400
5697582216
10973917775
0
0
8
0
255
4353377896
3
0
5375193168
1
0
0
13343047695
5962762056
0
0
0
5343287698
0
8054609903
6
57
0
762066402
0
0
1482029290
3
0
2497294901
0
0
67335429
19054973334
0
22433837940
0
46
6668255185
1
0
0
0
11977333018
0
0
284271028
326323868
1
0
2823045681
1
2294194772
0
2862923941
16700549514
0
14434875392
23210887183
2
0
0
1675531873
14512154325
1
4477622075
3287425289
0
0
28
0
0
0
4
16141866309
21
0
3
0
0
0
1
8987298
0
0
0
0
4354261616
0
0
1
1
23
0
2862099583
1
0
0
448432361
6
0
0
6
1
29
0
3
13026730196
8074332961
1
1256590357
6432856230
1
0
0
6100278345
0
6843270916
0
0
21
1859015311
0
15384511795
6050433129
3636003386
6391246190
14644910204
0
1
9416540585
1
16891725988
17296553853
3
13
3105504445
0
3434377642
1
1
3728626
1128887588
74347203
0
95
0
0
1
9982800614
0
0
0
2
3
33
18725876059
0
0
1168076676
15
408456484
0
0
76109765
0
12121250679
7
21
5716287354
3
7
7
25
1931929425
1
24
1
24
5463403477
1
3
0
2747113730
3
0
33
229208265
9
0
0
0
941030844
10446164199
16934393851
0
639316983
4257219821
0
1
0
0
0
0
0
7717011931
0
2678066449
0
11370445409
4311055306
57
0
5
0
4
76
0
1
0
0
1783161946
2237447027
1
12097026315
328514105
0
25
0
0
0
0
10
0
0
0
3
0
19296762324
0
1
1628602103
19
1
0
366138077
0
465106907
0
0
7831001169
3
0
3573304369
0
11260345940
10637316405
6
7151427012
1912798875
0
580160448
43
4
6
0
0
2
0
1
9
0
0
1
351006300
62
0
0
0
6
36
0
1
0
1
0
11834853202
12151925442
0
6
0
0
0
1424971415
3
22277937408
1
0
11110294971
0
0
28
0
4575676683
1
0
1
18781253020
0
0
1417498197
0
12
2
7250127094
0
18
0
0
0
0
3859725807
5379955572
4
1
0
3
0
15
7958490376
101
0
0
7746410042
0
15332649342
10
1
15950913038
1
0
3
20188472782
0
12
6584135171
4341871725
73
0
1515101919
14590518878
0
0
0
6
0
0
7502515168
0
5201912465
10
0
2100675376
7
1
211035369
65888970
0
8507731
0
0
1
0
0
6
0
0
14437091005
13
3738373611
29
1
0
0
10558011750
0
0
0
0
0
1
1
87
9
0
6
0
6
0
0
3
0
1
3
19721657395
1
0
2
5
3
0
0
13325413937
4
2679525304
0
8573165284
1732912241
0
13
1
18633365719
3
10406209923
0
737716035
0
10818126704
0
0
0
0
1
0
3
2191343715
1429207038
7965298506
7843873290
7691829644
0
0
3
1173087181
0
0
0
7136293872
0
7867177455
48
7
10568636879
14
0
1
0
717587850
0
1122879394
21
0
0
10
0
8570307726
13475363775
1
0
21133432993
0
0
0
110044492
3
0
6401185376
0
11321490148
6
0
101
0
6
1401157039
24
1
7317655520
0
2909524839
0
1585639834
75
1841708774
609836769
1054031774
0
0
3
3535497855
10
21875350336
15174691559
1162011696
0
4
0
13702136373
456312356
4167766125
0
7843394498
0
0
0
52
0
0
8
0
6
0
2
0
5361895987
8082106811
17333498355
5252155552
2196819293
0
3
3
0
0
1
0
1
22707077902
15389478175
18210202834
13858192019
6988693813
0
2
121448492
0
0
0
11331262361
3
0
0
144
0
0
942143365
750464997
0
0
0
22820792353
18962913177
2789482104
3396740267
0
427214815
0
0
8658699930
0
0
0
21
18693953103
0
12988083464
2
70
0
0
1320729508
0
0
0
0
2390185996
10833369
152079024
11
3
0
8414096182
5096785071
0
0
1
15
20611688013
0
0
0
1099576413
1
1
22628815349
21627625260
8455622473
0
0
1
0
1
0
0
0
0
20812054602
15123977034
0
0
10327902803
3
0
0
10298582521
16568500005
0
0
13240422446
0
1
15
0
3
1
15
3
0
16262324044
26
2
0
0
0
1830754541
0
0
2
6775929538
1
13540948370
0
0
21
2
226
0
1835352687
0
0
1625085129
60
1
2874194785
0
3
0
1091544296
6871000797
0
0
0
0
6
0
0
18591829160
1
0
0
2
7103283259
3
0
0
13892832364
12962722447
20887327756
1
0
3829755956
0
65
0
198643569
1
1
1
0
9394220760
0
19387012484
1
23916321299
0
76
16
0
3805675875
10482627058
7994821303
16491926049
3
0
0
15
10
6
6843764544
0
0
434909441
0
116835908
0
10
15
6
2
8
26
1
0
0
0
0
8229022345
1
3
1
3167326243
15
0
0
85
0
7
0
11386216254
8222118
0
6
10
0
0
38
0
0
0
0
19
1
0
7579830020
0
0
1427969392
0
11969436584
0
0
1
0
3076765497
0
0
0
0
0
0
21139880619
10
0
10
12021548962
0
1
0
1789747506
514081909
0
9954143347
0
0
0
3
668638
22561843980
475111180
5879476634
382
1
17398519469
1385912120
10
1
0
0
0
0
0
0
0
0
0
7
0
10813762195
0
12
0
20
1288397104
0
9955717961
0
52
0
22456378380
6
0
0
0
0
67
11167388406
4633824372
2843723173
73
0
1
5741489970
0
0
11554330465
0
2
10
1
1
0
3452077360
815404168
0
25
1530623645
1
0
3
0
22141120618
0
1
1
0
0
0
0
17
0
4881995562
0
4
54863503
289322491
9390953836
0
1
26755415
20252689971
0
1
0
3344954262
1342514362
24407581
0
0
16479479683
18696030593
6428832682
33
0
0
947879798
0
0
8
3785685692
4044469718
21
6
186
0
0
0
6715796641
18707428913
1
0
5947597172
0
0
1
0
2115803461
9053940517
0
0
357850365
0
0
0
0
5662003012
0
0
1
0
0
0
1
1
0
225311983
1
11749241879
0
0
0
4108630046
5125646145
3572344753
0
0
7690968035
1
0
10981801059
0
8
0
15262579003
0
0
1
18979455214
0
0
380
1
290682335
2359461807
4420185302
2872366548
1
751609528
0
5619864210
1
1461433630
125414295
5
63081333
18780842987
3
64
3
320203276
0
9793545734
0
0
0
0
0
13000441893
26
0
0
0
16
0
218336530
0
15
0
0
4890375272
0
2245847930
0
0
3
0
0
7
0
2
12383025816
4763836451
0
0
0
3
141
1
0
0
3
165
0
14356516419
1
5
0
4796246503
1
0
0
6
10
0
0
0
0
17019536925
2
6
3259466526
0
1
4
0
0
0
0
0
18089688913
2264239329
3
0
0
19148736237
21
0
46
10521389832
0
6177183346
0
7943525106
5155781497
12550900173
2
2
6
0
0
8130247369
97
28
11135296578
10143829462
41
0
0
0
891152366
11366048519
7
18445575051
0
0
1
0
1
41
15
68177850
12
7283997700
8448191304
0
0
0
3
898191507
0
3
0
648182873
0
0
0
4669813878
1
0
0
0
0
6964215288
13424699957
0
0
1
0
6
15
0
15
0
11263648359
15933244611
0
290812361
0
8
7
1
0
50
20387014696
3
309322787
1
0
0
3
0
1
4
0
1782625619
0
53568906
0
21
14224508063
1
6618576772
0
102
0
1
5463294823
0
0
0
0
5249188680
15800729914
0
4
0
0
3351464107
0
0
0
0
2
16514319369
10823551
0
19885772623
0
13117087804
8551008400
0
0
23
21062465052
0
8178336132
0
0
20
0
662457717
4697644744
2
18245691252
3433613741
0
5843238910
0
1135676529
2
37
3402458860
0
1
0
0
0
3
1
4670402052
27959457
3
10300139408
283659400
0
0
0
5907145151
1185308340
5916983896
8
67
652749101
622761097
3279784544
22
17249618628
3
0
0
20588379626
0
44
0
0
0
0
0
0
1
12550430091
5
740434535
0
224476257
1
36
2829659055
0
0
0
5
0
0
1
13402368468
173961478
1489675345
0
0
821926218
4
53504768
0
0
1133539394
0
0
1
2
13394462119
0
17746761679
0
5
179
0
653229262
0
0
7110530956
2733207891
18
36627025
2639388536
8395443596
0
31
8428084543
0
14
0
0
0
0
18044352
0
0
0
0
0
13
3398862109
0
0
22
21262763408
45
0
0
975934550
1
5950765413
15515004827
0
6711350728
16781453136
13
1
0
1675334026
20212700327
13839969782
0
0
5
0
3
4
5
162
1
17545830265
0
2517329332
0
0
10584523456
0
979053912
0
0
6415155245
0
0
0
3688682622
1098728615
778970334
0
0
127
2649639513
0
0
0
22
0
0
11
0
0
0
0
509774095
6
145820821
0
1
17519508457
15
3
11612131879
24
0
607004722
2746086607
16949147206
0
6
2488540295
0
0
12
0
2653754517
0
7
0
3
13023885066
0
3822636536
6080079965
230544
0
0
5
15588168943
0
0
1306216959
13733795277
6934375446
7163444413
0
19651225455
0
16
462254921
0
0
15
0
1349436155
0
20442794207
0
0
0
22420029244
26430961
2
10688765950
0
16117178686
0
10
0
3416193766
19941308706
0
0
0
0
1
0
494356222
5
9581743607
0
4093721963
16667309725
12366569360
0
3209449
0
9186812235
0
1
19120680780
0
9366154905
0
0
0
5
0
0
1
24
0
0
0
0
0
3
1
8
0
1
350486329
10762090089
0
0
14120773304
0
0
0
0
15357861180
388997414
6
0
0
0
15041989494
8277400640
0
7068758756
42
0
1
21
13625588160
0
14649627680
0
4
5697557178
0
4
0
0
85
1
2
0
0
1
181447337
2859386399
0
0
0
8797232049
0
0
10
0
13946748930
0
4182540415
5080439774
0
0
1
6179217547
0
1
524106793
0
66
10918229951
140
153
405687584
10119283544
9248931474
9148204081
0
15
18
0
0
3821160064
5178783562
10
3
9278339975
0
1
0
9526423831
0
5
2952379362
3
4
3974068
0
0
0
0
17376441428
6858079363
6041112817
0
12571712690
207261917
0
13281714049
1
19553105422
5770937512
10596106534
3496008949
12
2
0
1
9642224033
15038103919
1555741139
0
2899348560
3347039922
0
1
0
0
3
0
0
0
19237244214
14410728473
0
12
0
0
10624021
3219771033
0
0
4023430259
0
0
37
0
0
21
0
0
1049529509
15
0
1
0
0
0
0
0
2
0
14793581600
0
0
245
22147423689
3
7438607976
5169867721
0
3
19561541028
6356999178
9950654019
7597845707
0
0
849526866
0
0
0
15258411791
2984692238
0
0
3684017451
2
0
0
21
40
10
0
7852855497
0
0
5108158888
0
18800722247
0
0
72
1
1
7276557885
1
49
0
0
1
0
0
0
0
0
0
25
189870980
0
2
141
0
0
1
0
0
19743128237
0
2681122937
7904488920
0
28
3
2
542148052
10384227156
0
0
1559432757
0
0
0
0
67
0
2
3
1909595806
0
1
33
1
8
3
0
2
270152466
138
55
18
0
4
0
21260350402
0
0
13886143564
16
0
0
1288929225
0
0
469954898
3
0
27
4
90
0
9
0
0
18644711331
6
3
0
2
0
0
3
16072166853
20
124740615
73731870
0
13209003357
0
0
2478958985
0
2
0
20698573520
31
6
5198171030
1704221445
3525167452
467555357
0
1
0
4688542449
0
0
10
2
404657779
1
0
10623242820
0
3
1
0
0
19935132992
11486473183
2082895860
0
0
6
0
18305472106
0
0
3
1
1
1
11
0
0
4739172248
62
0
2
32
6
1
0
0
10
0
14
0
1204943536
0
0
1
1429063733
15626300061
0
0
72
9236491465
0
0
3
6073569879
1
10027593257
18028299071
0
0
94729604
0
0
21
0
21
0
0
7713790343
0
13766439032
14
2892249805
0
6
6960902164
2
78176292
0
0
2283382716
2460224019
0
0
0
0
0
0
0
0
24680153
1
3787779986
0
1
16915595590
1
1
0
5
1
0
1
1
0
0
0
5
381432303
0
0
271742806
0
7
1
0
0
0
0
0
870736384
6762024915
9060345318
0
0
12052299937
0
1
5
0
3
0
0
999108169
14243309668
0
2982130
0
1
1
5
5
1
15
0
0
0
2114220125
0
49
0
0
1434176121
0
4
0
0
0
1
317781648
0
14
15
6
9
0
0
2
21
949152212
16002707795
10
0
68764511
11364895578
21
0
62
0
13767177126
30
0
0
30
0
6568389359
10
2
17648164463
0
1
0
55
0
6
398866096
0
0
22389662524
0
0
0
5
55
7442304894
0
36
285
0
6
4158284578
18986759113
0
0
20365650111
0
1
1624491505
575552916
0
4
0
31756341
0
774323837
1
0
3325919657
0
9452590889
4
0
19
0
15
0
1
0
0
0
12125989599
0
0
0
0
1468638325
10583113606
17477855438
10
0
6802566713
1
0
0
0
2
763300
7305494959
111
1
3
0
346269739
2687231401
20138111889
0
0
0
0
0
1360192131
0
3
391474322
4661369916
0
0
0
12818304033
0
0
0
2408049914
0
19535380
0
0
0
1
1525004737
22
0
0
12331122904
11934921403
30
0
1
5
1
10
8
0
6
282
0
0
0
3
0
7740817005
12253230306
0
0
0
5088914895
0
3336328936
1956799743
21052909113
0
3
0
12268844858
15
1769313200
6802622316
3759939666
0
252960758
0
0
2250106329
2
10730599880
0
3
1
0
18061376458
6578711096
10
0
6675810925
0
5
0
3968599790
1
0
3
3503756117
5418846750
0
21
0
0
0
0
0
18672024287
0
12879387434
0
0
0
27
12402872591
1
12571592217
0
12500388263
0
0
2
4
562033888
0
9205796173
0
6
10
96
1
3
16324149752
6
0
0
42
6
146701202
244
2
0
0
16563407
0
1
0
197216880
0
0
0
0
0
11449196220
14490393425
0
0
8567144189
0
10825080941
0
8
0
3
0
0
0
17079606021
0
0
0
0
5853324515
7
0
9874615757
0
31
0
0
0
1262552539
234299603
3558944504
4398773776
6890919440
0
0
0
1129118736
0
0
89
0
3
0
45137632
0
16
0
0
16305986936
2
0
0
3
0
8971071565
21
3796600575
0
1455331843
12999900747
0
0
0
16063117946
0
0
0
0
0
0
1
0
0
14391319822
2282647160
0
2
4196012203
46
0
37
1
0
0
0
0
1
0
1300763807
0
0
14
0
0
18506512308
13523374858
0
21916283120
0
0
0
1
0
66
3628448164
0
0
1
0
0
0
21
3
24
1
0
718841225
0
5321953258
0
1
0
0
15236393709
2296799639
0
10296268753
0
0
22377326
0
3
23670286709
0
0
7334771485
557260371
9348489873
4397762370
1301535901
1
0
10245838492
22542820
0
3279086803
0
1
21264118559
0
3
3
1
2544362698
0
0
5041895416
0
0
1
0
0
0
0
0
0
58
14790062355
22918539709
1
0
19361600309
0
0
0
11968063061
15472596802
0
0
0
0
0
3
0
20946818817
0
0
6
565704583
0
0
11110310605
0
0
0
0
0
21
1
7867445407
1
10192508565
28
0
19470990658
3
1
0
20867135286
0
853141109
0
0
215824096
7
0
0
13
1
0
45
0
0
3
12267093080
0
0
485243340
0
0
3
15958732139
1
541681227
0
0
8
0
87683583
0
4
892630736
0
9130587635
921078740
0
0
0
2
0
8
0
0
106
0
4
0
2
257476834
0
0
0
2284346608
42
0
3
0
1
6
20189717
0
0
14
0
0
2
0
21996665453
0
4
0
45
0
19
0
0
0
0
0
0
0
0
0
0
57
0
0
14608703007
1
0
10
0
11
0
10492649487
8775835862
0
0
687994111
0
0
6
0
0
0
1
2
16608742119
0
0
2798160405
5960296262
138
33
18029072483
0
2144742834
0
0
0
10
0
17
0
16
7236687169
8235870075
0
4
21
0
1
8742180434
0
10
3
0
1
3713980081
0
11150523957
14281322115
0
1151189128
0
1
59
0
1
15922207508
7
0
9835491473
46
1
0
11523555973
7
0
2774701049
14617346962
12606574271
443384056
0
19485146682
1
1
0
1
0
11753393341
0
17930116679
0
0
0
3
4832505282
21
0
1559992144
0
34
6772667536
9955906148
1
0
0
0
84156812
0
6173198072
6
2151837057
0
3
8450027757
2
28434689
0
0
0
0
0
15268989284
154
0
0
0
9643046843
6
368205658
8820506314
0
0
3
0
0
0
7357654504
0
17264405154
1
0
1
0
0
45
0
9030759846
0
0
17056565487
1
11
12543074623
7
4882822771
3831095452
0
0
0
0
2
0
0
6121059003
2
1751425926
21
0
0
0
20275695272
19565810666
10
5
0
0
3
6
18398230702
889689854
0
7
0
1
0
0
12629665509
15357704
0
3559485825
0
4
8768424141
21931176382
7518546930
23
9
1
4673690311
1
0
0
1
0
63
0
1
0
533585365
7554708434
0
10
27
20432076737
0
1636318794
8463392991
16733945732
179742324
3
2769827358
0
1
0
0
3
27
0
6
0
14389102549
3945066563
0
0
0
654849110
18
0
0
0
0
31317243
0
2659282612
0
0
36
4
0
0
0
1059993442
13160856043
0
0
10083429038
265843744
0
1
782641442
0
0
0
19672070701
35
1
0
0
20406591
7535116350
3392018336
8803539394
0
0
0
19
5000060331
10
6168080859
2229200965
21
0
1462264415
6
0
20112536485
0
0
316409452
13810147177
90
0
427718110
10
9
0
8303434731
0
0
0
0
1
0
0
30
0
1
460349070
0
0
121
1
0
1556522056
0
5916831734
20963625977
23
0
6
0
28
12
20269792161
0
4
3
0
83449484
19174522063
27
46
0
11
45
10
30
0
8430572501
56651079
5
1
88
0
3
0
14434823569
0
20
0
0
3
0
0
250
0
0
2
3
1
0
0
0
0
0
1515825130
0
844622145
0
0
0
3
0
1511279190
7
0
0
1
21040124272
0
42
12949020913
13004868443
3244383209
0
19
0
13355306
0
14814383040
3224796423
0
12483146441
3
643646269
0
8385583924
0
9740478261
4
967104058
0
0
3
0
0
0
0
0
0
23
0
4
379826410
0
57
0
12
16443767597
187
1276429991
0
0
3
0
75
445316653
4490933717
42
469224643
72
0
3499409906
1
0
0
7
14
0
0
1
0
21155236553
0
0
0
28
1919101236
0
2647726403
1793723689
0
6
1
18799094196
18
9764727004
0
2031216988
0
3
0
6
1
263
0
1793344879
0
0
27
0
1
0
0
0
51
146658786
4385704415
56
6926044984
5
1
0
22478261483
10
0
17233471025
14754509763
0
0
5
4
4
0
695907775
16196031912
1
1
6
0
0
12
17059534446
0
7
0
0
0
6200564967
0
4247084279
0
0
15132313034
3
17872217209
1
58
13303423812
900647112
0
0
0
18783788766
0
0
16896270
1
3394433297
272
1512646270
1
0
3
123
0
0
0
10434763869
6338088308
0
0
7079515837
13
1
0
230546535
0
1
16086624558
0
4
19690266162
4088549378
8
2
0
0
7
0
0
14115739549
12018506997
0
74768658
0
19281512610
0
0
7
0
0
40159953
0
20
0
3
0
0
0
0
0
4
21
0
29
25
0
2440031466
3
3
2912299449
0
0
281
0
1
4
0
0
12
15
11146945423
0
1
1
1
173075919
0
6
5
0
0
0
164717278
21826446403
1266605109
0
0
0
3
5297253513
0
0
3356271569
350533249
0
19972459915
1068118621
17080283351
1
292873716
3
3
0
0
0
2
27
1214125243
7
0
0
6641859744
1
0
44353998
30
637771923
117
0
15
203
1
13115681425
12
0
0
3925701752
0
0
3
0
1
3
2267310173
5033405404
0
15560253562
39
3770082264
694502393
18101287477
0
0
10
0
1
1
0
4538283681
0
38661365
0
0
0
0
0
10
14040415264
0
0
0
0
8973922470
2
0
25
12092295002
0
0
6
0
3709363933
0
0
2
0
0
4887417178
0
7324934777
1
0
1
7702417
0
0
68
0
2
6
1
14520126410
4968410755
0
12365323917
12885704526
1
0
0
0
0
15199632145
0
0
0
0
0
0
14272791
0
1833867400
0
3387878635
0
0
0
15863134383
16
0
156
4
9653247383
0
15
1
0
0
0
1
0
0
16521568488
200162
593283183
1686667353
6627567951
0
51220704
2423278626
1
0
2310470337
13563460752
0
0
0
2122122698
607379230
20
0
17255445374
3
81803976
1702414414
3014079102
0
0
12510090417
15
0
576959812
0
3
1453200950
0
0
0
2
1005004146
0
2472789574
0
6
0
19712182977
20855114542
7807862079
20866384
7520765229
5240679160
3
83
0
21
16957097628
0
13
0
1
1
8337230213
1
0
1
3
0
149498497
14317195679
0
0
0
0
0
0
6
6876019690
14641147075
3
0
0
0
0
0
0
20230991075
10976679721
0
5
0
0
2
10202359838
7878879124
3134465201
1
6263707959
0
0
3624432484
0
9785543411
2507710657
0
4684481047
2108370607
22
0
78
3
0
47347
20183181799
1
0
0
2
23
0
3
3
48
0
2894567017
1
21
0
0
1
47
0
970654507
109
1
5
824793084
0
636682310
0
10638398589
3706281757
0
0
0
0
0
7900335571
0
0
0
42528194
700919491
1
19054961317
2
126
19912336560
55368085
0
0
0
3
0
0
14
1
4968935746
0
0
0
17166088533
8327958241
0
29
3653224173
0
2824234456
252331840
0
3
5341739351
0
1
1
15862894330
0
407540087
2638605504
12
1954633805
23838538754
0
11
0
4
17
0
2
0
4363250580
1
0
0
0
562396715
18514617029
0
51
14658068449
18
0
2727536663
3
0
0
4
0
0
0
1783018384
3
1
3
20490302895
0
1
0
19024401885
19088664529
0
19
1
25570578
7495261084
0
2913533275
0
0
36
8
1
0
21044319400
0
2
9906520218
0
0
20891591609
35
0
0
17398492337
1
108
21
826232231
4
3
0
0
0
0
0
0
22830449965
0
1
7862211659
13
2078918601
14167436646
3
0
0
3
4127834953
21922210411
1
0
3814608614
15
0
15
41758751
0
0
0
15
1
19030969855
0
1
4
0
15
165
0
0
2227037995
0
7030817970
0
5
0
7817338526
0
0
1
9714750845
0
0
3
0
5672234825
0
1
0
0
0
0
0
10029107450
15
0
0
5
10
6210437550
1
5077529761
0
15
4041900716
0
1
7
0
1
4852920048
0
1
0
2384981333
11847797855
6
0
1362239243
0
0
7510937695
12619914689
71568153
546637176
0
19
0
1
0
1
716504714
0
0
3137087725
30
1
1
1
2603801587
0
1
0
0
105
0
12810553037
0
0
0
16826559515
159975213
1
0
0
0
1
0
529959261
0
1433421539
12
8
0
0
69500639
11
7619283226
1
18992024
5802343020
0
0
0
7704320869
0
0
15879048019
0
11598031464
9480997740
19967495399
0
1590432789
0
7766157
18219105316
0
0
0
0
21
71
1
0
0
771229611
4
1
0
0
6961859928
0
15378009487
5921314221
0
12141851985
2
6
32
2274139932
6
12130295542
1
1
0
0
5693321008
0
3
0
0
4611412302
0
27
3458260
174535450
0
0
23
0
203
0
25
1990438932
5913539055
16
179569248
9674040761
10
0
1991801889
0
0
0
6257633564
0
0
4762251123
0
8925303865
1
9816214148
0
0
0
0
1
0
0
20207892709
0
4913027268
0
498132032
3
0
0
11840914683
6488359490
0
0
0
0
0
0
0
7
0
0
0
2
0
0
0
106
0
0
11820140
1
474107031
0
0
0
11522171
1
1
15927758362
2540508846
0
0
0
0
596991198
2125403751
4342947780
3
0
1
4
0
0
0
0
334609362
0
0
22130809173
326901279
0
29
3
9292871344
0
4
0
0
1
0
0
16105181913
0
20443996141
0
46
1
0
66
182153133
10
28
0
0
2260472263
7
1
89
1
0
13926111890
14351117175
0
12652763654
0
0
0
3607370476
0
0
13398661467
13032637373
1
0
1
2
19101610665
2
0
32826025
0
1
7231343674
6
12
0
1756991543
0
0
17136564341
0
17776483546
0
0
5218768347
0
1
10
2962996782
33
34
11960765205
0
0
0
0
3489635266
0
42
12721592320
884522857
22507369586
0
9106206561
0
0
4825977770
0
4
18322009690
1
3523416989
0
0
0
4
0
4
6
3
7780040701
0
3086102
14149653230
10033466004
22
0
0
5423233197
2268637900
0
19654169591
314679306
0
0
0
7
0
4529929024
0
0
0
1
23
0
0
0
0
78
0
17773820087
4138525557
13516618622
0
14462305671
5158137171
16145688292
17
3527092225
0
1740798567
0
3
0
1
14436550943
0
1
12578737656
2277805676
0
6
2281919682
431420336
9261042147
216
2
0
3
0
4750751031
2603516761
0
7071836037
1
70
1312198683
0
20460320054
3
0
0
0
1496418495
0
50
0
0
200049396
54
86
0
18
2232039874
0
0
45
10
0
0
27931429
0
16628180462
0
17550473347
0
0
0
21111746065
27
0
0
7793362346
0
0
182
13546894579
7
1
0
694389074
12385808203
1
6400498644
56829349
2769147413
16641202869
0
23
0
0
0
4
0
9512067557
0
5
4117352009
1
534422299
0
0
0
11272183
0
0
3
1442393738
16
0
3
15
12782984316
0
1
3
0
0
0
0
15
4344703029
4878892381
19175523068
0
0
10
0
0
0
0
2510956508
0
2
13193938314
14404590972
1
14304312286
0
0
0
6162186711
12640901809
819363734
0
187
0
2
12582497725
0
0
10
14448177254
3
19794627885
2
0
1
15723609534
67
15
0
0
1
0
29
0
0
7512389186
1267797816
81
0
0
8
0
1
0
0
529873003
20694925
0
14919691048
2190259443
90
756460755
14689725445
3464739750
54360562
5291471577
17285045374
3
45
6846020712
2
1671738695
0
285911671
58
0
7
0
6
0
9583111918
0
0
1
6177524158
1
0
20894704657
1478995125
0
4711931053
0
0
0
5
0
0
11623708680
20492910607
20723115738
738430776
0
1
0
3
0
23
0
3609730788
625029858
1404292793
29
0
13120093831
12
22
8759327773
13
0
4851564786
18729811259
0
0
0
2
2
7442579877
5087055518
17874181481
34
0
11698337089
2
0
4
10
0
0
0
0
6408050750
0
0
16126785066
3
0
0
23494417609
0
9430561129
0
1
11746721098
1568818064
6499527812
0
18684860253
13985093862
1
0
911152688
6
0
0
0
14012944046
17691137745
0
0
4
8
0
992706353
23
9151136744
54
0
480951670
20554798851
10349168294
51568376
0
4
58
0
15223938264
1
9253859268
13685075156
18939945830
0
0
1
1
0
1
0
11246979564
0
5236206
0
0
4
0
23477842034
0
0
8986652225
21898493225
6
0
3
4382953825
0
1
0
19
0
6
0
84414466
0
17
10
0
4
3
0
0
0
3
1283937202
0
6
0
1
10
239735423
4
3851665706
0
0
6
15520413876
1
18
5946927938
14370913949
69
6
0
0
0
17593967057
0
0
0
0
120706506
2989095083
0
0
0
0
0
2
15653421395
16601018386
3772641660
10033173825
10709855840
0
0
0
0
0
0
0
18
0
8443867680
0
6
0
6384594980
0
0
0
0
2275249894
0
0
11882149022
0
0
4
0
9496552093
0
0
6590806411
0
304
0
0
1
5992679459
0
0
1414144406
0
3
35410468
0
0
1
0
8454503202
0
14884040024
8
0
0
5799076989
0
0
0
1
1
8
9403559631
0
0
2
2327145001
0
17741368666
2
1
13
9141140634
413839269
9654871521
0
0
0
0
0
16199791195
0
0
0
0
3
1
7265668725
677131134
960281092
401688
50
4882149098
0
0
0
4739560409
1
16690491050
8906637
4020951209
0
0
0
0
4
1
0
0
0
1
85
0
5066887553
0
0
0
8230376685
1
9872099882
0
21130924387
10607711241
1
0
1
0
8557618549
0
0
0
0
1
0
168155236
0
0
1
1
2060142516
2
0
1224731859
0
9811802443
0
218047558
1702770834
19280759457
1
3
0
0
11
0
7
0
15
2550616703
0
3
30
0
14171802745
0
328426260
0
10845065077
0
0
0
10561123193
1292720179
3
0
106113169
11
0
12429659341
0
20221609632
183
6
8
0
4
0
9451708283
1
0
14480073880
0
301524797
1984347996
0
0
20
216
15783200521
0
0
0
1
1
632644237
3977795226
0
0
0
100436336
0
8
0
0
0
17632469136
0
6
1
0
0
3
5665790814
0
962894770
9714725349
17
6233177808
16125222447
0
18
0
4707461277
18118307
1068083722
0
0
0
16377344983
0
4490324174
0
10180725964
17
0
2412568262
4
18244136544
3
12801330
0
13539657771
0
3
1
29
1
0
905860916
0
0
54
12433534867
176
1
38
1
0
8
0
0
3
0
1
0
10
3327124628
2
746004733
6
69731309
0
12324407276
3306874575
13
0
1127146870
60
10875954109
0
0
53
15
2
21638470545
6
0
3
0
15
4170187622
15
0
1
0
0
3702175974
0
0
0
1
0
5
21693690359
0
0
441166395
0
6
6
0
0
1
27923565
28
1113113555
0
0
3
320297300
6
3
305199957
0
299040550
0
0
0
0
0
7
25776343
12
0
0
0
777243591
0
3
0
0
7158441631
0
183695958
0
1576876677
0
5
9891934
0
6853358440
0
0
0
0
0
0
0
1
6
13645514326
9248446626
11973186025
364741341
3970768171
794585333
10074611845
0
4076149822
0
0
3
0
16
0
0
0
12050220817
1
3
6
0
2
5
9
0
48
1
12
287764896
12
3506923031
0
0
0
0
5
0
5
0
0
15
0
0
6625670820
2850044555
8882395574
0
0
0
387007684
1
9408516523
0
0
0
0
0
0
0
0
83
0
0
19811017031
2
6
1
0
42
0
6
0
167313399
0
0
7978735172
1
0
0
26
6196041192
6075792593
12285993440
5372872634
10375321389
15334831722
15
6
0
0
0
0
5735987297
0
36
608878093
11
10923418499
0
18541198124
0
19350593003
212
0
0
0
21386298837
1
0
72166607
108551547
0
0
2799450525
1
419901155
0
0
1
78
4006160816
13737599723
4798442836
0
0
0
0
3
10
0
164
1
6
2
0
1
0
10
3
0
2
0
0
0
0
0
33
0
4
6
1
1
11
0
0
0
0
0
18587752843
0
1
0
20415628600
87522078
0
0
0
0
1
0
5527955368
1
18836074968
7
1655718786
0
0
0
0
13158777845
0
0
1
0
0
15
0
23423941
10912990932
9538741
12435192707
0
2711225605
0
1839893582
0
0
28
0
6
1
0
0
0
15205176692
0
0
0
15426081082
0
0
0
0
0
0
0
0
6
1
0
6
3
7065841077
0
0
11
1
0
1
1445101921
0
0
1
4
0
0
1196151608
1
1268133498
0
20292247042
0
5759742
21
1
213144329
1
0
0
1
0
0
0
0
5449144524
7299413331
0
351457408
10559576984
21
215044914
12
2
1913188264
2001083335
1
6
1712653456
3
0
0
156983971
0
0
0
0
0
1
2
0
1
43
3
74844139
0
0
0
0
6178339974
0
0
0
0
1
0
0
1232834251
0
0
56
0
0
0
2059670688
0
1825262473
0
0
1
2700379
3
13988059722
0
0
0
3
52
0
1
615103434
1
0
0
0
0
2
0
0
0
6439053191
0
1
4
41
106958469
0
8923928199
3
0
10397990
6
7995932114
0
10
2832540975
19936972757
0
12
946997166
0
0
3
2
3731166528
136
212556971
0
14
116671153
0
6
0
5771152684
1
1
0
0
3
0
17900247091
3
1212652870
0
0
0
324251354
0
0
2576970323
0
0
3601867875
0
0
0
4875791242
0
6918786734
0
1258277966
22182915153
18453190549
251070401
0
1728330766
0
0
0
0
0
8829243
0
2121306777
0
1
18
0
0
135
2
1321814219
1
3636457154
0
0
3
0
6
0
7190098932
2
10598947084
1574971852
15343252
3
1
0
3740749376
0
0
10
0
1
1023638813
126
15794368931
0
19189053234
3
3
17520616264
10
921812593
11038822043
20244688367
1736935963
61
2408917320
7228029967
0
0
0
8597210073
12518256475
3
0
3
0
1
0
141
0
0
8106838236
1
0
1542397703
0
1337180758
1
0
15403544007
0
10040851270
0
0
3
2
78
0
2908724517
0
4
6
0
0
2996049589
0
13148842241
0
0
0
0
3
1
0
1
17
0
0
753175260
0
12618559037
3101342143
2278634690
0
17323950273
63626024
0
0
1
0
15
674312264
0
0
1
0
1742892911
0
0
7246993491
0
0
0
0
5
1436977782
0
0
418507881
1
1
1
4554733858
0
1
20
5
84
3
386458943
10143594841
0
0
0
342630289
0
6786803753
0
2
0
0
22631581702
0
0
3
0
1570021680
1
1
0
0
10094015066
0
0
0
0
3
0
15731242316
0
0
2
0
10
6
14687077206
1
15374653318
2021967115
0
3
20493827425
0
15082297574
1
58
1003411961
7
11249841892
401887
9
1
1802354
4
12405616002
0
1
0
1473299730
0
17065151524
0
12049882369
1
95
0
0
8726317583
3922122610
2067081838
0
5685313068
0
1
9370744613
0
21
10
0
0
2
0
0
0
1093284631
4
20
256
0
0
852958615
0
17115805541
16553017676
0
0
0
0
27
1
567129364
0
31250209
0
10815340998
1
17082613077
0
0
216318955
0
0
17
1580218356
14821181668
0
0
1
20130042086
63
3437385734
10613503938
3
1
1888523459
0
9175359522
0
7
24
0
90
4
0
1719968496
0
10
0
22
4075110739
8511964642
0
1
6853311501
3
3
1
7236748834
3
841235949
1890443071
0
9121722643
855848790
1
9
0
0
0
0
19529497648
19690880899
171772299
0
10397519067
0
14018437494
377860152
0
433259576
0
29
3064623073
0
0
19556779817
3525920924
1604335056
17
3
8624569
1
0
0
0
0
6
12
0
7
0
0
5342393369
5
8896938645
0
0
0
377195392
2
0
0
1296674152
0
0
6208597836
0
0
28
0
0
6666195537
1
0
11869888309
5
1
2
78
10
0
6
58
10
1803385707
16
2
11590656193
15
0
6
5
19516567989
4762500775
35929889
0
0
0
0
0
6672326749
0
0
0
3
67
4351121333
14305447014
0
15
0
4151377723
45
12872024778
4695757485
1490550480
0
0
0
1
0
20065221656
0
348683103
1
13383304474
290732510
6610298847
1
0
0
0
4
0
0
0
7
7183962692
1
6549312633
37
6480684630
3
15913746162
0
17850687312
0
28
0
0
2166407230
26100537
0
19
18940521
0
2
0
0
17804091277
11
0
11
3
6
83961819
0
243614804
8018321828
1
0
26
0
0
12257260017
0
0
0
38
22
7694724268
7970291887
3
0
3543953077
0
0
68
1060789351
6
10
0
0
20445205580
3038952410
10
0
1564394218
3
3
0
16952001251
0
283694858
1698951
3
1
8617208011
19
465769141
0
2827980865
12461494439
0
1
0
0
1
8
0
0
2
0
0
0
16226248625
0
0
2892995200
6608201022
4973868006
2018239777
1
0
53
20082361459
10149646998
45
0
0
0
6428130198
0
10992501896
47
0
1
0
3524828812
0
704741491
1
0
8182668750
3740244277
0
0
4887236805
3963939325
0
4481508560
10
0
21
1
1
0
0
7920734
4215693171
13
0
22067358648
2663282832
1
1
180404352
11039189464
3
0
0
1423995690
6140153396
71
179
5
3741270887
0
0
3
0
591140991
15964375122
0
0
9331204100
3
1386251842
0
3
87263289
0
0
5
0
0
55
0
10
15456408251
0
75
2
0
1
1
15534156050
0
11335807571
22
14936047474
0
47
18317097312
0
8901782400
3
0
0
1792451221
0
15184687298
0
0
7
0
0
2246745450
13813486822
4
0
26
0
174916307
0
18
0
0
1
31
13984953741
1
18347784798
0
0
0
14
0
17621654361
3
42174259
10
0
105
17824415082
2
4
0
0
0
0
11027598595
0
0
3469984056
0
0
17
0
0
22
0
0
0
0
0
20343502227
6
7406694173
20612512893
0
0
0
1637303580
0
0
3432543196
178
0
1160531137
1
20838137052
0
0
0
8484806123
0
0
2819912600
0
19462372962
0
0
0
0
4
6675417762
3
0
0
0
15022773700
0
0
1
0
43
0
0
2
6
0
1
7652045916
6
14146957767
0
0
0
0
0
0
5389990393
0
6
1
0
344
4945131153
0
0
0
0
0
0
0
4790509782
21
6925121652
2365634104
18534793938
6
0
272832558
0
0
0
89539001
0
5880858420
2
0
40
1
0
1
19412369728
0
8493152363
10556657439
0
1843070311
0
6
15
0
1
1519812571
1824500371
51360491
6
1
12
3
0
8351625874
0
0
2
6
993252642
7
4029323205
0
2
30
4704609553
0
0
0
1
11
0
7216913012
0
0
2
0
46
1
23972552169
49
15
0
92
0
0
0
1980368259
5278329384
20
0
52819590
11834342445
1
84
0
818391274
0
2944890
0
2
3
6895480198
0
0
11967104368
0
2
5427554554
0
1
0
76261549
0
0
0
5
14822495269
0
0
0
3
0
0
3
0
0
1
0
1299050651
10
2
3
2992796738
0
3
0
0
10
34
0
14464631742
0
0
421281356
0
2
0
28
0
0
0
1
0
0
0
0
0
1
15617417141
569528998
0
3297807837
7627210493
2
0
2791168908
712827783
0
0
16585211073
0
0
1
68349167
65725919
0
0
426697875
4
1
2141981173
0
3
333809241
0
21
15
3
9
0
0
0
2910217142
21
66
0
0
7157763437
5
0
42
0
0
0
19039150628
0
0
0
5925329
19
0
52345811
6
12977822084
0
20
12320258775
6
0
0
0
5
5112043
0
0
1
0
8580078565
6
0
4196625361
4
0
0
320
1
0
0
0
0
1
0
0
0
3
0
0
0
0
3119580081
1
11000035199
2172657300
0
5472055139
22
0
0
0
1209143846
14599367436
0
0
0
20883016201
0
4306167642
0
700189858
84
0
0
1
2
0
0
18257294203
17
10
2
16
6
30
80
0
7671416736
0
0
17091265763
19343379538
0
54
2646276397
975789
625346843
21716301129
0
0
0
875425874
1
4562350779
1664381416
0
5023102087
0
5382366738
3800228300
26
664023002
0
13587749696
0
0
0
0
0
14185659942
5
1
17886473442
1
379
0
0
0
517876152
1081665467
0
1
165459182
0
0
763258464
0
0
127
2
1329671132
1
0
0
0
2132784193
0
2
12571786381
44
1316776379
0
8705906236
0
267494799
0
0
649673453
0
0
0
0
61355672
12352759503
0
10514109988
0
0
16
0
4292548350
36
0
7877535810
4671987535
756604368
0
6205886
8027
50889354
0
1
1
9267449324
21
8740997243
0
0
0
0
0
794080665
0
345572162
0
8329288438
0
13609018892
12
192
0
3
0
7
3
507309052
4500314529
0
17304152448
4239949160
35
0
943289859
3
14377283855
0
61
1
0
3588184549
3577994268
0
5
8421866525
0
0
15
0
0
0
0
645634
0
1
1
7443904304
0
1
3
0
14915796510
186
2
0
31
0
0
0
0
0
14926555648
0
822631736
3
1102161600
8015016067
0
5165628853
1
0
15
1
1
0
2712246109
0
1943517223
0
1208296871
144573328
354
16148066255
17
15
0
0
0
0
234933444
9
0
0
0
65
0
0
1171542229
5
0
0
10
0
10
209729758
5
869361962
902077392
0
0
4490025157
0
0
1
0
0
0
92
0
779324091
3436490517
348312229
165
3332122424
5873466869
0
208042316
852481514
0
417612582
2
6885612983
0
3
4
1926968527
16
50019899
1
0
4772754263
23604679977
0
3635862608
9
0
0
0
9313945780
0
61
0
45
6
8760687933
0
0
50
0
5
2
4
22255127037
6
1
6
29
0
8699352909
0
21581533131
339767098
1274296608
0
5
0
0
5
4859968894
0
6
0
1
0
2
0
4
0
1
0
0
0
0
0
0
15
1
0
0
6
490879340
0
0
6095424
0
2959888203
4760704700
11193359789
6
0
0
8073568407
2
16
0
0
3
11
6
21397511214
0
12261725623
1
0
16
15
6209775154
0
1
7897000268
7
7
0
0
9546168852
2
12065763503
32
0
5
0
6395320772
17978250887
0
0
0
6
1
0
12108177158
5
1
8092233244
801564100
7233995978
505226888
9435513141
0
5
15365615785
15933804414
0
1811093040
3
6744696957
4
1
0
1
0
2
11266474151
4465180674
1114766459
15
14094049065
36
16215296
4386184739
0
0
0
0
0
0
1
35
0
10428173222
0
0
314398304
23
0
0
16366788271
6
1
0
0
0
0
0
0
2782484319
6901040112
1949395149
0
0
14
0
0
5656844818
1
0
17790347576
0
0
5
8161204527
0
0
0
0
0
0
0
2902248897
16128599108
79
7
2
0
0
3526983456
0
0
19517095395
0
11103245195
0
0
1
0
0
1066390503
0
0
14488411702
12122883191
11191521963
0
14361411625
17536151707
3
7716579871
3
0
0
1460423689
893332474
4
6
3
38
11223655831
0
55444293
6180189911
2
12
9525911221
10
0
5
39
4419666938
23
198
3965625762
1
0
0
12094613866
0
15758281352
4
0
28
8644228545
9725983470
0
267347601
1351563505
0
11
0
3829665114
0
0
14566743734
0
0
0
3
1
6
1
0
6
10452926697
119821895
0
0
3290200111
0
5464229678
0
0
0
646477986
0
6547040601
5576828463
3
1
0
3
1
24
1
0
1
172460
0
0
10
0
0
0
4
0
15
0
0
459372623
0
10074871822
0
0
1684603644
0
0
0
0
7752820562
18654480
11720
0
0
21
1
0
0
3
0
0
0
34
1
0
1
1
28
66
12100985018
0
10720783064
0
10
1
10
0
0
1
0
9
1
15940271836
0
0
5552139256
18887372210
89
0
15145324
7822719287
0
0
0
0
3887912266
11
0
1
0
0
18580489837
1384462153
12908294690
0
2410673916
34
1
3703873955
3
0
1694227182
0
0
0
11833437347
1
8
0
45
1644221046
1386464186
22358490166
13100859537
19393726286
4041115876
4042839012
11248875728
7411227723
0
22548523061
3405479676
29
92
0
0
14299301217
0
0
1
7256083519
16639276858
0
0
4
1
1
0
0
0
2284540835
0
0
0
0
492348117
267641612
24
2
0
6
1
0
1
0
1
0
0
3126918663
0
0
0
0
12509077461
0
18
411194431
3
11968121664
0
0
0
1
0
0
1606470608
5
0
22
6675329997
649792804
2
0
17489089758
6
21035312331
4
7
1
0
1
1758162941
9148679
5383820476
0
0
19804855401
10185299108
15363823882
0
0
0
1198465063
0
3
1006801461
11180381385
0
0
6
0
0
302988944
17
12
0
17
3969221569
78
0
0
0
0
4498292092
0
0
0
1402899373
12082848771
0
4490346119
1
18513327601
1503546865
0
5639679957
0
1
0
0
0
0
6
0
6
1
0
0
0
0
1
0
8241955430
0
20506179153
5169420155
1
1
0
11242543386
0
7336537891
0
0
15135410710
0
2390170032
1
0
0
0
13980246870
0
8
0
0
0
21
0
0
7991553950
94718766
19516789395
1889941457
1
10051264350
5
1193667406
0
0
0
8
99
2
0
4868636708
0
0
0
20627741570
0
0
391496012
0
0
1729227296
0
0
1
0
5782377600
0
0
44
16882210199
3926639028
0
56216854
2
15
15766886995
1553749481
1646428
0
8455019811
0
0
0
17146159361
6
4
0
1
817723716
3
1
1
0
0
2
0
0
79
0
3
0
3
1
11073248889
3420656095
0
11
2927343891
0
1
0
0
0
18667454121
37
2
1
0
0
38402938
2
0
0
1
8480961300
1
38
2
300776176
5419497193
64331447
1
1
10
8824784230
0
0
0
0
0
0
825970822
1
0
2642298957
0
1952484667
0
14707162089
41543992
1922321315
1
97151233
1
4
0
0
58
3
0
0
0
32
617609307
0
6
1
5574840269
0
0
0
0
12116377445
9893282738
503263881
0
1
17825959884
1
0
0
5
0
1
1
17165903269
60
5960070387
0
10495818353
3459792669
22213652280
0
17
6
22
0
0
148394475
1
0
6
6
0
405559737
240
9663550348
7222611
0
1
13659692636
1
0
0
0
244759682
0
23438323468
28
15231689485
11
0
0
6
0
0
2462344946
0
0
2481716366
1
0
409219900
8546784449
0
0
0
0
0
0
0
0
3
5
3956657847
0
4734572641
0
1
22875836736
0
0
3
10173735089
0
0
19329842689
0
505327804
0
0
0
3
0
10
1
0
0
307152598
0
235868
1
0
0
0
0
0
0
11
0
3
0
1
6
74
0
263218451
792857855
3
0
0
2
0
59
8480749722
15
0
0
5062897687
0
7020805250
0
0
8402633
5276960247
0
0
749669
3
0
5455542768
10
22198965292
0
0
0
0
0
25
20317612486
15603734151
0
37
1128671023
6247434396
4888687584
6
9463640002
0
17170083435
118867
1000294542
2
0
2509268988
6341410
3300178064
0
0
0
0
3
7674448823
0
0
416095587
10
893674558
0
1
17768712935
7902063977
9968660271
16409110335
0
10
1
0
0
0
15162086494
3
5373641807
1
0
0
0
8718541771
4719139320
0
1765902
0
3683923250
59
43
1
1
1
0
2818186772
0
0
17
22409465847
2
8
0
22387541292
0
3482073562
0
20
65256826
6
2385381917
0
0
2144623845
0
0
4563449068
42
6218713878
28
12915511477
11517677939
0
13
6
0
0
1
0
0
13972861611
0
1
0
0
1
9
0
914406519
3
41679861
5
0
0
0
14551892029
0
1
21822951594
0
5
0
283281845
35
16
155
0
1246179183
0
17
53
1
0
0
0
57
0
0
2
2493323920
524919571
0
0
1
0
5
320722387
11
0
2
0
604352886
0
0
0
5126150743
9
6
91
1
1959168917
29
1152701822
0
3
0
0
0
0
5377559534
30476857
0
0
0
6
0
0
0
0
0
0
0
2
6
3
334942133
0
9901852533
166
1
0
3
0
0
14750056471
2127783838
304199389
11427052255
516821655
1246644214
1
3
0
0
4949533662
0
0
80
0
1
255097666
6
0
3
0
9
0
3716576
17671360142
21517057635
0
0
0
1253322241
21
5
10905553601
15684948383
28
2678886822
22
0
5
0
4
0
0
0
0
8865581759
0
0
0
3295300
1
1
4822627711
10
63
1
18
10716791816
0
2
6355433752
3
116
0
0
6849921251
2
1
36
1
84
0
2030394359
11
4
9
1
931442423
1603512825
26
0
3
10
19357223605
0
3
3658176259
61
13514524795
0
1687086908
3
0
0
0
0
0
2837077263
0
7135324126
0
0
0
11748147080
576856254
13
273006018
0
14379077668
1
6814900737
3159001550
0
0
3633519860
14
49
15
0
4
0
10
0
1
0
0
0
0
37550076
0
5908030
0
12461538802
6809297987
281764623
2189310158
15
2
0
0
6
0
0
925485
23517674846
0
0
14877561144
2
38
1345987007
0
11287382075
4412119616
0
56
13
0
0
370212375
23
0
0
4
12747628679
0
6
0
0
1
0
0
0
1
0
22
17
0
0
1
1
1
9727582809
9086281267
0
15
0
430292429
4230914123
14218936735
0
9438004549
0
0
19086781508
0
29
15941289256
1992975056
0
1
1
0
0
3
2246947920
0
0
1056796002
0
0
46
5
0
0
1
21032678135
0
6862568432
2
0
0
18564800593
0
0
6
0
0
0
49
4046733782
0
549703203
66845383
0
26138674
1
1
5557161776
0
3
0
96
3
0
177364148
0
8
3
0
2
0
0
3930857506
0
0
2058642040
0
0
143552521
11816101106
0
553048656
1
29
0
0
0
3
0
1
10
55
0
0
367108198
3
0
10367822893
21404521605
8792259530
11359911491
250952765
2
1869787368
16523979965
0
36
11
0
0
0
48
0
18244459962
79577243
21778309
0
0
0
3630460977
0
0
0
3
0
3
0
32
27
6
0
0
3
5844442343
4320159421
0
201419620
0
0
0
3
6436185346
0
6457466112
0
0
0
3658484554
15100911954
0
0
2295803427
0
131
17298116968
13383669017
0
15805262258
7986618592
3886790478
0
33
0
1
1
814661471
0
7972371439
25
0
12
6
33
0
3
0
60913577
1
3
0
1
7
0
0
0
22
0
0
1
6
0
6312513330
0
8
10497650046
0
1
0
0
0
4
2
14007465543
13
5
0
0
0
0
6720402418
0
875083224
0
9
115690740
13
1
1
0
0
0
0
7179844831
0
4
6104758340
6812824607
6276928244
2
12
50651444
10
1596862390
0
0
1
297644178
905414135
90
0
9
0
2
185926663
0
14
3
4
18900425386
10267215437
21023487964
0
0
4635610347
7817514354
0
0
0
4244979765
0
0
0
6467547003
0
0
1
3
380968872
0
0
2
0
15622285
0
1
21
4325911645
3
0
0
20819331399
0
21166809037
6
0
8656293765
20214929523
4412537983
0
640914284
0
0
0
6
4
2468876074
3866026852
2652795864
397108618
0
0
212401672
19852663861
15
0
365214249
0
0
887407958
29
21109416895
6
979977916
0
14558192836
189
0
0
10370243653
0
0
0
0
4985309943
1
5498221382
5960207551
3798120084
5
3
7872242689
16
1
3123778309
0
14902051059
0
932825636
0
5
0
1
0
2
1
0
0
16363474382
1533281660
0
0
0
4329792599
0
0
0
2602560674
159785462
6
0
0
21269631532
5
0
4520943984
0
0
0
32
0
567675045
0
0
0
0
0
17272589069
2580198280
0
1489154152
0
5080722069
8688539404
0
47
1547528102
3
550417412
0
10
0
0
0
1360790948
3
33
13834937744
1
14605596057
0
3019646335
0
0
0
21
3
0
0
3
571148336
8045724843
0
0
0
0
18047224538
0
3
8
0
3
9030234630
27
0
0
0
0
3
6359279007
0
1
0
7
17
1
1711327767
11
6441279981
1
0
0
18064380040
22
1272878710
0
0
0
1
0
0
41
4770899359
2
2846070421
12747646917
0
0
140336351
1722998264
20569186825
0
0
1
6
0
10
43
0
1
1
1
15045624309
0
1892373
1
12
10
5
5134286502
255445351
0
698670800
0
1
0
5230728153
0
588061250
4396277805
1004325808
0
6505479039
6
0
0
21
0
0
6580981222
1
21406613136
27566349
120
12073293280
0
8893625843
0
0
45
0
642275786
0
19773495175
0
0
2
3
0
0
11497841228
0
4553957301
0
0
0
0
6
0
3970018626
9635960907
0
22
6
0
0
14
0
0
36
0
0
0
0
0
0
1
1
9107688485
2768477712
0
11990848526
0
0
3
2
1884651599
0
18502485990
0
0
4415058681
0
6
13204133783
14601042060
0
2
872434538
0
0
3
11
6
0
0
0
68167108
0
1
0
1
4325086875
0
3121782415
10553963155
3
21625947259
7
0
1
1
3
0
10520354881
3
4
3
0
0
2438021899
1
0
811070624
633840
15
40
11
15
74
19459588374
3
1
21454621171
2707485524
12667723842
39
0
12040815363
10
1532273073
0
172327143
2242582793
6748891419
14
0
314226693
3973060734
0
0
20206483153
17584731207
13929197588
0
1
14395279621
30
12433468806
159038055
0
0
1856278523
0
0
8251096193
0
4031002338
21654328292
15
1
0
0
14357131258
10
0
132380432
6194344074
1325956695
0
0
409574075
1709374406
7936704128
0
17883850220
0
5300973094
0
0
9299422941
0
0
0
699726000
344479
0
0
333925563
0
5
1
0
3
2
32
6
15999810569
6
2006918793
1
0
0
0
0
4
3
7564276965
0
45
0
0
1
1
14056410494
0
0
1
0
0
3
6040208535
14298714911
2
3
0
0
9
0
10
0
0
19680196643
0
0
5701664784
17
0
0
1
21
0
0
0
15
279120953
12638655
0
0
0
15286010009
5
0
3
0
0
0
0
0
0
18221631440
0
253
0
0
9
2491641832
0
20731204688
7438823723
0
325213984
11
6
21
21002456052
0
21835292760
1
7022789161
0
0
0
6
0
0
3
0
0
2040941900
2
84386585
0
0
3
3
0
59
0
0
16936625316
0
832791217
82
0
14674727680
3469149318
0
3
0
0
5
0
3
0
0
573405376
236
0
1906173498
0
0
63
0
0
0
7
3
6
19803080716
6281778569
7902763462
0
10
0
377281464
0
20519674613
16384385867
6124377831
3
0
1
0
23
19940418404
0
0
18160191601
9656997246
3996569177
4270530293
0
252636896
3078127118
0
11262232265
5454965886
36
0
1
17932526660
0
0
3
1
0
12358582856
3
6495476318
0
105
1
15
16
36
0
3
0
1
6
1358761879
10
0
0
223
15621087365
0
1
7135896387
0
0
0
0
0
0
0
0
0
0
0
1
414999293
0
0
3309351750
4798872674
0
1
0
0
0
3486176855
1
1
0
60204
0
1482133395
10
1
0
0
14856889149
0
0
5413082258
0
0
0
3949365846
3
0
3
1
0
182920123
2999959767
0
14937609794
0
0
4
6
2
0
8118680581
0
251
0
0
0
0
5
10
19
4
9912342788
0
0
4881168576
11425544906
9
0
10918861428
4209356434
0
0
2
3
0
1
0
0
0
1953479543
0
1339475282
0
0
2975422767
0
1
0
10
23
763159736
0
0
9214411248
0
0
19277318425
950639953
18197407456
0
1
1
0
0
44
14806351173
0
10672029529
22
0
13
31
15
0
5
0
5127356699
2
3
390997965
6922554281
918113110
0
6
34
0
1
0
0
0
3
3
0
0
0
0
0
0
9
6
12663208236
1
2238441965
0
0
0
2138871906
0
1
0
3604861309
5816502189
0
0
6
0
17833258286
0
1
8389326834
23
25
0
13405411479
7
0
0
0
557210592
1
60090189
0
0
0
0
13
0
0
7
0
0
856521276
2488817746
0
3
128043153
0
0
4254270437
3467964281
0
6422234777
10835080059
838077881
14583606591
3
1
0
0
0
0
10680241787
7854219845
0
0
3
0
1552024663
12925822
20406999782
2
0
7
20495082539
14086180447
161860896
1
0
1
1
3
932233551
0
1766717177
19361427511
0
15601428518
10
0
2
0
0
1890706087
6
0
0
6
0
0
367459881
4618368312
0
2843986876
13336181591
20759754497
6
9631903249
0
1
11
22
1
0
10
0
528569401
0
1
3
18
0
5447651395
1
3
0
0
1
5711740681
0
0
0
14414971179
0
0
5
0
0
2
0
16
0
0
6898620683
0
17964590519
0
0
0
96
0
0
0
0
0
0
858529074
0
2
0
17752548793
0
0
1
10654963499
39873935
2
1
164370534
3
28
175358949
0
74
1
0
0
0
15999161059
1
0
4
12
3
0
0
14
1
0
618967032
0
3953016296
15839316318
670384941
2
4
4299572655
560711835
0
1
15
0
0
0
0
2833255490
6135805271
0
7
15434701248
0
19677411731
0
28
0
0
0
142617795
5871228
14266825489
45
15
0
0
214303862
7616982870
0
858940171
0
0
0
65
0
17
17392246308
0
335177556
16695112746
22463862101
1696130737
0
10
58
3
0
0
0
2995712457
3696401977
0
0
13911354300
139970578
2
3
0
62
0
6930708451
28
10209083376
2971367746
1
0
13339797870
0
1566094731
1
0
0
0
0
0
5991774663
1
6
7208553868
0
0
0
19690206
0
9
10
794714698
42
995596526
14357826045
66
0
3
0
0
0
16
0
0
0
1
0
3
0
8704603372
21577172042
0
9
1
0
164661272
0
0
0
3
0
0
21593332932
1
0
0
0
36
0
0
0
0
36
0
0
0
0
1
503408082
0
1753858585
3
19112677398
7826519588
7
0
1
0
13
0
0
14394080002
9466397658
15007467113
551853971
0
9717028007
0
12657095819
0
32
0
0
1028618516
5
3
13040083663
0
10
3
0
0
1
531762797
0
0
7861206470
1
0
0
1
0
0
7
1
0
0
7820350968
0
0
3625580408
1
415705513
0
10
1
2481516756
0
0
0
26
0
95
10000315782
6355294933
11371390
20413586243
0
1
0
20891436844
0
0
2
9
0
20703920448
2
0
0
0
19052258212
1309691042
5
0
3
1
0
0
0
484337955
1
0
930198108
9
0
1626177291
72
0
0
0
0
0
0
7747443097
0
3
0
15
0
102
4044544754
0
1010521203
1878716004
0
22435324241
0
548294725
11
14213800448
22580841640
0
3
1
3
0
0
0
0
2809876610
0
0
0
0
4636921349
4475546413
7691402357
0
0
1
10566577274
22
17761270708
0
0
0
0
15593157807
0
6
8728096611
20568515688
55621824
10685987379
14452434446
4010853376
11539690723
1
14649949555
3
0
18964819626
0
3
13437153061
0
0
4896974227
0
61
0
0
0
0
16160796510
13
0
0
3810562410
8
0
1
4193038716
11430535
3238188268
2
10
0
0
0
2151187344
0
174166568
28
22206914993
1
0
7
13671435029
13177353328
1223851804
0
0
21664590050
0
2
0
0
28
23033925144
0
0
18
14541249163
0
0
9713534382
8207768493
0
6
3
0
0
11
8630042602
6
1339857249
16774062500
0
99
1
0
24
15905998
0
17447077629
20
3
107
11950449424
7
4
0
8717278174
0
0
0
0
0
0
19
0
0
0
47969992
0
2308173359
18668094418
0
1
0
5
0
0
11509579995
0
0
0
7711402640
0
1
9314068269
11379569
0
0
4254899382
21
0
22791690532
1
0
0
1
0
0
0
0
835553344
0
12047330306
0
11290182023
0
1
850514772
8
15
0
19
0
21315746942
0
2713973734
0
0
3
0
0
34
498287201
0
20786330858
16202331353
0
4053958336
21188771518
0
0
1
0
0
9393002270
14147883699
10646939874
0
0
2
0
0
0
10036402360
2
1
0
1
0
19215001187
0
1241440948
12366367815
6
19381645187
2632141211
1
0
0
0
0
0
6442086572
10457615559
0
2
34
0
3
8
2632887243
0
1
0
0
0
16
1
1
0
0
10749484107
0
9231843247
0
0
2
0
1
15
0
8433179909
4
0
10
0
3752847897
656598773
0
13778177080
101
21109281707
1781346430
12
1
0
0
0
0
0
2791999979
1
0
6839929133
670813609
6
0
0
0
0
0
3
1368752783
0
0
0
16335751458
107085346
0
3
0
0
1
0
0
89
3747617601
0
22
0
0
0
0
0
12
0
1
96890349
0
46
0
0
0
0
89261860
0
0
0
5961995760
3947462577
2166927356
5107107629
17
0
0
34
0
3
16430418627
4
71252641
1608351978
81
0
3742806327
0
0
12070405812
18807570775
0
0
0
6
0
0
11583937085
2
15
1
0
0
0
0
4030989881
8153546159
5881445180
10
4
0
6993651
0
10
0
0
7723532410
0
0
0
0
0
3277355
0
1
0
0
0
6
3
1
75218312
0
4489074614
5
0
143016169
344635012
82667863
14548350271
5
57
16
0
38
6
32
28
0
1
3
4094270067
226
1
0
0
19882271887
0
738759679
1047492547
4849994198
0
0
276955881
2955671754
1
1770741549
3
396
15296058621
22
0
0
4520439455
0
1444797448
3
12929000576
28
0
0
12961610808
11151443927
2
4516438867
115895144
0
0
4125253547
0
723911586
19119828453
7
123
4455356651
19217665717
0
0
0
0
4410997891
0
52917939
6
0
0
38426981
19289046999
0
2608376042
0
0
10
3
0
0
3
0
0
2630403680
1670343319
19097511637
192
0
0
9496553406
1
5
3
1
0
0
0
1
0
0
0
1
1
1
0
0
1
88806467
0
0
3287791589
0
4553546509
0
0
8
25
17456467958
47
18
0
0
1
0
11635217226
0
0
0
0
0
0
10736941510
0
0
0
0
0
10081675518
27
266613348
5
0
604244743
21
0
3
27096604
0
0
0
0
0
0
4
6
6
2553065667
0
2516594444
0
4484469752
394403229
0
823962550
2
0
9593381208
0
11705342529
1218360017
6
0
0
0
0
0
3
1197806202
637971877
0
0
1
0
3172589458
0
0
2072194030
0
1
4263904621
0
1
10009516656
0
0
2
0
0
15
1139249428
11
0
0
17235214673
0
2
0
20
0
189
10
0
3220760132
0
1
8864231628
0
0
0
0
0
0
0
18877139809
7565850861
0
0
0
0
49
0
1607842130
12446191075
0
20
12499472699
0
1
15
1163119756
0
0
257416
0
0
2849623275
16258824451
3
7
7
6148957812
1
5850446372
20
0
0
0
90248271
0
574087761
3
51
6103014213
91686005
21
0
0
5635880221
0
539183460
14969014323
1
0
0
0
12924616582
0
2
800150779
1
0
6230641338
1979990490
11299242705
0
37
1
1521350243
1451587587
10
1
0
23
2596530571
0
1828242653
0
0
15
1
0
0
0
3
2483035411
0
0
14921289446
0
0
0
5
0
18111494143
0
6824698239
2225165823
3
18493113696
6631175892
0
0
0
4695732241
39025495
6222264275
0
0
2968278211
0
157035770
0
0
0
6344828019
992002726
0
0
15353479588
1
125647191
0
9260137421
8
51
0
1
15028283977
2248655621
0
0
0
1
0
1454510313
0
0
4874006625
6
2264404462
154
9631542373
0
0
20204480694
20
1481732661
133628562
0
3
0
0
80
0
0
0
0
0
20
1
4
15
0
0
0
1
3
6
35
1
15
1094359825
0
108246849
3
16741445582
0
16683160756
2
0
4
0
0
1
5904411071
2912885738
0
1
0
3539689384
30
8439895320
2101224460
1
0
677375889
0
0
0
11610893588
0
3
7739549525
0
0
0
0
587890187
1
0
3
19516665507
6
0
2
7
0
0
7
22682592326
0
1193678500
20
0
39
4
5048954277
5
15393360
0
0
2
15
0
545098904
0
2
186894100
299839627
8
0
0
10936657839
21452671546
14
0
1
15844614
0
0
0
0
5992477674
15618025099
0
0
0
0
11716064737
0
0
0
12739146864
94
3181559509
19251306339
11248044502
2031594147
0
0
0
0
6
11398786437
1219762899
28
0
10
0
12533043348
1
6
0
0
4
0
7
0
0
0
3
9532462495
0
0
3162506706
904014858
0
11
12773770247
0
0
11749145802
11
0
16
0
0
0
0
0
1
3
5135958838
0
56
0
0
16512305363
6034180299
3769499520
20116936757
0
0
0
3760223520
20381197954
0
0
0
0
4788166282
0
3
0
0
1649232637
11811429281
27089926
2251654952
0
0
1
460694761
6744911053
0
12283660581
0
6
0
0
0
0
0
0
0
1
420981971
0
23
0
0
3
0
3
8033414585
1
11404370703
0
0
1
0
0
0
0
2187818316
7313655775
9
11998412609
0
0
55
0
0
3904984109
0
15164896024
0
0
0
0
2714434756
3
170344307
0
12748215953
5326007333
2
3
924500456
114630622
1
20336394943
0
0
0
0
3
1
5708735241
11
9644679400
1685614507
2
16430383718
0
0
0
0
0
1701250930
0
4596374289
0
21055360434
1
0
38
11373056203
2
18663826607
1
0
2
6878083554
0
4455666072
3
0
26721989
0
0
0
1
40
2
0
163
4177590822
11
0
981356734
9
3776497624
0
27239937
0
34
3
1334776320
0
0
1
0
1
0
3
3
0
0
1
5
0
0
0
19117785011
1393876602
0
22
13068237610
8211327100
0
3
0
1
0
0
0
0
1
0
0
0
1
2892902692
3
489478
3
37
0
27
0
0
0
6
8307692039
20654090421
0
0
0
5638230340
0
0
0
37
0
0
0
0
6568363149
13146778143
11
7
3047874368
5967838071
10292519821
8662919616
3
0
7206547008
1
14005744877
3
0
0
0
261875008
5941066109
0
0
6
14
8
71
0
6
14139721163
0
18811724306
3
6
0
15
0
13870646433
20375970073
5277803334
0
15297637058
4560770919
0
13418084165
3
71
0
0
0
2
0
0
0
0
90
0
66
20380858982
21
0
0
7029152843
39
0
0
81
1
11
1
15
46
0
0
0
0
557120261
0
1
0
1
0
536530923
3292854233
6592465300
0
0
18706097199
3
0
0
2
0
0
18326802614
0
0
0
3045698406
0
0
0
7091050040
0
0
0
0
0
1
18326093170
21
0
6
0
1
0
16126430393
0
2473925303
0
3
0
0
9728613749
0
0
0
0
0
1915191499
0
0
11721994681
400437537
0
0
0
9411520977
0
5980090
0
1
12235468998
0
3893346943
0
0
11246771720
0
0
22210090537
0
12406296805
3
1
15718654219
0
0
0
0
1
0
0
0
3629756520
27
7
1357738867
0
14
0
0
0
0
6
0
0
0
162784610
0
8259053419
0
0
20622891376
0
0
11073226155
1437993641
13
2565473007
0
11882090212
0
14846071676
0
0
3497716742
1396609053
12
45
0
1
0
14584728439
0
405062050
16
0
0
0
100
0
91
0
160
0
0
5
1
0
538936438
0
0
1
1
0
0
1693983199
10
0
0
0
0
62
0
1206268728
1
48
0
0
881301923
945503596
339961134
0
8863513711
1890950686
2694338657
0
0
0
0
7
2022586739
0
1
3614505204
66
1
17229921389
10
8946475508
3
0
0
0
2
0
13978849725
12
12
6
3
12762124365
0
13258511190
0
0
12901572725
3
8423514261
174
15
0
0
0
1
0
78
8
0
9743362823
2990038266
1
9236783826
2
0
0
0
0
0
0
0
83
0
0
0
0
0
0
0
30
4
0
0
16314698502
0
0
0
0
0
0
3
2290527668
1
29
17356469319
1
0
2
23
1
1
19
1
0
0
18449481126
1
0
0
0
1
0
0
13798850047
24
51
0
0
0
0
0
46264634
4168782373
1
22644251341
2
1008711157
17844430162
0
4542284717
0
23591825549
1
3162669610
2
10
1
0
8593113804
12251844593
0
888775061
0
0
0
0
0
0
0
0
2
0
9804121640
0
0
0
4
7
0
0
17206597
7410924642
10
3
289286453
0
0
0
0
0
688932837
0
3133082265
0
0
19
134479757
6
0
0
1
6239039603
0
0
28
0
9
10
0
739982187
15
0
0
163477227
38137143
1
17869571422
6
0
15122086680
0
0
1
0
1
3
1466601649
0
7
0
0
0
0
189017846
21
6756941080
656913866
15252478116
1
11
0
6
2
0
0
0
594679632
11
183289143
0
17673741182
1
32
1293319211
1
8
0
0
0
0
1
7
0
5421825329
0
0
3450585039
929650220
0
1
0
2
0
0
0
2
8
0
7966065863
0
0
0
13068414433
1
242
0
1460286164
0
1
13252103153
3
5
10405888272
0
1
17
0
0
49
0
10
1734653061
0
17709613778
4
10725756257
1
10
141163904
0
0
52678572
0
3
0
0
0
3
0
30
10
0
0
0
2503046603
0
0
1
15377824598
4
0
16656225052
1
0
0
4672033811
1
1
3409999666
9611486357
7
1
0
2
0
0
0
7
0
1204328273
9127722719
0
0
0
6
0
2155007681
0
18521689664
0
4643114498
0
0
0
379702016
6
7051237851
0
0
0
4981614963
0
0
3
3
0
0
0
0
0
0
489435049
0
3609994366
0
2
0
0
3432752946
0
0
2
6
7
3
0
0
0
0
3
0
5203407927
6
0
19632168265
40
10
11639160259
0
0
21
0
0
15651096459
0
11965168971
0
0
13259397638
0
0
4
1
0
16
0
0
12568487552
1085699582
0
3
1
0
0
5873313552
2790389567
0
1
0
0
0
0
1
0
6
10
10
1658420803
5
17280957175
3
4911966064
0
0
0
0
14085124587
0
14
3
121
0
0
9534155184
0
0
0
0
3445119048
3318301530
252685323
0
7859813448
0
0
131
11262734095
3
1
36
0
0
1
8950565488
123
21
0
0
0
2381931875
0
0
10
0
2
0
3208882265
0
22317886455
1
14
3
1
0
9212174447
6
816552907
6
3
0
0
4070686781
7835439428
3532567260
12871135
10
0
10
16930840667
65
1
0
1589897088
6911908284
1
0
0
1
6828964170
0
0
108
4
3027153676
1
0
0
6998156409
0
0
16663471240
0
28
0
0
0
0
4
0
8715303675
0
8
0
1027139718
8271778942
0
0
0
0
8693152744
6
128689343
0
13311010959
0
0
3
0
1
1
0
1
8730146441
0
0
0
0
6
19112198944
0
6
0
0
0
0
19750726879
15
3
2189188268
1
6
20
17766227
1
75496746
0
60
0
2
0
55
395510866
2087691065
40
15099281479
3
0
0
0
3128177636
3
21710701745
1
14429563983
4824330928
1
0
16982903414
0
3
0
89437176
19675581189
0
0
1144029036
3076716766
4070808106
0
719371955
8
1
0
15734349294
682968596
1
13317966949
2939990955
10901490307
0
0
7
0
0
0
0
12808065636
9574773117
0
45057779
0
41
0
0
0
0
5630766364
6
20224090803
0
39
0
116980053
3
0
2087855571
0
0
0
1427510634
1
13699444762
7115365296
0
8
0
2547208828
10085440250
2419241736
1555405831
41
0
0
1
3139654567
2
0
0
4828452158
480388987
13016752823
0
0
0
23
1
0
15
16
6
0
1886221579
1
0
3
9
0
0
2
0
0
0
0
14270413065
3973016806
0
17
20653488439
0
0
0
9
0
20773365530
3
3
0
5070145200
0
1
0
18
1145623596
149
16
0
1
69
0
0
13117224046
0
0
0
0
6030819492
3
0
19
0
0
0
4
12
6
0
0
0
1978459053
0
0
19693046100
161591118
0
17612169281
3
0
0
56
0
6
19176466316
0
5232009018
0
1
5415267918
0
196
6467535984
0
19353206598
1
7556222160
0
20291878763
7492455285
0
98
0
0
3
3
3
19924846544
7916250250
0
10
6
7
425527686
6951513174
0
0
3
5
0
1819289378
622844
8
0
0
0
23202152409
423624459
256202533
1
0
5038906507
36913657
0
1
0
0
595846432
0
0
0
0
0
3
0
126329542
0
0
5624771141
9892118498
963555695
21
0
0
1
0
3
21
94495772
0
5505082265
7688227264
0
60
0
10978111550
0
19778491748
8089999199
0
0
22
0
0
1
12
1
1012465152
0
12422412790
12911235460
0
2774619980
17968923112
21
8630786081
0
0
138
2614492758
3
21
0
0
718229698
4258520858
12894333763
0
81258748
10717002823
0
6
1
0
0
3
2
0
17
0
0
0
0
16
2746094810
3
0
1
0
13
742494935
0
0
0
0
3
2085009520
941089970
10074476217
5
0
0
7891677213
7804519936
2
4235217927
822985545
0
1291708750
0
2557516528
8
0
0
17378871866
0
2336082834
3
3
8967186747
15
12218799637
7189780177
0
0
110345645
1
0
0
0
1
4026871555
16703402628
9463497870
172377926
0
0
8162442
0
1665626584
0
0
1
1
323038843
11826368096
10
0
0
0
129
0
0
1800392169
0
0
0
1
0
0
1
0
0
0
0
0
0
0
1
15607220757
688749839
0
131
709268379
19435820301
3
13647810271
15409206850
19
0
0
0
0
16298863040
11454941195
0
1
5719195937
0
0
0
0
1
0
0
13962154957
0
17541467089
0
2008494691
1
1
1388571775
28
1
0
422566474
0
9
45
0
0
0
0
0
0
0
9735539900
10
0
0
18
2
0
2485745289
0
0
6
0
373773641
0
14890567757
13593946528
0
0
0
0
0
17723568389
1136871910
0
0
16137287264
1
17250404567
3155415
0
0
0
0
2740887331
20495871242
0
0
12
0
28
10166910472
41362524
11236132947
0
0
1
6
58
0
0
0
0
0
0
0
0
0
10
0
597161197
0
2380229
0
0
0
0
91
1
6650474310
2
6804622698
11
0
3
0
4
19018696
0
0
10838222358
0
0
0
15334828149
260
25
0
1
19396395947
12325940513
0
0
15569481491
0
0
2061755038
0
13678326255
0
5
2253640588
101001437
32942921
1
0
1345554205
4
778686380
658955970
0
1528258379
0
1433394718
4977552179
0
24
17062269
13634922330
2869145590
7
0
0
0
0
2414988204
982851332
0
2486916695
5
1
23
0
1834931576
3
3953797716
7
1768706989
0
0
2
0
653
2
0
0
8568248258
0
3265458305
147695
11565421450
0
2
22032320870
0
0
0
234271413
0
1
11
3701291428
0
0
0
3
2
5
0
13033532416
0
0
0
0
0
0
18396513106
3
951991400
0
1
0
0
1
3265563876
8703986131
17990221770
6
1
1
0
1
17983111602
7
4470689413
5
0
10687914835
0
0
0
3
0
0
0
0
0
11
0
0
2
0
1383611615
6
0
0
1396085377
11
0
10669274371
1
1
0
0
8506636751
0
6770218703
0
0
36196217
10621925201
0
10524733272
11386579030
0
10947264665
0
0
183642465
0
1
0
0
3309138095
0
710467502
3
3760630
7
20523065178
0
3
0
2984446786
0
0
0
1419896546
1
6
6008043220
0
1
1
0
4
618774650
3
0
18980322801
5916413671
0
6
0
16115971006
1
14996006103
104867930
8
12
0
6119903838
0
0
6
12
792721814
0
0
6526108876
0
0
2
50
0
1
0
0
3
13443569888
2
15
0
1
0
1
0
20
36
0
0
122522284
5226761486
4769960688
1
10
1
52
0
31830146
62
0
18986439033
3
11355008266
3
6
0
1899615650
0
0
0
0
2
0
8621799
0
3
6
0
2
10539265182
1062498344
8
0
0
11
0
0
12688202375
0
0
1
0
5302587596
0
15943762029
0
7147308732
1
134210561
0
439692172
20452186455
2
0
0
20523165924
0
1
0
13
0
13693363076
1438327568
400
0
0
3
0
10
0
0
2
2172879736
1
2432526378
0
11
0
4586884528
0
0
358022246
0
0
0
2
20208648355
5
914593292
0
15
13666587671
1
0
0
11
4433917835
9245173402
41983045
11363419479
5912443892
0
1
5143801
10
112
25
0
23639909470
76
9780562857
0
0
0
0
14
0
655083
0
0
0
676992444
12457676876
6804859125
2
6
1
1869811527
0
2
14459190863
1243103936
1
1
3
984810294
4
0
1
2
5455541624
10
0
1
19417480966
1495565055
0
1
1
4166421207
0
0
0
0
0
0
20074876140
8647747508
1499428034
0
0
0
0
15331991053
4
3
0
0
0
0
0
247827212
0
1
0
1
1925455441
1
0
19
0
10
19494908015
1781624127
22202880122
54
22315062015
81301456
0
1
1
6606851741
0
12
3
0
0
28
3
1
4
0
0
0
53
14
2255891030
8665350308
0
6
0
18345902466
0
0
0
0
0
2
0
0
0
15699490879
1
0
1
7549617445
1
0
0
3587694182
0
8056778
1053968402
22
0
0
77315448
0
103
3577662815
0
11879561718
18129339445
0
0
0
1
0
1637847041
0
6
0
15086502779
0
0
7905118812
21018219102
5192209030
0
66
1
17859456367
0
0
0
0
0
0
22424630194
11812415056
21
0
0
0
5395363485
0
0
282997803
0
1
570364901
0
8
0
0
0
0
0
0
0
9268508811
4
6058383535
0
0
3
0
0
829918788
0
0
17540714755
0
1
13716001767
1
0
1
140
0
0
34727061
1
0
18976558017
0
25023358
0
0
3052220365
2
1
15
11
3
0
2144452413
3589079295
17156610683
0
0
0
0
0
0
35468958
0
0
12
20
227454431
9
61
4252024487
0
0
3810952777
13197884142
0
8102411977
7955637881
0
0
0
14919961450
18471171809
999711176
20865179949
2254763613
965663266
3
55
10
1073580801
15647439419
0
0
16955064365
16550425030
7
0
79
6302936818
19027080628
0
3282200186
0
2287018911
6
0
0
11876116682
18988077785
0
1
909345735
3719701216
8347350557
0
1776668548
0
7298486531
8735037400
0
0
0
4
21683687689
0
0
0
16
0
0
154157303
0
0
0
0
0
20012156422
20059035741
0
17566189
0
3857509222
3
0
21988889334
0
0
15094159330
13614017106
0
0
0
250929509
31066226
0
0
5194835957
0
0
6
0
2997623970
3
5226771652
0
0
9253029339
22
0
1
0
3
0
6
0
56
0
0
22
0
17
1
11092789564
0
0
9
10349121028
0
0
0
0
0
12412012702
0
0
15
12
21592747061
0
0
10675585524
2
46848810
0
3
2931918630
2
0
0
0
1
3
2
455979480
409459683
18
3652520552
9514884250
5
22612889503
52028875
0
0
0
3834280020
0
14
1
0
3
281913684
7
1
0
0
0
11
0
14510738547
26
0
3668765652
6
6948536166
0
0
8
1383429052
0
0
0
2
0
6
0
3025000792
0
0
140107107
5
8828256937
0
3
2872888946
880427936
0
0
0
21
13
13
0
0
1
0
0
36
0
10659466464
14496295270
0
0
0
12967396602
4093836923
1
12267140445
0
10677810488
49
8235860304
0
0
11706788740
49
9479004005
1853194238
22288624205
22
6
0
3079853968
0
0
912743365
0
0
0
8757138378
0
3555841754
1372147939
7
0
3
3
0
0
1
0
0
0
17109225815
12
0
0
361339603
4
0
0
0
0
1
1
9981524503
0
1
0
5398975379
0
3
0
5873123693
1
0
1
3260186201
0
0
0
1
94
0
21
3
37
0
0
0
0
8
6
19
0
7299014725
2415549846
0
0
2
83037079
2
0
2
785887449
0
0
43
0
0
1
6
0
521726080
10
1
10098459059
2175238500
105096125
683337917
1
0
0
0
0
21
0
1
0
0
12380927369
1
0
931905163
0
1
1
0
0
0
844555752
1
2
6250491962
254
2
7
10939854373
0
1
1
3706273939
36
18780441252
7690814121
2
0
0
131444465
86232197
0
16116138387
21365036806
0
5750414404
0
4800533214
0
6
19963935707
0
0
0
31
0
0
0
6
0
0
207453272
5
7102019744
0
0
22503521903
45
5
0
1
5
3
0
3
0
11249211163
39
0
0
0
0
401933293
1
0
0
1
0
0
0
0
0
1119192822
0
1
7430809047
0
20854931920
79894363
0
0
0
7033107398
5
3316763160
1
0
19192898660
3
0
3
14200593111
9611134712
37
0
20221067408
0
0
1
7
0
18431370084
0
0
18952554698
0
0
0
0
0
2335597552
22
0
125
0
0
16780992691
5602660318
0
0
0
448689826
15
0
14933329
1
0
17594209737
0
4752138002
0
0
0
6574497523
0
0
17491755877
0
4
34073558
6907809322
188
8
1
303097406
20800075738
0
0
0
1657744022
0
1180554899
0
0
0
0
861105515
12
2241568759
0
8
0
21
0
0
0
21
0
0
0
6833602836
6
6
21
3
0
0
3164069199
50
1
1208776567
0
1935749815
0
17821805046
16136678249
0
0
847672323
3467700202
415442181
60
0
0
0
0
0
0
6507989820
0
0
14893747270
6800003988
14906954290
0
0
1
3223403934
1180089899
3
1203324276
0
0
2
0
1
17108589584
0
0
0
15146622482
1865428256
0
0
0
0
20262667018
6045506617
0
13
1
0
0
1
36
15
7
0
0
28
1
17
0
0
1
0
0
319790287
0
0
1
4
0
0
19768370216
2520776246
104
1
1
6830085658
0
0
36
0
2966699854
7
0
18641355334
4511377047
15324338978
15568166297
13692320005
0
0
0
111
766963946
1595155861
0
0
2
50
0
4
8313036869
0
14811442416
0
1
0
0
21
175362709
0
0
2945212787
19468045274
13838416512
353992428
41
0
0
0
0
226965421
0
13912443369
1
0
0
4251053214
1
7
0
1
0
17350997620
751552
36
2916438492
0
0
0
0
0
1
0
1
0
3853615405
10
85516026
0
19
0
6066006946
12155200073
0
28643002
0
1807605171
0
0
0
2017306271
0
0
0
127
15622541106
0
7016752723
11
37
82
26
1
0
1
1
0
1120221519
2
1
0
10369066468
21
6
3496716546
8
0
0
0
1
0
0
277
0
0
1330625490
0
0
0
18
1
0
0
0
6
17175696234
31
0
15563779079
0
0
0
4792700366
11
1
0
2
0
1
0
0
3512274933
12
23
117
0
3845668805
0
3
3
2370161363
0
9029376601
0
0
1
1
284764264
0
0
0
0
0
0
15412100438
40
0
1
0
1
0
0
6509968330
1
20452411964
2753594059
5
6535901979
1
0
11
3
2552170275
0
1
6
0
0
0
0
0
26
0
4804281894
6
889244246
0
14104736169
0
0
0
0
0
0
0
0
0
6909223157
9937616812
0
0
0
10733274396
0
0
6
0
0
3
0
3
0
12121160781
0
0
0
0
0
6244686
0
6269567171
11327827356
18565597508
228
19001720438
0
1
0
0
1
16
1
65
2
0
96
0
0
17795183560
3065902792
6
5
1
10681938795
66866082
22129786480
0
0
1472213591
245643090
1
835307
0
0
0
0
0
12706584396
177865548
4715799101
0
0
1349608620
0
1052362562
0
14
6
1
10029613646
0
0
0
13075685772
0
16086690529
0
3
0
0
0
0
205042474
9957791330
1
0
2752407753
36
1
9038292771
6431358098
0
0
13895865596
0
20598231886
2398079697
215748253
0
0
0
0
0
12932816997
3
231684
0
9274591005
0
0
0
0
0
0
5
2
0
0
0
1
6510712838
2891035131
12094922272
0
3
3
1
10
0
0
1
0
0
2
0
0
4064883246
0
0
0
1
16
0
0
255039332
0
0
0
3
1397140673
2
0
0
1
0
10
1
1
0
8381686795
6
0
2977298474
27
0
516145049
0
64
0
1
4942346575
10
12
21523378316
2
353722610
0
0
1
2
2730040616
0
0
0
0
0
3
0
0
0
1
0
0
0
0
1891110583
351719348
3
10
6
3
6
0
11
642206072
23488654749
0
0
17
2743499280
17
0
11061181129
1
0
0
1
5238838202
6069408574
0
3
327945859
5889189303
6
3
2
4
17116764288
1430027139
8589075295
4617904354
8357340657
1191938948
1
0
0
315772680
4
4287641531
22466780455
0
8
0
0
0
18392239820
13321351972
0
23101709950
0
0
0
18683473153
0
331382059
0
0
0
0
95
8770081469
0
19145885609
0
21622366758
0
0
1
0
10977638002
10863579838
28
0
16593458326
3
3088545301
23773921484
0
0
1418528602
50
505996112
3
16814068703
0
0
6
0
0
0
2
4
5
5712464857
0
1361733838
0
2
3
3
1
0
0
6919770931
1564268508
15734259290
0
119021185
38
0
12
1
571683824
21
16332498903
0
0
0
3
11276833683
58
0
0
22
0
1945244030
0
0
0
0
0
0
37
0
1
0
18406200361
14493194710
0
19341050533
0
13
0
0
10397387252
0
5450855069
0
1592865344
16860265410
0
1
1
0
10
11
0
557329412
1
12402287334
16144636565
0
0
0
15
13
14871243686
10
23
9569492377
0
11
30
0
1
11165649837
4
0
66
0
7420759348
0
0
1
0
4622476160
0
203232720
0
0
0
16300121678
0
0
0
0
1
0
2
0
1433778270
0
62000251
0
0
600068046
0
0
15687551664
0
10766653251
19670385758
0
0
31
1
11079110612
14
0
2837908969
0
0
0
0
0
6894104802
0
0
9392369343
18016023738
0
438713955
0
1
0
0
0
1
0
2
1
0
0
116856834
0
0
4448855338
0
20417020
0
0
0
7041976131
0
0
0
6308219292
4
0
0
0
73
4591386542
0
0
0
0
837305977
3
5554190458
0
3373511743
2309233942
0
4334860811
12253186299
23138323190
25
0
0
4173126799
0
0
3
0
0
0
0
22
1
1
4
0
3
0
0
0
7750855
0
16307320191
0
211
0
8
976329656
10
17067120972
1
5065635123
4
3203436662
0
233
2
5
24
0
2327235992
0
0
3
41
0
1
1
2
44900306
3
0
4701338984
1
723029214
1
4892303928
15685348907
1892878457
1
0
0
1
18
0
0
11932548452
0
73569943
10
0
35133485
3748885799
0
6298026046
3
0
13333549353
0
55087514
8898262602
0
2
0
430125050
0
0
2730744786
1
0
0
0
0
10237531927
0
0
43
0
0
0
3
5835125668
104240946
0
3
11961994120
4381797159
8324572417
0
0
0
0
0
0
14033375367
0
18
0
2138477383
1
3
16684098705
0
19565482435
0
0
13135720935
0
0
0
0
0
0
0
0
0
0
170300688
1
31460798
14198444359
1888825017
2355694172
10660955870
1
0
0
38
0
0
1
46671268
0
3
1510882354
0
2
3
3
6499055658
8
7
7880774291
0
0
1295989422
1
0
0
1
0
0
2230690672
83
268711637
10
0
14
8
22
17
6
3
0
12389752548
2297079947
22
3
0
0
0
0
19702512662
1
0
1
6
49
6194026623
5
1
3688741786
1
0
0
0
0
46
0
98742556
17254139836
1
6
0
1
6
0
0
15055930274
15
1
671190511
0
3
0
0
2446033059
1
3
3338642821
10481833113
0
676209340
6
0
70615638
18793572364
0
16146310774
0
7
0
3
0
0
0
6
13074948121
1
187652394
0
0
7
0
0
1
0
0
0
0
0
7
0
0
3
1
17844427960
0
4247284278
48
0
45
0
0
0
72
10457809750
1
0
0
2914189087
1
0
0
0
9
0
0
0
15633990641
0
2
100
28122620
0
3
0
1
0
5420599529
3
0
0
0
0
0
0
8
3025483669
10
1
18828144256
397982083
6
0
0
5
218706544
3
0
19163919146
0
1
5024022616
0
7875042177
0
2414905187
3145898810
0
7473828034
12938133713
41
0
8
3
3
3
13828483539
0
1
0
36
0
1
0
4165106829
0
0
0
125
0
1115605327
15
0
2026746958
2010625318
0
0
0
0
3
0
23
0
0
0
3
10132879950
1
0
0
0
91303177
18467767893
11
2783614522
0
0
7
6
0
0
16462135784
58063100
0
6731375071
2119835910
10
4910389706
6669848
10215011131
0
1
0
0
1
87
4735403790
3
3
31
0
6583353980
1
0
0
3242483255
15
17
0
0
0
0
1006772315
1
278
0
278
0
45
0
2
0
0
0
48
0
0
0
0
6
727277842
0
1
1
2020296531
0
21224542470
0
16
13906940209
12223197574
1778846117
5235417881
1
11585371508
8506439939
3
0
0
0
41
0
1817544256
0
15868126949
1290346880
3
1
15157840258
2
4500021657
13388615893
1
0
0
0
0
0
2
0
45
3744660951
8752510019
0
0
0
4530786912
65
1
5562318506
18311494120
3
0
1
0
6056575429
0
0
7
6250387879
197073103
19017856936
0
0
3758115179
18645286544
0
23701593594
0
0
0
4621763799
7210668378
3
0
0
0
0
1514324759
0
521038112
0
1
0
0
108770523
0
0
2198161980
0
0
553978364
1
975472395
38
13488407076
11732469476
0
0
6069365170
11663393807
0
297155710
0
0
0
649918427
0
5096583917
0
0
84
28
75
20244231349
11228425979
10154794946
0
119514609
314209980
0
0
0
0
2802284718
16349961924
21
0
155993058
3
0
0
0
0
0
0
996955644
1
0
0
28
0
6
0
3
0
7522402725
0
1
0
9063399831
0
0
0
0
0
0
14
16125618269
0
12769793448
6
0
0
2
1
1
6
0
0
0
5
4898358152
3
2572964436
0
1
0
0
15925920410
0
1
10
0
66747240
9
5827600351
3
0
3978940079
0
3
0
3868109306
8
1
108
1
0
0
0
22380760293
0
0
18
809212241
8
10063605739
0
0
0
19411551559
0
0
18838674512
0
15
0
657105019
0
0
0
0
45
0
3
7
10
9
0
0
0
0
3735761177
0
20
0
21
56
0
2
3620948441
4968239667
6479945420
0
776124252
0
3
0
3
2
1
4934473130
0
0
3
166107889
0
84
0
2972674509
0
0
0
145375953
0
1
1053930334
0
1
3928087599
0
0
495817950
1946951359
0
7331831352
4
0
0
10
20476263810
19939778203
58361270
0
0
0
15
19322134133
0
1356818734
0
1297595511
2
2
0
12960434112
3851812912
1
19
3
11
1718267045
0
21
0
1
0
12267174359
119366682
0
0
20131158009
0
11800280454
12405849503
62340697
0
1
785162116
1431302194
0
0
0
0
0
0
403526280
0
1
1
0
0
14
0
1
15
0
6
2829007
0
12928543889
0
1
0
0
0
0
0
0
20610728836
0
0
0
2709143348
366757978
2423044281
2500049139
2305224859
0
0
8
10
0
2672771
10
0
0
0
212862350
2
0
0
0
48210045
0
17
0
8096079534
2
0
0
10135496324
4
19
34
0
2
0
12
0
0
0
19
315416754
0
5054649588
807599421
0
1
0
3
0
3
0
0
0
5201760677
0
0
0
0
3368274250
3630957079
2550642923
0
0
0
11756539876
0
0
14548214797
0
12
0
85
27
54
2
0
7021734571
19586629618
1
2920458261
0
0
10
7570486806
40
12757403463
3
0
0
0
15215784870
28
1
0
0
0
0
0
2
1
0
1
1
1521427298
5
0
0
5545483542
0
9182434771
0
895546493
0
0
0
19733037228
6
0
6
2
0
0
0
0
1538526883
6
9392363754
18687655638
0
147
0
22
0
8726689256
19188731079
0
0
18189491943
18
15202066761
0
2353910
1
1
10
12107982687
0
0
7960616655
18706885358
0
0
0
0
1880525831
0
3
12270637422
4
0
2
0
0
2
3078544186
0
0
0
7373283488
0
8
1
1
0
14115344425
0
0
4503085191
8131317806
12
1
131
1
0
6
11527500920
4
0
0
79
0
35
11
9108986487
0
609734128
0
10734114575
6687975534
0
1
13
20106268553
1
21468255870
0
1
1282433152
3
1
0
17720586452
2010030273
99
1
0
7041092837
842227484
11968232487
5462503881
0
0
9421765848
17325520581
5672996920
439291001
2
0
1
0
0
100413
0
0
0
0
3
0
107
0
367558739
1
0
1
2081618103
0
120150
74
0
1
0
6
93
0
0
10
0
0
0
341437557
9091605351
918529023
0
0
0
3
0
18063861299
1743669201
0
1
6413484
213
11
0
0
0
51154806
0
0
0
4353378988
0
0
0
0
15765019387
0
66091279
1510639144
7646480647
36
0
0
0
1
5378111902
6
1
0
23186785403
473360835
9
1
7
1
0
0
5527576058
13
14
167916211
56809468
1
1
36
0
0
4197158689
0
0
0
0
0
48
17927022577
2817764547
21797756861
0
49
0
0
0
6
19559373977
0
0
455661831
0
66
0
0
0
0
16208749376
0
15
1
0
2241319385
6612582343
0
8270577787
0
5
0
87
1
0
0
6
0
9729148117
1
0
1
0
0
20
10525392486
209281038
10426433213
0
0
0
6
16461210656
5
11245689027
0
0
0
160456157
3680997963
3
323077579
0
0
0
0
0
4837954804
29
1
12
1268824317
0
9
1
4936924343
4179804711
5473666991
8844363
0
50849277
0
204224282
0
21262313387
3
0
0
19835211255
0
0
12611308284
7311728565
0
0
9155935550
0
3006251842
0
0
22
0
0
0
39
478300162
3717237405
3838278562
11
18
0
4314661903
1033720927
1242944686
1
956383406
1939586014
2674692726
18723769375
5
0
0
47367389
7233513385
1
7397221579
48
57
0
1348403912
11516972800
3
0
898972857
16
19620886990
8503569234
0
11230519897
11445791344
0
0
2544661679
10
5
4729722366
0
182326906
12
1
13
11679961249
0
8408949530
0
48
3357115539
18
0
12
0
78
0
0
3
6
0
3
0
0
2
1
15933671140
15619992235
4097643130
0
19002855637
3102027592
3
0
0
0
0
11086969574
4316704428
0
112586759
0
0
4420430119
6
3
8
1
28
0
0
0
0
1
0
52979207
21
1
9743698312
0
0
3
0
642119026
0
0
0
3243427364
0
36
0
2987449949
1
0
0
0
0
22
7870152443
0
5860946723
0
0
0
0
13176856103
0
0
0
3
0
0
0
6
93740761
0
0
0
449990860
0
1
0
3
1
0
12491234615
7598514856
0
1939435996
0
1
50
2
14271162411
5312995400
30
4411678722
5928368161
754813410
12484803
1
4
15262375841
0
0
1
0
0
0
0
0
0
0
2459125338
8837066784
6
22032223149
5784394838
0
0
0
5
0
0
0
10
0
0
319083566
20
21557458737
0
16
0
1184988220
3
0
0
0
0
0
20
0
0
0
16007615398
0
1
0
10
8
16
0
2
0
271109035
169846947
2274381675
48691416
0
1
0
641691719
5498267411
7220490476
0
0
0
4483265745
0
1095853143
0
3219949
0
0
17154393588
11990704956
1
3
0
0
0
5647498650
71
0
16198726343
0
0
0
0
1
0
0
0
4950563933
6
14660781501
0
8598377519
0
0
744892990
0
0
1
0
0
12152312964
0
0
40
0
0
0
0
0
0
5266129298
1
0
18131754075
0
955707939
0
22
16
0
395399588
1328406347
5
30501723
0
0
3
15263885471
4853732518
17263638521
7604312895
3
1
7
63
0
7238332135
0
0
3018224103
9990793733
0
0
6
0
0
0
0
3
0
0
0
0
18786194728
0
0
14667082534
1822936
0
0
0
0
6015218411
1
4170715153
10
2649530367
0
5912762242
0
0
13544648154
0
1439126681
0
3
3
1
12
0
27
5384356083
20336386420
13
38
0
0
4
28
0
4539386457
0
0
1
0
235908546
0
0
0
10533448817
0
0
0
10
0
450767443
0
20719487946
6731780777
0
0
1
0
212465
0
0
0
0
4
0
3
4908295193
15512305887
0
2693166733
0
22343275554
2
0
3
0
1
2
0
0
1
1
0
11
14046120033
0
11781304835
1999642747
0
0
0
0
3860197065
0
96
2
0
0
1164150649
0
4421947146
0
6
0
116
4
0
21418950765
0
3
13840484184
0
0
8143578885
0
0
0
8691073730
3
0
0
0
2438247981
26
3
0
1
0
0
0
0
1
0
4
3
1
15
0
0
0
1446422924
0
0
0
14824154314
4295541555
3437729837
0
0
7
0
0
18708446087
5
56609964
1167601082
0
0
2
467637
0
100
15534582628
15
6730852950
1578119873
0
0
15
5486517258
0
0
247380382
37
220430274
2823253689
0
0
6501860107
422021477
0
0
0
13062715995
0
0
5380998707
8527223045
7
15
21152675034
0
2147392155
0
2242124118
13
8
8096780640
138
11
0
1
18651222554
0
2
0
7351324736
91
3
26972320
20531926959
6
10
718294471
0
1
0
9531663926
0
4849404181
5188100489
20761163003
0
0
0
0
0
0
5086607558
15
5
0
0
2081840205
0
29
4
4300700175
0
12
0
0
16315207671
18812393516
11022991300
7396573418
110
0
3
247551242
0
0
10258550288
18
0
0
1
0
1
12520643434
0
10739604914
0
28
22752726747
1
23673330900
4346107204
6897396106
0
1954181144
1
0
0
943315207
0
0
14572773831
1
0
0
9074728873
1
0
0
1639324723
7354672489
0
17373114020
0
6
13406440
936433767
9435466728
8598336995
13
0
0
159
6
0
12835674257
44
0
0
5984303837
1
3
3
0
1
3
0
3960172412
11397481009
0
6
0
18548690255
0
3
0
0
1
55
1
0
0
0
3194371476
0
0
0
0
0
0
6
1
0
19034626
788997933
2809467936
15933068091
714168
0
0
0
0
4
2
2
0
0
0
52791853
0
0
0
0
6
0
35
15647446283
0
0
812931942
2
0
0
21
0
0
55082496
0
7
858815822
19335397360
3
1
0
0
0
0
4
5764191364
0
28
704929692
0
22367534965
0
808423167
0
0
0
0
1654149958
0
0
4
6
0
0
730209
1
0
11271954804
5121128184
4899996609
21
3251240878
0
1
27
1
0
10
108706523
542656644
60
0
4813694956
7086148963
0
1295406126
8185320502
0
0
0
1692630980
1
0
0
0
357637012
0
5
0
14090391765
6
0
0
0
20
6
0
0
1
17
4
3
9180355017
491881979
0
199436579
3
6065832733
0
7268546461
0
61
0
0
6494471683
2539207271
92
0
1
0
2
29
0
13304554555
3
41374758
3804516885
3703234221
0
0
0
164827077
66187155
6
4909969766
0
578559726
3696849609
0
0
1
4700957944
3
23
0
0
0
4314873884
0
1
0
0
1041122594
0
1
7366743217
0
1
22471473042
1
0
0
0
7
0
0
1
1120420932
0
34
0
9
18043634814
1774479079
0
1
0
17727519652
12007944276
0
0
1
5
0
0
423
15
0
0
0
0
0
107693803
2
0
6
0
7454025043
129928410
14041853171
0
0
3
3
6430987
0
4292773716
15
0
0
1
12618435338
0
0
3690902264
0
0
4
6
39
65
87549738
0
1
18852994602
22070618401
3041359860
0
0
18
0
1
0
0
4
13998648417
193
0
3
1
1
0
0
0
546269965
6260410832
8736147838
4339443918
1
0
0
11479140528
58
0
0
10
9
0
0
17582939799
8731894414
0
0
10
0
0
0
1
0
0
2
1
0
0
1
1769760375
6
2545433133
0
0
3
61
155
73875013
1945598001
0
184
5
0
12826549932
2614349125
0
1
2100204333
1751361149
0
6
236529814
0
0
0
0
0
1
9114359267
9811694547
4
2
0
3
3470112925
10
0
36
0
0
0
13785685446
0
0
12491897981
627459311
0
1470371755
0
0
12164472320
0
19963047866
3917116200
0
3
19596754306
0
14249093009
0
5000871075
16834795587
0
0
15636060214
3
3886921269
9654603771
6587017164
0
1
0
2851304813
0
22972461603
4
14486592457
0
43
0
4059846756
1
7785139420
0
0
1
2
0
0
2072699794
2578144190
0
0
101
0
0
0
0
0
0
10351638980
19965770253
390576653
1
0
1
14088746699
0
15743916347
8171029206
6966949231
15343661855
1
18249683496
0
0
14359069427
0
10643967670
0
8536406381
5234309280
15
0
6
0
7984572606
1
0
1245179294
1
0
14754081047
16106179567
837548979
1508023937
4
3
0
0
4
0
2018392263
5316006780
2
0
7063241154
0
7147561073
0
0
1
29
23083137583
0
0
3
1
0
11
0
6084708117
3551028402
43
0
2870373427
5864802527
654316658
0
0
10
11647363083
0
20009561733
0
304425912
1
0
3
0
4206204987
0
15285676789
5060848122
3180960102
11
2401795508
0
321887697
0
346040997
11
0
6926
15
3368689005
0
33
2
0
0
0
6
0
0
0
3
5029254656
18185974333
0
12
2
0
0
0
41
1
0
0
0
13872861960
3114390
1
0
0
1
0
14408389115
15
0
11
0
13660626706
0
1
1
0
0
3378226592
55
0
12959837744
0
0
2
7
19119089510
2344748713
276382735
0
94
6
19942858361
12354162380
0
37
0
0
1
4829121016
0
0
0
3687195222
13607309925
5236433098
50
0
4
0
12
0
15757415067
64701371
0
17240557650
1
0
5
0
3312981440
3
0
4577116875
0
4993315805
14282762436
0
1
0
0
56
4647523411
0
11086325925
1
0
2937575930
0
16775807631
0
30
0
0
0
0
0
7
1103147506
0
0
1
0
0
4087051137
0
6
0
0
5595828227
0
0
9836126987
2354753720
20269025668
0
15
0
0
30
23458671501
0
9924221036
94519057
6
10388690139
0
0
0
1
18904641866
0
14
0
34
2313362656
0
0
0
21394132069
3592878058
17
0
0
0
3
0
1
6
7824412283
6873469868
95214686
0
1
3
30
409380391
110150015
0
1
22952954926
0
3
1
82760487
693662240
1
0
48094678
4
3
0
0
3287255616
0
3
134
0
0
0
0
13321914589
0
0
3
0
1
14603296359
0
0
0
1
6
17314563840
0
3
1
14247425882
23592571794
6961175644
32810019
18558296863
3
0
106
28
0
1
0
3
877608720
3
0
8834464049
0
0
12937527559
0
20
0
0
0
94
0
0
0
17
18
1
51
0
99
16782479114
2762594272
20494293281
1
15
7826758570
0
16244377364
0
0
0
0
0
0
12253147046
1
0
16
0
11365441321
0
0
0
0
162685568
1
0
0
2
6
16
0
0
0
0
10229225596
16868250261
0
0
0
0
3345758760
82
3552010285
7
1
18475507726
0
14
0
0
0
2
1923588582
10977823391
1
21
0
1
0
3
0
1
0
0
12018894438
0
0
0
0
0
41
57276960
3
1
47
325687982
0
4629467293
0
0
0
0
19563355280
0
0
0
12003210540
157251633
0
0
0
0
0
0
0
31
0
0
10
13
0
0
0
20355340
21858385949
3
4876025894
12482499
0
2932035520
10460618978
0
0
66
1133172
0
0
3
0
0
0
40
19643141386
6086178648
3079675819
1
1
1
18
2
4
0
2103091418
12
3
0
4
30
8
0
3576827291
2007230676
0
3
0
3065909704
0
6700121795
8123316001
0
9
2144211196
0
0
14138356966
3
1
377185924
1
6
1
0
1
0
2240311
27
42
0
7249452190
0
11602889684
0
0
0
1
6391919837
61
0
758422040
0
1
0
17352189678
522036734
1430950438
0
5289667473
6068780850
294526868
6
0
0
3
6
11483920
0
125825246
0
0
0
0
0
112248983
1
0
11729445221
19293852345
0
5857973632
26
4312442964
1508836765
4378177960
12855877991
4167113559
1
0
10809838293
0
2
1
3
10
0
0
0
0
0
0
0
0
0
0
13098672016
6719727103
10164379371
9631671470
38
0
72
0
0
0
0
2
8685265134
16276497244
21
12193968613
0
0
6699418238
0
6
0
36
2
2
0
121018890
649130232
0
1125516490
0
0
13863952656
7
0
0
0
2
3236794864
0
6
0
0
0
1
0
22170948878
15035694278
1
15397528427
0
6
1
255099801
0
0
10613470824
86289645
0
14704568609
23253472181
1
0
0
1
2079406867
276441814
0
3
1948265845
1
17861182939
2
0
0
2
4677034056
0
4
0
0
0
4
2868141394
1
6
0
0
0
0
0
3
0
0
20235341939
0
6
0
1
13108921730
0
1916714441
3
0
0
0
0
20846217501
0
1
12703351
9271158680
4792038827
4
39
3972002974
7070682388
0
3
0
0
594749004
18978775
0
6
7441799846
0
3
17066060103
0
192358410
0
6
8567163410
0
316075904
10969873828
0
646548031
1
0
0
3
6
18
0
0
0
0
0
15
81
53
1
14718092769
10
3
1
1
0
13
0
57
0
54530582
0
0
0
11982576350
121782038
1401380057
0
8758777832
10
0
1063508584
2
6
991251198
4
0
0
9342842043
1
0
3623684490
0
0
0
12382290618
0
16120722169
0
0
101065740
0
0
14
0
1
6
5448398558
0
3
13412609980
3927731522
0
0
0
1937688416
20591356115
39
0
0
0
0
0
0
1
0
0
24
3471309831
250519818
0
0
0
3618385074
760721876
23
4202676670
0
9
1
0
0
60152942
0
62828886
1
10764589885
4486187049
0
53
3
0
0
4061286498
0
0
23
1
1
0
2
11
5929224587
29
2223073165
0
0
0
4521305121
0
1424878
16542392862
0
0
631754253
28690457
9
15
0
315354162
982578973
5
1
1
5175356315
5446446972
44
0
0
5259696963
31
7704868
0
5
0
11966616774
744130533
11
0
0
12390206912
1
1
87571912
0
128
0
18
0
2358577491
0
0
36
6468407681
2797102
0
11
0
28
6
2743945756
1
31
7719213713
7722609131
4390172130
18
17580256597
1073588048
0
2520543990
0
4
1
756160406
6
3
0
22
10
0
19433915938
16256439095
0
0
0
0
1
0
3
0
0
0
0
1
0
3469947984
0
7
1
0
12
0
0
12
1255485
29931531
4829894626
14858257624
0
15
0
84
16231888194
0
3827341047
12
0
3
6
17
1
22318887941
0
0
0
6
4934782861
0
0
0
4
7377969114
0
1964064118
27473690
389887665
0
85240627
4
5
36
0
0
0
0
6559743422
21512194031
0
1
2
4257360812
0
12338902523
0
0
5698536299
0
138
5577713544
1
0
0
1
4231016650
0
0
11153272132
3
0
3
0
0
11
4
0
0
0
0
0
4508134325
37
1
0
20324679
11492337318
0
8180836103
4673641531
327879460
212791472
5282818666
0
501348173
1
0
10594086515
0
3485837031
0
0
17794474558
0
7786516284
103520473
15950568146
0
0
20816694028
626096068
0
0
2
0
72
1
7815421859
0
4572302157
15907419410
0
0
0
0
8248979754
0
20773028255
0
25
1712262331
1
90370819
1
0
0
0
6674048138
0
0
3093055371
0
244
7
10356648199
0
6
0
28
5
0
1
0
3
3
0
18845482191
0
5407879212
0
4319037980
23
10
0
20083943673
0
0
28
0
12111042919
898611509
3406605791
0
0
0
1335617099
22440812059
0
8397669396
0
1569329361
0
1
1272793981
11630070301
240120798
0
12019023300
0
0
0
49
11049515183
0
1883996830
1489204960
1683854019
2062280370
0
5952692519
0
8
661044797
156778094
0
17672750814
3
16279832239
10830007426
0
1
1
1
7945790809
3370918406
3
2
69
0
3
0
175368713
16204899854
0
0
5378201377
16392939103
0
1
12
14
0
0
19257702025
0
3991216868
1639690549
10
22377171462
13840431062
0
0
0
28
85
8632465251
0
1
0
6990195077
2965766806
0
0
6
0
1
0
3228483096
255564362
0
5
3
14427417258
10061230858
0
4
0
0
1820450045
0
8605289705
17366516903
0
0
3941912763
46
7857339
10
1
0
6256874944
0
1
16367718155
0
5
2739753673
19384181366
7
28
1
34
0
17500477967
10641775278
57
0
0
4
1
6865236517
0
6045056626
843003232
0
94777847
1
372403677
0
0
2
0
5
3
0
1781312
0
0
0
0
16383751367
0
0
17014296384
13554906381
17
6
0
1
14585279260
96
19426549199
71
10
0
12086920005
0
0
1
5
87384566
0
0
17
1377301263
0
10772688
12296558303
0
0
0
0
0
28
13813801377
4796964017
0
0
0
0
4
0
54
1
1
0
25
0
0
9
0
941598628
1435768077
9332625386
9770944621
0
0
0
0
0
0
2
1861087103
4695876657
0
10
0
0
2338498006
4656845876
0
1832031594
0
0
0
1
0
0
3
11487315053
1
13139868580
4116976002
22
1
4006027652
0
13505959346
992478202
0
6221486837
4275667963
1
10597644449
0
6025207357
0
1
11189420771
8
0
2062221850
0
3388900524
0
21105280359
306129561
0
0
4411489154
1
0
0
0
0
0
67
6821869797
0
1
0
4697605622
0
0
10
0
0
26
0
61
19
314994439
1548238990
0
7
5438736419
12522910170
1088543252
0
206339925
0
9126544149
61
0
3
1
10
14488326790
0
14099130867
0
0
1846332447
0
0
14023166888
34
0
0
18060341170
1
0
4
15
1
0
10541185066
22
10976311544
0
0
0
4
0
69
0
0
0
1
16
1
0
0
17
9
21282036980
0
0
0
4486780500
64585594
0
8
3
0
1
0
0
0
0
0
8365828271
1
24
17719962979
0
6
3311709433
22
3720014698
0
0
864815850
4856543939
0
2584129262
14843840486
1
3
3
18735075892
327158607
0
0
2
1
1
937002532
17145652701
1414631670
21030343285
0
1345789962
0
0
161
3989272972
3
1
20
2998131405
10
6
3
3031202678
2
5
2771208379
3
1044750607
0
6
0
9508426059
0
437578949
0
9753418508
0
0
0
4287679938
3
0
0
19795664746
0
1
16256873250
0
0
0
1
934338252
0
1
0
0
1961854315
3
37
0
1353626791
0
2
0
0
36
0
0
4766775407
14135416493
16
1
10
4544827602
0
812548
1
18
0
0
1
18383848542
0
3551227882
0
0
4
0
68
0
0
0
0
29
0
20741788090
6
18941352418
0
0
0
1
3508158395
0
4793849743
1
0
3293627280
0
0
3264367165
17886788509
0
108
5
0
0
6598781673
3
0
16189348272
0
3
5
9949916
0
56
9
0
5
28
0
21292591389
3
8217520740
0
30
0
0
10773856391
0
0
38299703
31
0
16700077890
0
0
9636500422
0
0
1500509056
7057065791
6
0
1
15
447821591
0
623940493
0
0
0
0
2
0
44742522
4072910900
0
0
0
0
2292053084
0
3
0
0
0
123
0
91
3078920899
6
1
50924942
0
0
2966851094
0
0
0
25
0
7107311712
0
0
17840233681
0
4307152397
40
13744849167
12
0
0
0
0
10724585656
0
12872201873
0
1
0
1
7649700311
0
0
0
1
0
9249282491
202141096
0
0
0
287
11440585629
8225156377
0
11894794345
12068993508
0
8
1
1470214696
0
1066664049
0
1956641539
0
0
5095303183
0
0
0
0
0
0
0
3084905513
0
53614869
0
0
0
3
6
0
0
3185391348
18489081998
0
9090844399
0
0
0
4423743313
6080189538
1
0
0
30
0
0
0
0
1195471914
0
0
3926835577
67
12596283159
0
8819960168
0
1
0
1947252977
7217451277
0
0
3
14788293573
4
0
0
1
4
7
0
0
0
1030250858
0
5981941604
0
0
50496592
7
302431755
452359773
5249141103
1
10
12594971342
1
86
0
0
2247395936
22
0
0
0
4723105312
0
44367390
9
0
471993924
11314569957
6
0
0
2756168200
8
8291387112
0
0
7
17127533954
0
7
0
0
16
0
0
0
35
0
224317519
207217
0
0
0
2943990246
14414463666
40
15
0
0
0
0
0
0
0
6231063100
7
0
0
0
0
0
16226028546
0
0
28
3
0
0
4864389898
1
1
0
0
3362338479
0
0
0
13
0
0
0
20867781598
16322440914
0
0
0
11477850705
0
3688728512
0
0
1201792594
16
4822633137
0
0
3
0
4
760602883
0
0
20021641964
0
0
1
9
172
7956447477
1
0
0
0
2307846588
17738947545
0
90239818
6
0
0
3104323280
21019009320
0
0
0
0
58
6
0
11901439434
0
1486069296
0
30
18014127367
0
0
0
0
0
1673078
66
2311100031
2
15874415314
24
0
18981033825
0
17154456494
3
0
38
22173570876
0
0
1
9992004550
22
0
10
4070495403
0
0
0
0
0
0
24
5
7
1054013728
0
650822272
4529266113
0
0
0
0
7
0
0
49
27
0
4
12400807492
0
14025215502
0
0
15
0
2617400
1
0
0
1
16464860849
0
18759713460
1
1
0
0
3
7460984402
2
15752232455
0
0
0
650034062
1896775917
0
1
3
0
21
0
0
0
0
0
13549854084
0
0
7888276591
0
5
542893985
0
0
6
1
0
0
0
0
1307723896
2953298220
0
2
45145371
22834736134
0
2
11196858870
22171839393
3
1
0
4
107814665
0
0
6333134075
0
0
5564741048
0
0
0
0
11838184124
0
752931819
1
6361537
1
0
3
0
21488924
1
2
1
34729220
22
3
0
1
0
0
0
0
0
0
3
1
0
0
0
0
16
0
262339873
13415277021
813346419
0
0
0
4298123814
0
17690527534
5802356157
0
0
1
1972475
0
0
0
0
3
3
0
30
1
0
7
32
0
1
5019724507
1752420656
1
0
2
0
0
2002468466
0
6
119
0
2
0
1
5
6180908819
11
55059250
1
0
3
7323861888
19
0
27
0
0
6
110
0
1
17
0
13
0
0
6698118775
23
0
21183863144
0
2968143956
3
0
1
1
1
19412314901
3509325454
0
0
0
0
4269864698
1
12497926272
0
0
0
3
16731860788
20
256657469
0
6
5294601926
712982359
0
0
0
0
3364648513
5894533457
0
5
0
0
0
0
2
0
0
90
11
0
0
0
0
0
0
0
6
0
0
0
5009256076
0
0
0
0
0
6
0
13362492692
0
14741405631
6
3273105491
0
0
0
1
0
0
1220838316
0
6
9383271673
0
0
0
0
0
0
0
1
2440285267
0
7
0
1641964336
162733463
0
15757004155
0
3599716189
0
0
0
2240803081
0
7659270452
3
44269096
296589201
13236033254
1
138797184
0
10402994983
0
0
10
0
0
18
9472626601
88
0
68451297
0
5
2156110526
1
0
6662902980
0
0
233
5839241424
0
187473
0
10927710657
3
1
0
0
6
17977824945
0
1
10415880166
0
0
0
0
5
15212727978
1
194723424
0
0
1
2
8
0
0
0
1
0
0
334
0
5
0
0
908033746
38
15333787434
7
0
123
0
4017419824
0
8935633893
736166790
0
0
0
59726089
5572473205
0
1
4572937085
0
0
1
3275199528
0
18859356031
1
129681971
1
13
19037289102
0
8998410994
0
49
1915997790
0
2
10922959040
1185618410
22
1
0
3
0
0
0
0
0
0
19852536371
1580955201
0
0
1
0
0
0
12803709310
0
1
0
0
3804286831
0
3
0
34
10
12
0
2
329875737
0
0
0
0
2
16240822495
0
195778867
22828907701
3
1
10
1
43
6710526204
1
0
0
16208874558
17981779
0
0
3
0
601489263
1
1128364540
0
7
1
1
0
10
7645471639
15553223498
21
14330816561
0
0
0
28
0
0
0
0
0
1
1
0
3
3
0
0
10664515686
0
45
0
0
0
142
1155047104
0
0
0
2
0
0
6
10830077379
3
0
1
0
6
0
1
0
4030306307
3
0
0
9614129800
16183796774
0
7935479634
0
0
12636781103
1
3
0
0
0
0
12530972227
5590343186
3935049551
0
0
14910621904
7850638792
0
0
0
0
3
21
5
33
0
0
0
5025532433
1189567683
0
0
240545531
0
0
19322622499
0
93
19231123921
0
0
0
3
946742754
15167268405
0
6
0
0
34
12315839088
807636192
7176236302
0
17
1
0
2
3
0
11
0
0
31
18
832381899
0
17001244536
61
0
10
0
57
22413274104
21792790
1
1
0
2547004832
0
0
0
0
2
0
18005899792
12
0
15
0
0
68
1985817914
0
567116
4660800146
4264362130
3
7
541099831
4703850194
0
1463981541
3735043669
0
5
1
41129560
1
14318966845
19530812940
0
0
0
2
0
1
12623771257
2877366988
9351047492
0
14
0
3
0
10
1632217780
0
1
0
3
1
3
5539632027
53
0
0
31
20055211376
17236907669
0
96
0
0
0
10
5591901835
1
2250320022
3
0
8496507938
0
0
1
21
4530175984
0
4922055547
2164841193
0
0
2
17289065671
0
1
15
4
0
0
0
0
20629027967
3201768393
0
1
5453032216
49
8159789688
1
0
24
10
1266239498
1586568753
0
0
3
0
11488294421
3023033434
0
0
1717363930
10
0
0
446412382
0
0
1725092483
2
1
19397496498
0
0
12
0
0
110
0
0
8
8
10578072789
0
0
0
13806981742
4
19215259947
8741953749
0
0
0
3078226765
11404224210
1
0
2977756430
16210152456
18
1634226078
0
0
955927405
0
0
14356442772
9436101759
2043654106
0
1
1
6
1831841988
0
6783
0
14
1
2363724124
4920688843
166415833
569514126
0
1
1
0
0
12
0
0
0
1
0
8994511034
1
0
1
14148885690
1
0
4238292328
0
0
0
16164627667
2
5019156354
16
0
17343612252
1408897
18319386749
0
0
1
1
20588501272
12818463947
0
0
2915846988
0
15
3
1
0
0
0
0
0
0
0
0
21075927194
2
5516057723
10973100713
0
0
2
0
0
0
0
0
6981372671
0
36
1
0
0
0
6
1036685
0
4804442
1
20217372258
3
10
0
1
54
2420384622
1410455741
0
0
6988527700
3432775843
34
20238197494
40
75
0
13007611841
0
1
0
3
0
0
0
0
0
13620
7
31
0
4
1
0
0
1
18150416137
0
0
0
8
0
613648431
9
214699903
0
22
0
6108328926
0
0
3137196432
0
0
5
0
0
0
0
47
1
2
13920898137
0
0
1
13875317726
1
3176310762
0
0
0
28
0
0
19
3019853398
28948058
16631723285
1
0
16
400820062
20
0
0
16843046839
0
125
0
6791697871
4
0
0
4
15077765597
0
0
0
19
0
0
0
5792739247
154337850
2382222586
375658827
0
9983236865
1
729060108
1
4835997970
11146241133
0
194253831
18
11524160224
5544022079
4157857081
0
0
0
0
3
1
5287440791
0
0
3
3
53
6683148322
5977137853
3977549019
1621514828
1218272720
70537486
1
0
11962364626
1
0
16524242382
2752056987
0
19372395602
38
0
0
1
3
9748330752
1
1
0
0
60
175120936
0
288247680
3331542013
0
0
3226109439
2
0
73
85294907
13934216977
3
325166817
1026281
4
98
10610232213
251489382
0
0
23703735654
0
11666539088
4
6
0
0
1
0
3
0
21
0
20474313168
1
0
0
0
0
1
2
10489442059
0
3
4
1376324346
98631468
18398062744
37
0
10669796238
0
1
6
0
0
0
1
0
1
16864688446
0
0
17700201509
1
0
5
0
50
0
3561813105
0
13
0
2941718255
0
0
3361942784
2
1
56600245
1
1314591334
0
0
10299861626
9
27
15400220738
0
15
0
1895321260
0
18
0
0
0
223452
4
50
0
0
9
165654
1
5
0
0
23
19821138418
18766280252
0
10
3754343919
0
15
0
0
3996559405
0
1
16384076159
10
13959297907
6
0
18350803371
0
10
3
2
1
1
1799468487
1097387949
0
0
20991141778
10644562227
201563719
17579604176
0
16
3648768688
11864782403
2
0
0
4068556677
0
1
3
1604540405
0
16813513468
62
0
11
0
0
0
3201211215
0
0
0
1
9
78
0
0
2784329128
11
6
1
0
333670149
0
6
1
13701309602
17022787269
0
1421653122
4
125456661
0
0
13278588108
814877175
0
0
0
0
42
11126038881
0
2413328166
0
0
0
0
0
18415182913
0
5752779028
105
2
969612553
6
0
2212324646
6
0
1
4
6
29
0
3
0
7969365498
0
1402708021
0
0
176019155
1
0
323773994
593460159
11623762763
21331971067
3
0
549815129
0
0
121
9241013914
0
7193845054
0
0
12344916972
1
2714980735
1
0
0
0
3
6
5592306196
0
7715182530
0
1
0
3
29
13235900736
0
0
19349502825
0
10
0
11455668776
44
0
0
0
3807451327
3440172718
1
59
0
0
0
17213091836
0
22782124733
1
51
1
12372315586
12
0
3
1
0
1
7124927172
0
21
0
0
6223249171
38
4659377752
3
16853608974
1
0
0
0
303238586
3
0
0
17731646699
6
135344794
0
24742
0
0
0
6
0
0
59654377
0
12951808743
10881448018
6
10177903999
0
0
18
1
0
1
3
0
1
13146730959
20986212151
45
1
0
6
1
0
1
1
1
0
4430043263
31
3730278622
1
16051175143
0
0
0
0
1
0
1
3641083592
6
1
0
1
0
10
3486489549
0
1
2427978485
0
7
35
3
4519596737
1
0
0
4815917772
0
7657272
67
1495183684
54
1
0
41
3
3912808494
0
542118236
0
1
0
0
0
0
0
1415455005
10
27
6569178333
6466285400
533403324
1
19554988322
0
0
112092337
6
0
3
0
0
0
0
2
0
1455468454
1
0
3
0
13980044019
0
16
0
0
0
1
0
1
0
17488913267
1
1393589460
1
0
3
0
1
18
36
525935011
6
24
18291746589
1
0
845427552
0
223288244
21
13689255498
0
0
13294470923
2
1088538511
1
0
0
0
0
0
0
0
0
0
0
0
331860397
0
0
0
0
2816211425
12658542617
0
58
0
10157167486
0
6146759838
0
0
0
18890393378
0
5
10
0
240462718
0
0
15281946210
6
0
4
0
6150151943
10116267714
122451531
0
0
9
0
4021346779
0
4607528256
3534890359
463109336
766002365
9825138620
22234159
0
0
0
4693585447
21
2
0
0
1
0
6658628371
0
55
0
14691403031
17051070782
5666224369
22448717779
0
0
0
3149151
0
11
3
0
0
2
0
235
0
1
0
2104983388
0
19217259891
0
21222745169
1582682307
0
0
0
24
0
0
4106836336
0
10
0
13
0
1
3
0
121870620
2888303163
16282028205
0
0
0
12
0
0
16692575352
0
3
4853703402
113335687
36
18
0
1
10
0
0
0
0
0
4217619084
78
1
0
0
0
4
0
0
0
2479333579
15718663659
0
1904615419
1706301551
19478175914
1
4901279939
0
0
26
7066
0
55
1404125431
0
0
15
0
0
0
472669275
7
5
0
0
0
0
384009201
10
72
0
8246738053
0
0
1
0
0
11463891457
11749177830
0
0
4207632386
3
0
1
1
12906425116
0
0
11328852593
0
9
0
12384520954
759260779
10580609884
19863082739
9
6
0
157630701
104
0
0
596131238
0
273312064
0
149
0
0
0
19256721385
0
0
0
1
280961059
1
9147908317
0
7623551708
0
3
25
0
933838565
0
45
0
7407121495
5
542109140
0
20
22
17365373668
2089468527
0
4944468054
0
0
5199037610
1
0
13126568074
123
0
9723239242
0
6
1
4
0
0
3271867796
0
12362979559
32
13450813859
0
54354359
0
0
0
734046236
0
1190235270
0
44
0
413391059
0
17685736900
7127112850
9890020896
97
0
0
0
0
7
0
10705928571
1
1
87
0
1
659898471
1244066966
5
1
0
0
2
1
0
0
0
10
0
1
2420657595
8218492500
0
0
0
0
7828594461
0
7544043708
0
0
0
0
2192976951
33
0
0
0
8330822854
0
0
2
0
0
3216238013
1
0
539
5377774985
115460228
0
3
0
0
2768653134
0
13
11965440263
0
1
0
1
7616130751
1513158117
0
0
22
0
220783598
0
1
3
0
20647821207
30
11
0
0
20
6847830938
5
2
2
59843279
2
0
4639720999
0
0
16
9
7645852362
802194458
10220827827
3
0
0
0
0
4651364453
3971539209
11318089604
0
165
4
0
15495621560
0
4061587723
840201574
0
6
0
1
0
1
20777020354
0
1
0
0
0
0
0
0
4
3
0
1
1
0
23
0
21
13
0
0
0
1
2
1447255692
0
0
5524528760
0
1356157257
15
5380440003
1
0
4073025968
0
0
1199153607
0
16
0
7248736105
0
2206105536
0
48
7736943173
0
0
0
0
0
4
9679847272
0
6
0
7904708037
17454062968
6958021579
1133513888
0
1
0
0
40
0
2163619443
1923923602
0
33
3
0
0
0
2
0
0
0
1
0
0
43
9022530564
4528300573
0
4
21904923809
3425998122
3213915854
15
0
0
0
0
55
11135021171
0
0
0
1509075498
0
3
0
16419035492
16669177345
0
0
0
17716205553
0
0
0
0
71
0
7491700565
0
18
1
1
16
7955712535
584082289
0
23
0
8106161789
8637730809
0
0
0
0
116077324
4
0
154769264
2
7
11860129451
7671438308
0
2
0
0
0
0
83
0
8628707423
0
1
0
4875637336
0
1
0
6
5181174196
15
0
0
11540013321
19
8
3
0
1
515312034
12
0
0
0
1497181001
5
0
6552710834
6548123282
0
1
16037005020
2
0
384321626
1
0
26
466327402
18185450000
0
1274419780
116
0
0
7
0
0
3937222472
0
78
42
0
0
5026239484
1
4178714405
18
222
0
0
25
0
6024554377
0
0
0
1970017749
0
12058918817
15
19843424535
0
0
1
0
2324041750
21219856525
189946247
21
0
3186671953
0
9588007642
4462640882
3015561305
0
19822947788
6009701659
0
3
8266716996
3
0
1
45
0
1
0
0
3
1
3909078329
14
1
0
0
11262701491
0
4
0
0
154
2
15
16334810160
0
0
14964292005
3
0
0
13245035775
8401846676
0
10
1334404204
5243679035
4396323687
42
1
0
55
0
0
14983623403
0
0
9853593362
3284186487
0
11
10428567143
18427560647
22307966330
0
0
1
3
28
0
0
18735484027
1
1
19842898600
0
1
0
10973062052
0
9431815743
11104005021
0
3
3907313742
8
18
1
1
33
61
7501782014
0
3
0
0
4474817639
0
67031610
255562638
0
12835887664
77090056
2
6411812551
0
29
21381239059
3565817197
12685862910
0
0
0
3
1
0
1
16690908025
11853262402
468227644
20602581278
3
1860212315
0
1600706808
71
7441986866
8769202988
0
0
1
16021019129
2926591397
0
25
2253323249
0
7606138236
7403235542
0
14
3
14788127954
0
0
60
3
4415994892
0
5364783875
0
0
0
24
0
3843289830
9182223295
11
22963911381
0
0
0
969633026
0
0
0
5
927405763
16
16595342025
0
17334997999
12563465869
0
7622479723
2
0
0
18041457853
0
5737006451
0
68564281
0
5360078160
0
5088176600
0
0
0
4
0
0
1
0
0
0
58712145
8340258716
0
1
33
9913621867
0
4861087726
0
0
1
0
0
0
1
0
2
3991150070
0
1
0
0
0
0
1
45
0
4518645704
10036679344
0
14734409740
10396704511
5685774524
0
0
1823738516
0
1337510511
0
1
0
0
1
0
541408326
0
0
159
8032292326
30
670336878
0
0
1868075402
0
3360749021
0
0
0
806446648
0
3
395859389
6042950553
1
0
110
1
21
0
4315189539
4511598393
0
0
1
1807118154
2957281867
0
0
4
24
12277978840
13319706
21
22
0
0
1
0
0
0
17517996988
0
0
0
134
0
2112159158
0
1
20105313287
0
30258094
0
13756944380
0
0
0
1
0
10844019388
0
0
10321561933
0
2099011018
9
3
0
1
0
0
289841226
9
0
2415310103
0
17798287063
12
0
0
466567165
0
103
0
404862195
0
3670391125
0
0
311035174
1087857018
2
0
0
4636834829
0
0
5
0
0
15649346410
3
2
2627905240
0
0
0
1
10
0
1
1
3
2
0
3339979602
2154860262
0
31529858
6
2965600816
0
0
1
1
1119486251
36
2
12472619531
22
1270827862
10
17
518999983
22344842292
1472907317
10
8280845920
4631571558
6
0
0
13485075884
9638355387
14260614091
1
11023456449
6
6314717330
11
0
0
4
0
1
288265697
10
0
0
9714735266
0
1
0
0
0
0
11401578897
0
0
0
0
7
0
1
0
6234927664
0
21
0
0
21066876329
3
0
0
12
14529993931
4878729271
32
0
22740894400
19131188857
0
2
8849673701
0
1
0
1
12640607807
0
1
0
1
98077683
0
1
0
6
16690311758
0
13113169772
22605915493
0
1
7
1842942422
0
1
18290716546
298575780
1
0
19940853539
26249597
18392479073
45
5402309
0
9275691926
0
0
12189556179
1
0
0
5
1828254304
0
0
0
0
1
422569058
1
0
0
12
21
0
371015999
0
4524774624
92
0
0
10
1689089844
0
2
3
21786285645
2
0
0
1
0
81
9253034625
29
0
1
10
3504997870
0
3
7847572665
0
0
15575615468
6539860538
1899291284
0
0
16
2621787236
0
0
803420605
343
0
0
0
0
0
4305130073
18113279600
18695260206
8848487267
10606371435
1
8
0
2
0
0
35
0
0
0
9840962733
6
18659130210
7
15280293142
0
0
0
12
0
0
1
0
0
0
22086763845
9037336346
1236035132
0
0
15342668429
294285232
54
0
16
0
8
177300086
0
120
0
9114042408
1
44980301
0
52599580
0
13
3
5679330466
14725850120
1348024760
14077176153
4575947504
3
339887743
0
0
0
0
0
4
0
1
8
0
186345617
0
689507300
35055057
17
6
0
0
0
0
12
0
0
0
556683862
15403857262
0
10
0
142218841
14715259488
0
13492803081
0
1685974256
0
36
5
4
3
0
4726693104
0
0
388997035
5019569084
16219003523
18
0
49
0
10799298026
0
7
0
28
0
1
1
3
109
0
0
11388712088
3356562294
4
10
0
1105318207
1891617041
1
15
56
2
0
45
21601287300
0
5
0
0
17943135868
15
0
0
5
3257219101
0
9479747557
2
0
0
0
625638149
0
5650089289
0
3110370383
0
0
0
0
1631048208
11561095132
0
16658767882
0
16363960786
1017329406
13128544302
0
0
16651690407
4371700008
4894805848
0
3217215753
0
7
8763533579
0
0
0
14058801553
0
3218958484
17101807921
1
3
0
0
6
60
76
38
1
6
0
0
0
5
1
0
0
0
0
38
19834885673
18
0
1
300605200
1127727396
46
0
6
3656388423
5
0
0
34
24
0
3203815748
0
0
329211201
0
9
0
375171533
0
14952596284
13954421790
1756451324
1
0
0
0
0
49
19657422078
1
0
107
0
0
1
2014142282
1789027608
4086866197
0
22
0
0
0
0
16755128870
1
39
15636670058
0
0
19533313120
77705569
11685824369
0
0
6
0
0
21640711335
0
6
0
14611985544
0
4443891063
0
3
67364859
2
0
1
14807149980
1
0
0
21951624
1983684469
0
22
26
0
6
16
19453852911
0
0
0
3
0
4528346065
15752122159
14752229110
0
0
0
1
15613797216
0
21
0
0
1
21
0
6
10
3416643731
33
2
7492876064
3096764758
12
1
0
21
293200066
0
36
0
0
0
17984553890
0
2
0
0
0
0
10
2
0
0
29809473
15
68
0
0
1
2329669260
0
0
0
3921022975
0
0
86
0
0
0
0
4077025501
21
0
0
0
0
1
0
11870030931
1
0
0
0
12
0
1
1
0
1
2
3486879874
0
0
1
0
10257203406
9
2
0
974927045
2
0
114
0
14924949202
0
0
1
9
0
0
15
0
0
0
0
0
1
11428293437
0
0
6
12256227555
0
0
6
1
38
0
0
26
38
0
0
3
1290159837
8227043811
0
1
16
10
15360977324
3100936786
34
0
0
6
6
1
6
7735119127
1
14199649495
0
8581883790
0
0
0
0
0
2
0
0
2610223789
17734139942
0
0
52
0
2
0
0
1
4761791257
0
1
3
0
0
0
0
1
0
0
1
0
0
1
14092457877
22375065284
3
0
30
0
1780480956
6
0
0
13194860617
0
0
1
976698641
7
0
26
9982885637
0
11966830032
14677231929
480363314
193538865
0
0
17079864024
2
12
1
2229194523
0
5
1
2915466543
172
41
1
10
0
4259294599
54366043
18068535949
6
0
10136074664
1
0
66
10
4
957467643
106
0
4803910307
199061863
4557442846
13091010695
0
3
4320968705
0
0
2
15120182411
6
15
21971596916
0
68150627
27
0
14747957
1
1601645698
1
42
0
9
3
27
1
4
4
0
0
0
0
0
0
14134317251
36
0
0
0
631240103
0
0
0
10742949312
0
8647976392
9607159769
3
1
9147224144
0
0
0
13056085808
6
0
7699477180
6961903314
0
0
0
0
2148568849
1
0
1
8276127537
1
1599686125
5
17
0
21987035050
8
17
3514414029
22399624571
0
0
13068814543
0
6630990159
0
0
0
12
17745441888
0
1508633116
0
0
1
7
12126521639
9
0
3
7
19181869227
0
0
0
2335472793
4741792401
0
15390376902
797203834
1
0
1
11443421115
1
12690482417
0
6
0
2
3
3
0
0
10955458314
3
18333908966
0
3
138248299
1
36
0
0
428501552
0
11385906194
0
6
56
0
0
103941229
0
0
0
1
2
9
9957964516
10
0
0
12
99
21403879565
18165452227
16996516884
1
1
0
0
27
0
13699660462
0
0
0
0
0
0
1
0
0
0
0
21
0
5866948987
3
0
5203161372
0
4135737269
6
3
1
0
7023517223
0
1755624200
0
0
5089005835
19358116633
0
15
0
0
1
0
0
34
3241810180
21
0
0
13
1940321530
0
0
9929800882
54
0
0
4167129980
0
0
1
0
220323117
0
0
3
0
0
1019101273
0
18012464759
142
7979913430
106
0
1
607158430
0
0
0
15415118
0
655803533
0
825651389
1
2709013710
0
0
2523089427
0
0
352750876
0
0
0
0
16663350795
0
7
23319293864
0
1
0
343828413
21971703022
27
15
6625492286
1
0
0
0
3
0
0
0
0
54137229
1310572703
21292899986
0
3
0
0
0
0
7376998640
1
6
2317321135
0
0
20
4
21
0
2
14391307795
0
0
18
0
10833424618
8000978905
0
1
0
0
0
0
0
1504323536
0
0
3
0
1
1
15
0
0
60
7
0
42
1
0
4222654196
0
11438467618
0
0
0
0
0
0
0
200240739
6798973433
1
9133811135
0
20864193717
1
13036289623
0
0
0
0
68
10
0
2
0
3
2082195828
0
0
437189742
0
48
0
0
0
1847640515
0
10
0
14
8
21755487665
0
16813123231
1
15527656888
3
10604954187
6356770
0
0
5679705899
0
3633402514
2
0
8
0
0
0
0
0
0
1422099507
0
3
1782953943
15
55
0
6
391810438
6140689602
474233515
1
2
2323037872
0
0
36599229
10
20
1054978
17069897281
28
0
2
23893645979
0
0
1
11924287400
0
0
1148608911
0
0
0
0
10387428099
0
10
21511734483
342360742
1
13657662149
0
5388317805
0
0
0
19064755409
40
20980118552
0
12834423426
0
10125028190
3713474830
0
19
5306124331
0
0
0
1419391184
0
0
40
1025890387
0
15153074110
0
3
1
6534536103
3
34
0
6272326083
0
52
18941650302
0
0
5685102370
6
0
0
15
1
67
16676941427
16017405181
0
3
1
15
18513877603
0
0
0
0
24
0
17722854806
1
0
3
1
0
0
3567735049
38345965
0
0
269040362
0
0
17228839
103931129
0
4949390973
4
379666793
60
3
0
4178790766
0
33
0
0
0
12655723746
0
0
125506715
0
6825662295
0
22786336330
6
9
1
0
3
3
23453866863
0
0
0
5194344
0
0
0
0
0
94
3411619018
0
6
1
0
18564116923
16396234722
0
1
6
1
16863495680
0
0
0
17551752865
7
3551379644
3
12
7
9781101524
0
2
11
15
0
0
0
0
0
0
0
14189895036
9203155665
0
0
5
161123836
18515584551
0
1
1
19711217270
0
0
0
0
1
19318086830
0
0
22057967
10
0
1
0
0
0
0
1
3244923064
95
0
0
9781988140
1066027523
7446742088
3
0
4308226663
0
0
1
3368714491
2
5031392147
1
3084547920
0
0
11847204137
3923533406
17060453733
0
4
0
178314793
0
0
28
0
10
1
23
0
0
0
0
2348893401
4524743912
16281662331
0
0
0
0
6
0
0
0
0
0
0
0
0
1
155131847
36
0
0
0
0
0
6
8
4665831715
0
51
0
67
0
0
2
0
2
0
0
1
293496826
14336311899
0
0
7
4807146201
17621518581
3
0
1041147018
6993921528
0
0
0
20270897440
0
0
1612865437
42
0
22873457335
5856818214
0
133410369
0
0
5444371774
1
13075093876
3
1233864014
7
0
0
0
10692580089
57
1377985190
335255136
1
1
0
0
18321739654
1449553663
0
3
0
10390377734
3
0
15
1
5923264368
1
0
1
0
8753276965
0
11
0
2
0
0
0
5
14987089957
18995509629
0
0
10
0
2850389911
3248331833
0
0
1
0
0
21
8302071968
0
21
1
4818052272
1
70622376
0
0
13675298558
0
0
0
0
10503165665
4
0
5330439791
3
16208611159
9107413750
0
98
86
0
17294474001
0
5990401
0
311232840
0
0
112018205
8124039150
1
0
0
15
15024642972
0
1
0
0
1213763912
6
6904756594
6184487861
15
1
22244786870
0
9704060740
13780647635
0
3185805962
0
6
0
0
45
0
1
45
1328753595
0
0
1697291555
0
1107140583
0
0
1
316216545
7
0
10
4730205756
6944714005
10898033073
16038627582
1
0
10
0
1126961153
10608917710
2070000448
0
3612129914
8579770212
8354130546
0
13435152310
2
1
0
0
33192156
2741020160
1
0
0
0
0
380073035
0
0
3
0
272384380
9538040274
0
0
0
0
0
0
2621179218
9
0
0
0
0
283562104
1
2
3
0
0
6
8
3
1
0
0
14
0
0
1
0
0
21
0
0
0
3
0
0
0
7629973678
12414278783
0
0
0
9273924178
5450326558
0
1
0
0
0
0
9284791065
0
5152883965
15
51
12961759327
0
3
1
15
10433871286
0
4
1
1
0
0
0
11
0
0
0
6226104168
0
898383271
5
0
12784575449
1642666100
6982306039
0
0
4917029321
15
11
1194585043
623997293
21402517382
0
1
2266453121
589132401
3
21
1
0
79256750
319195525
0
1
0
0
0
5
10
0
0
51
0
0
4
48
0
9
952778297
0
0
0
1
0
730372763
1319319674
1
21472076169
159503568
3782946416
7323454142
0
1
3
1270990340
3
0
0
19320981262
49
0
8886907859
7
0
0
6269244478
0
12556138821
0
0
0
3
3
15114603034
9955384389
0
0
0
4
0
6
1
0
3688649912
0
20882948818
11086707049
0
0
0
10410044730
0
0
9
11
4729927905
17140749420
0
6
0
1
2
3765402595
18804186078
2384038691
0
0
15326275101
0
6
0
0
0
160196910
13559067890
7310927256
0
9
2
6
3
2104433551
12344508429
1
9290802113
1
2243671510
0
16112875328
17
0
0
0
6
3233785934
0
0
1
4843042440
0
4489899512
2691450274
0
0
1
0
1
0
0
6
0
0
0
6543368475
2141334587
0
3855483509
12
0
0
0
0
3
820783099
27
18
6066974333
167709550
1
12393912903
0
3
92848332
17
0
0
157465760
7011600715
0
14350904457
0
8478323699
2865449698
0
1
2
0
0
348054082
0
0
0
4461247739
12566336
972458968
480470932
1087668198
1
0
1791582252
0
26
0
155316938
1
0
0
1
0
493564284
36
4
0
0
25
10482700260
8
0
1
0
0
0
1
0
0
0
0
0
0
4
6
4
0
8039217223
0
754546739
0
1854163309
0
0
6897494163
0
3
1
16
0
2965356570
0
1
0
60350827
0
0
4012320005
0
836964010
1
4331976636
0
0
183
17496125941
0
0
19
4
18338731924
1
0
0
0
0
14589687358
0
0
0
0
5419762128
0
0
10366144083
18
1
0
328389133
0
0
166
0
3471439436
0
8725966065
6390951045
7058318581
3
0
20084653271
27
0
1
0
0
6247125858
19314272136
0
7160535194
0
6
0
11926983003
6
0
36
0
0
3
5880895008
1
10
38
247733456
21016065196
15458093105
0
0
6
19143719065
363417721
3
1
1
4
16565306983
4
0
0
0
1
1
0
0
44
3124449282
103
7764961264
1
429229651
0
0
4567930767
0
0
0
3281010028
36
0
18543138
10
3
1
0
2197627248
13
0
17283598423
37
7447577152
1
0
10
0
3
2
3
3
435746917
18402067788
0
0
9
0
0
18906285674
0
0
9516533165
0
0
89
104165234
84836407
677886755
2
16707120
0
2944436816
216128396
464093562
1205731966
0
6
28
0
1
0
4534401878
1140730768
0
1
0
1
0
0
0
8330497213
0
1
1534920733
0
6
0
0
0
1142289017
40
3295434278
1
346443066
798159214
12009332589
6
0
16607693497
3
0
0
0
4163005367
20054394287
8133208201
1
335360132
69
1473444878
0
0
0
0
1
0
118408509
3716113835
1
0
0
1
508343117
39
0
3
0
22654043493
0
1
3
0
0
0
0
3950986455
0
516361498
27
0
12888586931
980630804
17212840329
0
8
0
7
5205368913
67
18732297087
0
0
0
0
3
6
2
0
22687355
0
20101488274
0
517792304
57767424
3113329308
1129565650
5898534
0
0
0
0
3
7089233447
0
0
0
8773446810
1026016219
5
0
1
1
10495182136
0
1145566220
34417482
15
8535283
11
21214048835
21
10
1031072906
6242010986
12078653593
0
8
0
5
10089007079
0
6
0
0
9288069833
19
5
3918133522
80026022
83
12
1
1
0
1
0
1
48
0
3194051038
0
0
0
0
5
13591195898
1033681957
3
6626166347
51
21760555
505203370
16298658973
8753105832
0
1
0
1594339451
6
0
0
0
12068582858
7
55
0
4134468628
1
0
747058267
1
2
0
1
8863941578
1180369523
9952787799
0
13583711842
11
18860355047
6
0
25
4719383619
1
7
0
0
0
3
3219189517
36
0
1
1
3
1
1085778351
2
3
0
0
0
3
0
8
816721600
0
20315307009
502661988
96254367
0
0
0
4292008850
0
0
811262097
1
9659174515
0
6
0
10139152980
3965967956
0
3
0
22714401517
6165272415
0
126
3178217923
9558000843
0
0
6887477179
42512209
0
2038653409
1
0
0
0
10060359205
21086215274
0
6
0
4697778517
16216680986
0
3
0
1
20290649066
5
12157106321
0
1
0
0
5497707703
0
1
5706773312
29
0
4
0
56
0
280861604
0
303820
1
7875942091
0
0
0
1
3177198292
0
0
8948674245
12064088381
0
24
0
1344702556
0
0
0
3930407549
0
1502683751
0
0
0
1
0
0
1364689431
10
31581259
0
6
1
0
0
1017002925
489113419
0
0
0
0
4333639743
3
23
9250665442
10
0
0
570087
577850580
7
1
19
3
68
0
18807479756
1
0
0
0
0
0
0
4024326273
0
0
0
0
3
0
0
0
12482516569
0
0
29
0
1
0
0
0
0
23181931
0
1
27
0
0
1
852707911
12066628716
0
6
0
4122531275
31
370814278
0
0
912886680
4062892787
0
15277132167
9
0
3
0
0
0
2921442439
0
0
0
0
20288948128
1082236613
3
0
956284497
105265988
0
18
12447089677
22987613805
422760430
0
16
3
12675612102
0
1
181793152
0
3
0
0
0
783178658
0
0
7576160340
0
15416596751
0
0
0
0
264137278
0
0
1
12828694771
0
0
2
0
634640479
2
15549824674
12
0
0
23001251270
8789262414
7
6389652484
0
16918453436
8
5
6
1
19269301651
0
0
14
2
49
18966201378
3
0
3
3158965999
8
3872166069
0
407273157
0
21
0
0
4497534717
218920443
0
5
107
0
10
0
0
4830559078
0
8642797801
7719584524
0
0
1
0
6
0
15950571633
0
51
37
1
0
0
0
0
0
0
0
0
0
10
13111933984
2797144188
0
356763434
0
1
1
0
4184175952
95
1
15
0
2
60352
0
1
39
1011843960
3301903
0
197712696
4
0
5119794713
3
91
3520300871
12919856828
9
0
23
0
13908409335
3
0
7674841070
89076592
0
22
0
96177057
0
90000476
17714242379
7
18133491393
0
0
0
0
4
1
35
127235127
14267857675
0
4125608674
0
1962137335
0
3
0
0
3
0
0
0
0
18088453056
0
1359767725
24
1303
0
1
408965403
20144175165
0
0
12
0
1894138515
0
0
0
0
6
0
3
16877896444
0
55
18069956090
9834208413
3
0
0
0
452668764
904314466
7
0
18637874407
3900851752
3
0
9552295978
0
47
555691638
19157113538
4
927936903
0
1
0
4630147356
15
7
0
21410972024
0
0
0
8
0
0
0
61048981
3282080869
19
0
0
5
10
5182383063
10281668499
6
412663151
27
0
2700731398
56040499
2
75
79
16473833138
196
0
0
0
4
179454489
0
0
4
0
0
0
0
1572125251
1
1
1
0
0
1
0
0
3
0
0
9
0
37
0
0
7144759305
12268028243
0
18705939278
0
0
2
234
0
5
17
1818772330
0
1584959329
0
169484985
0
0
40
0
6853058488
1
17513838709
0
1
0
0
0
5561650129
1588462460
4
4010872329
0
3044872618
0
10898298236
12298542842
13
0
826871624
0
21
1
0
8891360861
6047505212
0
9
1780552479
2
0
33
0
46
7119187022
6
0
17005832125
16
0
887365896
0
4475734947
13504283636
0
3
78471620
0
0
39
0
0
0
0
19645784354
20985212642
0
12384316
3094910227
0
8
16847058251
6
0
5
0
3
9223514390
6201180238
6
2542474433
0
4
139861
0
0
6
0
0
174
0
0
1666478934
0
7
0
7828093907
2248416876
702383238
3
0
0
20659371095
1
0
22465410668
0
79
612058522
0
0
4
2
198636450
1
0
12
0
16772589224
0
0
0
0
0
0
0
0
0
16070841837
1
0
0
0
4
0
2531636868
4895812926
0
0
0
18492785549
0
0
29
4034846269
0
1
1
0
0
376578954
0
3
9
2
65
4
0
0
0
0
0
0
0
228878206
0
0
48
6714418690
0
0
0
0
1
3
17386671849
0
12004885093
1
11148572615
1
0
0
581145033
1501815936
5
0
0
21812034509
684995083
1
55
0
12
20402111453
0
0
1
0
3034029176
0
0
6826026602
0
19144101006
9
0
16
0
6738100848
10460470635
5820638121
9600645367
0
81
0
1
0
3
1031072419
13130032430
3
0
14
4857320661
4
18
0
0
0
6
35
8
0
4532383
0
376
33
1
0
1335543171
831196094
586907783
5557095697
2
0
1
0
0
0
0
1
25
0
1
9288488299
1
11125574011
0
19408236494
15
3
0
1
0
0
0
0
2
0
10463960419
0
6740259505
2424913037
86
10632343348
4178684552
1
0
5890758355
0
5175224536
6
0
2
1
0
17535080251
1
0
531189641
33
11058685103
6
0
14342548948
11884842969
1
6
1469464972
0
1
12394954674
3
5956918
0
856091149
11527208455
0
4400183352
0
0
1
4562595333
0
16591991062
8
3
0
7121921701
8406950007
3
7260429758
0
0
14
0
0
25
0
0
0
0
0
0
0
0
0
754013358
0
1
0
0
2
3140292569
1
0
9
16
0
3
20
6604608017
556549727
0
1
0
0
9272981494
4
21
0
137
15
6
8778425591
1154847186
0
0
3143554109
0
11060491618
0
4690566667
141225673
0
1
1
0
6271922849
1
0
1
1502863340
3
0
0
1
4373981102
14972241630
0
0
0
6545343493
9870815784
0
0
0
0
0
0
0
3197054328
97672760
0
0
1
2336300985
8403409793
9409681950
0
0
0
0
0
0
0
0
0
0
0
17574843176
1043947872
0
120
13718057173
0
17892498402
0
61
0
1
13118958788
2
1
44416857
699376879
0
8763570045
0
946873323
1
2
1
9
22316645551
0
17107492742
21623045598
19
1
3
0
7
0
0
10842590818
17397554363
0
0
0
0
15
3
15343509598
0
13
0
10664776153
0
0
16633582514
6338476992
8
7579729080
1
10
18354699658
52
0
0
0
0
5
9081040883
1
3
0
0
1
0
1
15765044294
0
0
0
3487202267
96060912
0
0
0
0
0
0
3436110
849497233
1320076702
0
9
0
0
0
0
3
0
11813818895
0
12937802118
2
15
380751074
8447822411
4
0
10565280416
0
3
16197069033
0
972935934
8326050327
0
0
12664591114
0
15306651092
0
0
2
4317939772
18346442997
8171872912
13489833427
1592078082
0
1346966087
3346653001
0
0
3
2152907665
0
6455600590
0
13156052419
0
0
47
0
1
0
0
985775840
12872498555
16029766507
11961122572
7
0
15
0
0
4
6428255501
7409903749
0
9606176480
0
0
3027328738
3
0
9236987296
19392444892
2280542167
29
0
0
3
2623157057
0
7331679646
0
9
693840385
0
0
0
0
20763924126
0
0
0
7339956623
1
0
6
491178286
0
5148853037
0
1705547521
0
0
0
1315354887
631047852
0
1062331648
0
106933367
5
4898572407
0
0
0
6
0
19
0
7
1
0
0
1
0
11952938750
3993788684
0
54815995
2430977330
7
0
2871011249
3
0
2
0
0
0
2
866800884
0
260
2
225953279
18
0
3
2458827261
6347598753
0
12521363706
6
0
0
0
0
8
14
3159922535
3006357884
0
0
1390324147
3
853568656
0
0
0
0
0
21058453265
1
0
1
0
18799241744
269763667
22047261404
1296231902
3546973921
0
0
0
17876169527
0
5229284139
0
358094242
1
0
0
4744778613
12
6
0
0
0
66
0
0
50
0
15
3851889134
0
1
0
22
1837822507
15582638430
0
0
0
0
1
0
0
45
1506861765
0
0
1
5312368409
0
15338552420
6
3
0
11133902721
0
0
6369659008
1
0
1697245815
44
11509769442
162
0
1
0
3
0
0
786518064
4311324874
0
0
3
0
6
6601140356
15
0
0
711712507
5
0
0
6
7155407866
15999423612
7
5319885
0
0
3
0
0
0
0
7
117
0
0
0
0
0
1072367478
1
0
0
37995917
0
0
2615908593
2235364193
0
8
6
1
7
32
0
10570123204
19113683685
8
1385825470
1
0
0
0
27195265
0
2
0
66
2632277704
0
0
16547618901
1260806730
0
0
320954137
0
0
6351945533
0
0
876857167
0
5830613033
0
13939132182
0
7124896923
0
1
9809180639
5442086732
20067683459
0
0
10245540459
0
0
1
0
520784178
0
1
9547893371
3
2
6
348366688
0
0
3
13
1
1
4644061056
0
6
0
2124814335
9
2524688821
0
0
0
3297298803
7443272677
0
0
15586237941
0
0
5175635446
623111129
20452904087
5
8241131137
9
9747589362
3254638287
0
55
0
1
65
0
11
1
0
0
709185698
0
3
4
1
0
0
0
15578343118
1
3
19884511153
0
0
11316771178
0
1
0
5366592
1
6
6607468214
0
0
4
0
0
0
15
7
0
1
656973579
216484832
1
13274699327
0
3
89803799
9
0
0
8627714464
2318568286
2
0
0
33
0
41
20
7801681719
3427476939
5
5
10893259148
0
0
0
42
16277144234
0
0
0
163880101
0
39651792
8292245964
0
179
1
0
0
1
4
58
397099652
3
0
8428371013
0
11316137454
13142853068
0
1
0
0
12102974641
0
2
1
1
1
1255137810
0
1462147361
0
2
0
13777281085
0
1
1859033162
4
11780057204
0
1570905790
10
1440119310
0
9282173458
578550
3
3
12677082363
1
0
0
1
0
10
0
9
3
3
5
1
7202179518
0
60
20224855234
0
10531294479
3
0
0
0
24
0
2
0
1
0
0
4
0
0
4992652931
0
0
0
0
0
0
2575141368
0
16830463648
648574122
294222703
0
3
10
0
0
561422589
15581147517
0
11760420479
0
0
0
0
2293781551
27
0
15459960239
0
1149441689
13274686655
265065868
11520023841
1
10202406223
1145367864
10
0
0
28579965
16
157206941
1
11089698248
1
3491478741
0
10233049348
1
0
0
2
11990600318
29
0
0
6744220624
0
0
0
5428997592
0
0
9483524961
3
0
0
0
1
0
0
7021517859
4739034426
0
4
0
7
0
13
125607088
1
16106922282
0
0
21
809947838
1
776000555
5
0
0
4
0
0
9527822611
6593914897
2167037720
4
5569493042
5690951106
0
0
17197777900
0
7
10
5040315699
3115090685
16459533818
2
810651670
3
0
1
474432
11607192012
5924854918
7005410938
0
3
0
8638911439
3959089673
21648503529
0
126681
10
0
250989573
71325221
21506288890
12849070922
15896544510
0
0
1177362856
0
0
4
0
0
7818985018
1481668492
1034489014
0
0
0
0
6345582527
0
8400370381
0
18
0
208055544
0
0
3
1
0
0
6606149792
20563694902
2
1
3
0
18582588680
2413877571
80
114
8844823811
11
0
15280454505
14219890023
8282966335
1
125
7402446143
6
10215670780
0
0
0
0
72
1
0
7659839
0
3
0
28
0
15888239166
0
5988712652
0
0
31
0
1
2
0
2
0
17329992255
0
0
3
107
2076085630
0
19
16529389618
821065061
0
1
1
66
0
0
20622979758
3
34
7765947656
0
10482444932
23254343815
75089165
0
12
0
1
11462618777
0
2118974144
0
3
6
4534624894
0
0
15
22274147195
17136341563
165400290
0
0
6
0
0
0
1996272442
0
1
3
243124767
21
1
0
0
0
0
3
66
0
2
0
0
0
1
23284409606
0
18202687372
0
9311000593
0
196878932
10
0
5762719827
0
0
19
82747312
7
3
0
0
11693995233
8669447773
1
7345431556
106
10920233910
10
599583241
0
0
244
66
0
0
3
0
7135333988
37855496
11135334257
7167100291
36
0
0
27
25
17706302617
14952542361
12
1
1
9899171741
0
0
1
9202123605
15
0
7
0
0
0
1
3
0
4993784
13
0
15103906803
0
36
4
15757159603
0
10
0
3
2
0
19074250214
1
3
4068398396
0
1829792657
10
1
272085987
11966871500
0
0
9235241770
0
234165992
0
0
1
0
16812085901
20105183874
620329960
0
0
3
0
0
6
10294257472
0
7380001133
0
0
0
1
838917063
9246396016
19342810023
34957617
15193594933
5877270392
21
6
14865154605
0
19
0
0
0
1
0
5521997843
0
3
0
63
5
14347495285
1
0
1
0
28
0
0
1462155960
1
0
13161252989
18170803209
13
0
965304074
6411184212
0
0
0
2695969638
8
0
4
7
0
0
0
0
0
7636328241
4
5624098490
0
1
18
0
1
0
0
4635250424
17975669158
0
10921953068
0
1
0
0
0
6
15521517592
2670184797
16497178551
3
6502592584
291630702
19278000579
195577147
1
3
1
0
0
0
20910054453
7
2
0
5386480647
0
9257559519
0
0
157
13683744601
3
1
7
1
19
0
3
0
2
3097554301
2686812159
15
23107202539
2
0
0
0
0
8
74
9288286244
0
73
15505985032
86638992
0
3
0
0
0
3
10
0
15
11535761650
0
0
0
0
12
0
0
12284008256
14396762828
99
0
535
4
0
364989388
0
0
0
20
160049999
1148596681
5
0
1
805446552
12
0
3
11
0
16
17268308128
1
0
1
0
4
0
1
0
1
17105309955
0
1150291141
0
0
0
0
0
1585587228
3101914911
0
1086670584
0
12915228802
0
0
0
0
12
41037842
16888501406
6568057709
6
7037460115
5
0
2449480284
5166614567
0
0
0
0
0
4120664827
7481163839
808540047
0
0
11799525582
637320381
0
0
2832739553
0
0
0
0
0
7295769407
3003542762
0
1541623214
0
9216861992
7
0
0
0
18762152909
0
0
0
15
105770389
1
0
0
10406332441
1
0
0
20145362300
26
10597379379
1
64
0
0
27
15
4893816875
0
55117847
0
0
1
0
23998938819
0
11453189733
0
0
15
2
4134662601
0
0
5300387384
0
13527397735
0
0
14980699044
19
0
16587923238
14
21167739526
0
13062469008
0
13389228632
0
0
17598555818
3
0
0
0
0
0
0
1
18053922070
0
0
3228855618
8
1
3639518
0
0
20186841464
18901891196
0
2976655094
13
0
0
4510243565
27
0
0
0
2
4
34886345
94242784
56
0
0
2082138901
3061975125
2037759709
2466487176
8006426092
1
272710891
20772994308
16649769586
13
13
0
247158757
1
4736174712
0
56
585966579
0
0
0
1
0
0
0
1
2
0
3724366
0
13104318977
3126158395
0
12172001193
0
7
0
3823574096
8117656089
2
0
1
1
20976992428
0
13
15604122036
0
0
3
6037247973
0
0
9
0
18
2544874916
0
0
0
6976571610
34
0
1
6
77
0
59
13135826440
2778144117
0
0
114870283
1
14402616617
1
0
16
4948176131
16
8722613756
9513277503
0
6
0
0
12654317536
0
0
0
19773231185
0
0
5528085885
0
0
15866084600
0
0
0
39
0
23418915227
1
0
1102612328
86
218711722
0
0
0
0
4
0
3
0
3481214948
0
0
63
0
0
0
325472
12
3110535483
0
0
5
0
0
48
8411356741
28
4526069633
0
0
203895369
0
0
0
0
1136119248
0
0
0
3682614866
17878321808
17
156
12
0
820210006
7556207157
0
0
348010857
11885075813
0
0
0
0
0
741089248
1
0
11403957641
0
0
0
0
0
17472703522
0
13064424086
15508564600
0
5
1653801537
0
3274550234
0
61340441
0
31
12986582456
0
0
5277762683
1
21221198998
0
0
775151431
0
52
0
0
0
0
1
0
0
1
1
3
0
0
0
1
127
0
1
910159246
6
0
7
0
3
6
0
4518281474
0
0
9463090512
0
3
0
0
2
1
0
15
11337527086
0
0
0
15
0
5
3
0
1021253607
0
3
3328487544
0
9993352769
8
0
7613841480
6643541025
0
2
17406521418
539352036
0
0
0
1652640736
3372621582
6
32975165
3
0
2048412879
0
0
3
0
1
3
0
6
14901223321
6173246158
11708296514
1
0
1296945797
18370350383
0
18
6
2257646160
6988437653
0
0
3
0
1
12645560467
12212785093
0
0
3719401734
14998833469
3
0
0
0
3366497354
3
0
6
0
47
10266125194
0
0
0
3
0
12
0
3
0
1
0
0
74515622
27
17036446338
1
6
0
1
3
3621642412
9589790576
0
3335255332
0
0
1
14
56
1
12044662445
17105123244
0
254819435
17120825384
15
21
0
0
2
0
1840397637
3
0
0
0
7470562725
2
0
51
0
0
15761009645
0
90
6264413592
2247809949
45
0
1
5
10
5
15037654886
7
0
7
0
0
0
0
0
4495295112
8
0
624893561
0
34
2717238258
1
0
3
4052735334
0
3597577653
0
0
3
0
2
5828108495
0
0
0
0
13330449167
0
0
4681186363
2492371755
13
19303408182
1771467721
7390225673
6
10
13622033034
5763594987
0
5733567131
0
1
278582565
0
2
1938886442
0
5307663764
3
12812955561
6241147395
0
1
8770044168
0
0
20421103581
0
0
841901259
36
4606947882
10840691003
1
3
3589174765
5
0
205096864
0
0
497326399
2365448795
6
0
0
0
0
3
14735358718
1
2
13830528873
0
0
1197741249
18053967780
0
617326113
10167514335
0
11027219791
11349917419
4
105862528
5381219841
17014523012
0
1
0
0
0
1
1
14345394121
0
0
1
20239093033
0
0
0
0
15
932085519
19752040354
0
0
0
0
10
1
0
7
11575231933
0
7
0
0
19542927087
0
0
0
14
0
0
5
7
3
4965279666
21
205705454
0
0
11221714743
3
0
0
12297448920
0
0
154
0
230582164
0
9704777642
6066161146
8697829424
606552615
21320515002
0
1505419889
476639112
0
0
15959024961
0
2669774226
1
0
72
1
13124513123
0
0
7195570412
21
6
1
3
0
15802634857
4551544925
1418769168
11963183558
0
0
0
0
15
1
54
30223182
81
20529888052
0
79
9254241663
0
1
0
11567096550
14699101362
3238606585
9206395288
10140816274
0
6431302661
1
0
0
0
0
5755226144
0
37
0
6
15
644894953
1
0
6
10
13216937733
0
1
29
0
1
17084022426
4829939663
5221429168
1
2
111
2030648459
0
499427243
4
7156349352
4119828092
0
0
6
0
0
0
9130131512
5539334809
3480258610
1
0
452379116
2187826316
0
1
2907417917
0
0
0
0
0
0
3
0
1
3737611047
0
0
6
15
0
0
5996134268
3559310959
0
0
1
10
3
0
11726189862
0
0
438293976
0
0
1
0
0
12983103878
0
0
664832872
0
1
0
60
7766833985
0
0
3153623535
1442329108
0
3732446628
1
0
0
1
22
9233901572
6
10380643808
0
0
6
6
15869604748
0
2753342085
9
0
17
0
2
0
8335126119
19808944511
0
12446909592
0
10
0
1
0
26
23665636
1
0
0
0
0
0
1963155765
1
0
0
0
0
11839575097
321191139
0
2
0
13717494100
3
3463665492
10
2341344579
4640178206
11437319561
3
324907526
0
1
0
3
21
0
0
57459850
3
3
2566576934
0
2904687414
0
17502800175
0
0
2
141
16293938063
13712227118
1
0
0
1
3
0
0
0
58
1
4026524889
0
5212747125
0
10
10
1
14818684896
0
18417379304
18516123498
30
539267597
8
21
1
10
0
11700643496
1
0
0
12
18
3
19
0
15
0
11749502210
9258704023
69
1
0
4726041376
19578136764
1
0
1
0
10852718134
30
995864972
21130392990
0
8565221342
21604424248
0
0
2853961074
13354683144
0
16978974952
3
20899703935
1
0
0
10
0
12
2
3
48
0
0
0
170357718
8062376949
16201541715
0
17791378291
0
0
0
0
144
0
10
0
0
129397688
6
0
30
0
3
3186004378
0
3
0
0
0
19779190729
0
0
46
6364166697
0
0
743505264
3
0
0
93478457
0
0
28
0
1330170367
1
3290275640
0
0
6
1
7
0
7209142116
2352235463
758857776
0
0
0
2175450454
0
0
2471557213
625118975
0
3127049174
1
0
0
1336946051
6
12326947811
2
1
4
0
0
0
1907054087
0
0
10
0
92
4461390541
7
410699503
13254376317
0
0
0
0
4
6
6274645009
0
0
0
17266192575
0
6
0
1
14
2
1801566120
153044369
0
1
36
0
1
10
3797815269
6
11876389696
1297893793
0
0
19071206
0
0
0
5603074107
5476234330
0
4
19966191902
10543906764
29
3
105
0
0
0
6
9
0
0
0
0
0
0
0
0
0
6528177871
358326200
0
0
0
0
18659113741
22754867367
1931312950
0
12
495430520
19417291333
15
29
3
1
0
0
15389771538
0
0
3
7135847711
0
0
8620099394
13123129043
0
6
0
15173490004
0
0
3362716485
2
0
0
0
7791324231
6
0
1
6
3841878809
0
6824138184
6
325118081
11
0
3
7746851258
0
19769349508
0
5605293573
1
2535124226
8
0
0
1
0
0
12926643805
0
81
0
9759716782
0
0
3
1
1
7586982834
0
263496058
19
0
0
0
0
29
0
9300829488
0
6559739353
0
0
22646350140
20014900366
5651696718
3
0
0
0
795884211
5846449915
3741330151
1720668416
370829794
0
0
0
0
0
0
0
1948853724
0
2
0
0
15
0
0
3599263654
0
0
13927533802
0
10
0
6845084485
1142040449
8
0
6
96
0
44
3
0
3
32
1
3
1730936188
0
110
0
1
0
1
0
14
5950811427
3357535817
15340346461
1
8787312599
21276258859
0
0
0
3
65816968
1
5
14
0
0
0
214110595
18
9
14487788894
0
0
0
18679189995
8538142
6
0
275738420
1
0
6422048312
5252811089
0
0
3
7185281628
0
0
21034407041
15
2430666
46
0
3
0
1035226408
0
10
6
4766974010
0
275209593
0
3337883904
0
72308064
7485377438
9047051879
0
0
2382398825
0
1
16119333783
7
3
23991816938
1
0
1
254122
5
0
10594488207
0
0
1
5451899240
3
0
1
0
4068670481
19485263289
1
0
0
54
179283199
0
0
0
0
0
52812721
21
17240244502
7797186511
1
2485499839
0
9948731940
3
41252591
0
3032698157
8184771227
18119025617
0
10
0
0
5
0
0
0
0
0
0
0
1
0
707277259
3893097577
9
0
10952638095
0
0
0
0
2
36
6
887460203
0
20127927392
10
0
0
2453574836
14976586772
0
0
13
201233605
1
0
2506763751
3
64
10
0
0
0
0
16
1
0
10243242886
2682468810
49
2
0
0
474088811
31
1
0
0
19225454312
0
0
55
751050111
14
0
256248488
3068286768
12691084450
49
6
0
0
15421345411
425361451
0
0
0
3
0
0
31
0
6138798715
2
0
0
0
0
0
0
1231087467
0
0
2
0
0
442808115
1775787293
0
0
3767840647
95869662
6323393766
18829510272
983001188
7799940786
2
0
2
3
10480581147
9208726751
2081202382
0
76
2794344933
1
0
3090122218
0
2
0
6
34
203365177
1
0
1481743667
0
1
0
0
6546776763
5
0
68062487
0
6
1
33984428
3
6
0
67
15991349461
0
0
3
1
1
0
173
21527651092
900080951
0
0
0
0
3
1
0
21657789562
0
0
0
0
10
0
9289823140
1
3550754747
10
0
1769442288
0
18528654712
0
0
3
0
0
0
0
205914300
59308073
0
1
0
9101735632
3
1
0
0
20543283565
2403746583
14430622639
0
22722194334
0
0
15
823761350
0
0
1635898695
0
3
0
5
16153672452
1589348206
648966649
0
18745464531
14674878533
46
6534417402
0
1
15
0
29
3304133270
0
432013514
0
18746451629
11042867966
1
0
0
1
4787988986
648399296
0
0
0
20159967715
437367533
1
15
13718561416
0
386840770
0
0
0
0
390019035
0
0
27
6113292611
0
0
0
16588737566
9
1
3
1797812474
0
1
0
0
7
0
0
1
5442057431
1
3816168
33
0
0
0
9294973732
1
4097883846
0
1
0
0
18935595
0
13910536068
2746337483
0
0
12016757725
14822144382
45
46
0
0
10987415304
7439598922
4
0
0
0
16512286937
4
1
1
0
0
0
4964928910
3121969447
0
0
79
6
10
1
70358916
1
0
0
0
17
6
1
0
1
0
17785200826
0
0
0
2429080562
1
12989485493
0
2993003948
0
22884180704
1
2818471322
17525127259
5403682855
0
8450889159
10984181778
3
0
881628196
0
5
0
7
0
9010781517
0
0
0
5750094825
0
0
1
0
4
0
0
0
6922544500
1
0
0
43020090
31
10598581013
0
0
1
0
42
0
1643699140
0
1
15991597695
3
11382218787
10997620672
19428789537
0
0
8
22970641714
0
0
16455066365
13957998966
0
3
0
12
0
828993035
0
7595613157
6806872460
0
19659622475
594340225
21
1563909315
22208413081
3
0
80
110243844
1
0
6261382326
22
0
0
522357201
20815706489
0
14672814283
0
0
0
0
1
291
0
2643730679
2181151226
0
13919531253
1161430467
0
0
12002874194
0
0
0
1
69
0
1
38
0
0
130
0
0
0
0
0
0
23
4
2
0
0
0
0
0
11744463393
3
4939076851
3
2835387413
0
1474727557
5219687861
7479163804
0
3
12399615267
0
0
3
8836461338
21526584202
0
4
0
3069696162
0
0
0
0
1
15937501565
0
1388287305
0
3
0
0
6826669001
0
0
15192135922
2970874610
3
0
775677070
0
0
2
117307324
0
165318319
2
0
0
0
10058172636
0
0
21
0
4
4
0
0
0
11356497542
0
0
7751098186
1
1
8422195717
18919617649
29
20554955119
4
0
172772050
3
6
9
0
1
0
1
1
0
2512738814
3802900757
0
4
0
7490808533
2016558474
2278032132
0
1976940703
0
0
4569873821
8
1
5590739187
28
27
8061815988
0
0
0
0
2
7218725608
0
1
16464605430
0
1641829478
1838062141
3054763261
17357799892
20
0
0
3
3
1
134844605
11
3
0
3973682727
0
0
82
3480229595
2098195547
0
0
1443807928
0
0
7
5293415805
15480623941
331767
0
14047854131
5
0
10
1007524833
0
0
0
39
1
17436302482
127
2060456818
0
0
10
0
47
1
1
4
0
0
0
35
0
0
0
1
2953075603
0
6
0
0
824543588
3
0
0
0
14764331178
0
18928438130
0
70
0
979349678
0
16
6
0
10
2870024075
1
1
18818973848
11
1
3
0
1
1
0
0
10011721912
1
19
0
0
16419766743
0
18602199827
20120726507
1
2
1
1266431223
8
0
0
706210365
7508622539
0
0
0
140027876
0
0
0
0
1
8381420350
10
1
0
0
100
0
236
3
4
6793608576
7
0
0
0
2081594832
3297314329
0
2
1702356742
0
1
15216952720
0
0
1
0
0
1
4217704925
4053336370
19
0
4
3
0
1
0
0
0
0
3
1
310390728
0
0
0
0
7098584552
0
0
14804685315
0
6
0
0
41434607
9
1
4380808706
45
0
8369110419
1803634007
0
0
19698637975
0
0
165833147
0
15
0
0
0
0
1
0
7745011850
5
0
0
0
6
11388102232
123
59
5575093338
4
21682781792
0
1
0
1120322269
614345871
1
3
10215871550
42484961
860029079
1
7084312117
0
0
2081879925
15
12932417945
3
0
41
0
0
15
16037398827
3
491869023
3222735512
0
0
36
0
0
1
12286517874
21
0
20448139726
1
18
1289056352
18741190253
0
3
0
3
22
0
1130497992
1
16
48
0
49
0
17
0
0
3
2
0
0
0
3577441441
559362927
4
0
0
3
0
0
486479345
0
2
1
2315240243
19
0
27
16
2989483818
0
0
0
2
0
3
10148648421
812826111
22070531884
0
7866299341
1195142302
1
16365067081
0
0
0
21043013989
1
484
692870763
0
6
4517864747
0
0
11065058063
12
7
0
0
0
15150593818
9236188745
3
17871675287
0
6
32991419
0
2580468947
0
1
3004493551
12692038575
28
0
0
6
3
149
0
45
3
1
0
4
0
0
1
15457748200
0
15
0
3
11016046735
83244951
0
0
0
5389953713
0
0
0
0
1822674545
0
1
2
0
40
0
0
0
4621018629
2
9118304733
55
45
0
0
0
8918914946
4820517193
391238025
3979949662
0
15191332
15861059257
11
4
491612755
0
17726170908
0
0
1371771044
7718471730
0
10722528644
0
0
0
6326645217
0
0
0
4262883266
1
0
6
0
4
893727122
0
0
11954883363
3
0
13272705436
0
1
0
0
1
8384214
16006027140
0
6
4
0
0
0
1297222832
2
0
0
23368762077
28
2
0
0
1
3
0
0
0
1
5
0
3
9
5163289905
626923533
0
5722181516
0
368311560
5
110
20
0
6
6
685070034
44
0
1
10403071292
3342462534
0
10
0
618478554
15985601222
20554381370
10450759026
0
133348447
15971996704
7
0
3
19
12
0
125
1
15
0
18041843256
157
4
0
14915730665
0
0
0
13430273325
0
0
0
0
1867362987
3
2
630229534
14530611392
0
18680974563
0
1
0
11855750600
8852071104
1
3766699965
19202339188
3
17386015066
0
20
0
0
0
0
11061253353
26
1
0
159
0
240975040
0
21392547866
1
6
1
0
0
0
6
2
0
0
1
3
6
12697513169
21289432843
18830087148
0
0
0
1
0
0
2
15
1223708895
0
3
0
6
3
4
25
0
3
3628993412
9276884218
0
13937071160
0
5
0
11193255418
259145076
10700781253
9004794985
0
0
5185784522
6
20049357423
2
0
1
0
0
3234589972
24
5
3
0
4581283901
1
0
2610526462
1
0
1197378857
0
2935934700
93
0
1735141207
0
0
0
0
0
1
0
0
0
4623959809
1534166801
263416864
3
0
0
722841887
334575158
18155705514
1
0
17
0
0
0
42
0
0
1
0
0
3
100
0
0
0
1
527880319
2
0
21948787037
0
3
14775215832
0
0
6
0
18700569414
4
2385773139
7637310216
0
0
0
4675245152
0
0
1601514558
0
0
0
0
252548562
0
2614260309
1
0
1
88
3
0
1
0
18
1
6235388223
0
0
0
16
0
3
1
0
596042604
0
11533312648
46
0
2753709693
0
0
8462923974
0
28
25
2848047349
3189265251
155141594
0
0
2414104482
0
994362075
14938384317
5
0
0
1291943992
3
0
1
1
28
0
22421896266
0
0
6095519897
0
18903624709
6167465149
11595578106
0
292367262
847211670
11
3
2
158055839
6
10872222769
0
0
0
4
0
6103324
1
0
0
3
9205958520
10
0
0
0
0
1
76
0
0
7344900776
0
0
0
72352589
0
0
4
55
0
0
0
0
1162769769
18
0
1
0
1
9
0
0
0
6
7373769029
2915753100
0
0
0
0
0
0
109176
15075834154
0
6
0
1847279036
0
455260296
0
5
0
1
1750345367
3069555728
0
63166875
0
2801058727
0
2
0
660
0
10
20285129304
0
0
14227580033
0
32
0
4
0
10417026168
1
6685715961
0
1
6279892352
14731235390
0
0
0
9933866428
4576115951
1
8049518781
1
0
3
0
0
0
26929835
8435133459
0
0
1193157178
0
0
0
0
8348253875
2
15
3
8449506311
1
43660729
0
1
0
392417525
4351354231
0
8988191685
0
0
0
0
0
4
1434917818
0
3090204263
0
1
1
0
0
0
1
1281257974
0
1
21
1
0
0
0
0
8019023399
1435937197
6
0
0
11
4
0
0
0
0
17
0
0
0
0
0
4060020882
27
5914640229
0
3
3
1
3
0
0
0
1
0
19310548486
0
3781979505
15
0
0
0
0
1
0
2296792756
0
10
4
65251663
0
21745689894
452831731
12721502856
0
0
661431915
0
26
6
0
6
0
0
20151349399
0
0
7462819638
0
5698689921
4956185903
0
0
13607763
15793153533
21855285510
0
16
399
18
0
0
0
21
0
3
754025889
4
0
0
0
0
0
1
0
6
6
4
0
0
0
3192128446
0
0
10
1
6885636974
0
36
36
0
14038427126
581576077
0
0
3180894121
0
3259475120
0
0
481532534
0
9
3838455058
19759063919
21
0
0
0
3
62737492
0
0
0
0
0
0
0
4377781180
624803754
51
1
8644933331
18631699358
3
0
12319044258
0
5940928008
0
0
11
0
137985
0
0
0
0
0
6398851132
0
4
3
77408202
1
2
0
61
0
1
19
116364107
15
0
10
1
0
14442662426
0
2359962095
4
0
1994305314
3860236
0
3
0
0
4
26311551
21
1
0
5
2705680649
2506461547
0
1011238456
0
15393494839
249551863
0
23
0
0
0
12391455140
37
2
0
0
0
5
0
8335433573
2053640079
0
1547366008
0
0
0
3
19
2
1629394191
6159583006
0
940284761
3
0
87051193
1
0
0
10318973066
2432296335
0
0
0
0
138583
1
1
0
6945686491
11
0
0
4293412966
15632000097
0
1
485902367
6365542493
0
0
200
0
30
1
1
0
1113831098
1
21
21285424329
0
0
31
0
640687470
2830903281
13525178917
12070696401
3182541765
4721809213
3
5
0
0
955505750
4
142
0
12
3
0
10
1433415378
2
0
2
29
3
0
0
1
0
60
0
4631841250
0
10
0
86
0
14723419521
4
1426562907
21816408033
1
0
48
11
9276808655
16928797186
0
3
0
0
3
0
0
18446665313
0
27120874
7
1614065935
0
0
2
0
7
84
20319680845
28458397
0
1
553721862
1
16856428223
2737018047
0
4519534454
29
13352788275
10
0
1
0
1686404827
0
0
0
0
17589240275
0
0
6706156338
177504252
13334491
20674441018
0
1
0
62
0
0
4
3
0
0
21
26
741402224
2952742457
6
2
1328312165
5
20977714776
0
8996343543
1
0
1
0
0
10
0
0
3179685831
0
3
3
3
0
12
21583789557
92357164
9
0
2259060775
0
0
10
7
0
259
17398035919
1
0
369153140
1
0
37
15684593402
3
8640863430
0
4
1
1
10
0
0
0
4544999018
0
0
8559800948
0
14881253
1
0
426830526
9397882285
1
18836061279
17713333224
10
0
0
0
0
1
5896085209
16000686791
0
0
0
3118539887
7750640649
10564006811
103
1
981456766
376508387
9578414523
0
0
0
0
0
0
0
0
1
18
3
5
0
8847611302
0
20074513490
0
10727562715
0
1
10
593433849
103
15145332221
3
10
159652737
27
0
0
0
3337981113
211062006
2
769825765
2
17514837228
1
1
729433
7209019376
12828505579
7
0
862166677
2313074
2
6730286401
1
1
0
0
0
4167633843
4
0
19
0
0
1
10894521990
0
7437652308
0
0
0
5560082144
6
20106631031
0
3
9853397935
6
0
3
0
1408054279
4
8554486853
0
0
3
0
22781439
0
3495926993
0
974358268
1
0
3
0
0
1
1
0
0
5884627943
22
0
1838858023
36
902661403
8
0
0
0
0
0
6
0
27
0
15933177478
3
0
1
0
5
1703896901
0
0
0
4064267830
1600482547
3
0
0
0
0
20
0
0
10459851216
0
0
0
0
16623519439
56
0
0
2408978789
1
0
6
178968262
0
6
0
0
1
0
0
1870252543
0
0
15
0
0
154
21217886655
0
305502171
9
17455166218
0
10406479088
6
0
0
0
0
83671298
0
0
1
0
0
0
0
0
0
2
1
7926411190
0
0
9725226290
2
7
17
0
3
1709101043
0
12200992750
831909396
0
3
8
0
5007610066
6
2
6
3867952282
0
7
1
46
18
10339831
0
0
0
0
1
3155282239
573856638
634547093
4
6041383916
0
418892234
10
1
2741789701
0
7
0
2642435319
1996359817
3
0
10
91
12262884061
51
0
0
3
0
14060573277
0
17719875541
13718827211
0
48
18107357903
36
0
0
973507563
0
0
0
0
1
13023780422
10
0
0
6
0
12
0
3
0
1353609844
91829495
1
7547284843
0
3368849238
0
2628491220
1
40
1657505587
0
23291612551
11430524778
13240796
0
15
1
0
0
20173465188
5435393067
1
0
33
4557863962
5472087948
1103660824
0
11775098001
3633725629
110
8070362660
0
0
1087981239
20994993330
1338849793
29
51
59016029
0
0
5469245343
0
5552521637
0
0
0
0
3
3716303215
1
19951997590
0
17
0
10
0
3
15214898
0
2890604824
15
5948393473
0
31
6
0
0
0
0
0
1
0
17930109
9286496050
0
0
28
1437418390
0
0
0
1
3
21931666750
2064691885
4262864563
6
0
0
15
376919001
3245709736
10
38
16433935442
0
1
66
1
0
9
1
5986434575
21698353773
3
24032417761
188262195
0
5
1
4
0
7768306460
1
0
0
2
0
12
0
343933164
0
5
19757715217
0
0
0
0
6
0
20
0
14989640450
1
3
0
1
1
0
7496236642
3
2469418554
10
1
1
9842020778
6
0
4102043615
0
0
0
0
0
0
22009817141
62
3107166100
8
0
3
8097070565
0
5040456652
0
19709880363
14690151785
1915314058
0
0
0
6
0
36
7880964076
17871875601
0
6
18
0
15280998974
0
16268069399
1
23
0
2669276807
3
0
0
3
10812942268
0
0
10172459268
0
517062269
0
37
10
6
0
15
0
17164818473
0
2
0
4
0
4913456761
0
103280347
15
0
2
3
184956358
1
3524715798
1
0
1041832121
1853581602
57
2857583729
14484957139
15544004541
0
2
0
5943073724
0
1
37
2628548714
1
941402087
1173992730
21
1
15
31
9382360016
0
0
8523378173
2768966343
1
3459597541
0
2
0
21
2
0
16255682566
5369856936
16829206352
0
0
5
12354195603
0
0
40
6664001847
0
20524330963
3
0
197577935
1
0
6
0
0
0
3654865629
0
26592653
6724940124
88
6700980441
0
8322225482
13
3
31501860
0
0
0
0
16330205142
2710634125
1
6
0
0
16527829903
51
1744472138
0
0
12780196547
12376808055
5
5
0
5619495019
0
4
0
8
151235721
0
0
13678004779
0
45
5
10770311187
954520268
0
18
691021972
0
13
1
10
21
10536239500
38
0
2077350101
13987405639
0
0
0
12
0
0
7405345764
1
478073666
14781315436
1
0
1259234291
0
3
0
17344599041
0
0
4
1
0
1
0
0
0
229508553
8
3
0
8
1
0
0
0
3192296184
0
1
20850447546
0
0
28
0
7337778410
6
0
17030066885
1
0
0
6
19777964159
12577720302
0
0
1
0
22676381523
1
6257941388
0
481988363
0
0
0
44
4
0
109435149
1
6
0
0
3
1221955690
3638343856
0
1
1
7273812985
15
1
0
0
0
1
0
1
0
0
0
0
0
16205791245
1891775503
526815797
31
0
2
8449698979
55118643
4
0
6453638448
0
0
4626911200
232867345
21
0
7944863946
16804307105
0
0
14
0
0
0
805716
1935876042
1
0
9596808940
3
0
1
28
1672297800
0
9610098901
7859193253
21
1
0
22
6
0
22
18450004708
0
15269111790
2
42665
6
11952164236
110
0
28
0
0
0
0
14348270
0
0
14488750842
7391138066
4
0
17023588014
0
22
5891298861
0
0
764619509
0
7061976175
1
1
0
10
2108730468
3
0
0
0
3
6970171717
1
12771794723
0
2
11
0
1
6454750800
12093369342
0
3
3
0
8862420548
0
1
0
0
0
0
6
6
10764125716
12223784152
1
0
395212124
10
105143808
4
0
5
2
17732091438
3
0
0
1
0
320016337
13917846279
0
0
0
20851261145
21
67
86418601
22
355
0
4
1
224284510
6
158157309
2
11
0
1
2797193969
0
4
17
5
6
1
0
0
12056876471
80
0
0
3327454023
3792391483
0
14911590
0
0
0
0
0
0
0
2
6239109898
3905594688
123
0
0
0
3
578489423
2
0
0
3
0
1451813603
11629134469
0
0
14619587942
0
0
0
0
0
0
381574838
3749190291
15
1
114
17817071471
1
0
6835546862
538936168
0
0
0
144232855
110170361
17023005409
3
583202738
0
3887284592
5275962576
0
28359236
8007593805
2281966009
56969308
21668646497
0
1
0
0
2
0
15482656838
0
3265087875
4800429580
0
0
19829325319
0
0
0
0
181873281
0
7150912965
11111242135
0
450372908
0
29
16150149616
1
1
6970269550
0
14
10
0
310738112
0
21296201596
3
7
0
3
1836925356
1
0
436295626
7756775253
0
0
35
17888517514
1
0
8
0
0
3
556415421
0
15
2
1
14
1
4
263
0
21099128169
6
0
0
21
6696389
5
2
12
15
12
0
6409369
0
0
1
0
11
1
0
0
0
2116892822
0
0
0
5750497151
23969
0
19864129824
1
0
6
17908014415
1246726905
0
6
19245345578
6864810829
7
3
17
1
0
3
11
0
0
333710956
1159744867
9608827559
3522959146
0
0
0
3
3
14
3
23
17627940457
6
53
0
0
0
0
39
0
1
106
1
0
0
17527012315
0
1
809331959
4
0
0
1
22070080424
7019723691
622603881
6
20216155
0
29
0
25
21
1
1
0
0
0
0
8706106071
1
2
0
0
118631948
1242836
6108247404
0
8
0
0
0
7
615689307
2
1
11293388247
1
0
0
551469766
0
0
0
1686470904
0
0
0
1
7002439637
0
0
12986358098
0
0
0
6087532246
17778469607
110
0
474351334
0
1
0
1
55
385015316
2
1
21
5
0
0
7812933661
0
10
0
0
4921507784
11895258790
2634441523
0
835032817
0
0
16369133967
0
0
0
0
1640897764
4104479515
1
12233507057
7
358392876
0
7
671545658
5681820416
16158451279
1315650739
0
21768286431
2791895067
0
11409294588
0
0
2
0
0
0
3491210073
0
0
18026224172
89
19085291508
114
1
10713971159
1
1626753876
16621545104
0
3470859979
10
0
0
21734382389
0
8862134796
0
0
0
0
14701825980
2910844243
868637424
22198890779
2
1
122277765
1251625198
14960413344
21535279288
0
22315266199
21603885993
2
22
0
0
0
0
0
0
6438190160
8514997898
0
3
15
3
0
13198968469
11
9
0
0
0
0
0
3681676674
0
0
0
0
13798252166
0
60
2024747630
6186482773
0
3
57
0
13
0
4
1
26
0
300715715
30
1112445572
30769064
0
16940950312
1
3955788695
0
0
0
14163321134
0
1
4110419273
0
0
0
8232553881
46444338
0
0
15
0
3
0
3516858279
4
0
0
0
1
2830803661
11591841604
537358
6
1
0
246692258
17055020815
5706410534
0
3
0
1
5317097894
0
665761233
15436820998
0
2
10
16128185405
12865415378
0
18942910365
1
0
6
0
0
0
0
12661121086
0
6
0
0
4
0
1
175836155
11
15725328425
11242584951
11
28
2505044390
14557135438
0
1
0
12448815460
18505594029
0
0
17131705767
30
3
0
1309141866
2604692415
951083282
0
0
1297115976
18981723204
9107243540
0
0
0
0
0
3435735657
0
1
0
0
0
0
60
959518680
0
0
0
0
0
3
0
0
1
0
20553582644
260
0
9651980377
15
8450125394
0
0
0
0
5882877997
3042883954
0
0
0
3
0
0
53376769
10
14652177138
3
15961542831
1
26
607974
0
1134173476
3685375435
0
0
812494184
0
15
10
1
0
0
12313353068
125
3446686449
3865043545
1
0
0
10863300231
0
1
0
1
13
2076822084
20012356145
6
0
1
0
0
18
28
6
21471896521
995089
62
0
0
479
6
2806816084
729068976
18060575337
11
0
1
3
18637743016
361759586
15
8
0
0
12
0
2
1
576060341
64
3
0
0
1
0
1165387784
8467764660
42
2
18
1
1118965170
13862326884
1
343770192
21293942948
19320896935
0
23
2
0
0
7
739859548
20295604091
0
0
21061312783
49
5509166183
0
3111869838
0
0
1
0
0
1261607822
10
159174199
111306265
71087576
2352006243
1
0
15238792341
0
10
4
11488113340
0
1
0
0
0
0
873352694
921783507
0
5
275398531
675169255
0
3
11
0
2022808333
0
0
0
0
0
3
11018877157
10318847025
1
0
806693776
1
1
22843421245
0
0
21386690962
2105664405
0
1
0
3
149
5284812167
0
0
692564259
0
0
0
0
0
5794194
0
15
1
12892530828
0
0
4022922133
14667488672
0
13494006998
0
0
0
32
1
0
0
5
0
0
10
846324773
0
0
2764926403
0
0
0
0
22215712392
11985779902
3
24
20116465358
0
0
0
6
0
1
0
1499818
0
0
0
0
1
0
2
51
10
1
668275722
7728819852
0
0
0
3
0
1
1381957674
6
0
1
3
6
1
0
0
8083462199
4264603140
1184921237
0
4331419844
37
645141630
21723491
9
0
0
10
0
0
730028268
0
19595329764
0
0
1
0
717076465
0
543267340
3
14616616865
0
3772591384
0
2
7826512549
0
96
19492461104
0
0
0
0
3180670489
0
0
10
0
0
0
0
7777971035
0
1
5
3
0
0
0
0
23
2
1
0
0
4
0
0
3659361527
0
725311
2066887347
3
0
11751921
0
300779180
14342872812
20426884371
0
0
268
1590102750
9
2
33823826
105
0
5596990591
396153786
0
1
1
4
1
0
0
20423232184
1
9965160426
0
0
5592947560
15
0
1
0
1
18924950663
3
16094635040
0
13
0
6
11827370354
0
5789142775
4990429835
0
445654998
300857573
3
18383785540
0
13854701854
0
0
0
444566549
12224919894
0
1016478092
0
267585754
0
3
0
0
0
0
0
18608625961
1
0
1799314536
0
0
0
6339980318
0
11329419817
49330323
0
0
2
6357688874
3
3
1
4233544489
0
2
0
4053151091
0
3496675463
9938001576
30
0
1
8
3
0
0
0
0
4283811733
0
0
5263451885
0
0
2
14150540978
7
272032774
0
12
218756126
0
13601082249
18
31
1
0
1422258969
0
55
0
965410463
0
0
0
0
0
14735968802
7
4
1339472488
20451787366
17565645262
1
17075845355
0
4007359076
1
20
81
6
127
11853407053
16894978922
5
8475482383
65
0
0
1
1863308305
4291036422
0
0
5978541448
0
0
122889197
0
6859835633
10459924732
0
4788172991
1
0
19
12497524958
0
1
1
6101117739
0
0
4923781785
11995371625
14909946873
5721722675
2563046070
22
0
21407728751
1
12
0
0
1
15
1125495626
0
308346178
1
2781390028
10
0
11
0
16
7913167774
11
0
0
29
2762024815
195034259
21
1
3239575692
0
0
192249278
3038475006
0
11976218969
0
0
10784848273
14
0
0
0
0
6
1
57405
0
0
0
33
0
793588485
20156734692
0
0
0
3
1625800953
0
16165874086
104
7730846788
1
0
1
13112583685
110395903
8
106479393
808615884
3
0
0
0
0
104621106
0
0
14391542162
44
0
1
0
0
3
0
6226426055
0
0
0
0
4
42381149
80
0
18
2754804023
1
16741814255
0
3150953416
0
0
33
1
2767253637
11060809912
0
0
0
6644938713
1
0
1779879480
0
0
0
14314066727
4801298414
639604617
0
0
1313286767
1
0
21779061
0
9743238886
0
172
10
7
16
36
17254373920
7
0
0
416234948
13507466023
0
0
0
7471691597
14
2894288310
66
21152279486
0
10974020116
3434813260
3
681248473
0
8398868067
1
0
40
15
0
5
369357166
6
17879560333
0
298663866
0
0
2228512155
0
0
7
190919
1
0
32
0
0
0
0
1
3
28642764
0
0
0
6730058945
0
0
19595493607
0
5552519946
12
0
3
8134148475
0
10
3
5
17663630757
0
0
0
0
25
0
10
0
3781478732
4
0
3260981161
0
1
9
11923183493
3
18612955597
3890431
12722018546
0
29
5492181596
542578348
85
4082786304
22644901997
24
0
15391517990
9776488150
195037290
13632977223
20915800962
2583968
0
13930336885
3960513714
0
246352362
6
1
1
7
23760545
1572412345
0
6
5252362259
0
1
0
0
19323462603
0
0
1
0
1
14338317655
0
6
2
2
1
24808314
7
1
8817795936
3
15821240531
0
1
0
0
0
6465142747
77
0
9067681421
1
0
0
0
0
0
78
9
0
3193721815
0
1
0
0
120
3
0
0
0
0
71
14040740533
0
1
0
1569614980
16146852
0
7583971857
3
5
5
0
0
0
14250337114
0
3
69
1
3
0
15870307508
2441705669
0
5987930907
21
0
0
0
1
0
13127415055
18
0
38
14
1809385755
11755437944
0
2
0
1369487375
19
19911306685
1015103704
0
10
252397158
0
0
0
5009666080
0
0
1
1
1
1
4878671430
194321175
0
24
599636312
0
7694286208
6200226507
0
5
0
0
45
0
0
6
276
0
0
12047110
0
122
3
0
0
13
0
2
66
17358880053
0
0
1
9054204405
2
5995188995
2
20144679614
0
3
0
0
10125553914
0
1
0
0
13660747556
0
171
0
0
818987191
0
38
0
16722560156
0
0
9595589804
0
6595350303
0
0
0
4482098892
3084925363
6
4369539151
11052955606
0
0
0
6478872096
0
0
14754000256
0
0
0
677037549
127
0
3
13883395594
2
7964841149
3
6397972101
776068747
0
0
0
6
20459331889
0
0
10266306429
7
167631363
0
0
0
14830137
4
73828931
15
1119393051
6
16
120229830
7595597757
0
12
0
0
0
0
10
8
116
1
0
3
2
4935439389
11470683097
1
0
0
1
3
3
0
0
0
8940733
0
0
4087840141
0
0
0
5546793137
1
0
1
20898116214
0
6191404238
7188478829
1
0
1
0
0
0
0
0
2
369089914
1
0
0
443614697
1
0
61
0
2523177221
0
3
53747447
0
0
15
0
0
0
0
0
4
1728116806
42
633811026
352
0
0
9123145884
1
1
0
12912686397
0
5
21
0
19
5
1535280296
0
6
0
3
0
19174107957
3150625094
1
22840142586
154
3808656158
1
10
354732121
0
11115488510
10229601989
506676571
0
0
5111706925
170583012
2
11823485330
6
7
0
0
0
9
1
1
0
0
3
1
556465629
0
2
0
0
372588570
0
0
3
20391026387
1
538917329
4
0
4
0
3497044065
0
1
49
14720241688
0
2429223190
0
4770809368
17398729867
1
0
1
22475416949
5654190988
0
179683466
11928922427
1196458221
13615009826
210057752
10729385006
0
5
0
6
8731493235
0
1
0
1
0
0
1
4922096355
0
9713191316
12762983846
0
3
6
572591157
0
864223338
9520838862
3
0
0
1
2292145232
0
1
15
3
1
0
1
8491898614
15045473949
1
1
0
0
21
72
2
0
0
0
5440004875
0
19243064795
19940855482
0
0
0
1
175315059
0
15
0
5
0
9
1
0
0
16116100355
0
494
5625326121
6
3
3131943082
0
0
10655771709
0
0
0
1250564794
9
4
1
4
2
2416197043
34
0
1925960648
19570054070
357892437
37738558
1
0
0
16
0
0
10319705938
0
3250721271
18226580976
1
325742551
0
0
0
1
0
1
5
1
7239875127
0
1
137175249
1
0
0
0
8
19464100995
7845186183
3
0
0
3
36
0
0
0
6767658068
2848612918
1
13804176750
3
11
13219066302
17007787833
0
0
0
10
0
2706500815
0
0
0
0
0
24
5231535882
45
0
1
0
15
3654021321
737888300
37
6538429675
1
0
3252834357
15893878721
0
19024132980
3
1
92
3
0
1715185785
0
1
0
1
0
0
0
0
0
762510
1
230011810
3298352341
15
0
6
22351587029
0
0
3
136513702
5327180816
20758885465
0
0
10
0
0
1
22357027685
0
6083945678
0
5415402974
0
11169890389
15
1
13521909549
4718420870
9813014551
0
0
0
0
3
0
0
0
13815991740
968787277
15
3
11783337899
24
1
0
11258032681
0
1263398327
0
0
1
1
2050818057
14130468464
14931392698
456264696
3
15067730383
6
0
0
0
0
0
5019254905
4
0
1
9013663645
5927394728
0
0
16975198966
1
0
20093546046
1781792464
18647963636
0
0
22272719982
0
949017113
0
0
3229870159
0
0
22151049556
1
0
0
22623946804
4422271266
0
0
0
1
0
0
0
2573563443
19716048989
145320049
3
12
1
0
1
0
0
16876327548
13497950804
0
4
0
3
756848095
7332965938
56
0
534844482
1
4109045043
363420627
1
9512328149
0
0
3
0
14722602116
270365506
0
0
19547437241
0
3362192521
0
6
2
5299618883
0
0
9567282388
30
0
7
5562086741
6
0
0
248521884
7527654169
0
18536048434
2
2215549665
15202758003
897479498
3959011613
0
18205549
8545003598
0
0
26
4
6
7
0
18022373500
1
3
0
1
15075551881
0
76601828
2431531513
0
0
12
1
1
0
0
0
0
15345709226
0
13178530519
0
0
0
0
0
0
0
2059293623
0
1
0
5927568359
3
0
29
15052812994
0
0
6679246046
6
0
8
0
0
5590752098
1178841854
0
0
13989315713
0
0
1
1
376178010
0
5947626682
255468283
0
0
17340759470
0
13100170815
15
15
0
0
5607634228
0
133723873
20
8
0
1
0
0
0
0
46
16062876218
2924786294
250627558
3733189090
18005251126
3
12802127161
9099909318
694139900
32
0
0
449461270
1
9
503
0
11713133056
6355944635
0
8
0
25
1
0
0
21
9
18
24065815029
0
0
3
7196722249
1316423098
1
48
0
16
12
1
0
0
15
505929519
7
3036467460
0
0
1
15
0
11719243
11
1721291787
509133717
22
18
0
3
1736285030
1652190527
349609169
19188522622
0
46
0
0
6
8658593455
44
6
67
0
0
1632009841
2
398961145
1
0
3834074471
2
0
5640471039
0
0
11
2
870317163
418795611
7276585999
0
0
31
0
8
8066697794
0
0
2
0
163
0
20356347418
0
3743268050
97
0
7329268598
1
3
7
1
14544869831
0
10
3
0
9
0
1
45
0
760916801
309970838
84
19312371134
0
3
8228886065
0
0
13
0
0
4
1
0
0
5826235322
12071269746
0
0
0
12785198113
52
0
32384855
0
918945673
18
6351566627
549817085
46
3
0
23635306364
0
0
5994825622
23471422
3
6
3
0
17366668925
0
1
0
0
9610912225
0
8002193687
0
15184497962
1
1
2486301932
28
18
0
0
0
0
3
1
6299540
0
11
3
0
15950418757
0
0
0
0
0
0
10135687
12435469077
2965020177
220106577
2342297644
92349670
0
0
5849085659
19457577320
86762252
8
3826281537
49128718
6
5
0
3
6
4
0
0
0
76
15240071128
3673296028
1828224387
0
7
0
46
3
1
22
27
172050658
0
831923562
2
1
10
1
0
0
0
0
6
10709633534
0
40
0
0
3
0
3
11
19217291966
0
0
6875236177
13789574778
0
0
6213623537
6850052977
0
7625979203
10
0
1
0
0
9220139409
0
0
0
0
0
0
0
3
3606904882
0
40
7
20166556583
0
2
0
3472696841
15318341210
0
34
0
0
0
0
10257077272
4
0
0
3
0
0
23477716390
3835515995
27
38314847
0
17364729913
2442902611
0
1
18
1
0
0
571330285
0
0
0
22
0
8
0
0
20825751292
0
0
2
0
0
0
0
22
0
21498918884
0
19466774788
0
3
2
18
0
0
20462040773
0
6026013739
0
11255826308
4
0
0
0
4330861386
4703553769
580303151
0
0
14
19935007467
0
4025463336
0
16500210579
5148750125
0
0
16
0
17016852017
1
3
1
0
8
6642463310
5984018603
0
1
7297890141
0
23423696
0
2695607223
3654450510
0
0
0
0
0
0
0
18254988318
356
0
1
1
4228327464
1746719644
0
3556497582
0
0
0
1
19959470277
15346271722
1
3
0
0
516661993
4918014712
0
11555455121
5543342285
264991671
0
0
3
142488094
28
21941370986
0
0
0
8
17107728072
2932587403
14575137097
316619985
1
0
3
1
3052047484
20568149402
14
38
36
13
6981898737
4075854445
14
3
0
14970905317
16050804662
0
0
0
10930917671
0
0
3
2
0
0
112
13968214805
11697256275
2288778
0
82801291
0
7
817259999
2
15477760219
0
5823961484
0
19819452929
3
0
12311363109
3643378352
1
0
0
0
0
0
1935708233
0
4
0
0
5
0
1
0
1982058654
0
1
0
0
0
8
0
24
0
7514410423
0
1088056412
17359049954
0
0
3
17895288441
5499911633
31273354
0
1802178771
0
0
0
0
55
0
0
0
0
6
5383130066
0
4574900305
54
0
8702696188
0
2558533123
0
0
21
0
17264372513
0
0
0
0
0
23660494447
0
390437061
0
16955115288
6
1470656656
12
15263638195
0
0
0
0
0
0
292
0
1
0
0
8052467226
1
28
7835014184
0
1203625376
0
3572027254
1
6
2272664193
0
0
1
182
241504975
3679806546
0
0
3548163666
0
0
0
10
353017857
0
6597925534
0
0
0
0
10258312471
0
2048873392
17
10
0
1452090476
379
31
39
0
69
2
5691519945
11089623036
0
20208312734
0
0
12234033146
6
16
12
1
0
1
3
0
0
8034626848
23969438533
0
0
0
0
15650013283
0
4084659413
0
0
0
13284576221
0
79006088
6146227439
594441129
0
7015245476
0
1
0
35
0
0
0
0
117
0
0
1
0
0
0
1
6176488018
0
1
0
0
0
0
13459689
0
0
2134241030
0
0
0
2925946242
18987861694
0
13
49113307
0
0
0
0
17063942892
13
0
0
12835451981
0
93
0
16600185223
1
0
0
3
12
1
11
9
0
0
6623526610
0
0
5129642477
1
0
0
0
0
0
1874174059
20372848226
10
0
0
0
0
1806349035
3
8364994731
1
0
33
27
0
57
0
20
11738000020
0
12
400566651
0
0
5549484736
5
4
21849989737
3
1
0
29
15772411992
20527753824
0
12681716007
1
15
3
10
3
21
0
5
0
1
5
0
1
2731537213
0
9668082540
3
0
7
1
0
6
16
21611820898
16255199762
0
8
0
1268306613
0
4565204496
45
30
25
3626067403
0
5351210559
0
13377488473
15198948674
989724855
0
0
0
1
514726456
0
5502391226
85536271
0
0
0
0
4385339195
0
1
2
6
10
15
16088593
0
0
0
0
0
27
3
551256991
0
3015690278
9095671413
78
1
0
16684836593
0
1
0
3587120793
0
7739271437
0
1
4412959230
1602324686
0
10
0
0
0
7695071348
0
2417989502
10491974846
1
0
441969470
0
3536966758
0
0
0
4
1990845647
0
0
15209225435
16258498704
14
0
11
7738373464
1
0
0
0
0
0
0
9301072096
0
16795711157
3794154679
11
6112627403
10861662893
0
1
34957706
0
15959030272
4
0
0
0
220
1
7
0
0
13464401462
13
111
0
0
4
3991282241
0
0
9200380391
20344720508
9410894315
8855800801
0
0
10
1
1
16
0
13215379188
0
4426254639
0
0
1
0
0
1
7
0
26
3
22732301029
7439792264
4
381889128
3129833216
0
0
9381397018
0
0
6
17178055702
17564084364
0
0
11
6
7
6
13453296889
1
12342314838
12566648502
3
0
241396152
3
0
1361597175
0
6
18475677998
0
0
122746977
9
8
19971582050
0
9
3
3
0
0
23766056099
0
0
0
3
0
4586875122
19813211652
0
0
2193372785
0
0
0
7279651329
1
1
0
0
3
93850947
0
3
1
0
0
25
29
1
43
1
0
29
6
1
19
0
95317929
3
10
10
0
20496694040
10
0
1
19853470333
533731
0
5
167842234
0
3
286745269
2030745377
7847431723
1
0
0
0
0
12
23
1
0
0
11
3
20063383569
0
5790272902
0
12227105663
0
0
12483750849
0
0
28
7549687769
0
0
0
11652177954
15478245967
3
0
6
2
0
0
12368042850
0
3
0
0
27938559
0
17436094688
0
14655678335
0
0
0
0
15407112922
2
2
6307953378
0
1
2
0
18
157567356
1
20846401896
0
3530415962
20
8
0
0
0
9449047474
0
0
0
0
0
0
36
0
16619389122
0
16
0
0
7012278955
8891122587
0
6
1618672961
0
0
20351094402
3666149293
6
13730332371
12871609560
2468060164
11667558904
3
20139391324
0
1
3
15
0
0
1782148030
12305706415
5385683257
50
13273542873
0
0
12738816742
0
0
0
0
3
7
76629731
0
0
1
20764483814
0
0
0
21771297106
0
1
0
8816459422
1
1
4
19284333698
0
0
0
0
18
0
0
14381346845
4
1
6895827858
1
4
11993937205
15
11877086539
558699408
1474971603
10
879025353
1
4721206448
0
0
20795376593
6
0
0
0
0
0
0
2498364688
0
16
0
2244733051
0
87
0
11540639850
1
0
1
0
3
18892793532
0
10917318386
0
0
0
0
6
76
0
0
0
1
0
0
3
1
0
0
3369997365
0
1
6932750892
0
21
0
0
0
0
0
0
284265527
1214034562
0
3
14
0
3272972626
6655533803
0
0
0
0
0
0
0
1993631507
0
16378589984
0
0
12635437854
0
0
0
0
2955090161
0
17853948849
11
0
0
9
19410233956
10
6
0
2
20731609112
373722451
0
0
0
1
2
2
7
1355658463
4379738740
0
0
0
0
1995616678
0
5
0
1
1
3
1
78
0
0
2482862153
0
0
921174699
16
22005820815
0
23056728440
0
0
0
0
0
12780436418
9045366595
0
17934304716
0
0
0
0
0
0
3884649509
56
0
0
110
0
15062540855
0
16068623
0
1
0
5945809645
2052191783
0
2606676150
0
0
0
388933292
0
0
85985885
4682451102
0
0
8521633625
4411395788
772326710
36
7301307308
0
0
0
36
1
6
20503850545
2
0
0
1
1
3
1912823992
3979304893
20383873698
14873207051
1
0
1
0
0
6668735812
0
5820883982
0
0
7567110624
795807111
1
0
9975579818
3
0
19119312560
1041835181
1
6847450952
0
1
28
6
70
1
425000608
0
0
752054604
13264880025
0
20812235490
12897674477
1918390024
2679657233
0
6
0
17229977040
0
20693470661
0
1
1
3
0
0
0
3
0
11188444754
1927599981
0
91
0
0
0
0
174451173
21
909165033
8741139767
0
1
0
1
12847397364
0
0
13690287961
0
15
0
0
44
0
0
22095765085
0
1
0
15
1
0
1
0
3
0
15734291390
0
37660126
0
3
0
0
0
0
0
6
0
0
0
0
6411428586
0
0
9127371859
0
14
7
17535874769
4
23761852474
0
923723691
6548288453
10643917057
0
1
3
0
343208931
6
0
0
31
0
36
0
0
7
26
0
0
0
0
0
0
0
29
820525395
0
0
0
2488780282
38
0
739047354
0
0
1
0
0
1484422327
0
15
154430025
0
16
23245693217
14556686132
6
2
12
1588656444
3
34
0
1035438902
1
3
0
0
16924926990
3
0
3531034131
0
20284226
0
0
0
2571268275
0
0
0
0
2418994053
0
0
22781478302
0
3
0
0
10602858844
0
6460193648
1
15591234596
1
0
3513071886
0
9724419440
3876909904
0
11798938
15554714916
0
0
0
28
0
0
0
1
2945224725
0
0
0
10
737124159
2801980917
0
17
3
0
0
235489401
0
17949290267
7
0
0
0
594952969
1
6
0
6
7344856387
5975432262
15632154857
7990518874
0
3469321294
4411574279
0
0
6
0
0
0
0
0
0
2635234609
2647041187
0
1
1
2
0
14228147310
201
0
365892024
0
0
4
0
0
0
5946420254
0
5
0
0
17
0
0
10
0
0
3
0
0
10
0
184156339
1
2006119595
6650847789
0
4906486276
4
0
16318582585
13369335233
0
14191621905
72
0
1014011357
10
2
32
0
0
9031237891
0
6
115
0
0
0
0
0
21
2
11987886983
0
0
5710772799
0
0
2084924219
0
1
1
0
9245379906
3
8
0
15
12170629031
0
6
59
16071919608
762310672
1
8
3265885632
6901144898
17097100829
0
0
1
0
13023447321
10566058139
0
533253592
8017691669
0
40
16
3
0
12426717034
6616899982
0
16991784720
0
0
0
1
0
7686445485
0
4210035587
3998483344
0
672693649
7172508197
0
17
0
0
0
14
1
0
14332908858
15263298115
1180508621
0
0
0
6
0
2555754715
0
0
16720808291
10943433203
1642727069
0
0
0
6924744561
1
0
114430544
1
4162399661
17
0
1
0
135849465
10510692440
0
10
873122894
2031667155
15
0
795907463
0
414576827
0
20605033395
813964000
5
0
10590561915
1345443656
0
0
0
1776629
0
4457865622
9671475812
5642650947
12213224951
0
0
6135011960
1135881582
15951121738
23
2
0
674627562
0
28
0
3
0
0
1
20055718412
0
0
18151074620
0
11387092931
0
7187868690
17289057680
0
37
0
2403933112
11
0
1
0
6
2530420969
3
0
0
0
78
9
0
0
0
0
0
0
19
15
0
13036901451
43626524
1
0
15981375381
0
0
1113194642
19260084220
0
0
77
1
0
3
10
92
0
0
1
6510522633
279
2364795903
0
22638883191
18201835547
859273050
1
1
485798813
0
1
4700178673
14481173262
24
3295356779
6
9908654
0
1
20
0
0
0
0
0
1
0
12
4971746348
3108207074
11906332
0
1
0
3
13331818343
1
16677952284
3
5108722658
0
853782537
0
8109815905
398316013
0
30
1073493504
2
14272253817
36
0
0
5
9941050356
0
15
1
0
0
0
6
0
0
0
5
10
23195975031
0
0
17171713369
1
494915510
6
29
0
1
107041495
0
1
0
0
0
0
32
0
14038100689
16
19833072490
28
30
0
0
0
4761295885
9386601002
0
0
13634887015
18453889055
8963661013
11539066766
4583145425
1
16690714679
19944065487
0
0
0
20
0
0
13
0
0
0
2
0
10
399513584
8998577
0
0
0
0
11677210147
0
21
1
4
3751520899
852900264
3
0
1
0
2175799795
1
0
0
0
0
0
0
1
2
19636994752
340603080
0
11
4376901500
1
10919217631
0
0
2
1
6
0
1
0
1
0
11644734125
7153423555
0
0
1
0
3210976172
674111328
11
10
6897057
207704458
2
1623052429
1
0
0
10
18817553084
0
3
0
0
111
3
0
102
74
265603976
0
0
0
0
0
16098747935
0
0
16069937891
0
4
3
10726404396
0
7876647946
6
0
0
1
0
5681559208
0
4
3688455538
0
0
92
0
7
0
1
1
6214981772
42
24
3187475197
0
0
0
0
0
2293303158
0
3227626
0
0
0
20
14648768105
20900032004
4431239076
941287300
0
0
0
0
1752867310
0
0
0
1
2163623591
1
0
0
0
10040
3
6182345618
18043480485
118705733
0
12
1
0
0
1
21290497
0
0
293168235
3
12
0
0
0
11238038669
3561324601
19
6972743336
0
521025494
0
4
0
95557805
11403088482
0
0
16
7110757760
0
16
0
5027108138
0
15
0
4
7
8439711073
0
3
0
0
0
0
0
0
55
0
0
9624742915
15479574842
0
0
0
0
0
8884942451
6
1
0
20
0
24
12870292502
0
14050281771
36615119
0
0
0
6
0
6
12212740648
0
3
16274507388
6157259781
1
7961651208
10
0
127
0
0
0
0
0
1
21931333471
0
4
3
0
7
5
0
2
6896234140
0
15087641248
0
0
1
12264516872
133346105
776652097
0
0
0
0
0
0
0
512838
6
0
3066921477
5
0
15
0
762450799
2
6916824366
6798923835
5062627943
0
0
0
0
15
11930439972
1782910525
0
0
0
1370559146
0
0
240
0
0
0
0
0
3
14
1969274149
15
718186007
18955679283
1
0
0
1916778975
20520104391
0
9030208909
13629457710
17798810376
2530449314
0
6
23
0
0
1
0
1
0
0
9
4
0
4
0
384200558
5144192413
0
0
5428648627
3426819737
7356341772
11916242137
1
30824332
0
5
0
54
0
0
12902968004
21
1
0
1
8445277991
1
0
0
45
0
0
0
31
9668556207
0
7943151809
3
0
175
5777202498
0
5983780854
0
0
0
3
1
0
241258494
0
0
0
1542244348
0
11074038194
0
0
429145274
81
0
1
88
0
7
4479393599
0
15
16211760458
0
7158439211
0
0
22
1
0
0
0
8
0
1417638962
3851834777
0
7640947143
78
7272654172
36
13257286799
17470291
0
5641216398
0
5191702679
9006437599
373823082
3
21
3
225784559
0
1
8
0
1
0
0
1792411947
20503410703
0
0
6
0
40
0
18116158496
3
23775742586
1
356408436
0
10
7626374090
1
1387069520
4
202
0
0
3713261319
0
0
0
1
10
13695714454
4
10
83360399
0
7896192693
0
0
0
4731520070
0
1
0
0
0
5
18
188911417
1
0
0
6717024895
0
945130507
1
5427305146
6
72
39
8899992940
0
14562124983
0
3
22418806437
6
28
11996408743
27080807
0
1
0
14315038194
3688438208
292364455
0
1397728687
0
0
0
1
0
1
0
464442799
3
0
0
9
15635438865
7
2618809808
1836387938
7
0
1
2
0
1
3
0
0
0
0
3
5960905070
0
0
0
0
0
126051566
15017157467
0
0
0
3
1626971492
0
983528852
0
433683266
9243752058
0
16791326036
0
242474519
0
587207495
0
0
1
13
0
0
3
15
0
0
21067355472
0
3
1
2
0
3
6
2474186766
0
0
12086714932
19170172934
3589795703
0
66
0
1
0
7
0
0
0
0
1233374312
0
0
18583518834
0
10
0
1205540254
1670468590
5196945166
0
0
0
64260594
464844441
1
3
0
0
172
0
0
19093770217
6740218935
1
13637069821
0
642549503
7
0
0
0
0
1
1053909908
17665976386
1859058108
0
3
2503804199
3
940060317
12662977257
17
4372617601
0
3
0
3984493759
20069225694
0
19898280936
5
0
0
0
0
6368605
1
0
0
0
13533204865
0
0
7405503968
0
0
0
92125436
17128985
0
15697431354
0
0
29
0
0
0
0
0
0
0
0
8
0
420957618
0
0
0
0
0
0
0
29
1
106
1052850447
4
1
7911672692
118488521
7
6
601621693
1510075455
0
0
0
1609298978
0
0
23
1
0
0
75
15290712830
0
19
0
0
1415770316
89
0
1
1
5
0
1
75
0
0
0
0
0
0
12933705680
254547713
9174105799
0
6921596348
5072006578
17428622699
4
0
25
1
1
5956074219
0
5
5401003338
23
4792262080
257
16050181339
26
6459283948
0
20
8
0
8435459502
1
0
15789442739
46
1
0
17044310112
0
0
0
0
1
1879783218
0
0
10351449023
17145897953
0
6803672041
0
17174860727
50
9489351342
17147919757
5871403420
0
16087466751
5188267297
0
20
1887002998
0
0
1
2
0
0
0
0
1
0
0
0
1675676660
0
8837520559
17
0
1359018592
10440763626
48
0
0
1
0
3
0
0
0
0
0
0
0
0
0
0
0
0
1474751284
17648643129
0
30
0
0
16918979181
14878186752
15502265893
0
0
0
4979423554
0
1848311190
2852997148
79651502
0
0
0
2712849596
25320861
1
28
0
1
59
13
0
9476560684
0
0
9393810797
0
11440916244
1931374
12990207269
3
1016836764
10
0
11357088951
0
3
0
17258798732
0
20500187891
4
0
1
2091392138
8318465177
3
262888194
0
8415291553
9303283860
0
2
12748361
3
1965127956
1
0
0
36
7
0
0
39
1
13486194929
0
0
18522628
0
0
0
0
9477371911
2
8316537650
3
84
0
0
0
3
9845943049
0
0
0
1546846151
2874627922
0
1
0
3
0
0
9
432526254
0
13
10736130729
2019789147
2529662469
0
1
12352375970
0
0
8353871875
3
0
16590076794
0
19618198762
0
0
19566368418
0
15
0
0
0
6251983938
19546304134
9027347423
0
4344786896
99004609
0
3922643347
0
33
2
3
0
16169317037
10486586263
0
4910311789
3
0
1
0
1191838402
7937473011
230268461
6
0
425045269
36
12179407056
0
116
0
0
16
0
61
4280510201
0
609
0
28
6
0
0
0
1
47142912
0
0
9348839935
0
0
17399449545
3149024448
865314855
18878579991
2285948029
0
6606215103
17482555770
0
1
0
5
10112685335
31
382851964
0
3261231562
8050993794
16
2159813628
0
19290858522
28
0
13
0
0
0
3901643782
1
0
11784738588
0
0
0
1
0
12
0
0
0
0
0
6522918050
2
11
6
0
1011260088
0
0
1
0
0
0
0
13
12
1
0
0
3
0
0
3
449082728
21360887343
1
10757004933
3395441836
2
362976999
0
0
0
0
0
0
0
0
0
0
1
6616695284
951166407
3308070291
4
12
1
0
11984494391
14516106861
690826105
18
4610630888
153
14
5
0
0
1
0
0
0
3934448
1
3
0
8078538447
1248508103
0
0
0
5646090929
13164661350
0
8019935311
0
0
4943468161
13358976285
1
0
1
0
0
0
0
0
45
740629287
0
20233539828
631879582
0
0
18195411310
0
0
0
19
12626763133
0
14228106489
545939289
0
0
17841871767
0
0
0
0
0
13506290079
6317166523
8588677129
0
2
0
0
11643524628
0
6
0
3
3
0
73
0
3803882637
15
0
0
2434702564
0
446256914
1
7
0
18547554329
9
28
13519121996
8422618842
0
0
0
2
214297567
1506407455
0
0
8552309186
0
0
3
16568091210
0
1
3442866926
2
5
0
0
15
5
4049734192
0
4236206486
17400411412
0
5318336640
24315239
24
0
0
0
4
657117427
61
0
0
0
3
13
0
13
2
241511782
0
0
8982765173
50
0
3
0
13423592370
16841999819
0
11551744535
10137470445
59949415
3
1639550950
0
0
13744242937
0
2725223014
0
0
0
1
0
10830786781
2772439154
336339786
11
0
0
1
0
1
0
0
909838816
6214907639
21
5737663685
0
0
0
19898198728
0
2
0
1
6
0
0
161622696
0
0
1
0
19738905218
2754644530
16
1619180991
3104531538
10004819496
0
3
4597152426
5
12116798
0
6
2005224437
0
6
7
28
0
0
3
1
2
10472543184
5943254648
10699653775
0
1263623807
0
0
3
0
1
0
0
1
7
0
0
331334025
1324298169
30
13
111
0
0
6894535736
0
42717747
5680796597
66
395406962
0
0
2
0
95447056
0
269175878
6
10
2
0
1
0
0
878954621
7719604952
1
0
0
3
0
0
6
3
903090986
7
0
0
0
4
13490918836
4322938892
0
0
6
0
0
0
0
0
0
6306834395
1
1
9
583869288
18458814799
62
0
0
12
3
17250197041
1
0
0
123
0
9510914257
0
6
0
0
11
0
6
8340353200
1135525406
0
12537348120
14417590290
4
55
2989282131
1044104057
0
0
0
8114727980
0
284113535
0
6905133500
15340938718
0
0
14914606621
15063041294
3
0
0
637542502
0
0
0
13755546106
5176255925
0
2
0
0
0
0
10903982545
36
1
10
0
0
0
0
20078003538
0
3277468752
0
1
0
0
60
1
22
6
4
2316989421
25
3
1
0
5274890631
0
0
15
16812032349
920114293
13387434221
436128873
22436726192
1473417014
0
15464657573
9604615682
1
119
24
0
0
0
4384213438
10683616016
0
0
0
164937106
0
0
0
0
6
1584647320
0
1887730035
11
97688023
0
1996415878
0
1
1591448505
3
0
0
1
9812329858
47
14253471755
3672778541
0
3
21
19
0
3
0
0
4
0
0
8
0
1
0
14197525120
3
29
1
0
1379698412
0
18281568547
0
0
0
0
0
0
4387415357
0
10
977525209
2635065526
0
6505955209
8743721401
0
968188164
31
124
1
36
15159700019
3549326642
0
0
2481236031
1
0
0
0
12579299885
0
0
0
5245633217
0
5
166
0
0
0
1038417060
6
0
5
1
3
0
8115679433
0
2121103
21592599456
796998931
0
0
8821527828
0
17
92
0
3918341737
0
0
43
1
0
0
0
0
0
181817960
0
20383314252
0
5032128209
2
166
1
0
0
8
0
4
0
0
7
0
0
196
0
1802480383
18999973
18294659807
37
0
23
0
3
9
6
5760758556
10001737861
1
6263354101
22
85429493
13113130522
61
17606049153
0
0
2
0
0
0
19794868212
0
0
3
1
15013766965
7420530132
8730645730
2448361653
203076604
18899841093
0
0
0
0
36
0
0
0
4403946539
5430122960
0
3
670173234
1
6346513232
0
0
0
4
0
2350564910
53
6694983342
154498785
0
0
2
4690581578
3
2947264835
0
9838104795
1
15
115
7549093712
50878986
2
0
0
3
0
3
0
4945225302
0
5016091090
0
3
5886656244
10195361432
0
0
1
2997996893
10710107350
0
0
0
1677899714
0
0
4346423508
0
0
3099079678
12
0
0
12
0
2
0
0
0
34
0
2758343058
0
0
10697406738
2
0
0
13686550434
0
18857656823
0
0
6
0
170
0
0
0
0
82418409
14303847415
2
0
3994867384
10134280789
1
6864066314
2
9
0
1
1
0
1
15424978641
5255867393
0
0
2465221355
3318759119
944480440
2071583347
460370455
0
14938571
15067207710
2
15
23166228592
1264342177
0
8203038017
0
7675553672
9
11
595778849
7931018658
0
0
0
15
0
65
1822168499
750855143
125177737
2814098067
0
9
5419131321
19892742671
17193468867
19735399608
10369097287
55
10
0
10615637019
2075521884
0
5331497017
0
0
0
6014854134
0
1
0
0
6
0
0
0
0
0
0
2
28
3
4
1
12004966140
5
10
6
1
33
4462017
0
1
9204320976
2477857447
0
15
0
0
0
1
10
36
12345637853
0
4311658073
26
0
0
15905211
7934301009
6
17533592133
4
0
0
0
2082720779
21
2575461302
1
9
1
0
0
15
2
0
19
32
413858771
5
0
28
0
0
5508537485
0
0
0
227507823
92
0
0
1
0
14144738031
0
3
22
0
0
0
0
67807766
14890547289
1
134679391
0
0
2611125771
0
1
1758793428
184333763
0
2
0
850949784
11913156382
0
10686345006
0
22
0
0
16106041358
0
0
2306404739
3
0
928055477
0
59
6
0
20
9116763023
6
0
10210540963
0
0
0
18163438507
6
0
0
8
0
19072896653
20905797290
1
0
0
0
57
3319948024
4056018286
0
0
1
1
9518551603
21190782808
2
0
8
2654965296
0
5442846624
10
1
0
0
7
0
4240593202
56
0
1
3
1
0
224926294
13
0
0
12333326408
1
0
7
0
8148806360
21196842124
6
6
0
0
0
0
55
20148642185
18309911527
0
0
10405050158
6282010491
0
1173193575
0
0
6
21577973803
33
0
2
3
0
0
9
3192608
1
13531250113
0
1
4927594
0
0
16
3
13
0
3
1
6
46026071
0
2131354382
297463661
14684572821
8948923376
0
8730221558
0
107
0
0
6
10
5526123656
10789842947
0
12
12745461269
0
3
0
703815648
0
0
0
13980059949
0
92
6148891187
0
1
4090814495
0
0
22
5
0
8
3936189553
1
0
0
1
1
0
0
0
0
0
0
0
51
1
1
0
3006697989
0
0
0
0
0
11235571491
0
12
0
18283825663
1
0
7350061923
3
10
0
0
0
0
0
10041362546
0
0
9647952205
13762766880
0
8072171508
98210727
19082017413
0
290147090
1609737288
0
53810872
6222629480
0
0
0
17602374650
0
0
0
25
0
0
0
3
0
0
1
1
4
14356193001
0
5742997577
3990657830
19364781965
0
0
0
21
10612404765
8903625375
1
0
0
15154605780
0
0
1
6
0
432053784
3765388516
0
36
2722106265
1
2003211292
149101112
0
19045466810
27
0
7648157517
20019370376
0
9757737648
0
0
20
0
0
3
0
3
731087192
3
0
20080535548
4
1
0
0
13009686019
0
12176637
4236766780
2522412412
103899325
13202749357
13485260109
1
556097482
0
8039082239
0
0
10280715192
19476678086
6119224220
0
8095292420
6010511603
1077884059
0
0
12355766645
6
0
2
72
19476143590
0
4250058214
0
1
0
11209604338
0
20255874569
0
0
1
3
0
0
3799022643
201106310
18960477389
21
3
0
345486460
17091520424
941321895
2394624180
18426205657
1
0
0
0
5354225117
10410913585
1
0
17379433430
1
1
37
2273554369
222919452
0
1
29
0
2
0
22
0
0
0
0
0
20020896765
1
0
5875958421
0
28
21
0
0
3
9788880476
2
0
5975970279
21818055348
3
1
15
70
7
0
1
3
8
1
1
1
0
1
0
21783719556
2718467268
0
0
4711092374
0
0
7
0
0
696079601
0
401178792
6
0
1220087319
4766209292
6
8544487274
0
2347966526
3
0
9216064043
0
15
0
0
10790969738
0
0
0
0
106643017
0
0
0
0
0
24
0
6
146040933
3
42
0
16985557289
0
0
0
0
12637907742
12
0
9056297666
0
23994345254
1
0
0
0
0
5
1577635334
681414015
0
0
1
0
9222096570
0
9602270864
0
137310985
18866119177
0
0
1
0
1
1
0
4
1
0
1
7097588445
0
1
0
0
298208733
25
10722052203
0
0
7920636219
0
0
0
0
0
0
10
0
844549442
0
13613054097
3456847155
0
0
2
0
37
0
0
3237450674
13478887282
0
0
22
108393981
19773435249
0
20346947973
0
1
0
1
2
0
10
4
3
1
0
0
0
1
1
6266750996
0
48
12091878324
0
226728227
0
3941872263
21
0
279270328
12918316168
0
0
0
0
2860510478
0
0
0
0
17289127091
0
76
6915639200
2875006668
0
0
0
2
0
120739110
8787107853
0
1
0
2
0
0
74366840
16535120385
66
21375825984
0
3
0
0
0
0
4569488846
0
0
1
607958439
2
0
4077384121
5892133943
0
12147278811
0
0
3
2
16
46
1430654831
0
0
0
2338999795
0
13028090673
1884400287
0
1407432495
0
11879585731
0
2
8836541942
7774713307
0
9661739175
13994043163
36
22
0
5766985216
1
0
0
155
0
0
1
0
0
0
0
1052422699
0
3954863418
5471262297
13109433075
0
0
3
0
0
0
1
0
0
0
9896157
3
3
4433683871
0
3
19571583887
0
1
1
0
0
21031339716
0
1
16941737264
6668893193
0
0
15
29
5708443
0
0
2552937798
0
0
1976035044
42
0
10628273570
0
3527333534
0
7
18069467380
4
15096283289
191002050
0
0
0
1110544702
14
14524856540
0
7
0
0
21335719953
0
21010702978
1
0
0
1462231504
0
27303544
0
3
21498239694
296519750
8353352788
3
0
1
125920002
0
9901834139
25
0
194
0
0
0
14880723780
0
0
2888758082
14008600044
6498603526
0
0
4330851392
1
0
0
0
0
21841947
0
1976710137
850734905
7946060028
0
6057526162
0
0
0
11
0
1931843547
0
10
9251718367
18
14276023849
0
1
4598272152
1
5778679039
81645230
0
7
21829724142
0
0
68190359
0
160666791
19506671193
1889297251
0
2133396032
0
13
0
0
14892386524
0
0
0
249613292
0
0
0
0
0
0
20791837111
8288831565
0
131589493
11
3
0
0
930044500
215341365
0
1
6
14454172171
0
328271237
0
1
11
8412800142
4
1121697
3
14072533418
1
0
0
0
0
1
1
691916633
0
1
0
5864104891
79961967
13119230785
20
0
0
7559307781
0
0
2692421125
28
1
0
30
2986512615
1062035606
0
0
7108754538
0
16176250569
1
0
0
0
7928925734
0
0
17333012508
6
11022851671
20740768311
15894089
0
10
13271122442
0
6
3573338284
14171436339
4843479229
0
2
0
0
833070955
5
19437651399
514295982
1
0
5
0
9560147702
0
9
9289692451
0
0
0
9754734465
2
19220123243
1186805375
0
1
0
24
57
17
47
30
14659140627
10
0
16739111637
0
29264695
0
9647870681
1
0
1
0
1
6182663350
13468371895
0
0
0
0
0
3
224
3
4048951984
258525784
0
1
3836008097
2
0
11558798794
2187512804
15
0
11038933456
0
5405673344
11
21
0
31
0
15223871238
12060474804
0
9217194923
0
15
0
37904913
4190227280
0
0
2
44
0
0
3
2098296586
0
0
0
0
0
269269222
5
21779127677
70
0
0
0
80858325
9293641268
1
0
15
0
3
28
0
4377491749
2641596886
0
1
0
1
162
0
1
0
3
30
0
13101091876
0
16724954754
45
1
0
3
329
0
14180888511
0
6
3
1212876233
2
0
4226649779
3
0
5443931209
0
18342801404
7
0
11013950237
1
0
4580530978
0
0
1
0
8615917949
23210074042
0
3591546838
0
0
0
0
11
0
0
0
2117692008
6934822516
11915615516
49
1
0
13118719418
6
1
0
0
1
1
0
2376030309
0
2704382822
1588546598
11
0
18602221744
8814920074
0
4881616387
2156931940
1
199
0
1734329419
0
7789468258
0
13684845415
0
16
135
1
6329228730
1
7
0
0
1
10
41
1004689878
3
1
6
0
0
13
0
1666748297
0
44
59281906
3233387042
11870046722
1
0
25
0
18
0
10165115809
15
0
1
3
3
12357384295
8040968426
0
527701394
0
0
0
4887857040
3962727986
0
0
4172171946
0
0
0
0
0
7
17270131086
4
21379753090
39099607
1
0
33
0
22
1
1
1
0
0
0
5
0
0
0
3
6090896136
0
6
0
0
1251667752
1
12204612760
9
21
0
13333827454
1
9
31
0
10
5471293144
0
0
0
0
4
0
7814503644
3884041642
0
0
13371722637
0
0
0
6831182992
1
0
4974645218
0
0
0
0
2
3
0
0
0
0
2
9729226108
7
0
14073571589
22
0
41
8717365617
0
0
0
10153775708
6252494598
0
16027936443
1
3
3
0
12
8294373643
0
21
858413269
4
4
0
2712404632
20832400
5613251596
0
0
0
3
1
0
1
0
0
0
0
0
1
10
18
0
8
0
0
0
13734431306
0
15401232544
882525849
1
5865425450
31
0
0
0
4361847160
0
0
1
0
0
20225563984
15083944028
10
5
0
4
11613716750
0
2
0
20
1256793371
0
0
6147312200
1
1038195470
0
14678820572
0
142489163
13334301384
0
0
6
0
0
0
1
0
0
1
1
6532260040
215132027
0
1
376411541
15
6
6
0
0
0
0
1
2033225108
3
0
0
1
0
0
1035148827
0
0
9
0
32
2
0
0
3894986894
0
0
0
0
0
0
1
0
0
0
2256875232
0
22031889022
4412759559
3
0
271265140
0
17185749559
0
0
0
560597805
2
3
22668243003
3
6
28
6070817816
7
0
1
0
0
8987976969
1939940983
0
12899678476
20761564790
7399095820
0
0
0
15692301777
23510169052
29
0
3
0
2158002656
0
0
5068805433
12498121311
14092273461
9605996102
591430049
0
0
20624070429
0
0
0
0
2
0
4
11020361350
15744824665
12
5316770405
2360326217
1
5
1
6789588759
1
12099368870
2
41
0
11227856167
0
0
22
6
0
0
15036234855
32
0
6
0
0
0
3
9
0
0
5
1437695006
11977069023
1
563333023
0
1
1
4438538130
8
0
0
5833126069
3
0
1
1
1484313075
3
0
5964916935
0
23
0
17841592992
0
82
1
76
0
29
21
0
0
16918200659
72647751
1
0
18028674705
0
0
0
5429654702
3309130718
5
0
10
0
28
12437955772
0
0
21
0
0
0
115152873
0
15865293577
0
0
0
17293131715
5625812177
0
76
0
15
0
3614366388
7
4
9
3
0
0
2
0
0
0
0
1
0
0
6
15277784592
6
11912476590
6
0
18985892847
12113980120
2
194621283
0
3
66987066
20
0
19199281528
0
6
0
0
0
3
105
0
0
1
9591791380
0
12330782141
0
0
544194979
0
0
3
17736136209
0
9980704045
21477893940
0
3
107584025
0
0
1
1294281532
20086160
0
0
10
0
12230026884
0
0
0
12806737953
10739669345
63
79
0
0
14063015520
0
1
0
10
0
115
0
1
0
0
435377667
0
17
0
730471658
0
520072943
0
4725418604
0
8735005154
0
14582611380
0
16152704312
0
153
0
1231652008
0
0
14415466388
6371488244
0
47
0
0
6650463482
64
3
0
23
177
6
19
2505511835
0
0
7146170146
19719943416
0
1
0
2
0
0
0
0
0
0
18724078229
9062980
8102290205
6
1
21
45
807344601
10
2868486988
117
0
0
0
2742047219
0
0
6770805334
9418875165
0
0
4069276904
0
0
0
11264039562
0
345758852
8
0
0
0
5505306
16
4
16440387407
0
42
0
0
16978816845
0
0
3
0
0
96350697
21763392440
0
0
21833854620
55
3
0
16220067710
70
0
0
0
4
1
11225728980
0
3
1
0
0
463724898
108
3809997319
3
6
3
0
0
1561230292
0
33
19491121471
0
0
0
12180142005
1
22
0
0
0
10119750815
10
0
852103359
0
41
2533381291
0
1
1173854624
0
646380471
0
8162653884
75642567
0
4385349289
0
18656947064
3
3
4087032577
2962063427
6092584813
0
0
3
0
0
1
0
1019019366
1148995108
0
0
4446260202
2028412394
6398933245
9334087235
11698519201
28
3
0
1
1645869231
3
0
1
1625090034
0
1
1
15
1
1
0
4771455990
0
8255567218
20
18871433362
0
0
3
3608883764
8
1
3
3
6
126326076
1
3
3247174478
2
0
0
0
6227744593
36783595
0
7
0
0
22295693217
0
20165456176
10132013649
0
0
1
13846547030
0
1810779480
3
58
14999530878
18368927994
2
19808126487
0
26
0
1
99514085
22
33
31
0
1
0
0
10
10
0
0
5
2602294587
7
3
2862458219
0
0
0
1
0
20588800083
0
1
0
12551275562
16719878586
0
557966021
1326256197
2223387297
1
1
0
197678481
1
7
0
7311207209
0
3
0
4
0
3
0
0
0
0
0
0
0
1
36
0
0
19498843165
55
15
9
3594440541
1027037981
1
0
0
36
0
2
0
2198149432
17414747646
1248959860
1
5
0
28378893
76
19002056450
0
20729519097
3
24
3
3
1
931482366
0
18
21243400700
3541188
16067637000
6510308834
0
3849692347
0
40
0
0
20
0
5635365963
0
0
0
0
0
7375275060
0
485044144
0
0
0
1
0
3
9853323190
26
3
0
0
2479921024
21538219032
0
0
0
0
0
2199697257
19193865622
16330715674
6
1167308023
10
3
24034822456
0
0
21
25
15686679420
9846237
0
0
4629472377
3
20
7121264814
159003
20371661889
4
0
0
0
13895505094
8804249890
0
0
1
1180160552
0
513930726
6
20830909310
15286199151
42
0
20565319723
1553613830
0
498822975
0
1
0
0
0
6
0
1
0
19
1
0
0
2
21
0
0
0
16
412902016
4023273158
0
0
10
2044269295
0
1
15210105558
1
12585472350
46
1
0
0
1893760553
1
2622420592
942850418
1
0
93
0
0
10
0
0
0
6
18535305349
0
90
0
3
0
0
10
0
0
4988992459
0
6
2
150
2
1433312850
0
2544255713
1706583868
21517437460
1
0
1
1
0
9
6867705807
10
0
13876109822
0
19413916638
0
7526518226
0
3464077770
0
0
8
152812597
14741166047
66
18994847256
0
0
103
448528554
1
426495743
4904165007
184345
0
0
30
1
10
0
3
1
12983236738
0
1
0
0
0
3
8
0
5008723264
0
316163805
372327401
187
0
12877394688
0
0
24
7
9495045900
1
49
0
0
0
0
0
0
0
2449629090
1
0
0
16169100075
0
0
8
1
0
2
0
0
0
0
4827904392
18002711190
45
12506327209
20689191031
0
2
3
0
1
125842527
0
0
1
0
0
59889865
0
0
4559853798
4807659249
31
1245805552
2
38
41
0
1
0
19
1
13149756916
41
1260374532
0
0
10002120773
0
0
37
0
0
3
0
0
0
0
289378791
15316187086
0
0
3
17200036678
4675755925
723948661
1
0
0
0
8190463601
4388485920
0
0
0
5
5888887050
9
9056152725
1
0
2427248227
22
0
3
3
36
1
0
11488631
1883929205
1
0
0
2
0
0
0
23250771758
21
3427818846
8692344498
3210407108
0
0
86548426
0
0
9842707664
0
0
0
0
0
5833603772
0
0
21008606918
0
3108811219
19643403776
0
2608152485
9115988952
0
0
1768365908
7227289449
2
5610092884
1
0
0
0
0
19091069902
0
0
1
10
9510925944
193
442569572
10
21283529463
2
0
0
1
13350250778
4977677917
0
17021824320
0
0
0
0
125
0
0
0
0
1
23030673808
8
0
0
17
0
409085696
0
0
0
28
4
0
18427625486
3137213673
0
15
7632913882
0
7992006487
4240212388
11
0
2077412955
0
5700987615
0
1
1101671126
0
0
1
3
768458594
6
0
32
0
3
16836582122
0
27
0
7420877006
21
0
850474532
0
0
7
0
6353682874
0
2
0
0
7811501
1
0
1
10007716365
17
4157534638
4
0
0
0
0
1
144
0
0
794898204
3
18162540501
0
11373476327
1
62
0
0
7329788316
0
878482727
0
1
18
0
15449735555
3
0
0
0
2579726694
0
13
0
21295967
2794199699
21
31
10610593227
0
1
0
14924160
1154237
14805687881
5
9
5943204355
3
0
6
23510726756
5
2451958496
8
0
0
0
1192653444
3
2377731584
1049024097
0
0
920796581
0
20994238133
1
106507790
0
0
7101191238
21
0
4512944276
0
0
0
0
0
10114201707
0
31
1405516373
74
11027495401
10616685570
6699302037
0
6
4
0
0
0
1
13
3991979119
817030336
12801770168
136
9074397054
0
383874055
2
26458618
4948382176
0
0
0
13792029368
3
928989627
0
0
0
0
867102013
0
0
0
21
5755998926
0
5
3618383800
0
5
6479398671
3674374801
0
0
0
10686456347
13532985923
10543606845
0
1513757934
0
6
13
89
46
0
4836910240
9540178041
0
0
3
13548355434
3
0
3
15086489584
5
9140304788
11
0
5938783891
3006321894
9140304788
353831160
0
76
3
0
0
1
4968311079
0
0
1
0
0
0
22497465360
0
0
27771398
8
0
6
12999396508
34
10460374898
0
0
12486607025
2353281536
5514047736
0
0
45
25
2
3
0
1918526790
0
1
2102612972
0
11
21
0
28
10548417756
10
5135244066
23
0
3779793447
695187782
0
179743356
0
4126068488
17684503
0
38
3
17
2117670518
14991197250
0
0
3452886379
4569379605
0
7
0
0
8439518069
15941649698
3206055429
6637640489
0
0
0
4314125278
0
0
1
3
0
21
0
0
0
1722566689
0
0
31
4393493821
8006821971
3
0
3
17394037950
1
0
3
0
0
0
0
0
10195014328
1
3
1
17635144536
0
598183618
17927815605
0
2395605334
0
6
0
0
0
3
0
0
3
0
0
2327508484
10
0
0
0
1
0
1
0
4157782837
34
0
7217231110
0
400754502
11252023359
35
0
0
0
3941240376
30
0
0
1
3
646963447
0
0
0
0
628441471
3
0
8168922839
1
0
0
16997561021
0
14098800932
49
0
0
414333650
418408144
0
0
12914976562
8287605015
0
1
0
3
36
0
20509754062
1
0
8
0
2935794980
0
14820673453
0
0
0
83
13101853741
5332408652
87
22
0
13
21054493109
0
21370840086
2
0
1
0
0
1
1666669001
325228255
1790811132
0
0
86600748
0
8112078761
0
18538826612
10479158835
3
0
6883527381
0
1
0
0
0
0
255636016
272890610
16264657876
1
0
0
0
0
0
0
3
29191963
0
4243237954
0
0
1591547540
0
1709929083
9
0
0
20216445045
0
0
10433711711
3
8
21094403704
22465103904
7441673858
1
3
1
8136383733
0
9590500595
0
5
0
11914390872
0
1
3890970648
20
1
1
1
332
1208483277
2
18044943916
0
0
7295950715
0
211813771
0
46
0
10
716860158
0
0
2613086887
0
0
0
0
304201245
0
0
0
4
924117721
13048415615
0
8202034259
750029067
0
0
433733425
1710257254
0
21
0
7
0
0
10331764881
19424648700
0
0
374129371
129049258
23
0
4224645
1
0
0
0
523580678
0
8533534408
0
0
0
8
1436174358
0
0
0
14044423333
20743024377
10
2660162150
10
1
0
0
19960343817
1
12818412972
3
103098486
53
0
18045520779
9621860487
0
0
11885019967
11384204195
398905878
0
11420767451
0
2171700848
0
160688414
0
0
0
0
20350658923
1198527719
0
1
1
0
11553428287
0
0
0
40217410
0
1
0
1
603991570
0
1549763753
0
3
0
8213334905
0
13112395230
0
24
0
0
204
0
14698753135
354518540
1113785736
12
1
0
3
3
0
15
174441969
3303028225
0
0
11
0
0
10
89295700
129740100
578733529
14105127528
0
0
0
0
17
20768061643
0
6
119542137
6
0
0
9533057836
11442597
0
0
20115407655
0
0
0
0
4
19215455024
1
0
6
4792829202
0
0
163986588
184870372
8
0
0
0
13865814661
5878009273
4896631164
4812663628
9930336909
0
3
0
0
0
0
0
8
7842873708
4980793844
133
0
0
1
17020998141
7
0
2697217168
7641622744
0
1
0
0
1080209285
3
0
0
54872013
0
10704
0
10110804126
1682610483
1
0
0
2346868744
4
2
53
1100865125
2593636115
1
0
0
3
45
3880217797
41
4
0
6
0
71
0
21
11795248361
1256238124
0
853575463
11090926796
14741340867
12000715443
23
0
0
0
7
3
169058254
1683342768
7
0
2515366071
0
8
1
113
985316491
0
5
18426784919
22049565770
33
0
0
17552646016
0
10
3
87817106
0
0
23756840962
0
2
1
2
5
0
21381969884
0
9
51
0
4
2
0
3
0
0
0
8778458247
0
6
18678078312
380137364
0
0
9
164449212
18815136839
11144560655
0
0
5215535556
1006642042
2
0
5383044336
1929791838
5
3729789470
752406729
1
441718332
291317564
21100452759
56
3
1
0
1
0
0
0
436072264
2636734937
3
9042616648
0
0
15
0
63
0
1
2
0
0
0
0
0
624344441
7555351805
0
16881366216
0
0
0
1
42
0
10
187
9
0
0
0
0
0
1
0
0
13977027398
62
0
0
2350229096
3
0
1909158157
0
18698858198
14219291808
0
26
0
789877242
0
0
0
0
0
15805276898
1
0
0
3039059804
2
3011315536
28
14286363589
4596451376
0
13687651676
12
0
1190885807
0
1
944344482
17978288149
821151957
2
0
0
1
1
3
5
4361826872
16283696324
0
0
1
10899856180
0
0
0
0
3189000323
0
2477480220
2917402
15555958975
0
0
4105974786
3881690885
0
10
0
0
0
3
313749811
0
141
17234030428
1354184897
11977001303
21
18547157825
0
0
0
0
6
0
5504490653
1
525103626
0
0
8984293740
0
0
54
0
6890301347
0
0
40559150
3851906244
3478355668
0
0
19157573901
10
3
24
637880884
1
6601367028
57
1
3
2
0
8608031381
0
0
0
0
47
0
5601869307
3
2
88
8510543942
0
5340826522
0
0
0
0
1
0
0
1819803350
0
0
0
1113772441
0
0
6
0
0
10
39
0
7814023050
6
27
0
0
15772960934
0
0
16
0
0
10
2318067388
461752511
0
0
6
0
3
2
8
0
10384800014
1
1594765880
0
1
48
7
4
0
0
0
177163171
0
0
1993207385
0
10664593177
0
0
1
43
1893063242
0
11503706080
0
0
0
4
3
37
0
0
0
27
11339042809
1
6
0
0
0
0
0
0
1
357017530
7896916232
6
17
0
0
0
0
0
6650236506
0
0
11
3
6
0
51751273
0
0
2
15331937312
0
0
9
0
3
33
1495802783
0
3978527931
0
1275745729
10164881756
19815671646
1129054001
0
0
0
0
0
34
0
3
0
0
3
1745057914
0
0
0
5605375155
9939119020
0
0
0
0
0
0
37
480033209
0
9090027267
2
196503464
1124877088
0
0
3913065709
4
0
0
0
5
1
2924092930
0
1
0
2347965679
11735648591
0
10
0
0
11494209373
0
1703608748
0
1291659868
1
3
0
15
20504169883
0
191
0
13599021608
15430109374
0
6
6
69776832
14
0
0
0
1
365481589
0
8
1288137553
27
0
0
0
1
0
0
13156227818
0
780259
0
0
1
134539685
7299425897
0
0
0
1
27
0
127
7
0
5886757535
3720044779
1
0
3343220067
1
0
4
2809250353
3
1822693238
1
0
7267875093
5235964876
20
8
1
0
8347112928
3
7142728029
12631031692
0
0
0
900729330
0
12033002909
1
4719269584
1
5495096389
7
0
0
0
3
0
7
0
0
2235505608
0
0
0
133550779
15444426220
8
0
0
2
0
0
1
1
0
0
0
7745113299
3
11208674056
0
1970442788
1
0
49
28
10
0
0
5056336526
0
0
0
22944919882
0
0
1
484313878
0
0
0
0
10
3695847883
0
0
8103650933
6899737247
11266027733
29
1
0
4652107420
1
1
18
0
100208102
20594073086
0
0
0
1539698941
8
0
6688892103
0
10
9825496918
11300621812
10
0
771817410
44
0
0
87
0
0
2
11484102745
0
25
5
18941618976
0
7
0
12553204439
18064430436
0
0
327
1707311930
0
0
23693218876
0
11
0
0
6
0
2092540792
12362811514
0
20
0
1
6
0
0
0
2415442373
0
12518694146
0
1
0
0
1
0
1
13306484243
1157812319
10960360864
3
1331465149
0
0
19853691840
14404935063
9372762724
54878032
1
0
2342541037
1
21
2
0
2674982022
0
0
0
6013173823
663955269
4
9176931184
0
0
14120925545
0
0
0
6
7
55
0
0
0
410
0
0
2517613016
11035552395
0
0
7
156008693
17813620926
91
149
0
6201011347
0
1290488688
0
0
2297429979
7
3228189390
0
50
6
0
0
0
8765802208
0
89130387
21
0
750537289
8188560362
0
0
1137281
4677101164
19120545428
8269467959
22
1
0
0
0
19595569972
0
0
1365020197
0
212608333
7338732528
11
11
6
17715085744
0
0
2
23
0
55
13097164214
0
0
134
17
0
3266797761
0
4108618563
0
1
0
4292549404
0
211289411
12130321403
3
1
17
0
15
0
0
1
1
0
21
11
6
1
17158096285
7
1
94819698
0
1463784191
0
0
5
10
2
16
0
0
0
1
9909580791
2883683059
5
3
13
252812027
4
11076308815
1477673795
0
20040647400
0
0
0
2983607152
7145577050
7
4
9
18
479867864
14329601176
16243166006
1
6
0
9
0
0
0
0
0
0
0
0
0
0
0
0
12563482317
1
6140445718
1
3
0
8067157244
0
15858251371
4483996957
0
5
0
104
0
0
5870451315
0
0
10
2686485779
0
0
370119243
1739407843
0
4
0
39
0
0
251138435
14828736718
0
1
3
6016411231
0
0
11809387875
0
0
750644976
0
1
80500335
0
0
0
0
1
22366125506
235974420
484848573
0
1078131314
5243055429
10
1486760858
16139196368
0
0
93
1
6
0
3081803200
14171291
0
0
22259811896
5310511396
1
53
1400063288
0
1
0
37
0
0
2
0
15
0
0
0
5
0
0
2650045841
0
0
0
116
4059419755
0
0
1
1
20023568157
0
0
6754098648
22501710280
0
1
9709957193
0
8712547488
0
5813337602
1
0
1318186285
6288152407
0
20790701588
0
15763922168
33376632
0
0
8332803486
8315824491
0
1
4858160446
0
1
2
0
0
6792291197
0
21531562381
3
6781378162
8
3123816109
5940198351
0
10590281
2529221151
1
261227854
1107948
2147798514
21
0
0
0
3014942442
1
0
4
0
0
0
3
0
0
0
9
547417877
3
10
0
0
269841633
0
0
10
4786952365
31
0
0
0
1340436647
0
8012106509
0
1427544212
0
1
0
55
0
0
21814308310
1692833138
2237287561
0
3
18460652571
4
1912336581
1
1194962240
0
0
0
39
0
10155863628
1
0
18
33
3
141
3
0
0
0
1
10153111548
0
0
3607070516
0
1
12003846622
12
0
0
0
1
0
19
1
1003011
0
2
0
0
19
19922509590
0
7450031675
0
0
0
0
10889791697
1
0
1669632297
0
21
5
0
0
280922023
0
1
15841531052
0
3
713550969
0
14498148187
15
0
0
5740110763
9015473127
0
0
15
0
17546137318
4
2
0
0
0
957465699
137088746
0
1
8
4
0
0
5
0
0
0
0
1
4036284403
13738991426
0
15915129514
0
934307149
5375536926
8875520133
71
2943033268
24
29
0
742135626
0
0
0
0
0
0
0
0
22
0
0
0
10448630071
0
0
0
3
0
19031803452
0
3007693037
0
0
0
0
1
84
0
0
0
1
0
39
0
0
0
1388268604
7420376990
6325632054
12248563200
0
5
0
1983039150
51
8099110765
21
6
15297518173
0
0
0
0
1756742827
0
0
10
4
0
3
0
15
0
4841227756
252973333
4
0
1
0
16430562493
0
2
0
0
5907535819
182
0
975413804
49
46
0
0
0
0
8445181392
1
10
5
0
0
0
0
8
28
17781759273
0
37
10
0
0
0
0
0
8
0
6
0
0
0
66
21531591793
1574125002
8
0
0
0
0
4361762433
1
1
0
0
26
0
5062615641
15457813058
0
0
1
10
0
0
0
0
4636621693
0
22
28
9200279262
6
1990847913
0
5163147076
1
0
0
8700782632
7
3
1
0
0
0
2295275364
5396272130
0
73
0
11
11499189180
1
3
14091398945
0
19765390968
0
0
10
0
4
4458161192
0
1
10458882176
10
2
0
3
51
0
3
0
8193311557
332794227
0
10
0
7556367168
0
6
7108079554
0
0
23017434885
0
22498920905
4112007
16
0
6
1578757295
10
66769682
0
305642121
0
22
119
0
3
0
1289002995
0
3
0
101
0
0
0
0
9127565821
0
0
0
1
0
0
66
0
1
0
575911259
6131867498
1
0
0
284903400
0
22377534055
0
0
0
1690706401
86022366
28
0
19094361562
1187665611
16
1
22
0
0
0
1
5057369522
15618398815
11840781835
0
2321496995
2
0
0
1
0
0
21
882919674
0
11252179180
0
5123990
0
0
9250575427
216921347
0
0
2160059265
0
6228806146
0
0
0
3233536968
0
0
13629313125
0
0
8224234706
1
0
263375188
12145941859
13974661
0
3
1
0
150780199
0
0
0
79738154
191001227
1512952214
0
0
0
28
0
0
0
13964349846
0
1
0
10
0
1
3
0
1975745555
3
0
0
0
22640728786
1247950471
15
1
0
0
12855320
0
1
0
2046867
0
0
18782745461
0
0
22
0
7622030501
10051282392
1
15232217098
46396207
0
0
4606888495
15371943753
0
1
0
7341855619
140078398
3
1
1
0
13691541792
0
4
3849053385
0
21019525
0
0
0
0
0
0
11
7400903188
0
16121522017
0
0
0
0
12361432891
0
0
0
0
0
0
4
0
1
3
1
1
1
5939140666
0
0
8656433266
34
0
2305912237
0
1
6
0
0
3
0
58
6275958028
0
20047308286
20374400567
0
0
3
0
4
17035053019
0
0
7942433337
7
0
0
1949737424
6
7738455534
0
0
1
0
15775372838
0
0
6
5
23123618734
0
0
607935183
14
0
0
0
0
946553490
23914433
0
0
0
1
0
832135370
23
2565865378
0
10710019069
0
92
8498908882
0
90
0
0
0
3413125430
8532855345
0
2
7795639524
0
12
11985227802
0
15433058854
0
0
0
0
0
901093232
0
48
0
1
0
3
1
0
0
12381849933
0
1253700942
7320269020
0
8308275
1
0
9850226900
0
542543319
12
66
1
10
13275733018
0
0
82
3
0
8471213075
10076735176
160567307
0
0
8583674292
0
0
0
0
7671911118
12113166384
0
1
8364515759
1
4520218986
20798874699
433254482
1
2453010
5540584388
5
7475349098
0
0
21
579451552
0
1886401863
2
7978185589
0
8327661752
1
0
0
5723560792
163
11
14422273039
0
6
12918292075
0
1
0
0
8890207922
10339915571
0
0
0
0
0
2413132847
3
0
0
0
0
17
366553144
0
1
0
1
0
11717555611
0
3
654577796
0
6
0
0
0
189440371
0
2
1013835883
0
0
0
21
0
0
2635416934
0
23698237
16609357584
7
0
0
1129193547
1
7
6
10
0
0
0
0
3
13403474899
781865842
0
6
1257296889
0
0
0
119714835
4
0
24
2358131769
4
423988100
192982508
566016971
1
11
43715795
15663903354
107
0
0
20728013460
0
1
31
21
0
685781466
376227432
5435350157
8050389961
966514831
6
1
0
180654711
889306789
1
3746175230
0
0
349938131
0
5912421612
1
3
3
1
3
0
0
2964737595
1
0
0
7537162165
5019824468
11586521696
1
1
0
0
0
1
0
5
0
0
6
0
0
0
876424328
0
0
1
0
0
0
0
813399127
1
80
0
0
11414825535
12
515695216
9
4
1
83
1153771950
3
6
44
2
1
9885540069
5884493486
0
6
0
36
1
0
0
1
6336782979
0
5979890652
0
464069808
0
3
0
1
9618066418
0
3
0
570439032
1
4985391529
0
0
2792162137
11059199242
0
0
4383901561
11
88317217
0
0
63
1
3228114353
0
3
0
18
0
1783833965
0
201191219
2448185863
63388524
0
638774658
3
3
1173985212
18672091631
0
16013289238
0
0
1703565387
914662709
5114973425
8
3
56
0
0
0
18816381383
1
0
61
0
40
2
0
28
4423837252
685779452
0
1
0
0
34076
119
0
153
0
14359368605
12
182664318
79
0
19929954299
3
0
6
12229587029
0
15010039166
8513919640
0
0
8903330197
0
7
3
1
4
1
0
4909891419
0
0
0
7469695817
0
13823082869
3253721617
0
28
0
0
18396611830
6
605435464
0
0
17814868507
11485442364
0
10
0
0
3975052422
0
47
0
16936860437
28
1417099001
0
0
0
0
5
19045168016
0
0
4602399288
0
0
12899450391
0
19979500062
2427448293
2674131113
0
0
53155429
3
0
4
0
239
1
0
0
2607512424
0
0
7592984378
0
0
1
6713104385
329200719
3
7
1
0
0
0
15
3
0
0
16639390590
0
0
17001194046
1
20820696997
0
1
0
0
3
6038741211
3
0
0
0
1754154609
5
18269798264
0
0
9431165024
6
9479016076
21
1
52
964635718
0
0
17
81
8592685383
0
0
0
0
17941525683
0
3484349120
0
1374422
20988624387
0
24072957
3
10657787020
10025241894
3
122017610
21
0
0
3608094653
17205898191
3
13121189396
6217245383
7063382322
8374914452
0
0
2787406181
0
7
0
16791675356
0
0
0
0
3
3212862382
0
19654446874
5847426911
6
6512855189
1
1
3
4015030183
0
0
2
3209120073
164608128
1
0
0
1
1468419897
0
0
0
1434112872
17
1715985285
20025932770
1
19674131347
2
0
0
0
0
1
93
6147981242
11081585049
0
0
36
13887583320
16695087137
0
1
13956677202
0
0
0
21634807002
0
22800235233
0
0
15495736273
2
0
0
6203813856
17612331021
14
1
3
1
3681490792
4
6632209995
2
4746450372
19960470628
6181052092
0
0
20346288644
0
0
0
20023930446
0
16
0
1
6
1
712953864
16
5
163044319
0
0
32
904226624
0
1
701101
0
207855344
16949457829
0
0
0
0
0
1371949587
0
0
590953113
13
10
6645152208
0
8309344288
0
0
0
0
1
627456909
0
67786525
1
6444507169
0
0
14
1
8
5832292
0
0
0
0
0
0
16473704489
1
8
10894469834
13411751042
0
842004547
69
24
1
1
1
5
0
9436261600
0
6
0
0
0
0
0
0
394126274
7877879290
0
0
0
19180168003
352953077
0
0
0
1
0
6429615784
0
0
0
0
0
6
0
0
29
20512797212
3
733296074
0
2
28
0
2519978232
8
1469344949
3
0
1070477561
4392193825
0
0
79734481
0
0
3
11746958472
1
0
0
0
5
12
0
0
3648556617
1618216974
1
0
1
0
19839939526
1
6030903081
16513272850
545
0
11
0
0
2202667192
0
1
0
10
0
0
0
109548594
0
0
28
1
4
0
0
12766254256
0
0
20921015
0
14062205549
1
1
0
568573406
0
0
10503021951
2
0
0
0
0
0
0
0
10
0
1957731779
0
64
0
2
6
0
0
87524298
0
0
0
0
0
1
30
0
0
8422599156
0
23226184
0
16897731532
0
8712239512
0
0
3098503929
0
0
0
24
1
4956194889
3
15871014885
13
1
0
6460231630
528156860
3
1
4
0
1022621014
0
0
0
0
46
0
1
9
4203855450
12391646227
0
15
0
0
5829146234
175878611
1
2909622066
182102879
1
0
0
0
1088291883
0
18155438481
154
1
5123462047
9358052731
27
5
318283570
0
1
0
4623631346
18
1428947234
820890734
14
20397161521
11947835584
0
0
21
21
0
2
0
20237392952
20038772938
0
0
14453108182
6
0
1
0
3
3
0
0
18
3
11178728924
0
0
1356361305
12151602124
1897122452
11
2089424318
1181741661
0
0
14
0
0
49
0
0
0
0
0
5
10337684214
10
4050574428
1556030148
0
0
0
0
0
102077912
0
0
0
1
0
0
11194021374
17519118416
7
0
11
306280264
0
10800031320
0
2048493148
0
0
18
19998935959
0
0
0
0
0
0
0
8923338331
1
1
0
0
2
2
1
17665603775
0
10567937425
1827292715
0
13
0
1961128891
0
2342439622
0
4250848116
0
0
0
0
3
0
423085037
0
1
0
145054716
6464284329
306898790
16
1
0
0
1
2
0
1
0
151651338
4165099717
0
1733485172
0
535542036
0
0
0
19068938993
0
1
13666147454
6739330018
63209855
0
0
1
6
0
65
24
641439089
3664214086
0
645490212
0
0
0
0
0
10358174839
22
0
3807870776
18
8715799241
0
14
3
0
0
0
3
19893629955
32
0
66
0
0
0
0
18345981628
21
0
1
2710446477
6
7727479307
16774634316
6
0
22093277959
0
0
5
0
15465788768
10069049958
1
8728228797
0
0
1690062476
0
0
15
41
93
0
0
1320427078
1
0
0
7056555456
0
4
1283630429
1
10
5
0
0
0
9848083222
13069178
0
21
0
0
0
20310183243
22893204
1
1
2
3
0
1
3
0
0
35
0
1794393896
1
6001889823
0
0
1268682
5
1
1
0
1364091405
0
5678606051
0
0
0
0
8439176514
7082424132
1
0
20
0
1
1
14941397839
3
1
6572638980
358213346
1
9
0
0
4783659037
0
0
0
12
18
10
238781292
250357369
0
0
0
0
0
7
1
15399899824
9677793856
8221131369
20312403903
0
1043822431
5
6175719104
16538167676
6
22
0
15
0
0
1
0
0
7339298697
0
2
1
3
0
3966625
10024374925
3039453881
0
2586849757
0
22980953855
3699399822
3633059512
0
0
0
0
0
8
1
1
0
0
1738859830
0
16314376
17144983248
3
1
1
0
0
1365533356
0
3859951382
8287489858
6
2005645047
12885254988
0
2997252518
0
28
11603767174
0
4925402034
0
0
1
0
7471312557
15
15
0
1
0
0
0
3502078883
8220628457
12110
3
0
0
21765642912
14
0
0
359633681
0
12724571637
1924582981
1794748879
1
0
0
0
11
0
3
0
0
1
3712302
10
28069275
0
124444769
0
20063090608
10
0
14309276131
21
25
1627104116
1
59
1
0
21
0
1
390062490
0
1
0
6562657515
0
0
7687220674
6
6508163874
0
0
376256131
0
14147975801
4309264641
10393104397
0
3
0
17788911628
0
17585643068
5
1
250
0
0
0
0
0
2
1116265515
0
3
1
0
5050683244
0
0
0
8281180714
27219545
10
0
17682746278
5192074098
0
0
15728834199
0
0
21
3
0
6
0
0
14766466107
9444486167
0
0
3
1
17492401013
9
266650415
0
347148809
1
0
10
0
1
0
0
3
1874955327
0
47971213
18164576053
7292743361
0
4
0
0
20425923096
4317789283
0
0
12
3
48
888527037
4
0
0
0
0
17
1
0
4
0
3
7
6321576647
0
3
0
5842793386
1157235691
0
8949037322
0
1
3047427036
66
979999701
41
21
12922040058
2
0
0
6
0
30
0
459921750
3
0
0
128
23305676536
11190547973
0
0
0
12177360181
0
0
0
3
1530286819
0
47
644172794
0
3
0
0
0
0
7
12105443
31
2284870904
0
0
0
3
0
0
6
1435922452
0
0
6
460375582
0
4528223960
0
0
3977128360
6
1
0
0
0
1
1025217584
1563504903
5463934803
0
34
203930069
1180471453
180224820
0
86132792
0
65
631918685
2365081
2
1
6461439008
0
18
0
0
4418032714
0
0
0
386563229
21306872815
32
15233096622
0
0
0
0
18042617918
0
0
5144031153
0
20725258161
0
0
25
10178300848
7204447638
0
0
1
3
0
1257863266
1
156367890
1
10353866708
7
0
0
14887767292
6
11511486528
19095174552
0
0
644314767
22
0
1
0
6162069700
0
0
39
1681603566
17
731837090
3
4
0
0
2251283666
66
621404815
0
429293252
0
0
0
0
173536484
16475721522
97083145
0
1170397336
0
10
3689021280
3
8847261084
0
4
0
1555662435
0
1
0
0
0
11588777379
20621041
0
0
1
15010795873
22317866128
2
2490284641
0
0
0
0
801864695
0
0
0
0
15274735764
0
1554188481
5190120390
0
8553011603
8696315122
1
90939267
5845182785
6864136233
4106030852
0
19780170701
1113247475
6
6247570288
0
152759374
0
0
0
0
17492550946
12238779502
3486743743
0
65
0
59
0
16
146909259
601770427
0
219
2
7479780307
0
0
0
1250983418
0
1
0
0
0
9166965844
2412375846
100
0
0
6
1
0
20198364136
18480097245
0
0
0
0
0
0
717504146
50
1
1
9518395093
18193584952
3566651155
0
0
6220710304
11779602791
0
9674942854
0
13831370921
0
0
6
62
19520875494
2214073364
6
0
127
45
1
4
0
0
15
4
0
4
880450076
8956853262
1
5089700647
0
4630611093
5
9169333784
0
0
0
12
10639273717
1
0
7
0
1570206837
1277961761
0
0
0
1
0
9
0
0
1
3337270581
1
0
3
2
0
0
1
0
0
66
8608002808
6
0
1
0
1
0
0
6688999500
86
0
6920042424
0
6115650842
1
9088228212
12
0
0
3
1
0
0
0
3267415317
0
11196734509
588324315
0
141
0
2956384170
1
0
3824731947
115388344
0
1
642137144
0
2239633106
0
0
0
7
32
0
839221425
7862705813
80469151
3448848187
2670934987
0
1
1130996944
0
3026424848
855604711
1
3713457522
61
122498098
7
139344259
29
0
0
20474387305
0
1
0
3
27931225
0
0
90
0
1216913418
54208790
0
0
29
0
355610600
6
12
8652543174
4786356893
0
16
2473115018
21248242940
463232762
1
0
0
1
0
22389582486
15674603302
1014587
0
0
713974425
28
16375888520
0
1
0
0
0
19319709018
0
8
20431646292
3725507739
12817998544
0
0
19958225107
0
0
9113188697
0
0
0
4
4695547852
1
6271323703
391088399
0
1313971500
7
0
1
0
15971595017
0
0
36
1
9
9
0
0
0
2020949840
1095406433
0
1
3
29
0
7882061196
11
608585172
139
6615879186
0
0
3255004493
0
15859036665
12
16306467588
0
0
0
6729689095
1
388688810
1
58
0
0
350552579
9420071992
0
0
6
60
0
1674883355
6
0
0
0
0
0
0
0
17054924689
4864925414
0
0
0
0
5079131571
0
1
2316928743
0
6110348802
0
0
0
9657264721
15
15
13875335617
0
3
0
0
8145205436
52
4
1
0
1
13565524
153
1
70
0
5362192207
0
212963466
0
0
0
0
0
0
3145220495
0
0
10500772427
2
1
6
3
0
3
0
3
79
7316701029
6
0
0
3
6940621223
0
14395494341
0
0
1
0
25
55136675
0
0
2797129087
4
9610780805
0
0
0
0
36
76
0
10
0
627285163
0
19317175208
0
7
0
0
0
0
0
0
1219918486
0
0
0
0
1
1
0
6
1
0
0
0
52
3
10
3191693704
0
0
6
0
16321042739
1750151623
15177154925
25052449
0
48
5
8441480520
0
1
0
0
39
0
0
4
0
0
0
0
2
0
8877637337
0
0
0
6190995245
1146686781
1
12
0
0
20334072707
0
0
0
0
129
1
4
0
0
0
0
5619539428
3
0
0
16985915966
3
0
3
9
0
0
22
0
0
15
0
3
0
1
0
0
1
0
6062013960
0
0
1
0
11
7499269875
13785031004
0
3071782015
963359833
0
0
21
17741384347
24
0
4749227528
0
1
17
25
0
13
0
0
6
0
58058090
0
0
0
3
0
5672986841
7
19082739097
1
0
12564859186
42
1390510984
0
152169466
0
1316129428
10706950425
2
186330368
0
7425430769
0
0
0
0
18
1
12370755676
0
6
16382884400
218186629
6
0
3
0
0
4586061043
0
2505442844
3
0
1
0
0
0
7
51
2952654117
3157161363
8730303658
1
10210099903
0
6
6015733720
3298116706
140350354
0
0
9685645525
0
0
685768404
12734545330
0
0
18066031734
3
12
13142561141
0
0
2675769026
29
0
12
3
20
0
0
5244863647
1
7
1
0
15729457649
0
0
0
955197899
3207474116
19179050463
1
0
0
23623917655
14414224801
5837843410
41
0
2
1
0
0
3442402092
0
0
6
0
119435011
0
0
613627556
0
19431019581
0
11893401299
0
130
22
2602181775
0
0
56
0
0
0
6336187931
0
170624196
70
3
2
17
1944099854
7378249818
15
4
5129496624
0
1
2076904110
0
0
22996834551
44
1
580937505
0
0
0
4392670656
0
1
6
0
16635595149
0
0
0
0
0
0
0
0
1
12
0
2
22
43
0
0
0
0
17980433444
0
0
0
0
1699255637
0
0
21
3
0
17711345053
0
35000188
2591416467
0
0
12486188593
10
10
0
0
1
0
0
0
5804181857
8
0
3
3
0
20
0
721717366
1
9
1824000383
16
14390715507
7754767568
0
0
1
0
11789890075
4
0
0
9551552351
1
0
1612456196
13446547597
20974340241
0
0
26
18883393430
13050377050
0
157
13
48
10070358760
9
1
33
13
0
6
3
0
4
71508266
0
0
516050934
0
0
38417553
1
18410649449
0
6
0
0
0
11520840582
117064497
7
0
737124004
0
3187086778
1717819795
9237791459
3299352756
0
0
6034914186
7677803794
13
0
21
0
5573739459
1
3
0
1
7349953172
0
1
0
7250036903
17067965824
21
1
14
0
1
0
420343919
0
0
240395312
0
0
0
18203385725
0
0
20979895962
0
0
0
0
0
0
0
0
0
9869405625
0
0
7325028991
0
0
0
20075777405
1
0
0
5641264157
0
0
0
0
0
6
3703453451
0
2155800322
1
2
0
0
0
0
1
3
0
17071868336
6
1
21072374105
0
0
0
928376808
0
0
0
33
0
0
0
36
721226977
70
0
0
0
0
4
4
3
4
0
0
10
1
0
0
11260403489
1707299541
3
0
0
0
11105672251
10298663703
445501254
14
0
31
28
15
0
0
1
0
2689195662
1709359702
12
20623571752
0
5018360188
125
60
0
1902621179
0
0
0
0
2
0
7
0
0
392127308
3438058002
30
1437466927
1
0
3
176
20066977
0
0
7
0
49
9540740461
0
0
0
1
4
513581051
1
19
6644028248
6922268457
0
129
4
1363857821
1178588086
13715940915
9240294949
0
1
1274782813
548956234
0
0
0
3
2953516122
0
10
0
0
857164901
3
4751271576
0
0
0
23189907097
0
1
0
7447992465
1
0
0
0
0
8552557293
0
0
8643052
0
881694355
286531934
236959243
51
0
0
6016880833
1
2118183371
10
0
5
21122830277
257826620
0
0
0
16745963524
0
5001014622
1
1
0
0
0
6
0
7644180854
2
0
7301454854
0
7
0
1444493603
0
17889336751
7501072135
0
0
0
2
0
45
16
0
0
1795897223
238675986
0
232555620
0
17071612650
3
0
2
14058336688
0
8
0
0
0
2097827327
14
1
0
15
3
0
1380197629
0
3
12007413007
2734386943
0
10977855973
0
18420571302
3
0
215272451
0
6951240066
0
6858128643
3
6
0
458083295
0
11
3
0
0
1
1907065676
0
0
1
13993926
0
0
359205830
0
0
2
272362405
0
30
0
1888978222
9712479258
0
0
1035833281
0
0
0
1
0
7
0
0
0
36
0
0
0
0
0
0
0
3
0
10
0
0
1807404989
0
0
25
0
191701504
6096408296
30
78
1
1
0
0
0
44
3
2154177543
0
0
55
0
9578375049
19750872981
0
40
1
19100749753
0
0
1
0
0
209005379
0
4588757757
0
1
12003414644
0
50
13911860907
281896764
17866428235
0
0
0
22910378561
127900107
1
10
0
0
0
0
0
15518264772
8111940250
1
0
0
0
29
0
3
1
12096567807
14963444675
0
0
19165782021
2
0
185
3
0
1
3
0
0
2212336252
0
3
0
7391470875
0
12464381931
1
0
1
0
0
6282150591
14117438591
6
1
11
85466585
3
0
37
383736612
83
9117472412
3
0
3
0
5
0
0
23
429534153
0
0
0
3089333527
0
0
72
1
0
2
3175505136
2
3
28
0
6
88923821
3
6
5680174534
2
0
0
0
2466652811
7315015794
0
0
0
6570504222
2
0
17976501619
0
3
0
229
0
0
0
5935460600
10
10801140678
87
2
1
37
9979356209
0
0
0
5713780794
1614354765
5
0
0
33
1
0
54
232
911669004
1
588696777
16164987586
18
0
0
55
0
0
8544102960
11718208293
0
0
0
0
13607104950
0
610
3
0
0
0
0
5996459357
0
4
4
58
22
2
694020481
0
0
0
58
0
18
5258877519
0
0
19425905267
0
5
15142443690
1
0
14174393959
4633211402
0
1
0
0
3
6
1
0
0
0
18
3
0
33
3575841109
0
377174083
9051575370
0
9
7
1
42
0
0
0
22
16939537866
0
0
15998231513
0
24
1314226132
14363056565
12221223516
18442195533
1120055967
641199133
0
2726026425
1
28
1
0
2886011143
1
0
0
0
0
0
74
0
11646442470
3
3672311396
0
0
1
0
0
24
0
0
468204609
0
12452638153
0
0
95949222
17
19367242012
0
0
0
0
45
4937683
0
2861613798
8033984638
1
4631246541
1
0
3
0
0
0
0
0
0
6911415947
0
1
0
0
8
0
20240654989
1
1
30814943
298189061
80389704
0
0
0
0
5740767176
0
1
0
0
11
740170885
8
8389630713
0
64082986
0
3
1
0
0
0
61
34
0
0
16460159433
1
1
1
0
3
0
15
17
0
4943936968
0
0
0
3
7973962538
0
0
21
1869422092
0
58642122
6582687488
876927991
297163094
0
0
6
0
0
15
547108317
3
0
1352309981
0
0
807742100
15086082320
0
21633199030
0
3
17595566495
0
1
22459898461
0
0
1
4017778129
0
11070415047
0
4
6
7393201974
5920755813
7301026256
0
9616653139
16482714048
0
8
2
0
394659500
0
0
0
0
0
6
0
513467361
0
0
1183437037
0
1821374851
3
4524236086
0
0
0
0
17894750334
0
0
0
1
0
10527578042
8
1
0
0
0
2327076963
0
4
17314208820
0
0
10
0
1542094314
21
0
0
18137410966
0
0
5507661178
44
0
11500261
0
0
0
6
1488078973
0
0
0
0
0
3
2719908170
4134254365
0
6
1
0
0
38
0
238
0
1
48
0
21
11387069
7041085440
0
0
0
2
81
0
0
1
0
0
0
10
0
0
13125082059
0
11522722994
1619987971
0
11
0
0
0
0
1299098558
0
0
55
13
21599383919
0
0
18
0
0
0
0
1
5977661808
0
0
22531716323
16057647839
4026555489
20988080555
19604971473
0
1
0
6671588149
0
9227562880
0
5
0
10756532145
45
0
124132507
0
106
0
0
3
23310186
0
0
3
10712874362
1
6
9060715229
12908878640
0
16371859292
0
2
13
10770015158
28
0
388355742
0
8476490781
0
0
3
0
0
12096138929
0
1
0
3
1842239675
0
276813069
0
1395051109
1
0
12947377
0
1
21950245122
69
3
0
0
14735071858
3
9
0
0
15
0
0
36
152150627
0
9
6
9062618405
8241537421
19738572316
3542629444
0
0
0
0
12598103866
0
30
0
6145087127
0
0
257430357
1
1
0
0
19213332009
0
0
2660765109
0
0
31
9
1
2
1
1
0
0
3
707953756
3904028970
0
6
0
12380381203
0
0
20730586263
14662805248
0
34
2
0
0
0
14524099287
0
0
0
4936268842
0
1067683396
0
285888332
0
14588348311
2
1
0
3
10563334552
0
20
0
0
0
0
0
24
1
0
412169055
10
0
12
2671803001
0
0
0
0
356671222
914787390
0
0
19424238380
12483256709
1
9269982619
0
0
1656077
0
16490473322
0
10324946051
0
3439057969
0
0
3
0
1361903
0
0
12650602640
0
0
113
0
0
5073847859
0
2395554721
0
0
6
0
0
16820237592
0
799251403
20525272642
11039763683
0
12
5323550663
9
448579531
18206864721
0
0
0
1
0
0
0
0
12
0
13066571764
5055405334
1829852838
1016458512
0
0
0
21064578213
1
4
0
6
20214863300
0
0
977524587
5778230491
19053629625
4514260206
0
1917340828
0
0
99036977
4722430102
0
0
0
0
3
12
563245551
0
1
0
6020107476
0
7
109
4031500666
8149189476
14819197313
0
0
16979918500
0
20357293458
0
0
0
0
0
3
0
0
1
0
394102846
6
12434147590
0
0
1720876929
205073843
3
4240887823
15
0
18025728903
0
0
9268388919
107
6
3
3
0
2
3
15
1
0
44
5
11
1
0
15301745712
0
0
6955072539
14030453657
0
0
19
4017092100
1
5753563070
3
1414546597
4
0
0
21
0
1
18
1708636016
0
1
0
0
3308102399
3
0
3
0
11474577033
1
0
100504057
0
0
886278524
0
0
3
17582255956
448138740
3
0
7593376
55
8
0
3244870666
0
7
458557584
0
0
21
2267730485
1
0
3005411411
840260041
1
0
68
0
19277615503
8
0
4
0
14482624127
0
9
7
14
0
19
0
79419100
0
0
0
0
2
0
1
0
0
0
0
17504427325
3
0
18357428166
0
0
0
0
0
0
2
12890739121
8
21025909177
0
23967624
4
21181165941
1879207587
3657870334
0
10
0
3
20248934687
3818251860
0
2773576434
17
1
8510949070
19008536496
0
0
0
0
0
744936804
0
0
4796451908
14111332191
3590168538
0
0
2
0
0
0
0
5001194580
4585415548
7778602703
12
680819993
3
0
1
1
0
1
0
0
5284505577
94
2645519273
4317932884
167173045
1304639135
0
0
12154888632
4591397735
1054794382
0
0
0
0
0
0
0
0
0
0
5942895549
14521578532
0
10
9229296160
0
0
0
0
0
0
0
0
11969
28
0
0
6
11000625562
1
36
0
4779302916
0
246200046
0
0
9
1907514359
2183200668
0
0
1
588388826
3
0
0
1
0
0
5170147688
3
1
0
1
0
67
9
2735480081
6
0
10
1
6
44
12
0
0
0
0
2736753465
1648767252
0
5
10585083784
0
7306686195
2
3772069128
0
4900461368
909263032
0
3
0
1
0
1900536176
0
1
9365650515
0
1
0
0
0
0
0
0
3
0
14978565918
1429120927
16357350943
0
0
4210162407
1
3
0
0
652965294
0
0
0
25076
29
6922089228
12111284
16782174783
0
10
17614617111
0
4747046790
0
6785673782
1
0
0
10
0
14314606342
0
0
0
0
0
0
1
11979740799
11285643302
0
0
1
8153515223
4297716667
0
12
0
0
0
0
0
0
3
289361286
3
0
158846691
1
0
4795481843
12
116904181
25
1822651242
0
3
0
0
0
21532925025
0
0
1
19506262870
8
0
0
3850680338
18883024938
59
0
18
8851307220
558319526
0
0
1
0
0
0
0
1
32
0
7
14895287529
0
17805572672
0
23087208
59
6
0
3
5178080897
10
0
3496625577
82
0
0
22085103196
0
23050729439
0
0
0
16709548
0
0
4613020411
3349309004
3
27
2
18
0
17
10
0
4763049672
29
0
0
0
0
0
0
1
3
19797256666
9084382543
2
20549111335
0
17893328699
0
0
16
5
138466850
61
10588210963
0
0
8
5508306242
0
0
19959989462
0
0
468417438
0
0
10
0
0
0
0
37
3
5284151318
17486906829
12
1241384089
18771915580
0
2
2439758766
1
22129833777
0
0
3
11765153153
71
0
4226973920
0
15
16105510659
17971020071
889393332
15803806324
0
1583983802
666196529
4
0
0
6955635666
0
8636444595
0
2
13
0
8483688998
0
0
2
8993458731
0
1089747341
10584806973
0
0
0
0
1381825127
248705554
0
91
13188176590
3
0
0
0
0
0
2
2561003359
0
0
13
0
6148722655
0
17793716370
6
0
4386676430
0
0
0
112
0
5
4
130264157
0
2069559212
1
10862219
0
0
0
0
0
0
2
0
6958866083
0
0
213381813
0
12782751993
10261777124
0
0
0
0
1309304478
0
0
4941415723
0
0
3560924985
0
4
0
28
6
622237
0
0
0
29982427
10937940609
0
1
12436955564
1
21
0
0
0
3
9501794156
1
2
6
18
0
12607887241
1
0
1
59520424
0
0
8
1
0
0
0
2
0
7
439374453
16100889176
0
0
3
9
2421613389
21
4067232843
0
75
16
10550981606
0
5
15155927551
0
7
6
7
1
1202525
0
0
0
19252204248
0
18
14180847454
20005986393
0
11845823
31
0
0
78
0
1936497960
1
0
5694473
0
22215990683
17866437941
0
0
7806955615
0
3245852870
0
0
12949028
0
0
4880011300
10707147217
0
19
0
0
0
6519347994
0
0
0
0
0
16666974633
12712407633
414213767
0
0
0
0
45
3932889767
5
3
0
3
758045633
0
1
0
4978544132
0
1
6
0
4261620892
50
1
4186552966
0
0
39553728
4
15819919073
0
8033317666
8
1428683923
0
8
0
56
11
3
0
0
112
0
0
0
0
0
1
0
2290045901
0
1
17815074423
18624092584
761085878
2
82
0
0
0
5
21
0
1765585
42806488
1233282323
39132084
1019796302
0
0
0
0
428529322
0
0
0
1
5501089855
124
0
9
0
1616682093
0
2
0
3
9
0
168232333
0
0
9
6425078579
124
19393274231
27
0
0
15640260963
18867056263
1
3473569036
3
0
0
0
2572422511
0
0
0
2
3
37
2792831989
0
0
0
0
3
0
0
0
0
0
7627299245
0
0
91004469
1
0
1
0
5
0
0
0
6881221944
0
0
1
0
850410239
0
0
0
0
0
10363960845
1385779204
9392891064
0
0
22375806901
15850196795
11
14404078558
0
113
0
4
660619490
2
20833270434
16
21
4454307908
21327996484
0
0
0
11
0
0
0
113
320460234
0
0
0
1
0
21199486781
101930444
1
0
7
0
0
0
0
0
1
10
518901472
0
0
0
5
247035967
3
44818891
9742413188
0
0
1
1
0
3
580710293
0
0
12
0
0
12
6
0
0
0
10
0
0
0
2
2
0
0
0
1148521520
2
1744816029
0
0
13876697779
0
0
0
0
0
91
0
0
10
0
4140576622
15816300875
9
1
1017987966
6842564102
0
0
1
0
1
1
0
4665197216
48
0
3
0
0
0
6
0
0
37
0
0
0
14
75143499
4
0
0
0
339816970
0
0
0
0
3
879073247
0
24
1232777806
18514208922
3933807664
26
6
0
5522258343
0
1158117802
0
0
0
0
0
0
1530636723
0
6
5330282960
1
4
0
0
18263485546
13068572528
0
3
0
12123937364
12716783512
19846908201
12800403736
0
0
0
0
0
17
0
15
10690044339
0
16289178373
307148013
0
0
0
0
3
0
7
3
6
39
0
0
0
1945796116
2573754762
12518796116
0
60420205
366041539
0
5
0
0
0
0
0
0
1
0
15569208491
0
0
0
750073226
5455849022
17577108252
0
0
0
0
0
16479263153
7384856118
6483494149
0
0
1
0
2
1
143
8399046880
0
0
1
0
11522488725
12881020930
0
0
0
0
5450601481
2
8
0
0
0
1
11619156363
0
10523606431
0
0
3
0
8504615250
1661863501
1
5
0
1497900359
0
50
1407963195
3797492415
1
5921734614
20638416952
0
1
0
439826803
1
1
0
1
0
0
8042908590
1
27
0
0
3
0
3
0
1
0
8
0
0
0
0
0
28
10271444865
0
140075493
18291154935
3420474150
7
2822295876
3
664679852
3779804145
3064795803
3
2
0
0
0
0
11
0
1
3795535139
1
874187206
0
0
0
35653075
1
0
0
0
0
0
0
437030828
15580655881
19211949
18
12
1
0
0
0
1
11378569558
3497404613
0
0
10377768801
18528378034
0
29372510
1
0
6
26
0
0
4745229144
192873484
20630286549
18380502269
0
0
1
3
0
0
0
0
0
0
0
4
0
0
17437622
425698905
126
32941121
10861106795
0
10161177581
4
18
0
0
0
0
0
0
15503091391
0
16035077127
28
2703602322
0
0
0
15143648686
0
0
0
0
0
0
0
0
0
0
6
2883825342
2807858785
2
0
0
6
3
0
3913938
0
0
0
1
7
0
1
90930182
0
0
0
0
9204862834
0
0
0
10
0
0
2
0
1606047810
684871353
7
16647300
0
670718037
0
0
0
0
23722124907
6
2
0
0
93880120
17423772318
8436343188
0
0
0
0
12
4854930910
4774467908
7
4060524172
17715402288
4
3
6
15801642608
15
4910829095
0
0
0
6659242577
6
21009179170
6
2636321194
58
2
1
0
18
5
0
0
2
0
0
0
3
51
0
6123220041
0
70562917
4621551621
0
0
0
0
3
13217211658
2952351182
36
0
146781939
3
1
1
19030615805
0
3
0
5746550070
0
2157948472
1
13784174858
7100482927
4833574311
7243958331
8037591550
0
13308607406
44
15507043287
0
0
14511605979
17226340025
1
0
0
1
3491749116
10688823402
0
3157125339
0
126772116
2
0
36
13553809926
1
7930135645
0
9528082441
14804252513
0
13158666
12536102073
8625620741
1
0
357068739
19126922778
0
989538651
99
0
0
0
16881459318
6
306240296
690368471
0
0
0
0
20178547988
15
0
3
3
0
4
0
1
157546546
1
0
0
1
15656349886
1765382865
2961433883
16359233012
3
7
0
0
1
0
0
0
0
1
0
0
0
5019582420
0
0
0
1
1514616955
13352579918
86
0
28
1
3
3
0
679320550
0
4
0
182416256
478523053
2283400107
0
0
0
23275270222
1
7
10
307365878
0
1697983447
1
9191255553
21
6957535328
0
0
10
0
1
1
0
588694
0
0
36060335
10
1175490725
0
3
67
0
1
0
1553811
0
0
0
3
0
0
0
4
2569171135
75
0
1
0
70
3
5967827448
12
4960618407
36
0
10514107017
0
0
0
0
0
0
8774068967
0
0
1
0
0
0
0
0
46
34
2582761520
0
11346885095
11046586273
0
1
0
0
0
0
0
3
1
57
0
0
0
71
125127155
0
15
3
0
3698341838
0
238356491
3817516034
28
0
2849375239
389132413
0
0
1
6102561367
13691710868
0
5871793612
0
0
1
0
343996703
1
0
2
0
19840585064
2006079502
1
2943916
0
0
3
160
11345906489
1
0
0
0
0
1
0
7012999901
0
0
1815499121
5
3389939026
8009966121
0
2
1
4066887970
20304688163
0
25738212
5000331486
15941273356
10515686019
0
3
8244509082
0
10
2334011844
0
0
4
0
4
0
1
0
0
55
0
0
1
36
0
2972093021
0
2
8807318580
5902411538
0
0
7799863907
0
4938788926
10
3
3
0
1
6
0
0
13
10
1
0
0
11
76
1
0
0
451809963
1765420430
6
0
5362483665
661617820
6
0
0
553861345
41
6
0
0
0
3
3
0
9
0
0
1946748912
1
0
0
6
16
0
21237509110
9936692366
19029881868
0
5
0
0
16260475
3354035526
0
9
8
0
1
0
0
2
3
0
1
5020164991
2749887969
0
10931435281
2456112674
7387537178
0
0
173
16456559461
12039974368
3314626882
0
137278291
0
0
0
0
697399960
9437853266
7
0
0
2
0
0
0
0
0
0
4794535705
13202641230
0
48
3
0
0
0
1506047679
0
7426550357
0
4322459194
1
5
0
4
17784902416
30
2
55
12
0
5498537845
1262891180
1
0
0
0
0
0
0
1
1
20281096623
0
0
9390032790
0
0
0
27
4121648510
20198431996
17535643
0
1
0
0
36
15
0
0
20503238219
14887789336
0
17213819406
0
1
6919642479
151923372
1436088719
3
210969531
0
1
2291088802
1
7176364596
11391572876
0
250452838
12
16530799769
0
0
0
0
0
0
0
3
1
0
0
0
2943089463
121
5562939925
0
0
0
9450239726
4263812930
5377443893
0
3
0
1
0
1
14884806357
0
9253258597
0
0
12555167938
1
0
4
0
2
0
21846542848
0
5116905983
1
0
0
0
35
0
10371127243
0
17824699786
7
3
96
3656686987
0
7241758941
18208357432
0
0
2453729278
1
0
40
7094914703
0
62791201
11773482701
20471956413
0
2
6
0
0
12857447411
0
0
0
0
0
5892911404
1585317
1280497624
22186989702
21
4751479945
0
0
2494641838
4
0
0
0
0
0
0
288664295
1572872414
2
4
0
164
10162782099
21959509160
0
0
8
1
0
0
2
0
72223942
0
0
9
2
5
5454184344
1
1369406777
395678632
0
0
397108559
3655123013
10
0
0
0
4454202687
1
1
0
6
598563946
0
11336449785
25
0
38
12193240396
15
1
1
3
0
0
0
1
0
0
0
0
1266579271
22352739239
0
0
0
2
1
3
3493785587
0
0
3
2779580408
0
84065156
1
914639769
41311472
3551143161
1274645610
0
0
48
0
12523595878
106445884
0
10
11
5
1
2265814406
0
41
0
4
0
0
3
5
0
0
14271829543
6751741463
0
0
2
0
2840493715
0
0
29
4
874871872
0
55
1
236239432
0
3
3050050857
0
0
7416880800
0
0
7930183182
3
0
0
897230957
15222679764
0
22024162085
6
1
1
2479409264
0
0
0
0
0
6
1886001537
22346760312
78
20559054782
76130956
894481487
0
61
20
7037591718
781612561
0
3
0
3
3
0
0
3
1441881224
0
0
0
1
0
1
82130836
0
1
0
7267690652
3399294258
0
1
10
10504017153
18499183862
2
4
0
1
0
14666195016
1
2
1
57185374
0
0
0
5379481391
3
1
0
0
0
0
3
0
2
22593104
7455048795
0
0
0
7116990757
5586360266
288323062
0
602031250
0
0
18
0
0
0
0
143995869
42
0
0
4186448473
0
0
13995825882
0
0
0
253960103
1
14156571327
0
4916175330
0
3
0
89
12948531307
0
0
826181955
10896433514
10
24034693668
1
58231368
0
0
16365306011
0
26890681
717086627
0
10
2650448721
537463704
0
0
0
250
0
1
990526249
2745940304
6
0
0
0
17298853432
0
0
1
209
0
10
0
0
4951453476
0
10
6356790712
0
0
0
88
0
0
4420432406
0
1
7245205727
0
56
1
0
1
21394242666
0
20463329107
7
0
787980394
0
21018372073
4509454685
0
514909207
398896611
1
0
0
3225600350
13
614264374
0
0
0
3471770346
1493536652
16985332174
875007269
593
10103835768
0
819427826
0
4204321080
4286884805
0
6
0
0
0
3
0
0
80
0
18
16552239636
11
0
1
128
0
0
0
0
1
11507053507
0
333181589
17368295597
0
8159464813
2644846019
0
4872544706
4997720012
10506293329
4030903106
1
0
0
66
177669278
0
0
0
1
1
22293206240
232597521
5
0
0
0
0
1
0
6
0
0
0
3
7567604893
0
11246188531
0
11589317273
0
0
0
4350936455
0
1
1
95208686
0
39
18976114978
0
1
0
0
4
14
0
11469321928
833530651
2
15
2
785001426
4034338288
2818062864
1711490221
15
0
39
0
0
2433654960
1
5281927284
2
2500587357
8217396074
0
7661668784
0
0
0
1240181410
0
15440423241
11208344255
4040269909
0
14500191926
0
0
1
0
0
13463805421
10375464707
1
0
10252362025
1
0
6796075975
0
0
0
0
0
1
20
45
0
65707226
1
151
0
0
11120790797
0
0
29
1
0
0
6382358836
27
17483737810
0
0
5804409327
1
0
0
0
0
0
17865784496
17
0
19639890698
0
0
0
6424494969
10
0
4032447633
21
1
0
1293090606
1534262205
7
4183099
1
21144225048
0
3677765977
1
12938807561
0
0
0
0
4180108395
0
0
0
9842322498
1
0
0
2
3
6
0
0
1
10187520265
9
0
0
0
1
18
19
0
12764147511
23538380080
1
1
1068245948
0
19
6
0
0
995182113
6274909417
0
3868726403
14428492199
0
318275312
0
1
0
0
0
0
746594770
0
259
0
9841113529
0
0
1
73290858
0
0
0
17982818796
2
8009666668
5
3216445429
8
0
0
6
11874623041
0
2583488173
10623618843
0
0
0
0
0
10241962367
16493718296
0
3
101133491
7345895672
1
2
0
79
4367554528
0
6221630261
1
3904453461
0
0
0
0
32
1
0
1873210797
6164796619
5790192091
8
0
0
1
2
0
7959656100
0
0
0
0
836581599
0
0
14
1
1
0
373121659
1
559383316
0
2
0
5325267854
6
2202670084
0
322324181
14050433102
0
8887701980
0
0
0
12498304597
0
1
1
18
0
3
20485399445
10280588509
2074881114
0
5
0
8056995334
4
0
7076462751
1342610
0
0
0
0
5
0
2148818820
7560910501
0
21022802128
1
35
0
8420564159
490400759
0
0
0
4431151138
1333954095
1
6
13
0
4
1368013539
0
0
0
0
0
17706708531
22271549558
846416349
0
0
11
524083850
0
0
0
16
527074011
0
1
587805952
1
0
0
15928598558
0
1
1761806075
0
0
38
53
3
0
0
1
13635796161
20648559825
18256090636
0
0
6681632665
0
0
13637689397
0
1
1599479430
0
1
1
0
21
0
39
3477870874
20473766533
19297687
112966235
8091751943
0
0
5084264782
3913346898
0
0
20
12601642512
6972151269
0
14199504252
6
7071391780
3
3
12348263228
0
0
12681281638
1
0
0
11122724139
0
0
0
20770833497
0
0
1
10781914465
0
27
0
0
0
1
0
0
0
12157883280
7706029901
14417552457
0
1
1
15569572554
0
2
3847357448
21099854771
1
2
0
1752603089
221094091
9
82254196
6
17971963089
1
67
0
6
10
3
0
0
639089262
9
17167472652
6
3730015856
0
5336133357
0
15880228429
6
1102492642
1
15518381199
0
0
0
11
0
2
0
0
6493397313
0
0
213826305
0
0
1404977863
0
0
3371024497
51559016
53
10003049219
0
15
10
4
0
0
1
1
0
0
10848698693
0
4005829859
0
4513772453
2
50
6773177072
0
0
20348522715
0
5472808482
0
0
6
0
0
0
0
19
292045372
0
9744048395
0
0
6390185370
0
3
0
16913420335
2
0
1
0
3
0
0
0
1237453650
0
16077113198
0
6
0
10
0
0
0
485740268
0
15
109882805
7
19301711694
0
1
33
0
0
5
0
0
0
2641824365
0
13692562426
22405122680
8746675997
0
3410886447
1
624899897
0
9
8968275113
3
3
444627145
418202962
7
0
0
0
17
2601647917
20592176654
7325079971
0
274028235
3
0
0
6944449450
3316621604
6
5601023365
211827466
0
0
0
1
3773218453
16
0
2964398353
1
0
558120
0
13
0
70
0
3
20907257
1
0
16374600611
4327519348
0
4907164805
17
0
1
987049368
514759882
0
52
1
1
0
0
0
3
0
0
2044199618
0
0
0
480814279
0
0
79
0
0
0
0
5201669293
0
6
10827490988
0
3
0
0
274628128
5361295236
0
19862437641
87850469
0
3
253037544
1
1
2151434272
10
10130202
740948027
46
15676114217
113419696
3
0
1
0
5957923119
0
1
0
2399541519
0
0
0
25
0
1
0
0
0
4969103633
1
0
0
0
0
48943400
15424897689
0
1186981024
1
10239844113
1
11
0
0
80
6
3
0
14607238678
20701827036
0
1090861421
0
10
5
9314248182
0
0
72
0
136949018
0
0
14
1
0
2180681336
0
40
0
0
21154365525
22
0
0
1
10
0
0
2
6
40
0
4047265433
16324872810
0
0
0
10
0
15032925810
6006987488
25
3
1
20728725929
1663729630
0
28
0
11145886854
1
6
0
0
0
2512459986
42
0
4860715622
21
13
0
18
0
18707079936
0
2
1
0
3011453026
0
0
0
9
50
15
7798952821
0
0
0
17
10243226193
612814456
2
12
1
0
13522461272
321428237
0
0
0
3
6
0
0
19481317980
0
0
17794206894
0
0
0
3533454514
0
3981499022
0
3
0
7
6723890782
0
0
0
0
0
0
0
0
0
36215959
25
0
0
31
0
22495164981
2988176622
1
6533943288
3243298280
209841822
0
0
60
0
0
1
0
1
2821626358
830213794
0
88100947
0
10
0
2515927036
0
2133245785
0
399091790
120
0
0
6
14505559151
0
0
0
3
6
0
6
3
0
0
0
19
5105984339
10175787588
27
0
0
0
4
0
0
0
697911115
1264921741
1
0
1
0
1
1
0
0
14265570801
18436124839
3
3
0
0
0
0
3427407111
27
4
0
0
4469739449
14954277479
0
0
0
10401092379
613725695
1
44
7
0
0
0
146735877
0
0
1208841897
3
0
0
12
0
0
0
20619297901
3318397926
0
23234527985
0
111
0
51809031
0
0
0
9319618528
14778063102
1
3
0
6
7
0
0
3
8808629720
0
92622062
0
3
7604562598
12567775216
2955626161
0
8
0
13927482515
0
0
1
9761673685
20298607010
0
19233583685
0
14006253849
1
0
21
6
3
6186185304
0
114
0
0
1785725626
6
63
1685923494
1
0
13523197274
27
20131058327
8529721632
0
9
0
0
0
3447531363
16173750342
3
14171082473
0
3
0
10610948072
6507884185
1040578382
445718494
0
16
11503658762
0
0
19216352056
0
987279472
0
0
14072162853
622920345
21
0
0
0
0
3518048436
0
0
36277893
19622299086
1
0
0
0
3
42329529
3
0
920796897
30
112919497
8405849278
1
2
0
0
0
10
7
5455338120
0
2863010507
0
6708640458
0
24
1685378
0
1
0
3219152683
10
47
0
0
14389958334
67
0
0
4
14273041988
0
0
22527392575
5364755878
9267395920
8
29
0
23746534
364783480
0
7355490361
16657313394
0
0
0
0
10
9498007736
0
3913430682
0
15494287516
0
0
15780864200
0
0
9381384905
0
21
30
0
0
467319120
0
0
1
102217216
20661408031
201177216
350726467
0
0
0
12481906585
0
0
0
5
0
0
2009555532
0
0
1
2247917470
0
0
0
0
1438936634
92
1
27
509856662
0
0
0
0
0
18211687412
12460245456
0
0
10625489812
4959783914
0
0
1
6177537311
0
8262669521
0
3
0
3632732240
384714703
1
20043146316
0
0
0
445983167
0
0
0
0
9542105708
6
0
0
1
0
0
2212397613
0
0
0
0
21111184901
777273155
0
0
0
9075375552
48
98908109
190974836
10
17684599058
3
21824950583
0
0
0
0
105
0
10
0
1
0
0
0
1
0
0
0
1097419570
16822333683
267933159
22
0
4
10
0
0
0
0
4
0
63185973
113844675
30
0
9
0
0
0
0
0
0
0
0
3
0
0
1
29
13764796945
1385696881
9969518626
0
0
0
0
3251016265
58
6
10736825145
0
0
0
0
1
0
0
0
0
0
18478824898
39
0
0
12745040073
17369468413
4122574566
0
0
1
0
21464564959
0
6187288629
3
0
0
117
487
0
0
0
0
4
1
0
9122278403
0
0
28
1
0
0
0
0
0
0
1584754269
0
1
5140632845
416912134
6991906656
4769267124
12
1661249961
31
0
263105882
3
5027977287
0
0
51
0
16
0
0
68
17239758111
0
1
0
0
8926963019
0
0
6511767858
1
960494555
1
0
0
0
0
20327573088
11294950427
0
660419855
0
1
26
10
0
0
11
0
18
508043951
1
13587502407
0
396604353
0
0
636142767
0
0
0
0
14014411653
0
4681442657
0
3
1
5
0
468430755
15
3
0
158
11
0
0
0
11947868357
11383925828
86
9
2611541032
0
20167831106
15
3
3228102491
0
5866077165
1
0
9837299955
0
5705500643
351345337
6823960515
13892320303
0
8063151892
0
0
3
0
0
0
0
13
0
18603836034
1
0
0
0
0
12
12
77
17427758090
10
0
51
12378754291
0
14183001111
104
0
4
0
2
3310142532
15
0
0
18774263221
256060412
0
0
0
9265986512
45
0
0
11424149427
0
0
3
21
3562028790
0
0
0
4
1
2577066972
0
0
1
1
0
8541568030
1
0
0
0
0
3
785442616
1
0
9865786615
0
6907861297
0
1
0
1753410011
18
0
3
179986193
0
0
1
1
6904481707
4120131063
1
0
0
0
287907822
0
0
0
0
0
0
10
6
6782587615
0
165233306
4524428665
0
5
0
1469652128
6300346410
6
133718913
0
0
3
0
0
1
0
0
0
19171783881
10145666023
0
0
1467170007
3806688390
1198932747
1470601276
1
116491149
0
0
10
12880972467
0
7
3
19459305394
66
0
13026422473
0
0
21168057890
1415199608
0
6486642006
10
0
18
0
18082054495
168626576
0
0
6
714223476
3
37
0
2
0
20
0
1
3
0
6
0
0
11458101446
0
0
0
0
40
0
0
2716478237
9
3503885386
3
5
45
0
3
0
0
0
6
0
8598359753
1241074805
491300401
0
4852593324
17723104122
1
0
3
1
958004210
3424926815
52
0
79
6
15604993106
0
3
13016819766
0
7
0
32
11463805802
2
0
26
1
0
2
1
6032618572
243840379
0
0
0
11740560314
0
524498524
9093091525
0
0
59
0
0
2
1702432928
19
2196324772
3
3955475540
0
3
5
0
11674288846
0
0
4392372
0
0
661200
7210205630
21
3
19919971453
0
0
5273135928
0
0
42
0
3904938962
8250960214
12183788590
3
407405743
0
0
0
20511224573
72051720
15190668847
50274767
0
1
0
1
111
3
16
6
0
16
15
0
0
0
7226908913
0
0
0
4684054331
211640413
40
69
0
1
0
3831602044
0
0
2737641464
7410810052
0
15
1
3348894343
0
5958948165
0
4703162735
0
0
0
0
18115761611
4
0
0
793394533
1
0
0
1
10
0
0
17
0
0
7
11370127188
0
8725069273
0
8471556440
0
1
1
0
0
0
0
0
3
0
0
0
3527933451
1
14356612713
0
0
5823281615
0
1
21
0
3
0
4026007736
0
5
8
16653146866
0
41
0
11
0
1
0
2
1
19493251629
0
464410888
13733604887
4
0
1239858772
16288536402
1
0
0
130962129
0
1
17738178726
4
8059617363
0
1
3
0
1436374737
0
632507162
15
3619064996
0
7
0
7573428541
175759996
7115791826
1
1998747447
6772511168
0
0
1359358463
9328084288
6
2358397677
0
0
1
0
0
8
0
11827778102
0
1
0
0
0
1
0
10785414116
28
663084
21196218866
177
21
1
1937072956
0
2
15174752865
0
3
14076369939
0
139
1517882636
17895927637
0
2
12547911484
0
0
0
0
1
3119938608
0
0
0
0
1
0
15
0
0
0
0
1
350853591
7019269059
8648847
2332304111
0
20
2460623209
0
0
0
15
9496825433
3
0
2806336569
0
0
0
0
2235098253
0
0
19275032118
21
0
18185707696
0
1
20963627168
0
0
0
6422398209
3
0
2562427777
0
4
15
103029731
21820989
547755438
14594340269
6536558929
13178709383
4480983734
0
3
7
0
0
6065111844
15
0
0
0
0
0
3
0
0
2423704495
0
0
14776194
5
13458713863
3
17800431275
598284790
14223449623
407640843
10148731656
0
0
0
576427202
1
5202534427
13743130406
0
0
2801523512
1
19260526783
7294996897
5795013607
3
0
0
0
10
13071338153
640040727
0
59077143
0
0
198
0
0
269070605
29735871
13104896012
21
0
369316921
1
0
19206346811
0
0
17466716775
16983667534
6732878964
0
0
7784917115
0
10550504534
1
0
6
0
1
0
0
0
0
1
0
0
0
4
0
30338738
18
43
2239169404
1
7254842058
1
0
5151718889
9518939172
0
0
0
0
0
0
7347826631
5396275651
17050701418
0
3
97
0
1873655702
0
2221532670
28
1352925640
5
0
21761675142
0
6
0
0
3
3
21
0
12264519
2
2363935470
3447022646
1
1031896199
16251222824
0
0
4
0
1
6
19895304120
5
0
0
0
0
1
0
1470946841
1
6
12
1
15
72
1870448104
0
3
19939402569
6
0
5342237399
0
0
6112723609
1780429143
10139087839
13307916295
13018280584
0
0
0
0
0
3439098036
9
0
4538589
3
0
17354366111
0
1
36
0
0
6
0
279
0
21573870808
14380485229
83754442
6173541740
0
0
0
8725618368
3217283722
6
3
11
0
1
760856407
13114517803
0
9035548406
0
0
9631818014
19406074366
11
0
4
0
767785
14879732865
1927066480
0
2
0
7635342177
0
13244814439
4805242316
3
8
0
0
0
19670211443
0
0
0
0
0
10227077315
21
0
17870205103
0
1
636433993
9
8
0
0
10
317999824
9964019507
0
0
0
0
12565727254
11
3
682243709
963378220
0
1
0
0
0
47
0
21670454667
25286344
0
22
0
0
0
0
0
6
7
2658245333
1486007441
0
0
0
18
9198403945
0
3
13890945768
0
2300449827
0
0
1
0
3
2
1
0
7645621909
12952782946
4528642057
1
1581907766
0
0
0
45273470
36
0
3
0
0
0
0
0
1
5693057960
15
0
0
8645835125
0
12288046190
0
87303709
28
19799752452
0
2469315143
3
4978601130
56
0
8037385971
0
1
0
1696596980
5
0
5283214158
10
5
9806620
1583027095
9209659983
1
0
0
0
2393649818
0
17878036154
23
0
28
6
37
6
1
0
0
1
0
20239449473
0
1
0
11144290595
2690476081
0
18500718604
3042590126
0
0
9511899609
0
0
11785907739
1
28
0
0
3
0
0
5
0
0
89
0
6520274843
0
6
0
0
6056719213
10409348217
19
0
0
6614579690
0
7406298749
16
16478153514
0
0
8
1552638817
0
0
20739157332
48380815
55
21
0
1140793942
11
450079994
19506611861
0
949833991
0
1487929468
3
7558552006
0
1085721564
0
25758084
7302726253
3
15
0
6
0
0
809830229
14460682761
67
1673250255
10
0
36
1
968157406
1490250688
3
4176475921
11413478728
1
3
0
14656828238
0
3866941101
0
0
0
2328376173
6
1
0
0
0
18512921310
0
0
52
0
4019229841
0
0
0
0
1
0
8634487532
13973112617
824361980
0
3
0
21559414849
0
0
0
23410428680
0
18787305567
1
4669757184
0
2
0
1
5
3
6
13430455473
29
3
0
0
0
0
22512925
8985805522
0
15
3
0
0
393887269
0
1
0
0
3
0
188631230
0
0
0
4
0
180919202
0
28
0
0
1617102375
0
0
20462190435
3
0
450316511
0
45
0
0
0
0
543747401
0
20281756254
0
7859849321
0
0
2
17516643196
866509026
13691940508
439338014
3
48566860
4
0
0
1
4281116357
3010331158
251024500
717550731
0
97
0
0
1721371341
160832019
0
0
1
0
0
0
0
82555785
0
1
0
0
1
0
0
19
8685512320
0
0
0
1
9479173
737094739
11362838613
4
13484520147
6774642340
0
14
0
0
0
0
11244680896
0
16
0
0
502718847
0
7721397608
0
0
0
3
0
6058671048
0
12988529663
0
0
0
0
0
2
1038263106
0
0
0
0
0
0
66
0
2587907323
0
0
1
0
198948323
0
0
1402597823
0
7785145547
0
738273054
9594185165
0
0
24
3352183066
68
0
0
0
0
13509387526
0
728371797
0
0
0
5076383331
1
0
0
0
0
0
3647251737
12985264310
0
0
461308621
498618747
19497858111
6658301503
8708326
2
0
0
10
5316065739
2713426405
82217664
6
3561369112
36
0
123067616
3
1
0
0
0
0
0
13777810067
10
0
0
0
26
6637066333
3022276165
6
1
1
20
636375356
0
5323705161
3
267428828
0
0
10
83735973
3330706555
1
3
3
248562941
4363624109
0
0
0
0
9738386924
0
16138681903
0
0
6
1
7832038425
0
0
27123950
0
3040149700
0
0
7
0
1152065470
0
25
2
2785376032
9867584992
0
1664297362
4395151736
12372535971
16569601213
0
0
1
19965967495
0
0
3
21482238824
1
0
0
0
0
0
4592547092
1
1
0
9300542944
3
1
0
0
34868863
3
1
0
0
48
0
0
21
0
0
453301845
17392859876
111
0
0
0
24
5044738002
1
10
837853533
10793635357
0
30
4515472299
0
0
3
6
0
0
1017691858
6239876727
0
3566435233
131357612
0
834004361
0
0
11
1
0
0
0
450387085
9
0
8672730447
0
0
4
128438748
17286565037
0
1
0
0
4
0
12295030218
0
15145812625
0
10387152165
0
7
642198557
1
0
0
0
9
1
16163195913
10074897141
21
6
0
2113362477
7627067074
1
0
81
3174163991
0
6
21
0
0
0
78
0
45
1386111056
0
3288223214
0
20501240216
1352711920
10
18159905031
2374074412
0
0
0
16
23895396
0
20314410707
11311680961
15871471476
0
1
14667582918
0
5101726215
5559833470
2
5
19462711354
31
0
0
0
0
0
0
14221763767
11383796678
0
0
0
0
1
24
0
4005844431
136
16207229260
0
2257522753
0
2817826730
3
8799184155
205713944
0
0
0
144051158
11655045978
23114729537
0
0
0
4
0
17485925940
9799600154
20319637086
0
36
0
13832402708
3
1
0
0
0
0
15482728593
0
3
1532991439
2
0
2
24
1
31218598
5079924163
1
18
0
0
0
2
0
5
0
13668932942
0
0
14983211288
16797634386
0
7755889990
1
2378497353
0
0
0
1
0
5237842572
30
0
81
0
1407166260
34
0
13158699802
4
15646011282
0
3985215279
0
0
0
13
1615198945
0
0
6
5
0
0
0
0
11992137412
0
0
6301757745
1
6361793979
1
3
5727060271
16254168804
4
459834706
0
0
582583907
9
7694250802
2
12064761141
4156594902
0
1
3510699720
0
1
0
10
4730800722
0
73
1
1717722991
5
901093712
0
1431196
8714685663
11
6
0
0
16603156872
0
15
1
0
0
0
1
177782502
3
0
1
6
0
3
0
1256048313
0
1715909057
16543656866
1
0
1
231531289
0
0
0
0
1
0
0
0
6
2262916827
8561580066
0
7
0
0
3
0
0
16394946591
15050635425
1
190177391
0
1
0
0
10
13355292467
0
21
13238431074
424581300
2333641989
55
0
6613338661
0
0
15
0
0
3392356
4192756663
0
4280667018
0
0
635780947
1
0
0
0
0
1
0
6926358892
0
0
8282244379
0
15
0
4749593776
0
0
0
3155290087
0
10338850802
0
5012013191
0
1
1
0
9451020862
5
8647647668
3
0
0
0
3739307216
1802618047
1
0
5099652118
1
0
1
0
140
0
0
74008069
0
0
1
40
0
9438939851
3750400487
23
1
0
0
1
1
0
11
163
0
1
61
0
984876330
6
6
1
0
14643493828
0
0
0
0
0
1
0
0
21
43
12804114029
0
20
18
14112701992
8420924066
0
0
21
9
21
18382726216
0
1
23356435
334929955
911083332
112
278668422
3
3791598
4357339996
0
0
0
3
0
16861718112
0
9597899747
7506664225
17500358729
3
6
19636211559
0
0
60
0
0
5
15
0
0
0
50
78
0
0
6578779600
0
1
0
0
3
4002114530
16074968471
0
0
16672443633
0
3
0
2808723563
8888682852
0
3
0
12510434938
562046736
0
3
1
0
1372654913
1940693996
858736938
846132146
0
18922563554
2
0
0
0
2
1278787306
0
0
18085521260
1
45
0
0
0
11
1
0
1
0
3
0
0
36
0
0
0
3742227990
7045212017
0
8395614728
1
315422207
92
0
9
0
0
1968685194
0
3
131156297
0
6
1
446721105
12884330
0
1
16455157577
1
0
0
7738428816
5
3
1
19
1
13853830
0
0
10458470908
35152072
0
3
4850936659
7
0
3
22
0
0
10141219435
2924255078
8640034326
0
1
0
332893654
1728120950
7906572541
0
19833426434
4800036052
0
85779735
0
0
0
6
0
5105926293
12
0
2174901222
0
376027472
1000603651
0
1
89457175
15
18
0
0
9978247206
0
0
163384607
0
4
1
0
0
14207853917
0
0
0
1542533029
15742104718
6572364344
1
0
0
0
0
55
5
0
24874545
4
0
0
25
0
3
8355415172
1
1
0
0
13312427019
5760884214
3
3047918301
162687539
0
54
1
11732979758
1
0
0
0
8
0
1
0
49
2
0
0
0
1
23
2
0
57357276
17858908409
13816217941
10164688
20972074073
2053800374
0
161932019
0
4
5207304426
0
1075896498
16
11206854116
3850009484
0
7
1072184189
0
5
3
0
1
1
0
6
0
0
0
5028608500
10251253421
0
0
24
3299384504
6
23
274309495
0
83667808
0
0
22349432293
4524660361
0
1
6930600840
0
0
16255298022
0
4791961025
0
3
16497164329
6887466626
46
0
2250294335
0
21
789013283
6
14438626497
3454011838
2275267874
0
0
0
0
1
0
1487240268
1
1
11
0
1
0
0
6
0
0
0
0
1
0
8990575225
3
31
0
13246612024
12379936486
0
90
0
127
15645461785
0
4
6649326043
9875763801
3
15
8227724611
0
12907303445
0
264803474
0
0
6
0
0
6
0
39
0
1392032622
0
10
18986604847
14
0
0
6
3
21751139717
0
17
2111249452
78
55
0
0
4
3
1
11439092089
0
9134749718
9689191966
13699285917
0
0
0
0
2
0
0
2563877668
0
7121913260
0
0
18
10
768913796
48
13322278191
0
0
0
9671817785
9
0
1
12
1939919386
15572387816
0
7
0
0
4
23251238888
4609651012
40
0
0
0
12977314953
0
0
0
24
5614382539
0
1
0
0
19440024813
115206027
9
0
0
0
0
1372889044
0
0
0
6134993175
3
10
0
0
17081655981
5
0
0
3
1687358358
5943070368
0
0
0
1
1
20539612924
0
0
8757261457
3462569
10
1
16754716017
0
0
19
1
0
3
4557296749
0
2793839264
0
49
168435831
8437109860
0
5
0
6395979270
0
10
6474842693
0
0
0
2063011423
0
0
6
0
17339717011
0
8180317627
0
0
1
0
3
7
0
6
0
0
0
10580006019
0
2137105519
11580016194
0
22
36
3986390539
0
0
36
6
0
0
4354351395
0
13800618350
3477111313
117067264
1
6
10862292207
13104762949
12507227112
5810290490
1
20315675638
0
0
6
0
42
6
45
0
8804831455
3778830441
15
0
16834835305
26
0
4487837364
200
5451815980
0
0
6
2066576939
0
0
0
6
1
1
1
11
0
3
0
0
1
12
0
0
0
3048495657
0
658223719
715997154
1
73
29
1
1080594823
1743984140
0
0
0
424240597
0
0
0
1291184913
4361857034
30
1452912965
4
10969747367
0
5482804191
0
657380283
13840976177
0
16
0
11
21
0
8029122994
0
0
18
1
0
4
0
0
0
370525535
2387832809
1
10877493446
0
0
103
0
7364984170
0
1
0
0
0
0
1000139337
0
0
93
11
174262248
0
8
6982583785
14192228113
0
0
1
0
0
3
0
11813017308
0
0
1
1260603
0
88746851
16367953036
1374514771
0
32
18
149265850
593920071
24451869
0
874330288
3566427837
0
0
0
11017765895
0
1277055735
2609237527
1
0
0
0
0
0
7
0
0
0
0
0
0
4705525101
11
14251945463
3
9
4071279181
0
0
18074903461
0
16086197279
0
0
4719715264
0
6
0
1
0
0
5
0
126736432
0
0
0
11495991055
22610505651
2113675135
15
0
0
0
0
24
15091438986
0
0
0
3616186108
0
12
20617016052
0
18178545723
0
0
0
0
0
38889859
1
2
4
0
21
0
0
0
0
0
13224974260
6
3200395055
0
3
110583507
1479609417
0
7715930832
0
1
12632581614
21048843175
1
15692038907
0
1
1
1565620713
0
0
1615411145
0
0
3
14
0
24
0
1
46803459
0
0
3
0
13874876271
0
3139555920
125
0
10658556945
0
2404155743
0
2
0
0
0
3
226550682
385732484
0
6
6666425650
0
0
0
0
6
0
0
1
2
0
3
0
500502727
99
0
9510784889
5
0
0
0
0
9
12509309035
0
23181680562
0
4
411646593
2964479411
6434900451
0
6
0
1133909896
16367395489
16221615178
0
0
0
113839869
0
4987935296
2946730099
4019734120
18
0
0
18730642067
7728307619
3
0
0
6343122638
0
0
9599374206
3087883955
0
0
2
6
3962124476
3
0
14856702599
6
0
22740548949
2527739214
145
0
0
0
217486923
2200305774
9965981774
0
20155629457
0
0
0
0
5239354832
11
0
1996169088
3
0
3
5
22366308110
3663853173
595502692
1243530254
18982699596
0
0
0
0
0
2
739
6529937230
0
0
3940779464
1
0
0
26
667432493
0
4
90
0
622878058
5
1
0
0
1
0
6626132875
0
9
0
0
8884361397
3
1
0
4
18518661475
9468865414
0
0
442348830
3
0
3551511019
0
3
0
0
0
6
0
1821295453
8904951075
7328611836
0
0
13809508238
10
20777015910
0
1
0
22
3
5906522376
0
658959896
354536626
549296541
313336234
0
612765061
0
0
0
472915
18531349806
0
17995157808
0
2202756180
21
57493748
0
0
1
48
3
0
6501905393
8502905158
0
0
0
0
4
0
0
0
1631395618
0
4
57
0
0
0
21420367373
6691843711
0
1
6413596299
1
10
6
208288801
1
20173670197
0
0
7369884
7
10
0
0
1
3
0
0
8974504341
0
13821546916
15
0
19473204544
0
13
1
28
0
294138890
813480646
1
5946568623
0
6190611820
0
17013195435
0
15
1
0
38
0
1036793058
0
0
0
17808847585
3
7
0
1369663
12850471891
13317752908
35
10
2049100780
7085393185
13922483987
0
0
241305117
0
0
5
362679220
659651266
0
0
7
0
20618253534
1
0
3
0
108
7618146338
16247140328
0
1
6974190956
8129492990
13436161669
2589182660
0
573443555
9984917
1
0
28
0
3
1578730710
826893093
0
4
0
0
0
12329308907
6
8085668790
205330
377981601
28
0
0
4231603298
0
2
7686528083
0
0
1
30172896
1
16292585881
2598363301
0
0
3214562681
1
7
2
0
0
0
2
41
0
0
13237088621
0
0
0
0
0
6811315974
3
1
0
16554455157
0
14
14838278677
0
0
0
1
10835664954
2
6281779024
18056538534
0
0
0
0
0
0
0
0
17314522063
0
10
13792516790
0
0
10916182103
0
1359423508
355888
1
2
9992301006
0
385119923
1
0
7
644
1
0
1173337117
2
0
3
15
0
3314112287
0
1454394863
0
19120810368
3
342254000
0
0
989953906
10505892029
14419668298
1
0
1
1
0
1
10
0
0
1
23
8672888287
0
3
4
0
0
1
0
1
1
9886015461
18982292735
7655668723
0
0
280790460
0
0
1
0
0
0
0
0
1
0
1
33
2
2330031151
4654113108
0
15101125925
0
3
3906939569
1
4
0
2
2831739936
2
6
0
0
1
0
0
0
10
0
936187107
0
0
0
6702460971
0
2656686233
552587627
353350003
0
0
19515978649
1
0
0
0
0
9536216848
21
6
7922020724
1
0
5
0
35
0
0
1
16420690863
0
4606408316
0
7667941826
0
0
0
2012586380
0
0
12342177436
0
320093511
1925759322
0
3
22
3
1
43919110
13382083471
1
0
22
8363987928
236573449
15
367357433
3
0
388081315
0
1
20029425931
25
0
6
2735961743
0
6
12561815651
16
2
11924806631
0
3
6
2648620115
10
0
19579662510
0
466828296
12123476162
0
0
1
8751402189
0
3393043204
10
14475704266
2441662070
12217365987
3
0
15
19364151616
512010
0
0
6206791089
3
0
15749697908
0
1525086266
0
17785321757
2
24
0
0
155
0
22
0
233000394
14
0
0
9162116243
10128868299
2506878251
0
0
10
63
8972840448
21
1155080813
0
5142076529
18419380381
4206942614
0
0
238
311326773
0
10772739424
491815560
4
1648461036
0
5855653045
3082336455
0
0
1
0
6312336499
0
0
3872828660
0
13
0
0
14781187966
10
449050685
1
15040649064
15207185692
0
0
0
48
0
0
3
0
0
12
16240484260
0
0
0
0
0
0
0
0
14263972397
19
0
8
15122952688
6624263358
6661430599
0
0
0
14515149
3
0
0
0
16
0
0
10
17554149373
0
0
862729987
3
6
0
3
0
14
1
2
13515947580
0
21479972164
0
0
37
0
0
15202803371
0
18977349851
0
8932495
3696830782
208966993
21503658506
0
1
26
4
511501551
2
0
0
0
0
0
10640406
9
1
7
0
0
17788767416
152
1
0
183122016
7
0
0
6262347257
0
14943350399
6860384862
4826442016
0
11
0
0
8342780744
7
0
4166880625
0
0
1
1
0
11411276101
0
1129928593
0
0
0
0
1
4
1
91190
5
10
12
0
0
6
10113540709
1183409347
0
230139627
15183752888
19696547721
12696599202
2
5967250725
22462044579
6
3986198458
0
10
3
0
10
1910073
1047649360
1414929680
0
20327484918
1
0
0
0
0
0
926142586
0
0
0
806883586
0
290071439
29
11
0
2984994551
0
16138148088
13953446
2240016090
0
20224525521
394070036
1
0
0
1226709608
9
8524146937
0
0
0
0
14040972484
0
0
13713210632
29
47
1
37
13132307560
393478397
0
219474643
0
0
16171267902
22853790535
0
0
12129226771
0
14140396725
0
0
2085528463
2259106387
1
0
5899895745
0
166613
7013477707
6
9
9770547002
0
0
14030258671
0
0
0
12
0
0
5705479839
6062549042
10
0
0
2
0
16
0
0
0
3
1283594518
2175857302
0
10463813369
0
0
0
0
6
0
0
6
0
2879780287
0
443622608
14
15788761431
0
0
0
1
1
10374250350
0
16
0
16932162318
0
0
0
0
3
483190222
0
1488849569
9803381592
92
669902612
0
132309031
0
0
1
0
0
19
1
0
8
1
11172583959
13
0
0
0
477702875
0
0
20219318470
0
1209295949
1793464650
10
0
0
0
729354877
14727453204
1
0
8
48
0
0
14665476595
6
0
0
0
7164393973
16675959465
15
2
0
0
0
7487600725
0
121
0
0
7
0
2776886913
0
0
1909834954
2
0
19766168682
0
11
0
5889935944
12886144997
0
2172676718
15
0
5949611281
0
21
14296089582
1
0
136584518
0
1
15
0
0
0
11439755586
0
15453519243
16
0
7
0
0
0
5
0
1
0
0
20
0
0
3
128097694
1
5
0
1
0
23149345343
0
0
0
1
0
0
2
0
4576436092
3
1
5
1
754447557
18669783387
28
10
255854143
14921543751
0
0
0
1
7
135968503
19
0
411514122
0
2138530381
0
0
0
0
7
11188274805
1
16174110705
0
214246032
0
1043586294
2
4078144113
79
0
1
5375731862
0
96699841
7732669690
3425135534
3066927028
15
1559295000
340646442
1
15
0
0
10
0
9
0
0
11963102809
0
4
36
0
0
89
0
292405384
0
19229315494
0
0
0
10
0
0
0
0
0
0
0
0
1
7
0
3533222268
1545524424
0
0
0
0
248674478
0
0
21
13598478618
0
6
8572233436
0
6
3
8607580769
1
0
0
1017187963
1
0
375620260
14606519228
10
0
12
1
10239627049
0
5508927424
0
20126846226
3
9487401719
0
0
0
5858154837
18487052918
0
0
0
4742533822
0
5036261136
10
6
61
983540122
0
8876927520
0
0
17981123646
0
0
0
3
6
140
1
0
0
0
0
0
0
565507501
0
1
1
0
20798752146
1130192011
0
0
3
4
7942953762
10268613777
11308409330
21068034344
0
4
2381219330
0
244865540
0
0
5951591290
2
0
167391970
3
96
0
6
22
0
2037351311
47
0
0
5
3
4425042809
0
6
1
1
2634706819
0
0
25
0
3
0
3
139140175
0
140457295
21
0
3
0
6798598906
12
35
6176139624
14161957114
1
0
0
106999308
797318871
3
67
0
0
47
0
0
10
5618940396
18699215124
0
27
0
28
0
1
0
0
0
0
0
11825758114
1
0
5235042024
0
0
36
0
0
1875759959
15351913874
0
0
1
3744417022
5
0
0
0
3
0
25233557
0
125
0
0
0
15
14456164184
19410356607
3
22331442140
12
0
0
0
0
0
3
0
2434015099
29
16135607777
184346163
0
3368713849
0
3159624954
0
3
2908379420
17674780746
3
1
0
0
2002738207
0
43
0
0
1
21820922586
0
0
0
8872811664
0
10221581993
14
0
0
1
7
18197583736
682607820
30
5
1
3
1
10592506729
30
0
0
0
1
1
16437839791
9641480721
8967325766
0
0
0
0
830722747
14688543324
0
9
0
0
0
2176709322
0
0
0
0
3
1
15
16284061
0
12024263616
0
0
1133066567
15384358475
7443584651
0
15393604407
1
2124442427
0
990409219
0
0
4112875955
569023466
0
1
33
0
1
1
0
0
15
20
2
0
6
0
4
4
8
0
929032630
0
460370287
0
0
0
0
0
19848870112
0
11409820443
6982498272
6
0
2
0
0
3
3
0
413516075
7
0
1
0
0
19195216888
1171469965
0
0
9
19742877677
15
0
21394619567
6885161540
1
16186028451
10
0
1
0
10
0
5
0
0
19454877319
0
1
5058936493
0
55
0
1
0
10948428525
0
1449243982
0
3
66
6233767221
28
3
2
10733249223
0
1
1
0
3
4769622726
5927026026
0
0
105
25
1
0
10
6
5835045894
0
18
0
12444281884
0
2460701871
1226089955
2344952909
0
0
3
0
0
985279949
0
0
0
0
14497582994
9648991702
5141018347
10
10
12317308186
54
536941665
4
0
1878995275
0
1731103072
1132220921
5
0
3
17401602517
0
0
6
0
0
0
0
16719617965
248845486
0
7262564113
29
0
5317397081
0
3
74
4
6
0
0
0
0
5296303279
0
0
16348253558
94
3765633191
1
0
0
0
3419264955
14414088411
10029534073
7
721637908
0
12460631508
11437765234
19446966185
1
3
2
0
7
1660103923
0
10
1
0
0
0
3
705401
7874288441
0
22747881445
0
8300065125
20039258298
3110888638
775399893
0
1
21841798007
11
1
4020354755
16
5315157596
4
1
0
0
0
0
0
0
35
22610010772
0
1
0
0
0
0
3
1
0
0
1
15651821918
15
15346685948
1
3589255016
0
0
0
0
0
0
5055700183
0
6335745053
0
8
0
10759154442
0
0
15490893479
16323835019
0
21821964913
6
0
3806685243
1013479395
0
21975200962
0
0
0
0
0
0
0
16673295868
1
1
49
11
0
0
0
3
36
0
1
6
0
0
6
10
15957900633
12192696237
22386646740
5666760180
889474764
12696571493
0
1426566189
0
2027809929
0
170092
1
0
18
6
6617559500
129001
0
2665417946
0
0
0
0
3
1818297342
0
81
0
0
0
6
2
0
0
8839295097
0
10
0
0
0
0
16479321416
0
8821732026
1
0
0
449826
2026428556
0
8299706721
15153139363
0
13438510978
0
0
14033354593
0
145423468
57
4
5052692514
2
10943880602
0
378221517
0
1
1
13015753009
0
1
0
0
12059505440
0
0
9
8320204930
15020603820
4819660961
6198197
21089458
513108213
3
3236626156
0
3
5039881345
0
0
0
3307951
14
0
12887744274
3
0
0
262670053
68
0
0
2
10389236941
0
0
12296428071
11085385019
0
85329780
0
11665146672
0
1
0
1
79248844
0
10
0
306686794
0
9
0
3297662147
0
0
0
7079586079
0
9
0
17468037216
1
0
111349544
6762279712
2734123220
323523046
7465729644
0
1
0
0
18825989802
0
0
0
34
11543891563
6
0
2
20877938270
9
0
2
0
3
3
0
5784411538
5583226826
0
0
19243427500
565865333
658848127
0
3935195779
1
6
0
0
0
18294821
0
4972511652
0
0
0
3955143287
8511587879
3419209311
0
104
9673838899
0
0
1790263110
0
11
16981310450
0
10
0
6
1905181090
0
4843795412
15
17206541875
0
0
0
3
4019719018
0
3229506996
0
5
0
0
0
0
0
0
90
1
0
0
1
3
2474020534
1
0
0
4223572950
0
0
12361311997
0
0
200536983
0
3
0
19
0
0
0
5231321245
6
3
26
0
8140774171
21302763911
0
0
0
1
3
10
18
18391814334
41
702094259
0
0
3
11388831601
10540589425
0
0
0
4325127652
0
162
0
5334582504
9807275885
1
0
0
228795641
6
0
9689850257
0
0
0
0
3
1
0
4523794569
0
0
869146795
19779593280
0
0
10051163196
6
15
1
0
3
2
16373258193
0
82
0
164828603
8403753449
0
0
0
90
6
2053801757
0
4014570680
26
0
10941960122
116790518
0
4
0
0
15
376678162
20721004599
0
495659595
1
1
0
287107754
10427061418
0
0
0
0
0
9308415089
0
0
138379968
1436320246
0
0
7139070740
0
37
0
0
6928828556
494882017
0
8896226345
2
810441944
0
5674031669
0
0
0
0
6639891275
3
31
0
0
3
17451727138
0
0
0
0
20121984365
2
0
7
3
3
3011281910
0
13
7472373212
0
244023982
782374
18
0
598958778
0
0
8491778591
7836395449
7
3
0
852552787
0
10
5
30
2
0
0
5698367070
0
2334335697
1
1
1
0
275382772
3
1
0
0
16019669505
1
1
0
5
0
0
21930682206
15
0
0
0
7415344089
479616516
55082097
0
1908296837
0
6
1
1
0
153
3157210783
2233456837
0
0
981691673
0
0
14147209058
18
0
21676984400
6
2
1
0
7933280925
1
0
1383721334
0
13559973105
0
0
0
0
143941495
8391990977
720250033
444112518
0
0
0
1
0
0
0
0
0
21
1
4145795017
13100768780
211
13095927255
8
29
2
0
1600404285
0
17231166487
162725485
32
57
2760459337
0
1634732301
9
0
13654839671
15
1481987746
1
0
0
1998399028
0
0
0
1
6583093676
1
0
0
0
0
0
7755267662
0
0
0
0
6
0
17611578805
0
3
29
3
0
0
2
0
1
0
842695687
0
0
2950779281
11932972381
0
0
22
4441745774
4
9899552441
0
3
0
0
0
2363745618
0
0
1
5508231
0
18205606557
0
0
0
4004225079
0
1
0
0
51197265
1
0
802742304
3
15658795675
1
1
2
0
0
105
119
518556289
98
0
0
0
125
2
375545134
0
1
0
1281369528
0
18
846838122
3080568310
0
0
1272214795
9
0
0
1984856219
6
0
0
2
1980302828
0
0
0
0
6
0
1
0
8
0
25
3
4
0
0
2519676195
3
523045209
0
1
2663554099
187
69
1773026588
14062550523
0
0
0
1
15807027373
1
31897991
46
0
3
9379150210
0
0
1
3
5901595863
3
13168966811
0
4
4771169317
481922781
0
0
3
8217726848
1
3
2176141050
0
11376257789
0
6
0
0
4
0
0
0
0
1
0
0
6
0
3780826085
23549412651
11
0
42
12812960643
0
0
2
0
12
813375720
10
22497482765
68888013
11072961224
0
2199771476
11
0
0
5753551314
0
81
5533920516
6
0
0
3
12
0
0
0
2323893282
35384414
23273196
0
0
0
0
351583872
3
87
0
10
1171387462
1035346633
0
0
1
2623036032
7
6
22
1
0
15961293113
0
0
16
13615815013
0
17
0
0
0
1223144
11510500
0
53
1
0
0
18115521977
0
12805606731
0
0
0
1
0
443365678
3
0
0
3
3
0
0
0
0
0
98504746
0
15
0
5796021118
4
0
36
6
7123637375
3
78227156
68
1
0
0
1
13248225088
0
4
992228582
0
2
0
14934086955
0
12623000040
0
0
3
14655270420
21
0
18
1
0
11361290405
2582899841
0
0
42780969
3
10250607908
0
9990636910
0
0
0
18599040616
36
13160140617
11643353757
0
0
1336725233
0
2617603091
0
0
13
0
0
9890888525
2284293723
12054619083
0
0
5482459634
404982895
0
0
0
21238103959
18719514964
7104939840
15198175576
0
0
1
4568507996
1
15
0
0
1
0
6
15
0
1
0
0
13
406204437
40
16740270811
0
0
2
16456577548
51
0
6
1
21
17
65
22
1
0
0
1
12766999749
0
108
0
1
3
0
102449487
5
0
0
13129129993
0
0
0
146
111
6
98881995
21
0
271692718
0
3831753768
2
11829095937
0
17347235891
351514841
19545340134
0
228064215
0
0
0
6595884634
18880964931
0
2
0
0
0
0
0
1
30504200
1602530403
0
1
1983828842
1008049551
16572555174
21106392659
22327538700
2
15099318640
0
0
3
5998282727
18097143404
4
84
0
3913540233
24
0
16621827235
7
16479130606
1
15
0
1973908836
0
9990555546
0
474948698
0
0
0
6539513194
6568468348
263
31
15
11079200775
31
1
4966146870
14
8419050913
13773386253
0
0
0
0
0
14808555616
19
15198633941
11207154491
1468459543
0
0
4449638342
0
802707460
13355067827
0
4946524098
1
0
755654516
0
8055087701
5365738088
7
0
1
1
17
2828453742
10
1
0
0
0
1
1
0
1427412052
1
1
0
20
0
3938626191
0
1
3560581907
421800945
0
1689420
0
4
22256027871
4502736596
0
0
2164799751
0
3
6670339804
0
1
19536602235
0
0
6612079618
4147786497
1
13624507929
0
0
1260111989
2778397195
0
18020496065
0
1
0
0
1749712126
6
20262876310
0
19869461959
6
8036170083
0
53
10849646767
0
15
0
0
1
9265645772
0
6
0
0
1
0
3
19
2734238094
0
0
10078784855
5162060411
0
4361685304
0
21
0
974408
5530708157
0
0
0
10
0
4
6097733682
0
19487302848
0
16
2332404303
0
1
0
0
17
115
0
12350926184
10
0
73693503
0
0
0
11989949595
1
7774890753
12246528034
0
0
2
2
0
0
1314530538
0
7
8887401664
0
0
0
16914717917
0
3
0
0
0
10
181884844
1
5203860518
4495369790
0
654417911
0
0
121
30
0
0
0
1
1
22
1
43177794
1604547863
0
1983062247
0
0
22117705654
0
0
0
1
3
3
3
18935124360
0
0
0
0
0
0
4461189561
17
0
1
0
0
6
1927944684
6
0
39
0
6
4102432168
396781059
28
13
8668278317
15911247363
6
0
1
885828657
10
0
0
72
6093991536
2
13705337589
0
0
0
0
0
0
205517638
0
0
33
0
18013157900
0
7634234969
3
6
0
114924601
1
0
0
0
9
0
0
0
0
18
73
0
0
1235922608
17964984296
0
24
20979476602
0
5163585479
0
0
1
9715168062
8386998430
30
3
0
804899982
28
1095896320
0
1
0
0
1
0
3
3102669317
22266352595
0
15
10
21395338784
4120995460
2659249959
30
441567321
0
160
10048295187
0
9
0
6
0
0
4038722892
0
0
17778232783
1
38
0
7
20719463649
10
10
0
12
777457023
67
0
1
0
0
116
20
1
1050699092
1
0
0
13407335239
0
0
0
0
10
33168608
0
1
0
0
12174938674
28
1926795287
0
1665087063
0
2
6
55
3
0
0
6
0
0
6
1
129217894
0
1
2300303248
0
0
49
3292578962
0
0
12
456444160
0
6
1498704296
29
8105612868
0
0
0
106356842
0
30042760
0
14393487967
1512272334
38035334
3
18717157664
1
11346653570
1
3025562644
0
0
2
0
0
0
315201039
8020385858
19
8
15155097993
0
0
0
18234965233
23
477155904
0
3
45
2411644248
1
0
6
44791227
1
4830943208
13324401431
0
10
0
117
6088288176
3755339
15
15
4106727411
587169709
0
802173145
7249461
0
1
42189305
17069108715
2737916139
5
1
0
0
9
207082783
15240748217
0
92
1
1
450626583
0
36
0
4
0
1829665859
4850303711
0
3
1918641661
0
5874623778
0
0
118
0
28
1
3381160917
0
1
0
0
3
0
0
10754079025
0
141301075
0
0
1534851643
1
0
0
0
0
0
10
0
0
4367980917
9
10
0
0
9360279371
0
1
148765176
0
15462686393
11543707519
7733069750
6
16915873898
922814482
0
0
0
0
17226727434
530798453
3656879625
0
3211958917
1
2221633621
1752761405
8
12598414204
1
2135510440
1
1
0
0
0
0
0
13
0
7220168338
426599569
2
10326317435
13
258382985
51
0
36177824
48465153
0
0
12922344241
0
5193161845
28
7516245374
11784188327
0
3
1
1
0
11792463112
678906442
0
13
0
15027644955
16858005800
0
8
5152914
12750879
496571952
0
0
0
0
3828094331
2
0
1
113
0
239125978
4
0
9203010605
0
8306482786
0
0
0
0
0
0
1596462865
1
0
4726943374
17980810313
0
22
7
6607193730
0
86712960
12141604451
3
1719203046
17327425550
0
0
6
3
1
0
0
0
0
0
1
0
14757462745
4989083102
0
22594035458
6
0
586202061
1
0
3
0
0
8176950611
6864225786
0
24
11674182539
14166830854
2381840906
1
1
8339019326
0
36
16384095843
0
0
0
1
0
36
0
15
5
0
11511657234
0
3
1
0
5563081816
0
0
1
28
5781679120
0
18784347281
0
19615422501
1
0
11
7
0
66
50778700
0
0
10700775784
0
0
4054160935
3
0
16188721724
0
0
0
0
6464459837
11915962636
21
0
2167238607
0
6
24
6
0
21333195118
0
0
3
21506927157
135
0
1
3
0
0
14989319308
14890669549
0
1
7
0
18
88
10
0
38
1
0
2
13020754803
0
0
1300632751
463748358
974573821
0
0
15551906880
12505140770
0
0
0
795924326
1
0
3
1436309780
77512259
2
3
663713604
0
0
92
4907256800
1
17925540910
0
0
11179712786
0
0
4896345160
5641805886
0
3
39
0
12
0
3
2391494
5900309903
1
0
0
0
0
4606807130
0
0
0
6861461936
1
23951366
4
0
0
0
183
0
1
3
0
2
1
1
0
0
0
0
0
2195135700
1
0
0
0
0
22
10539098855
0
58
3457321660
1
37
0
0
228180048
20611113273
1686767469
46501305
0
3
0
0
105810123
0
17978040451
10
0
1549630580
19858443009
0
10374426301
1
8073544534
0
3
0
1
0
0
5703763511
3732084997
3
1
1
0
938487738
11472050
0
17
1005600544
0
0
6046856605
1
0
0
80
14695378111
22
20
0
0
0
8775778936
9
22071224952
0
1
54792298
21779184509
0
15
0
6015527967
0
16113705423
0
0
0
0
0
160774562
3888291617
5443650416
0
0
12
9100710517
1
0
16167615547
4
13
0
14316834120
0
20
0
13616422868
6
797455823
0
148805
0
1
6424096600
0
6886039733
0
239408902
0
17335942737
0
0
0
10103134243
0
11176646913
41899438
13
15892822481
12675750260
8335884554
0
4458070294
6
7274510665
0
10052884115
45
3969487729
1796781283
81
5541205798
15
0
21220562528
2
5
2447689904
20757867571
6045632422
6784775220
0
914836617
1005736971
0
0
8596371964
0
16058523145
0
0
3260213631
6
3
17304351350
3
7060976974
0
0
0
0
59
0
16013927950
3507411029
1
0
0
1
0
0
0
0
1540863610
0
14531083839
13811770871
0
8
0
0
487512088
358294425
20103956021
19622207
0
0
0
3
0
0
0
1
1
4861080125
0
0
0
0
13
0
0
0
0
1
125
0
9007165533
0
23
19163966919
3221854552
21
0
714079545
3
0
5
0
0
0
13667346487
0
0
0
1
0
5
0
518584053
0
11
0
2084341999
6773815677
0
14863894585
0
0
13175535705
0
0
0
1
29
0
22
0
0
8
0
1
13474832326
0
0
0
0
0
1
1675966946
0
0
0
0
0
3
0
6148358232
3
0
3314771910
16340188379
4916562719
0
2054515192
4678153225
2073607512
10265652272
3
0
153
3
154118541
4725704664
0
1
0
0
127659728
73109339
2
0
0
0
0
33
11
1432422372
0
0
6
127
0
15
14193609432
3
0
5789593520
647749149
0
0
3
63
0
7473362285
0
7
4
23413829
0
1276350489
0
1
0
10776028273
7164417807
581146079
0
4472014924
5366923954
8612955570
7059566793
0
1411115932
119094697
15320259987
17902781707
1
10216654060
0
6
534007228
76
0
4
162248485
0
0
0
0
0
22
446583892
1
4
2366838183
0
2051378053
7233361355
0
1
0
0
0
0
8121387
8017988401
3
1
3
2
1
94
419215059
17935038781
0
32
0
0
2028124796
0
0
140921229
0
1
1
0
15253151290
10087432499
0
1
17546412902
13
1
10
0
0
139
3
39
0
405513088
0
0
6
20497669235
1892860317
0
12
1
3381792283
1
0
1
0
1249768619
13709235393
0
4410692402
293144802
0
0
0
21006284684
825061546
36
0
4
19313970479
0
85
2
0
4850292972
8865362248
3
19316058046
0
1
146
10
997912640
2
0
1
2
0
10
0
1
11
11997011127
0
0
1815506099
55
0
0
0
7759604704
0
0
0
0
0
195387751
1
0
0
4114151973
7251153646
0
0
13507321832
1
7113682183
0
0
9680305877
12680017848
8251942126
0
28
0
218
11102919672
154118389
0
0
0
0
12692806558
5
11115905273
0
21252788794
0
24
3
22
6158610941
1
17787096753
0
12606341399
25
0
1
2
0
0
19427740923
0
0
73
0
1
0
0
229042900
4873383955
0
0
0
0
0
0
583987338
3
1
48834853
0
172
3015457696
20888729538
2
0
1686681912
3
8154495870
22200129621
1
2
10
0
0
0
0
0
1563866457
489072819
0
37
0
4
0
11830937175
1
0
2282552095
1
3674970134
1
0
10
6079024629
4
0
12431414150
5
0
0
0
0
0
2290522
0
0
830258534
3
5079484998
15370827970
20298120784
0
686923349
0
22
9
0
3
11872290300
419693478
14769081298
0
19190178059
0
1303152656
0
291230701
3
0
65
83
0
1476511241
3
0
0
222308
1
0
2465463152
13
0
1
2224011585
1
69
1
3
0
0
0
1
1110481930
3396394480
28
3
94
0
3886665574
1
0
0
19434504269
0
9567664966
174981919
0
0
20509105875
8812702649
1
0
0
13
15830490824
334082425
0
1
657578836
75
0
18271477708
3
0
0
0
0
0
4
10
0
0
28
0
1
19519242
0
0
9808163730
0
0
9946278484
78
36
17207736589
1569791579
1
7
96
7926574029
0
0
90
6233073993
0
1
10
1
90
0
0
0
0
0
0
13
0
0
0
0
150081977
0
0
1
7186699032
1
0
0
0
14163138
5075240162
1
0
0
0
0
16
0
0
0
0
0
0
0
0
6
25259373
1
0
0
0
0
0
12132731574
0
0
4898137524
10093795952
0
0
0
1
0
0
0
854027720
251859156
0
0
6
0
0
4422942922
1
0
3886185658
14
356524861
0
1919105999
10
21900599542
0
1
11622626790
4
0
1466699601
0
1
15
0
5
399170727
3
0
0
22
2
0
8
339
117
0
0
7
0
621631871
0
98
0
1
7
0
0
0
8410713775
0
15512426701
22
3
23
272482
3
3160468306
0
14830371484
0
5
17
0
0
4755964728
0
2103915699
6435801213
0
0
0
0
0
0
4078945443
0
0
0
3
985335081
112309940
0
47
3
0
0
0
0
0
61
4
2348026529
0
27
0
1
1
23
0
0
22793556923
0
1
16417331793
0
6
6047393656
854213791
0
0
0
1
0
1
11076560125
111
13688649737
6
1
0
0
11
0
7486002415
0
1
0
0
0
1374394361
0
10078881720
0
6229417854
0
0
0
3
0
0
0
2817804902
0
6
6
69
1512019634
3
282043923
3537451452
0
0
1612595
0
1
10
0
0
3
0
3
0
253806512
3699388690
0
1
0
4
14047589085
0
0
0
13
0
3
2
0
3
3
1725985581
7980734101
0
0
1
0
0
0
0
0
10
0
0
87
4616698942
0
0
0
16608828373
0
0
0
4840733239
5712153849
0
0
0
0
1354632291
185783190
0
15
6
19708828490
0
6
26
0
0
0
15248724986
0
0
85
0
0
0
11122260618
1
1
21
0
1
13476663281
1
122548849
0
0
22
0
12116522465
4546091632
0
0
0
1
14194603649
493999999
0
0
754966353
0
1
1213822921
404235837
2
2346728975
0
5667679494
0
5035948623
2
55519912
0
1718304
0
0
0
0
17272659194
5
0
0
0
69
4
12
0
122
0
2
0
0
4
24
0
8
0
0
0
36
1
7
1
0
1
0
4219121208
0
0
3
12988009985
0
0
12419868417
0
0
0
20193654376
12
0
0
1
1
0
1
11171930958
0
1
15
1
18973274067
51
84
0
0
0
0
10300909362
7079740992
0
6
1
2484067944
5846063914
1
0
21680379668
0
0
3022624509
3
3625015998
0
0
2
0
2
37
0
0
8421788477
0
2327143400
574309241
6506896033
0
1832146748
3
2158700893
14676560407
21
7
0
0
3
1971289248
0
5
144533520
0
14415619603
15
8992919865
1
0
4416819718
906181791
0
27
1793101568
1
17
7
1
0
6096828071
1
0
0
0
0
7
1
303487960
0
1
6
2
0
20632863529
0
0
0
1802090745
1320562892
0
1
0
3
0
1
0
15
3
0
17
535756911
57
0
0
1
7
0
0
56
0
12939320101
22
1152665590
1
3
0
1
0
3134194096
0
6018745099
1960257412
0
3
0
0
1
0
16
5207941947
0
3
0
176
0
79
0
14849093311
87
0
2849673921
0
10
0
1086456063
0
0
4
53
1
3
0
15053026610
0
5
0
0
13261346981
0
0
0
5552409507
1
0
0
71
0
0
0
0
0
15
2
0
1
0
0
2239506752
15384947858
6
0
2462542101
19022776368
0
0
965036770
3742668788
91
0
0
0
0
12204484361
0
3
15591378488
0
2405310966
4871266818
3
1
18421875305
895103715
28
0
0
0
3
2830930584
0
176840291
60986864
15154418752
0
7
0
44
0
17428579116
0
20939030588
26
0
0
1
980405237
3
5403367934
1
0
66
3
2026878438
81
0
1
4
0
1
0
0
0
0
992680686
0
0
0
2
20252307451
3
6
6
7287083458
19361906070
7783683428
3
4354506842
3
1
0
0
6118618551
0
0
2557868392
6935753881
1493425873
4707172043
634172300
0
0
3
36445494
12
7453014855
2874239490
13285142591
0
0
20715162402
9
0
0
0
2750826980
2742453485
8159538
0
3
0
1
3
0
0
0
0
2941832893
0
76813088
24
1444870869
0
0
0
0
3
0
6415499484
23
1707969565
6809778
14379602185
16
1221833381
1
0
563633649
1
0
0
0
0
0
11843309581
0
0
28
0
0
9878986643
1080123758
1
0
0
0
419574
0
13303325496
0
604435044
22582949300
9141957808
0
93
0
0
20963987373
4
20991557604
19018110978
298629235
0
0
0
2
0
0
0
5059530609
0
19186579337
0
0
14573961978
0
13902267698
0
2
22447897
32
24
17408873
0
0
0
3
0
0
0
0
1
9091678520
4631020948
2
8120511148
0
0
12163986007
6
1
1
0
0
18
3
0
31
0
18968134115
10718939897
9
0
1
0
6885912995
0
5000358402
1
28
2004595060
5
3
0
0
8
0
0
0
10953613903
1
0
1505543528
57770307
1
5161616895
15479520240
2
20775119143
7058951492
0
0
0
3912345079
9
588618950
930089497
0
0
0
3505661552
4
3325333972
59186063
36
0
0
9492304215
1
228806825
0
10
0
0
1
5
3442756735
6
0
6355208842
0
1
0
1
0
766229109
166643458
8238443
0
1
1
0
0
0
12615427853
0
0
0
1
0
813390864
8
0
12205541866
1570681386
1
0
0
1
0
15036277874
6540777876
2
14860025
1163774172
0
0
0
0
0
5245798770
0
6
2787776870
27
47
1
4
0
0
2624157794
1803412266
163942620
747089527
21951282583
0
0
0
52
3
15885871951
15
0
0
15
6
0
0
80
0
428200235
0
24
0
0
1
0
0
0
1
0
0
0
4
0
0
0
0
0
6
1886140833
118535358
0
0
0
0
0
0
4
4573314272
10717877310
3400987759
0
0
1602178093
0
646554346
999356155
0
16765715104
1
0
0
21651967375
49916827
0
0
8794786573
0
0
7670064455
3917434386
0
861667929
6567796145
0
9892224955
10897263
0
18271991537
0
3
6
8788337813
11525081094
2057613182
0
6201322536
1
0
1821423726
10
0
4
0
29
0
0
0
3
0
12345752104
16104268511
2
2
2
1956876455
374084239
10014362302
6
21740653
0
0
6
22
0
0
7
1
0
0
0
0
0
0
14
1
0
3495063627
16022135459
21
0
1
3508237883
10038480281
16339160562
0
0
0
5480445269
0
0
10525863682
0
13068950526
0
3000983802
2034061644
138830119
16369237098
0
0
0
0
0
10
0
0
0
1062998012
3
0
145
0
144
0
1564208086
5889195772
0
0
0
1065565737
6
0
0
0
3
0
4231063481
0
7611560264
0
18227983540
11956530235
6
21
0
0
1604774356
0
0
1
1
0
0
0
2
6
0
1
3
10343463381
0
4315027870
0
38
0
0
0
6
0
0
0
1495110830
0
8417568473
160580827
3
0
0
2
0
1378681775
12639200367
1
0
0
0
0
0
0
1
1
3
0
6
45
3
1
0
0
35
16704944440
19980216313
15858321701
0
0
4637896751
13268108105
1
0
16362233721
4100431961
5701606137
0
17486657324
0
0
0
0
854518346
10129347421
3
66
0
245
1
6278388970
0
0
0
0
1
1
6614942799
0
0
0
1254907874
5404518944
0
9961544017
1
17286117145
594728933
0
0
21
0
1
5
21
0
3
1
2
0
0
30
0
0
2052705175
5
0
56
1836711076
0
0
15
319
24137952070
5
0
1
1594063978
278407043
1916277900
2
0
13281402218
11593377857
16636754150
1
10358800504
5019755861
0
22
43
0
0
0
0
2862778114
0
0
2760849933
0
0
7296102012
0
14
2608199518
8
8
0
0
6
21
0
0
4
0
0
0
0
0
185600631
10860886400
10
0
9700649787
0
0
10763119266
4
14677008476
0
19313422061
3
32
0
0
0
10726635456
7225331664
9
0
0
0
1
0
0
0
0
0
837752349
0
0
14732052472
1249120069
10
12910219255
10439076397
9829923908
0
0
1
15
0
1
4
91
2
23
19936893194
0
0
356099665
15899002414
0
1094182358
21
6
6
2
721874782
51
1
0
241992107
1
9047752366
0
1
0
0
6939147067
0
0
3803611898
4613351099
1
0
1
8107652305
3035838950
0
9
184994405
1333368304
0
0
7
2218122032
8
0
16816143627
0
46
0
0
0
0
36
5272861385
2222506736
0
0
41038066
16725713000
0
0
0
0
0
0
3799948609
0
14295849078
0
0
0
3
0
17427780387
0
6
1
12
16469629298
12088123546
4
1
0
5366276666
0
9008469
5905220044
25
307694403
0
0
1
0
0
972484751
0
96
13848441643
10280006343
0
11486806281
1073101702
0
2615803519
10
0
3
0
6
10
2674288481
3047164861
0
1603634468
0
9342068092
13
30
3
0
1
3162285314
0
0
15
22195381647
0
0
0
0
0
3
160
1
1
0
0
18379149194
1750149206
0
15841635572
1
0
0
0
0
0
8815582452
1
2556026725
43080783
0
12949083621
0
15796750120
1
14881503442
20272648234
0
0
0
0
0
8389560128
0
22
0
0
0
0
10721500417
0
4605232779
0
3827836219
4
4434220192
1
0
0
0
3193611851
3
3
1
496188839
0
28
41
358332670
0
1
0
4277492111
1057392181
17257949678
201785511
8048109202
98
0
2
0
7
0
0
7255736326
3936764118
0
4028521092
434839960
1
6178162474
11444683417
0
0
0
0
0
0
0
3239751963
1
0
740450098
849288389
7559880998
1
10
0
8157094612
1940138341
3
0
6
12506215404
14065348580
20
5
0
1
21
12
91
0
0
12429624947
6
0
0
10
0
189673868
1
0
6
28
8
0
0
6203144944
0
0
0
2175429949
13951484999
19586077224
0
1
3
0
0
3
518730250
172
25386858
14
1
18532417484
18
1234835188
0
9
2603593136
0
5570071914
1
12457954142
3
0
65
1
2174468608
3
18172299971
0
94
0
17229757348
1
11682698767
37
17629451843
0
7669271514
0
1
0
37
0
3
0
0
0
1
0
1153519643
13
0
4
0
10
0
17979117146
239065147
6577023488
0
0
2076469042
0
6
7
19928559382
0
19232090249
0
0
0
0
10
0
0
0
1
0
0
0
18859085887
4992087472
1
1
0
0
1
0
0
3
0
23209031
15121765872
0
0
0
5
1091879466
6039125580
1
0
0
0
1
3
9756574177
0
2
2478350695
8540615895
0
0
15335719438
4
1336196704
0
0
0
16611406988
1946751368
20
12057304024
3
24092267
9921011760
20895680549
1256574084
7044919678
11
0
0
0
0
551114812
1
0
10
7
852912073
15
36
1
0
0
3
8476534148
4051316326
5816774762
1460593807
6
0
0
1552658116
1
0
1
0
5176119044
145132890
1768244258
1
0
678301316
8352445039
0
41586263
0
0
4953919925
0
4056403906
0
0
0
2963098180
28
3
10
3
125
13314827722
12709535239
0
11
0
0
1
11960718883
870471047
2586070970
0
6839658815
1
528609256
0
0
1553483236
17011972154
0
4110486518
0
89385509
2171641364
6153310548
0
8
1
0
0
67
1
2640042494
0
0
0
4807940817
0
0
8
0
1
15
21313041186
9074114190
14947995859
0
1
0
0
1
8
0
2
47
0
11
0
3886419433
0
0
25
0
0
0
0
0
10
436678121
10
377965940
36
16
0
339
0
1
0
0
7612601830
83
0
1
20265191869
36456497
0
0
0
83109858
7
18350857853
72677
0
3
9456059958
0
8390534003
0
0
63
0
1
61
1
52
0
7866031882
0
6
744046402
5359214389
2281663672
5792733684
1
15
10
48
16984483880
0
0
0
0
11763727667
1
0
10722219430
22169694287
0
10
31
4
0
5
3
19
0
9
0
0
20916022027
1
4512867222
0
564642657
0
3548747960
0
19498094223
1
22754042112
0
2
11811791025
0
36
0
406382159
2
5
1
0
0
28
6713965
18244515
154
19508902206
5
0
3
0
0
9139737944
21355327586
684448503
38
0
1
13254133565
0
0
0
2
16673130264
1
0
0
187
0
0
1
0
2760082585
0
23882253
0
19436029711
3
0
10851385728
0
0
3
47
1541832
7
752643364
4030002032
21900187229
10
0
0
0
0
0
40
7996774357
2710605720
18048975144
0
10016893745
14432567771
0
0
3
1
0
0
0
642850075
0
0
6
0
7
6
0
0
12255269964
17850003985
0
0
0
6
0
0
4411907527
3
0
0
0
0
0
6
3
0
0
6
0
0
19731560030
74
0
11
3
0
15
121
0
45
1430817998
0
0
0
7
58
2115502472
21474938555
0
6
0
0
0
699129027
0
0
4887150394
797513277
0
3
0
0
0
29
40
2061609802
0
3394955518
27943
1
14
0
563728004
0
1
0
0
15
0
0
0
2893421061
16840584647
1
0
0
4669079182
4853868068
1659793551
6908033248
0
0
2369733841
32
0
0
0
0
0
0
1860154294
0
19207607067
0
18149978502
0
0
6537264240
6
5
52497629
4
2
0
0
0
27
21601035432
1
0
0
665593245
0
0
126
32
0
4197206502
0
95
4902215392
4
0
0
11
11856650529
4654718403
48262489
0
17868831312
107
10
0
0
1
980102
10
0
13
15319643229
2787267697
2
3
0
3884890985
0
16
0
0
0
77345871
4379909477
0
0
2383679787
0
13213603701
4
0
1630450637
2
0
11708323143
0
0
0
0
1
0
30804590
7
0
2497812673
0
0
0
31
52928668
22
0
2
0
7
21
1
3772010855
6629724
0
2
871020809
1
5771851226
0
1
10357493091
0
0
0
7723531152
13040643258
0
0
8402659311
16318826667
4652077961
0
0
1580596644
10
6
1
1
0
17
20636702743
0
11393775001
14401548250
3
1
0
8976508727
1
1
81919986
9598384277
0
587858284
1379737923
3
16305322161
0
3
0
0
0
53
21242454742
457481707
0
0
0
1
0
1
0
0
5
0
0
491613713
0
15
16218956348
3
0
1
0
1
0
4
0
0
0
0
5057346899
0
19172470203
10
10
0
7
0
0
0
10
0
2106149
2
0
0
0
0
0
0
0
0
1
5978411862
1
169230370
4799523257
15056224555
12292346231
0
260731332
0
0
20770519305
17779746054
0
0
13653444544
3
46
0
0
0
0
30
4373877958
2
0
0
0
16909308063
0
3
0
0
0
0
1
15632319418
0
1
0
0
6
0
1
16
8444845936
0
0
0
0
0
0
6063294744
281551653
0
0
0
2
3
1
0
4290829801
8
20907676
0
4542994498
2
16516576336
30
2
6361105293
0
15588138337
5
9
103942516
2
0
6
0
4782048348
0
0
0
1071482832
36
0
0
0
0
48705759
0
16
0
0
0
33
16624865703
2
1
6
0
1930608887
0
0
3
0
0
5388676457
1
0
8605781868
36
0
0
0
29
3
0
0
3
1470845530
20441988302
0
0
0
36
9701140593
0
2567460928
20741409372
0
0
4305920032
28
0
14004188697
23
0
0
0
1
14236737347
0
0
9
0
5466277349
0
20326216
85871917
0
0
0
0
0
0
10861716347
10
0
0
6
0
1
34
0
12
0
10061739718
18853993566
0
6
0
6
4
1
0
81
0
0
0
0
3
18
19
0
4
0
1
0
23
3
0
0
6
16240413508
0
15
1
0
234
0
0
20016498828
0
28
1
0
0
78
0
4920156359
0
0
8803397756
0
18639589270
9
1
0
1
22636965912
21735671929
0
7533054388
1
0
1
0
0
0
0
3173016988
0
761899151
0
0
5
10658320552
0
0
0
16321740453
1
0
47
0
14698000
1
0
4430428418
3
18343662302
1002114981
21345809101
1099321323
7760946700
0
1
902257044
7906973938
420392158
15
0
0
15
0
4
0
39
7954538747
0
0
1
9631689852
719896791
0
15218707131
14583047295
11958068229
0
0
0
0
538630885
0
0
0
0
0
0
0
10175912713
0
0
0
14106665138
6
0
46
1
18030676456
21
446837885
3
15752101093
0
1
0
0
1816112553
1
0
0
2458341298
1
191
18045717904
8
8951825627
0
6
0
2668474
1
0
3
2
10
0
0
0
1
0
0
1
0
0
3559275973
0
7836736553
8298696377
0
1
1809542923
0
1
8
0
4671277034
3792147484
0
12113750918
6
0
2
0
1
3273323930
0
0
43137891
1
820889
21983118808
1
0
0
5183266478
4
50
31
0
0
1687971646
9876021298
0
0
0
158859218
5407046172
1
24
0
3654954111
0
762182706
3566800024
0
73
0
0
7831218592
0
7121632845
0
0
0
15229698692
10489354258
6228530724
1
0
0
0
0
86890844
0
0
0
0
15
0
13
6
1
0
10
18
3
5696738039
0
0
0
12079937144
95130909
16417050
406892031
3
0
11
0
0
0
0
1219817375
17764006111
6
29
4598658990
11930455125
0
0
11232205384
0
10
0
6
3615514697
4080674038
6
0
0
4
19982958612
0
3
0
0
2379727404
0
6
2527086904
0
4198317485
3
19176105915
1
1
23
0
481902367
0
0
0
3060970743
6
21336749
2055367587
0
0
0
299025055
6
1506871150
0
5025757951
35
3
1
887623606
0
3
0
0
0
0
0
685416498
0
224907535
2
11863886149
0
0
6
0
0
0
0
479683249
5355606048
560074305
0
0
0
21496936971
19
14089883615
0
2075266948
2
0
0
0
0
3
1
0
0
0
0
0
0
1523727491
0
274876263
0
0
3012015091
3611399992
3180155668
0
0
0
15
1
0
22
0
0
0
1350704476
2256421560
45
1
1068546505
0
2
6
0
1
0
3
1833321021
6973220278
21075295178
6
0
3556130268
0
5791185921
17133394280
6
0
0
0
0
20196318092
76
5427673151
131006291
9571665184
0
16881119343
840239042
0
12374534812
3498713978
3
0
1089883771
10
28
15523664613
1638582299
0
16833616991
13758705074
0
0
0
0
1
2
3863378514
1
1682456579
11
44044667
403848322
0
0
15574703873
1
12
4
428938540
0
0
1
16424589146
0
739648521
0
0
869938022
8
0
0
0
10
6376837825
1
707775573
13893254354
3
0
1
980135828
0
6
8020094653
0
0
3
0
12235478094
0
0
39
0
19814498620
0
3
5884722185
15883895573
0
1
9
0
0
6
0
0
1
449044327
580857536
9830473491
3
0
0
0
0
0
5469150296
13127986406
1
4834115802
0
0
51
0
3
2
19286464660
6
0
1
0
34565184
0
10894908811
83953811
0
0
111635290
0
9512903429
1534222132
0
25
13017789747
1
13008605452
1059335004
766029078
1
1
1
0
7802508246
0
3
0
2
17
38046625
1
4
0
0
12906598745
1
0
19153498371
22493254739
0
2925655896
0
0
13126116253
1
1865061536
0
5781916465
1
18986050989
0
0
0
0
9114937455
0
0
0
6
9020128398
13642666923
0
0
0
16
1733107583
22951850232
0
6
0
2072108314
1
0
0
38
0
0
55
0
0
0
12
1
6
0
1121438017
10
18
0
12165239369
196469307
3
4196660063
3
12
0
0
1
8945868508
0
0
3
11
1
1
14570516429
1
0
96519670
17
0
1
0
0
0
19524748665
21
16837109987
0
6997993437
10
2191428540
3
3409975794
10792256041
0
909176418
14747257841
0
1
33581497
0
27
1943331531
0
3
6108815179
0
28
8197075700
20017847826
0
0
0
0
0
18900886498
28
15637583131
1
8047697085
0
20882988915
3693765
0
14514639689
0
36
4
0
34
20307898187
7433968319
0
0
0
0
0
12394581569
20084845215
0
14
5
0
0
19551083163
20140243851
0
1150671079
1334700667
0
0
130363810
0
157413
3
0
0
12363859284
5747051242
18047573686
22213633305
0
0
14285878311
0
10321036904
1
0
1
23
13393673703
376199780
0
0
6
1
0
0
0
921224861
10
5
0
3663497754
0
8045820
0
5696064182
10
1419952484
0
0
0
15086769478
4
0
1
0
4294131406
1773622127
240282237
1965170836
2563024530
0
8411586082
1
0
1
2675460643
0
0
44
11671360948
0
1
1
1000892387
8029385028
1
0
12
0
0
1499042769
0
12504976913
0
0
21595991725
1864056435
0
0
91
10
0
0
0
0
0
104
902355336
15
13503702174
296169104
3
0
0
0
0
0
0
396630479
29
854996692
15
301362976
0
16816739473
0
0
6987877019
15080489537
3
18112402204
0
0
0
0
1
0
0
0
79414436
0
4
7
0
75
7336792445
21
0
2
2
21892818389
1
483777145
0
9
0
0
21133670976
0
7
28
0
0
5
1
7
916483288
21
0
0
15000345283
0
13122003094
8296018855
0
62148336
24
0
6130509724
0
0
0
5
1071381349
3066078786
12494410957
0
16319092145
0
15
0
6
2455514507
0
2
14330039620
0
0
0
34
6367715
57
12160298356
0
0
0
2
3
1
0
903012110
13755539013
0
0
0
0
0
0
3
8
16
0
21
496397884
1227790311
2
0
0
0
2638052616
0
2157741
0
1
0
0
0
1563895777
2
1022855820
12
1
23242931299
6
0
21802928809
15
4
0
1
10219483267
18803957455
1617759542
0
1892274317
4569346941
13114116548
8
1568783284
724972419
0
10
0
0
0
0
3
73
2046729651
7113092734
1520023942
13889572233
13770320169
31
8562667625
10
0
3173752516
0
18
12164382131
0
8413990063
18343206270
7572088355
0
0
0
19078127698
0
0
12790115829
1265093053
3
0
20384836581
21367607895
13366167089
1
0
0
11457695575
0
0
10773765928
3368762687
0
3862782692
0
1
19699863362
15
0
0
10348224966
28
6
14850786616
6
91
8556785516
0
4933322335
0
9844640997
21164678115
0
0
0
13197155621
1
0
340
0
11
1
0
1316543475
5
0
15932216062
0
13
0
0
475368347
1811197364
14
0
22231448276
1546883267
21
0
0
3
0
1
0
0
29
2070826091
0
2
0
0
1
0
19
0
3
7
0
10
0
0
25
1
0
0
1
4111153226
0
0
0
0
2747149807
6
0
7
0
141087712
0
3
1711411432
22
0
0
0
0
5573425
1
0
6329105665
1
9
0
1
0
3443265675
21
10
0
0
0
0
0
7180499971
0
66
7304639042
0
2
15108222016
4366659220
4061160710
1
3917506047
1029287631
2700716
0
27145633
449013803
6695428810
0
7
0
12
1008705804
0
0
0
83
5
13
1
0
0
21266972
439946029
19140574434
1
0
15511694231
0
5564215244
0
16949837212
10655387493
0
0
0
15121137720
5671668415
0
3596992135
18
0
14029149501
0
0
1
0
0
10728919655
0
4957427079
1
1
0
0
86732998
10
0
0
0
0
0
0
0
0
2763025050
0
21395822981
0
0
0
2394719838
22083771525
4
0
0
1
0
10903980187
13663694619
0
205
0
0
0
0
0
18510986452
0
0
0
19978641113
4241548206
85
7915979515
0
0
0
1276065102
173724447
4
0
0
0
0
3440807847
0
0
21
0
0
0
15
16
0
20
21424953095
0
13691034764
8
0
0
0
0
0
0
0
1
2
1
0
6
19530270078
18863939437
3
0
0
21616559227
0
0
0
8
0
0
14073829603
0
263874137
0
6
0
4778128651
3
0
6
0
0
0
952838567
0
0
1367575017
17575247
0
25
0
31
0
0
1
3
1
1
10
14236782247
1223426521
0
0
403758418
13
568527618
0
19
14569152704
19967099146
15388472707
19
0
0
1
3
6
0
1
15
1
0
3
2632476336
0
0
0
5912393737
17333651987
0
0
3
0
80
0
0
1
2751597185
13013131190
0
0
0
15
9200293844
12191124831
0
0
8
0
10
82631072
66
5472819899
12031977326
0
3217847638
4762657225
0
3
0
3624134003
967452807
0
0
18
0
10953249738
0
0
3
1970426509
0
22283908744
0
28343109
10
0
0
0
0
19419837487
0
0
0
0
21
3
0
1
6
6
6
0
20037807165
3
0
0
1
24289029
0
3886220745
4708195993
3
0
9212537855
4955392747
0
12468952876
6039598809
3566092395
252
574502802
0
24
1
0
17893098801
2316804490
0
0
4327347357
0
0
16455194828
0
5
15053391943
1
0
9819134921
4
0
22266311003
17109561601
0
6
0
0
9563586570
3496555015
2
0
0
22590256433
341558647
49
0
13219752784
1
1
0
12391106180
10955302709
12704516951
2289613085
6
0
0
5
6153588590
1
21415510582
0
0
2978931471
0
0
0
0
10584239787
4857245461
281114583
2901634100
1
2574739641
2487159104
815851303
0
9581754483
2960720303
0
0
6744924879
12899107912
3
6819883211
123
0
0
11335132730
3
0
1
354
0
2702618
100354336
23052280505
0
0
4
3
11
0
0
1
0
16244483057
528614946
19449180424
0
21
7
2
806142310
0
0
6734361154
2
0
0
0
1
0
6637992010
5
0
18
67
3
0
16139482929
0
0
10
64
0
3
10
38834416
9782966843
0
0
0
0
0
0
1
19175479622
15
0
3622006065
0
36
0
328
0
7740578435
0
1
0
0
1722510987
0
0
0
2195984853
0
3601479452
8
3
0
0
0
1
0
0
0
4170190120
1906118390
70
1
6
1162650236
19836966770
0
6
0
0
10496108804
0
20334380571
17
221292012
0
0
12776859727
816813855
99
0
0
0
0
1
16033852945
0
0
1299369699
0
0
0
16350989196
1
0
0
0
4812920933
0
0
17458909829
3695664465
1648267084
35
10
0
0
18253858403
0
0
0
0
1
0
1
5662684108
108305314
0
776984000
14250808956
0
13
0
0
3
3
0
6
0
3
6
13840935
4310586643
0
0
20827123750
11718391551
6
15645518066
11
14980855717
1885267703
1
1195256020
21753396383
0
132469114
9724676811
0
11695174670
16073474792
2458510817
8206362928
23214916009
0
0
8817529121
0
3
0
1
0
1050434116
3
0
2
0
8367779898
0
0
980712689
0
46
10319885059
13715893662
2
0
386657975
0
0
0
1
21
14368876658
0
0
4
1
0
0
38
0
0
1438327236
7
853564393
67
9879829743
6092498167
0
12786733217
4646347152
0
0
11
4950946578
0
0
0
0
11758694253
16503962787
0
45
2
1
19460685718
0
431074736
0
303405060
135115186
19301241438
10
7059851516
0
0
0
12690516670
0
2972725995
2
0
28
19819070692
0
13107213003
1539977010
0
0
0
10
0
0
4846998246
0
0
56
16138216289
3
2056470990
1
17204359365
0
25
0
2
1
0
1
142260820
1
0
3794494130
14570177717
0
1
0
0
0
0
5
1
0
13
0
2269529581
0
0
0
361
0
32
3
0
0
0
0
1
0
2
10516276019
0
6
742920007
3
6045053979
0
0
1
6098752017
0
7
1036359419
0
3238241037
0
0
0
2
0
22
0
0
0
3
10
23884798047
9776261644
0
3
3
0
19291916994
0
0
0
2
0
15
3375778231
0
1
20321544235
2
2
0
0
0
0
9
3296224341
0
126091
1
6
80
2
0
0
0
0
0
1
3
0
0
0
8
1127318790
2
1320634958
0
3763648817
0
3
0
0
1
0
0
0
1
0
0
14490277328
114
0
2286779413
0
0
0
21061960138
1
0
1
0
0
17284844337
0
11960173341
12599139882
0
0
0
67
14
88267584
60110666
0
10
0
7011157020
9
7018937565
0
1
1343326334
0
85
4455931499
5390094870
1
1563823612
0
15
0
8445934029
0
6382176206
0
0
2753726542
0
0
0
12493957042
2
0
0
0
0
1
0
3
0
4
0
0
0
0
0
35
0
0
1
1
23814975
0
15
0
26
0
0
0
1
15482521237
7241785494
9
0
88
0
221
3
6837487988
14703446641
0
16862927739
0
13
1
22
39
0
1
0
0
0
0
4224098232
0
1
3
0
0
0
1
16
2144858031
17857896160
0
0
19
0
0
0
4089481517
11006987916
1
3
0
0
0
1
22
1
22879551
8176098370
0
0
5530281741
16
298183942
0
37296681
0
13755675892
17728783242
0
3
2069052841
0
11
0
7398673785
0
2242278312
573084967
6908479159
1
0
0
5344331825
0
0
11
46
0
6666214875
1
5818659723
1068646649
13232576826
15378466660
0
8
11
0
0
0
81
4
0
905233835
0
0
0
9
12201655102
18757720947
0
21
3140978552
0
1
0
0
6
0
144880079
0
17089631861
21773497048
3615458867
1
152389860
11965347093
3
3
1
0
50787572
0
8006668614
5216389133
0
0
0
81
0
0
7030892219
0
28
0
6
1662773445
0
0
2
0
0
0
7916590653
12286248373
6
1808009235
5448736964
0
13984721251
1
18878179700
17037145418
2
0
893121845
11301063130
3
1
3
11
20316525410
4400431198
1
21086157231
16127566384
14
0
0
37
0
9764187344
0
0
1627687183
1474322364
18
0
0
3
3
9
0
11080704987
0
0
10
8093962724
0
1995906965
10812427060
0
0
0
1496803250
15
8279218215
1
0
1414760062
0
1
0
0
0
3
6013101854
2282773625
6
1
14116745430
7648821050
0
1
0
0
0
0
831857571
0
3
14132523836
12037707010
81
1
0
0
0
3
13387684408
3
1
1
2
0
1
1
0
8515918665
1
0
0
0
2840726605
12350391795
14295200409
0
842205472
7046614779
0
0
0
7
391587861
0
15397126905
3
0
0
3
1
3
0
10
0
6
0
3
0
1
0
48
3313076400
0
1
2493149766
7228920684
3
31
21
5857154561
0
7
0
401580395
620260
0
3
0
6
0
6
1
7
506667325
0
0
2
1
13965367080
0
1
201
6
0
1
1
0
0
0
0
0
1
0
0
11
36
0
645182487
11975947861
0
12
18
0
17094948301
3434740564
1
0
1030896938
3
44832899
0
0
5555480915
10
731324845
4
2
8899352
0
1
3
32
139160022
7702112397
1328164068
473
0
0
0
0
13283102701
0
3
0
11
0
299252207
0
0
0
0
0
0
0
0
0
3
0
20
0
0
15
3
0
169741527
5572051348
8717462531
10
1
0
4347619225
0
0
0
3
6
4
0
289
0
0
5534011680
13090717363
0
0
1
0
9167340187
0
0
0
0
1
20127845351
13237610198
9
0
9950095980
0
15128337643
6
0
1
340
0
1164366238
0
4
62078753
0
20249714018
9
0
3
30
1
28
0
0
0
3450402843
1
10
0
0
0
1
5030100476
13204750258
0
0
0
0
10084783108
28
367
0
2663466545
5091308527
3
0
0
5212393781
518804521
18304885907
26
1
1
2664984063
0
0
2384671572
0
0
10231253558
0
0
4385420746
10623045861
0
0
0
1
128325048
21
3411101624
0
1
0
0
0
555097597
0
0
1134573419
8771714046
13
18805117351
0
179
0
1
0
3
0
0
56
0
0
12488488466
0
20295547928
0
0
0
0
0
3
0
0
19
33
19743789
0
7214009786
1
2
19556955313
0
26
1
4
79
0
0
0
807148195
0
0
8932954191
0
20921662662
0
1
0
0
0
1632641223
0
5290609029
0
0
658865741
9499870278
0
0
1
11
0
6810177
0
0
16208067682
25
0
21668656623
2013178
0
6878727423
0
0
16
7
28
1
3392232
3
15
1709043371
6
0
1759495015
10
92
3
14945783556
0
85
5
0
0
6751564684
1
6
9358653048
1
9
977381
0
3
97594887
18599089012
0
77
4006491629
1
2113780692
0
0
3
22
8422800935
0
4431578750
16308730577
1
0
0
0
0
2
17373666537
61
0
12099389804
38
7
11991959519
9226309299
7377171480
0
3
1
1099102592
85
0
6834680840
0
0
0
11
5594182
17855193352
0
3
57
0
0
9036313332
3896183173
641760545
0
84
0
1
3
0
28
0
1
0
0
8026014006
0
6
1
2
0
0
11207232509
0
12737155241
1
0
0
15
0
84
6146372476
6808581937
66
0
2232519752
0
5895093588
10
1
1
0
0
0
13
159868653
127851
4103858356
1
0
10009881416
7265358720
6
3
1
20919589736
8023604018
0
6410857213
956003611
1278600357
1
12
6241964986
0
0
0
0
17875572169
7250105202
6
6
0
1
0
0
1
6
0
0
127
10
17659527166
0
3
1
0
7
3
0
0
3
495895120
5206228790
30
0
0
0
0
0
0
0
23631306852
29
69
7627324219
0
2566715244
84318546
1184551
313413701
0
0
812428085
7340344154
12208348055
3
0
12245885708
5868635898
36
5634036379
21903132038
0
524466684
141
0
0
15
0
0
0
0
0
5
5
13961006837
7359805948
0
0
10745103664
24
11895276153
0
20
0
9283398832
0
0
6789668139
0
78
0
1796046279
0
0
11425870852
3325172701
787880739
18643769164
1
0
5
5
4235907091
0
1580093196
0
0
144
0
65
0
11
24
0
17485642752
20797601648
0
1917865920
6
3
3418278912
12024547767
0
1
0
3
0
11796332803
5372837193
1448301522
20681543268
1122520112
13839700190
1085581888
0
3
1
16610714002
0
1
0
725589324
0
0
0
6611731
0
0
0
0
1
2253223305
0
0
1
0
0
0
0
0
0
18042935514
4523605768
252291311
0
0
877399097
2
0
0
0
7
0
0
0
0
864031085
2189188174
10
0
0
58
0
0
1527864412
0
614592557
3
0
2366658326
23664238
0
0
4421554015
347881392
0
4
0
52
7522425548
0
0
0
0
0
18779117110
6737633349
0
19939748896
10
0
0
0
156314803
0
0
0
19671456818
0
0
0
0
1
0
0
2016230045
1
13927261017
0
0
0
0
10140134711
38
5030519372
0
10141404412
13066445947
3
1
1
0
0
1
15
0
45
56
0
0
19532237859
0
0
27
20668492544
0
0
1121028804
0
11397012899
0
0
0
0
0
19596659215
0
6456548961
85
0
50
7
3273446557
0
0
0
1
1
1022550297
0
16
0
467320499
37
812281062
0
0
0
0
0
3663091940
7593270472
6
1
0
0
8991935498
0
0
10
666276611
0
0
0
0
0
0
17355111277
416052029
6
3
2
1
0
3
0
0
0
0
16683267580
0
0
14636101834
6688329548
0
3
4222473223
0
0
3
213742197
1512808949
6
0
0
63326422
4
39632246
0
0
0
0
11202676559
0
0
0
3
0
0
0
3
0
0
1
3720357775
14189452617
4197089251
0
0
0
0
2672573770
0
0
28609466
0
0
7040695819
10
3
0
15
0
0
2
2916914568
4546800596
9604375962
4581304246
1
2160895792
2134845565
1
1915650903
15
0
12
22
0
0
24608569
5
18160546007
273922391
17320462628
3
18450633701
13574002980
0
646725260
28
0
19340484850
3
0
0
0
0
0
0
0
83
14798835159
1146716895
0
1
16566778128
6
19080344608
10
0
2023543975
1
0
11
6036327814
35985999
0
0
0
3
0
0
44
3
0
0
0
4092410217
0
5820543415
1
0
0
0
0
0
1
0
0
1
0
0
1
127
0
0
0
7381359536
0
9929628264
5521886224
2626652466
11656767170
19158510771
0
16582847558
9984611925
0
9
0
0
7
52
0
798242509
4397726673
0
30797451
2
27
0
18489759923
0
1401583561
11
9905263902
1614320274
1
0
5992624015
18
0
8154968863
5181587078
0
19852316052
1
3930995757
0
0
1
1
0
18
15425183478
0
36
0
3
0
0
1
436844436
0
3
0
3973478906
0
1
10405898012
0
135039678
1942263345
7074855455
0
5507123529
24
12453549655
0
3
17348819004
4
0
22104131480
0
1
0
0
2595159611
0
0
15
175473982
3
22424624754
0
4
0
0
0
1
0
0
0
6300805919
0
0
18
9989575933
0
2745456365
6373181624
11593163449
38
10885130652
0
3604405820
10
0
3
11491912390
12418786664
8305520379
44
0
3
9
0
36
16371034588
0
0
0
0
3
0
1
0
0
21
0
0
5185824908
26286299
11
0
0
17215438492
0
0
17736684268
741714126
5418578149
0
2860027183
21816592989
9672770341
2
10
0
0
20
1
0
18092900278
4150266534
4516746
460980970
14578446343
0
0
0
4
10
10634928536
9
13335789928
0
3
1
480966945
1464995186
11489283173
4
0
3
0
3
0
0
0
27
5
1
317
9227263831
0
110
1
207095706
8
8
7
90
26
6250888440
16450201687
352676419
6269736104
0
0
0
10
19844399287
0
1
0
48
6
3
19947762746
9444786581
1
49
19214993118
0
2
2986866011
0
70565601
0
1
540198209
1
0
5421574577
238454286
7753287720
0
0
10
0
0
0
0
41
0
11353611989
0
0
0
36
17412121364
1
0
0
2765056307
0
1
0
16895649723
3
3
3
14775779564
14802216549
0
0
0
0
0
0
11847644339
499965900
386610987
0
1
0
0
19785222603
0
0
0
1478695052
10775957737
8
1
0
18042151855
6
0
386
1
2455554370
0
0
12795592767
15
0
4058879816
0
0
0
0
1262674375
7
1
0
20747067585
1
1
0
0
6104425589
0
0
3
1
3
10570162052
2915975046
0
0
0
3
1
6
10
0
0
64
0
0
14058380389
58
1
0
0
4
0
253
9101239255
0
36
0
19070804927
1
11052439506
0
0
12849120929
0
0
0
0
0
0
3406158201
0
0
2
1
7224700169
0
0
0
0
0
9511523716
3
0
0
0
0
0
80
105
52
6168408589
0
1
3651511448
20340381937
2445078634
1
3
1
8339752329
11496331729
2427184229
0
11465262001
1
10
0
0
2119118736
0
7235775576
0
66
5514195446
0
3765803065
45
0
14220290748
1
19910331748
0
0
43
4337468076
0
0
0
0
0
0
16
5536087789
0
0
2
0
0
0
12
0
0
0
10764252592
1
1
2969695544
7479814663
0
6885653115
613628918
0
0
0
0
1880887293
0
1
112187084
0
12716809653
0
11612451848
0
15193142
94
2
4
0
0
21394212465
51
0
0
79175309
0
0
21
11405079311
8954171404
0
3390012145
1
7244985057
10
0
0
0
0
0
10251347071
98968790
0
0
0
0
1
0
2972876756
3884157651
10422501282
131640932
0
0
0
5066818406
0
0
0
12756309607
3361145197
0
0
3
0
0
14611172007
0
0
19454022463
0
0
59
2
0
3
2
0
0
0
584331118
0
10
8108912096
0
0
0
0
0
19956366336
22656949489
0
49
0
0
20321587943
0
11
0
6759667505
29
0
1
2508226009
10
35566900
0
1
0
0
56
0
14258589472
135
6702243116
0
0
0
9675369556
0
10
0
143419831
0
0
1
3
0
0
1
0
0
7512004806
5750400880
0
0
0
0
1
0
300312826
0
0
856838054
0
0
1
1
16638357943
0
3
0
0
1271724233
0
0
138993058
11841712759
3
2260486271
0
8241310819
281500897
3
21
9063412904
3
2
0
3879407255
8075933723
82
1
1941690613
0
68949046
0
0
0
3
3
0
0
21473383647
818920624
0
0
0
0
0
19817898147
11
15
3
7961126621
1
0
0
1
0
1
0
1
0
9276631067
0
36
6
0
17343863630
0
487323872
298069424
5
0
0
0
8285604431
0
0
781973366
0
22
0
1
17532342473
0
21573377190
0
13
2094535032
15
0
0
47
0
0
1
0
5
0
0
81
1
28
16576304280
0
8870460922
0
4
14295892817
1
7193570935
10
1
3
0
0
0
1
59
1777120576
0
6544623995
45
8
0
0
25
0
20911380208
0
7946115656
4
10
0
0
1950453904
0
919596269
23
0
6766731396
0
158197586
8220930656
14677358221
3455571091
0
0
0
0
10
0
0
0
0
1
9
1
2881697882
0
0
28
19847203847
1666298099
5823971505
2
0
2283869239
913677359
7600215753
0
1
38624923
0
0
0
0
0
38
1779731423
1230475259
5551095136
3
15
0
10
0
0
49
5624195523
9215462333
0
0
0
14742619555
0
173632183
21391150685
42
0
0
0
0
1334659419
0
20829998509
2
0
0
17698959918
0
2089541119
0
4
0
1726948015
0
34
0
7
0
525080020
7741004739
0
0
0
1
1
3373709590
0
0
9987218516
12
1736715701
5892371617
0
0
4
0
3
1
0
3
547939362
1
34
0
3
0
0
23485162923
86
787578667
14654193743
22061458904
0
14661584614
114586554
97
0
0
8525565213
14025285047
1
421259672
902382391
0
0
0
4935197216
0
7502878
3
41
11
13052721919
5
0
6082234731
0
17672727985
0
1
3
3
7
10384008569
3537956168
19624309292
281055810
3044960422
0
0
21
435
1
847100667
18
11283967335
0
1
1
1
0
10
70
6697147481
0
7394797509
9512693344
12075178907
6876880160
0
0
819497437
9556845998
4488357188
0
0
0
3645688838
0
1
1947793439
1
84
1
7629652230
5
0
28
3
0
10578330
22795532664
1
0
0
20748035422
0
762200323
0
4
77
0
700316618
16004672367
0
0
2493619273
0
1
5140792580
0
0
0
9748713687
0
1
3074366574
2653913462
0
0
0
6
4
0
2527717300
0
14360088883
0
0
3
8390672445
8440644645
16759678977
1
0
6
0
0
0
0
0
3
0
3
6
38
0
3562645846
0
858210764
4770654062
2
0
3
25
10
0
0
6
20
1764285174
6
4727463989
3
1
0
0
0
0
3
1
0
0
487075339
0
0
0
504247918
0
0
1
1
2
0
4
0
3314822974
691656321
0
0
12492691695
129
3
0
226709307
0
1
0
6
0
6205957938
5
0
1
0
0
15364033813
1
0
0
0
0
2380367826
2
55440320
0
0
23923277724
0
0
756866808
0
0
5166101996
0
0
0
3051054548
3
0
1
46922179
0
1
0
0
0
1
10
21
1243342706
0
0
0
0
0
0
3075201050
0
20
10882817443
18516322505
5869637648
0
419199039
12983181052
8237452411
7
4497868147
0
16233159771
514317135
0
639098859
0
0
0
1827310216
0
0
37
0
158423611
0
10413183043
0
8838285812
0
2
15946245450
5
2
0
0
11949173889
0
7620010092
7704432826
0
6
1
8305451817
0
0
0
8695310589
21937908111
13897802262
0
0
0
14374386733
0
1
8332947392
4
5409528965
0
0
9177210918
0
0
1
16
2119339598
16711201785
0
0
0
1
0
55
0
1113027748
26
11775128573
0
18
0
1
0
0
141
1537822500
13477596532
168
0
646590462
2072198684
7690392518
0
0
0
10
2
0
49
7755728745
0
0
6
199
311804486
49699848
11672497768
7
4885226663
0
0
6797932445
0
0
3
0
0
21
1
6476884908
1
15336551427
0
11383394442
0
8
4279370361
6227246927
3564162785
0
30
15350969921
193947310
0
0
0
3529496568
0
33
6
0
0
15214721388
0
0
1
36
20255175025
0
0
13887253599
1
0
0
1333648359
0
0
267360170
10
0
0
0
50933346
11918808827
0
15367898816
16
1
10
10
0
1007495564
0
0
448463755
1
13139963846
10757692690
21095042043
10744437053
0
3
0
9
0
126673959
16
7140230043
0
0
0
0
0
0
2576905080
0
3
0
0
0
0
0
2
0
9527616239
6
110
1
5224334519
1
7977498891
0
1555403695
1087145137
30
1
0
54
0
0
8327070376
0
3461471626
0
0
9462878931
18
0
0
0
0
3264668627
1
0
0
3105642918
0
5
11847272430
6
0
125459572
1
13141471717
0
0
15709692770
3
0
45
173087886
0
0
0
10942950
3164762218
11976409
2
10900993351
686885873
1
0
18034660661
2197821736
0
0
6207272959
0
10
1
5
0
0
9
8
0
1088757262
0
1231619546
0
0
18182967643
0
0
3
2
40
27
0
0
3
0
1
3
0
0
17389111980
28
3
16153952357
0
0
1
7
57
48
0
28
4654308633
327954034
0
157137295
0
0
14
14
0
1
3
0
0
0
0
0
7
13284973802
0
0
0
231811381
0
0
2
1
0
6202655567
0
0
0
0
11028895633
0
0
11486066719
187315065
0
0
4136341082
1
5
0
15
0
4571306138
0
0
5245624113
0
0
20493606711
0
0
1
2001977398
0
0
1
6319343684
2865213700
0
0
1
45
617191228
6
0
1
368117913
0
7
0
0
0
1
0
8477299442
871975927
0
6
1
0
6940868350
0
0
836461143
0
0
0
0
1
0
0
164
0
0
0
29
2446987749
2
0
3
5
0
0
1
0
0
0
6272590833
21
1
12
323244782
0
0
3
0
13034308208
21147579134
0
549343317
0
33
4525866500
0
0
245509482
0
3903679085
0
0
128795291
0
0
48
0
0
0
0
0
50680824
7782685150
900178752
10469975328
0
0
0
726805602
1686854448
0
0
0
1461698126
3
0
0
0
2
24
1
703920946
71
0
0
2025759294
6
10
109
12317438796
0
1281490240
0
6
436905830
0
0
0
7857896660
3
0
20004374981
21
6811808175
0
0
15
2855984980
0
213663408
18618237297
0
26
3723059679
0
73
0
0
0
0
1
1
0
3
0
17922415013
1
0
91
12072330211
0
0
3443965478
10
5301895705
3
0
0
10685666365
109181075
2269341583
3
2
0
3205501118
113842772
1
0
0
0
1188264371
0
6960571354
0
19
6
5
1605084098
309
0
13663648057
0
2406217188
14309247837
1
163102653
0
3141675361
0
3
7148565077
0
0
8970701876
0
670959130
19640115902
23
0
10
0
0
0
4
15
305
13720607543
6889453761
0
1
0
15134535968
0
12819064798
0
0
0
3
0
31
0
2722839725
10
3
683434
5
0
3373942534
8705784
1
0
16478672896
0
0
6741989130
13875318404
0
309724522
4
0
1
0
0
1
10607384448
7142710148
8661576808
4158715480
3040123990
1
0
604552656
15099600519
0
6475619131
677750994
45168517
0
10
9685399726
19491271144
38
0
0
0
46720297
182
378
10
1360848108
0
0
13233854560
2021074572
1
0
3765328596
20264037946
9903072
10142345528
5
387878632
0
1256717933
0
0
0
19494835107
1
6
1
0
21953713950
15364875614
11
0
3
15
0
1104405322
7310380142
0
0
12275816526
24
633905448
14
0
0
12
0
0
0
56
12275157183
0
975286871
0
0
0
1
24080667
0
0
55799650
6
29
0
2292821692
15
3
5149297799
34
2
0
19431953817
0
93860042
21
21087625449
12111553122
0
26
16
2929513443
0
541283337
0
12
5693083419
0
11
451902549
0
18
0
0
8103512168
13
0
0
4769423274
141798838
0
0
8033754608
0
0
281301528
1
0
0
2
13241710779
4
2282255109
0
13045263818
20845627774
26
10436259207
0
932551139
0
2
2118784551
0
10
3
1346833802
0
11
14808720013
4
3680363504
7829405826
0
0
0
165954728
381488564
0
0
0
3
16887205715
0
0
17985521892
0
0
19
0
0
0
0
0
0
0
0
0
0
2
1
0
0
15338090676
0
0
27
0
0
2
0
0
0
4
0
0
0
0
0
3
10
17677776691
2990979843
1
0
3
545166452
0
0
11533917112
1
0
6391732315
1
0
1
9349654005
1
5470533514
6916803783
10723
0
12
0
21
3
0
1
2220918884
2
36
320646906
0
6169996328
3
37
0
1756254374
673028836
13968372
10
1
4
8002318068
3
12
0
627476584
8694332827
1
0
5
12016203540
1
0
1557845106
0
15
0
11038636513
660687672
0
28
3495074
0
1678601805
1
3882478
20936620859
0
0
0
0
0
9721441572
6
2496484122
0
2
0
0
0
16699468048
0
6198781502
0
1
0
0
1
0
9708574527
2
0
743456978
0
1152281211
1
1032328149
0
1
0
302978182
0
16167035
0
0
1724593016
0
0
9
0
0
15
0
0
0
9412566348
0
0
10
0
1
0
0
0
0
55675872
3236968886
1
679934583
593630975
1
0
14315852333
10606156761
3
0
46434174
0
0
0
0
0
0
0
6
5585680489
3274218953
0
0
0
0
0
9428632593
19689740903
1
0
15
0
0
20928782422
706250779
1
5435052378
3
0
0
3
11
0
1
10
1
5
1
1
0
1103030192
3828952434
1
15
0
0
0
13719856171
2539385746
3589113445
2328277576
0
3
0
1720603295
58
0
0
1
5
4
15881305544
1
0
11666505722
1
1
35
8
6
15
0
4
0
3
0
6
0
0
0
76
0
6471296368
2
0
0
0
9645693375
0
0
1
0
0
15
129430653
0
0
0
49103480
0
0
0
0
1
0
455302701
1
1
0
16264225683
705495668
3
2
0
30
102682889
0
0
14145768501
0
0
7
0
81
120
27236448
1294750539
1
1
0
16338904001
9465796070
0
21732731001
15
0
3703042744
0
0
0
3995895426
0
8
5
31
0
0
1301710700
0
1
0
0
610982786
0
0
0
0
0
0
0
5
0
6
1
3
3
0
0
203872931
1
4
4
3562978208
8193668090
12557611117
0
0
678185275
0
9818208801
33747798
15702688470
47
11899867253
10769791553
8
1
0
0
0
18264264961
0
3
5538116001
241
38
6
0
2
11842570185
7
6540666183
639881144
36
15
0
1
0
3435984141
12729600157
1
0
0
2
16029483020
0
186
0
35
12783547981
21540706448
0
18261657669
0
4
1
1
0
1317543154
32
242888244
0
0
44122670
4982153543
11271069402
0
12020774623
28
4254570677
7
260
0
40
1140804109
1
553515495
0
462513291
4413627565
15191755529
8691614348
6157605605
1
1005135090
0
945156222
0
0
27
1534746455
0
10197646199
1
0
3217708544
0
0
0
0
0
0
0
0
0
0
5244930149
0
0
4574716064
0
0
12557946558
0
1
2964105347
642975281
0
0
0
191498996
0
3070646712
0
0
40
3
0
0
21954196266
6
5428453545
3
0
0
1747853823
0
51
0
44
3330815756
0
0
23542160941
28
3
0
10
0
0
9648150778
0
1
10425344417
15
3
0
4
0
12
9
15
45
5797489995
0
3
0
0
0
0
273085607
0
14
3
0
164322877
6406757129
19426838653
0
0
7
4635795094
0
0
0
0
3
0
0
0
60
17946463810
30
178
4214876062
0
1
18334730119
1
3
19523442311
1095811438
3430463100
0
14604178555
0
0
19787864264
0
147335899
0
3122591492
9264093985
0
2
878976544
0
0
6295916143
0
15672343821
6595086043
0
7230658558
0
0
0
14483687550
1
18434208754
0
8759508
0
3978312004
0
20765093420
191484169
0
5846501727
0
0
0
0
3048138947
0
3
0
6912806864
5
12524573865
0
0
0
1
41707295
0
1
16
3
0
0
14723096838
0
0
1
0
0
263781693
0
17181803778
23415282386
682383439
0
0
9308897972
283753100
1147656497
3
16472994523
3513827
1230767492
0
0
0
0
10539989157
1
16965918
14857963329
1380688033
18
20767419711
0
0
6
1
0
101
0
0
9076718902
33623017
0
17586672961
40147
4763614313
0
2985596078
19615876713
4
0
0
21
0
0
10021115071
0
66
17158392548
812703633
1634375303
0
0
0
5467175664
16818764761
11
0
0
0
0
0
693314378
0
7714375670
0
0
17
13647038015
0
2671637957
3
332841873
18268734137
1
14669334
6
0
0
1
0
12318918512
0
2
5
0
12920079502
1989939
3
20662460386
8311829405
0
0
0
0
7866107875
6
13891312428
8
21281815843
327347120
75311614
0
0
0
0
0
0
1
359185365
0
0
0
1962437873
0
19028242608
0
0
0
5315082405
3
0
19288712079
333940
8289030992
0
0
0
0
4703299062
3
0
1
5456621880
2350043462
106
1055459273
5
2434681892
0
0
0
21288895879
22811420
0
15645646212
19909769085
0
3837327079
0
1905935189
4718456332
7207755543
4404310648
0
0
1304887746
0
1258814293
24
14275667063
0
16
0
5954754541
6874566588
2
0
4
3
7
0
0
458643694
0
234311619
1
0
7800910355
16
8097504374
15935474763
863013420
0
19320705902
5444623024
0
0
0
41
7
1
12
4622475143
3
4575768634
3
0
20224194223
79044191
1
0
3
0
20811669847
0
0
0
7322069762
0
18
91
0
19592027405
4
3
2
6792148553
0
0
0
1
1
204397431
0
3085455505
0
0
1
8
0
0
0
3
0
21
17684392518
0
1
15409353417
0
14501599922
0
0
1987458748
0
0
0
13306946844
8710474
3
0
0
1
18084771863
0
0
0
0
1
0
6250278765
1
0
0
1416245493
0
4147607536
7203966133
914723242
0
6649493183
7
0
3
1546803202
11
3570662021
1
11197442790
0
21795975178
2880368413
0
1588519501
0
1
10
0
0
4
0
11
3
0
5058157630
2857286099
4624135252
124489467
1
6
0
0
44
0
0
4467572571
0
736240465
5321011220
12788802018
967524834
0
0
10499274960
0
0
3
14
7
0
1
0
15
0
15
22
11951487630
17487923365
180130416
0
0
20504615
8777270290
10
0
0
1
2284107477
0
5
1
4
0
3196405585
993582721
6
0
2
0
1
0
0
0
3
0
4
0
0
752534272
2071044659
0
0
0
0
0
915079534
20662349539
4
6
0
15
1
9299020715
16222244302
1916908432
16575945200
4806920057
0
0
0
1
0
8400342765
0
602110392
12144377753
0
0
0
6879334968
73089634
126696850
0
15
17362207086
0
0
18
0
16504334835
0
0
19897586420
13262700788
3
0
10175098306
0
0
0
0
4
4
3
18676091347
0
1
1302674608
0
1
783367457
4
0
0
0
80601229
22
5270806634
37
2
0
1
36
0
0
0
0
0
16
6
5983240071
3
0
0
0
0
0
17557508066
1
22708718709
0
4849877946
0
4646495551
0
0
1
0
9713628056
0
0
12
0
0
4
0
0
3
0
0
0
0
0
0
988872033
0
0
0
574156773
0
0
0
894656005
3114880366
0
3
4390754013
0
239301445
914708767
2140202350
137
0
0
0
9
0
0
0
21099145727
38
4831180267
0
19270065780
0
14569488830
1
0
3370658384
0
0
3
1
2986152460
0
3030025746
27
1
0
0
0
4810460630
1
24
0
13803710513
0
19623305480
14203300422
0
15
3
3
3686738
19971262016
0
0
1126597499
1223132985
17273651255
0
5
0
4239297942
0
0
7829563401
1
292974704
377554968
15104007845
14184483169
0
0
2
1
84
10
566619638
0
0
15
0
44749362
9674181286
4799125551
0
0
0
13085335965
0
0
7460186278
2372458314
4807774565
0
0
18767058817
2448151431
0
3
11975193021
1
0
10
0
17086003135
0
1
2
0
9
0
8564908975
0
0
0
0
12900901172
3597543007
5930694067
0
12896687237
119
8198081
0
10821338924
6
3086586964
0
6
0
0
13485159821
0
0
14127688365
0
1
4102364077
3
0
304444973
0
6487608651
6
0
27
0
0
14851297037
0
14791457336
15
15
9106024338
0
0
0
0
0
3
0
0
0
28
21
1443831814
2857214329
18186282524
0
93
0
4
0
17636661615
22
371700916
2206041615
1
0
0
0
0
10747362376
0
6
11147446139
10870001153
0
444820326
3
0
0
8
3
0
0
0
0
791680297
0
6
18339451435
0
450313975
22774028257
0
0
20960273255
0
4338148072
8371376458
3441880954
0
0
1
0
0
3
0
2260637456
1948450023
0
0
1
0
10271154965
1
21935142330
0
10
10
760332458
6
8
0
0
0
4
4
0
6308786659
1
0
7
0
1
0
6499914827
0
1
64620795
0
7441466267
18
99
3
8
1
6
0
276
0
7244439727
1959466566
6
1
0
0
19
0
11719190346
0
10670205817
0
10552864379
1
8267437169
0
1894232321
14377798
3
2414855109
0
3
10803674187
0
3522937515
0
0
0
18384667168
9827790344
15
0
0
3
0
0
0
14423933974
0
1
2072927375
3
0
0
183
0
62
0
9189879210
8478890301
0
15
8
6658068202
23729339
0
1
0
5670350875
13335423070
34
27
1
5590248956
7218598555
0
1511
836321047
0
1055538339
0
0
8626392343
3
3
0
0
3037861083
19227936454
9
59838973
0
12424155425
820753377
31
10
0
3
41950755
11406715314
25
8180084529
0
2
12874316247
0
0
0
19031816824
1
12840854845
0
29
1
0
0
10407117672
159
10453146217
3
9
110
2308675304
4
501898162
1
3835283945
0
14946812441
2
1
347338221
6728305911
369862259
575407792
17215028962
22007321358
1
0
0
2288416525
3
0
0
10
0
5239940091
38
13
2
0
2622686699
4
6
1609825972
46
1503810788
0
0
10693133151
0
29
3
0
3
2545175995
0
0
0
1
43
5410200382
0
0
9
6
0
0
6
0
95
78
0
13165665550
0
564300273
0
0
7442213977
4107582774
1122929524
20147957042
0
409335255
0
0
0
23630093538
0
0
10
0
5909574189
11
6
1
3429937718
1
0
1
1
0
10
10306260022
457140608
6
0
11670655228
7260437070
0
0
21280778485
3
0
0
0
0
0
10327123000
1
0
0
5871805930
232845781
981416843
8
53
0
10
10171162394
112933468
7
0
3
5
22291999459
678154436
6117751576
12735983359
0
127778207
4
15
3
1
33
0
15966421619
0
235
12522649125
0
0
0
16971861903
3
0
8111237141
982895531
31
0
7
0
0
17144383342
136064827
0
0
0
0
8
0
0
0
0
15119963557
49
507380308
0
208257898
28
7290102204
0
6719639071
31
0
0
0
0
0
1
4768251773
1
0
13
0
0
9
0
0
0
1
0
18191389138
11794364234
1
611782339
263267543
0
763370072
0
1320771575
11
17766872395
0
0
0
1
1
1
19114129775
2
0
0
15113400029
9740176360
0
0
6636135272
2
37012675
0
2
266975069
0
7
18289957010
4914093046
9751772731
6209039412
0
0
13574268390
22094515055
10
0
3
1
17
1
3
4657101521
2562088590
21658215689
0
20635338596
17
0
8
49776184
28
14049124484
49
0
4967883602
0
0
1
1159376221
0
175447202
48
1
13755838915
0
1
1107968366
0
0
4837547457
0
15
0
2562703859
13917214206
0
587327715
0
17266715748
0
0
0
567745509
2
0
3
0
0
1108955150
1
0
0
0
415300827
1
1
0
0
34
20556936806
3
6
10433722055
3
2758586580
19133239160
19
10
0
0
20928563466
8
436987968
22049200233
1667312686
0
10
0
12271290093
45
0
1
6852369790
12
1
0
0
0
0
0
19636929705
3
21882080548
1
1
0
1
22872718798
1
15054285144
1
7207083801
1
0
6
12726940690
0
1
60799758
0
6
10385862623
0
0
338833955
0
1
5271200832
0
15139444699
0
2
0
8
1
0
0
42264138
3
0
0
13222436448
4436531187
1
0
3
0
0
23
19673511946
0
45
0
1
7
12403176152
500120958
1341041445
1
2673469363
0
0
2283578558
72146251
3
369098764
1
2630384915
0
0
0
0
0
1
52
18662988483
0
0
13177809
1
0
1
0
0
0
0
17328051698
3
3
43
2212816871
4556694105
0
1
0
2
0
0
16
0
0
0
9
11764204376
0
0
0
6
10
343691827
25
0
8372550209
2664103892
17
15
0
3187351990
0
21
0
16724372172
0
7576551836
20
895382459
4331819037
0
0
0
0
0
1
6
842269540
0
1
2385311931
19
4
0
0
0
0
0
0
0
49
19891360493
0
0
14933965950
0
0
415791682
0
36
4079062252
1
1
3
0
1
9978294214
6090514
0
0
16030037872
0
0
12271694419
21
3472800643
39
0
6
12405848752
0
0
0
3
0
1063427395
13174432797
0
4
3432771286
0
0
0
50654294
5
0
48
0
20719400933
0
0
0
0
10531754576
0
13705980511
0
1
21429418951
19
0
0
5825336599
1
8
15
1876850376
16
0
21817562994
444290508
8097029770
3410639774
6595524792
0
0
3109678010
1
0
7
0
620063786
0
60
0
13869459688
86
11
0
0
179500367
156158116
0
5
0
3640258464
10139621156
3183264735
0
0
3
0
0
0
5873397965
0
4120422821
1
11
0
1
40
55
0
6
0
4720505273
0
11283336418
6
0
0
0
0
10
0
0
0
0
6
0
0
5
0
18009991
28
0
0
1
0
3
0
0
0
3
0
10
10
1
0
14
1727058517
13211277147
77440202
11060259077
0
0
8014558718
0
0
17943669394
0
0
6
3
0
3781795253
1
0
0
0
20662418026
7443856401
14261516016
0
30
1
5136534450
9
0
0
11577213819
19788161128
17
1
0
3
0
0
3069352919
6657591029
0
8817589238
9954387653
10
18042892874
18
0
27
0
6073957371
1
0
3768081067
1184551793
21
569683998
13405847794
29
3
13595277797
5
0
16166707198
1
21677946666
880690940
1
0
0
1
3061555258
0
16915448883
0
0
0
0
0
0
4880008513
0
25
0
130297809
0
21704088893
6
0
0
823910412
0
0
28
1
10837962
17234161738
0
0
0
0
1
0
6
0
10
0
15238114173
4379136340
2508165910
0
0
0
8699490617
0
74
0
0
0
21
3329864990
0
18840574346
0
371688982
4535722452
0
0
0
1916580719
0
0
0
1
0
7
1
6
16232671875
74776384
2645234090
9229201751
2293390763
0
5
0
8080215309
1
0
21
2
185006769
0
0
3
0
0
9040326770
0
1
12152270419
21
5933319722
84
0
14611942013
10
11
0
3
0
4329981671
1
0
0
0
31
0
0
0
484069218
0
10
0
9351606727
4
0
201
0
0
108
19584468806
0
19713952841
0
0
50
7649652562
8328508457
12
4
43190022
1006304076
1270328338
4035876592
1
0
17355988581
18201961695
1
21
0
0
921403029
4
4385653892
0
328215776
0
0
0
3
14654640041
18
0
1
2391148
10
0
3
7858343368
0
315917568
10
19936659021
12393837531
0
0
9
22771650947
629856041
0
6605483563
0
3
0
1
0
1108743695
0
9164696725
10
0
0
0
11181175890
0
913867628
0
3
1456047108
0
0
3438161680
3021523806
18898106044
0
13
0
1
0
2
0
1
2075462257
20502743210
14704613426
0
29883077
24
9785515306
0
0
6369597
1368812981
20138267466
10
4327155664
0
20903106046
0
1
11455783129
3
1
0
0
3522532636
0
3
0
0
16197542750
0
340537049
3491400797
0
0
30
0
1383201085
0
0
0
19357180300
120537168
0
14563258814
0
6026792425
4
2085351139
0
0
14551785671
0
0
0
490812624
5502002
0
10
10
0
10524187970
0
0
0
0
0
0
15427277562
3
194175425
0
0
0
8166958244
8479162042
4904596298
3
0
0
15612487394
0
3
1509812544
0
0
0
0
0
0
0
0
2
0
0
1
0
1492396546
6
13711684449
0
0
0
75
8873383
0
29
9382116128
48
2
8682622264
0
0
1
0
4633244283
0
12738291577
14622362232
21835102189
5
41
1534269691
0
16
0
3
3131769677
0
1
0
0
317007639
769731638
1
0
18
2
1
3
7
0
0
8132264690
0
21317411623
0
25
1
3
19012750296
0
0
0
1075034938
24
21922179492
10
14279493968
7698900119
121
0
1
15
3773060632
18
10770661162
1
57
0
0
0
0
39
7360586535
0
0
0
3
354779236
7
0
36337976
247152
0
0
0
21
2308557420
0
0
0
3811765832
11377772473
16947107722
1674444372
0
3
1
1
0
5168959603
0
10
0
0
0
6407104194
0
38
4
524811838
0
1813325
0
0
3584540584
0
2
19549481
0
0
0
37
17918940208
0
0
5587593288
0
0
4883730073
0
1938721631
6908332608
10
0
8
3407756965
3
0
1619341907
0
19374534263
0
0
19517349155
0
441469136
14
1
0
816399530
0
218207232
0
30
0
5260379166
1
1
0
16537474637
0
0
0
1281880107
0
2487869075
12892700990
6371843531
4092450464
484342359
19755265949
4759708404
0
0
0
0
0
39
15367155868
0
0
13034619386
0
0
0
1
3
5908502505
1
0
13287711365
1
0
1
0
2
12744335056
1
0
0
0
274260484
203005838
0
0
6
3
4962616951
0
12115339214
10
0
0
0
0
5744054617
21866489547
0
9907728506
20718521254
6427940294
18563297348
1
9929340464
0
0
9267141516
11312545600
55294763
21526694211
0
0
0
0
36
0
7889324899
1
0
194285732
675943338
1
0
0
0
0
11
3
1922611
23654318835
10
0
145160827
0
4125415182
5113100567
0
4177896217
0
12582414623
11373652026
0
2
912850277
0
0
0
0
0
0
0
1
5596809261
0
1
0
6223321431
18546952644
0
17618092448
2829053552
8
1
456
0
0
10
6196249124
0
102637585
841381285
15974452279
6
0
0
0
0
9780126455
0
10195361492
0
0
0
0
104529567
0
625721040
6144567777
6
0
8
0
0
9278144055
2
365344283
0
0
4
0
62654165
1
0
0
7
0
1
3074938179
1
30327814
0
0
8587009013
470734163
1
2
18
157079261
0
10
6752438540
0
45
0
4785609570
9
6782435
670365404
23
0
3184151171
0
0
12940987529
0
1
6479758380
0
0
0
6
0
0
12446410896
176
3073359177
8962116284
3
1
17
0
52
11
26
1
0
1
0
14901587287
1206715129
9
1
3
19144565836
0
2655015912
0
20735273777
3
0
0
9061046472
0
0
2
0
0
0
10531954621
3
19276148923
225600501
5963580365
0
2672388489
21
0
25147269
7370918510
0
0
7722691442
1022914629
369720933
89
121
0
4768963253
0
3
0
0
0
3
36
1641396184
0
0
350463966
3
0
11552912861
0
0
0
0
12
0
4211738522
16410794700
0
5544224376
3209020867
6
15
27
49
0
0
0
0
0
0
13918024478
9699099414
0
0
778396017
0
1
0
0
12240122950
0
3
0
399171882
3
0
3
16977873281
0
2750025922
2894790391
0
0
25
0
217
3111931361
1
1
8933843746
0
14692065941
0
20
1485834754
0
13037299644
4010373929
2
10
0
9
0
60
0
0
1
0
1
0
545792825
11
162
11
1
19139846
1
0
0
2364114262
2
0
83
22663347400
0
30530031
50
1
0
6368491554
0
2
0
8454830471
6
0
0
746084751
0
0
2302771260
19
0
0
56
0
2896113006
0
4447098357
10
6315726049
16386668896
616037194
0
1
2
7
137
22
10765446969
3890577091
0
0
2
0
0
4
0
0
15681943802
88
90
9197205288
0
113933953
6687632074
0
280
382728502
0
0
2
389640161
0
15697499544
3
0
3410559631
84
7
1
0
0
2
2956069831
2087241654
4359273907
7
0
0
28
0
9236742764
66
0
0
0
15
6
1
0
0
22
15363643324
3
0
5039450367
0
0
0
0
0
7
0
29
21173959541
7641662118
64
387932131
3
17227877141
0
2889352315
880792055
0
40
0
0
402006231
0
15
0
4284188885
5
350428647
0
10
0
0
3
0
5555199954
0
16495191354
0
19216367866
1
9315090987
0
158711649
0
0
1
0
6
0
337532
2544189387
3
0
823745442
0
9
0
3
15140057952
0
16730830836
0
0
1
1
0
0
0
12678970676
0
0
1
0
11761247395
7
22410961395
17421416884
0
0
0
4
0
1656075994
3
0
0
0
24206147147
0
1902185862
0
1
36
0
0
19519539195
0
1101778325
554601540
0
39
34
22613442848
0
0
0
23230071775
0
0
0
7819517832
17068322634
0
22
1
48
3
0
1218872754
3
13297021791
21474756712
0
15176482872
1
0
0
0
6059508994
0
3531029603
0
1
1
5299432733
39
0
8632933577
104890706
0
4373214782
7
8191353062
3
0
0
0
10155081037
14719620624
0
1
0
0
16924292797
0
0
3
8035982727
4195109806
0
0
0
8686303791
165867710
10
6696043535
0
0
0
1
367098658
9
13505098477
0
0
0
0
0
110444146
3996469374
0
0
0
0
0
1
0
0
0
3
39
4792782890
0
6238245405
1715855318
0
0
0
24
1
0
0
0
0
8839397361
0
3884970351
644658233
1
84851425
9239620740
1
2
0
0
31
1
0
0
1
3196538292
12465089790
0
0
0
0
12576394334
0
0
3
3
15
0
0
0
0
7562663214
0
0
0
0
2
3
0
0
0
1
1
0
15
1566459974
0
0
174
16916349090
65
0
1261217410
10
0
0
0
0
3
24
0
0
12143346425
0
66
0
7151634256
1747318067
0
0
3
0
18811489173
0
0
0
982284014
0
0
0
14251510734
5335235505
534208119
0
0
22
0
20144004667
2025884750
381662691
1920710680
1
4
2107655798
0
0
0
0
15179989743
14849807655
4681175215
425225357
0
36
0
0
0
0
0
0
291552619
12361067732
0
316124613
0
613049183
1757541520
7
0
0
0
6627181115
17075347687
0
28
0
0
0
3
1
0
0
0
0
0
9879102940
1
0
0
0
0
103943214
16
12125925652
2
6
4269173400
0
10
0
21402035577
0
1
0
17693297075
3
82
22878340625
0
1
0
14153200808
0
4
8556605534
0
10663274979
4
18
0
0
0
4
0
0
8039952660
1532134455
2165644849
0
0
0
21289001944
0
15730703483
0
119
1
0
0
71995270
0
0
0
0
7988758777
0
0
0
0
0
0
4
10329218595
0
4717899987
0
0
7086423537
0
0
0
0
0
5838714882
234
3671069237
0
608030046
0
14891482372
0
240385206
0
17165835865
0
0
0
0
0
0
0
7236610015
0
1
3
1
6194736994
1
36
1
0
716159888
3
15785053087
6
8536631783
0
3013572585
0
0
0
0
6967991622
0
7
0
984164684
0
0
19953094691
3
3949943131
0
0
1
1
0
0
11664510116
0
0
0
158798705
5740978354
0
0
3669963706
0
0
0
3
0
2
15
0
17
0
0
994008959
0
18240657545
7172663936
2
6
0
0
3003358047
5
3
3
5740730684
7497345057
0
0
0
0
0
0
1
0
0
1
1
0
28
0
6
0
0
1516434670
3
6
1
6227737567
9
0
0
0
0
0
0
0
37
0
13895128564
9
0
11
11886922293
18431514713
9052046778
19220972274
14116154842
2329922421
45
4
1237961388
0
0
0
0
0
0
10
27605197
0
18168510657
0
2
24033977031
0
2
0
0
1
0
0
0
1
5614845786
110556081
21386313574
0
0
0
9499057791
0
11336234782
3024847274
12
7516307739
17044289230
0
28
491862138
7743124687
0
0
1
32913422
8946521084
13
0
0
914450103
23
0
3226947509
0
0
0
987645680
576948874
6
0
1812418428
2
0
0
1
0
5
12962672289
0
0
2154145166
0
12657966305
1
0
10
1633969190
6
1
9680638418
1
6
1
0
3
0
0
11689635835
43
12665171910
0
16515363196
3554711103
10735174532
0
1
0
0
0
0
56
2
18373860626
0
0
0
1
2
15568685263
43
7210912
12800462373
0
1890125887
0
10
0
0
1
15
0
0
0
1
10250160533
0
21
10038803477
0
3679750071
10
0
0
551691066
0
0
7943964606
0
170976051
2132724613
0
0
16589954113
0
0
149994006
13499600246
0
7
0
0
28
4060469017
3
693694434
83596396
1
23319905349
3
3
16541189384
0
0
92
1
0
0
1
0
0
0
3
7
1
0
0
11944272640
0
7
8693160553
15
399047060
2539219707
13630862051
16529217940
0
0
10
0
0
0
0
2569177756
0
20812801598
0
13
4
1
0
548845361
0
0
1
4
0
3364453200
0
0
20
1439478640
0
3912247615
0
8041790795
9154499074
3
0
0
0
0
0
274951184
3143697449
7
0
2814319240
0
0
11817991321
0
1
20532211935
10757957004
0
3
1203012658
14736375078
119
1
1
1
0
0
0
1
18848666956
2
4915033469
18466753628
6
0
18452397417
0
1594831997
108509554
0
223316592
3685969899
0
0
69
1
23923982559
0
1
0
0
0
0
0
6
2960474816
0
0
101187800
6
455085273
4
0
29
0
8
8366358012
1
0
29
9
512327060
194031865
4786930358
0
0
1
0
0
3
9
13888498055
0
1
0
18401645001
0
5819175261
0
1
1177677830
0
4
0
0
0
0
0
62919625
0
0
96068023
1882270949
0
13356125305
0
20618152470
1
927770584
10044747866
3840406345
0
0
3964357459
6
11827852663
20686979776
21009767664
5
0
0
1
0
0
0
1
12444471846
0
276680563
57
16007093464
8620160707
0
0
0
0
0
4924023205
10
0
0
650829595
0
11740037804
3
0
3
0
1906280875
75741841
177784135
0
2144137239
3
0
0
2701327242
0
1
5
6984289725
0
0
1849039310
0
0
0
0
0
0
15101836758
3792091187
4770659012
4
1083553364
0
3
7349935114
17846295594
17774501350
0
3
6
0
1
0
720347695
18787043685
1
14377867324
0
9
1
3
0
6311977752
3230253422
0
1
1
0
10
10144708501
0
0
28
99161467
0
1
0
6
0
14992654982
0
51
7835125488
0
0
1168274434
0
6
24036255214
13
0
3
15
0
0
3
0
10
0
0
0
0
1
3818836769
7918039272
3
128475814
5120305325
3494146156
0
0
0
0
1
1
3
0
6115288892
3134370110
0
894071088
0
1
10541276011
0
0
305152640
0
0
7
4144158190
24
3
524975344
0
1069838447
3
0
73
0
14712241028
1
3
0
0
20791790198
20467620303
114
94261564
3822568666
1195750582
0
4
1
1
0
5939366124
0
15043380620
13830430378
3
3440478081
0
0
17136808610
33
0
4541813133
1
8
2518733200
18
493197555
1
17057592247
810286603
6
0
0
0
16922075328
22011297901
4597283048
0
22
0
14
0
4670277532
3
2
0
0
3
0
0
330265419
4
0
1058788410
0
12568626287
8620179548
0
32
0
0
2010174195
4619123249
0
0
3
30
0
7445617050
4
0
0
19264646906
0
4
0
61214349
0
0
0
10548618107
0
23153208373
0
6
0
0
0
0
0
1550234513
979404728
0
23989432405
0
901582577
0
19328215125
0
0
8447519779
10
0
2
10264861592
3
9
0
1
0
1
0
1
900372930
145
0
0
0
1
0
19205920164
10447703844
1
1
4
0
36
0
3
3663310
0
0
25
31
3
447
0
1461137949
4226159397
0
709564721
0
82
0
0
0
7824400595
0
379234164
67330187
0
1
6
1
0
0
7172381679
0
0
365147242
8178424349
1204478872
15840834861
11146750820
0
0
0
1
5737218223
0
15
6
0
0
4
13859695156
126
0
2
0
1748014267
0
2
0
7534218291
6456831555
2721819348
92
2
3
2210984585
258280572
0
0
674257315
6087361204
0
0
0
1
18433744252
171588293
7214747720
0
0
0
0
1
0
1
0
11995892758
4450429027
7152809387
45
136
0
3
0
50
0
3
1487052438
9058923092
1021520247
50
0
3
14453936470
3050184815
1
1249043527
4
0
1
70
7314793546
0
0
7733081704
1
1
0
0
0
17200059476
232
0
646204975
8
343544413
14118000050
3666226698
1628301376
94
0
0
9779087970
0
0
0
90794656
5
13967696553
3
1
0
1148837826
3
18894771040
1
1
1067724378
48
0
19237138956
1
0
0
1060750321
3207800859
0
8
6209720119
1
0
5
0
0
0
0
0
0
11215771124
0
2810183
15
0
0
0
49
0
1
1219616788
10217870357
3
0
4016991754
4108703340
0
14
21750789
0
2582834424
0
0
0
190402822
2777370511
3
0
1
0
0
31
1
1951398622
137
4
0
316022529
288
9041488179
1
0
2852591696
1
1
0
9
0
0
2575415748
3465698950
1
0
0
8430419651
0
0
0
1
0
6504271510
0
0
0
1
21015850966
0
1
1
0
46
0
0
22
1
11249184842
0
1
0
3
0
38334
820545168
1016189073
1196618950
0
0
0
0
16888887030
0
0
107
4256759087
0
0
2356603078
2818168117
5526498693
3
2
10599595100
2
0
0
6617067543
0
0
12
756979378
0
3
0
1
9
47
0
8880217773
17506381693
5071425657
1
49
20
2144122153
0
10
0
1
0
1
958448070
0
1033848811
0
0
0
0
431896467
0
0
0
0
9881687041
1877474035
0
1
0
6580194263
1
0
8271588257
47
0
691416439
0
0
198477785
10513264056
0
14833966344
1
7624674453
4
0
14807213315
0
1095142490
0
13612440
9772138784
2
1
9993713834
0
2657966742
0
12
0
0
11
0
46
3
1091258101
0
7
29
233596651
0
0
887075990
12142648777
0
2
0
13532951642
15770461766
14029828864
18612238299
0
0
0
21
180
3
9707346318
0
123
123532182
0
5
14582575325
4
0
3
1
0
14039428745
6427054224
48
0
22904378493
22
21934953133
0
1451582225
676557683
1639218276
8384
0
0
2
0
0
0
0
1
3
4090488741
22005474501
17666510958
0
1
10
1
0
0
0
4061011063
1
0
311553356
1
15
0
2
0
0
1119802292
1
120
0
2
1
472199361
18824585784
4
0
0
16915115537
1313224086
4429011955
0
0
0
0
0
0
1
0
0
0
1
7661320157
0
0
17211780479
4
0
0
0
3394075622
1
5927561446
6
451494476
0
0
0
0
1
0
0
11511693490
1974833491
0
5
0
0
9
15
1
1
0
0
25
0
9808997310
0
1
0
0
4
0
0
2
0
0
1
3
2042080941
218214915
1
0
0
0
7
0
38
0
0
2736447521
0
0
0
1
0
1
11
3
3
5
0
0
5244618082
0
28
6
1
23
0
0
504583653
3
0
16244727896
10
13859610398
0
0
1
3
0
0
0
20561626427
0
14863588666
2008491326
1
0
0
0
3001791259
1
19935269465
0
0
31
0
0
4509110181
1
7297438099
0
0
0
0
1
0
3
0
0
13
1
0
0
0
0
16
0
2
0
0
6554590576
20273640895
0
1
130089215
1
0
14300603515
0
0
2269649411
18
101
0
20611134394
10
0
11661537103
0
17077323692
1086048515
0
38512399
170
0
8
21
5
3
0
0
0
15
3
1
85870774
270201393
0
93
1
0
16
0
0
0
3
10
0
14280709306
0
8604896276
478593818
11805144375
5
6
21395282124
21817286731
0
0
2
1
0
0
2479357712
0
11971541650
0
0
0
1
0
376160329
0
0
3
3161601274
12303801978
1
0
2
4
1
2153067809
1410338678
22
1608529047
0
21
4182785341
92861916
12
2
0
14
67
52
0
558617403
19122966
7
3
3
15413998607
0
12529276443
38768607
0
32
0
9
0
58
0
0
0
3367464465
0
1
0
11531649599
10
0
0
10
0
1
0
1496857033
0
1037766661
118827119
0
0
0
24
0
1
6682375442
760468012
0
11538686384
1
1
1
12347929
1
3507227571
4751796317
1441631766
8655649982
11729381356
93
78
0
4322992383
0
15
0
0
0
0
1
11
9286172807
0
1
12311523041
2
0
22362490569
6890872053
400366185
9
1
11
17164648564
0
536595873
4
0
30
1
0
0
0
6
1
0
1
0
1897904462
0
0
12
6
0
7
3889167114
0
4
6776002812
0
2
15
0
77297092
16587503026
0
9
0
0
0
0
1084019587
4814484744
0
17914352016
0
1
16293225962
2794033444
0
9
18681254409
6502876884
12545984325
4850834303
0
39
1
0
0
4
1
0
0
0
0
1
6
0
0
0
0
1
1329341799
0
0
4
755480121
1924248308
0
0
320961617
0
0
0
1600223821
19764175215
3
3
7858529179
17
0
6636471528
12375939596
10
0
0
0
0
26
17255118812
0
0
0
0
0
0
2433663
1948871512
905729241
1
0
12949416870
1
0
0
0
51439217
2299331807
17456080460
0
16867963866
11470323926
89
0
0
0
8173762546
3
3
6
0
586888451
0
26
0
202574108
0
0
0
0
1
7940508197
206
4074837575
5
0
0
2222870378
12620665305
6519667815
0
10
0
7
1
808280133
0
0
0
0
10
0
0
0
0
554973043
5
0
0
0
26
102501816
0
0
0
0
10
1
0
0
0
47
22
20239775323
4163833809
3822383230
0
0
5
0
2021128099
6
0
0
0
0
0
0
19866307598
12713738981
0
3
0
0
0
16985711178
6
2
0
2191254556
3019804586
0
0
1
3
21
13549739536
147939799
16830783184
1
0
0
0
0
0
0
0
7
1
39830878
27
0
0
0
0
0
82
0
0
4040023694
1
0
12967999103
0
0
0
0
1
6
105
0
0
20126327544
10
36
0
0
0
0
46
0
14258451464
0
3
574412853
0
0
6
10
0
3
6
19
0
1111958480
5018468749
3
1
10331630670
0
432808990
0
0
0
0
0
0
0
0
0
649393362
1
2
16354360541
17131368037
2463363276
1
0
0
0
0
0
0
0
0
16
0
16266330530
839746729
1
7479883727
20100582243
0
15769300180
0
0
4569397961
0
0
0
19614164576
0
0
13323015775
12051998246
0
0
0
0
0
1
6589387712
0
276263940
95
0
0
0
0
8298809198
0
222125404
1
9768901352
0
10984561608
0
0
0
9160147135
0
10
0
0
457702952
2181884430
0
13387267715
0
83
0
9687896547
660943131
10
48
28
0
2951782718
0
0
2304384025
11814949781
1726061325
21336552224
3
0
0
0
16384679482
18861248660
21
1
0
15059395464
0
0
1
1
1
5699929818
0
0
0
670770954
0
0
0
10
0
58440281
18
0
6980811445
20190920546
1
11840096788
10570125878
0
17437034735
0
0
162
0
0
593519292
1036372069
0
1
0
15197170778
7847197748
0
1
0
9
3596261639
1
4978090145
0
0
0
0
0
0
39
223
0
22020521513
0
2929461212
1
0
0
0
1
0
0
663434506
2448668454
0
3
12
12182813566
0
10
0
148
5345006439
14256201943
0
0
3
15200268068
6292715207
0
134
15
0
25
13161145721
0
427428872
1
4
0
13677984771
0
3142572955
10
0
0
888733541
0
1976080798
0
0
0
2
1
1
0
1
26
5
0
3
0
0
0
0
157
2906830089
0
1
5
6
0
0
1
46
0
11
0
17066097303
0
0
13488643024
1
15
0
0
19993787064
0
15024974459
0
5
1
0
4266880375
3
0
0
5
1
0
2471104749
90
3
0
0
0
1009853180
0
0
0
17
0
0
0
2
1
1
0
0
6
12819529986
24
5
17
0
4890696559
18789417946
30
5264133101
7151934417
6584613902
4390388213
8420940341
0
6
1
0
5045650181
0
5346083215
1485830796
248651982
0
0
3
0
0
0
20872567237
19175313143
0
897074923
2715123872
0
0
1
0
0
19
661274995
0
0
8
0
0
3
0
0
0
1
9
65025935
0
13
15707089009
51
0
0
1
0
0
2
0
16
0
20086515706
0
0
0
0
0
0
1
0
0
16712796233
616
0
93
0
14
4295504335
0
0
0
0
0
0
19
3
7629735409
0
3
0
717391494
1
0
0
0
6
3403125821
0
0
0
13367720199
1
0
19903153542
6995570072
2468650838
1151710232
66
3446118282
14758059398
0
401428235
0
493643830
0
1564929258
0
0
0
0
0
0
0
17492709623
0
740025254
0
0
3
3
20966127
146618412
19348673987
5614404739
9
0
0
0
22713303403
0
0
10
0
21085501052
3
18
84
533180066
1
0
0
8870974773
0
5445425649
0
9
1342745503
1624697486
0
13
3
1059252753
0
4773564540
17123510370
72268058
9409807622
0
0
4
87
0
1
1
15386794344
10636374890
1
1
0
99
3
0
0
0
0
17
13414103045
586654717
1
0
0
0
1147
15
10611364511
0
0
3
0
0
324788754
9
8746764066
11
14
1
0
1
76
14182921827
6
6
0
1
0
17
6
11920023238
0
0
20115345566
0
0
1
35034630
0
0
1
0
1
0
0
106
0
6912187734
3
0
0
5935738958
7
8230153736
16080952320
3
0
0
0
9538711242
41
18670187039
0
3
0
6396620963
19148095374
6927820849
12750754967
0
10875811132
5537584645
28
3982200527
0
3
3295067171
5583671377
0
0
0
0
0
1
1
4609742722
18
0
0
6
12434114296
3156835776
14830927130
13595635614
2
11057836872
0
3368934925
0
0
20234745916
7684825439
0
34
9586584330
9519570461
3
5220806019
48
80
0
0
1463094946
0
0
0
28
6
0
3
3
1
7866641
0
0
0
0
2
0
1758397319
1
830668
19
0
0
15
1
0
126489898
16596575683
3
1
0
0
0
0
26
0
0
0
0
3
10
15260284874
0
0
22963865201
799738548
8267415195
0
0
0
10275764072
0
6
0
531578963
6351585058
0
0
0
1
6924610563
0
0
3
45
0
1
3
0
0
0
20565243784
9
2806932394
0
6
0
0
0
0
22535290355
0
9
6
175587379
0
3
22124763295
7942503186
5
0
0
7504675714
0
18087494816
0
0
15026010659
0
8870412732
0
605029392
230324675
6481593811
0
1302530147
9843326645
20726545
22002433713
0
0
0
3
0
2
1
1
0
0
6686338423
0
5
1082462352
970117622
0
10
0
0
0
1778075157
0
28
0
0
0
0
0
0
0
3846433479
3881134361
0
6
992214598
3
0
0
28798491
6
19
0
1489052781
16444526552
0
0
5189718485
36
55
1
121
7927797628
0
0
0
6
15071366563
7400801996
59
6299657567
0
0
4048219114
4
5070512688
3
1
4994886090
0
0
1
7833607341
10
0
6
14375984226
13874330269
0
0
1612994588
22
0
100
0
1872930326
62
0
17275654783
0
1307597854
95
14258377463
13754246651
0
0
0
0
1
5261638827
3642998301
29
0
1
62251206
60550
19894048876
2447080021
20198968885
8440665161
0
0
12
0
0
1
0
17435693370
19922198589
8
3
30
0
1
9
0
5209193561
0
0
3772958840
0
0
0
10481287829
493324102
29
357026375
0
0
0
0
0
15772612781
3566931786
1
4716874098
0
0
6
0
2689458606
98567886
0
8
12493753044
0
10
17767027121
18561040336
3547561375
0
0
10764551289
0
1
0
509210336
68320439
1
0
176340090
3
0
22178707176
6484202789
8548993786
0
146431652
4
0
0
0
0
0
6
0
0
7
18932354010
2858653132
37
1
3
1
13312393730
1
0
0
9
0
168805650
1987454006
0
0
0
2
1
0
22
10
4870182062
1483946084
0
0
1
0
21
0
844284522
0
15534287915
4040141965
10
0
0
0
15
0
0
1621790322
0
0
18091914381
7
3863309285
0
10955292902
0
4058996337
76
0
8060074545
17346957854
36
0
2708425394
3
29
0
33
0
0
0
12916585957
1866712951
11745908309
20807867067
3813657873
192122772
1890798007
10
0
17
178118866
20728409077
0
0
135959646
0
0
2519872001
0
1
23
0
0
25
1
7738442002
3
1
13
2356294051
3
0
0
153
8853025128
21
0
15
0
13528677673
1
0
0
1
0
38
7821639960
0
3
66
57
73
0
2
4725800350
0
3
0
0
0
12990383495
0
771833935
9372711694
0
12
7
0
0
2327842
1519295815
0
15735440082
1
10
3
15540808025
0
0
3
334976087
1190549719
0
11
5
7998456547
48500565
0
0
7881889404
5505286260
0
5662134284
0
0
0
66
0
0
1
0
0
7027361979
17
0
1
7553124831
0
50
8629618985
0
22424965402
8162173657
0
9503620133
1
1
18031682181
20
1
3
15356737629
0
519030928
0
0
11134981803
15
0
15
0
11078828641
0
2603889161
3
0
14
0
41
2309745896
75
1213077603
150471588
347432806
3
0
0
0
2
849073
16
0
12
13
0
24
1
1071675405
329596071
10361516621
12
3
1
0
0
0
24
3
1050588732
1
0
0
0
376423075
16625162448
0
0
0
9816925630
0
5141663274
3524335482
0
0
0
15
0
15930032193
0
16121277670
0
3335246587
0
15546184388
0
0
104
0
15926457892
0
0
21864003727
1
1
0
0
3042806465
137090281
2
13196165605
0
10
1
0
25334023
0
10
20495769787
0
171
10
1
0
10
0
0
10
3452258731
9
0
0
0
0
0
0
0
0
0
0
0
7451574242
2
1126942711
0
0
0
1
0
0
14290537619
0
14
0
1
9304244924
0
44
5595906009
0
1
0
18
0
0
1
11576009124
1
12
1516757202
0
1
289109403
3
2908645752
0
18697606728
3
10
0
7913188433
0
9914763766
1
0
15
1
2
0
0
18563561290
0
3199867528
4
0
18515585550
0
1365267744
7
0
0
1
0
0
1662224374
0
107
3
1
0
0
20
0
2
468713154
0
6791009137
0
1
12855634715
0
1
3
4692591098
30
0
0
0
70410566
6
0
8
3703412488
8046185707
12387662234
1
2710540231
0
2292318448
0
20164999629
2
0
16923896700
0
36
0
17000331278
10
0
0
0
0
0
2449318386
103081640
41
0
0
1
12
799187809
7737947845
1
2535438096
23889346284
0
0
0
23
0
16
1
5265004216
0
5188471454
16783585737
0
1
1
6773670308
0
6
2884261905
5675385805
0
0
19236268119
0
881452635
0
0
3204855716
13
1
18
0
3739308438
1
0
5792809612
1
0
6821037113
0
9
0
6
70
0
0
14763846157
3
0
2310294353
2543461522
5772525628
12099146593
7
0
13
0
10815413189
0
0
1451674227
0
6
6
20141993716
6
5
0
0
25
15
43
666785530
0
3
8767166667
0
18
0
2
46
0
10
0
5
6
0
3
45
0
6
0
0
0
0
0
0
0
56
0
0
11325090432
5966521683
0
0
3
16
10
1
7098137356
10153114565
96106078
0
0
0
0
1
32
0
7026292224
0
10051581065
0
0
0
0
6
108678371
69
329488144
0
0
3085684180
0
9
0
1
3910468269
37
0
4
6
11313049413
10
3615048933
40
7764405339
0
10901505438
232550796
0
14774334219
1592584867
6179005369
0
2
42225657
0
0
5
14651770088
0
6561206187
0
13729999683
0
0
0
0
15
0
0
137
6342199414
0
0
0
0
1
0
1
0
0
1
0
0
7227780
21
3
0
24056476712
2003849186
10311415527
0
15
0
6
0
100
0
0
14297970807
0
0
0
0
0
0
0
0
96666827
12125578477
1
0
0
2249629628
0
68
2475055379
18
107
28
19931411785
0
1
8
0
6653594328
0
0
0
0
3
0
3
13948427855
99
1
1
0
0
6
0
0
3260945446
0
0
0
950611486
0
1
3
19572425762
0
0
0
36
0
1
0
0
5222166386
1
0
0
0
0
0
208
0
10406869892
11
0
0
0
6
7
0
5360194184
0
0
1
0
0
0
0
0
0
0
0
0
325025471
10191453438
2075707
16
0
170746720
0
0
0
5748217080
3
0
0
2176621706
0
12802485746
15
0
18550104988
0
0
0
0
0
0
19
4189182722
23624871894
5617850792
9
0
0
0
0
0
3
6494381621
1
0
0
0
0
834895097
0
24
2
294863196
0
4
0
10894299114
0
0
0
5
0
0
6
0
2266810418
0
0
0
5
0
10
0
13909974850
0
13
0
10162220168
13
15248753819
1
0
21
1
2575838369
0
285963753
0
1
15180231480
12679503608
0
1
0
11888349319
3
0
0
0
21
9339446728
0
3
0
0
0
1
0
1124013520
0
9
0
0
3
5453685573
0
1
7
20995928486
2
2544935034
0
6339795633
14267671827
17615306034
0
0
21064537138
0
0
52277959
1
0
314795035
0
1
3448518167
1
1392371608
0
126658420
19861390528
15
1
0
6
0
0
0
11993191173
3
1
9508472964
9907734251
1
2207380804
11656609191
13920987605
0
885476106
0
1
0
0
0
18
157137439
3
0
1131800200
0
1235269788
9
0
2396667866
0
6161492858
5463207588
3
0
0
0
0
0
6835738641
0
0
0
0
0
1273784128
1
0
12863739797
3
0
0
3
1
1
3
1613198078
39
23
13
0
1
0
11
0
0
0
0
0
1
0
1
0
1
0
0
1
36
18360329289
4831268935
0
0
3
0
0
29
5868405628
0
14876734831
0
183596143
14
0
1
143865587
16
68
57
0
0
1842566194
6
218882933
2
0
13
0
0
0
0
15640588716
5808715719
0
1
5812719989
333161203
0
0
16293280819
20642539492
0
0
711983402
5550678720
0
61
1
0
7276156534
0
0
45
0
118
1
0
0
8
0
74
0
7
3
0
6818416825
13520214545
1039275485
0
0
0
0
0
6973128027
3
10776888902
0
12816386606
6
5248033539
3
0
36
15033672043
729978371
23646642251
0
0
18
1
13
274803445
544982612
0
17302481054
3326456454
3595026789
695000139
16999266
5
0
5014030359
3566265226
0
2182873865
0
3
0
3084522432
1
1
3994805565
0
0
18686073203
0
0
0
62
0
0
16
0
5
1
4142078794
0
1
7060158260
5153896787
2
221
0
1
0
0
253487253
0
0
10103564683
0
22079122
0
0
1254618217
9183667232
19578725587
18937348063
9906267883
0
6856459845
4
1
5957380251
0
0
33769035
0
0
1
1
0
0
0
0
0
0
386738551
1617526552
0
1
5
0
17862328708
0
6
10
1
14124670383
0
9545596257
1580278160
8980291719
3
0
0
0
3
1
0
0
0
1
10
0
0
0
14749515787
35
0
10
0
0
17403153442
16557671839
0
10835183944
0
12532025706
0
2284899502
3
0
14235645346
0
0
13360401174
0
0
42
0
13684887374
0
16154408664
10710806992
0
1
14068894995
0
19811991
1019700361
690051940
1
0
16
1
0
1
0
0
7743620062
21
6
0
6538224840
0
0
0
12584889255
0
0
0
0
0
3293106755
99
80
0
0
5882105953
15416074126
0
0
3
0
1
3
1906903686
0
19685548461
0
15799407
15060836483
0
0
0
10354667908
0
0
10187990520
3
0
2854683433
10421430246
19107111399
0
2753680479
3
0
0
0
1
0
0
1753418907
1
5
11
0
2638711779
16092214735
0
10
0
0
0
14614767261
3
7536734624
9
0
0
0
0
0
0
1341078230
9176067357
0
8098604420
164
468065987
0
0
9979565446
1405552711
0
0
7
0
2642524262
0
17
7021656667
9433901336
21
0
0
20173006000
0
3290612185
1
21736196279
12537102593
0
0
1
1
0
0
0
10747488502
1696094551
11
5
19
0
0
1
3
1
0
3
1688480414
0
98
43
0
1706118186
0
0
0
2
10835557591
0
2
3638918184
2845847708
0
0
0
0
0
60
0
0
153933
0
0
1293294024
0
0
0
56
291093977
0
5
0
0
0
0
0
4953092187
3
0
0
3
582090740
0
0
0
0
18
3
2
270578338
20221437798
16
1
0
0
1
1068304418
0
7773037910
0
0
0
35
0
0
482
0
0
8781460852
0
3
0
3
0
0
0
2
8732766832
0
0
1
0
12961281903
0
1
0
1
0
0
0
0
17441768177
2032888301
0
14
876764046
13
0
12184367818
0
5
0
0
0
13
415170984
0
20001785673
0
59750287
9
0
5699699067
0
0
3743620271
1
0
0
8
0
0
0
7
0
3
0
331541053
0
3
17294839485
0
16101428813
0
0
10596757310
0
162
0
20722397629
0
4
1
28
4
17331304
0
0
15
0
3114880672
7812977097
0
1
0
0
0
0
0
1
3688766356
21
0
0
0
1139137971
1
0
12694265170
16487164825
0
0
1
24
9630144368
0
234338626
0
988119226
0
510243908
1
0
0
15731576165
17390084709
0
8
0
0
12663314133
25
0
12
0
0
813290196
878248651
6321813277
1874591905
9
0
0
3539887765
0
0
0
0
11120506629
1
3
0
5633639024
0
0
0
0
268046877
0
3
9
141786835
0
1
52111729
12
1
60
14827494423
12628315455
2
13
1438671563
0
0
11851249114
0
0
20035434956
0
0
0
0
3
0
0
0
3
18110449581
6
7930792447
606200789
22059835511
0
0
827669322
0
10
0
0
0
0
0
0
14
3
0
99
0
0
1
5778599694
1792245554
0
0
0
1
3
0
16
2987809970
0
3975483661
26
0
4590944071
127
3276581889
0
0
0
0
7
0
0
0
4062632916
0
3
0
8145476444
12844242698
0
15161891939
0
1
1895562469
0
6221392627
2366050215
0
0
0
3
0
9854396858
0
5678717375
45
0
0
5581894
1254060
0
1679549869
0
0
0
0
17070035645
0
3
0
0
1068702634
0
0
0
3624867966
0
0
0
3
1
10241073606
6
5359454681
0
0
0
1
28
20010091143
6
0
20
0
0
0
40
0
143
10052315251
0
0
0
12608454234
0
1
5562437455
1
1
0
4154110332
4574004176
7585237412
3
0
0
10929948563
1048823897
6728831392
3880506829
2
0
20058714083
0
1515889600
0
66
1
1
5
36
0
0
0
0
0
1
3
7558964072
1528505552
0
14398904897
15455000042
1
7
4578730319
0
4
0
18
0
11518290558
0
7330477232
0
3
1
0
1940073277
0
10
1
3076565342
3
0
0
1136801250
579565082
10720676529
69
18
0
14102885393
0
0
0
0
0
2606960644
35433588
3
15153781247
4
2862429381
0
14663458039
0
18118979708
0
6
968360074
11518715310
0
0
18933946828
0
1
0
0
0
6
6
0
0
0
0
0
7003530656
0
0
11810885167
18508699034
0
19
0
0
0
3364700462
0
0
473932
276795710
19821244374
7120457272
19
0
0
124088903
0
66
3
0
2005374049
0
0
1789003133
1499718568
0
0
220845204
0
0
1
0
0
0
0
0
0
0
0
15496316928
0
0
3
0
0
0
72407715
44
0
1
167502946
1157839254
23328804
0
422536689
2
21
0
5
2
1
550178683
9
0
0
0
15
9386647525
0
0
18888211899
6
1
0
0
23052561372
3
0
12663115836
0
13458762281
10428483417
1
7280419236
0
0
6
83
2578395164
0
9115458
0
0
0
0
15
13641033345
0
18756320894
3
0
531855642
0
0
4866685797
11475515554
13278781701
32
3631134348
1
0
0
0
18453829234
0
0
19917549714
18
1
32
1
15
2
0
153
14837519061
69
0
10
5
0
33
14830783129
0
0
808513572
1
0
1
1
1
36513772
0
287514074
84
0
19
11
168882286
0
0
0
10814578338
2
8
126153720
0
0
6
0
1795027498
0
1
0
40
1709891206
10529388154
20942250893
6434357
3
8
0
0
82
16073204478
0
0
0
0
1322252975
0
0
18062073059
17725378340
10
85
0
1
0
5996717702
0
8804628065
5165802571
10240422776
0
3410510009
0
0
27
1
595204452
0
0
0
6
39
0
0
11235440255
1
0
0
0
71
0
1501856179
1
893377814
0
3
627761114
19
7833754082
3
0
6
18847466661
4378267507
0
0
0
21
0
0
2181639535
0
17
94
0
0
0
0
25
15
0
1527006904
1
0
0
21
6
2
2364005866
0
12
0
0
0
0
0
3
0
0
3
0
3
0
12178068621
1
69
5397506516
0
428498520
0
0
0
3
12885650122
2150453114
0
8830713908
0
0
7
3
0
28
0
28
0
3
0
50
0
341345468
15215448425
0
1
27
0
18686803897
0
1
28
0
0
0
0
19500316005
1827678609
7
0
0
0
0
16456241612
3
359523229
1
25
18279652309
0
52
0
0
4586160265
1
2864351389
6
0
22305581458
0
0
0
0
3
2
4
10234573443
18514918581
10079733841
2437771509
0
0
0
0
1
0
5195080737
1
3
0
0
0
10110361082
42
0
18352612301
0
0
0
4956054190
0
1
1130850692
0
0
1
0
1325110882
502192091
0
0
0
0
4674435
8395121425
1239387257
10559131110
0
1
0
0
18074484657
10
0
0
0
0
482227395
0
0
0
0
3
2
0
7
2646938366
21464411861
45198286
9
0
0
646092000
1
1465759231
2909952651
4856121014
0
150521950
13350970236
0
15788811194
0
0
0
15918558050
0
0
0
1
16644028965
19593423463
21
7415745040
5
0
2
2051411030
0
0
3
4
0
10585853763
6
0
0
0
0
0
0
51
0
1
3
4760583759
3160138077
6157708968
0
12901453
0
0
0
0
0
3
3
0
0
435111029
6
0
0
4907810206
0
5335571134
0
3419969469
9759470814
0
0
0
0
64
6
0
0
0
7779766750
581462997
0
7167541576
19921864960
0
0
0
75120148
0
0
0
5301057710
0
3852907804
1
0
4921682984
13462423632
3
28
1
0
15
15384919666
1
7744372528
0
0
2845271386
0
0
0
6
0
0
0
0
34
2669778739
1
3
0
0
101451644
1
0
0
0
0
0
2
5632286710
2275572430
14038887751
0
10
0
3
0
0
0
866362429
0
0
5859139468
0
240881929
15403289045
7
100326471
0
1
0
148
3494799811
0
0
0
14
36
2115357330
0
6
16
0
0
0
1
0
0
3
3
0
4711093459
0
0
12482939809
0
0
7
7031136628
1915735574
7231436565
0
15409913663
0
0
1
0
0
0
0
7427845421
0
21
2
601954814
3
3
0
0
0
1
0
14230434018
14
0
108
11181370
2849528056
1
23
0
118
0
0
4896234859
0
107
4510532184
51
3
1
3
0
1
0
0
0
730249489
0
0
0
0
18930752156
6
1
0
0
0
0
7
0
1
6
0
0
0
0
3
0
0
8382422645
6739323994
1
6
0
1631173729
0
1
0
7886040587
17955135888
6
1
0
0
3
1
20202726764
0
46
127208256
5075747027
11
41
241
18
4816721750
0
3
0
11244919186
0
0
48
15457782952
0
5
5547364361
3265339752
5017483187
7359775479
0
16841128557
1716352905
0
0
13625384008
41
2156696467
0
3
0
1
0
638319299
3
0
9
0
33
1
18863315171
21
3027625857
52065702
28
3
0
0
0
0
1
10
0
0
3
0
0
0
4681375248
0
0
0
0
7
0
1
0
0
4
393472232
1
0
8
9565869558
807237
4
28
0
0
12
9
0
12
1
183
0
110
3
0
1
1
2661380577
0
36
33
45
6
0
1
0
3
4027800747
10
0
1
0
94
1
10
0
16142721165
7684625394
0
0
0
15597831076
14937521436
0
1
1
2
0
19511408502
0
55
15797090954
0
2121626933
7083173685
1580117095
0
0
6
6
1
4
9136928210
3
0
0
332772681
0
8
0
17791217380
0
6
0
0
3
408014739
10
14713754783
1
1482565009
6
6604658796
12446257541
0
3
0
0
2
0
0
6
0
1
1
114
7080795376
4
28
0
0
1043029924
0
568619726
0
10279984326
0
1
2
0
3150677775
16920342202
6
0
1
1717929190
0
3
1441646492
1
0
1910411723
22910952134
0
1
6158753239
4723177713
0
1389648748
2662888833
0
11905542433
0
311584
0
1
0
0
0
6631432931
0
1
0
15
2
3
1
0
7046360679
20456654623
0
0
4260840746
1
0
19
0
11954209450
0
216985335
55657615
0
2880532641
0
14546720097
0
0
0
0
0
0
0
0
4772243462
0
7953750961
0
3
0
51
3105140722
0
0
9122391840
3923822277
0
7237584
0
0
4931303682
2099947334
18586954067
4802754011
1
0
870670294
0
0
19650206627
4684418882
949928916
139012705
2098050013
4
1640153537
0
0
1
0
5735805374
0
14305270533
0
14656299376
0
0
0
0
7979045887
33
1328286515
0
0
0
0
0
0
0
6134655436
0
0
0
0
0
0
14
2231125
61976753
0
47
0
3099498121
8455928380
9469449734
0
0
0
96571448
0
0
14150570501
12503308942
5
0
11319012445
0
7
18783371105
3441256718
0
71743674
19271435381
1177189323
0
0
6
5453574898
971882367
12178214067
0
5397900072
0
18992418484
6
11957477869
5635064778
4
109
0
84198031
0
0
28
1297422571
12389532538
0
1818063455
0
3
11701028667
19141999504
1956588401
5
0
0
3
0
0
16062819136
0
25
7
0
0
31
0
0
0
0
601890259
13962693260
21
1
0
0
0
10584317969
0
0
14685194182
6
21
0
2866700918
0
167
4012074620
1032989515
4798706464
0
0
3
3
0
0
250343267
3
0
2
29
0
34488292
2
0
0
0
1
542658472
1
0
0
9
18912974029
0
1657698753
0
1
5795061571
6
0
0
695783154
0
1
1
1
52540388
0
9514256377
7590673983
77
0
275312381
0
0
435443117
20467589149
10109724158
0
12541054692
2241738858
932319808
0
1
11735878142
0
21261995286
92
11047304116
33
3849944986
14
0
7
4
0
1
6
10575254858
6
0
15
3
15
0
2859435583
9
3602547222
3
1
0
35
9
0
0
11482963202
10
1
0
10431065722
3680450701
4
0
7805831872
0
2742104993
0
6
1
16212019166
15426099205
0
0
0
0
3
0
0
0
3
10
26
3
9952254429
1311228869
6
13
1
16
0
0
4886012569
581161994
2
1
9646010799
0
7
11098766213
0
1479988188
4312479186
19105824
1
0
0
0
0
9716102997
2
8111473837
51
0
0
3973873649
5959282368
2131820589
0
3
10
0
16276724080
15
8027900622
0
829498109
0
1
0
64
7821436003
0
0
0
0
4
1
3
13705283430
16131351581
1
13342819786
18586699456
0
20326631913
0
0
0
0
0
1560348935
0
187
0
11
0
11848896863
28
12898094574
19843078694
2364123110
0
0
0
0
3535412060
316892460
3
0
0
426011576
1
0
0
2220471790
15
1
0
19714773781
0
1272076490
0
0
0
556170757
18106417035
0
1
4766852611
22294478552
8667483805
21114875008
2
147562850
1
0
0
23
6976899832
6041708641
1
0
4
13801684496
0
4
0
0
0
7
0
30
138
0
3
0
0
1
0
18506818928
17149976749
661715979
0
0
7737223168
0
2184127247
2
5
16131156146
5
0
3
1
0
0
0
0
6288331117
0
15
0
21
3
0
0
0
0
114
16748949634
5047711882
18649023436
2349621602
0
9337672344
1303769
7851863874
11611721037
11
3
0
0
0
0
0
33296275
0
13282863100
13
6
16427746807
2578140
15
0
4112277446
0
0
3450561104
236054460
0
17195445672
21420418862
0
0
12152784647
0
19335679281
3882025875
36
0
0
2
111597961
0
0
1
3
0
913211726
3
0
3
0
1
0
0
0
0
1433538829
1569668803
0
0
17469469152
8660097140
0
0
1
6956933744
10
2
0
19335973994
107
0
13549837393
6273021724
12529789309
0
7983938507
0
9995179
10446704383
0
3
0
34
0
757102354
316713876
0
3
0
12618711081
1
94
0
9041660467
3
21597174088
3
20
880856761
0
20
16
4
5039667780
15616478087
0
4
2235352157
15530069397
6
0
18
0
0
0
0
4859235483
10
1374820017
4
0
5628835811
1028169209
0
0
7907340862
14
0
983418382
1
0
0
0
0
6
0
172466
0
0
0
0
5119200573
501026728
11916563055
0
7
0
6244567800
0
0
0
4340403310
0
43
1
1
0
0
14727139292
15
0
0
1067897050
12800286014
3
0
2
5
6672433215
8
1
1
0
0
3
1
3
14907683293
0
7
3
2150488208
12
4
17887487053
0
0
414008295
0
3
0
0
9571448153
10
1
113789
10742726336
2
10
381510463
0
6759860330
20991526104
20751759906
8266599091
1
0
0
156
0
0
2
3
20628161247
11662871710
11170125384
0
19535782895
0
12
659415512
0
14
1
0
0
4
15
11473977869
17856809674
3
2815665838
0
0
0
3
6
0
85
46
634641812
50
12770509623
1115215080
0
5
15034134967
0
1
13
1
0
10437021731
22909638989
15
0
0
32
1
3556321028
1
0
10144458038
3898542088
0
0
105
1
0
0
0
0
0
14670637848
3711895
6702772049
4
1
21
16737903009
10
122
45
1
0
1
3
42803562
0
2953753565
21254555596
0
0
0
0
2
1
0
14592328376
2
6
79
23711680129
0
3599700563
0
0
8451248441
0
0
701303446
0
0
0
16365316528
8988350300
0
0
0
2
0
10
0
3
1177066858
3
14125151924
0
0
1
0
0
13174257272
0
1
0
18285155741
0
0
0
0
8731720500
1
0
0
0
2916726402
3
663029795
1
0
19
14807093892
0
60
0
19
8039413406
154
0
0
0
0
0
0
0
21581635025
0
0
5
1
0
9202583872
0
4854833095
0
3
3189221950
0
2837459348
3
0
5867433135
0
0
10
4630786680
0
10091855581
7470913412
99
0
9671463094
5898442829
0
1
4
15
0
0
16014473739
1722665668
13110067921
22
2374791818
6943725023
4782
6
14014848717
2
739788650
10045660013
6976595924
0
1
11346549791
0
0
2792149827
0
194695660
0
15
0
13877630
0
1
786837180
1
3
4364784255
8142907463
4185569659
0
0
3
1
0
22265097255
0
0
68088111
1
0
35
0
0
1628068944
0
3
67
0
0
16854488259
1014814559
0
2040318498
0
0
79
11
46
13420123811
555261351
10
0
0
0
18
6
9
0
0
1
1945083451
4055834232
14342645578
17
0
8429548328
0
10
0
73
7565011677
20855138059
0
14294602142
0
1
2688372218
25
0
0
0
0
0
5274357242
11627355601
1
0
0
48
0
586942741
0
5007457170
1742832328
0
0
368591179
0
7993294488
0
9
5
0
0
5
0
1
0
0
39
1062675203
0
0
22588738865
0
9879697286
0
10
0
0
628542918
17450841515
0
1
38879276
13
1
0
10
0
0
3
1065890217
26364097
6
0
6271708062
5
2004082758
0
209503520
1
7
2
21205475955
0
4677046787
18157544841
1108149436
0
3766986642
3
3952092230
5059405878
5781078272
5
10
1
0
312
15
17848355046
0
6
146
3
3
6
0
14805909582
1041753824
2
0
0
57
0
1
23988768298
1
6955082830
0
5395394986
2
0
5384811281
0
14
3337292910
0
0
997871932
16297940045
0
16697796670
15983471754
0
0
1155583663
0
5036987040
11817472564
19889591847
3
0
3
1
0
0
0
0
10
24660892
11
1713653587
0
6908362286
6305564886
0
0
0
0
6
1125256259
7088393734
0
17
6
0
20786448663
1623071943
0
15
1
0
3
0
0
15
9782498642
0
2664909884
1
3
0
0
0
0
3
1
0
1
0
13
0
1
132
1
6
0
0
1123965618
0
4563673874
0
38007664
0
16891643061
0
0
1
0
3
3675916494
0
0
0
3
0
22781080148
6
0
18750970298
3
4658693804
0
0
0
9309471044
1675928861
0
9919869565
2
2
3326585641
0
3
0
1105355912
1
16345291515
16
0
2
0
0
121
3
14
11140341738
4998049615
200
26
0
0
0
0
0
0
8025403311
9
0
5135129378
0
0
0
0
0
0
0
0
1
0
0
0
134995764
0
2111683902
0
1
37
0
9098798055
37
18275382471
0
6
17435071
0
5
0
19984658086
0
0
1366641834
0
0
0
0
1
0
0
1804056465
1
0
0
1
9901741445
8
8
0
3
21
6
17295210992
0
11957736102
0
1
3224918681
3
8813337129
0
2
0
2
0
64523882
1
0
0
1852202299
19859083576
0
6940527021
93
0
238
3
42
2033801049
0
0
16128635433
18359466115
0
2676359488
0
12
4026821092
0
0
12498254098
0
11731843270
263221347
0
0
0
1361171966
3182945191
1
24
16196490641
1346475564
0
14404604220
117250703
15755875220
0
0
13192366321
13303750390
12590247716
3212121291
691917419
0
10512569441
0
1
0
0
0
18337944096
21797978228
0
0
0
25
1
0
0
1
6081138638
3729211567
0
0
0
5
64
7
2475159161
192281400
1
0
0
0
0
10
13
0
133
3
71
0
6
3311722102
448731642
0
0
0
0
0
0
5251870221
3220874
3
26
2051349436
0
0
10
3
2
9299282606
0
1
8
3286140658
16509703106
0
0
1552427795
0
0
0
0
1
0
7828076166
4631996424
6467813519
0
412042741
212304030
6
10324439653
2
0
5367751735
0
0
0
0
290752859
0
7
0
4541763068
0
0
7336407843
1880869096
0
19
1
2
14
50
1
431034657
145067634
3
0
0
0
11742796594
11454685297
0
11
0
11
14
0
0
0
19936424555
0
4
0
0
0
84
2908766647
10
0
0
0
0
0
12294449008
0
6
0
0
2580540902
10
0
7
0
0
3
1
81
20076083226
0
652742262
3
0
0
0
18850076932
1
0
0
3
0
0
5
0
629117112
36
3
0
23015189919
10335684917
0
0
0
84193717
0
0
47
0
1
0
0
0
0
0
0
0
0
24
36
8395130883
16729115887
1
0
0
0
3
0
0
0
0
1
15
0
0
0
3
3
0
5
17728216602
1200333955
5
0
591379966
1062002540
4
13471263770
10669602937
0
0
1
0
182573246
3
11507970132
10415256
8646202136
0
94142
3
271410588
0
4886994676
0
0
0
15503052520
0
5146825448
0
0
20818305979
1
3523729043
1
1
3769179765
0
20921038077
1
1
0
15
3
36
0
14645871109
1
0
0
0
6
0
1466281422
4064626241
19102071372
10
0
0
0
128
0
4200293251
14
13992283
687806458
0
0
0
0
0
0
16079690718
3325041523
0
14353745740
3439111013
0
0
0
12922173904
11401388432
16422354541
0
0
70
0
1
7
139
0
0
1558882817
16496104792
19360354523
0
6
0
15
18133453165
0
0
22
6096530285
0
11779044146
0
0
21029501530
3
3
219874157
19544080131
822375948
43404524
0
1
16129616459
10
0
0
0
4
13
106977811
0
0
98415499
0
19144765237
8
18741764004
0
0
462825444
0
13339252998
4
38
67
0
2
0
2363109442
369819643
0
0
1
78
0
0
13199664893
779458621
0
17439564038
10
0
1560743073
41
11
0
0
0
15709291886
13037920802
0
0
0
0
27
0
0
0
8518009054
19687642442
0
18
0
12213542142
9952268491
11369369576
5322129293
119
36
1
0
0
1
0
2
4243233145
0
1
76
0
0
0
1
0
0
0
3
4
14069333676
4
423320788
269
0
0
21123349132
13
57
0
574489343
10
0
0
0
21
6389470152
1
300652445
0
0
0
7669465895
16350822297
12834613955
19305745
0
3
0
154753938
0
0
0
0
0
0
0
1
0
21
6763769170
2499900123
3
0
2
311897950
0
0
20623621922
25960095
18766569376
9714754794
14625282351
0
0
0
4588432260
0
0
6
0
0
2
420932713
58
16
0
0
1881100409
0
15697437111
3
7070543707
126
23199056088
0
9473469673
3848818129
7
58594857
0
10939201453
13923959432
1361507166
3
0
1
28
3
4460198
9370411765
24
3
4
108
13977354042
0
19436284561
0
0
3
6
0
0
0
23980527601
0
0
0
0
260754
0
0
0
1
0
0
0
0
0
0
5533012361
0
12048233496
12083764635
0
851408182
0
3
16375529952
1
0
0
0
1361760727
4137601176
0
0
0
3808801813
8160800449
0
0
3
19490213053
4
35
39
0
0
586742622
0
1
0
0
0
15237073017
5
0
2
3628893780
0
0
3
10
11417323015
3
6314677919
0
0
0
1859181160
0
0
3
9179141941
0
1732673478
0
0
0
20149869688
0
506344544
11277884115
19881695064
0
0
4826047980
36
5020023891
0
0
7
9631936935
1
15
0
13540189096
31
9
11460295957
0
0
0
0
2
2081500943
1114778049
28
1
0
1
0
4
0
2545370581
1
0
3
0
0
11558011205
12072485704
0
7472578351
0
60
2590969021
9819440502
0
0
45
16968447209
19735303618
0
15665311886
2855459509
0
0
0
74792552
0
3
0
6
0
0
3
3265527448
2
0
1729623523
18405339720
22
1
1314912882
1
6
0
0
0
0
15
15973293634
9989544237
19156712766
0
0
0
0
1
4
0
0
1
2
0
4
0
0
564299221
8
0
0
8657591317
0
1
15
1
31
6175804034
0
16997021372
0
237991653
6
9694254055
0
0
8273687541
0
11737125387
240199065
0
0
0
4
0
12899985616
0
0
0
3635245613
0
1430714968
0
0
4838381597
1
0
0
0
0
0
26
1138590668
0
0
12510421150
6
0
10
0
4178491851
3
0
18138091468
0
0
13456110685
3
22
9198042243
20718724898
3
13307110263
14310144130
2
23637552592
3
14135251
23276462982
0
0
0
1382167686
1
0
47
0
0
0
5
0
0
0
0
0
5304326212
0
18
0
1
38
1
2281338014
18217336776
31764122
340638128
1226566259
0
0
20049321201
0
10
0
1
0
33
0
88211445
0
2419251958
11853195518
47
7896776730
0
3
0
10870750373
0
31
0
12
285683602
0
22
0
11193135123
0
10
21329407770
0
0
1394571965
1
4772952230
0
19
1048437721
133401898
17919068522
3
3
10066822112
22046103365
18
217247717
0
0
1
23684042212
2
0
1355250380
0
0
2715603301
0
3
9037506739
2464147588
0
0
524942433
0
0
27
8937269102
0
0
0
3
0
3633299794
0
3
0
0
20383524617
1
0
0
4711979183
21219081144
12764807822
2515244375
0
0
0
0
1972442703
0
4
0
11932749535
18
1
1
4623815693
0
0
0
0
445149292
0
949966849
0
12
7404446870
0
0
1
0
7617984910
9903117449
10540834222
878016031
10372035817
11169845652
0
17370524158
0
3
0
9
0
121
0
16504096387
0
0
7
0
5189517693
0
0
6106572346
1
28
0
0
0
2
5088919239
0
0
0
0
0
14
0
6
7621563
6974153500
37
0
6
16355731494
19947455254
0
78
4
21
0
0
21532811009
1
0
0
0
13608894882
1
0
0
1
9795160563
0
10
3
22957391999
0
0
3909512461
0
0
1594128748
2611834062
0
2941597
0
19
1
0
0
0
1
7
0
0
17411191391
12263879640
21
5190973571
1
0
15156766108
0
12440235770
0
1
16196115389
1
6061669363
6
0
0
3
5
479937288
0
0
26
28
2954494
0
0
0
0
0
30
4064853803
1
0
0
2
3
347709350
37
0
0
0
2649067249
4498016759
2
1
0
665014138
148856659
3
0
7
7
28
5
16
0
0
13186059096
0
0
2
0
1
5645221950
0
7749120345
0
0
12478758261
10
0
0
1036422744
1592145341
12772800592
0
0
0
0
3
0
12921229527
0
6524071802
0
1
10
0
647428061
97351065
0
0
11291946583
0
3493747108
9686892472
3
0
0
0
0
0
0
0
2
0
0
1
0
3681705225
0
0
10604234343
8
0
0
0
0
0
0
13574324898
3
13
0
0
0
0
1
10606983803
0
2751120686
20383171
0
0
9733208790
54
0
0
0
8896583614
6734157371
0
0
1128362238
0
0
0
0
0
0
6724528231
0
8409225139
123695841
1
7892109162
0
72
5739815660
0
821021796
193
0
0
0
0
0
1031662055
8606773974
5738344908
0
265179784
4297751225
10566069621
6629755607
3101914751
1
1
56
0
0
4328386560
0
0
10591804401
46
9
705204934
2
9670382336
1790629
0
1
27974742
0
0
7202963673
2
0
6
33
0
5124597870
0
1
1026525885
9651176221
0
1
0
0
3
1
0
17576460118
20320280484
495093048
2197478964
0
1
0
98132541
0
9233243507
1
0
0
0
7
2
123615401
1
3
0
2711386095
0
18
0
0
0
0
13826329732
2
0
2499142241
727376695
3
3
0
3900700915
9620577230
1
1
3232746511
67
21
4
0
0
0
0
0
4659126300
0
42978669
2635878771
0
19591276452
16
0
10
0
1
0
28577347
0
0
222372035
0
0
0
0
8
0
50
103871716
0
1
0
1
0
1
15
6
0
0
0
1
0
7
0
11
0
0
0
6
8406155653
0
0
3244170629
0
1069237758
14335458978
0
0
6
0
0
0
0
0
1
0
3858703520
125180574
0
14083633758
3
0
8326482528
1
0
0
82
0
1
0
25
0
13172199299
4628167
13132207320
3
1
469714411
16105921135
0
22
0
0
0
15
0
6
17
499852790
0
1
13869010179
0
0
3
0
0
1539815069
1
0
0
0
3203237901
14493769989
4268343460
0
15719530297
37
22220085317
16523006482
1320119741
325997870
4
0
23
0
0
7028353670
0
0
8740991096
6
0
0
1
0
293847954
0
0
1
0
0
0
15990054307
15
0
133
0
4101354158
0
0
18471504959
20715854706
1414885688
407504042
0
0
0
10
21
3587042518
0
64330187
0
0
7
8180187166
0
92798202
0
2478545535
0
1
3
0
0
9265698750
0
10
202197674
606093551
52984651
36
7
538112855
0
47
0
3
16
12684308914
9619145179
20
14713503296
0
3
1
0
14368201530
1
0
4
0
0
16404177233
3
0
9
1842641047
11984451330
1319335
0
9699360613
9428857358
18240187835
3
3
3
0
15054607982
21
0
0
0
1
0
8971469229
0
96886408
5605349142
15
14969177304
1
292554920
0
0
14082678247
7
18784301592
1
1
10
3
4
10109391021
0
2608665745
165945343
1
0
3
1
2262283934
0
0
0
22443409876
0
0
16317742018
0
3
16
1
667957951
3
18293886035
1
430039662
0
46
13599053886
0
38
0
9
3
0
1113734579
0
1
0
0
727625071
0
15
0
0
18
8
7
8079149963
33
3907025007
0
7717731343
0
0
1
0
0
0
0
