9985
8492 -6588 8030 -6164 -9500 8136 4798 -4608
3357 -9500 -6854 -8359 -8356 4568 8442 6399
-9150 -8193 7295 9500 -4802 -1937 -8499 -6994
-3382 -334 -7164 4441 4399 -9500 -1320 -2846
9500 5805 3242 7255 -437 3796 -881 3363
-148 863 9015 -7273 9500 -7772 -4295 4282
-6309 -6723 9500 8767 7934 6483 4400 2834
-2737 8613 -8107 -5814 -2916 -9500 5312 -6861
-4418 5227 9500 -9448 5519 -6295 -7612 7231
-2379 -9355 -7758 -5998 -2418 9500 8686 4725
6656 5652 3582 8574 -239 9500 -7410 4198
10 -9500 5522 -8374 8794 -4055 -1449 -9178
5147 -8753 6203 1831 -6366 -1431 2737 -9500
-8610 5802 9500 -6654 1825 -533 -7053 5581
1545 -1397 9500 -7076 -8036 5933 -3320 2302
6837 3734 8411 5279 8421 5289 -9500 -7230
8598 5317 9500 6087 -6163 -5969 5638 2882
6313 -6317 2413 -7756 -9500 811 9276 -2371
-2858 -799 8830 6336 9500 7389 4158 4593
834 9204 -7776 -1577 -8650 2395 87 9500
-6616 -7301 -9500 -2472 -5644 7430 3883 8909
-9500 -8107 -5856 -5648 9213 7634 9224 7647
4066 2199 6393 7453 -3048 -1159 -9500 -9490
7668 4714 9500 7648 -2715 -64 4646 1756
1259 -7348 -9500 3550 -8628 4410 7193 -5440
-704 -9232 -8887 -706 2277 8607 3723 -9500
-8204 -9234 -8380 -9500 7903 9409 -8026 -8981
8189 6598 6384 4814 -6785 -7279 9500 7929
1193 9348 2559 -9500 -3687 -7948 -4974 8203
1291 249 2366 940 9500 6521 -8693 -6027
-1105 -9476 -5682 5904 7473 1978 -868 -9500
-5960 -4539 43 249 9500 7441 267 -4
-4241 -7584 2062 8112 9500 -1443 3805 -7374
3467 5111 4646 2998 9500 9460 3504 5145
-9500 8259 -4873 3213 -1835 32 9277 -8008
-2252 1427 -9500 7415 -9375 7380 2214 -1397
3183 5396 3133 5329 -6634 -9500 -2612 -4621
-6782 -9500 -6714 -7643 5147 7912 6197 8974
4061 -7256 5352 -6163 7069 -4383 381 -9500
-2931 -7042 -7550 -5209 -6792 4328 9500 2341
4326 -9500 -6401 -6804 -7727 7101 5188 7859
-6186 6431 2534 9315 8324 765 -1936 -9500
-9500 -3154 -8373 -6155 2856 -8035 4439 8951
732 9500 -3797 -8251 -9142 4277 -5584 8712
-9500 8110 -9493 8176 -6359 6985 5914 -6690
4983 -2118 -9500 7563 663 1915 1269 1382
9500 -1135 -7632 -2895 -7633 -2895 -2164 6052
7948 3338 -773 9500 -1596 9114 -7927 -3545
6729 9228 -442 2098 -7638 -9500 2419 349
-9294 -6576 -8688 -6057 9500 6971 -9397 -6920
-5070 2785 -3372 1482 -1039 -245 -9500 6782
6294 6766 -7180 -6471 -9500 -9302 6846 7259
-9227 -1852 9430 1436 9280 1744 2436 9500
7987 6180 7730 5985 9483 7273 9500 7304
971 -9500 5263 7447 4977 7619 4458 7909
8135 -4111 -9367 -3810 -9500 -538 -6566 6536
2640 -2907 7649 -8903 8115 -9500 -4325 4904
9500 8055 -8177 -6630 -5268 -6319 -1077 -2500
1587 -8371 9500 -123 1325 9308 -7919 3122
-9295 -8965 -9500 -9317 6353 7720 -6209 -5017
-8261 7010 518 928 -6511 7188 -9500 8586
7626 -7360 -8233 9500 -3517 2344 -3055 1816
-4460 -4906 7936 8066 -9187 -9500 -5092 -5548
9114 -7798 8978 -7672 -9500 8209 6302 -5583
-7171 -7109 -9500 3928 -6992 7838 9080 4242
-8959 -9500 -7197 -8498 -2647 -5333 5772 7579
-6465 -6036 -9500 -483 -7066 6483 3667 -8421
1802 9500 -9143 2836 4340 -8981 6747 -7266
-757 360 800 1834 9331 9500 -1825 -662
8374 9500 7921 8843 -3680 -3834 1184 1704
-5966 9500 8610 -8054 9002 -7684 5225 6955
9500 2283 9357 4189 2018 -7496 4165 -6232
6 -121 3461 3690 -9135 -9500 -4678 -4940
-9397 1092 2556 6606 5512 5582 -9500 381
-5066 -7681 9500 1731 493 8866 -1845 8647
-1139 -9133 7787 3883 -4189 9500 -6778 -5230
-6061 -7742 9500 3621 7452 6337 -7044 -6778
5678 -1665 1299 -9500 5335 -3622 5636 -2011
-9500 3908 -9322 2736 -6883 9009 -8860 7271
-1816 9500 8930 -4192 -4247 -7338 -8389 5636
687 513 9500 8990 -426 -265 -6904 -6628
6424 -5887 8585 -3541 -9500 -1061 5508 -6488
9500 -9150 -162 -1396 -8565 7741 -8690 7906
9368 -9220 2862 -2545 -2872 3279 9058 -9500
-321 -8235 6831 -6142 9500 -3682 -8633 4694
-2000 -9500 -5558 -7738 -8455 4443 9265 -1771
6166 8512 6477 -9413 6399 -9500 -7284 8370
1977 9500 -6887 2325 -3739 -9435 1733 -8172
4762 -7976 3158 -6122 -1794 429 -7107 9500
4393 -4532 3586 -6010 -7587 9500 -3846 6325
-7954 -725 -7744 -2232 -6345 -5720 651 9500
-3741 -7478 -8971 -2707 6509 5487 2720 -9500
-3529 2931 -8464 9112 4910 -4429 8971 -9500
-5646 -3856 7050 9500 5473 8006 -3168 -1025
-6772 -6949 -68 -9500 660 9460 140 9497
924 1308 -8458 -9500 1314 1166 3017 3610
1081 2668 9500 8853 2078 -39 -5418 -2897
-6942 8572 -8544 9500 -6894 7334 6902 -7344
-9500 -44 9148 2592 6384 6514 2074 8387
8910 6348 9500 6700 2301 2103 5389 4129
8263 5391 9500 8462 3245 5184 116 2754
1534 3855 7329 9263 9128 9500 -3025 -1153
3462 -8231 3375 8753 976 -9500 2544 -8860
-3407 8204 6572 5300 -2298 -9500 -7395 -73
-2371 9293 5392 7396 -8808 -4261 -9500 -3179
1969 -9044 4907 8904 -9500 -5452 1452 -9172
-7504 -8034 9500 9396 7692 8217 7624 8150
5761 5319 -9500 -8054 6188 4258 9242 7874
8699 9500 3499 1904 1907 53 5845 7873
-3732 9500 -6539 6694 -2030 -9169 7260 -4965
8480 9500 8963 -3994 3566 -8225 1905 -9012
3064 4345 -1413 -459 -7176 -7021 8219 9500
9052 9363 6184 5518 -8659 -9500 -8739 -8803
4605 -8026 -5752 7298 -2530 8858 9500 -717
2466 -9047 804 -9500 -3049 -8291 6615 -2915
590 -9500 6339 -7145 8818 -1009 -1403 -9224
-204 9500 2347 9485 9421 -2019 -5468 7397
-6981 -7964 -4106 -5260 9302 9161 9500 9445
-1526 -3180 4687 4840 7655 9500 -3979 -3872
-8739 6551 5321 -4407 7015 -5650 9500 -7351
8911 -2392 -8863 1256 -4586 9178 -710 9500
8917 3145 9500 -4509 -5363 -8405 7221 6307
-7484 3597 9500 2956 2617 -7088 -9367 -3479
4059 1912 8541 9500 6737 8272 -13 2270
4795 -7458 6539 -8151 -7213 9500 -6503 8089
5275 -7834 9500 -9446 1501 626 -5989 8527
-7601 3183 3018 -9500 6295 -6487 7589 -3240
-3626 -1569 -9500 -7105 5683 3425 -2706 -759
-3269 -9500 -5313 -8938 -508 8930 1535 9462
-4806 -6441 -3636 -7207 9500 -1549 -8202 -2673
-9384 -9410 704 1537 2824 3570 9500 9490
5375 -3995 -9064 9500 -5378 3999 728 -2500
2656 -3220 9309 -9500 -9378 9443 -9143 9120
8578 -5986 -9467 4959 -9500 -936 -6864 -4218
-1493 675 -9500 -7488 -6927 -6569 6950 4053
-9500 -1273 -6662 -8409 8261 6197 -7290 6230
-6975 4461 -7861 1474 -7414 -3698 441 9500
2907 9500 -6996 -5704 7302 4824 6568 6587
5320 -7900 5087 -8131 4129 -8869 2707 -9500
8686 375 5809 4746 -5018 -5546 3240 -9500
8532 3499 -9500 5017 -9308 -2016 7189 -7914
1636 -9328 -9500 -123 5180 6009 7576 3513
-2825 1466 -6825 4189 -9500 6619 -1487 1418
-9500 -2597 -8603 5047 -7286 5812 9035 3105
-2885 -4241 -8321 -9357 -1620 -543 8912 9500
2029 9500 3575 8860 5473 6978 -6991 -2285
-543 1290 1233 -649 8480 -9500 -6943 7103
9385 1144 9298 691 -8717 -5896 9500 2980
3985 -5074 -8835 7752 -7429 7927 9500 -8709
6945 8677 8451 -2290 8916 -1061 9500 3037
2267 -8796 -1926 -8693 -9500 -4633 8983 -5848
9259 -2093 6753 6154 -4552 9500 -8819 4367
-1669 -8457 -3616 -7385 -7027 9254 6297 -9500
-9500 -3826 3759 6575 5796 6095 8560 -3312
-342 -7358 -7260 6161 -84 7443 9500 -1625
6761 6327 4570 7722 -9500 -717 7044 -5446
-2787 9500 -8933 -1943 -6524 -5366 -1568 9453
-5389 8130 5005 9093 3017 -9500 -8552 4273
-9312 8241 -7491 8041 3867 -2384 9500 -8477
-8418 9500 -8100 9297 7902 -9161 2447 -4418
-9500 -3572 9230 -3223 6544 9434 -8503 5251
8542 1690 938 9500 -3266 -8905 6937 -5530
-7946 9500 -7918 8251 -5809 5404 -1745 509
-31 -1905 4118 5205 -9500 -7593 -8815 -8321
2556 -7100 8017 -4781 9500 7 3468 6214
7008 -2382 -1936 -9500 -4159 -8658 7579 935
6695 -9500 5743 -8402 -4553 6837 5998 -8239
-9500 6615 1411 -946 2074 -1473 2055 -1460
4451 -9500 4764 8429 7983 -6219 4600 -9425
8310 -7301 -2271 1391 3928 -4316 9500 -9023
3009 -7450 952 -8228 -9500 513 3494 -7207
-6917 6987 -2887 -478 8678 -7924 9500 -5013
9434 -8425 -8204 6648 -9470 8159 -9500 8213
-2392 -9190 -188 -9077 -123 -9067 9500 -1516
-4359 4845 -8028 8988 -8472 9500 -7162 8063
3902 5183 8867 9500 -8269 -7774 -54 1271
-1102 9500 -2558 -8714 -1847 -9022 7181 3749
7001 8459 6833 8345 -4751 -6850 9500 6384
8388 9500 8240 8264 -597 -4249 2458 6137
8081 7799 9500 9219 909 1022 -8252 -8128
6570 8491 5284 9309 1317 -9500 9155 -490
6831 6343 -8181 -9264 -2689 -1647 9271 9500
6626 308 537 -9500 -6169 -3210 5971 3861
9500 -1523 5668 6931 8013 4396 9390 994
-6949 5580 -9500 8250 9011 -7694 9370 -8691
-9500 -673 5700 5036 6772 4174 -1232 -7299
9436 1260 -9500 1147 -754 6633 8014 3631
-368 9500 -7409 -65 -7353 -1269 2944 8775
6336 -5723 9500 -8743 -4050 3619 -4974 4468
5232 -8688 -9226 3024 -9500 1513 -9397 -1491
3201 -3021 9500 -7635 6286 -4135 2670 -2626
455 -6046 4923 -4978 7422 4532 -9500 -2455
-3924 9500 -6727 8199 1047 -9453 8548 -5464
-9500 4359 -2073 -9380 9286 1390 -8615 6484
-5818 -6517 -4433 8023 9500 1160 6653 -6790
-6440 1014 -3876 -7277 -1852 9500 -1999 9448
7536 -5781 1864 9500 -5770 -8772 -356 -9424
-9500 53 -9405 -701 -6943 -4656 705 -7210
6547 5884 9500 8033 8200 6658 1483 754
-8937 9483 -7217 7428 8977 -9500 -8732 9313
106 -470 6531 -6199 9500 -8361 6687 -5729
2457 1744 -7575 -9500 -7960 -9391 6703 8733
-7148 7509 -8955 9500 172 -21 2349 -2344
-2397 -4475 -9400 -8019 1348 3592 9500 8358
7798 -4630 -206 -9500 -6004 -4201 -6756 7408
-9500 -2200 -7990 -4824 4060 7018 -5198 5761
705 500 -7099 5535 -9500 6379 1248 -1834
516 -845 7904 9217 7606 9500 -3770 -3201
-5945 -9136 9222 716 9500 2913 -6941 -8552
9500 8129 1783 1493 3769 3198 6133 5230
-6183 -8458 -3565 -5334 887 823 6786 9500
-6111 -7216 3653 -9500 6497 -7326 -8025 4895
-7328 6678 7367 -9500 6019 -4631 -7386 6779
9391 9500 -6799 -5279 -2552 -620 -1703 249
1448 9500 619 9292 -7489 97 7326 6498
2127 1640 -9500 -8540 6113 5213 5400 4571
-6069 -4086 -7643 2854 -7491 4058 2900 -9500
-1954 -9500 -5095 7897 -2887 9112 2333 9411
7901 9467 -7911 -9500 -7294 -8364 914 2284
-9500 -2116 2016 -7917 5709 -6546 1842 7978
-6764 -7853 -9500 -3033 9348 -734 5037 -7286
-416 9500 1564 -9261 -3733 -8034 -6590 2773
-2855 9500 8562 515 8561 2700 8090 5148
7972 -6867 9500 -8525 8194 -7706 -7563 7194
-9271 5768 -5174 926 -951 -3281 -9500 6079
-4552 8217 -80 -9500 3068 8014 3033 8043
-8872 3041 -9500 -7203 4636 8825 -3534 7011
8891 7995 2312 -9500 2735 -9280 7956 -4600
5306 -4687 -7004 -1469 1189 9500 6066 6277
-9239 -7912 -7473 -5785 -635 189 9500 8041
7229 -6389 -9500 4525 8252 2549 7612 -6192
7888 9500 -5415 -6995 1941 3188 4082 5559
8853 9500 -8247 -9296 -1322 -2717 2013 868
7715 4738 7953 -4006 1529 -9500 6712 6334
8380 -3428 9347 -1914 -9500 -104 2032 -5923
-8112 -8830 -9363 -9500 -1393 -708 1573 2366
5619 7408 -8726 1291 -6322 6577 -629 9500
-2656 -9462 1182 -9500 8563 -5863 -2093 9344
-1065 -9500 1533 -8965 3331 -7995 7535 -2161
5300 -5835 9500 -9036 7986 -7259 -725 -135
6993 9500 5808 8727 8435 7870 8485 7984
5880 6504 -5761 -2830 -9500 -7812 9387 7154
-3199 6306 9500 -6980 6639 -8686 -7397 4009
-8208 -8779 -2021 -3488 -1744 -3182 8699 9500
-4608 -8644 -9277 -4111 -6146 7108 9500 3563
-8871 -7062 7574 5950 9500 7630 7787 6468
6109 -5631 9500 -8257 295 459 -7246 5391
1180 -9493 1270 -9500 -5543 7616 -5635 -4127
2039 2897 -5775 -7733 5757 7709 7002 9500
9140 -7014 -4664 2675 -7945 5353 -9500 7162
1858 8318 4262 7760 -9500 -491 -1549 8129
-6527 4649 7337 1892 1375 -9500 -7455 567
7962 8599 8847 9282 6985 6134 -9500 -9258
3501 -2901 6514 -8915 7905 -9500 7460 -8616
-7049 9382 6377 -8944 -1683 3172 -7030 9500
4882 -5831 -1991 8221 4064 9500 8571 3498
-7213 9418 7368 -9500 7112 -9360 -8228 9495
-1145 -2572 6441 -3801 -4637 7865 -9024 9500
-782 -1094 6396 -8376 7902 -9500 -1817 3928
1850 905 8741 9141 -6709 -6442 -8849 -9500
8159 7744 8771 8025 9500 7629 5425 2962
-9031 -9500 5511 6522 2824 1600 -6026 -6987
-5751 1730 9500 -9211 5286 -1212 -9182 6333
2022 8373 -9500 -5202 -8611 -6061 8424 -4651
6312 9500 5526 8352 3598 5452 -5854 -8845
8719 -9500 -8575 9295 -943 287 2783 -3812
9500 -5561 -2631 -8941 -6285 7866 -343 9208
7883 9500 711 2266 -1077 -13 -5519 -5973
-5160 -8497 55 -8833 9500 4342 9048 5315
9189 8569 23 3361 -7241 -9500 -5031 -7937
2510 6643 9500 534 -7156 6369 -7049 6430
-7759 69 7838 605 7883 1585 1229 9500
5726 1655 4483 9500 -2965 1559 -7186 -3422
9466 -7605 8998 -9368 -7223 9500 2823 2427
7421 -7588 -6934 6053 9500 -8684 7908 -8022
963 -94 6340 9500 4677 7876 -5731 -9060
6055 -9421 -6125 9500 -3675 6498 -3518 6294
-1294 -1993 -1009 -1648 7787 9500 2921 3951
-2967 -7032 -9500 1728 -1718 6591 7634 -3745
8379 -6734 -9500 3580 4713 6365 8310 1922
2007 -9445 -2529 -9500 -7606 5090 5245 8232
7540 -6662 8518 -5411 9500 -223 -8946 -1822
-5723 3671 1940 1427 7413 -9500 5200 -8452
-7418 -6638 2217 1526 8763 8038 9500 9081
-9500 -471 -6178 6296 1730 8715 -4357 -8039
-1130 368 -9500 8360 -16 602 5533 -5188
-534 -384 -2855 -3776 -6473 -9500 -4811 -7240
8838 1787 9397 924 9500 733 7771 -5831
8261 -7185 3769 7495 -783 9500 -9432 4712
-5450 -7927 7456 9500 -6398 -6799 -7271 -9433
1952 9006 8650 4125 -556 -9500 -8504 8750
-7889 -9374 -6544 -9500 3818 7044 -3236 -1436
-3878 6194 6801 -5665 8406 -9500 -4373 2553
5499 -7417 -4901 6981 8440 -6455 9500 -9049
5076 -8449 8170 1973 2058 8859 -1987 9500
7991 9118 8536 9500 8955 8307 6941 5704
-400 -427 8406 5276 -5625 -3306 -9500 -5767
5959 -3848 -9500 8751 -8451 8692 -5544 6764
-7746 -5164 888 9500 3174 8833 6853 6257
-3384 1504 -551 -1726 7547 -9500 -4273 6690
8468 -8275 9004 -8441 9500 -8423 6925 -4158
9500 8610 -8130 -7915 -1265 78 9214 8562
5780 5616 7427 9500 -5272 -7453 -3394 -5462
9500 4105 8603 -3194 8316 -3494 4118 7097
-9088 3620 -9500 1824 9006 -3811 -1419 7760
8793 4260 -9500 -2477 -7070 -6553 8807 -3976
-3756 -1965 -2290 -829 8356 5682 -9500 -6673
-283 2346 7738 -8474 9500 -8761 8688 -7296
9500 -3073 -6964 -7141 -8720 -3742 -9324 -1563
7322 6703 9500 8055 -6078 -3842 -4866 -2786
-4919 7566 -9500 3596 -824 -7604 8002 -5872
9136 -349 9500 4086 7910 6676 5779 -4944
-8507 -8136 9479 650 8311 8667 -9500 -1147
7164 7731 8643 8610 9500 7244 507 -1794
3045 -7661 -5180 -8354 -9500 -4312 2485 8842
6535 8028 5453 8484 -7036 -9500 -4256 -7194
-6897 3015 289 9500 -5262 -8074 -5396 -7951
-6147 5257 -9500 6511 -9118 5891 8077 -4844
6521 7536 -7812 -9500 -5414 -6025 6858 8012
-8122 -196 -233 -9500 1066 -9113 5129 8638
8872 -1477 9500 6635 -8983 1259 -7259 -8961
-3903 -8818 446 -9500 7613 5418 -4703 -8394
1618 -9500 8452 -3965 8597 -3269 -8265 -1380
-951 -2804 7766 -9500 7360 -5436 -4523 7790
8524 5180 -9473 3634 -9309 -3455 9500 2870
-8801 -9500 6254 6015 6679 6526 7972 9009
8970 4094 9500 -4677 9461 -4828 7407 7211
3689 9166 -3786 9141 2208 -9500 6004 -8256
9099 5969 -8039 4857 -9471 -3538 9500 1646
-4885 5185 7733 -5997 -9500 8587 -7725 7389
9500 8324 9103 7992 5586 4954 -8883 -7743
6416 9206 841 -291 484 -777 -7051 -9500
6022 -8254 5166 -8839 9500 6146 9462 -4332
1027 1978 -8195 9500 -1648 -1098 -1073 -1912
-7941 -5350 -8843 -3660 9500 1078 -6599 -6941
-9500 -1359 -3237 -9474 6664 6548 3196 9498
-9500 1101 -8514 -2297 -3222 -6718 358 -7606
-4031 3195 -2746 1696 7797 -9500 -7507 9232
5918 -4029 -5921 -4256 -6202 3038 430 9500
-4154 2105 65 -3535 4752 -2982 -5435 9500
-9500 -203 -7491 -4102 4024 -6090 -8441 3114
4037 -6406 9500 1951 -1921 7291 -9103 921
-1737 -9500 -4534 7768 -6560 -4499 -5780 -6079
3396 -1361 -3462 4032 -4884 2611 9500 -6817
-6841 -4478 -9500 3914 -7149 7079 3637 6889
-7278 -6147 2879 9500 8008 5039 -5629 -7882
8302 -6116 8929 -6407 -9500 6311 -8966 5732
-6969 -9500 -9403 -4358 8427 8069 8583 231
-7425 -8378 -2818 8594 -5258 7579 -9500 4371
-9500 5504 8147 -4795 4253 -2657 -5648 2999
9500 -2028 8198 -5958 -3502 -8103 6305 6002
-7685 -2071 -6706 -4841 326 9500 -7930 203
1165 -9500 6671 3471 6104 4481 -2468 -8221
-8929 9500 -3248 1705 7670 -7297 6358 -5512
4925 -7774 1913 -9500 -8088 -1735 8016 -1994
8363 -9464 -6846 7384 2746 -4611 8388 -9500
-9500 5294 -1426 -1726 4239 -630 2096 1172
-3948 -9314 -5796 4856 7038 -2901 -2074 -9500
-623 -4279 3477 6795 5999 8643 7590 9500
3623 -7319 5863 -2759 -5932 9500 3127 -6835
-7072 -5726 -9500 -1130 6546 -7644 622 -9434
3827 -1199 7598 -7374 8958 -8034 9500 -8185
-1002 -3399 8227 8712 -8015 -9500 -7916 -9479
1093 -2426 2320 -3358 6537 -3514 -9500 5895
-2576 -1707 1569 224 6107 9500 3604 6727
3363 -7998 3587 -7847 3258 9500 884 -9200
-6554 7483 6406 8287 9500 -3349 -8047 -6740
7705 6143 6264 4790 1084 178 9500 8001
4160 8084 -9500 -2081 -7436 5485 2920 8495
8612 6697 -3303 -9406 -6973 -7968 2790 9500
-1343 2133 9500 6303 -6822 -8833 -8353 -4955
-3541 8529 -4707 7276 114 -9457 -464 9500
9446 -7392 9500 -7559 6812 -4874 7609 -5577
8650 -3118 -3765 9075 3485 9500 9064 -1418
-7858 4802 9500 -2047 -5575 6330 -6793 5657
-8269 9500 -7622 8584 7817 -9185 6183 -6784
2834 -2308 -8150 9500 -7926 8289 5041 -6331
6662 4820 -8601 -8945 9500 8644 8919 7636
8122 -9500 -6376 8087 -7820 8375 -6600 6640
-7704 8207 9397 -9500 242 -812 -8375 8832
-2994 9500 -8040 615 -7998 387 -7334 -1903
-4353 3555 8182 -9500 8631 -9250 6863 -6664
-5272 7935 -9073 2890 9500 3329 -2602 9408
9428 1830 706 -9500 -9378 -3959 -6344 5422
5562 9500 6822 -4689 654 -9441 -8830 948
-4192 7655 -9176 4126 9500 -3683 7901 6201
-4340 -2391 -7552 -4572 999 205 9500 6114
-3889 6256 -5317 6497 4223 -6689 6459 -9500
7732 -7790 2360 -9500 -2620 -7822 2383 7959
-1429 1587 -9500 -9454 -931 -4179 514 3734
-2111 3630 431 -1457 7176 -9500 -527 1583
-9353 -9500 -3380 -6179 -4677 -7251 -7907 -9420
-3030 -9500 -1005 8540 1819 -8209 144 -8840
-8723 -9342 -8571 -8401 8563 9500 6233 4630
-8250 2201 -8122 -1304 -8040 -1679 -89 9500
-9500 4932 -7872 9002 -4813 252 -8668 4015
-9500 408 8480 -3984 -4725 6331 -8759 3599
-9500 -6888 730 484 -5870 -4218 -8665 -6260
8672 9500 -4676 -4987 -104 -268 1109 1061
-3920 7434 -9500 -4005 -948 -8185 802 8189
8156 2224 863 -7605 -7920 -2543 -9500 3683
-4724 -6250 -6660 -8400 7450 9500 6129 7690
6451 -9165 6625 -9017 8016 5635 -9500 4461
1457 9500 4778 7603 4991 7384 -5158 -7200
-552 -2166 6845 -7892 9500 -8194 -4182 1305
9500 -8570 3144 -4961 -9462 8320 -9479 8387
-7726 -4364 -7348 -4770 9500 1496 2755 7695
369 -2628 -1786 357 -6758 9500 502 -2805
7349 7440 8101 9500 5055 4532 6180 5924
-9500 -4233 -4366 -9076 -2605 -9308 5871 -5920
1022 -9495 8797 841 -2202 9500 -1385 -8991
7601 -9500 -5740 8568 -5756 8579 -5988 4479
8602 336 3720 -9410 3524 -9500 3180 9132
-9225 299 2937 9149 2133 -9500 -5378 -7780
-5585 -3416 -6162 -4094 7876 9500 532 3103
-9500 -3447 5926 7923 8907 5416 9336 4328
3462 8971 32 9500 -2894 -9113 8686 -7068
7649 -6236 7121 -6765 -9500 3172 -6154 7547
6507 5269 -5596 6657 -9220 2553 -9500 1203
2676 -1923 -8534 9109 1027 -2263 8807 -9500
-8977 6144 5980 6709 9500 -5693 7536 -7079
6193 9500 374 -167 3033 3897 5581 7981
-6764 4847 -8014 -3584 -6390 -7082 -3121 -9500
-3452 -6486 2370 -7478 9165 -4769 -9500 4349
-9293 -2618 2573 -9280 4216 8405 -970 9500
-553 -9500 5315 8326 9060 -4547 7308 -6623
-6001 -6767 6265 -8643 -14 9500 -7576 7798
7030 5085 8739 7644 -9500 -8917 -1121 -4956
4729 -6813 -831 -1638 -9027 9500 8463 -7385
1266 -9500 78 9472 2545 8715 1464 -9481
-9500 -1887 -9007 1012 -6786 3881 -6425 4180
7028 7668 9187 4891 9500 -3679 -6858 7418
1321 9500 -6356 7336 -7539 4358 5171 -8738
4510 -8076 8068 8908 -8304 -8707 2025 -9500
-5581 7015 -6746 -8585 4089 9399 1333 9500
-3062 -4683 -7143 -9482 -7091 -9377 6993 9500
3647 -9500 6685 2037 -6291 -4352 -5222 -7332
-7084 -6561 8360 -4664 5345 -7851 -514 -9500
3917 -7457 -5364 5547 -5976 9500 2161 -462
-9500 505 2475 -8114 -5643 6814 -6125 6486
-8103 9500 6021 -8687 405 -3849 -8307 7826
-7910 -5981 -9500 4364 9135 2433 8233 -8627
5999 -8784 5142 -5932 -6933 9500 -2617 2190
-19 920 -9500 6764 9485 -6416 9231 -6144
8784 -1325 -9500 -2963 -9386 -4014 8733 -1459
7650 9156 -5395 -5366 -7701 -9500 -6855 -9186
9500 8840 8559 8412 6144 6568 -400 806
508 -966 -3163 3493 -5596 5784 -9500 9383
-8475 -5327 9500 3621 -5955 4398 -8614 -5172
-4277 -5610 -8256 -9037 8649 9330 8891 9500
3852 5330 1863 2982 -7741 -9318 -7822 -9500
9315 -2389 9204 -2730 7794 -5752 -9500 1745
-5159 -6946 -6103 -6259 7465 5067 5540 -9500
-4480 -2197 -8759 -9500 1214 -878 6148 7374
5609 6298 7219 9500 -5298 -5837 -5401 -5988
9500 -9265 -5654 4575 7091 -6041 7873 -6859
9500 -3387 4387 7163 -9172 -2129 5700 -7618
-5709 -5500 3143 -9500 -6582 5282 -6119 -4668
9013 -9500 4791 -6448 3184 -5150 -44 2464
-1003 1567 6466 -9500 -5545 8127 -5805 8515
7336 -8219 -3221 9500 1311 7508 6466 1772
-8520 7825 6406 6432 7426 -9500 -9318 447
9021 -1030 -4236 -8986 -8551 2579 2261 9500
-8009 7780 -9412 9500 -6285 6538 -4320 3994
685 9500 -412 9222 -7962 -244 -6298 -7635
1285 9453 1514 9426 -7154 -6128 426 9500
5846 9500 -5712 6540 -7373 4407 7273 8423
9500 -5039 6712 -8054 6994 -7832 7716 -7198
-9440 9500 -6490 7064 3555 -2879 9423 -9419
6879 -5250 -4128 8225 -2975 8912 2384 9500
1221 7576 -9500 3654 -2666 -7370 8853 -4412
-4934 8494 -9500 4429 -2626 -9095 754 9414
6282 7243 -2618 -8661 9500 3417 7841 5965
-6064 -5310 -4570 7622 -583 9499 -575 9500
5055 4275 -9500 -8732 -8765 -8431 1890 1254
-2216 573 -8714 -6488 -9500 -8480 4862 2002
4409 -1625 9279 -9500 -8332 9027 -3706 5737
-4168 -4452 -1750 -1967 8765 9500 8754 9489
-9500 6784 -930 2429 5583 -5822 4740 -5240
6053 4795 8805 -2312 7213 -7653 849 -9500
6172 -5384 -7727 3841 -3033 7160 9500 1623
-3574 -3401 -7778 -8813 8653 9500 8144 9157
-7493 -8415 2893 3785 -8768 -9500 -8662 -9434
-8061 9500 -7648 9050 -4971 5197 -5915 6294
1935 3851 9500 9235 9364 8624 -1976 -3889
-9500 -4825 -7273 3955 8879 5743 -5833 -7735
-5053 -7119 8995 9500 -1473 125 -7932 -7867
8653 -1933 3975 -5504 -5107 -5854 -9500 -1060
5143 6626 8750 9500 7914 8093 -8566 -9081
-8507 -6933 5698 2349 9500 6251 9396 7082
-7816 -7520 9500 9010 7547 7113 -2805 -2782
-6427 -9500 5119 6227 1197 2950 895 2538
-9500 5975 8194 -7043 3531 -9372 3463 -9393
-6663 -5411 -9500 -7251 7188 5786 9366 7234
-5650 -5585 -4172 -4059 1108 1346 9221 9500
5612 -5585 -9500 6814 -5899 3554 -2939 1062
5621 -9500 3960 -7360 -5856 9318 5404 -8242
6459 9468 8230 -4656 -8690 -5975 -9500 -805
-6682 -8929 -2281 -9500 8372 7887 1262 9350
3029 -3575 6870 -9500 6488 -8606 5060 -6470
304 -296 -7126 -9223 7501 9500 2081 1976
1588 9500 4043 7808 6729 4256 -5863 -5697
-9235 -5470 6123 2746 9500 7192 4798 4826
6555 -8639 -7037 9410 -7083 9500 427 -83
-788 8 8610 -9500 -6743 7005 -2604 2082
7970 8462 -7946 -9500 -5444 -7521 6756 6549
7879 9500 8921 -5890 -8089 -9370 -9388 5335
7630 -502 -7994 -424 3503 9500 4604 9436
-379 -3593 7587 9500 -6842 -5994 -7730 -7803
2158 9374 3526 8560 -1867 -9500 -5705 7342
6086 -7858 3527 -4574 -7382 9500 7366 -9494
-9069 -9500 -8269 -8893 -5223 -5961 8624 8815
-7548 224 -1900 -9500 -5855 6658 -7263 3192
1507 7415 9220 584 -9500 924 -9196 3310
1772 7967 555 8256 -9500 846 -8907 -1774
9500 -3270 -8388 -3973 6753 5883 9219 2425
3338 -6308 -9500 8084 -4021 6865 6847 -8911
6286 5747 9429 9500 -5453 -5829 -4322 -4749
-9479 359 -9500 127 1711 -8078 4207 7624
2880 -8913 -7140 6926 -9500 -4673 -1861 -9164
-9500 -968 6341 7128 3958 8524 -1302 9032
9114 3415 8609 4651 -6761 5788 -9500 -703
1763 -9500 8536 2663 -5285 8903 -8472 6341
1948 -6324 1879 2216 -4218 8698 -4996 9500
-5862 526 -3927 -1152 1051 3494 -7604 9500
600 215 9500 -8033 -8504 7570 -1546 2035
4690 -7936 4658 -7939 -9500 6214 -2047 7902
-9191 -8900 6790 3635 9500 8674 3421 5982
-1968 -2635 -9208 -9500 1706 2373 6412 6986
-3255 1460 -9500 8254 -3289 4572 6758 -7431
-769 548 9500 7279 -4569 -4500 -1346 99
8113 3411 9500 -109 6414 -9437 -7960 -3679
-9500 -2726 3097 7658 1920 -8794 -144 -8540
5630 -4000 6702 -5211 -9500 9401 4380 -2641
-8653 -4659 -8983 4821 9323 3167 4068 -9500
-1517 -348 -2601 -3976 8774 9500 8321 9264
9493 -9500 -8111 7689 8747 -8897 9172 -9254
-7822 9500 -4278 6796 5412 -4739 745 -3005
-4897 -2006 -9144 -5768 -9500 -8527 -5616 -6038
8918 -5371 -9456 -1706 -9500 -1457 9496 -3210
-3507 -3128 8285 9500 -7972 -9215 -5481 -5421
4550 -4392 9500 -6922 6899 -4032 -6020 3294
6390 -9464 -9336 3877 -9500 1620 -3889 -9384
8896 -7623 9500 -8173 1147 -1295 -634 845
6098 3816 -1909 9500 -2787 -8760 6546 -2669
8357 -9500 4793 -5522 1520 -1653 7952 -9026
3660 4344 -2419 -3132 -9224 -9500 -4346 -3693
-5159 -8229 -4699 -7648 7266 9500 3788 6477
2781 1353 5867 5522 -9500 -7816 -2751 -3148
6145 7669 -5287 8494 400 9500 1373 9400
-9500 -3057 -9359 2799 -2049 7954 3001 -7726
4766 -7229 2125 -9500 -3936 -8806 -6165 -5794
-8066 -3206 -9500 -687 -4266 7681 -6127 -5104
-104 -8453 -2238 8028 -9500 252 -2318 -8384
3859 5588 6240 690 6649 -1150 -2220 9500
-9500 -449 4950 6653 8760 2707 -4558 -6871
4894 -8192 -9500 2138 4743 7693 9309 1825
6718 -6842 -8813 8062 -3798 4231 9500 -8998
-7989 8154 6604 -7696 -934 1899 -8946 9500
-9500 8043 9096 -7749 -7933 6809 -9490 8041
9372 3956 -9159 -4620 8033 -6590 9500 -3016
7512 5672 -9500 -7273 -1480 -917 9036 6896
9486 -9500 -5866 3890 -527 2711 1674 564
-7548 9500 1224 -1667 3904 -4744 -6063 7671
-6030 7593 -8906 3887 9500 2106 -3384 9076
9480 -3739 -4153 -6190 3702 6520 9500 -2836
8732 5120 -530 -1511 -2060 -2499 -9500 -5779
6732 -552 -1315 -9500 4553 -6203 5373 -4860
2809 -9386 4950 -7681 -2568 9500 -4386 -7832
-1972 8909 -9500 -3395 9197 533 7689 8244
-9500 -7518 8388 7700 7428 4706 -4160 -5166
-2526 9237 1274 -9500 -2888 -9128 -3960 -8702
8229 -565 -6115 -6536 -2600 9282 -1955 9500
5661 4865 9500 9336 -4312 -4701 3562 2798
-8423 -7702 -9500 -8212 2765 2992 7141 6677
-4558 -5739 5283 6420 -5326 -4363 -9500 -9444
8908 8715 9228 9500 -4289 -1556 -6028 -3931
6734 -7581 6221 -4522 -9500 8850 -3708 1868
5515 3549 7357 9149 3263 5883 -8009 -9500
9500 -3913 3946 -7626 -3362 -6466 7729 3308
7147 9317 7606 9500 5253 2678 1392 4818
8658 6054 8915 5468 -7915 -7208 2230 9500
9500 6492 5157 1958 -2418 -4702 3288 5392
-7934 -392 1428 9500 -3755 8542 -7738 2226
8492 -9500 5112 -6078 -7246 8406 -2337 2991
1204 8798 -2788 8287 9500 -3690 6716 7382
2668 -4298 9500 -8535 2628 449 1431 -3436
-826 311 -6023 9500 -4678 7725 6459 -9454
-3159 9500 5510 4350 7473 513 8090 -2345
7303 9500 -4747 -7657 -7547 -8446 -3790 -2277
-2085 3378 -8546 9500 8290 -8770 -912 2120
-596 1972 2026 -812 5428 -6838 -8339 9500
-4493 7995 8315 -2486 542 -9500 -6891 -6093
-9206 -2411 -6230 -9500 4613 -8734 6131 -7095
6958 8177 -6818 -8303 -9500 4045 -9180 4748
9243 -1461 -9500 -1409 -9448 -1751 -7111 -5783
9500 -683 -7216 -6036 -995 -7961 6054 -5555
9202 -1939 8381 -9153 -9500 3150 -8400 9132
-6215 -8276 331 2534 1975 4238 9371 9500
6009 6836 7127 -7624 -6531 -6133 -5248 9500
1768 3885 9488 9430 -9208 -9500 -6334 -4480
5632 8635 9500 -1149 -9461 -4062 -5463 7119
9213 -3342 -2920 -8414 -7837 -3771 -2464 9500
5796 -8228 -3976 6701 -8106 9500 -8458 8849
-3353 -661 -6778 -5007 -8295 -7388 8942 9500
8522 -3228 8502 -3277 6780 -6384 9500 1262
-8863 8032 9153 -8576 5960 -3323 -9500 9263
5469 7517 9207 7924 -4621 -6855 -8618 -9500
6423 -5321 -3562 8303 -1779 -9352 -342 -9500
8948 3930 -7533 3628 -9500 -1059 8940 -1333
-6495 3920 -1087 9500 -1179 -9474 -7031 1429
-9009 3833 8582 -4966 8156 -5927 -9500 2180
8165 -9500 3984 -5006 -4308 5366 1030 -677
8725 3680 1524 9171 -4154 9500 -7363 -5450
-3986 -9300 -3497 -9500 5260 -6467 -5772 5821
-2714 -8110 6346 7633 -4298 6351 -9500 -5806
-4741 -7052 2563 -9500 -3140 -8741 -3511 -8430
-7118 -4013 -67 -9500 7468 -4238 8087 -1169
-1977 -1584 9335 6753 9500 6769 4866 3344
-9500 3870 -5961 -6663 6150 6581 -9387 3998
-9183 9500 6154 -4868 3472 -4267 -8203 6864
6074 -6077 -7393 -5639 898 8337 9500 917
3721 -5761 7816 -9024 8721 -9500 -3991 6002
-2448 -1868 -4472 7244 -4028 6970 9500 -8480
-8443 -3514 9500 348 7473 -4674 -2407 -7350
2586 8293 -9500 -4141 -1477 -8438 3911 -7814
642 9231 3019 9500 -4918 -9141 -8508 -5200
4789 -8743 9500 -5289 3212 6058 -8081 -978
7993 -5434 8111 -5939 -9156 6346 -9500 6638
-566 2631 -7077 9500 -6550 8506 -5684 6988
4367 8358 7733 -1174 -7405 -4108 358 9500
-8539 -5664 -7323 5689 -701 9391 1805 9500
1076 9500 -4839 7161 7042 2547 6766 3629
842 -9090 9500 -6282 -5006 -6888 -1603 -8510
8936 -8079 9500 -7476 5736 -3108 -8589 7953
-1273 -9500 7457 4554 6154 7077 4456 8608
9500 9029 8014 7955 -5299 -4775 -6011 -6103
1086 9500 7469 -2806 -3280 -8022 -7483 1452
-3782 8094 -4649 7541 -8935 2378 2 9500
9500 -8311 -2026 1400 -9458 8386 9067 -7854
-5156 -5114 -4743 8943 3383 7305 3692 -9500
5362 4965 5432 5944 2624 3170 -9167 -9500
-6945 9350 6947 -9500 584 -1482 -5853 7565
-5541 -6005 3821 4612 9500 9023 4032 2146
-7297 1069 3687 9387 -2731 -9500 -7230 -6629
-9288 9500 -7052 8776 7355 -8915 -5 -4014
-7210 -9500 -2153 -5170 244 -2661 -5937 -4264
9500 -5696 -5048 -5947 -8879 7313 2216 8195
8883 2113 -8557 -3076 -5855 9500 6734 6409
-1110 9500 -7501 4086 -4115 -8680 8226 -1918
8534 -6127 5779 6419 -8319 6379 -9500 -1573
13 3650 7448 4610 8101 5567 9500 9036
-4336 5895 4408 6412 -473 -9500 -1118 -9399
5447 -4770 1475 -9500 -6107 3119 6920 2700
-1332 9411 -901 9500 -6906 -7076 -4689 7934
9007 -256 2835 8134 1258 -9500 8966 -4333
-5926 -6147 -9500 5269 5699 6375 9076 -6365
-4266 8622 5197 -8439 -6937 -4162 -9500 4890
-89 9500 2085 9442 -8303 2559 -6731 5552
6497 -9500 -4833 6348 2466 -2814 4595 -5985
5670 -6458 8083 -8973 8457 -9357 9003 -9500
-9137 9338 -9409 6777 9500 -9077 4588 150
-9298 9500 3477 -4864 -331 -940 -8942 8966
-9475 -3029 -9500 -2954 8140 5327 3372 -7455
453 -9500 -6519 3418 -7190 299 -3325 -8883
9500 711 -324 -7502 -8935 -2351 -7378 5179
-9500 -939 -9446 127 -8434 2974 9332 -761
-7249 -2424 -103 9500 4680 7963 2994 -8277
3915 6054 -2503 -4588 -7750 -9500 194 2064
4994 -7418 6558 2583 1903 8819 -842 9500
9179 2339 -9074 -6944 2787 9500 9477 5102
-2048 -9500 8072 -3231 4377 8816 2388 9448
-4048 2450 -7525 7761 2652 -1094 9500 -8898
-1849 -138 -6077 -6312 3295 1365 9500 8914
192 8110 2427 8419 9500 1923 -8079 -6335
-9374 1629 1833 8510 9500 -1424 -2215 -8553
-9263 -1335 4905 9500 6846 -8292 -5822 -8660
8238 -9500 1589 -2600 -4382 4589 678 -92
6188 -8476 4628 -9500 -7754 2693 6533 -8077
4931 6437 9440 2736 8752 -833 -9500 -1310
6298 -6941 -2996 9500 -8063 3478 -8417 1836
9500 8112 5379 5777 8163 7703 8195 7723
-9500 66 9369 -2537 3386 5549 157 6325
2869 9500 6177 7873 -3787 -9191 -8595 -5316
-9500 -3473 2425 -4192 -1897 4694 -5030 1589
2361 -9500 -6689 -6379 -9214 -1237 5249 7701
-4996 8024 7437 3746 529 -9500 -8378 908
-7443 -7725 -7181 3987 -1353 -9457 -3451 -9500
6468 7680 -1888 -3505 9054 9500 8664 9316
3743 -1231 -9171 8612 8857 -9500 4776 -2400
9500 -7166 8341 -5239 3985 62 2714 1375
9500 8137 6375 8394 -5309 -1693 1550 -2224
7912 -8636 -472 339 -8727 9500 -6579 7219
-2661 9500 6063 -6088 -8052 2685 -6031 6131
719 433 -2601 -2579 -5027 -4769 -9500 -8761
2565 -5872 -9500 221 6757 -4158 3510 -5639
-4102 4622 -1950 1841 8766 -9500 6424 -6692
-5810 -7265 168 -9500 5634 7411 3124 8869
6803 -3776 6334 9500 -5906 4922 -7449 -8804
8801 525 7770 2403 2512 7368 9500 -5041
-9023 3897 -2778 9500 6328 -7714 5883 -8058
-7409 1826 -1267 9500 6165 -5588 -7163 -2937
-8688 9500 37 -4680 8050 -5390 -3860 7822
-8714 8177 9500 -8354 1335 873 -6012 6611
5006 8845 -9500 -1969 8503 -2169 6665 7965
9322 -3867 8604 -5737 1180 9500 6643 5977
9306 3231 9500 -2873 1558 -9455 1329 -9485
-9412 2752 1924 8682 3547 7956 -9500 1171
2159 -9500 -8039 3837 8386 1060 8509 -1216
-8632 -712 -1676 8837 4679 9500 7093 7821
4522 -9500 -8674 -1008 -8667 3356 -7631 6288
-1676 -9500 -9178 2984 9191 -1494 8558 -5721
9307 9114 8703 8401 -9451 -9236 -9500 -9273
-2521 -8541 -3344 -7602 -1617 9500 1724 9168
6736 -7578 8249 -9329 -8348 9500 6534 -7345
-9500 3629 1876 -7140 -8219 4707 -8940 4146
-2332 2106 -9500 5512 6160 -4215 7506 -4903
-8945 -4188 9500 485 9275 -735 -6578 -7060
-6830 -4318 -9500 -7245 707 1702 247 1359
-8984 -1614 -78 -7216 9500 -1440 -9024 3131
-5796 9500 6417 6064 8778 1308 -9261 2156
-5161 6905 5806 -7786 7058 -9500 4600 -6362
-9438 3222 -9500 1574 -9171 -575 7892 3668
4190 5499 8197 7135 7485 6285 -9271 -9500
-4253 -2144 -9500 -7065 -928 -2343 2961 997
-2828 -9500 -6977 -4864 -6745 2079 -4915 5802
5542 5083 -7684 -9034 -4474 -3789 8496 9500
8718 2511 921 8803 -3403 8814 9500 -2035
-8074 -5936 -746 -8571 9500 3902 -8667 -5263
3279 -8596 6369 -6461 125 9500 -98 -9498
4349 -4305 -6875 6751 -9500 9251 70 -144
9500 7707 -8209 -6034 4759 2528 8568 6449
6343 8294 -5228 9500 -8016 -5246 8417 4019
8510 9500 9078 9187 -161 -849 -5098 -4793
4191 8449 243 9500 -5020 9271 9371 -7167
-2378 1164 2702 -1472 7959 -6743 9500 -8800
9500 -2404 1589 8936 -9395 2774 -8939 -3396
3829 -4883 -3939 2061 -9500 8779 -4128 5128
-9500 -4643 3638 -7131 6251 -5296 -3125 7396
9380 -9500 -4789 3745 -8175 8845 8613 -8172
7653 8960 -7958 -9132 9113 8247 8865 9500
2338 4591 -9500 -8372 -8177 -5531 -485 2277
8259 4911 9500 5788 -6448 -4751 7778 4576
7780 -2371 4576 -9370 4445 -9500 -7506 -3770
-8276 -6309 5013 3229 3782 2096 -9500 -7504
-8887 -763 2711 -8611 6229 -7782 -9500 2283
1406 -6975 -5599 5697 -2622 6756 9500 -1991
9500 430 2004 8753 -3783 8034 -8131 -4856
7416 -7510 -8236 8672 -8732 9500 2191 -1096
9500 8419 8276 7877 -8889 -8253 4659 3061
-8753 3392 -8735 3449 -5918 -9500 -7914 -6961
7379 -5048 6479 -7202 -3680 9500 460 9281
-7859 9068 5171 9500 6890 8898 -9162 -7782
4502 7758 -7685 2146 4047 -9500 7289 -4555
1910 -9500 -3232 -7900 -5770 -5302 3127 -9283
-5955 8404 8713 1711 4440 -9102 1812 -9500
-3127 -9323 -8922 -4982 1208 9500 6132 8118
1297 1236 -9500 8696 -5514 3164 9228 -8050
-7406 -5694 9500 -6410 7553 -8403 6553 -9003
8533 -7652 -8766 -6109 -7157 -7239 -21 -9500
-6445 -7697 6546 2845 9500 5932 -8826 -9120
-9354 -7180 -9500 -7203 -3517 -1027 -2843 -507
7989 -7086 -2 -9101 -9065 5833 9500 -5090
9438 5638 -1481 -9500 -436 9258 6801 8260
-6068 2121 -9349 7603 -6516 9500 2669 -6913
-7820 8966 -6731 7668 5930 -6726 -8232 9500
-8610 -6641 -9500 -7094 2681 3050 319 -1046
-3425 -7840 -353 -8485 -9500 2880 -9330 -2524
1790 3583 9500 9003 9429 8890 8691 7839
-9365 758 9500 838 8974 3576 2621 8648
9500 6709 -6064 -3802 -2001 -2421 7580 5049
7991 -8476 -9500 -5656 -9225 7784 3562 8975
-9500 -8603 6568 2532 7443 3533 6065 7622
9191 -8662 6014 -9500 -9345 8910 8331 -7344
-8403 2498 7328 -4839 1095 9500 -5447 7099
-5755 2989 -9397 7135 -9500 7265 6285 -8050
9500 8791 8885 7224 39 -875 -2683 -3230
1521 9245 2426 8721 4912 -9500 -1166 -9417
-2889 9500 -3240 -7656 2913 -9493 3738 7173
-9500 -8731 8493 7109 9481 8456 -8706 -7363
-8435 -3946 -4836 -8986 -4052 -9500 -8951 -1826
-9500 465 -6699 7497 -3453 9176 -3018 9278
-6537 4354 8264 8662 9500 5785 -8845 21
5950 -8264 7008 -9500 3926 -3565 -5915 6007
9500 -2534 -6029 6193 987 6285 8031 2008
7345 -9500 4708 -7328 1108 -3715 4453 -2772
-9500 -1881 9100 -5652 -4040 -9487 -7085 -6725
-9462 13 9500 -1368 9053 -4408 7330 -7923
-5245 9500 -8154 -2849 -6543 8246 -6329 8495
7189 5663 -2910 9500 -5046 7649 -6187 6062
715 -2914 -7442 -9500 -1505 1934 3491 7418
-9500 939 8481 1383 9392 -537 1283 -7113
5933 -3878 -477 -7781 6646 7805 9500 2698
6824 -5528 1198 9500 -3098 8408 -6869 -7584
2998 4352 -1453 -3012 9091 7762 9500 8511
3994 -3079 -8371 9500 -966 2593 1766 -460
7282 6343 -6638 4024 -5618 5924 5093 9500
9315 -6314 -3325 4455 -4294 5223 -9500 9171
-4968 -7354 9500 5464 -5301 -1103 -7310 -3089
3340 -6127 -2544 6365 9500 970 4288 -5765
-6888 -7153 -8449 -854 6259 -9170 6045 -9500
2499 8647 -6532 -4079 -7543 3429 -2353 9500
9149 -3145 -9500 1597 -6026 7082 2706 7978
-9500 -1231 4617 -8137 7519 -6451 8750 -5005
4460 -9044 9129 -2281 -9500 -3575 -8412 -6700
2145 9117 -3563 -8635 -9500 2751 -4010 8799
9214 -8426 8123 -7720 -6113 6177 9500 -8340
7647 7863 -6783 -9500 9015 506 8465 5468
9410 -1728 -3141 9105 -9500 990 2099 -9383
-1315 1272 -8093 9182 -8287 9500 570 -883
-8246 -4714 9311 2669 -8433 3084 -9500 -1887
-9500 8437 -8512 7400 2443 -1848 -9166 8215
9500 6845 9089 6777 -5721 -3954 -9220 -6866
9412 1741 -6042 8667 -9500 2844 -9454 -1547
988 2061 -2796 -429 -9315 6102 -9500 6310
5829 4861 -3413 -5734 9500 -3732 9266 2493
-7900 8313 9500 -8622 1452 -2796 -2069 546
-2820 -9252 -7240 -7304 3155 9183 9500 4738
-7833 6888 -7304 -4702 -1307 -9500 8795 -5014
-1193 9500 -252 9237 2888 7554 -2174 -8050
-8542 8145 6339 -9500 6213 6924 -7114 9132
9055 8027 5461 3366 -3005 -5140 -8968 -9500
9500 4506 -6958 -8548 -7278 5568 -5008 7901
4807 -8587 9053 2420 -532 9500 4610 -8680
6233 -8844 -5023 9500 9404 -6322 6618 -8606
1370 -1704 -1054 1888 -6399 9500 -6375 9402
6547 7290 -7048 8017 -9500 -705 9405 1313
-4430 -4114 6112 9500 3041 6418 -3549 -2680
9391 1331 5315 -8044 8268 -5025 9500 539
9500 -7714 4875 -2306 -6565 7942 -7874 8847
1449 -9500 -8596 5284 -5586 8591 7928 3206
-9500 7848 6212 -5334 -3624 2488 -6565 4894
8046 4098 8001 4172 3903 8080 -9500 457
6744 -5353 3718 -7672 -9500 -3495 -8082 3664
7468 9500 -525 1441 -4782 -3503 -553 -2627
227 -2209 9219 -9435 9500 -9050 3977 -2046
8916 -9282 -7869 8305 -9151 9500 8040 -8465
-3894 7396 -2410 -2344 -4661 -83 -8395 9500
5321 7397 -5086 -3125 -8465 -9500 1302 -1111
9320 -5463 -6527 8632 -9500 5066 7161 -8174
8365 7375 -6059 6215 -7451 -8305 9500 5361
4265 5403 7452 9500 4528 5802 -4501 -5704
-6770 6554 -8185 7579 -1349 157 9500 -8268
-3164 -5095 -5583 -9500 1370 2026 5403 9225
9500 -5224 8208 -6344 -7888 -6883 -5408 7897
7090 7330 -9500 -3161 1050 -8834 8451 -2960
8255 2988 8857 1493 9500 -1571 5434 7041
9500 6067 3430 3709 -2744 -436 928 -845
8962 5758 -9500 2285 -6030 6705 6621 7988
742 -8307 -9500 -481 4655 7380 1514 -8210
-9500 -7142 -8527 -6435 3160 2289 -4737 -3477
8719 6403 72 396 8256 6362 9500 7110
3196 -4879 -7592 2987 9500 951 8368 -2313
-3310 1477 -5202 3966 -6775 9500 8551 -9196
-6913 -5374 7325 4350 -4735 9500 -7830 -2599
-8736 -7096 1928 9234 9500 -701 -52 -8867
4355 -6084 -7783 9500 -4137 5843 5651 -7480
6639 6699 9436 9500 -3050 -3097 -5311 -5309
-9313 7446 9500 -8629 2159 -3363 -2222 402
-5258 4492 -5412 6143 9500 -9329 4860 -5625
-8600 4719 8905 -4973 9500 -5575 5916 -4311
7491 7169 1012 2782 -102 -2074 9500 7842
-9500 4382 -6361 -6574 8343 -6574 7265 5613
7877 -5296 -5312 9347 -7928 4369 2046 -9500
9500 -8850 963 -1530 -9082 8629 -8852 8459
-3779 5687 6053 -7751 -9500 9325 -6388 8039
-1551 9500 675 9446 4297 -7911 -5624 6015
-7492 -5327 -4126 -2469 -8553 -5574 -9500 -6260
6861 -6089 -6340 7127 -9500 9378 3542 -4534
-5583 6923 -9500 456 -8813 -2138 3296 -7718
-1286 -7921 7539 -4046 8344 5700 -9500 1252
4917 -8550 2762 9039 -3762 9500 -5955 -5110
9500 -7792 7134 -4920 4400 -5215 5929 -6339
3777 3910 8377 9089 8670 9500 -6209 -6957
6812 7842 4580 9318 3594 9500 7566 6581
8745 -1867 -9500 -3333 6172 8167 9341 -126
-5694 -8191 -7478 -9500 -5773 -5977 7242 9449
7602 9500 -7626 -9420 -4213 -4489 -154 688
823 9178 2242 -9227 -4762 -7631 -9500 -310
-9500 605 -9431 -866 3124 -8175 8833 -3392
5644 -9028 46 267 -3931 6610 5856 -9500
-739 -262 -9500 -7690 -6861 -5898 6658 5736
9493 -7667 9280 -7284 -883 4940 9500 -7680
4823 9500 -6686 -8650 -8047 3195 -588 9295
-9500 -4522 4575 -5305 6029 -3655 -2868 6852
-8470 -9500 25 -364 6530 7618 -4239 -4441
-1589 -9500 8394 1222 8291 6417 -8682 -4691
-8021 9013 8370 -9500 -1682 2309 -8118 9344
7643 -9408 -7435 9500 -3557 6710 -3435 6590
3182 3778 -7289 -9500 -7559 -9462 -3504 -4193
-7399 8143 9500 553 8696 -6636 -7254 -4930
1173 9500 4823 7724 5510 -4484 -6889 -1106
9500 -4567 -2677 -7732 -6742 -4680 -9459 -21
-9500 574 5019 -7537 2899 -8320 -8333 -3719
-7641 -6671 -2674 -4005 -7704 -8559 -8891 -9500
6691 -7314 4095 -1587 3312 -849 -9500 7512
-8005 7108 -663 436 -9500 8721 -8574 7628
9480 5482 -8447 -8783 -9500 -5335 -4127 9219
-1917 -1048 9266 8953 9500 9043 -3221 -2313
6909 5670 4871 9500 -7533 -2768 7362 3876
1389 4342 9500 8418 9265 7912 -3971 -997
4694 9183 -812 9500 -8697 1524 -5191 -8939
-9500 2221 -1179 -7883 2068 7747 -8689 3880
-9197 -6385 -9380 -6552 -5079 -4033 9500 6673
-3659 -4797 4231 5523 -5237 -6590 -7475 -9500
1338 3013 1416 3099 -7643 -9500 -3986 -3098
-9500 205 9373 -1401 -6037 -6348 -8927 -2787
1346 7727 -7214 6966 9500 -4027 3313 6928
-9500 3412 5564 -8442 -4337 8839 -4489 8802
8144 9500 7451 8853 3971 4986 7770 8938
-4365 -1020 -735 2046 1471 3727 9500 6665
5287 -4502 -324 398 -9500 7886 -4557 3676
2296 -9500 6592 -1217 4262 9088 -4492 7039
-8455 3596 4469 6950 747 9500 -5231 9285
9500 -8725 5681 -4774 1095 -228 -1466 2249
9305 -24 -9500 -999 4077 -7228 7535 -3849
-9406 -7946 -4560 -2359 -6373 -6929 -9500 -8268
-4025 -5077 -9500 -9390 3113 4266 -3424 -4545
6040 7868 8633 3287 -3438 -9500 -7287 5115
7568 8477 -3162 9500 6667 -7096 8307 7758
-3123 4998 8205 -9500 -6833 7248 -7324 9285
-9184 2241 -6338 5631 7085 -5089 -9500 870
-9164 -2987 9004 3410 -8710 2549 -9500 -1344
-6190 -7522 -8271 -9500 3087 4247 5901 5998
-6732 -3812 -4674 5896 -2350 -9500 -5895 -6384
-185 -3006 -3407 304 -7351 5044 -9500 9453
8572 -2778 9500 559 1901 8962 5129 -6837
1068 9500 -3393 7791 -7238 737 7316 2670
8942 -7097 -7046 5988 -9452 7696 -9500 7701
3246 2939 1864 1586 -9500 -9294 -4780 -4448
9500 380 5658 -7584 -8734 3421 8266 5232
-9197 9500 8096 -6043 -2731 4824 -8098 8918
850 11 -9500 -7415 -8278 -5927 8865 7027
-7318 7644 1539 -2831 8411 -9500 -3981 5453
-6090 -5346 3898 5346 8712 9500 4362 3344
1951 5170 3807 7538 -9078 -9500 -3007 -1292
-2645 2952 -8657 8930 -9500 9481 7604 -7495
5650 -7484 -8170 1335 -4959 -7165 2005 -9500
-8657 -9500 -2277 -1491 686 1887 3539 2970
8725 -4940 -9500 7796 -7796 9444 -446 5792
7368 -7320 9499 -9500 -8773 9009 -8206 8441
9500 9355 -5286 -3268 -7027 -5387 -7487 -8971
-1773 9487 -3701 -8364 7376 -4832 -1702 9500
9500 2286 -6303 7457 6016 8617 6556 8147
-9448 -2245 5336 -6297 -7577 4064 -9500 -1291
9500 7461 -5361 -516 2525 6521 8307 9000
-4791 4247 -8920 7965 9500 -8467 9325 -8322
9500 8786 -7163 -8872 -7521 -9049 5924 8146
2554 2224 6184 7377 -6894 -9500 1852 1275
3625 3861 9500 8738 837 384 -7173 -6476
2795 6154 -2244 -907 -5419 -6147 -6951 -9500
5676 -6282 -7855 -6929 -9500 -4333 1982 9143
-8388 949 2550 -9500 -974 9335 -1030 9346
8260 -9500 8224 -9222 -7264 9299 2203 -4505
-6163 6927 -9500 9275 -2815 325 2450 -10
-9500 9152 -8327 7770 -8310 7751 134 574
-6011 7259 220 9500 6845 3263 4847 -8424
2013 -2858 7071 -8410 8515 -9500 5673 -6005
-9500 -7775 -6854 -4213 8493 5656 -8800 -7383
3164 -8588 -7645 -8865 -1454 9155 9500 -4302
7957 9500 2154 2004 -7018 -8138 -3974 -4247
8415 2543 6603 -7830 -2759 -9500 6463 6370
-6102 -8142 -6891 -9500 -6095 -8507 4442 6344
-8838 8347 9285 -8373 9500 -8771 5517 -5580
9500 822 -3420 -8281 3738 8284 9247 5610
-9466 -311 -9500 -596 3991 -7079 -7011 4707
-6115 -6394 -6012 -6513 9309 -4821 -9500 3663
9500 -1080 9215 -3945 1983 -8986 756 8645
7787 -5033 5850 -6703 -2660 -9500 -3943 -9412
3192 -9500 9245 -8078 -1236 9483 -4930 -8176
3607 2463 3056 3035 -9500 -7717 -7811 -6755
-9102 -5717 -8785 3665 9500 -724 -8073 -8150
-9500 -2026 -7341 -5562 7 -7084 -4255 5743
5228 -4252 8120 -6207 -9500 6859 3183 -2812
8532 9500 8206 9011 -5949 -6844 4459 5235
-7499 9500 -5466 6721 5696 -7579 -6219 8219
-4670 6894 4802 -1165 -5200 1585 -9500 8785
-4537 -8006 2780 9001 9359 3259 7688 -9500
-8343 7866 1885 -3410 9500 -7719 6204 -3743
8925 -6488 7540 -6306 -9500 7022 -142 874
8155 -5818 -8465 5282 -9500 655 -9188 -1510
-8328 9500 -3793 4215 7875 -8896 -3230 3766
-7157 9500 -7298 8230 -4646 4645 3620 -3314
-5130 -5212 -7354 -5567 -6103 -4382 9500 8298
-7956 -9496 -6844 -9500 7715 8736 -5962 -5629
-962 821 1882 3299 9500 7627 4258 2211
-2967 -2203 3446 4863 -7823 -9411 -9147 -9500
7347 -4289 7423 -1018 7073 1256 4986 -9500
268 -2625 5819 4030 6882 5562 -8145 -9500
-5347 -4050 8904 6851 9500 7420 7865 6180
8712 -3730 -8810 -6507 -9500 1065 8553 7053
-1232 -4663 7847 9500 5834 9095 130 3395
-758 191 9500 7756 7077 4936 924 -60
-1952 1308 6877 -6221 2862 -2203 -9500 9488
-8614 -1309 -8125 7762 -3658 9500 6816 4063
-5825 7972 3530 -9500 9313 -2127 4947 9228
-7737 -9244 -6262 -6074 7697 8964 -7196 -9500
9500 -8575 -794 221 -1856 1202 -2764 3025
6101 7783 -4206 7010 -8702 2197 9500 104
-4781 -9289 -4360 -9500 9283 -1586 -6553 6896
-4327 -1266 1520 3183 3443 4479 -9500 -7537
-5159 8181 8129 -593 3129 -9500 -3482 -8719
-4347 -8474 6486 5381 2169 9500 -5934 -6575
8673 3729 7954 -4382 -784 -7148 -9500 -2504
3480 7479 -5583 6888 9500 647 7617 4641
-2763 -9155 -776 -9500 6627 5498 -7100 -4325
-9500 3486 1327 9350 -4419 -9223 -6323 -8727
-3746 6734 -3072 3963 5564 -9500 3167 -4115
-3659 9500 -6286 -2653 8346 -1193 2065 6980
-8569 -6987 -7722 5053 -5201 8614 -7003 -9500
9422 594 -1435 -9500 -5783 -7290 -5044 8602
932 -6243 -7993 -2347 9500 -1940 6034 -5551
-3932 -9500 -4766 -9120 -7324 8313 -6850 8646
-8924 2926 -8426 -5916 3419 -9500 -3596 9405
8932 -6815 4637 -3151 -9500 7530 -7160 5252
-6996 -4067 -9500 2430 4743 5317 7062 -4977
5725 8684 -8697 -9500 281 -3204 3596 603
9493 449 8276 4608 -4096 -9500 8239 -6609
9500 -3351 5213 4929 -7352 6778 -504 -7396
5609 7041 -7266 -6074 -4744 -7372 9500 -1055
-3108 9339 -5560 -7588 2249 -9500 1197 9421
-5469 2703 -4024 1346 -2381 -116 -9500 7641
8554 6930 -6355 -5512 5893 3216 9500 6062
-5459 5634 9272 -310 8202 -2725 -9500 -1877
-9500 8370 -4646 6813 9171 -7542 6466 -8066
6608 5642 9500 -1455 5915 -7435 -4073 -7503
5647 9500 -4736 -8951 -9200 -9076 4311 8667
6576 -7062 -8700 9500 -7638 8256 -1840 1823
8997 -6409 9500 -7066 -2516 1552 1709 -959
-9424 -2444 -7423 6893 -8562 4462 -9500 -765
7606 -9438 5825 -7098 -7148 9500 -5610 6817
-9500 -4577 3572 9046 4517 -7963 -1699 -9321
-9500 -7635 6196 5629 5491 5155 -9265 -6363
-4582 -3099 9500 8220 -8795 -6956 -6059 -4411
-6498 8473 -6983 -8066 8479 6552 -4784 9500
9500 -775 -8412 -4648 4312 7755 5615 7163
8963 -9500 -3890 2899 -1298 125 6150 -7247
1048 954 -8372 -9500 3062 3697 7995 9146
-6918 6992 9500 -8020 9383 -8191 -9411 8181
-2370 5053 7107 -5856 -4452 2596 -6796 9500
-9492 -9500 6896 6910 -1736 -1748 -3828 -3841
7355 7690 9500 -3941 8435 -5249 1082 -9121
5183 9252 3616 9500 1344 -8275 7931 -1522
-7610 6818 -204 820 7737 -5959 9500 -7543
9500 -8152 4420 -2727 -3141 1438 -2535 835
1972 -9500 1607 9125 -7651 -3263 -6047 -5940
-6051 8319 3558 -6299 -262 1716 -6291 9500
-9500 -3650 -4551 -8147 6577 -7877 6188 7197
7812 -9500 -5066 6402 -7023 8790 6351 -7971
-9500 7925 -8462 6429 7727 -8609 2887 -290
9192 2973 7927 -3496 -4973 -8926 3200 9500
9500 9205 3675 4172 -7513 -6736 2127 1339
274 9479 -811 9500 -5031 8596 2027 -9407
-5628 7706 9500 -158 8694 -4638 -5625 -6393
9178 8177 -9500 -8301 -8519 -7863 9298 6614
7947 6551 -3131 -2084 -9500 -8243 878 85
-7942 -3699 6885 5474 -9073 6680 -9500 985
4276 -4565 -2571 1925 -5444 4698 -9500 8686
-8984 7271 5700 -3961 -4441 4854 -9500 7900
-9500 -7514 -5012 -7183 6231 1611 -3128 1466
174 -9500 9121 -6170 8460 7526 -4221 -9183
5834 6087 9474 2501 -9500 1701 133 7254
-3693 -1454 -6610 -7223 9500 8406 -353 1640
-2003 1661 9500 -7047 9053 -6737 -9267 6724
7301 5620 -1263 9500 -7216 -5882 7764 2121
2505 -8443 6599 -5816 3029 9500 -4771 -9266
9500 -4468 3894 -9255 -7618 7273 -7073 7740
9500 2285 8213 -3496 -5674 6161 9496 2309
-6654 -7751 5961 8106 2004 -9465 1599 -9500
1757 -1364 9500 4951 -3775 -73 -4460 -584
145 -1749 7180 -6725 8666 -9500 8564 -9483
-4980 -4418 6171 4014 8687 6184 9500 7150
3879 7060 6531 2889 3852 -8874 1414 -9500
-7879 -9206 -6603 -8603 -6713 -2932 -8867 -9500
-9076 9418 -8481 9500 -8471 9493 5984 -7305
6557 6037 9017 9142 -9421 -9172 -9474 -9500
7348 7770 9500 8593 8998 7466 2037 3647
-7347 -8875 -2692 8839 -6699 -9500 -7341 -8882
5469 -8868 7123 3385 -4066 9500 -5397 -5898
-5946 7990 -2806 3610 -1856 2294 -7016 9500
7012 -6478 6572 -5993 -9500 9348 -9092 8852
6723 659 2660 -7807 -5213 -7509 780 9500
2816 -8820 9317 -685 -2652 -9297 -883 -9500
-4230 7843 1184 -9215 1830 9500 -404 9386
9500 -2121 -9391 2333 -5075 6926 2496 9099
-76 -3356 8960 -9500 -4344 490 -860 -2690
-9500 4770 6198 5751 9105 1676 -4100 -7378
6466 -7149 9500 -3908 -1073 8998 -4686 -8085
-5398 -8054 2556 5522 7441 9500 4046 1661
3924 9500 8849 -4782 6089 -9181 -8633 5416
-6447 -9027 -13 -9473 4424 9500 -1838 9086
8481 5527 2618 -493 6256 7283 9500 8661
9100 7681 -9476 -7083 9500 7164 9479 7536
8482 9500 8507 9484 -1403 -2784 -8118 -8589
-3330 -416 9500 -8698 6759 -3026 -9164 6071
-1718 -9500 5280 7517 1879 9440 -7440 -5437
-8484 -9500 -9369 -9277 1572 2930 4562 3567
-9500 -468 9313 -356 5835 -6010 3695 -7649
1995 -2932 -2187 714 -5939 4182 -9500 7831
-8086 9128 -7949 9500 -6441 8718 -5905 5200
8238 -6047 9500 -7399 1879 -2373 -9284 7551
-9500 210 -5858 5453 2126 9010 9454 5363
-9500 697 -1166 -7179 -6484 -5970 -8940 -3761
-2668 3358 -1026 128 -8166 7220 -9500 8659
9500 2807 -9357 -3318 8005 5982 9110 4011
-224 1897 -4820 7335 -6854 9500 6760 -7411
8152 265 -421 -9500 -2672 -8711 -4903 8297
7709 9500 9015 8210 3723 1596 -4366 -6674
4755 7288 -85 583 -6048 -8337 -6680 -9500
-7950 2920 -6448 5795 -3070 9500 8432 7192
-3029 -9500 2886 -8632 -6759 4269 -7194 -5575
-4995 -4164 -9476 -9500 -5356 -5778 2426 3029
-5748 8839 9500 -7501 -7888 5661 -5830 8922
7749 -9500 2927 -5069 -6284 7214 -2128 4078
-5418 -7377 -4569 -7686 -9500 -251 -6870 -6572
-4519 6451 -8095 9500 710 -1996 6896 -7717
8108 -6331 -9500 4248 -7865 6587 -438 9366
8443 7981 -8172 -7737 -9500 -8924 -6182 -5461
8816 -7053 -8172 6478 9151 -7269 9500 -7587
-5065 6145 -7093 3056 -1824 -9500 7745 -1338
5099 -5479 6638 -1357 6611 3703 -1023 -9500
5829 -8174 434 284 -1137 2327 -7468 9500
-2494 6693 -7533 -5698 8923 -2621 9500 -1744
8351 8968 -7063 -8076 8957 7880 9500 8775
-9500 7064 -2720 2794 -7530 4927 -9385 6598
-131 3581 -8262 9500 7261 -5148 6479 -4014
5616 8663 -2099 -3637 -4892 -7449 6056 9500
2914 7144 -9500 -4494 -2307 -7157 5604 -5121
5706 7179 -7155 -5754 -9500 -368 4313 8137
4305 -4181 9112 -9500 -4717 5364 -4223 4852
2762 -8904 -5385 -6637 -9500 390 3211 -8826
8592 6025 -9500 -7105 -4826 -5678 4645 2102
-8488 -6469 -9500 -8528 7565 7480 3002 4073
-961 -1191 -8178 9500 2806 -793 4833 -3088
7866 9500 -587 -2524 7403 6868 8544 8513
-9118 2526 6308 -6492 5707 -7011 -2861 -9500
3587 2824 8556 8867 8804 9500 7547 8639
-3868 4990 7889 -5233 -3307 789 -9500 7312
6240 7206 8543 9394 -8675 -9500 -1771 -1231
-5180 4689 6976 -7194 6811 -9500 6574 -9266
-3254 -6636 -9500 -3770 2056 6795 -3137 -6656
-8955 -1850 8866 3247 6481 -5483 -4499 -9500
-8746 3999 5802 7411 9500 1200 -1903 -9194
6854 -8961 8706 -6639 9500 -3620 -8414 7179
8001 -2481 -1613 -9500 -6090 7451 7965 355
-4118 5758 -116 3147 9500 -6454 -7501 3536
1070 2363 -8170 9500 537 -4279 1687 -5563
-9500 -327 -7672 5580 -6646 6854 -7122 -6812
9200 -9500 7681 -9104 2671 5 7975 -6408
-1142 1644 6544 -8897 5839 -7955 -7078 9500
-6776 -6319 7688 -4510 8251 3242 2635 9500
7718 -1351 -614 9500 -6498 -2886 3971 -9402
-6176 3835 -9040 9194 9500 -8718 -3728 1156
-6109 -3812 -9500 -7283 7349 5059 5521 7012
6550 -6056 -2293 8921 -367 9500 7766 -4598
8297 -7739 -9009 5894 -8923 6179 9500 -2487
6212 -9027 5628 -7816 -6278 9500 -5963 8471
9330 8688 -175 -4408 -6435 -9500 9419 9221
6247 -7458 -5358 5755 6498 -9500 6829 -9071
9500 2286 7434 -5013 7401 -5054 -1056 -9233
-1382 -15 4394 3621 6701 9500 973 2782
-5027 -9500 -9363 -3290 -8830 2448 8410 -3490
5353 -9500 8762 -3450 -6647 7911 -9407 -11
-280 -2219 -9300 9500 632 1872 9098 -8152
2832 -1404 -6550 9500 -5739 6354 -386 -2147
5650 -7673 9332 -4330 6852 7998 -724 -9500
8703 4301 1397 -9500 3113 -8964 7000 -6098
-4174 4278 7425 -8216 -8301 9500 -8304 9500
-898 -9500 1274 -9475 4067 8342 -8116 -2695
6713 -4119 -419 4340 -7778 9500 -8461 9381
6019 8313 -9500 3757 -9134 -4966 9239 4774
1749 -1906 2793 -2848 8890 -8213 -9500 8691
-6409 8996 9199 -5876 -3139 -7980 -9500 4982
7990 9500 -1855 837 -7238 -6065 8436 9497
9500 5359 -2220 9253 -4338 8318 -6255 -8657
-980 -9121 9500 32 2581 8437 910 9145
9345 -1440 9500 2011 -7146 -7496 9195 -2097
3258 -9500 -6183 -6330 -6117 7644 6893 -6720
-9272 9500 1346 -2136 3178 -3961 5059 -4494
6832 -7250 3205 385 -9500 8930 -6167 1791
-7487 6185 4693 -4050 9500 -7993 528 -307
-7669 8702 4768 -5147 -5052 6241 -8057 9500
-4587 -4657 -854 -571 3105 3241 9500 9139
5826 6297 -2317 9500 -7208 1719 -7335 -671
-8155 -4371 9281 1176 5200 -8238 -669 -9500
-5998 3566 -9500 8455 -3111 4179 9296 -6949
-8094 -5293 -8313 4413 4076 8617 9500 1618
-3169 7265 9312 1571 9500 -1349 -6666 -5276
-4638 -7829 -7227 -9500 1751 4663 7279 9361
-545 -9500 -1137 8889 5818 5798 6413 3027
-869 1344 8482 -5562 9500 -6921 -4267 2331
9028 -5751 7512 -4576 2037 -1966 9500 -6173
-9191 -1299 1827 9500 9194 910 7290 -4964
-5242 -4327 1009 9500 -4386 7662 -5160 6291
6846 -4268 6494 1335 2430 7936 642 -9500
1453 2013 -7891 -9500 2453 2559 6809 8246
-5551 -9325 -6844 5794 9500 2572 4841 -7858
9198 -8691 2248 -407 1326 547 8846 -9500
-2508 -8926 -4740 7708 -2070 9466 1960 -9500
7619 -6587 7334 -9500 -8114 9339 -7288 9490
768 9022 3195 9308 6913 8369 9500 5154
3148 8460 -7062 4851 -8733 2369 -9500 -2257
-8065 -6381 9500 7415 -2571 -2147 -3588 -2936
8896 -8762 -9042 9500 -9184 9261 2051 -3316
-5137 -9498 -5112 -9500 -5030 -9370 4422 8313
6888 5509 9500 9370 -2244 -5615 318 -2731
7244 2181 3491 9500 -3282 8034 7250 1907
9160 -8492 9500 -8274 5333 -4291 9061 -8413
-6857 8955 6120 -7955 2275 -2796 -7255 9500
4831 -5262 -936 9002 -6315 1725 -866 -9500
7729 -8823 6671 -9388 -8393 -4500 -9500 -2885
2169 9346 -1125 -9500 -7164 -818 -4543 6552
-2878 -3973 5324 2882 9500 7047 3722 4615
716 -844 -8834 -5214 8074 6342 9500 5799
6634 -8447 2109 -2705 -7479 9500 6861 -8710
-9500 617 2335 8158 5323 6750 6536 -6656
7654 -3802 -8536 -2766 7690 3702 9500 -406
8261 9272 8335 9500 380 1825 7056 7341
-8170 8512 9500 -9339 4251 -2794 -7000 7608
-8906 -371 -8747 -865 518 -9500 -6691 8459
4205 9056 5101 -9500 8980 -6319 9012 4590
-5819 9462 5743 -9364 -4780 7476 -5851 9500
237 8815 -7652 -5764 -3190 -9500 6153 8408
-5191 4438 8071 -7942 -5049 7184 -7233 9500
3566 -8131 2540 9500 6553 8210 8767 -2977
9500 7587 6975 6125 -7570 -5050 -7483 -6453
3106 -1587 9500 4675 915 5014 1721 -2806
8418 -2522 -5292 6179 -9500 -1640 -9144 -3863
8429 7238 9500 8296 7132 6282 8113 6959
9003 6260 1568 9500 -7496 -7551 -7089 -7818
-93 1873 -9368 7838 9500 -7780 4762 -2247
7234 -2769 2143 -9500 -7435 1735 7532 -930
-6092 -7329 -7623 -8826 -8110 -9500 -6862 -8193
9500 6171 -7372 -3939 -9271 -9081 3715 528
9500 -7521 -7986 5932 -9053 6813 -2241 2110
-9103 8000 9492 -8271 9483 -8285 -9500 8290
-2667 -4401 -9500 -9047 -7466 -6011 8367 8970
7390 -5188 -3163 1419 -9500 6085 9495 -6077
9181 9257 9500 9189 -4133 -5029 -4898 -5728
-9409 -6060 -4802 -9500 8801 7198 -1825 8053
736 1916 7358 7059 7539 7182 9500 8286
-9111 7645 9500 -8708 -2983 3241 -9409 7932
-9500 8634 6752 -4664 8834 -7500 9101 -7925
5158 6105 793 9500 318 -9496 5806 -3977
-999 4020 -4051 1499 -8824 8511 -8982 9500
-8913 -3330 -9500 3073 7476 -7085 -8579 -4059
5340 4504 505 -9375 -2958 9500 122 9173
7905 -1985 9500 2996 -1781 7797 -2564 7356
-7986 -4352 9500 2365 8715 -4739 6894 -6231
-4356 -9500 9149 6156 8737 6626 -8457 6787
629 150 -9280 9500 -3050 2295 -317 -463
9500 37 -9480 3627 -2985 8211 494 7942
4092 7387 9500 -825 8955 3022 4220 7337
229 636 8546 -4294 -9500 5998 -7212 4785
9500 -6713 -7801 3895 1092 -2296 9456 -6700
9210 9500 -6065 -5868 3939 3643 9154 9217
8404 -5854 -9287 6735 -9500 7107 -8679 6826
-9500 -8621 4728 4909 -5517 -4192 -7375 -5972
-2269 -9063 9500 -1642 6880 6275 -8669 -3658
-9500 3871 2959 6143 5624 4655 7015 3529
2027 4558 8616 9500 6759 4978 6558 4718
6894 -8664 1640 -3806 -8861 9500 7069 -6271
8893 -2846 6226 -9500 -8410 6764 1969 8543
-5491 9468 -809 1585 5529 -9500 -2749 4559
-3451 -8903 -710 -9500 6175 3652 -4945 4157
-2637 3150 9500 -8312 2740 -3240 -4720 3546
-4779 -9124 8611 3930 3195 -9500 -4610 -9229
-803 1170 7611 9500 -8231 -8967 -3379 -1920
-9199 791 2429 -9500 9155 -1757 9141 263
7335 8285 -3394 -3049 -8815 -9500 3032 2648
-429 9321 3623 -9500 7377 -3946 5061 4575
-1966 8336 -1182 -8048 9500 -5937 3562 7430
8549 -4058 7361 5303 -1703 9500 2367 -9383
8306 7829 -2824 8713 -351 -9500 9015 -4425
-9500 -6170 -1971 -583 522 1228 9013 5802
1719 2978 5817 6838 -7255 -8090 -9334 -9500
-8741 8370 -9130 7206 9500 -7935 -7288 7646
9438 5111 -2945 9500 -9490 -4979 8382 -4644
-1318 9500 2834 8743 -3716 8239 -2912 8826
9323 -9500 7893 -8448 6961 -7622 -8180 7831
-2786 -9500 -7787 4961 6152 8735 6853 8393
2071 -7228 9307 -199 9101 3534 -9500 -1482
9207 9500 70 437 2246 1937 9313 9413
8602 -6438 -9500 7197 -7570 5642 -3692 2682
874 1061 7194 -5065 -9500 7467 -8555 9293
-8365 3881 -3805 8604 -7455 -9331 -9500 -6933
-7313 -9500 -6621 -9060 3481 3024 -4855 -4955
6271 -7606 -1456 3863 -5348 8434 6655 -9500
-9500 -4186 8589 -4841 1005 -9179 -7572 -6686
7068 6014 -9273 1587 -9500 213 7047 -5488
-4965 3423 1274 -811 5891 -3961 9500 -6449
-8212 8250 -7503 7598 9500 -9280 8225 -8262
-2850 307 9500 -8044 4687 -5301 -1349 -894
-9500 6103 1917 -1005 9432 -6048 -9183 5862
-8343 -7524 -4075 -8670 9500 6845 6809 8133
-9500 334 -9492 866 -5914 7746 -9293 -1529
-5652 3647 9364 -9500 2637 -615 874 1073
3674 4091 4157 3535 9500 8999 8388 8493
411 -3195 7854 -9389 8400 -9500 -4692 7224
-4802 -8017 -6192 -5935 -7225 -3300 -3205 -9500
4824 4953 3852 5121 -7713 -9500 -6818 -8493
3920 -6506 4914 -7054 6222 -9320 6311 -9500
6468 6970 4198 -8149 1628 -9500 -8042 -3867
-7797 3409 -9108 1397 -9500 -62 -4211 5874
-8356 -5233 -6430 -7397 5339 8326 -9500 -3428
-8094 -4270 -8085 3079 -7548 3657 9500 -285
250 -9500 3742 -9357 7499 2786 -4035 9259
-5707 5215 5435 6709 -9500 1313 -7599 3800
-5938 9286 -3076 6177 7057 -9500 -492 -1530
7427 6050 -8443 3679 8362 -3812 9500 2263
5997 -4623 -6288 -4876 -5688 5298 -1453 9500
-3252 -7509 -5043 6874 -9500 1846 -6350 -6014
-5181 7968 4771 -7065 6218 -9500 4137 -6414
8987 -3010 246 6300 9500 82 9237 -2531
-1530 -2311 -9500 -9304 -8050 -7495 8849 8417
3670 -9174 -8027 3912 2732 9500 6887 -6215
6661 9059 -190 -9500 -7731 -8453 -9275 2277
7038 8197 4497 5578 -8306 -9500 -6312 -7449
8740 -6404 9500 -8364 -468 -1757 -7284 4689
5819 -8377 6793 -9500 6455 -8409 3320 -5217
-4186 -7021 -4070 -7134 -158 -9500 -7412 -1750
-6654 -3978 -7792 4909 -2865 9500 1571 8865
-9302 -9500 4558 4545 8916 9068 9298 9498
4513 -7043 53 -1284 -4503 7032 7114 -9500
-6183 -4888 1556 1535 2841 2092 -9500 -7739
8365 -9244 8397 -9500 1942 -2858 -5370 6555
9500 -7708 7611 -7608 -7353 5185 6703 -4513
9500 9228 -3680 -3738 -9155 -8937 -9397 -9098
-5124 9500 884 8678 8718 -7666 5857 -9338
9500 -1313 -1730 -9330 4936 7966 9125 2386
-9500 8587 6650 -4392 1162 -2351 -8822 6464
-564 -274 4869 4200 -5391 -5070 -9500 -8580
4466 -5468 7335 6180 -9500 -3098 4125 -5666
-7133 9500 -2792 4719 5463 -7888 -7245 9397
9471 -9500 3844 -5243 -663 -1185 -9419 9473
-6279 -9500 1698 2250 6013 9060 -4616 -6814
-438 -6721 -9500 -860 -8318 1884 -6662 3655
3140 2393 3037 2271 -2996 -2222 8404 9500
-9500 -6755 -2868 -652 -2381 -293 3685 3859
-1270 -2029 7421 9134 7667 9500 3476 4744
2443 -9221 1883 -9500 -5209 -4623 -2460 9211
5344 -5341 2644 9201 410 9500 4398 -6695
-6800 -9500 1801 1462 6639 9120 -4904 -6150
-9343 9500 6823 -6531 -7167 7753 -7958 8487
-9406 3790 -9278 4452 -8013 -3021 -9500 2766
-2585 9500 9244 2940 3548 -8886 -8471 2249
-3780 -7733 -2559 -7994 5698 6958 -9500 -32
-8516 -9395 -7636 -8827 -8624 -8491 -8821 -9500
7419 -4257 9500 -5999 509 779 1595 28
910 -4034 -6072 4663 -9463 9500 4619 -8184
591 9500 -6122 -1084 5722 -3380 5806 -3025
6379 -8616 -8458 6575 -9500 -4015 -9024 -4942
-6989 7591 5494 -5638 8090 -9500 -5108 5150
-1106 5657 2417 -5480 8901 -1908 9500 -509
8404 -9500 -4513 4697 -5017 5287 -8089 9293
-7071 -8406 8184 -5488 7814 7723 -9500 3145
-9497 -9208 -8695 -7765 9500 9175 6367 4987
-9500 -9371 -2228 -3101 8531 8251 5789 6632
9500 5279 414 8845 -7123 4068 -6954 -8221
-9200 1574 -9500 865 -8402 -2774 4647 -4791
155 -9429 -5855 -7761 -1690 -9495 -1633 -9500
3632 3517 2476 2244 -8445 -9500 5243 6121
9500 -1733 9491 -1801 -6360 6311 2013 7153
-8835 -3435 -8464 -5103 -2508 -9500 25 -9191
-6830 -9500 7412 9175 -4883 -4685 -4946 -4779
-9500 -1656 7628 -6365 7935 -6060 -4977 8049
-6342 9297 -6581 9500 -4828 5709 4891 -7714
8749 6867 -9324 -7822 9500 7876 8831 6951
-8450 -5789 3513 -9254 9500 4659 -8435 7132
1343 -110 9362 -9127 -9201 8286 -9500 9191
-6058 -7147 -8702 4273 -1693 -9500 -2763 -9172
5014 8339 -1809 -9500 6546 -7120 6063 7641
-6309 -7074 -9253 -3869 -9500 2957 8865 4524
-4787 -7999 9075 3199 -9456 688 -9500 -1229
-3710 -4073 2908 1221 9406 7895 -9500 -7928
4988 -5980 -9500 7048 -1977 4017 5484 -2067
-9500 8816 -5337 -6754 8713 1514 5491 6576
-362 -1871 9043 -6676 -9500 8143 -9022 6646
6306 -4610 -685 1063 4157 -2184 9500 -6218
-6263 4832 -8982 6299 -9500 5994 -8477 5107
-7112 -4447 -9500 -5562 604 734 9001 5436
-9077 -8401 -2765 -1236 -171 -1757 -8741 -9500
6303 3780 1266 -9500 -1801 -8556 4743 6105
6344 -8360 7489 -9500 1727 -669 2575 -4297
-87 8796 -1122 8717 -9500 -2549 -3098 -8419
-8790 301 5742 7686 8821 1268 200 -9500
-4679 -7156 -2971 -7607 7836 -3928 9500 -781
4463 4867 5653 3274 -3628 -5799 -2294 9500
7897 9138 -2695 -2126 -1720 -936 7887 9500
9078 -9500 7009 -9010 2275 -5106 -7407 9255
-9195 9273 3990 9500 9433 4865 -9256 9224
7397 -5331 -1920 -9266 -9500 -2147 -9486 695
8497 8156 9500 8630 5029 3127 -1403 242
-8559 3138 -2730 9500 -8508 -5946 -9495 -1516
7405 1820 584 9500 -2927 -8532 3658 -8883
-7182 -6200 -8410 -5805 -9500 -7636 -7555 -6447
9500 8573 8351 7814 -4934 -3965 4981 4009
-6279 3902 -4430 3756 9500 -6976 8172 -6197
1885 9500 -3202 8141 4099 -7161 6562 1562
-4236 7806 1416 -9381 423 9457 -45 9500
3857 2422 3679 2280 -8618 -6933 -9500 -7278
-4596 7015 -5148 6442 -6403 -7293 -148 9500
9034 -3844 -9500 936 -9423 74 122 -8653
8021 4858 1313 9500 -4405 5254 -7266 160
3647 7852 9500 -5764 -3977 -7602 -4846 -6873
-9205 8392 -676 -725 7367 -7288 9500 -8352
-7513 8950 -7858 9500 -683 2212 -2454 1848
-9031 -9500 -8507 -9178 1498 232 9049 8879
4341 9299 3492 -9417 9401 -6319 9500 6482
-8189 6742 -5010 4579 9500 -7321 8078 -6672
9500 -1815 9406 -2235 -5556 6556 -2395 7452
-9500 -8737 6265 2449 -4306 -7194 -7291 -8819
-7691 3976 -8807 1379 1673 -9500 9117 -160
7538 2754 -1920 -9500 -7461 -3053 -7252 3952
-9500 -5876 9041 -4514 8590 -5167 6975 -6946
9500 -8162 8623 -8068 -6638 6674 9270 -7811
8170 -9418 7547 -9500 -2286 3858 2427 -1750
-6235 9500 5663 -8544 -2902 4532 -5086 7811
6128 8595 -1387 -9500 -5140 -8944 2495 9449
-6327 6884 8008 -9500 7793 -8764 6845 -7535
6056 -6571 -8930 5533 -9500 6224 -6928 7070
9500 -619 3845 -6999 -8684 -3060 -9435 1113
-777 -1965 -5207 3824 -6928 9500 3518 -6662
9500 6923 -2392 -2721 -7871 -6236 -223 877
4016 7705 -9500 -2495 -3559 -7929 9363 2740
-9500 8184 1578 302 -2003 3307 -2202 3468
1273 -8 9500 9210 -9320 -8183 -7664 -7884
5659 -9073 -8220 6445 -9200 4598 -9500 -3106
-9500 1691 -3303 8311 -7527 5555 -7665 5396
-9142 -7049 -9369 -7151 9500 7101 -4112 -3688
5771 6880 5102 2703 9470 7956 9500 8013
-9500 -7662 4253 3535 6491 5085 -6096 -4996
-9416 7513 -7712 6372 9500 -7590 5979 -5025
9500 8936 4249 3933 -4199 -3885 7472 7093
-3606 7664 -372 -9438 -143 -9403 1253 9500
-6061 6635 7702 -4645 656 9500 -5351 7255
-9325 2612 8531 -4972 9500 -485 6034 7080
-7102 9500 -6702 7750 3961 -6585 6058 -8740
2707 7644 -5046 -9500 -4159 -8846 5258 1302
-1096 8315 -9500 -6935 -6189 5813 -6064 5902
-1295 9500 -8913 608 8910 -3224 511 9196
7048 1360 9500 -672 -3820 -3976 5579 2559
9500 -3650 3567 6626 -3039 -6863 4753 -7594
-4110 3718 5672 -4895 6793 -5733 9500 -6908
-7963 6652 9500 -7181 2384 -2618 -5485 3609
-6332 4586 -758 1027 -9066 7295 -9500 7212
5845 -6775 -6253 7254 7411 -8678 8141 -9500
7585 329 921 -9500 -970 -9018 747 9103
-9500 -9151 -897 448 -2439 -3477 -4894 -5607
-9500 8182 -9405 8054 -1478 951 -8603 7547
-2644 -9500 8246 5068 -3660 8650 -5948 7014
7185 9019 -7374 -9500 -7246 -9112 5520 7404
8420 -8207 2853 9024 -9500 -1130 8190 -8461
-9452 -9500 -8757 -8621 6360 7249 7231 6846
-5418 -6140 2374 8876 1628 -9473 1488 -9500
8997 -8689 9500 -9097 3959 -3643 1256 -1375
9500 1302 -9470 -3450 -9472 -1036 -5896 6295
-8889 -9500 -2831 -2955 4604 4865 -618 -749
5938 -3386 -9500 9424 -6097 7001 1140 1021
-8368 -8395 -9108 -7182 -9500 -5504 2594 -6967
-5334 -7982 6722 7051 9500 2164 2324 -8529
2206 2214 5806 6336 -7781 -8657 -8424 -9500
9500 -6416 -2033 -2724 4475 95 5228 -769
6777 4354 -8206 716 2012 9500 4977 7079
-9500 6132 4770 -2640 8060 -5027 -9304 5978
-9500 9325 -3882 2293 4374 -7043 -3169 5742
876 1040 7554 9500 1965 2527 -1293 -1685
8897 -1766 109 -9500 -8150 5929 -4924 9164
9500 -2172 4494 -5451 -8532 -2583 9419 1396
-7398 -5690 -2826 -153 -6796 -8696 -8187 -9500
-9330 -1 3360 -9500 6719 -6487 8082 -4268
-8329 -5257 -5406 -7817 9500 -2060 8869 4407
-143 -1634 9500 7878 8990 7619 8716 7470
9500 9070 -5454 -4589 -8167 -7398 4962 4096
9040 9500 3975 6113 7968 9098 8445 9338
-4209 -3390 -9337 -8309 9500 8485 3026 3173
5668 5022 4657 3409 -8080 -6887 -9500 -7652
-9052 8004 -2880 3726 1821 -601 9500 -8607
-3211 9500 -7561 -3786 7883 -1384 7995 310
-5192 -7110 -7148 6978 9500 -2727 -3231 -8246
-7344 -6188 786 -9500 6013 7363 -7378 -6152
7606 7250 -9500 -8918 -4485 -4397 -2900 -2932
9244 -7111 3380 -9500 334 9127 816 9001
-9500 -4120 -6422 7360 7846 5773 -4903 -7503
7402 8031 9173 9397 9324 9500 -8815 -7749
-7442 -363 -4609 -8240 -978 -9500 -2316 8524
8623 7689 -8855 -8647 -5774 -4934 9500 8551
-5210 -7830 -6022 8477 6313 7196 9500 -6013
5694 -7880 -5549 3439 -9444 9500 634 2027
-4604 6326 7137 -9475 -6319 8192 -7163 9500
-9220 9500 9117 -8682 538 378 -4026 4832
7801 -9500 7015 -8038 2158 -656 2521 -5497
9500 -3081 -5879 6951 -6867 6255 2551 -8373
-3723 -1385 -4441 -2437 7040 9500 -1714 1324
-8573 -4831 -8121 1969 1823 -9500 -6704 -8418
7966 -9500 7815 -9368 -3643 2297 3812 -2486
-6216 -8657 9195 9500 8945 8007 7677 5734
-7991 -2449 -8921 279 -34 9500 -7280 -3761
7117 -9024 7467 -9500 4929 -6405 -5592 7026
9153 214 9500 -2829 7728 -8321 8281 2798
-8117 -5839 -672 9500 -4382 7729 -9156 -1119
-9404 -787 4893 -7596 3312 -8792 -9500 -2401
-9500 9135 735 -532 -6495 6434 -8347 8194
-3519 8765 9500 -4798 481 -8303 -7567 7611
-6403 5983 2809 9500 1030 -8834 -558 -9239
-9500 -9137 -9298 -5842 -7532 -4180 8625 5198
9500 -41 7950 4847 7148 5783 -3653 -7978
-9217 6704 9208 -6697 9500 -6961 -5608 3497
5355 -7240 9198 1639 -2568 9459 2496 -9500
6489 8601 -6826 -9500 -1369 -529 6801 9350
-9134 3938 -9500 2540 -6042 -5040 -5026 7599
-6869 -5630 -9325 628 -9500 -1490 -8765 -3648
8116 -4957 444 1903 -9500 6291 -5302 2351
7838 8811 8223 9500 -7961 -9023 2719 1615
-9120 9500 -6908 8179 -5866 7415 -9211 7637
3980 6388 -2697 -122 -8524 -9500 -5724 -7807
-8546 8030 8855 -9123 9500 -9464 -9364 9444
-4891 3232 -1206 28 6480 -6179 -9500 8269
1418 844 -2023 3787 -6967 4371 9500 -9250
3745 -9500 3481 7113 -572 9264 1569 -9481
-9500 3631 6023 6032 5046 6379 1235 7070
-9135 -111 -6823 4167 9500 3845 8712 -1047
-9500 3546 5079 7515 9413 -1115 -7704 -4008
8537 -3357 -4114 -8910 -6636 -6733 -3102 9500
-2470 -8800 9500 291 8717 2467 2675 8698
-2055 -2983 -3694 -4544 -7037 -7630 9500 8840
8006 6462 226 -338 -7946 -7366 9500 8687
9500 9302 8825 8364 -8743 -8251 2175 5930
8098 -9500 5964 -6431 -3599 5149 -4844 4980
-4790 9500 4848 7558 7995 -6205 -8922 3036
9500 9482 -5633 -5663 2649 2708 6289 6312
-4196 -788 2409 2277 7038 -9500 -543 -3789
3903 8631 -6549 -6274 -457 -9500 8260 -521
7667 -7937 9500 -1829 2689 6518 -6382 8503
8805 2028 8147 3285 455 -9500 7064 -8187
-8072 -9093 -4972 -7760 -2009 -4413 8302 9500
-7660 5013 -5927 7831 7481 -5431 3824 -9500
1765 -7719 -1391 -9500 7626 1887 6708 -1054
-6696 -7295 -9500 -8183 1945 3482 7075 7566
-2017 76 -5784 -4521 -8060 -9500 6687 5751
7249 7756 6892 9500 2631 5068 -6317 -8971
-5913 -9500 3420 3733 6071 9240 5263 8997
8413 7451 -5576 8925 -8648 -6871 9500 2069
-8235 2530 9484 1659 9500 1479 -2357 -7053
6147 -6606 8287 -9353 -8600 9500 -7438 8470
-6810 -5028 4046 2349 3910 2220 -9500 -7814
2575 1069 9500 7712 -4618 -2826 -8358 -6296
9382 621 5530 -9500 -8084 8344 -895 9317
-3988 8120 6970 -5119 -1421 -9500 -7334 4513
656 -1490 -8397 6595 -9500 7013 -9149 6371
8054 -4204 -9170 -4475 -9500 -3590 -1898 8690
1273 -2405 620 -1554 4543 -5397 7031 -9500
9500 -573 8468 6367 6447 9066 4785 -9005
4584 -8751 1880 -9500 -4133 -8584 -9282 -3529
-6523 -8390 -6468 -8210 -4938 -8644 -6491 -9500
-9500 -4478 -7097 -6774 4077 -5900 8624 5666
-1276 8601 4595 -5391 -1357 -9500 -3298 6986
-9403 -416 3073 8693 -9500 -1828 -9420 -528
-1037 1766 -8301 9450 -8820 9500 6633 -7759
-5542 -7116 -8633 2056 -1042 9500 4884 -8133
223 -1097 -3672 1700 -7572 4724 -9500 6535
-3874 8203 9500 -1138 5373 -7621 -2649 -7867
-4578 -9500 -7337 -7363 -8810 2510 7416 -5333
4850 8862 5989 -5780 -8935 -2327 687 9500
-6804 -9500 -314 -4148 7592 5984 8532 7985
7476 9104 7865 9457 8003 9500 -2422 -3483
-2026 -8811 -9500 -3981 2147 8800 6854 -5859
-5049 -7723 -8298 6005 2347 9500 -3395 -8944
8118 9500 -5046 -5074 -1017 -544 5013 6127
4836 -5681 7134 -9500 -5818 7201 4152 -4657
-1082 -450 6893 8476 321 -544 -6997 -9500
3712 -6129 8603 -9500 1555 513 -3820 6235
137 9306 -9392 -1171 -8247 -4218 9500 463
-5586 3733 -1541 -8693 233 -9500 2086 -9355
6038 8413 7947 7060 -6698 -8037 -9500 -4925
-6400 -4812 -9446 -7914 3598 2157 9500 7973
-1741 -7300 -9500 4431 -7328 6233 2795 7037
6440 -4477 6777 -4843 6858 -4932 -9500 8384
-9264 -9500 -9222 -9374 -7602 -6975 4503 6019
-4831 6166 3861 8851 2505 -8886 -2951 -9500
8842 9500 8491 8804 -7146 -8189 4278 5392
-9500 2170 -64 8408 1391 8519 8789 5606
-6932 5739 6381 -4938 7413 -6479 7344 -9500
9500 3144 9272 -3203 -9171 -3820 8497 4851
-5178 3190 5565 -7031 -1448 3209 -9500 7551
7226 -9500 8358 -9317 804 1615 6718 -9154
9500 -454 8908 5362 8781 5688 -6181 7634
7111 -5154 9500 -795 -3694 7825 -836 -9146
-7923 2511 -9500 -2754 5499 -5052 8715 5052
9500 -2960 1149 -8702 3509 8526 9049 4882
-6595 -9500 3343 -329 3475 -160 -5283 -2325
9500 4098 -3340 -8766 4684 -7723 9390 -3048
-5274 -7903 2384 2460 7056 9500 -5459 -6951
-9500 8993 -4645 4763 7491 -6632 -1361 769
2703 -8856 -2164 -9500 -4884 -6204 -5088 5198
-9500 7210 344 -242 6604 -5029 1785 -1374
6587 -5011 -9500 -1257 -1854 7872 7359 6343
8944 -2055 -1035 9490 -5203 -6746 1428 -9500
9500 -9141 -8530 8920 -8124 7645 8742 -9113
-9500 507 125 7871 2041 -7707 -4325 -6975
5822 -4793 8243 -7871 2839 -3232 -9500 8753
2690 -8605 7003 -5065 8940 3636 -2007 -9500
-8458 -9500 7263 7082 -513 -2194 -7470 -8970
-9346 3331 -7648 8165 -9263 -1952 -9500 75
-46 44 8165 9500 8084 9404 -6225 -7201
219 9500 -5911 6743 7650 -3102 7877 859
-9500 8088 236 3736 4005 -39 7072 -9074
7889 -8370 -253 1295 5092 -6486 8275 -9500
1676 -2865 -8989 5551 -771 2263 9500 -6233
2838 -9500 -8571 -2853 8536 -428 7672 -3675
2511 2817 -9500 -8510 -1661 -2094 -290 -920
-7929 -4060 -7392 -4674 9500 489 -2091 7750
3763 7717 -6510 5935 860 -9500 6326 -6252
-9500 5645 -978 -1899 2428 -4502 1051 1840
6819 8760 -9346 -686 2957 -7238 9500 1202
9439 -1866 2511 -8988 -565 -9139 9500 -1405
-4791 7595 3437 7952 9500 -1794 -9395 2235
-9077 2909 -9500 566 8831 2967 1205 8703
-7368 5518 4447 -3741 8962 -6362 9500 -6343
-9500 -6341 -5834 -4206 -418 -727 9182 6191
4712 6112 9484 -647 9500 -1600 -1754 7835
9314 -2464 -7745 -6030 -6897 7020 9500 1592
4625 -7358 9500 2040 3653 8144 -1908 -8534
-2195 6054 5763 -9500 -5196 2628 -8269 7042
-371 1811 -7995 9500 -4712 4898 5477 -5944
-1170 9280 9500 -1056 9149 -3090 8929 -3736
1187 -9482 440 9500 9229 33 6424 -7038
-509 -3321 3760 -7001 7638 -9500 -3111 -721
8786 5055 -8128 -5746 -9500 -4048 5875 7272
-7705 -8164 3176 4426 8667 9500 -8053 -9409
2896 -3790 8071 -9500 -7143 8532 -3991 4224
2347 2666 9276 7170 9500 8048 3504 3581
4367 -5735 5027 -6256 9500 -9457 4152 -5563
8595 9500 -7740 -8268 -425 251 4582 5693
-5765 -3157 785 1704 9500 6224 -5548 -4968
4559 9207 8765 6285 -3283 -9500 -3932 8159
8350 5457 -9500 -6544 -9315 -7040 -3087 -3184
-931 -7930 -9243 -3299 5597 6943 9500 -909
-9500 8637 1336 501 9030 -8451 4449 -5319
-2742 -9500 8977 -2462 8595 -3645 7875 -5127
388 -6809 6222 -6117 9500 -1719 -9152 3310
9500 -3958 3792 -8961 -3471 9018 3597 7663
9500 -3944 -440 -6911 -99 6924 6192 5725
1139 9500 5716 -7243 -5675 -7865 -9373 -311
3366 -9500 6807 6999 -8148 6323 -3767 -8994
9500 6039 8079 6197 2595 2963 -5385 -2587
-7050 8418 -7281 9338 7839 -9500 5647 -7448
-9500 -6641 8148 6063 2671 1556 264 -179
-7846 5464 -1252 -364 -9480 8124 -9500 8133
8229 -4389 -882 5533 5044 -9224 5384 -9500
2428 -9500 7734 -2286 5245 5421 -5714 7828
7062 -8050 -6486 8832 7023 9500 9488 -1975
-5091 3832 -9500 8234 -8661 7561 -4147 3033
-7565 9500 -8131 8787 2537 -5042 -4810 7304
-4957 3153 -9251 9500 -9190 9176 -8686 8132
-6131 6136 -9500 -1187 8498 7194 -3658 8425
-9500 -9117 549 -3001 4086 324 -3666 97
-7608 3533 -9338 800 9500 -86 -4495 5583
-8327 -9500 -4850 -7029 1156 -884 6192 8194
2263 -8061 4876 7185 -9500 1987 -2241 -8066
-6505 7569 -9500 8712 -5630 4087 -5383 6622
-2244 2113 -5853 6339 -8147 9125 -8441 9500
5611 2619 -7598 -9500 8819 9327 8925 8992
-1500 1680 9379 5920 1787 -1444 -9500 -6074
5520 5197 4877 5649 2233 7011 9500 -3379
-38 4885 9500 5566 7019 2015 -6551 -1452
8273 -3528 9467 -1175 9500 2256 8131 -3713
7153 8789 -1911 -1202 -8217 -9500 200 -806
4887 3051 -6123 -3652 1056 551 9500 5756
7760 -6520 8405 -3593 -3939 9500 5229 -9105
7483 -9500 -5992 8574 -3443 6344 8064 -8415
487 7164 -9500 530 -1003 -7149 7702 4458
4512 -1298 1529 -4344 9500 4518 6215 569
47 9500 -5117 7150 -9252 -1188 -8694 -4542
4272 -6011 5673 -7432 7814 -9500 1776 -497
5173 9500 8586 5608 6454 -5149 -8454 1308
8804 9500 893 -2036 -4286 -2421 284 3485
1704 823 4047 2607 -2184 -1186 -9500 -7086
3563 3477 -9500 -9137 -8471 -8165 5473 5207
9500 2388 -4183 6851 -8698 -4175 7795 -4177
6615 -4583 9500 -7841 3801 -1799 6410 -4372
8706 -8962 9304 -9500 -3648 4042 -1715 1357
-3675 8343 -9232 3477 -9500 2903 6786 7050
5297 -8356 3940 -6846 -6837 9500 6283 -7775
-9500 -4280 -3762 -5876 6844 2051 -4715 -345
9500 -4211 -7009 -5885 8317 4350 9400 2406
-9500 1127 -9491 812 -636 -7647 3024 -7706
-5929 -8265 9500 5615 2613 -7879 559 -8516
-9500 -9085 -6935 -6512 9037 8530 -4166 -4055
-9500 -1257 -9500 469 9399 -1338 9119 -2631
9385 8992 1762 1969 1450 1670 -9500 -9157
50 -1463 -8215 9500 -1510 3105 4784 -4312
9500 -324 -3802 -7240 -3473 8816 3511 7405
7528 -7101 9111 -8438 9500 -8753 2211 -2408
5049 4944 -6048 -5656 7103 4884 9500 7317
9500 -9079 -5714 5288 -7362 6889 -4911 4845
6412 5217 6271 5355 -9500 2558 6566 -7463
-40 2821 -9500 8935 2655 -5425 8291 -7009
-1223 999 -8079 8401 1636 -1439 9069 -9500
-1465 1711 5429 -4206 9500 -8263 4687 -4401
6637 -5387 9291 -7142 7907 -5639 -9500 7250
6239 -8754 7359 -7322 -8325 -4083 5436 -9500
2466 806 -3026 6598 -7930 9500 8261 -8818
9500 7186 6215 3496 -6733 -6075 2670 3426
9332 8785 9381 9146 -9500 -9035 -1752 -2457
7088 -8108 9056 -4083 -8860 4890 5324 -9500
-648 -9500 7473 -7007 8459 -4997 -7781 -2890
-8619 6604 9147 2248 9500 -544 -8589 -4294
4723 -4854 -9500 9127 -8598 8448 -5672 5748
-7307 7214 -6311 6296 2506 -2068 -9500 9037
-1495 -9500 3119 8880 -6123 -6165 -4817 -7674
-433 9479 765 -9500 -2394 -8744 -8565 -901
-8180 -9500 4241 6365 8259 8570 1488 -327
-8426 -4760 232 1485 -6775 -5263 -9500 -6037
-9500 -7321 5382 5055 -5128 -4886 -5281 -4988
3352 9116 -9138 -3548 -968 -9500 8786 4434
6028 4918 -3795 9500 8482 -5346 8857 -3438
-2661 9500 6888 -4637 -5286 -5987 -7358 2191
9259 2404 -8028 -5070 -1221 -8842 9500 889
-2157 493 7529 -9500 4243 -3090 -6316 5879
9500 3240 -2641 8013 -9361 2290 -4111 -8025
1156 -9500 3232 -8039 -4706 5538 -1900 -9061
7579 -8858 5038 -2985 189 2171 -9163 9500
6640 -4253 -515 9500 3832 8015 4085 7799
156 -619 9174 -9500 8202 -8413 -3469 3254
7676 8714 -5973 6460 -9500 2367 517 -9349
-8177 7762 -4398 5072 -9500 9250 -8847 8504
4202 9210 8479 2188 8468 -5672 6227 -9500
2200 2742 6479 8545 -7249 -9500 -3259 -4395
-9500 -1177 524 8559 -8719 -4933 -9473 -2473
-8240 4443 9266 -5205 9500 -5431 2785 -2220
8614 -7166 -8880 9498 -1354 -1510 9028 -9500
-7722 1072 6758 -2961 -2291 -9500 -8441 -1162
8873 -6077 9500 -7642 -5253 2675 5102 -2544
6838 -5520 3797 -9032 -2802 9500 4796 7144
6549 5325 4354 8324 1939 9500 -5675 5374
8523 -3844 7324 -4991 -6448 -9500 8833 8704
-6094 6558 -8032 3791 -1671 -9500 4809 8484
1281 42 -927 -2328 -6376 -5894 8611 9500
4944 -5267 9500 -9067 8559 -7575 -1838 2465
8498 -7974 8554 4722 -6675 8553 -9500 7480
-9495 -6513 8725 -3453 8870 -3123 -9500 1369
1049 -9500 -5762 4763 -2085 8917 6678 6550
-5534 -9500 -281 -9387 6060 9337 -9003 1991
-5089 3727 4812 -8040 6702 -9500 -6540 6035
9325 -7945 9500 -8292 -8879 8286 8637 -7046
2877 -9500 -4011 9267 -8421 3661 -8292 220
6750 -9066 -7756 9500 -7380 5862 263 -3615
355 -9500 -1928 9436 -3655 8952 -719 -9354
864 309 9500 8395 -6456 -5446 -1950 -2212
-9500 -1466 9356 -756 9335 -859 -5105 -7806
9500 8358 -1874 -2398 -3176 -1701 5559 5319
-9390 5765 -9500 5495 -8944 5111 -2642 1137
-3704 -1965 4609 2554 -9500 -5805 -8726 -5279
6221 -4179 -9500 6706 -635 115 8179 -6020
-5128 7832 6586 -9500 2333 -1574 161 1279
1264 9500 4763 8407 -8073 -4445 -537 9411
6005 450 5869 -3014 -5938 -1153 1019 9500
9091 -4061 -4925 8813 -4016 9167 9500 -1405
-7664 -5914 -9500 370 4329 -7468 -1178 -8810
-6512 9337 -4410 7055 6905 -9500 -3778 4022
2932 -9175 7685 5243 -9500 5136 2775 -9194
-6850 -3624 -8043 941 -821 9500 7817 -3802
-9497 -6838 -7799 -4411 1277 2897 9500 6720
7563 -9500 -1646 1987 -3228 4130 5861 -7311
8006 5507 8214 -418 -7089 3637 -1348 9500
-817 9500 -253 -9447 5805 -8584 8935 5350
-2586 8952 -1511 -8529 9500 -465 6797 5181
-3893 -1904 -6756 -9395 7482 9500 2507 5849
6193 8010 -2496 -9094 -1537 -9094 9500 2231
-3021 -8378 -9500 177 2231 8750 -2130 -8792
9040 9500 289 403 -4552 -4849 6981 7222
789 -9500 -7861 -1455 -5243 5467 4492 -6466
-1835 -1065 -8388 5761 -7320 9135 7796 -9500
-4032 -1601 -3540 -1055 4149 1732 -8314 -9500
-9500 -7520 1473 3044 8679 8711 5536 3364
-8608 603 -6724 7356 -4326 9500 -3153 -9171
-1375 -2562 2682 3032 6035 8632 -7023 -9500
4814 1440 4758 1380 -9500 -6934 7683 4679
2033 -2843 1147 -1875 -6902 7269 8471 -9500
8744 -2805 -83 -7827 -2057 -7710 9500 882
-8621 9500 -3602 3460 5989 -7102 5082 -5165
8128 9500 8023 9495 5451 7722 -4797 -7132
-7846 8300 -9025 -3502 9500 -3366 6647 8466
-9500 7646 78 815 8465 -7405 4837 -4747
-8745 9322 9500 -8224 526 -2880 -5161 2798
-8086 9500 5933 -7111 5472 -6341 -6097 7302
8666 -9038 8740 -9416 -8954 9500 -1450 2171
7797 -8098 -9500 7082 -8958 8460 -1107 3764
1162 9500 -4238 -7344 -6495 4086 -6485 4121
8574 7111 580 -1420 9500 7577 9274 7467
6775 9500 4264 6665 -5999 -8090 -6125 -9013
-8993 9500 1464 -3168 5381 -3862 -173 1914
-9500 -459 -3967 -7927 -8547 2873 -8583 2804
-2265 1788 -5976 5848 -7564 7655 8946 -9500
7928 -9500 3861 -5033 -1198 928 -7199 8784
-1924 9500 -4008 -7256 -6353 -3467 -7193 1975
8258 -8236 8541 -9500 8487 -9462 -6513 6039
-2860 -7989 8931 -3637 9500 2164 -8032 -4787
-930 9377 4981 -4701 3099 9347 -667 9500
-8787 7785 9500 -8723 2806 -3118 -7074 6059
-9500 8673 -7739 8093 7807 -6724 -373 -770
7091 -1336 3704 9500 -7163 1117 -5358 -8652
-9500 -9036 -1240 1445 4526 7718 5630 8828
-9414 2529 9500 -4752 5654 4850 -9271 5988
-6329 9277 9352 855 9500 -3340 -6840 -6407
-3534 -1216 9500 8225 3901 1581 -6860 -4705
-8713 -9500 -7956 -9163 -7100 -8431 1021 2281
-5535 -3427 7399 8462 8624 9500 7756 5626
-6096 7408 -9500 9493 -525 -886 -4815 6214
-8406 -9500 2488 3431 1695 1012 -7629 -8724
7328 -4974 -1874 -2195 4675 -8082 7844 -9500
-2940 -9500 6410 7716 8326 5772 7870 -6531
1005 2458 6562 8295 7827 7368 -9500 -9333
501 1687 6519 -4003 4145 -5452 -9500 8497
-9428 -5637 -8294 -7441 9490 -1879 9500 -1851
2761 9500 -6265 -5677 3961 -6734 6718 -286
5574 -7573 7241 -6273 -8482 4733 -9500 -1782
-9190 3247 9500 66 6595 -8234 -7529 -6393
8995 9500 8926 9252 8624 8446 -6275 -4362
-5403 -4025 9500 8441 9472 8377 -9301 -8112
3193 -8043 -7239 -8153 3272 9500 4100 -7519
3086 -9290 -8509 -4316 -1567 9500 5168 7686
-640 -394 -9117 7448 9263 -7611 9500 -7893
-7204 -7364 -6231 -8219 9100 -241 156 9500
-4249 -7402 5713 2875 8633 7521 -8830 -9500
-2386 3802 6890 -6323 7624 -8838 -8409 9500
-804 -7339 3319 -6745 4555 -6262 9500 122
2436 3323 -7220 -9500 -3559 -4776 678 712
8696 2776 -2767 9500 6183 -6590 8187 -2760
6362 9464 -5882 8018 -9500 -6705 6677 9291
-6380 -5418 3336 2511 7774 6784 9500 8552
-5455 -7131 -2701 8391 5104 7346 9500 -996
7192 -6184 -8466 2036 -4070 9322 2316 9500
-9500 2426 6326 5338 9369 425 1081 -8392
9011 -2250 8478 -5397 5735 -9500 -7601 -4279
-4190 7575 1317 -7806 -1123 -7522 -9500 4392
9500 -2050 -2273 8567 3996 -8435 5349 -8077
8770 6410 9426 -251 -8353 -7084 -9500 -68
5695 2831 8213 7501 -6277 -9500 -1937 -6188
-8988 -9500 3796 2084 3482 5890 -1089 1061
2743 -9500 -6873 -5788 -6130 -6506 -403 -9370
1811 -8474 -5577 -6588 -5507 7454 9500 -3051
-4534 8534 -8108 1597 3536 -9500 7282 7830
-9500 1499 8590 2009 4217 -7384 -9478 824
3527 -2390 -7466 9266 7230 -9500 6651 -7208
-9500 -2074 8024 5779 7027 -5959 -5070 -8407
1932 -8697 8164 7426 -875 9178 -44 -9500
6741 -4222 -5726 -9500 -7419 -6475 8051 2766
8719 6898 9500 -805 7922 -5406 -8154 -7996
-7987 8635 9500 -8152 2768 -3910 -8029 6617
-1636 8210 9415 -1914 9500 6479 5073 8949
8581 2499 -106 -8196 -8915 -1782 -9500 655
-3879 3195 -9432 9500 -4916 5292 8991 -8293
9500 -1721 9500 -1761 -9176 4753 8378 4418
-9500 -2410 5663 8345 9056 256 -9033 -5368
-6927 -6554 9486 -1793 -1428 9500 -7483 6146
7839 -8844 -8429 9500 -8392 9462 6377 -7176
9500 3412 9410 3714 -8907 -4884 8354 -3136
-9449 9376 8483 4712 9351 -9500 -7569 -5988
9061 9500 2977 2470 -6182 -7040 -9003 -9397
9500 -7312 8012 -5901 6661 -4705 2550 -1244
8549 -7417 9500 -8480 -8989 7891 1500 -578
-8005 -7307 7102 6565 -9482 -8325 -9500 -8350
-8900 -9500 -4118 -3716 8270 8731 7652 7979
6416 5480 6697 5320 -7568 -4707 -9500 -354
5656 3612 3544 2299 1381 950 9500 5891
-1501 -180 9500 -8657 -7978 8359 -6700 5121
9500 1633 7963 -4401 7606 -4846 -2947 -8100
936 -9500 -7805 5059 -8801 -3266 -3365 -8982
7118 -4595 9500 -8336 -7663 7210 -2762 3671
-7576 5117 7995 -4751 -9279 -2435 -9500 -1987
-6534 8053 297 -9500 4011 8098 -5813 8496
-9494 -902 -5892 -6206 1153 -7268 -9500 -610
-5750 4093 -8936 -1732 -9292 -4743 -2939 -9500
-5508 -4280 3848 -7560 -1139 9500 -4463 6677
9010 -2368 8989 576 -7060 7196 4202 -9500
582 9500 8944 7610 -6784 4821 -3231 7801
8120 -9454 7723 -9500 -653 -989 -4002 6166
-6694 9500 6328 -9099 -1592 2038 -2078 2735
7319 -9500 -7123 9212 1711 -1649 6909 -8900
2612 -3168 -889 846 7138 -9500 4845 -6217
-9500 -529 -7454 5900 -5589 7435 1907 8538
4743 5068 5939 2990 -9500 -6495 -738 1208
-9092 9500 -7071 7317 7502 -7779 4240 -4298
-5034 6108 -128 9500 7449 2995 -7427 -3153
1270 4898 -5242 -9500 -7661 -8177 -4815 -3475
-8273 -1688 -2934 9500 8626 -5674 -6551 -4574
5209 3210 5202 5754 7919 7662 9500 8270
4873 -8421 -8936 9500 -7217 5829 -7079 5603
-281 -9267 1747 -9500 7344 -1253 7005 1146
4791 6368 -3925 -5835 -6719 -9500 -4421 -5831
-7117 9500 -3697 4492 -1068 1716 -4566 6233
3238 -8997 -4567 -8532 -9500 -1191 4335 -8500
-6782 8247 -224 9354 1161 -9500 -5032 -6871
-7305 5901 -8027 6659 -9500 8517 6749 -6798
1558 -9353 -806 9253 -6402 8788 -9500 -2260
-7947 8800 -9208 9492 -9500 9490 -5361 3662
5475 9319 9128 1048 9009 54 2023 -9500
-1781 -6719 9500 -3612 3852 5811 -5418 7152
8205 -4785 -5251 7821 -4488 -8675 -1583 -9500
-9500 -1753 -8500 2662 6274 -5296 -8936 -3776
-6145 -9500 6101 6579 2892 1799 2006 563
1218 1473 -8293 9455 -8452 9500 -5263 3085
6323 -5061 4625 9500 5182 9432 8157 -2967
-4769 5644 -8615 9499 8598 -9500 3191 -3076
-1346 9281 -3172 9479 3670 -9500 9274 4269
9500 -9015 -6490 7851 -5440 2753 4266 -6252
9500 3456 7600 7913 8908 -1916 9490 530
-7852 5297 -6031 6791 -6152 -5736 -9500 -447
9332 272 9217 3150 -689 -9500 -302 -9465
7492 -9500 -5376 4962 -6356 8615 -5860 8163
3385 3381 6418 8344 -7823 -9500 -2691 -4088
-8651 -4575 9500 2597 3438 -9475 -4171 -8862
8251 -6848 2999 -2297 -9500 7791 -3046 2336
1929 -3147 7473 -9500 318 441 -5290 5752
2566 -9215 -2607 -9322 1805 9500 8487 -4035
-8203 -2858 4275 5688 -6430 6148 -9500 3391
-5637 -8593 7684 -3921 9500 396 7120 7652
2613 -1777 -6596 4325 -4373 2906 9500 -6151
-6718 -8557 -1778 -141 8844 9500 -1806 -3780
8271 -1212 3795 -8599 475 -9500 -55 9499
63 -6997 9430 1552 9500 -204 8917 -2053
-7880 9500 903 -2273 5569 -7714 7125 -9332
-5613 6103 -2298 2170 1875 -2647 -8189 9500
-8912 1598 9002 -1025 -2930 -9500 -9056 -1263
5544 9500 7758 -3177 -2548 8125 -2433 8191
-7678 2891 1263 9500 -768 8762 -780 8757
4867 8579 -9500 -2421 -2265 -9108 9497 2450
-9221 7638 -8580 7213 -4207 4011 -9500 7811
-9500 -6383 1744 2083 -6938 -5633 -7608 -6069
7604 9444 7359 6110 -7253 -9500 -765 3301
9500 -862 -689 5828 -3635 5249 -7046 -4497
8969 -7994 -8702 8032 9500 -7456 9391 -7726
4553 4630 1830 2387 -8512 -9500 1175 894
-7793 -7646 -5876 -9500 8733 6031 -9476 -3532
-9500 -9401 4115 4249 1054 881 -1144 -1306
2647 9500 -6300 -8735 3961 -5526 8133 2933
-8177 6227 -9500 4566 9226 4208 2584 8778
-9500 4006 -8718 -2541 4784 -9163 8882 -5641
9186 6175 9500 6930 7301 7801 -2375 -5049
-5900 8331 -7165 9500 3702 -6150 8356 -8083
-4790 9500 8295 3763 8545 -7379 130 -9473
1005 9469 9500 -242 6428 -6819 -6795 6455
9500 -513 7996 2359 5400 5265 5583 -8984
8139 6090 7704 5717 -9500 -7269 4300 4096
1524 5020 -6220 -5415 -8942 -9500 8191 8338
-6417 -3480 -3879 -7070 4322 6617 -1080 9500
-1639 990 -1932 2807 9187 -9500 3238 -4169
2162 9500 6976 5927 -7766 3154 -4529 7810
-8227 3076 -4080 8737 8450 -1055 1121 -9500
-2843 4355 -5509 9500 3974 -6378 -1519 2037
2651 -641 -5294 -8398 -9305 -9500 5357 2662
-7136 -4008 -9500 -8366 -7923 -7764 -2074 -3950
5560 -8266 9500 862 -8127 5164 -9335 1739
-7206 8769 -7809 9471 -7842 9500 829 -1099
9500 -8565 -7651 7439 -8329 7201 -5245 4121
-4306 1637 -8338 6541 -8945 7378 -9500 8193
-1364 1564 -9500 8976 -6093 5999 -1803 1978
7768 -4963 7660 -5094 1298 9489 9500 4566
-9500 -4161 7996 -905 9137 5549 -6368 2986
8298 9500 -1451 -3714 4516 6492 7892 9213
-9220 -7552 7728 6636 9500 7362 3584 2026
-6637 -6010 8566 7247 9445 8086 9500 8316
-1411 -9500 6680 -3653 8775 3052 -4692 -9320
-185 -9500 -7409 3898 -6993 -1743 -6253 -3682
-9500 7292 -51 -1716 7014 -4276 -7337 6832
-8333 -9500 5151 6360 3648 3571 -4773 -5952
-9013 -1254 -8508 1439 5387 9500 8518 -1403
-8706 9433 8801 -9500 5835 -4729 4072 -2793
-9500 473 -347 -8612 6254 -6509 8211 4332
-5234 -7342 -7346 5491 4227 -8786 -1535 -9500
3578 5340 6963 8710 8233 9500 3249 4989
9232 7451 9500 7873 -8674 -7656 -1399 -2186
5184 7259 7760 9500 7413 7465 2440 1046
9500 -7021 9233 -8083 6607 -2846 7192 -3507
7853 8952 6287 6723 -7961 -9057 -8483 -9500
8631 -5246 -5561 9500 8075 5809 8773 -4879
-7676 4223 -3413 -9500 6595 5419 -4810 9413
-8863 -9500 -5439 -5249 7920 8633 4224 3926
6666 -9500 -6561 9337 4590 -6393 6658 -9488
9500 7566 7954 5613 -8937 -6643 9457 7604
-1880 1903 656 4827 9128 9500 -5744 -3231
-7353 2647 -5666 4703 7437 8620 -4575 -9500
-4059 7559 8517 -9500 -6499 5831 -5259 8756
-8033 7165 2435 963 7262 -9500 3932 -7352
9500 2731 3187 -6086 4532 -5301 7620 -2510
-9500 8093 8792 -7562 -6202 4899 -8664 7074
5113 -6505 3075 -7436 9500 -45 8365 -3398
6251 -5841 7715 -5092 9500 -7310 7014 -6316
-7747 -9500 3909 5389 -2758 -4072 -7372 -9145
9500 -385 9114 -2474 8919 -2954 8093 3879
9091 -3380 -8803 -2730 -9500 1951 -3674 8030
7003 8971 8245 -6875 -8244 6878 -6313 9500
619 9500 -6970 6331 -4522 -8837 6298 7927
-9500 8473 -9154 8202 -1000 1023 -8788 7790
-2171 -8576 9500 37 5151 6989 -4622 -7357
-8576 -8732 -9250 -9271 -9500 -8362 7088 5815
-893 -9500 -1988 -9435 -4024 8350 4602 -8042
7873 8740 -3423 -6493 -3682 -6750 7955 9500
7898 7073 4858 9339 2239 9500 -5218 -9226
-7621 9214 -7972 9500 3967 -5982 -6788 8513
380 713 6155 6642 -7650 -8667 -8605 -9500
-8211 -7449 -8127 -7403 -6395 -4009 -9500 -7911
-1645 7515 -6265 6986 8792 -4957 9500 -1771
5630 -4650 897 -627 -9500 8019 -2357 1864
8131 -8599 -5436 5603 -9046 9500 8724 -9127
-1592 9500 -6091 -5431 8612 -307 7404 3413
7958 6519 -9313 210 -3533 -9310 9500 1502
4548 -4446 -8194 8980 -7469 8005 8338 -9500
-1618 9500 -8095 119 2978 -9227 7892 -3453
-8368 4291 7452 5546 3366 -9500 -5470 -7881
-6959 6449 -7666 9500 8428 -9490 -1432 -675
-7078 -4046 9500 6836 8237 5094 -9443 -6446
-9500 9403 -9349 7832 -7353 8593 -8509 9199
2024 -9339 1489 -9500 -6456 -8414 -5679 7383
-6813 6848 -7955 2083 -7476 -900 -1239 9500
-3029 966 -7653 5160 -9500 7144 1567 265
6282 -5085 -6275 9 -3057 9500 80 9306
-9500 -3324 -5857 -9331 6361 -4422 9489 3026
9203 -8909 7307 -6816 2203 -1817 -9500 9103
-5542 -4084 5553 4099 8412 9500 5373 7967
3424 -7873 6312 592 -1786 9056 80 -9500
-7361 8571 -9500 8729 4750 -6481 -632 2729
5095 -5302 9208 -9500 8163 -8371 2504 -2642
8334 -4438 8993 987 -9500 1744 6785 -5708
-7188 7799 -8122 9500 -8014 9409 583 124
-9500 6090 -2103 1429 7598 -4915 3973 -2621
1994 -8057 -3223 -7234 5075 6507 9500 3263
-5797 7316 6130 -5285 8444 -9500 -3763 2531
-7318 -9500 -8569 -7704 -8684 -7496 -8137 7311
7826 6672 9500 -5382 -4335 -9435 -9416 -4284
5109 8360 6538 9500 -6510 -9225 4402 7523
8268 5124 9500 -6970 -6807 -7383 5249 9119
-4820 5059 -3119 4536 7684 -9500 -4753 4975
-1798 9500 8393 -2593 -8445 -3228 -6750 5974
9419 8335 8784 7401 -9500 -8255 8956 8069
4078 -7455 -6880 -5979 9267 2141 9500 640
-9500 -8041 -8222 -4749 -1550 1652 -5608 -6679
2860 7767 -9500 -7906 668 -4598 5135 9397
-4146 5825 7164 -9500 4521 -6299 -1202 1099
9390 -2123 8935 2860 -4047 9325 -9500 847
5625 7782 -9500 -1532 -1833 -8491 5426 -5743
-2998 616 -7671 -9500 7974 9363 3712 7481
-3071 -2255 8602 8965 -8721 -9500 -7554 -7518
2683 8983 4803 -8443 198 -9500 -736 9500
-3112 523 9500 -8206 -6253 6326 -4534 1691
4462 9500 660 5094 -8016 -8801 5576 4043
9443 1865 8861 -2666 -2575 -8635 -9500 161
-4368 -3738 -2248 -1776 2637 2135 -9500 -8885
-8040 7705 8109 -8439 3554 -2978 -9500 9425
4296 -1834 9500 -8206 8833 -8576 -9158 7453
1444 8023 -2925 8972 9500 -4827 7383 3512
-7521 5683 9309 -8975 6363 -4093 -7705 9500
8412 -7269 -8853 -4315 -9500 -1446 9486 -3494
-3249 -4113 -2642 -3696 9500 7065 -1058 988
-9047 -3459 -3001 8215 9500 -5768 -4804 -6570
-7332 2020 -7327 2145 -798 9500 -7336 1496
8928 1184 822 -9349 -9176 -4806 6595 9500
-7105 9500 5951 -8939 5811 -8821 -5299 5353
-4834 6831 9500 1568 8278 -2858 -9484 -1216
7601 7395 7169 6928 9061 9315 9386 9500
9500 -1994 7577 7476 818 9411 1209 -9054
9159 -9220 9500 -9360 -8044 8220 -9466 9468
-6650 -9500 4359 6293 4552 6472 -4878 -7032
-6103 6959 -8305 9500 -6315 7234 7760 -8860
-8941 -9500 2922 3008 8451 8876 8250 8775
-463 8505 2366 8155 9500 1043 1942 -8392
-2816 4830 -217 -706 7219 -9500 4756 -5747
9500 -6648 9300 -6392 2594 -1034 2935 -2865
9500 8845 -3603 -3732 -6408 -6197 3867 3965
6011 -5414 -8283 7453 2915 -2619 9500 -8549
-2404 -3608 8160 7422 9376 9500 511 1774
5279 -6545 5348 -6611 -4061 5376 -9063 9500
6557 -5276 7014 -4351 2152 9500 -2618 -9343
-7387 -3173 -1196 -5767 8415 4826 9500 8066
4467 9500 6870 -3345 -6909 3293 -3860 6429
7259 5420 -9500 -326 791 -6784 8015 4791
3685 -8433 9392 4803 -7293 5754 -2809 -9500
5454 7644 7694 9500 6576 7244 -6755 -8909
1707 3401 9500 9478 7731 6433 -651 1141
9500 -1187 -1952 8964 -1531 -8992 3058 -8691
-407 -9500 5194 7033 6858 -4521 5161 -7153
7985 9500 -5253 -8427 -7875 -8497 5348 8504
7014 7300 3091 -8721 -3552 -9376 3079 9500
2977 -348 5955 -4052 -5492 3437 -8324 9500
5078 4281 6081 5695 6256 9500 3935 6995
7378 -9500 -2092 1123 -3855 3465 -5536 5824
7035 -4597 -5804 5493 6351 6952 9500 -1691
-6777 6464 9419 -9500 4989 -5426 -4927 4530
-6665 -7239 8706 9500 8464 9242 -3059 -3294
1531 -1797 5972 -7303 7385 -9141 -7722 9500
-3830 1029 8964 -5824 -8933 8049 -9500 6423
4519 8531 8761 -7996 -9500 7679 -8161 8220
9011 -9500 -8710 9231 -5314 4162 8163 -8738
7318 -7393 -6087 9500 -8365 8988 -4901 3964
9500 -1247 2711 -6244 3226 6406 4160 6193
9484 2260 3206 9156 -9245 5397 4949 -9500
5158 -7932 1626 9500 -414 9340 -2563 8890
9500 -441 -3746 6976 -8806 2667 8867 -2544
-4758 -7437 9303 2938 -5699 6705 -9500 -2398
-6526 -5424 7409 7863 9425 9500 3992 2838
-1304 8254 -9500 -926 -7318 -3814 4270 -8400
9500 -92 -2781 -8853 -9365 -632 7933 4162
8710 2535 -794 9500 -3825 8353 8855 136
7216 4595 -4361 -9500 -7075 -5019 -7703 -2573
-7512 -6344 -8482 -7090 7586 6402 9500 7807
3770 7341 7935 9500 7714 9000 -2497 -5865
377 -1575 -9500 -8318 -7905 -6219 -288 1659
-9486 -8904 -9500 -8861 -8436 -6727 -8900 -9000
9350 -3891 8971 -4441 -783 9500 9440 -3750
-1343 9290 -3893 7904 7749 -4136 9500 -878
-9500 -2933 -8037 -6058 -5705 -8466 -5267 8748
9119 5761 4091 9500 -8267 -6827 6533 -7655
7617 -8334 -9277 9500 -9122 9452 8035 -8680
9500 66 5321 -6749 -4325 -7596 -9393 -1597
8858 -7242 -1655 979 -9500 8226 1159 -557
2798 7635 -7801 -1616 9500 -4147 9040 -1437
5269 -1376 5623 -1800 9093 -9499 -9090 9500
8855 -3368 -7805 4987 -410 9035 9500 3171
-9500 7255 746 1395 8406 -5826 -7418 4740
-9500 -6357 -5673 -5325 8992 5857 1483 2471
-3379 8367 -5813 5999 414 -9500 2913 9083
-9500 -1253 5527 -8414 4885 7109 -6541 7876
-1855 8958 780 9500 5261 8571 8935 4171
-9500 -3910 5743 -5512 8482 6371 -7392 3659
3799 -3638 8461 -7049 7600 -5574 -9500 7708
-9500 -6751 -7837 -5838 9082 5850 2218 2271
7235 -5054 2280 -9500 -9051 -6096 -3782 8583
-9332 9487 9440 -9500 -2767 5448 -5428 7446
9035 4301 -4029 -9421 -9500 2330 8312 5701
8646 -8715 -9466 9123 5706 -3923 9500 -9132
3557 -8152 -9146 -5636 -7931 6677 9500 -5681
-6564 -9352 9500 322 7171 8824 -5870 7015
-9500 659 -8621 5025 -2743 9426 -8934 -2213
-7175 4815 6635 -5790 -696 9500 -3064 8922
-7573 7478 -7739 7717 -8876 9500 4266 -3113
3342 4618 9500 8754 7940 8247 4751 5809
-3702 -3667 1710 1771 -9500 -9044 -9034 -8690
9500 7577 5107 2413 -6193 -5459 -8983 -5329
3488 -9417 -2971 9500 -9249 4285 -7033 -5076
1997 -2166 7947 -9500 -7938 9489 -1202 1733
-6884 4295 2400 9383 -9333 -4877 -9500 -4174
-5393 -7244 -6911 -9500 -2932 -4241 -2126 -3146
-9500 1880 -9385 90 367 -8874 -7901 6175
7551 -1242 4911 -4217 2081 8149 9500 4916
5342 5377 8060 9500 -6750 -7204 -7070 -8697
9390 -3117 9017 -4618 -5171 -9500 -7744 7388
9210 2432 -8156 5393 -8575 4679 -9500 -1200
2111 835 -665 -1359 -9500 -7639 -5777 -3850
8935 -9500 8921 -6350 2534 -4556 8869 -9456
9500 -1110 9023 7612 -1282 9226 -7211 -9199
-9500 -2 -7191 -5496 -1404 -7163 -7955 3087
-3291 4754 4109 -3550 5953 -5778 8093 -9500
-8608 6561 9500 -8419 3918 -1425 -1289 3279
9287 -2022 -2653 -9283 -7670 7267 2214 9500
-3898 8877 9500 884 -5845 -5547 -7483 7742
-7675 -7237 7407 7738 6078 9500 -8194 -6003
8720 -2121 -4265 -7074 -8416 -4981 9500 3376
-7430 -3700 -1645 -2743 6965 3346 9500 5323
6169 7524 -6405 4774 1061 -9500 8027 2885
-8631 9500 -7100 6869 -2582 3659 -4121 5224
-9500 -4995 -9239 2086 -7628 4600 3277 9214
4051 -5532 -9215 7581 -9500 9009 4452 -5851
5267 6310 -8003 -1043 -1140 -9500 6035 5292
-9500 -1931 -8749 6888 7206 6856 9244 2817
8966 -4218 -9500 -2427 3865 -9163 8062 -5801
7535 -6496 1567 -9493 -8533 4080 -1803 9500
-887 2515 -9500 -8331 -2624 649 -1910 1428
5611 -7766 1910 -9500 -7991 -5131 9317 1264
-9500 8897 -7626 6484 -189 -1856 -5684 7678
6591 7873 -6518 -7929 -2995 -9500 4185 -8359
-9412 -4247 -6615 -7056 -6574 -7085 -9500 -4121
2743 -7234 -7913 3150 9373 3641 9500 3156
6371 -9500 5752 -9437 -5757 9442 -2529 5116
9500 -661 -7729 4316 5126 7692 8633 4692
-3633 4431 8805 -9423 -7486 7048 -9500 9277
856 7094 9500 1521 6004 -4725 -1270 -7109
-6933 9485 1398 -11 6942 -9500 3864 -8233
9444 -9500 5162 -4058 4609 -3450 -3583 4903
-9475 -9500 -9239 -9315 -2303 -3224 4985 5670
936 -2967 615 1362 -8185 9500 -2664 844
264 3794 8179 7056 -4331 -7483 -8578 -9500
6030 3804 3638 4632 -6151 -3919 -9500 -8893
8453 6381 7008 4853 -727 -3132 7111 9500
9500 -2051 7701 3662 -6544 -4886 2787 -7877
-9500 1979 -9432 3150 9492 -2544 -8226 -2302
-9031 2782 -5822 6313 -37 -7663 -9500 194
6352 -6217 2407 -2453 -9500 9374 5051 -4924
8306 6983 9500 8918 2910 7849 2300 -1502
-6855 -5856 -3604 -2705 1261 1838 -9500 -8972
-9391 -6220 5366 -8307 -1723 9500 -4669 8625
-9500 952 5785 -6601 7125 -5639 9465 -1331
-9126 3114 -9500 -2323 -9133 -3370 -3773 8196
-9500 3944 -8225 -963 -5373 -5017 5668 4697
-1956 9500 7418 -7072 7383 -7101 -4012 8978
5568 7370 -7087 -9107 -7318 -9500 3650 4508
8398 8725 -4189 -6673 -8477 -9500 3340 5867
-9500 9130 7593 -7187 -2009 2218 -6586 6597
8770 1586 7521 -2634 604 9321 1955 9500
-3570 -8125 -9500 -1010 1320 -8603 -461 -8702
-6338 -3401 6321 7637 9216 6829 -9500 -7237
8515 -9500 -6979 8479 -7268 8682 -4335 1364
3847 9500 -274 -9392 -4426 -9195 -6762 -973
3482 -4387 -5840 2743 9500 -8317 5362 -5690
-4382 -7829 -5540 7640 -1351 9500 2861 8749
2217 2617 5788 9500 -652 -73 -4225 -7406
9500 8934 6007 5468 5282 4778 -4923 -4783
-8370 4545 -5730 6846 2234 8828 9500 4708
8481 -6739 -4183 -9229 -9500 -2010 -8292 7033
9500 -1779 4175 7617 -8377 -3833 -1170 -8568
-3179 -2438 -7981 -9500 -7256 -7103 -5302 -4842
-7822 9500 -5198 4629 -7645 8986 -7811 9462
-2388 1248 7041 -9491 -5313 7905 -7741 9500
9500 -7582 9491 -7568 -1490 2081 6165 -5665
-8311 -4333 -741 -9273 9500 2120 2048 8935
-7101 -3447 -2210 -8802 5094 -7976 -381 9500
-4457 7739 -1816 -9001 248 -9043 9500 313
-7000 8497 7951 -9500 7352 -8892 -6435 7527
-5664 -8538 9500 5542 5869 -5531 -708 -8707
9453 -971 8022 3511 -6439 8369 -9500 1943
3440 -2968 3239 -4615 -6764 7069 -8333 9500
7497 5687 -8053 -4675 -8798 -2280 1032 9500
-3540 -4829 -2158 -2926 -1828 -2472 6905 9500
6621 -9500 3703 -5675 1102 -2077 -1857 3131
4499 -7013 539 2132 -8152 9500 1356 -4082
16 1267 650 2015 -8084 -9500 -4022 -3681
2356 -4017 -8838 9500 -6747 6699 -3684 2928
-6495 -5837 6810 7695 8719 8399 -9500 -9400
-8281 9500 -1358 3046 2046 -983 -1502 324
9270 -7702 -8766 7370 -9500 7429 4112 -3923
-4209 -8855 8300 -6889 -5585 8712 -9500 -4645
-329 -7864 -8296 -4424 -9500 4746 -2102 7933
8934 -4409 9500 6379 3151 -9243 5725 -7759
-7213 7363 4322 -8321 -5912 9356 -7169 9500
-6047 -6356 8475 -3012 9107 -1837 9500 -604
-9500 -1283 8617 -3653 8872 -3082 -9474 812
9500 7060 371 -2902 -61 -3257 5600 7193
-9500 5210 -6631 7125 8658 4428 -1183 -7930
-2706 5834 9027 -9500 8494 -9421 448 -3921
-907 -1682 -9500 -8048 2340 1148 -591 -1411
-1988 -6649 -9500 1867 6673 -4907 1752 -6621
284 9500 -3058 8429 -7427 3107 929 -9303
-3248 7728 -4435 6998 -3461 -9102 9500 308
-2998 -2629 -6015 -8775 -6623 -9322 -7038 -9500
-9500 -3618 8678 -3237 5307 -7487 -9202 -4603
6666 -6990 9500 4146 8947 5206 2014 -9383
7797 -8293 6854 -7383 6006 -6553 9343 -9500
1891 -9500 1862 8487 -5113 6918 -5459 -3234
8688 -2451 8805 -2082 -8953 1541 1815 -9500
7766 -7794 -6164 6082 -9389 9384 9500 -9490
-8226 8472 -4031 3568 -8353 8058 -9500 9325
-7460 -7117 -7139 -6834 -9360 -8573 -9500 -8846
-8145 9500 -883 2531 1850 -381 8908 -8752
6237 4731 -2723 -5742 -2137 -5808 9500 327
5069 8448 -5491 -7952 -9500 5580 -8911 7849
3006 2082 -2450 -1361 8044 9500 5646 5660
7571 310 1793 7593 225 -8777 5002 -9500
-8103 -8390 6723 7013 -2506 -2644 -9132 -9500
8501 5404 5100 -7943 -6135 6966 -2605 9500
8032 7151 5643 9204 4539 9500 -287 -8895
-7487 4762 9500 -446 -7134 -5597 -7833 -4868
1937 -4144 3316 -5719 6681 -9096 -7596 9500
-2496 8795 -6005 5900 -7813 2852 -691 9500
-9500 -8783 -8948 -8180 8767 8403 764 238
5512 -7366 6920 -9475 -6918 9500 4181 -5481
-8236 1697 -7066 -6889 -2255 -9500 8013 -2327
6374 -6121 7059 -9500 -498 -2306 -7417 8435
8464 -5757 9260 -4344 9500 -3132 -8739 5392
-794 -9500 -5941 5235 7997 853 5517 -5820
-7989 7568 -8516 7123 9500 -8314 9427 -8197
8184 -5875 1516 9500 -4896 9345 -2004 -9295
-690 -504 9500 8358 -871 -863 -5741 -4947
-7984 -9246 3832 5805 8440 9500 8079 7488
-8560 9304 -6380 7313 -2626 1957 -8811 9500
9500 -9079 -324 197 1739 -1772 8962 -8600
-9500 -150 5015 5894 8233 -3010 -6211 -5324
-6334 -3396 399 9500 1258 9371 -6106 -4169
-6595 -6964 -8213 4297 2879 8906 9500 -455
9041 -7781 6839 4325 -9500 574 -437 -9387
-5118 8388 733 9500 8112 -2992 -8105 3036
-241 1630 2802 -1746 9293 -9500 3481 -5099
3092 7199 -9500 4022 -8968 799 -6163 -4253
8935 -4967 8597 4637 -7194 6803 -9500 -3170
9500 -9295 8357 -8134 -8966 8737 631 -679
8589 3059 3132 7551 -3728 7702 9500 -709
-2333 -4554 5942 3270 9500 8108 -6089 -3432
-9193 -9035 6020 5887 9500 9333 7205 7094
9500 -8595 -7776 7368 -9451 8626 9469 -8631
-7261 -135 -6368 8140 7901 -3983 3358 -9500
-706 -9500 5133 7263 -6172 3457 -2333 -9277
-2434 559 -5596 8679 -8447 9500 -8003 8633
-9500 9030 -8887 8736 8920 -7326 9439 -9008
-665 7628 -3308 7784 -4866 -5336 9500 -2809
-9500 9213 -3607 3810 -3118 2721 -9452 9148
-784 -537 8685 9500 1069 859 -596 -1021
-4366 -6915 773 9500 -5083 6998 -6198 4702
5966 7257 9247 -3091 -9500 1387 -5723 8381
9224 2775 979 -9500 -5258 -7863 -6663 -6751
3403 8066 4823 6749 -6945 -4066 -9500 3040
-5069 6091 1146 403 3249 -1630 -9210 9500
8264 9441 4036 3358 -6788 -9470 8299 9500
3827 5691 9500 -1028 2693 -7290 3596 5809
-9500 -789 -5491 4289 7872 3568 9214 -904
2971 -7809 6067 -5852 -9500 -263 -5114 -8011
-8651 -3614 1931 -8705 9500 -1864 9414 1619
7364 7657 7687 9412 -1052 347 -8397 -9500
-7905 3400 -9454 -4243 9500 2428 -6520 5675
9500 -5100 9370 -5525 -8902 -2037 4788 7678
-4743 5185 6730 -4146 9500 -6881 -8273 5610
6475 -6253 6271 -5876 2803 -560 -6767 9500
8178 5493 2111 3408 -2926 -648 -9500 -6988
2892 9168 7459 7410 -284 -9500 -4907 -8603
5707 3784 -673 8927 -1065 9098 -6576 9500
-2539 9500 4487 7455 1104 -9485 -6146 -6122
4406 6876 7939 -2789 9500 2999 5947 6421
-3690 -9500 651 -8511 6904 7433 -7652 -1355
7114 -6338 6780 -6007 -954 1525 9427 -9500
9500 4314 2069 8819 -2635 -8909 8219 -1054
-2964 9110 8429 1130 6756 6502 3147 9500
-2232 1827 5806 -6131 2596 -2195 -9451 9500
-2718 8869 210 9500 4737 -7868 -7485 5389
-4548 5578 286 602 7432 -7179 -8593 9500
6448 -7606 -5047 -5020 -4268 9500 6195 2995
8731 4211 5110 8313 -9500 6166 -4718 -8598
9411 -9500 7142 -7657 -2074 1133 -8413 8745
9415 6624 -3225 268 -9500 -6298 9146 5403
-796 9500 4299 8644 7295 -8895 -4985 -8438
9500 7259 -5694 -3351 -3102 -3501 8517 5926
-9177 6845 2000 -3886 5140 -6301 -9500 8903
-5664 -7695 -497 -9289 7507 -8574 -2485 9500
9500 -8420 -4449 4529 -8557 7313 9053 -8238
3037 -9500 -8449 -298 1412 9121 6541 4946
5241 -6393 -155 9500 -3410 -8621 -2888 -8910
5965 -6705 -862 -9500 -3246 8606 6230 -6437
563 -9273 5567 -6662 9314 6709 -339 -9500
-9479 3353 6274 -8829 -1633 -9263 -9500 3155
7381 7558 -4138 8381 9 -9500 8983 5989
6668 4113 -9500 3882 -4701 7555 -246 7539
-6730 9500 -6016 7015 1270 -3367 2448 -1624
1800 9500 6585 6852 3141 -9091 -5163 -8065
9466 -4481 8072 -7558 -9095 -6115 -9500 4374
-9500 -6548 -8977 -6138 -481 258 3603 3223
-2754 9014 7556 -4686 1250 -9500 -8863 1006
-3099 2863 -5490 5989 -7756 9471 7663 -9500
-6868 8090 3643 -3448 446 -1188 -8362 9500
-3647 -6943 -4256 9500 2076 7929 7648 -8298
-1502 9489 -9312 -2525 -4988 -8310 -1734 -9500
-3131 -8216 -3730 -7596 -5482 4533 -678 9500
-7101 -5359 9500 7791 8428 7530 548 1350
5766 6905 7517 -7972 -3061 -8441 -2927 9500
-9500 -8662 9231 8742 3654 4475 -8556 -7301
-7944 2664 3015 -9500 6881 3085 -3098 9479
928 -619 -7643 -9500 -3391 -2639 7596 9305
9061 4246 -9500 -977 369 9365 7955 6345
6369 7136 -9500 -8963 -8595 -7637 -4515 -3111
2942 -5512 -6254 6309 -4055 6713 7084 -9500
6401 -7243 -2981 3212 -8533 9500 -7765 8742
-3269 -8742 -6309 7540 -1583 9062 9500 -4747
-5436 5262 878 52 9500 -7834 7892 -7150
8406 1997 5876 5573 -9200 145 9500 -3256
3787 -6868 1625 9500 -281 9168 -5304 -8003
9500 7345 6954 3119 1659 5288 4310 7159
857 -8211 6177 -3691 4583 9500 -9220 -4327
-6849 -5771 216 9474 1630 9500 3207 -8113
3159 -9226 8198 2276 2222 9500 -6286 6723
2616 -3761 9292 -9500 7885 -7241 -428 -760
-4627 6082 -377 -9500 8053 3678 -2445 8088
-6350 8526 1998 -2819 5716 -7702 7226 -9500
-7973 -75 4958 -5401 8672 3907 6313 9500
-7878 6361 -2411 2301 -9224 7760 -9500 7820
-8879 -5225 -9500 -3113 -500 8227 1242 8591
7558 -5872 8103 -5185 -9500 1168 -2047 -8367
-5575 7597 -9500 1942 -1954 -8006 3305 -8366
-1112 -9180 -8603 6380 -6519 8218 947 -9500
-7325 -6334 -4006 -7503 -3831 -7326 9203 9500
6571 -5911 5675 -7434 -5644 -8408 4610 9500
-3094 -9500 -7380 5970 -8571 3874 -8036 -5433
-6466 -8559 9500 3974 9347 1451 5412 -5297
-3210 7701 -4325 6977 -9366 -735 -9500 -2281
4117 -5617 -9500 245 -2880 -5185 -2006 -5414
7600 -4814 -9500 374 -2114 -8573 -1740 -8622
-2140 -257 -2915 595 9500 -8706 -965 -1520
-9500 8551 8557 -7217 8911 -8749 2878 -4054
3543 7379 9500 -2414 -8709 3278 -1699 6945
8243 8774 8871 9500 4665 5179 6088 6392
3887 -3120 4380 -4108 -9500 8225 -9040 8039
9106 -7944 -4345 3036 6489 -4970 9500 -7996
7771 8761 7646 9500 -7686 -9468 -5816 -8736
-5339 7744 6107 -9500 5445 -7966 3517 -4242
-8070 3150 887 -7495 -6902 -6215 -9500 -2511
-8599 -6499 -536 -2607 9419 9500 9287 9429
-8556 -3243 3733 9119 8712 2243 72 -9500
-1294 -9172 -4837 9304 1859 -9500 1359 -9483
8669 6530 8797 6236 -4772 -9500 7888 7742
1710 8259 4966 8058 -9500 -4332 -7458 3452
6153 -3897 -9500 6706 5045 -4247 6292 -5082
-8375 -8320 -8965 -8739 -9500 -8582 -6708 -5451
-6275 -6063 -9500 733 9498 -1382 5130 -8117
5172 -8238 926 -1550 -998 1497 5980 -9500
9153 713 5553 -9153 -4104 -9500 -9186 -359
8051 -9500 241 -3331 -5589 2663 2862 286
-9406 482 7415 -6153 -638 7302 -9500 875
-9500 -6304 -8520 -5015 9124 5732 7613 4085
3670 8034 -2316 9500 -6069 -5860 4754 -8676
-6301 1361 6299 -2453 346 -9500 -2341 -8039
-2114 3400 3801 -5120 8852 -9500 -1136 2382
744 1957 9287 -7120 -9500 8762 -2793 4883
9500 -1396 7318 3009 -2730 9144 3912 -9197
-568 7696 -9500 -3594 -214 -7728 7258 5802
7735 8084 -9500 -8429 -8423 -6839 -2585 -665
6566 -7027 8917 897 8074 3984 -2067 -9500
8500 9500 228 -1553 -6482 -8854 3519 5806
-6362 2626 -4037 49 5664 -8965 9500 -6516
9500 -7869 -8478 8103 -6382 7277 742 2368
4274 -2565 -3810 7544 2304 -5907 5845 -9500
-9500 325 -3296 -8304 1815 -9424 248 9301
-1411 9500 -8183 3234 -6009 7234 -3309 9043
-6585 9500 6597 -6890 6397 -9314 -4142 3394
-3923 4282 -9500 8176 7820 -6504 7342 -6041
-6342 -7942 -6264 6459 -2101 9500 6196 -6539
-3323 9093 -9483 -2886 4263 -8693 2235 9500
7309 -4916 2953 -671 8959 -9095 9500 -7293
-1234 466 9344 -8954 -7506 7805 -9500 9409
-8388 8579 9500 -8718 -4074 2513 -6329 4852
291 9012 5474 -9183 -8398 -2464 -9500 5470
-935 9500 8391 -1066 -6441 7260 -4349 8859
9500 -319 3691 -7873 -7579 -5846 -710 8725
8438 -9500 7873 -8647 7420 -8519 8198 -9292
-9500 8696 8367 -8238 8793 -8614 -2007 2414
-2827 -9500 9208 3628 -9271 -877 -3856 -9334
6495 -4802 -9399 -3376 -9481 -2928 9500 1006
-9162 -4072 -8634 1483 -9318 -210 -9500 -1076
-6260 -9443 5411 -6498 6172 9500 -9324 -2477
-5952 -7773 -4896 -8351 6429 8993 6436 9500
-4655 7245 9057 4492 9500 1614 -228 -9342
-9500 8977 -4426 3974 3242 -2832 -6241 6161
3009 7299 9500 -4138 6137 -6742 -18 -7790
7741 -3929 -2374 9500 -9138 703 2614 -9354
-8624 -5096 -9500 886 -3945 6966 9493 3438
-6275 5574 -7788 3893 -9500 -4409 -2983 7826
2607 8297 3628 7801 9500 -8257 -123 -9207
2180 -2881 9500 -8131 8729 -6741 8606 -6613
9500 190 8300 3049 -7658 3118 -8942 1630
1474 8501 1440 8524 -3183 9500 5374 -7973
7850 6068 8920 7046 -9500 -7689 7593 5841
-962 -3022 4463 7986 559 2408 -5981 -9500
-9500 685 5026 -7939 9480 -415 260 8609
8037 7120 -9500 -8396 -8278 -7331 3255 2804
9500 4030 -4898 -8626 -588 9188 5349 8428
8840 -6218 4101 -9500 5845 -8619 8404 -6663
9500 -2943 -2945 7320 -8604 4818 1882 -7321
9500 8735 5418 1340 -6254 -2102 1791 4376
4802 8115 8269 -2154 6248 -4725 -9500 -1738
2911 2598 5825 5593 -9500 -8951 -7979 -7583
7866 -6097 8576 -8945 -8589 8670 -8392 9500
9500 7146 8192 6211 -6147 -4541 -9032 -6823
7834 8912 -8247 -9500 -6077 -7936 6793 7505
8251 -2027 8251 -1981 5806 6543 -5690 9500
-2750 -3097 9500 9258 -8736 -8618 -6560 -6660
6078 2866 -209 9500 5653 -6155 6173 2549
-6922 6813 -9010 9500 7719 -7778 238 -1196
-9186 -5610 9500 3018 9420 1293 -8956 -6429
7997 7575 9500 1555 1753 -9067 -6417 -9009
-8445 -2739 -7047 3593 2572 9500 -2739 -9477
-9500 7326 -8950 6207 2787 -3345 2890 -3418
9500 2128 -2834 -7744 -5662 7169 -1588 8247
7631 -6520 -9500 7933 -9493 7925 7471 -6392
1784 -571 -9500 6438 8695 -5473 6678 -3969
2839 6500 -431 7346 -9500 -1241 4873 -7278
-4303 4593 -9500 9283 2278 -2694 -3906 4223
-8736 -6827 3443 9470 9155 -1791 -2412 -9500
8389 -2031 9500 2849 -268 7767 -1197 7518
-9054 3497 9500 -1959 896 -8453 -7403 -4804
2908 3168 9500 8190 -5559 -3955 1847 2306
-8892 9500 -6128 6973 1718 -1325 -8836 9414
-2983 8420 2954 -8428 9500 872 9319 1940
8918 -9500 -7822 7170 -1662 2746 5435 -4547
-5751 8038 -6628 7136 -8149 -9263 9500 -2538
7376 7798 -9500 -199 -9384 -3990 9499 3404
8774 9500 -7660 -7743 -2849 -2254 8497 9308
9500 4658 6883 -6514 -5113 -8082 -3123 8367
-3279 -6173 6128 9500 4481 7676 -3976 -7056
-8855 7335 9500 -8046 -4849 4772 -9288 8170
7064 -9476 639 -3062 -6211 9500 -4260 7550
-3348 9500 -7232 -685 -7134 -974 51 8994
7888 -8313 -8003 8458 7871 -8318 8995 -9500
8357 887 -8216 -2279 -2075 -9436 953 -9500
-870 -119 5711 -5768 9500 -8415 3053 -1856
9424 -2771 9500 -2672 8980 -3306 9359 -2854
-9500 8473 674 -2360 3302 -4616 -3993 5184
9349 -6366 -515 166 4306 -2733 9500 -6462
9500 1104 -6373 7691 -9352 -1691 -7678 -5055
-5393 -6426 9500 -372 4345 7340 -7290 8798
-8812 -5532 -5244 -8878 2731 9500 -9293 -4317
9500 1133 -5437 8569 222 7754 8497 2404
-2104 -3074 5769 9500 4233 6727 -4851 -7815
998 -9235 -6642 3654 1352 9500 1462 9490
-2103 -2685 -8785 -9500 -8208 -8799 5062 5862
8869 7931 -2685 -233 8720 6238 9500 7892
-9500 -7703 1975 2187 -5049 -4592 -9309 -7647
1543 853 -9500 -7840 -4235 -3883 1277 631
8091 -8022 -9500 8191 -9113 8297 -5992 6911
2164 8330 -2012 9500 -6770 6827 3001 -9393
7664 9500 -6242 -7361 -7138 -9035 5562 6457
2361 9500 7333 4738 -7863 -984 -2960 8310
6729 6024 9500 7443 -869 -1754 -8812 -7295
7692 4042 -9095 6520 -2992 -8311 9500 487
6182 -2336 5861 6374 -6785 -824 -2162 -9500
-9131 -9450 -939 2740 8846 9500 692 -2976
7918 -9395 8025 -9500 1936 -1640 1635 -2494
-2609 5737 -399 -6990 9500 3817 6609 7143
-810 756 -3155 2272 -7038 4753 9500 -6283
-3917 -6862 -347 -9500 5393 -7931 -6879 4669
-6199 5823 -1633 9500 -1832 -9275 -6298 -5039
7313 4937 -8713 -6603 -3102 -277 9500 7580
8678 -5034 -8030 4587 -9500 5713 2060 -795
9500 -1662 -2993 8886 5340 6714 8159 3541
7211 -4635 -4768 4619 5949 -5465 9500 -7891
1848 6807 -9500 67 -3287 -6756 8195 -2364
9458 1593 6294 9500 7932 -8639 8853 -6437
-6729 -5963 -9500 -7657 -6538 -4329 6804 6014
4253 -4883 -4002 -6741 9500 2975 9371 613
-9500 3516 -7353 6903 3815 6055 -8535 -1220
5367 5214 -9038 -7365 -5060 -5006 9500 7408
3193 5342 -1667 -783 7319 9500 6284 8772
-2916 -8657 3477 -8127 2600 8699 -9500 -5321
338 -2581 9500 -8634 9027 -7280 7294 -5007
-5855 4382 2148 -3778 6539 -7653 -9500 9370
-8848 -8164 -6642 -4054 2389 6060 8833 9500
357 889 8837 9494 8845 9500 -8849 -9345
-6006 -7357 4103 8511 -7491 9500 -9482 -4091
7612 9500 1238 575 -3104 -5002 -7068 -8653
-5400 7265 -8704 -4969 -8110 -5957 -1406 -9500
-1230 -257 -471 -809 -7878 6356 -9500 6456
-9500 -8834 -9124 -8846 -8668 -8562 9387 8960
9500 -9219 -8208 8189 8212 -8194 8333 -8304
-6286 -7497 768 8708 2616 8694 9500 2957
-5499 6515 7071 5135 -3621 -7211 -9500 486
-9500 4843 -9410 4907 8171 5344 9163 4726
6866 6705 9500 35 9071 -2648 -5388 7722
7624 -6997 1138 9500 -8632 -7077 -78 -9490
7966 4465 299 9340 542 -9500 5495 -9095
9500 1736 7631 6577 6460 7385 -5256 -7888
-6896 4760 -9500 336 8432 2539 8230 2798
4869 -6416 -4964 -8625 -7511 519 3501 9500
4485 4284 8235 9076 8483 9500 81 1022
5082 -6989 9498 370 9500 499 9289 2360
8316 -1234 -8297 1378 3222 -9500 8207 -1934
5683 -2393 9500 -7588 7597 -8404 -4157 6329
-8493 6705 -2710 2210 -3912 2991 -9500 7450
-7650 -9309 -7599 -8838 3588 4845 8022 9500
4741 -9444 9047 -7297 -5852 9172 4405 -9500
1196 -3774 9500 -8934 -8549 7553 95 -2626
-7557 -9356 -7762 -9500 -1213 -3279 -1343 -3419
-535 -9141 -8091 8340 8814 4395 4034 -9500
9490 -2347 7669 3420 -2749 -8464 9500 -3148
-7372 8479 -7086 9500 -4424 6975 5207 -7792
7382 6706 -4444 -9393 -6990 4432 -1304 9500
-540 1276 1939 -3071 7116 -9500 1269 -1070
5604 6316 -3351 -7961 -7007 -4844 -9500 4185
-9500 -9161 -3099 -1916 8562 8377 -8749 -8534
-1397 968 8465 -8833 -8060 8442 -9160 9500
7716 9500 -4475 -6052 1418 1053 4452 4885
1368 -2685 -8836 8247 -9500 8432 -2870 1044
-9327 -1110 -9498 1013 162 8791 9500 -247
8926 -2875 9187 4051 -8725 -5155 -3488 -9500
-6980 -6559 -2066 -7903 8972 -2367 9500 3893
-2230 -3109 910 1946 -3233 -1851 -9500 -8612
-9500 -1037 4547 -6666 9487 579 285 8164
-9500 -7812 9188 7641 2898 849 -7870 -6859
9500 -9090 -4912 3785 -9288 8936 -1754 2464
-9447 -1041 -6941 8749 -1548 9500 -6116 -5660
9414 1044 9500 445 -8969 -2521 9332 1422
9091 1493 9500 -1878 3820 -5977 2200 -6203
-8957 9500 -8434 9073 8967 -9099 9155 -9361
4531 5809 960 6276 -1006 6143 9500 1624
4837 9282 4660 -8779 -9500 2649 -6500 7388
9445 -8560 -9500 8447 -6489 3559 -5465 2425
-6062 5756 -9189 2486 9500 -1578 9130 2033
921 215 -6637 9500 -4468 4929 3177 -2997
9500 -7848 7525 -6122 -8258 6859 -9387 7760
9217 -2331 -6316 5902 8745 2854 9500 -1234
-6993 9500 3864 -4688 4850 -6068 6458 -8899
1164 -567 -7112 6225 -7646 6645 -9500 8033
195 901 -8615 -9500 -4387 -5572 1556 1093
-9500 -1063 4346 -7239 7851 -4022 -8909 2032
-9500 3240 -7638 -3049 -6575 -4279 -7550 6646
-9500 -1997 -3560 8503 8322 -4095 -956 -9454
-947 9466 1372 -9500 -7367 6676 -6075 8058
8337 6053 -6010 -3144 -9500 -6482 8992 6339
-8300 -5588 -301 -9500 6299 -5301 8387 5384
-7999 5568 -4763 1342 5717 -8287 -9500 8781
-857 2352 6933 -4816 9500 -8852 5713 -6294
2002 8828 -7419 -6744 -5321 -8130 9500 1254
-787 -3442 2558 5563 6340 9500 2449 759
9291 -3319 -7651 6929 -9500 1941 -5714 -7556
9500 -9230 -3046 3114 -9489 9178 -3504 3239
-8979 9500 -7180 7495 8227 -8657 -6770 7573
2133 -936 -8771 5389 4909 -3221 9500 -5548
-7726 1313 -7863 -1780 2641 -9500 7338 -3049
-7664 4211 4210 -1032 2196 766 -8243 9500
-842 9284 -3332 -9403 5347 -7462 725 9500
683 7392 -2722 -7633 2599 -6405 9500 5126
9329 9423 -5390 -7096 1750 3846 9231 9500
-8988 -1352 -9500 -151 7740 -8902 7308 -9188
-599 3884 -3749 337 -2760 -7570 9500 6376
3224 -7022 -6128 9349 5176 -2048 9500 -9241
-7298 -4217 1902 -9500 7824 2897 -8050 -2107
-6455 -5132 -2379 -1250 -9500 -8232 -8961 -7657
-2645 -181 -9500 8668 -7884 9117 7838 -9092
9036 -4967 940 -4554 -9500 5507 -4312 7176
-3204 9500 119 9427 8912 -937 -6912 -4560
8363 -9500 369 -1931 -2406 1205 -7483 7582
9500 -3048 1243 7678 -935 7828 -9488 -1996
-2752 -4695 -9500 -8093 -4602 -2126 -217 2108
-1291 -9283 869 -9500 6933 3778 2382 8883
-5285 -5253 8461 9500 23 -748 -8442 -9233
-7966 -3850 1781 9417 5482 7692 -536 -9500
5922 -6606 8253 -3301 8969 3429 300 -9500
-9163 -6854 -5553 -9286 -821 -9500 1941 -8694
9500 -8420 -6505 6257 -6872 5510 8160 -7550
-7890 -8206 7400 -4421 8883 -2035 9500 5923
7609 9104 9500 7507 2657 -237 5820 7799
7585 9357 -2798 -1785 -7386 -8754 -7581 -9500
-4915 3154 460 -2137 9500 -8638 9351 -8374
9421 -5192 -9236 5778 9493 975 9500 945
-8057 4565 -9324 -1436 -8762 -3993 3128 9500
-9500 1444 -5096 -6966 -3525 -7984 -2636 9221
-7924 -7652 -9500 -8512 4555 5544 8530 7996
-6060 9500 4078 -6712 -1378 1582 -2779 3785
2949 -5395 -8783 9098 -8553 9500 8644 -8589
4767 6793 -4598 -2588 -8115 -9500 2701 516
-3067 3201 9500 -9243 5939 -5926 3717 -3821
-9500 -3860 6724 -3265 7662 -2144 9415 4252
7182 9500 3965 5595 -5140 -6221 -4607 -6396
-418 9500 3293 8910 7269 6476 -5141 8316
-8509 2466 -8904 1941 -9500 308 -3743 -5088
5035 -8132 -347 -7978 -5998 7851 9500 665
-1745 7584 -7340 4204 2238 -7438 9500 189
6824 2243 -2339 -8495 4043 -9500 4521 -9241
3114 7722 -9500 -3315 -1246 -7576 3288 -6022
-9500 7373 4 857 242 676 3737 -2041
9418 -9500 7541 -8693 -6444 7685 -217 1467
-9330 6980 -9480 7368 9500 -8099 8041 -8185
9500 9456 -8740 -8436 -1339 -1790 9154 8898
8356 -6720 9500 4329 7265 6357 -3424 -8223
-6022 6824 -7570 4190 -7665 -4442 2453 -9500
-5912 -6847 -9500 -833 8471 -2750 3662 -6988
-7548 -8593 -4269 -3673 5106 7915 8040 9500
-8848 6638 -8492 6330 7248 -5892 9500 -7240
3130 -8637 1198 -9500 -4458 -6278 6008 -3653
1055 -8243 -2555 8261 -2811 8243 -9500 -634
896 -3681 -8627 6567 -9500 8427 -8939 9051
-3915 6413 9500 3743 5632 -5808 1057 -6950
-7804 8591 -8912 7289 -4418 2343 9165 -9500
150 9153 597 8977 2916 -9380 2015 -9500
-4071 -9500 -4127 -9482 -6863 -8081 9497 -3265
9310 -2617 -9500 -3953 -4545 7019 4640 7807
9500 1741 -6913 6562 -2631 8504 8228 4299
-2959 8150 2206 8889 7601 6136 -9500 -740
8980 -3408 1475 -9416 2627 -9500 8480 -5671
8467 -3625 8874 -2783 2704 -9500 6838 -6085
4062 -5856 8730 -9500 -522 2795 -2501 4531
6695 7784 -3998 -6097 -9500 -6696 -4414 -839
7513 -2599 8837 2915 8519 5124 4276 9500
8757 8520 8526 9307 6429 7701 -9093 -9500
6474 3164 7089 5096 -9500 -5582 -2867 -2795
-8987 -9500 -6719 -8995 -3586 -6490 -2667 93
9500 -4158 -6830 -9344 -8173 -8448 -9086 4774
-4382 -8482 -6655 7007 7804 5362 9500 -29
9500 -1395 873 6264 -5256 -4410 2824 -6682
-9397 -1047 -7362 -6260 9500 362 4821 9137
2326 9500 5550 -217 4416 -6278 -5552 -35
3040 2249 34 441 -8598 -7287 -9500 -8291
-5243 -8736 -7847 -1399 7846 3517 -30 -9500
5982 9500 -8459 5970 -8492 5887 -7823 -6923
-2283 2102 8023 -8362 4929 -4971 -9048 9500
-7640 -4668 8841 2001 6730 5924 -2532 9500
-1706 -2925 -7521 -9379 -7645 -9500 1903 3154
-8153 -7119 -9500 -8019 -1354 -1570 -6392 -5726
-1016 -1061 -7586 6361 4746 -2946 8739 -9500
9408 7448 5275 4067 -9462 -7498 9500 7548
-47 3698 5748 -9500 1125 2321 749 2769
-4921 -3787 9223 9500 6457 5758 -1507 -3965
-5852 -6919 5182 6135 8030 9500 -7578 -8963
9500 -2661 5733 -8820 -9341 -362 -7569 7291
-373 144 -9500 9157 9233 -8891 4483 -4614
2757 988 -5589 -5021 3176 6085 7323 9500
-8599 4924 -8105 -6384 9500 4054 5556 8550
-8108 -1774 4041 -8963 -1750 9500 -3523 9158
8698 7598 -9500 -8457 -5495 -4347 -2518 -1452
-9500 -2138 -2634 6106 7496 5156 5949 -4485
-8966 3003 -4183 -6560 8702 -3273 9500 -2367
-6277 -5096 -3879 -8528 2264 9500 -5427 6067
9500 1232 -4576 -7307 -7443 -4753 -645 9315
9500 -8472 -2486 2663 -4585 4455 -8375 7597
9500 -8749 9044 -7918 -461 2466 -8028 8736
-9500 7779 2883 746 229 3359 -7323 9197
9500 1289 291 -8990 -3683 -9329 2049 9392
9500 -9224 383 -47 -6578 6544 -8944 8397
-3113 4187 5672 -9500 -4090 7259 -5841 9006
-1620 1377 7466 -9500 -2922 4366 -5566 7553
8210 -9500 4489 -7643 -3478 539 898 2465
-9500 8281 7694 -6794 -4031 3623 -9445 8285
-9500 -219 -7394 7574 8171 6652 8525 5806
-4701 -6188 1821 -1195 -9500 -7030 -5266 -6552
7371 9500 6513 8691 1653 3195 2838 2392
3703 9179 -3815 9299 -3162 -9500 7316 -5083
-6233 -8022 7942 9500 4385 6018 -7870 -9262
-1060 9007 1201 8053 2218 -9329 -9500 861
6632 4775 -7610 -7798 -8642 -8601 -9500 -7647
2748 -8554 7570 -5394 9500 -2278 57 9140
8226 -3460 -9500 -1063 -5901 4956 3947 5386
7055 6633 8440 9500 -5199 -7491 -259 -2466
-7902 -9172 9300 9481 -3064 276 -8991 -9500
5571 -9453 8673 -6776 7039 9500 -6072 9128
-4920 7067 3464 -2342 -7392 7698 -7873 9500
-9500 -6814 -3496 -3728 4202 1356 9000 6639
4737 -4688 -2026 -9500 7507 3451 6874 -371
-5029 -8598 -9310 -4494 -9500 -3927 -1725 8476
-6823 -859 -4365 -7865 -812 -9500 4715 -6191
3239 -4446 8852 -8915 -9500 8553 -3724 2100
6215 3987 3500 1709 -9500 -6870 -5734 -3578
504 -7732 9500 -4070 3020 6791 -9496 -866
3943 4321 9417 9500 2982 2651 -1732 -1376
-8695 -9500 -6289 -8453 4369 96 4562 294
4095 -6117 4621 -6730 1269 -479 -7137 9500
-8037 5095 -8718 5513 3410 -2215 9500 -5979
7063 -4745 9276 -9500 -7605 5456 -889 3733
-8949 -3497 -7208 -6224 -9226 1764 -9500 -1019
213 -7767 8176 -7210 9500 -4242 9237 -1861
-8048 7790 -6766 4863 -4512 2644 9500 -8417
201 -758 -1068 -2284 -7892 -9500 -5695 -6192
-4031 -9396 -1839 -9480 -1948 -9487 -2834 -9500
7509 -2566 -6709 8066 -9092 4574 9500 -5197
7444 7657 -7030 -6891 -7360 -7494 -8023 -9500
2733 -3170 9500 -8441 518 457 -7557 7012
-8551 -7767 7815 -6310 -9500 3009 -9341 -6329
8080 4355 2723 9184 -5787 6938 160 -9500
7872 -6946 8944 3138 -1093 9500 -2312 9470
-7270 -6489 9500 8389 9366 8276 -7502 -6306
-4100 7618 5368 -6481 833 9500 -766 9258
-1792 160 9500 9306 -8546 -8633 -5119 -2867
-9500 2763 -9057 -4782 4361 8272 -8741 4077
-9141 9500 -8836 5950 974 -3326 5097 -2146
960 919 -7848 9500 -7708 9156 6189 -9151
-9500 -8214 6228 5289 9331 8070 8778 7601
-5213 8635 1559 8945 9034 4860 -9500 -4309
8423 3511 -4976 8773 -8510 5752 -9500 3361
-88 9500 6133 6756 5801 -7565 -7404 5838
-1935 9157 6063 -7312 5479 -7685 -118 -9500
-7541 -7236 3444 9500 6177 -5395 3548 -7727
664 -9500 -2892 -9229 -1072 9413 7566 4388
-59 8526 9191 -1824 9500 -617 5884 7187
8472 9097 -3394 -6294 -3540 -6438 7137 9500
1318 1572 -9500 -8634 -2203 -2377 2035 2224
8357 -9500 -4850 4321 -2882 1865 7481 -9309
-9487 -2795 3904 -7020 8852 -1349 -9500 -1267
-7014 -9500 -8788 -1006 -4783 7518 7874 -2346
-3493 -1159 -9500 -8967 2728 477 3289 976
1738 -9500 5972 6685 -8083 4563 -5445 -7195
-5329 5489 -4876 6018 4888 9500 -6109 4447
-4919 -8193 -1208 -9500 7217 -3733 -5551 6334
1585 9500 -8879 4743 7776 -6915 8979 1244
-5838 7513 -9367 8635 9500 -8842 3669 -1773
2569 8063 -4264 5965 -4159 -5324 1055 -9500
-8096 6298 -4287 2754 8729 -6945 -9500 7850
9500 8967 8583 8526 -236 1725 -7761 -5550
9500 -7202 2048 -1975 -9008 6792 6558 -4795
4579 -8437 -7789 5015 -7501 5491 2748 9500
7710 7409 3306 -8816 1037 -9383 2014 9500
-4758 -8495 -9498 2789 -3866 9500 9263 -3673
-7436 -4532 8325 722 5801 7338 3306 9500
-5180 -4183 -6962 -7900 410 -3163 5174 9500
8155 -7021 5019 -4313 2192 -1875 -9500 8200
-9073 -8558 9500 9198 9130 8634 4286 3264
9500 6897 -6427 -2502 -6421 -7450 -468 -3692
-7198 9149 1857 -3026 7544 -9500 7707 -9165
301 9500 6737 -7569 -7958 -3855 -9333 1181
8164 5481 8072 5608 -4826 7168 -9500 -1931
-4746 7686 -6215 8987 -7010 9500 5428 -8325
9500 -6256 -5387 5031 3764 -1246 8914 -5602
9500 8596 9471 8566 9407 8500 2049 2941
8783 5382 -1249 9379 9441 -1374 9500 -1146
-8079 6037 -4053 -7970 1830 -9500 4906 7398
-9500 8390 -9324 8182 -7290 6178 -5768 5491
-3744 6824 9500 -9066 -8659 6167 -4669 7479
-4655 8330 -4612 8351 -9500 -2594 -9302 3223
2075 1315 -432 -2043 -5328 -8002 -6907 -9500
-3107 -5604 -6872 -9500 4317 4582 3840 3860
-6265 -6844 -9500 2563 8140 4960 -6140 -6937
6419 4746 -5428 -6390 3863 5018 9500 8012
7414 -9500 -6176 7743 -843 1536 7102 -9041
-6183 2838 9500 -7022 -6213 5541 -9306 5616
7032 -6238 -9246 8186 6782 -5981 9500 -8406
-164 -571 6648 -8026 8167 -9500 8329 -9286
1071 -9500 7656 -6001 5525 8454 -7869 -6699
9500 -1614 7279 -6278 -8375 -5427 -7670 5774
-7466 -7708 -9500 4692 7930 7463 6971 -6709
7169 -4210 6358 -3319 1979 -4655 8425 -9500
8447 4139 6424 8879 6224 8783 -7998 -9500
8618 -2868 7702 -6518 471 -9500 7711 1887
-9500 -8034 -8445 -6431 -8207 -6205 -2877 -3189
6408 6478 -1233 -21 -9500 -7996 8381 7989
8834 6139 -6935 -8838 8819 -7537 9500 -6189
-6273 -7496 -8446 -2242 -7058 6068 -3988 9500
8928 -3263 8807 -3600 1480 -9500 -3685 -8774
-3804 3903 -3191 3090 7747 -9500 6643 -7816
-5656 -5012 8586 8077 -1086 -1730 -9500 -9078
-8167 -2221 -8239 -1934 -1689 9500 3184 -9103
-5788 7883 -1082 9500 4652 7720 -6013 7709
2188 9058 6866 -6514 -450 -9500 -8343 3592
-1767 -2933 -2907 -3946 -9500 -9195 5581 6242
-930 7978 -7611 4252 -9500 -5157 5721 7879
-9093 9500 -7765 7123 -7451 6801 7003 -6343
9500 -9475 -7532 6987 -3192 4218 214 825
-9261 -8431 -8390 -8239 -753 1813 -9500 -7596
3122 -9500 -6323 -8172 -8834 -6386 -8329 7133
9500 5528 -3223 7211 -5700 -8738 2501 -7605
9303 8517 -4884 -4775 -9425 -8653 9500 8750
3440 -2170 8908 -9500 -8028 7808 -8353 9405
-3644 -4172 -4859 -6434 -1110 -1770 7332 9500
-740 -9500 8246 -2460 8847 -125 -5474 6660
7193 -8444 6774 -7961 -4392 5203 8134 -9500
-5106 7792 6387 -7337 -5932 -6470 -9500 5191
9359 -7268 -7212 6547 -744 -578 9500 -7718
9500 8018 -3741 -4857 -9427 -8572 -3265 -1224
-6741 3792 7225 -4223 -4739 4909 -9500 6482
-6123 -7444 9290 2064 8959 3077 -9500 3279
7010 -4760 -1183 -9500 -8443 -4578 4886 8666
8985 8547 -4653 -6604 -9500 -8249 4958 6799
-3939 6363 -5711 8872 -5739 8911 6202 -9500
-4891 -5301 -8050 -9500 7622 8670 8208 9455
-6547 8965 -7617 9288 7692 -9500 5501 -5847
-7990 -8629 -8789 -9500 -5490 -5958 -6783 -7319
1178 -9500 6721 8039 4433 9110 -8465 5431
-5643 -9383 -4153 -8364 1507 6175 -5836 -9500
9500 -2805 -6939 -7260 -8554 5325 -7464 6979
7912 4212 9500 -1487 -8559 -3007 -9243 -1023
-3016 -6844 -2557 -6460 -8891 -8876 -7114 -9500
688 1028 1203 491 9500 7634 2105 2154
9316 -9500 -8358 8767 764 -1218 2774 -3261
5329 -5237 -2559 -6866 -9500 -526 -4683 5585
4194 1883 9480 8697 9500 9231 -7752 -5983
5904 3580 4153 2104 -9500 -7158 -5635 -3349
-6460 -7100 2924 9500 3595 9229 8966 891
-2303 -1168 -289 642 -9500 -8417 -9396 -8189
-9500 -9095 -2868 -483 -2320 12 1781 -493
-9500 -382 4344 8244 8659 -2978 -5052 -7925
9500 -1782 -9108 4054 -221 -7328 7683 -5984
-9308 -9500 -5031 -4292 7842 8329 9499 9385
-8905 4129 6104 -6686 9500 1362 8420 3418
9145 -9500 -8354 5123 3706 -7180 6220 -8727
-7885 -7088 9500 8246 3353 2142 -3637 -3732
8356 -6378 -3087 9157 -6363 7734 -5347 -9500
7421 2365 4379 -1405 615 -5252 4745 9500
9189 957 7795 3651 -4078 9012 9500 -96
-7067 -9500 6548 4028 6482 9194 -8976 -9077
9500 -606 -6170 5280 -1731 -7106 9499 -610
-6497 -4752 -805 -1269 9500 6034 -6674 -4853
2871 -3116 5182 -5589 -8871 9500 -4130 4395
3346 2005 -7796 -6560 -7301 -5233 9500 7766
8260 -9245 8847 -9500 7752 -5278 5950 -7824
7097 -6852 -5490 7534 4418 8661 9500 7074
9500 -8667 4048 -5453 -7648 6148 -6959 7826
-9039 -5976 -5825 -3443 9500 6845 1044 -25
6028 -7322 7000 7507 -9500 2541 4907 -8104
-8669 7353 5197 -7221 9067 -9500 -8210 9239
2840 -9500 -7858 5737 1676 9220 8813 -3127
9500 3486 6481 -5192 3617 7751 7114 6345
-3580 -5573 -1984 -1427 -7400 -9500 -7162 -9433
9068 2747 1328 8174 -1840 8092 9500 -1201
-7253 3827 97 9500 2879 9318 -8373 -53
-8890 -9500 -968 1641 5464 7249 -8676 -9397
-1687 1343 -8731 7142 896 -692 9500 -7777
-3589 -3608 8805 7511 9500 6648 4023 2274
-6680 -4852 9500 6822 9437 6771 -3531 -2605
4093 -6696 585 6970 -4727 6521 -9500 2826
-6968 -7137 6872 9500 7391 8332 -7383 -9340
453 -9497 -662 9500 1708 9170 6732 -6924
483 -9500 -4050 -9452 4967 8968 6498 7530
3216 8889 9464 -3121 -8490 -4609 283 9500
-4597 -7692 8728 9500 -799 2650 -8628 -8099
-34 9500 -3057 -8982 6966 -831 6969 2664
4045 -4400 4767 -5257 8166 -9500 7711 -9063
7611 4773 -6926 -6114 -2653 -9500 6677 -5347
-3446 6805 9500 254 -5480 -7977 -7791 3119
6671 6165 -7289 -6832 -9500 -9267 -6776 -7645
2669 -3358 -4217 4573 -9500 7890 -1118 -244
2884 6272 4326 4453 -7199 -9500 -585 1345
-7529 9500 7552 -8457 4394 -6301 -682 -445
-6950 -4408 3161 -9500 7008 4302 6916 4468
-3880 7751 6849 -3730 7027 -3291 1363 9500
-1856 3920 7877 -4667 8913 -5982 9500 -7041
-5483 9194 8396 3728 9500 -2238 -6354 -6807
-2218 9500 2433 8164 3247 -9101 -2893 9273
-1684 -8911 7011 -5733 8076 -4605 9500 4201
5193 -8051 9500 2548 -5842 -6449 1479 -8660
2974 -3196 6806 -8356 7284 -9500 6511 -8641
180 8951 -8034 4598 -9138 3109 -9500 2475
9500 -8359 4425 -3189 -8138 8654 -2590 1384
-2078 -248 9500 7270 8420 6865 5740 5297
-9500 8498 4668 -6913 -801 -1418 -8990 7850
-9500 -1500 8683 3264 5468 -7233 -3457 -7452
7601 -6979 -9101 -2514 8584 3638 9500 -3540
6958 5404 7875 7154 7810 9500 5278 2844
-2797 9331 -6085 -6903 -5371 -7776 3020 9500
-2141 7010 9500 -1510 7087 -4834 -3495 6680
-8143 -4075 -1579 9500 -762 -9422 -5131 -7561
-8743 -9499 -8783 -9500 1362 2418 -7731 -8757
5229 8121 1254 9500 5751 -9122 7302 6830
-3585 -9126 -7618 6898 1279 9500 -3149 -9230
9236 -9500 4576 -4962 -5499 5298 8260 -8207
-7224 -9500 -6290 -8498 5947 8093 5191 7179
-636 1055 2418 4463 8197 9500 -7043 -7106
-9500 7551 -8928 6753 9443 -7599 9002 -6834
-1265 9500 7715 5596 8725 -831 -8442 2102
9500 -7159 -6769 5913 548 973 7722 -4806
639 -8260 -9500 -4094 8266 -3890 7811 -4427
4206 8493 2304 -9152 -587 -9500 -8760 2142
-8525 -3406 8950 3937 -734 -5262 -7899 -9500
-9350 -2755 -8815 -4105 9500 2025 3168 7901
6111 -4017 -4354 -7944 1098 9500 6814 3123
5395 -8166 8820 -4016 9500 151 9023 2646
-9500 8273 -7834 5915 3487 -4473 -4536 5303
9500 5333 6377 8344 4682 9147 7118 -6903
8124 5254 9500 2123 -7295 -6406 7102 6635
-2666 -7811 3161 -7347 9500 -400 -8709 -3798
9500 6690 -5613 -3876 -6883 -4788 -151 -228
-5920 7671 9045 6060 8483 -5353 -3476 -9500
-4799 6096 9500 927 -6925 -7464 -8733 -5607
8695 -9497 -445 -450 2681 -3796 8673 -9500
-2347 6123 7521 -9484 -6668 5330 -7437 9500
-8834 -916 -9264 -2329 -9500 -4285 6358 9077
-8793 -1402 9500 -2811 8800 1384 1507 8709
-6174 5380 8451 6787 6137 -5417 -9500 -109
6905 -7437 2790 -1037 550 1881 6957 -9500
2848 -211 -6221 9500 -4139 2158 6149 -5695
4364 3166 4044 6559 -8811 -9500 -2327 -4725
8877 7388 -1199 -344 -9500 -8066 -660 -1267
-7211 -7385 9500 3201 9479 3284 7691 6847
-5596 -7920 -6811 8615 -2306 9500 8049 -8065
-8702 8897 8551 -9500 -978 2164 -3897 5167
-7073 -8331 -9500 -6323 7754 4565 2908 7
3956 -6976 -4595 -7597 -7482 -5815 9500 338
-8126 9500 -7894 7981 3340 -2060 772 891
8643 -1238 9500 2495 -9375 -719 7325 -3131
155 -8282 -2863 7689 -9500 3325 -6598 -7506
8737 -7753 9327 -6711 9500 -1862 -8678 7831
9430 -2612 -7860 -3026 9242 299 9500 -1109
2346 5745 349 -6084 -6712 -3923 -9500 -23
4133 6298 -2463 251 -285 -2861 9500 7171
-3214 9500 9097 4201 7906 -5979 -8713 4700
2263 3128 1048 2013 -478 589 9500 8916
6537 6649 9500 9034 -4238 -4452 -6995 -7084
4460 8930 -9500 -2671 -8738 2436 1675 9420
7020 -7342 8733 -4510 9500 -2461 -8219 -8183
9500 8969 4161 3244 -3733 -4282 -6146 -5240
-9418 -8207 9500 7888 8139 7991 6355 7006
-8548 -2160 3872 9500 7396 -1511 467 -8616
-7178 -8831 -7049 -8709 7662 6743 7898 9500
-8346 -5983 -3919 -7660 1173 -6717 9500 3794
-9500 -573 5209 -5804 9454 1225 -9434 358
9500 6792 2238 3231 1703 -372 7400 4369
-1795 -7630 -9500 3452 8034 -5703 -182 -7970
-2723 -9500 -7885 -4273 -6728 7547 -4776 9190
-3794 -1282 9500 6365 8834 5626 -3915 -4234
7902 9500 419 1942 -7252 -8340 7787 9265
-8871 -9500 3852 6350 301 -1979 -6108 -8450
-8173 4599 -8343 3998 -4201 -7461 -2902 9500
6974 -4409 -9500 -1970 -9335 -2522 -2064 -7157
-5451 -5998 -291 -9500 8062 -5566 7881 1849
9167 6466 -8614 -5749 -8500 -5610 9500 8519
6289 -858 -2893 7992 -3597 7250 -1828 -9500
-9333 -3524 9434 -2929 9500 3108 9264 3680
-9113 9124 -8410 5910 9500 -8718 -1090 4356
1215 8908 1885 8754 2891 8437 -9500 3009
-3856 -9308 8094 -2371 6275 7838 3222 9500
3030 5265 -9500 -9322 8814 8347 5093 7320
-6174 -5031 -3195 8199 6978 -339 142 -9500
-3231 8529 7311 5355 2961 9224 1862 9500
-9348 9500 1429 -1498 2153 -2231 5851 -5887
9500 8397 -2100 -165 -2367 -401 -8817 -8152
-9271 -645 -2271 9500 3166 9130 -5992 -7375
-8892 -6137 6173 9500 9103 6614 7475 3615
8113 7161 743 1621 -9500 -8117 4408 2521
7010 6333 -1238 9500 -7512 5896 3012 -9105
3218 539 9500 6788 5581 5979 2551 -17
4696 3650 8731 7473 9500 9128 -3816 -4139
9500 1403 5003 -8845 -7065 7195 6248 7391
2751 -8144 9500 -652 3490 9228 1382 9277
-7774 -9282 -8447 -8216 8632 9500 -2701 -5130
8482 -5481 -9500 332 -6991 7362 -1047 9489
-3132 1124 -2896 944 -1711 2442 -9500 6409
3436 5773 -6878 -9336 -6502 -9019 7528 9500
-5386 7787 -3682 8792 -1401 9500 5520 -7686
-8822 -9500 6954 8723 -7888 -3625 -9295 -5442
-5494 3757 -9500 7797 -1707 2350 -3652 2134
-9500 -6621 -4408 -7070 7639 8715 -8750 -5310
-9500 7016 -7235 4385 -4044 1799 -7096 5906
6706 -5310 7102 -4163 7272 -3524 3148 9500
-235 7824 -9500 -252 7052 -4989 9362 1683
-7388 -4777 6101 -9153 -4677 9500 -9315 6973
8629 8779 -9223 -9500 3752 4366 8702 9244
-7030 4989 -9500 250 7208 5953 1870 8166
-2393 8099 -9500 -5125 -8288 -6868 -8111 -7042
-6684 -3830 9500 7175 9 -1835 -9102 -6460
-1786 1744 5956 -6060 -9387 9500 -5640 5642
7640 -6871 7617 -6907 -6827 -8455 9500 2250
-4340 -3671 8861 9500 9096 9436 -6771 -6420
4664 7228 -8661 -6919 -9500 -9225 6431 3764
5894 -3517 9500 -9060 -8184 6461 -9292 9467
2524 9255 -9500 1637 -3893 -8601 5234 -8800
9500 -8068 8508 -7180 -9202 7793 -8068 6796
2698 -8972 4050 9500 -5403 7474 -7633 5397
-6188 5553 -3519 7283 7635 7563 9500 -1586
5969 -5900 5565 -6199 -9500 -1283 5337 7228
7637 2182 7549 2770 3393 9500 7701 1566
9482 -2941 -3847 -7069 -9500 2856 6834 4847
-3535 -8331 -4313 -7753 -8029 -1597 -2605 9500
7639 -7246 9500 -635 6357 4419 -9371 220
-288 -8508 6918 5624 -1329 8492 -9500 1402
8079 1210 7715 -3600 -3785 -9500 -5582 -7767
-665 697 -9500 -8909 3422 1731 5415 5786
8392 -9500 2345 -2725 -5659 6456 5375 -6016
-8974 8069 -7257 5858 7476 -9500 9055 -8181
-7892 5089 -4248 -8480 162 -9500 -5326 7799
-8913 8340 -6402 5688 -5842 6153 -9500 9298
9500 8605 2064 269 -3079 -1299 -181 1590
-1566 -7191 5487 -5399 7947 -3354 -9500 -2050
-3754 3035 9500 -6794 9280 -6627 5594 -3860
7363 -4099 8210 -3256 9500 5928 -8288 -6963
-3585 9500 -8592 5516 4271 -9147 9308 -4535
8043 6625 602 -9500 8982 -1887 8132 6501
-5621 -4236 9500 -3361 -1773 6985 -5675 6676
-9500 -265 -8951 -2636 4141 -5075 -1650 5748
-6463 8715 -5427 8766 -3547 6568 6693 -9500
9500 -9258 4485 -6243 -8039 5894 7921 -5747
-7228 -9500 6784 7510 3439 6652 -2689 -910
-9500 1241 6208 -5460 8777 -2511 -4925 6477
-3585 -2872 396 -1481 2953 1998 8219 9500
8232 -5734 8328 5393 -9500 2833 -7898 -6048
-5024 -559 9500 7891 8065 4672 6924 2970
-3919 9500 -9133 -1368 8312 -5549 6890 6054
-9493 9 9500 360 8628 4573 -8244 4670
-9500 821 -7361 -6976 7537 -5071 -8901 2730
1629 9500 -5392 6595 -6870 4721 -8602 -1841
-6115 -9500 -5497 -9437 -4788 -8493 3171 6158
9278 -315 4291 -9211 -4686 -9500 8369 5174
1672 -8461 7478 -5890 -7623 5741 -9500 2101
9500 -1324 7370 -6225 -9500 1340 7253 4041
7628 -3645 -4890 -8835 -8901 -1845 3117 9500
3925 6208 9500 198 9228 -1908 479 -6917
4194 3219 9500 8464 -6372 -5217 1104 447
-6882 6325 -9500 8487 6319 -5205 -2397 2488
-1915 -3203 9500 6751 7473 6734 -8992 -7391
9500 339 8397 5259 -8231 5847 9068 -3570
-6680 7388 1918 -1289 425 -1147 -9100 9500
-4721 5636 9250 -9500 3816 -4695 -4817 4528
-4983 4842 -6342 5974 9500 -8367 2262 -1443
-2357 2687 4777 -3232 9477 -7698 9500 -7762
-1359 -2544 5886 6851 3977 5776 -7776 -9500
9500 -7767 1158 -1101 -3351 2859 -1400 1294
2194 -9500 2749 -9262 6366 -6052 -6164 -7004
9500 -4004 -5757 8836 5352 -9103 9493 -4022
8591 -2711 -5816 -7073 3307 7766 9500 -928
-6684 9251 -6234 8941 6714 -9306 6732 -9500
3702 -6911 1425 2296 -7143 9500 -2958 -765
895 -864 8240 5164 1551 2611 -9500 -6990
6790 -7409 3576 -9201 -9500 -4319 9205 4858
4029 -6161 -1787 -9418 -6154 -9500 -9469 -5823
-9500 558 9284 1615 -7412 -5748 -7499 -5629
-8718 9500 8186 -8777 -945 295 -1784 1237
-4929 6160 -1698 2036 4398 -5692 7524 -9500
-7662 2306 9125 1784 8303 -953 -113 -9500
-5323 -5666 4915 2019 -9500 -8152 -8757 -7770
9431 -9500 -9208 8721 6659 -5267 9443 -9467
-2956 5382 8298 -7537 8956 -9293 -8565 9500
2792 -7135 -9152 1671 -9500 963 -7468 -6871
-4995 -3559 -2698 -1439 9500 8619 -8472 -7954
-1400 -3964 6594 9500 3939 6732 116 2524
-5577 4722 -1705 4151 8158 -9070 7521 -9500
-4306 -7665 6477 8487 -5245 -5983 -6231 -9500
7043 -121 519 8886 3580 9500 5394 8988
-5937 5111 1073 9500 103 -9318 -7613 1739
4865 4555 -6490 -4720 -9500 -7984 5387 3775
-8356 8973 -8363 9065 -7589 9500 2104 -5116
2004 567 5945 8933 7493 9500 3535 2708
-7989 8054 2913 -9500 6752 -8839 490 8750
3142 -8482 -9124 -2317 2958 8288 9500 740
-8582 -9500 -7910 -8277 -7604 -7801 -5525 -4905
9482 -3038 2956 8708 -9500 2914 8734 -5446
-8026 2594 -5622 7472 2746 -9495 2734 -9500
-954 9491 -3511 7893 -134 -9500 5681 16
5208 -2729 8782 -6997 -6382 9500 -3524 6695
-8273 9500 -4305 7660 3080 -6814 -8856 6011
6940 9070 5033 6834 7747 9493 7752 9500
6541 5003 -7828 -2492 -8951 3355 2161 9500
965 -9500 -3057 -8319 -7968 2996 7894 1184
8100 4356 2372 4020 -7705 -4002 -9500 -5654
-4405 -5975 1927 -1881 9500 4741 -3733 517
-9366 -2008 4762 -6277 8741 -2992 -9500 1248
-2549 9500 824 9423 1084 9364 -8011 5846
8342 7931 8648 7529 9500 5975 4047 -8616
6721 -9500 6480 -8487 -6181 7926 6291 -9195
6527 -5874 -2755 -7313 9500 189 7821 -4699
-7119 9500 -3013 3672 6449 -8390 -733 1325
4507 -6511 8579 -1389 1305 9115 -9500 -2534
3791 -9500 -8919 7919 3824 9200 6076 8544
-8299 -9315 -4212 7606 -9088 -1281 -9500 -5043
9500 9236 -2651 -604 -8023 -6024 -5329 -6341
-4696 5011 -1423 9500 3299 8313 -3857 -7533
-7867 -5257 1342 -9380 -97 -9500 -4714 -8276
5282 5732 -4924 -5811 -8512 -9500 -2522 -2573
-9500 4 -2974 -9040 -1729 -9405 8287 4432
8934 7815 9329 7898 -9206 -7880 -9500 -7905
5933 -6205 -8242 9500 -1325 213 6161 -8651
7568 8844 2652 524 -4562 -3491 4950 9500
4823 5328 -9500 -7140 -5919 -6090 6413 3878
9500 -7976 -6754 5689 6127 -5164 8638 -7265
-6656 9500 -4153 4762 5977 -8688 7161 -9182
-2038 -7913 -9500 2553 -8076 4609 6087 6610
5449 -3657 -4952 7074 -8560 9500 -4205 2173
8426 -6633 9500 -7573 7518 -6327 -1536 1588
-8062 7197 -9500 8674 -5403 5017 -329 154
-8653 6484 2230 -537 9500 -8361 -639 -814
9215 9124 -9026 -7040 -4797 -6479 9500 7800
-9300 -9500 -5920 -2984 2065 -725 -706 -3178
-9500 -2525 7472 6067 7647 5869 6988 -6641
-9500 -9115 -871 536 8498 7544 -7748 -8239
4294 -9500 9437 -1438 428 9063 -405 -9071
5942 -6121 175 -36 7410 -7869 9093 -9500
-8451 -9500 -2966 -1279 6261 8137 6315 8182
-5630 -7548 9500 2036 -2726 7326 -9225 -3593
-3943 -8688 3338 -8258 2078 9500 -7123 2532
-9500 8743 -3260 2735 -7727 6946 -8340 7539
-5112 -3311 5900 6581 8943 7355 -9500 -9163
-7582 -8974 7070 9500 -6568 6451 -7869 -8628
-9350 -2601 7442 -7540 7028 8728 -9500 -4
-7991 5407 -9500 -3943 9257 -2309 9263 4882
1833 1435 5078 -1853 8039 -5335 -9182 9500
8275 -7435 -9500 3382 7915 6489 9498 1437
5388 -7478 -1482 8571 -7034 6531 -9500 4036
-6607 9500 -840 2328 2077 -1451 -3471 3289
-9500 -7655 9 -751 8818 7728 5334 5093
1031 -9500 8727 -1715 8827 -565 -8605 2394
9500 9483 2272 3276 3987 2600 6160 4736
2630 -4120 7076 -9500 -2636 4127 -898 565
7919 -9024 2151 -1906 -4520 5925 8284 -9500
8664 -8505 -6438 -7658 4929 8926 9500 3446
805 -2156 9128 -6909 -8351 7447 -9500 7526
-9464 -9500 -5617 -5470 -1609 -1375 -66 189
-8394 -6850 9249 6451 -7801 -5100 -9500 -6712
15 9500 -855 9416 -5969 -7784 3993 -8436
-5505 6554 9465 -8652 358 -1928 -9500 9392
5127 -8157 -7397 -7289 4397 9500 6659 -6768
9500 8376 -5164 -6180 -3060 434 8228 7843
4415 6550 8280 8523 692 -1281 -8338 -9500
-998 -791 -9500 9017 -5935 7814 -2232 4160
-5869 -3173 -4487 -7173 1821 9500 -2208 8638
-5827 8852 -4762 9186 8851 3157 -9500 -1983
7172 6119 -1442 9500 -4114 -9002 -3636 -9228
4238 -6203 7929 -7942 -7245 8953 -7984 9500
8223 -7464 -8500 7671 -1830 2217 9500 -8300
-8848 2860 -5762 6422 3912 -7397 -9500 -49
5484 -7325 9048 5825 4949 9500 -5720 -9153
9500 -8536 -2839 4662 8248 -9332 8407 -9451
7168 8006 7877 8956 6949 8376 -8129 -9500
6243 -6236 3288 -4121 9500 -7332 7424 -7002
9500 -9122 9137 -7469 -6136 7573 -6000 3438
5835 -9500 -9020 -1884 4376 9175 8555 3403
3041 9476 3220 9500 -774 -8857 -1851 -9221
-1601 -1325 819 937 9500 8830 -8716 -8064
9466 -909 9494 -607 -9500 307 2517 -6220
-5875 -6507 -893 -611 -7190 -7409 -9055 -9500
6848 8708 -8193 -7387 -9353 -9500 7656 9305
462 -9358 -9500 -1278 -3528 8679 8974 3361
8141 5376 7398 6006 7934 -3901 9500 3467
-9500 8701 8984 -8301 7648 -6984 -9384 8665
4867 6273 799 2869 -8499 -8821 9500 9291
9381 9500 -1172 -3685 2748 5300 6984 9210
-7732 9500 1782 -3441 2745 -4547 810 358
1541 3957 7736 9500 6443 8856 4305 6909
5846 7799 -9500 -2683 -3787 -8747 8350 -3972
-122 376 9500 8013 5262 3961 -7421 -5841
1176 -9500 1508 -9421 5893 -6996 6587 -6287
-4530 1043 -2839 5302 9500 -6684 6160 -7605
-3510 -3314 9500 7870 -8784 -7395 -5444 -4850
-2724 -8930 -9500 468 4450 -8113 4024 -8326
8082 9500 -4365 -6336 -4644 -6615 4175 6143
5719 -7692 -7637 6515 -8775 7918 -9500 8852
-7236 7009 8034 7732 8078 7655 -9500 887
8729 1400 -9500 2871 -8461 -1902 71 -7807
-883 9500 -3875 8429 -4411 8112 9113 -1465
-5989 -6442 7989 -3645 -9500 -807 -9130 -2785
-9500 2205 2101 6149 3314 5689 6120 4067
-1690 -9500 -2362 -9289 6238 6793 9279 -1965
4821 -6511 3401 -4739 -501 233 -7426 9500
-3776 -7615 7611 6722 9500 5239 6742 -3991
5044 -6902 -747 1808 -7921 9500 -1780 1314
3638 -7870 -757 -8184 3567 7463 9500 1094
4083 -8782 -4889 9500 -1652 6534 8249 -3883
-7520 9500 7034 -9010 1760 -702 -2808 4494
-7967 5725 2706 9500 4764 9056 -7348 -7805
-1218 9500 -6736 7590 8470 150 5634 5691
2199 -1080 -7579 5159 9500 -7157 7876 -5393
-5987 3625 -4411 2023 -3674 1302 9500 -7966
-3263 -9500 9114 4232 -7473 2717 -8661 94
9377 -8077 -4411 6165 -2442 469 8259 -9500
-7994 3567 1005 -9500 7477 -4394 -3359 8372
-7354 8893 -7290 9500 394 920 5578 -6035
-9500 2912 -4727 -6266 7870 -8262 8562 803
2004 -419 -6495 9500 -4103 3322 -2420 979
7216 -8960 -6898 8308 -7036 9500 6605 -7785
8507 4373 -9312 -3357 -6750 -5937 9500 3072
7172 -7769 5841 -8095 788 -2652 -7587 9500
-9347 6576 8422 -7573 9243 -6702 9500 -6382
5556 -8665 6644 -9448 6770 -9500 37 2392
-9500 2932 -6932 -4009 -1273 -7916 8964 -4989
-6700 -9327 -8196 -9500 7854 7562 4876 2656
8514 -9500 7187 -8194 3848 -4799 2653 -2069
4883 7512 -8251 -4236 -9114 -2810 -3642 9500
-3192 9010 9500 1228 -9312 -5473 -8679 1925
8206 5773 4221 2537 9496 7098 9500 7088
-690 -9500 -3365 -8294 -2858 9392 7087 -5559
-5322 -4263 3556 2496 9500 7314 -6789 -5015
-8634 1738 -5144 8690 -3791 9500 8436 -3201
-5845 -6764 2571 9500 4471 8326 6999 4448
-6102 9500 8137 -4027 -6081 -5214 -6816 8508
8378 5682 5921 7834 1521 8970 9500 -998
-2227 -9049 9175 -2795 -9500 1928 -9402 -3589
8951 1889 -3352 5850 5191 -5397 9500 831
-8426 6916 6448 5815 4108 -9500 -8929 -2311
-521 931 5789 3257 -9500 -6507 -4912 -2535
2280 35 -2388 -4694 -6091 -4267 7803 9500
-7824 -3789 3468 8136 -8682 5869 -9500 3123
9500 334 -1323 7806 -7231 5164 2721 -7563
-6499 -7784 -9500 -9099 5726 7182 6870 8061
-5731 5895 -7115 7259 -9410 9500 1804 -1996
-4563 -1325 9500 4949 6132 2454 -5686 -2131
385 -9500 8124 1896 7530 3799 5552 6854
7187 7246 8111 -6239 1108 9500 3005 9203
7704 7991 -6550 -8773 -7507 -8159 -9500 -2749
9500 -2204 -7991 5452 -7660 -8180 8157 -5186
-3867 8528 -8344 5037 74 -9500 8664 5925
-9500 1612 -9301 -858 8619 -5375 2665 9303
8868 321 -1588 -8588 -2683 -8010 -4031 9500
8613 2618 3524 -7883 172 9500 4975 8810
-3858 3297 -8131 6782 5133 -4366 9500 -7936
8287 -477 436 9500 -8016 3277 5335 -7868
4943 4831 -4048 8451 1896 -9500 3174 -9059
-8253 -6514 -8325 -6404 2787 9500 6253 8433
9500 7343 -2230 -5265 -6534 -7953 -886 2785
-3729 8893 -5151 -8835 4772 -8552 87 9500
7182 -5931 5419 9500 -6891 6242 -9490 2359
8993 7994 4492 9500 -5458 6010 9365 7672
6007 7973 3806 4096 -2230 -4846 6124 9500
-1355 -8315 -8598 -3265 -9500 -226 8852 2737
-445 -9500 8988 3476 3968 8236 -7697 -5268
-4484 3122 9500 -6844 -718 601 -9270 6682
9500 8410 -9418 -8497 -5087 -7325 8554 5221
-9500 -982 -8035 -6755 2693 8729 -8291 2103
9009 4195 -5669 8260 7028 -6767 9500 -80
-3902 -8562 -8465 3192 -1914 9500 3888 8570
7849 -2017 -7227 5238 -4880 9500 7867 -1798
3998 8495 5194 7398 -9500 6850 2639 9498
6960 4310 -2859 -7449 5011 -8576 9500 -4600
-9373 9500 2954 -5967 -1921 5151 -8349 9294
3691 6055 5292 5622 -7249 -9500 -2803 -2100
-5299 -8883 -4575 -8390 6432 2227 -9500 -6737
7590 -7978 8764 -9500 -2060 1846 -7799 8219
9119 2823 -6897 -6053 -8380 -4342 -9500 69
804 -9500 -6103 4715 4237 -7349 3433 -8087
9378 5670 -3414 -9354 2708 9500 9204 5884
9307 8917 -4316 -3290 -8535 -7550 -9500 -8650
-9387 9500 6918 -6153 9264 -8764 4937 -5606
6821 -9500 -65 64 -5980 8292 -4584 6395
9500 -1716 -7333 4775 7087 -5027 9273 -2148
2428 1672 2086 1434 9500 6616 4853 3360
-6069 5316 -5053 7215 6229 -4892 2372 -9500
-2355 8321 -2595 8119 -7073 1587 -622 9500
-9500 -8361 1155 -1714 5377 1535 3542 4956
-7369 8098 7282 4186 9500 -4876 8454 -6982
-4460 4068 -9500 8775 -2679 2515 -320 343
-9130 9500 8326 -9087 -5252 6722 -9042 9469
5838 -7245 -2115 9500 6496 7472 7271 -5550
2542 -9500 7879 6099 -3580 9119 -8791 4039
4531 8055 2290 9280 1521 9500 6957 -5298
394 9038 5810 6403 6853 -8849 2400 -9500
7510 8280 8460 7682 8915 7338 -1272 9500
-2566 8917 8957 -3481 9500 -2319 -1135 9334
7737 3022 591 9500 -7757 -2926 7841 -948
8879 4539 6201 -5231 -9500 -2880 -4673 6347
6509 -5893 -3796 5743 -5895 7716 -8399 9500
-6125 -6297 -9500 5630 -1088 8984 6608 -8030
-1896 1449 -3131 2879 6742 -7199 8378 -9500
1743 283 9202 8249 7324 7093 -9500 -8032
9478 -7603 -9500 7033 -2365 4597 9234 -6369
5878 3754 -9054 -6848 6927 7157 9500 9017
4969 -4358 -360 2069 -7804 9500 102 -1776
3296 -1728 -9500 7982 6096 -6367 8360 -8061
-9500 3575 -4940 -614 5179 -8788 7910 -2072
8948 -3959 8563 -5120 -4250 9500 9168 -2844
3124 -5983 3705 -6672 7873 -9500 -509 2737
-3331 -7638 9375 -1742 -9148 2405 -9500 1236
-9052 -9149 -8904 -9500 7054 9057 4542 7293
-7946 6885 -3624 8435 9245 -5544 -9500 5145
-1413 -9500 -6639 6602 9085 3452 8723 -3595
9498 7893 9500 7896 -116 277 -6576 -5748
5571 6693 5924 7044 8463 9366 -8680 -9500
-8281 -9500 -7389 -7546 7386 7542 2882 2024
8994 -9500 4714 -4475 -7815 8801 -3097 2678
9313 241 -6313 3645 7344 5254 9500 2113
9500 -7688 5702 -6070 -3662 296 -7088 3218
6243 4412 8775 6994 -8919 -7158 -9500 -7897
-4447 -4553 -7044 -9500 554 -927 5498 6178
2732 8683 188 -9500 -7209 -2116 150 9482
-2938 -2496 -1047 -722 9500 8945 -5690 -5520
6961 9041 9420 314 4301 -6403 -5500 -9500
9473 5043 -9500 -2191 -8603 -7790 6228 -5661
7900 -6675 9500 -4908 392 7762 -6203 7575
4788 7859 -589 9500 -2564 9264 -7652 -4957
9500 957 8825 2292 7858 -6255 9437 -4283
-6398 -9500 -3331 -1973 5005 4662 3467 2180
-7463 9500 7376 -9335 -4647 5336 -4739 5463
7034 -6317 6979 7217 -5026 -8580 -2260 -9500
-6587 8935 6008 -9051 6674 -9500 6008 -7763
2692 -1836 9500 -6043 7559 -4769 5009 -3113
9500 -8887 6871 -7836 82 -1937 3367 -1469
-2264 -5389 -7930 -9425 -8065 -9159 7738 9500
572 -854 -9465 8027 9129 -7698 9500 -8220
-8426 1460 -9182 -385 -9500 -2782 112 8065
-9500 5649 -4740 8326 8686 3516 5005 -8268
8312 -5847 -7681 6729 4411 -9500 5170 -9042
7654 -7292 -7748 5417 -9500 7463 9102 -8072
-3864 4245 -4892 5493 -8156 9500 -2216 2257
8883 -7023 9174 -7608 9500 -8513 8854 -6970
-6037 -3513 -6802 -4473 9356 9500 4774 7187
7542 6210 -9333 5395 -3727 -9281 -3272 -9500
9500 321 7971 -4842 -5226 7791 9478 1160
9500 665 -7199 5044 2942 7141 7753 4312
3823 -9500 -8397 -1812 -9099 803 8757 764
7408 -1622 6280 9500 -8474 -6939 -7963 -7942
9500 7430 4193 2119 -9379 -7481 -9140 -6736
9397 9500 8672 8341 2387 3490 5145 6135
-4551 6321 1144 -1260 7125 -9500 236 -595
-7198 6443 6945 -6204 7290 -6531 9500 -8821
-8000 -4313 -3710 -9500 4751 -7907 -7264 4531
5770 6889 219 511 -112 -386 8130 9500
3660 6890 6514 6013 -3911 -6851 -9500 -1982
-4485 6066 3065 -4468 7561 -9261 7891 -9500
3178 5275 6793 9500 -6368 -9225 -6616 -9457
1813 -9500 -8122 -5921 3461 8472 9222 4966
4386 -4447 -9259 9500 -8386 8588 -1894 1880
-7521 9500 -4246 6495 4950 -4281 -702 -1002
9500 8044 7218 6030 -2723 -2129 -841 -509
-4884 2406 -8332 9500 -7823 9159 -7760 9116
9213 -9109 9500 -9284 2572 -2096 -8553 8169
9372 600 9500 2465 -2393 6771 -2447 6748
-6427 5426 2409 -8689 -1290 -9500 -8115 -4705
-6923 -5926 9473 8243 9500 8278 -3816 -3183
8442 -8407 4373 -2184 6242 -9015 8811 -9500
-8355 6118 -9381 2108 6511 -9320 9500 -566
-8537 455 7174 3504 8661 -1818 2698 -9500
-3116 -531 -488 3585 2160 1383 9500 -8709
4854 3044 -9500 -7754 -4227 -2470 5724 5869
-9343 6339 212 243 8489 -5817 -9500 6023
9133 -5818 -1425 2482 -9500 6495 9325 -6077
1086 -2807 -9500 8715 -7584 7570 3796 -4900
-5277 4389 -6424 -6421 -6600 -6348 -9500 -3159
-9489 -3282 -9500 3672 -4603 7171 -5449 -6617
5614 6676 9500 -1833 9248 -19 5964 6301
-9346 -5084 5375 -4525 4190 7634 -9500 -443
9500 8931 3678 4436 636 1772 -5020 -5569
2581 -3490 -9500 8065 -2970 1730 682 -1720
-5046 -4077 -3267 -3652 9500 9164 1742 2261
6665 3670 -9500 -9058 -7502 -4477 -3720 -977
6095 8161 -6561 9142 -9259 3723 9500 -1622
-8645 -7993 -7644 -6835 9500 9095 9230 8722
-7310 -8456 8657 9500 8284 9314 -4282 -3945
8949 -7617 9500 -8291 -6705 6133 8625 -7300
3586 -9343 -3331 -9500 9221 -2929 5567 -8203
6774 8312 -584 -134 -7923 -9500 8116 9494
-8619 -1138 -3839 9500 7786 -5149 6815 -6868
-9269 8456 9383 -9347 9292 -9500 -8145 6377
-8105 -2877 -7953 -3649 -4603 -9500 -5179 8375
-5385 6683 2499 -2973 7781 -9500 -3771 4539
9500 -6414 2039 -2900 -1199 -508 8558 -5518
-6740 -9500 6239 4982 6598 5475 5468 8358
9500 7387 -5947 -5002 -5006 -3161 6439 5347
-1633 -9199 -1476 -9249 1057 -9500 3932 -8453
-9326 -9500 -7860 -7991 -4516 -4577 -927 -918
-7724 6729 -2302 3046 -1462 2422 9500 -7119
-1975 -9500 3485 -8299 6101 6839 -3070 -9174
-9321 9500 8541 -8978 8725 -7058 -8850 9192
-8489 -4125 7557 -6548 9500 2344 -3282 8613
-3956 6190 4359 6471 -1214 -9500 -4119 -6936
115 -9500 -3473 9198 -3436 9210 6520 -7244
6010 -3525 5448 -4872 -659 -9500 -715 -9499
5185 9163 9500 5164 7756 3162 5941 1191
-1706 503 -7104 5733 -9500 9194 5794 -4424
7708 -9500 -3559 927 -1186 3815 579 2105
-4055 8638 787 -9500 -8464 -2680 -8498 3279
754 9500 6542 -7174 3069 -9288 -2937 9327
-7362 -4717 -4109 -7411 9500 -2483 9238 1261
-9500 8095 8838 -7272 -770 1523 -7192 6747
2303 -7110 3977 6512 -8253 4642 -9500 -2516
5577 4620 9500 269 289 -6616 2198 6099
7082 6247 -9500 -8465 -1387 -1118 -1189 -941
-7972 2068 -8431 143 7687 7690 6565 9500
6271 -4574 4691 -2637 -5700 9242 -5942 9500
-496 -9472 9357 720 3477 9276 -826 -9500
8336 5175 -7707 -6007 278 -9500 7231 -6473
7339 9500 1106 1293 -5084 -6651 393 639
7243 -4091 -8613 2428 -6413 4828 9500 -597
-9500 -2677 -8466 1538 -7630 3005 9350 1108
9161 1501 5863 -7676 -9194 549 -3088 9500
9500 8601 2416 3337 4686 5171 8810 8195
-8143 -8559 7804 8954 -1469 9379 -9500 -2233
-7965 5774 -9500 -5045 -9315 -5272 -2954 8388
5113 -4003 7592 -7173 -8342 9500 -145 1922
8791 4858 -9500 -2870 -9322 1289 -4419 7531
7428 -8389 -6098 7498 -9500 9289 1097 -3460
-6934 -7335 -7355 -7718 -805 -91 9429 9500
-410 -9500 5917 7557 -2879 9427 -2258 -9156
-9196 -7196 7847 6455 9500 6933 8983 6366
1932 3840 -4366 -3258 -6112 -5447 8619 9500
8636 -9500 8965 -8694 5197 -4358 -3317 4512
3598 -9493 1699 9500 -8419 5980 -3521 -8825
9128 -6903 -9435 6500 -4188 -8674 -2268 -9500
-6600 -8967 -3070 8895 3916 -8263 -5933 -9500
-8111 9500 7186 -7663 -5470 8585 -5545 8657
4029 -3251 -1030 3174 -3283 6015 -8896 9500
2813 -9500 -4230 9170 -6110 8247 -6697 -5514
-8658 -2820 -9500 -96 1353 6754 -7162 -4492
-9500 -8973 -9428 -8730 -4090 -2332 3510 4926
7813 -2074 -4057 9500 -7129 -1205 -4215 -6265
-6425 9500 -6237 9317 5299 -5047 6031 -6141
-7913 -4035 -8310 -780 743 9500 -5283 -8039
5818 -6439 5985 -6222 1281 9500 -7506 3283
-1980 991 9500 -8317 3293 -2105 -6374 4763
-9370 -17 -6332 5349 7898 -3471 -9500 -921
-9339 1469 -9500 -467 -2793 6771 -9124 2104
3973 2684 -874 -1706 2533 3150 9500 8522
4179 8886 -8059 8074 -93 9500 1080 9423
1561 9500 3029 -8007 -8770 -1939 -8311 1028
-3298 -8783 3857 -8473 58 -9500 -582 -9481
-9500 -133 6171 -7841 6477 8286 -4622 9155
-7631 9500 4752 -5080 -2067 1671 -5927 6629
-8437 5906 -5801 -6386 5500 -8245 9500 -3875
3867 3177 1031 -289 -1865 -3723 -8759 -9500
-5755 6405 -8142 9500 -7456 8888 -3317 4282
-5593 6583 4733 -2550 -9224 7782 -9500 8398
-5480 -7874 9500 -528 5128 8115 -8684 -3920
-9500 -3685 6891 6774 7009 6701 4667 -6127
259 -2803 -3173 4838 9500 -4971 6195 -6811
-2830 5806 -7595 8961 -9500 8186 6965 -3999
-8717 9500 3393 -6149 7138 -8553 9137 -3252
651 1632 -9500 8129 -2103 -393 2397 136
6478 -7688 -2889 -9500 -3699 -9125 7400 5817
-8611 4999 -4990 -9500 5798 9091 -6500 7443
4649 -7564 6344 8342 9500 -407 8716 -2716
-9482 -2281 -7608 -5604 1342 7549 -9500 -621
-2802 7039 627 7446 -9500 -1254 -9022 2254
2982 1984 -9105 -5767 -9500 -6110 -6029 -3919
9102 -9500 804 916 -4012 2567 6002 -7515
-9500 6429 -9180 6079 2330 -6122 2061 1549
-8947 2831 -8296 -2084 3480 -9500 3642 8025
1500 -2965 -7616 8542 -8162 9500 6427 -6838
3981 -4927 6753 -8011 8134 -9500 -1472 2087
9379 9224 -924 -2255 -9500 -9308 -1506 58
-9429 -8612 -4834 -5924 9438 8607 -9500 -8322
-9500 6526 -5423 4555 9383 -6408 -4661 2563
-2633 -9465 7031 5700 -9165 4461 -9500 2388
5130 -6353 9500 -125 9007 3661 -3936 -7793
-893 9472 -8620 -1200 970 9430 -493 9500
5606 8260 5686 -5858 1242 -8065 -9500 1578
-248 1779 5194 7662 7925 9500 -914 -3129
7407 6946 5736 -8105 -1233 -9500 2992 9186
-9244 -3552 8476 4815 9500 2036 -9028 -4027
-3761 5531 1055 -2928 9500 -9491 6502 -5223
9097 3150 9500 -3039 -6218 -5712 8982 3310
9219 -624 7905 -4011 3878 -8369 1694 -9500
-9474 -7202 -9500 -8999 -8649 -8780 -8589 -8756
-5845 -7613 -4791 -2605 8992 9500 9031 8164
-117 -49 5538 -5712 -9500 9486 -2813 2669
9468 -4228 5498 -8460 -8952 -4613 -9500 -3560
-5858 -6359 -6343 -6944 -6043 -6618 8692 9500
-2717 -8035 -9497 -2192 -8136 2433 9500 2113
3716 -1140 -3357 824 -5146 2431 -9500 7563
6361 660 1850 9500 -6384 -1708 -3830 -8479
173 57 1211 -1083 5721 -6085 -8694 9500
2738 4064 1084 2913 -133 -2230 9500 8086
-6845 -8164 8272 7196 3703 9038 -9500 -5707
1528 1177 -2670 5672 -7686 9500 6317 -5045
-9500 -2737 -2186 8141 4452 -7232 -8 -8537
1350 -9500 4709 -9021 8427 -2175 -8198 228
-4133 3304 566 -974 9500 -8636 -8582 7944
8028 -3149 9500 2714 -8498 -5133 -179 -8112
-452 937 -9500 -7854 -9470 -8112 765 -671
-4330 -5954 -1278 -2200 6457 7850 7501 9500
-9354 7230 4758 -3352 9500 -7311 309 -570
-7181 1871 -904 9500 6433 -4374 -5471 -6779
2790 4749 9011 9500 -3073 -1909 -1647 -235
-7310 -6447 4321 9500 -8407 5037 -8786 3960
-6452 7648 -5630 8453 9500 1776 9500 -745
9162 9500 -1765 -2854 -4278 -5420 -1462 -557
6667 -9500 9487 -6209 9494 -6191 8361 2679
3123 -3414 -2411 1514 9500 -8715 8227 -7731
9496 8641 -8717 -8719 1739 -510 9500 8589
8626 9500 8056 6619 -4297 -2479 -1731 152
4022 7903 -8511 -3364 -4060 -7883 9500 -626
-7337 -4714 -9500 3343 3645 7275 8773 -4790
-9500 950 9411 -591 -1989 7241 -8638 4958
-3077 8259 -3829 -9500 -1690 8927 -1992 8800
9500 -828 8585 -3833 4050 -7367 -9476 1133
2302 -3078 -8809 9171 -8413 9137 9014 -9500
7953 9500 -8672 7586 -9497 -6861 8695 8408
-3497 -7357 626 8326 9376 1390 9500 1058
4974 -6552 8976 -6447 -6948 8141 -8733 9500
5329 6231 -8879 -7546 1179 -196 9500 8220
5683 3634 -9500 -8842 8850 8605 8893 8627
9029 -7390 5677 -5454 -9500 7199 -1777 2690
5374 -5123 -6511 4480 5675 5920 9500 -1378
6798 7531 5986 8662 -5556 9500 -6426 -8086
9500 -272 6200 6804 7078 5876 8392 3893
8582 -2526 -8632 1576 -1878 -9500 7421 -6382
8533 -2933 -8371 -3955 3018 9500 7416 5902
9500 2221 2135 8986 -4709 -8381 4551 -7281
-9500 -161 1900 -9070 -8367 4033 -9436 670
-9500 -6476 -8889 -7348 -6589 -5943 6832 6100
9500 7763 3696 2868 -9494 -7754 9381 7694
9343 -5828 -9500 3409 9176 -154 9326 -1081
9027 -3399 9488 -1873 -7036 6619 -9500 -2436
5910 5621 -5982 -6494 -9070 -9500 25 505
6805 -1602 6949 1323 1201 -9500 5066 -6304
-6596 -8335 -7930 -9500 7344 9050 8046 9470
8277 4033 -9500 -2212 1338 -9218 5771 -8756
-9500 -8359 -4856 -5755 6806 5521 -8114 -6879
3774 -9314 2540 -9500 8961 3067 9007 -5728
-5599 7205 -3146 8530 -9500 -5634 -8112 4962
9425 -4487 6422 9383 8069 8323 9500 6860
6487 3922 -7062 -2684 4131 -9500 4823 -9142
-9500 6861 -9487 6775 6018 -4662 -5713 4453
5451 -8160 4329 -3616 7118 -7997 7090 -9500
-9500 -8615 8976 5977 3313 5377 -3339 -6
-9500 -4151 7138 5804 8463 -4975 -8255 -5148
-7299 -3585 8465 -5619 5660 5286 -9500 2336
-6781 6657 -7015 6138 9500 -8672 2582 -1893
-5126 9500 -9295 -39 5663 -9211 8073 -6880
-7285 -9205 1512 3505 7169 9500 -6727 -9248
9054 9500 6355 7123 -4324 -3974 -7702 -7744
7795 -3899 -9500 -614 -8446 3019 8638 -2700
-8154 -9500 -165 -2118 155 -1777 -3991 -2518
-7661 6940 9500 -8847 8021 -7986 3748 -4079
-9500 -10 -7905 -3011 -5456 -5028 -1871 -6513
-6665 -3339 3163 -9500 8234 -4066 3450 7222
6949 -521 1963 -9500 -6508 -3967 -6975 -679
8445 9500 9019 9032 7973 6200 699 -2743
6865 9002 -1416 663 -2158 -4410 9500 8728
7053 5756 -5281 -7857 -1671 -9500 7861 3995
6951 7825 -9500 -9061 -9207 -7400 3583 5339
9500 2118 5729 -9122 6812 -7954 8408 -5336
-9062 9500 -4138 6426 8935 -8767 -4590 2631
-8996 -9170 -9032 -9500 -4902 -7931 4174 7321
-8790 808 -9500 -5478 -2207 -7711 521 -7017
6844 -6630 -4003 -9443 -7232 5681 -4866 9500
4482 -7595 -9500 -613 -9186 -2317 -3998 -7858
-7948 583 -6621 -7206 -231 -9500 1044 -9123
6169 7667 -7889 -9500 -6941 -8518 -436 -1019
8405 3648 -9500 -978 887 -8049 8460 3562
9500 9110 -6777 -6327 -5414 -5408 6116 5676
8365 6473 -9500 -7302 611 327 5137 3811
-9240 2186 -8060 -5372 -3004 -8755 9500 -1158
1926 -4022 6554 -9500 3895 -4896 -2256 4500
3748 -9500 2264 -9493 -6592 8590 -5949 8933
-8452 -8650 6278 4419 7640 5911 9500 9177
8816 -7532 3154 7933 9500 -3249 9160 -6662
9210 -9500 7774 -7881 1242 -867 -5965 5905
7034 -9206 -4750 6488 -7293 9500 6594 -8697
3158 17 -6261 2538 9500 -6936 5116 -1551
-9183 -8300 -9500 -8203 -197 260 -147 -563
2353 -6603 -9500 -3698 -7981 3690 5151 -5584
-8627 -1864 2372 -7244 3779 9500 -1048 8092
7650 -5130 9278 -692 -3503 9500 -8943 -5127
-2863 -6039 -8813 -9500 1108 4164 6190 4953
-2727 9204 2215 9500 9296 2871 -7268 -6599
-8524 6159 9500 -4979 9279 4902 4234 8634
7378 8227 -200 -9500 5595 -7316 8941 7013
-7898 6055 8906 3584 9500 -473 -8491 -4657
-9050 -5978 -9500 -5184 -5576 7584 5761 8917
-6934 -8957 7492 9377 7705 9500 5297 5000
-5771 6333 1140 -775 8285 -9500 -4289 4530
6500 -9500 -3101 -9479 -6481 -8534 7779 8017
6261 6655 -1746 360 -5350 -6021 9500 7521
-8433 1231 -7580 5515 8418 -2143 209 -9500
-1364 3064 -7713 9500 -6633 8579 -5960 7939
6711 -6724 -9500 764 -9260 -2158 5430 -7771
6999 -4240 9500 -7553 -1117 -796 -6130 3430
-849 9500 -1687 9170 4375 -7518 7615 7538
-7261 3259 -9500 -1316 8642 -1977 -6864 3529
1713 -9247 383 -9500 4178 9426 6867 -6959
3296 -9500 -8065 -5561 -7513 7739 -7481 7763
-9480 -8324 8922 7234 6020 6306 -9500 -8298
-4613 4408 -5786 7577 -8629 9500 -8061 8742
1469 237 5253 -5398 -6438 9500 -2130 4929
9500 6836 9216 6732 9125 6693 -7323 -4522
-5345 7536 -6070 6832 -1208 -9500 -4887 7907
-2374 8842 9500 -3255 2016 -8972 -7602 -8487
8397 8624 -9500 -8978 -8889 -8915 9203 9054
9139 -8237 9500 -8684 1708 -940 6136 -5163
-5864 8383 -7422 9500 8040 -7630 5212 -3466
-8030 7891 -8805 9500 6407 -7801 -4726 3772
-9456 3513 -564 -9265 -9360 -4838 -9500 -4602
2894 1799 -7784 -9500 5019 7096 3659 2749
-4323 -3018 7449 8325 -9500 -9029 -6029 -4861
-5894 8007 -8287 8752 8199 -9500 8385 -9055
6283 -5250 3601 -9500 -2812 -8115 -4882 -5199
-8601 983 2255 9500 7214 -3976 385 -9181
3782 -9476 -8577 4088 -9195 2176 -9500 -239
5184 9175 -748 9008 -8071 4087 -2518 -9500
-7182 -8526 6818 8282 5903 7623 -9500 -9270
6030 7436 3435 9041 -9500 -1293 8806 3667
-9462 -6671 8411 6534 1129 162 -9500 -7199
-9500 9129 -5187 4549 -4910 4258 -493 1343
-6127 2870 9076 -9500 9237 -8961 6317 -3129
-1051 -8975 -9500 1610 -157 9066 5801 -7404
-5794 -2903 211 -9500 6307 505 -6408 670
9330 -8373 -2975 52 -8556 8210 9500 -7209
-6950 5974 9500 -7796 -1548 702 -3653 2423
6285 7345 3752 8268 -8571 -5172 9500 942
-8587 -8195 -9500 -8350 -9057 -7823 -5646 -5852
8927 -5960 7509 -6414 -9500 6510 8556 -5618
-9500 8921 -9227 7295 5784 -6906 -1237 3337
-588 -2333 2265 3865 9027 9500 2463 555
5505 2871 -3356 -7436 -9353 -9500 -8068 -6817
-8024 1134 -9500 -4681 2731 9480 -3031 6868
-9248 -710 7697 3358 9500 -479 818 -7181
4599 6582 -2578 -7896 4344 -9500 9446 -6302
-435 -3089 502 3185 6532 9500 2719 1725
-6943 9500 6712 -9134 -3754 5531 -5366 7679
-8311 8094 -4405 3184 7677 -7264 -9348 9500
1125 -2568 6475 9500 -3933 -582 -2047 -5761
-6744 -8399 8555 879 1469 9500 -8834 -3836
7154 9188 6125 7772 2588 3099 7333 9500
1120 -7936 9500 3297 9100 4303 -6351 5263
3187 1813 -7796 -9500 -532 1187 4016 2783
-177 9500 -4820 8686 7800 -5929 2846 8621
-7985 5089 1220 7742 6766 5868 -9500 3289
8975 -9500 -8621 6196 -7353 4912 -646 -1434
-5023 5393 -9159 8930 -6000 4366 9500 -7568
-6114 -1573 -8925 -6042 -9500 -7616 -1176 3896
8491 7645 -9500 -8546 -1443 -1327 9447 8474
6249 -7154 -6357 7018 -6592 6697 1947 -9500
-9500 -5882 1801 415 3267 1383 -9417 -5807
-9074 7747 -9377 8675 8095 -6540 9500 -8570
1397 -2748 1966 -3330 -8980 9500 -8781 8952
9500 -1099 4827 -7891 -3817 8491 -1694 9332
-4551 -6870 7484 3671 9500 -2728 6910 -8182
-5030 -4247 4262 3639 951 999 -9500 -7575
-8934 -7816 -5028 7127 -2885 8421 -64 9500
6959 -6533 2410 -5122 4841 -7524 8324 -9500
-931 -5567 9454 6277 -3000 1856 -9500 -6358
7911 7008 7110 8519 3622 5538 -8632 -9500
-8849 -8810 -9500 -9013 -899 377 -7260 -7654
-4295 8377 -7667 -5502 7626 -5741 9500 1181
5160 -9167 8851 -6963 5235 9500 -8529 7226
-3705 -4375 5886 4990 9500 9214 -6922 -6076
-1655 -859 1276 3548 7270 9500 -5133 -9248
-6042 5811 -8153 -6134 3467 9500 -5959 5903
6277 -6073 -9500 8046 5291 -3222 8563 -7577
9500 -1164 8494 -4091 -4701 -8594 -9307 2031
6168 4646 5560 5158 3271 -8208 9500 -4131
-8286 -4399 -469 -2940 -382 -2880 9500 5975
-2654 8759 2762 9500 7549 4318 5181 -6635
5966 5729 -9500 2889 -5431 -6103 7954 3816
8486 6499 -2461 9500 -9171 5662 2865 -9413
-7126 -6793 -6764 -7432 8990 9500 -1217 -548
-5998 -6717 -8563 -3982 -9398 -2275 9500 -2960
-8245 -3657 -8222 -2811 99 -9500 -7689 -6747
-6511 -9059 7837 -3822 9500 -474 -6943 -8806
6069 -7565 9500 -342 8773 2280 2187 -8799
5043 7740 -4109 8621 1068 -9500 8009 -4653
9500 2840 -6918 -7893 -8847 -4623 9082 4053
-4661 5440 -2955 4833 7237 -9500 5723 -8223
-9232 -4956 -980 -8269 9500 4685 2465 8108
3285 -4405 6489 -8975 6827 -9500 -6669 9327
-9500 8637 3896 -4072 7040 -6842 2950 -2204
-4673 8089 -4287 7647 6078 -9500 3714 -6965
8519 9500 -4775 -7744 -8718 -9428 1456 5008
-2171 9500 -5630 8579 -5985 -6472 8665 2987
-7549 -7753 2093 2774 -684 -1277 -9029 -9500
1811 2357 5858 -2174 4043 -8610 -4904 9500
-6842 -9062 -5678 -9500 5726 7018 -4637 -5182
9500 -8951 7651 -6385 -3643 4507 -8239 7044
3482 -9213 2266 -9500 7276 7654 8972 -5922
7132 -6589 1284 -9211 -2169 9104 9500 -2083
1939 619 -6971 3431 9500 -5608 9085 -5242
-2570 -9500 4133 -5994 -7003 -803 -7063 -1286
-3366 -8670 -8432 1751 687 9500 6748 -6066
8603 9500 -2344 -5624 -7763 -6817 2699 5961
2830 -2797 36 -69 -8194 8026 9500 -9291
3573 5855 5096 7428 931 -723 -8083 -9500
-9500 3826 -8662 -1959 -2919 -7731 -8123 6624
-7609 9500 -2095 1662 3393 -5637 5202 -5988
6344 -3447 601 8658 -3732 6016 -3586 -9500
-1541 -9500 -6385 6719 -930 9158 3327 9467
7972 2951 1700 7226 -9500 3104 -592 -7523
4435 9493 8491 7010 -2036 9136 -813 9500
694 -9287 4336 -8083 4416 9199 1242 9500
-9500 6155 -4998 6389 -929 3382 -3996 728
3495 -8275 6576 -164 405 9500 1044 -9477
-2617 1549 -400 -482 9500 -8480 4560 -3371
-4144 9500 9347 -4017 7760 5981 7613 6172
-5293 -4293 4458 6506 8044 9500 4293 3052
2030 -2855 9383 -6929 -9500 7990 -8647 6172
-2954 -6156 319 -6957 9500 -3981 2461 6325
-4452 -5154 -3204 -2666 8466 8994 9052 9500
9500 8845 3110 4976 521 2531 -1169 -3157
3297 -9417 -8478 -2841 -1461 9500 2610 8454
-1607 7908 -9306 1424 9500 4013 8373 5836
2394 5988 -5138 6036 -9500 -1895 -6423 -4466
-245 -1209 -5203 5792 -7035 9500 6235 -7451
-8479 -2102 -7427 2115 5530 9392 615 -9500
-8480 -9500 -4657 -5057 2846 2969 -115 -427
2736 -659 9500 6879 7492 4413 5061 1725
7435 -187 -4017 -9500 -6374 -7564 -6962 1841
9319 8173 -5913 -7505 -9500 -8823 928 3411
9500 -8711 9160 -8802 3274 -1704 8578 -7294
-5698 7633 -6985 9500 279 -245 1854 -2381
-2733 -2569 -9500 -6241 -2089 -711 8944 5769
-610 2586 -8270 9500 -4322 2972 -3884 2448
1603 -8820 -1798 -9500 -7259 -885 -4753 6083
-2709 -9500 -4423 7127 6128 4115 3871 -7878
-1048 -9400 226 9500 5855 4067 4261 -7003
8841 9500 3695 2668 4942 6893 5964 7904
7678 -6695 -5014 3730 -8289 9500 2892 -1459
8781 9277 -7615 -7583 8283 8350 9082 9500
8615 -3482 7389 -7451 -1601 -9500 8346 224
8743 8407 8072 8071 -9152 -7146 -9500 -8620
-8009 6352 -4216 9500 -9289 8788 -8879 7957
4561 5405 1741 2582 -1371 -627 9025 9500
1673 1871 -8103 -5717 -8862 -6841 9500 7084
-9500 6026 -2476 299 2286 -3055 8353 -6784
-8072 -9032 9500 7439 -3985 -1237 -5449 -2740
-2801 254 -4522 7856 4858 -2589 6042 -9500
6002 4881 -9493 -6696 6473 4003 9500 6717
256 1990 -8211 -9500 -4978 -7029 6831 8737
-4681 -6766 4242 -9500 8720 -4147 3709 7593
3778 1284 -5261 -5090 -7194 -6237 9500 6345
2274 2021 9500 9394 5674 5702 4947 4999
4038 5471 7532 9445 4570 4778 -8347 -9500
5508 -6927 -2062 -7144 -9500 1153 -6861 6173
-2410 -1892 -8976 -8600 9500 8975 7907 7682
9500 -448 9428 -1129 1512 6443 8115 3154
-6639 -5670 6342 6135 8153 -1951 -2197 -9500
-4865 -5923 -2579 -2984 -2056 -2318 7504 9500
9458 6157 9500 6208 -8984 -8362 6221 2774
8002 -3347 9500 -378 8888 2821 -1262 6588
7566 -6109 -688 -1519 -9500 8664 4947 -3042
4744 -3141 -9030 9500 -8186 6865 7951 -8685
-9500 8617 2100 -1555 2688 -2109 -6349 5585
9421 7609 -3320 -1443 -4210 -2189 -9500 -7611
9500 -1024 5806 -4519 -3750 -5894 -8738 2236
-1830 106 -4758 -5037 -26 -1557 9500 6612
9242 2652 9500 1674 -9329 -2395 -9106 1534
6678 7384 8812 9500 2328 2383 5628 6253
9019 -5057 5860 -7566 -9500 -7443 -1371 9407
483 488 6993 -9500 -4808 5220 -3741 5750
403 -473 -5643 -5438 -9500 -7710 -8481 -6698
4109 2465 -8003 -6436 -9472 -7384 -9500 -6860
-5330 -5419 -9500 -9459 -5992 -5629 7592 7200
9393 -8630 9500 -8829 3746 -3689 8997 -8232
-9500 -72 -3570 7017 3073 -7238 -9297 -3286
9500 -4262 9082 -5138 -3736 -7683 2069 8391
-3186 4767 -9133 8902 -9500 9052 7577 -5223
-4554 -9500 9000 -2801 -4664 8796 -9457 -1896
308 15 -6476 -4334 -9500 -6714 18 -187
-1578 7192 -9212 2933 6952 -4858 9500 5463
3142 5281 5061 3740 -8006 -9500 -5734 -4578
-3047 -7241 9500 -1917 7144 3319 6756 3827
-8798 7329 9321 6731 -8435 -7267 -9500 6903
6474 -6790 3171 -2074 8231 -9500 6624 -7015
284 778 7436 9500 5855 7387 -2121 -3211
-9477 9500 -5178 5771 7326 -6762 3423 -4103
-9500 839 -6475 -4882 7454 3981 -731 7406
5309 -8059 3116 9500 -5705 7756 -5894 7600
7348 9500 -7071 -5173 -7703 -6536 -8183 -8372
957 -2390 4262 -3466 7382 -7287 8910 -9500
-8252 8222 8761 -8607 9500 -9144 -2197 3208
-5670 -3799 -8659 -9500 5112 7780 -3947 -1587
-6490 -8664 -7383 6913 8990 4422 9500 -1259
5511 -5214 -8966 9500 -1399 2142 4017 -3583
1260 269 -581 1860 -9307 8333 -9500 7971
8341 2664 -6645 -5650 -9500 2048 3450 8890
3458 -4950 -6080 6776 -7794 9500 -6334 8148
-4890 -8132 -8130 -9500 -7118 -9433 -5716 -8702
-4570 -4451 7552 9500 7120 8357 5365 5587
7043 7493 9500 8590 -884 -2145 -954 427
-8336 -3588 8126 -4165 3995 6586 -9500 -1335
14 -961 -1303 2275 -9500 9490 -7496 7075
-1144 339 2348 -3288 9372 -9500 5736 -5287
9409 -8256 1970 739 -1147 3044 -9500 5626
-6013 6973 -7522 9500 108 695 6509 -8534
7638 -8156 7660 -8200 7996 -9500 -1752 -213
-1313 9500 -4307 8159 8921 5576 8360 6493
-7437 1269 973 -9354 7395 -4930 -1781 9500
9500 -8395 8034 -6735 -2573 3220 9302 -8661
-1408 9500 -6170 7047 -8415 1310 2796 -9224
5366 7960 9500 1877 -7360 5078 -6999 5499
4918 6869 8801 -4426 -7338 7760 -5236 9500
-5767 7135 -4009 5925 5806 -1850 -9500 5304
2462 419 -7136 9500 -1425 -1566 -412 -2650
9036 -4403 9500 -4970 -5747 983 3988 599
3333 -7844 -2463 -9500 -6935 -7771 -875 9003
7203 -2782 7527 -2275 6970 8802 5116 9500
-7811 -7934 -920 619 -9500 -8648 -8802 -8553
8664 1841 -9361 1769 -9065 -515 -598 -9500
-2497 -8797 -6754 -8106 -9500 824 -7943 3304
-3260 2406 9500 -9389 8617 -8033 2125 -1271
4785 9381 -577 9500 5325 -5988 6531 -4271
2763 -8829 -2075 9081 -3286 8596 -1371 -9500
-6634 7524 -7503 9500 -6816 9039 7108 -8294
5908 6729 9500 7237 8185 5079 -7935 -4773
-9070 3952 -9500 2914 8813 3100 2417 7998
7170 -6014 -1901 -7832 -3800 -7548 9500 -4264
1673 9500 6886 7741 3215 -8064 -7007 4707
-4407 -5564 -8632 -8088 9500 5046 -3658 -5077
9459 2136 9500 -847 1126 -5966 -1150 -6107
1223 36 -9500 -8763 -23 1145 3762 2586
-6131 7040 9500 464 9364 1566 4526 8017
5271 -5993 -4041 6475 699 7010 9500 -717
-5375 -4842 8585 9329 -8433 -9500 -5959 -5563
-8591 -7982 7694 -4577 8600 -2436 -9500 -4470
-255 8047 1873 8187 9500 2937 -717 -8159
-3996 -8409 -8235 3824 3598 8472 9500 4932
-9500 -9291 -2630 -8485 -1142 -6462 8647 7929
9422 621 -4244 7554 -8694 3768 9500 -131
-5129 8852 2419 9500 2430 9493 -7608 2478
8096 -6988 4032 8186 -9500 763 -8998 -1521
-8493 3319 -9184 -2561 -864 -9500 -7572 4976
-1640 341 6848 -8067 9210 -9500 9153 -9356
-747 9500 -4990 8175 -7716 992 -5 -9393
7416 -4274 5942 -5269 -5106 -5597 -9500 -825
-9313 4408 6735 -7101 9352 -4317 9500 -3919
9500 7376 1117 2584 2051 -223 8681 5591
-1234 9201 5900 -6793 -3075 -9500 -7413 5333
-8878 -792 9008 -4731 -4827 7355 -9500 3593
-9500 661 -7301 4857 8767 5274 -9422 -3788
8725 -7603 -9271 9500 -8037 6394 9289 -9210
5969 8204 2671 9500 -8269 2507 8422 5137
-4424 5524 9500 -9247 8052 -8633 -7598 6683
208 64 -4863 -4740 9500 8996 6363 5947
9500 -9054 -4688 5907 -7687 6791 6250 -7325
9500 6955 5152 1958 -2685 -4144 -9391 -7352
-6969 4486 -9486 -2114 9500 2076 4672 6245
6358 5622 9500 8450 9158 8150 -9301 -8276
-8257 8124 1319 -8865 4996 -9500 9454 -5276
8992 5468 -2802 -1053 -3108 -1265 -9500 -5846
-9500 1282 -8230 -4147 -319 -7960 -9153 2458
-8529 -7928 -9301 -9500 3709 1250 9134 9094
1891 784 5 -933 -8369 -8096 -9500 -8190
-9500 -7896 5319 2164 5202 2019 4317 942
543 -9467 7619 6610 3960 9500 -6039 -8400
-2104 9500 -594 -8937 4221 -9109 6206 3746
-713 9500 -6403 7015 -5489 -7495 1350 -9443
-2586 -4404 9462 9081 5044 6375 -9500 -7909
-4080 -8646 -9500 -1907 -9406 1994 8737 4202
-9488 435 8741 3270 9500 -2254 -5521 -8588
3546 -6470 6470 -9500 -2594 5382 1935 -4607
-2391 4237 -589 2030 7470 -9348 7347 -9500
127 1273 -7478 -9500 -5873 -7829 -4472 -6291
9050 2434 4464 6689 -9500 5512 -2156 -7772
-7377 -8765 -4777 -6989 6236 6897 7534 9500
-1708 1967 9500 -7796 7018 -6066 1681 -1946
3063 -8933 831 -9500 -2470 -8927 4300 -8227
7897 3036 9393 4944 9500 5088 223 -4947
-761 -9500 1561 -9038 8848 7039 -5729 7053
-1032 -2518 -3089 -1064 9500 8713 7504 5278
9424 7121 4113 1194 -6153 -7932 8387 9500
-1798 -9417 -9500 -2066 -2242 9409 -1583 -9458
959 8701 7372 -1505 2442 -9500 554 -9299
2410 500 -4076 -1906 2847 3661 9500 7062
-8089 2361 9500 2916 8454 6543 -2171 8101
-5293 -8722 -5943 -9500 -5147 -7131 3987 6983
1106 9500 -4032 -8563 -1720 -9393 4149 8501
-9087 7477 9500 -7829 -6685 5568 -7492 6228
6675 -7966 2947 9500 7398 3014 8166 -654
5996 8990 -4601 -8115 -5758 -9500 -4362 -5806
5514 -6392 8558 7600 -9500 1809 2003 -8406
-3496 -3733 -2054 -2853 -2383 -3237 -8136 -9500
-7709 9500 -5470 7372 -1080 338 -1146 420
1799 -495 -9088 -9500 -1985 -4010 -1971 -3999
-2748 3402 4030 -5042 -1765 2362 -7509 9500
3467 8085 963 9500 -3388 -8158 1732 -9342
8102 4792 -1342 -7726 -9500 -2673 4585 7039
-642 4132 2082 6520 8064 9500 8588 9284
2122 372 -8111 -9500 6353 8221 7198 8898
-4312 -8897 -7318 4981 6387 -6117 -1536 -9500
6128 6308 6090 8494 4910 7354 -7613 -9500
-8339 -3641 6464 7718 4512 -6771 -473 -9500
2435 9500 7311 3834 8218 -4412 -8016 5163
-9500 -8405 4502 3955 8266 7379 -6204 -5470
-1826 -9500 7865 -1783 -2649 8792 -6714 -6084
-9500 -3490 7550 -5526 8956 -2734 -8059 4697
-8307 -2059 -9500 2780 -9264 3471 -2523 -6183
-6969 9239 589 -1424 7147 -9500 2475 -2836
7270 9500 6734 9172 -6524 -8993 -369 -1967
4326 9299 -8504 3917 -9500 2706 9329 7503
9500 -7502 9472 -7500 103 -1376 -3707 1641
819 -9500 7849 -7363 9247 -5937 8560 4886
-8282 9391 8152 -8885 -4771 6785 -8150 9500
6446 -5154 -2883 -6441 -5553 -5419 -9500 3
-4814 -7444 9500 -2294 9379 368 -9276 -857
7431 -1455 -4333 9500 -5130 8447 -7120 -4052
-86 7232 9500 -1474 -7022 5585 -979 7283
-6671 -9500 4353 1284 2976 6256 -2703 535
-631 192 -1367 -610 -8623 -9500 -6244 -7358
-2104 -3606 5138 5199 -325 770 -7876 -9500
9489 6500 9500 6483 5529 5114 9101 6597
2116 -1219 9500 9193 -4244 -578 -1424 -4001
-9500 7895 -6337 6015 -6173 5901 8547 -7439
4800 2936 8976 9500 -6251 -4363 -7492 -8273
-6705 -1174 -6224 6411 -1840 9500 7037 -3700
-5844 -7109 -2305 -3190 5685 6103 8176 9500
-8990 -6170 -8124 -7683 7103 8824 -9500 433
-7325 9500 961 -166 4695 -5428 5468 -8194
9500 7855 -2710 311 -8331 -4830 -2060 -3890
-3781 -4499 -6383 -9500 -129 852 -3010 -3340
8002 -8697 8751 -9500 -2654 2943 -7167 7802
1174 9500 -8702 -3085 -5738 -7541 5976 7338
-8013 -5435 -738 -8237 9500 -600 -3805 7128
6152 8101 -6323 -5593 -7732 -7616 -8086 -9500
8355 9500 4530 4324 -5206 -6855 -7735 -9358
3145 -5901 -1761 -1020 -4398 1938 -9500 9491
6696 -4761 7997 -9500 -2946 113 1539 1437
-6602 7359 1169 -3941 9500 -8373 8996 -5326
-3068 8498 2511 -8791 8061 -1805 2227 9500
-8914 -521 -5565 6778 8263 4949 1018 -9500
-9500 -1026 -3892 -7072 2553 7292 -9103 1053
-6455 -3552 9500 6602 6170 3306 -5255 -5096
-7516 -8161 -4014 -3879 -2517 -2102 8558 9500
9500 -2119 7422 5144 -9485 2178 5266 -7239
9500 -8564 -8148 7763 1252 -703 4846 -4057
2934 3370 -5835 -3752 -8841 -7520 9500 7220
-4008 -4353 -9500 -9340 -6541 -6109 9097 9082
4907 -8505 669 -9500 -6137 -6310 -7096 6711
-5221 -3210 2735 988 -9500 -7698 -9287 -7370
-9500 -2500 2685 -7769 5345 -6871 -9180 3410
-379 -8583 7058 152 -2725 9500 -3256 -6404
-9500 -4294 -8542 -5428 8910 -2764 -9038 2585
-9009 -7197 3265 -8665 5010 9500 -6946 6309
-9125 7447 9500 -7714 9421 -7671 884 -832
6942 9121 -4217 -7130 -5477 -8890 5917 9500
9482 -7148 9043 -6689 -9500 7169 -8613 6283
-1918 9500 6813 3529 -6774 -3672 -7207 -1222
-4241 7558 6909 -3241 6345 -4543 -3775 -9500
-8206 7427 -9500 9044 3207 -5006 -7042 6040
-4954 -9500 -5626 -9082 8321 5621 8971 348
225 432 7001 8488 -2162 -2751 -7956 -9500
8170 -1842 -1882 -9500 7856 -2573 8106 -2002
-7571 4408 -9466 9500 -2051 4028 5130 -6434
3754 3552 -134 709 4367 5758 8186 9500
-5507 8422 9500 1166 -3917 -8651 -9309 -1995
-4737 -6958 7455 9500 6359 5575 1973 265
5778 9500 6032 9296 -8165 -4643 -7288 1384
8654 9476 -6358 -7023 -8666 -9500 -8421 -9207
896 -3449 -4595 6686 9500 -6917 7750 -9240
-9500 8253 6592 -6388 -2281 920 -9331 7708
-6210 9500 4673 -7418 6169 -9454 19 475
6986 2580 9500 4561 2294 3969 -2545 -4132
9256 9500 -7819 -6642 3057 660 9233 9320
303 -8563 3996 -7404 -9500 252 -9392 -2754
2655 -9091 6395 7255 1033 9483 -800 -9500
8172 6518 9500 8561 -9211 -7838 -6107 -6604
-3874 9500 -4222 9168 4508 -8877 4775 -8589
-8993 6715 -1480 2001 9208 -5909 -9500 6169
8715 308 -9500 3238 1118 8842 4889 6088
-5001 -5318 -9500 2391 8747 1627 8546 -4481
3757 8537 -9059 4357 -3738 -8547 -1388 -9500
1652 -3685 9500 -6253 2494 148 -2595 -60
-7033 -6878 9500 -7361 3937 8394 -7363 -6666
-6633 -6152 -1506 -4629 -5598 -8581 -7791 -9500
5438 2738 9251 7094 9500 7534 8420 8098
-3027 -871 5075 8657 6823 7632 -6475 -9500
4345 2654 -3166 -1102 -6623 -9500 -4233 -7344
9132 -157 9257 -664 -9500 3294 -8355 7018
7068 6315 -3447 8706 -3745 -9500 2495 -9271
1340 -8127 4977 8951 -6474 5674 -9500 3110
6702 9500 -3905 -2758 -7101 -9296 -7024 -9444
120 -276 -9453 9500 -7489 7685 5360 -5555
-8467 4781 -4344 -8977 -2962 -9500 -7296 6423
-3623 -3328 -9500 -7580 2035 2091 9425 7558
7038 -9024 5822 -7915 7610 -7442 8914 -9500
3262 -6022 3451 251 8466 -5563 9500 -8857
-9500 -7279 -5784 -8844 -1835 -5880 -3964 252
-1156 1674 291 -489 489 -761 6944 -9500
-7469 9467 -7462 9500 -2244 4547 -7089 8364
-9298 5697 -41 -9500 8870 -6044 -1922 9193
7722 9500 5006 4959 -4840 -6639 -8144 -9378
1206 1639 -5175 -6264 -8113 -9500 -908 -847
7094 -5342 562 -1425 -9500 5904 398 802
9492 5628 -1110 9500 -9409 -5745 3885 -8682
1863 -1572 -2372 1620 -2474 1698 -9500 7178
672 -7461 -2562 -6544 -6586 -3942 9500 -1712
-7103 -7831 9500 3750 8283 6555 -6719 5372
-6420 4626 8055 4871 -4754 -9500 -6479 -8073
4679 -7392 9137 713 5208 5293 -9500 411
2078 -2199 8330 -9500 5666 -6623 -8219 9361
7161 9500 -1546 -2520 -2417 -3654 -6522 -8412
-2846 -4545 8009 9500 -1217 -203 -7502 -9331
6664 -7199 2273 -1181 330 -2066 7995 -9500
9500 9075 1547 3840 -6986 -5731 -6817 -8934
8769 9500 8789 9316 -8784 -9308 -6613 -6612
3312 9295 6979 3048 6174 -5072 2551 -9500
-7090 -8018 8653 5450 9500 2678 8848 -4462
-5366 2700 409 -1263 9301 -6344 -9500 6361
4165 1379 -9500 -7542 -5833 -7687 2206 -592
-170 9464 -4349 -8616 -354 -9500 663 -9401
-5662 9394 2675 -6996 5806 -9500 -3788 7932
-2027 -6926 -9500 -8062 -706 3753 -1052 -5817
-4589 -6677 7400 9500 2881 4659 -3524 -3505
9209 -9347 3489 -3835 -9450 9500 9414 -9442
4152 -6050 6273 -8170 3642 -2860 -8250 9500
9206 -3756 -9106 3977 -3059 -9132 -1428 -9500
8340 6026 -4288 -3148 -9500 -6886 -1098 -753
4963 5303 -6890 -6721 4430 2187 9500 8534
8155 -8944 7795 -8401 -4964 8164 8516 -9500
2278 158 9500 7821 6544 6642 -7646 -5223
-8959 4365 478 8954 8613 -4839 -9500 3458
-5386 -6650 5003 -7316 2966 -8845 -441 -9500
-9500 -7748 -9019 -7196 -8529 -6730 -3039 -1987
-9500 -4733 5259 453 4889 8516 -1681 2896
-5074 -4805 -5901 -8390 -6534 -9076 -8506 -9500
-3940 1701 4012 -6072 4430 -6428 -9260 9500
-735 -9405 -7699 -3061 -464 9500 8153 1241
-5432 9500 -6723 4472 8488 -7290 -51 4139
8733 -4278 6861 -6801 -7681 -4804 -9500 1448
6352 7473 -5456 -6230 -7385 -8979 -7715 -9500
526 9500 -1050 -9468 -9441 3010 -5479 7877
-9404 -1829 -9500 -1431 1461 7983 9476 1539
8098 4956 4085 8502 -9500 -824 -9485 -975
-117 -3140 -736 -3952 -87 2870 5152 9500
-7474 -5913 -3473 -9500 3071 -7825 -7921 -21
-4705 4157 -7623 6179 6392 -5525 9500 -7911
-6989 7738 6881 -4413 9500 -9431 -8139 8555
1395 -8601 -495 -9361 -7639 -821 1173 9500
-2369 -2674 -4709 -5529 -7819 -9500 -7524 -9163
-7718 -9500 6109 6772 7213 9123 -7056 -8115
1238 9439 2423 9214 8299 -3779 -243 -9500
-8127 -7043 -7035 -6041 7841 7088 -9500 -8341
-2437 -9500 8570 -1631 6549 7544 -7928 3285
-9500 -8504 -7319 -6262 -1828 -1105 -7479 -7127
-8014 -8712 8555 9365 -4423 -5187 -8662 -9500
-8169 -8211 5500 -9066 -7535 6142 -9500 -304
9039 1047 1210 -9397 -6129 8724 -2466 9500
9500 545 -4566 6190 -9450 -273 -727 -8042
-8410 8361 -9500 -5341 -5724 -9015 -7425 9155
-5984 5676 7433 -6821 9500 -7747 -2401 2748
9500 -7883 8665 -7993 5020 -2864 6703 -4510
-76 9500 9039 2109 -7412 -5616 -8243 4553
-7723 5736 -1010 -9500 -9220 982 -8458 4363
593 -8246 -1078 -8872 -9500 -5875 8920 -4
1689 3034 -9500 -8397 -5270 -6132 169 -1339
-9500 -8728 -9058 -8686 -5701 -6679 -9361 -7741
3811 -7283 4149 -7252 9441 420 -9500 -292
-794 -9500 7929 -1856 8236 2404 2613 9298
8290 4244 -9373 3144 -2570 -9500 8215 -6093
-5443 -7519 -6728 -5879 2253 9500 7426 -4267
-4969 -5095 7807 7280 -8123 -6221 -9500 -7594
-9500 8149 9363 -7906 7220 -5633 -5487 5455
-467 -8766 4116 -7076 9500 4855 9128 5558
9500 -9074 7959 -9381 -6300 4631 -8199 7055
-8555 -9078 5767 5635 8697 9500 -4570 -4261
7956 -7673 9500 -9452 -5172 4557 -5382 6658
2750 9500 8587 -413 -8313 -1614 -8506 2690
1543 -8066 -6342 -6904 9500 1513 9354 -527
803 300 4376 -7656 5703 -9500 5375 -6389
-4928 4788 -7131 7464 1868 -1248 8410 -9500
-100 -2421 -9500 6796 -9498 6793 -5358 2050
3034 7105 5331 5935 -9500 -359 -8702 4423
7615 6074 4848 -8480 3912 9500 4430 9227
9268 -6356 9500 2618 160 8747 8339 -7204
-6067 -7975 -3879 -9353 9500 -7539 8742 5329
7731 8310 -6129 -5278 -7439 -6733 9500 9423
-3515 -3544 2079 2062 8922 8952 -9473 -9500
-9089 -9273 -43 -1734 8825 7779 9500 9388
-9500 1861 6040 -8987 6999 5895 -8704 5573
-2554 8559 -76 -9500 8167 2656 -1069 9214
8858 5165 9500 2800 608 -8590 -4713 6568
9500 -4333 -5891 -6986 -9247 4750 7559 5683
6496 -3689 5693 -5054 571 -9500 7032 -2535
-3961 -5653 -8554 3830 9500 1066 9217 -2957
-9500 2965 -2408 8241 5910 7932 -3591 -8622
7322 -9500 -394 -1604 -6632 7438 7325 -9497
-9500 1127 8416 5653 8262 5775 -4631 5648
6144 -5727 -7722 -7616 -9142 -5336 -9500 -742
7096 9500 -5856 -8084 -4824 -6346 93 356
-1592 1640 4873 -4299 -8627 6917 -9500 7695
-8829 4895 -7841 7321 -4454 9500 1094 -9360
-2515 -856 9500 7675 3169 1410 -9500 -7674
-7050 -6998 9500 2366 9304 2998 -6724 8636
-4129 8541 -865 -9500 -1224 -9361 -6925 2059
-3303 -3892 -2950 -3456 7817 9500 4497 5365
-120 -9500 -2677 -9354 -2852 8871 8060 6226
-7859 -1316 -6391 7566 -1739 9500 7746 -5443
-1600 9363 1909 9122 198 -9500 -7716 -1113
5689 8754 5239 7002 5430 7307 6731 9500
7726 -2186 -9500 -2884 -9240 -4351 3029 -6244
1551 9500 -8618 -1241 -5687 -7404 2681 -9073
-8065 -1596 -7888 5385 -5374 8563 -284 -9500
351 -1877 6419 7543 6916 8449 5545 9500
-7536 -9500 -7230 -9079 -3931 -4735 -7039 -9109
-3011 -8877 -784 -8869 1821 -8268 -9500 -3773
-3808 -1518 -9500 -6720 934 -540 1478 -159
-4854 -7213 -7897 -3409 2763 -9500 -3488 -8177
-5288 5730 -8730 -9500 1720 -8824 4618 -6430
-7848 -4928 426 8394 -4606 7343 -9500 -1461
-8190 -8964 7548 8139 -6031 -7258 -8574 -9500
-7591 9500 -8173 8206 8556 -8664 3806 -3107
-8783 7154 -9331 5250 -94 9500 -7427 8979
-7850 5387 5894 -6215 8612 -6262 -9500 7763
-3413 -8158 4944 -7303 2982 -9139 -1297 -9500
-7953 3825 -7591 -4950 -5720 -7653 -3007 -9500
-6718 -5346 1530 3179 9445 9500 2227 516
7847 3620 -1497 8972 -3274 -9500 6811 -3227
-1742 2313 -3889 1852 -3513 1563 9500 -7395
3116 -1857 4437 -3476 7435 -9500 -5942 8120
-1627 9500 7602 -8331 8486 3129 232 9116
3959 5757 9500 8815 9148 6686 -8764 -8652
-9500 -8079 942 5232 9307 6541 5899 1239
-2440 -7875 -9500 -4172 8843 5173 4329 -6244
1071 2963 -4588 -2916 -8283 -9500 7916 6729
9500 8645 7742 7789 -7894 -6444 7100 5582
-6895 4057 3119 -4873 8807 -6388 -9500 7686
-1626 449 -9261 8881 9500 -8737 9079 -8783
1855 -3683 -4870 -9500 -5190 -73 -3418 2003
-479 -9449 -7544 -4556 -9500 3426 -5536 8845
4832 -4074 -4189 3158 -7484 9500 3634 -2391
-3115 -7983 9500 942 2011 -7920 157 -8225
6292 -7200 -8078 5631 6711 7200 9500 -3554
-7312 8418 -224 -266 1491 -2170 8522 -9500
-4092 -6005 -6846 -5034 -9500 -168 2451 -5704
8965 7042 4530 4621 -9500 -6120 -5997 -5508
1699 7733 4047 -6234 -3865 -7613 -9500 -3874
-9389 -8699 -6662 7610 9500 -4917 7119 -7258
3179 -9339 2609 -9500 -9044 -818 9148 -498
8728 10 -5367 7153 -4786 7710 4132 9500
8295 8083 -9469 -9500 -7755 -9093 -5694 -7060
8856 -2718 1328 9165 -9500 -5029 3428 -7803
-3904 6110 -1157 -389 7324 -9500 -140 1912
6193 -5575 8924 -2435 9500 2438 7655 5444
5046 8694 -70 -769 -5246 -9419 -5317 -9500
-1190 4732 3128 -6791 4814 -8511 5818 -9500
9500 -8157 8453 -8814 2508 -5313 -9404 8618
-318 9500 -7662 -451 -7452 -1236 -6507 -3578
6736 8795 8873 -1865 8791 -2016 -4290 -9500
2741 -1179 -6370 8689 -7316 9500 4074 -6465
-6707 -9500 2383 1746 6996 9274 6356 9226
8354 5752 -4032 -9500 7333 -6774 9410 -3069
5720 -8940 -7191 9442 4995 -3727 6965 -9500
-6204 -5990 -4123 9500 6355 -8260 6108 -8454
4503 -4598 5144 -5309 -8717 9500 -6670 7456
-7963 -9500 -8063 -9420 -2228 -927 455 2242
-8707 -4797 1268 -9450 8649 -3589 -9500 903
1855 -7618 -8729 -106 9500 4438 9455 2789
-5475 5512 3274 -7335 4827 -9500 6459 -7031
6067 6538 5160 5568 -8837 -9479 8855 9500
8966 -2667 -5116 -8343 -9251 -3703 -9500 978
5090 -5115 7886 2778 -1634 -9500 -1602 -9496
4007 -3201 -4539 4209 8732 -7717 9500 -8319
-9500 -1986 -6434 6030 8850 -3208 122 -8241
-1858 3356 7772 -8182 8276 -9500 -7478 7755
4006 6883 2845 5557 4787 3847 6393 9500
6405 -4854 757 -9500 -7043 531 2236 8645
9279 353 9413 -3451 -833 -9500 -2447 -8885
-9500 -2766 -1735 -7592 5698 -4907 7939 5606
-8002 9500 -7994 9497 -6750 6063 -8149 8314
-4036 9434 -5113 8940 -7613 -1672 -174 9500
2460 9437 8343 -6370 4746 -9500 -5599 -7475
9500 5073 9378 -6758 -8723 7383 -7333 8388
-7117 9414 -5390 6016 -7284 8649 -7197 9500
6646 1990 1068 9500 -6149 -5026 634 -9178
-7105 7857 -9324 9500 7600 -6882 5284 -4300
-4673 -7892 -6583 9155 8775 1914 9500 -1307
6248 -7535 7638 -6091 -301 9500 -1683 -9216
8342 -7169 -2011 2971 -9500 8399 5758 -6401
6263 6494 9053 9500 7906 8470 -466 -327
9500 -2572 -7509 8093 -7267 -8122 8340 -6556
2636 5885 9500 301 -5662 -5136 -891 5874
-7533 8645 7090 3708 7871 2512 9500 -1600
-2141 -9500 -8812 -6043 3729 9198 2118 -9240
8030 9403 -5255 -4927 -8158 -9500 -3015 -4468
-9500 7206 2270 -433 8793 -5864 1039 -2005
-4104 -1116 -9500 -8361 -4496 -6817 7247 8698
-5728 -5676 6234 -7346 9500 661 -7284 6706
-4542 -4837 7262 4798 8955 6567 9500 7615
-8234 9154 -821 -1109 8992 -9500 9270 -9199
-8724 9500 6287 -7195 7675 -8521 1861 -957
-1969 9314 -1977 -8483 1016 -9500 4062 -7784
-8647 3934 9500 -1572 -1835 -7535 -4360 -6648
9150 -3425 -289 -9500 3631 -7863 8070 -4582
7898 765 -7435 6417 5277 -9500 6677 -7903
-1077 -2368 2044 172 7406 4628 -9500 -9031
-5614 -7516 -5735 -7286 4018 9500 6486 -1912
-7045 -4178 7121 4251 -8446 -7264 -9500 -7044
-509 7193 -2712 6925 -8333 4204 -9500 -3023
5201 -8658 -2181 9424 -1026 9500 -33 9479
-2949 9500 7131 -6807 -6813 -4932 -7052 6911
-2773 -2237 9500 8818 9343 8637 -7664 -6931
-7227 6202 -5084 8244 7986 -9500 -922 -2437
-8808 -2409 -9500 991 -4221 7243 9043 -2970
7746 9500 -4086 -5078 -2755 -3455 1933 2280
9500 7565 -3683 -721 -8567 -5937 7780 4945
156 -875 7876 -9500 7810 -9362 -1667 1348
6740 -9500 4128 -4075 2438 -4510 4814 -7362
-7311 -4068 -8357 1197 4902 -9500 -6858 -5078
2941 9331 -8624 -5285 -2515 -9500 7098 6787
8053 -3604 9500 -1197 2773 8035 -9333 1585
7667 3203 -6236 -5912 -7036 -4611 -3238 9500
-7657 2588 8336 -1411 8529 -1014 9500 3433
-3926 -4254 9500 7269 -8263 -6138 -6123 -6015
8202 5517 8991 -6682 -7798 9500 7109 7751
-3205 -4117 -9500 -7868 -8457 -5674 7669 7046
4037 9500 -6667 -7849 8020 -7666 8009 6552
-5578 3335 -6594 7701 7751 -5777 9500 -8122
9500 -737 4990 -8769 823 -9040 -5237 -6224
-7810 2353 -237 9500 7791 -2487 -7852 -228
8040 -4356 9500 3103 6503 7746 4507 8856
589 -9500 2214 -9416 2740 -9255 91 -9412
439 -2077 782 840 8123 -7294 8667 -9500
8727 8680 -169 -520 -8819 -9167 9491 9500
-3348 7133 354 9500 7570 -635 -7994 -5999
915 1301 1943 1607 -1072 -1460 -9500 -9377
-6803 -3840 -7656 1293 -5501 7375 -2534 9500
-6914 8280 -4531 5426 7932 -9500 6526 -7816
6944 -9383 1148 831 -1248 4117 -6019 9500
6304 8104 3113 9500 -1473 9132 6223 -6015
-7456 5102 -9500 2175 6233 -6193 1836 8886
-555 9414 780 8999 5461 5201 -2932 9500
-8628 -2997 5511 6810 4488 7498 -9500 1234
9500 5680 -4821 -2707 -6636 -3833 -8977 -5325
1486 -9180 347 -9500 -7015 4039 4746 8571
2862 -7900 -7416 4571 1373 9500 3773 -7387
1939 -9126 -8844 4674 5916 6128 9500 -1396
-9104 -9332 -9336 -9500 8333 8629 -3789 -4176
2456 -1121 -4020 -6616 -9500 -8939 -6783 -3550
-8484 -9500 -8499 -8564 -8241 -7626 8535 9273
-2428 5342 3608 -3039 6183 -7430 6880 -9500
-8586 4915 5662 -7748 6986 -6789 9500 1842
8723 -9500 9051 -6417 3895 -983 -1389 3857
4119 -6753 5177 -8079 -6617 9500 -5684 7507
-2057 3493 3115 -988 6550 -6891 -9500 8070
-136 9500 -9416 5611 -3937 -8180 4602 7810
1996 3846 -1578 -885 -7558 -9500 3197 3105
-7036 -5786 1645 2289 6391 5149 -9500 -8606
9037 5361 -9500 -4281 3125 -9255 7531 -5874
-7534 -4873 -1076 1066 2761 4138 -9500 -8380
-1244 -9500 1017 -9306 3282 -8428 -7557 -5283
-9500 -6571 -7337 -5316 8429 6028 -9484 -6557
-7830 -9500 889 2694 3799 6215 -1842 -3872
8366 -1421 6759 -3817 -7749 -8315 2895 9500
-5178 -2706 -9500 -6493 -2868 -3687 5087 2629
7160 8587 -9500 -7370 -9130 -7613 8505 -6180
9500 -8323 3258 -4736 -2922 447 -1238 3141
4842 9036 1415 9488 -4031 7787 -1824 -9500
5945 -6863 -2135 274 -9167 7977 9500 -8984
-1237 9032 -9104 5191 2115 -9329 2796 -9500
1419 -9500 1270 -9493 -8582 4880 9048 -3040
3464 3493 -3569 -3997 -9035 -9500 5517 5696
4724 5023 9500 -225 -9213 -1089 -5931 4955
3121 -8605 -9500 716 -9357 2144 -7444 6009
-9500 -6726 8868 6207 7019 4747 -6827 -5375
-9379 2391 -9131 1704 5425 -9358 9500 -2787
7529 -3010 4290 -7785 -5949 6007 2670 9500
5770 8941 5791 -7949 2839 -9500 4937 9347
7554 -5070 9500 -1626 7109 4176 -3780 6935
-4351 4742 5407 -5504 7076 -6638 9500 -7710
-8961 -9013 -4364 -5243 -3209 -4103 9089 9500
6073 -6086 9500 -8829 8487 -7629 -8026 7150
8728 -2270 -5540 -7928 -3361 7513 9500 -9
3332 -9411 -8413 -3022 -5684 8710 -2216 9500
8907 8819 8460 7780 -6159 -4109 6961 9500
1885 3731 -1838 -3681 4876 3925 8193 9500
-4985 -4211 -7586 -5846 -7760 -5991 -9500 -7486
-7851 6227 -2865 9270 9500 2314 -9464 -2426
-4342 8965 206 9500 8729 1979 -8477 -2684
9500 7760 -665 1685 8607 5893 8698 6012
8894 9500 -6579 -4796 -6832 -8116 8803 7565
8603 7313 9500 8361 -9488 -8309 1480 722
-7023 -9500 2258 3412 5042 6668 3815 4948
-1015 9500 -9420 4266 3832 -8567 8202 -5631
3796 -29 9431 6382 9500 9106 4352 6638
6021 9500 509 9453 -9251 -2633 3399 -7250
-4047 9500 5205 6293 -7207 -1481 -7211 -1462
2159 9217 -6816 5306 8716 -2537 9500 -329
3173 3731 -5859 -5559 -8877 -9500 -2346 -2888
4844 -8033 -6949 -9087 6488 9500 6881 -5651
-8907 677 5397 -6853 7700 6053 1474 9500
7870 4957 9500 2182 3275 -7119 6251 6250
-1786 -7862 2692 7558 9500 92 -1636 -7905
-7968 352 8299 -3363 1350 -9500 -3163 -7279
9500 7636 -2584 -4953 -8908 -9109 -7444 -4780
-7852 1733 -7879 2193 -6291 7878 168 9500
-7704 -5827 -3870 -9267 -1468 -9500 7121 -2957
-3889 785 -5710 -8515 7264 9500 -1058 3324
-6997 7931 7991 -6570 1666 -9500 -2121 -8089
-3822 3784 -1432 1123 8459 -9500 2516 -2326
9481 7027 -9383 -7059 3497 684 9500 7016
-6542 -6625 2071 9500 8981 2085 5524 -8305
9500 -3657 1640 5925 -134 -6261 2401 -6505
8219 1251 -8344 -2290 -7796 -6684 -5674 -9500
6213 -9100 5388 -9500 9305 -4368 8279 -7118
-8852 1483 -4907 9500 8744 -1041 -4445 -6005
5220 -6330 -1613 8850 -8142 2692 -9500 -443
-6790 8847 -4695 7086 6914 -6299 -7876 9500
-7583 8689 9156 -9500 1409 -3011 -2164 691
6681 5124 3782 2069 -8641 -9500 5657 6981
6603 -9465 -6587 8232 -7235 9500 837 266
9500 5424 8625 -4904 -5008 7504 1607 8901
-3213 -9500 -4979 -8673 7878 5704 7714 -4976
4070 7891 4452 7614 6888 -6731 -173 9500
6078 -8532 9461 3522 -9456 4048 -9500 3931
8952 7932 -7751 -8576 -6953 8905 5335 9500
7921 889 1101 9500 -1082 8929 -4366 -8935
9223 -8693 -2613 5456 5381 -7789 9328 -9500
-6471 8470 4430 -6090 6777 -9129 7070 -9500
9500 665 6847 -7283 -6095 8413 9220 6054
8572 -2679 9500 -845 -9220 1517 1202 -7816
-1092 -7884 9489 1931 9500 2636 -22 7656
7040 -5571 -7907 -5951 6657 7293 9500 1607
-2524 -7819 2530 -8183 9500 362 7203 4946
6246 5749 -1472 -9500 -2139 -9432 456 9429
-1588 -9500 -7539 -2924 3393 8486 4133 -9455
-7236 7483 9500 -8374 8142 -5773 -964 2876
-6869 794 -2489 9500 1283 9011 6889 -1124
3145 -869 -9500 -6459 -8952 -5653 3529 -496
-6656 -9500 1383 2321 2449 2992 1159 1195
-381 2296 -7961 -9177 -7673 -9500 -440 -3233
-6773 -6996 -160 -1705 3965 4864 -9500 -7817
9245 9500 7893 7933 -8147 -8203 1614 1882
-9500 2959 6365 -7116 1974 -8519 1299 -8545
-3925 6376 9500 2093 6355 -4357 -5902 4807
-6183 6928 -8939 9500 -1011 429 8409 -9047
-8479 7473 9500 -7937 6391 -4668 1933 -737
3771 -9500 -7437 -1730 -8368 4030 6495 3583
9500 3382 7552 -4900 -6988 -5643 -6032 5838
7800 -9500 6066 -8660 -3365 2856 -2357 4442
7758 -7655 9500 -9192 -3310 2877 5817 -5854
-8235 -7785 -9152 -8304 -8709 -6265 9500 7159
8993 9500 -330 -1764 702 2107 7819 8488
-3795 5110 -7760 9052 3872 -5199 8058 -9500
2022 3290 -8783 -9500 -6529 -5311 323 1640
-5062 -2028 -7154 -4838 9500 8053 -528 3895
-2338 9500 -4520 -7623 -6761 -4779 -8170 558
5589 -8538 -5327 8678 -7567 -4303 672 -9500
-3851 -7494 -1217 8841 1688 8339 9500 -4843
-4488 7619 -2686 5231 6009 -9500 -4092 4636
6015 -7236 -2669 9500 -9070 -2113 2940 -9386
-509 -9051 4309 -9344 9500 -3941 -8276 -2540
-9163 -9500 -9475 -6819 -9230 -6558 5381 6688
7815 -6658 -9500 4034 -9420 4276 2539 7377
1045 9340 -4442 -9067 5382 -6393 9500 1862
6698 -5904 -819 110 -9500 8706 -7479 7906
9048 9500 -4412 -4491 -8082 -8397 1337 1252
4295 9473 -2469 9500 5382 -8268 7315 7978
-386 9500 656 9161 2301 8456 9417 1996
-4911 7279 -8033 9500 -1377 -609 7484 -7509
3962 -7388 -9500 747 -9175 -1279 -5934 -5597
9500 8692 8623 8459 -6887 -7587 44 -2575
7640 -5272 5101 5512 -9500 2390 -6500 -4565
-6752 7936 5138 -9082 4241 -9500 -6363 -6796
428 -6000 -867 6402 -4381 9500 -6229 481
9500 1851 6151 -4157 -9341 -700 -8898 599
-3707 4623 -9500 9288 -502 -881 2520 -3589
3058 8273 9500 1385 -9053 1099 2836 8301
-6811 4332 -1120 6850 -4190 -6603 -9500 -891
-4965 4647 -448 567 9500 -8565 -5555 5177
-5722 -3047 -9500 -5359 8815 5047 8284 4773
6790 9270 -7413 -9500 -4547 -7133 3514 2836
-60 -9488 856 9500 1550 9430 4053 -7774
-9500 -829 6818 -5938 8747 4058 1016 9092
2211 4580 3190 3427 5762 7642 5958 9500
-3161 -7083 -8758 -2180 -8209 6798 9500 -5216
-2012 -9500 1482 -8936 8143 5712 -2223 8634
7432 -8404 -9336 9500 -9187 8563 3332 -4935
-9499 -8895 5005 4895 8642 8187 9500 8869
5220 7395 4539 7881 2893 8754 850 -9500
-8940 -4581 -9500 -3777 6644 -4534 -4950 -6925
8294 9500 4818 1505 2223 -838 -2994 -5308
2885 5699 8252 9272 -6968 -8653 -9500 -8755
1179 -9500 -7251 2826 4103 9135 4152 -7655
-9329 1888 -8014 4512 4442 -8514 -9500 1422
1764 9500 8873 7618 -7329 -8719 705 9309
-9500 5891 5694 5358 7807 2983 -5991 -5078
7350 8335 -9298 1950 -9500 -5574 -8077 -7685
9500 921 -673 -9424 -8395 3097 -2863 8466
8810 3690 9500 -158 -8386 -4357 -8124 3400
1825 4565 -3847 9500 -8089 2438 -2579 -3816
2884 -9500 -2941 -8305 -4965 -6774 -8729 2072
-9266 1425 9500 3817 6716 9064 -4710 8628
-6440 -4733 815 -8929 9500 478 -8118 8098
-8900 -2521 -9500 2385 1616 7898 3699 -7820
2330 4535 7882 9484 1853 506 -7259 -9500
9500 2281 -8759 2645 876 -7657 5231 -6126
7838 -9500 3458 -3904 4959 -5759 7843 -9498
9500 -33 -3272 -6580 1816 -7179 9073 -2714
7186 -4863 694 -2301 -9500 8545 -8255 7930
-2770 8243 1840 9394 3599 8664 -850 -9500
9060 9500 9010 8966 6635 5444 2988 4956
-1202 -9206 1612 -9500 6543 1747 6444 2193
6742 7038 -1828 7672 -9500 -3069 9447 3303
9500 5327 -2938 -8350 1861 8223 4056 8371
9067 1818 9447 105 -7454 8001 3067 9500
9500 -1662 6404 5170 -9408 2648 4232 -8147
8558 -2954 8063 5406 -1126 8167 -9500 -2399
3770 -6952 -2393 7657 -9500 971 1442 -8047
4864 5987 9500 1925 8802 -2929 -859 6770
-3637 -6732 3422 6577 6991 8825 8720 9500
5152 5259 -3009 8194 -9500 2043 9374 -3728
-6447 7331 -8679 5459 9500 -4122 8732 3053
2213 -9500 -8768 4735 -8571 -598 2025 -9494
-4277 5254 9317 -9500 9237 -9443 8750 -9077
-5508 -3618 9500 7609 7677 5620 -7880 -5816
-300 -9076 -5979 -8814 3512 9500 7728 7323
7266 9500 -1687 -1530 -7014 -9247 -6072 -8191
9500 8389 -4323 -5995 -9427 -8705 -7681 -5424
9102 -2986 7498 -6173 -9149 -2474 9500 -125
887 -9394 15 -9500 -8972 5207 -5101 8072
5021 -4752 27 365 6978 -5777 9500 -8580
6560 7059 8186 7847 8624 7988 9500 7501
-6230 -7280 -6261 9272 6059 7374 9500 4888
819 -9500 4680 8001 5691 7183 3550 -8768
-8929 9500 176 -1248 1494 -2579 9338 -9264
6973 8953 -7286 -9500 -6337 -7916 -528 493
6206 9500 5620 8906 2225 738 7327 8486
4656 -7107 4272 -6632 -4051 6357 7000 -9500
-7106 7677 -8357 9500 3106 -2305 -5099 4923
3436 900 5580 -1423 -9500 8861 -8952 9201
-3650 3933 8829 -6678 9500 -7430 2556 -3089
-2394 8868 -5902 4475 -4316 -9500 5036 8927
-1254 -322 5067 -4269 9500 -5768 7506 -4098
-6412 4323 -9500 -1879 8444 9018 -5600 5321
3981 -6304 2814 -7392 -3796 6495 3356 9500
3029 2002 8727 4955 -9500 -5532 -9087 -5189
-7912 8370 -1044 -1110 8126 -9500 -5919 8307
9500 -6621 6280 -6392 -7691 4214 -336 2616
-179 -430 -3824 -4828 -7251 -9500 -1567 -2240
-887 -9500 -9475 2777 4713 -8201 1647 -9306
-7656 -8169 -5217 7938 -7739 4695 -9500 -655
-7639 7455 -8860 9500 5209 -4632 -7184 6908
3701 -9065 2007 -8763 9500 -4048 9479 -4789
-3020 7387 347 -9054 5794 -4562 767 9500
5768 -3133 9500 -5545 7002 -3906 6549 -3621
9452 -1520 5979 -7490 2201 -9377 9500 1388
-4837 3983 -9389 8990 -8922 8957 9500 -9270
1440 -9062 -9500 1054 5613 6940 8871 -3870
4446 7327 6001 8354 8488 9500 5890 2361
-7773 -2087 -2767 -7702 8683 178 -9500 3050
-9045 -9500 -7863 -7410 -2181 -1234 363 -637
-1696 -9500 -7077 5233 -5810 8367 7342 -2759
1025 -8943 5922 -4190 -4488 6129 -234 -9500
1492 2214 -8643 -9500 -5425 -6523 1303 918
-4172 -3934 9387 6605 5950 4988 -9500 -6183
-1906 -3547 4638 3304 9142 9500 5049 6514
-5805 -7240 9020 2728 -2375 9500 -7576 -5380
-9485 -7699 9500 7715 7915 7564 -7498 -5701
-6808 -7092 1949 2226 4976 5130 -8882 -9500
-1155 -9291 2803 -9500 7030 -4247 7332 -968
-9500 4727 -5221 8458 247 8579 -5385 -6157
9500 -4282 -6197 9076 -8853 6300 -6967 -4538
-1228 -47 9500 7727 -19 -922 -7818 -5426
-8164 3797 4514 -5190 1618 1351 -9500 5132
-7456 4717 -5468 2888 6298 -3640 -9500 8674
9477 -8703 9425 -8643 6646 -5527 9500 -8731
7632 -5088 9500 -3164 -156 8723 3659 -7580
-9237 8418 -2648 1437 9368 -9346 9500 -9426
-9500 -4876 -6499 4045 5954 -4663 1476 -8065
-6488 -6453 -8652 -1746 6545 -6489 -1295 -9500
8316 -9500 3245 -775 3327 -866 7462 -5909
7286 8025 7010 -3456 4707 -6140 2110 9500
-3021 -6101 1330 -571 2535 1011 -8669 -9500
-9500 9245 -9256 8113 -6430 4748 -1569 -181
-9500 2900 8157 -4929 -6065 -7317 -7251 -6515
3719 6336 -9500 2705 -5530 -5285 -291 -7434
9308 1673 -9500 3008 -2643 -8762 -876 -9273
797 1296 -3977 -3766 -9261 -9500 3157 2890
6457 3400 8994 -3143 7925 -7772 5507 -9500
-2954 -5380 3748 2584 7556 9500 7500 9478
-8171 -4512 -8670 5802 9500 144 -3782 -9385
-3086 9500 -5081 9486 6901 -8971 9382 -6459
-4873 8940 9330 -3435 628 -9500 -9243 -550
345 9500 -3955 8573 -7265 2080 2586 -9289
-3596 -3388 -7405 -9500 6228 7004 4787 6871
5196 7704 442 -8509 -8937 -3852 -9500 -464
-391 393 -3810 3944 -4513 4698 9154 -9500
7597 -6244 -6998 6773 -5570 -9165 -4544 -9500
9293 6539 9500 7059 -5948 -3107 8559 5617
3488 -2464 -5091 7505 -3893 2999 7766 -9500
-285 2697 -4905 3644 8570 -9500 1642 456
-6881 4498 -9500 -2065 -6616 -5703 -5081 -6453
8422 -2269 7922 -4334 -3716 9500 7506 4517
-951 982 -9500 -8154 9302 7865 9394 9221
3351 9500 -9369 5996 -5328 -8993 8964 -6363
3351 9484 6414 8903 -9500 -5725 138 8956
-9065 1777 -7272 4865 -9500 -387 -9498 -348
-9500 -1460 1356 8257 5439 7465 5793 -5616
835 -7320 9500 3438 5938 7076 -7617 -6121
-6929 6884 -9500 -3412 -8270 -5497 3513 -8815
-4830 -8043 9500 -2530 8020 3806 -9481 2999
-4947 6676 -5309 7042 7779 -9500 6468 -5403
-9500 -402 133 8443 1998 8230 -8543 -3608
5310 8340 6218 -7004 1786 -9500 -4069 -9020
-8141 9058 3614 -4254 8565 -9500 1836 -1644
-7211 9500 -2438 4870 5045 -7935 -2340 1458
2964 7453 -8471 -6175 -9428 -9500 8955 7244
-9500 6012 7697 -4276 6408 -6318 -5589 2437
-9191 -2228 -2713 9112 215 9500 -8610 -3914
-4219 9500 6822 4232 7155 2005 7165 1891
4780 -5477 -4805 5500 -9500 9428 2216 -3121
8575 5790 9302 4158 9500 1382 5262 -5819
5114 -8159 6436 -7480 -5331 8059 -704 -9500
7263 8865 7276 9460 -7145 -9500 6072 6485
-7522 9500 3129 -851 9137 -9447 -8075 7326
6613 -3013 -7964 4794 9393 -9500 9012 -6427
-3473 -9500 -2048 9103 -3539 8581 -5592 -8960
-31 -2617 8385 8678 7429 9500 -4918 -7546
-6798 6451 1050 7566 9500 175 -9365 -672
-9500 7016 5249 -2701 8645 -6104 8176 -8832
6891 -6085 9500 -1279 8999 1949 1281 -8080
-5395 -7073 5933 6394 5589 6840 2303 9500
7585 -8786 8713 -9500 4333 -1730 1681 924
9500 -9438 9117 -9069 7460 -7443 -8122 8033
7151 -6387 -9500 7301 -5908 5692 3831 -1125
-5817 6443 1990 -1013 9500 -9319 3543 -4350
9500 -9390 1217 -2062 1598 -2439 3283 -4088
-8341 6819 9123 -5616 -9500 -24 -9466 4794
-5512 -6796 3300 -9500 2896 9477 -7308 2554
-3800 -3772 -1657 -1091 8109 9500 2085 1621
6044 7033 5274 6185 -8012 -8917 8494 9500
-9121 1395 -9500 -148 -6862 -6175 -3963 6739
-5309 -6169 918 -723 9189 8005 -9500 -8589
5943 9500 -9458 4819 4657 -8829 5270 -8500
-2377 2669 6675 -5974 3888 -4074 -9500 8817
-6472 8272 -6025 8453 9500 -6285 7129 -7963
7416 7651 8466 8135 9500 8183 -6185 -6936
9306 -268 9500 1372 -4914 5274 8783 -1556
8412 1659 8413 1930 3606 9500 -7208 -6540
5096 7363 -7130 6789 -8327 -3095 2148 -9500
9138 2997 9404 -1241 -9500 -502 7029 6982
7404 3681 4073 -7776 -9500 2068 5732 5297
-4316 6828 -6270 8460 5505 -7841 7667 -9500
-9500 -2551 6569 -4429 7405 6606 -6244 4747
-9500 7515 5913 -2082 2665 1114 -1180 4299
8243 -9334 6415 -8419 7116 -8984 8029 -9500
3204 8508 4937 7540 311 -9500 -4525 9114
3815 -6909 8339 -9500 6755 -5807 -4288 7345
3222 -9500 -9129 -5190 519 9479 4407 -9294
5281 -6722 6276 -6118 9500 3840 1103 8261
-7623 4645 -8457 -3743 8269 -3311 -328 9500
287 -3177 -9500 7659 8228 -9360 3526 -5997
6034 6908 -5015 -5826 4443 4436 8959 9500
-5320 4802 -4156 3149 7665 -9500 4810 -4065
4972 -7926 -8924 -5636 9500 4494 8280 -4705
9500 -9120 -9099 8200 -7661 6321 -2670 942
-9500 -2204 -4014 -6976 -2785 -7475 -2843 8266
-1263 6298 6195 5180 -9500 755 -2396 6104
2417 9478 4474 8732 -5807 -7634 2260 9500
221 9133 -206 9295 -1109 9500 -2193 9485
7367 8649 5194 6732 -5899 -4794 -8452 -9500
-1123 996 -8592 -7059 -6971 -7827 9500 8754
3817 -4602 7700 -8709 -8231 9500 -8189 9306
-9500 -6896 9271 6931 3654 3619 -582 639
-9483 -8895 9500 8893 328 -1130 -8164 -8225
-1024 -2830 6326 3701 9500 8273 -5840 -3220
-2806 -7518 -6766 -5297 4080 7036 9500 120
-8565 -9500 -4990 -6982 4628 3148 7986 9305
4811 4999 -9056 -6653 6153 3942 9500 7107
-8867 -8789 -253 -1219 9500 9057 -1507 -467
-2953 9019 -2314 9500 -5583 2744 -5275 4581
-7117 9110 -8223 9087 502 -1697 7492 -9500
6472 -3857 -27 -9500 -7063 -9222 -653 9173
-2877 -18 -5119 3307 -7932 9500 690 2891
-2662 1199 7595 -9500 6972 -7508 3344 -2102
9156 -3222 9329 -2731 -3827 8097 -9500 -1205
6600 6961 -8054 -4699 -6602 5690 -42 9500
-3699 6903 -4115 1282 2679 -5933 9500 -8280
-8256 -7390 -9500 -9370 -9423 -9318 -7178 -7516
8710 6435 9500 7336 9463 7463 -4841 -4506
-7805 -3971 -5328 -7371 8190 3024 1444 9500
-9486 -54 9435 1853 9500 947 -3761 -9377
718 -1762 -5905 -6468 -9500 -6510 -7106 -3836
-2385 -9054 -1454 9500 4106 7076 4736 5817
9500 8096 4695 4717 -3361 -3689 2956 1437
-6824 -8358 1396 2660 -8478 -9500 -8013 -9410
-5778 5955 -9500 -468 5780 6514 4876 6978
-7556 7987 -8108 7587 9500 -6189 7098 6350
786 -3772 -7303 6994 -7433 9500 2214 -5284
7832 4823 -4733 -9179 -1148 -9500 247 -9061
-2678 -9457 -625 -9242 6506 -5656 -9500 1857
373 1960 9205 7612 5165 3125 -9500 -8269
-9500 3966 -8602 5323 231 9094 9454 -4051
-6712 2010 7423 2770 6630 6645 4266 9500
-9353 -166 -8029 -6681 -2020 -9500 3400 -7969
-3183 -7357 5053 4489 5934 2114 2530 -9500
9500 -6646 9228 -6352 7905 -5247 -7335 4802
-9500 8528 -902 -3533 4607 -147 1782 2725
-3521 -7471 -9348 -1086 -9500 -536 7145 4820
-7059 9500 -3803 2231 -3803 6666 -4850 7686
-8112 1331 -8268 -481 -7547 -4623 -2001 9500
-9354 1870 -9500 -101 -3335 -7073 4387 -7045
5037 -6532 151 -7179 -9500 3631 4035 6465
9213 9412 6172 4701 -8291 -9500 -9114 -9046
4718 2923 -1475 -2025 -9500 -6990 6443 4354
-8284 3317 6178 -5102 9309 -1572 9500 1290
-6959 8085 -9500 2836 7482 -7419 8849 4848
9500 5602 1223 -9451 -74 -9467 6777 7665
120 -862 -9500 -9426 -3388 -2426 5249 4360
9500 923 8072 6216 7258 7220 9216 -1025
-7232 -4878 8570 -3559 2278 -9500 -2596 -8904
-9258 -3652 8051 -3551 9500 874 -5735 6330
-7703 -6367 5837 -9500 -9385 -2947 -8284 -5452
-3815 -5356 -6354 -9500 -1897 -3281 6342 9472
-7775 9500 -553 708 7697 -9407 -7761 9479
-7644 -4397 7398 -7417 7805 4139 -9500 1954
845 -9500 6360 -6111 6669 -5683 -1908 9262
-7696 9500 -5810 6723 -4324 4743 6198 -7253
-1863 840 9500 -8160 -6887 6425 -6165 4691
9055 4639 8258 6042 -4479 7867 -1896 -9500
9077 -8868 -9210 8934 -2971 4092 9500 -8501
8337 -9500 -8802 8832 -8805 8837 907 1052
9500 -7200 9231 -7158 1524 -2156 -4448 2409
6416 -5852 -8383 7252 -9500 7994 -5525 3599
-3503 6504 -6566 -5141 -2105 -6876 9500 107
-3368 -2243 8266 7610 -2272 -3547 -9500 -9068
6274 -7003 4471 -9309 4178 -9500 -5152 8717
9500 5668 3353 -7657 -555 -8758 -5699 -8335
1005 -9500 -1673 -8584 -9107 2937 -6051 8755
9500 8126 -8781 -7724 -3821 -4200 8344 6120
-4138 9246 -3898 9218 -724 -7570 -9500 3589
-5677 -6878 -8792 -3777 -9500 4721 -1334 9070
-4513 6615 -4277 6827 7773 -2511 -9500 -3733
-7947 -9108 -8964 -9500 9178 9485 8112 6651
9451 -628 2526 8421 -7295 7099 9500 -1789
8149 8162 -8727 -9500 7802 8980 8470 8653
-7012 9500 -6988 8919 1765 -1448 878 -261
7534 6490 -2017 -229 -5983 -4674 -9500 -8892
-6491 -2674 -7095 1696 -6443 5126 1528 -9500
7398 -5971 -8449 -1784 -6304 -5936 212 -9500
8957 -5973 -9467 54 -9500 2448 -7473 9489
-4776 -7359 4571 7575 1579 9500 -6685 5088
-2743 2551 -8644 7496 -9500 8008 9020 -7804
9120 -3353 -7002 -3240 -2346 9500 8968 -1570
-8530 -9188 -8598 -9500 -3046 -5911 606 3348
-7349 8441 -2424 3051 2550 -3190 -8336 9500
-7949 3126 985 -9500 -3528 8934 -7883 3414
9500 3046 8655 -2916 5229 -5792 -7297 -5608
8482 -3457 -7431 -5951 -9500 -826 -7743 4637
1215 -2335 9500 -8594 8323 -6135 369 1015
-8248 -6007 7325 7618 8418 -2285 -5327 -9500
9500 7958 -7795 -5583 4988 6260 8775 8654
3912 -9500 -4953 8771 -8351 1275 -6213 -6468
-8328 -6359 -1805 -2792 -6374 -6317 -9500 -7879
-9500 8923 -5061 5694 -4280 5065 2069 -377
-5753 7226 -4399 8689 -9497 -5099 -9500 -1366
-9350 -1596 -9500 -1075 9149 2180 5105 -9164
-9064 6963 -4156 1975 -9500 7619 -9338 7346
-8314 -4593 4959 7494 6231 6674 9500 2455
974 -9160 -6020 -5016 1841 9500 5553 -3784
-1354 -1521 -445 -693 5533 5308 -9500 -8455
-1529 -1285 -5573 8106 -6102 8498 -7903 9500
1951 -9500 -6655 6930 -7148 6378 -2335 -9307
8012 5653 952 9500 5126 -7288 9269 1115
650 9500 -183 9073 5910 -3873 7644 -1046
-7606 6362 1013 -1184 3441 -3116 9500 -7502
-9087 -5117 827 -9500 7883 7013 -8415 3680
5542 -7478 -9500 2063 8044 -5468 7661 -5909
-6966 -3528 -6935 -3496 8387 7859 -9500 -8117
-3167 8006 -9358 2907 -9500 1872 9312 -3101
9500 9153 -2153 -2232 -4343 -4051 5156 5110
9500 -1361 6226 8505 3674 8818 -5115 5904
-8601 -7274 -9201 5759 -7686 7819 5764 -9500
7223 -7819 4435 -6468 -8199 9500 -1065 2706
4881 7074 9500 -2742 6371 -5657 3724 -6875
5701 -6348 -953 -7143 -6590 -4717 -9500 1993
9500 821 8656 4997 -66 8094 1910 -7599
-5773 6732 6270 -5654 9171 -9500 5498 -6474
-1180 2417 5984 -9500 5398 -8640 1830 -3379
9500 1425 5580 5973 4393 6412 -6579 4509
1138 -9053 1338 9430 -3306 8206 -9500 220
8897 5289 9459 3389 9500 2980 6541 7790
9333 -1686 7287 8287 -6859 -8539 -3339 -9500
-5248 -3312 8179 9500 8167 9492 2779 5087
4081 -3348 -2053 1694 -8734 7176 9500 -7808
6249 4086 8339 6905 9287 7506 9500 7633
5883 8821 -8640 -5520 -8145 -6430 9500 364
-3433 -6868 -8520 5885 -9032 5305 -9500 4598
-2442 8801 8739 3360 8765 3305 -9500 1960
-8179 5218 -9020 4044 8787 -4405 1292 9500
9500 -8759 9455 -8651 3866 -1839 540 1483
8693 -3656 -5249 -8900 -3805 -9308 -1755 -9500
9416 -32 8567 7334 -7929 4532 -9500 -526
-9391 913 -2322 -9153 9500 30 1497 9266
3482 7802 -1473 8355 -9500 3505 6389 -6770
-2062 3497 -6275 7967 -7803 9500 6890 -8592
9500 -7423 -955 2120 1459 -2530 8335 -7674
-5063 7278 -5473 6974 9500 -13 -4699 7525
4041 -5595 -7702 7837 3389 -191 9500 -6373
8450 -90 -2080 -9500 -1207 -9443 350 -9107
4375 6935 -9500 1712 -8830 -1599 -5629 -5989
7214 7817 -8363 931 -2381 -8588 9500 4392
-6728 8779 1068 76 6912 -7645 7684 -9500
4114 -9500 8509 -2075 8256 -237 -8354 737
-592 7903 640 8021 8163 -3278 -9500 -985
7285 9500 1318 -1051 -6715 -7715 5172 8780
4507 -5918 -1702 -1608 -8415 4648 -9500 7899
7454 -9500 5760 -4425 5693 -4315 -5688 4307
-1283 -9500 190 9427 6122 3 2674 -7802
9355 1383 -3071 -9074 -9500 -744 6366 6682
9500 2112 -7026 -6824 -8889 -4222 9153 3550
-8661 7659 3817 -9438 4972 -9261 -2769 9500
-1569 -9500 2482 -8801 7130 6080 6294 7154
3261 8003 -7044 325 -2885 -8315 -636 -9500
6594 -7665 -3454 1907 -6986 5801 -9295 9500
394 8136 5071 7055 9500 -607 -9219 -2448
2665 9500 -6770 -5402 -5244 -7557 7603 -4337
-6330 -6068 -9500 -7983 2856 3742 5805 5728
-8071 -8083 9173 6987 9500 7879 -9366 -7384
785 -9500 5707 -4951 6822 -996 -4338 7129
-5414 4550 -3050 4778 8438 -9500 -1225 -272
-9500 8253 -7270 6763 8384 -7046 5120 -5001
-9408 -3610 -8949 -4805 9500 3240 -9465 34
8471 8680 8628 9500 -5097 -4699 -6252 -6016
9500 1648 -2273 8814 -5382 7027 -4191 -8979
4020 9500 8055 -4120 -4747 -9241 -5119 -9077
4619 -9500 -6457 8018 8548 616 8408 -4221
198 9500 -9439 6433 -8368 -3054 5545 6415
163 -9346 3712 -7556 357 9500 -9418 -479
1687 -2134 1971 -942 -148 853 -9500 8137
-9252 8884 -8899 8705 6032 -4673 9500 -8833
-6547 9500 4675 -6445 6542 -9483 -1462 1643
-6836 4321 -7704 3069 -9500 -1520 -551 -9469
-4727 5417 -9500 2391 8635 -3419 2222 5670
2035 -9331 -5369 7333 1301 9500 3947 -8466
-9211 -5167 -7012 -8112 -796 -9171 -9500 -4066
-5623 9010 -5277 9270 9500 -3051 -8372 -6149
2857 -1637 -9499 9179 9500 -9156 8364 -7509
-488 -1769 9500 -8375 7119 -4992 -9184 7728
-3717 5461 -9500 8849 -8696 5627 -2403 4490
-7144 4561 -7481 4901 4422 -1936 9500 -9164
1029 1502 5557 9500 3588 6353 -2791 -4552
5796 -3234 -3620 -6936 -5675 3878 -998 9500
9452 3948 9500 2799 -9272 -942 -9000 75
5988 9500 8675 4257 8871 3284 8874 3265
3600 8889 -8116 110 -5202 -7758 1060 -9500
6553 9500 -4071 -6872 -8426 -8594 4879 7748
-6434 6237 -8703 9500 -8125 9110 8768 -9329
9051 -9500 8617 -8611 8333 -8212 8487 -9286
-8173 -9500 -7366 -8853 -1884 -1829 -6504 -7390
-5205 5669 6998 -9500 3143 -2589 -5034 7828
-8224 -9500 -7935 -8174 -3895 -2530 -1361 -3514
-1985 -212 260 -2331 -7767 9064 -8281 9500
8960 8618 9500 7487 -8212 -8386 -9417 -8622
-8396 -9124 -1784 -939 8940 9500 -6477 -7420
-7720 7917 2516 -4146 8337 -9500 8465 -9183
3007 869 -1315 5451 -6799 9500 8505 -7660
4596 -3732 9178 -9500 -6824 7646 -3662 4693
-7766 -1739 -3015 9500 7092 3635 8003 -3341
6257 5363 -5418 7268 -2660 -9424 -2519 -9500
-5048 -6257 6437 -6223 6127 -7096 4664 -9500
-7143 -3853 -3928 -928 9103 7396 -9500 -6855
-5918 6996 -5765 7168 2920 -9500 -9313 -2957
329 3215 -668 2410 -4027 -513 -9500 -6481
1221 -1724 8517 -7476 -9500 7183 -7726 5662
-7505 7649 5948 -6288 -7655 6758 -9500 9249
7067 -8812 2 1384 -7736 9500 -2376 1166
-6540 7586 -8365 -4891 -4295 -8359 -503 9500
9500 -8946 1265 -338 2911 -1950 3001 -2039
-8441 7346 -9500 -3079 7010 -8717 -7051 8686
-7978 7664 996 1252 9476 -7548 9500 -7630
877 -479 8334 7525 9072 9500 2726 3996
-3232 -4783 -9500 -8139 -5297 -1569 2144 4063
-4278 2986 -9500 9465 -8433 8821 3827 -2520
2340 1203 -5976 -4839 -9500 -8969 -4892 -5515
6502 6054 -1887 -356 -5545 -4806 -8784 -9500
-3386 8315 -6330 4904 -1518 -9500 3888 -7938
9500 2116 -763 8329 -5984 6749 -4208 -7467
-6513 4607 -9092 -5077 4242 9500 -680 8952
9500 -1386 -8760 4475 -9500 1386 9318 -2809
-1237 -8451 -4012 -7388 -9500 -2761 2434 -8997
-1216 -8852 -1575 -8767 -5880 -6975 9500 3796
-8258 7062 7628 -7754 4109 -9500 -1239 -8911
6053 -4362 9500 -7192 1966 -2004 5073 -3571
179 -8395 -9500 614 7838 6038 8919 4567
8785 3588 -630 -6585 -9500 254 2100 6587
-2439 1334 9500 -8275 8108 -7470 1515 -2119
8771 5702 -717 9500 4357 -8412 4579 -8300
-3718 4787 -1475 2963 9500 -8315 8637 -8181
-2827 -4934 -6423 -9500 5424 8318 1129 577
-4948 -8964 212 9500 7359 5527 7763 2808
-9032 8284 1008 -1966 9500 -8532 -8296 7803
4959 -8281 -8273 9500 6298 -5835 5111 -8430
4765 -3576 8628 -9500 -3629 6041 1837 28
-8073 6559 6127 -5352 -8356 5623 -9500 6775
6817 5744 9500 85 -3493 -8564 3159 8751
1474 -881 5368 -5313 -9027 8111 -9500 8772
4799 2947 -6819 -9500 -5533 -3814 3863 6562
-6717 9500 -6316 9026 3643 -4902 6646 -9349
-7197 -6138 800 858 9500 8223 -8404 -7373
6114 -5777 -4842 3821 -7393 8139 -7053 9500
6936 -8343 904 -2966 -5583 6195 -6185 9500
-5123 -7972 -8131 -5744 9500 683 9469 434
2607 -9193 -9500 -469 -9312 -2130 -6025 -7577
-5004 -7332 -6739 -2412 -6596 1005 -218 -9500
1147 -975 9500 -7775 -1570 1321 -135 73
-5514 -7697 6890 5748 -804 -9500 -2236 -9423
-3645 8974 6035 -7782 8061 -5698 9500 -1121
-1589 1093 1305 -2903 6788 -8966 -7067 9500
-8138 -9500 3669 4158 7848 9139 -881 -880
4784 6756 8712 9500 4874 4371 3325 5186
5976 6908 8647 3693 2760 -9500 -6038 -6856
8250 5326 6939 7784 4030 9500 2242 -8098
8010 -6155 9500 -7863 -9169 7979 -7969 7254
-2693 9419 -3917 9500 -4275 -6087 8165 1345
8636 3933 3172 8377 -9500 -2449 6334 -8376
-1482 -9500 6569 -6863 -4867 9099 -7571 2506
7733 935 6970 3360 -7970 786 -682 -9500
6950 1450 1829 -9500 -7488 3383 -5200 8266
8679 5947 7189 -9475 2922 9500 8307 6295
7207 3756 -3135 -8044 -8663 3936 -3213 9500
4631 9480 -7689 -962 -4584 -9500 7826 4689
-6827 5651 -6061 6861 1040 -9500 -7851 1980
-6278 7225 -7977 9500 1414 -1069 -5230 5870
6353 -8959 -9500 448 9302 -4598 6873 -8554
7809 -7199 -4638 2035 -6711 9500 -4066 7613
5397 -7030 2745 -8371 -9500 -2250 -254 8909
8350 -5184 9500 -935 -4635 7714 6059 -7130
-3901 -7015 -5008 -6316 -9500 2009 4090 -8241
-9203 8030 -9500 8481 174 -789 -5907 4759
6245 4549 -3910 9427 -2633 9500 3921 6877
9033 2549 9393 1038 -9500 1518 8568 3771
-6967 9500 4812 -5552 5527 -6628 -6969 9048
7175 7536 1394 -9340 -2952 -9500 -3407 -9407
-6694 7007 -9500 -1382 -3591 -8717 -961 9471
5309 6322 7706 -4162 -9500 -2090 -5229 5934
7590 -1370 4385 -7711 2192 -9115 1453 9500
782 -9500 6804 5720 3794 8318 1810 9151
125 -736 3248 3657 -9500 -8438 -4101 -4376
8580 -5659 7352 -7505 -9500 1802 9474 -2289
7994 -1605 19 -9500 -557 -9465 7999 -1569
8438 -9498 -7526 8398 -1093 1070 8438 -9500
6763 -5879 7664 -4442 -2592 9500 4808 -8016
-4462 9200 3498 7881 4670 -9128 825 -9500
-5797 -6045 -968 9495 -1055 9500 -2829 9385
9500 -1836 -7435 6208 670 7267 4862 5348
-6954 -9361 6085 -9500 -8191 -7118 -7800 -7951
-3599 -6202 -7237 -7150 8440 9500 7480 7544
-2102 -9500 -1129 8995 6617 -2956 4616 -6320
-7112 -5399 -9286 -1519 779 9300 2598 -9500
-1834 1619 -8953 8759 -9500 9313 7915 -8036
-4755 -7351 -4795 6822 -1632 9431 -1448 9500
7437 7310 -3106 9077 -4408 -9500 7272 -5544
6148 6721 824 -362 -5147 -7362 -7732 -9500
357 9396 5528 -5635 8146 938 1821 9500
-5319 -9500 -6504 -8920 5239 -5431 927 -8762
9409 620 9500 -849 -4159 -6764 6137 5607
-9500 -1114 -2057 7721 1163 -8155 -7036 -8378
-9500 1126 9009 3870 -4440 6262 -9312 1599
4966 3767 9500 8380 -6486 -5169 -9241 -7875
-6769 4115 -7931 9500 -65 -2371 -5083 2438
-7970 9458 -8658 9158 8030 -9500 -3314 5171
4050 -567 6157 -2571 9500 -8023 543 -3232
-9424 -2852 -27 9500 4975 -7838 -4758 -8585
-3519 4215 -4741 5602 402 -661 8202 -9500
7666 1509 -552 9500 -2799 -7683 8074 -7022
-9479 8966 -7014 7912 -6627 7639 9500 -8900
-790 9500 -322 9473 -3789 -8401 -4427 -8087
-8347 -8801 -7366 -8627 8442 9500 -5668 -5373
-723 -3018 9500 6932 -7515 -7239 -3565 -5005
8144 71 7253 5889 -8183 -2556 628 -9500
-8011 6910 5833 -9500 8986 -2675 4027 8165
-9500 -7822 -5944 -4907 5443 4461 -6082 -4988
-9349 -4015 -9500 -3611 9264 -2750 8437 -4354
9500 5286 -8878 -6888 8177 8032 9334 5811
7329 9382 -6738 -7942 7069 9500 7302 9490
-8241 -659 5071 9500 -6817 3934 -7975 765
-7145 -3907 -5364 5804 -3753 7624 -1310 -9500
9500 7823 -9192 -8374 -1396 -2646 7463 5462
2781 -9500 -8096 3390 4926 6999 8169 485
-9045 8594 -9500 8828 -992 -118 -9032 8586
6774 8559 -7752 -9500 1680 2435 3593 4767
4783 -9045 -7976 6447 -1334 9500 6551 -8033
1048 -8883 294 -8529 -3253 9500 7897 -7019
367 1083 8193 7382 -9500 -9097 -7555 -6706
5641 5820 9500 6171 8558 7310 7718 6939
-7125 6062 4149 9368 -3758 9500 -6131 7473
9500 905 -7082 5287 -2856 7991 4840 7653
2768 -8551 7995 3692 -4039 7675 -2571 -9500
-1606 -8260 9128 5203 -9500 -1649 -4377 -8335
7275 4922 6643 6466 -2983 -9500 5462 -5284
6678 -6404 9405 -8565 -6260 6049 -9500 8557
9138 5303 8174 8417 9464 -486 9500 20
1235 -9475 7259 1126 5189 6184 -404 9500
603 9493 8703 -3021 -4282 -8443 473 9500
-6320 -6014 -4535 -4356 -9500 -8890 -8415 -7947
3952 9500 2069 -8808 7696 -1905 8276 3746
2188 8790 7564 -1358 2035 -9500 -4882 -6529
-2645 -2269 8208 5113 -4464 -2461 -9500 -6421
-8512 -8885 -8874 -9500 6572 6673 3623 4246
-3848 7075 4510 -6033 2537 8957 1235 9500
16 -2089 9500 -7494 6038 -3004 516 1680
-694 9500 -2830 8382 -5181 5469 6605 2522
-9500 8748 -8036 6498 368 1265 -3446 4648
8310 9500 -6377 -6831 -5698 -6764 7273 7897
-1445 9145 -412 9500 -7091 -5497 -1952 8907
-6819 -5094 -9353 -180 -9500 735 518 -9068
-5453 9500 -1363 5184 8827 -8850 -3927 1372
1077 -9402 5527 -6476 9500 4006 7649 7977
-1535 -9444 -5229 -7106 7671 3967 4563 -9500
-6507 7861 -7413 8571 5408 -6942 9500 -9259
-1207 2320 -8553 -6095 -9500 -8784 -271 3179
5133 -6170 5140 -6161 -4428 6958 -4525 -9500
9080 3253 5281 6521 -9176 -3034 9500 276
-6736 8657 -8111 9500 -1440 581 3743 -5470
283 3678 2152 -1265 -9190 -9500 -6210 -3367
9081 -4503 -9500 3707 -1309 9180 9495 -3719
9500 -7184 4525 -6117 1152 -3502 8189 -5461
7026 -6313 -7155 9500 4649 -2529 5571 -3884
-5634 7650 6733 -9109 -2013 2571 -7028 9500
9066 -9500 -7839 6983 -2617 5041 9066 -9496
-9273 6216 -9500 -1775 3919 -8686 -8321 7104
-8680 2785 4445 -9500 7573 -6696 8380 506
5417 5137 891 1930 -5210 -4894 -8527 -9500
8410 1286 -5106 9500 -7170 -4152 8186 -6132
4854 -7782 4129 9500 -3028 8754 -8419 -7032
6225 -3442 -9500 5673 4898 -3105 6654 -4104
2178 -3480 8640 -9500 -6657 7765 -7467 8494
-4679 -2227 -9500 -7362 -8735 -8305 8249 8044
4748 7554 6453 9500 -5943 -8088 3910 6466
996 -385 9471 9246 -9500 -9220 -8440 -8746
9500 1830 9193 3966 -8707 1493 9288 184
5612 5807 -463 -9500 -1819 -8938 -8512 3337
7024 7919 2333 3398 -8066 -9500 -7161 -8733
7964 -7502 -4212 9500 -7421 -6876 -7284 -6994
-8860 -1588 9332 -148 8558 2354 -9500 2661
-6083 -7412 -1681 9500 7545 5908 2766 -9249
-8767 -841 8149 2267 7837 2863 -9500 4825
9500 2018 -5066 7150 1269 -7862 8922 -4352
1186 -1901 3579 -3181 9009 -9500 8770 -9415
-7613 8037 -9269 9500 735 -1272 5746 -5412
-6610 9116 6388 8258 -9500 3823 -8979 5487
-6219 6349 4402 9500 6235 8543 -6385 -8434
9500 5727 -2511 7142 -9205 -5974 3396 -6839
9500 309 8273 -4324 343 -6814 -4439 -5588
-5031 6537 -9364 2383 9500 -18 8804 1956
9361 -9500 7450 -8000 -3004 2063 671 298
8299 -9500 2043 697 -1508 4944 -2722 185
-6663 -9360 9500 4389 -4884 8191 -8477 3307
9138 6845 -8665 -7763 -9500 1179 8613 7850
2456 2874 -9500 -6783 -6755 -5702 8559 5714
8374 -9500 6452 -6461 6820 -6946 8307 -9171
-517 -177 -8987 -9436 -9435 -9500 -1797 -1496
-8815 -9500 7252 8136 -1063 -578 -3694 -3461
-2664 -684 9500 7944 6866 4598 -7482 -5227
-3179 -5527 -9158 -5860 9500 7177 6691 2550
-7409 -5461 -6970 -4798 7503 9500 3433 241
4320 -128 3073 1175 -9500 6461 -6499 2566
-1727 8270 -9500 3329 7329 -5645 7989 -5076
4099 -4347 3111 -2909 -6980 9500 -6621 8384
-4388 -7394 -6144 5044 -440 9500 2479 -8985
7449 -6008 9500 7739 -9197 4510 5938 -7005
1437 1621 9289 7746 2554 1607 -9500 -7902
8564 3565 -6645 -6404 -7600 -5198 2260 9500
-9496 8604 -9500 8502 7597 -6550 5090 -4179
-7740 -9500 -7838 -8612 6459 8644 7274 9258
-217 -1741 9018 6362 -8806 -6105 -9500 -7167
-6896 -6872 7659 -3368 9500 3921 8294 5799
8113 -7271 9500 -1137 8960 2232 -6267 -7396
1664 -4834 6005 -9500 -713 3689 -5262 8788
7824 -9500 7517 -8231 -7405 9177 6812 -8649
-8557 -7699 9057 4413 9500 8311 -7046 -2967
9469 8783 9500 8818 7634 8063 -8279 -7471
2395 9411 -8598 -3232 -8780 -1890 789 9500
9500 2552 -5032 9004 -7748 8127 -9272 -2874
9338 -9500 8414 -7922 -2894 3385 4514 -4952
-9500 9187 4084 -1220 5147 -6802 4215 -6109
-5680 -4268 -9410 -9500 9451 9246 8090 8883
2558 3183 9500 7836 6017 4379 -6509 -4842
-9482 7484 2353 -57 -6738 3947 -9500 7407
5702 -6249 9500 5867 6974 8481 -4564 7116
7895 7705 3570 3923 -9500 -8770 -1870 -2378
-9500 9108 -8063 7437 -3141 2522 5871 -5211
7354 -5065 7702 -4247 -838 9500 -5521 7564
-498 9500 8663 2169 -7503 5055 -4828 7962
-4609 -9500 5688 -7589 7239 -2584 5701 7816
9122 153 9500 -2015 -5791 -5423 3351 7277
-671 -8819 7172 5903 9500 -7654 8367 -8280
1244 9500 5931 -2412 4123 -6079 -1014 -9489
-4426 -7436 -2247 -5075 -521 -3030 6879 9500
-6325 -3838 -6847 -598 -2429 -9500 -6055 -4687
-6827 -3247 -1212 -7368 4079 -8380 9500 -3410
1207 9336 625 9500 -5601 -6937 7800 4625
3356 1703 -9500 -8472 -4173 -2464 5757 3979
-8400 8754 3730 -4215 -567 88 -9500 9398
-7579 -4795 -8499 1290 -5246 9500 6058 7766
-1445 -1011 179 2018 9100 -6354 9500 -7011
-8138 -7341 6590 -6744 -9500 -1868 -9361 -3729
7688 3141 -9401 135 9499 -1258 9500 -1185
-4431 9481 5156 8708 8188 4165 4403 -9500
8169 -7609 9500 -8587 -7841 6549 8060 -7524
-2687 -9500 2593 -7677 4985 8966 -8256 -2975
-2071 -1451 9500 9271 5297 4601 -9410 -8783
8931 8505 -9063 -8462 -9500 -8956 422 137
438 -4005 3010 -1401 3922 -388 9164 9500
-9362 944 -2193 -7753 -847 8812 -9500 1790
-5140 8431 -6447 9500 3680 -6913 -884 3574
8143 2999 6642 -6023 6073 -6720 267 9500
2393 9500 -9239 2874 -7680 -7537 8607 6628
4632 6054 9500 7911 -8505 -6582 -6488 -4274
-7976 -4535 7912 4616 9500 -8 7652 -4585
6453 -9500 4633 -7105 -2145 2628 -1393 2531
8007 -7770 6361 -8839 4688 -9500 5130 8079
-9500 -2908 2449 -6879 5788 6703 -8449 2664
-9327 2172 -4886 -9500 8584 -4050 -4725 8527
-6618 -1042 -6263 3195 6653 118 -1117 -9500
-9500 7925 -7354 7124 7905 -5852 8683 -7915
7535 9500 -7279 -7405 -6928 -9221 -5920 -8494
-7074 -9500 3931 3585 808 -1157 -3278 -6651
-7489 -5172 8621 6727 9500 9393 -5902 -3249
-2444 -368 -8659 -9500 7486 7328 880 3591
-9412 -4933 -9063 -6041 7406 8538 -9500 -4520
3342 4141 -3785 -4927 4983 8841 5534 9500
-767 -9500 -4772 6688 6668 1863 6703 1578
-5645 -5568 -6362 4323 -8862 1778 -9500 -1442
-8563 4236 -9500 218 -7301 6537 -7874 5634
8234 4414 3218 7392 -9500 -1589 9425 1964
4969 6235 9500 1961 -7279 -5220 1843 6618
8443 9500 -4957 -6175 -6094 -6483 1466 2310
7596 -5230 4294 -6827 -7018 -4586 -9500 -1442
-7981 -8514 -7314 -8987 9198 -2865 -1386 9500
-6732 5315 -2439 9162 9337 2890 -5679 -9500
-9441 7679 9500 -7853 9255 -7894 94 -1170
-4277 -7085 9500 -767 8067 4529 7832 4798
-2459 4507 -9500 8248 4028 -5895 8323 -6662
-1574 -9500 2975 8920 4690 7634 7108 3678
-6347 2457 -7433 9500 2636 -5562 -2258 -1295
-985 -1509 -7405 -9500 -4263 -5257 7181 9138
-9500 1447 -6615 -6033 9355 -2177 8964 2765
-8696 -9500 -8681 -8891 5388 6518 8958 9312
7989 6534 -8108 -6636 8850 7407 9500 7890
92 9500 -5353 5639 389 -9446 6967 367
-9038 -1492 -8377 2728 7597 5991 312 -9500
6748 7961 9500 -1002 5724 8905 6339 8373
-7714 6422 -5743 -7719 9500 861 -5967 8215
-4350 -8526 1972 9500 -6582 -4686 -5724 -6898
-6478 -7660 9367 -853 9500 -41 9460 2491
9173 -8997 -2611 1964 -5006 4338 -9500 9175
-9500 7979 8794 -8319 8202 -8029 3637 -4838
-4907 8000 -8771 1730 2130 -9404 2322 9500
3356 8842 405 -9500 2417 -8978 3784 8616
-8859 8539 -3008 2998 8523 -8102 -9500 9132
-25 9500 2089 -8841 -4628 -5455 -5426 -2703
6828 7373 -9357 -2842 -6163 -7974 9500 -1297
7806 2081 4904 -8867 575 -9500 -2256 -8523
-5124 7350 -616 -7479 -7317 -3592 -9500 726
-9183 -6231 -8367 -6510 5185 2873 9500 6560
-174 8750 3905 9500 -208 -8923 -4807 -9273
1063 8149 -1301 7393 -1793 7183 -9500 -6050
-4425 2324 -2973 642 8697 -9500 8826 -9436
-6718 6950 -5399 7871 4396 -8405 -74 -9500
-6171 -9342 -5800 -9500 1408 -9341 7431 8605
-8450 6017 -9149 -4300 -410 9500 -8000 6507
2574 168 -5337 -2450 6494 6604 9500 8525
1655 -8865 4114 -6993 6977 4035 -1636 -9500
-4078 2726 -1002 -444 187 -1630 -8973 9500
5524 4017 5331 4596 -3261 8091 209 -9500
-6484 5927 -6517 5963 -8484 8153 9500 -9390
4773 -6237 -6441 9500 -5577 8833 4747 -6194
7668 6857 9500 -1580 -3821 -9108 2699 9346
-4774 -7756 -6715 -9500 2367 5471 5759 8654
-6767 -3478 9188 -7003 9288 -1830 -540 9500
-2058 8519 -7768 -7878 672 -9110 9500 4802
4014 7243 7464 611 1155 -9500 -2459 9351
3282 -7312 398 -7954 -9500 -3656 8138 5453
-6661 7023 -8642 9214 8870 -9500 -5806 6091
-8656 -1994 5747 -6322 867 9500 825 9499
-9141 -2576 6609 6328 5514 7298 -9500 -1586
-9500 1985 -3502 8408 -2503 8392 8237 1603
-7967 -9191 -8346 -9500 -8304 -9282 2750 2534
-2370 -1034 370 -4314 9500 -8524 48 3825
-2486 3182 -4297 6289 -4729 8130 5892 -9500
7959 -9500 7627 -8575 5460 -5273 -2662 1599
-6889 6577 -9500 8067 -4299 1924 2924 -769
7773 -9500 -3203 1021 -7291 5011 6312 -4052
3882 -9394 8458 -4966 4112 6593 2819 -9500
-5316 -4550 7698 6611 6076 5207 -9500 -8174
-4120 4871 5024 -5965 -7873 9500 -5856 6974
7948 -4404 2646 -9500 544 -9191 8039 -2569
-7944 -4306 -8622 3008 2074 9500 4931 8052
-863 -9500 4930 9264 -6964 5938 -6853 -8550
-8900 5399 -9500 -756 7217 -7716 8535 -6075
6366 7572 3313 8518 4197 -6612 9500 846
-9388 -7852 -9500 -7861 -1343 -804 5429 4767
-5891 -4970 -9500 -7472 -7052 -5396 -745 -921
9162 -6241 9500 -6571 -792 -956 -1842 3007
-7884 -4071 -4295 9500 8320 3486 9214 2022
-6576 -5219 -9500 -9279 7897 6832 6098 7476
8141 -6840 9500 -8100 -5827 5507 8018 -6727
-1990 1849 -9500 7581 -9468 7541 8777 -6910
7943 -7056 8190 -6736 9500 -4282 -8786 5823
4366 -6224 -7145 9500 -1265 2208 6852 -9254
7783 -3353 8262 1897 -264 9500 -7090 4902
3637 1926 -9500 -7426 9058 6997 4399 2622
-1325 8918 -3101 8253 -7001 -9100 -1180 -9500
-3410 3956 -649 -170 -9500 8831 -7058 7204
-1993 -9500 9258 2185 6733 6622 -9311 3170
7793 -8994 7738 -8977 -6479 2695 9500 -8907
-5050 -4571 -5266 -4813 -9169 -9500 7052 8017
-6321 3131 6726 5738 7000 -1070 -2762 -9500
4376 -8859 9500 -473 -6107 8375 -3190 -7208
793 9201 2309 -9500 -5087 -6488 -8038 4453
3604 9500 8915 1124 3128 -8687 -4078 -9324
7633 4501 6956 -7335 5439 -8143 -9500 -1388
4593 -9486 -8444 7252 9500 4754 7564 -7979
7525 7515 -7027 -7939 3961 9500 4470 9337
-2269 -1525 -8249 -6366 5565 4166 9500 7479
-2927 3026 9500 -8123 -3398 2385 -9099 7611
-5263 -3256 -7679 -6500 -9500 -9391 -3996 -7092
1108 -9500 8492 2572 6440 5383 -6624 -5184
7548 4904 5103 -8313 -3770 9166 -3023 9500
-283 7734 1286 7982 9500 4003 3994 -6336
-5443 -9500 1886 -1052 8942 8197 -7184 -5756
4296 -8184 -2555 -9500 -7352 5206 8898 -1774
4959 9270 4033 9500 -4074 8081 5867 -6908
-4105 -8926 2648 9500 3932 -7426 -3372 -9272
8910 -6016 -1684 -9335 -7126 -4747 -9500 1251
9499 551 5294 8276 -6084 -7620 9500 538
-4854 6229 -6702 9500 2623 -2781 3380 -5786
7324 5454 -8279 -4342 -9500 5608 5943 6699
7813 6110 8213 5469 -4601 8622 3563 9500
9500 2948 -814 8830 1768 -8595 3221 -8059
-1224 -49 8954 7884 9500 8109 2315 988
6871 -5632 8957 1466 -7032 5519 -9500 1321
4051 4089 -5076 -6068 -8301 -9500 -1965 -1727
-6192 4852 2951 -2660 9500 -7713 6613 -5206
9500 -4019 7155 -6417 -8342 5552 -7940 5893
9500 -9365 -2038 1144 2487 -3099 8990 -8932
9500 -5667 -5285 -8181 -7713 -6645 -8182 6978
-8656 9500 -8228 9383 -1966 739 -8675 9361
-1643 6092 -1022 5549 7526 -3717 9500 -6732
-6169 -5569 6908 4562 1440 -9500 -392 -9284
6151 8887 1487 9500 -6987 7189 -9353 5503
-9500 -2236 -7791 6782 -3688 9196 -7831 -5208
-7190 9500 -677 -671 3483 -6214 -3583 6340
-593 -8683 -9500 -499 1152 8580 8784 2707
1981 2212 4739 -839 -718 -3489 -6748 9500
-6577 8766 -6690 8857 -4743 3292 7563 -9500
9500 9322 -6632 -5732 158 878 3839 4321
-8795 -8493 -7206 -3845 -9500 -7994 -9454 -8158
-5860 -2086 -5810 -2226 6144 1182 -2049 9500
-8610 8823 1411 9119 9500 -8223 -4851 -7485
1354 3906 -9500 3204 1005 -5690 5093 -8513
8156 -5218 3623 -771 -3276 5252 -9500 6661
-1363 9500 -629 9489 9243 189 -9283 2160
9500 -7057 5192 -9061 2531 8495 4261 7815
-9259 8427 -9068 8149 -2689 1098 9500 -9308
-7580 -5662 3160 5950 -5346 -7837 -7560 -9500
-9500 639 4556 6668 9470 -533 8908 -6974
-3888 6099 7133 -9500 6330 -8943 -447 -494
2905 3539 -7625 -9500 -5407 -6643 4258 5335
1202 -9344 9500 -4094 -4144 8368 -5924 7406
9500 -831 -9357 -231 -8906 -1730 -289 -8383
-3047 -8089 831 -9500 1296 -9434 5520 4483
-9498 3410 9500 -3390 8498 -7405 -9244 -1170
5096 -7740 -7928 -7722 -9500 -4243 -6153 6707
-9500 -2543 -8059 3230 -4490 -7838 -9459 -2756
359 -1051 -9500 -7821 -1884 -196 -321 1081
2985 -9134 3430 7971 -1266 9490 803 -9500
5926 8696 -5151 -7792 -6162 -8960 -7217 -9500
-3668 -2134 -9500 -8716 -506 -1813 -2059 -580
7994 4338 9500 2125 -6864 -5477 -8427 -3809
6294 9500 4145 4322 -6209 -9431 -588 997
2036 -8671 8801 -5113 9500 -2748 1449 -8644
2969 9500 -5111 5998 -6611 2917 -3015 -9481
-6606 -5839 9500 -22 3976 -7601 2677 -8002
-8683 8526 -6574 6281 9500 -9273 -7528 7434
3779 2300 3524 2099 9500 7223 8433 6118
-6630 -4960 -8992 -1770 2979 7352 9500 426
-8385 6693 -9034 5259 -9500 3013 -6801 8611
-9500 -6103 -4364 8223 -6368 6536 -7605 5110
1029 -9500 8075 -3879 4995 7679 -1068 9496
7879 -5342 -9500 1859 1985 -8763 7109 -6199
-3628 4535 -1382 2422 9034 -9500 6710 -7390
-8742 1410 1228 9500 6678 -5202 -667 -9452
-8825 9255 -9268 9500 8514 -9072 2153 496
-3392 6564 -5569 1768 -9500 8876 -4252 7169
-6578 -9316 6672 8148 -5911 -6817 -7172 -9500
6537 -6930 3666 -2478 -9089 8915 -9500 8753
-9500 -6255 -6101 -4152 6703 4239 7397 4973
-2506 -3328 -9500 4796 1726 -7115 -1721 -4082
-5290 6604 -4548 1711 9500 -8187 4553 -1716
9500 -7822 -7833 5421 5244 -7488 6524 -8419
1133 9500 6989 -7582 -4282 -7197 -8037 -101
-9500 1880 -6782 8522 5680 4619 -8327 -1143
-3464 1119 -9131 -9500 7944 4342 -1494 3068
4008 -9500 7200 -6386 7896 -162 -8056 1531
-6832 -7228 -8879 -9500 709 830 -721 -694
6899 8573 -7735 -9500 7297 9021 7115 8817
7360 -7460 3069 -9410 2629 -9500 8927 -5994
7902 -6619 4489 7159 -9500 1784 -2503 -8309
-8716 9500 3314 -3074 2363 -3031 1877 -2517
-6639 -4546 -859 -9466 -661 -9500 1781 -9401
930 767 -6362 -8151 7929 9500 7728 9246
8707 -3624 -8742 -2194 -2455 -8960 115 -9500
-1002 1546 -5052 -7183 -9500 -7694 -2829 -288
-3199 4725 -5862 5904 -5739 5749 7726 -9500
9500 909 -5698 -8335 -8045 -5812 -7077 6209
-7498 -5688 -9500 -6705 -516 -15 -5505 -4295
5026 6437 8172 8478 -9500 -7232 -1048 1532
-9500 -7083 5505 3356 -7808 -5446 -9106 -6689
-7479 7213 8279 -9460 8383 -9500 -6443 8118
2283 346 -9500 8648 8632 -9003 8948 -9089
-5046 7508 -3730 8695 -1491 9500 -5233 7273
-3515 4228 -9500 8112 5952 -6098 6049 -4106
-8602 8092 -6172 -9500 9424 -5619 8539 5326
-6282 9500 -9248 4274 9390 -1969 7175 4996
-4652 2578 9498 -6718 -2416 2569 -9500 6722
-2016 -5166 -9192 -9500 -6962 -4918 -608 -3817
-9146 -5687 -6161 8170 9500 679 9388 -287
3448 -8870 3204 -8957 931 -9500 -4703 -8886
-8896 -9500 6196 7983 -7333 -6725 -8428 -8365
5039 -7798 -7578 -869 -4998 -8009 3195 -9500
-7410 7101 -8802 -690 -5227 -6506 -2505 9500
5949 9500 -8494 9270 -8646 -6948 7593 8109
-8592 -9500 -9493 -9042 -3757 -2061 6745 5419
-1713 247 -9330 -9500 -8428 -8091 -3774 -2134
7205 5929 -666 9500 8218 2435 7888 4203
-9193 -9499 -65 -340 9194 9500 2617 2970
-9500 7000 -3476 877 9132 -6431 8394 -5531
-7223 -2113 8114 -1712 2688 8090 -3974 9500
-8857 -3538 -9500 -798 9316 2166 7570 -4778
1903 -9500 -5295 8412 5305 6316 3035 -9352
9500 -635 617 7621 -7798 4328 -979 -7600
-409 -9452 4355 -8519 5576 -7575 58 9500
8351 -477 -312 9500 -8239 -740 1627 -9461
9500 -6628 -3248 659 -6616 5549 4715 -1739
-3790 9500 2745 7884 8146 -6606 -8968 1207
-6471 -8595 -7143 -8122 -8809 746 -3805 -9500
3321 9378 5950 7179 667 -8573 2204 9500
-9009 -4502 -6944 -6286 -2531 -7420 -9500 -3668
-1108 8027 -9500 -2420 -7050 -5906 9265 -2384
9500 -5183 574 7335 -580 7501 6579 -6923
-308 9202 -5052 6206 -6937 -7273 2834 9500
-9500 -1662 -992 -9493 8779 4156 -4656 8137
-4568 9500 6506 -7026 -7190 -9239 -9047 -3733
-9030 6648 -9500 7142 3426 -4849 -1045 -972
-8948 -9182 8637 9500 8599 7752 7282 5503
-8248 -3228 1030 -8212 9289 -3805 9500 -3219
6464 -7391 -9112 2961 2385 9500 6402 7122
-1104 586 9500 -7550 5768 -4339 -8504 6870
8380 -1735 -7404 4376 3322 -9500 6658 -5760
-6032 -4955 -9500 -7996 -9346 -7902 -8005 -6830
7285 3619 4477 5832 -9500 1215 7914 -5336
753 -9251 9036 -586 5314 9263 -9500 -1991
-5904 -5274 -3810 9434 -3739 9500 5521 -7110
-2766 9500 8890 7795 4612 -8632 4445 -8724
595 -9500 848 -9423 -4710 -7813 -4046 -8461
8553 -4653 -8055 5912 -8756 -4350 5577 -9500
-21 2554 3646 -1677 8948 -9500 6949 -9219
9302 9500 8200 9202 -4301 -2129 -6786 -5027
9500 -288 -1937 -9472 -6031 -7211 -7442 -5649
5688 4250 6500 5265 -8299 -7645 -9500 -9439
-9500 8115 -9342 8649 5348 -1809 517 -3816
5395 -6885 7776 -9449 7984 -9500 -7504 8777
-7333 -6024 1745 -9500 3294 -9226 -8598 5550
-1150 -9500 -7125 3657 777 -9181 -858 -9483
-735 -103 -9500 8312 -3917 2663 -821 -29
-626 9500 7169 9070 6429 -4790 -7716 2821
-7647 5093 7964 -634 4087 -9148 2780 -9500
-9500 818 -2315 -7871 3105 7454 -9385 4642
-4929 -9500 -9451 -4315 -6184 7005 3900 -8746
496 -9500 -4062 -8071 -9270 8693 8658 -8964
6883 5833 -6223 7503 -8798 -1286 -1847 -9500
7469 -5002 8570 -3137 8413 5605 -9500 -132
9500 2672 2576 6384 389 -6657 5986 -5638
-9500 -644 7407 -6327 8184 -5348 3124 8398
3295 -8955 -9500 3448 3459 9390 6357 8165
3201 9500 8509 -3053 -7580 -7274 -8471 3127
7325 8144 4949 7714 236 2266 -8054 -9500
4674 -7981 1565 -9500 3494 8868 7393 -4482
5907 7034 9500 9189 -7151 -7899 -1508 899
9500 8330 -6337 -4728 -8325 -6668 -9348 -7786
8949 7886 2964 530 -9500 -7469 6597 6725
6535 -8994 -9500 5545 -8816 -6872 -8577 -7187
-6029 -8453 -4761 -4776 7162 9500 5210 5409
-9048 -3047 9500 -533 -8057 6167 -9041 3741
9335 2285 9500 -2142 -1990 -8946 -3960 8495
9500 -1755 2685 -7382 -564 -7176 -2614 7387
-9400 2075 9500 -1622 -6459 -8132 -9468 1778
-9415 -7539 -9500 -7622 -5881 -5699 3907 4102
-4861 9500 -4868 9500 -7248 9032 -2878 -6390
1472 8197 -2599 9500 -7136 5009 7302 -3730
5930 7993 3798 -8350 2435 -9036 969 -9500
9500 -8938 7764 -7222 -2673 2687 7319 -7015
7049 -9500 6368 -7570 -7005 9223 -5040 5093
6946 6422 8098 7317 -8523 -7829 -9500 -8674
-7500 8421 5283 7731 7533 6013 -1042 -9500
-7778 -2986 2228 9500 4190 8507 5082 7772
-6699 -8106 8341 9500 2751 1817 -5413 -6875
3172 -7795 9013 -962 3999 9110 -9500 -1144
3098 -5046 -2199 1258 8150 -9500 7351 -9488
7583 9500 8714 5384 -4922 -779 -1521 2635
-9258 6233 -7367 4276 9256 -6230 -9500 7648
3528 9487 2694 -9500 -3982 -9322 -4045 8959
2883 5337 -3029 -334 -9500 -7151 -3121 -5556
1688 670 -9500 -7497 -5541 -3890 3952 2545
9500 354 -6446 4942 6951 5154 7049 5079
2146 1234 -7101 -6570 9500 9228 3668 2856
8546 -3186 9500 -601 -9482 241 7672 -4051
5818 8486 -1396 -9500 -8412 -6649 -9494 3470
3697 -3502 -9500 7923 -7211 6348 8218 -7135
7041 9500 -6691 -9271 4728 5919 7023 9453
6302 -3868 9407 -5999 9500 -6415 3997 -2930
-7234 8260 2965 -9500 7675 -7951 859 8937
-1873 9029 -7207 -2266 -436 -9500 4591 7737
-8224 -6790 3871 3014 -9500 -7968 -8441 -6984
-4186 -2321 7472 5875 9500 9243 -991 839
5333 -5351 -9500 7539 -7500 6929 -5267 5301
4951 9500 -6109 -8868 -9252 3422 -6958 6814
-9218 -8205 -5888 -6878 9500 6257 -7841 -4119
-905 9500 -8962 2926 8541 -3589 8786 -3213
7803 8648 7072 9394 -9019 983 -9500 -1061
-6308 8579 -2802 -7820 1865 -9500 -4793 9257
-195 -1664 9500 -9207 -8210 8700 -4729 2854
-2504 9431 -2357 9500 7420 3055 7378 -2705
-4307 -6319 9500 -5524 8938 2025 -4155 8362
2256 -4016 2476 -4315 3600 -4221 -7063 9500
-8776 -3449 -7049 -6627 6939 -6216 2642 9500
5610 5724 -286 245 -9500 -9127 8884 8623
9500 -3698 2470 9489 -9145 4610 7677 -6887
9262 9500 -6962 -7049 169 289 5830 6059
7713 -8897 7033 -9238 -7509 8497 -7394 9500
-5619 -7203 8108 4316 9096 -4945 4038 -9500
-7670 9500 -1048 2757 3270 -2794 -7256 8630
1344 -424 -9500 -8860 1805 3415 9451 9289
-7923 -9500 -5241 -3191 6431 4471 -3976 -5982
9442 57 9500 880 -9170 1110 -9081 -3087
-8446 9500 -7236 8102 6429 -7265 4701 -5235
53 9500 -7215 1432 -5360 -7929 1874 -8780
7775 -6926 9441 -2108 9500 -1372 9268 1766
9500 -8459 -203 -443 722 -30 1785 -1006
-1959 -2712 -5857 -8118 -290 -404 6855 9500
8048 9500 5044 6319 3394 4476 -7143 -8590
7397 -4999 9500 -490 8863 3593 -9275 1601
9104 9082 -6634 -8612 6898 3116 9500 8701
-3327 2934 -6515 5000 -9216 6190 9500 -6490
-910 -2979 9152 9500 -6185 -4746 -3252 -5233
-6465 9218 6939 5309 8482 -8199 -9500 -2165
-9500 2263 -9380 2541 -8709 3742 -4280 7371
2407 1851 -4066 -3449 -9500 -9126 -6707 -6682
9500 7069 1844 2273 -5345 -4729 9287 6696
-7537 -6336 -6659 5516 -6308 5804 9500 -1595
-5496 -8929 -8172 -6157 792 9500 5769 -5463
-128 2710 1869 -4701 6304 -9500 2718 -658
7584 6394 7082 -6327 -9484 -2710 -1234 9500
9152 -6235 3373 -3366 -9500 6596 7107 -4434
-4348 -279 -9500 -5215 4267 208 6239 2005
-5230 -3473 -2804 -3369 9500 7685 3810 4171
9500 -8775 -3238 5311 -5172 6752 -5063 2214
3762 -8419 -8147 -5769 2781 9500 8980 3989
8468 9500 1640 2015 -8476 -9476 1149 1107
-8226 9500 6403 -8150 2946 -1330 -170 2095
-7834 -9123 -2028 9131 7306 9313 9500 8283
-3910 -9118 3597 -7782 8223 1844 191 9500
1884 -4272 3448 -5824 7983 -9500 -4130 2433
-4881 2163 -1210 -541 -9500 7162 -8178 4825
1830 -9500 -1416 -8792 -8764 -722 -4874 9018
9500 -7074 7564 -5736 -3888 2713 -7983 5825
-6805 -9500 -2069 282 5074 3027 1510 -887
481 -566 -6887 -8979 4579 6526 7919 9500
8784 8410 7532 8404 -9301 -9295 -9163 -9500
-9002 3682 1 6423 7411 2705 9500 -1370
6993 -9027 -4478 9500 -8181 8496 2607 -9450
-8303 -4960 810 -9500 4037 -8557 -6006 7278
-7283 9500 -7196 9339 2130 -2957 6410 -8440
-6792 -6613 -1750 -1528 9500 9172 701 524
-334 1255 -9500 -6663 -9355 -6159 -1223 630
-9222 -453 9500 -937 -3494 -7940 -6705 -5180
-4826 4031 -9285 8037 -9500 8429 6383 -5779
9136 -7839 -1675 -1618 -9500 8744 2384 879
-3676 7940 7600 4416 3957 9500 -3118 8403
198 9171 -9500 -3707 -8565 -6029 1535 9335
-5867 -8412 1335 3598 -2304 -853 -7805 -9500
-7981 5620 -1456 9361 735 9500 -4865 -8482
4317 -8727 7482 6488 -494 9500 -8557 5588
-8710 82 -8248 -2662 -972 -9500 -5105 8072
-342 9500 -5399 7735 375 -9500 1428 9293
7168 8580 8543 8442 -6598 -8124 -8688 -9500
4880 5695 4017 6058 -9238 1958 -9500 155
-7620 9500 843 -2491 6309 -8386 -6277 8354
9500 -2920 -955 8674 3189 7769 7927 4085
-2789 -8562 -8326 -3414 9500 -3264 7016 -7623
-6433 -4954 -9495 1073 -7188 6252 9500 -1220
-8738 9500 -4969 4753 -7077 8247 -7785 8913
-9500 -178 8002 7175 8251 -5983 -8324 -6462
3290 -483 9500 -9426 -9123 6611 -8561 8952
2066 6413 9500 9018 -208 -4798 -9494 -8544
-4027 -3859 -994 -328 8347 9500 4351 4243
-7990 -2860 -234 -9500 7770 -4340 -8512 34
-7971 -6932 -9188 -4926 -7702 4192 -2288 -9500
-9500 751 5053 5905 3040 -5700 -5201 -5862
9399 625 -6042 -8245 9500 2972 9496 1316
-6050 -8015 -5977 -8053 9500 5268 -4780 8739
9281 1286 -1493 7146 -3355 6860 -9500 1170
1912 9500 7007 5540 7236 -4076 -8227 -755
5294 7728 1559 8261 -5770 5286 -9500 -1696
9273 -7496 9500 -8415 -2182 -629 2258 558
2871 4333 1907 3269 -1295 -369 -7917 -9500
3108 296 -7248 -9182 -1901 946 7677 9500
-9500 -3650 -9345 -3990 6923 -6955 9290 4104
-9180 85 8766 5333 7988 -2365 -9500 -1077
5454 -8836 4962 -9500 7306 -2940 6971 -5145
-6983 -2898 -2352 -9500 5342 -3629 6932 3954
137 875 455 -111 4877 5717 7589 9500
-4252 -5149 3213 4069 435 1162 -9500 -9453
7827 -9500 768 -1726 -5851 6750 -7085 8433
13 1218 3598 -4514 -7977 6814 -9500 8864
-470 2072 9500 8291 9500 4843 -5089 -1292
7723 4832 -9014 -6426 9500 7637 8147 5314
-2218 774 -6746 4652 -9500 7794 -8942 7538
8992 987 9500 -6796 -9376 -54 879 9146
-9500 5725 7296 -8410 6782 5077 3047 8062
-7395 -2415 -4129 -5378 -2961 -6090 9500 -3503
-6408 -4251 -6506 -9500 4370 1714 8861 7652
-1710 -1114 -3977 -6203 6639 9500 2889 4829
-8720 5441 5286 -7533 9104 -6041 -9500 9042
3685 -1324 9460 -6741 6366 -5405 -9500 6441
9279 6198 9364 1990 -4759 -9500 9044 6761
-9500 -5365 -3103 8933 -5165 7662 -6671 6339
-7812 -6472 9500 9348 -6969 -5437 -7256 -5783
-7735 7518 8350 -9500 8020 -8088 -5123 7816
-9080 -9500 -4731 -5048 -159 -284 6746 7133
-9500 -321 8828 2831 -2882 8909 -9304 2814
7218 3723 -6641 4343 -618 9500 6879 4695
6390 6475 892 -562 -983 -2786 8388 9500
-3352 -9500 -904 -9005 -3863 -9488 -3704 -9497
5136 -2321 1315 -4375 -9500 7666 1125 1962
7657 -3284 -1469 9500 -6254 -4027 4248 -8805
3586 2678 4409 3613 8645 9500 -3960 -3101
-9301 -1769 -9500 -1093 -8920 4977 8049 -6326
7681 4866 3595 8078 659 9177 1529 -9500
7383 -3214 3409 8748 -4566 7581 167 -9500
1119 -9500 -2250 -8485 -5807 6162 1171 9063
1077 9500 -4439 9333 -5131 8722 -6800 5700
-8391 9500 -7738 8929 170 1492 -7721 6288
8177 -4474 -1439 3613 -2173 4155 9500 -8838
8246 -9500 -8921 9478 -131 4518 6471 -2404
9500 1299 -9238 -213 -7893 2941 -5527 6101
-7004 9500 4053 -5150 5684 -7861 -1275 1359
392 -9500 909 -9350 984 -9321 5284 -2264
-3051 9500 -6769 7753 7475 -6989 6805 4724
-6558 5320 -1454 9500 6410 -5598 -7415 2983
-9500 1081 4005 -7864 6571 -6082 -9295 1838
6637 -4233 -1392 -1015 -7821 5435 -9500 7152
6703 5984 8215 -5383 -280 -8818 -9500 2811
-3933 -9500 6589 -4339 8863 571 -8631 -5589
-8295 8295 964 -2251 9500 -9029 -6213 6723
8427 -6820 9500 -9362 -7006 5361 6772 -5126
-7216 4239 8177 -4805 9500 -5591 -5857 3438
7801 6061 9500 6102 21 -1023 3792 3577
7134 -2366 2026 -7109 -2342 6910 9500 3090
3044 -7959 9166 5135 -8350 2396 -9500 -1092
4743 9500 -7426 2752 4519 -7046 8391 520
-9500 -480 -373 9101 -3848 -7023 -6166 -5128
8730 702 7309 2991 -5737 9439 2840 -9500
132 8646 6004 -8234 -4946 -6375 -9500 -72
2320 452 9030 6919 6345 6887 -9500 -9195
-5888 9500 4158 -7763 6562 -5960 1435 1207
9318 9500 -2679 -1215 -7320 -8695 8766 8560
-6836 -5102 -9030 -2584 -9500 -450 -2427 6502
9500 -8294 6438 -4067 -67 3832 -4103 1100
-9439 -129 -6256 -6042 1398 -9115 9500 -369
-20 3070 9500 8348 8151 6208 -8830 -7211
-8925 -9417 8635 9108 8689 9169 -9004 -9500
-9470 1273 -9500 1812 -6513 8643 2361 9032
7293 -5491 -3878 -8756 -429 -9500 3878 -8457
-5410 -9500 -1042 -531 -2428 -5121 -3166 -6266
7872 7095 8554 8460 5808 9500 -5933 -3937
-993 -7959 5743 2791 -3096 9500 -7808 3232
4108 6714 9091 9500 -5837 -8278 -9025 -9319
-451 1253 -1631 -666 -411 -2608 5494 9500
-9271 -4964 7545 9053 -5606 9413 -9500 -3724
-4645 -9500 -5617 -8637 -4946 8492 8156 -2548
-725 -9500 669 9490 7765 4781 7880 4303
3046 2454 -3604 -3121 -8039 -9500 -1078 -2309
8123 -9500 7780 -9115 -1907 1984 -5596 6284
-8980 6528 -6287 4810 9500 -6796 2511 -2234
-1020 -9074 2953 -9500 -3213 -8324 -1650 -8897
-6683 -9500 9329 8456 -2703 1819 -9336 -8512
1268 3127 7794 9500 8141 8803 7965 8487
-9500 2361 -3837 6174 9334 3229 2749 -6451
8603 -5621 9500 -3694 -8592 -4103 8001 -6465
-6156 -5630 6547 -2357 -594 9500 -6991 -1866
-9500 1772 4228 -9089 4994 -8929 4689 6246
8122 6575 8433 6281 -9500 5305 3886 9001
-5200 7775 1497 -9500 9256 -1011 5954 7856
7440 7191 5942 8800 -9500 -2255 7320 -6958
4378 5926 2438 7501 1509 -9500 9483 -6055
-9500 -7405 -1691 -7 2484 3165 2072 309
3778 -3610 9500 -7743 6094 -5413 4837 -4441
3360 9257 8610 -2549 -4795 -9068 -9500 756
8057 8443 -9500 -8583 -9128 -7030 1768 4224
-4066 7130 -6483 8902 -8158 6400 9309 -9500
2563 8755 5883 4532 6243 -4097 -1141 9500
-2908 92 -8566 9238 8224 -9500 1978 -5105
-6166 7277 -309 -9500 5959 -7416 8209 -5505
-9346 -8932 -1255 -1977 2509 1697 9500 9198
9318 3812 6738 -9500 -8430 6433 8436 6735
-9500 5981 -7924 4694 -615 -277 -7718 5343
-6530 -7104 -9081 -8184 -9500 -7694 3845 993
-6448 4330 -1945 708 -1827 616 9500 -7580
9496 -8931 4000 -4711 -9500 8943 -8357 8392
5497 6078 -5346 -5843 -6994 -9500 -6138 -8827
-7790 -6804 6468 7448 -7683 -8557 -9500 -8697
-4167 -8641 8378 -2830 -9392 1205 -9500 -5677
6697 -7422 -1171 9500 8750 -687 8807 -1625
291 9331 5900 848 3293 -9165 -167 9500
-6766 7422 2294 9500 -8110 -3657 -9063 1404
5516 7115 4467 5429 2843 2930 6863 9500
-7550 -2665 7140 -5114 6159 5550 -537 9500
9486 -2810 -4765 8084 -9500 1641 1279 -8313
764 -2045 -1363 -3722 9500 6243 5295 1885
2608 -7194 -7417 -6294 -9500 1205 -5459 5810
-9029 5309 -652 -8428 -7086 -3715 -9500 2396
-4920 -3875 -2187 -2484 9500 8331 8536 7818
7544 -9500 3596 -4994 -5015 6673 5722 -6630
-2885 8310 5546 9500 8157 -922 -8769 -2199
-8631 -7362 -2774 -2068 3058 2811 9500 8045
3350 8298 4826 7705 -6342 -6755 -9500 -1529
-8097 -8867 -8026 -8289 9055 9500 -6922 -7695
-8716 1277 -5804 8745 4152 -9500 -7560 -2637
2025 -8900 -2266 8763 -2301 -9183 254 -9500
8526 5779 8227 6176 -9500 -3958 627 -9382
-7621 5178 -1436 4866 9500 -8058 6125 -8824
8189 -7126 -2351 2016 -644 523 9500 -8276
-6883 7244 4987 7660 8983 -4107 1895 -9500
6914 9500 9282 -4667 -7423 -9010 -7621 7424
-2706 -3206 -9500 3318 3482 -8510 -450 -5206
6425 6410 -779 -9500 -6592 2654 6207 6789
-6938 3600 -6972 3369 3661 -8914 -1122 9500
-7787 -2546 4835 -8776 -386 9418 -1091 9500
-4435 -9128 8546 4590 5976 -5819 -3152 -9500
6175 -6062 -9500 8352 5872 -4571 7230 -6908
3170 1782 4000 2597 -9500 -9073 -7950 -8103
-332 2203 9500 9062 2440 128 -2073 286
1625 -8669 7853 -4762 -9500 1404 -2216 -8816
-2924 -8623 -1600 -9500 4103 -9300 5507 -7946
9500 3007 -8323 -4205 -8944 4943 -8479 5318
-418 -1570 -679 -1914 6750 9304 7152 9500
-9448 -671 -9500 -531 8374 2702 74 -8062
9500 1489 5070 6548 -2597 7392 -8937 -2965
-8910 6036 6440 -8337 -1424 -9196 -9500 -2263
7732 -2704 -8041 -5594 9500 1809 7778 -2644
-9500 153 -7471 4380 9489 -257 5027 -6234
-1226 -9500 -8273 -3940 -7968 4133 1389 9480
8467 2105 9500 -92 9216 -3351 -1486 -6555
5700 6826 3176 8983 78 -9500 6672 -3504
-1678 -7700 6690 5423 -9500 -2432 -2251 -7552
7843 9041 7215 6419 -8784 -9500 566 2411
9500 -2697 -7305 -4179 -2602 -8359 9287 -4303
-3533 -5309 -5894 -6877 -5888 -6869 7085 9500
5289 -6345 -4069 -9500 7607 -2878 7539 -3022
-9500 -1029 1043 7048 3647 -7175 -2664 -6622
-2050 -9500 -3237 7843 -2372 8400 4468 8823
3261 4279 -7903 -5778 -9500 -8527 8263 6167
-5775 -6242 -9500 -7734 5097 5737 3410 1399
-2812 6347 -8141 9500 3252 -6676 6280 -8655
-5638 9084 -2369 5456 163 -2532 -6240 9500
-9500 8541 2476 -5631 9304 -8215 1922 1104
-2449 -8066 50 -9500 -7128 657 -5425 -4402
2469 7475 8906 4588 -2364 -7472 -9500 -1100
-9424 9500 -3268 2484 -4079 4881 -6997 7619
6534 2706 5070 7909 -3478 -9500 2772 -8011
-2488 5481 -6975 9500 -8724 9467 -7685 7229
3688 1854 3 -671 -502 -1011 9500 6648
8950 8152 9500 8698 -3032 -2677 -3647 -3431
6562 -4228 4646 5020 -9500 -367 -1268 -5722
6003 -6382 8993 -9028 9500 -9418 -3439 2718
-1979 9176 -2265 9060 -3948 -8008 -714 -9500
-8558 6639 5221 5486 9500 -4474 850 -8740
575 9500 3897 8131 7054 2349 7233 622
8107 -9479 2921 -3851 5136 -5576 8189 -9500
-783 9500 7787 -5759 -7021 -5646 -6447 7315
7365 8558 -8098 -9198 -8456 -9500 228 1620
833 -672 -8373 9500 -5980 6513 366 -674
9380 9500 3259 1466 1344 -486 7584 8484
8011 6703 1084 2191 -8505 -5699 -9500 -7091
-9500 8524 -8667 8026 2397 -651 9166 -7005
9500 -7398 6814 -4498 -3210 1399 -2888 1134
7243 -7708 9253 -8397 -9343 9500 5499 -6143
7316 4551 3752 805 -9500 -7394 -8784 -6354
-298 -1587 -9402 -9115 5245 5966 9500 9164
-4574 9500 -7237 8546 7609 -8313 2414 8418
-1741 -9180 878 9500 5833 -2310 3778 -7510
-7733 7519 4725 -4498 9444 -9117 -9500 9177
8290 466 870 -9500 -8291 271 8164 1776
-8251 7522 753 -8873 9036 -2731 -3291 9500
3666 -8431 4926 6519 -795 9500 -6815 -2374
-514 -882 -8535 8648 7353 -6998 8911 -9500
1119 832 -7619 7746 -9500 8240 -5715 3537
-9500 -6388 6137 4224 5221 3349 -2588 -1883
-5495 -8395 4290 9016 2654 9500 -9275 -2280
2920 8653 6419 -1920 -211 -9500 -5780 4319
-4071 -5909 6879 8251 -9162 -9500 -8394 -9267
4600 -9292 -1184 -9066 -2554 9500 2180 8783
5913 5478 7948 4970 -9384 -7080 -9500 -6848
8158 -5433 7623 -6408 1959 -9500 -3894 -7556
-5470 -7798 -2503 9500 -8891 4181 -6738 -6700
99 9401 630 -9494 -4997 7263 -795 9500
-8940 -7351 -6216 4227 9500 4833 7241 -2732
-9500 194 9308 1425 7471 4128 -8692 2585
-5397 -4871 4548 4285 3740 3719 -9500 -7528
3639 -6640 -9500 -1372 4717 6967 7899 -3506
-1430 7829 -9500 -2636 -3242 -7854 1406 -7833
8924 2706 -9500 -486 -8230 4064 -5252 6673
-5695 7753 3714 -5225 7032 -9371 7173 -9500
220 -824 -2218 -927 -3724 -2274 -9500 -8592
-7237 1825 7194 -2210 -518 9500 -530 9500
9500 -7202 2039 -3084 -6098 4103 7388 -5271
3492 6037 487 -650 -1102 -2861 -6824 -9500
9500 -458 5885 6626 464 8504 -552 8511
-7236 7422 -7110 7579 -4805 9500 -9201 1456
439 -1142 6839 -6495 9500 -8169 -8538 7791
3712 -5646 -8740 7774 9500 -9234 7143 -8474
7459 -5235 2616 -347 -9500 8931 6748 -7425
1841 2931 -8127 -9500 -5760 -7116 -2770 -3941
-3635 3061 7411 -7208 9315 -8619 -9500 8815
-9500 9480 -8121 8421 -7980 8301 -7326 6566
-3809 8435 2330 9500 6688 -5835 -8818 -1687
8374 -9500 -7262 8085 -8342 9444 -8371 9493
-2185 -1241 -7470 -8862 -7858 -9500 5756 6249
6483 -4077 3115 9412 -4196 -8563 2428 -9500
-8862 7222 1256 -2261 9500 -8342 -9079 7484
-9500 -7617 -5770 -5825 -2879 -3813 5989 5967
-2079 -8546 5429 -7785 -1941 8713 -9500 -3789
9500 1210 9363 2235 7914 4992 -9326 558
-8141 -5431 9326 6950 8265 5582 -9500 -7190
-1642 467 8480 9500 6379 4669 -5575 -3748
-6583 -7179 -7318 -7934 -9027 -9500 -4705 -4754
9032 -9500 5312 -6416 -9009 9492 9175 -9429
9500 -3447 3743 -8291 -8104 -3555 -8623 -2752
-9500 -8308 -6386 -6210 -4367 -4717 8878 6412
9490 -8498 9500 -8469 8718 -7095 -3671 1790
145 -850 -9500 -7344 -9275 -6723 -8496 -5948
-8933 -4233 -9189 -993 1064 9500 4931 8926
-9500 677 -5111 6607 -2733 8329 8088 -3266
3436 -8194 9418 2521 -9500 3680 -3647 -7630
1570 -9478 -1584 -9141 -3760 -8424 -9500 5513
-9500 -9439 -1005 1402 9134 8932 7596 6860
-2175 -1814 7231 -9500 -9026 7291 -2671 -1287
6465 -8353 -5069 9099 2663 -9500 4502 -9278
-9422 -8015 6443 4347 9500 8892 -8698 -6962
-4925 6980 -6229 3708 93 -9500 3778 -8325
-4518 8896 -3551 -7927 -1022 -9313 407 9500
8130 4165 -367 6101 -8864 1971 -9500 894
3242 -8798 3758 7907 1110 9500 2605 -9168
1194 -3286 -3340 5873 7416 -9488 7417 -9500
-9500 -6942 837 3491 6124 2658 -2091 -4430
-7219 6836 -7030 7032 -4148 8936 -9500 -283
8902 -2925 -7705 5542 1875 -9500 5817 -7642
2916 3477 6522 9500 -1061 -711 -2178 -3946
-9500 3414 872 -9293 1453 -9287 -6270 7765
-9500 -7139 -2660 -1099 -2558 -2550 -6495 -5203
-8735 -7646 9500 7883 685 -1412 -3205 -4303
2015 -8023 -9500 3128 8996 -4252 2359 -8001
7566 -4763 -5092 -8229 -5963 -7456 2729 9500
-9439 -6800 -9500 -3775 -7997 970 -292 9391
9402 9500 8828 8543 -7098 -7556 -8178 -7799
-5333 -4721 -9500 2430 -598 6919 1790 -7022
5521 -3743 -7358 9500 -4514 2262 7743 -9399
7975 -9500 4587 -2209 -590 3449 -3065 5810
-9164 9500 -54 900 800 -1646 -3156 2363
-8022 -1317 -3443 7622 2124 9500 3271 -7755
-4735 -8105 -9500 2067 8663 4731 5141 -7442
-9500 -5433 -1748 -619 6544 4011 -5657 -3535
5609 7596 867 2884 -7669 -9500 -6239 -8190
-1651 9429 -8037 5869 -6770 -8374 3814 9500
7263 -8598 -2661 3003 2797 -3163 8043 -9500
3805 1861 -4056 -2017 -9500 -5850 -5391 -3619
-4233 4606 7116 -9500 390 737 -2812 4886
-5367 9500 -3863 7392 202 895 2364 -5083
-8415 -8378 -8007 -7680 -2970 -1131 -7975 -9500
9488 -2886 721 7561 -5139 7766 -9500 1830
7050 4447 -5747 -7187 -9339 -8760 9500 8553
-8142 8309 -9195 9500 4668 -4444 7477 -8582
-9500 7255 4499 -3198 7570 -5628 -1423 813
3999 7356 6538 9500 -6542 -9489 -6426 -8765
894 9445 -7108 -6925 -200 -9500 7538 -7093
9013 9500 6073 4215 -4918 -6827 -1700 614
-6909 -5713 5469 6735 6834 5772 3283 -9500
-9500 6513 8875 -5797 1992 -2874 1581 -2588
-7273 9060 9272 -8244 8735 -9500 7517 -9173
-1803 7149 -7175 -6004 -9500 -1479 -9385 -206
8489 9500 5554 4189 -2781 -4217 -6170 -7416
3647 -6678 2233 -5017 -6984 9500 -6620 9477
1340 9073 -4394 9500 -7686 6897 -8380 -900
-9335 9500 5877 -5325 8224 -7952 8640 -9070
-3666 7980 -741 9369 2828 9500 -7075 -6658
5727 -7985 -8192 -1548 -2536 -8574 1875 -9500
580 9500 638 9483 3234 8149 -7341 -2106
4668 -6850 8646 5831 6400 9500 -6456 4532
-9500 -5141 8959 -5105 1940 -8891 -1637 -9064
-7845 -7022 5652 5194 9500 8314 7113 5958
1342 1983 -9500 -8642 9495 8875 3329 3775
-7399 4281 -9500 91 6539 -5004 1361 7110
-1219 -9441 -7266 -4897 -8136 -3831 1089 9500
-1841 858 -9500 8240 -9427 8142 -6555 5199
3901 -5351 6841 -7695 2078 -117 -9500 9022
6747 6967 -6092 8228 -7190 6310 -4858 -9500
2919 -9467 -9160 -3169 9500 -3603 5125 -8670
9500 9171 -6169 -7832 -6687 -8287 -9120 -8612
9500 819 -8371 5310 2615 7941 8691 2882
-6240 -5971 6754 -5315 -916 9500 -5664 6877
-7815 9500 -5570 8828 -4966 8209 2183 -542
5901 6879 -9500 -9161 8465 7673 9366 8914
-2408 3801 -7698 9500 7632 -9386 7544 -9242
-911 -2899 7759 9478 7865 9500 2961 1707
9500 -3039 4344 6773 2603 7491 596 -8088
6681 6811 9500 -291 -6686 5614 -3087 7931
7011 8027 6031 -6711 -3460 -9500 -2967 8629
9258 -6524 -9500 6498 5212 -3293 6370 -4128
5018 7764 5533 8173 7940 9500 -1321 -4320
-9500 -4051 -5392 -6726 3486 -5795 5020 6811
7412 6769 -1213 9500 8436 -2120 8855 -461
8583 -8095 -3290 4219 -9500 8648 -3329 1319
-9189 -3561 -9500 447 9260 -2237 6539 -8022
9077 4662 5771 -4846 -9500 -1639 -9414 -1058
-7258 3091 -7708 -664 -7488 -2823 -3159 -9500
-8810 -3625 -1653 6672 -6716 5412 -9500 -2905
-9500 -7125 6584 5238 -3723 -2293 -6882 -4741
9329 7507 -4150 -6465 -8930 -9500 -4394 -1403
5990 4954 -6216 6703 -393 -9500 3599 -9088
2634 -2798 9163 -8617 -2527 2697 -9500 9047
-6713 -6830 9500 2833 1363 8911 -2214 8624
9258 -2891 -1068 9500 8106 7073 8331 6819
-8525 3873 8099 4923 -9500 205 -9169 2239
-9500 9295 7059 -7517 4964 -5781 3460 -4479
9500 -5062 8680 -4165 -5031 7607 -4817 342
7251 9500 -3718 -5454 7240 9150 7408 9489
-9500 1472 -8108 -3043 781 -7201 9411 -1999
-7933 -9500 7559 9332 -1269 -943 -5396 -6077
6232 4936 -9500 -8488 -545 398 1147 1916
1587 -6755 8539 -2949 -9500 750 -7964 -4017
-6902 -9479 -6179 -8975 -6588 -6385 -6938 -9500
-6164 4727 2618 9500 6703 6787 -2899 -9445
-6077 6095 1592 -3687 1942 -4094 -8197 9500
-3077 2639 -375 881 9019 -5514 9500 -5860
-9500 1312 -907 -8897 4476 -7696 1181 8881
7187 -1813 -8104 -4353 3708 9500 7914 450
5502 -8589 77 9500 -6585 -6401 3681 -9274
8564 -465 3868 9500 -4553 7078 4057 -7492
-7372 -9500 -6040 -3202 5416 2532 -479 -3401
9500 -6573 5712 -1819 -1186 4671 -8871 5639
-8012 -7900 -2682 -2822 9500 9142 6676 6640
-3335 -823 -7835 -9500 5666 3950 8144 8439
7114 9500 7392 8995 8754 -1696 -9023 -1083
8256 9176 4298 5641 5424 4655 8776 9500
8501 9500 4178 3725 -5814 -7430 2847 4312
6247 6511 1125 -1917 -7075 -8567 7275 9500
-6882 5660 51 253 9500 -7631 -8516 6556
9500 2083 -7101 -8514 -7317 -8249 -9495 -2170
8178 -5713 5248 6304 -9500 3018 -4669 -6690
5235 6967 5543 7385 5708 7735 -7082 -9500
-8089 -7597 8999 -363 -4890 6245 -9500 -4715
2698 -8128 -4089 -6669 -9500 2614 5931 5442
7196 -8065 -6110 6773 -8371 9500 -6103 7220
7316 -9500 -6322 7177 -6127 8159 -5933 7936
7932 9500 -596 -2377 -4722 -4672 4285 6872
-6754 -9500 5196 7753 5022 5458 4982 5401
8682 -9500 -8263 8918 -7521 8635 -6169 7264
9500 -9202 7154 -6370 5268 -5807 8960 -8959
-9500 -9385 -1159 -1009 9310 9212 2175 2013
-2161 2913 -4164 4211 -1121 750 8609 -9500
-9203 -1010 -5726 7262 -7852 5575 -9500 724
8383 -9500 2408 -3945 -1005 32 8239 -9278
6248 5626 4045 7413 -6267 9169 -9500 6294
-6345 8314 7678 -9500 5514 -6223 974 -365
-8244 -9500 -4857 -7940 2120 5085 -7920 -8649
783 9403 6955 -6882 -2460 -8946 64 9500
-5398 7649 4015 7502 6320 -7073 -9500 614
-5367 9014 -1296 9500 -8750 -335 -6254 8538
-8357 -7518 -9500 -8764 -6983 -7835 8707 7896
6849 5915 9500 2035 -7965 -5109 -2249 6222
3042 9500 -5831 -8930 9290 -1080 9413 -758
4555 1993 8156 7362 8294 9500 1152 -1977
4536 -8463 -1695 9500 9223 6255 7758 -6165
9466 7681 6810 5359 1856 1988 9500 8237
-9500 -670 9083 -3552 -7218 6730 -9481 1869
83 9500 -7338 -5641 -9342 -862 -9274 2118
-8593 4666 -4260 -9500 -5477 -8758 -8764 -4656
8496 -9500 -4398 3379 -4744 3778 -4330 5867
-9500 -7324 -6154 -3775 6189 7252 -8826 -9206
3393 -3256 7362 -7919 8969 -9500 8796 -9106
-3776 -4255 -3252 -3841 9500 7788 9318 8119
6263 6355 2940 9500 -7347 -4164 7924 -2571
-2699 1675 -8641 7827 -8953 8174 9361 -9500
7666 -9500 5508 -6642 -2944 3436 -1846 2074
7428 -9500 1856 -5043 -1547 -1235 -1732 4915
435 -1321 -6134 -9500 544 2628 6435 7361
9500 -1969 -5837 6621 4187 8169 9473 3385
-217 -9308 6244 -5552 -1116 9500 -6867 183
-6549 8832 903 -1236 7046 -9500 5146 -6914
-8768 -7675 9500 8140 9290 7707 5688 4324
-5501 -3790 6587 4958 9500 8956 8170 8465
7216 -9500 -4514 4290 3393 -2663 7251 -9464
8796 9500 321 844 -6783 -7141 4440 4469
1692 1023 -9069 9064 6149 -9500 4976 -3103
-7365 -3911 5678 5107 8873 6592 9500 6086
-7973 -1086 -592 9500 -3185 9310 -3404 9246
-9500 9443 7469 -6846 7911 -7374 8532 -8140
-2974 3352 -9500 8114 -9330 7871 8442 -6892
7486 5846 9500 -1850 -4734 -7106 3604 7363
-1974 -300 -9500 7974 -4070 6289 7997 -6218
9321 -305 -9354 6664 -9500 1567 -7951 -4388
1902 9199 -295 9500 -2529 9125 6670 -5944
-9500 -8801 -8739 -5333 -7162 -3762 -7159 -7507
-9162 -1635 9500 -2835 9454 -2948 -5315 -5386
-4034 -9500 -4290 -9270 -5786 -7499 6258 -7544
-7899 5536 -4124 -9500 -5489 7559 -7377 6064
-8147 7364 8827 -6061 9500 -2064 9051 823
-7705 9500 -2136 3045 3405 -3594 -7796 9022
7596 9500 -4872 -6322 -6918 -8761 3887 5123
9301 4322 9014 5435 9500 2491 9389 3807
3487 -2582 1695 -3364 8248 -9500 6401 -6265
-8240 -6015 -9500 357 -1488 8918 -4876 -8679
-7295 7843 -136 -1317 4007 -5986 7607 -9500
8965 -1447 3117 -7060 -9500 108 670 8274
-6200 -6837 -8696 -9500 -5026 -5404 2322 2630
-9453 8183 -9500 8245 9186 -7883 9380 -8095
2482 -9500 103 -9336 -8629 6180 9409 929
-4228 -7349 5429 6440 1693 8675 -9500 -41
1799 166 7376 -9453 8573 -9500 5005 -3813
-9500 52 -7971 -3995 -1524 -8490 4694 7138
-9500 -2040 -6643 7116 6958 5618 1373 -8686
-9405 7398 9500 -8966 6224 -3195 -2967 5335
-5970 8499 -3431 9497 98 9500 6939 -7785
6188 6763 -9500 -1402 8769 -1751 8027 5285
-7006 7983 -9451 1678 -258 -8906 9500 -2534
-7762 6546 8214 -5536 8657 -2672 -1900 9500
4927 4080 -678 -1560 9500 9264 7561 6893
-4349 -7044 -9500 1421 7420 -5174 -2280 -7704
-4354 8263 2530 9500 8449 -360 -5344 7415
8108 8236 3422 2163 -8212 -8321 -9500 -9350
8731 9297 3424 2764 -7007 -7793 -9026 -9500
9500 7485 9178 7496 1909 1765 7060 5473
-5349 -2581 -7899 -9500 8011 6764 2459 5974
-9500 188 9143 2962 6645 6905 -7634 5202
743 9500 4486 6993 6180 -6028 -7288 240
-9149 7836 -9500 9487 597 644 8224 -6850
-7607 9500 -1326 5291 -7011 4420 -8807 8879
3418 -1137 3126 -854 -9500 8970 -8676 6816
-5185 -4138 9500 8125 9395 7970 6520 5317
-4246 983 583 -4631 -8791 9500 -4401 1187
9500 -5456 8084 -4583 -3596 2185 7330 -4297
-8204 7086 2427 -1180 -6097 6731 -9500 8561
7101 5759 -9158 1901 5609 -5845 9500 -933
8708 -3658 9500 -2390 -5699 6468 842 -8411
9500 -168 -9400 -562 -6742 8327 7733 4995
-1536 -825 6386 -9500 7663 -7515 465 2122
9173 -2023 9198 -1572 5482 9500 -8979 -1920
-3172 -9500 6740 7156 3437 9413 -5013 7562
5207 -7080 -9500 -997 5940 7760 8867 4226
-9500 252 -8166 -5775 9055 -1734 -7418 4470
8485 -5873 9500 -1250 7562 4414 -5539 8783
3780 8161 -2413 -8622 -9500 -1966 -7759 5762
-6423 -7762 -4513 -1811 -9500 -9271 -8127 -8808
7830 -9500 7817 -9465 -6240 8156 1161 -2297
9500 6232 -7883 -5951 -7880 -4969 -3458 -1724
-4626 6417 -5390 4201 -2834 1262 9173 -9500
-1761 -334 -4235 -2108 -8483 -5257 9500 7251
1481 -194 9407 -7572 9500 -7673 -4546 2906
-4594 3970 7226 -4561 9500 -6800 -8183 5351
-6073 7626 6525 -7629 6804 -7985 -7730 9500
416 9500 7883 -1935 -7815 -4856 -8244 -3321
-4084 3786 -9202 9500 -2566 3031 -3995 3694
2388 1599 4479 3748 9500 9239 -6136 -5487
9500 4420 4115 8710 -4812 -8607 3715 -6550
-2523 -9500 5766 7158 4083 8871 -7031 -3110
-1759 -3501 4909 5766 -9500 -6684 -7843 -7594
-7556 -5341 -7544 -7963 -8916 -8702 -9500 -8853
1175 9500 3187 9285 8395 5292 -1744 9013
6241 2865 2093 -9172 -5847 -4110 -510 9500
-7667 9500 4073 286 6831 -2890 215 -4413
-2048 2328 -1184 1417 5690 -5870 -8908 9500
-9500 7005 -9245 6658 5306 -7317 7105 -4062
6317 -5982 9500 2558 -7830 -4983 -6716 -5903
3373 -2144 -3152 1989 9500 -6496 9125 -6227
6271 -6493 442 -8261 9500 2432 7349 -5666
6895 8384 -7433 -9500 7265 9357 7275 9366
-471 9500 -8409 1793 1632 -9221 3155 -8583
7957 9500 -3239 -4540 -7158 -8866 -7811 -9465
-1644 8413 1097 8253 -6398 -5700 -9500 -54
-5943 7703 -5854 7611 7785 -9500 -1530 578
-9060 -5597 9500 -672 6581 7577 -1392 7669
1987 1200 -9500 -6587 6397 4532 8905 6203
-1849 7000 9500 -1951 -8092 4126 -6442 5438
-8950 3102 4300 7197 2144 -7843 -9500 -1579
2487 -1725 -6454 4890 -9500 7566 -2715 2366
1707 8815 8209 1441 -275 -9500 -3481 -7625
9500 7961 -3148 -4130 -7506 -7707 -8050 -6367
5572 3088 -9096 -9500 -5009 -2398 7554 9237
4964 2365 7382 7915 -9500 -7707 3541 968
9500 8019 4705 2749 -5186 -5323 6033 5938
9500 -2382 -7767 -4768 -2910 7853 6608 5835
6983 -9500 -6334 8912 4135 -6739 4898 -7518
-9476 6872 -6565 3884 6721 -5871 -9500 6952
-5554 -4008 -554 -3749 -6662 -9500 -5587 -4057
-5000 7012 5908 -6153 7370 -4310 -45 9500
-9500 99 -3052 5633 7091 -4066 -6734 -4001
-5070 -5282 -6045 -6278 -9223 -9500 6392 6633
3272 -1782 -8470 6420 9500 -7543 7940 -5909
796 -9500 8704 3553 -5255 6470 -7780 2545
-5834 7916 -9500 5471 -227 -8821 6574 -7589
-9500 2102 -3164 -8427 9090 -3499 9448 1478
-704 -2890 -2715 -1190 9500 -5569 8807 -9366
-7461 9500 -6297 3868 5906 -3453 3356 -804
7604 -5665 -3689 8931 -8938 3204 -9500 1082
-3907 -2985 9336 8645 3523 2605 -9500 -9334
2133 1156 1175 2011 7388 -8277 9500 -6996
6915 -5255 8494 -9500 -2750 -504 -3500 423
-7647 6916 5416 5504 9500 -416 5578 -8050
7989 7245 -424 -9500 -9262 -585 5171 9293
332 -9500 8015 -7774 9425 4202 -2253 -8994
-2498 -1260 -50 1473 3062 1905 -9121 -9500
9029 -9500 9433 -6371 -3677 5774 -2192 -855
-5731 -7321 -5138 -8066 -5653 9500 -7829 6048
-9032 -9500 -8994 -9426 8822 9219 -5816 -6283
-9480 -3726 -6090 -9169 -5506 -9476 -9500 -3562
-4918 5283 3435 -2228 7301 -5988 -9500 8870
8880 7137 8018 6576 -9500 -7126 -4373 -3990
9500 2010 5766 7527 -9476 -2256 7611 -3867
-9500 1008 8747 -2708 2669 8941 -3986 7386
-3904 1967 7221 -4393 -9500 6433 -8681 5554
-9409 -9345 -8991 -9500 9434 9402 495 1806
7362 -4482 -1122 -8822 -7905 -5950 -9500 -1233
6255 -4887 9393 249 9500 1122 -9009 1086
303 -2218 -1680 -3970 -9500 -8018 738 3151
-6757 6186 8612 -3646 9500 1431 9255 2640
-1090 -9500 -5167 -8684 5726 -6490 631 -9259
-7571 9500 5599 -8084 2378 -1810 -3901 6135
-1236 -6694 -6474 -4843 -9500 -2095 8356 -4819
4674 -9237 1174 -9500 9155 3240 6645 -8504
8750 -5987 9220 6539 -3768 9500 -8882 -6931
-6898 -5152 -45 -291 4909 3310 9500 6768
5275 -9500 -4932 2817 -6914 5986 6516 -5309
-8964 1257 -8589 2061 9500 1087 1365 -7549
-1039 -8480 1980 8256 -4168 8137 -9500 1285
-387 1263 7605 -9500 6097 -8096 -2767 4189
-2087 -3899 7254 9500 2918 4896 -3044 -5045
6991 9500 5741 8427 -6799 -9468 6831 8986
-3316 4822 -5832 5241 -8808 9500 -6447 7851
8509 4608 -9090 -3318 -826 9500 2062 9349
376 -9500 1171 -9356 7036 -3459 -3637 8198
-8953 -3537 -6607 -5783 6973 5512 -9500 -2734
6143 5357 1107 9500 -2940 8583 -6684 -3992
-8866 6232 -1286 1901 6905 -4494 9500 -7335
-6613 7325 1960 -1756 7768 -9500 -978 597
1076 -9500 -8204 845 5816 6444 7319 3964
-9500 -1991 9386 1377 7108 8599 5881 9230
9161 -9185 -9077 9500 2172 -4309 8184 -9267
6462 232 133 -9500 3905 -7628 5742 -4449
-6234 -9500 -9104 -6278 7934 7758 8757 6746
-6814 -7612 2948 3614 8828 9500 8716 9259
-1648 5432 9500 2527 9278 493 -9395 -854
-7708 3395 -9500 -4134 -2939 7690 -5805 5609
6626 -8977 -1045 2510 -95 -900 6921 -9500
-3874 -4577 3658 4309 -2989 -3807 -7781 -9500
2399 -9500 -7565 6798 8663 -5584 4950 -8606
-3086 -9500 -4571 -9162 -4558 6079 6700 -3157
-6259 8686 -3837 4994 6275 -8711 -6772 9500
-920 9050 -9500 -3696 743 -9094 6526 7964
-5278 8831 -8611 6629 -9500 -2387 -6425 -6292
2985 3222 -3191 -3382 -8525 -7268 -9500 -7763
-6601 -6453 787 -8314 9500 2754 2084 8241
-7860 -6188 -6409 -3476 -9314 -6201 -9500 -6578
-4429 6655 -3922 -9500 8644 3158 -988 8954
5908 -9438 5208 7797 -9500 -2553 -2766 -9220
779 8149 -3608 7283 9500 -2624 1399 8155
7684 -6983 -6969 4340 -9500 7202 -8373 7344
9410 -8555 9500 -8642 -2241 1923 -3825 3606
8291 79 -497 -9500 -5376 -8316 6373 7418
6931 9306 -9500 910 4583 -8952 6195 -7415
-2735 -3246 9500 8230 3546 3941 -5364 -4046
9457 6959 5756 3147 -9500 -7012 1724 3275
-6754 -5553 8748 6188 -9500 -6829 -8912 -7021
-453 397 -9500 7228 -8750 6637 4624 -3564
-7834 2869 2087 9500 8345 2313 8402 -262
-6708 -9033 2649 1285 6473 9500 2065 5226
-3339 8967 -628 -9486 9500 -2527 -880 9478
7882 -5470 9500 642 -9441 -982 2467 -8605
-195 -661 7260 -7003 -3701 4056 -9500 8643
-9500 -549 -9194 -1175 3519 6364 -3115 7904
1815 -1267 9500 -9057 750 -1156 -1366 1733
6059 6340 -6163 -9199 -7078 -8618 6997 9500
5535 -7291 -4511 8171 543 9500 4350 7908
484 -1566 -9281 -6228 9500 8059 6154 3147
7892 -6254 -9500 1531 1649 7927 9207 -3937
-7439 712 -177 9261 3175 -7245 -399 -9500
-9096 8266 1024 8311 -8073 -859 -9500 2595
-326 1312 -9500 9117 -3805 4770 -2075 3063
-9500 -2235 -3006 -9041 2903 -8223 7353 -4724
5187 -1968 -9490 8690 -2031 -1581 7467 -9500
9163 -9500 -3602 4190 3533 -4122 6431 -6926
-9500 692 -7485 5430 9188 -1939 6386 -6798
6142 -6944 -1690 -7072 -4196 -6252 -9500 -2338
-9500 8170 -2246 -114 -794 2927 -9409 9092
-7410 5737 -4668 -8361 1917 -9127 9500 1837
-2057 9500 -5007 -6904 8158 -610 1663 9135
-7971 995 -665 -9500 -1456 8930 -2908 8172
1720 9500 368 -9284 -8209 2254 -279 9304
-5035 6457 6914 -3125 4907 -6620 1412 -9500
-7908 3513 8241 7008 7121 -5085 3205 -9500
5565 -4280 -9500 8663 -9331 8390 8908 -8604
-8076 -5524 -7098 -6988 4374 -9500 -8069 5763
2742 9500 5896 8011 6617 7036 4248 -5819
2858 5807 5907 9500 -7116 -9418 -6581 -8344
-6549 -9153 6912 9500 -5171 -7704 -6299 -8903
8409 4330 -4854 8395 -9500 6557 5501 -8285
4111 -9369 -7770 7668 -7713 7717 -2810 9500
6877 7971 5900 -6343 -9500 -4618 5031 8906
6038 6791 9211 2678 -4509 -7868 -2094 9500
-6986 -8697 4899 2911 8518 7798 9057 9500
-8986 9409 9500 -9065 7602 -4734 6867 -3743
7741 -7813 7518 -7990 -6119 -6442 -162 9500
-9003 -9500 1256 891 5214 5847 343 797
-2507 -2372 9329 9293 5810 5657 -9500 -9353
3457 -2026 -9500 8163 2440 -3056 7687 -5990
-3806 5147 -453 212 6549 -9500 -6172 9084
8424 1952 -5707 -8349 -2428 9500 7805 4999
-1693 -3081 9500 5244 -1003 1259 -8747 -7308
-9500 106 -7513 5345 -966 -7291 -8947 -1725
8331 -7095 6088 -6886 -7565 6241 -9462 9500
-8724 9500 -8395 9081 5846 -6382 6672 -7207
-9500 6998 6306 -3879 -1259 -110 -9482 6943
-1908 9500 7664 2075 4473 -7580 -7700 -844
4314 -6471 9500 -2378 -8084 4281 -1502 -7058
5984 -9097 -7088 6142 -9357 9500 -916 3740
9211 7020 9500 8371 3919 4125 -2204 -883
-6942 8121 -4191 8910 9500 -6231 3443 -8991
-6026 5483 4540 9500 -1055 8801 -4478 6844
6816 -8599 786 -2211 -9258 9500 6164 -5699
-7259 -6787 7221 6873 6147 8533 -621 9500
2292 1592 9500 8089 -1466 -893 -2514 -1781
9451 -8150 -4964 5008 -9500 8224 -5119 3816
-7001 5704 -2067 9500 1771 8805 7705 -3421
-1141 4252 8666 -5959 9428 -7022 -8206 9500
-323 -2269 5769 7702 -4870 -3682 -8777 -9500
-9262 1615 694 9208 -1883 9500 -8331 5581
9500 7575 8612 8592 1338 -7750 4053 -5856
4544 2298 3731 1241 -7442 -9466 7555 9500
676 2101 9500 -8831 8933 -8540 -2835 4685
3102 -6643 -577 -7208 709 7208 9500 -173
6124 7262 2293 9500 -6397 -7006 7107 6253
-8966 -3190 -9500 2327 491 7457 9000 -3276
-9436 -1493 4828 9500 -5584 -8942 -6093 -8494
6478 -5016 -9325 7921 9500 -8409 8149 -6650
8698 -1098 -6421 -7032 -5147 -8144 -1760 -9500
-3298 -5282 1346 1033 3050 4954 -6597 -9500
1319 -1374 9339 -8159 -9500 8308 -90 -128
-7604 -4216 2263 1282 9500 5278 -4812 -2699
1677 -9481 682 9500 1242 9298 4339 6400
-498 1123 9500 -7793 3343 -3398 -3711 2364
-9500 -3666 -5956 -7863 4039 -7313 8615 5522
-9500 2200 9472 -2327 6455 -7128 -9002 -3067
-8249 -6279 2653 575 9500 9260 4547 5758
8637 -1891 2092 -8270 -9500 -1861 -9088 678
-8390 6257 5170 -8823 -255 -9500 -8987 -3028
-3102 -9500 -7350 -4713 -7507 1407 4905 8483
6902 -5514 -4645 3317 -6886 5096 9500 -7313
6171 7800 6118 -9193 1912 -9500 -7124 8979
7435 -9039 9500 -5179 -8671 7513 -5457 -6191
-9500 -6512 -1688 492 -1060 1007 2159 -102
340 -9178 -9500 357 -5518 -8683 -4823 -8961
-1242 -1385 -3762 -4749 7277 9500 6794 9180
739 1672 6650 -6168 9500 -7159 8450 -4604
-5007 5531 2940 -3297 3200 -3579 8755 -9500
3346 -9500 6823 7641 -8030 2961 -8551 625
-8204 8743 1568 1120 3759 -1626 8352 -9500
-7366 8891 -73 -1055 141 -1298 8443 -9500
-1530 -190 6426 -9500 1188 659 -7051 8623
1162 7378 4594 -6202 -7410 -5140 -9500 660
564 -240 3319 -3529 -2731 2824 -7727 9500
2574 -204 6693 -9500 -6052 9236 -795 4148
-7507 -7328 -3225 -3208 -2523 -2529 9500 9200
6670 -6285 7098 -2450 -632 9500 -4436 9257
9500 8552 -3528 -4560 -9442 -8539 -7191 -5053
-5940 -6429 -7288 -5536 -8212 -4603 -9500 -769
-9500 3715 -4225 8295 8947 -4668 -8061 -5490
-7589 -5934 -9388 -1087 2801 9500 9439 -257
612 142 9500 9147 2139 2450 -5500 -5569
-2104 8401 1272 9454 1887 9500 -7402 3132
-7329 6031 9500 -7974 1953 -1888 -6981 5728
-5147 -9500 5940 -8019 6835 8028 -5314 -9386
-9500 6064 -7937 5401 -2720 2268 939 -63
-4207 -8814 9259 -4987 -7870 7835 -9500 -111
4888 5418 1467 1269 -6761 -7752 7855 9500
-9500 7897 -6066 7339 -2405 -67 -6575 4217
4476 9027 -8519 2617 -9500 -2979 -2969 -9359
-8609 6455 -9500 6955 6350 -4836 1802 -1146
4002 -3588 8381 -8727 8077 -9500 -5853 7219
-9500 9458 -7959 9229 2791 -4252 -9312 9203
-3565 -7355 5468 5775 -4377 9500 -8531 6825
9500 742 -7316 3861 -7076 4136 7949 5994
-2553 2901 -8592 5128 6425 -5173 9500 -6360
6342 -4224 3588 -7714 -2955 -9500 7113 5559
-9500 2996 9315 -3732 8693 -5299 -5427 -7701
-5534 2315 -8618 9500 -5161 8187 -2053 5766
-7711 841 4395 -8294 7443 1587 -633 9500
-7072 -3609 -1235 -9500 6400 5624 -6134 4180
7779 -7504 9480 -2733 5782 7013 -9500 2383
8314 -8993 2058 -4204 -8241 9500 -6069 8101
2471 -3744 -8706 6324 -9500 8969 8984 -6612
3795 1023 6797 4937 -4947 -2444 -8947 -9500
3941 5903 -5882 -8274 6650 8284 6947 9500
6674 8348 9500 2782 -1446 -9135 -4005 6708
9100 4534 -7214 -8474 -9500 -1139 8062 7184
-6986 -9500 269 1845 897 2616 2718 4801
-6301 -8153 -1445 -2332 -7226 -8826 -7575 -9500
-559 -9500 -7530 -1291 -3846 9370 7702 -4221
1169 -1545 8311 -6997 9500 -7787 -7654 6526
7562 -5060 7704 -5229 9500 -7548 -3889 1033
-4254 -5139 9500 -1174 -9049 4426 -9438 906
4356 9002 -8490 1892 581 -9500 7627 -3977
-1230 9500 7577 -4569 7799 -3808 -804 9491
9500 9422 6328 6662 6223 6565 -5966 -6326
3240 9500 -6779 -6338 -6767 -6358 8189 -1009
2267 -976 1021 137 -4737 3242 9500 -8113
8002 9500 -6450 -6874 -6857 -8509 7526 8348
-2856 9418 -4737 -7099 602 -9500 1329 9070
9253 1085 8603 6673 6009 9500 1190 -9487
-6675 9500 -6869 9206 -6637 8791 -5855 8584
-5728 -2613 2460 5173 9030 9500 -8928 -9467
7814 -6364 177 -734 -5185 3962 -9500 8312
-452 9500 -7713 4268 -8437 2035 6748 5969
4835 -5896 -8670 1557 9500 591 8221 -2331
-8539 3795 -8153 -5360 -7312 -6515 9500 61
1695 -9500 4118 -8898 -8880 -4665 -8789 -4807
-8838 3763 6488 6589 -8186 -5151 -9500 -3171
192 9500 7142 1754 7295 -640 -2400 9056
-3498 -8505 9500 -3843 3589 -8677 -450 -9125
-1245 6029 9500 -200 4124 -5507 -9459 667
9500 2628 -2578 -5898 -7951 -3995 -879 6054
-2678 145 -2060 807 9213 8641 -9277 -9500
8975 9500 -9334 -7982 -4826 -2518 3341 5350
-9500 -274 4586 -5555 2043 -7200 -9394 -7133
9500 1956 -367 -8307 -9389 -2827 -2577 7537
2389 -168 9052 -9500 1222 -3679 420 -2859
9500 1571 3873 6694 -8657 2482 83 -7042
5294 6977 5156 7045 -9500 -1002 9168 -1611
1143 -9500 -6287 4992 -5951 5565 2281 -9036
8129 -4397 9185 1297 -9500 627 -6458 -5045
-8312 -2559 3597 -9500 -6949 -5293 -8227 -2795
-5834 9500 -3593 3483 -6068 7921 -6441 8753
8565 6483 4301 9500 -8907 -6064 9495 5222
-6393 -9250 1471 3959 6255 9500 6212 8602
1442 9500 -2739 7819 1991 -8409 4276 -6079
8252 -9500 -2796 4415 -4680 4477 -1865 1003
-7663 -4876 -822 1323 9500 7810 -5986 -6290
-7260 5630 2139 -9453 2861 8232 -1160 9500
9019 5486 -1558 8847 -3301 7919 9500 1806
2053 -3634 2041 -3621 -7956 9500 7802 -9371
-5000 -3918 -6152 -5041 -1992 -2581 9500 8740
8433 2274 7795 -5135 7704 -5341 -4093 9500
-2111 9498 1632 -9500 -2193 -8369 -4283 9019
-8476 -9495 -8480 -9500 -1331 -2170 5071 6509
8991 3548 8656 637 -8957 -2340 2585 9500
-9500 -8441 9280 8121 3170 3559 -8971 -7758
7196 -3321 -8803 -4015 -6029 5106 4918 9500
-9436 -163 9500 943 8913 3935 -4825 6519
-9032 8802 -5882 7471 -1116 4088 9500 -7206
6850 -5501 7413 6711 1979 9500 -8121 -5714
-9445 -2646 9500 1607 8409 -1630 -7044 -6100
2666 -1081 -8845 9500 -7296 6245 8604 -7905
8514 -125 3653 -7792 1238 9500 4188 8992
9500 -264 5048 -6993 -3720 7595 2438 7980
-1144 8716 9500 -2082 7380 -5441 -8107 -5779
-3778 1957 -7504 6944 -983 3393 8430 -9500
-1384 926 8561 -9500 7758 -7925 2966 -2638
3272 -8512 7814 -5691 7741 5952 -9500 3122
-4377 8492 5290 -7495 -1153 -9500 -4684 -6677
3777 2841 9500 6349 8925 5875 -3648 -2143
-8454 -3141 8515 2987 -1303 9500 -8700 -2467
-2844 -2987 7095 9344 7169 9500 6835 9461
-2969 9331 1778 -9500 5480 7453 -104 9500
9480 -1368 2899 7625 -9500 3789 -1901 -8142
1418 8423 384 8549 9500 -1571 2236 8250
-4870 3121 9440 -9500 -9441 9496 -8976 8373
-2415 -2010 8148 5698 -3381 -1900 -9500 -6479
-5044 -6237 9500 -1025 -3738 6180 -4057 6063
9459 2225 5957 -9500 -8049 7801 8262 4659
-2747 -9500 3999 -8848 -8947 4692 -8002 -6559
-5689 8333 -1071 9500 6372 -7393 -7292 4026
-9500 8582 -9018 7781 5169 -3285 -9250 9125
-8230 -5235 -6156 -7829 8501 -2182 1016 9500
6186 9500 -4193 -6961 -2023 -3985 5081 6586
-7341 7207 8639 -8568 9500 -9487 1463 -1787
-9380 -821 858 8992 9500 39 -8692 -2943
9500 -9391 8792 -8421 -4247 7372 -5913 4655
-8198 4890 -9500 6205 -5826 5787 6044 -5922
-9500 -1785 -7398 3160 -7329 3228 -4505 5264
-6558 -66 -3139 -9122 5812 5078 2592 9500
-9500 -8198 -8822 -7888 6403 6486 2412 3740
5324 -5563 -1045 7942 -9500 -214 -2094 -8624
871 -9500 -4583 -7606 -5438 -6629 5301 6807
1430 -2718 -4412 5714 8976 -9500 5268 -6540
2473 9359 -1664 9500 1784 -9472 8789 -779
6666 -5484 -1132 2094 736 -1729 9500 -8805
7448 9500 3669 170 -1878 -5394 -9253 -7957
9500 -6628 8383 -8427 -7016 -6076 7843 4960
-8270 -8404 3857 4046 -4814 -4670 -9410 -9500
7083 7440 123 -2275 -8069 -9500 6200 9138
-9500 -3697 -6794 -8842 8235 6981 -6011 8148
2470 3652 9500 7046 9500 7038 -8871 -7269
-2328 -2129 -6518 -8626 -7808 -9500 -4024 -4316
-9500 -1776 -7236 7727 7579 -7276 -8528 -4887
2616 -5548 2956 -5971 6496 -9500 -585 -1263
-621 -787 7865 -9500 8480 -9129 -7443 7567
-8265 -6009 -5452 7520 -7483 5894 -9500 -4114
-8826 9500 341 -3726 2365 -6314 -147 3472
-9494 -7464 9500 7335 6187 1826 3014 -1358
8985 -6916 8754 6631 8097 7339 5093 9500
3859 -9204 5670 -8409 -1849 9500 -8485 -1823
-8073 -3902 -9500 -916 -4111 7194 -3504 7379
4320 2744 9260 9500 3854 6327 -363 1855
6509 -5192 9500 5654 4588 8309 -668 -8301
8687 6768 -8216 -9500 4952 7627 9218 7814
5403 -9454 -5583 -9185 -9500 -890 8111 -6083
4580 4510 -7785 -9500 -4448 -4342 2970 4530
1879 8748 5698 724 4657 -7249 2598 -9500
9103 9500 -4742 -3861 -8808 -8833 809 -404
8096 9500 -2304 -3770 -6314 -7854 4980 6536
-9500 980 -3396 7208 -6990 5214 -8267 3821
-9425 7096 9500 -7170 -8816 6917 -8967 7016
8337 -9500 7006 -8623 -6302 8072 8546 -8082
4831 9500 5874 -4640 1308 -8029 -9422 -6755
-4275 -2832 9244 9500 -8858 -9290 -5068 -3680
-4094 -8033 4983 7482 -5584 8010 -9500 664
-8872 -6996 2093 931 9500 7740 -262 593
-8700 -3099 -8249 -3708 -5928 -6067 2564 -9500
9500 -9379 906 -4489 -4373 2135 304 3028
9318 -9500 8188 -8687 -1870 1334 -2102 2737
5567 8057 2190 4939 8307 9500 6175 8535
3674 9500 7370 6883 -9403 -3070 -7199 6637
9500 -6749 -7962 8235 -6509 -9240 7874 -8305
-7624 -5343 4534 1864 -4114 -6818 -9500 -7615
-432 -6818 4756 5422 9500 -1923 9063 -3246
438 -9500 -3415 -8789 -5781 6686 7693 3873
-3291 9500 2574 -9488 -1425 -8426 -7907 -2423
9500 1403 8748 -4437 8446 -4769 19 -7268
-9115 -4267 6406 -6976 3620 9437 -9500 -3070
-6081 -9382 -5853 -9500 7310 -1749 8064 7270
-8743 -9242 -3000 -1897 9500 8337 3831 2708
920 9500 8016 6639 8681 -1581 -7616 3738
-5716 9202 -8976 -4797 -7939 -7033 9500 -1994
-8822 5963 1897 -1096 9500 -6445 5293 -3892
7819 7192 -4693 -4354 -9500 -8644 5886 5439
-3830 -8776 -5561 -8076 -5866 -7900 -9500 -1347
1246 -1919 2416 -1396 9500 -8773 3672 -4053
-839 9389 -2007 9067 -2598 8855 9500 5196
-9500 5709 8603 90 -6397 -4146 -7710 -2032
7184 5119 9406 317 9500 -2435 -9464 41
6821 -2589 -3469 -9500 3603 9472 7966 4273
8109 8969 6874 9500 -8086 -8890 -1745 -4812
-1858 -498 -9500 -6855 1337 98 8785 6168
-9119 -9325 6307 7298 8061 7817 -9009 -9500
-5619 -8986 -9500 -3210 -6983 5596 7764 7173
3305 457 18 -3925 -7716 9500 -443 4330
-2646 8368 9500 -1181 4170 -8236 -3353 8338
-1817 -837 8252 9163 -1041 -2435 -8382 -9500
-7547 1002 -6377 -5152 1198 -9500 7513 1249
-1318 8274 -8568 -7325 -3645 -9500 2042 -7900
8672 2039 7958 4030 -4993 -8082 4803 -9500
-6703 -9306 -7427 -9097 7459 9500 -3155 -5785
6086 6812 8612 8834 -9500 -9468 -1192 285
8120 -4809 2200 -8832 -4243 -9458 442 9500
7611 8434 1143 9500 -4199 8032 2033 -8869
-8927 5436 9066 -299 8830 -5886 -4574 -9500
9500 -3025 4425 9361 4815 9059 6625 7240
8318 4443 5135 6992 -290 -8298 9500 -3106
6262 9328 -5722 -4889 -5978 -5231 -8989 -9500
1939 9302 2497 -9158 390 -9500 -9103 1991
1359 -7625 9500 -2602 1281 7387 -1406 -7361
-8410 -5901 590 -41 9500 6844 -3297 -1961
7691 5237 -306 -1388 9500 7286 8064 5591
1653 -40 6404 9500 4226 7160 -967 -3331
3528 -4157 7164 -9500 -6023 7710 -4795 6923
-551 347 -7100 9500 -5923 8016 -1844 2774
-9500 -1109 -8579 -7586 8094 8064 7575 8455
-6790 4783 -4101 -8876 9500 4259 -5035 6379
-6331 -2252 -3707 9500 4815 5118 7299 -1522
8629 2714 8372 4448 1110 9500 5217 -6073
-5509 8723 -7818 6657 -2087 -9158 -1017 -9500
9363 -8534 -6109 7802 5161 -6941 9500 -8715
-242 -2242 4043 -1798 -9127 9500 -6626 4876
6460 -3217 3747 9500 -8125 -2590 5700 -4463
186 2283 6001 -6507 9500 -6799 1260 1440
-5951 7802 1214 8457 2345 8152 -9500 4520
1942 365 -6995 -6590 -9500 -6735 -5271 -3104
-6601 -4998 2125 -736 8522 9500 -3240 -573
-2253 8617 -3115 8210 -3021 -9500 1570 -8884
3614 -8699 3073 -8834 -9500 -689 -2545 8933
-8530 -9429 7777 6868 8144 9500 3894 6638
3677 -7908 6304 -5385 -9500 -2399 -9478 -3841
-3712 7807 -4259 -9000 -4049 -9078 -1698 -9500
-9117 3848 7403 -5640 9500 -3280 -8929 4096
-5586 3084 -6640 4338 -7922 9500 1991 -4729
5709 9500 -8436 -5395 7814 -5068 7234 7772
9401 -2901 6593 -7990 -7536 -5536 9500 458
9500 -2005 9450 1657 8985 3362 8070 -5817
6658 -1475 -6627 1658 -6848 -658 -2165 -9500
-8785 -9500 8755 9463 5247 5886 -7920 -8496
-9425 524 -8106 -4543 9500 -116 5995 6217
7696 -8223 9403 -5470 9456 -712 5558 -9500
9410 5162 7311 7202 2386 -9500 6726 -7946
-2807 -1635 5189 8175 7231 8179 -7940 -9500
8492 -5821 -7234 7212 9500 -3313 8913 -5093
8840 -649 7543 -5983 2599 -9500 4711 7516
-5293 7062 -795 -9500 -6648 -2915 -6721 4066
-2463 3388 8415 -7114 -6844 5452 -9500 9114
9313 -6150 -3516 2352 5690 -3789 9500 -6274
-2534 -6506 -6279 -3608 -7049 -4624 -9500 -8124
-9500 -401 8768 -1294 7882 6840 -8717 1386
-2096 -9279 -3337 9500 2003 9305 7513 -7599
-6248 -6509 8850 9226 -8755 -9126 -9115 -9500
6925 -2774 -2225 -9500 -4761 -7076 -4345 8549
-5968 -6121 -8493 -8655 547 661 9484 9500
-9442 6454 -9500 6794 1715 143 5408 -4934
-8748 -9039 9020 9500 8684 8942 2345 1372
-2865 -3401 -8637 -9500 8329 9249 471 261
9500 -1647 3986 -8340 -9189 -5365 -5256 7496
-2864 -8321 8920 2342 -9403 3128 -9500 -352
-3203 -4755 -7136 -8803 7849 9500 8549 8630
9499 -850 -9500 854 -9380 3458 5119 5115
8482 9500 796 857 1921 2188 6459 7266
4857 3505 -4859 -6467 -6938 -8541 9500 8443
-6852 -2753 -4233 9500 -3625 -8222 -6528 -3682
-5144 5758 9500 -8993 -1129 -752 -8191 5308
4498 -6506 7925 2747 -2512 -9500 1026 -8974
-679 9281 -3012 8432 -8844 -5696 475 9500
-9365 8514 -9500 8899 9468 -8914 9020 -8734
4490 7927 -8698 3519 9500 3418 8436 5224
-7360 -9500 -7521 -9187 4694 7195 -6802 -9186
6652 6763 197 -781 -8833 -9500 -991 -120
-3844 9500 9187 -82 7183 -7065 5874 -8350
9500 -58 -7337 6766 -8588 5065 9175 -3686
-7332 7447 -9500 8533 5155 -1803 -5061 6046
9220 8860 9432 9127 -9442 -9500 5009 4299
-9050 -3903 -282 9500 1479 -9192 -7597 -6803
-8380 7673 9296 -9305 6829 -9500 -893 -1915
8273 2836 6665 -4529 1141 -9500 -3656 8081
7667 8415 -5273 -6590 -8006 -9318 -8336 -9500
-7054 -4907 -9500 -8262 -3985 -4181 5088 3206
-9500 8455 6886 -7861 -6663 2627 -7119 3133
-57 -9500 -9007 1704 -7271 6048 6378 -7074
7542 20 1486 9500 -8143 -3275 4389 -5568
1564 -2375 258 284 8430 -9500 6776 -8191
5761 -8724 -5964 6261 -6722 9500 -4684 7671
6433 5988 -5005 7666 -7309 -4234 1993 -9500
9229 8264 -9500 -8509 7745 6945 8388 7519
9127 -7637 9500 -7582 -1277 163 1748 -2275
-8345 -744 411 9500 7225 -4321 -3940 -8598
-9341 1268 -9473 999 -9500 -3478 9139 4074
7637 -3786 -6231 5358 -8469 6349 -9500 6612
-9408 -2710 6397 -8188 -9101 2732 -9500 173
-9175 1613 -9500 -1133 -9254 -2654 7466 5856
3204 -9352 8669 -2497 -5040 -6492 1913 -9500
-7097 -8956 -8172 -9500 7031 6579 -3218 -5507
5773 -3731 1398 -33 -666 1634 9500 -8027
-8543 5536 1820 -7609 -6827 -4784 -9500 -1979
-9424 -1135 -9500 1313 6882 -6773 -8022 -4772
8621 8345 -3589 -5456 -3979 -5722 -9500 -6363
6634 6948 -4185 7135 -9500 -1835 3709 -7389
3893 7920 -2661 -8389 9500 -6062 4643 7571
-9120 -7996 -1726 -2815 9500 8211 6857 6551
-6739 -2372 -1386 -9500 -246 -9435 5438 6816
499 4447 -3641 -9006 -7946 -9500 -6939 -7659
-5915 -7503 -9500 -1459 8779 4260 1083 -8697
-4036 -7686 -4135 -7599 -5760 9500 -3775 -7909
1120 -7648 -5461 4503 9500 2693 1457 -7474
9500 1644 -1068 9458 -9328 2168 -8094 -5283
9063 3777 3925 6974 -8974 6076 -9500 -3313
-9483 -1101 3504 -7160 9500 2420 -2304 7736
9500 3692 9212 5033 -8935 -215 -6283 -7985
-6993 -5060 -5761 -6764 4892 7603 -523 9500
-673 -3199 -8453 -7513 -9500 -6949 9392 7390
8310 6656 -6450 8630 -9500 -139 -9390 -2673
3654 -8900 7756 2067 4866 7007 -645 9500
8357 6887 -4875 -2199 6860 8755 8402 9500
-7699 8233 -4171 -8472 -7750 -4401 -9500 361
5606 3448 4253 1965 -8304 -9160 -8994 -9500
6251 -7203 9500 1368 -7888 5276 -9436 1263
7605 4585 -9500 2836 -6469 8422 6238 6327
-5764 4396 -700 8739 -3918 -9500 -7783 -6456
4319 7805 4578 7594 8273 -4017 3079 -9500
6848 8286 -225 1912 -8092 -6890 9500 9174
-7764 6892 8710 -4701 8540 4205 4985 9500
-227 7530 779 7479 -9500 215 -846 7519
833 -976 9500 6653 -5178 -2537 -5485 -2801
9500 9216 -910 -2507 -7568 -8640 617 2215
-8295 -3677 9500 420 8522 -2437 4674 -5476
-9500 -3577 -5933 6264 2372 8882 1152 -8617
9032 1222 2256 9500 1270 -9167 8253 -2580
-5199 -2897 -9500 -7893 6146 3809 -2593 -524
-6437 -3388 -1799 -9353 5685 5719 894 9500
9500 -5413 6896 5693 -9454 -3191 -7294 -5394
-9110 -8377 3779 4997 4449 5473 9500 6455
2442 -3625 -9500 8349 -4030 4978 6861 -5189
7992 -3762 383 9500 -6516 5797 -3866 -9243
8951 9443 -5428 -6561 -6367 -7472 -8974 -9500
8508 -9500 8150 -9135 4329 -4900 4644 -5133
6733 9500 -7238 -9352 285 -2529 1077 -1511
3717 7799 5016 3574 -2001 -5740 -8853 -9500
7272 -6870 5974 -8081 -2129 9500 8836 -3857
-4487 -4309 -3345 -4254 -2855 -3735 8751 9500
9500 -1504 6600 4782 -8177 4960 -9302 -478
-5002 -6837 1799 -9500 7195 2674 -5947 6590
4123 8044 -7570 4097 -8810 -4378 9500 2169
2958 7737 -681 -9440 1181 -9500 4067 5961
6243 -5319 695 -9500 -7873 518 7094 -3619
8093 -2799 -4581 6788 -9500 -1559 -7042 -7773
5686 -8603 7595 -5585 -7337 9500 -2293 -1365
-739 -9500 -4147 8306 154 9500 7432 -5397
-9500 -8377 -9356 -8263 9363 8060 -5582 -4617
8259 5366 -66 -9238 378 -9313 3352 -9500
9500 -7990 -6243 7496 -3332 5321 8799 -6824
-4359 -1272 8568 9500 5701 3203 -4905 -8696
-8019 268 -4308 8766 835 9500 7901 -2948
-6685 3443 -9500 7685 -4817 6050 8875 -6084
-7000 3363 -3491 9117 7691 4839 3073 -9500
-960 -9200 662 -9500 7163 -838 -1515 -8984
-8425 -7533 8879 -880 7044 9158 -9500 -1982
4892 7794 2497 9093 -1112 -9500 8576 -4513
-6648 -5920 2561 1385 9500 9283 4364 5859
-513 3366 8092 9359 8479 9500 1818 -2182
-5788 6781 -2392 7587 -9500 1899 -7723 5499
3615 9500 9450 2658 7055 -5838 -9101 -4088
3438 -8952 -121 9478 -539 9500 -5585 -6461
9480 1623 -9178 2000 -4947 -8165 9500 -346
-7376 -3753 8313 -5479 -5317 9500 -8729 3586
-9500 8737 1324 -455 1995 -2591 -6324 5247
8083 -5184 -5509 7327 7186 5571 9500 -2508
-6391 -6464 2596 3059 9041 9500 4015 3903
-9500 -5834 -6366 -9067 -5770 -9289 -5472 -9376
-6173 4778 8673 -9500 2695 -717 -645 2809
6782 7573 -1520 -2866 -165 -1577 9500 8750
-9066 -9500 559 1031 7254 8017 -613 -1089
-8253 2328 6133 6016 2918 -9365 -1152 -9500
6732 9494 6842 9500 5041 5472 6655 9467
-8186 5839 5776 -8133 -856 9500 -3059 9257
-9500 -6054 -5964 -2805 5271 2243 -1098 -2459
7291 2472 5919 -8659 -7425 6772 -4559 9500
-9500 -8592 5469 7189 -3427 -5841 -7730 -8366
6774 6058 5610 4645 525 -1133 -7806 -9500
1448 223 -9331 7751 7569 -7625 9500 -8735
1064 573 9316 -8492 9394 -9500 2443 -3912
7805 3894 7585 -2176 -1786 -9500 -7995 419
-6974 7619 -7157 7491 6718 -7789 9500 -5127
-8198 6391 -9500 895 -7062 -5220 -6757 -5599
-3935 -9500 -4782 -9285 -8127 1682 7168 7833
9500 4306 -500 -8145 -7072 7157 266 8167
9403 7329 7817 6249 -6705 -5089 -9500 -7429
-8691 4859 7896 -6277 9500 -1377 9352 889
9500 -2839 -9331 -8185 -9148 3745 -8343 5417
9500 -1235 3738 8195 2175 8792 -2946 -8533
6322 -7534 9399 -3478 -164 9500 -7827 6124
-2431 8729 -7382 6048 -7507 5913 9500 964
4951 2980 -9500 -8117 -7923 -6205 1264 3092
3324 9262 5858 6708 8647 -482 2986 9500
-6587 8013 -9045 4859 -3230 -8773 -3546 9500
322 9500 6662 4519 -5829 -6467 -1859 8791
1398 9466 7850 4877 -871 -9500 -4679 -8385
-6763 6206 -3891 2828 8350 -9500 6581 -5983
9500 -3624 -6934 6768 -8374 -2022 -6853 -3868
7907 8707 -8184 -9500 -7610 -8276 -7524 -8156
9450 1557 -9458 1492 7781 -6961 9500 -974
3541 8182 -9500 -1381 9143 -3523 8974 2971
7825 -7008 8258 721 6378 -9500 7566 -7622
7498 -7472 9500 -8293 1046 395 5309 -5814
-6174 -6617 6009 6377 -7159 -9500 -7630 -8937
-9317 -4218 9311 -2606 -9500 2116 -9410 -4002
9500 -1470 -5154 9450 -7537 8246 9150 -6025
-2344 9500 -7280 8240 -8958 1268 4217 6312
-9500 6266 -8995 -726 7437 3231 6368 4484
3168 -9500 -7567 6164 3611 8015 7079 -6907
-278 325 -3249 -2438 -2500 -2869 9500 8474
3097 9500 -9121 409 -8945 -3452 6453 -6167
-1150 1468 76 -30 -6475 8715 -7068 9500
-3472 5218 -3685 4036 -2479 2417 7420 -9500
-9342 -6791 -1495 1232 8715 8208 -9500 -7052
590 -6309 -475 -6242 -9500 409 9425 189
-2020 -102 7873 -8781 -8093 9500 -5727 5003
7366 -7260 8509 -5405 9165 3795 -5044 -9500
-3710 -6647 7120 9368 -7487 -9500 -5371 -8151
-6604 -5816 1412 9500 4444 -8116 -4193 -8318
7269 4866 9500 1322 -7821 -4349 6010 5758
-1130 -1895 -4470 -4767 -2090 -940 9500 8908
-3716 1334 4974 -3335 -3793 8848 -4364 9500
-9165 -9500 -3673 -4681 6484 7296 -8469 -7988
9500 -4768 -6821 9034 -7083 -6192 8467 -7120
8419 -7870 -776 90 9500 -9008 9167 -8656
-7391 -6857 -8823 -2240 3981 9500 7344 -3861
-6884 5459 5488 -8787 8549 -9500 5219 -2913
-4016 6973 -4138 6847 -69 -9500 5563 -5027
-4724 3243 -9167 9247 8918 -9500 -306 -1511
-5379 4516 3014 -1021 9500 -6468 1865 -2309
-6139 -4179 -7126 4823 9500 -733 4990 -5801
-125 553 2720 4402 6136 8090 -6919 -9500
-8315 7371 -6610 9032 9500 -8939 -4134 2306
8007 -7448 -3911 -7986 8798 4065 9500 3028
-8840 -5078 7887 6758 9500 2599 -5588 -8863
9474 -3553 9329 -4712 -9500 2444 -8264 7645
-5174 9500 -6053 9133 8137 -7472 8384 2538
6919 -4095 7775 -5127 9500 -8723 4263 -6166
-5746 7089 2908 -3296 5544 -6850 -7960 9500
-2045 -5664 -8304 -9500 6758 9344 8279 8071
742 9490 2537 9500 -5898 6999 -4892 7663
8926 3096 5077 7076 9083 -6220 9500 2035
-7270 -7914 -362 -131 8373 9500 -7318 -7969
5224 4678 9500 24 8614 2081 5388 4601
7012 -5372 -528 8590 -9500 36 -9210 -2848
-93 -9500 9065 -4098 9187 -3853 -5228 -8162
8291 9500 8701 9448 3850 5759 7708 9156
-5607 8982 7113 3341 9500 -1888 737 -8870
-9500 -1686 -8595 -4021 5951 -6340 8840 -3026
-2152 -7244 6300 -6314 9500 89 -7792 5136
8304 -7360 -7227 8306 9457 -2628 9500 -3020
-7775 -9500 -2876 -4295 -958 -430 -6693 -7909
-7823 9500 -948 17 903 -2079 8750 -9418
-6805 -5917 -8909 -8432 -214 -1483 9025 9500
5761 -5367 9034 -530 9500 914 -9376 -459
-8600 7943 7365 -8002 9500 -8925 690 209
9481 -2153 9500 -1869 4866 7491 8286 -5899
-7445 -4409 -9500 -7775 151 2239 -877 1434
-3070 9500 -4532 -9225 -6067 -7936 -6792 6039
8710 4950 -2712 -4203 9261 8146 9500 5742
-8458 2574 -9500 -989 -9163 -3167 -4446 6415
8687 -2911 8160 4823 -3131 -9500 6953 -6290
-8860 6403 9500 -6991 -8434 6435 -9426 7040
-8258 8483 104 324 8941 -9500 8463 -9064
895 9500 6379 -1675 6650 130 6615 2693
-1680 -1755 8509 9500 -8053 -8942 -5090 -5580
9500 -6583 -4161 -8047 -4778 -7606 8893 2874
-9291 -6953 -9047 -5708 6787 6015 9500 6914
9333 -9500 8621 -8917 -3995 2740 -7105 5871
2054 3637 6349 8317 -7749 -9500 -2291 -1567
8014 2343 5499 5849 -3186 9500 8584 1012
5414 7228 2328 -9500 -7055 -6168 -9013 -4474
-7230 9500 3547 -4957 -1006 1011 -2646 3192
6610 9500 -5568 -8522 -6352 -9075 2669 4435
-3401 3385 -9500 8779 -8625 7894 2698 -2266
-8511 -7840 -7811 -5092 -7773 -5051 9500 8125
-2183 9494 -2287 9477 -6064 -7257 2142 -9500
9500 -7210 581 295 -7014 5683 3814 -3481
5847 -5075 -8952 9500 -4889 4057 8253 -8892
1146 -9327 2870 -8957 9240 -6132 4969 9500
-9500 272 -2904 8102 6969 5980 9458 -737
7554 4624 8786 3416 9484 2452 -9500 -2426
-9500 -8861 3138 1945 -7000 -7497 -8867 -8972
-6204 5265 -3060 -8621 -724 9500 -4446 7684
-7985 3557 -9500 -2058 9091 -1481 -6511 5208
-9500 281 -3501 -8722 3724 -7759 8981 -2113
-996 9500 -3656 7756 -4844 -6958 4498 -6699
-3665 7480 9500 -1939 4108 -7307 -6119 6219
7024 6072 -2794 -9500 -6139 -7334 6628 6702
-7760 -9500 2051 243 1322 3554 -8083 -8370
9500 6864 -4036 -1920 5743 5122 8411 6703
2790 -9480 1250 9500 -5456 -7590 -1315 -9486
9193 2371 5069 6495 -9500 -1810 4732 -8333
3327 8954 5708 -8049 -5628 8148 2539 9500
-6109 4735 1367 9500 4428 -7225 4405 -7250
5273 -8001 6273 -9027 6737 -9500 -9054 7732
8710 -9500 5121 -8178 -6168 9161 7443 -7228
-4858 -5266 -5646 -5903 -9500 -8802 1086 2107
-6428 -4098 -5033 5675 9500 134 -4258 -5221
8304 9500 6141 7650 2666 1288 4836 3717
7669 -4525 8531 -1734 -700 9500 -1325 -9391
5217 7370 -4260 9500 -4278 9493 -8939 3783
9500 863 8227 6617 5976 8621 -1827 8748
9399 -646 6196 -8241 -3396 -6590 -9500 4924
6514 4154 -6507 -4144 9500 9341 8098 6537
-5430 -6325 5698 6608 -3748 -3546 -9115 -9500
1649 7402 -4303 5967 4494 -5867 9500 1755
-7297 -9500 -4445 -7325 -2353 -5069 1531 4119
-9500 -8712 2401 2328 8242 7612 -7313 -6781
9500 1404 -7730 -4905 -7416 -5273 -2129 -8443
-7992 -8647 -8230 -7076 -7074 -5796 9500 8569
7585 -8238 -1625 1480 -6602 6851 -8996 9500
1425 -1058 8022 -9500 -7472 9215 -2501 3625
9500 -7782 -7180 6082 -3204 2109 3268 -3064
8659 1684 -2130 9500 -8311 6333 -7553 -3794
-8275 5036 -4484 -9130 -414 -9500 -390 -9498
8903 4893 5025 -8367 33 -9500 2480 9208
-525 -9500 6706 4143 -6414 517 -5736 -7269
3271 8323 -7366 3881 -7783 -396 723 -9500
-1978 3653 -8157 7275 -9500 7844 -2085 -803
3720 -6918 5496 -4214 -2562 -9326 -1602 -9500
-9332 -6519 -6831 -4008 1156 2564 9500 7895
5287 -8040 -2224 -8393 9500 -1475 9046 -3828
9233 6674 -9340 -7676 -9500 -6907 -1949 -729
525 -9500 -1643 -9305 -6863 1353 -5791 5145
2478 7576 -9261 3034 -9500 -70 7463 4313
54 -8704 9500 -5898 2852 8362 -3151 -8298
9500 9427 9267 9243 8807 8825 8889 8723
-6014 6130 -9500 8805 1944 -2350 6180 -5452
7403 -9500 3492 -1181 -5557 8666 -752 -2322
7135 -8234 -4214 9500 -7959 7646 -8324 -5793
3557 6070 -2545 -4880 -7027 -9500 -977 448
7499 3737 -1297 9500 -8137 3669 -7725 -3213
9500 301 5141 9413 -9454 -156 8782 -1496
100 -576 -9500 7697 7460 -5814 8626 -6861
-8744 -8648 5899 1385 2479 5461 -9500 -8752
-9500 8277 -9305 8146 6571 -5602 -7610 6529
-9350 -1870 -5945 -7761 -9500 3651 -9393 -1702
7172 7690 7871 -5872 -9500 -4873 3968 9365
9500 -1689 8618 -3935 3570 -8722 4248 9086
7480 9500 -3238 -1467 -3372 -1647 -5441 -4562
-6225 -8318 -9300 -9500 7052 2810 -4990 -7600
7029 6344 8375 7640 9500 8734 -4594 -4606
-7490 -9130 6013 7904 5354 7322 -9500 -9207
-7289 8640 7996 -9404 8085 -9500 8127 -8308
-600 9148 5483 8417 7047 7367 -9500 -3231
7181 -9500 5497 -5185 -7438 8117 1686 -3860
-8977 5531 1931 -570 9500 -6233 -8321 5012
7220 -9114 6447 -9500 2590 -5181 -1185 -260
8396 5826 9500 8164 5442 7627 5195 1740
9500 -179 414 -9015 -855 -8764 9483 -87
-5508 -7290 7070 9449 -3019 -4169 -7078 -9500
-9434 -307 9500 -55 -3223 7020 -6441 5865
3535 -5587 6334 -8720 7617 -9500 -6995 8334
-9500 8043 -181 680 6123 -5714 2235 -2445
799 -790 -6639 9500 -5973 8402 -3447 4634
1268 8083 -9500 754 -96 -7884 6114 7652
-2432 8532 -8430 3943 -9500 1862 6613 -6049
-9258 -1094 -4215 -8044 9500 -2316 9343 716
8913 -9087 -8760 7896 -4342 5440 9500 -9239
6487 -1256 -6012 5946 -3147 9500 2146 8193
-6369 2861 -6046 -6705 4908 8127 990 9500
-2224 7419 9500 -1675 7071 -5828 4323 -7095
-8463 9500 -5712 4302 3922 -6247 -7820 9313
3255 -2543 -9500 8085 6959 -6084 5518 -4498
5374 1999 -7892 -9453 -8040 -9500 6385 8734
7171 -6029 -9454 -273 -8919 -3690 -2760 -9500
-2954 8771 -9500 -907 -7065 -5140 -4797 -7013
4704 5977 -8869 2820 -4564 -6113 3906 -9500
6650 -2017 6590 -2240 -4197 -9500 -7172 -1675
-5655 7576 -817 8214 -1713 -7654 -9500 480
3651 7119 1182 -9500 -9 -9150 -9092 1322
7700 4631 -4468 -8375 -8922 3518 2541 9500
2075 2034 -294 -574 -8674 -9500 6910 7431
8812 9500 5936 7321 4807 6400 2177 4156
8243 5327 9500 5926 -5460 -3805 149 681
8272 9500 7738 9155 7071 8503 369 1128
2683 9500 3712 9239 7308 -2620 -7905 760
-6094 6635 8166 3055 -3488 -6569 -9500 2862
2005 9500 8488 4990 3502 -8109 -7932 -6046
-5040 8917 -6786 9500 -3172 3143 2780 -2510
6377 6476 8924 9500 4044 3909 5031 4988
-8491 7575 9319 -7457 9337 -7480 -9500 7686
319 -7579 -9500 -294 -8330 1986 3854 8064
3038 6956 9500 -3587 -6036 -4164 -6410 -3708
326 -8247 -9500 507 -6875 4807 8449 -2842
1812 -9500 -7374 4814 -6847 5902 2717 8650
9176 1956 9500 -221 5829 -7531 8169 4309
-5160 -9500 -8168 -6393 5571 9324 7930 -401
8591 2718 -5899 7989 -9407 2997 -9500 2412
-8411 5871 6275 -3594 1439 765 -9500 7711
7163 9500 100 329 -177 -429 -147 -390
205 8082 -9500 94 6925 -6332 3323 7244
5406 -9500 -6978 8048 5317 8337 5563 8105
8187 9500 -7088 -8712 4232 3834 8115 9084
127 -9500 3232 -9462 2304 8761 1556 9061
2168 3427 7277 8565 7486 8868 7527 9500
6144 9500 -4278 -4376 -2593 -5177 6813 8385
-9150 3097 5844 6931 5797 -9500 -8032 -3435
9230 -9500 4410 -3565 179 -1117 7605 -8172
9500 -2657 9125 2346 2610 8144 9114 -3762
-8857 8120 -274 -232 6643 -5874 -9500 8878
-6652 -4211 -9500 -6457 5017 2978 3829 3359
-1109 1935 -6542 5085 6216 -6248 9500 -8646
-5877 -7845 1290 9500 4857 -6571 -2838 -9377
9500 7923 7165 4867 4903 2704 7180 6911
4936 -3385 -6113 4450 -9500 7656 1973 -766
9500 -9471 -2698 4876 3454 -5551 8593 -9405
8098 -2446 9500 637 -9374 110 3553 -5411
9500 -3884 1755 6135 -6593 5481 -8448 -3657
4632 -9080 8097 2570 -2586 -8573 45 -9500
8688 -9215 7972 -9500 4560 -6576 -1578 3554
7479 9475 7036 8772 3509 4022 7419 9500
-88 -194 7585 -8348 8776 -9500 -4101 4179
-7658 6260 -5990 7610 2029 8261 9500 -2320
-4965 9407 -8689 -4408 -6783 -7536 9500 1265
108 9500 4649 -6377 -6862 -8846 -4167 6835
6194 5560 2839 2403 -9500 -8864 6195 5933
7958 -9500 -1200 -93 -165 1592 5135 -4396
-6015 -5606 -7206 -3005 1901 9500 7684 1114
-335 -9500 -4431 -8566 -4832 -8337 8883 973
9500 -9311 -6930 8011 6738 -5238 7052 -5609
-5413 8775 533 -124 6250 -9500 -3311 4525
1813 -9500 4823 7453 -3013 9009 -7537 1600
7798 3564 -9500 3218 4477 -9356 8916 1243
119 8107 9500 -473 -8687 -4531 -9326 -3193
-5969 -7327 3697 -8342 5585 7775 3118 9500
-5145 -2608 -2193 489 9288 9500 -4707 -6706
-9500 -1269 588 8722 8394 5325 -8984 -4177
7330 -7366 2322 -279 9500 -7919 9398 -8313
9500 -7367 402 -2689 -7957 5385 -517 2786
-9233 -9500 1066 2086 -3716 -2433 -7158 -5768
7719 6513 9500 8887 4696 3308 5648 4285
6461 6296 9500 9490 -6786 -6634 871 537
-2841 -9500 7569 -5535 5087 6792 -7782 1392
-6743 -8149 9500 3981 -2223 8937 -4374 7792
-119 1236 9500 -7340 -8817 5712 -1145 1968
8467 -6013 -6648 3328 -9500 9433 -7316 9385
8297 7862 7367 5584 -4678 -5212 -9500 -8333
7577 -9500 -5706 6605 -1601 3091 7086 -8664
-4814 -3809 9500 5232 -5219 -2199 -6619 -3132
9263 -5463 9500 -3097 6855 4046 -8262 7640
-1709 -9500 6731 6270 7271 -3224 379 -9406
-130 -9483 7760 2330 2012 9500 -4185 7235
9500 6522 -7288 -4462 -5445 -3037 9192 6556
6058 -6057 -1760 9500 -4357 7807 -7759 3397
-5399 5046 -6401 -1521 5390 6302 3129 9500
8845 3757 5591 -7443 -362 -9500 -4652 8086
-3098 -9500 -5790 -7113 6024 6765 6452 -5207
-7933 5230 9500 -6702 8941 -7189 -7929 5227
-3897 -9500 -6706 -7230 7664 3757 7500 1115
9500 3315 -4185 8645 -6677 -7867 4291 -8584
3402 1397 -2168 -356 -3679 -1634 -9500 -7138
-9500 -6869 5270 2415 -1749 -2662 -5751 -5172
-5295 6670 358 9477 7666 7245 -9500 -2738
-544 -3605 -7268 -6854 2819 5985 7247 9500
3780 -9500 -3735 -5831 -7373 4583 -1795 9499
-1723 -9500 -8129 4514 -8981 -1 -8828 -1451
-8199 3708 -8627 -2551 -3626 9500 -8131 3903
-7808 5484 8379 -1856 3813 -9500 -5951 -5215
9500 7405 -7676 -4711 -8676 -5739 -5570 -5538
8383 4212 9500 -1167 8960 -5028 -8835 5414
9038 5192 4314 8194 919 8184 -9500 -4158
-4566 6564 9500 3170 9493 4587 8104 8299
-8831 -4695 9500 3542 -1929 -8781 -8147 -5560
8959 9271 4932 7036 -8042 -7594 -9021 -9500
6726 7537 3648 4514 -9021 -9500 9071 9498
5566 8448 355 -9420 -300 -9500 -5922 -8240
7752 9292 -7923 -9500 -2720 -3230 1777 2168
-5680 6466 9003 -9500 -3258 2895 -8870 9485
6284 5926 9270 9500 -9373 -9499 -2555 -3180
3494 5688 -3872 -6109 -7331 -9500 -3639 -3072
-5478 -7354 950 2808 -7072 -6191 -9500 -9368
9341 -876 6561 4756 -2698 9420 9500 -2914
-5931 7451 -3094 -9500 4028 -8745 7815 6146
-9500 -8398 -1812 -542 -1739 -475 7707 7735
-6329 9177 -9500 247 -9032 -2066 -8991 -2202
4322 -8141 6784 -7094 -9500 -6902 -2557 -9077
2272 2658 7129 7930 8642 9500 -8497 -9309
-6231 6034 -7425 4980 -9500 1722 5206 7581
-7867 7493 6792 -9500 6749 7495 6436 8021
9500 1458 -7012 5650 9035 5372 9094 5178
8005 -4767 -2806 -8791 3426 8597 9500 508
-9469 5630 2923 -9500 -5987 9490 -7904 8551
-8876 2690 -6420 9500 5560 39 5793 -151
7472 -5783 8983 -8046 -9500 8364 -8100 7430
5828 4589 4279 -7437 -2031 -9014 192 9500
6352 7969 4309 9500 -5326 -8848 7880 6028
4025 -8253 -139 -9479 411 9500 6886 -6167
4956 5735 69 7663 9500 -2160 5175 5588
-2295 -2965 -8733 -7401 -5215 -3155 9500 7476
-4823 5578 -8150 9500 -7152 8365 3936 -4637
-8745 2635 8207 -4485 3638 -9500 -8440 -3014
7307 3891 9500 7170 9299 5970 7520 4089
-5514 9500 -3789 1547 5272 -3413 4736 -2735
-7528 9500 6631 -8433 5671 -7263 3195 -4205
4004 -3648 -8001 9500 -7687 9271 -5637 7315
-6958 6311 1713 -9500 -7782 4886 -7565 5327
522 500 4890 4680 9500 9091 1139 1090
8524 -3761 -7533 5938 -2451 9500 4983 7493
2104 2102 -8146 -8189 -9453 -9500 1660 1679
-5388 5768 -7543 7788 -9500 9295 8923 -8615
-6680 5713 -7069 9500 8105 -8892 6583 -9248
-1851 3791 25 -1749 800 -2624 8718 -9500
8925 -5138 4354 -1433 -2610 3700 9500 -8193
7120 -5584 -6455 4291 5979 -9275 7559 -9500
-6324 3410 -948 -1913 9500 -7101 7112 -4269
-9500 -8912 4904 3095 2599 875 -7099 -7426
6366 -8520 -9500 7490 1927 -8638 6253 -8540
-9500 5618 8173 -8594 4280 -5777 1872 -3941
1977 9500 7813 231 5326 -6898 -5682 -6920
-7631 -8825 -1832 -3441 8886 9225 8773 9500
8887 4215 4941 8590 -8243 7351 9500 -5296
-9500 7456 6528 -8918 7148 -8721 227 8946
5147 -2465 -9500 7847 1375 -3099 9412 -7276
5616 2498 6592 7915 3165 5581 -9500 -8522
8794 2101 6452 8462 5117 9500 8754 1134
-8056 -3065 9500 -2261 9500 -2267 8301 -7520
987 -8463 4265 6542 2684 7401 -9500 3622
6156 -7358 9500 5132 4166 9244 -5293 7935
6635 7483 -8565 -9500 -7364 -8249 8038 8414
757 -8612 5543 8015 8420 5433 9500 1121
-9500 -1663 4671 -8045 -5657 -7598 -5673 -7587
9467 -804 -9500 647 3292 7893 6911 6184
5379 -6130 -2546 -8956 -6003 -4662 1249 9500
-8173 5557 8476 -3729 7038 3278 1325 9500
3207 1557 -723 -1698 -9500 -7646 -8399 -6300
-8026 9500 1520 -1527 1923 -2016 -7419 8747
7440 -5580 3917 -6811 -6116 -4935 -9500 3717
-9500 4683 -6092 9238 4306 8378 7043 5820
8241 9500 -398 842 -2219 -1333 6747 7125
-5857 9354 9323 -3162 3128 -9500 -2982 -6781
-7166 3763 2869 9374 8148 -1302 -974 -9500
3790 -5181 8363 -5908 -9500 8163 547 -2653
5328 -7239 -7732 3342 -4941 7609 -1566 9500
4875 -4752 9263 -7212 9500 -7319 3615 -1035
4236 -7791 -3935 -9187 -2128 9064 -884 9500
5066 8462 -2296 -9500 -4454 -8908 -4890 4398
4408 -560 6085 8072 9500 4944 9300 4673
636 -8528 -9500 3907 -8958 -4155 137 -8527
-2286 -9500 -7697 -7646 -653 8684 5332 -5310
2124 -9486 5539 -8875 7747 2256 -2834 9500
-5369 4379 -2276 863 -2715 4382 -8418 9500
-6294 5190 439 9451 2172 9500 8381 -617
-9500 -2599 -6680 4956 -766 9274 4885 -6836
-7491 -9500 560 3375 3981 6907 7954 8662
9500 -8793 -6439 4841 -5222 3640 94 -1301
-8595 4419 -9500 1207 -7560 -4274 9491 -525
-6404 -5998 -5962 6979 4883 7091 9500 -1020
608 -1746 7796 -8469 -9500 9111 -1156 15
-4840 9500 -5245 9314 -5773 -8504 7285 7331
3145 -7845 -9448 3227 -9500 -731 -6670 -4942
-5628 8548 275 -9422 1237 -9500 -2482 9462
5665 8609 1140 -9500 4231 -8745 7899 -6655
-8831 3967 6728 -1513 9500 -4770 -377 -5351
-2235 9500 6501 -3483 -1639 -9361 -5405 6492
-3655 6645 9500 -8310 9043 -9101 -9490 8534
-1200 1983 9500 -6338 -6572 3189 -9129 5226
-7157 -9500 -4290 -4124 7144 9402 7003 8928
9500 -423 1337 8149 -113 8148 4102 -7139
460 -9500 -1403 9363 -4919 7854 -5694 7252
6087 -7082 9044 -2783 225 9500 -8406 4220
-1943 -2227 5632 4671 2860 3041 -9500 -8674
-7350 -9500 -7631 -8353 -4245 -1889 2459 -574
-9482 -3445 -9500 -2919 -7980 2873 9024 -333
9500 -1799 7036 3159 -7896 -2031 6591 -7612
8293 -6328 -9500 7359 3766 -3202 9482 -7342
-5986 9500 7755 7096 -4463 -9418 -9233 6835
-9500 -689 -8773 -3522 9485 867 1467 8805
-4557 7898 -6139 9500 -1544 3953 -4541 7879
5699 -8737 -4496 9500 9283 -4328 8023 -6443
-6159 9500 521 1234 -229 -1634 -6407 7640
9019 -2914 -9500 251 -3137 8026 9374 1079
3913 5388 6894 4289 -9500 -8322 -7930 -5473
-9500 6196 8337 -6651 -1691 -230 -3854 1376
450 159 9500 7951 38 250 -2250 -2097
-766 9500 -7233 3534 -4478 -7470 7128 3101
-7006 -5179 -7763 -2117 -2130 9500 -6026 -7012
-4492 -9223 -9500 -4663 4412 9253 7192 7628
-1666 330 9500 8967 5147 6155 3269 4647
7211 9500 -451 -1432 -5990 -7158 -788 -160
-8025 8360 -72 9464 172 -9500 -4414 -6792
-7171 -5101 -9500 -8136 -7458 -7481 6599 6905
8490 -1473 -9500 -3326 -6211 4257 8851 5031
-6026 -7448 9260 527 9479 -1137 9500 -2835
5841 -3701 7289 -5130 9475 -7784 9500 -8017
6950 -6555 -5395 5031 -9500 9077 -4545 4580
3473 -8889 -6686 7365 -6743 7330 -5853 -9500
-7352 -3982 -4534 -3682 -4761 -3819 -9500 -6513
9216 904 -1052 -7895 -1980 -8053 -9500 -3037
2496 -4431 6576 -9500 3462 -4340 -6157 9313
-7755 -2016 1730 8976 7180 -5679 1587 -9500
-8388 -9212 -8317 -9142 8899 9500 -501 -152
-8394 9500 38 -2146 4218 -6502 7313 -9160
4195 8666 -3580 -8920 -1119 -9500 4835 -8300
6013 -4039 -9160 5790 -6563 4350 9500 -5304
9088 -2459 -3175 -8664 -1166 8828 9500 2178
8288 -8417 9338 -9500 -9312 9482 4450 -4494
8011 -2026 3910 -8511 -83 -9500 -4674 7990
8185 -8574 -1994 304 -8786 8938 9500 -8908
1094 -232 -9500 6992 240 -818 6989 -4941
-4712 -6448 -5646 -6020 -8033 4314 9500 2051
5854 8347 -1201 9500 -9401 -2477 7039 7358
-342 9500 -6934 4039 -4373 -6335 971 9088
1650 8765 -4112 -6881 -7755 2742 -3072 9500
-9500 -533 -9492 -1621 5116 -6049 8175 -3127
-6198 -4703 135 9500 7494 -3374 2761 -9315
-7963 -9418 7427 9438 7714 9500 -6946 -9208
7934 6891 3806 4008 -9500 -7459 -7399 -6549
8783 -8344 -3138 9420 -8394 8626 3718 -9500
3335 -7114 -8366 1345 -7961 -8448 -6054 -9500
-8694 -9500 -8915 -8119 3444 6650 8725 7601
-8042 -7256 -6130 -9228 5808 9500 -9327 -5459
844 -5798 -9447 -1542 1182 5973 9500 872
6319 8307 9141 -1215 -9500 -3143 4293 9274
-7538 8304 5464 -7124 8141 -9338 -8079 9500
543 -7306 9500 480 -2139 7218 -6357 -5121
2437 -5527 66 -3656 -9021 9500 3602 -6381
9212 -8515 -4108 3819 5644 -5190 9500 -8776
8439 720 2203 -9500 -3351 -8413 -4474 8681
9500 -8591 -6132 5025 -3244 2275 8952 -8379
-7911 2260 -534 -6417 9500 1756 -2510 5718
-129 9500 -6588 6246 -8120 -3168 851 9442
409 -3649 -6955 4633 -9441 9500 429 2826
-8709 5456 -6798 -6826 -9500 -1867 -9312 4045
-4089 -5449 -7327 -9500 -5765 -7410 6740 8844
-5253 5664 5672 -6116 -7362 7941 -8809 9500
9335 9076 1975 350 -7785 -9500 9378 9134
5159 5110 9466 9500 5208 5321 -2587 -2695
2979 2781 4717 4791 8677 9500 -7504 -8908
6638 6978 -6922 3309 -4173 -9500 7887 1038
-9500 6014 -8076 5333 7374 -4500 6408 -4334
-5908 7948 -4565 8637 3026 -9215 1950 -9500
9500 942 -4758 -7674 -5753 4602 -1900 6867
4100 8676 -8106 -54 -8111 -111 -1118 -9500
2913 -4459 9500 -8507 4103 -2419 -5234 3609
-8326 -4856 -3878 -9500 6760 -7821 -6455 8128
-9500 -8533 -5267 -5867 -2050 -3100 -8461 -7156
-4076 -5254 4937 4587 8492 9500 -5705 -6910
538 8249 -844 8212 -9500 2373 8086 4945
-4068 -4672 -4476 -5176 -7841 -9500 6438 7957
-8331 -3198 1347 -7249 9500 912 1764 7004
1168 4658 9500 8553 70 -3280 -1343 1826
1535 -9500 5658 -7953 8416 -3418 8651 -1474
-2976 4191 -4918 6291 -5349 6753 7937 -9500
-7992 -2940 -6041 -4705 -2695 7648 -9500 4546
6030 4829 -1924 -7175 -7453 -3552 -9500 -751
9500 -8457 2518 -1678 -5724 6066 712 -1387
-8733 2697 -9286 -440 -312 -9500 6341 -6544
-3637 9357 -5442 8918 -6629 8356 -9500 -498
-488 -6464 -8898 -1308 -9336 -184 -9500 1016
-6817 2236 7378 3262 6493 6335 -404 9500
-8570 -202 -3436 9500 6753 3854 1440 -9409
190 -9500 8058 -5270 5904 5446 -8257 4660
-336 2704 6442 3797 467 -2580 -9088 -9500
9500 1514 6075 5255 4628 6363 -7658 9369
-5280 7418 4739 9444 9035 5575 9500 4407
3427 -3560 5502 -4990 9500 -6806 -1583 121
3499 7639 3405 7707 -7245 7675 4242 -9500
-7663 4320 -565 -9500 -1695 -8972 -7768 807
9500 8226 6668 8056 -8884 -7536 3690 2012
4510 4232 -2827 -2292 -8239 -9500 -6838 -8162
8566 9500 8389 9292 -4736 -5351 7649 8546
9500 7468 -6421 -4622 -4626 -3993 -3579 -3205
-8662 -9500 -6674 -8334 567 1435 41 829
8180 8870 6226 6975 -8606 -9500 -6246 -6997
-2252 4244 -5739 9500 5612 -8380 4272 -6144
-3580 -2062 -2567 -1070 9500 8462 -2538 -3704
8882 -9500 7120 -7162 -3438 3017 5618 -6522
-1586 -3846 1171 565 3631 4698 -5402 -9500
7752 9500 -884 -139 -4020 -4203 6270 7269
-6599 8962 -6844 9500 6226 -8901 -5021 6501
7501 7751 8174 9500 -6368 -8724 4341 3118
-4951 4709 -907 2164 9500 -6943 1758 -2723
-2798 -6997 -9024 -9500 7459 7093 6942 6321
2957 1623 9088 9500 6369 5017 4244 2890
-9500 9142 2422 -1563 -12 847 -9125 9211
-8731 -9230 5156 5811 7938 8293 -8934 -9500
2982 3735 7632 9396 7722 9500 621 690
-2951 -9094 1123 8926 2143 9062 9500 2047
8407 -1226 8000 1486 -5922 9500 -6175 -6026
8912 -2401 8752 -3359 3059 -9500 -8962 1824
9363 -6125 -9500 6305 -6603 3325 -3249 510
-6916 7477 -2782 9500 9275 -4020 -6681 -6457
5732 -7502 -1908 9500 8985 6413 8942 -3911
-4673 6684 3632 -5322 6953 -9500 1917 -2152
-491 8383 -9500 -924 7675 6678 849 8640
-202 -160 5003 5683 8489 9500 1935 2109
-2532 -9468 -2393 -9500 4965 -4756 6031 -2265
6501 5300 8172 2219 -229 -9500 -8877 1767
8846 -2626 9500 -1044 8239 6746 -965 9037
4401 -9500 4435 -9490 5568 4417 -8156 2709
9500 4319 6569 -6878 -3570 -9192 2408 9439
9500 224 2503 6039 -9314 -1030 1521 -6329
-9500 -2474 -6646 5449 7399 7587 -4676 -9334
-5948 3943 -4661 7520 1764 9500 3865 7362
4317 7177 -9500 -2175 -8177 2729 -5037 5597
8209 6264 -7513 -6839 -9500 -8032 -4910 -3202
6301 -5565 9500 -8487 -1495 1516 -355 483
-5297 8629 5678 -5206 -2668 719 -6354 9500
9500 1987 8999 -2628 -7714 -5790 -6620 6083
7399 4365 7312 -7245 -5842 -6536 1685 9500
-8833 6067 9251 4517 -9500 5227 -9370 5409
-8777 -9500 -7768 -7983 8768 9260 -2034 -2822
-2777 -9500 -3102 -9320 -6679 -5845 -8744 1533
-9215 -1957 1825 -7467 9423 1078 -9500 -216
-4414 5298 7323 -4982 9500 -7367 -4427 5308
5351 6641 8369 4379 5999 -6430 -9500 -2696
-9435 -7885 6712 8717 9500 -5341 -2523 -9078
-7087 7150 4510 8892 7826 5056 4418 -9500
6026 -5510 651 -9500 5175 4615 6660 -1379
3037 4425 -7532 -9500 -6244 -7633 -820 -459
8272 3825 -7283 8802 -9218 6147 9500 909
-9130 -5714 165 -2834 325 -2719 9500 6777
-7710 4914 -8015 9500 9027 -6351 897 -3511
-9052 9500 -7335 8141 -2611 3413 -8546 8782
2053 -7946 -8548 -4057 643 8258 9500 978
-5414 7379 -5039 -9500 4947 -7842 5932 -6797
4722 3634 -8810 -6731 -8681 -6634 9500 7213
-7103 9500 -5681 6868 -57 1018 -4372 6487
-8136 -6194 8202 6115 9500 4108 4539 -9017
544 876 -8301 6371 -9500 7551 -8925 9049
-7172 -4989 -4055 -9500 7817 -7956 -8811 1096
-9196 6061 9500 -5564 -5912 -5970 -9095 -2170
-8743 2136 2 9500 3412 7718 -707 -9256
8486 -3541 9500 -191 9251 1923 -5094 -6814
5957 8871 -9435 -8345 9500 7745 9347 8588
6543 -925 -5989 -4368 -3950 7774 2040 9500
-8559 -6871 -9500 -347 1548 -7599 -5051 -8610
8585 -1379 9479 3184 -9500 -3106 -36 -6817
-6653 -7811 -5636 -9500 7679 -5540 8097 -3833
9486 3662 9500 3528 -9080 -5932 -9029 2588
-5630 3311 9500 -8791 8680 -6821 -4062 5518
7896 -9500 -2584 2340 -5572 6268 -7721 9244
-5677 -9500 -5656 -8524 -910 -2791 -2089 -4599
1301 1762 8912 9255 9192 9500 -3293 -3773
2920 8546 8975 -81 3651 -9500 -8331 -2294
-1948 9500 6403 6024 7086 -2455 -7455 236
1585 -9500 3644 -9144 -118 9260 -5482 -4450
4111 6909 428 9500 -6280 1028 5304 -5552
8817 -8339 -9500 7899 -8713 8349 4662 -422
7728 -1271 -2781 9500 8061 -4898 8006 -2681
-2885 -8184 8409 -5935 -2872 8721 -9500 4422
-1980 -2634 -6699 -9500 -4281 -6235 3555 5217
3585 -827 -9500 7887 5704 -3094 5646 -3030
-8758 2270 -5877 5223 -5420 5567 9500 6242
8539 2524 -3889 8746 -8918 -34 1479 -9500
4848 -4160 6401 -5715 -9500 9090 -6109 6283
-7312 6810 -3740 3639 9500 -8391 -7006 6084
9500 -7702 -5957 4779 -6430 5167 7533 -6071
1417 -499 9500 5609 -4081 -1332 -8649 -4832
4971 2617 -8303 -6299 -9500 -6477 -4964 -2612
9500 1039 9129 -1345 -5975 6321 8803 4582
2151 -4703 3163 -1420 -7264 9500 -4229 2767
-7608 -6427 -8937 6691 9500 -1571 8972 -6559
-4809 -8505 -1811 -9500 7804 -6514 7681 6404
-6470 8642 -7211 9500 -3062 3867 2443 -3416
6282 7990 7182 6728 9500 -948 -9227 4188
4490 9500 -8755 -1040 -8756 -1045 6034 8550
-4401 -8292 2627 -7281 -8235 3707 -9500 -6115
1395 9042 -9500 -3197 -8956 -3859 -4277 -7684
9500 9071 2146 2333 268 552 -8326 -8072
-9500 -2045 -8181 4533 -600 7085 647 7028
5947 2881 -9093 -9500 3045 7028 6096 9296
-2104 -4149 -7830 -9256 -3065 -2527 7987 9500
3747 -9500 7975 -5607 -8095 -2670 -5550 -6728
-9500 9209 -5106 4356 4767 -4028 509 49
-8625 -6358 -9195 -5040 5451 9432 9500 238
8842 3840 -9500 5723 -7088 7332 -6860 7430
2422 7692 6500 6105 -9500 3593 -4098 7419
9368 -9500 3874 -2478 3541 -2116 -2207 690
-7611 6036 -9500 -3957 9334 -715 8169 8685
7069 -8244 4493 8620 -9500 -198 -8226 -4190
-7212 2752 3062 -6176 -9500 7432 -8765 4991
5462 8532 8035 5700 -1181 -9500 -8478 -4597
3053 9265 -1923 -9500 2959 -8320 8156 1527
3254 7051 -1773 8172 -7226 6629 -9500 3744
-9500 -4831 9019 -3899 -4548 -9057 -9365 -5084
-8909 -4408 8522 -1721 -334 9500 -7943 3070
-3345 8288 -9314 2376 -9500 -3871 6243 7815
9500 1888 5056 8004 -3394 8052 8129 -4018
9500 6713 -9118 -6975 4618 8603 8516 7332
6406 2115 5425 -7395 -6643 417 -4162 9500
-8492 7440 -8027 7094 -3517 3487 -9500 8055
-9500 -2484 8437 4841 6759 -6539 -6169 -7246
-5564 -5752 -7349 -3502 -6104 9500 -2084 -8511
-2047 8440 6326 8051 -2092 -9500 -2764 8041
5448 3106 267 -1533 -7637 -7579 9500 8594
-1718 8822 -9119 4685 -9500 -2075 -6456 -6126
-2984 -8434 4947 7712 9500 3542 2481 -8658
-6026 -6832 -7901 -9500 6212 7064 -2638 -2709
-2757 2662 -5140 5864 1983 -1651 7410 -9500
2973 -8923 -7117 -7035 -7667 5762 733 9500
9500 2455 9323 -1361 3523 -7497 -9148 1871
493 9500 -1410 -8991 6647 -3611 2684 7955
9483 -6927 -9500 6953 -2710 2427 9365 -6795
8475 6092 7302 7772 5621 9248 -9500 -3269
-6623 529 923 -9469 5546 5371 948 9500
-7283 9500 -4545 6799 -841 2437 -5881 6469
-6501 8991 -9458 4861 -9500 -2508 -5591 -8297
-3794 2103 -3855 6010 -2945 5126 7922 -9500
-3518 -2198 -9044 -9353 -9124 -9500 8490 8463
578 -160 4958 -4060 9500 -8359 -9403 8314
2927 -697 7311 -7107 8636 -9500 -179 -2839
-4739 7431 4396 7020 9500 -849 -7422 5607
-5733 -3221 -9500 -8459 -8980 -8416 -1726 571
-8153 -5315 -8635 4234 -3961 9071 2923 -9500
7726 -5256 9500 -7665 6438 -7094 5979 -6790
-5461 -5557 -9500 -8830 -6876 -5725 7653 7404
-4266 3432 -9500 7327 8127 -6144 -2134 1809
465 9500 6719 696 1829 -8026 -6987 -4642
4824 7919 6443 9500 440 -2037 280 -2228
9500 395 9260 -459 -8464 2242 7847 6739
8536 -3449 -8738 -1097 -8724 2627 -2689 9500
-5982 7506 9500 1 4482 -8167 -7564 6312
-9255 -9500 167 -2685 1873 -1050 -2683 242
-5605 7893 3427 -5866 -7801 9500 -6382 8540
-9500 1019 -4536 -6428 8918 -2938 -6720 5511
-1479 -7838 -9500 -4970 3488 -7456 649 -7844
-6727 -8870 -6914 -9500 -6752 -9317 -63 479
7250 9500 7244 9494 4783 6637 -7220 -9467
7297 -9385 -5984 8600 1619 -3650 7176 -9500
7013 7833 8519 9500 -7435 -8277 -3698 -4101
5184 6288 9500 -459 8588 2249 5496 6042
-7411 3216 -7453 -3359 -6855 -5048 -2587 -9500
-7067 4454 9500 -6306 8520 -6557 -737 -164
8198 8327 -4243 -5749 -5507 -7013 -8206 -9500
8618 9500 -2517 -846 -8828 -7141 -1068 -2589
-5445 4084 -5138 -4534 4234 -7488 -2665 9500
-4268 7594 9500 566 9424 -270 -7155 5209
-8813 5762 -1700 9500 3291 -9321 -9499 4492
9500 26 8152 -3054 -809 6224 3583 5874
-7330 4689 8854 -2215 8820 -2284 -9500 -6186
5728 4541 2541 8279 -6667 4868 1148 -9500
-638 752 -3109 -1364 9500 7752 8223 7470
-2997 3724 8087 -9500 5083 -6117 -5147 5779
-5983 -9318 -6371 5637 8008 5926 -5790 -9500
7286 8108 -7293 -8104 -3575 -9500 7637 -6176
-7173 -8620 6624 8087 -8257 -9500 -7191 -8637
-791 -9500 1880 9251 9357 2665 8711 -5746
-8334 2623 -1086 -9500 -1978 9286 -7031 5538
-7873 -8581 -901 -1381 8783 9500 -2746 -2456
4659 6407 9500 6317 -1971 -4232 -3309 -346
5086 -8064 4495 -8690 -1636 -9500 6967 -3878
-7405 7021 -9500 3220 -4663 -9243 8248 5881
-9500 977 7607 5803 5428 -8984 -4333 -9071
5572 -7538 -1521 -9477 -9500 -365 -8485 3999
-9272 9500 -9219 9459 -2618 2368 -9088 9202
6053 7363 1855 3250 -9034 -9312 -9113 -9500
-9500 -8850 -7565 -7482 -5556 -6000 9446 8813
-6627 6247 -7689 5089 -721 -9500 3306 9321
8410 -9410 4050 -4686 -8488 9500 2118 -2243
5592 5462 3251 2203 -1587 -4019 8204 9500
6873 3954 8011 -2823 803 -9500 2209 8722
-8272 -7437 9500 8396 -371 -665 -4900 -4595
-6430 6216 -4129 7479 1962 7939 -9500 -544
692 -9500 -4038 -7507 -9331 1015 6592 5129
-7204 3406 -5951 -7174 3446 9500 -4039 8435
-5672 -8447 5057 8790 2155 9500 -7173 3989
3192 8982 8319 5351 476 -9500 -8381 -5267
9399 -5594 -153 -8701 8262 1816 9500 -5277
-5599 -3277 -9500 -7042 5576 3256 1110 2608
-3877 9273 7882 -4621 2131 -9500 -4171 9178
-8725 -9500 -6162 -6983 5333 5111 -7667 -7702
-9500 -6373 4911 3191 7623 5454 -8851 -5922
313 -9500 -5435 -6158 6870 4074 4407 -8826
3734 1663 8930 9500 -6558 -5142 -6650 -8525
1815 9306 9500 -1911 8171 5264 7860 5696
-7572 -8547 3459 1520 -9500 -9494 -8331 -9052
-9450 8179 -3952 3382 -1566 1316 9500 -8216
4339 -8388 -267 -9500 -8946 1325 7744 4781
9500 -1884 -2286 -7961 -8534 -1792 -8533 5961
7905 -6937 2666 -1645 9267 -9500 8493 -7554
7161 5681 -8219 -4596 -9322 -2569 -9500 749
-5602 -4729 -902 -335 9500 8449 -6583 -6511
-8086 -9004 -8610 -9500 -4020 -4003 -7373 -8288
-3506 -2576 8043 9500 5703 5525 -7999 -9302
-4684 -5842 -2273 -7870 2950 -9500 -2 9011
9316 7811 9500 8509 5231 5931 -2197 -3489
-1669 -9372 -4599 -5459 2949 8372 938 -9500
-8202 -9500 2522 4175 -6017 -5247 -7122 -6608
2392 6762 9500 -2484 -9387 2963 -5895 6721
6046 8213 -6970 -9500 -350 -426 6595 9003
4592 -9500 -8637 -1833 7110 5625 8940 -480
-1255 -8652 -7899 -5713 -8405 -5026 -9500 -2068
-7195 -5567 9500 8214 -3379 -1642 -5446 -3725
-7750 -9500 2051 2806 -4089 -5218 -7608 -9336
9500 321 -9444 -20 -6013 5922 -2452 8268
9372 2755 -6329 -6341 -9500 -2252 1995 7512
-5724 -5757 9283 9500 6520 6743 -3170 -3130
-9500 -4853 -4353 7160 8332 6689 -1469 -9129
553 -9500 -9302 -781 61 9433 6538 -7744
3896 4499 -6996 -8571 4946 6167 7821 9500
-7270 4055 -1106 439 -9500 5547 -9466 5391
5802 -6236 9500 -7399 -6758 3463 5008 -5770
-4499 7187 6470 7565 6523 -5802 -9500 1898
-4650 -8503 -9176 -5620 9500 5192 8823 -4243
8982 -8027 -8437 6890 -7895 5955 9269 -9500
5108 -7505 2697 -8261 -2659 -7957 9500 -2814
-7333 6388 8001 -5423 -9500 -1526 -7816 5713
-6713 -3309 -7287 7752 6713 3309 9500 -3483
5441 6143 7862 8278 9500 8296 -5182 -5911
-8724 -9463 -1819 -3941 8678 9500 -6792 -5899
-8254 -9019 9400 8588 5081 6664 -9411 -9500
-6236 5407 -7828 7052 -9500 9017 7220 -6415
-9500 977 8530 -3831 -264 -6995 -4433 -5826
3785 8561 9500 4827 -7512 -7157 -5660 5812
-9500 9474 -3676 3354 9084 -8894 -825 1128
-7162 -5506 -4844 -8403 9376 -388 -9500 1365
7461 7170 8879 9500 4438 8047 3973 7542
3214 -9500 -8802 965 8827 -811 3834 -9109
-7895 -7022 -7151 3826 -2546 9228 -2123 9500
-1648 4585 8417 -9500 -1654 -1302 -8760 7905
-1212 -9500 -4330 -9004 -8980 -5136 9101 4900
8797 -6238 7748 -5185 7347 -4796 9500 -8620
-5765 -4958 1872 61 8862 9500 -2901 -1309
8056 2935 -6553 -7068 2033 -9500 7554 -2687
-5079 8170 -5062 8189 547 8986 2859 -9500
1743 7733 4288 6954 -9500 2409 -3793 7479
-7791 -6218 -1794 9500 8207 5773 7724 -6857
8802 4018 9500 -1060 1244 -8792 4311 8170
-8947 8344 -2147 1718 9103 -8758 9500 -9098
-4964 8467 -5689 9500 -5267 8509 -894 1971
-4864 2510 -7265 7210 9500 -7154 -230 -1511
-660 443 4598 -6761 6772 -9500 3068 -3847
-9500 -9180 1207 -563 -1537 253 -5640 -3789
-3103 -6997 915 -7033 -9500 1559 -3593 -6908
6413 9034 5968 7409 624 -216 -6922 -9500
-9500 -8780 -5610 -7706 2515 4825 -5888 -4129
4500 -7401 7193 -9443 -7891 9500 1393 -4258
-4543 -6029 -5453 -7026 -7338 -8984 7914 9500
-9500 7695 -5655 7856 1325 -3754 -1025 -1419
4483 9306 9500 4084 -5202 7759 -4200 8409
-8488 -9500 -6555 -6081 1058 -1 952 -114
90 7516 5820 -6991 -9500 -2744 -4505 7336
6010 4183 -760 9500 -4936 9058 -7416 6315
7560 6197 9500 6996 -9440 -7073 4826 4446
3512 3085 -7960 -7968 9048 9500 6625 6462
-4515 -2218 -225 -1521 8603 5907 9500 7028
-4837 3740 -9304 6876 -9500 7005 -4006 3144
3208 -4775 8706 -9500 -3304 2045 1719 -3289
375 -549 -9500 8815 8342 -7629 2867 -2848
-9318 7828 9500 -8044 8 1290 -4947 5586
4954 -8777 2484 9500 -8395 7219 2796 -9313
1941 6428 9500 1280 -4697 -5721 -6156 5123
-9036 -1996 7967 -5227 9500 -861 -5318 7461
5760 -4464 8211 -6472 -7615 5979 -9500 7581
-2470 -9500 6491 9125 -9251 -1670 -8118 -7982
8609 -9500 3319 -5266 633 -2548 -8767 9324
-2105 9090 7428 6303 3247 9455 3085 9500
-9500 814 4720 6352 6630 -5354 -959 -7311
8669 2909 5994 5274 -9500 -796 6510 -4806
-6741 2306 6667 1991 4987 6288 336 9500
5188 -8116 -2732 4996 -5819 8892 -6321 9500
-7637 4414 -6584 6825 -4869 8682 923 9500
-6289 7951 -3407 9406 1167 9500 8123 4299
-7923 7197 -9500 -3766 8690 4817 5741 7266
4710 4751 8123 9500 -918 -426 -1250 -800
6580 7599 5423 -5549 -6458 -7729 2622 9500
-1653 -9249 -3273 8590 -1117 9500 2707 8734
-4096 -3347 -9500 -8908 -3912 -4203 3051 2337
-5243 8399 8294 3881 939 9344 -281 9500
294 1123 -6582 -6608 1217 257 9500 8778
-5922 -4811 -1220 -9500 -4704 7228 -6830 -1228
2994 -3193 -7144 9213 -6723 8090 7407 -9500
8226 -5055 8229 -5050 -4490 8870 -9500 -5
-4540 -2204 4031 7483 7451 9500 -5140 -3075
-4938 4376 9500 -7670 6729 -5745 -9460 7659
-8609 -9500 -367 1697 8565 9473 -5078 -6764
9500 9482 4076 3917 -8807 -8874 4665 4817
9243 -214 -259 -9482 -454 9500 5519 7421
9047 9500 -6827 -8858 -7319 -9319 -960 614
-6393 8494 -9500 -963 -8452 -4793 -5426 9325
-7100 6433 -4701 8702 8694 7179 -6453 -9500
8517 9500 5865 6403 -5264 -5721 -2910 -3064
1899 -9500 -4558 -6501 -8795 3309 -1788 9492
-5434 -9100 -979 -3497 2105 1059 5854 9500
-4066 5627 123 1781 9500 -7863 -2071 90
4592 8063 3675 -7670 9500 2577 6922 6714
300 9500 -6615 8213 -8017 -2460 5345 -9081
7880 5752 7311 3989 6743 3612 -9500 -5454
9457 -314 -8145 6879 -9500 2640 -9452 272
9500 8608 8232 7185 3146 4070 6444 7048
-9397 2839 9500 2618 -3149 -8993 -6278 -7342
-4980 -1868 -8176 -7564 9500 7230 6464 6754
5919 -7599 3141 -4938 -9071 9500 -1240 2998
4392 -7046 -589 -3549 -9500 8118 -7503 8440
-5598 6696 8518 -9500 312 81 -3398 4260
-8426 -9500 5486 3253 6865 5097 -8645 -8079
-3430 -436 -9438 -7731 -8144 -8321 9500 8008
-5620 2617 4857 -5911 5365 -6274 9500 -8942
-6384 -6403 -4363 8984 5428 7660 -3146 -9500
-9391 -9000 -9500 -9187 -7268 -6659 -8644 -8124
-8484 -5774 2428 2874 9500 6604 -1292 -1993
-5900 6978 -4150 -9500 4686 -7868 5913 -6968
8872 -4200 6291 5098 -9500 2794 2784 -7666
5234 -6725 -398 -1542 -9500 7273 3650 -1541
-3533 -2806 -6427 -7535 9365 9500 7107 8194
-8621 6224 -9412 -2732 9500 2338 -7447 8213
-453 9444 -6256 -7156 9500 1180 8335 4651
-132 -9500 -7994 4398 -4778 7192 7043 9487
1536 -9112 6700 2406 -3981 9500 752 -8837
7076 9500 7910 8776 1136 -144 5906 8288
5088 -9500 9013 -5036 9051 -4230 6781 2480
-5619 9500 380 -550 1901 -3136 5267 -8890
5020 6712 5359 6575 9500 1295 7877 -3336
-6723 6881 8510 3117 7411 -6251 -9500 145
9500 -7806 -6337 4514 2302 -1272 7353 -5345
-8776 8437 220 -555 6143 -6056 9500 -9073
-9500 8678 5774 -5157 8931 -8190 -9023 8180
-4081 -8003 1670 -9500 3476 -8535 4089 -8009
8803 -2160 -9439 309 -9500 -2061 -4000 -7660
9500 3376 7940 -5742 5409 -8609 -9028 -4888
523 -9500 -3411 -8554 1490 9195 4222 -9084
7946 9368 7737 9142 -8075 -9500 3692 4151
-9200 -7776 -8512 -9500 8820 6678 1914 5980
-7213 6921 -7330 7132 7844 -8109 5681 -9500
9500 9223 4182 1459 -2046 -5546 4445 7875
3835 7179 9500 -2213 9498 -2247 3986 -8574
-8740 3633 -2630 -7866 9500 -1137 -2827 8005
-9500 7401 7767 -6573 4209 -4412 -7769 4571
7650 -9500 1522 77 -2975 5000 -4627 6689
-9067 718 -9500 -1565 7880 -3506 9390 688
-2163 9089 7554 6641 -3310 -9205 -9500 1488
-709 -9500 7278 -830 6433 9190 -7152 -8468
4966 5424 9500 9300 -5423 -5867 -1795 -1274
9162 -9142 1762 -2587 -7896 7657 -9446 9500
-1537 -9500 -2440 -9308 -7851 4277 -4357 8220
-8104 4682 -2074 -278 -3950 4334 -9500 6760
8738 2189 -307 8169 -9500 3232 9073 -4353
3542 9018 2147 9500 -6602 -5013 5698 6978
-6190 9500 1873 -167 -2279 5040 -2491 5295
7688 -6464 4338 -9143 -5116 -7895 9500 -72
-6314 -5563 -2722 -9465 2636 9500 -7084 267
-6380 5008 5467 -3511 -9500 7097 -7288 5630
8785 5520 -6134 7200 7345 -6390 9500 4641
8274 4155 9500 1268 -5189 6467 -1347 7729
5696 -9500 -210 -2094 636 -3170 1208 -3894
4776 -9500 -5867 -7466 -8929 -396 8994 -649
-5072 -2669 -8198 -7409 -3742 -4207 9500 8290
1875 9500 7324 6103 -7169 -6376 -8268 -814
-271 -629 7895 8454 8524 9203 8754 9500
-309 -159 419 -630 8699 -5445 -9500 6018
-3963 -6605 9500 -2071 -8093 -4404 -6774 -5401
-2119 9500 -4566 -7473 -6527 5232 -6299 5705
-3223 -2744 8652 6491 9500 7024 5449 3595
-5242 -6621 5373 6363 5699 7172 -7640 -9500
-7832 4253 7875 9074 9500 -1305 9488 -1332
-5671 5486 6599 8449 7408 -3426 -9500 -3948
5777 5978 -5303 -4563 8902 8254 9500 9169
-5365 -4082 -9373 -8308 -9500 -8491 -3676 -4226
-636 9366 -9500 -2641 6376 -5581 4892 9323
3868 9500 -7348 -5070 -7604 -4369 -5356 7880
9351 -1638 -9500 664 7586 -5262 9219 -2168
-9500 2658 7368 -7343 9308 823 3832 8310
-5437 -8225 -9500 -9312 7206 6343 5889 4702
-9500 2161 7293 -6348 7786 3366 4277 6479
-4267 6933 -9500 3521 5648 6570 4565 6962
-7691 8212 -9166 9500 -3559 3312 4555 -4368
7427 -3906 -1672 -9500 1997 -8519 6616 -4972
-6170 6228 -1298 -7344 8527 -4531 9500 2454
-3011 -3378 -9500 -8893 -8919 -8507 -8787 -8405
-8886 -8105 -2259 -4688 3956 1638 9003 9500
6130 -9500 4564 -8258 -251 -3513 -3484 7298
-5668 -5249 8783 2581 9500 1236 5857 -5772
6855 -7994 6830 -9500 -2832 1438 6714 -7690
4111 -6506 4754 -6325 187 6772 -9500 122
8628 9500 4463 5724 -4333 -5581 6698 7098
27 9500 -4701 7230 7536 -4555 9129 6933
3464 -7379 -9500 -1177 -9479 -3510 -8567 -5981
5266 -8721 5913 -9500 5434 -8522 -5387 8893
3005 4575 -4270 -6678 -5870 -9500 -4957 -8195
2718 9500 3704 8734 3641 -9148 -3473 9279
-5925 9477 3180 8552 5871 -9500 -6429 9240
-9450 2589 9500 -1869 8064 3208 -4804 8405
-8698 5552 7080 -7744 -4519 -9239 -9500 -2878
-7350 9500 6777 -9089 5683 -5886 -3839 6122
-8618 -5899 -9218 -6919 9500 7613 6996 8003
-6517 5087 3279 -7170 6988 -9500 1356 2323
-3657 -6395 1613 408 1819 692 6492 9500
-6549 -9237 -7709 -7079 -5068 -3007 8564 9500
-7181 -4303 -2686 8528 882 9500 -1060 -9494
-4961 -6549 -4960 -6548 3462 2913 8087 9500
-9459 4049 5614 -8025 9500 5618 -4217 8799
8725 -7370 -9500 7644 5479 -3829 9479 -7756
8711 -4213 -7972 5884 -3581 -9500 7962 -5903
-9500 8856 -6921 5905 -5119 4102 -9320 8831
-2944 2067 7613 -6374 -9053 8479 -9500 8170
-801 1828 9417 -6483 -9500 6965 -6739 5711
-9500 -2932 -4765 8245 9415 3200 6827 -6720
-7445 -4184 9500 196 9070 -2887 7623 -4937
-8502 -3861 -8458 -9500 -5914 -8331 6828 8807
3010 -9500 4137 -8594 6679 -2727 -6620 -1462
4661 5171 -3475 8069 -2213 -8512 783 -9500
-5581 6957 -6266 6463 -7799 4916 9500 -306
8656 4249 8905 -2863 -9500 -597 -9492 -14
5090 -6141 -7156 8127 -8677 9500 -7176 6812
6686 3991 8613 5542 9235 6090 9500 6834
2093 -8522 9404 -1603 -9500 1988 -8685 -270
-9500 9082 2953 -3254 6945 -6259 3726 -3095
-8636 -9500 -4572 -4897 -2836 -3297 -3392 -3906
9500 -2133 2860 -8181 -5556 6971 1934 8545
-9500 6844 -3141 1034 -1685 -14 -8187 6298
8346 -5758 -9039 4191 -7297 7206 9500 -1057
9500 428 8979 -1146 -7744 -4189 -1680 5690
3437 8940 9143 -236 9500 -2601 -8321 8332
8389 -9500 -4444 4651 -8384 9495 2541 -2507
-4967 -8972 6922 7648 7464 7160 -3832 -9500
-2951 6846 -7959 4848 9500 -2974 5118 5526
-8224 -5294 -5203 8628 4228 9500 -7034 -7151
-7653 9500 -5068 6212 7370 -9169 2755 -3323
-8414 -4286 -9500 -312 -3342 7793 -4662 -7578
-2744 -1310 -9500 -9175 -1880 -3164 5761 4434
9500 8483 -7018 -6411 -9349 -8092 8911 8002
7798 2936 1176 -9500 3332 8818 5824 6807
4928 8369 7584 6679 345 -9016 -9500 -3891
-9500 935 -8624 -1939 9154 -2890 5605 4966
-9500 -8907 4299 5479 9320 8498 8436 7246
-8077 9424 -8181 8981 7987 -9500 8086 -8471
7878 -677 180 9500 -7388 -2688 6972 -5014
-9416 9500 -809 1414 6183 -5749 -8837 8657
-6147 9500 1744 -5244 5284 -8770 4150 -1930
4148 -2668 3031 -1303 -1715 4263 6516 -9500
7190 9500 3119 1275 207 -2156 -6323 -5441
-9403 1311 7500 4620 9500 -983 -8072 -4079
-9500 -697 7871 -4515 9408 -184 8871 4948
-6442 -7802 9500 4398 9313 358 795 -7720
2874 -8913 -4964 7788 -9369 3547 -9500 3350
-9500 -4660 -7329 -6855 9188 -4759 -8376 5683
5360 6213 6747 7090 8511 9500 8260 9246
-9191 -6430 -8247 -8934 9304 5932 -9500 -1156
-9500 -8312 -8316 -7250 -1892 -1587 -9458 -8299
9500 4502 -8961 -5468 4654 8353 7457 7033
7737 5459 -851 -2448 -9500 -8497 -3484 -1320
5255 7128 -7757 -9500 -1619 -3107 3115 2547
2860 -2861 7033 -9348 703 -1791 -7202 9500
-8922 1788 -7875 -7227 -1420 9500 -8047 3734
-284 1520 3506 -5306 4565 -7366 5296 -9500
1046 -1683 -2776 4016 5651 -7525 6969 -9500
9018 7907 9500 9211 6517 5436 8660 7547
-3084 3742 -7358 9263 -3635 4657 7637 -9500
-3652 -3276 7729 5620 -1447 -648 -9500 -7067
-7427 5366 9500 187 8880 -3362 -9312 -1212
9500 1329 -8324 3724 174 -7036 4626 -6242
-8347 5828 9197 5018 9500 4016 6404 -8581
7458 6519 -8313 -5400 778 -9500 8280 5450
-3656 9492 7252 1383 3556 -9500 -3729 -6325
4749 9500 -6358 -9164 1282 -8012 5765 -4526
6089 -3554 -4329 4366 -9500 7095 -5397 2967
-9500 -1339 -8074 -4876 -2500 -8337 -1763 -8460
-3087 -6492 -9500 57 -3245 6891 7572 3780
-8472 9500 -181 -1416 5702 -5316 -5807 7834
-7933 8138 -9025 9500 -806 1614 8194 -8453
-9500 1052 9370 -1530 9406 4263 -8066 4430
8551 -3216 9500 6231 -7803 4475 4401 -8139
-6293 7417 5148 -8155 9500 -515 -411 9203
-3173 6801 1690 9500 -149 -8904 -7721 -8768
-9500 659 -8612 2761 9204 1955 -6600 -4899
-9500 8685 -7509 6281 2308 -1172 169 816
192 409 -9257 6844 9145 -6787 9500 -6933
6383 7069 5408 5820 4683 6350 7511 9500
4681 -9408 -9103 5249 -7505 -2255 3577 -9500
-6978 -9500 598 -160 1668 1340 6552 9395
5284 7052 419 1863 -5815 -5561 -8050 -9500
-9500 1301 -9190 -373 4903 6636 -6231 8201
9500 7369 8759 6747 -1485 -1631 9181 7726
4628 -8396 8090 -4769 9500 -961 -6340 -8107
9500 -477 8393 -3956 7983 -4635 -8472 -4660
-1759 9500 -6300 -3922 -1638 -8635 6024 4400
-5676 9500 5627 -9416 -2572 4493 -3588 6198
9500 -3903 657 -8543 -3753 -7234 6529 5330
6352 -7527 7957 -9210 -7545 8793 -8357 9500
-6550 -8001 -5614 -8529 8425 6079 -9500 -1576
3966 3127 9451 7051 -7315 -5565 -9500 -7055
6016 8558 -6050 -9500 -4034 -6837 4473 5954
-7495 -9500 -5255 -8162 -909 1653 -3377 -1485
-8136 9500 -5774 7185 -488 1723 -7013 6527
5015 9165 -8978 -6775 -5696 -8893 -3971 -9500
2076 1648 -8899 -8733 3929 4131 9500 9225
3899 -383 -9395 -8903 8001 9057 9500 8778
-4155 -7225 6580 9500 4853 4003 2017 86
5134 6010 -8918 -9500 5882 5849 6722 6806
-581 9153 -393 9202 -8460 -7401 -9500 1925
4700 4702 8494 9500 4058 5041 -1003 -1720
-9499 2418 9500 894 5193 6551 -2860 8111
-8292 -4243 -6286 -6667 7307 -6260 -9500 1573
-9471 385 -9500 -1234 -4123 -6651 7706 -3785
-5252 -9500 7378 -1374 5420 9399 -8205 -4099
-8230 -8974 -6284 -7335 9192 9500 -8343 -7995
3303 -2612 1469 -1536 -9500 5826 6303 -3314
6548 -7045 3288 9500 7772 5492 8566 3762
8948 3303 1850 -9199 -579 -9398 -9500 107
-6437 9500 -4698 7985 1235 -647 2714 -2975
3787 -2048 -4126 5999 -9371 9213 8384 -9500
-5701 -8958 -2625 -5857 9500 8449 -1407 1485
7547 -4074 4871 -8070 -2073 9500 8111 -992
1542 -4045 7926 -9500 3615 -1816 -5091 3695
8533 9500 6297 7837 2886 4881 -8075 -6580
7033 9420 6930 9500 2437 4460 3608 3739
-7388 6106 2685 -8980 496 -9500 -8920 4245
-5706 -6983 9500 7638 -9331 -7385 -6597 -7612
3776 1612 -9500 -8267 -6389 -4014 6460 6526
9500 -8155 -9400 8091 4167 -4004 8918 -7756
8044 -6606 8461 -6767 9500 -6611 8868 -5629
1596 7388 -2481 6512 -9500 -980 610 -7080
-5021 8001 -1379 9500 8535 1656 8543 1613
-8535 5333 7743 6032 9172 -4022 -9500 3057
2957 -4644 -6462 9500 1147 -1335 1891 -2435
-8985 824 -8495 -6006 -6996 -8489 5928 9500
-3188 -2536 2839 2304 -9500 -6266 -9483 -6589
-7519 -9500 5429 7147 -249 -936 -5265 -6956
7536 -5926 -416 -9500 -8851 3948 -2253 9189
-7525 -4471 -7867 -3943 -8612 -2541 4690 -9500
-6025 7321 -2699 4872 9483 -7980 -9500 8677
-4877 -6364 6733 5206 9447 8932 -9500 -9386
9168 -3744 -8665 4581 -9500 2754 -7524 -2966
7414 9182 -8875 -9425 3097 -138 8613 9500
8350 -4330 9118 -794 -8823 2945 715 -9500
988 -926 9435 6944 -2758 -397 -9500 -6873
8885 2942 -4238 9081 -9500 -1361 -5357 -7179
3690 1815 7284 5584 9500 9247 7124 7789
-596 -858 7137 7692 4249 4835 -8620 -9500
5351 -1623 -5796 9056 -8092 9500 -5726 2155
9041 -2401 8582 -4872 -2591 9500 6992 4344
-3425 3432 5713 -6309 -8815 9500 -6132 6375
-9500 -946 8679 -5702 -6404 8098 -8408 6122
-6399 -6608 1249 9500 3489 -8871 -3254 -8909
8839 -6942 9500 -7546 253 811 7887 -6074
-4714 7301 -9500 2138 -7532 -4977 8433 -4361
-3209 -475 -8832 -7181 -9500 -8210 5240 7471
487 -8621 -665 -8508 -9500 3851 5698 -7616
9500 -1676 3418 7619 1654 -7873 7785 -4659
3049 3732 7520 9500 -2544 -3096 -1935 -2531
9500 7684 2599 1094 -4510 -4616 6274 5916
2464 -9372 -9228 -877 5476 9500 9102 4027
-4418 9500 4567 5928 5091 5277 -8052 2248
-3200 8053 -3147 -9500 -5099 5900 -3705 7588
-6767 6798 -8997 9500 -8114 8744 8428 -9036
-6590 -7036 -8942 -4078 -9500 4255 -2388 -9404
-78 2028 5852 -8105 -7457 9500 -5551 7820
-4424 4745 9500 -7226 7161 -4775 -3045 3724
-799 714 3781 6302 -4370 -6959 -7326 -9500
-9500 7633 9199 -7951 6498 -7227 -9087 6223
7574 -476 6711 -2491 4246 9500 8260 3628
5309 1167 -5127 -997 -9500 -6061 -8656 -7870
7911 6776 -9230 -9500 -5795 -4462 -1930 -504
5292 -8718 6983 -9500 2692 -2551 -5816 7479
1760 7941 -968 -7992 2126 -7837 9500 -4530
8667 7128 9500 5806 -5466 -9356 -1615 9034
-8007 4769 -9500 2317 8141 -4603 7091 7036
6683 7003 4901 -8602 -5663 -7955 2905 9500
4839 -8315 4289 -1077 -9500 8474 2212 -5936
-4151 -8890 6876 6953 8404 -5509 3134 -9500
-6999 -6496 -7554 -9500 -1700 -4237 6242 8580
-4544 7513 -1994 9405 -1790 9500 -5244 6700
-2508 -2711 -7066 -9001 -5123 -7055 7255 9500
-9040 -7585 8030 9065 2928 211 -9297 -9500
9500 -206 7067 4510 -5075 -6054 -1176 -7555
4836 -8587 7824 3585 5875 8938 -4046 9500
3270 -798 -6011 9500 -8403 8171 7781 -7139
267 -7084 -3028 -6785 -9500 -1975 8811 -3049
6582 5920 7102 5468 9500 2722 -5968 -6407
-8806 -6942 9500 -6614 8280 7472 -6344 9287
8495 -8682 9377 -9500 752 -428 -4065 3777
9500 -8272 -976 871 -6676 5800 8731 -7613
-8640 6484 4533 -7255 9500 -8106 2914 539
6729 7449 -8191 -9500 2821 3602 8173 9219
-1844 -757 1094 2684 7752 9500 8151 9267
-1285 -9500 -9166 -1564 -9192 3165 -6406 7743
5180 -9500 -6550 8166 -7583 6562 -8665 -525
-2339 -607 828 2022 7768 7258 -9500 -7271
-6452 -4952 1768 1088 9500 7076 111 309
-8835 -2640 -8578 2978 3451 9500 -4571 -8924
9500 -1968 3993 8096 6156 -6958 9062 -3305
-9500 -8869 9323 8780 9245 8738 8711 8429
-9405 -7340 -5130 5991 -9314 1547 -9500 -7239
-7583 3460 -8268 -4452 91 -9500 6228 7713
-3873 -5805 3107 2442 7702 8533 -8319 -9500
-5420 -3308 1469 -9500 2614 -8814 5803 -537
4975 -5138 -1312 6396 3408 6763 9500 4215
5084 4597 9500 8987 -9407 -9290 -4473 -4649
-6616 -5270 -7353 -4480 9500 -4078 2333 -8912
9064 1793 -9500 1328 -7171 5238 8676 2564
-9500 -375 -8583 -4316 -4383 5408 -9034 990
7092 -6293 9500 -9080 8696 -9054 8241 -8681
1477 60 37 1418 3214 4418 9246 9500
-8978 9013 6079 -4833 7647 -9500 3399 -5731
56 -558 -6187 -7557 3271 4747 7348 9500
-9500 -2417 -2818 -6958 -7418 -4482 -8665 -3371
-7036 3238 2134 9500 6237 6989 7399 4823
7131 8469 -785 1332 -6221 -9500 6948 8095
6851 9500 6798 8922 -4144 -4082 -2878 -2149
762 -9500 -841 9494 7416 145 5074 -7257
200 -2937 -9381 8340 -9500 8581 3732 -6156
-7518 8652 7315 -5206 7524 -5469 -9500 9375
-270 -1002 -1385 -1715 -9500 -6185 4322 3536
-9041 9500 8570 -8844 5204 -7185 -4841 4113
-9500 -132 9382 1757 8228 -2269 -5454 -5069
9197 -2971 9500 -1512 8730 4965 8876 -3985
-3883 -2551 -9109 -6505 -9500 -6931 4380 2918
-9500 652 2911 8037 1260 8532 -8989 3661
21 -3094 784 2042 5941 -5623 7805 -9500
7714 -7271 3860 -3098 8105 -8675 9099 -9500
-969 339 -3968 -3150 -8486 -9313 8517 9500
-9253 9367 -9043 8991 -8483 9085 -9118 9500
594 905 2527 1215 9500 6683 8050 5787
-8208 -7378 -66 9430 7660 7874 9500 5590
6675 -9500 -1774 1597 -4388 5679 -565 1924
5132 4096 4444 3508 7648 6711 9500 8255
6726 5032 7305 -6912 9500 -786 6900 4839
-4478 -5316 535 -7046 9432 -847 -9500 1438
327 -314 9353 -6041 9500 -6025 -7119 4635
7494 613 6088 5541 1608 9500 6040 -6036
-3785 -3620 -6839 -9500 5996 7106 6351 9184
6043 6598 -9500 -7200 -8512 -5853 -1173 1180
-8958 -2061 -9459 -468 -9227 1720 9500 -123
-5065 5126 -2559 2490 9019 -9500 -7800 8023
-7887 6005 8591 5272 9462 951 5067 -9500
6611 -8823 5926 -9485 -9500 -450 8335 4935
9289 617 -3554 9500 3331 8645 8315 3514
-3646 -9032 1571 -8560 6983 7602 -9500 83
1044 -8498 4000 9500 4936 9348 9351 3627
-1714 -415 -1685 -381 -7429 -9296 -8404 -9500
3583 3973 -9500 -7421 -7688 -5333 -1372 144
-6728 8088 3079 -5469 -965 2808 -6626 9500
-8083 4339 -7422 -4485 9500 2166 8759 3237
-9201 9431 9340 -9468 9500 -8979 4082 -2358
9500 -9101 -6762 5578 -9203 8598 6233 -4985
1393 9500 5594 -8197 7013 -6954 8711 2977
-4975 8169 -9337 2061 -9500 -212 3988 -8664
2620 -8907 -5112 7470 -97 -9500 746 -9411
-5940 -5904 -4227 -7363 3923 -9500 4460 -9381
-8713 1911 4425 9500 5746 8143 8000 -5362
-2942 -9139 9500 -5432 9127 5919 -7882 6917
5561 7402 -9500 -3433 -2477 -8806 -1831 -8987
4185 -8060 6849 5312 4638 7920 372 9500
5263 5650 -3092 -2047 -6272 -7602 -6929 -9500
7987 -5471 7143 7690 -3607 -9500 6847 -6709
-5095 4702 -3168 1865 -1893 68 -8024 9500
-2296 -9500 -8269 4048 -8392 3767 -8954 -2498
-3583 9500 6628 5653 9146 3005 8710 -7994
-9386 -4116 -5521 -8535 9500 3824 -8033 5455
9500 -1108 -3990 8113 -9467 1371 -472 -8801
-168 3569 6831 -4164 -8036 5897 -8849 9500
5891 9455 -4336 -7011 -5919 -9500 -2874 -4579
-4689 3430 -4405 3195 9500 -7627 -6247 5332
8896 6896 -4906 -9500 -9460 -6103 -8628 4125
5280 4544 -9500 -6715 -9180 -6431 -6094 -3897
-9500 -6073 3480 -1123 -4355 303 -8408 -4268
-8579 3392 -469 -9500 7858 -4938 -4389 8375
1403 -8173 9476 -3311 9500 -292 -981 8138
9338 7107 9500 7372 -2754 -919 5662 3419
9148 -6878 -2778 3831 -9500 7392 -6281 3834
-7103 4176 3340 -9500 7140 -3111 293 8882
4954 -4912 8220 -7538 -1924 2385 -9500 8510
5293 6698 6944 6755 -8883 -9500 -4274 -3566
-5567 -7384 -6003 -6722 4404 8568 -346 -9500
3466 -3988 -5593 3734 -9500 7483 883 392
-6686 -5508 2768 1865 -9500 -7444 -6757 -5562
9500 9323 5798 4318 -4421 -6088 -7875 -8946
-9500 -6622 -1376 -823 737 647 -5725 -4087
-4126 6621 -6139 9500 -3439 5012 -2240 3128
8215 8785 -7129 7476 -4905 8432 -645 9500
-2840 9500 7424 -8647 6670 5034 2070 8200
8151 -2753 8529 5515 -1540 7747 -9500 -3335
9213 -1035 8949 -40 -9500 2774 -9343 1663
-9252 -6663 -7243 -5206 -3957 -2832 9500 6845
-1385 -9488 3184 9500 -9041 -4872 -8579 -5980
-2325 -8176 2326 -7100 -8738 1416 -9500 -553
-3783 -7132 -7402 -9500 -3571 -1623 7469 8432
5667 7269 6923 -7789 -3147 -8278 -9500 -4349
-2040 9375 7322 4771 -1930 -8689 -9500 3722
9500 -3415 6840 -8044 -389 -3602 -8974 9136
-5405 8070 -5743 7703 3653 -9500 4570 9299
3613 2807 -2883 -2564 -8067 -6774 9500 7797
6011 9500 3220 6414 -5483 -9014 -4687 -8164
-9258 9500 7671 -5687 7594 -5555 -5548 9243
870 3025 5787 9500 5567 7028 -111 1605
8045 7422 -9014 2579 7935 -5396 9500 240
6242 -6146 -8378 -2636 1372 9500 8587 725
8117 -7944 8356 -7627 9500 -5005 -5765 -6244
7439 5638 9500 5783 -495 -1524 -500 879
-9425 4448 -4643 -9500 6283 -7236 -6154 7319
9500 -7544 -7666 4663 836 1505 8893 -6122
6720 7767 5867 8353 5804 8389 -9500 -2031
708 -9500 -2347 -8869 7948 -6097 7735 -6383
-6693 6569 -7085 6166 -9500 -5853 8929 6802
2901 -1212 -7542 7957 -4134 2988 8587 -9500
8911 -9500 -2852 989 -8604 8828 2769 -890
5159 8930 8525 7965 9500 -132 2108 8648
-5203 -6468 9500 1519 34 7882 -2348 7748
-4919 5676 -9500 8314 -1643 -322 -968 2557
-9438 -3400 -9290 -4193 9500 2363 -2015 8038
-9500 7865 -5575 5196 8573 -6942 8767 -7128
-9190 -4900 9500 5037 -2152 -1263 -6442 -3506
-9500 -161 1485 7898 4718 6606 9267 1150
8055 -7120 3908 -2997 -9500 8974 3360 -3794
-3055 4412 -5335 6279 7285 -7734 9500 -8483
-2135 137 -5808 -3007 -9500 -6388 4595 1949
96 759 -9500 -8519 -4403 -4506 2579 1639
4219 -8051 -2316 -8941 -3178 -8451 -1024 9500
2145 -8366 4783 -5630 -4765 -9331 -4464 -9500
2817 2282 -6083 -5683 9357 9500 7814 7546
1128 612 5800 6607 7163 9085 -7674 -9500
9036 -3330 5561 -7028 -9281 -961 -9500 354
7479 5848 -9500 1861 -1989 -7778 8470 4946
-9472 -1285 8528 -3656 -2530 8859 -9500 -791
-6425 -8794 2055 -9500 5953 -6630 -7405 -7846
-1435 -8517 -4805 -6876 6701 5222 9500 -1817
-8857 -3589 9500 2637 9247 -2000 7142 -4208
-2640 -1415 9500 8944 5218 5639 -1344 -204
4493 -5693 5855 -7004 -8115 9014 -9024 9500
7143 3929 -9500 -7860 -334 2627 2198 4621
8419 -3633 1912 -9500 6489 6218 8577 -3098
8308 -9500 4243 -6178 -3572 2675 -5369 7313
6332 -2748 -5205 5343 -7021 -2315 917 -9500
5776 -9500 5216 -9035 -5509 8688 -4912 8646
-1218 -1403 -7794 -7239 6919 6479 9500 8623
-7170 -4689 -7764 -5278 -9500 -7502 4317 2081
6656 5170 -4808 6694 -7186 255 1617 -9500
5488 9139 4418 6518 -5970 -9500 3953 6971
5823 -4915 4457 -3682 -9500 8708 -9369 8139
-9500 8458 9022 -8476 6082 -4048 1390 452
-1123 -9500 -7369 1587 -7021 2516 7915 788
-9500 2222 -1407 -7292 -1108 -7379 -9462 2566
-8306 -4914 6271 4357 6517 4499 9500 6085
7011 9500 2702 6107 -5652 -9142 2999 1537
1530 -9172 9380 7031 -9500 2135 -8185 -8283
-7909 4320 -8843 -4023 9500 1001 -2470 8465
-5900 4724 -8655 8165 -9459 9500 4496 -3124
5386 9006 -9500 -1671 -7153 4847 -1382 9205
-8288 -9500 -8 1149 1993 3376 6145 6158
8426 -940 9500 2576 -4878 5731 -8775 -6947
5973 7129 -5334 7520 1764 -9500 8064 -3162
-8491 8697 415 -3503 5360 -9500 -3500 7309
6749 -5752 615 -1606 -8552 5175 -9500 7471
-9500 6852 -9500 6851 -3000 3264 -8465 7204
-4986 -6668 -6932 -1968 361 9500 2878 8636
4161 -9176 9500 1130 3261 9198 -6239 -7265
1364 1917 4149 3932 5600 5507 8913 9500
-7183 5476 -9482 -2687 8537 -2910 9500 2297
8241 -9500 7810 -9202 3135 -5293 -8415 7120
-19 -9500 -5209 -3667 -5903 5942 3832 6230
4397 -6199 -8973 3217 -9500 1994 -558 -6439
-7483 -9500 -4109 -5620 5539 6611 4056 5556
-9500 -4698 -9159 -5986 -3318 8759 -6477 5805
256 -8694 -9462 -1298 -9500 -2209 -2437 -8997
-9500 -881 841 -6632 8056 -2492 2150 6899
9500 -3567 5835 7554 48 8960 -8159 -5774
5823 -9290 5014 -9500 2898 9409 8859 6681
6006 7817 4258 9500 -6791 4416 -5244 -8694
1883 -8090 7248 6380 2106 8538 -9500 -1175
-5871 4004 1447 956 1892 486 9500 -9245
292 9465 194 -9500 9396 3675 8875 4526
1017 -9500 -7548 -3135 -8626 3540 5621 -8381
-1378 -8376 9500 484 -4929 8246 -2605 -7959
8806 -6434 -4672 9500 151 -9490 8619 -6731
5921 -5187 7629 7244 634 9500 -5956 5144
-5040 8264 233 9500 -1963 -8414 -6691 2837
7460 -9500 -114 -1322 -3389 5379 7206 -7941
247 -2059 4369 -4629 -6597 9500 -2037 1133
9500 1010 -9394 1502 -6792 -4198 925 -5976
-8302 -5231 9500 -4184 9016 4745 7230 5818
6237 2689 7380 4006 6113 9500 -40 3852
-7885 -5920 3716 1094 8454 6635 9500 8014
6247 -6983 8443 -1004 6329 6417 -2930 9500
-9500 -3784 -4472 5826 8816 5285 7093 -3627
5819 7167 6387 7671 8404 7007 -8531 -9500
-1205 2420 6910 3265 8919 6063 9500 7558
8522 2644 -214 9500 -8789 -856 3034 -8839
-8942 -7377 9307 6922 9500 7490 -8036 -5531
6079 8918 -6275 -8865 -6560 -9500 -6447 -9374
-3240 3840 54 -688 6966 -9500 1873 -1943
-3577 8886 9500 -1618 942 -9134 -9358 2904
-6243 -7995 -5843 -7592 7381 9500 2660 3520
3796 9296 8915 3923 -8739 1380 254 9500
5866 5692 9500 -550 8602 -5466 8345 -5848
5079 -7437 -330 -172 -3354 4030 6694 -9500
-1781 -1813 5628 4681 9500 8379 -8538 -7587
9500 -7741 -4575 7012 -4429 2333 1812 -4179
-7332 -3239 -8659 3000 -7542 4072 9500 -391
927 -8257 9500 3305 9238 1284 9087 724
2044 3101 -9048 -8666 -681 -1880 9500 8651
9500 -7074 -8604 6156 2495 -3184 5325 -5288
9500 7615 -7516 -6293 -2663 -2805 -1192 -1709
8557 -9500 -1834 -1328 -5025 7633 5680 -3117
9500 -1284 8562 -4554 -5042 -7365 5187 7267
3210 8000 2346 -7360 -6989 -6505 -9500 -2192
3490 -7878 -2238 8068 9500 -295 9468 -2099
4368 -2025 2084 993 -5849 4241 7667 -9500
4734 8013 3794 8597 -1206 -9500 6652 -6576
3170 -3145 -9500 7057 -9026 7356 798 104
-5639 -6496 -7769 -4665 -7386 -4315 9500 6282
-8044 9500 -1728 243 3966 -2852 -6809 8541
-9500 8280 -6247 5953 634 -50 -7352 6185
7976 8391 9500 9335 310 -1053 -8685 -7714
-3022 6565 -648 -7462 -634 -7461 9500 2777
5939 -4388 508 9500 2533 8446 2765 8253
9500 -7019 -5491 3819 -8379 6040 -2190 1881
-6575 -8057 5209 -9500 6127 8766 -8148 3181
9500 9424 -1628 -1960 -5852 -6108 -3567 -3241
5267 4246 -8534 -9500 -8127 -8331 8513 9191
1675 7219 -9256 841 9500 1628 3450 7020
4793 -7863 -2014 -2315 3953 469 7337 -9500
6906 -3177 -5303 6758 -1618 9500 3055 8737
3063 -9500 9354 2444 -7150 8028 -2656 -8626
-1352 1098 -1923 423 -6613 -9018 7378 9500
7651 -9500 -611 -945 -4212 3635 -7089 7800
-8510 -8503 7615 7623 9500 9458 9106 9042
-4813 -8876 4667 9007 8810 2086 -4069 -9500
-3045 1828 -5471 7560 -7308 9500 -7148 6571
-2389 9254 -6224 -7383 4128 -8149 -1824 9500
-4761 -9500 6562 7640 5685 8758 -2656 8408
7033 -9500 -6803 8946 -1927 4674 3365 -2961
-9500 -7341 -6792 5632 -2329 8021 -5709 -8908
-2835 7543 3839 6902 8379 -4087 -9500 118
5837 6190 9500 9279 -3949 -4429 -9289 -8900
-7942 -4770 -7059 -5334 5593 -6309 -9500 -3370
-4251 -8582 6645 4983 2517 9383 1014 9500
5914 4596 7399 9500 -7304 -7451 -7580 -9245
8976 -4580 -7293 -3667 -9149 -379 -9500 1242
-8150 -6213 -9500 -7283 3590 2650 -5765 -4343
-7615 -8104 -2917 -4844 -356 -2721 9500 8118
7410 -9500 4496 -7053 -3897 414 2830 569
-559 -158 -6678 -9500 -6893 -8928 -5761 -7332
1659 2528 -1294 -893 -8117 -9500 7426 8875
9500 2603 8689 -5373 -7683 6667 4684 8215
9500 -6420 9206 -6378 8345 -6016 -655 -523
9296 -1488 -8493 3169 -2060 7046 9500 -526
2618 170 9500 -7816 9271 -6957 9216 -6857
-1475 1856 -5529 8929 -5529 8930 5525 -9500
988 -2007 1245 -2267 -4212 5220 -9473 9500
-1939 67 9500 -7413 -5526 5192 -7989 6684
8380 9500 -6849 -7830 -7063 -8068 4831 5580
-4793 -8548 -3319 8316 7202 7130 9500 3958
-6968 6367 -9500 7964 9500 -7964 4454 -2539
6431 9500 6993 2822 -1443 -5887 -5854 -9155
-1204 9442 -9385 3990 -4798 9110 -2373 9500
4880 -6467 9170 -369 9500 2289 -2829 -8931
8321 7919 8945 8124 -3589 -4984 -9500 -8038
2299 -895 -8062 9500 5268 -4399 3178 -1907
-387 -1672 5828 5844 9500 7651 9471 7588
1106 -6798 9500 593 6410 -5450 4381 -6301
-1049 9500 975 9189 2218 8859 6857 6535
8375 -6901 6458 -8924 -2802 -781 -8596 9500
3701 -2187 2234 -4293 -8223 9500 -6458 8252
-1343 -9218 8747 -91 1669 -9500 -804 -9351
-9500 6982 -9271 6818 2562 -1810 3413 -2566
-4348 4558 -9200 9500 -8786 9039 6529 -6794
9500 -9127 -1884 4551 -9181 6353 -1081 -2095
-9500 -7264 1690 1616 -337 102 -6371 -4491
4571 8324 133 9500 6748 -7535 7237 -7149
2549 9500 9454 -2245 -5297 -8752 -7576 -7253
-9080 -8669 -9500 -8989 -8559 -7597 -6777 -6738
9500 -2560 9371 -326 6787 4329 -6204 -4900
-3994 8464 -1400 8823 -9055 -1756 -9500 2582
-360 -9500 -8984 2590 -8323 4461 9247 -249
-5544 7911 9500 -9379 -7249 3271 -9366 6215
-720 -9444 -4022 8725 -195 9500 9153 -2614
2222 -8665 9500 3298 -3541 -8370 -3001 -8526
-2902 -9278 6413 6160 9500 -866 8121 -7779
-1556 -9500 -4984 -8339 -8816 4421 7505 6342
-2382 -2972 9494 7271 -9500 -6027 -4472 -4347
6335 8420 -6247 -5701 -7918 -9500 -6447 -8513
5221 5677 -5390 -6416 -8467 -9500 6168 6781
9500 -5927 6480 6112 -5238 -7447 -5105 -7572
1663 -6343 -4888 -6459 -9500 -3469 -8602 2340
244 8485 9500 -2616 -3724 -7442 -9448 2839
-6813 -3934 -9131 -8981 -101 -4258 6874 9500
-8705 7160 9405 -4666 9500 -656 7926 4794
-9383 5342 -367 -9325 4986 7495 -2032 9500
-6656 -5389 9500 6059 4327 1940 1762 103
6145 -7360 2933 -4056 -9430 9500 -3768 4925
-5426 7992 -65 9500 7375 -2265 7155 -4373
-4243 -7058 -5454 4380 949 9500 6133 -956
8537 2127 -8964 2509 3014 9500 3522 9193
-6447 5633 -4800 8265 3591 -9500 -7769 1039
5850 -8824 -9319 -1738 -7422 8013 9500 1341
-4261 -6796 1988 87 9491 9500 4674 7225
-166 9500 -5706 -9082 8733 6134 6258 8782
-3045 -1254 6580 -8032 -1202 4533 -9500 9482
-9415 1952 -6293 7388 5837 -7725 -9500 299
263 7377 9500 55 9473 -39 -2482 -7530
6193 7571 7105 6712 7933 -4567 -1094 -9500
-5847 7062 8678 -9500 7417 -8538 3727 -4939
1233 9500 -7997 1489 -5984 -6634 8010 -1401
-9422 4684 -5309 8143 6815 -7185 -9500 4583
6728 -852 698 4419 -5435 9500 -6356 518
-498 9500 -2786 -8494 6514 1389 433 9464
-4604 -3891 -2352 -884 6426 8848 -7515 -9500
-2914 -8658 8590 -4083 406 9500 -5496 8328
-8614 -1709 6061 8824 820 -9034 -433 -9500
-1643 2269 2966 -1329 9473 -7136 -9500 7173
-7049 8375 -8756 5157 -9500 2860 9155 -4056
3396 6091 -6000 4986 -9500 -782 2138 -6296
270 9500 -4374 9187 -7753 -1395 -4136 -7272
-8075 -1940 1942 -9500 4361 6954 -8676 -78
4028 7032 72 8993 -926 -8670 9500 -7960
6552 -9500 4540 8061 -7100 9278 -7356 -6009
9500 9246 2339 2735 -92 379 -1687 -2106
-9500 748 5057 7260 -3269 -8196 -6374 -6241
4500 6890 9500 1520 1303 -8221 887 8065
-3794 -428 -9500 -6691 -2714 -4123 9070 6933
-449 -9500 6078 -7437 8803 -3482 -3808 8825
1112 -8371 -1519 8101 2007 9500 5051 8686
-3599 8441 5633 9500 7114 -5172 -8317 3284
-5531 -8140 -3362 -5017 -6484 -9500 -6243 -9159
215 868 -8304 9500 -2870 2138 2201 -1370
9463 9500 6831 6579 -8923 -9012 805 1113
5508 -9027 3067 -9500 3557 7048 5967 4738
8386 9500 5161 5505 -5346 -6251 1620 2141
6530 -7416 -9238 4245 6362 4239 9500 -2066
-2477 -3025 6919 7818 4403 5120 -8644 -9500
-2237 -9500 -5506 -7902 -8251 -5494 -9500 6578
1386 -8957 -9500 -1162 -2296 8739 1855 9041
9500 729 -1120 -8288 -2762 -8184 -7380 4314
-9500 -7680 4738 3879 8925 7168 -606 -554
-7925 -6390 -3051 -9120 9500 -2915 -8970 -5033
5282 -7680 4488 -8438 -2979 -9500 5403 -7546
-5035 8979 30 8720 -6235 -4803 -9500 1124
-9335 2382 -9500 236 7710 -6383 -8180 5629
-7033 -6010 6011 4846 9500 8003 -4472 -3546
9500 -5015 -2169 -6853 -7431 -3194 -8877 -1281
8314 9500 1812 1745 2401 2435 7650 8686
-1776 -841 -964 -3130 -1154 -3395 -6419 -9500
3384 8527 -3686 -8376 1086 -9500 8387 3489
-8676 -4728 -8047 4462 -9500 -1266 -8848 -4326
-4299 -7736 -757 -9500 9253 -1388 -4051 9495
-6640 -8775 -7877 -9500 6435 5327 1977 -303
4471 -7778 9500 -7525 8818 -6076 -8380 5327
-3548 3039 4654 -4460 -7069 9500 -6485 6880
-9270 712 6211 -6347 -656 -9500 -6545 -7629
-683 9500 7467 3815 6850 -6406 2574 -9296
-9500 -8329 2483 4594 -1620 896 -6043 -3643
-6294 8760 -9500 2237 -9247 647 -4501 -6640
-5064 3480 7222 -5931 7520 -6145 -9500 7506
3441 2486 6112 4764 9500 7947 5318 4740
8876 -7822 1245 -2062 -8375 6496 -9500 8112
-4707 6215 8810 -1809 8593 -2245 -9500 -977
4989 -6318 1209 -9500 3817 9021 6932 -1806
9268 -6982 9500 -7506 3989 -3457 -7026 5134
7943 7366 9059 8428 9303 8710 -9500 -8887
2207 1907 2089 1821 -9500 -7186 9472 7166
-6758 6135 5635 -7754 -1742 9500 -4511 8676
8254 9500 7906 9368 934 1692 6458 7109
-3076 -3327 5740 6669 -7944 -9500 -6272 -7345
6837 -3941 5702 4726 -7011 2756 3210 -9500
336 -1414 -9500 -9342 -786 1024 3781 1629
-7199 3818 -1203 -9500 -3130 -9113 -8257 -998
-9500 -8268 8253 7120 7892 6798 3790 3180
6454 9500 -5241 -7896 -568 -1071 387 342
3221 8543 6012 6376 -7128 -4910 -1688 9500
-2512 -3650 7543 9500 -2292 -2264 -7312 -9255
9500 -7985 9390 -7827 -9394 7933 -7059 5702
6749 4440 8252 2211 -9500 1205 -8481 6961
-4941 -9017 -9500 2952 -8869 5007 -4390 -9385
-9500 -2357 3452 -8759 5480 -7405 6105 -6842
6852 9500 -3865 -5335 444 646 550 793
-3352 2545 9500 -9143 7893 -7354 -9207 8809
6100 9500 420 4158 -5078 -8678 1532 -1976
-2487 8696 -6359 -8578 -9500 -4606 -9252 1503
-9055 3928 4215 -7797 -7597 -9500 -8078 -9314
491 103 33 291 -9500 -7224 -7858 -6071
8758 6527 -8843 -6396 -3198 -9500 6426 -5291
-7731 -5547 5491 -8510 2179 -9500 -6954 -6369
-9500 7154 4191 -2882 9118 -7231 -2971 1925
1095 9500 -6780 -2872 6337 -2889 4328 8007
-4920 -9500 -6439 -8373 -8189 -1365 -1768 8746
9500 -6686 -806 -649 -4340 1947 5158 -2579
-9500 -8244 891 2568 6537 6560 -617 -2359
5668 -8227 -4820 5018 -7439 9500 -2472 4583
3577 3406 1074 3603 -815 896 -6513 -9500
-1113 1531 -7661 9500 2236 -2928 4137 -5036
-7845 -862 -7816 172 5510 -8062 -5367 -9500
-9500 -682 -8101 -3931 -3301 -8830 -2253 -9403
9500 3243 4377 8038 -2270 -8842 4261 -8872
-8296 -2460 -3827 8292 -1506 9500 -6163 -7431
9500 8336 -8392 -8580 -7785 -8175 2672 845
-5964 7513 -1461 -9440 8671 4167 990 9500
-9500 3254 5947 5792 8847 52 -9249 1523
4005 -6716 -8537 7699 -9500 9279 8284 -7324
-9500 3335 -3989 -6484 4279 6268 -8263 6806
-1915 -952 -5733 -9500 2405 5225 1008 3292
-2938 3900 -5327 6576 8130 -9500 1320 -1004
1816 9020 -3269 9500 -4708 9113 -8155 6585
8044 1584 -3219 -9500 -3573 -9266 -4606 9116
9500 -775 9283 -3667 7749 -5427 -8443 -1413
-2546 3388 6978 -9500 4756 -6645 -390 421
1038 -8094 9500 537 8610 4201 -8089 -4993
9455 -8534 8839 -9500 1119 -2456 3932 -2574
-9497 -7540 -8024 -6084 6427 5525 9500 7550
9500 -6718 -3151 436 -3666 837 -1024 2597
6435 -8544 -2347 9397 -9500 5898 2452 -9396
-9493 -1954 8708 3784 -9378 803 -9500 -1923
-6561 5380 -9500 7722 -8903 7219 4893 -3927
5306 6281 -1495 -574 9222 9500 8349 9036
7857 5437 -2263 -7407 9500 2926 8376 4920
-7257 -5107 9500 139 5293 7031 2351 8677
-28 -9500 -1396 9441 -5869 -3687 -5623 -4346
5330 3371 9500 6601 5005 3816 -1328 -1318
-9500 -2091 -6985 5515 8154 -4327 -3756 -7432
3930 1387 4958 2560 6616 8749 -9500 -8627
6910 -4875 -9500 -23 8805 5312 7084 -4679
-9475 743 9500 -1315 -8333 6018 -8363 5966
-9088 -1188 7609 3922 -4430 7993 -9500 1861
-9500 -1880 -5352 4414 -3582 5529 3574 7260
-6777 9500 -6214 9409 6782 -7348 6888 -7649
7939 -3792 9500 1239 341 7529 -6456 5225
1259 -2199 8047 -9500 7485 -8176 6370 -6768
-7237 -8770 724 -3816 8138 3596 -9500 -5607
8097 -6635 -847 1676 5238 -2967 9500 -6627
-372 -6286 9500 -1433 -7131 4870 -1986 -6000
1622 -9233 9500 239 1045 8926 -9105 -1719
-3536 8055 -4707 7312 -9486 -777 -9500 -972
-8552 3646 4034 -7995 9500 1460 -7421 5351
-8298 -5564 -9500 -6583 2991 1847 -8069 -5401
-8129 8494 -2109 4498 9039 -6640 -9500 8818
-5046 -2733 6613 9280 6849 9500 8665 6932
-6063 -7289 2155 9026 9500 999 8880 -3040
-8693 -7653 4764 -6706 9500 1170 9362 6276
-349 -8176 -9500 -1952 741 8141 610 -8207
2760 9083 -9500 2653 -9371 1703 -5791 -6119
1920 9500 8741 314 6820 4919 4909 7302
425 -9500 8487 2542 -6944 -5781 -2728 -9000
-9500 6729 -1323 4055 -2059 4722 -7321 9238
-6438 6810 -9500 9490 -5492 5058 5180 -5608
9500 953 8763 -1482 5117 9117 7276 7945
6024 -7698 -9222 -7166 -9500 3992 -5245 8227
-2010 -155 -9476 7109 9500 -7057 7876 -6732
-8193 9500 -1998 2739 -404 56 -629 319
-5474 7533 -7942 9500 8847 -8836 4132 -2468
-5404 4693 -9403 8602 -9500 8724 -9235 8584
-7545 -400 7225 -2691 6254 -5289 874 -9500
-8169 6338 -1189 1907 -9500 7648 -9247 7390
9500 1862 -8432 2941 -8515 2816 2453 -6983
9500 -1818 9442 1209 8027 -6782 8084 -6677
3175 -7510 8232 4991 9500 -315 9049 -1935
-1598 9500 8736 1125 9414 -4086 -4588 9358
-7634 -5673 -9500 -7624 7751 5788 9081 8319
-9500 1654 257 7462 4507 5476 -8626 -1010
7863 -8871 7632 -8503 7164 -7766 8253 -9500
9500 -1659 2597 8213 1983 8593 -3023 -7925
9071 9500 -533 -1833 -7788 -9103 -7496 -7344
-7756 -5067 -7977 7207 -9323 3592 -9500 1647
-9298 -5615 -1528 -9500 5647 8465 -9270 4707
-9500 2981 -6345 -8292 9217 3025 -8692 5674
637 -291 9181 -6413 9500 -6788 -4884 3312
-5761 -6910 -6540 -6516 -9500 -2425 457 -7453
2473 3640 -6937 -8938 947 865 7022 9500
9267 4742 8115 6479 7042 7530 9500 -2606
-2401 -182 8062 9500 2901 718 -379 -2684
4253 -6277 9403 1775 -8677 381 -5916 -9500
-3118 7231 6023 6015 9500 2177 -4206 6905
-1534 -179 -9500 -8634 -5460 -5746 4297 4808
-8821 -5108 808 1765 9500 5621 -6796 -5749
-4988 6290 8021 -7216 -8858 8293 -8872 9500
9500 -3394 -8968 4350 -8635 4828 7863 5578
-6901 5997 9500 -8755 7644 -6721 -8666 8138
-6173 9500 4594 -6733 -694 618 -734 679
-8090 9500 -3080 4533 -4025 3945 -6248 6799
-9495 -1578 -8022 -5432 -9441 -149 -9500 -803
9500 -7364 -8666 6772 1200 -1043 7815 -6129
6247 -9500 -7184 -3324 -9132 7708 9488 -550
-9500 8703 8864 -8275 3965 -2625 -7369 7150
-1844 1216 -8271 7949 -9500 9403 3951 -3369
-106 -9500 -7810 1321 -6924 4717 3721 8253
5170 -3594 -1668 3591 -4829 6545 9500 -9441
-6963 4948 5733 -3711 8225 -6271 9500 -7716
-9500 7169 -5575 3832 8867 -7124 7182 -5153
-581 -9446 -4954 8198 -1921 9500 2969 -9244
4491 -7497 5646 -8374 6230 -3449 -9500 8674
-2579 -1924 -996 -728 5962 4484 -9500 -7167
4624 8084 3090 6062 6110 9500 5193 8760
-9361 -9174 -5178 -4127 9500 9230 9054 8338
-7439 6215 3016 9500 6202 6530 6876 5473
7903 -9500 -6914 6848 -8893 9373 -2764 4205
2324 2314 -7845 9500 -2869 -1752 9132 -7064
-9460 5988 7434 -3492 5328 -1294 -9500 6045
-8049 1981 -3752 -8488 2157 -9500 5615 -7329
-7765 9500 -509 2593 2961 -5020 1474 -3559
-348 1741 -8207 7881 -9370 9500 -6872 8171
4458 5796 9397 9500 -4107 -5428 -1753 -856
9431 -2998 -9500 -1242 -7919 -5275 7004 -7565
-8993 7967 -8268 7126 7760 -6565 -9500 9113
-9477 -9500 -7358 -5733 6617 7120 6947 5328
-4252 5583 -7539 9500 -656 647 4512 -5584
9200 -3029 -9500 2445 -4792 7841 5973 9432
-2757 -6297 4241 729 5199 8279 -9500 -8036
8818 2652 9142 -3614 -9500 2365 7806 4332
3986 -3518 9500 -7449 -2410 1217 -1863 807
9500 -8847 -4803 7382 -9282 8554 -8484 7511
-1753 9153 9403 3908 8982 -2576 -9500 1006
-9500 6811 5844 -3493 3645 -1817 -6293 5105
-7008 -9500 -1670 -3886 6737 9246 3018 5393
1022 -9500 6056 7823 -2495 9098 -5302 -8355
-5111 -6917 4707 -9500 5213 6807 -6169 8465
-4315 -6696 -5403 -3856 9500 9141 -2166 -4531
-1894 7609 5006 -6669 -9267 -1575 -9500 -265
-2093 -3462 3648 3380 8149 9500 -5695 -7453
-6932 9131 9500 2829 9095 4090 8276 5889
4366 -4000 -899 1186 9500 -7702 6558 -5742
-646 9500 4440 -8050 9118 2799 5089 8455
-1305 578 5768 -6921 -8363 9500 -6514 6402
3823 7605 298 -9500 -2480 -8462 2740 8316
1417 7736 -8193 6681 -9500 4650 1402 -8470
6343 -6581 -9500 2001 -5119 7369 5633 7058
-6819 -6992 -8830 -9500 -5185 -5754 4148 4673
9500 -2859 -7654 -5250 -7802 4478 -2847 6633
9500 -8110 7825 -9382 6895 -8576 -2508 447
-2386 -3347 -9290 -9500 -9172 -9194 -8357 -8102
7135 9500 -7123 -9433 2027 2307 6700 8762
-1380 9500 -7624 -1127 -7066 -3430 7323 -3569
-4259 -7642 -4016 -7490 3951 7064 5226 9500
-8326 8957 -9045 9500 8244 -6658 -2253 3757
3171 8596 782 -8969 8303 -7096 9500 -6332
9261 -7331 -9500 8698 611 1233 6882 -4652
8197 6723 4296 -8431 -8487 3160 5332 9500
7280 -2911 5932 -4552 62 -8588 -9500 -5262
-9110 -520 -2032 -9500 -4216 8346 -9045 722
2410 1653 1994 1319 -2905 -2050 9500 7619
2919 7990 -5671 -6283 1878 -9232 9500 1412
-9407 -1347 -880 -9145 3829 -9028 9500 -3372
-9500 -428 2244 -8102 4948 6776 -9184 2752
-7527 5300 -256 2630 9500 -9177 6860 -7931
-6716 4968 9500 -7113 -2411 1875 -7025 5303
8781 622 8075 2290 -85 9500 8900 -5985
-4825 -4921 3856 3317 -9500 -9015 -9305 -8932
9447 2852 8995 4563 6976 -4406 9500 2245
8499 -9500 -1240 3760 -8516 8931 7495 -9286
2472 -9500 -8220 -1214 5829 5493 5635 -8488
-4150 8510 5168 -7985 -222 -9500 -7352 6309
-6358 -9388 7008 -4326 9017 6103 -9500 -2552
-3991 8459 -7087 -4838 -4273 -7189 9500 -620
527 9500 -7202 -2901 -7210 -2463 -637 9091
-8243 4532 4592 -4328 9500 -5800 -8416 4687
9500 2490 -7296 -6549 -8511 -4840 -7741 6558
-8029 6362 -2675 2220 -9500 7329 -8967 7082
2635 8966 -120 9500 -5562 6490 7415 2658
-3912 4822 5866 -8460 6723 -9500 344 191
9500 179 9408 726 -5693 -8011 8573 -6764
-9500 -1990 6879 -4408 3517 6748 1225 7004
9379 9013 9273 9500 9183 9450 7645 8306
-9500 2322 -7114 8591 -7201 8494 -9307 4024
-4916 -4745 4260 3955 2559 1940 -7995 -9500
6947 -9469 -7038 9183 3530 -4251 6973 -9500
6931 -9212 7412 -9500 -7422 8223 6415 -8813
6133 -6647 7375 -9500 -5707 8836 601 1519
-9500 5025 5756 6251 5732 -7514 -4490 -6889
-4566 -9253 -5521 -8923 3532 9500 8490 -5118
-3670 4340 8080 -8695 8720 -9500 -8443 9135
-946 -9500 -2548 8141 -1545 8796 688 -9180
9500 -1154 -9388 549 -5788 -5548 6760 -7960
1825 -3414 520 -1819 7003 -9500 2028 -3660
8204 7185 7749 6836 -9500 -8165 7879 5866
5680 -7360 -86 -678 -3678 3721 7816 -9500
9500 -6525 8914 -7484 -8804 7644 -7437 9276
9500 -63 -9497 15 -8279 -4099 -2951 -8772
-1570 2667 6291 8945 9500 7278 -5674 -8574
8229 9500 4458 5350 -2462 -3043 558 467
-3410 -2786 -9500 -9370 6852 7344 5799 6352
-4230 9257 -3881 9500 5399 -8132 -5645 -5932
-7814 -2418 -163 -6929 9500 -2480 8236 1850
7509 7721 -9500 -9162 -1241 -2615 9429 7344
-8464 9192 8561 -9474 -3657 4983 -8446 9500
7993 9500 -3195 -456 -6692 -5363 -5435 -8372
-4078 -5575 9240 2172 -410 5935 -9500 753
8509 3593 9500 -1957 -8527 3405 -6481 5047
-5524 6543 9009 3425 3678 9500 -5377 6686
-7856 -2018 5734 -9500 -7888 7133 -8457 5740
-2793 -9500 -3999 -9461 -7445 126 -627 -9005
-1657 -2489 -9301 7000 -8226 9500 1001 3109
4825 -5880 -5512 4947 8685 -8738 9145 -9500
4920 -3559 -3511 6383 1998 -4742 9033 -9500
2359 2465 -2573 -1963 -9500 -8312 -4943 -4758
4797 -4872 4459 8995 -8806 -459 -9500 -2527
-2426 1856 9500 -8851 2961 -2367 -2573 1996
9338 7102 6998 -4715 8638 -1620 9500 1125
4198 -4589 -4987 7827 3035 -5421 6514 -9500
5428 6324 3357 -9500 -9467 -856 2374 8277
9500 -6903 9212 -6635 -4556 2924 4245 -3569
-7919 3836 -2293 -1043 4784 -6275 -9500 9106
2979 4501 -6235 -8863 -6861 -9500 -4202 -5551
-9463 8489 -9500 8508 6665 -6614 -5089 5423
9500 6133 -8554 -7247 -4631 -4961 1003 -1044
6628 5098 9442 7380 3163 2562 -9500 -7400
-9500 -4354 -5560 -8386 8277 6192 -9135 4366
7208 6262 8323 -557 -3432 -9500 4535 8986
3712 9458 9500 -690 6485 7606 3905 9372
2684 -9500 8457 -3247 9255 1058 -5634 7510
-3687 -8164 318 -7759 -3645 6432 -9500 192
5402 -5699 8240 -9500 -7644 8328 2150 -1971
-181 -85 9331 7106 -9500 -7238 -8922 -6789
8311 9500 -5991 -6294 -1080 -2229 8089 9141
-6704 4158 -6814 4285 9159 -7351 9500 -9077
8022 8737 4885 8271 -7920 -8106 -7651 -9500
8522 -1836 9019 1228 6553 7651 -3284 -9500
-9324 1041 5602 -6703 9500 959 -5387 6859
-9159 3806 -9500 1939 8896 -4647 -7361 7454
8457 6303 2565 -8653 -1172 -9500 -4614 7575
-3346 8360 -9015 -1186 -6038 -9500 8134 -2045
5762 -7612 -4932 4469 -5874 5687 8265 -9500
7030 -8769 1776 -5063 -8606 9500 4971 -1259
9090 7156 -9500 -7100 -4526 -2089 -3586 -1325
-1468 1703 6645 4002 6894 4313 8042 9500
-705 267 3142 -4574 7548 -9500 -6779 8332
-7168 -7231 -149 170 -9037 -9500 -9012 -9250
-2614 -9500 7244 7062 -7246 1713 -3478 -9449
-3323 -336 -9500 8240 -9446 8598 8251 -5478
2057 -3430 -710 76 -4275 6195 6981 -9500
-3786 3781 -7618 9500 -6596 8515 1309 -2499
-9500 -8315 -5910 -3952 9217 9463 7074 5247
5066 -4015 -7350 6258 -1999 1438 9500 -7942
-8049 1338 -9500 -4355 6263 -4185 7636 8935
2078 -8571 -4413 -8521 -9500 57 -9428 506
9500 -9282 7778 -8808 -8416 7941 -6456 7598
102 -1878 2398 -4474 7383 -9500 -6828 9015
-9250 158 -5178 -9500 -8263 8086 -9367 1838
2225 9500 2396 9471 3770 9040 -5565 -7808
-9301 126 3878 -8484 1742 -9500 -7025 -7596
7048 -6134 3008 9500 -6537 6788 -8852 -2250
-6258 7668 -5999 -7460 7570 4676 -4411 9500
-3428 9500 5540 6501 7050 3460 7398 2239
3747 -7597 617 -9180 -8086 1225 1457 9500
7708 6363 -8605 5820 8192 -6578 9500 2094
315 2904 -35 2478 -6610 -9500 2141 5043
-6592 -7300 1918 1971 8657 9500 -7162 -7913
177 -291 -1785 -1898 -9500 -7994 7799 6124
5540 -5448 -2890 -9500 -6241 4074 6311 6162
7654 6457 -2962 -9500 -8532 3011 -3378 8613
-7808 -9500 -208 877 5377 7232 6771 8650
-9386 -6537 -9500 -6159 -6302 -3584 6253 3548
-2842 -9500 -8074 -1451 -7199 -6055 -4658 -8830
-7975 9500 -7948 9475 1490 141 6968 -5725
-5865 -7113 8190 9500 4093 5085 -7250 -8672
1467 -8358 7387 -5156 9500 -901 -7244 5310
-5409 9451 -3246 5475 5428 -9500 -5295 9332
5893 -5990 -3335 -8541 -3276 7510 9500 4619
-5707 -8598 7825 5745 4788 9215 -1132 9500
-4046 7040 -617 7671 9500 2569 -1117 -7638
6531 -8782 -6366 -9500 9163 -1874 9020 -2779
-9500 -8749 4389 2233 2868 5540 562 3202
4746 -4443 9263 -6922 -9500 7683 -6219 4205
4413 -1167 6123 8703 -9500 -8787 2560 -2946
-8957 9500 6244 -6545 2761 -2798 2448 -2462
-661 9500 6042 -1933 2772 7966 1788 8746
-7151 -4257 8890 7635 -3329 -7248 -8986 -9500
9500 2860 -4376 9411 -8224 -5883 -5245 -8985
1102 -1050 5542 -5400 9500 -9284 -1652 1646
-8016 -5367 -3945 9028 -1949 9500 5234 7894
9500 9259 2898 -321 -6470 -3860 3579 6506
-8380 9500 -7083 8610 7762 -5557 -2420 -229
-7314 9500 8592 -7016 9034 6374 8377 8039
-5600 -8260 7686 9500 4794 3543 1624 -585
-3929 -6346 -6664 -5287 -9500 424 6226 -4597
-7637 -9500 -6104 -6871 -1859 -1252 -1619 -3039
-4969 4004 8919 -7230 -8640 7006 -9500 7697
606 9500 -3003 -8088 4177 -8223 971 9374
-4464 -8362 42 -9500 6937 5868 -7766 -4222
96 6147 8016 3652 -9500 -385 -8211 2727
7621 6721 -3359 9500 -5678 -8641 7101 -6607
-884 -1564 9274 -9500 -8039 7346 -2792 598
3575 7162 -589 9500 -6242 2330 -5015 -4857
-6111 7763 8458 -9500 -535 -1018 -8494 8928
-6128 9483 -4595 6774 5929 -9500 -3291 5703
-8228 -8108 8455 -6243 9387 -5012 6233 9500
7093 9500 2622 2708 -4177 -6064 -665 -118
-1898 -1878 922 -4756 7458 -9500 -8638 9421
6099 -7306 -7724 8051 -8460 9500 8000 -9122
3154 5898 1346 3920 -3469 -2003 7644 9500
-9401 -9500 -7934 -8231 -6262 -6725 -7647 -6805
-8961 -9500 8597 9175 6239 6795 4098 4576
9015 -4140 -4900 -5117 -9500 1981 8445 1520
-6968 -2038 -6964 -2065 -1238 9500 -7067 -1286
-2498 9417 -2347 9443 6517 -6064 1797 -9500
-7295 -5733 -7944 5363 9500 966 -6040 -6940
-9500 6684 5380 -5574 4938 -1355 -238 2491
8968 232 6834 -3204 -2360 6733 9500 2313
-3181 3330 5987 -2842 9500 -6870 -8970 5147
-1792 -3161 9500 6427 -801 1070 -9153 -6108
-8791 -9201 -7016 -7238 9027 9500 8696 9091
9210 -8533 -3626 23 -9500 8069 9479 -8193
-9296 9400 9383 -9500 8855 -8903 1624 -1186
-6421 4269 -3063 9113 7629 -508 2626 -9500
9500 7288 6879 4031 -2505 -3259 -6087 -5621
-5044 -8643 5050 -9500 3734 9411 -8309 -5252
-7179 -8841 7056 8619 -186 -1876 -6554 -9500
-9500 -216 -6554 -3966 -1963 5087 -3410 4814
9401 7551 9500 6000 9217 5616 -2285 -4007
6722 -5064 7179 -5571 9275 -7929 -9500 8186
2404 9371 2089 9500 -3085 9103 -7219 3396
-3755 2168 -6682 4560 9500 -7368 7475 -6194
4356 -4066 4488 -4196 -9500 9224 1334 -1096
-9500 7142 8611 -7772 -3580 4665 -5941 6278
-8580 2387 -6635 6731 -446 9500 -2046 -9023
7967 5679 -8418 -6346 -9500 -9451 -6801 -8660
-2286 1235 70 1665 7164 -8406 6754 -9500
8061 8481 8888 8998 -1277 -1546 -9365 -9500
5238 -8427 4508 -9063 -6717 -970 127 9500
9494 -1584 8740 -4211 -4769 -6093 9500 -1447
5656 5331 -401 6591 9500 1042 8794 2670
-7084 -6535 -9500 -6702 1753 3075 7713 4676
8583 6866 -8046 2253 -9500 -4994 -8238 -7279
9141 -8353 4981 -3919 -1774 2625 9500 -9272
-7925 9500 -6908 7972 -711 247 4251 -5601
-7059 7258 8459 -5831 9366 -8184 -9500 7332
2031 -1498 -5365 8380 -5931 7553 6910 -9500
999 -1125 -1619 1594 -9500 7238 -2577 1614
-9107 -643 -2504 -6816 9500 -1031 5628 5090
-8022 6454 -9500 8103 -9496 9146 -1467 2631
2645 -2201 9120 -9500 7363 -7880 -8006 7912
-9500 -3077 6080 8672 4047 -6793 -9269 -4781
-8175 8235 9072 -1498 9443 -3091 -9500 5234
-6613 -4722 -9389 -857 9500 388 2373 -7052
-6295 6048 1569 640 9500 -8031 -176 -1642
-9500 -2837 -7173 4599 9393 -625 -6208 -7283
9500 -6521 -1809 -9457 -8010 -5418 4589 8220
-9500 -8987 -580 -1562 6488 5530 -7088 -6171
9500 6279 -463 -1023 -5671 -3429 -2888 -1394
9500 8754 -627 -2546 -8694 -8651 -2002 139
-9473 -5469 -9500 2163 8718 7098 -8813 -6931
8796 7810 -7906 -6674 -9500 -8255 9344 8213
9472 -4878 -9500 -696 -6071 8603 2523 8354
6120 -8191 6753 -8714 8073 -9500 -1562 3695
-7321 1614 -5525 -6643 3553 -9500 -6906 4117
-9085 4264 9296 -127 9420 -1801 4326 -9500
8568 2961 -6280 -7294 -8684 -2317 1989 9500
134 3678 5953 8745 -6260 -8959 -7099 -9500
9360 -8866 -874 517 -9500 8865 5284 -4707
8987 7840 1010 1946 -5769 -5681 9500 7980
-565 9466 -6734 -5929 1834 -9500 8545 3529
-9500 2065 -6230 -4479 -5431 -5066 6471 4281
-5519 -8079 -8842 718 -8731 3317 -5877 9500
-270 -1797 -673 -2146 -9500 -7014 6479 4206
2544 620 8246 6708 -9500 -6989 -868 -1931
4948 7559 9500 2114 9437 1354 -5175 -7500
-5141 -2629 4246 1875 -9285 -8172 -9500 -8299
-9474 9193 -9500 9249 -4291 5272 -7697 6889
6404 -7004 -9500 2628 -9420 213 -8238 -2619
-9500 -9069 -7812 -7319 -255 -453 -5099 -5034
-386 -9500 3347 8786 -5055 -7317 -3306 -8809
9349 -9500 8885 -9411 2014 -406 3186 -1636
-265 -6089 -5581 4724 6493 4678 9500 663
-6011 -7963 6577 7448 -9500 -1690 -6878 -7140
6397 6433 -8542 4648 -9500 2672 -7916 -4950
-6280 5673 4337 -7455 8432 5457 682 9500
-6587 9500 6027 -7758 5095 -7817 2396 -4367
-1115 9500 6910 2071 3821 -8433 -5681 6409
8718 -9141 4294 -5199 3871 -4797 9500 -9315
-2600 9500 7283 4955 -7644 -4103 -8275 1503
-9500 7961 6547 -2912 5815 -5944 -6712 3050
9500 3006 1165 7392 2136 7406 5976 6607
1155 9357 5831 8281 3954 -7965 -9500 -3957
-7347 5400 415 579 -4578 4532 -9500 7788
-6618 -9111 7221 9500 -6378 -5982 -8013 -9276
-5150 -8614 -9500 2742 8955 2742 7935 -7243
-4754 -7278 -5255 -7781 -8977 -9500 4067 2714
9319 -7515 5403 -2052 -885 2348 -9500 5216
1110 9500 -1689 9164 -5646 4052 -6323 -42
8366 -497 6340 7092 -3025 8967 1821 -9500
6499 -6380 -9500 298 -9258 -2538 4334 -7920
4381 9500 7545 6971 8739 5148 9218 4067
-6259 6634 9500 -8334 2478 -1038 -5059 5656
-7863 -7972 4681 5308 8893 9500 2181 1837
-4798 1857 4474 -6529 8796 -9500 -5563 7361
9500 -7776 7901 -5486 -1325 3337 6021 -6882
-5151 -9500 5523 -6372 6465 -5498 -5487 6402
-3727 5321 4222 -2486 8742 -9500 -5466 6870
-608 -2859 -4155 -4300 878 3241 7137 9500
-3761 -6832 -7688 -9500 2433 1067 492 -1560
-8680 9500 3584 -6197 -7164 5928 -8649 8553
-7484 8233 -6906 8971 9425 4096 9500 3824
-2165 -4040 9500 7166 9236 7618 -7802 -4544
5710 -5091 1387 168 -4128 6276 7409 -9500
445 -741 -9457 8086 -9500 8559 9329 -8415
2034 -9500 -8571 -2511 -8612 3347 -5049 8268
-3534 5950 -2795 5064 6915 -9500 6561 -9217
-6344 -6121 9500 793 5436 6759 -3292 7890
-1757 825 -9500 7324 -9484 7526 4657 -3152
-3428 -8852 -345 -9500 8350 -2197 -3734 -8711
8484 4533 -9500 -5747 4811 8393 9323 5531
4214 9500 5898 7653 7730 3751 7956 -3505
9028 -9500 5906 -3951 4981 -3009 -7863 8626
-9495 -8639 -4303 -3143 4739 3563 -9500 -8659
-4314 5426 5200 -4445 8602 -9500 4788 -5892
9500 -2787 -9293 -3344 -8878 -4394 7749 -6409
-9500 -6725 9416 6656 791 131 -6540 -5091
-8831 -9500 -6272 -7193 8696 9420 -4696 -4396
-9500 -752 2035 -8129 2024 -8129 -4354 -6742
-6377 -9500 -4449 -8037 -1618 -4122 -2490 -2240
-7953 -7686 -9500 -8878 -5984 -4987 5684 5753
-6939 6423 -2654 9500 7907 -3610 -6335 -4234
1436 -7921 -2827 -7374 -9500 -701 -3746 7544
-7705 6451 5040 -8021 -8549 -2469 -9500 3475
-6520 6437 8891 -9446 8679 -8898 -9143 9500
4819 -6678 9500 -6876 8468 -5553 8087 -5100
-7297 -7320 -5446 -5633 9500 9127 2089 2489
-3229 -5619 1939 -6886 9302 -3257 9500 -1366
8722 5463 9500 229 8670 -2683 -3805 -9471
-4039 7695 -6087 9500 -6522 9360 2473 -1114
7174 8275 4091 9453 -8835 597 -3541 -9500
2943 5657 -7691 -9500 -6633 -9113 -2516 -5196
1211 -9500 9241 8141 -3344 8597 -9338 3406
1567 -9500 6934 -6169 -1874 9439 -5459 -7566
-7342 8980 5300 8806 9500 6527 -8599 -7158
-9500 -8313 609 -1055 -5538 -3771 -6301 -4569
-9500 2053 9350 -687 3883 7005 -8844 5305
7281 -9500 245 2763 -4010 6729 -6877 9175
-5839 -6918 -9500 -1893 -8451 5300 858 -9089
4298 -3759 -2982 3965 -4815 4331 8764 -9500
-407 -9500 -3510 7389 5205 7991 4865 -5844
2455 -9500 -6126 6482 -6860 5156 -7791 -1086
6357 -6648 -9500 2437 4262 5499 7406 2941
-5133 -3581 8942 5650 -7122 -4424 -9500 -6338
8534 8447 7416 6767 -7743 -9500 8802 8919
4298 -7457 7212 -6050 -9500 2682 -9423 -629
3962 -6131 9500 -360 -4059 6082 -1203 -7582
-686 2309 -4327 5186 -8767 8059 -9500 8161
4328 -8558 -338 -9471 -2116 9339 -118 9500
-6285 -3789 -9500 -84 4979 4639 9251 -4351
-2094 6180 -5415 -5378 -8969 -3134 -9500 -2481
7123 5806 351 -9234 -9500 3637 -9066 4637
-2613 3265 9500 -6354 -8575 5224 -5859 5237
9500 233 -8741 4005 8433 -4773 9428 -1034
4040 8615 8062 6631 9500 5130 6 -8969
9182 -590 221 9148 -1703 9500 -9292 3579
3282 9500 7005 -4012 6030 7921 4732 8893
-2967 3461 -9500 8253 -1268 420 -535 -258
708 9500 6208 5469 7721 2593 -5923 -5854
-5187 7867 4678 9500 5467 8982 7969 5920
8819 -6019 1866 -1540 -4074 2987 9500 -6434
-5777 5101 -607 -1060 1019 -2868 7662 -9500
5447 7712 7350 7255 -8525 -9500 2484 4750
1205 -4302 -4976 5462 -6205 9500 5848 -9419
-9020 9500 -7900 8465 6753 -6202 -2047 1328
345 1798 8603 -6071 9500 -7025 -6241 3686
8357 2813 8837 1871 -8946 -1613 -9500 393
-9500 9028 -7333 8187 -5676 7208 3514 -118
8026 -5477 -6860 7328 -4839 9142 -4215 9500
-1810 -9306 6207 -8934 2795 8907 -9500 5409
9433 989 9500 2150 9439 2910 -9225 36
1651 1180 -9438 -9500 -3260 -2816 -1596 -1123
8110 -5758 9500 -6351 -4305 3326 -8814 6179
9500 3535 5786 8730 -6658 5027 -8937 1192
-4678 -4147 -2125 -2368 6071 5114 -9500 -5861
9055 -321 9235 191 9500 3834 -9463 -4001
-4703 7232 6794 -9500 2646 -3234 514 -132
-4566 -7319 -6530 3741 -5748 5702 -1542 9500
7246 5159 -234 3268 -9500 -9333 -6655 -9366
8191 -7078 7578 -6646 -7388 5370 9500 -7936
9082 1894 9500 210 2129 8639 8834 2535
3233 -5093 -1805 3498 -4343 6313 -7346 9500
3451 8187 8592 -4288 -160 -9500 -8703 -805
-7362 -9500 -29 -2514 5703 5596 7116 8274
-7875 -5854 9353 6817 9500 6898 -6117 -4645
7724 -8262 -459 -1692 2698 -5309 8300 -9500
-4947 -7286 -8755 -9500 -7078 -7329 -2068 -1069
-8817 3259 -7632 -5002 9500 1454 -3978 7385
5298 4004 9500 8397 -9335 -8856 -1189 -2067
4039 6395 2037 19 -7968 -9500 -1548 541
5709 9232 5363 9500 -6481 7326 -6204 -8795
4680 1514 3461 5110 2570 4464 -9500 -8587
2309 -9500 -9408 -727 8698 2666 8386 -6213
8012 9500 -7104 -8858 -4087 -3088 6978 8755
-2496 -8980 7481 -3907 1659 9500 -6248 -4310
-3949 -3723 1311 1972 -5577 -6427 -8762 -9500
-8096 9037 -7451 9500 -393 1697 3813 -5625
8297 -9279 3100 -4625 6224 -5535 8839 -9500
-2793 -8331 9500 -681 -7061 -6492 -6566 -6863
6974 8569 9500 -5629 -7850 -7897 -5286 9247
-8663 6360 -9500 7095 5564 -3878 2059 -1929
-8749 -3906 7621 6407 8827 3584 -2653 -9500
-6307 -8447 -1761 -934 -736 304 7279 9500
-8702 6578 9410 2844 929 -9500 -9022 6181
3185 4269 -2136 -1045 -9196 -9473 9287 9500
3423 -4067 -7677 9500 7189 -8964 7670 -9485
9500 -1054 2861 9474 -7963 -7160 9151 -1976
-6300 -3887 8550 6166 9500 6566 -5945 -4580
-3245 2319 -9500 8831 5302 -4358 -888 37
-9500 2929 537 -7259 2452 -7191 -7614 5245
-6208 -5109 -4755 9500 8266 -7914 -684 -8762
-9198 -7606 -9500 -8561 4030 1898 -4394 -2253
-2838 -9500 1297 -8776 4853 -6747 -6654 -8389
1349 -199 9064 7941 -9271 -7307 -9500 -7639
-3434 -4424 -4790 -6040 -7691 -9480 7708 9500
-5844 9500 8554 1690 6375 -9127 5987 -9407
9500 -6266 5071 -2856 -7384 5072 2537 -2089
-1991 -9500 7804 1182 -7467 1281 -7634 475
-5366 7885 -1952 9500 7372 -1708 6989 -4948
-5384 7498 8455 4030 7482 -5861 -9500 -1497
9298 -6946 8137 -5267 -9500 7574 -6035 2966
9354 -6763 -1076 -137 5533 -3019 9500 -6085
-9307 -7877 9500 8060 4981 4151 -7688 -6572
-4936 -7736 -2136 9500 6434 6576 6530 6486
-9500 5944 -2355 1868 2238 -977 6203 -3522
8026 8868 274 3041 -9500 -9437 3589 591
8481 -9474 8389 -9386 -63 -876 -9500 9369
5534 9500 -8740 -318 8873 766 9104 5290
-3295 4982 -6827 8332 -7605 5583 9500 -7457
-7259 9500 -7209 9470 1600 -5046 -9009 7341
-8516 -4138 6632 -2744 401 9500 -7804 78
-5028 -6548 2104 8802 -29 -9500 -4464 -7129
-8214 5921 -9500 6905 -7629 5628 -3121 2386
6183 -8713 9500 -8933 1143 1153 -4888 7462
11 423 -7674 9500 -7240 8689 6737 -8021
-3577 -7360 2078 -9362 5652 4007 -1434 9500
-7913 9500 5756 -5407 3444 -5626 -7325 7741
-1344 1798 6244 -9500 -1465 2456 -5617 8397
-2937 9174 -2758 9222 -648 9500 -15 9485
9500 -6526 -93 8666 1751 -8741 6439 -8037
4441 7699 638 8950 -9500 552 -735 -8937
-3787 -8640 9500 1913 -6761 4148 -8498 1585
-8286 -3879 -6734 -6151 8506 -9500 6991 5823
-7137 -9500 3186 -747 -5258 -1774 -6944 -4127
-9500 -734 -4516 8984 5631 9074 9072 -2374
-2536 -7542 6421 6294 9500 1640 9337 -415
1843 -1958 -6680 9500 -3104 3775 6604 -9426
3 -7784 -9022 437 -9500 -1270 -287 -7851
-7090 9500 -6626 6955 2659 -613 986 1622
-5119 8143 -381 2770 -5644 5206 -6504 9500
-972 -9500 -1585 -9486 -6155 -4453 -2875 7589
-8393 5158 9131 -1734 3205 -9481 -322 -9500
5650 -4755 -5240 5455 8190 -7999 9500 -8883
-503 9500 -4450 7026 6431 -4322 7533 -1611
-9085 8424 -9500 9399 -8414 9341 -6848 8262
9500 2467 8975 5371 -9392 -506 -9470 -1212
-6529 -9500 4347 5772 6475 9479 -6342 -9014
9500 -7380 4250 -3607 -953 511 -6718 5543
-4197 1651 1790 -3232 9500 -6918 -5188 2532
-3850 9426 -1936 9500 5061 -8986 -7942 2931
8859 7313 -3798 -3381 -7690 -6565 9500 7989
9500 8794 5158 4851 -9146 -8480 5368 4864
629 -9500 6874 6876 -9023 -3968 -8706 -4576
9500 4263 9342 4535 -2440 -9226 6553 -7413
-9500 -8316 9482 8038 7008 6857 5337 5594
-3588 6694 -6683 9500 -6772 9329 5059 -5540
-8526 8474 -821 3034 6642 -3957 9500 -7503
7871 6220 -4701 -9275 -9500 2921 -9203 3931
4556 9500 -6005 6485 -8249 4434 7361 -5346
-8597 4307 -2168 -8070 9500 -182 -8355 4710
1908 -8725 7311 4072 1771 9500 -7291 -4152
-9500 3199 -8996 4737 9134 -4390 -3935 -9241
3943 9500 -5925 9218 6823 -8204 5929 7569
-5625 -8902 -1378 -4570 6214 9500 5521 8796
8642 3930 7602 5703 6924 6548 9500 1149
8510 5127 -9500 -8810 -4688 -6226 3229 -68
-9158 5710 8983 -5865 9500 512 -5876 7238
-7095 9160 -2455 3515 7385 -9500 -5057 5966
9500 -2749 -6450 -6281 -9348 3249 -1452 8954
-6396 -4424 4721 5453 1976 6461 -9500 1013
9122 -6528 9467 -7868 9500 -7123 9464 -7057
2649 -9500 -6203 8399 -7982 4705 -6347 -2543
9074 -1912 2002 9500 -6580 6179 -7456 5128
9204 -2084 9500 -713 -18 -7637 4399 -6826
1740 -1433 -9121 -7931 -9500 -7880 -9293 -6157
9500 1555 3743 -6346 2576 -6894 -8807 1252
8446 -3437 -3165 9425 -4710 8520 2997 -9500
-8460 -1439 5853 -8004 -2862 9500 -8794 1341
-4829 -6790 -9500 -1047 -1821 7446 9475 -506
-9500 -55 8167 3920 7175 5001 -1185 7468
6950 -4945 1688 -9500 4189 8300 4467 8088
9420 5074 2685 -9500 -884 -9251 -8296 8093
-2400 -9500 -7482 -3937 -2200 7746 285 9123
-3763 2282 -7111 8644 8553 -9500 -347 -1518
9500 -2291 2165 8846 -7125 -4556 5861 -9108
8288 8369 144 -2247 -2087 -4611 8631 9500
-9500 -6887 -7001 -8410 -5985 -7859 -5517 -7580
-8829 -2183 -598 -9500 8817 2207 3243 8221
-9500 1089 1043 -6029 8863 1887 5757 4565
6604 -7639 -2006 -9500 -4582 -8259 3353 8964
-4731 -9418 -1704 8874 -90 9500 8757 427
-7799 8671 -9044 9500 3150 -4648 4861 -3429
-4867 -7786 456 9500 -4200 6849 -6400 -5323
6805 -1085 -3547 -9500 -5686 3595 -2443 7572
-7743 -9500 -5682 -3952 -2895 -874 -7521 -9311
-1334 4273 -5324 9127 -5680 9500 2704 -6044
-5329 7817 -9500 3314 -5419 -6912 7282 5380
118 9500 -8110 3147 -8094 -5689 8995 3169
-7761 -5865 9308 849 4391 -8130 753 -9500
944 8234 6139 7615 9500 2559 -7419 3254
7156 -8237 -4383 9500 -2960 -7788 5538 -9169
-9500 2470 5958 -6310 -5006 -4517 -8111 -1756
-3262 6358 2212 -1073 -6662 9500 -5656 8968
-4343 -8353 9500 3317 -5375 8305 -6438 -7083
1122 -9500 -5348 7615 8375 1168 7056 -5570
2048 9462 -8376 213 -8728 -1137 2533 9500
-8181 1543 -2213 -9500 2857 9281 -1869 9457
-9500 7745 -5798 4186 9189 -7519 -6364 5407
7326 3295 -579 -9500 -6852 -4601 -2867 8800
-9500 -927 9342 1570 4904 6428 -4991 6605
-4424 -6896 -3256 -7958 2980 -9436 110 9500
-6709 -1251 3948 6309 -1778 9500 -7300 2734
-5252 -5633 9500 7984 9143 7474 2000 436
-6698 7575 5859 -6574 8295 -9500 -1358 1270
-8660 9500 5983 -6455 8659 -9499 -4947 5310
9500 123 9391 -1053 -9497 -192 6374 4837
-1146 -9500 -2057 -9116 -7018 -4481 2368 8960
3712 -7001 5543 -4029 -1832 -9500 714 -9218
7689 -5255 5623 -7761 -1991 9500 8837 776
6182 8116 -8146 -5788 -6603 -7737 9500 1571
-4126 -2956 7717 9500 6239 5563 -6415 -8361
9500 7829 -1262 -43 -9156 -7867 -7132 -6584
-3137 8909 -6174 7961 -9081 -4267 9500 3671
631 -9500 -5029 9161 -7935 4746 -8009 1750
-5573 6340 -9500 4145 -6742 2146 -1013 -1887
5543 3006 -4947 -5953 -9500 -7638 -4642 -2125
-9500 -932 -1319 8459 -1181 8468 6656 5816
-893 -9500 -8320 -2039 -8729 -281 4189 7892
-4873 -7220 -5629 -6869 -7169 -9350 -7240 -9500
-7685 -9500 -702 -1524 2838 4141 -1480 -1205
5721 7122 9500 8634 8788 5865 -7590 -8141
6288 -5577 9500 -8644 7224 -6935 4128 -3543
5744 -9500 -4127 6158 -3622 6897 2934 -3989
-9085 6753 8519 -5596 -4908 8391 -9500 7999
-7021 -9057 7407 9500 -4213 -4768 -4709 -5404
2955 -4890 -7090 7534 -8134 9500 5943 -5896
8305 2896 6049 -9500 -8184 7297 -7277 8476
9500 -2646 -5654 -4254 -8294 5636 -4750 7406
8870 9500 7507 4857 -3722 -6066 2639 5182
9500 -7737 -6298 5101 -6659 5395 -1550 1290
-972 -374 -6007 6841 167 1131 8954 -9500
5028 -5739 -278 874 -3025 4192 -7790 9500
60 8096 1169 7929 -6747 -5062 -9500 973
3163 -9360 -6740 5710 -5654 -5284 2754 -9500
-7447 3957 -1177 9500 3215 -9232 -7652 2262
9500 -2908 8805 3881 2576 8707 8148 -5455
-6428 -5997 -7166 -6917 -565 -1879 8748 9500
5967 5911 7398 -2756 -605 -9500 -7455 2494
-5299 6647 5179 -7665 -5573 8139 -6893 9500
6163 -8467 4177 -5941 -6268 8596 7067 -9500
-6952 5931 -9500 1974 1124 -8381 7270 5634
-4888 -8226 -8696 2389 2906 8555 9500 -664
-9500 -1115 8994 5285 8987 -650 -4723 -8450
-516 -9500 8479 2910 -8497 -2848 -2345 -9187
8566 9500 6704 7553 4105 4664 -5468 -6180
-3203 -9052 653 -9500 3835 -8304 -5265 7186
9500 -445 1094 7435 -1100 7261 -7032 4495
6020 8549 6297 -4274 -3848 -9500 -7622 1857
-486 9470 7820 -5119 5398 9140 -337 9500
-9500 -7664 2764 3497 7218 6389 -7200 -6378
-7035 7321 6321 -7908 2603 -9500 -5175 -7753
5916 5374 -8156 -8833 -9299 -9500 7430 7087
9500 8344 -4433 -1922 -8280 -6137 -9313 -7677
-4225 -6325 5292 5015 -1262 9461 -2644 9500
468 1868 -7782 7630 -8540 9500 -5595 7999
621 1605 -7573 -9500 -5664 -5833 -577 208
7277 -7448 9442 -4594 -4319 9500 -8711 -6603
2092 4216 -7049 -7781 -7759 -8198 -9500 -8950
-8955 3085 -7092 -7129 8926 -3159 9500 -1050
8252 7308 -8135 4174 -9500 1777 4888 -7328
-2104 3246 8951 -9500 -8784 9442 -2661 3812
7911 9226 7174 -7596 9500 -247 8760 7286
5752 2366 7563 3991 -8783 -5125 -9500 -5810
-9138 -9500 297 2184 4312 2562 3345 1525
-1116 -9257 559 9500 -5324 7851 -6412 -2376
-3114 9500 1042 9300 5260 5752 -3293 9436
-9499 7 9500 10 6174 -5075 424 -6849
-604 -1674 9500 9175 7187 7661 -5989 -4941
9500 2475 9500 2473 9405 1383 -5693 -8550
-6703 7009 6619 -9500 -4058 7408 -6842 7294
4203 2828 8740 9353 -1931 -198 -8721 -9500
3796 2441 9500 8292 -6668 -5104 -4146 -4400
-1978 9500 -7980 4597 -5609 -8264 9050 3085
6085 7778 9500 8735 198 -1464 373 2055
-7477 4679 5298 -7384 4597 8497 -1018 9500
-7505 7460 -2861 1289 8386 -9500 4215 -2951
-2905 6362 9498 -2800 9500 -2798 7275 4206
-8141 5495 -3326 2057 9500 -6640 -3270 2513
-472 9500 2512 9227 8963 -330 -7342 -5719
-5901 -8746 9277 7011 9500 7358 1885 5434
8825 737 4931 6814 -8065 7145 -461 -9500
3555 -8429 5064 7582 9452 4693 9500 -5537
7428 -5153 -6911 -6991 -4978 -8659 1884 -9500
9257 -7628 -3018 3761 -5012 3402 9500 -7900
-1080 -9500 -2087 -9470 -2348 -9444 -6942 5457
4105 6242 -3032 9500 -4246 8976 3428 -9375
6458 9500 1441 434 3180 2820 3445 3190
9056 -8004 2480 -1953 8344 -7689 9500 -8679
3835 -3857 3989 -4031 -8346 9500 1325 -1042
-7186 2683 -5778 -9500 7766 3999 -5714 6361
7550 2768 -823 9500 -8267 1452 7001 -6022
7025 -1389 -6274 -3968 -5645 -5559 3516 -9500
-5802 -7769 -5518 -7986 -1709 -9500 7597 5793
9158 45 -9094 -1151 -7634 -5282 -650 -9500
8811 9500 5108 4259 -8524 -8348 6434 7551
-267 9500 4987 -8555 2307 -9455 -8135 5263
-9245 -6667 6237 8750 9500 687 9293 177
-3438 8759 1811 -9500 -6769 -4559 -7662 847
8303 9156 7114 8689 9500 9382 8349 9170
-3202 2359 -8588 7706 -9500 8727 -2761 3219
6223 -5813 4221 7697 -2008 9500 -4633 -7271
-7561 8154 -2958 2174 8489 -9500 8482 -9490
9082 -969 9295 -489 5387 7515 -9500 -3977
-5284 -9241 3145 3457 3549 7118 -5582 -9500
8933 -6786 7784 -6155 -9500 6580 1470 -102
-1744 -3573 6993 9153 7850 9500 -29 -1533
8803 -474 6081 8754 -8929 -3847 -4841 -9500
4442 -9500 7278 -8345 -8816 -2357 -7841 -3902
7025 8693 8019 9500 -2303 -4017 -7580 -7635
-2371 -2071 -8681 -6784 -9500 -7345 4966 3597
-7989 6420 8478 776 2032 9500 -6860 8220
7206 2433 3892 8568 3414 8994 -4011 9500
9500 3456 224 8959 -6764 7609 -6885 7538
-7747 9500 7552 -9336 -3010 2465 -8146 9347
3313 9049 9500 -1910 -4942 -8240 2519 9317
-853 -190 6737 -7456 -1365 2844 -7638 9500
4573 9500 1706 -8197 -7134 1986 -1472 8340
8081 8473 -9159 -9500 887 758 7889 8111
-8749 -4937 -2685 -9323 9500 -3002 8604 5168
-7946 -2428 8140 744 6586 -5319 -65 -9500
8470 -6713 8858 -5896 75 9500 -9062 182
7422 8831 -6186 -7314 -5731 -6760 7928 9500
9410 5935 -8694 -6852 -101 9500 6801 8374
4216 4535 -7926 -9500 -2264 -2165 5715 6389
4233 285 -7235 -8966 -7582 -4335 9500 7751
8734 6613 9500 7870 -8383 -6272 -7616 -6701
9500 -7370 8092 -5917 -1583 2228 -6209 5709
7913 7446 6103 5232 808 -1175 9500 9398
7943 -9500 -5763 4799 -7719 7375 3706 -2311
9500 -1463 -5205 6468 -4286 6925 6217 6422
8830 -7976 -9286 7686 -3219 9500 207 9257
8121 1028 -7798 -4662 -8018 -128 -519 9500
-9500 -7619 2541 3328 -1053 325 -5640 -3751
8397 4495 9500 -373 -8728 -3875 -8970 2670
6575 -9381 6638 6119 411 9213 -836 9500
-7440 -9250 -9420 -7700 9500 7828 -4504 -7066
-6494 -5014 -8183 -518 -437 9500 8236 -2356
4550 7053 -5901 9109 -9316 -998 4577 -9500
4039 -407 9500 -7862 8367 -8312 1252 2132
4310 1164 5927 8532 -5422 -2394 -9500 -7427
8964 5002 -8903 1857 4021 -7980 9500 2840
-7083 6217 -9500 8709 -7556 7440 -4711 3896
-8929 6914 -9500 7576 -2968 1956 -8353 6406
-6398 -7816 -7549 357 1917 9500 4449 9169
7017 9463 6908 8556 -6897 -9500 700 3036
2489 -5320 4361 -6983 9500 -9250 194 2720
-6035 5399 2972 -9500 6183 4943 4842 7559
-1163 -9500 7768 1966 7786 -729 496 -9470
-2049 -3431 -9156 -9500 6754 8015 7390 7019
8082 7913 8797 9500 4573 3712 5728 5034
6298 8128 -7704 -9500 -3474 -3620 -1545 -1196
8086 7733 -6731 -6954 -9305 -9079 9500 9389
4566 -8577 5114 -8391 9500 2285 -6845 -5838
8615 5135 -8359 -9500 370 3645 7414 8936
6459 5733 2136 942 -5218 -6590 -8366 -9500
6543 -5702 8440 -961 -2478 9500 -2512 9482
-1498 -3238 4836 6589 4585 6346 -9375 -9500
-216 -8804 -4107 9500 -8076 7647 -3299 -7147
-8335 -7350 -8970 -7574 9500 8107 325 -94
2724 -9500 -4155 9392 -1878 9485 9436 3270
-7657 -5187 5965 6217 9500 7843 -4251 -5026
6421 -5220 2179 -9500 -5967 5977 8011 -29
-1092 -1947 -8255 -9056 6748 7675 8928 9500
6890 2593 -6139 -4188 -6993 5808 -2190 9500
-8671 9500 3400 -3135 -3745 4483 -8078 8919
-686 -1753 -9094 -9500 -2551 -1557 9266 9137
9500 983 8572 3709 -7305 5809 1991 -8561
5487 -7070 7141 -6650 2900 -1813 -7974 9500
6222 -4743 -3516 -8848 -4198 -8438 1258 9500
4031 -736 -9449 8145 -9500 9446 -6421 8479
8080 -6074 -9186 -1714 -9500 2820 -7737 6503
-7648 698 1234 9500 3305 8345 6915 -5292
8717 6424 -7571 4585 9316 -2500 9500 5574
9500 -2832 1935 7197 -8780 3837 -927 -7300
6963 5660 5799 4381 -9500 -9081 -2038 -510
9424 8421 9500 7868 8871 7042 -6415 -4445
8976 -5632 9500 2813 7203 5490 2657 -8577
6042 9500 -4686 -7325 935 1380 5513 8647
-8637 239 161 -9500 -7040 9192 -8833 6742
7487 -8769 9500 -9233 9121 -5063 8178 -3792
-5300 4830 -1023 9478 -972 9500 -4584 -8136
-7696 -6431 -4820 -3052 -3257 -1343 -9500 -8955
-9116 -8072 -9500 -8098 7661 7360 -8575 -7856
6606 -3409 3584 7545 -247 9500 6290 -4632
-8399 -1274 8214 4206 4769 -7944 -5514 -9500
-8234 -5162 -9500 -6193 -7079 -4924 7022 4890
4255 6368 2464 3847 -6622 -9500 2703 3583
-4286 9500 -7951 6084 -7310 7203 -6600 8049
-9011 1706 -8151 6287 -3321 9500 -333 -9110
8635 -6819 -9500 8332 -379 3412 4038 -1086
-9402 5973 -9500 6055 -5930 5057 1537 -2114
-8883 6731 -9500 8408 9497 -8344 -2853 -584
-3395 -3203 9500 7249 5335 3730 5202 3621
-7039 -5088 -6486 -5625 9500 190 -6565 6730
9010 -1269 -7082 -4441 -8438 -1698 -1730 9500
-8913 -9500 -1680 -3036 1074 2447 -9017 -8301
-7885 -2932 -6173 -6320 -5246 -7354 1184 9500
-2483 -8658 -8175 -4699 9500 476 -642 -8914
1738 775 -2709 -3549 9500 9374 7409 6650
9397 4248 -9500 -4129 -8200 3612 338 7000
8843 2626 -9117 4524 -9500 3344 1961 -9358
-7636 -7241 -9500 3438 787 9439 7693 -5829
1665 9276 -3057 9500 -7906 -3233 7435 -6248
-2868 8076 7236 1815 -195 -9500 -3251 -9147
4628 5272 9500 1654 -8061 -3201 -3672 6540
4180 4399 3066 4228 -1382 -1013 -8210 -9500
8161 9500 -5369 -6518 -6496 -7762 5783 6978
6326 6325 1351 -9500 -7858 -4547 -8542 5735
-2007 -8960 1037 -9500 -6797 192 -6211 -3422
-1540 -9500 -7696 4090 7759 -3937 2021 -9346
-8086 -9500 -8037 -9437 -4294 -4775 -1240 -1053
2877 -7667 -4552 6724 -9500 -1583 -6189 -7607
-7641 -5400 -4571 -2471 4711 5149 -9500 -7630
-4455 -8810 -5099 -8496 -509 9500 2312 -9102
7401 -4299 9500 2319 -9366 -1441 -8528 -9402
-8922 -6961 472 -950 9500 6087 -8632 -5306
-6111 4519 -7004 3633 -9079 -4271 9500 1906
-9500 1700 505 -5938 -2546 5831 -3338 5713
361 460 3637 4091 8366 9500 6329 7232
-8986 7587 767 -1040 9500 -8136 -8894 7769
9500 7277 -1317 -1455 5748 4082 7787 5752
-1472 -1130 -7885 -8864 -6538 -7502 8684 9500
2028 9268 1578 9500 -5396 8166 -7526 3205
-6642 -9217 -7102 -9500 -1962 -1146 800 2497
6181 -8169 4942 -6806 -4245 6012 7563 -9500
819 7870 -7586 6201 -9500 2626 -3925 -6662
-141 -166 8734 -5785 8982 -5929 -9500 6184
8979 7992 9474 8329 9500 8344 -4056 -4021
-8778 5321 -9393 6091 -1348 3055 9500 -6248
-3871 -5369 -5638 -7479 -8124 -9500 -7901 -9211
5599 -6990 3988 8638 9285 3625 9500 2944
-8540 7672 -9500 7104 9194 -8052 9243 -6823
2064 -2831 6940 -9313 -4032 5455 -7082 9500
9041 -5671 7140 -8648 6890 8819 9500 -4504
-3327 -3939 3414 4024 9158 9500 8729 8119
-7278 -7212 -4673 -3720 -3198 -1911 8191 9500
-8523 6571 -7844 7681 -9500 2342 -9428 3477
1046 -9273 5889 -8289 9500 -1271 9246 405
-5115 7739 5882 7473 9500 -1027 -9110 2681
-3234 619 -2323 -182 9500 -9134 -4484 1741
1712 -997 -6810 4721 -9500 6467 -8655 5771
-8501 4082 5335 8436 -9500 -5155 -9267 2943
-2579 4926 3334 -2204 9143 -9500 -8748 8992
-3432 6754 9276 2838 9500 1430 -5203 -7094
2178 9500 -3121 8154 -9179 1074 -9140 -4944
7487 -7103 6189 8394 -8988 -6210 2438 -9500
8846 -9500 7390 -8317 3682 -3183 7536 -7593
-4089 4922 3475 -4324 -9162 9150 -9313 9500
4796 -7192 4799 9322 847 9500 -4120 7640
-4280 -6243 -4558 -6641 -6629 -9500 -2568 -3790
2738 -4012 -4205 2824 -7911 6840 9168 -9500
3708 -2391 -3088 4995 -7746 9500 6787 -6045
-2845 -3364 -7303 -8678 7985 9500 -2496 -2949
-2402 -2280 5045 7097 -7537 -9500 -2664 -2626
3453 688 2170 -701 -3040 -235 8945 9500
-9500 -7952 6617 5446 7988 6607 9137 7661
-7530 5361 122 -9415 9320 -2660 9500 -2256
-1462 -1487 7513 9500 -6413 -8270 -3762 -4428
-7321 -3825 -9500 -543 5433 5151 1747 -6797
-695 -1668 -7769 -7503 9144 8404 9500 8465
-9500 -6451 -9229 -7772 8548 7512 6863 6647
6792 -5881 -3772 2933 650 -1236 9500 -8920
8172 -9500 7626 -5883 -3944 6729 -1387 -1698
4465 -1531 2409 272 -9500 6428 1656 -3617
-5495 6081 -5453 6118 -5746 -8925 -9500 -421
-9500 -9466 -4645 -6949 7463 5170 -8296 -6316
925 8283 9500 2795 6926 -5863 -8074 -5059
-6236 -8088 -3229 -2748 -6573 -6991 -8327 -9500
9367 -9500 -1488 4075 1869 -4429 5553 -7583
-3412 1793 8611 -7782 9500 -9024 1528 -3261
7575 9500 7045 9010 3570 3315 7054 7936
-38 -1716 -1115 -287 -3057 5603 6786 -9500
-9500 427 -8706 6971 4699 6493 7985 2861
-9500 -574 -4572 5790 4201 6512 627 -6894
-8983 -9500 1523 264 1059 -215 -5765 -6864
9249 2109 -3937 8575 8000 -5311 9500 -1332
6481 5850 9364 7263 9500 7276 9494 6685
-9123 -9414 9500 7594 -1498 2767 -8723 -5899
9500 5656 8862 7701 -7928 -9341 8041 -4114
3237 -8515 9024 3880 1284 9500 -9309 -2790
-6204 7411 -7951 9500 881 -1049 -3188 3806
296 -9500 -6842 5834 4606 6217 7465 -646
412 8881 9500 2806 5803 -5573 -6119 5263
-6537 7577 85 9500 9243 136 -7433 -4840
7518 -1133 1159 -9469 1396 -9500 7474 -4207
6593 -9315 -3277 2768 -6315 9500 -2982 6093
-8352 4413 -1819 9225 9500 489 -9426 -1332
7216 4169 8402 -2857 958 -5884 -9500 -1640
7092 -3565 466 2004 -8748 7245 9500 -6995
-4259 8147 -9500 1013 -3745 -8863 545 -9322
8973 1979 7344 5774 9500 -595 9164 1261
773 -2566 -4757 6771 -7927 9500 -8234 8986
-3986 -7709 -8933 4638 -9500 797 -6136 -6046
-557 -9500 6158 7706 3552 9386 -6095 4373
6964 6987 -7450 4612 -3373 -8091 9500 -2058
-9486 4637 -9198 402 5461 5726 -1209 9500
-9500 -6746 -3583 -5489 7632 8390 -9488 -6731
-7554 9500 -3432 6670 -1289 -693 -4096 3333
-2269 1433 -9500 8907 7541 -8079 1019 -1829
5808 -3538 -5905 3370 -2780 -9500 2153 -7706
-9030 -5873 7800 4836 9500 6715 219 1014
-6617 8181 2195 -1900 7404 -9500 5421 -7822
7817 -6583 -5120 7662 1738 6672 9500 -1094
-5115 4134 -3683 2455 9481 -9500 -7761 7329
-7784 -5266 -8405 -8552 323 -2358 9500 8303
9500 -652 -8266 -3631 5789 -8107 6978 -7186
-4484 -4814 2635 2736 4885 5267 8571 9500
762 8972 -6600 4904 -1553 -9170 4251 9500
7045 -6886 -4923 8664 -1382 9500 4933 6810
-3616 8127 -1019 -9500 7218 -2434 2463 9165
4320 -8609 6711 -7936 -9500 453 -7804 -2801
-3795 7012 -9500 -473 -9349 -1331 -3224 -7079
-9500 -1125 6900 -5869 234 -6723 -9356 -1375
-9489 -2477 -9489 -2351 608 9500 -9407 -3614
-9500 2895 675 8121 1761 8245 2029 -7510
9419 -9500 3149 -1449 -5009 8173 -3298 1632
4942 5362 -5835 -6094 8666 9153 8903 9500
-4339 2970 -9500 9196 -2381 4359 -307 2166
-3504 -9316 134 9411 2734 9500 8023 3201
8709 -7292 -7827 9500 -8321 6711 975 -3836
-9423 -9500 -5829 -6492 7451 8118 -8749 -8756
5346 -6723 -6387 -9500 -7950 -6955 8629 2566
5281 -9227 -6610 8300 -7195 -6029 -2725 -9500
8346 3102 -3848 8554 -8788 649 -781 -9500
9500 3235 -9297 -4124 -7429 -6857 9324 382
673 9500 3926 8641 8071 -501 -7578 -4113
8923 -9500 -8279 8896 -2089 3058 7287 -5905
-4519 7567 -9500 8462 4810 -7762 7068 -9039
1494 -9477 8796 -7604 1567 8008 -9500 5208
-5902 6734 -9500 9419 -9025 8860 221 586
-6425 5379 -2862 -9063 3536 8768 635 9500
7057 -5847 -9391 1632 -371 8374 9500 30
-3137 4432 -768 350 7636 -9500 3480 -3767
-7059 5209 -2839 7495 9500 5370 7659 -4707
7414 -9500 -4629 6518 -7700 9475 -6155 7085
615 -3788 4344 -6761 8794 -9500 -6526 8262
1685 -4015 7132 -3574 -9500 5804 -1552 -1339
-9214 -7081 -9384 -7304 -9500 -7696 -6804 -6212
-471 266 9500 7115 5928 3895 -7251 -4952
-5254 4712 -6347 5691 -1605 1430 9500 -8512
-8232 6836 526 9211 6097 -8554 1321 -9500
9500 5776 5988 3285 -176 -386 8613 5277
4598 6773 4958 -6369 9500 -26 8516 3591
-1422 9330 767 -9458 90 -9500 -6663 2860
-6194 -5578 -6647 -5183 -9500 387 -3672 -7137
-8991 -9500 -5753 -7057 1198 -1245 3262 5049
-3227 804 2349 -1742 -4478 -7779 -7438 -9500
-9500 -9016 -7155 -6954 6957 6775 -3117 -2570
-7665 -5481 -7526 7423 7721 -7024 -4997 -9500
-7980 -8938 -7289 -9192 713 9500 -6617 6447
-9500 -8326 9188 8738 9305 8770 -685 -2242
8119 5839 8002 5733 -9500 -7341 5036 4566
9378 -2195 -8675 7599 -9500 2794 381 -8784
-371 -65 4826 4804 -9500 -8908 -6025 -5464
-4386 -6698 -4492 -6559 -6796 3492 2249 -9500
9161 -1507 4982 -6700 -9500 407 -6157 5780
-6208 5110 6901 -6187 8770 -9500 -2396 -237
6005 -4533 9217 -9500 3040 -4101 -9371 8000
8352 9334 -5444 -5556 -7041 -7560 -8462 -9500
-3568 -5906 1906 2916 5872 9500 2698 4516
-4673 5227 9500 351 8489 2976 5119 5306
-3529 6923 -3345 6993 9500 -1374 1423 -7543
-611 9500 -1262 9449 -1713 9382 -7914 -3708
8098 -5169 -3054 -9451 -2134 9500 3074 9445
-1969 9500 -8378 -782 6602 -6667 1404 9301
8245 -4122 9500 2503 -3901 -6350 7229 -4913
9500 6883 9059 5891 -8822 -5568 8063 6980
-5543 -4083 9500 7955 8846 7205 -9480 -8127
9500 6758 -3671 -3703 -9449 -6647 -2715 -838
3519 7659 3125 7959 -6702 6237 1577 -9500
1202 8253 2165 8027 2323 7981 9500 -1938
-7320 -7813 9302 9500 6774 7307 -9289 -9225
-7388 -9309 5129 6775 7415 9500 -7288 -9361
-2500 -9500 -8244 550 -7537 2464 8628 1609
-9457 1569 -9500 -5488 -7678 -7840 6143 -6221
-3124 -2687 -9402 -9500 4318 3906 5357 5745
-7 9500 -7847 -5588 6839 -6761 4683 8315
-9500 712 -7127 -8140 5845 -6296 8331 6998
9500 9238 -7564 -8098 -6051 -5083 551 1647
-1931 4436 9500 -5268 8198 -8844 -4083 383
-8845 -9433 9017 7756 9308 8146 -9500 -8417
-6977 9500 4292 -5074 -631 1474 -1838 3042
-644 8452 8894 3002 2588 -8348 -9500 -1680
-2490 7740 -9500 2608 -5360 -7204 215 8121
4435 2741 -1379 -2108 -3501 -1935 9500 7843
-5618 -2658 9500 7365 8372 5846 -4301 -6568
8446 9385 -4085 -1695 -6163 -4472 -8329 -9500
6185 -3613 6442 -78 -4276 -6807 -1150 -9500
8123 1183 -8753 2121 5910 -9500 7111 -8335
-5200 3159 -8175 9500 -5861 8414 -4689 2486
8478 9500 -3309 -1180 -5388 -9228 6779 6359
-6161 5436 8685 -5969 7329 -6228 -9500 7597
8386 -9500 8172 -8344 7950 -7828 -5540 8383
-9500 -346 -2170 -8157 1688 -7686 7986 -3299
1607 -251 3037 809 5766 5371 -9500 -7650
4285 579 -6094 -6909 -6885 -7366 9500 8653
-9458 -7040 5063 6331 3151 662 -9500 -7088
5890 -5758 -7317 7090 -9500 8855 -5854 5348
-8442 2634 -7565 4507 9340 648 -9500 -2242
-9500 7234 -6426 5278 -5391 4547 -4136 2587
-2354 8178 -9124 -3158 9500 2291 7514 5349
9500 -9056 -6071 6789 -1992 3367 -1115 2587
-6834 -5176 -9500 -8992 -5072 -7632 3343 6028
-2084 -998 6919 5682 9500 8435 3531 4122
4625 -3239 3473 -2327 -9500 7485 7488 -5541
-4424 -6366 -7013 -9499 6791 9251 7293 9500
770 -8424 7369 -4853 -9500 -222 -4883 -7651
-4107 -5398 -8083 -9500 1568 2469 7711 8922
5134 -6086 -8043 8656 1826 -1557 8744 -9500
9500 -7493 2413 -1467 -8089 6546 -3711 2499
8054 9500 -6630 -7010 -6820 -7280 7512 8315
9065 6507 9500 7562 -7159 -3747 -7661 -8434
10 2436 6825 -9500 2378 -5109 -8229 8474
912 428 -8034 -5576 8793 6328 9500 6696
6182 4105 -1253 -9500 -6603 2505 -6576 2645
-8034 -6452 -9500 -8518 3580 2393 -3174 -2032
-6193 5998 -3890 7251 5985 6308 -9500 534
9500 8638 4849 1825 -7078 -7519 205 2588
5297 -6310 2785 -7789 -3899 7234 9500 1432
4178 -7296 -8065 9500 -5498 3409 -3749 1085
-3623 3233 -6605 9292 6152 -7821 6511 -9500
9452 9500 9386 9411 -990 -1281 -9080 -9220
-1097 3133 6689 8927 9500 8105 -2666 -6357
3012 -6519 -4230 961 8735 -8827 8114 -9500
-4588 -4394 9376 7490 -2936 -814 -9500 -5685
8674 9500 5902 3958 -1626 -5204 -4254 -1660
9500 -7999 -234 -2685 135 2775 8293 -6002
-3094 -9500 9378 2782 -8259 1092 -5503 -9243
-7656 -5810 7032 5282 9500 7768 8566 7100
-7765 -5605 8531 8796 -9500 -9177 -9305 -7596
653 2646 8793 9481 8649 9500 8019 9239
3469 -712 -7836 9500 3398 -6909 5533 -3606
8817 -7604 -3206 1712 1286 -2750 9500 -8359
2534 -1215 8436 -8211 7238 -7331 -9500 8709
6736 -5552 -7478 -5428 -8610 -4092 -9500 -2181
-3353 -5943 -5933 -4056 -7435 6792 9500 -3348
-2274 -1590 -9500 -9492 -7520 -6881 -2939 -2248
3437 -8091 9500 908 -9015 1121 -5974 -8905
9500 -1371 1423 -7597 7115 -5323 9153 -2558
8776 -8666 6708 -9156 -8729 8564 -7193 9500
-8194 1931 1197 -9500 4447 7436 -8155 2294
-1479 -862 1598 981 9500 9353 5014 5442
-8185 -8133 -9006 -8535 -9500 -7795 7747 7876
-8776 8994 -4001 6546 8881 -8994 -9500 8520
3045 2170 5830 5107 9500 7982 5189 3972
-9500 249 -8225 -3295 9062 -4027 1558 8321
-6351 -3218 -8661 -8698 7286 9500 -2147 2154
-4269 -9500 7594 -1014 -6477 4541 -5827 -8039
5015 5722 -9446 -9500 -719 -113 3038 3735
-641 9173 -1541 9500 -7440 9079 -8515 -19
4846 -7651 -7724 9342 -7122 9063 8154 -9500
-4338 -8969 -1515 -9500 4216 9017 229 9387
9500 -8974 3562 -331 -8113 6450 -7329 5262
746 -8720 -9500 -4988 -4730 6654 9228 -941
-275 -8346 -9242 4064 4352 6630 9500 -3022
-6335 -5855 9500 -2823 4867 7592 -8442 7923
-2636 6420 9500 2908 7288 -3197 -927 -7402
2355 8438 -4980 -6534 -837 -9091 2854 -9500
6482 8290 -7420 -7486 -9281 -2869 2286 9500
5876 7122 8414 9500 669 -149 -3526 -3066
-1912 -2834 -8886 -9500 -6280 -7055 -1990 -2910
-2402 6918 6040 6292 9435 1777 -9500 -937
4591 8177 -6907 8726 -899 9500 1772 9092
-9500 -2617 -6596 -7144 8207 6147 -1097 6622
9500 2476 9478 1594 -9191 -5032 7612 8411
8260 2998 -4633 -6679 -7602 -3976 -9500 1452
-9500 5297 1469 6955 7834 2392 -8559 -1424
-9181 -4827 -1420 -9500 2639 -8694 -7116 5558
-6410 6118 -1345 7579 9495 54 -9500 -14
9500 -928 9123 234 7587 2928 2830 6975
-4596 9500 -6294 388 1690 -7227 6451 -560
-183 -9432 -9500 1618 -4530 8151 9400 2811
-7973 -9500 2075 1118 7417 8002 -4011 -3479
9303 -121 9500 -1408 9482 -2976 1067 -9121
8547 9500 7573 8614 2913 3857 -8411 -9385
9189 -9483 9110 -9500 8467 -9240 -4009 5595
8159 7018 -4211 -9500 -8200 4804 -6878 6365
7808 -9046 9422 -9500 7844 -6722 6312 -4780
8749 -6931 8835 3980 -6653 8664 -1133 -9500
9189 807 9500 -300 6132 -6552 1366 -7482
8026 -4000 -6207 6613 -5755 7095 5472 9500
8084 200 -5922 -7590 -4799 -8546 141 -9500
8595 -6416 9183 -4988 -7436 8028 -9500 972
9500 -2354 5428 6145 -5766 -5913 6855 -6302
2240 9500 -8701 -3622 -8694 -3647 -8413 -4444
-4047 9500 -7270 -4594 -5907 -5802 5985 -9287
-175 -8963 -7892 -7355 9500 4856 4730 -6644
2432 -8419 -9500 -1480 -5597 -7718 -516 -8962
-7725 3451 -280 9500 4307 8441 6903 5901
9500 -3046 3142 -5727 2737 -5461 -340 3866
8515 7415 -5881 -4011 -1074 1317 9500 9025
-6096 4722 -8956 -49 6580 -4151 3492 9500
-365 760 7068 6205 -8576 -7172 -9500 -7006
-7103 -6808 -9500 -8991 9177 8733 6343 5931
851 -8342 -9419 -3334 -7125 5612 9500 -2307
824 8789 6131 -5623 -9500 -1292 -5912 5823
-8643 3762 -9500 512 -9448 -1579 -6118 -7515
6342 6154 -3730 -4948 4038 5267 9003 9500
-6375 -5961 5972 5473 8263 9500 3553 5043
7878 3138 -1202 9500 2297 -9286 4183 -8477
7002 -9378 -6610 4182 -7169 9500 -5393 8116
8324 6015 9500 -4743 -9156 -5127 -6778 7263
-9500 -8949 -7840 -8275 2347 3955 -3038 -1041
3933 1249 -2158 6633 -8997 3803 9500 -4342
7198 9258 -4831 -7028 -6998 -9500 -914 -322
7387 -9500 -1415 3440 -2666 4851 -7181 7667
3568 5610 -6326 -6823 -7591 -8770 -7966 -9500
6786 6481 4750 8533 9500 875 7879 4902
-4888 -9500 -3391 6104 -8801 -2160 -7882 -8124
-5545 6865 2052 -633 -884 -592 -9163 9500
-230 -9500 5101 -8933 -8741 6049 -7237 -5725
8890 -6731 -2075 4861 -7082 8657 8642 -9500
-7185 -5618 -2563 -2253 -2951 -1879 -9500 -7211
9099 -9468 9047 -9500 -7746 6094 5344 -2958
-641 -9500 -8390 5204 8695 -4909 -492 -9478
-6796 -9305 -4480 -7565 -8897 -7664 -9500 -8996
-4528 8677 -8729 4657 -4964 -7979 656 9500
9500 9278 8100 7603 7756 7217 4176 3389
1487 -990 8994 9500 -6269 -3903 -2451 -4592
-7574 -7778 -3242 -3771 9054 9500 8752 9337
-1421 -9500 -73 9451 -3767 7564 -5628 5262
-9305 8911 -9500 8710 -7495 3384 7438 -8971
-5175 8960 1716 -9500 5395 -8888 8201 5471
9500 3167 -6908 6606 8233 -4469 9383 -1089
8052 9500 356 538 -6103 -7250 -6039 -7176
-6454 8039 -7141 -7065 9500 3595 8056 6048
-9346 -344 -417 9476 292 9500 5561 -7480
-9240 -2686 -1957 -9500 7971 -5262 5984 7639
-4475 -5399 8709 9500 -8276 -8317 -6096 -7019
9362 8417 -8243 -6159 1268 -385 9500 7615
-3324 6340 -5719 9206 -23 -1027 5813 -9500
8270 -9399 -8775 9365 -7609 8934 8458 -9500
4746 5144 3342 3050 9440 9500 6958 7329
-9500 2382 -8691 -2701 -7928 -3869 8959 2168
9344 -902 9070 -5110 3470 -9500 -9484 2376
-9043 -5139 8868 -3295 -5166 8387 -9500 1176
5569 2384 355 2685 -8767 -5867 -9500 -7095
-2124 -9500 -8353 -5632 -8926 2647 5838 8185
9500 -4098 7424 -6381 -2886 -8877 -3671 -8699
-7651 -8962 -3754 -6458 7899 9500 -6029 -6237
-9182 -4313 6949 -6342 8578 -4418 9500 3610
-7716 -5713 -4167 -8834 4984 9500 -7109 -4659
-9105 -3590 4026 -9500 5120 -8598 -9005 1501
-1135 3160 -8325 7372 -2370 407 9500 -9456
-9253 -3079 -2334 -8272 9500 2364 -8640 3637
1470 1423 -9500 -8189 -7704 -6752 5213 4377
5445 5835 -9500 -8791 -4682 -3578 4706 5190
-9099 -8553 9500 8906 9455 8851 3494 3192
9163 -6386 -6376 4195 -9500 6923 5059 -3206
8016 9500 4079 4249 -165 -809 -1671 -1357
-3351 -9406 377 -9500 3600 9272 -6484 -4843
-3850 -9354 5289 7913 -9500 297 -8251 -3352
-1995 -9500 -6459 -4419 -6614 2570 -3455 8102
-3178 -377 -9154 -9056 -9244 -9500 -1132 -4261
7515 5426 -1739 -9500 -7505 6689 -7450 6756
7757 6197 -1980 9494 -7189 -6665 1861 -9500
-8082 6347 8928 -5222 8765 6546 5042 9500
556 -8490 7171 5243 9500 2121 8314 -5846
4055 -3389 1419 -2850 9030 -9500 4909 -4397
-7736 8272 8324 -9500 3279 -2932 -8465 9268
7899 6945 9268 591 -9500 -1955 7012 7700
-8852 -2677 8610 -4461 3397 9500 -9236 1802
-4143 -8872 -9308 5316 -4823 9353 4449 -9500
1021 1430 -5630 -4068 -9500 -7623 2077 1090
9500 -6256 -9333 6342 -8851 5251 5191 -4539
-1691 -90 -7369 -9500 -3241 -5625 6949 7243
799 9500 -3815 -7721 5499 -7540 6851 -5179
-233 7146 -9500 -2425 728 -7120 6942 -5024
-8713 6038 -5258 9006 3584 -9500 -2120 -8819
9500 4778 180 -6090 -7289 -1756 -637 5649
5929 -5837 3874 7392 8797 4164 9500 2867
9500 -7697 5214 -2360 -7444 4815 9258 -8856
7759 9500 -122 4326 -7350 -4051 -9068 -9099
7677 -6361 6265 -8169 -8156 9500 7277 -5823
-6101 6320 990 -931 9229 -9500 2115 -2249
-6867 7413 -762 418 9055 -9500 2903 -2669
8437 -110 -106 9500 -181 9495 339 -9481
9500 8734 -866 1286 -6816 -3966 -9479 -8723
-9500 4659 -4853 -6605 1528 7847 -3957 8016
-2313 9062 6492 6212 5229 -6492 1348 -9500
9500 3492 8270 -6977 5855 -9062 -7166 -6964
-7286 -7663 2048 208 8140 6381 9500 8116
-9500 -323 -3480 6987 7980 -2527 -7072 -8946
-6995 9500 6579 -8532 1078 -3226 -3731 3718
8789 9500 8361 8749 2526 2261 6032 6780
-4599 -4123 -6035 -5702 -7890 -7760 -8174 -9500
8582 -9500 -2494 4019 2225 -1491 5806 -5875
413 -9500 7482 5755 -489 9475 -5830 -8226
9500 -1789 8355 2889 -9096 2861 1537 -6868
-9014 2520 8334 2939 894 -6721 -9500 881
8491 9123 -889 -913 -4238 -4582 8847 9500
8715 7583 4654 7405 -8399 -9500 -3183 -6221
-8309 -4028 8046 5168 8272 -2362 4847 -9500
2122 2800 -1464 -220 9500 8217 8123 7426
-1907 -5009 -6711 -8664 -8362 -9500 -711 2609
9500 5431 8586 8886 -1306 -4527 1977 -1969
6297 6434 -8401 -9500 5906 7305 8414 9493
5124 -7048 -4666 6759 9500 -8840 6134 -7642
-1047 9492 5957 4029 1326 -9500 -2311 -8316
-7646 2979 1406 -8584 4153 9375 2336 9500
-9222 4390 3995 7231 9500 54 219 -8768
-9500 -8379 3453 3190 -994 -1064 -3962 -3629
-357 -9444 -8588 3248 9500 194 3065 -8619
8978 -9237 -9201 9500 -3125 2872 3115 -3646
2068 -804 8735 -9500 5197 -6779 1634 -321
-235 514 1565 -2187 5580 -7190 7583 -9500
-1908 7411 -9500 1835 -9332 2219 -9317 2252
-238 2065 7359 5884 -9149 -9500 -6349 -4610
-1115 -327 9257 -9500 8448 -8159 -2152 781
-9013 1366 -9017 -1021 -8263 -3826 -1003 9500
-8346 -9500 -9481 -8848 8238 9427 5305 3502
-6570 7176 -9500 -3815 -6602 -7415 7993 6133
-4005 -5945 6162 5187 6838 6064 8820 9500
5376 -8534 -7148 7055 -1097 9500 6886 4715
-3425 7004 -5582 -7463 -241 -9500 6870 1428
-2515 -7816 -9473 2330 -8636 6462 9500 -3031
9500 613 -5240 -7158 -5958 -6722 -7523 -5374
-9452 -9441 9500 9460 2684 2124 -1623 -2161
-2154 -480 9081 9500 7145 6665 -6639 -5991
7350 -5096 9500 2296 6079 6458 -6324 5941
-7156 5828 9345 -9500 9481 -9440 8330 -7297
-9500 -7849 -9386 -8390 3330 1843 -8775 -7031
5552 -6256 4539 7394 -9500 1262 3661 -7213
8074 -9500 6891 -8638 -7146 8855 6287 -6150
-8519 976 -6820 -5001 6359 -7101 -2345 9500
5428 4641 6966 6767 7085 9500 -2402 -784
-7237 4699 1106 -4117 5879 -8354 7338 -9500
-2283 -2966 725 833 -7454 -9404 -7526 -9500
-9500 3149 8952 2072 -208 8828 -600 8870
-8299 2208 9500 -97 7018 -3793 -8815 -7223
-6469 -6592 3379 -6197 8629 -1854 -9500 -10
-7029 9500 -982 2636 8092 -9275 3650 -5785
-9500 -1284 -6690 -8420 2534 -9092 7527 7598
8743 -7784 -7645 6677 -346 -228 9500 -8603
7202 -4751 -6555 -4490 -920 -9280 937 -9500
5613 -4396 9500 -7286 9253 -7090 -1781 1458
8697 -7397 -1709 1774 -9110 7785 9500 -8272
7059 9500 6864 9264 -584 -564 4809 6285
-8837 9103 -5300 3814 8639 -9500 7733 -7033
4762 -9500 -7485 -6158 -9381 5485 6574 7066
7835 -7661 -9181 8053 6871 -5674 9500 -8413
-6977 4434 -5476 -4904 6132 -6678 227 9500
3711 -9389 -8347 1200 -3514 9500 4921 8252
-4972 4452 -7049 4429 -8723 5848 -9500 7234
48 215 -7334 8599 -7851 9170 -8152 9500
-7017 8492 7718 -9500 5219 -6855 4411 -5892
9500 3565 -7980 3120 -3400 9150 8728 7590
-292 9500 8890 -3340 8222 -6059 -7481 7324
6521 8647 -1787 -9500 9058 7167 7587 8150
-3256 -1521 -8988 -7683 6999 5350 9500 8448
5247 5617 9500 7847 22 -1375 -4606 -5129
4651 -4736 7007 -6801 -7641 7641 -9500 9356
9500 7936 8711 7945 -2857 -1317 -8367 -7733
6259 7358 -572 9452 332 -9500 1303 -9260
4679 -8013 6976 4597 -6341 -5733 -1093 -9500
-131 -9453 -5756 8106 4702 9500 8831 8676
-9500 964 -7186 -6765 8422 -3379 -1059 8453
-6416 -7732 -8076 -8894 -9014 -9500 8274 9026
5789 -3502 -2191 4421 787 -3141 8687 -9500
-8982 1197 2756 -9198 8628 3658 2775 9500
9278 9500 4068 4881 298 959 8154 8202
-8219 6579 7409 -7857 -9500 3280 -8625 5779
-182 -9500 -8914 -3909 -8349 4594 -625 9462
1278 -613 -9500 9159 -6296 5514 7291 -7324
6533 4909 9500 8401 -1491 -2238 287 -717
-8794 6349 9500 -6850 9427 -6800 8110 -5859
9500 -8274 -2417 572 -4503 6410 -417 2345
7647 -6359 1731 -1759 -9500 7670 -7421 6189
-628 -9500 -4094 -8836 8425 -4257 2240 -9101
-5698 -5868 -3208 -3587 6368 5568 -9500 -9161
9500 8139 -6803 -3673 -6330 -3154 -4486 -1268
8449 -7288 -7425 5690 -2730 2912 9500 -7774
-8210 -9500 6777 8023 6544 7776 -1011 -583
3683 8030 -2874 7737 -9500 768 9183 -1853
-701 9500 5934 -6532 4814 5631 1375 8846
-9500 7099 -8129 6241 -9083 6906 -9487 7168
-8749 513 6947 -3093 9500 1124 -8505 940
-5105 7564 -7247 9500 -8235 8736 8570 -9395
3346 -7451 -9500 4045 -967 7457 2549 6706
-6842 9500 -9274 6392 2627 -7026 3012 -7305
2105 8553 8029 5327 -9500 -3020 2061 8561
-3895 6318 4618 -3429 8358 -9234 -7560 9500
9500 -1522 7445 -4567 -4072 -6714 -7714 -4644
8268 -9124 9500 -8433 9216 -7980 4494 -6271
-8303 9500 -7247 8094 2708 -2277 -3773 5652
-7547 -9486 7531 9500 4738 5767 -7525 -9495
-6552 3693 -6718 3292 1226 -9500 7280 4917
7024 5932 7009 5950 525 -9500 8801 2251
-5629 8175 5439 -7166 5771 -8354 -6889 9500
9202 -9500 4976 -1218 -7756 9123 5582 -7943
9500 -4124 -6283 -5564 -232 -6997 4134 -6680
-2077 -7029 -8183 -4401 -9500 -2076 2418 -6609
6111 9500 -724 2 -987 -405 -3543 -6288
5004 -6494 5609 -5895 4548 9500 -9282 -2329
-6140 6280 5070 -5285 9213 -9500 -8957 9252
9500 1343 -9413 -2852 7987 -7098 8193 -6573
5136 -7777 7748 6303 6462 7280 -9500 -4153
8767 6180 9500 7378 -5544 -3112 4276 2025
-2913 -4243 -7660 -9500 8577 9124 4560 4340
3893 -1740 6768 -4401 9500 -6984 1483 -3107
1736 -9500 9180 -923 14 9174 -4047 9393
3339 -2881 8671 -9500 -1968 1302 -6865 8258
-8990 2560 -7284 5743 -3637 9150 -9500 839
92 6752 -9500 2696 1533 -6927 5639 4586
-6904 -2606 1244 -9500 8028 -964 -1128 9480
-1309 -7476 5918 -4209 9500 891 5933 7224
1791 -9261 -9358 -4100 -9500 -72 -5295 7179
9500 7586 1476 -970 -7831 -4759 -2990 -269
4365 4128 -8137 -9500 4946 6259 5017 6334
-4294 -6321 2269 -9500 -9500 3261 -7193 -3107
-9012 8612 -9500 9177 3449 -3259 9364 -9046
-8122 -7194 -2971 -2388 9500 8796 -535 -821
3607 -9500 -8929 2356 8611 -3725 6394 -7570
-9500 -8913 2972 4215 8550 8384 -2487 -3816
7335 9500 -2245 -5203 -1009 -4049 3873 862
160 -1761 8501 9500 -472 1447 -5838 -7399
462 1789 9500 8994 -8676 -7915 -5956 -4809
9269 9500 -5826 -6402 -5177 -4101 9169 9413
2224 8393 -4728 -7331 8950 -3523 9500 36
-7618 -5935 -9023 3360 9500 -1928 8251 -4802
-7431 -5732 -2851 -584 9484 9500 -7029 -8326
-266 2219 -6046 -9500 -7967 -8422 -6202 -5731
8514 2067 -6443 6301 -7676 -4574 139 -9500
-3468 9500 7370 5456 -3828 9305 -3614 9424
-2404 6363 -7682 -7781 9128 1523 9500 4978
-2275 9500 -7647 775 7531 -1757 7684 601
-8342 5831 -9500 6837 7253 -4983 9482 -6858
9500 -7689 -6280 2897 6594 -7120 8115 -7782
-6183 6010 -4023 6968 5116 6305 9500 1754
7642 -2817 1940 9500 1308 -9062 6612 -4768
-7369 -4908 -4029 7850 432 9500 8187 1528
-7917 2671 2666 -9500 7897 1847 7779 2386
-6799 2595 -6116 -4505 -245 -9500 7020 161
-8834 -1359 -597 9500 802 -9421 -7120 -7980
-176 -9500 8290 -7644 9260 -1396 1607 8840
7491 -7128 -6548 6157 -9500 9272 4483 -4058
-8944 9500 -211 2159 3380 -1842 -6640 5837
9500 137 1361 -7993 -4374 6973 -2878 7599
-230 -7777 -9500 75 -8999 -2048 -6342 -5467
-9066 7499 -4470 5277 9500 -8314 -1958 218
-9500 -8645 -5923 -6127 5101 4215 -8909 -8023
-7912 -9500 -6621 -9418 5847 6197 -3459 -2833
4254 -6993 3909 -6555 -2668 2367 -7313 9500
-3048 -8618 9173 5527 -9500 275 -8842 -6016
-4999 -7479 -9383 1628 -9500 1117 -7384 -5756
-6499 -8741 -4657 7826 -9500 -1520 -7546 -7735
-5122 8637 -1579 -8286 1194 -9500 4010 6040
-6910 5635 -6095 -5868 -9500 -1291 -8059 4537
-9458 1484 2693 -7171 -8872 -6246 -9500 -5523
-5747 -5757 9500 9052 7689 7523 -4264 -3707
3827 -9500 3663 7286 -8390 645 -3852 -7128
1468 9500 4942 7651 7757 3761 8467 -2545
-3603 6201 -8244 3959 -9500 2693 9416 3473
-6870 2243 7131 5796 463 -9382 -3686 -9500
7282 3251 9500 7463 -5596 -7974 -2783 -6290
-2521 -2963 -6887 -6152 9500 6809 9276 6604
-822 9500 -7902 -4192 -248 -9401 6023 6526
-2846 -9053 -1032 -9500 -4749 7776 -8422 25
-1361 2771 4784 -6827 -7693 9500 -1536 2984
5766 -3068 8662 -7839 9500 -7470 7801 -5151
-4546 6704 -6712 -8755 8739 -2277 9500 6348
8862 6823 -6987 -4780 -9500 -6883 802 31
9500 101 693 9246 3611 8431 6696 6283
-2004 -9500 -7126 8676 5510 7259 8882 2715
8737 9130 -9500 -8272 3208 -8920 5078 -7573
-6649 -6499 -8934 7389 -2077 -9500 -6237 -6886
-610 963 -6197 8714 6203 -8721 6773 -9500
-1099 9450 866 -9500 3484 -8110 5740 -4488
-3587 453 -9500 -7027 -5205 -8235 2474 -1603
-5936 -8062 9200 4555 4305 8722 -9500 -3727
-3312 9500 -8767 2384 -8828 -6665 3991 -9012
4280 -7031 -8204 -6357 1066 9500 9066 3782
7535 9500 -4839 -6936 -6410 -8523 -3866 -3306
-2221 -8196 -7015 9500 5549 5656 9051 883
7159 -6253 4063 9500 -4271 9095 -8921 1967
6447 6835 -2372 -2614 3971 4018 9125 9500
-2662 -1156 5826 4777 -9500 -7049 -7527 -4839
-8924 6794 -8052 6560 -6982 5796 9500 -7371
4855 -6764 7950 -8482 9500 -8372 -6713 3609
9500 1770 9355 822 7010 -3361 -9404 -3322
-9441 1423 6305 -8293 8445 1913 -9500 2277
-5992 -7417 -3759 -4009 6629 9500 4144 4575
397 -2454 1973 -807 8618 9500 -9035 -9092
-4385 -6809 -5211 -7774 -7444 -9500 1730 993
-1076 -1971 9500 8524 -9091 -7587 -9111 -8327
-5150 -5848 -7792 -8036 9039 9500 8727 9120
-7124 -5086 -9322 6208 -9500 5952 -8653 -3294
7486 -4802 -9500 -560 -1354 7741 3407 7323
4022 -9317 4615 -8920 -7565 5880 -9500 1378
8318 -6324 7514 3136 -8073 -2095 2429 -9500
-6994 7316 9500 -3399 -9408 3989 -7465 7005
7636 -431 2008 -8282 -4638 -8965 2833 9500
-6234 -6374 -6589 -5785 1106 9500 7489 -1741
2852 -5873 -7765 8515 4710 -3531 8135 -9500
9317 -4837 9500 -3066 855 8498 -7739 7700
-2524 7408 9500 2531 2318 -7532 -7422 -8115
9500 -2581 1040 -8383 4319 -8251 8912 -4819
-6579 -7483 -6810 -9500 -6773 -9486 6436 9301
2571 -8124 -8792 4144 -6649 6569 9500 -1929
-542 1283 8562 -9500 -120 -567 -3095 2707
5227 -8781 -700 -9247 -8050 -4005 -2246 9500
-9500 -5543 -8752 -7695 -6022 -5949 1373 2765
-5109 8564 -2803 9500 8347 23 -5697 -5919
9500 331 9191 2089 7660 -4782 9104 -2315
-8011 6494 -8212 7657 -2995 3461 9500 -8094
8060 8668 974 1452 -8542 -8647 8909 9500
-9276 -6587 -9500 -6778 6043 4794 3107 2723
9500 -9355 9304 -9069 -1391 2457 -6346 5582
756 -9500 6503 5940 2692 8996 -7968 -2864
941 8215 -7381 -7294 -9500 -484 -4460 5917
9087 -1375 -8955 -4087 -4274 7246 9500 1456
9150 -9500 508 282 -5292 5911 7184 -7695
-4123 -2406 2921 3868 9500 8672 8937 7338
-2228 795 9500 -6316 5909 -4484 4860 -3840
-3192 -6939 9487 -1473 6921 3796 -9500 3835
6975 -6294 -9462 1407 2864 6022 9500 -2410
-2696 3567 2056 -2932 -6926 9500 -5133 6927
6215 4724 4040 2425 2000 364 9395 9500
9500 -1276 9320 866 6787 -6731 8642 -4437
-2976 9500 9257 -6965 -6571 -5291 -8663 -2835
-8688 9500 -3210 4923 8960 -8095 4855 -6418
6702 9107 -3353 -2822 -4765 -4786 -7446 -9500
8436 4 -4692 8042 4277 9500 8061 4251
-7179 4116 -9500 1431 -32 7045 -6618 4539
-3371 -3640 -8985 -9500 5955 6220 -2449 -2669
8598 -6141 -5061 -5384 -9500 1033 8811 866
-7606 -3157 -1622 9500 -7704 3715 -8081 -1165
6062 -5790 9500 -8787 3309 -2671 5215 -5039
-8524 7951 -9283 9500 -5837 7566 8292 -7605
3402 7007 9061 -6391 -3732 -6751 -9500 3088
3959 7102 6863 9172 8986 9500 -6523 -4160
-9493 6982 -7235 4786 423 -1258 -9500 7193
8893 6827 9500 7967 -3185 49 -2649 -5415
-3481 5147 -6260 9500 -3342 5306 5879 -8894
-2702 -684 6238 6316 -4793 -5304 -9500 -7619
9500 4874 -9331 -5179 -1665 8215 -361 8553
802 9500 8415 -4608 4181 -8584 -4364 8494
-4088 -6743 -1767 -9500 -4047 8974 -4850 -5207
-7022 2976 -2630 -1078 1098 -4290 9500 -5426
4100 -6103 -7055 4066 9462 -7684 9500 -7818
6881 8847 -7435 -4066 -9500 -9330 9487 7461
-1077 -1595 -3784 -5527 -6488 -9500 -5607 -8220
6371 5153 3067 9256 2472 9500 -6959 -2086
-5750 -3399 -9500 -7551 -220 -2389 4725 2353
282 7669 9500 4833 1786 -7214 -1668 -7808
-2650 2628 3812 -3908 -3757 4361 -8561 9500
7373 -2237 -914 9500 -6255 -3891 7218 -3430
4795 4041 762 -831 8510 9500 8136 8723
-7751 -7059 -4594 7261 2107 9500 6979 7798
164 6279 -9500 533 7985 -3939 5054 4992
9500 -1359 8817 -5716 -9253 504 -9158 5138
4692 -3413 7873 -9500 6975 -8764 -6791 5996
9077 4264 -9500 -2289 -9485 -2470 8628 -2046
-9500 8511 -8059 6874 8524 -7302 -3010 2969
-1940 -9500 6208 7666 -9210 237 -9264 -446
-6659 -7597 -37 -9364 3166 9500 -2170 8500
3014 9500 6987 6886 5879 -4800 -8200 -1782
9500 -2961 3202 7394 -8477 -1906 9337 -3987
3392 6511 -3917 -7170 5459 6433 5930 9500
9500 -1089 8915 802 535 8056 912 -8408
-7643 6770 -4223 9500 4940 9495 5150 -8969
-8533 -9500 8496 9445 -7803 -8558 -8492 -9439
-520 -8559 5784 7981 7721 7028 9500 -2811
8922 1503 7980 -5846 -4632 9500 6054 7368
-1265 8592 -2123 8168 -6849 -8216 3244 9500
-9500 6554 7347 -4351 8869 -7811 -8888 5881
2851 -1329 159 1491 -9500 9052 -8648 7935
-8077 1941 -1865 8889 -316 9500 8843 1127
6238 9500 4404 7201 -854 -279 1402 1097
7807 8336 9500 9177 -4676 -6209 -6960 -7808
9500 -6110 5249 -4763 1218 199 8917 -5640
-4120 8688 8580 422 7028 6382 -2759 9500
-8626 -3117 6722 7283 3156 9500 -6277 5684
9500 9432 -6919 -7572 -1817 -3633 7780 4518
-9500 -6625 -9193 -6302 -5177 -3121 3468 3019
9196 -3920 -9254 3798 -277 7529 9500 239
-8443 -8772 -99 -758 -7551 -8525 -9036 -9500
9500 -8306 8216 -6856 1600 -872 126 -632
607 -9500 5608 7347 4480 8101 -8027 -4745
5475 7039 5495 -9500 6853 -8388 8904 332
6074 9500 5590 9158 -7477 -4516 -1839 -6042
-1848 -8451 5851 7323 9500 573 7582 -4161
-1134 8471 -9284 243 9500 290 9184 7284
-6870 -4262 -9500 -1603 -251 6743 244 -6743
-9033 9500 -7118 7055 2754 -3780 9024 -9486
-2247 -9024 -6825 -8418 5176 8945 9500 150
9452 -1888 3257 6872 8368 2810 9500 -441
9500 -3751 463 9198 3139 -9018 4199 -8715
6970 -7219 8513 -9500 -3755 3375 -8471 9283
9500 7570 -7587 -7467 -6761 -3966 4303 5424
9500 7401 -5762 -4426 -786 -473 7362 5983
-828 5256 -6398 1743 -2173 -2648 7426 -9500
8776 9500 4311 1356 7339 5241 8115 6438
-5165 -8125 -1556 -4672 9500 8995 -7755 -6264
-9500 -1750 -5736 8670 8464 4076 7004 -7794
9500 -6232 8216 -4443 -5978 2016 -3771 -50
8708 7279 -5178 -2016 -8960 -7367 9500 7496
1264 -3393 9500 -8060 6449 -4146 -9179 9126
-3780 -7899 1082 9500 -6484 4305 -5817 -5039
-7886 3087 -1415 -7252 9111 -1286 9500 -331
5953 9500 -2185 -5294 -2883 -6184 4327 7904
2295 -9500 -621 9429 -3179 9402 -9078 367
-9500 -3815 8031 5348 -3348 -7239 -4699 -6949
-8359 -6900 -9500 -7620 -197 32 8075 6425
4422 -8925 -7104 -1972 -6896 4866 2193 9500
-957 9500 2373 9128 4669 8239 -8749 -4569
-2424 -1475 -2463 -2950 5978 4831 9500 8499
-6427 -4680 -9500 -5806 9339 5942 -2767 -2639
-7889 7809 9500 -7065 9045 -6348 -870 3153
-9500 8724 -8493 8110 -784 1649 7903 -7673
-5440 5709 903 -387 6954 -7119 -9500 9356
-1148 1416 -2753 2407 -7281 3936 9500 -6454
7519 -3492 -7893 2889 1731 9500 8791 6005
6445 -7175 -164 -8620 -9500 455 9009 -3956
6642 9229 -5882 5930 -7079 4373 -9500 -2717
8716 5770 7722 7326 -4072 -9500 9433 2583
-4862 -5957 6575 9500 6650 9261 5227 6555
-8451 2 4442 -8075 8132 4373 -2381 9500
-562 -9500 4042 9070 -8806 -5580 -5512 -8481
-2412 -9500 -7254 5319 7526 -4897 3145 -8847
8404 -8435 9500 -8721 4165 -425 -2520 5002
-9118 7357 342 720 532 558 9500 -7796
9500 8647 249 2396 -4718 -6064 9190 7524
4682 3071 3111 5090 -3135 -1337 -9500 -9399
-813 573 9500 7939 1581 134 -5535 -3884
-6538 7910 5051 -5004 2274 -3390 -8295 9500
-8354 -8459 9500 7016 -6904 7241 -6999 7146
-6427 7996 8677 -5736 -2422 -9500 -3922 -8980
556 -9500 9088 2237 9068 4981 -1062 9256
2910 -2050 7305 -7445 3339 -4846 -8510 9500
-3913 -6206 1404 1463 5887 8359 -6457 -9500
-8937 7145 -1768 586 9500 -8425 8280 -6493
-3683 9500 8368 -7237 7362 4297 97 9152
-8267 -202 -1132 -8966 2394 -7101 4307 9500
-242 9500 -5456 8964 -8006 491 -3077 -7672
-9500 -8953 -8005 -7548 8644 8145 9490 8944
1781 -1201 9429 -9500 -3408 2818 -1103 1632
-5443 -6294 9500 -701 5719 -6013 2869 -7203
-8115 4542 9500 -834 8564 -3616 -9491 872
-2630 -444 1308 -4887 7829 -9449 -7683 9500
8379 1455 4422 8385 1160 9500 7942 -2631
-8267 -5031 2062 -9500 5362 -7700 -9195 599
875 9500 -6772 8110 8864 5084 4098 8604
-8807 -1850 8716 -4729 9500 -2234 -4658 7986
8884 1959 -8891 5625 -9500 3355 -5720 -6911
7495 -9128 5409 -4678 8052 -9500 7883 -9399
-7304 3081 9433 -5869 9500 -8748 4045 -6513
7527 6501 4144 8197 -9500 -4649 9152 5056
-5627 -7591 -5872 -7398 -933 9500 1060 -9488
8716 6471 9020 -1459 8755 -2040 -2822 -9500
8224 -4992 5904 7512 9500 -1424 9476 -1583
-8304 -9500 -6112 -3889 8893 8812 -5461 -7975
4172 -5678 -4928 -6718 283 9500 3536 8574
-7590 -1610 7599 -6675 8230 -5155 -2028 9500
9500 -2825 8816 8253 8344 8587 7822 8895
1448 -8807 -5385 -9500 -5911 -9290 5732 -5632
-5706 -7895 -8985 5760 -4360 9500 6491 7268
-6036 3529 5807 -3302 9500 -8196 204 -2118
8671 6877 -5958 -3145 -9500 -7218 -3725 -3934
9500 4739 -8449 2967 -2647 6760 6916 6764
4448 -6049 -3522 4031 7156 -8681 7208 -9500
7435 -4083 5969 8634 -9500 -3062 -8397 -6364
-7932 9500 -1449 424 7888 -9490 5800 -5906
-3609 -9500 4864 -7676 8234 3552 -4534 7969
9500 -2507 -5402 7740 -8839 4929 -9486 1611
-7836 9500 -2926 4276 -999 2008 -7189 8331
8298 2842 8783 -4544 -5039 -8774 -6619 9500
-492 2887 6599 8060 9500 9185 -5804 -7590
1690 1881 867 2661 -7920 9500 1677 -4940
-4293 -6490 598 -2496 8468 6068 -9500 -8086
-9500 -85 -3000 -7113 6326 -5329 7183 -4626
-9500 2610 5319 -7052 3866 9085 1915 9254
6097 6178 5984 6057 -9145 -9500 9142 9496
-4244 823 -5681 8601 -4091 7418 9445 -9500
3546 -9217 9124 -6166 4207 8853 -1964 9500
6616 -4422 -8316 -981 1550 9500 8326 2008
9287 4047 -9469 2631 -9500 2569 -6370 -6815
9289 9500 5094 4572 -2463 -3417 8440 9208
8675 9495 -8678 -9500 3224 4072 8230 9225
-1371 -846 -1717 -460 -8737 9500 6614 -5532
-3798 -6829 7995 9500 6237 9119 -796 1587
6996 -8488 -4780 9500 5323 -9288 5705 -9125
4931 -5828 9454 -9443 9500 -9456 -9386 8900
8913 9500 588 944 2722 3239 3794 4387
-8553 6581 4545 -9500 7111 -7900 7204 -7826
-4270 -1232 -9500 -7967 1328 3409 -2781 88
-7501 -7443 -9500 -9093 9488 9222 1831 1443
-3889 3822 -7971 4938 -9500 6844 -8914 6705
-774 1687 1432 -175 -8824 6987 -9500 8200
3880 -3720 8020 -9369 8037 -9437 7954 -9500
8709 -7487 8416 -7144 -9020 9500 -4694 3108
3413 6209 -8002 -2889 -2861 -6420 9500 -367
1240 -9500 -9107 -594 -5465 8561 5981 -8252
8964 8026 2222 1130 -6004 -6419 9500 8686
-6879 4212 -9500 -273 2503 -6063 -3064 5934
3808 9485 -8756 3843 -7419 6837 -4759 9500
8350 -5327 6693 7557 -1136 9500 -4309 -8885
-6176 -8556 -5792 -8772 -4605 -9237 2509 9500
-9199 -1143 -5109 7372 9500 -2763 1905 -7963
-4588 -5632 -9500 5397 7010 3578 6206 -7986
6690 -8712 -7371 9309 4445 -5429 7345 -9500
-8597 7944 4012 -3699 -8196 7567 -9500 8776
-6472 -7381 717 -492 -558 653 -9500 -9403
5657 7911 8251 4573 3597 -8617 2174 9500
5407 -9500 -2103 4612 -5515 8425 3160 -6248
-3718 3272 -5441 5217 9050 -9500 -353 -436
-2984 5105 -8476 8853 4413 -6126 9500 -5034
-9161 9500 -6433 7133 -1326 1918 7467 -7509
6080 -9417 2772 9071 9500 -2329 7336 -8380
7726 -8302 8845 -9500 -5763 6186 1981 -2133
9395 -9500 8903 -8958 2656 -3013 4481 -4854
-1538 1532 -7860 9500 -7820 9487 -6186 7684
3714 -8393 6337 9383 -9349 -3633 -6168 -9500
-908 1112 1790 -1735 9098 -9500 -2317 2595
8454 4381 -9500 614 -1566 -9248 2280 -9073
-3987 8556 -7276 -2031 155 -9500 6732 3692
9302 3803 792 -9465 -1619 -9500 -2443 -9379
-7195 9500 3963 -3934 2063 -1049 -903 3185
-2168 -569 -7915 9500 -6818 9274 -3261 6468
-8028 -5864 4423 8640 -7244 5909 -9500 -2890
9500 8983 7357 7779 -8783 -7115 4415 2400
-7197 -7066 2264 1207 9453 8804 -9500 -8238
-4756 2671 -5341 3390 -8442 9500 7411 -6163
-2664 -3655 -7559 -5305 -1893 -69 9500 7875
-9500 -1875 -9484 -1960 7291 -4260 1202 7555
9500 8163 2563 1614 -6805 -6200 -9165 -7617
1033 -652 6066 6208 7926 9500 -5171 -4890
-9500 -1659 -8796 5382 2924 9368 5950 7464
-3956 8052 -4120 -9213 1514 -9376 3396 9500
4931 7243 -7311 9013 -9500 7109 7001 5470
-4478 -1803 -8243 -9500 -7785 -9235 7486 5353
-1273 -9441 -7394 -3949 -5473 9500 8859 545
3112 1076 -8080 -9197 -8490 -9400 -8989 -9500
-6329 6572 9500 -9135 -5764 4831 -9500 8838
-9476 5702 -7816 4720 9500 -5700 7529 -4548
-6074 5517 -6173 4381 9500 -8028 -3496 3522
-9500 -3233 -2870 -7420 397 -7906 -1839 7891
5448 -4407 5200 -4859 -6898 -3411 1419 9500
900 9500 7549 -6233 -2562 -9167 -4176 8738
1896 -2190 -1589 1854 8722 -9500 4254 -4763
-9500 892 6063 -5691 4110 -6387 -4237 -5569
7825 6919 1253 -177 2173 577 9500 7718
8260 -2144 6794 -5092 -2248 -9500 7960 5195
9500 2041 -9349 -3079 8813 -5116 9464 -2198
-4425 3420 -2223 1332 3664 -2692 -9500 8749
-2932 -3297 -4397 -5116 7844 9479 7860 9500
-9500 -8530 2082 1554 5507 4595 8061 7302
268 1435 -5983 4179 -7308 5625 -9500 8820
4741 6796 -9500 659 -8606 -3134 8591 -3714
-1503 -9500 3204 8730 -7450 3197 -1970 -9342
-349 343 -6736 6349 9500 -8963 4903 -4617
-9157 -4996 -9500 -4189 1933 9097 6315 7969
-5618 9500 8932 -814 -8811 5767 -7476 8139
-6551 -8958 4916 -9500 9077 -210 -9047 -2457
-6857 3108 8250 4243 9486 1955 9500 1844
-9500 7152 -2619 2772 -8260 6637 -9455 7209
7099 -6145 8686 -1280 1837 -9500 4804 -8387
8253 -6278 9248 -9500 -8863 7403 -3332 6563
2021 2183 1173 1025 -9479 -9500 -4363 -4245
-58 691 6670 -4227 3066 -2773 -9500 6729
-2689 -5964 -6510 -9500 -6495 -9470 62 1890
-6725 4292 -406 -1657 8502 -8471 -9500 7448
9071 870 6660 -3756 446 9497 7085 9500
-5055 -7600 3947 -9500 6989 5216 -5067 8870
8590 9500 6647 7251 -5901 -6423 7342 8146
-7574 7140 -6454 8363 -7510 -9500 -7538 -9474
9500 -8159 -9366 8097 -7566 6041 556 -1110
628 -8718 1900 -8268 9500 -2293 -5622 -9205
-8400 4430 7353 -5902 -7450 -6727 -9500 1768
-9500 -6880 5552 2578 -1215 -2842 -5342 -5621
4076 -8384 8893 -325 3339 8863 140 -9500
-8016 -8509 1549 2704 8570 9500 -8309 -9438
9387 8956 -1462 -229 -9353 -8257 9500 8450
8506 -4513 3256 -8494 -6769 -9500 -8427 4602
6297 -5379 4626 -4888 -9500 8899 -5361 5543
8204 4371 -2531 -6834 4111 -5846 9500 2214
-6138 -7942 -7343 -47 1091 -8807 -542 -9500
-3886 -3373 -1280 -1780 9500 9077 4898 5343
2583 9500 6436 5038 -6592 -4358 -4550 5569
9036 3920 9420 -3406 -3821 9439 -3666 9500
8988 -3626 6362 -8066 -9500 675 6118 8162
9500 -6538 8734 -7447 6826 -8752 6711 -8804
4672 6277 -1410 -1408 -7262 -9500 5859 7759
-3892 1016 -8484 -4793 7838 3823 6520 9500
4729 -9500 -6694 -6498 -8236 7954 4617 7898
-9267 1169 -6655 -6830 7614 5568 2709 9500
2826 9052 8799 -6487 -8048 -5638 -3511 9500
1874 9500 -8218 4051 -6936 -6154 6370 6829
560 -822 -3243 3412 7139 -7778 8664 -9500
-6962 7321 -4914 9500 2441 7563 3866 6093
-282 -1472 -6128 9500 -6093 8153 -3346 3227
-9500 6024 5720 -2937 -1298 1920 -7681 5782
7410 7905 -6244 -8743 -7634 -7714 -4121 9500
-8771 -4561 3966 8130 9500 718 -8409 -5164
8710 -7155 8091 -6972 4545 -1186 9500 -7175
5559 -3320 -6771 4642 -7036 4936 -9500 7815
-8580 -6955 4342 1491 8693 5349 -9500 -6300
-4326 8338 4477 8161 9500 -569 -6457 6907
9424 -1241 -46 -9354 -9500 -1167 9183 2798
-4748 -5022 4522 4071 5543 5798 -9347 -9500
-9500 -2575 -5321 8691 8965 -5176 -6769 -6709
9500 5524 8465 -4103 5974 -6762 -7451 -7903
8043 5434 -7433 -5173 -9500 -6521 9192 6255
7113 -6486 1879 -9500 -6369 -5946 -7220 -4771
-7135 -7043 7726 -5107 9500 -2020 -6396 6445
5671 6855 -9298 -7488 5730 2959 9500 8168
-5879 -6703 -7750 -9500 7587 9367 2817 4019
-5299 -6658 -9500 -6407 2179 4795 9331 7785
-2526 982 -4507 5626 9500 -8950 2114 -3476
5849 2364 1473 3279 -5439 -2001 -9500 -6606
5764 4636 -161 292 -8329 -6984 -9500 -8165
-8175 5584 -9500 -550 -9393 -1143 3516 -8986
9500 -5482 -6834 4312 -9443 5360 -953 -4
-8993 7563 3120 -1123 4942 -2638 9500 -6878
9500 -8366 587 108 -6735 5515 6793 -6451
2477 9500 -1497 9191 -7013 -5723 3261 -8259
-8567 9060 -9500 8280 -4265 469 5028 -1300
-8605 7980 8597 1126 9500 -5444 -5916 -5625
-9025 7451 -8937 7315 -6762 4435 8511 -9500
-9500 3809 -8228 6014 9383 1806 -2606 -8270
5736 7251 -1878 -4093 -8316 -9179 -8776 -9500
-6790 5510 -8499 8025 -8468 9500 5747 -7683
-3793 -3377 -462 -1436 -8084 -9500 -6829 -6956
-9500 7363 -1063 -1602 3638 -847 -7277 8389
2640 -1431 4750 -3621 9375 -8880 -9165 9500
-5986 5233 4965 -7110 7719 -9500 -8690 9356
-9496 6128 -5623 9433 2185 -9500 -2138 -7898
-8203 -4884 6511 7272 8904 2660 -962 -9500
7130 -9435 7330 -9500 5285 -5644 2230 -1397
1389 -8417 8995 2966 9500 -434 8189 -4211
5098 -378 -7378 -9223 -7875 -9369 -8493 -9500
-9500 -3040 -1921 -8883 8650 -3365 -9075 2501
5578 -7169 5488 -7272 1304 -9500 -429 -9453
4591 -4541 -3380 3259 837 -766 9500 -9304
3080 1639 -9500 -8053 -6703 -4894 4473 2864
8812 9500 7919 8415 503 279 -2080 -2496
-6834 5360 -6898 -9216 9357 -455 6476 9500
-9097 5449 9500 -5884 5479 -6931 3730 -5688
8984 -9247 8573 -9500 2905 -4551 -5135 6694
-6315 -7925 3637 3271 8976 9500 4561 5990
6958 -6128 -2079 9500 -4713 8042 -6418 6660
-9500 6799 -7221 5304 -3330 2566 -939 863
-266 -1940 -2524 656 -9500 9194 5525 -4216
5828 -8485 -2469 -8333 -8587 321 -712 9500
1451 -8993 -4254 -6701 9500 1633 5861 -9090
3686 -8177 -8573 -3698 1949 9500 8885 1969
-6944 6272 -9442 7694 230 -1205 9500 -7628
5409 -4259 -6574 5991 6843 -9497 6846 -9500
-9500 3373 2858 -7464 8584 -4866 -4332 7241
-7671 4162 -1593 9323 9500 -1364 3616 -8052
8102 -7839 9124 -8417 9500 -8372 -4592 5213
9500 8092 9254 7927 -7287 -5678 -7060 -6293
-9494 9116 -9300 8799 9500 -9214 6150 -5281
9500 -1813 -2797 -8101 -7844 -5798 5285 7420
-3298 797 1911 336 -7030 6608 -9500 7492
9451 896 -3490 9476 -5220 -8316 9500 -696
6127 -8789 4593 -7262 -7161 9500 -4372 7025
9500 3529 -5266 6870 -7455 -6126 8740 -3784
-5212 3522 -969 2194 -4928 5539 -9500 8665
-9121 -7739 4545 5715 9500 8501 -3386 -4768
2379 -5744 3470 -6693 -3091 6368 -9500 7415
9476 -438 1712 8879 -9500 1578 9051 -3977
6618 -5120 -985 2522 -9197 9500 -785 -830
181 -9345 -9500 4686 2420 8999 2380 -9201
9500 7462 1674 -1743 -440 -3649 -3858 -6403
3044 -5595 8950 -9500 -5923 8406 -7240 6685
4950 -7274 605 -2345 115 -1760 -8329 9500
7414 -4981 9500 1788 -8788 2747 5430 -6858
7062 5933 -1265 -9500 -7482 -2133 37 9141
-8001 -6214 -5800 -4463 2440 2025 -9500 -7419
-6190 4855 -8207 9500 5412 -4038 -5093 3705
-3924 -9163 7942 -5679 2332 -9142 -2283 -9500
-9500 2089 -4572 7874 6603 -6420 -7145 -7065
9009 6110 -2305 -2139 -4657 -3742 9500 6810
6659 5774 -9500 6 -8974 1211 -7501 3079
8252 7378 -8569 5966 -9500 -5008 9429 -4167
7639 7035 9249 8493 9500 8719 -7202 -6543
1101 16 446 914 6621 -9500 5972 -7214
7518 7505 9500 9250 -3614 -3217 4157 4330
-7562 8682 -7662 8603 2434 -9481 -5857 9500
4830 5254 4006 4288 -8197 -9500 8066 9368
9500 3712 -746 -9101 -3026 -9143 -611 8833
8703 -5030 -8409 5601 -8883 4613 -9500 664
9500 9430 1263 4017 -4428 -858 -8207 -4636
9500 6966 9104 6697 3285 2295 9104 6623
299 8897 9250 1401 4839 -8370 -9500 2904
555 -9500 6388 -8428 6156 5071 -7893 -2251
-2422 8073 -4879 6158 -2198 -9500 5683 8641
7033 3879 7251 3381 199 -9500 -3629 -8037
1328 309 9235 8565 7068 7423 -9500 -9246
-3154 -7412 3669 -7093 -7576 4524 -9500 -447
9500 1841 4509 -8587 1307 -9451 -8939 4162
-9500 5021 -9021 4339 5526 408 357 6826
2043 -1225 6388 -8435 6169 -9500 -4807 8061
9500 3994 -7021 -7945 -4376 -9288 4082 -7691
4418 -7236 3791 8968 2775 9402 576 -9500
9500 8742 7221 8479 4854 7024 -9081 -7121
7675 5229 5629 7056 3514 -9445 9500 2587
6472 9414 5190 4039 -6988 -9500 4432 7986
-8702 4192 -9500 141 124 -8920 4264 7680
-8197 -9215 3418 3541 8142 9148 8114 9500
7795 7559 6108 9500 -7724 -7657 -6683 -8918
6131 -6285 -7902 9342 -5755 5754 7728 -9500
-381 -9060 -1787 -9500 -4279 5337 6613 -1369
-8283 9500 4782 -6062 -2509 3693 -7753 9009
-9452 -2237 8079 -2927 789 6649 -9500 -2084
8889 -5945 9500 -6471 -5808 4282 8823 -5893
2906 3820 -4927 -6831 5816 8020 6946 9500
9500 7706 -1016 -5587 -7275 -9064 8181 9167
5058 -7205 9500 1667 -2133 8136 -9417 -1947
-8834 9500 -7410 7571 1505 -816 -4038 5110
-6441 4636 9500 -7998 6500 -4694 2942 -1310
-7284 -9288 -8905 -8545 7956 9500 8569 9478
6446 -3758 1030 -9500 -6130 5039 4903 5166
7237 6303 -1050 -305 -7287 -5480 -9500 -8029
-6514 -8924 -8798 -9500 8174 7067 -4861 -7749
7590 2280 7170 -6099 5948 -7918 1474 9500
7183 -9486 1760 -4148 -7145 9500 4517 -4259
5460 8303 2167 -8866 -5046 6799 -339 9500
4455 8920 8216 5787 -9500 1822 2920 9449
5871 5401 6537 -5403 9500 -962 9085 1851
-2686 8503 -5744 5599 6032 -5157 491 9500
-5300 -5109 -7395 -8328 -7944 -9500 -3904 -3185
-9500 -2070 -7961 -6758 -5242 -9471 -6068 7516
-7157 5440 -6517 5094 9159 -5751 9500 -6276
-3864 2057 8297 -5423 9500 -6016 -6924 4075
5037 8676 7351 6279 -8361 -401 2830 9500
-815 4399 -1338 4955 -113 -3376 7999 -9500
9355 3271 -9500 -1714 -6297 4627 9110 4077
-4086 -2980 5009 3871 -82 -964 -9500 -9374
-2562 7692 -5103 6362 -9500 -39 519 -8270
-6933 -9500 1663 4655 2461 -453 -4005 -6890
-6148 6983 -8252 9500 6425 -7685 -1784 1838
-5642 -7985 6984 5960 -3910 9500 -6085 7348
8365 -6747 -92 -9294 371 9267 9500 -5516
9500 8736 7471 8317 7143 8097 -9123 -9162
9500 3825 -6606 5642 3052 9373 6375 8181
-5493 2565 -8345 6282 -5321 9500 3501 -7670
-2595 621 -8860 9500 952 970 9235 -7621
2011 -9500 -4661 -6279 -6052 7467 5911 4592
5326 9196 -9430 2349 8687 -5495 9500 -188
9500 9433 4745 4745 -2129 -2090 -7768 -7705
-9500 6886 3708 -3323 5944 -4819 5656 -3444
9500 -652 -8423 -3412 984 -6438 7510 -3805
8127 -8465 -9500 -1858 -8508 7822 9354 -5806
8415 1258 8397 583 32 9500 4430 8704
8791 -9331 8621 -9223 3486 -5472 -9062 9500
4542 -6959 -2443 1762 -5741 6454 -7254 9500
8998 2023 -2151 -8691 -9500 -774 1123 9097
-7770 7089 -8850 5844 -5846 -4136 9500 -2598
-8662 -7823 -9331 -8814 -9464 -9500 9026 8332
-175 -9500 4435 -7760 5119 -7243 -6431 5969
-6424 -5395 5380 -9500 7817 -7946 746 9323
6834 -8024 -8244 7369 -8406 9500 -1417 2723
9469 -9052 705 -4117 -5184 1938 -9007 9500
5936 8053 6402 -7997 -288 -9500 -7174 7542
-4281 2344 -7450 8105 -6132 7140 9500 -8828
-8581 869 -1346 -9500 4020 -9172 2022 9258
-8228 3397 4167 -7197 -474 -8659 -9500 302
6144 5657 -6900 -5493 -7006 -5590 -9500 -8048
-8519 9412 -8510 9500 -6122 7619 -8197 8761
-6189 -3890 -9500 -7637 7878 5597 9390 8077
2781 9500 8268 13 -8088 -4819 -8367 -597
3482 4412 7955 9493 8032 9500 -1057 -947
9500 8054 7338 6131 6183 5146 608 611
2811 6771 9500 -2981 -568 -7662 1150 7474
-2536 -853 -4847 6609 8889 -6220 9500 -7980
-6904 8737 -3593 9500 9426 -3691 9053 -6124
-7895 3734 6256 4903 9500 234 -1602 -6471
-5248 -7323 1433 4364 -1456 1791 -9500 -7539
-4553 7808 -708 -9315 677 -9500 3379 7854
9500 -6104 -8582 7636 -7031 4000 -2155 102
-9500 -2141 -4819 -8845 9289 571 4070 9014
-9380 -7463 -9500 -6336 -8549 -5419 -7186 -6267
8922 -7960 -1572 2594 -8072 8157 -9500 8924
2167 -7399 -4058 6446 9500 -761 4770 -5999
1310 -1901 3888 -7386 -5190 9500 -2868 5616
-8114 -9500 4448 6427 8310 8142 7837 7427
8537 8528 9065 9500 -4160 -3677 -7474 -8111
3682 -9500 7049 -4412 7358 4241 5393 8306
5699 2895 9500 8038 -303 -2766 3516 695
-8750 -3961 -4950 7215 9500 -1235 -3006 -8285
-8691 1613 -7101 5541 -1948 9500 -5565 -7980
1765 -4245 -2353 1598 -6371 9500 5090 -5976
1379 -9098 6312 -1710 3177 9075 -2201 -9500
-6631 6101 -7773 4698 -9500 -619 -8867 -4056
-8050 -3505 -4768 -9500 8037 4642 -559 8570
806 1976 -3573 5321 -4264 1082 9500 -7610
5291 -5614 536 9500 6260 2263 6421 -1319
5234 4296 -8310 -6559 6368 4481 9500 7423
-9179 2007 -9162 2046 5618 -7116 -6953 -9500
7505 6705 -8137 3713 -5931 6884 3815 9500
9500 -1784 6856 8940 -8864 3484 8806 -3610
-2280 8971 358 9500 8775 -1049 1087 -9315
-412 1335 3966 -2605 5806 -5894 -9500 8153
-4783 6213 6854 -9500 2088 -2016 -196 1483
-2113 -6182 6518 -5599 9500 -2678 -5443 -4883
-7859 -9500 6987 7961 -3955 -5821 -7471 -9455
-7630 8792 -3171 -6042 -8966 1885 -9500 5384
-4885 886 -2953 6325 7751 -4332 8294 -9500
3981 6816 2740 7143 3809 -6671 9500 1158
850 -8985 2966 -8455 9500 -891 -5496 7124
2088 -8194 -9302 841 7966 5494 9500 678
-8595 -5588 6913 5474 9500 7007 -1968 -2192
-9500 -6443 7157 5456 4463 3881 -4682 -2244
1352 -8281 -7847 -2796 -5217 8184 9500 -256
-5554 -9500 -558 9072 6999 8693 7561 8187
3667 -8778 4761 9500 -3160 9219 -7690 -3452
5579 8197 9500 9423 1394 -2042 -5048 -7811
-8963 -6840 4932 5942 -9181 -8640 -9500 -7570
-7423 7259 2144 -1060 -6888 8743 -7637 9500
-8752 -2929 9500 565 9248 -2267 8954 -3034
7412 5258 -6341 7532 -8959 4462 -9500 2990
3832 2574 4745 6848 -7745 -9500 -952 -2916
-4951 -3135 9500 6361 -5888 -4202 -8439 -5585
5158 -4296 5975 -5178 6734 -6012 9220 -9500
-9500 -6673 9432 6557 -1027 -2232 -6168 -5610
5870 -9307 -9500 -2648 7432 8018 7504 -7262
7398 6458 9500 8358 -3561 -3161 3822 3315
-279 -7721 -8648 3766 -9500 -1977 -8950 -3165
-644 9500 -5366 366 5357 587 5262 1850
-3569 7577 -8859 1535 -4581 -8869 9500 3203
-2834 -9364 -9295 -4380 -7141 1874 3760 9500
-9170 -444 7318 8258 -5825 -9195 -9500 -2570
8999 -2462 8763 -2903 461 8301 9500 3060
6577 -2193 -815 9500 -1517 9475 5878 -5558
-8836 470 8654 1065 -3999 9500 -7400 6450
9500 3066 -6669 -8824 7514 7714 7617 7559
3801 -8306 8490 -4364 9500 -1797 -1649 8894
-7165 -4320 -9500 -8458 5217 8805 -2818 1195
-3332 7577 -7879 -5492 -2729 -9500 6761 -3677
-8444 -2244 -3288 9500 8135 -304 5419 -6969
-9500 9321 -5607 3363 2096 -3993 9305 -9261
-4697 1376 -8298 5370 -7498 9500 -2402 5416
2663 -7900 -9500 2185 -3568 7665 9431 2028
-5059 9500 -6574 8718 8825 -6730 6500 7678
-8952 3116 8729 3346 6123 -6874 -9500 218
-9198 4658 7304 6916 9500 4120 -5758 -8045
-5671 3607 -6248 1193 1353 9500 -4531 6073
8828 9500 3583 4941 -113 1023 1310 291
-872 -7386 9500 -300 -2478 7016 -8752 2561
-7730 7624 -782 1827 -6542 7595 -8761 9500
7489 6065 9322 8165 7434 7575 -9500 -8413
3058 -2754 -6539 9500 -393 -1105 6743 -9108
2268 940 9500 8609 -5559 -5974 -551 -1648
6916 8052 -7833 -6551 -9344 -9452 9500 9260
-734 -9334 4467 -9500 7331 -6610 -7121 7013
-1036 -9500 -9477 -2433 -7620 3671 -602 9137
-9500 8156 3085 -508 8248 -6354 -8890 7227
-3808 2169 -8452 9471 2147 -149 8448 -9500
2904 2227 8347 6520 -2702 -2069 -9500 -7474
-8352 -9500 7005 8439 -6458 -7964 -7472 -8829
6447 -4925 9500 -783 -9347 -2628 -4162 -6826
-8477 2620 -2234 -8769 -6984 -7773 -9500 688
4799 -7065 -215 1476 -6856 9500 -7562 8466
-3968 3710 5859 -2642 9168 -5423 9500 -6035
-4877 -6468 2636 2791 -6403 -9500 -6176 -8887
8159 -1128 -5386 -4826 -6754 -2697 -4568 9500
6874 5008 -3240 9500 6132 -7857 7827 -5561
5331 8367 7965 3681 7147 -3760 -1482 9500
-1638 7966 7856 7502 9500 1753 2604 -7459
-9500 565 5203 -8191 7868 -5686 -9422 1653
6673 -9500 -4019 5688 -5428 7702 125 -137
-4171 6698 -7930 9500 -5089 2821 1561 -4309
6167 4784 4255 2743 -2061 -3483 -9500 -9500
8224 -4906 -8859 -4442 -9500 -2144 -3670 9258
-1725 -407 9500 -6831 -6608 3835 -5333 2669
-6460 6132 3750 -3333 -9500 8892 -7654 7224
7935 6054 9500 7988 -46 905 -6827 -6322
-9208 -9417 -9217 -9500 -7447 -8328 -4379 -3508
7575 -7176 6415 -6322 -5711 5783 9500 -8237
7959 -7397 -4677 -6039 -7638 7713 9500 -3499
5185 8830 2954 9487 -508 9500 -9288 3099
-6957 -790 -4386 -8636 630 -9500 6054 -3346
2910 8997 508 9500 -6232 705 3751 -6833
9480 -5856 1880 -1641 -8619 5160 -9500 5882
-6810 8151 -7073 8314 -9003 9268 9500 -9354
-3597 -2232 7860 8840 8195 9500 4783 8148
-2202 -9500 6957 -5416 4416 8829 -4807 7588
-5852 -8647 -1485 561 -6868 -9500 -6121 -8886
-7220 -6354 -9500 -62 -9325 1452 -6973 6079
-9198 9500 -8001 9222 -2495 3818 878 244
9380 -5641 9159 -5950 2747 -8866 -9500 -1730
5502 5842 2990 -8165 -2731 -9500 -3858 7089
-7109 -4375 9127 6862 9500 6993 -9391 -6962
-1694 4652 -7624 5170 6910 -8601 9500 -8293
4384 4812 9349 7901 -6911 -6897 -9500 -8069
-625 -9500 9322 -784 -7520 6213 -8106 5327
8374 2653 -1424 9500 6883 -3450 7275 -2566
-5725 -8055 8825 -3269 8016 -5077 2848 -9500
-7625 -3871 -9500 148 -9360 3144 -9050 4001
6522 8606 -8281 -8894 -3953 -6240 7771 9500
4992 -4999 -9500 8088 -7297 6650 -6270 5926
7374 -9500 3392 -2293 -8335 9195 -979 -640
-2444 -8870 820 9500 -8852 -714 -3382 -8353
-7618 -9500 445 -1027 7936 9310 4067 6170
9500 1196 9442 723 4160 -5448 -7857 -5153
-5136 -7357 1964 9500 5288 7180 5773 6548
8204 9500 8189 9450 296 -1929 -2712 -5387
-3703 5116 357 -1071 7640 -9500 6315 -7418
9500 -2850 4521 6485 -7067 6066 3165 -7666
2540 2010 9237 9500 3891 4575 -7480 -8067
9500 -8336 -9496 8214 -9386 8404 -7292 7245
-7113 4675 997 -9500 -3727 -8981 -8085 -3618
9500 846 -8810 -4956 5449 -7332 9433 55
6878 2547 5047 7956 7303 9385 9500 5679
7489 6580 3421 -8611 -2149 -9500 -8168 4193
-6018 -7219 9500 2197 2282 8679 1986 8724
5668 -9500 7754 -7185 2879 8857 -8706 4412
2357 -9500 -945 -8633 -7572 6178 -488 9193
