alpha,beta,final_error,iterations,convergence_rate,optimal_value,errors,trajectory
0.1,0.1,1.3011813848606835e-13,53,0.5273086959514728,2.559266696658377,"[np.float64(47.29850992082298), np.float64(4.660383805312163), np.float64(2.070459671387918), np.float64(1.3475378751667373), np.float64(1.015312068396331), np.float64(0.8328670693540796), np.float64(0.5773069710930145), np.float64(0.35177070659902476), np.float64(0.1501081378679192), np.float64(0.05062010396383165), np.float64(0.02003197968158066), np.float64(0.010033109802670914), np.float64(0.0054571241785748015), np.float64(0.003013351157597821), np.float64(0.001667416858450288), np.float64(0.0009229609406062877), np.float64(0.0005109363485016338), np.float64(0.0002828602489692855), np.float64(0.00015659893978181572), np.float64(8.669862780408266e-05), np.float64(4.799977843106262e-05), np.float64(2.6574691752934143e-05), np.float64(1.471290201759956e-05), np.float64(8.145712181217846e-06), np.float64(4.509829432564061e-06), np.float64(2.496843711341512e-06), np.float64(1.3823649149813377e-06), np.float64(7.653394513695844e-07), np.float64(4.23726400633484e-07), np.float64(2.3459402864745016e-07), np.float64(1.2988182174211715e-07), np.float64(7.190842188364854e-08), np.float64(3.9811732577277326e-08), np.float64(2.204155791218909e-08), np.float64(1.220318690542399e-08), np.float64(6.756220916059874e-09), np.float64(3.740534992857647e-09), np.float64(2.070914995044859e-09), np.float64(1.1465379756714356e-09), np.float64(6.347611325452363e-10), np.float64(3.5141844989539095e-10), np.float64(1.9454748922953513e-10), np.float64(1.0769607428073869e-10), np.float64(5.961142690580346e-11), np.float64(3.298961104292175e-11), np.float64(1.8250734257208023e-11), np.float64(1.0090595026213123e-11), np.float64(5.572875494408436e-12), np.float64(3.071320975323033e-12), np.float64(1.6866508190105378e-12), np.float64(9.197087535994797e-13), np.float64(4.951594689828198e-13), np.float64(2.602362769721367e-13), np.float64(1.3011813848606835e-13)]","[array([1., 1.]), array([ 0.50807966, -0.47839978]), array([ 0.44677106, -0.29962433]), array([ 0.41205011, -0.21264131]), array([ 0.38496738, -0.15672892]), array([ 0.36153594, -0.1178184 ]), array([0.14838551, 0.16342002]), array([-0.00926002, -0.15783617]), array([-0.11771273,  0.10648826]), array([-0.18507611, -0.05032581]), array([-0.2283048 ,  0.01805039]), array([-0.25885477, -0.00535901]), array([-0.28135121,  0.00137893]), array([-0.29805637, -0.00031618]), array([-3.10478149e-01,  6.60569923e-05]), array([-3.19717944e-01, -1.28150176e-05]), array([-3.26591846e-01,  2.34537769e-06]), array([-3.31706048e-01, -4.10239021e-07]), array([-3.35511189e-01,  6.92977536e-08]), array([-3.38342410e-01, -1.13981624e-08]), array([-3.40449012e-01,  1.83725541e-09]), array([-3.42016465e-01, -2.91655417e-10]), array([-3.43182759e-01,  4.57696039e-11]), array([-3.44050565e-01, -7.12091029e-12]), array([-3.44696275e-01,  1.10075750e-12]), array([-3.45176730e-01, -1.69337636e-13]), array([-3.45534224e-01,  2.59505940e-14]), array([-3.45800226e-01, -3.95881433e-15]), array([-3.45998150e-01,  5.93100072e-16]), array([-3.46145421e-01, -1.17442664e-16]), array([-3.46255001e-01,  1.57840990e-17]), array([-3.46336536e-01, -2.86248220e-17]), array([-3.46397205e-01,  6.01930200e-17]), array([-3.46442347e-01, -6.42036147e-18]), array([-3.46475935e-01, -6.42036147e-18]), array([-3.46500928e-01, -6.42036147e-18]), array([-3.46519524e-01, -6.42036147e-18]), array([-3.46533361e-01, -6.42036147e-18]), array([-3.46543657e-01, -6.42036147e-18]), array([-3.46551318e-01, -6.42036147e-18]), array([-3.46557018e-01, -6.42036147e-18]), array([-3.46561259e-01, -6.42036147e-18]), array([-3.46564415e-01, -6.42036147e-18]), array([-3.46566763e-01, -6.42036147e-18]), array([-3.46568510e-01, -6.42036147e-18]), array([-3.46569810e-01, -6.42036147e-18]), array([-3.46570778e-01, -6.42036147e-18]), array([-3.46571498e-01, -6.42036147e-18]), array([-3.46572033e-01, -6.42036147e-18]), array([-3.46572432e-01, -6.42036147e-18]), array([-3.46572728e-01, -6.42036147e-18]), array([-3.46572949e-01, -6.42036147e-18]), array([-3.46573113e-01, -6.42036147e-18]), array([-3.46573235e-01, -6.42036147e-18])]"
0.1,0.2,7.549516567451064e-14,48,0.5072171149994377,2.559266696658322,"[np.float64(47.29850992082298), np.float64(1.7641739199042759), np.float64(0.9372596538247846), np.float64(0.48363420652637323), np.float64(0.14265648284888854), np.float64(0.09410277075311857), np.float64(0.034664150317526676), np.float64(0.01954321007113613), np.float64(0.011196714623008752), np.float64(0.004956242845106651), np.float64(0.002940445172663786), np.float64(0.0015622461838100676), np.float64(0.000736187486347184), np.float64(0.00044747618658114163), np.float64(0.00022667650683017015), np.float64(0.00011041106452669425), np.float64(6.829018726950409e-05), np.float64(3.332468034322744e-05), np.float64(1.6620772031572528e-05), np.float64(1.240067416574675e-05), np.float64(4.933248478167229e-06), np.float64(2.507571305709888e-06), np.float64(1.8081746682163669e-06), np.float64(7.316763710463192e-07), np.float64(3.788112703517754e-07), np.float64(2.6413343201525663e-07), np.float64(1.0868657884799404e-07), np.float64(5.729489815919919e-08), np.float64(3.863448272412029e-08), np.float64(1.616778000368413e-08), np.float64(8.67573657359344e-09), np.float64(5.657442070372554e-09), np.float64(2.40835351661417e-09), np.float64(1.3151311151204936e-09), np.float64(8.293339348597328e-10), np.float64(3.5921576824193835e-10), np.float64(1.9954704555402714e-10), np.float64(1.2168488439101566e-10), np.float64(5.362910115991326e-11), np.float64(3.028644002256442e-11), np.float64(1.7851942146762667e-11), np.float64(7.994938044930677e-12), np.float64(4.5785597535541456e-12), np.float64(2.5992541452524165e-12), np.float64(1.170619157164765e-12), np.float64(6.705747068735946e-13), np.float64(3.561595462997502e-13), np.float64(1.4921397450962104e-13), np.float64(7.549516567451064e-14)]","[array([1., 1.]), array([ 0.60646372, -0.18271982]), array([0.47299697, 0.04668797]), array([-0.00077506, -0.1981716 ]), array([-0.05004797, -0.06143133]), array([-0.0820229, -0.0231477]), array([-0.21982338,  0.04637199]), array([-0.2333968 ,  0.02204488]), array([-0.29207745, -0.03485801]), array([-0.29795483, -0.01786974]), array([-0.30301116, -0.00922346]), array([-0.32541813,  0.01297007]), array([-0.32762357,  0.00686588]), array([-0.32957468,  0.00364225]), array([-0.33829159, -0.00489109]), array([-0.33914499, -0.0026191 ]), array([-0.33990706, -0.00140356]), array([-0.34332165,  0.00185095]), array([-0.34365535,  0.00099549]), array([-0.34515021, -0.00130417]), array([-0.34529631, -0.00070252]), array([-0.34542718, -0.00037848]), array([-0.34601414,  0.00049429]), array([-3.46071468e-01,  2.66457669e-04]), array([-3.46122887e-01,  1.43647483e-04]), array([-3.46353605e-01, -1.87370682e-04]), array([-3.46376133e-01, -1.01036009e-04]), array([-3.46396349e-01, -5.44827600e-05]), array([-3.46487074e-01,  7.10318068e-05]), array([-3.46495932e-01,  3.83068947e-05]), array([-3.46503882e-01,  2.06587634e-05]), array([-3.46539563e-01, -2.69287104e-05]), array([-3.46543047e-01, -1.45230930e-05]), array([-3.46546173e-01, -7.83256434e-06]), array([-3.46560207e-01,  1.02089893e-05]), array([-3.46561577e-01,  5.50597160e-06]), array([-3.46562807e-01,  2.96951617e-06]), array([-3.46568326e-01, -3.87036305e-06]), array([-3.46568865e-01, -2.08740124e-06]), array([-3.46569349e-01, -1.12579773e-06]), array([-3.46571520e-01,  1.46730824e-06]), array([-3.46571732e-01,  7.91364880e-07]), array([-3.46571922e-01,  4.26807722e-07]), array([-3.46572776e-01, -5.56277228e-07]), array([-3.46572859e-01, -3.00017898e-07]), array([-3.46572934e-01, -1.61809150e-07]), array([-3.46573270e-01,  2.10892587e-07]), array([-3.46573303e-01,  1.13741088e-07]), array([-3.46573332e-01,  6.13441931e-08])]"
0.1,0.3,1.0746958878371515e-13,18,0.20140136887201512,2.559266696658354,"[np.float64(47.29850992082298), np.float64(1.8359622916970695), np.float64(1.008707058982071), np.float64(0.3131733992892807), np.float64(0.020044591679214463), np.float64(0.0026761908499004505), np.float64(0.0012247899671651297), np.float64(7.973128297944498e-05), np.float64(1.91665933089169e-05), np.float64(2.4838602339372073e-06), np.float64(2.662551761289933e-07), np.float64(7.88115466221484e-08), np.float64(5.332556618498074e-09), np.float64(2.513267371995198e-09), np.float64(1.4422463223695559e-10), np.float64(6.03250782660325e-11), np.float64(4.366729200455666e-12), np.float64(6.279421427279885e-13), np.float64(1.0746958878371515e-13)]","[array([1., 1.]), array([ 0.60154452, -0.19750382]), array([ 0.50964756, -0.02956536]), array([-0.23461913,  0.21123323]), array([-0.28720057, -0.05036906]), array([-0.30228214,  0.00524329]), array([-0.33634899, -0.01369352]), array([-0.3388023 ,  0.00064975]), array([-0.34476974, -0.00161267]), array([-3.45186576e-01,  6.18917165e-05]), array([-3.46251505e-01, -1.52241587e-04]), array([-3.46325704e-01,  5.60811490e-06]), array([-3.46516026e-01, -1.37727821e-05]), array([-3.46529285e-01,  5.03569817e-07]), array([-3.46563302e-01, -1.23634604e-06]), array([-3.46571201e-01,  3.03528589e-06]), array([-3.46571751e-01, -1.10804595e-07]), array([-3.46573163e-01,  2.72027096e-07]), array([-3.46573262e-01, -9.92992880e-09])]"
0.1,0.4,-1.4210854715202004e-14,34,0.4008541923473311,2.5592666966582325,"[np.float64(47.29850992082298), np.float64(5.253975670079319), np.float64(0.5984276356335192), np.float64(0.014658631961995905), np.float64(0.006889566738687236), np.float64(0.0036211810108328635), np.float64(0.002099268638994456), np.float64(0.0013117440146199755), np.float64(0.0008624964473664676), np.float64(8.893174781077207e-05), np.float64(5.142702608562644e-05), np.float64(3.2358118119191204e-05), np.float64(2.1496047729829826e-05), np.float64(2.3290742658943486e-06), np.float64(1.316106484683388e-06), np.float64(8.164639990759781e-07), np.float64(5.384523600326929e-07), np.float64(6.209719316530027e-08), np.float64(3.41216637167463e-08), np.float64(2.0750493767707212e-08), np.float64(1.3521045172382173e-08), np.float64(1.6716583672859997e-09), np.float64(8.914966542761249e-10), np.float64(5.29978283481114e-10), np.float64(3.40385497565876e-10), np.float64(4.5350834199098244e-11), np.float64(2.3432811246948404e-11), np.float64(1.3574918966696714e-11), np.float64(8.565148590378158e-12), np.float64(1.2110312752611208e-12), np.float64(5.906386491005833e-13), np.float64(3.197442310920451e-13), np.float64(1.8696155734687636e-13), np.float64(1.127986593019159e-13), np.float64(-1.4210854715202004e-14)]","[array([1., 1.]), array([ 0.49627357, -0.51388138]), array([ 0.32445862, -0.00499154]), array([-0.41532006,  0.03999309]), array([-0.38852477, -0.02897024]), array([-0.3720834 ,  0.02228374]), array([-0.36208259, -0.01777348]), array([-0.3560183 ,  0.01448848]), array([-0.35234242, -0.0119664 ]), array([-0.35144999, -0.00319519]), array([-0.34946254,  0.00266395]), array([-0.34828608, -0.00223073]), array([-0.34758942,  0.00187277]), array([-0.34742433,  0.0004938 ]), array([-0.34707619, -0.00041534]), array([-0.34687054,  0.00034961]), array([-3.46749059e-01, -2.94416821e-04]), array([-3.46720350e-01, -7.74494116e-05]), array([-3.46660260e-01,  6.52435104e-05]), array([-3.46624774e-01, -5.49684624e-05]), array([-3.46603818e-01,  4.63152015e-05]), array([-3.46598868e-01,  1.21787429e-05]), array([-3.46588517e-01, -1.02621186e-05]), array([-3.46582405e-01,  8.64731800e-06]), array([-3.46578796e-01, -7.28671249e-06]), array([-3.46577943e-01, -1.91593195e-06]), array([-3.46576161e-01,  1.61448688e-06]), array([-3.46575108e-01, -1.36047528e-06]), array([-3.46574487e-01,  1.14643065e-06]), array([-3.46574340e-01,  3.01433134e-07]), array([-3.46574033e-01, -2.54008852e-07]), array([-3.46573852e-01,  2.14045946e-07]), array([-3.46573745e-01, -1.80370427e-07]), array([-3.46573681e-01,  1.51993061e-07]), array([-3.46573666e-01,  3.99637267e-08])]"
0.1,0.5,3.019806626980426e-14,32,0.2668232324456609,2.559266696658277,"[np.float64(47.29850992082298), np.float64(1.6478702899897195), np.float64(1.0493603787948125), np.float64(0.5715941578922359), np.float64(0.38509541531019087), np.float64(0.13072319944693733), np.float64(0.06572511866665298), np.float64(0.012536216638386666), np.float64(0.0038645560600882867), np.float64(0.00261762961406653), np.float64(0.0005820884080032229), np.float64(0.00016229581355364786), np.float64(5.6215390459080083e-05), np.float64(2.2581975550828304e-05), np.float64(1.0731403378816395e-05), np.float64(2.770866058376953e-06), np.float64(8.623508973570893e-07), np.float64(3.184280581436383e-07), np.float64(2.3613419308787797e-07), np.float64(5.4720287412379776e-08), np.float64(1.4791174507422511e-08), np.float64(4.810405407340568e-09), np.float64(1.8326948847402491e-09), np.float64(1.194541798810178e-09), np.float64(2.8499202997522843e-10), np.float64(8.01136934569513e-11), np.float64(2.7050806039596864e-11), np.float64(1.056532639154284e-11), np.float64(6.0538241086760536e-12), np.float64(1.4663825709249068e-12), np.float64(4.072298054325074e-13), np.float64(1.2256862191861728e-13), np.float64(3.019806626980426e-14)]","[array([1., 1.]), array([ 0.61568723, -0.15499983]), array([0.41384817, 0.14767997]), array([ 0.26308263, -0.08722509]), array([0.04560727, 0.14644056]), array([-0.03035322, -0.01465097]), array([-0.44262495,  0.10112996]), array([-0.41858884, -0.0331606 ]), array([-0.39626776,  0.01133333]), array([-0.36463547, -0.01972137]), array([-0.35913203,  0.00817735]), array([-0.35516191, -0.00344891]), array([-0.35242289,  0.00147373]), array([-0.35055319, -0.00063547]), array([-0.34800755,  0.00118689]), array([-0.34754983, -0.0005193 ]), array([-3.47237714e-01,  2.27546802e-04]), array([-3.47025293e-01, -9.98092820e-05]), array([-3.4673630e-01,  1.8742934e-04]), array([-3.46684273e-01, -8.23477132e-05]), array([-3.46648870e-01,  3.61859076e-05]), array([-3.46624788e-01, -1.59029520e-05]), array([-3.46608410e-01,  6.98956711e-06]), array([-3.46586132e-01, -1.31339193e-05]), array([-3.46582120e-01,  5.77326986e-06]), array([-3.46579391e-01, -2.53778647e-06]), array([-3.46577535e-01,  1.11555806e-06]), array([-3.46576273e-01, -4.90379062e-07]), array([-3.46574557e-01,  9.21504303e-07]), array([-3.46574248e-01, -4.05080506e-07]), array([-3.46574037e-01,  1.78067951e-07]), array([-3.46573894e-01, -7.82763337e-08]), array([-3.46573797e-01,  3.44092649e-08])]"
0.1,0.6,5.329070518200751e-15,33,0.3251519461349001,2.559266696658252,"[np.float64(47.29850992082298), np.float64(4.845561687891798), np.float64(1.961376089199713), np.float64(1.1296833021224328), np.float64(0.20911577079395816), np.float64(0.12288815145439269), np.float64(0.05270270324753312), np.float64(0.017577689802223517), np.float64(0.005105309203647934), np.float64(0.0014023167106751444), np.float64(0.0003813639238687827), np.float64(0.00010589110418823822), np.float64(3.084784101758942e-05), np.float64(9.653733524128683e-06), np.float64(3.289125837468987e-06), np.float64(1.2173355621314386e-06), np.float64(8.564154505563693e-07), np.float64(2.4534543197063385e-07), np.float64(7.620662101359699e-08), np.float64(2.592416992186486e-08), np.float64(9.607986406479085e-09), np.float64(6.646676986576949e-09), np.float64(1.909066238425794e-09), np.float64(5.955085313757991e-10), np.float64(2.0356383245712095e-10), np.float64(7.576295146805023e-11), np.float64(5.1376680687553744e-11), np.float64(1.4799717007463187e-11), np.float64(4.6203041392800515e-12), np.float64(1.567634910770721e-12), np.float64(5.666578317686799e-13), np.float64(3.6637359812630166e-13), np.float64(8.393286066166183e-14), np.float64(5.329070518200751e-15)]","[array([1., 1.]), array([ 0.50425763, -0.48988636]), array([0.2097711 , 0.37359995]), array([-0.0276623 , -0.34008264]), array([-0.16984775,  0.15543556]), array([-0.25067832, -0.1315506 ]), array([-0.29693381,  0.09021199]), array([-0.31982668, -0.0530214 ]), array([-0.3308586,  0.0286049]), array([-0.33669187, -0.01481925]), array([-0.34013505,  0.00752645]), array([-0.34231315, -0.00378078]), array([-0.34373698,  0.00188649]), array([-0.34468049, -0.00093723]), array([-0.34530905,  0.0004643 ]), array([-3.45728638e-01, -2.29574794e-04]), array([-3.46195795e-01,  3.41999917e-04]), array([-3.46321190e-01, -1.68649937e-04]), array([-3.46404927e-01,  8.31344979e-05]), array([-3.46460875e-01, -4.09700202e-05]), array([-3.46498262e-01,  2.01872640e-05]), array([-3.46539904e-01, -3.00345029e-05]), array([-3.46551078e-01,  1.47954352e-05]), array([-3.46558545e-01, -7.28820091e-06]), array([-3.46563535e-01,  3.59007152e-06]), array([-3.46566870e-01, -1.76839508e-06]), array([-3.46570585e-01,  2.63070687e-06]), array([-3.46571582e-01, -1.29580418e-06]), array([-3.46572248e-01,  6.38270814e-07]), array([-3.46572693e-01, -3.14390719e-07]), array([-3.46572991e-01,  1.54858077e-07]), array([-3.46573322e-01, -2.30368226e-07]), array([-3.46573411e-01,  1.13471265e-07]), array([-3.46573471e-01, -5.58919288e-08])]"
0.1,0.7,-8.881784197001252e-15,36,0.2919466587742776,2.559266696658238,"[np.float64(47.29850992082298), np.float64(3.9821102422645955), np.float64(0.9832453532915375), np.float64(0.5828438357530872), np.float64(0.2391381303907294), np.float64(0.13501700154032203), np.float64(0.061976875752340455), np.float64(0.023693855255193963), np.float64(0.017514789767809624), np.float64(0.004290047566993138), np.float64(0.0030969176962867273), np.float64(0.0006284908904845565), np.float64(0.0004263148888226098), np.float64(8.5221473974606e-05), np.float64(5.381562144179952e-05), np.float64(1.1458879841441671e-05), np.float64(6.678110941571447e-06), np.float64(1.568677833407861e-06), np.float64(8.387988277291925e-07), np.float64(5.610673774469888e-07), np.float64(1.0794299676319952e-07), np.float64(6.695981946691631e-08), np.float64(1.43312628431147e-08), np.float64(8.175578436464548e-09), np.float64(5.7379834217385906e-09), np.float64(1.0263345728844797e-09), np.float64(6.733236190825664e-10), np.float64(1.3292700273837e-10), np.float64(8.064793277640092e-11), np.float64(1.7767121107681305e-11), np.float64(9.884537632842694e-12), np.float64(6.80877576542116e-12), np.float64(1.2239098623467726e-12), np.float64(7.753797603982093e-13), np.float64(1.3322676295501878e-13), np.float64(6.616929226765933e-14), np.float64(-8.881784197001252e-15)]","[array([1., 1.]), array([ 0.52338325, -0.43240692]), array([0.30268445, 0.19354479]), array([ 0.12105484, -0.17790425]), array([-0.00566908,  0.10439836]), array([-0.12078177, -0.09778244]), array([-0.19752248,  0.07065873]), array([-0.24650812, -0.04130098]), array([-0.29144868,  0.04728136]), array([-0.30965793, -0.02063932]), array([-0.3259682 ,  0.02083921]), array([-0.33247325, -0.00800305]), array([-0.33860138,  0.00770923]), array([-0.34104239, -0.00282077]), array([-0.34342931,  0.00266949]), array([-0.34438088, -0.00095891]), array([-0.34532494,  0.00090124]), array([-3.45701453e-01, -3.21403522e-04]), array([-3.46076691e-01,  3.01251826e-04]), array([-3.46290513e-01, -2.82144657e-04]), array([-3.46375800e-01,  1.00249388e-04]), array([-3.46460886e-01, -9.38328964e-05]), array([-3.46494827e-01,  3.33182774e-05]), array([-3.46528707e-01, -3.11780531e-05]), array([-3.46548014e-01,  2.91732629e-05]), array([-3.46555715e-01, -1.03554263e-05]), array([-3.46563404e-01,  9.68901725e-06]), array([-3.46566471e-01, -3.43903970e-06]), array([-3.46569533e-01,  3.21765349e-06]), array([-3.46570755e-01, -1.14205382e-06]), array([-3.46571974e-01,  1.06852529e-06]), array([-3.46572670e-01, -9.99728203e-07]), array([-3.46572947e-01,  3.54833033e-07]), array([-3.46573224e-01, -3.31986412e-07]), array([-3.46573334e-01,  1.17831523e-07]), array([-3.46573444e-01, -1.10244620e-07]), array([-3.46573488e-01,  3.91289524e-08])]"
0.1,0.8,1.7763568394002505e-15,35,0.31404116820935274,2.5592666966582485,"[np.float64(47.29850992082298), np.float64(9.741647434972215), np.float64(2.7025122394479224), np.float64(0.7716979981233756), np.float64(0.2789397989070119), np.float64(0.12703986722746352), np.float64(0.040710986071531785), np.float64(0.01132520205157217), np.float64(0.003179854758721845), np.float64(0.0009399757788353114), np.float64(0.00029341097215285217), np.float64(0.00020424107384187096), np.float64(6.344077408249049e-05), np.float64(2.0304481472166458e-05), np.float64(6.7100646683471155e-06), np.float64(4.571582412182806e-06), np.float64(1.4569023485400123e-06), np.float64(4.7602054120687853e-07), np.float64(1.6012092896033892e-07), np.float64(1.0653416726569276e-07), np.float64(3.431260964248395e-08), np.float64(1.133646954087908e-08), np.float64(7.880192942621989e-09), np.float64(2.5038984219349913e-09), np.float64(8.13428435719743e-10), np.float64(2.7143798320139467e-10), np.float64(1.8450529992719567e-10), np.float64(5.902744959485062e-11), np.float64(1.9324986055835325e-11), np.float64(6.495248783267016e-12), np.float64(4.3010039973978564e-12), np.float64(1.3660184094987926e-12), np.float64(4.312106227644108e-13), np.float64(2.8954616482224083e-13), np.float64(7.061018436615996e-14), np.float64(1.7763568394002505e-15)]","[array([1., 1.]), array([ 0.43285446, -0.7044789 ]), array([0.04135585, 0.49638908]), array([-0.20090905, -0.32168315]), array([-0.32101917,  0.21331436]), array([-0.36712454, -0.14851541]), array([-0.37704328,  0.08389691]), array([-0.37188002, -0.04322685]), array([-0.36459641,  0.0221039 ]), array([-0.35877626, -0.01147743]), array([-0.35468514,  0.00605204]), array([-0.35123731, -0.00554777]), array([-0.349659  ,  0.00298816]), array([-0.34860604, -0.00161661]), array([-0.34790991,  0.00087719]), array([-0.34733687, -0.00081544]), array([-0.3470752 ,  0.00044406]), array([-3.46903050e-01, -2.42001259e-04]), array([-3.46789926e-01,  1.31947868e-04]), array([-3.46697054e-01, -1.22944240e-04]), array([-3.46654656e-01,  6.70727872e-05]), array([-3.46626814e-01, -3.65962565e-05]), array([-3.46603962e-01,  3.41105958e-05]), array([-3.4659353e-01, -1.8614097e-05]), array([-3.46586681e-01,  1.01579827e-05]), array([-3.46582185e-01, -5.54346604e-06]), array([-3.46578494e-01,  5.16742531e-06]), array([-3.46576810e-01, -2.82005904e-06]), array([-3.46575704e-01,  1.53902001e-06]), array([-3.46574978e-01, -8.39907947e-07]), array([-3.46574382e-01,  7.82944531e-07]), array([-3.4657411e-01, -4.2728736e-07]), array([-3.46573932e-01,  2.33189736e-07]), array([-3.46573785e-01, -2.17375041e-07]), array([-3.46573718e-01,  1.18631347e-07]), array([-3.46573674e-01, -6.47424799e-08])]"
0.1,0.9,1.199040866595169e-14,51,0.4065113386721464,2.5592666966582587,"[np.float64(47.29850992082298), np.float64(11.926867315675642), np.float64(4.285201887444683), np.float64(1.4017711169406595), np.float64(0.5330056649576562), np.float64(0.26002219654227643), np.float64(0.14019913397585348), np.float64(0.0762703571389709), np.float64(0.04500817430905002), np.float64(0.02927818863156606), np.float64(0.013215541362447958), np.float64(0.00615338568482926), np.float64(0.0029579445729011056), np.float64(0.0014599896164044779), np.float64(0.0007354451985466248), np.float64(0.0003761095203476117), np.float64(0.00019446612495110926), np.float64(0.00010134020953600498), np.float64(5.31045213643111e-05), np.float64(2.7936748886236984e-05), np.float64(1.4736881759347398e-05), np.float64(7.788653311191496e-06), np.float64(4.1218821484889645e-06), np.float64(2.1833860177622455e-06), np.float64(1.1572993443564883e-06), np.float64(6.137006618445184e-07), np.float64(3.255399976254125e-07), np.float64(1.7272214059005364e-07), np.float64(9.165558934043361e-08), np.float64(4.8642642802576574e-08), np.float64(2.5817167514929906e-08), np.float64(1.3703241652507359e-08), np.float64(7.273680768804525e-09), np.float64(3.8609675456768855e-09), np.float64(2.049485914312754e-09), np.float64(1.0879195322388568e-09), np.float64(5.774944966674411e-10), np.float64(3.065432352400421e-10), np.float64(1.6271251013222354e-10), np.float64(8.636025228270228e-11), np.float64(4.582956236731661e-11), np.float64(2.4313884239290928e-11), np.float64(1.2892353851157168e-11), np.float64(6.829203869074263e-12), np.float64(3.610889365290859e-12), np.float64(1.9024781749976682e-12), np.float64(9.952039192739903e-13), np.float64(5.133671265866724e-13), np.float64(2.5845992013273644e-13), np.float64(1.2256862191861728e-13), np.float64(5.0182080713057076e-14), np.float64(1.199040866595169e-14)]","[array([1., 1.]), array([ 0.41104762, -0.77001638]), array([-0.04516536,  0.63250538]), array([-0.36506549, -0.46041232]), array([-0.51321936,  0.30832683]), array([-0.52356376, -0.20997743]), array([-0.48428877,  0.15069194]), array([-0.4446516 , -0.11017875]), array([-0.41338871,  0.0851802 ]), array([-0.39140292, -0.0695191 ]), array([-0.37818521,  0.04621785]), array([-0.36783178, -0.03143633]), array([-0.360502  ,  0.02184025]), array([-0.35555819, -0.01541715]), array([-0.3523105 ,  0.01100391]), array([-0.35021082, -0.00791201]), array([-0.34886755,  0.00571628]), array([-0.34801454, -0.00414269]), array([-0.34747584,  0.00300822]), array([-0.34713707, -0.00218715]), array([-0.34692475,  0.00159145]), array([-0.34679205, -0.00115856]), array([-0.34670929,  0.00084369]), array([-0.34665778, -0.00061451]), array([-0.34662577,  0.00044764]), array([-3.46605897e-01, -3.26109307e-04]), array([-3.46593579e-01,  2.37583459e-04]), array([-3.46585949e-01, -1.73093924e-04]), array([-3.46581228e-01,  1.26111667e-04]), array([-3.46578308e-01, -9.18826585e-05]), array([-3.46576503e-01,  6.69444898e-05]), array([-3.46575388e-01, -4.87750780e-05]), array([-3.46574699e-01,  3.55371221e-05]), array([-3.46574274e-01, -2.58920982e-05]), array([-3.46574012e-01,  1.88648203e-05]), array([-3.46573850e-01, -1.37447982e-05]), array([-3.46573751e-01,  1.00143838e-05]), array([-3.46573689e-01, -7.29642625e-06]), array([-3.46573651e-01,  5.31613776e-06]), array([-3.46573628e-01, -3.87331033e-06]), array([-3.46573613e-01,  2.82207393e-06]), array([-3.46573605e-01, -2.05614858e-06]), array([-3.46573599e-01,  1.49809933e-06]), array([-3.46573596e-01, -1.09150752e-06]), array([-3.46573594e-01,  7.95266809e-07]), array([-3.46573592e-01, -5.79427342e-07]), array([-3.46573592e-01,  4.22167808e-07]), array([-3.46573591e-01, -3.07589314e-07]), array([-3.46573591e-01,  2.24108007e-07]), array([-3.46573591e-01, -1.63283952e-07]), array([-3.46573590e-01,  1.18967856e-07]), array([-3.46573590e-01, -8.66793737e-08])]"
0.2,0.1,1.5409895581797173e-13,51,0.5310723105860592,2.559266696658401,"[np.float64(47.29850992082298), np.float64(28.155315752341117), np.float64(1.4174280670364765), np.float64(0.7625665404024913), np.float64(0.491839488387237), np.float64(0.28446037607169394), np.float64(0.1257043044262911), np.float64(0.04906960390011772), np.float64(0.022006621950478866), np.float64(0.011444153741620333), np.float64(0.006260183468133285), np.float64(0.0034586352566821077), np.float64(0.001913811986279157), np.float64(0.0010593203727653488), np.float64(0.0005864133843926922), np.float64(0.00032464230201867394), np.float64(0.00017972970207669192), np.float64(9.95043503979609e-05), np.float64(5.508944761167811e-05), np.float64(3.0499804486883164e-05), np.float64(1.6886006814154086e-05), np.float64(9.348836537359517e-06), np.float64(5.175931979017889e-06), np.float64(2.8656277129002206e-06), np.float64(1.5865402476222812e-06), np.float64(8.783800882206094e-07), np.float64(4.86310785419164e-07), np.float64(2.6924356433255525e-07), np.float64(1.4906536716097207e-07), np.float64(8.25292980621839e-08), np.float64(4.569192846304304e-08), np.float64(2.5297099526255806e-08), np.float64(1.4005601567390613e-08), np.float64(7.754119124570025e-09), np.float64(4.293016164780283e-09), np.float64(2.3767938728269655e-09), np.float64(1.3158860667772387e-09), np.float64(7.285199110640406e-10), np.float64(4.033275935455549e-10), np.float64(2.2328627835577208e-10), np.float64(1.2360779066966643e-10), np.float64(6.842082456159915e-11), np.float64(3.786704283470499e-11), np.float64(2.0950796653096404e-11), np.float64(1.1585399306568434e-11), np.float64(6.4002136923591024e-12), np.float64(3.5296210398882977e-12), np.float64(1.9402257578349236e-12), np.float64(1.0604850331219495e-12), np.float64(5.728750807065808e-13), np.float64(3.0331293032759277e-13), np.float64(1.5409895581797173e-13)]","[array([1., 1.]), array([0.95080797, 0.85216002]), array([ 0.65065524, -0.04788878]), array([0.34739719, 0.10213005]), array([ 0.14307186, -0.13700489]), array([-0.00519573,  0.12776836]), array([-0.10765825, -0.08435716]), array([-0.17461782,  0.04033396]), array([-0.21995699, -0.01496763]), array([-0.25259465,  0.0046035 ]), array([-0.27669519, -0.00122081]), array([-2.94594418e-01,  2.86924903e-04]), array([-3.07903315e-01, -6.11483275e-05]), array([-3.17802539e-01,  1.20509731e-05]), array([-3.25166834e-01, -2.23287704e-06]), array([-3.30645812e-01,  3.94302197e-07]), array([-3.34722328e-01, -6.70946283e-08]), array([-3.37755453e-01,  1.10974485e-08]), array([-3.40012279e-01, -1.79634960e-09]), array([-3.41691505e-01,  2.86071076e-10]), array([-3.42940966e-01, -4.50007826e-11]), array([-3.43870654e-01,  7.01387668e-12]), array([-3.44562408e-01, -1.08566658e-12]), array([-3.45077124e-01,  1.67197901e-13]), array([-3.45460109e-01, -2.56478381e-14]), array([-3.45745079e-01,  3.88409436e-15]), array([-3.45957117e-01, -6.01206657e-16]), array([-3.46114889e-01,  6.49271576e-17]), array([-3.46232283e-01, -1.68622391e-18]), array([-3.46319633e-01, -1.68622391e-18]), array([-3.46384627e-01, -1.68622391e-18]), array([-3.46432988e-01, -1.68622391e-18]), array([-3.46468972e-01, -1.68622391e-18]), array([-3.46495746e-01, -1.68622391e-18]), array([-3.46515669e-01, -1.68622391e-18]), array([-3.46530492e-01, -1.68622391e-18]), array([-3.46541522e-01, -1.68622391e-18]), array([-3.46549729e-01, -1.68622391e-18]), array([-3.46555836e-01, -1.68622391e-18]), array([-3.46560380e-01, -1.68622391e-18]), array([-3.46563761e-01, -1.68622391e-18]), array([-3.46566276e-01, -1.68622391e-18]), array([-3.46568148e-01, -1.68622391e-18]), array([-3.46569541e-01, -1.68622391e-18]), array([-3.46570577e-01, -1.68622391e-18]), array([-3.46571348e-01, -1.68622391e-18]), array([-3.46571922e-01, -1.68622391e-18]), array([-3.46572349e-01, -1.68622391e-18]), array([-3.46572667e-01, -1.68622391e-18]), array([-3.46572903e-01, -1.68622391e-18]), array([-3.46573079e-01, -1.68622391e-18]), array([-3.46573210e-01, -1.68622391e-18])]"
0.2,0.2,7.593925488436071e-14,48,0.5080078765679661,2.5592666966583226,"[np.float64(47.29850992082298), np.float64(1.7641739199042759), np.float64(0.9372596538247846), np.float64(0.48363420652637323), np.float64(0.14265648284888854), np.float64(0.09410277075311857), np.float64(0.034664150317526676), np.float64(0.01954321007113613), np.float64(0.011196714623008752), np.float64(0.004956242845106651), np.float64(0.002940445172663786), np.float64(0.0015622461838100676), np.float64(0.000736187486347184), np.float64(0.00044747618658114163), np.float64(0.00022667650683017015), np.float64(0.00011041106452669425), np.float64(6.829018726950409e-05), np.float64(3.332468034322744e-05), np.float64(1.6620772031572528e-05), np.float64(1.0434989271779216e-05), np.float64(4.926162904261844e-06), np.float64(2.507161723563911e-06), np.float64(1.5958924892700566e-06), np.float64(7.302955138399625e-07), np.float64(3.787577931291253e-07), np.float64(2.442505779853832e-07), np.float64(1.0847311493478173e-07), np.float64(5.7291896116140606e-08), np.float64(3.7407532182953673e-08), np.float64(1.613709255110507e-08), np.float64(8.676247276184768e-09), np.float64(5.7326197122620215e-09), np.float64(2.4040720525420056e-09), np.float64(1.3153620415096157e-09), np.float64(8.790070893383017e-10), np.float64(3.5862779412809687e-10), np.float64(1.9960566532972734e-10), np.float64(1.2125989101718915e-10), np.float64(5.354916510214025e-11), np.float64(3.029843043123037e-11), np.float64(1.779110192501321e-11), np.float64(7.983835814684426e-12), np.float64(4.581224288813246e-12), np.float64(2.5908164502652653e-12), np.float64(1.169730978745065e-12), np.float64(6.710187960834446e-13), np.float64(3.552713678800501e-13), np.float64(1.4921397450962104e-13), np.float64(7.593925488436071e-14)]","[array([1., 1.]), array([ 0.60646372, -0.18271982]), array([0.47299697, 0.04668797]), array([-0.00077506, -0.1981716 ]), array([-0.05004797, -0.06143133]), array([-0.0820229, -0.0231477]), array([-0.21982338,  0.04637199]), array([-0.2333968 ,  0.02204488]), array([-0.29207745, -0.03485801]), array([-0.29795483, -0.01786974]), array([-0.30301116, -0.00922346]), array([-0.32541813,  0.01297007]), array([-0.32762357,  0.00686588]), array([-0.32957468,  0.00364225]), array([-0.33829159, -0.00489109]), array([-0.33914499, -0.0026191 ]), array([-0.33990706, -0.00140356]), array([-0.34332165,  0.00185095]), array([-0.34365535,  0.00099549]), array([-0.34395432,  0.00053556]), array([-0.34529534, -0.00070125]), array([-0.3454263 , -0.00037779]), array([-3.45543786e-01, -2.03556968e-04]), array([-3.46070943e-01,  2.65787057e-04]), array([-3.46122415e-01,  1.43285891e-04]), array([-3.46168607e-01,  7.72488759e-05]), array([-3.46375906e-01, -1.00753627e-04]), array([-3.46396145e-01, -5.43304777e-05]), array([-3.46414311e-01, -2.92977232e-05]), array([-3.46495840e-01,  3.81956449e-05]), array([-3.46503799e-01,  2.05987652e-05]), array([-3.46510944e-01,  1.11089108e-05]), array([-3.46543010e-01, -1.44802912e-05]), array([-3.46546140e-01, -7.80948032e-06]), array([-3.46548951e-01, -4.21180384e-06]), array([-3.46561562e-01,  5.48965158e-06]), array([-3.46562794e-01,  2.96071432e-06]), array([-3.4656832e-01, -3.8588911e-06]), array([-3.46568860e-01, -2.08121407e-06]), array([-3.46569344e-01, -1.12246080e-06]), array([-3.46571517e-01,  1.46295907e-06]), array([-3.46571730e-01,  7.89019234e-07]), array([-3.46571920e-01,  4.25542641e-07]), array([-3.46572775e-01, -5.54628394e-07]), array([-3.46572858e-01, -2.99128630e-07]), array([-3.46572933e-01, -1.61329540e-07]), array([-3.46573270e-01,  2.10267491e-07]), array([-3.46573302e-01,  1.13403954e-07]), array([-3.46573332e-01,  6.11623657e-08])]"
0.2,0.3,1.0746958878371515e-13,18,0.20140136887201512,2.559266696658354,"[np.float64(47.29850992082298), np.float64(1.8359622916970695), np.float64(1.008707058982071), np.float64(0.3131733992892807), np.float64(0.020044591679214463), np.float64(0.0026761908499004505), np.float64(0.0012247899671651297), np.float64(7.973128297944498e-05), np.float64(1.91665933089169e-05), np.float64(2.4838602339372073e-06), np.float64(2.662551761289933e-07), np.float64(7.88115466221484e-08), np.float64(5.332556618498074e-09), np.float64(2.513267371995198e-09), np.float64(1.4422463223695559e-10), np.float64(6.03250782660325e-11), np.float64(4.366729200455666e-12), np.float64(6.279421427279885e-13), np.float64(1.0746958878371515e-13)]","[array([1., 1.]), array([ 0.60154452, -0.19750382]), array([ 0.50964756, -0.02956536]), array([-0.23461913,  0.21123323]), array([-0.28720057, -0.05036906]), array([-0.30228214,  0.00524329]), array([-0.33634899, -0.01369352]), array([-0.3388023 ,  0.00064975]), array([-0.34476974, -0.00161267]), array([-3.45186576e-01,  6.18917165e-05]), array([-3.46251505e-01, -1.52241587e-04]), array([-3.46325704e-01,  5.60811490e-06]), array([-3.46516026e-01, -1.37727821e-05]), array([-3.46529285e-01,  5.03569817e-07]), array([-3.46563302e-01, -1.23634604e-06]), array([-3.46571201e-01,  3.03528589e-06]), array([-3.46571751e-01, -1.10804595e-07]), array([-3.46573163e-01,  2.72027096e-07]), array([-3.46573262e-01, -9.92992880e-09])]"
0.2,0.4,5.062616992290714e-14,32,0.37379305875764735,2.5592666966582973,"[np.float64(47.29850992082298), np.float64(5.0293612448093326), np.float64(1.365842364181971), np.float64(0.9128711267944909), np.float64(0.23557182106510854), np.float64(0.12388763710920259), np.float64(0.007102288529817535), np.float64(0.000659604671703562), np.float64(0.00014507512771366748), np.float64(6.317131842692447e-05), np.float64(3.08832732267561e-05), np.float64(1.0468718643519281e-05), np.float64(4.0925327340346485e-06), np.float64(1.7400949712254032e-06), np.float64(8.286743637953009e-07), np.float64(3.0403805251211224e-07), np.float64(1.1694499146841508e-07), np.float64(4.853307222774106e-08), np.float64(2.242787022765924e-08), np.float64(1.1728447990577706e-08), np.float64(3.361680711577719e-09), np.float64(1.364118595859054e-09), np.float64(6.119122986092407e-10), np.float64(3.101079393275086e-10), np.float64(9.704059777959628e-11), np.float64(3.856825969705824e-11), np.float64(1.680167116546727e-11), np.float64(8.233413950620161e-12), np.float64(2.7826629889204924e-12), np.float64(1.0675904604795505e-12), np.float64(4.3565151486291143e-13), np.float64(1.9095836023552692e-13), np.float64(5.062616992290714e-14)]","[array([1., 1.]), array([0.79850943, 0.39444745]), array([ 0.62508797, -0.06250116]), array([0.15204075, 0.24360014]), array([ 0.0293072 , -0.07904304]), array([-0.03708835,  0.00659705]), array([-0.35912894, -0.03481948]), array([-0.35751404, -0.00942922]), array([-0.35575445, -0.00255394]), array([-0.35200095,  0.00210917]), array([-0.3497826 , -0.00175633]), array([-0.34925812, -0.00046594]), array([-0.34815905,  0.00039033]), array([-3.47509972e-01, -3.27780370e-04]), array([-3.47126639e-01,  2.75646142e-04]), array([-3.47036081e-01,  7.25882774e-05]), array([-3.46846704e-01, -6.11062646e-05]), array([-3.46734872e-01,  5.14617921e-05]), array([-3.46668832e-01, -4.33501201e-05]), array([-3.46629834e-01,  3.65223260e-05]), array([-3.46620622e-01,  9.60437264e-06]), array([-3.46601364e-01, -8.09250377e-06]), array([-3.46589991e-01,  6.81891237e-06]), array([-3.46583275e-01, -5.74590060e-06]), array([-3.46581689e-01, -1.51081751e-06]), array([-3.46578373e-01,  1.27310110e-06]), array([-3.46576414e-01, -1.07279546e-06]), array([-3.46575258e-01,  9.04009132e-07]), array([-3.46574985e-01,  2.37693309e-07]), array([-3.46574414e-01, -2.00296891e-07]), array([-3.46574077e-01,  1.68784282e-07]), array([-3.46573877e-01, -1.42229641e-07]), array([-3.4657383e-01, -3.7396639e-08])]"
0.2,0.5,-1.7763568394002505e-15,33,0.22841293069752627,2.559266696658245,"[np.float64(47.29850992082298), np.float64(1.6478702899897195), np.float64(1.0493603787948125), np.float64(0.5715941578922359), np.float64(0.38509541531019087), np.float64(0.13072319944693733), np.float64(0.02755889446764659), np.float64(0.011212896696257246), np.float64(0.00439177415916614), np.float64(0.001755403507392117), np.float64(0.0007341787686319101), np.float64(0.0003770283857997825), np.float64(9.806398836165187e-05), np.float64(2.9679589972353426e-05), np.float64(1.0571705602480108e-05), np.float64(4.262752664629943e-06), np.float64(2.1288501166338847e-06), np.float64(5.451310132187359e-07), np.float64(1.668144546940198e-07), np.float64(6.061680224433985e-08), np.float64(2.483400862729468e-08), np.float64(1.1057025073313298e-08), np.float64(2.9241054022577373e-09), np.float64(9.291101221720055e-10), np.float64(3.4789415792602085e-10), np.float64(1.4507861578749726e-10), np.float64(5.7402527176009244e-11), np.float64(1.574029795392562e-11), np.float64(5.17808018685173e-12), np.float64(1.9753088054130785e-12), np.float64(8.189005029635155e-13), np.float64(2.6911806116913795e-13), np.float64(5.46229728115577e-14), np.float64(-1.7763568394002505e-15)]","[array([1., 1.]), array([ 0.61568723, -0.15499983]), array([0.41384817, 0.14767997]), array([ 0.26308263, -0.08722509]), array([0.04560727, 0.14644056]), array([-0.03035322, -0.01465097]), array([-0.23648909,  0.0432395 ]), array([-0.27328169, -0.02644643]), array([-0.29729138,  0.01456368]), array([-0.31322396, -0.00746814]), array([-0.32393627,  0.00364842]), array([-0.33844084, -0.00709674]), array([-0.34107915,  0.00320384]), array([-0.34284431, -0.00143385]), array([-0.34403882,  0.00063802]), array([-3.44850012e-01, -2.82798037e-04]), array([-0.3459529 ,  0.00053283]), array([-3.46151670e-01, -2.34702742e-04]), array([-3.46286685e-01,  1.03315010e-04]), array([-3.46378476e-01, -4.54586688e-05]), array([-3.46440896e-01,  1.99958334e-05]), array([-3.46525797e-01, -3.75833108e-05]), array([-3.46541087e-01,  1.65237403e-05]), array([-3.46551485e-01, -7.26440315e-06]), array([-3.46558557e-01,  3.19357211e-06]), array([-3.46563366e-01, -1.40392355e-06]), array([-3.46569908e-01,  2.63825941e-06]), array([-3.46571086e-01, -1.15975989e-06]), array([-3.46571887e-01,  5.09820151e-07]), array([-3.46572432e-01, -2.24111824e-07]), array([-3.46572802e-01,  9.85171341e-08]), array([-3.46573307e-01, -1.85131162e-07]), array([-3.46573397e-01,  8.13814235e-08]), array([-3.46573459e-01, -3.57742805e-08])]"
0.2,0.6,9.769962616701378e-15,36,0.30653995566801473,2.5592666966582565,"[np.float64(47.29850992082298), np.float64(1.72900988794792), np.float64(1.2025019609718006), np.float64(0.7841499092661177), np.float64(0.37877092585813754), np.float64(0.16546187097725973), np.float64(0.08356853109445472), np.float64(0.041442122137213655), np.float64(0.01885401369175188), np.float64(0.007886727268974436), np.float64(0.0031502250953563404), np.float64(0.0012493537963735868), np.float64(0.0005043293283089056), np.float64(0.0002891820382644461), np.float64(8.902219270101597e-05), np.float64(2.9392391524218908e-05), np.float64(1.0506353352202069e-05), np.float64(4.0389220234970935e-06), np.float64(2.4236475688610426e-06), np.float64(7.216394934950188e-07), np.float64(2.3428570106176494e-07), np.float64(8.320715627618824e-08), np.float64(3.195092412866529e-08), np.float64(1.890510148427893e-08), np.float64(5.637825761795057e-09), np.float64(1.8369683552066363e-09), np.float64(6.551514886155019e-10), np.float64(2.5248914070630235e-10), np.float64(1.4652279389792966e-10), np.float64(4.388311936054379e-11), np.float64(1.4356071886822974e-11), np.float64(5.126565838509123e-12), np.float64(1.964650664376677e-12), np.float64(1.1048939541069558e-12), np.float64(3.1086244689504383e-13), np.float64(8.171241461241152e-14), np.float64(9.769962616701378e-15)]","[array([1., 1.]), array([0.70255458, 0.10606819]), array([ 0.43879955, -0.1697383 ]), array([0.23702229, 0.17824349]), array([ 0.08806284, -0.1217097 ]), array([-0.01154091,  0.05038882]), array([-0.12740946, -0.05515259]), array([-0.20351811,  0.04780551]), array([-0.2531001 , -0.03480341]), array([-0.28514207,  0.02233639]), array([-0.30592662, -0.01314089]), array([-0.31954639,  0.00729169]), array([-0.32855266, -0.00389067]), array([-0.33853437,  0.00596401]), array([-0.34122761, -0.00300999]), array([-0.34300758,  0.00150676]), array([-0.34419206, -0.00075022]), array([-0.34498239,  0.0003722 ]), array([-0.34586218, -0.00055516]), array([-3.46098372e-01,  2.74043557e-04]), array([-3.46256049e-01, -1.35178553e-04]), array([-3.46361385e-01,  6.66482181e-05]), array([-3.46431773e-01, -3.28496478e-05]), array([-3.46510171e-01,  4.88789634e-05]), array([-3.46531208e-01, -2.40806614e-05]), array([-3.46545266e-01,  1.18627984e-05]), array([-3.46554661e-01, -5.84369295e-06]), array([-3.46560939e-01,  2.87855986e-06]), array([-3.46567933e-01, -4.28225704e-06]), array([-3.46569809e-01,  2.10932326e-06]), array([-3.46571063e-01, -1.03898932e-06]), array([-3.46571901e-01,  5.11773005e-07]), array([-3.46572462e-01, -2.52082421e-07]), array([-3.46573086e-01,  3.75000339e-07]), array([-3.46573253e-01, -1.84712076e-07]), array([-3.46573365e-01,  9.09826745e-08]), array([-3.46573440e-01, -4.48148514e-08])]"
0.2,0.7,3.863576125695545e-14,32,0.3228340379783143,2.5592666966582853,"[np.float64(47.29850992082298), np.float64(1.4292589363684125), np.float64(0.31368512793846515), np.float64(0.08977015657691467), np.float64(0.03185531197316216), np.float64(0.009993885976639305), np.float64(0.0033758714668903345), np.float64(0.0017505820373608927), np.float64(0.0005209390189517826), np.float64(0.00025734875886440634), np.float64(7.728536124229635e-05), np.float64(3.561979674016058e-05), np.float64(1.145139884251023e-05), np.float64(4.915917566794548e-06), np.float64(2.648240771563337e-06), np.float64(6.900904772066951e-07), np.float64(3.40915922159013e-07), np.float64(9.932701194870219e-08), np.float64(4.517365059797385e-08), np.float64(1.4626777122828116e-08), np.float64(6.1760383474052105e-09), np.float64(3.25413385127149e-09), np.float64(8.701372955499664e-10), np.float64(4.2026560009844616e-10), np.float64(1.259130577579981e-10), np.float64(5.6056492780953704e-11), np.float64(3.147793137259214e-11), np.float64(7.698730541960686e-12), np.float64(3.945288540307956e-12), np.float64(1.0662581928500003e-12), np.float64(4.867217739956686e-13), np.float64(1.2878587085651816e-13), np.float64(3.863576125695545e-14)]","[array([1., 1.]), array([ 0.66636827, -0.00268484]), array([-0.83260558,  0.03903692]), array([-0.20146742, -0.09676657]), array([-0.25269757,  0.05695802]), array([-0.28342476, -0.02822487]), array([-0.30302643,  0.01255936]), array([-0.32192302, -0.01283872]), array([-0.32946041,  0.00499537]), array([-0.33684633, -0.00484099]), array([-0.33979124,  0.00178255]), array([-0.34271169, -0.00169127]), array([-0.34387644,  0.00060916]), array([-0.34503694, -0.00057312]), array([-0.34569823,  0.00053792]), array([-3.45961992e-01, -1.91563156e-04]), array([-3.46225098e-01,  1.79455614e-04]), array([-3.46330049e-01, -6.37786299e-05]), array([-3.46434809e-01,  5.97021079e-05]), array([-3.46476598e-01, -2.12011925e-05]), array([-3.46518318e-01,  1.98400662e-05]), array([-3.46542093e-01, -1.85647226e-05]), array([-3.46551577e-01,  6.58993687e-06]), array([-3.46561046e-01, -6.16590344e-06]), array([-3.46564823e-01,  2.18855815e-06]), array([-3.46568594e-01, -2.04767795e-06]), array([-3.46570743e-01,  1.91585144e-06]), array([-3.46571600e-01, -6.79997197e-07]), array([-3.46572456e-01,  6.36216015e-07]), array([-3.46572798e-01, -2.25812017e-07]), array([-3.46573139e-01,  2.11272732e-07]), array([-3.46573275e-01, -7.49867913e-08]), array([-3.46573410e-01,  7.01585719e-08])]"
0.2,0.8,1.3322676295501878e-14,37,0.33995609451970576,2.55926669665826,"[np.float64(47.29850992082298), np.float64(1.469020846691519), np.float64(1.0882094512367053), np.float64(0.4912471865370809), np.float64(0.24055687932879888), np.float64(0.12327290540507763), np.float64(0.069847628363779), np.float64(0.03668428801594059), np.float64(0.016863327843735565), np.float64(0.00690718495135334), np.float64(0.0026253393854167584), np.float64(0.0009603138659555199), np.float64(0.00034712343672893553), np.float64(0.00012623345341555847), np.float64(4.67035241511482e-05), np.float64(2.5961492011283838e-05), np.float64(8.97920807751973e-06), np.float64(3.1960170856493164e-06), np.float64(1.1736158391784102e-06), np.float64(6.353498598343776e-07), np.float64(2.2021629764168438e-07), np.float64(7.888295927571676e-08), np.float64(2.9212254837318596e-08), np.float64(1.5348692095074057e-08), np.float64(5.373348876958062e-09), np.float64(1.9457759847796297e-09), np.float64(1.0837197805813048e-09), np.float64(3.7121594687050674e-10), np.float64(1.3142376076302753e-10), np.float64(4.8121506779352785e-11), np.float64(2.5984547846746864e-11), np.float64(8.980372001587966e-12), np.float64(3.197442310920451e-12), np.float64(1.1652900866465643e-12), np.float64(5.95967719618784e-13), np.float64(1.887379141862766e-13), np.float64(4.8405723873656825e-14), np.float64(1.3322676295501878e-14)]","[array([1., 1.]), array([ 0.63702685, -0.0908665 ]), array([0.30725728, 0.21334069]), array([ 0.14806654, -0.13394908]), array([0.02008529, 0.08925557]), array([-0.09009501, -0.07191235]), array([-0.18434965,  0.07286222]), array([-0.24516314, -0.06065776]), array([-0.28321315,  0.04368458]), array([-0.30656559, -0.02846364]), array([-0.32096408,  0.01738551]), array([-0.3300016 , -0.01019767]), array([-0.33577605,  0.00583123]), array([-0.33951163, -0.00328068]), array([-0.3419458 ,  0.00182644]), array([-0.3439361 , -0.00171896]), array([-0.34484436,  0.00094514]), array([-0.34543904, -0.00051834]), array([-3.45828967e-01,  2.83790523e-04]), array([-3.46148767e-01, -2.64952841e-04]), array([-3.46294747e-01,  1.44770841e-04]), array([-3.46390546e-01, -7.90704248e-05]), array([-3.46453426e-01,  4.31746901e-05]), array([-3.46505023e-01, -4.02566793e-05]), array([-3.46528577e-01,  2.19741616e-05]), array([-3.4654404e-01, -1.1993825e-05]), array([-3.46556728e-01,  1.11811085e-05]), array([-3.46562520e-01, -6.10232912e-06]), array([-3.46566323e-01,  3.33042202e-06]), array([-3.46568819e-01, -1.81759966e-06]), array([-3.46570868e-01,  1.69434982e-06]), array([-3.46571803e-01, -9.24690628e-07]), array([-3.46572417e-01,  5.04648143e-07]), array([-3.46572820e-01, -2.75410281e-07]), array([-3.46573151e-01,  2.56732822e-07]), array([-3.46573302e-01, -1.40110912e-07]), array([-3.46573401e-01,  7.64649379e-08]), array([-3.46573482e-01, -7.12792405e-08])]"
0.2,0.9,2.220446049250313e-15,38,0.2604722820494522,2.559266696658249,"[np.float64(47.29850992082298), np.float64(2.4476412763734343), np.float64(1.1777146971011518), np.float64(0.6295817608352334), np.float64(0.3327789412330979), np.float64(0.18567486009853962), np.float64(0.07873588705448853), np.float64(0.03413035484164384), np.float64(0.016100151311635003), np.float64(0.006892482632794739), np.float64(0.0027499391666570006), np.float64(0.001398913943002622), np.float64(0.0005066814650884766), np.float64(0.0001824279232933712), np.float64(8.764586517395756e-05), np.float64(3.070534212223919e-05), np.float64(1.4665546611780655e-05), np.float64(5.078068272545977e-06), np.float64(2.420393741431326e-06), np.float64(8.337584880280247e-07), np.float64(3.972290016918123e-07), np.float64(1.3649210872657136e-07), np.float64(6.504506355753392e-08), np.float64(2.231840801059093e-08), np.float64(1.0641300285385569e-08), np.float64(3.6476648368477527e-09), np.float64(1.7402674856725753e-09), np.float64(5.960392179815699e-10), np.float64(2.845421676056503e-10), np.float64(9.736700334883608e-11), np.float64(4.6500137074190206e-11), np.float64(1.588373876870719e-11), np.float64(7.577050098461768e-12), np.float64(2.5695001681924623e-12), np.float64(1.213251721310371e-12), np.float64(3.9390712913700554e-13), np.float64(1.723066134218243e-13), np.float64(3.8191672047105385e-14), np.float64(2.220446049250313e-15)]","[array([1., 1.]), array([ 0.57065372, -0.29034194]), array([0.36214366, 0.20506821]), array([ 0.18431188, -0.16148637]), array([0.03507909, 0.12989349]), array([-0.09017852, -0.11596999]), array([-0.17382806,  0.07671306]), array([-0.23276347, -0.05208132]), array([-0.27456387,  0.03907996]), array([-0.30075867, -0.02640744]), array([-0.31717148,  0.01664655]), array([-0.3287141 , -0.01299952]), array([-0.33502263,  0.00759394]), array([-0.33906149, -0.00435851]), array([-0.3419637 ,  0.00323262]), array([-0.3435656, -0.0018198]), array([-0.34472394,  0.00133539]), array([-0.34536479, -0.00074597]), array([-0.34582961,  0.00054507]), array([-3.46087049e-01, -3.03547905e-04]), array([-3.46274025e-01,  2.21418886e-04]), array([-3.46377628e-01, -1.23153548e-04]), array([-3.46452917e-01,  8.97707740e-05]), array([-3.46494642e-01, -4.99056543e-05]), array([-3.46524971e-01,  3.63678167e-05]), array([-3.46541781e-01, -2.02136348e-05]), array([-3.46554000e-01,  1.47286628e-05]), array([-3.46560773e-01, -8.18568847e-06]), array([-3.46565697e-01,  5.96423229e-06]), array([-3.46568426e-01, -3.31460836e-06]), array([-3.46570410e-01,  2.41503636e-06]), array([-3.46571509e-01, -1.34213319e-06]), array([-3.46572309e-01,  9.77876232e-07]), array([-3.46572752e-01, -5.43442404e-07]), array([-3.46573074e-01,  3.95950156e-07]), array([-3.46573252e-01, -2.20043842e-07]), array([-3.46573382e-01,  1.60322951e-07]), array([-3.46573454e-01, -8.90971940e-08]), array([-3.46573506e-01,  6.49157827e-08])]"
0.3,0.1,7.72715225139109e-14,56,0.5128694936617959,2.559266696658324,"[np.float64(47.29850992082298), np.float64(28.155315752341117), np.float64(20.391617851172185), np.float64(1.6888315450436329), np.float64(1.4934287886678774), np.float64(0.8944582227990967), np.float64(0.7468627960245198), np.float64(0.6523076623149899), np.float64(0.3883936530855552), np.float64(0.21173553835476255), np.float64(0.09849403632546316), np.float64(0.044718413453258776), np.float64(0.022371838315602854), np.float64(0.012028132639342104), np.float64(0.006618047561693263), np.float64(0.0036588888362238947), np.float64(0.0020247184332866652), np.float64(0.0011207002955666567), np.float64(0.0006203875101125078), np.float64(0.00034344922494611296), np.float64(0.000190141237967012), np.float64(0.00010526839345637029), np.float64(5.828060438339833e-05), np.float64(3.226654909527227e-05), np.float64(1.786414906135292e-05), np.float64(9.890377986820909e-06), np.float64(5.47575307585646e-06), np.float64(3.0316219898907093e-06), np.float64(1.6784421053017695e-06), np.float64(9.292610831934667e-07), np.float64(5.144807948553876e-07), np.float64(2.848397504529032e-07), np.float64(1.5770011874138845e-07), np.float64(8.730988554361829e-08), np.float64(4.833867794928892e-08), np.float64(2.676245891564122e-08), np.float64(1.4816890825386508e-08), np.float64(8.203285162267093e-09), np.float64(4.541695020066072e-09), np.float64(2.514473518289151e-09), np.float64(1.3921122032911626e-09), np.float64(7.707221527653019e-10), np.float64(4.2669245914339626e-10), np.float64(2.362225970387044e-10), np.float64(1.3076917326770854e-10), np.float64(7.23856530271405e-11), np.float64(4.006217579899385e-11), np.float64(2.2166268820456025e-11), np.float64(1.2258638548701128e-11), np.float64(6.772804539423305e-12), np.float64(3.735678433258727e-12), np.float64(2.0543566847663897e-12), np.float64(1.1235457009206584e-12), np.float64(6.084022174945858e-13), np.float64(3.228528555609955e-13), np.float64(1.6475709685437323e-13), np.float64(7.72715225139109e-14)]","[array([1., 1.]), array([0.95080797, 0.85216002]), array([0.92079269, 0.76215514]), array([0.69849003, 0.09829324]), array([0.66500921, 0.06563499]), array([ 0.35280559, -0.14357917]), array([ 0.33098517, -0.10926264]), array([ 0.31092125, -0.08403891]), array([0.12237164, 0.10473674]), array([-0.01227084, -0.09124258]), array([-0.10616928,  0.05739252]), array([-0.17070768, -0.02708347]), array([-0.2164527 ,  0.01014607]), array([-0.24991568, -0.00316472]), array([-0.27469791,  0.00084993]), array([-2.93109101e-01, -2.01855106e-04]), array([-3.06798634e-01,  4.33825506e-05]), array([-3.16980792e-01, -8.60713440e-06]), array([-3.24555484e-01,  1.60316866e-06]), array([-3.30190960e-01, -2.84255958e-07]), array([-3.34383899e-01,  4.85204438e-08]), array([-3.37503644e-01, -8.04441911e-09]), array([-3.39824917e-01,  1.30450805e-09]), array([-3.41552095e-01, -2.08028019e-10]), array([-3.42837235e-01,  3.27577275e-11]), array([-3.43793470e-01, -5.10958184e-12]), array([-3.44504978e-01,  7.91342357e-13]), array([-3.45034392e-01, -1.21927103e-13]), array([-3.45428314e-01,  1.86715406e-14]), array([-3.45721421e-01, -2.82237714e-15]), array([-3.45939514e-01,  4.19474094e-16]), array([-3.46101791e-01, -6.90240373e-17]), array([-3.46222537e-01,  1.97938047e-17]), array([-3.46312381e-01,  1.97938047e-17]), array([-3.46379231e-01, -2.46151163e-17]), array([-3.46428973e-01, -2.46151163e-17]), array([-3.46465984e-01, -2.41065583e-18]), array([-3.46493524e-01, -2.41065583e-18]), array([-3.46514015e-01, -2.41065583e-18]), array([-3.46529262e-01, -2.41065583e-18]), array([-3.46540607e-01, -2.41065583e-18]), array([-3.46549048e-01, -2.41065583e-18]), array([-3.46555329e-01, -2.41065583e-18]), array([-3.46560003e-01, -2.41065583e-18]), array([-3.46563480e-01, -2.41065583e-18]), array([-3.46566068e-01, -2.41065583e-18]), array([-3.46567993e-01, -2.41065583e-18]), array([-3.46569425e-01, -2.41065583e-18]), array([-3.46570491e-01, -2.41065583e-18]), array([-3.46571284e-01, -2.41065583e-18]), array([-3.46571875e-01, -2.41065583e-18]), array([-3.46572314e-01, -2.41065583e-18]), array([-3.46572640e-01, -2.41065583e-18]), array([-3.46572883e-01, -2.41065583e-18]), array([-3.46573064e-01, -2.41065583e-18]), array([-3.46573199e-01, -2.41065583e-18]), array([-3.46573299e-01, -2.41065583e-18])]"
0.3,0.2,7.061018436615996e-14,50,0.5494249101336947,2.5592666966583173,"[np.float64(47.29850992082298), np.float64(20.48931390927993), np.float64(2.6160293475925727), np.float64(1.330060309393951), np.float64(0.8729211138089186), np.float64(0.20525015327513785), np.float64(0.12737697447654472), np.float64(0.04995467602192871), np.float64(0.026528552283359375), np.float64(0.01851881092964014), np.float64(0.006626142563349813), np.float64(0.003951849417813236), np.float64(0.002824857502959688), np.float64(0.0009666440318989444), np.float64(0.0006005032168197033), np.float64(0.0002899838924443898), np.float64(0.00014519432853088432), np.float64(9.174297659519937e-05), np.float64(4.2684040615803553e-05), np.float64(2.1895758070211713e-05), np.float64(1.4034098550830265e-05), np.float64(6.320961984496165e-06), np.float64(3.3088690294391654e-06), np.float64(2.148606139229514e-06), np.float64(9.389386841363034e-07), np.float64(5.007691639136169e-07), np.float64(3.291755006351593e-07), np.float64(1.3975270363175696e-07), np.float64(7.588036066152881e-08), np.float64(5.046232320893296e-08), np.float64(2.0834221459153923e-08), np.float64(1.1510820741023053e-08), np.float64(7.740266205757962e-09), np.float64(3.1104212538934917e-09), np.float64(1.7479773184447822e-09), np.float64(1.1878764638595385e-09), np.float64(4.649876039763967e-10), np.float64(2.6568436339857726e-10), np.float64(1.8237056309544641e-10), np.float64(6.958433829140631e-11), np.float64(4.0399239509270046e-11), np.float64(2.7989610629219897e-11), np.float64(1.0404566097577117e-11), np.float64(6.126654739091464e-12), np.float64(4.275690912436403e-12), np.float64(1.5356604876615165e-12), np.float64(9.07718344933528e-13), np.float64(6.31050767196939e-13), np.float64(2.042810365310288e-13), np.float64(1.1191048088221578e-13), np.float64(7.061018436615996e-14)]","[array([1., 1.]), array([0.92129274, 0.76345604]), array([0.74266617, 0.22997983]), array([ 0.57009921, -0.11046997]), array([0.45545875, 0.01914622]), array([-0.00145522, -0.07925448]), array([-0.03954349, -0.02720947]), array([-0.20033834,  0.05808126]), array([-0.2162636 ,  0.02695488]), array([-0.22983206,  0.01279396]), array([-0.2899343, -0.0203321]), array([-0.2958364 , -0.01041379]), array([-0.30105891, -0.00536599]), array([-0.3243985 ,  0.00756981]), array([-0.32668226,  0.00400414]), array([-0.33688321, -0.00540428]), array([-0.33788203, -0.00289035]), array([-0.33877374, -0.00154722]), array([-0.34276894,  0.00204447]), array([-0.34315939,  0.00109905]), array([-0.34350919,  0.00059102]), array([-0.34507812, -0.00077448]), array([-0.34523135, -0.00041717]), array([-3.45368795e-01, -2.24733647e-04]), array([-3.45985532e-01,  2.93528420e-04]), array([-3.46045752e-01,  1.58229711e-04]), array([-3.46099793e-01,  8.52998578e-05]), array([-3.46342316e-01, -1.11267832e-04]), array([-3.46365994e-01, -5.99984451e-05]), array([-3.46387247e-01, -3.23533425e-05]), array([-3.46482629e-01,  4.21812941e-05]), array([-3.46491941e-01,  2.27479538e-05]), array([-3.46500299e-01,  1.22678436e-05]), array([-3.46537814e-01, -1.59912427e-05]), array([-3.46541476e-01, -8.62432528e-06]), array([-3.46544764e-01, -4.65124696e-06]), array([-3.46559519e-01,  6.06246518e-06]), array([-3.46560959e-01,  3.26964214e-06]), array([-3.46562252e-01,  1.76340359e-06]), array([-3.46568056e-01, -2.29836053e-06]), array([-3.46568622e-01, -1.23957351e-06]), array([-3.46569131e-01, -6.68538818e-07]), array([-3.46571413e-01,  8.71340268e-07]), array([-3.46571636e-01,  4.69940811e-07]), array([-3.46571836e-01,  2.53453692e-07]), array([-3.46572734e-01, -3.30337365e-07]), array([-3.46572822e-01, -1.78161380e-07]), array([-3.46572900e-01, -9.60880693e-08]), array([-3.46573254e-01,  1.25235579e-07]), array([-3.46573288e-01,  6.75435354e-08]), array([-3.46573319e-01,  3.64283803e-08])]"
0.3,0.3,1.5543122344752192e-13,19,0.20322488454933982,2.559266696658402,"[np.float64(47.29850992082298), np.float64(13.05522900674833), np.float64(3.2470841074298464), np.float64(1.3137710418173736), np.float64(0.1393560096672788), np.float64(0.009564724744302922), np.float64(0.003339319086260062), np.float64(0.00048129384248696283), np.float64(0.000104742883824116), np.float64(1.0055395354147123e-05), np.float64(3.3268628518712262e-06), np.float64(2.1925625670604632e-07), np.float64(1.0611498879598003e-07), np.float64(6.04939298654017e-09), np.float64(2.297638079795661e-09), np.float64(1.8532109180569023e-10), np.float64(2.581090896569549e-11), np.float64(5.8264504332328215e-12), np.float64(4.121147867408581e-13), np.float64(1.5543122344752192e-13)]","[array([1., 1.]), array([0.88046336, 0.64074885]), array([0.76006316, 0.28594796]), array([ 0.626141  , -0.01716343]), array([-0.24550696,  0.13976077]), array([-0.28019036, -0.02524512]), array([-0.29584504,  0.00274424]), array([-0.3348238 , -0.00723064]), array([-0.33755765,  0.00035311]), array([-0.34448022, -0.00087795]), array([-3.44962796e-01,  3.39557251e-05]), array([-3.46199534e-01, -8.35507727e-05]), array([-3.46285696e-01,  3.08225534e-06]), array([-3.46506735e-01, -7.57003409e-06]), array([-3.46558065e-01,  1.85862583e-05]), array([-3.46561641e-01, -6.78753509e-07]), array([-3.46570816e-01,  1.66637470e-06]), array([-3.46571455e-01, -6.08324886e-08]), array([-3.46573094e-01,  1.49344819e-07]), array([-3.46573209e-01, -5.45161251e-09])]"
0.3,0.4,3.4638958368304884e-14,33,0.36204046974735754,2.5592666966582813,"[np.float64(47.29850992082298), np.float64(5.0293612448093326), np.float64(1.365842364181971), np.float64(0.8695685946510969), np.float64(0.5536894984040015), np.float64(0.23531539572213678), np.float64(0.11021431077427701), np.float64(0.005889534206318547), np.float64(0.0005415733654317023), np.float64(0.00011742752711896287), np.float64(5.13452248553925e-05), np.float64(2.273395402685452e-05), np.float64(8.451099509976245e-06), np.float64(3.3172233004918894e-06), np.float64(1.4190041621731098e-06), np.float64(6.662919562749892e-07), np.float64(2.45273347410091e-07), np.float64(9.470442119408062e-08), np.float64(3.953673566314819e-08), np.float64(1.8410044599903586e-08), np.float64(7.146821801029546e-09), np.float64(2.719209746260276e-09), np.float64(1.1094170027092787e-09), np.float64(5.013216508586993e-10), np.float64(2.0879120654626604e-10), np.float64(7.840750271270736e-11), np.float64(3.1311842008108215e-11), np.float64(1.3732126546983636e-11), np.float64(6.084022174945858e-12), np.float64(2.240430063693566e-12), np.float64(8.597567102697212e-13), np.float64(3.4994229736184934e-13), np.float64(1.4832579608992091e-13), np.float64(3.4638958368304884e-14)]","[array([1., 1.]), array([0.79850943, 0.39444745]), array([ 0.62508797, -0.06250116]), array([0.43586908, 0.05993936]), array([ 0.29132417, -0.03719404]), array([0.00962268, 0.09278033]), array([-0.05452053, -0.00613221]), array([-0.35788156,  0.03170041]), array([-0.35639581,  0.00856291]), array([-0.35481373,  0.00231246]), array([-0.35144439, -0.00191371]), array([-0.35064792, -0.00051002]), array([-0.34897979,  0.00042596]), array([-0.34799466, -0.00035706]), array([-3.47412872e-01,  2.99948122e-04]), array([-3.47275437e-01,  7.90511598e-05]), array([-3.46988049e-01, -6.65120032e-05]), array([-3.46818339e-01,  5.59970196e-05]), array([-3.46718122e-01, -4.71618711e-05]), array([-3.46658941e-01,  3.97294301e-05]), array([-3.46644961e-01,  1.04486056e-05]), array([-3.46615736e-01, -8.80337348e-06]), array([-3.46598478e-01,  7.41767287e-06]), array([-3.46588287e-01, -6.25032522e-06]), array([-3.46585880e-01, -1.64347316e-06]), array([-3.46580848e-01,  1.38487163e-06]), array([-3.46577876e-01, -1.16697406e-06]), array([-3.46576121e-01,  9.83367176e-07]), array([-3.46575706e-01,  2.58559737e-07]), array([-3.46574840e-01, -2.17880048e-07]), array([-3.46574328e-01,  1.83600919e-07]), array([-3.46574026e-01, -1.54715108e-07]), array([-3.46573955e-01, -4.06794774e-08]), array([-3.46573805e-01,  3.42794301e-08])]"
0.3,0.5,1.5987211554602254e-14,33,0.2886457661515647,2.5592666966582627,"[np.float64(47.29850992082298), np.float64(5.624629928592455), np.float64(1.714433749141845), np.float64(1.120296125331699), np.float64(0.6688673334070563), np.float64(0.40671896857977874), np.float64(0.1701144134321817), np.float64(0.02690588308799491), np.float64(0.011422055265751574), np.float64(0.002663485815993738), np.float64(0.0011243504402438376), np.float64(0.000491637909868281), np.float64(0.00016012901891393483), np.float64(4.782748564302608e-05), np.float64(1.6785902684723908e-05), np.float64(6.6966931875356295e-06), np.float64(2.8862785548255943e-06), np.float64(9.027071490308458e-07), np.float64(2.701341021982273e-07), np.float64(9.635120878925818e-08), np.float64(3.9025013887084015e-08), np.float64(1.862301424182533e-08), np.float64(4.8235566652010675e-09), np.float64(1.4982992624368308e-09), np.float64(5.513571821325058e-10), np.float64(2.2762636220363675e-10), np.float64(9.633360775751498e-11), np.float64(2.5857094243519896e-11), np.float64(8.332445844416725e-12), np.float64(3.1397107136399427e-12), np.float64(1.3002932064409833e-12), np.float64(4.707345624410664e-13), np.float64(1.092459456231154e-13), np.float64(1.5987211554602254e-14)]","[array([1., 1.]), array([0.80784362, 0.42250009]), array([0.69257627, 0.11135823]), array([ 0.48205462, -0.11946308]), array([0.32192559, 0.08170912]), array([ 0.20214007, -0.03420723]), array([-0.16973909,  0.1365784 ]), array([-0.20629686,  0.01594354]), array([-0.29676401, -0.03689366]), array([-0.30524997, -0.00892458]), array([-0.31853326,  0.00446677]), array([-0.32751954, -0.00214659]), array([-0.33971814,  0.00415276]), array([-0.34192377, -0.00186678]), array([-0.34341381,  0.00083315]), array([-0.34442515, -0.00037004]), array([-3.45112556e-01,  1.63811124e-04]), array([-3.46047389e-01, -3.08519380e-04]), array([-3.46215794e-01,  1.35855101e-04]), array([-3.46330269e-01, -5.97902004e-05]), array([-3.46408112e-01,  2.63039722e-05]), array([-3.46513989e-01, -4.94423012e-05]), array([-3.46533058e-01,  2.17384610e-05]), array([-3.46546025e-01, -9.55722459e-06]), array([-3.46554843e-01,  4.20161589e-06]), array([-3.46560841e-01, -1.84709129e-06]), array([-3.46568998e-01,  3.47107564e-06]), array([-3.46570467e-01, -1.52586447e-06]), array([-3.46571466e-01,  6.70757834e-07]), array([-3.46572146e-01, -2.94858822e-07]), array([-3.46572608e-01,  1.29616870e-07]), array([-3.46573236e-01, -2.43573153e-07]), array([-3.46573350e-01,  1.07071842e-07]), array([-3.46573427e-01, -4.70674822e-08])]"
0.3,0.6,6.217248937900877e-15,31,0.3004957204053526,2.559266696658253,"[np.float64(47.29850992082298), np.float64(1.72900988794792), np.float64(1.1342403995724708), np.float64(0.6474135783372796), np.float64(0.3032628044222774), np.float64(0.1448301930740259), np.float64(0.07585422471124659), np.float64(0.014840118248054868), np.float64(0.0010679011977794417), np.float64(6.34307596554251e-05), np.float64(3.153318230530999e-05), np.float64(9.931826327580495e-06), np.float64(3.405810887535665e-06), np.float64(1.267505697732929e-06), np.float64(5.039657016148169e-07), np.float64(2.099135389954654e-07), np.float64(7.860720518948483e-08), np.float64(2.6903005601042196e-08), np.float64(1.0022429997036397e-08), np.float64(3.992345121162089e-09), np.float64(1.958531559154153e-09), np.float64(6.145777220467608e-10), np.float64(2.11347384038163e-10), np.float64(7.90607579403968e-11), np.float64(3.157829553401825e-11), np.float64(1.5189183244501692e-11), np.float64(4.770850381419223e-12), np.float64(1.6298074001497298e-12), np.float64(5.933031843596837e-13), np.float64(2.1938006966593093e-13), np.float64(8.704148513061227e-14), np.float64(6.217248937900877e-15)]","[array([1., 1.]), array([0.70255458, 0.10606819]), array([ 0.54430156, -0.0594157 ]), array([0.20171059, 0.15787131]), array([ 0.06737427, -0.09600415]), array([-0.02366431,  0.0358632 ]), array([-0.20749902, -0.08759107]), array([-0.23923609,  0.00359531]), array([-0.33834984, -0.01300025]), array([-0.34006276, -0.00125891]), array([-0.34366397,  0.00189323]), array([-0.34463172, -0.00094079]), array([-0.34527646,  0.00046613]), array([-3.45706858e-01, -2.30501669e-04]), array([-3.45994376e-01,  1.13835248e-04]), array([-3.46186500e-01, -5.61696275e-05]), array([-3.46400488e-01,  8.36124424e-05]), array([-3.46457908e-01, -4.12061131e-05]), array([-3.46496279e-01,  2.03037771e-05]), array([-3.46521922e-01, -1.00032595e-05]), array([-3.46550484e-01,  1.48822070e-05]), array([-3.46558148e-01, -7.33095768e-06]), array([-3.46563270e-01,  3.61113728e-06]), array([-3.46566693e-01, -1.77877307e-06]), array([-3.46568981e-01,  8.76178488e-07]), array([-3.46571529e-01, -1.30341950e-06]), array([-3.46572213e-01,  6.42021973e-07]), array([-3.46572670e-01, -3.16238448e-07]), array([-3.46572975e-01,  1.55768216e-07]), array([-3.46573179e-01, -7.67260112e-08]), array([-3.46573406e-01,  1.14138247e-07]), array([-3.46573467e-01, -5.62204616e-08])]"
0.3,0.7,1.6431300764452317e-14,32,0.28967570416894883,2.559266696658263,"[np.float64(47.29850992082298), np.float64(3.42009543832096), np.float64(1.3172351545793979), np.float64(0.5452536624450879), np.float64(0.08875266627292122), np.float64(0.024115506720373325), np.float64(0.007494744085139615), np.float64(0.002345015516628024), np.float64(0.0008972234939026436), np.float64(0.000366434349967637), np.float64(0.0001385965271860634), np.float64(5.428710729216135e-05), np.float64(2.5863818541083106e-05), np.float64(7.963052865989084e-06), np.float64(3.517634231009481e-06), np.float64(1.1847327341385494e-06), np.float64(4.885305759927405e-07), np.float64(1.7896719395338323e-07), np.float64(6.961116971737624e-08), np.float64(3.26708584630353e-08), np.float64(1.0161678609676983e-08), np.float64(4.410864562487404e-09), np.float64(1.5144845377790261e-09), np.float64(6.143521247281569e-10), np.float64(2.2945734201584855e-10), np.float64(1.0690914820088437e-10), np.float64(2.4482194049824102e-11), np.float64(8.450129485026991e-12), np.float64(3.391509295624928e-12), np.float64(1.255884285455977e-12), np.float64(5.568878691519785e-13), np.float64(1.0480505352461478e-13), np.float64(1.6431300764452317e-14)]","[array([1., 1.]), array([0.76645779, 0.29812061]), array([ 0.62130829, -0.03801273]), array([-0.07600697,  0.23927837]), array([-0.1708738 , -0.08439029]), array([-0.21214383,  0.01204629]), array([-0.29522677, -0.02606469]), array([-0.31117858,  0.01114971]), array([-0.32192534, -0.00450455]), array([-0.33254864,  0.00443237]), array([-0.33678512, -0.00165817]), array([-0.34099825,  0.00158299]), array([-0.34339885, -0.00149821]), array([-0.34435628,  0.00053822]), array([-0.34531031, -0.00050588]), array([-3.45690848e-01,  1.80416255e-04]), array([-3.46070579e-01, -1.69107996e-04]), array([-3.46222053e-01,  6.01364992e-05]), array([-3.46373265e-01, -5.63053449e-05]), array([-3.46459435e-01,  5.27017798e-05]), array([-3.46493809e-01, -1.87135029e-05]), array([-3.46528126e-01,  1.75114640e-05]), array([-3.46541815e-01, -6.21639210e-06]), array([-3.46555483e-01,  5.81651209e-06]), array([-3.46560935e-01, -2.06458719e-06]), array([-3.46568711e-01,  3.64439836e-06]), array([-3.46570180e-01, -1.29352404e-06]), array([-3.46571207e-01,  4.59114205e-07]), array([-3.46572232e-01, -4.29554781e-07]), array([-3.46572641e-01,  1.52461919e-07]), array([-3.46573224e-01, -2.69120036e-07]), array([-3.46573335e-01,  9.55184379e-08]), array([-3.46573412e-01, -3.39022255e-08])]"
0.3,0.8,4.440892098500626e-16,38,0.2672528373831069,2.559266696658247,"[np.float64(47.29850992082298), np.float64(1.83685695667815), np.float64(1.18192339300029), np.float64(0.7311925740981593), np.float64(0.4329689489070834), np.float64(0.22840374748226644), np.float64(0.12993783600212705), np.float64(0.054841922471714266), np.float64(0.026944527904377846), np.float64(0.009440048244075072), np.float64(0.004397442771191695), np.float64(0.0017678054596634851), np.float64(0.0006968499232056224), np.float64(0.00027414851436713406), np.float64(0.00010879043714595582), np.float64(4.998307690229353e-05), np.float64(1.8629786263879566e-05), np.float64(7.125104187988285e-06), np.float64(2.794202354827746e-06), np.float64(1.2591407498874219e-06), np.float64(4.690281265595786e-07), np.float64(1.8006693291994225e-07), np.float64(8.57197637316176e-08), np.float64(3.119031255494065e-08), np.float64(1.172618713241036e-08), np.float64(4.5420791572325925e-09), np.float64(2.101910645535554e-09), np.float64(7.732823270600875e-10), np.float64(2.937552423531997e-10), np.float64(1.1482015338515339e-10), np.float64(5.1672444101313886e-11), np.float64(1.9206858326015208e-11), np.float64(7.352785047487487e-12), np.float64(3.47588624549644e-12), np.float64(1.2456702336294256e-12), np.float64(4.4941828036826337e-13), np.float64(1.5498713423767185e-13), np.float64(5.5067062021407764e-14), np.float64(4.440892098500626e-16)]","[array([1., 1.]), array([0.70962148, 0.1273068 ]), array([ 0.51687321, -0.1101345 ]), array([0.33394664, 0.10033765]), array([ 0.16261476, -0.09866864]), array([0.03770342, 0.06613183]), array([-0.10254824, -0.08497468]), array([-0.17600309,  0.05060357]), array([-0.2372301, -0.0425209]), array([-0.26858627,  0.01629501]), array([-0.30238331, -0.01775718]), array([-0.31782234,  0.01094461]), array([-0.32779501, -0.00646956]), array([-0.33427878,  0.00372094]), array([-0.33851297, -0.00210196]), array([-0.34197833,  0.0019923 ]), array([-0.34355988, -0.00110149]), array([-0.34459603,  0.00060628]), array([-3.45275606e-01, -3.32727899e-04]), array([-3.45833034e-01,  3.10997955e-04]), array([-3.46087489e-01, -1.70081885e-04]), array([-3.46254487e-01,  9.29492342e-05]), array([-3.4639151e-01, -8.6702892e-05]), array([-3.46454060e-01,  4.73421044e-05]), array([-3.46495120e-01, -2.58454801e-05]), array([-3.46522075e-01,  1.41081850e-05]), array([-3.46544195e-01, -1.31527956e-05]), array([-3.46554292e-01,  7.17867440e-06]), array([-3.46560921e-01, -3.91794214e-06]), array([-3.46565273e-01,  2.13827534e-06]), array([-3.46568844e-01, -1.99329541e-06]), array([-3.46570474e-01,  1.08784628e-06]), array([-3.46571545e-01, -5.93692262e-07]), array([-3.46572423e-01,  5.53431384e-07]), array([-3.46572824e-01, -3.02033589e-07]), array([-3.46573087e-01,  1.64833778e-07]), array([-3.46573260e-01, -8.99573919e-08]), array([-3.46573402e-01,  8.38566882e-08]), array([-3.46573467e-01, -4.57644201e-08])]"
0.3,0.9,2.4868995751603507e-14,38,0.33641054586354024,2.5592666966582716,"[np.float64(47.29850992082298), np.float64(1.9935204552119412), np.float64(1.2538386042978327), np.float64(0.7931959928843835), np.float64(0.45703118516718), np.float64(0.25787481290065317), np.float64(0.12245335294799098), np.float64(0.061078444638958285), np.float64(0.027216502522554364), np.float64(0.012470521457569994), np.float64(0.005365760637347172), np.float64(0.002199924110608542), np.float64(0.000877634026460683), np.float64(0.0003968237799440999), np.float64(0.0001507818286823337), np.float64(5.78415816532285e-05), np.float64(2.5219196448045267e-05), np.float64(9.542588426114662e-06), np.float64(4.156310826175513e-06), np.float64(1.5629515734971733e-06), np.float64(6.807445092071873e-07), np.float64(2.552217837070714e-07), np.float64(1.1121258713941984e-07), np.float64(4.1625496827180086e-08), np.float64(1.8150061897870273e-08), np.float64(6.785618289484319e-09), np.float64(2.960903522364333e-09), np.float64(1.1059384519285231e-09), np.float64(4.829319166788082e-10), np.float64(1.802158422492539e-10), np.float64(7.87423459769343e-11), np.float64(2.934452680847244e-11), np.float64(1.2817302774692507e-11), np.float64(4.756195437494171e-12), np.float64(2.064570736592941e-12), np.float64(7.491784970170556e-13), np.float64(3.1086244689504383e-13), np.float64(9.592326932761353e-14), np.float64(2.4868995751603507e-14)]","[array([1., 1.]), array([0.7183059 , 0.15340665]), array([ 0.5262148 , -0.12434571]), array([0.32923206, 0.12747705]), array([ 0.16567535, -0.10836107]), array([0.01964152, 0.10038869]), array([-0.08303706, -0.06631249]), array([-0.17000811,  0.05533044]), array([-0.22779488, -0.03752692]), array([-0.27019047,  0.02835718]), array([-0.29729881, -0.01931832]), array([-0.31464598,  0.01227156]), array([-0.32580679, -0.00744357]), array([-0.33383346,  0.00569443]), array([-0.33826363, -0.00327862]), array([-0.341145  ,  0.00186469]), array([-0.34323333, -0.00137617]), array([-0.3443896 ,  0.00077195]), array([-0.34522906, -0.00056536]), array([-3.45694138e-01,  3.15374922e-04]), array([-3.46032050e-01, -2.30260292e-04]), array([-3.46219312e-01,  1.28157873e-04]), array([-3.46355416e-01, -9.34536771e-05]), array([-3.46430850e-01,  5.19672437e-05]), array([-3.46485683e-01, -3.78758927e-05]), array([-3.46516076e-01,  2.10541553e-05]), array([-3.46538169e-01, -1.53420436e-05]), array([-3.46550415e-01,  8.52696242e-06]), array([-3.46559318e-01, -6.21304299e-06]), array([-3.46564252e-01,  3.45294599e-06]), array([-3.46567839e-01, -2.51585460e-06]), array([-3.46569827e-01,  1.39817201e-06]), array([-3.46571273e-01, -1.01871010e-06]), array([-3.46572074e-01,  5.66136955e-07]), array([-3.46572656e-01, -4.12485986e-07]), array([-3.46572979e-01,  2.29233670e-07]), array([-3.46573214e-01, -1.67018726e-07]), array([-3.46573344e-01,  9.28183192e-08]), array([-3.46573439e-01, -6.76269941e-08])]"
0.4,0.1,7.860379014346108e-14,59,0.5134603092445894,2.5592666966583253,"[np.float64(47.29850992082298), np.float64(28.155315752341117), np.float64(20.391617851172185), np.float64(16.003896184863308), np.float64(2.0734565128208473), np.float64(1.6709707654982102), np.float64(1.4615160010027646), np.float64(1.326048567977998), np.float64(0.7220277696281454), np.float64(0.6364493440053569), np.float64(0.37230050089526845), np.float64(0.32577586857085095), np.float64(0.1739077043065116), np.float64(0.08549786691540673), np.float64(0.04235813552049983), np.float64(0.02226166599348911), np.float64(0.012138077587299456), np.float64(0.006695334434160927), np.float64(0.0037027977714139126), np.float64(0.002049073484261754), np.float64(0.0011341808690086275), np.float64(0.0006278490855478047), np.float64(0.0003475796819980559), np.float64(0.0001924278579741312), np.float64(0.00010653431199880714), np.float64(5.8981456392714904e-05), np.float64(3.2654566991752176e-05), np.float64(1.8078971621093842e-05), np.float64(1.0009312942038662e-05), np.float64(5.54160067789411e-06), np.float64(3.0680781462066875e-06), np.float64(1.6986258639661855e-06), np.float64(9.404357181885814e-07), np.float64(5.206675748326006e-07), np.float64(2.882650309565804e-07), np.float64(1.5959650845331907e-07), np.float64(8.835981279986527e-08), np.float64(4.891996496780848e-08), np.float64(2.708428592512746e-08), np.float64(1.499506874225176e-08), np.float64(8.301932474807927e-09), np.float64(4.596310887450272e-09), np.float64(2.544711108498632e-09), np.float64(1.4088530342348804e-09), np.float64(7.799907386640825e-10), np.float64(4.318243540524236e-10), np.float64(2.3906343571411526e-10), np.float64(1.3234213724899746e-10), np.float64(7.325695605686633e-11), np.float64(4.0544456680891017e-11), np.float64(2.2433610524785763e-11), np.float64(1.240607616637135e-11), np.float64(6.8549610432455665e-12), np.float64(3.780975532663433e-12), np.float64(2.0796697697278432e-12), np.float64(1.1373124664260104e-12), np.float64(6.159517340620368e-13), np.float64(3.268496584496461e-13), np.float64(1.6697754290362354e-13), np.float64(7.860379014346108e-14)]","[array([1., 1.]), array([0.95080797, 0.85216002]), array([0.92079269, 0.76215514]), array([0.89856243, 0.69576895]), array([0.72029897, 0.16646332]), array([0.68277774, 0.10840196]), array([0.64961805, 0.07283596]), array([0.61886117, 0.04993968]), array([ 0.32779102, -0.10165371]), array([ 0.30801703, -0.07831724]), array([0.12143894, 0.09685242]), array([0.10815056, 0.07878952]), array([-0.01793674, -0.06552739]), array([-0.10701145,  0.03997679]), array([-0.17008069, -0.01866634]), array([-0.21572423,  0.0069941 ]), array([-0.24933982, -0.00218751]), array([-0.2742668 ,  0.00058906]), array([-2.92788380e-01, -1.40214309e-04]), array([-3.06560100e-01,  3.01893938e-05]), array([-3.16803352e-01, -5.99823197e-06]), array([-3.24423476e-01,  1.11849601e-06]), array([-3.30092744e-01, -1.98493061e-07]), array([-3.34310823e-01,  3.39041590e-08]), array([-3.37449271e-01, -5.62400903e-09]), array([-3.39784460e-01,  9.12362213e-10]), array([-3.41521993e-01, -1.45535867e-10]), array([-3.42814837e-01,  2.29222689e-11]), array([-3.43776804e-01, -3.57604571e-12]), array([-3.44492577e-01,  5.53895126e-13]), array([-3.45025165e-01, -8.53268829e-14]), array([-3.45421448e-01,  1.31054905e-14]), array([-3.45716312e-01, -2.01574714e-15]), array([-3.45935712e-01,  2.93516753e-16]), array([-3.46098962e-01, -3.95501545e-17]), array([-3.46220432e-01,  2.70632270e-17]), array([-3.46310815e-01,  4.85876652e-18]), array([-3.46378066e-01,  4.85876652e-18]), array([-3.46428106e-01,  4.85876652e-18]), array([-3.46465339e-01,  4.85876652e-18]), array([-3.46493044e-01,  4.85876652e-18]), array([-3.46513658e-01,  4.85876652e-18]), array([-3.46528996e-01,  4.85876652e-18]), array([-3.46540409e-01,  4.85876652e-18]), array([-3.46548901e-01,  4.85876652e-18]), array([-3.46555220e-01,  4.85876652e-18]), array([-3.46559921e-01,  4.85876652e-18]), array([-3.46563419e-01,  4.85876652e-18]), array([-3.46566022e-01,  4.85876652e-18]), array([-3.46567959e-01,  4.85876652e-18]), array([-3.46569400e-01,  4.85876652e-18]), array([-3.46570473e-01,  4.85876652e-18]), array([-3.46571271e-01,  4.85876652e-18]), array([-3.46571864e-01,  4.85876652e-18]), array([-3.46572306e-01,  4.85876652e-18]), array([-3.46572635e-01,  4.85876652e-18]), array([-3.46572879e-01,  4.85876652e-18]), array([-3.46573061e-01,  4.85876652e-18]), array([-3.46573197e-01,  4.85876652e-18]), array([-3.46573297e-01,  4.85876652e-18])]"
0.4,0.2,9.85878045867139e-14,50,0.5709325883920815,2.5592666966583453,"[np.float64(47.29850992082298), np.float64(20.48931390927993), np.float64(2.6160293475925727), np.float64(2.0023786216483366), np.float64(1.1821308888344917), np.float64(0.8636088724746251), np.float64(0.1651436972855529), np.float64(0.12414069808901118), np.float64(0.03313690181256046), np.float64(0.02357406832817821), np.float64(0.007987855333060345), np.float64(0.004934289095974265), np.float64(0.0035928877822666294), np.float64(0.0011678215349686383), np.float64(0.0007510206288974253), np.float64(0.0005525572335911555), np.float64(0.00017494347974089663), np.float64(0.00011488621879429672), np.float64(8.512899219947911e-05), np.float64(2.6420635951929228e-05), np.float64(1.760565275121806e-05), np.float64(7.23327832830023e-06), np.float64(4.0070312472550995e-06), np.float64(2.7006428626741297e-06), np.float64(1.07914306468615e-06), np.float64(6.08537129132003e-07), np.float64(4.14509286894571e-07), np.float64(1.6132338220842257e-07), np.float64(9.251930510600914e-08), np.float64(6.36540757881221e-08), np.float64(2.4154941158371912e-08), np.float64(1.4080234755908805e-08), np.float64(9.779688614486304e-09), np.float64(3.62184593427628e-09), np.float64(2.144804334136552e-09), np.float64(1.503182467388342e-09), np.float64(5.437783556772047e-10), np.float64(3.269784443205026e-10), np.float64(2.311209001959469e-10), np.float64(8.172662546712672e-11), np.float64(4.986766555248323e-11), np.float64(3.552713678800501e-11), np.float64(1.2276402117095131e-11), np.float64(7.58904050712772e-12), np.float64(5.440980999082967e-12), np.float64(1.823874384854207e-12), np.float64(1.1333156635373598e-12), np.float64(8.109068971862143e-13), np.float64(2.4868995751603507e-13), np.float64(1.474376176702208e-13), np.float64(9.85878045867139e-14)]","[array([1., 1.]), array([0.92129274, 0.76345604]), array([0.74266617, 0.22997983]), array([0.70815277, 0.16188987]), array([ 0.56134141, -0.06075388]), array([0.45297818, 0.00901574]), array([-0.00150329, -0.03718548]), array([-0.03798381, -0.01294596]), array([-0.19871822,  0.02766286]), array([-0.21411395,  0.0128719 ]), array([-0.28233016, -0.02098406]), array([-0.28901952, -0.01066916]), array([-0.2949424 , -0.00546216]), array([-0.32141792,  0.00778629]), array([-0.32400772,  0.00410768]), array([-0.32632197,  0.00217217]), array([-0.33669408, -0.00293347]), array([-0.33770747, -0.00156868]), array([-0.33861569, -0.0008396 ]), array([-0.34268983,  0.00110974]), array([-0.3430877 ,  0.00059653]), array([-0.34487238, -0.00078228]), array([-0.34504667, -0.00042129]), array([-3.45203026e-01, -2.26920062e-04]), array([-3.45904614e-01,  2.96470890e-04]), array([-3.45973117e-01,  1.59804823e-04]), array([-3.46034594e-01,  8.61436327e-05]), array([-3.46310490e-01, -1.12381422e-04]), array([-3.46337426e-01, -6.05972729e-05]), array([-3.46361603e-01, -3.26754546e-05]), array([-3.46470111e-01,  4.26031844e-05]), array([-3.46480705e-01,  2.29752294e-05]), array([-3.46490213e-01,  1.23902931e-05]), array([-3.46532890e-01, -1.61511446e-05]), array([-3.46537057e-01, -8.71052619e-06]), array([-3.46540797e-01, -4.69771887e-06]), array([-3.46557582e-01,  6.12307988e-06]), array([-3.46559221e-01,  3.30232773e-06]), array([-3.46560692e-01,  1.78102914e-06]), array([-3.46567294e-01, -2.32133948e-06]), array([-3.46567939e-01, -1.25196592e-06]), array([-3.46568517e-01, -6.75222017e-07]), array([-3.46571114e-01,  8.80051772e-07]), array([-3.46571367e-01,  4.74639074e-07]), array([-3.46571595e-01,  2.55987552e-07]), array([-3.46572616e-01, -3.33640000e-07]), array([-3.46572716e-01, -1.79942577e-07]), array([-3.46572805e-01, -9.70487164e-08]), array([-3.46573207e-01,  1.26487652e-07]), array([-3.46573246e-01,  6.82188154e-08]), array([-3.46573282e-01,  3.67925790e-08])]"
0.4,0.3,1.5543122344752192e-13,19,0.20318317780707773,2.559266696658402,"[np.float64(47.29850992082298), np.float64(13.05522900674833), np.float64(3.2470841074298464), np.float64(1.3137710418173736), np.float64(0.1393560096672788), np.float64(0.009564724744302922), np.float64(0.003339319086260062), np.float64(0.00048129384248696283), np.float64(0.000104742883824116), np.float64(1.0055395354147123e-05), np.float64(3.3268628518712262e-06), np.float64(2.1925625670604632e-07), np.float64(1.0611498879598003e-07), np.float64(6.04939298654017e-09), np.float64(3.3885081407447615e-09), np.float64(1.8533619083882513e-10), np.float64(2.5857538332729746e-11), np.float64(5.8264504332328215e-12), np.float64(4.121147867408581e-13), np.float64(1.5543122344752192e-13)]","[array([1., 1.]), array([0.88046336, 0.64074885]), array([0.76006316, 0.28594796]), array([ 0.626141  , -0.01716343]), array([-0.24550696,  0.13976077]), array([-0.28019036, -0.02524512]), array([-0.29584504,  0.00274424]), array([-0.3348238 , -0.00723064]), array([-0.33755765,  0.00035311]), array([-0.34448022, -0.00087795]), array([-3.44962796e-01,  3.39557251e-05]), array([-3.46199534e-01, -8.35507727e-05]), array([-3.46285696e-01,  3.08225534e-06]), array([-3.46506735e-01, -7.57003409e-06]), array([-3.46522134e-01,  2.76853632e-07]), array([-3.46561641e-01, -6.79727668e-07]), array([-3.46570815e-01,  1.66876631e-06]), array([-3.46571455e-01, -6.09197965e-08]), array([-3.46573094e-01,  1.49559162e-07]), array([-3.46573209e-01, -5.45943677e-09])]"
0.4,0.4,4.884981308350689e-14,37,0.3729626500915145,2.5592666966582955,"[np.float64(47.29850992082298), np.float64(5.0293612448093326), np.float64(2.4113755713705487), np.float64(1.3077295631678556), np.float64(0.3736601932174657), np.float64(0.2288102701873056), np.float64(0.07999458049278863), np.float64(0.033587791594801075), np.float64(0.01778311493820972), np.float64(0.006305146954601604), np.float64(0.0023047100710158475), np.float64(0.0008885529425661787), np.float64(0.00037357666619897145), np.float64(0.00018667623158163948), np.float64(6.80087201088142e-05), np.float64(2.5812968301508477e-05), np.float64(1.0502389995892258e-05), np.float64(5.504956757107493e-06), np.float64(1.992413523943526e-06), np.float64(7.465672480222452e-07), np.float64(2.971597288237149e-07), np.float64(1.6227989263484233e-07), np.float64(5.839252636974379e-08), np.float64(2.164343015920167e-08), np.float64(8.457355704649672e-09), np.float64(3.5954776933522226e-09), np.float64(1.7140227015488563e-09), np.float64(6.293996435147164e-10), np.float64(2.419842104472991e-10), np.float64(1.0035883235559595e-10), np.float64(5.036104866462665e-11), np.float64(1.8326229422882534e-11), np.float64(6.927791673660977e-12), np.float64(2.7915447731174936e-12), np.float64(1.4521717162097048e-12), np.float64(5.053735208093713e-13), np.float64(1.6964207816272392e-13), np.float64(4.884981308350689e-14)]","[array([1., 1.]), array([0.79850943, 0.39444745]), array([0.72914084, 0.21166801]), array([0.62423731, 0.0161421 ]), array([ 0.16062002, -0.06241685]), array([0.07154613, 0.01442826]), array([-0.10499053, -0.02597205]), array([-0.20567137,  0.03502541]), array([-0.22934762,  0.00524826]), array([-0.27748817, -0.0056258 ]), array([-0.30583121,  0.00548272]), array([-0.32254797, -0.00504073]), array([-0.33241097,  0.00447391]), array([-0.33473827,  0.00112919]), array([-0.33958593, -0.00097632]), array([-0.34244816,  0.00083533]), array([-0.3441381 , -0.00071028]), array([-3.44537207e-01, -1.85476769e-04]), array([-3.45371103e-01,  1.56992791e-04]), array([-3.45863524e-01, -1.32641516e-04]), array([-3.46154300e-01,  1.11946913e-04]), array([-3.46222981e-01,  2.93997297e-05]), array([-3.46366550e-01, -2.47933269e-05]), array([-3.46451330e-01,  2.09021028e-05]), array([-3.46501394e-01, -1.76183264e-05]), array([-3.46530957e-01,  1.48488147e-05]), array([-3.46537940e-01,  3.90374993e-06]), array([-3.46552538e-01, -3.28983729e-06]), array([-3.46561159e-01,  2.77238146e-06]), array([-3.46566249e-01, -2.33627179e-06]), array([-3.46567452e-01, -6.14266085e-07]), array([-3.46569965e-01,  5.17631792e-07]), array([-3.46571450e-01, -4.36197286e-07]), array([-3.46572326e-01,  3.67572969e-07]), array([-3.46572533e-01,  9.66460563e-08]), array([-3.46572966e-01, -8.14411159e-08]), array([-3.46573222e-01,  6.86282435e-08]), array([-3.46573373e-01, -5.78311473e-08])]"
0.4,0.5,2.220446049250313e-14,32,0.2878283997369138,2.559266696658269,"[np.float64(47.29850992082298), np.float64(5.624629928592455), np.float64(1.714433749141845), np.float64(1.1997784096280997), np.float64(0.08240907000091235), np.float64(0.038351754666100746), np.float64(0.01754080669526159), np.float64(0.007907220627855871), np.float64(0.003557896310594), np.float64(0.0010700685322833081), np.float64(0.0003525617843358475), np.float64(0.0001517156189372315), np.float64(5.288478892806481e-05), np.float64(1.5635014373849287e-05), np.float64(6.525975380533566e-06), np.float64(2.8788202230956017e-06), np.float64(7.228825822380713e-07), np.float64(2.825312450660533e-07), np.float64(1.230425961118442e-07), np.float64(3.469535991840189e-08), np.float64(1.2286052175625173e-08), np.float64(5.2717856746653524e-09), np.float64(1.6876851027802786e-09), np.float64(5.373896883043017e-10), np.float64(2.2651036601928354e-10), np.float64(1.0049294729697067e-10), np.float64(2.34035013590983e-11), np.float64(9.738876372011873e-12), np.float64(4.259703700881801e-12), np.float64(1.0826894936144527e-12), np.float64(3.9168668308775523e-13), np.float64(1.5276668818842154e-13), np.float64(2.220446049250313e-14)]","[array([1., 1.]), array([0.80784362, 0.42250009]), array([0.69257627, 0.11135823]), array([ 0.58731545, -0.00405243]), array([-0.10098364,  0.02563529]), array([-0.18094708, -0.0215887 ]), array([-0.23457101,  0.01511407]), array([-0.27066047, -0.00923096]), array([-0.29503522,  0.00510772]), array([-0.32806447, -0.0103767 ]), array([-0.33106473, -0.00276685]), array([-0.33603194,  0.00127858]), array([-0.34277917, -0.00244169]), array([-0.34338826, -0.00067748]), array([-3.44407604e-01,  3.00923693e-04]), array([-3.45100587e-01, -1.33221693e-04]), array([-3.46043065e-01,  2.50912304e-04]), array([-3.46127947e-01,  7.02113355e-05]), array([-3.46270516e-01, -3.09090809e-05]), array([-3.46464429e-01,  5.81105489e-05]), array([-3.46481891e-01,  1.62783721e-05]), array([-3.46511227e-01, -7.15791816e-06]), array([-3.46551128e-01,  1.34522664e-05]), array([-3.46554721e-01,  3.76919150e-06]), array([-3.46560757e-01, -1.65699192e-06]), array([-3.46564863e-01,  7.28423575e-07]), array([-3.46570447e-01, -1.36885370e-06]), array([-3.46570950e-01, -3.83558253e-07]), array([-3.46571794e-01,  1.68608878e-07]), array([-3.46572943e-01, -3.16846466e-07]), array([-3.46573047e-01, -8.87822099e-08]), array([-3.46573221e-01,  3.90276206e-08]), array([-3.46573457e-01, -7.33397718e-08])]"
0.4,0.6,1.4210854715202004e-14,24,0.17377831016963585,2.559266696658261,"[np.float64(47.29850992082298), np.float64(6.619182395988725), np.float64(1.5591112885731313), np.float64(0.9703982967195901), np.float64(0.5984638703648941), np.float64(0.14456218077759075), np.float64(0.059035066896556465), np.float64(0.017385084483994895), np.float64(0.007056556011632686), np.float64(5.8980725329504935e-05), np.float64(2.313227162797915e-05), np.float64(9.517449758078556e-06), np.float64(4.0474023301761974e-06), np.float64(1.3139326373590166e-06), np.float64(4.931551957909619e-07), np.float64(6.216435721739799e-08), np.float64(2.5784503421277805e-09), np.float64(1.020096007664506e-09), np.float64(4.2368242247903254e-10), np.float64(1.6115553336248922e-10), np.float64(5.0379256322230503e-11), np.float64(9.351186491812769e-12), np.float64(2.646771690706373e-13), np.float64(8.08242361927114e-14), np.float64(1.4210854715202004e-14)]","[array([1., 1.]), array([0.82153275, 0.46364091]), array([0.68073672, 0.07280273]), array([ 0.43173045, -0.11078113]), array([0.32187935, 0.02125113]), array([-0.07687917, -0.08196877]), array([-0.1351634 ,  0.01513312]), array([-0.25325576, -0.03139053]), array([-0.2723385 , -0.00048387]), array([-0.34079732,  0.00167685]), array([-0.34271532, -0.00084047]), array([-0.34399557,  0.00041883]), array([-3.44850781e-01, -2.07916493e-04]), array([-3.45803207e-01,  3.10189941e-04]), array([-3.45956563e-01,  3.21887497e-05]), array([-3.46525055e-01, -1.01348565e-04]), array([-3.46534718e-01, -1.05826061e-05]), array([-3.46547611e-01,  5.21322837e-06]), array([-3.46556228e-01, -2.56805253e-06]), array([-3.46565826e-01,  3.82036442e-06]), array([-3.46567371e-01,  3.99054042e-07]), array([-3.46573101e-01, -1.25543911e-06]), array([-3.46573198e-01, -1.31144374e-07]), array([-3.46573328e-01,  6.45971185e-08]), array([-3.46573415e-01, -3.18182621e-08])]"
0.4,0.7,6.52811138479592e-14,21,0.10079080443549542,2.559266696658312,"[np.float64(47.29850992082298), np.float64(7.894564855777386), np.float64(1.818132530884399), np.float64(1.162281764854022), np.float64(0.589091459198817), np.float64(0.3221839231002517), np.float64(0.09110959378688666), np.float64(0.024217481684449815), np.float64(0.007741225884295488), np.float64(0.002067220910236145), np.float64(3.0740395212447424e-05), np.float64(5.346836640107711e-07), np.float64(2.1562945073938522e-07), np.float64(8.116922689538342e-08), np.float64(3.100287404578239e-08), np.float64(1.246969194568237e-08), np.float64(4.614954196568988e-09), np.float64(1.0759038104879437e-09), np.float64(8.290212960559984e-11), np.float64(1.0078160528337321e-11), np.float64(1.666666804567285e-12), np.float64(6.52811138479592e-14)]","[array([1., 1.]), array([0.83652045, 0.50868443]), array([0.70267724, 0.12858628]), array([ 0.56220053, -0.04632072]), array([0.24571084, 0.10990913]), array([ 0.14581122, -0.02443327]), array([-0.17047513,  0.08621145]), array([-0.21200974, -0.01239127]), array([-0.29518919,  0.02681689]), array([-3.06383281e-01,  1.24280641e-05]), array([-3.41672978e-01, -3.86789012e-05]), array([-3.45974895e-01,  1.14862188e-04]), array([-3.46232428e-01, -1.07599569e-04]), array([-3.46335158e-01,  3.82398760e-05]), array([-3.46437718e-01, -3.57953293e-05]), array([-3.46478629e-01,  1.27113641e-05]), array([-3.46536981e-01, -2.24409256e-05]), array([-3.46544697e-01, -1.15605548e-06]), array([-3.46570060e-01,  3.41075935e-06]), array([-3.46570804e-01,  1.75813983e-07]), array([-3.46573250e-01, -5.18693296e-07]), array([-3.46573322e-01, -2.67385872e-08])]"
0.4,0.8,1.554312234475219e-14,24,0.3183486960446475,2.5592666966582622,"[np.float64(47.29850992082298), np.float64(6.0645394694687), np.float64(1.3694879828341988), np.float64(0.5845342438044154), np.float64(0.2084270485929709), np.float64(0.024801400651577765), np.float64(0.0022189820527596105), np.float64(0.000494486101038305), np.float64(3.3564699464250225e-05), np.float64(1.7807074481623886e-07), np.float64(4.6719123236727e-08), np.float64(1.8238673682446915e-08), np.float64(7.215402497706691e-09), np.float64(2.917744268415845e-09), np.float64(1.1831216006896739e-09), np.float64(4.60247839839667e-10), np.float64(1.8356116626705443e-10), np.float64(7.771250309929201e-11), np.float64(2.7354563059134307e-11), np.float64(9.316103444234614e-12), np.float64(1.8038903704109543e-12), np.float64(7.109868249699502e-13), np.float64(2.7000623958883807e-13), np.float64(8.615330671091215e-14), np.float64(1.554312234475219e-14)]","[array([1., 1.]), array([0.81415775, 0.44147635]), array([ 0.63801976, -0.04062577]), array([0.1392943 , 0.17000786]), array([ 0.05301372, -0.01265255]), array([-0.29152799,  0.05856695]), array([-0.30543257, -0.00296614]), array([-0.33996131,  0.00869773]), array([-3.41452626e-01,  3.51990972e-05]), array([-3.46820834e-01, -1.31695985e-04]), array([-3.46752903e-01,  3.11185218e-05]), array([-3.46675912e-01, -2.89973349e-05]), array([-3.46640765e-01,  1.58205740e-05]), array([-3.46617691e-01, -8.63236164e-06]), array([-3.46598755e-01,  8.04619364e-06]), array([-3.46590111e-01, -4.39085959e-06]), array([-3.46584436e-01,  2.39617897e-06]), array([-3.46579779e-01, -2.23362387e-06]), array([-3.46578079e-01,  5.28449962e-07]), array([-3.46575067e-01, -1.06695119e-06]), array([-3.46574661e-01,  2.52434714e-07]), array([-3.46574294e-01, -1.37764648e-07]), array([-3.46573992e-01,  1.28421490e-07]), array([-3.46573854e-01, -7.00853485e-08]), array([-3.46573763e-01,  3.82487228e-08])]"
0.4,0.9,7.149836278586008e-14,36,0.37120797328952704,2.559266696658318,"[np.float64(47.29850992082298), np.float64(4.801034850119377), np.float64(1.3524351325974995), np.float64(0.6198929242798679), np.float64(0.20896662974023972), np.float64(0.1054080294488493), np.float64(0.048105282378567704), np.float64(0.02179260206202205), np.float64(0.00967477826081975), np.float64(0.0041467444761487116), np.float64(0.0017293657519257266), np.float64(0.0007107070992247166), np.float64(0.00029906312963001724), np.float64(0.00011923059114149481), np.float64(5.009764005858841e-05), np.float64(1.9671089425798982e-05), np.float64(7.844878521900966e-06), np.float64(3.2225005019981268e-06), np.float64(1.2800357502840143e-06), np.float64(5.259606759011604e-07), np.float64(2.085070702761982e-07), np.float64(8.571412379865251e-08), np.float64(3.394059566730334e-08), np.float64(1.3959983391487185e-08), np.float64(5.5232920459502566e-09), np.float64(2.273053745227571e-09), np.float64(8.987148802930278e-10), np.float64(3.700595385680572e-10), np.float64(1.4620660238051641e-10), np.float64(6.022382592618669e-11), np.float64(2.37636577082867e-11), np.float64(9.778844400898379e-12), np.float64(3.8404834867833415e-12), np.float64(1.5658585539313208e-12), np.float64(5.990763440877345e-13), np.float64(2.291500322826323e-13), np.float64(7.149836278586008e-14)]","[array([1., 1.]), array([0.794645  , 0.38283345]), array([ 0.63086864, -0.04379434]), array([0.13910513, 0.1803951 ]), array([ 0.03543737, -0.04857665]), array([-0.102561  ,  0.06254653]), array([-0.17472787, -0.03864468]), array([-0.22970365,  0.02575327]), array([-0.27078   , -0.01932384]), array([-0.2973218 ,  0.01312425]), array([-0.31449673, -0.00832995]), array([-0.32564395,  0.00505307]), array([-0.33370682, -0.00386672]), array([-0.33816701,  0.00222691]), array([-0.34140061, -0.00165504]), array([-0.34319116,  0.00093313]), array([-0.34436121, -0.00052349]), array([-0.34521129,  0.00038342]), array([-3.45682381e-01, -2.13893234e-04]), array([-3.46024763e-01,  1.56171204e-04]), array([-3.46214522e-01, -8.69232584e-05]), array([-3.46352458e-01,  6.33858066e-05]), array([-3.46428911e-01, -3.52475468e-05]), array([-3.46484488e-01,  2.56899989e-05]), array([-3.46515293e-01, -1.42804036e-05]), array([-3.46537687e-01,  1.04060684e-05]), array([-3.46550099e-01, -5.78360203e-06]), array([-3.46559123e-01,  4.21413783e-06]), array([-3.46564125e-01, -2.34204049e-06]), array([-3.46567761e-01,  1.70643709e-06]), array([-3.46569776e-01, -9.48343004e-07]), array([-3.46571241e-01,  6.90964135e-07]), array([-3.46572053e-01, -3.83995766e-07]), array([-3.46572644e-01,  2.79778379e-07]), array([-3.46572971e-01, -1.55483166e-07]), array([-3.46573209e-01,  1.13284409e-07]), array([-3.46573341e-01, -6.29562255e-08])]"
0.5,0.1,8.08242361927114e-14,62,0.5143039221514769,2.5592666966583275,"[np.float64(47.29850992082298), np.float64(28.155315752341117), np.float64(20.391617851172185), np.float64(16.003896184863308), np.float64(13.151135520136545), np.float64(11.139790469498267), np.float64(2.5115849189825834), np.float64(1.8405046978492816), np.float64(1.5448822705204375), np.float64(1.375170347032606), np.float64(1.2577959995143209), np.float64(0.6662544591587833), np.float64(0.5974008269938071), np.float64(0.5460729647411209), np.float64(0.2987598097321822), np.float64(0.15928085333259023), np.float64(0.0813877473212492), np.float64(0.04208294564656345), np.float64(0.02257563843244892), np.float64(0.012376977966916058), np.float64(0.006833602788856474), np.float64(0.0037796821639126676), np.float64(0.002091627762027315), np.float64(0.0011577304229017926), np.float64(0.000640883680760318), np.float64(0.000354795137175401), np.float64(0.0001964223266304188), np.float64(0.00010874572803842852), np.float64(6.020576481668982e-05), np.float64(3.3332389790086125e-05), np.float64(1.845424196833534e-05), np.float64(1.0217078637797528e-05), np.float64(5.656628865757796e-06), np.float64(3.1317628561566835e-06), np.float64(1.7338845670344938e-06), np.float64(9.599565191642512e-07), np.float64(5.314751687635066e-07), np.float64(2.942486014845258e-07), np.float64(1.6290928295248364e-07), np.float64(9.019391411513311e-08), np.float64(4.993540603237534e-08), np.float64(2.7646479772158727e-08), np.float64(1.530632509627594e-08), np.float64(8.474258184065775e-09), np.float64(4.69171812511604e-09), np.float64(2.5975328554750376e-09), np.float64(1.4380976409711366e-09), np.float64(7.96181787166006e-10), np.float64(4.4078785066403725e-10), np.float64(2.440261326341897e-10), np.float64(1.3509016127954965e-10), np.float64(7.477840568981264e-11), np.float64(4.1386449822766735e-11), np.float64(2.289946010591848e-11), np.float64(1.2664536086504086e-11), np.float64(6.997957768817287e-12), np.float64(3.860023412016744e-12), np.float64(2.1236346015029994e-12), np.float64(1.1617373729677638e-12), np.float64(6.292744103575387e-13), np.float64(3.348432642269472e-13), np.float64(1.7141843500212417e-13), np.float64(8.08242361927114e-14)]","[array([1., 1.]), array([0.95080797, 0.85216002]), array([0.92079269, 0.76215514]), array([0.89856243, 0.69576895]), array([0.88073608, 0.64283839]), array([0.86577575, 0.59873633]), array([0.73639893, 0.22059639]), array([0.69435578, 0.13996464]), array([0.65939551, 0.09296399]), array([0.627713  , 0.06330577]), array([0.59802888, 0.04387427]), array([ 0.31583563, -0.08645048]), array([ 0.29677619, -0.06692355]), array([ 0.27865921, -0.05215887]), array([0.10508103, 0.06055107]), array([-0.01780536, -0.04959952]), array([-0.10544158,  0.03005111]), array([-0.16841574, -0.01405503]), array([-0.21438863,  0.0052941 ]), array([-0.24833531, -0.00166488]), array([-0.27351933,  0.00045045]), array([-2.92232620e-01, -1.07635853e-04]), array([-3.06146777e-01,  2.32476792e-05]), array([-3.16495895e-01, -4.63052569e-06]), array([-3.24194740e-01,  8.65147948e-07]), array([-3.29922563e-01, -1.53765871e-07]), array([-3.34184202e-01,  2.62950474e-08]), array([-3.37355058e-01, -4.36569455e-09]), array([-3.39714360e-01,  7.08708548e-10]), array([-3.41469833e-01, -1.13107600e-10]), array([-3.42776027e-01,  1.78215338e-11]), array([-3.43747927e-01, -2.78109688e-12]), array([-3.4447109e-01,  4.3086715e-13]), array([-3.45009177e-01, -6.64017426e-14]), array([-3.45409552e-01,  1.02036461e-14]), array([-3.45707460e-01, -1.56471797e-15]), array([-3.45929126e-01,  2.11638869e-16]), array([-3.46094062e-01, -3.26101963e-17]), array([-3.46216786e-01,  1.17987247e-17]), array([-3.46308102e-01,  1.17987247e-17]), array([-3.46376047e-01,  1.17987247e-17]), array([-3.46426604e-01, -1.04057358e-17]), array([-3.46464222e-01, -1.04057358e-17]), array([-3.46492212e-01,  3.40031852e-17]), array([-3.46513039e-01,  1.17987247e-17]), array([-3.46528536e-01, -1.04057358e-17]), array([-3.46540066e-01,  1.17987247e-17]), array([-3.46548646e-01, -1.04057358e-17]), array([-3.46555030e-01, -1.04057358e-17]), array([-3.46559780e-01,  1.17987247e-17]), array([-3.46563314e-01,  1.17987247e-17]), array([-3.46565944e-01, -1.04057358e-17]), array([-3.46567901e-01, -1.04057358e-17]), array([-3.46569357e-01, -1.04057358e-17]), array([-3.46570440e-01, -1.04057358e-17]), array([-3.46571247e-01, -1.04057358e-17]), array([-3.46571846e-01,  3.40031852e-17]), array([-3.46572293e-01, -1.04057358e-17]), array([-3.46572625e-01, -1.04057358e-17]), array([-3.46572872e-01,  1.17987247e-17]), array([-3.46573056e-01,  1.17987247e-17]), array([-3.46573193e-01,  1.17987247e-17]), array([-3.46573294e-01, -3.26101963e-17])]"
0.5,0.2,9.325873406851315e-14,52,0.5720361070940325,2.55926669665834,"[np.float64(47.29850992082298), np.float64(20.48931390927993), np.float64(13.854200546345337), np.float64(3.2538432493851763), np.float64(2.2655120434623015), np.float64(1.8252467688200351), np.float64(1.130842843689523), np.float64(0.8429704106448068), np.float64(0.15678768563313694), np.float64(0.056482385120753875), np.float64(0.03153333188186824), np.float64(0.022609491540839244), np.float64(0.0075135134649158), np.float64(0.00470742654355405), np.float64(0.0034487113704022576), np.float64(0.0011020911338901485), np.float64(0.0007172119181815262), np.float64(0.0005305711023959603), np.float64(0.00016537977054120745), np.float64(0.00010978792743010501), np.float64(8.176268610027293e-05), np.float64(2.5006900397528398e-05), np.float64(1.6833743966770953e-05), np.float64(1.2606353577027107e-05), np.float64(3.7936692267592775e-06), np.float64(2.58336546021809e-06), np.float64(1.9442312519935e-06), np.float64(5.765549619951571e-07), np.float64(3.966972381697076e-07), np.float64(2.999190349406433e-07), np.float64(8.773338500134287e-08), np.float64(6.094743332241137e-08), np.float64(4.62750007201862e-08), np.float64(1.3363908646368827e-08), np.float64(9.368072539928107e-09), np.float64(7.141128133270058e-09), np.float64(2.0374919529331237e-09), np.float64(1.4405303616626952e-09), np.float64(1.1021787926779325e-09), np.float64(3.1088376317711663e-10), np.float64(2.2157564671942964e-10), np.float64(7.662714907041845e-11), np.float64(4.745093207247919e-11), np.float64(3.4072300536536204e-11), np.float64(1.1523226817189425e-11), np.float64(7.225775533470369e-12), np.float64(5.218936394157936e-12), np.float64(1.7124079931818414e-12), np.float64(1.078692690725802e-12), np.float64(7.771561172376096e-13), np.float64(2.327027459614328e-13), np.float64(1.389999226830696e-13), np.float64(9.325873406851315e-14)]","[array([1., 1.]), array([0.92129274, 0.76345604]), array([0.88556743, 0.65676079]), array([0.76023133, 0.28647504]), array([0.72049548, 0.19644471]), array([0.68894066, 0.14073444]), array([ 0.54990619, -0.04734154]), array([0.44406939, 0.00629067]), array([-0.00422538, -0.02565799]), array([-0.18396874,  0.05765053]), array([-0.20159111,  0.02624741]), array([-0.21666865,  0.01225514]), array([-0.28354508, -0.01989561]), array([-0.29009876, -0.01012828]), array([-0.2959082 , -0.00519066]), array([-0.32188519,  0.00738706]), array([-0.3244257 ,  0.00389873]), array([-0.32669676,  0.00206245]), array([-0.33687645, -0.00278347]), array([-0.33787097, -0.00148871]), array([-0.33876239, -0.00079691]), array([-0.34276136,  0.00105304]), array([-0.34315187,  0.00056608]), array([-3.43502232e-01,  3.04413681e-04]), array([-0.34507443, -0.00039891]), array([-3.45227934e-01, -2.14869980e-04]), array([-3.4536570e-01, -1.1575296e-04]), array([-3.45983978e-01,  1.51187712e-04]), array([-3.46044343e-01,  8.14992909e-05]), array([-3.46098524e-01,  4.39352993e-05]), array([-3.46341690e-01, -5.73107217e-05]), array([-3.46365431e-01, -3.09033826e-05]), array([-3.46386740e-01, -1.66642192e-05]), array([-3.46482380e-01,  2.17263166e-05]), array([-3.46491718e-01,  1.17167847e-05]), array([-3.46500099e-01,  6.31879494e-06]), array([-3.46537716e-01, -8.23660802e-06]), array([-3.46541388e-01, -4.44213011e-06]), array([-3.46544685e-01, -2.39571699e-06]), array([-3.46559480e-01,  3.12259336e-06]), array([-3.46560925e-01,  1.68409421e-06]), array([-3.46567408e-01, -2.19499652e-06]), array([-3.46568041e-01, -1.18382560e-06]), array([-3.46568609e-01, -6.38471995e-07]), array([-3.46571159e-01,  8.32153434e-07]), array([-3.46571407e-01,  4.48806039e-07]), array([-3.46571631e-01,  2.42055005e-07]), array([-3.46572634e-01, -3.15481069e-07]), array([-3.46572732e-01, -1.70148895e-07]), array([-3.46572820e-01, -9.17666758e-08]), array([-3.46573214e-01,  1.19603345e-07]), array([-3.46573253e-01,  6.45058897e-08]), array([-3.46573287e-01,  3.47900801e-08])]"
0.5,0.3,-1.7763568394002505e-14,24,0.05985160560942426,2.559266696658229,"[np.float64(47.29850992082298), np.float64(13.05522900674833), np.float64(3.2470841074298464), np.float64(2.253197921924728), np.float64(1.274712745677749), np.float64(0.6622266307168783), np.float64(0.06814970307087087), np.float64(0.0356783487230512), np.float64(0.02146766711950887), np.float64(0.007527723666801656), np.float64(0.0043457625956300205), np.float64(0.00025053712060429945), np.float64(0.0001381724793967365), np.float64(7.719315203047472e-06), np.float64(4.412202262660259e-06), np.float64(2.4040848511930335e-07), np.float64(2.7903831245623678e-08), np.float64(7.619823882976107e-09), np.float64(5.315561324437112e-10), np.float64(2.429021428440592e-10), np.float64(1.403943628019988e-11), np.float64(7.72537589455169e-12), np.float64(3.9523939676655573e-13), np.float64(3.863576125695545e-14), np.float64(-1.7763568394002505e-14)]","[array([1., 1.]), array([0.88046336, 0.64074885]), array([0.76006316, 0.28594796]), array([0.71988652, 0.19501454]), array([0.61373598, 0.00862796]), array([ 0.35684378, -0.01473803]), array([-0.22963666,  0.08818689]), array([-0.23910251,  0.05700263]), array([-0.24710696,  0.03717022]), array([-0.27084704, -0.0054743 ]), array([-0.28832287,  0.00064647]), array([-0.33307267, -0.00172107]), array([-3.36184041e-01,  8.70798208e-05]), array([-3.44161086e-01, -2.16923949e-04]), array([-3.44716793e-01,  8.46148135e-06]), array([-3.46142406e-01, -2.08273547e-05]), array([-3.46473461e-01,  5.11623990e-05]), array([-3.46496526e-01, -1.87289198e-06]), array([-3.46555694e-01,  4.59846731e-06]), array([-3.46559816e-01, -1.67943207e-07]), array([-3.46570392e-01,  4.12310251e-07]), array([-3.46571128e-01, -1.50519330e-08]), array([-3.46573019e-01,  3.69527748e-08]), array([-3.46573458e-01, -9.07195062e-08]), array([-3.46573488e-01,  3.31154773e-09])]"
0.5,0.4,4.3520742565306136e-14,38,0.37572138013429424,2.55926669665829,"[np.float64(47.29850992082298), np.float64(20.072586205441027), np.float64(7.330586414591327), np.float64(2.5683850387398826), np.float64(1.3157342170677602), np.float64(0.365095780742672), np.float64(0.23027717981110118), np.float64(0.07929535371969543), np.float64(0.03165107354188912), np.float64(0.017988595607394853), np.float64(0.006340887689062047), np.float64(0.0022872521192729423), np.float64(0.0008591653063563243), np.float64(0.000530765794776844), np.float64(0.00018775962366390786), np.float64(6.743277725718144e-05), np.float64(2.4926045293582888e-05), np.float64(9.7022650251688e-06), np.float64(5.546828687919003e-06), np.float64(1.9832121012086645e-06), np.float64(7.264206649537641e-07), np.float64(2.7809185620952803e-07), np.float64(1.6382952949811624e-07), np.float64(5.834297134299504e-08), np.float64(2.120709208242033e-08), np.float64(8.007565277523554e-09), np.float64(4.841184786386066e-09), np.float64(1.7182069100840636e-09), np.float64(6.204796676456681e-10), np.float64(2.3150370509483764e-10), np.float64(9.14699427312371e-11), np.float64(5.062572583369729e-11), np.float64(1.816147232602816e-11), np.float64(6.687983500341943e-12), np.float64(2.5783819523894635e-12), np.float64(1.4637180356658064e-12), np.float64(5.03597163969971e-13), np.float64(1.6431300764452317e-13), np.float64(4.3520742565306136e-14)]","[array([1., 1.]), array([0.91940377, 0.75777898]), array([0.82965946, 0.48985457]), array([0.73647057, 0.22747979]), array([0.62738442, 0.01364775]), array([ 0.16199903, -0.05297386]), array([0.07333734, 0.01222898]), array([-0.10391643, -0.02207153]), array([-0.20483064,  0.02980638]), array([-0.2285025 ,  0.00445778]), array([-0.27698358, -0.00478616]), array([-0.30552512,  0.00466908]), array([-0.3223594 , -0.00429531]), array([-0.32633287, -0.00105169]), array([-0.3346227 ,  0.00092585]), array([-0.3395173, -0.0008007]), array([-0.34240735,  0.00068518]), array([-0.34411379, -0.00058265]), array([-3.44516815e-01, -1.52140069e-04]), array([-3.45359051e-01,  1.28781388e-04]), array([-3.45856399e-01, -1.08808866e-04]), array([-3.46150087e-01,  9.18340384e-05]), array([-3.46219457e-01,  2.41173601e-05]), array([-3.46364469e-01, -2.03387653e-05]), array([-3.46450101e-01,  1.71467467e-05]), array([-3.46500668e-01, -1.44529857e-05]), array([-3.46512612e-01, -3.79936388e-06]), array([-3.46537582e-01,  3.20204456e-06]), array([-3.46552327e-01, -2.69848583e-06]), array([-3.46561034e-01,  2.27404424e-06]), array([-3.46566175e-01, -1.91632607e-06]), array([-3.46567390e-01, -5.03851424e-07]), array([-3.46569929e-01,  4.24587255e-07]), array([-3.46571428e-01, -3.57790665e-07]), array([-3.46572314e-01,  3.01501609e-07]), array([-3.46572523e-01,  7.92738934e-08]), array([-3.4657296e-01, -6.6802048e-08]), array([-3.46573218e-01,  5.62922944e-08]), array([-3.46573370e-01, -4.74359802e-08])]"
0.5,0.5,7.549516567451064e-15,33,0.2851128733867958,2.5592666966582542,"[np.float64(47.29850992082298), np.float64(16.943555728569955), np.float64(3.1151200211738264), np.float64(1.6675746501946263), np.float64(1.1752083313597534), np.float64(0.07923501963964608), np.float64(0.03648827423220702), np.float64(0.01674126089879202), np.float64(0.00764737794855197), np.float64(0.0018774728765471593), np.float64(0.0007334608156290834), np.float64(0.0003239862790049841), np.float64(0.0001463548205071774), np.float64(2.9204937260107755e-05), np.float64(1.393512270952968e-05), np.float64(6.228185460699365e-06), np.float64(1.3580407944857598e-06), np.float64(5.999853378568787e-07), np.float64(2.65514461972316e-07), np.float64(6.394477258808706e-08), np.float64(2.5915561252531916e-08), np.float64(1.1339957417533242e-08), np.float64(5.119918711216087e-09), np.float64(9.698135627900228e-10), np.float64(4.853770718682426e-10), np.float64(2.177751312615328e-10), np.float64(4.460032343445164e-11), np.float64(2.0802914946216333e-11), np.float64(9.245937349078304e-12), np.float64(2.049915792667889e-12), np.float64(8.659739592076221e-13), np.float64(3.645972412869014e-13), np.float64(6.750155989720952e-14), np.float64(7.549516567451064e-15)]","[array([1., 1.]), array([0.90392181, 0.71125004]), array([0.75728162, 0.27514057]), array([0.68187914, 0.10828423]), array([ 0.57838694, -0.00263489]), array([-0.10151439,  0.01649622]), array([-0.18094822, -0.0138586 ]), array([-0.2343389 ,  0.00969258]), array([-0.2703948 , -0.00592025]), array([-0.31923687,  0.01247539]), array([-0.32366761,  0.00324467]), array([-0.33100382, -0.00153462]), array([-0.33598664,  0.00070927]), array([-0.34276121, -0.00135458]), array([-0.34337168, -0.00037584]), array([-3.44396099e-01,  1.66948186e-04]), array([-3.45789336e-01, -3.14772684e-04]), array([-3.45914816e-01, -8.80234778e-05]), array([-3.46125569e-01,  3.87775292e-05]), array([-3.46412223e-01, -7.29197966e-05]), array([-3.46438036e-01, -2.04241113e-05]), array([-3.46481401e-01,  8.98217026e-06]), array([-3.46510893e-01, -3.94964204e-06]), array([-3.46551008e-01,  7.42278171e-06]), array([-3.46554620e-01,  2.07978911e-06]), array([-3.46560689e-01, -9.14306127e-07]), array([-3.46568943e-01,  1.71817521e-06]), array([-3.46569687e-01,  4.81437671e-07]), array([-3.46570935e-01, -2.11636696e-07]), array([-3.46572634e-01,  3.97704013e-07]), array([-3.46572787e-01,  1.11438873e-07]), array([-3.46573044e-01, -4.89872663e-08]), array([-3.46573394e-01,  9.20557248e-08]), array([-3.46573425e-01,  2.57945756e-08])]"
0.5,0.6,7.860379014346108e-14,30,0.31099615778408174,2.5592666966583253,"[np.float64(47.29850992082298), np.float64(15.002837063509999), np.float64(4.6774604078727995), np.float64(1.6372890749882139), np.float64(1.0853241389595008), np.float64(0.6484317212451538), np.float64(0.38589063356723585), np.float64(0.1919834953291013), np.float64(0.09618516856817827), np.float64(0.029999312689970914), np.float64(0.01121227693618776), np.float64(8.233131870394317e-05), np.float64(3.3769595733978974e-05), np.float64(1.4312653231485228e-05), np.float64(6.198735898799157e-06), np.float64(1.724732510588467e-06), np.float64(7.701833424356153e-07), np.float64(1.6556690773938953e-07), np.float64(7.136732538270962e-08), np.float64(2.0484606011450524e-08), np.float64(8.835489673231223e-09), np.float64(1.916728553652547e-09), np.float64(8.225029546338192e-10), np.float64(2.4490276473443373e-10), np.float64(1.0134471040146309e-10), np.float64(2.2184920567269728e-11), np.float64(9.455991545337383e-12), np.float64(2.90878432451791e-12), np.float64(1.1324274851176597e-12), np.float64(2.2648549702353193e-13), np.float64(7.860379014346108e-14)]","[array([1., 1.]), array([0.89291965, 0.67818455]), array([0.79120879, 0.3768129 ]), array([0.68343777, 0.09778658]), array([ 0.53027125, -0.0515116 ]), array([0.32967408, 0.05979616]), array([ 0.1814436 , -0.04607435]), array([-0.00463224,  0.07089963]), array([-0.07719577, -0.019154  ]), array([-0.22851332,  0.04325822]), array([-0.25300717, -0.00045816]), array([-0.3393396,  0.0016277]), array([-0.34174099, -0.0008194 ]), array([-0.34334438,  0.00040953]), array([-3.44415575e-01, -2.03697436e-04]), array([-3.45608582e-01,  3.04116498e-04]), array([-3.45800669e-01,  3.15054517e-05]), array([-3.46227942e-01, -4.69283375e-05]), array([-3.46342589e-01,  2.31394403e-05]), array([-3.46470287e-01, -3.44356972e-05]), array([-3.46490846e-01, -3.59401513e-06]), array([-3.46536587e-01,  5.34722269e-06]), array([-3.46548860e-01, -2.63414653e-06]), array([-3.46562531e-01,  3.91873747e-06]), array([-3.46564732e-01,  4.09317982e-07]), array([-3.46569629e-01, -6.08913408e-07]), array([-3.46570943e-01,  2.99932630e-07]), array([-3.46572406e-01, -4.46183924e-07]), array([-3.46572642e-01, -4.66085231e-08]), array([-3.46573166e-01,  6.93352859e-08]), array([-3.46573307e-01, -3.41521331e-08])]"
0.5,0.7,-4.440892098500626e-16,24,0.15824150555267394,2.5592666966582462,"[np.float64(47.29850992082298), np.float64(13.822632665718023), np.float64(4.0790545869448795), np.float64(1.4761517442624355), np.float64(0.8724941833484405), np.float64(0.5372143326736363), np.float64(0.2668361708578142), np.float64(0.14602308130733688), np.float64(0.059212000269046605), np.float64(0.026708648214741615), np.float64(0.005246979623967363), np.float64(0.002393165168118827), np.float64(3.5626211782435746e-05), np.float64(1.159117393623177e-06), np.float64(3.32073326614335e-07), np.float64(1.9137777584887772e-08), np.float64(3.109611679263935e-09), np.float64(5.73911140833161e-10), np.float64(2.3777779745159933e-10), np.float64(8.533884710004713e-11), np.float64(3.6977088058165464e-11), np.float64(1.0308198739039653e-11), np.float64(3.2578384434600594e-12), np.float64(1.3500311979441904e-13), np.float64(-4.440892098500626e-16)]","[array([1., 1.]), array([0.88556432, 0.6560791 ]), array([0.77952114, 0.34282643]), array([0.66467092, 0.05735022]), array([ 0.40900659, -0.09291824]), array([0.28047597, 0.04011727]), array([ 0.07701272, -0.06188733]), array([-0.01774122,  0.02828421]), array([-0.16282305, -0.04786991]), array([-0.20307799,  0.00687838]), array([-0.29163158, -0.01507779]), array([-3.03331265e-01,  3.55735988e-05]), array([-3.41302443e-01, -1.11160107e-04]), array([-3.45929652e-01,  3.30268397e-04]), array([-3.46065425e-01,  1.68235839e-05]), array([-3.46511507e-01, -4.96671905e-05]), array([-3.46524594e-01, -2.55742991e-06]), array([-3.46554701e-01,  4.51461871e-06]), array([-3.46560389e-01, -1.60248128e-06]), array([-3.46566067e-01,  1.49934134e-06]), array([-3.46568332e-01, -5.32173886e-07]), array([-3.46571563e-01,  9.39379636e-07]), array([-3.46571990e-01,  4.84234228e-08]), array([-3.46573395e-01, -1.42860451e-07]), array([-3.46573436e-01, -7.36446148e-09])]"
0.5,0.8,7.37188088351104e-14,20,0.30905493790498023,2.5592666966583204,"[np.float64(47.29850992082298), np.float64(9.373850081152632), np.float64(2.1753700553419275), np.float64(1.2747016191025717), np.float64(0.05866394504492067), np.float64(0.010886955607555926), np.float64(0.003626468188141274), np.float64(0.00024345434497874407), np.float64(5.661540062851245e-05), np.float64(1.4799507033202985e-06), np.float64(8.183359234692489e-08), np.float64(2.3372791702058748e-08), np.float64(6.457669954329504e-10), np.float64(2.0513635234920002e-10), np.float64(7.283729175355802e-11), np.float64(2.3072210808550153e-11), np.float64(8.190781386474555e-12), np.float64(2.5703883466121624e-12), np.float64(8.966161146872764e-13), np.float64(2.6201263381153694e-13), np.float64(7.37188088351104e-14)]","[array([1., 1.]), array([0.8513262 , 0.55318108]), array([0.72265255, 0.18169583]), array([0.61411279, 0.00148991]), array([-0.13423379, -0.01026586]), array([-0.27796148,  0.02806513]), array([-0.29347448, -0.00170603]), array([-0.3380312 ,  0.00508332]), array([-3.39922070e-01,  1.11697342e-05]), array([-3.45500213e-01, -3.12638338e-05]), array([-3.46400371e-01,  8.68460900e-05]), array([-3.46438455e-01,  9.16365510e-07]), array([-3.46551782e-01, -2.54227495e-06]), array([-3.46563487e-01,  3.59803024e-06]), array([-3.46566263e-01, -8.51325454e-07]), array([-3.46570196e-01,  1.20483389e-06]), array([-3.46571129e-01, -2.85064252e-07]), array([-3.46572450e-01,  4.03432341e-07]), array([-3.46572763e-01, -9.54511525e-08]), array([-3.46573207e-01,  1.35085246e-07]), array([-3.46573312e-01, -3.19607280e-08])]"
0.5,0.9,-7.993605777301127e-15,23,0.12536506719891982,2.5592666966582387,"[np.float64(47.29850992082298), np.float64(9.263218936213235), np.float64(2.07701559724428), np.float64(1.2205658959384644), np.float64(0.44717447947068845), np.float64(0.19929125401934789), np.float64(0.028858198929405887), np.float64(0.00795539502938647), np.float64(0.00015331006727548058), np.float64(5.179168064106676e-05), np.float64(1.0544267845524757e-05), np.float64(2.319569962327961e-06), np.float64(5.758191168325766e-08), np.float64(1.5566857136661838e-08), np.float64(3.893821265421593e-09), np.float64(1.0627756452663562e-09), np.float64(2.6304070033233984e-10), np.float64(7.253131428797133e-11), np.float64(1.77395875766706e-11), np.float64(4.923172980397794e-12), np.float64(1.1692868895352149e-12), np.float64(3.0730973321624333e-13), np.float64(4.973799150320701e-14), np.float64(-7.993605777301127e-15)]","[array([1., 1.]), array([0.85029621, 0.55008558]), array([0.7180091 , 0.16854471]), array([ 0.58912016, -0.03305801]), array([0.12619538, 0.12905049]), array([ 0.04412769, -0.01310114]), array([-0.24592845,  0.04989858]), array([-0.26777633, -0.00098374]), array([-0.33816683,  0.00329046]), array([-0.3402918 , -0.00047292]), array([-0.34483275,  0.00107502]), array([-3.45228210e-01, -2.41859966e-05]), array([-3.46428777e-01,  7.30666508e-05]), array([-3.46465277e-01, -9.81251340e-06]), array([-3.46535738e-01,  1.89156581e-05]), array([-3.46545278e-01, -2.53799043e-06]), array([-3.46563696e-01,  4.89190939e-06]), array([-3.4656619e-01, -6.5621217e-07]), array([-3.46571004e-01,  1.26479142e-06]), array([-3.46571656e-01, -1.69651597e-07]), array([-3.46572914e-01,  3.26985863e-07]), array([-3.46573085e-01, -4.38592302e-08]), array([-3.46573414e-01,  8.45339352e-08]), array([-3.46573458e-01, -1.13386482e-08])]"
0.6,0.1,7.904787935331115e-14,65,0.5141232993311113,2.5592666966583257,"[np.float64(47.29850992082298), np.float64(28.155315752341117), np.float64(20.391617851172185), np.float64(16.003896184863308), np.float64(13.151135520136545), np.float64(11.139790469498267), np.float64(9.643688297455206), np.float64(8.48747683600551), np.float64(2.6334399426647375), np.float64(1.8808157814338617), np.float64(1.5616572228981882), np.float64(1.383075554449456), np.float64(1.2619444379016143), np.float64(1.168061458533534), np.float64(0.5945203458476742), np.float64(0.5462963467911628), np.float64(0.2964993013417261), np.float64(0.2724176450584235), np.float64(0.14527692676858361), np.float64(0.07621840278113323), np.float64(0.04050877349940718), np.float64(0.022016545982268987), np.float64(0.012114092207518468), np.float64(0.006693006578363914), np.float64(0.003702300046533935), np.float64(0.0020488426291951356), np.float64(0.0011340551692136103), np.float64(0.0006277795917162265), np.float64(0.0003475412155982127), np.float64(0.00019240656308294746), np.float64(0.00010652252272702611), np.float64(5.8974929485700045e-05), np.float64(3.265095345161839e-05), np.float64(1.8076971017855215e-05), np.float64(1.0008205322264985e-05), np.float64(5.540987451091439e-06), np.float64(3.0677386364530435e-06), np.float64(1.6984378961026891e-06), np.float64(9.403316512113236e-07), np.float64(5.206099586985147e-07), np.float64(2.8823313158454766e-07), np.float64(1.5957884791362176e-07), np.float64(8.835003484364279e-08), np.float64(4.891455152034041e-08), np.float64(2.7081288322960972e-08), np.float64(1.499340918087455e-08), np.float64(8.301014098321957e-09), np.float64(4.595801961215784e-09), np.float64(2.544429555939587e-09), np.float64(1.408697158922223e-09), np.float64(7.799041412681618e-10), np.float64(4.317763924177598e-10), np.float64(2.390372344507341e-10), np.float64(1.3232792639428226e-10), np.float64(7.324896245108903e-11), np.float64(4.0540015788792516e-11), np.float64(2.2430501900316813e-11), np.float64(1.2404743898741799e-11), np.float64(6.8540728648258664e-12), np.float64(3.780975532663433e-12), np.float64(2.079225680517993e-12), np.float64(1.1373124664260104e-12), np.float64(6.155076448521868e-13), np.float64(3.268496584496461e-13), np.float64(1.6697754290362354e-13), np.float64(7.904787935331115e-14)]","[array([1., 1.]), array([0.95080797, 0.85216002]), array([0.92079269, 0.76215514]), array([0.89856243, 0.69576895]), array([0.88073608, 0.64283839]), array([0.86577575, 0.59873633]), array([0.85283807, 0.56092234]), array([0.8414064, 0.5278379]), array([0.73874054, 0.23398606]), array([0.69545857, 0.14749685]), array([0.66008523, 0.09775286]), array([0.62822852, 0.06650279]), array([0.59846037, 0.04606676]), array([0.57019526, 0.03237308]), array([ 0.29978418, -0.06102592]), array([ 0.28165561, -0.04753706]), array([0.10764533, 0.0554228 ]), array([0.09533757, 0.04532375]), array([-0.02331947, -0.03612996]), array([-0.1085367 ,  0.02147144]), array([-0.17037056, -0.00992408]), array([-0.21576697,  0.00370939]), array([-0.24934845, -0.0011597 ]), array([-0.27427103,  0.00031227]), array([-2.92791371e-01, -7.43276847e-05]), array([-3.06562315e-01,  1.60031428e-05]), array([-3.16805000e-01, -3.17956961e-06]), array([-3.24424701e-01,  5.92891149e-07]), array([-3.30093656e-01, -1.05216130e-07]), array([-3.34311502e-01,  1.79716212e-08]), array([-3.37449776e-01, -2.98111150e-09]), array([-3.39784836e-01,  4.83612961e-10]), array([-3.41522272e-01, -7.71435473e-11]), array([-3.42815045e-01,  1.21503139e-11]), array([-3.43776959e-01, -1.89556167e-12]), array([-3.44492693e-01,  2.93620500e-13]), array([-3.45025250e-01, -4.52639763e-14]), array([-3.45421512e-01,  6.96091482e-15]), array([-3.45716360e-01, -1.07709988e-15]), array([-3.45935748e-01,  1.44145444e-16]), array([-3.46098989e-01, -1.12857795e-17]), array([-3.46220452e-01, -1.12857795e-17]), array([-3.46310829e-01,  3.31231415e-17]), array([-3.46378077e-01,  1.09186810e-17]), array([-3.46428114e-01, -3.34902400e-17]), array([-3.46465345e-01,  3.31231415e-17]), array([-3.46493048e-01, -1.12857795e-17]), array([-3.46513661e-01,  3.31231415e-17]), array([-3.46528998e-01, -1.12857795e-17]), array([-3.46540411e-01,  1.09186810e-17]), array([-3.46548902e-01,  1.09186810e-17]), array([-3.46555221e-01, -1.12857795e-17]), array([-3.46559922e-01,  1.09186810e-17]), array([-3.4656342e-01, -3.3490240e-17]), array([-3.46566023e-01,  1.09186810e-17]), array([-3.4656796e-01, -3.3490240e-17]), array([-3.46569401e-01,  1.09186810e-17]), array([-3.46570473e-01, -1.12857795e-17]), array([-3.46571271e-01,  1.09186810e-17]), array([-3.46571864e-01,  1.09186810e-17]), array([-3.46572306e-01, -1.12857795e-17]), array([-3.46572635e-01, -1.12857795e-17]), array([-3.46572879e-01, -1.12857795e-17]), array([-3.46573061e-01,  3.31231415e-17]), array([-3.46573197e-01, -1.12857795e-17]), array([-3.46573297e-01,  1.09186810e-17])]"
0.6,0.2,1.1723955140041653e-13,54,0.5840552590157568,2.559266696658364,"[np.float64(47.29850992082298), np.float64(20.48931390927993), np.float64(13.854200546345337), np.float64(10.483752343610782), np.float64(3.382297255012844), np.float64(2.3123235291600395), np.float64(1.8468482208309647), np.float64(1.593390060278998), np.float64(1.4334924745564104), np.float64(1.013693796307086), np.float64(0.23018194600040287), np.float64(0.1404650325024983), np.float64(0.10813185409322257), np.float64(0.027602840416713015), np.float64(0.020444110283651007), np.float64(0.016077721260653988), np.float64(0.004114260919496626), np.float64(0.003127299394054983), np.float64(0.0008977739993043521), np.float64(0.0006302993711093663), np.float64(0.00048201798590152833), np.float64(0.00013612332338830413), np.float64(9.686850585577389e-05), np.float64(7.439119333163546e-05), np.float64(2.0744459148236416e-05), np.float64(1.4903351461370562e-05), np.float64(1.1485080829931604e-05), np.float64(3.168326487390516e-06), np.float64(2.2941751995908533e-06), np.float64(1.7734741515340602e-06), np.float64(4.845015015852994e-07), np.float64(3.532968433361816e-07), np.float64(2.738895350518078e-07), np.float64(7.415479963412963e-08), np.float64(5.4424518225459906e-08), np.float64(4.2303701874857325e-08), np.float64(1.1357811136036844e-08), np.float64(8.386386696201953e-09), np.float64(6.5347340871824144e-09), np.float64(1.7406955876708707e-09), np.float64(1.2925998049695409e-09), np.float64(1.0095142499721987e-09), np.float64(2.6691449050986193e-10), np.float64(1.992566112107852e-10), np.float64(1.5594681102015784e-10), np.float64(4.092814975820147e-11), np.float64(3.070077525535453e-11), np.float64(2.4070079263083244e-11), np.float64(6.256772877577532e-12), np.float64(4.709121981250064e-12), np.float64(1.3677947663381929e-12), np.float64(9.343636975245317e-13), np.float64(6.998845947236987e-13), np.float64(1.8207657603852567e-13), np.float64(1.1723955140041653e-13)]","[array([1., 1.]), array([0.92129274, 0.76345604]), array([0.88556743, 0.65676079]), array([0.86050021, 0.58270364]), array([0.76227928, 0.29673437]), array([0.72150195, 0.20248648]), array([0.68956555, 0.1448016 ]), array([0.66158131, 0.10600844]), array([0.63583089, 0.07878827]), array([ 0.5144491 , -0.01905678]), array([0.01623253, 0.08483507]), array([-0.02412396,  0.02805362]), array([-0.05795874,  0.01019172]), array([-0.20790636, -0.02114237]), array([-0.22226567, -0.00994656]), array([-0.23504976, -0.00475723]), array([-0.29228115,  0.00749347]), array([-0.29785549,  0.00384856]), array([-0.32281979, -0.00545875]), array([-0.32525874, -0.00288352]), array([-0.32744287, -0.00152654]), array([-0.33723833,  0.00205752]), array([-0.33819498,  0.00110079]), array([-0.339053  ,  0.00058943]), array([-0.34290288, -0.00077847]), array([-0.34327879, -0.00041854]), array([-3.43616124e-01, -2.25093091e-04]), array([-3.45129974e-01,  2.94908490e-04]), array([-3.45277778e-01,  1.58857302e-04]), array([-3.45410437e-01,  8.55819332e-05]), array([-3.46005809e-01, -1.11771781e-04]), array([-3.46063936e-01, -6.02528532e-05]), array([-3.46116111e-01, -3.24821415e-05]), array([-3.46350274e-01,  4.23695106e-05]), array([-3.46373136e-01,  2.28468734e-05]), array([-3.46393657e-01,  1.23199398e-05]), array([-3.46485756e-01, -1.60621771e-05]), array([-3.46494748e-01, -8.66219609e-06]), array([-3.46502819e-01, -4.67148487e-06]), array([-3.46539044e-01,  6.08929474e-06]), array([-3.46542580e-01,  3.28405457e-06]), array([-3.46545755e-01,  1.77114879e-06]), array([-3.46560002e-01, -2.30852266e-06]), array([-3.46561393e-01, -1.24504568e-06]), array([-3.46562642e-01, -6.71485976e-07]), array([-3.46568246e-01,  8.75191483e-07]), array([-3.46568793e-01,  4.72016614e-07]), array([-3.46569284e-01,  2.54572619e-07]), array([-3.46571488e-01, -3.31797209e-07]), array([-3.46571703e-01, -1.78948529e-07]), array([-3.46572669e-01,  2.33231558e-07]), array([-3.46572764e-01,  1.25789143e-07]), array([-3.46572848e-01,  6.78420613e-08]), array([-3.46573228e-01, -8.84213899e-08]), array([-3.46573265e-01, -4.76884698e-08])]"
0.6,0.3,8.79296635503124e-14,27,0.29590636422469735,2.5592666966583346,"[np.float64(47.29850992082298), np.float64(32.44394922478187), np.float64(13.112182578270701), np.float64(8.73513550043076), np.float64(3.296326366306456), np.float64(2.268869089092025), np.float64(1.8196375886349978), np.float64(1.2185458049194113), np.float64(0.6394527777515377), np.float64(0.356220004129594), np.float64(0.20234875433445065), np.float64(0.11627012704257744), np.float64(0.06768036848103298), np.float64(0.039750337065121766), np.float64(0.0021478402590933143), np.float64(0.0012229644138823659), np.float64(6.913080581671949e-05), np.float64(3.900750654395324e-05), np.float64(2.1417511697485736e-06), np.float64(1.2458925389147169e-06), np.float64(6.751706349561459e-08), np.float64(3.979870921710926e-08), np.float64(2.1488544277303845e-09), np.float64(1.3208767413175337e-10), np.float64(6.855049861087537e-11), np.float64(3.7978509226377355e-12), np.float64(2.1591617382910044e-12), np.float64(8.79296635503124e-14)]","[array([1., 1.]), array([0.96413901, 0.89222466]), array([0.88075801, 0.64194648]), array([0.84449902, 0.53507489]), array([0.75931413, 0.29062132]), array([0.71874375, 0.19791437]), array([0.68677981, 0.14113696]), array([0.59313606, 0.01407602]), array([ 0.34313394, -0.02327394]), array([0.170813  , 0.02484649]), array([ 0.04571584, -0.0183985 ]), array([-0.04723696,  0.00984657]), array([-0.11728641, -0.00392295]), array([-0.17057304,  0.00119118]), array([-0.30640438, -0.00371635]), array([-3.15666657e-01,  2.93623211e-04]), array([-0.33940031, -0.00075269]), array([-3.41052874e-01,  3.30926622e-05]), array([-3.45291593e-01, -8.18757777e-05]), array([-3.45586884e-01,  3.09757918e-06]), array([-3.46344458e-01, -7.61515310e-06]), array([-3.46397235e-01,  2.79784808e-07]), array([-3.46532637e-01, -6.87045005e-07]), array([-3.4656408e-01,  1.6867996e-06]), array([-3.46566271e-01, -6.15898937e-08]), array([-3.46571891e-01,  1.51205365e-07]), array([-3.46572282e-01, -5.51971766e-09]), array([-3.46573286e-01,  1.35509872e-08])]"
0.6,0.4,3.2862601528904634e-14,39,0.3743481841698837,2.5592666966582795,"[np.float64(47.29850992082298), np.float64(20.072586205441027), np.float64(7.330586414591327), np.float64(2.5683850387398826), np.float64(1.844569704371768), np.float64(1.249897169641652), np.float64(0.37905748846334886), np.float64(0.22080647083977611), np.float64(0.07884312949923622), np.float64(0.05008001168209386), np.float64(0.017296612289944058), np.float64(0.006035200923412809), np.float64(0.0021245136850476243), np.float64(0.0007582948337123696), np.float64(0.0002776914368816108), np.float64(0.00017860810432823726), np.float64(6.288893756822844e-05), np.float64(2.2367840819548235e-05), np.float64(8.11333448957896e-06), np.float64(3.052777953094221e-06), np.float64(1.8595711557267691e-06), np.float64(6.593472376970055e-07), np.float64(2.3766776990896687e-07), np.float64(8.838203857663984e-08), np.float64(5.4992396414377254e-08), np.float64(1.9446308563431103e-08), np.float64(6.972805444149799e-09), np.float64(2.5676074599800813e-09), np.float64(1.6268497660121284e-09), np.float64(5.73961322913874e-10), np.float64(2.0487078700170969e-10), np.float64(7.478995200926875e-11), np.float64(4.8115289530414884e-11), np.float64(1.6923351608966186e-11), np.float64(5.998757046654646e-12), np.float64(2.154720846192504e-12), np.float64(7.904787935331115e-13), np.float64(4.698463840213662e-13), np.float64(1.4654943925052066e-13), np.float64(3.2862601528904634e-14)]","[array([1., 1.]), array([0.91940377, 0.75777898]), array([0.82965946, 0.48985457]), array([0.73647057, 0.22747979]), array([0.69283611, 0.14194698]), array([0.60326894, 0.02000549]), array([ 0.15219141, -0.07535517]), array([0.06360695, 0.01688601]), array([-0.10950054, -0.03002772]), array([-0.1491177 , -0.00193608]), array([-0.23050311,  0.0024103 ]), array([-0.27814476, -0.00257776]), array([-0.30619361,  0.00250867]), array([-0.32273904, -0.00230451]), array([-0.33250481,  0.00204441]), array([-0.33481082,  0.00051618]), array([-0.33962783, -0.00044623]), array([-0.34247221,  0.00038175]), array([-3.44151791e-01, -3.24583599e-04]), array([-3.45143574e-01,  2.74967848e-04]), array([-3.45377829e-01,  7.20075718e-05]), array([-3.45867477e-01, -6.08375233e-05]), array([-3.46156622e-01,  5.13452651e-05]), array([-3.46327366e-01, -4.33066774e-05]), array([-3.46367696e-01, -1.13788157e-05]), array([-3.46452006e-01,  9.59292717e-06]), array([-3.46501793e-01, -8.08584065e-06]), array([-3.46531193e-01,  6.81478148e-06]), array([-3.46538137e-01,  1.79160565e-06]), array([-3.46552655e-01, -1.50985300e-06]), array([-3.46561227e-01,  1.27236912e-06]), array([-3.46566290e-01, -1.07221885e-06]), array([-3.46567486e-01, -2.81914010e-07]), array([-3.46569985e-01,  2.37564220e-07]), array([-3.46571462e-01, -2.00190299e-07]), array([-3.46572333e-01,  1.68695549e-07]), array([-3.46572848e-01, -1.42155410e-07]), array([-3.46572970e-01, -3.73770137e-08]), array([-3.46573224e-01,  3.14966064e-08]), array([-3.46573374e-01, -2.65413303e-08])]"
0.6,0.5,5.950795411990839e-14,33,0.318673422401039,2.559266696658306,"[np.float64(47.29850992082298), np.float64(16.943555728569955), np.float64(7.425323269799868), np.float64(3.2931616855698858), np.float64(1.676156067934106), np.float64(1.1709892004274574), np.float64(0.44977725606081176), np.float64(0.05176470612083639), np.float64(0.03207816452167389), np.float64(0.004580233107923881), np.float64(0.002013604009236225), np.float64(0.0009002022567896617), np.float64(0.0004083491763520186), np.float64(0.00018699145482381496), np.float64(2.986778675762025e-05), np.float64(1.7410802715112084e-05), np.float64(7.934210762172711e-06), np.float64(1.3315234430599787e-06), np.float64(7.42722858326772e-07), np.float64(3.369441401446238e-07), np.float64(5.992190743597803e-08), np.float64(3.173024643032818e-08), np.float64(1.4320763241926215e-08), np.float64(6.554965459315554e-09), np.float64(1.0183152099330073e-09), np.float64(6.092388815659433e-10), np.float64(2.780859986728501e-10), np.float64(4.504840944719035e-11), np.float64(2.5921487178948155e-11), np.float64(1.177546948838426e-11), np.float64(1.9828583219805296e-12), np.float64(1.0764722446765518e-12), np.float64(4.702904732312163e-13), np.float64(5.950795411990839e-14)]","[array([1., 1.]), array([0.90392181, 0.71125004]), array([0.83060172, 0.49319531]), array([0.7587583 , 0.29058795]), array([0.68055435, 0.11187996]), array([ 0.57683189, -0.00270567]), array([0.23760604, 0.00710159]), array([-0.15791679, -0.02957275]), array([-0.1886529 , -0.00383314]), array([-0.29013846,  0.00909144]), array([-0.30826506, -0.00475806]), array([-0.32054021,  0.00235932]), array([-0.32887356, -0.00112674]), array([-0.33453717,  0.00052427]), array([-0.34223886, -0.00100347]), array([-3.42932584e-01, -2.78039857e-04]), array([-3.44097431e-01,  1.23682912e-04]), array([-3.45681743e-01, -2.33304714e-04]), array([-3.45824417e-01, -6.52235874e-05]), array([-3.46064087e-01,  2.87418454e-05]), array([-3.46390077e-01, -5.40531320e-05]), array([-3.46419432e-01, -1.51388842e-05]), array([-3.46468748e-01,  6.65822446e-06]), array([-3.46502288e-01, -2.92787733e-06]), array([-3.46547908e-01,  5.50259507e-06]), array([-3.46552016e-01,  1.54175976e-06]), array([-3.46558918e-01, -6.77786230e-07]), array([-3.46568306e-01,  1.27370759e-06]), array([-3.46569151e-01,  3.56895973e-07]), array([-3.46570571e-01, -1.56889295e-07]), array([-3.46572503e-01,  2.94823810e-07]), array([-3.46572677e-01,  8.26112411e-08]), array([-3.46572969e-01, -3.63149790e-08]), array([-3.46573367e-01,  6.82422667e-08])]"
0.6,0.6,1.1013412404281553e-13,33,0.3322670520079928,2.559266696658357,"[np.float64(47.29850992082298), np.float64(15.002837063509999), np.float64(4.6774604078727995), np.float64(2.383565115219765), np.float64(1.5132610442118368), np.float64(1.024346005300818), np.float64(0.6080551244160253), np.float64(0.36513947882493936), np.float64(0.16870813122753514), np.float64(0.09390420483587825), np.float64(0.023544742270733998), np.float64(0.011293432968013661), np.float64(0.0022501743236729155), np.float64(0.00045250511396410786), np.float64(9.716825529348938e-05), np.float64(4.1976732600534916e-05), np.float64(1.838050976576966e-05), np.float64(4.626905917959334e-06), np.float64(2.3089231797612797e-06), np.float64(4.841329177551756e-07), np.float64(2.1123650517651527e-07), np.float64(5.431355853957598e-08), np.float64(2.6478639725269204e-08), np.float64(5.585993889667407e-09), np.float64(2.4298012490930887e-09), np.float64(1.0694352070572677e-09), np.float64(2.517346331387671e-10), np.float64(1.3523049346986227e-10), np.float64(2.793409947798864e-11), np.float64(1.2254197656602628e-11), np.float64(2.9167779302952113e-12), np.float64(1.5196732761069143e-12), np.float64(2.90878432451791e-13), np.float64(1.1013412404281553e-13)]","[array([1., 1.]), array([0.89291965, 0.67818455]), array([0.79120879, 0.3768129 ]), array([0.72654618, 0.20939711]), array([0.65822417, 0.08299451]), array([ 0.51193277, -0.04007231]), array([0.31760981, 0.04481033]), array([ 0.17374732, -0.03339222]), array([-0.00812785,  0.05060734]), array([-0.07838644, -0.01321167]), array([-0.22870823,  0.02977417]), array([-0.2526657 , -0.00026512]), array([-0.30465456,  0.00045932]), array([-0.32783453, -0.00073221]), array([-0.3381948 ,  0.00112369]), array([-0.34097487, -0.0005676 ]), array([-3.42832108e-01,  2.84338757e-04]), array([-0.34490051, -0.00042564]), array([-3.45233550e-01, -4.38241471e-05]), array([-3.45974329e-01,  6.53393039e-05]), array([-3.46173096e-01, -3.22422709e-05]), array([-3.46394491e-01,  4.79959640e-05]), array([-3.46430134e-01,  5.00602655e-06]), array([-3.46509437e-01, -7.44878787e-06]), array([-3.46530715e-01,  3.66972053e-06]), array([-3.46544936e-01, -1.80780830e-06]), array([-3.46560776e-01,  2.68943756e-06]), array([-3.46563326e-01,  2.80911544e-07]), array([-3.46569000e-01, -4.17893215e-07]), array([-3.46570523e-01,  2.05842158e-07]), array([-3.46572218e-01, -3.06213853e-07]), array([-3.46572491e-01, -3.19871508e-08]), array([-3.46573099e-01,  4.75844042e-08]), array([-3.46573262e-01, -2.34384154e-08])]"
0.6,0.7,6.572520305780927e-14,33,0.36143069538705347,2.5592666966583124,"[np.float64(47.29850992082298), np.float64(20.18019115161554), np.float64(6.196789076089765), np.float64(2.643389691883084), np.float64(1.4499036421396632), np.float64(0.9499086401963686), np.float64(0.556870904832556), np.float64(0.363280395059165), np.float64(0.11600242016971496), np.float64(0.06624830712715113), np.float64(0.012574779357595656), np.float64(0.005826257497274057), np.float64(0.0008762599419642747), np.float64(0.0001723146464103209), np.float64(7.981122300604326e-05), np.float64(1.2097077343398155e-05), np.float64(4.066851424955331e-06), np.float64(1.4423437328936473e-06), np.float64(6.347773142678648e-07), np.float64(2.1966375385318315e-07), np.float64(9.952096702292579e-08), np.float64(3.381490731868553e-08), np.float64(1.5656046681300495e-08), np.float64(3.2166811436695752e-09), np.float64(1.4240804091514292e-09), np.float64(2.1898527435837423e-10), np.float64(7.534728396763057e-11), np.float64(3.433742179481669e-11), np.float64(1.1599166072073785e-11), np.float64(4.156230914986736e-12), np.float64(1.7772450178199506e-12), np.float64(6.012967901369848e-13), np.float64(2.517985819849855e-13), np.float64(6.572520305780927e-14)]","[array([1., 1.]), array([0.91989502, 0.75925537]), array([0.8153623 , 0.44715026]), array([0.73828406, 0.23536078]), array([0.65251252, 0.06325585]), array([ 0.47571715, -0.05148397]), array([0.27933736, 0.06008105]), array([ 0.17859699, -0.0149133 ]), array([-0.05818967,  0.0339087 ]), array([-0.12054553, -0.00907639]), array([-0.26076367,  0.0223902 ]), array([-0.27913088, -0.00076591]), array([-0.32060536,  0.00149972]), array([-0.3365673 , -0.00275636]), array([-3.38679968e-01, -1.15770261e-04]), array([-3.43530510e-01,  2.06889938e-04]), array([-3.44839492e-01, -1.94789175e-04]), array([-3.45585427e-01,  1.82901456e-04]), array([-3.45882981e-01, -6.51619128e-05]), array([-3.46180041e-01,  6.10533902e-05]), array([-3.46298539e-01, -2.17021356e-05]), array([-3.46416849e-01,  2.03163297e-05]), array([-3.46464043e-01, -7.21515442e-06]), array([-3.46531358e-01,  1.27380855e-05]), array([-3.46540259e-01,  6.56140895e-07]), array([-3.46560740e-01, -1.15825394e-06]), array([-3.46566268e-01,  1.08370485e-06]), array([-3.46568472e-01, -3.84648224e-07]), array([-3.46570674e-01,  3.59885225e-07]), array([-3.46571928e-01, -3.36714891e-07]), array([-3.46572429e-01,  1.19510387e-07]), array([-3.46572928e-01, -1.11815596e-07]), array([-3.46573128e-01,  3.96866145e-08]), array([-3.46573327e-01, -3.71313001e-08])]"
0.6,0.8,1.1457501614131615e-13,33,0.32893159240557734,2.5592666966583613,"[np.float64(47.29850992082298), np.float64(17.117289848848387), np.float64(6.213442422966931), np.float64(2.268810698104767), np.float64(1.3571654468428767), np.float64(0.6756233919258383), np.float64(0.41407125171757864), np.float64(0.14146159723896812), np.float64(0.07994276011651147), np.float64(0.00910017453610834), np.float64(0.003912178118034237), np.float64(0.001664562621414678), np.float64(0.0007049007088237857), np.float64(0.0002984347169010526), np.float64(0.00010758694357360099), np.float64(4.899863655971615e-05), np.float64(1.2319893970325069e-05), np.float64(5.533335145635476e-06), np.float64(1.3967673915260548e-06), np.float64(6.246307053814348e-07), np.float64(1.5778210560313255e-07), np.float64(7.050181327628025e-08), np.float64(1.7801117913052167e-08), np.float64(7.957120740087475e-09), np.float64(2.0074737427933087e-09), np.float64(8.980354238019572e-10), np.float64(2.2633228624613366e-10), np.float64(1.0132694683306909e-10), np.float64(2.5492497002232994e-11), np.float64(1.1408651801048109e-11), np.float64(2.8466118351389014e-12), np.float64(1.2603251775544777e-12), np.float64(2.9309887850104133e-13), np.float64(1.1457501614131615e-13)]","[array([1., 1.]), array([0.90484877, 0.71403589]), array([0.81538657, 0.44790229]), array([0.72347584, 0.19522664]), array([0.63452365, 0.03903266]), array([ 0.31702203, -0.09000997]), array([0.21164059, 0.02199815]), array([-0.04150221, -0.05233433]), array([-0.09746513,  0.00409023]), array([-0.26635737, -0.01175187]), array([-0.29405678,  0.0079348 ]), array([-0.31215583, -0.00499294]), array([-0.32400057,  0.00299543]), array([-0.33176213, -0.00174051]), array([-0.33812499,  0.00167267]), array([-0.34044843, -0.00041331]), array([-0.34373614,  0.00059105]), array([-3.44516083e-01, -1.41918402e-04]), array([-3.45620408e-01,  2.01552742e-04]), array([-3.45882367e-01, -4.79243243e-05]), array([-3.46253361e-01,  6.79038370e-05]), array([-3.46341363e-01, -1.60926884e-05]), array([-3.46466003e-01,  2.27838354e-05]), array([-3.46495569e-01, -5.39360165e-06]), array([-3.46537444e-01,  7.63418748e-06]), array([-3.46547377e-01, -1.80656145e-06]), array([-3.46561446e-01,  2.55680905e-06]), array([-3.46564783e-01, -6.04969859e-07]), array([-3.4656951e-01,  8.5618259e-07]), array([-3.46570631e-01, -2.02573919e-07]), array([-3.46572219e-01,  2.86689542e-07]), array([-3.46572596e-01, -6.78301597e-08]), array([-3.46573130e-01,  9.59952412e-08]), array([-3.46573256e-01, -2.27121698e-08])]"
0.6,0.9,1.2079226507921703e-13,25,0.28050552616411983,2.5592666966583675,"[np.float64(47.29850992082298), np.float64(14.664254442081868), np.float64(4.398914904859077), np.float64(1.802392660296368), np.float64(1.2029831793607455), np.float64(0.12464825886218289), np.float64(0.052352903879326895), np.float64(0.02621842129059626), np.float64(0.006022898561516499), np.float64(0.0026040109476999085), np.float64(0.0002609146653620442), np.float64(0.00011240117787103543), np.float64(1.8739491381758455e-05), np.float64(8.104385568419303e-06), np.float64(6.377271839497212e-07), np.float64(1.4785368662728615e-07), np.float64(6.39514015077225e-08), np.float64(5.003840009010219e-09), np.float64(1.0890510715455548e-09), np.float64(4.76591210940569e-10), np.float64(7.402345403306754e-11), np.float64(3.2527758264677686e-11), np.float64(5.004441305800356e-12), np.float64(2.192912518239609e-12), np.float64(3.113065361048939e-13), np.float64(1.2079226507921703e-13)]","[array([1., 1.]), array([0.89086594, 0.67201239]), array([0.78600245, 0.36154799]), array([0.69534271, 0.13081464]), array([ 0.58845469, -0.00457232]), array([-0.04238347,  0.02611442]), array([-0.16184247, -0.03513836]), array([-0.20474176,  0.00808505]), array([-0.28815912, -0.0164646 ]), array([-0.30156329,  0.0013593 ]), array([-0.33411143, -0.00326559]), array([-0.33725846,  0.00048452]), array([-0.34331868, -0.00094714]), array([-3.44057438e-01,  2.27759052e-05]), array([-3.45876147e-01, -5.14929226e-05]), array([-3.46284488e-01,  8.42676405e-05]), array([-3.46350068e-01, -1.77072869e-06]), array([-3.46511633e-01,  3.99013065e-06]), array([-3.46547908e-01, -6.52312475e-06]), array([-3.46554380e-01,  8.75144024e-07]), array([-3.46566877e-01, -1.68679363e-06]), array([-3.46568569e-01,  2.26264358e-07]), array([-3.46571835e-01, -4.36103135e-07]), array([-3.46572278e-01,  5.84958690e-08]), array([-3.46573132e-01, -1.12744616e-07]), array([-3.46573247e-01,  1.51226201e-08])]"
0.7,0.1,1.5898393712632242e-13,70,0.5315578355994262,2.5592666966584057,"[np.float64(47.29850992082298), np.float64(28.155315752341117), np.float64(20.391617851172185), np.float64(16.003896184863308), np.float64(13.151135520136545), np.float64(11.139790469498267), np.float64(9.643688297455206), np.float64(8.48747683600551), np.float64(7.5678898805712915), np.float64(6.8199196547154735), np.float64(6.200494870943768), np.float64(5.679895852578122), np.float64(5.2369260697067475), np.float64(2.4724532973400732), np.float64(1.8147093374206325), np.float64(1.522769834512256), np.float64(1.354855527132647), np.float64(1.2388339052178599), np.float64(1.1478879875710017), np.float64(0.5831703112344195), np.float64(0.5370073390705454), np.float64(0.4992449864531423), np.float64(0.4669630932282436), np.float64(0.2477394971118536), np.float64(0.13257962380710975), np.float64(0.07100251904229937), np.float64(0.0384476165756924), np.float64(0.02107126628514422), np.float64(0.01162044523265049), np.float64(0.006423161864160143), np.float64(0.003553330946143518), np.float64(0.001966448784479269), np.float64(0.001088460469782504), np.float64(0.0006025429862548393), np.float64(0.00033357113260201743), np.float64(0.00018467271993038992), np.float64(0.00010224090979171763), np.float64(5.6604494097278746e-05), np.float64(3.133859146409179e-05), np.float64(1.7350393724413493e-05), np.float64(9.605941039936283e-06), np.float64(5.318276312227255e-06), np.float64(2.9444358595753783e-06), np.float64(1.630171964084326e-06), np.float64(9.025365654835582e-07), np.float64(4.996848987914859e-07), np.float64(2.7664807600302765e-07), np.float64(1.5316483814586945e-07), np.float64(8.479895008406402e-08), np.float64(4.694851041264769e-08), np.float64(2.5992799912444298e-08), np.float64(1.4390773017680658e-08), np.float64(7.967367210426346e-09), np.float64(4.4110803898433915e-09), np.float64(2.4421589195355864e-09), np.float64(1.35207578466634e-09), np.float64(7.485558839448458e-10), np.float64(4.1442049791839963e-10), np.float64(2.2942803212799845e-10), np.float64(1.270077376602785e-10), np.float64(7.030331872215356e-11), np.float64(3.8909320210223086e-11), np.float64(2.1527668536691635e-11), np.float64(1.1905143537660479e-11), np.float64(6.576961197879427e-12), np.float64(3.6273206660553114e-12), np.float64(1.9944046414366312e-12), np.float64(1.0906830993917538e-12), np.float64(5.897504706808832e-13), np.float64(3.126388037344441e-13), np.float64(1.5898393712632242e-13)]","[array([1., 1.]), array([0.95080797, 0.85216002]), array([0.92079269, 0.76215514]), array([0.89856243, 0.69576895]), array([0.88073608, 0.64283839]), array([0.86577575, 0.59873633]), array([0.85283807, 0.56092234]), array([0.8414064, 0.5278379]), array([0.83113982, 0.49845271]), array([0.82180087, 0.47204774]), array([0.81321729, 0.44810001]), array([0.80525999, 0.42621651]), array([0.7978297, 0.406094 ]), array([0.72801683, 0.22008691]), array([0.68643793, 0.14033898]), array([0.65180745, 0.09357701]), array([0.62041736, 0.06394384]), array([0.59100712, 0.0444568 ]), array([0.56304754, 0.03134268]), array([ 0.29538779, -0.05843066]), array([ 0.2774318 , -0.04557806]), array([ 0.26018146, -0.03575066]), array([ 0.24354733, -0.02818312]), array([0.08277434, 0.03044699]), array([-0.03133506, -0.02349657]), array([-0.1137918 ,  0.01362262]), array([-0.17404125, -0.00618377]), array([-0.21844244,  0.00227946]), array([-0.25132782, -0.00070462]), array([-2.75740940e-01,  1.87961261e-04]), array([-2.93884089e-01, -4.43972907e-05]), array([-3.07374979e-01,  9.50004392e-06]), array([-3.17409518e-01, -1.87825694e-06]), array([-3.24874440e-01,  3.48889925e-07]), array([-3.30428267e-01, -6.17302734e-08]), array([-3.34560466e-01,  1.05197653e-08]), array([-3.37635018e-01, -1.74195326e-09]), array([-3.39922668e-01,  2.82214621e-10]), array([-3.41624829e-01, -4.49723672e-11]), array([-3.42891354e-01,  7.07788576e-12]), array([-3.43833739e-01, -1.10361416e-12]), array([-3.44534941e-01,  1.70877461e-13]), array([-3.45056686e-01, -2.62981478e-14]), array([-3.45444902e-01,  4.03314526e-15]), array([-3.45733764e-01, -6.29791443e-16]), array([-3.45948698e-01,  1.02955753e-16]), array([-3.46108624e-01, -3.02710098e-17]), array([-3.46227622e-01, -8.06654932e-18]), array([-3.46316164e-01, -8.06654932e-18]), array([-3.46382046e-01, -8.06654932e-18]), array([-3.46431068e-01, -8.06654932e-18]), array([-3.46467543e-01, -8.06654932e-18]), array([-3.46494683e-01, -8.06654932e-18]), array([-3.46514878e-01, -8.06654932e-18]), array([-3.46529904e-01, -8.06654932e-18]), array([-3.46541084e-01, -8.06654932e-18]), array([-3.46549403e-01, -8.06654932e-18]), array([-3.46555594e-01, -8.06654932e-18]), array([-3.46560199e-01, -8.06654932e-18]), array([-3.46563626e-01, -8.06654932e-18]), array([-3.46566176e-01, -8.06654932e-18]), array([-3.46568074e-01, -8.06654932e-18]), array([-3.46569486e-01, -8.06654932e-18]), array([-3.46570536e-01, -8.06654932e-18]), array([-3.46571318e-01, -8.06654932e-18]), array([-3.46571899e-01, -8.06654932e-18]), array([-3.46572332e-01, -8.06654932e-18]), array([-3.46572654e-01, -8.06654932e-18]), array([-3.46572894e-01, -8.06654932e-18]), array([-3.46573072e-01, -8.06654932e-18]), array([-3.46573205e-01, -8.06654932e-18])]"
0.7,0.2,1.0658141036401503e-13,52,0.4999938698470103,2.5592666966583533,"[np.float64(47.29850992082298), np.float64(40.114095963981846), np.float64(19.57178203230884), np.float64(13.439496191208777), np.float64(10.242874883664905), np.float64(8.255671758093682), np.float64(6.897796115827685), np.float64(3.163556687044424), np.float64(2.224806091171276), np.float64(1.799784519782488), np.float64(1.5631531819943234), np.float64(1.4113875428116915), np.float64(1.0028265975905493), np.float64(0.7708415526617114), np.float64(0.6011084162350278), np.float64(0.11743109708263422), np.float64(0.026937296594033544), np.float64(0.006363770126217805), np.float64(0.0015144757250471486), np.float64(0.00036290718902698416), np.float64(9.038122523996606e-05), np.float64(7.046812844180295e-05), np.float64(5.610445700288125e-05), np.float64(1.392494167040681e-05), np.float64(1.088617347733134e-05), np.float64(8.674947712172809e-06), np.float64(2.146703860894661e-06), np.float64(1.681990466018135e-06), np.float64(1.3414058597227552e-06), np.float64(3.3105729224658376e-07), np.float64(2.59906070887439e-07), np.float64(2.0742874839996261e-07), np.float64(5.1067467587984083e-08), np.float64(4.016483723390252e-08), np.float64(3.2076759914900776e-08), np.float64(7.879088492757091e-09), np.float64(6.2073599593759354e-09), np.float64(4.960460486813645e-09), np.float64(1.2158531959016727e-09), np.float64(9.593739136448676e-10), np.float64(7.670997170805549e-10), np.float64(1.8763302023216966e-10), np.float64(1.482627354221222e-10), np.float64(3.771027934362792e-11), np.float64(2.893818518145963e-11), np.float64(2.2891910589351028e-11), np.float64(5.7767124417296145e-12), np.float64(4.441780276920326e-12), np.float64(3.5123015607041452e-12), np.float64(8.628653347386717e-13), np.float64(6.59472476627343e-13), np.float64(5.169198402654729e-13), np.float64(1.0658141036401503e-13)]","[array([1., 1.]), array([0.98425855, 0.95269121]), array([0.91706326, 0.75081589]), array([0.88281088, 0.64860783]), array([0.85841048, 0.57661062]), array([0.83915426, 0.52063517]), array([0.82310142, 0.4748166 ]), array([0.75380148, 0.28118591]), array([0.71483159, 0.1937609 ]), array([0.68364243, 0.13920595]), array([0.65607785, 0.10221936]), array([0.63061056, 0.07614686]), array([ 0.51031357, -0.01786799]), array([0.41128428, 0.00153252]), array([3.26057942e-01, 2.61583949e-05]), array([-4.47856802e-02, -9.18979436e-05]), array([-2.01612311e-01,  1.94340972e-04]), array([-0.27607142, -0.00032312]), array([-0.31218822,  0.0004755 ]), array([-0.32979223, -0.00065806]), array([-0.33838273,  0.00088332]), array([-0.33922143,  0.00047306]), array([-3.39974132e-01,  2.53526771e-04]), array([-3.43352186e-01, -3.34298199e-04]), array([-3.43681989e-01, -1.79800791e-04]), array([-3.43978012e-01, -9.67324616e-05]), array([-3.45306580e-01,  1.26654358e-04]), array([-3.45436288e-01,  6.82347749e-05]), array([-3.45552716e-01,  3.67654272e-05]), array([-3.46075255e-01, -4.80043482e-05]), array([-3.46126271e-01, -2.58792578e-05]), array([-3.46172063e-01, -1.39521777e-05]), array([-3.46377587e-01,  1.81973380e-05]), array([-3.46397652e-01,  9.81276335e-06]), array([-3.46415663e-01,  5.29154184e-06]), array([-3.46496498e-01, -6.89860330e-06]), array([-3.46504390e-01, -3.72039247e-06]), array([-3.46511474e-01, -2.00640809e-06]), array([-3.46543269e-01,  2.61531905e-06]), array([-3.46546373e-01,  1.41048871e-06]), array([-3.46549159e-01,  7.60704002e-07]), array([-3.46561664e-01, -9.91498782e-07]), array([-3.46562885e-01, -5.34741568e-07]), array([-3.46568365e-01,  6.96963276e-07]), array([-3.46568900e-01,  3.75892916e-07]), array([-3.46569380e-01,  2.02730264e-07]), array([-3.46571535e-01, -2.64228434e-07]), array([-3.46571745e-01, -1.42506598e-07]), array([-3.46571934e-01, -7.68582466e-08]), array([-3.46572782e-01,  1.00172722e-07]), array([-3.46572865e-01,  5.40263168e-08]), array([-3.46572939e-01,  2.91381031e-08]), array([-3.46573272e-01, -3.79768998e-08])]"
0.7,0.3,1.2967404927621828e-13,66,0.5650230499376556,2.5592666966583764,"[np.float64(47.29850992082298), np.float64(32.44394922478187), np.float64(24.851512217431917), np.float64(12.203354921657226), np.float64(8.328915786208757), np.float64(6.3205510521397095), np.float64(3.0497867826110294), np.float64(2.170162071776944), np.float64(1.7672047778749125), np.float64(1.5409828138003139), np.float64(1.1490242123493593), np.float64(0.607076562214723), np.float64(0.3389149795535902), np.float64(0.19283886837658448), np.float64(0.11105142819382596), np.float64(0.06474373658643984), np.float64(0.03805050355154904), np.float64(0.022447234591778997), np.float64(0.013266058589723073), np.float64(0.00784772965514513), np.float64(0.004645071951187685), np.float64(0.002750339010769487), np.float64(0.0016287934209557875), np.float64(0.0009647097891956058), np.float64(0.0005714227194668631), np.float64(0.0003384824618803961), np.float64(0.00020050509380453718), np.float64(0.0001187738711458941), np.float64(7.035907511676598e-05), np.float64(4.1679406834305155e-05), np.float64(2.4690179016850777e-05), np.float64(1.462607240032554e-05), np.float64(8.664263575042241e-06), np.float64(5.132581593514374e-06), np.float64(3.040466539872e-06), np.float64(1.8011284588226317e-06), np.float64(1.066962614704181e-06), np.float64(6.320533625370217e-07), np.float64(3.744193666221918e-07), np.float64(2.2180067471566645e-07), np.float64(1.3139154297903133e-07), np.float64(7.783446331899313e-08), np.float64(4.610801385140917e-08), np.float64(2.7313717509969138e-08), np.float64(1.618024381144778e-08), np.float64(9.584933291506559e-09), np.float64(5.677964765027355e-09), np.float64(3.363533007672004e-09), np.float64(1.9924963901019055e-09), np.float64(1.180313624615792e-09), np.float64(6.991882628426538e-10), np.float64(4.1417669294219195e-10), np.float64(2.453397485169262e-10), np.float64(1.453228648529148e-10), np.float64(8.607425883155884e-11), np.float64(5.097700039868869e-11), np.float64(3.0184743593508756e-11), np.float64(1.786837344752712e-11), np.float64(1.057243181890044e-11), np.float64(6.250111539429781e-12), np.float64(3.68993724464417e-12), np.float64(2.1733725930062064e-12), np.float64(1.2745360322696797e-12), np.float64(7.425171588693047e-13), np.float64(4.2721381987576024e-13), np.float64(2.4069635173873394e-13), np.float64(1.2967404927621828e-13)]","[array([1., 1.]), array([0.96413901, 0.89222466]), array([0.93912471, 0.8171412 ]), array([0.87423581, 0.62280323]), array([0.8401972 , 0.52281718]), array([0.81563699, 0.45265815]), array([0.7501947 , 0.27217151]), array([0.71168414, 0.18740896]), array([0.68057034, 0.13433975]), array([0.65294787, 0.09838186]), array([0.56767384, 0.01405215]), array([ 0.32624971, -0.02229703]), array([0.15881041, 0.02302871]), array([ 0.03692854, -0.01656909]), array([-0.0537951 ,  0.00864254]), array([-0.1222514 , -0.00336386]), array([-0.17436219,  0.00099967]), array([-0.2142253 , -0.00023122]), array([-2.44798716e-01,  4.23529591e-05]), array([-2.68281422e-01, -6.24909167e-06]), array([-2.86333199e-01,  7.55604795e-07]), array([-3.00217003e-01, -7.62113457e-08]), array([-3.10898326e-01,  6.53000547e-09]), array([-3.19117296e-01, -4.84187095e-10]), array([-3.25442208e-01,  3.16444627e-11]), array([-3.30309846e-01, -1.85558007e-12]), array([-3.34056105e-01,  9.92562236e-14]), array([-3.36939383e-01, -4.92044372e-15]), array([-3.39158503e-01,  2.35432009e-16]), array([-3.40866465e-01, -4.37616444e-18]), array([-3.42181017e-01, -4.37616444e-18]), array([-3.43192779e-01, -4.37616444e-18]), array([-3.43971497e-01, -4.37616444e-18]), array([-3.44570848e-01, -4.37616444e-18]), array([-3.45032148e-01, -4.37616444e-18]), array([-3.45387195e-01, -4.37616444e-18]), array([-3.45660462e-01, -4.37616444e-18]), array([-3.45870786e-01, -4.37616444e-18]), array([-3.46032666e-01, -4.37616444e-18]), array([-3.46157259e-01, -4.37616444e-18]), array([-3.46253155e-01, -4.37616444e-18]), array([-3.46326962e-01, -4.37616444e-18]), array([-3.46383769e-01, -4.37616444e-18]), array([-3.46427491e-01, -4.37616444e-18]), array([-3.46461143e-01, -4.37616444e-18]), array([-3.46487043e-01, -4.37616444e-18]), array([-3.46506978e-01, -4.37616444e-18]), array([-3.46522321e-01, -4.37616444e-18]), array([-3.46534130e-01, -4.37616444e-18]), array([-3.46543219e-01, -4.37616444e-18]), array([-3.46550215e-01, -4.37616444e-18]), array([-3.46555599e-01, -4.37616444e-18]), array([-3.46559743e-01, -4.37616444e-18]), array([-3.46562932e-01, -4.37616444e-18]), array([-3.46565387e-01, -4.37616444e-18]), array([-3.46567277e-01, -4.37616444e-18]), array([-3.46568731e-01, -4.37616444e-18]), array([-3.46569850e-01, -4.37616444e-18]), array([-3.46570712e-01, -4.37616444e-18]), array([-3.46571375e-01, -4.37616444e-18]), array([-3.46571885e-01, -4.37616444e-18]), array([-3.46572278e-01, -4.37616444e-18]), array([-3.46572580e-01, -4.37616444e-18]), array([-3.46572813e-01, -4.37616444e-18]), array([-3.46572992e-01, -4.37616444e-18]), array([-3.46573130e-01, -4.37616444e-18]), array([-3.46573236e-01, -4.37616444e-18])]"
0.7,0.4,9.14823772291129e-14,43,0.4091972046250596,2.559266696658338,"[np.float64(47.29850992082298), np.float64(33.71260363457398), np.float64(18.01724309147567), np.float64(12.593046679451549), np.float64(6.4528410550403414), np.float64(4.436850547138635), np.float64(2.3159150700278888), np.float64(1.743210526992903), np.float64(1.4805209416181153), np.float64(1.146888645534525), np.float64(0.7388736594270107), np.float64(0.23104830018413658), np.float64(0.1487660350907012), np.float64(0.050471565191100076), np.float64(0.017778061362047737), np.float64(0.012062846221409185), np.float64(0.004204873077687132), np.float64(0.0014728841685389682), np.float64(0.0005195572510574564), np.float64(0.00018568289128317872), np.float64(0.00012449505324019228), np.float64(4.3621075768385253e-05), np.float64(1.536140704638811e-05), np.float64(5.464157335044462e-06), np.float64(3.688872461271586e-06), np.float64(1.2915703555549385e-06), np.float64(4.5409911786364887e-07), np.float64(1.609898765408957e-07), np.float64(5.8015179327242095e-08), np.float64(3.8245698608108114e-08), np.float64(1.34286763930902e-08), np.float64(4.74805217365315e-09), np.float64(1.7020855835880866e-09), np.float64(1.1327094817659145e-09), np.float64(3.972457918166583e-10), np.float64(1.4012080384873116e-10), np.float64(4.999023417440185e-11), np.float64(3.352340627316153e-11), np.float64(1.1725731496881053e-11), np.float64(4.108713369532779e-12), np.float64(1.4406253967536031e-12), np.float64(9.627854069549358e-13), np.float64(3.170796958329447e-13), np.float64(9.14823772291129e-14)]","[array([1., 1.]), array([0.96776151, 0.90311159]), array([0.90946017, 0.72807661]), array([0.87694173, 0.63121621]), array([0.81796182, 0.45769564]), array([0.78431955, 0.36462606]), array([0.72113745, 0.20318522]), array([0.68022538, 0.12909004]), array([0.64555405, 0.08551318]), array([0.56642842, 0.01676996]), array([ 0.39496753, -0.01404311]), array([0.0623341, 0.0402928]), array([-0.00742595, -0.00451761]), array([-0.14900504,  0.00716824]), array([-0.23049096, -0.00892698]), array([-0.2495802, -0.0015364]), array([-0.28936202,  0.00158305]), array([-0.31280439, -0.00150575]), array([-0.32663708,  0.00136416]), array([-0.33480303, -0.00120017]), array([-3.36731545e-01, -3.05085516e-04]), array([-3.40761844e-01,  2.62647352e-04]), array([-3.43141730e-01, -2.24146543e-04]), array([-3.44547067e-01,  1.90301943e-04]), array([-3.44879011e-01,  4.97517692e-05]), array([-3.45572914e-01, -4.20799085e-05]), array([-3.45982676e-01,  3.55371925e-05]), array([-3.46224646e-01, -2.99849045e-05]), array([-3.46367534e-01,  2.52867235e-05]), array([-3.46401284e-01,  6.64482743e-06]), array([-3.46471841e-01, -5.60152010e-06]), array([-3.46513505e-01,  4.72129456e-06]), array([-3.46538109e-01, -3.97902557e-06]), array([-3.46543921e-01, -1.04610587e-06]), array([-3.46556070e-01,  8.81581343e-07]), array([-3.46563244e-01, -7.42912394e-07]), array([-3.46567481e-01,  6.26045652e-07]), array([-3.46568481e-01,  1.64604110e-07]), array([-3.46570573e-01, -1.38708828e-07]), array([-3.46571809e-01,  1.16886819e-07]), array([-3.46572538e-01, -9.84976361e-08]), array([-3.46572711e-01, -2.58980244e-08]), array([-3.46573071e-01,  2.18235826e-08]), array([-3.46573284e-01, -1.83901434e-08])]"
0.7,0.5,1.2523315717771766e-13,45,0.439060501129947,2.559266696658372,"[np.float64(47.29850992082298), np.float64(28.503816652554157), np.float64(14.97775942606925), np.float64(7.143131877718524), np.float64(3.2571188344526787), np.float64(2.2812936510813513), np.float64(1.5253950138383345), np.float64(1.1216188011687098), np.float64(0.43383501857597917), np.float64(0.18737977264748462), np.float64(0.0841686171521081), np.float64(0.03842572605291883), np.float64(0.017664992966726523), np.float64(0.00814583860532192), np.float64(0.003761747937964799), np.float64(0.001738479772500412), np.float64(0.0008037553061455149), np.float64(0.0003716804475564217), np.float64(0.0001718945210633649), np.float64(7.950181437976767e-05), np.float64(3.6770776267402994e-05), np.float64(1.7007228368726146e-05), np.float64(7.86622867732234e-06), np.float64(3.638317732423957e-06), np.float64(1.6828102227250952e-06), np.float64(7.783409210482262e-07), np.float64(3.6000179726158876e-07), np.float64(1.6650968248654863e-07), np.float64(7.701481674615707e-08), np.float64(3.562123529476935e-08), np.float64(1.6475683040084732e-08), np.float64(7.620393205343134e-09), np.float64(3.524602831816992e-09), np.float64(1.6301990868328176e-09), np.float64(7.539906476949909e-10), np.float64(3.487223843023912e-10), np.float64(1.612758815383586e-10), np.float64(7.457767736696042e-11), np.float64(3.447730989591946e-11), np.float64(1.5929924046531596e-11), np.float64(7.351008690648086e-12), np.float64(3.383071600637777e-12), np.float64(1.5480949855373183e-12), np.float64(6.994405055138486e-13), np.float64(3.0686564400639327e-13), np.float64(1.2523315717771766e-13)]","[array([1., 1.]), array([0.9519609 , 0.85562502]), array([0.89265509, 0.6777703 ]), array([0.82704632, 0.48337914]), array([0.75742947, 0.28799997]), array([0.71861789, 0.19974849]), array([0.65676666, 0.08910488]), array([0.55844479, 0.00059644]), array([ 0.22774805, -0.00152607]), array([0.03374647, 0.0023755 ]), array([-0.09088138, -0.00262678]), array([-0.17358009,  0.0022565 ]), array([-0.22920296, -0.00160545]), array([-0.26683916,  0.00099357]), array([-0.29237467, -0.00055548]), array([-3.09722083e-01,  2.88720287e-04]), array([-3.21513918e-01, -1.42520503e-04]), array([-3.29531570e-01,  6.78567157e-05]), array([-3.34983722e-01, -3.15079936e-05]), array([-3.38691501e-01,  1.43792781e-05]), array([-3.41213073e-01, -6.48475694e-06]), array([-3.42927956e-01,  2.90079501e-06]), array([-3.44094227e-01, -1.29040504e-06]), array([-3.44887397e-01,  5.71857453e-07]), array([-3.45426824e-01, -2.52770708e-07]), array([-3.45793685e-01,  1.11532379e-07]), array([-3.46043183e-01, -4.91535125e-08]), array([-3.46212865e-01,  2.16448125e-08]), array([-3.46328264e-01, -9.52603148e-09]), array([-3.46406746e-01,  4.19088923e-09]), array([-3.46460121e-01, -1.84326927e-09]), array([-3.46496421e-01,  8.10579284e-10]), array([-3.46521108e-01, -3.56410582e-10]), array([-3.46537897e-01,  1.56700555e-10]), array([-3.46549316e-01, -6.88916563e-11]), array([-3.46557081e-01,  3.02862874e-11]), array([-3.46562363e-01, -1.33142247e-11]), array([-3.46565955e-01,  5.85299864e-12]), array([-3.46568397e-01, -2.57298349e-12]), array([-3.46570059e-01,  1.13105358e-12]), array([-3.46571188e-01, -4.97199504e-13]), array([-3.46571957e-01,  2.18561280e-13]), array([-3.46572479e-01, -9.61036806e-14]), array([-3.46572835e-01,  4.22578639e-14]), array([-3.46573076e-01, -1.86378690e-14]), array([-3.46573241e-01,  8.17401702e-15])]"
0.7,0.6,1.092459456231154e-13,39,0.3703234758687663,2.559266696658356,"[np.float64(47.29850992082298), np.float64(23.95875166436032), np.float64(12.954090104469815), np.float64(7.073748646195044), np.float64(3.874693733443558), np.float64(2.2254576670517388), np.float64(1.478983099696305), np.float64(1.1376419366936), np.float64(0.42575819134804904), np.float64(0.18789546575434057), np.float64(0.11017438476259667), np.float64(0.04877957453030568), np.float64(0.02174852684442108), np.float64(0.009675272776701771), np.float64(0.004290205561637617), np.float64(0.0019005788379198307), np.float64(0.000842902816878599), np.float64(0.0003745287375855888), np.float64(0.00016670762137893647), np.float64(3.505115825408467e-05), np.float64(1.5283066138849222e-05), np.float64(6.732199210990331e-06), np.float64(2.9835343213768795e-06), np.float64(1.3268186549453276e-06), np.float64(2.7946039704573877e-07), np.float64(1.2166381946343563e-07), np.float64(5.357249932558261e-08), np.float64(2.3741230759100063e-08), np.float64(1.0558589114140204e-08), np.float64(2.220475359138163e-09), np.float64(9.673324363745905e-10), np.float64(4.261142549921715e-10), np.float64(1.8886847641397253e-10), np.float64(8.399148043736204e-11), np.float64(1.7608137170554983e-11), np.float64(7.65965069149388e-12), np.float64(3.3582026048861735e-12), np.float64(1.4717116414431075e-12), np.float64(6.377121053446899e-13), np.float64(1.092459456231154e-13)]","[array([1., 1.]), array([0.93575179, 0.80691073]), array([0.87957317, 0.63873369]), array([0.82601557, 0.48095956]), array([0.77255889, 0.33111851]), array([0.71614195, 0.19310634]), array([0.65062926, 0.07884685]), array([0.56401396, 0.00929748]), array([ 0.2183258, -0.0252024]), array([0.01999978, 0.04103776]), array([-0.05568565, -0.01211983]), array([-0.15368071,  0.01208245]), array([-0.21818923, -0.00979292]), array([-0.26097034,  0.00682836]), array([-0.2894359 , -0.00427506]), array([-0.30841214,  0.00248113]), array([-0.32107741, -0.0013662 ]), array([-0.32953635,  0.00072561]), array([-0.33518795, -0.00037602]), array([-0.34148227,  0.00057008]), array([-3.43171212e-01, -2.85144643e-04]), array([-3.44299779e-01,  1.41902641e-04]), array([-3.45053975e-01, -7.03783253e-05]), array([-3.45558006e-01,  3.48256020e-05]), array([-3.46119424e-01, -5.18948447e-05]), array([-3.46270065e-01,  2.55967361e-05]), array([-3.46370739e-01, -1.26196373e-05]), array([-3.46438021e-01,  6.21980452e-06]), array([-3.46482987e-01, -3.06491253e-06]), array([-3.46533073e-01,  4.56007686e-06]), array([-3.46546512e-01, -2.24640701e-06]), array([-3.46555493e-01,  1.10659078e-06]), array([-3.46561496e-01, -5.45097044e-07]), array([-3.46565507e-01,  2.68505204e-07]), array([-3.46569976e-01, -3.99435682e-07]), array([-3.46571174e-01,  1.96749927e-07]), array([-3.46571976e-01, -9.69127069e-08]), array([-3.46572511e-01,  4.77359768e-08]), array([-3.46572869e-01, -2.35131167e-08]), array([-3.46573268e-01,  3.49783246e-08])]"
0.7,0.7,1.3589129821411916e-13,39,0.38353016042251364,2.5592666966583826,"[np.float64(47.29850992082298), np.float64(26.157718803054912), np.float64(12.832502730034047), np.float64(5.8181355313529135), np.float64(3.3044037657926664), np.float64(2.1173060506158867), np.float64(1.5392611518480006), np.float64(1.1473517658670054), np.float64(0.2920570876544928), np.float64(0.17178502972583587), np.float64(0.08257015538016876), np.float64(0.039801469928439914), np.float64(0.01914101813032687), np.float64(0.00922521723988634), np.float64(0.0030813945589240888), np.float64(0.0014624609354561002), np.float64(0.0004897219819595122), np.float64(0.00023134848368133731), np.float64(7.705069864138991e-05), np.float64(3.6567911090301664e-05), np.float64(1.2100965719241685e-05), np.float64(5.782743684346059e-06), np.float64(1.903434736050258e-06), np.float64(6.405350303495538e-07), np.float64(3.000140047504374e-07), np.float64(9.991242011508916e-08), np.float64(4.737425296497122e-08), np.float64(1.5659102459153473e-08), np.float64(7.490809750265726e-09), np.float64(2.462886783405338e-09), np.float64(8.263199013924805e-10), np.float64(3.8832759230444935e-10), np.float64(1.290123563535417e-10), np.float64(6.131628538241785e-11), np.float64(2.021405265395515e-11), np.float64(6.8260952446053125e-12), np.float64(3.155697925194545e-12), np.float64(1.0347278589506459e-12), np.float64(4.716227408607665e-13), np.float64(1.3589129821411916e-13)]","[array([1., 1.]), array([0.94392652, 0.83147876]), array([0.87876009, 0.63620164]), array([0.80925476, 0.43153675]), array([0.75790138, 0.29194293]), array([0.70930604, 0.18058107]), array([0.65689962, 0.09372931]), array([0.56762923, 0.00945508]), array([ 0.11707185, -0.03620903]), array([0.01482244, 0.01849807]), array([-0.09670915, -0.01749491]), array([-0.17299367,  0.01295193]), array([-0.2256558 , -0.00792876]), array([-0.26220041,  0.00419609]), array([-0.29855396, -0.00464117]), array([-0.31303331,  0.00195683]), array([-0.32746673, -0.00196005]), array([-0.33322271,  0.00074692]), array([-0.33896612, -0.00071826]), array([-3.41257070e-01,  2.62364332e-04]), array([-3.43543974e-01, -2.48178323e-04]), array([-3.4445622e-01,  8.9105825e-05]), array([-3.45366986e-01, -8.37340415e-05]), array([-3.45885997e-01,  7.85382387e-05]), array([-3.46093032e-01, -2.79486355e-05]), array([-3.46299738e-01,  2.61750763e-05]), array([-3.46382194e-01, -9.29998777e-06]), array([-3.46464521e-01,  8.70462391e-06]), array([-3.46497361e-01, -3.09080342e-06]), array([-3.46530150e-01,  2.89224819e-06]), array([-3.46548835e-01, -2.70626471e-06]), array([-3.46556289e-01,  9.60620582e-07]), array([-3.46563731e-01, -8.98800114e-07]), array([-3.46566699e-01,  3.19021562e-07]), array([-3.46569663e-01, -2.98484591e-07]), array([-3.46571353e-01,  2.79267971e-07]), array([-3.46572026e-01, -9.91209403e-08]), array([-3.46572699e-01,  9.27390207e-08]), array([-3.46572967e-01, -3.29158107e-08]), array([-3.46573235e-01,  3.07964603e-08])]"
0.7,0.8,1.1546319456101628e-13,39,0.339833912539381,2.559266696658362,"[np.float64(47.29850992082298), np.float64(24.838287034241105), np.float64(12.245582445678147), np.float64(5.753945041084949), np.float64(2.6958282640145343), np.float64(1.6603643503744987), np.float64(1.2518872207279959), np.float64(0.6893856864798265), np.float64(0.43426124841659774), np.float64(0.22078485605519527), np.float64(0.1272383494025715), np.float64(0.054924947601104446), np.float64(0.027979351618208526), np.float64(0.012076127595043396), np.float64(0.005202258441387997), np.float64(0.002234324640364882), np.float64(0.0009578715065523546), np.float64(0.0003269512216590442), np.float64(0.0001612116523510565), np.float64(5.336097464692102e-05), np.float64(1.8142827009626217e-05), np.float64(8.972475362245547e-06), np.float64(2.960442035515598e-06), np.float64(9.978701096535758e-07), np.float64(4.2293714130892113e-07), np.float64(1.801408471280297e-07), np.float64(6.128838636598744e-08), np.float64(3.0256093630498526e-08), np.float64(9.980122506192401e-09), np.float64(3.3611824434842674e-09), np.float64(1.424895312851504e-09), np.float64(6.070308700145688e-10), np.float64(2.0623769358962818e-10), np.float64(1.0198553113127673e-10), np.float64(2.3241852886712877e-11), np.float64(1.1483702877512769e-11), np.float64(2.594369163944066e-12), np.float64(1.2683187833317788e-12), np.float64(2.651212582804874e-13), np.float64(1.1546319456101628e-13)]","[array([1., 1.]), array([0.93910321, 0.81698297]), array([0.87457073, 0.62371386]), array([0.80822081, 0.42878214]), array([0.73898345, 0.24095537]), array([0.67570542, 0.1119492 ]), array([0.6014214, 0.0297282]), array([ 0.3592373 , -0.04626436]), array([0.22282077, 0.02813645]), array([ 0.05689322, -0.03342342]), array([-0.03505867,  0.01615808]), array([-0.14407838, -0.01796019]), array([-0.20034923,  0.00924749]), array([-0.25083283, -0.00729961]), array([-0.28381527,  0.0051184 ]), array([-0.3054084 , -0.00330612]), array([-0.3195614 ,  0.00201915]), array([-0.33116518, -0.00198906]), array([-0.33540205,  0.00050881]), array([-0.34019917, -0.00048535]), array([-0.34293643,  0.00045843]), array([-3.43936048e-01, -1.10528779e-04]), array([-3.45068552e-01,  1.03596926e-04]), array([-3.45714787e-01, -9.68726445e-05]), array([-3.46009792e-01,  5.29964479e-05]), array([-3.46203458e-01, -2.89687629e-05]), array([-3.46362384e-01,  2.70248707e-05]), array([-3.46420424e-01, -6.40104241e-06]), array([-3.46486190e-01,  5.96882883e-06]), array([-3.46523717e-01, -5.56504078e-06]), array([-3.46540849e-01,  3.03752402e-06]), array([-3.46552095e-01, -1.65786827e-06]), array([-3.46561325e-01,  1.54550325e-06]), array([-3.46564695e-01, -3.65683732e-07]), array([-3.46569469e-01,  5.17533373e-07]), array([-3.46570602e-01, -1.22449098e-07]), array([-3.46572206e-01,  1.73294163e-07]), array([-3.46572586e-01, -4.10010477e-08]), array([-3.46573125e-01,  5.80258921e-08]), array([-3.46573253e-01, -1.37287425e-08])]"
0.7,0.9,1.1457501614131615e-13,39,0.3815740153429747,2.5592666966583613,"[np.float64(47.29850992082298), np.float64(22.130351201936378), np.float64(9.864553399842974), np.float64(4.60139620904713), np.float64(2.2690793045850413), np.float64(1.5030838270864413), np.float64(1.0958007759101651), np.float64(0.2818724733823834), np.float64(0.13306097616019574), np.float64(0.0743127206271561), np.float64(0.028837463738939917), np.float64(0.014345709638106108), np.float64(0.005557164208868315), np.float64(0.002372223089086134), np.float64(0.001008963737794133), np.float64(0.000428515227592019), np.float64(0.0001653803164325396), np.float64(6.990147672603086e-05), np.float64(2.9615472961985745e-05), np.float64(1.1379178987080962e-05), np.float64(4.814701062727522e-06), np.float64(1.8501277363469626e-06), np.float64(7.823178092003502e-07), np.float64(3.006500328694983e-07), np.float64(1.2708584495868536e-07), np.float64(4.8845556932519685e-08), np.float64(2.0642873188592148e-08), np.float64(7.935046397733458e-09), np.float64(3.352929489608414e-09), np.float64(1.2889973532992371e-09), np.float64(5.445723871844166e-10), np.float64(2.0936496980539232e-10), np.float64(8.842571119771492e-11), np.float64(3.398437087298589e-11), np.float64(1.4336531961589571e-11), np.float64(5.494271704264975e-12), np.float64(2.3026025530725747e-12), np.float64(8.664180484174722e-13), np.float64(3.481659405224491e-13), np.float64(1.1457501614131615e-13)]","[array([1., 1.]), array([0.92839714, 0.78480733]), array([0.8554368 , 0.56663129]), array([0.7886981 , 0.37316897]), array([0.72040144, 0.19700938]), array([0.65556532, 0.08228641]), array([ 0.54833617, -0.00725871]), array([0.11318892, 0.02686047]), array([-0.03575855, -0.03276532]), array([-0.10814842,  0.01294398]), array([-0.20078923, -0.01546247]), array([-0.24193265,  0.00708868]), array([-0.28225022, -0.0065175 ]), array([-0.30453861,  0.00429634]), array([-0.31909015, -0.00267477]), array([-0.32859862,  0.00160246]), array([-0.33550601, -0.0012178 ]), array([-0.33933353,  0.00069786]), array([-0.34183696, -0.00039572]), array([-3.43656595e-01,  2.91564670e-04]), array([-3.44665123e-01, -1.63357944e-04]), array([-3.45398250e-01,  1.19561205e-04]), array([-3.45804599e-01, -6.66631480e-05]), array([-3.46099997e-01,  4.86590786e-05]), array([-3.46263729e-01, -2.70774333e-05]), array([-3.46382757e-01,  1.97429856e-05]), array([-3.46448732e-01, -1.09777383e-05]), array([-3.46496694e-01,  8.00069369e-06]), array([-3.46523279e-01, -4.44722600e-06]), array([-3.46542605e-01,  3.24061299e-06]), array([-3.46553317e-01, -1.80107962e-06]), array([-3.46561105e-01,  1.31232056e-06]), array([-3.46565421e-01, -7.29328501e-07]), array([-3.46568559e-01,  5.31395330e-07]), array([-3.46570299e-01, -2.95319364e-07]), array([-3.46571563e-01,  2.15169865e-07]), array([-3.46572264e-01, -1.19578193e-07]), array([-3.46572773e-01,  8.71243364e-08]), array([-3.46573056e-01, -4.84181900e-08]), array([-3.46573261e-01,  3.52772914e-08])]"
0.8,0.1,1.5365486660812167e-13,84,0.5311380739431162,2.5592666966584003,"[np.float64(47.29850992082298), np.float64(44.92995198614358), np.float64(42.78209367765897), np.float64(26.669976084701908), np.float64(19.61375454154735), np.float64(15.518703561687987), np.float64(12.817987451035778), np.float64(10.896520420043062), np.float64(9.45823619354262), np.float64(8.341522706197617), np.float64(7.450162791981446), np.float64(6.723086177725797), np.float64(6.119568758905972), np.float64(5.611363934117158), np.float64(5.178239174046808), np.float64(4.805308463744406), np.float64(4.481367888470043), np.float64(4.197818862959829), np.float64(3.9479496917444132), np.float64(3.72644325965761), np.float64(3.5290317303054266), np.float64(3.352249333463398), np.float64(3.1932521215696177), np.float64(3.049684392793364), np.float64(2.919578234173988), np.float64(2.801276961927055), np.float64(2.6933760642402174), np.float64(1.8856338772362191), np.float64(1.5505517602209995), np.float64(1.366393695757397), np.float64(1.2435520430852174), np.float64(1.1495837764029986), np.float64(1.071166143832361), np.float64(1.002342708359075), np.float64(0.9402351352938085), np.float64(0.4686557991177751), np.float64(0.4412783824094202), np.float64(0.2327878752524759), np.float64(0.12510897603769067), np.float64(0.06783180174153403), np.float64(0.03708709883626149), np.float64(0.020407081914897596), np.float64(0.011266079682647145), np.float64(0.006228617153366756), np.float64(0.0034458634245186914), np.float64(0.0019070037551784935), np.float64(0.0010555643472223153), np.float64(0.0005843348497123202), np.float64(0.00032349170664147664), np.float64(0.00017909273002958415), np.float64(9.915170896146464e-05), np.float64(5.489421400373118e-05), np.float64(3.039171576268984e-05), np.float64(1.6826164451977377e-05), np.float64(9.315705238321925e-06), np.float64(5.157589037629862e-06), np.float64(2.8554722448781433e-06), np.float64(1.5809177269510144e-06), np.float64(8.75267208044761e-07), np.float64(4.845873546877044e-07), np.float64(2.6828939514444983e-07), np.float64(1.4853709640050283e-07), np.float64(8.22368235731119e-08), np.float64(4.553000154672304e-08), np.float64(2.5207449017017325e-08), np.float64(1.3955967048673301e-08), np.float64(7.726639328353713e-09), np.float64(4.27780211254003e-09), np.float64(2.3683703886945295e-09), np.float64(1.3112226859846032e-09), np.float64(7.259384204871822e-10), np.float64(4.0189807037904757e-10), np.float64(2.2249491138381927e-10), np.float64(1.2316947461954442e-10), np.float64(6.817835185302101e-11), np.float64(3.773248380412042e-11), np.float64(2.0876633755051444e-11), np.float64(1.1544543099262228e-11), np.float64(6.377565142656749e-12), np.float64(3.517186542012496e-12), np.float64(1.9335644196871726e-12), np.float64(1.056488230233299e-12), np.float64(5.710987238671805e-13), np.float64(3.019806626980426e-13), np.float64(1.5365486660812167e-13)]","[array([1., 1.]), array([0.9950808, 0.985216 ]), array([0.99039878, 0.97114602]), array([0.94572958, 0.8369237 ]), array([0.91720321, 0.75142538]), array([0.8957534 , 0.68741686]), array([0.87841432, 0.63598219]), array([0.86378888, 0.59291725]), array([0.85109598, 0.55586872]), array([0.83985111, 0.52337464]), array([0.82973169, 0.49445991]), array([0.82051158, 0.46843948]), array([0.81202586, 0.44481249]), array([0.80415045, 0.42320101]), array([0.79678959, 0.40331239]), array([0.78986783, 0.38491515]), array([0.78332468, 0.36782283]), array([0.77711086, 0.35188286]), array([0.77118574, 0.33696872]), array([0.76551543, 0.32297426]), array([0.76007139, 0.30980942]), array([0.75482936, 0.29739714]), array([0.74976855, 0.2856709 ]), array([0.74487106, 0.27457281]), array([0.74012133, 0.2640522 ]), array([0.73550581, 0.25406438]), array([0.73101257, 0.24456977]), array([0.6871983 , 0.15420276]), array([0.65185166, 0.10247033]), array([0.62018333, 0.06993497]), array([0.59065999, 0.04860152]), array([0.5626567 , 0.03426146]), array([0.5358778 , 0.02444913]), array([0.51016288, 0.01763792]), array([0.48541203, 0.01285102]), array([ 0.24683712, -0.0211663 ]), array([ 0.23069631, -0.0167508 ]), array([0.07432646, 0.01762489]), array([-0.03687447, -0.0133102 ]), array([-0.11754692,  0.00758895]), array([-0.17671641, -0.00340142]), array([-0.22040462,  0.00124121]), array([-0.25278137, -0.00038048]), array([-2.76820602e-01,  1.00795979e-04]), array([-2.94686738e-01, -2.36739986e-05]), array([-3.07971927e-01,  5.04265639e-06]), array([-3.17853576e-01, -9.93381045e-07]), array([-3.25204804e-01,  1.83999545e-07]), array([-3.30674062e-01, -3.24841311e-08]), array([-3.34743347e-01,  5.52643964e-09]), array([-3.37771092e-01, -9.13937525e-10]), array([-3.40023916e-01,  1.47922897e-10]), array([-3.41700164e-01, -2.35549572e-11]), array([-3.42947409e-01,  3.70510364e-12]), array([-3.43875447e-01, -5.77470660e-13]), array([-3.44565975e-01,  8.93959024e-14]), array([-3.45079778e-01, -1.37438166e-14]), array([-3.45462084e-01,  2.11016821e-15]), array([-3.45746548e-01, -3.32322445e-16]), array([-3.45958210e-01,  2.29489224e-17]), array([-3.46115703e-01,  7.44461912e-19]), array([-3.46232888e-01,  7.44461912e-19]), array([-3.46320083e-01,  7.44461912e-19]), array([-3.46384962e-01,  7.44461912e-19]), array([-3.46433237e-01,  7.44461912e-19]), array([-3.46469157e-01,  7.44461912e-19]), array([-3.46495884e-01,  7.44461912e-19]), array([-3.46515771e-01,  7.44461912e-19]), array([-3.46530569e-01,  7.44461912e-19]), array([-3.46541579e-01,  7.44461912e-19]), array([-3.46549772e-01,  7.44461912e-19]), array([-3.46555867e-01,  7.44461912e-19]), array([-3.46560403e-01,  7.44461912e-19]), array([-3.46563778e-01,  7.44461912e-19]), array([-3.46566289e-01,  7.44461912e-19]), array([-3.46568158e-01,  7.44461912e-19]), array([-3.46569548e-01,  7.44461912e-19]), array([-3.46570583e-01,  7.44461912e-19]), array([-3.46571352e-01,  7.44461912e-19]), array([-3.46571925e-01,  7.44461912e-19]), array([-3.46572351e-01,  7.44461912e-19]), array([-3.46572668e-01,  7.44461912e-19]), array([-3.46572904e-01,  7.44461912e-19]), array([-3.46573080e-01,  7.44461912e-19]), array([-3.46573210e-01,  7.44461912e-19])]"
0.8,0.2,1.3322676295501878e-13,157,0.7801500826443898,2.55926669665838,"[np.float64(47.29850992082298), np.float64(40.114095963981846), np.float64(34.82181588654321), np.float64(30.751501771433233), np.float64(27.5190629924995), np.float64(24.887534384165477), np.float64(15.634250115047605), np.float64(11.475544470240495), np.float64(9.04990140161922), np.float64(7.452211339853438), np.float64(6.320566392847477), np.float64(5.478940840315138), np.float64(4.830595848106851), np.float64(4.3176645197455885), np.float64(3.9032923664784054), np.float64(3.562842080646358), np.float64(2.3708450714670475), np.float64(1.8688750032556127), np.float64(1.6004098990807831), np.float64(1.4335453324807879), np.float64(1.3168320771720334), np.float64(1.2271420373632274), np.float64(0.9129989580057787), np.float64(0.7069916477473108), np.float64(0.5528331217015818), np.float64(0.43512467148846), np.float64(0.34419172773817985), np.float64(0.27331343948414677), np.float64(0.21768377774660852), np.float64(0.17378604884075122), np.float64(0.1389989596874024), np.float64(0.11133925111072696), np.float64(0.08928818065899824), np.float64(0.07167131462393606), np.float64(0.057573269190670295), np.float64(0.04627599730613241), np.float64(0.03721332936830457), np.float64(0.02993698058842309), np.float64(0.024090805904819934), np.float64(0.019391089605053757), np.float64(0.01561131753984668), np.float64(0.01257032299529559), np.float64(0.010123000550464223), np.float64(0.00815299368669642), np.float64(0.006566911941429332), np.float64(0.005289741598984321), np.float64(0.004261193124219798), np.float64(0.003432787334353371), np.float64(0.002765526474245217), np.float64(0.002228029909333795), np.float64(0.001795039876230753), np.float64(0.0014462226211566787), np.float64(0.0011652057437312457), np.float64(0.000938804695040929), np.float64(0.00075640092959528), np.float64(0.0006094417613526915), np.float64(0.0004910379641858142), np.float64(0.0003956399230879981), np.float64(0.0003187769433150578), np.float64(0.0002568473617339251), np.float64(0.00020694953531297244), np.float64(0.0001667457294431962), np.float64(0.0001343524912744698), np.float64(0.00010825234768896408), np.float64(8.722267540051121e-05), np.float64(7.027840082285408e-05), np.float64(5.6625838916080085e-05), np.float64(4.5625504417223794e-05), np.float64(3.676215069159383e-05), np.float64(2.9620631005755627e-05), np.float64(2.3866450412413087e-05), np.float64(1.9230096549804898e-05), np.float64(1.5494414943084678e-05), np.float64(1.2484437182713748e-05), np.float64(1.0059185338473497e-05), np.float64(8.105068620700706e-06), np.float64(6.530562919326854e-06), np.float64(5.261923972987859e-06), np.float64(4.239733345734464e-06), np.float64(3.41611541898601e-06), np.float64(2.7524950292345807e-06), np.float64(2.2177907252896034e-06), np.float64(1.7869590163144267e-06), np.float64(1.4398214154276445e-06), np.float64(1.160119352583422e-06), np.float64(9.347526797043315e-07), np.float64(7.531661094795083e-07), np.float64(6.068548441540145e-07), np.float64(4.88966243494815e-07), np.float64(3.9397887308112445e-07), np.float64(3.1744390227572694e-07), np.float64(2.557767384558929e-07), np.float64(2.0608913642305993e-07), np.float64(1.660539270531558e-07), np.float64(1.3379602137320035e-07), np.float64(1.0780458792325476e-07), np.float64(8.68622915817241e-08), np.float64(6.998827917215067e-08), np.float64(5.6392239322633486e-08), np.float64(4.543738718609802e-08), np.float64(3.6610642517587166e-08), np.float64(2.949859512213493e-08), np.float64(2.3768145229752236e-08), np.float64(1.915090175330647e-08), np.float64(1.543061101116905e-08), np.float64(1.2433030160963199e-08), np.float64(1.0017764395797712e-08), np.float64(8.071691315336693e-09), np.float64(6.503665606061304e-09), np.float64(5.240247347160221e-09), np.float64(4.222262539599342e-09), np.float64(3.402032877630745e-09), np.float64(2.741142424156351e-09), np.float64(2.2086377171604e-09), np.float64(1.7795782625285028e-09), np.float64(1.4338685794257344e-09), np.float64(1.1553167311717516e-09), np.float64(9.308771531379989e-10), np.float64(7.500373655489057e-10), np.float64(6.043281430834213e-10), np.float64(4.869242786753603e-10), np.float64(3.9232750381756887e-10), np.float64(3.1610714046337307e-10), np.float64(2.5469359954399806e-10), np.float64(2.0521051524724498e-10), np.float64(1.653397418976965e-10), np.float64(1.3321477254635283e-10), np.float64(1.0733014477182223e-10), np.float64(8.647393912042389e-11), np.float64(6.966960341969752e-11), np.float64(5.6129323411369114e-11), np.float64(4.5219383792982626e-11), np.float64(3.6429081973210486e-11), np.float64(2.934630316531184e-11), np.float64(2.3638868640318833e-11), np.float64(1.9041213050741135e-11), np.float64(1.5336176772962062e-11), np.float64(1.2351009104349941e-11), np.float64(9.945821943802002e-12), np.float64(8.007372542806479e-12), np.float64(6.445954880973659e-12), np.float64(5.1878501494684315e-12), np.float64(4.1735503941708885e-12), np.float64(3.3568703372566233e-12), np.float64(2.6987301282588305e-12), np.float64(2.1684876116978558e-12), np.float64(1.7408297026122455e-12), np.float64(1.397104654188297e-12), np.float64(1.1191048088221578e-12), np.float64(8.961720254774264e-13), np.float64(7.158718062783009e-13), np.float64(5.706546346573305e-13), np.float64(4.53859172466764e-13), np.float64(3.597122599785507e-13), np.float64(2.8377300509419e-13), np.float64(2.2248869413488137e-13), np.float64(1.7319479184152442e-13), np.float64(1.3322676295501878e-13)]","[array([1., 1.]), array([0.98425855, 0.95269121]), array([0.97081949, 0.91231614]), array([0.95907689, 0.87705639]), array([0.94863938, 0.84573731]), array([0.93923858, 0.81755329]), array([0.89645561, 0.68941889]), array([0.86852738, 0.60655323]), array([0.84728654, 0.54436402]), array([0.8299528 , 0.49446028]), array([0.81519707, 0.45281833]), array([0.80227074, 0.41716278]), array([0.79070768, 0.38606954]), array([0.78019707, 0.35858299]), array([0.77052102, 0.33402805]), array([0.76152087, 0.31190857]), array([0.71930431, 0.21160688]), array([0.68691522, 0.15112288]), array([0.65877404, 0.11063138]), array([0.63298847, 0.08226151]), array([0.60873351, 0.06187079]), array([0.58560099, 0.0469676 ]), array([ 0.47444763, -0.00817164]), array([0.38059827, 0.00038505]), array([2.99421000e-01, 1.80111543e-05]), array([2.28593669e-01, 2.18113359e-06]), array([1.66412853e-01, 3.95212428e-07]), array([1.11564338e-01, 9.11198465e-08]), array([6.30065091e-02, 2.47504599e-08]), array([1.98953428e-02, 7.57732027e-09]), array([-1.84657059e-02,  2.54162862e-09]), array([-5.26602441e-02,  9.16096397e-10]), array([-8.31834184e-02,  3.49890772e-10]), array([-1.10459691e-01,  1.40137171e-10]), array([-1.34856045e-01,  5.83878085e-11]), array([-1.56691993e-01,  2.51480331e-11]), array([-1.76247317e-01,  1.11406601e-11]), array([-1.93768162e-01,  5.05551879e-12]), array([-2.09471902e-01,  2.34209820e-12]), array([-2.23551105e-01,  1.10461697e-12]), array([-2.36176790e-01,  5.29148405e-13]), array([-2.47501154e-01,  2.56939483e-13]), array([-2.57659865e-01,  1.26252910e-13]), array([-2.66774020e-01,  6.26948623e-14]), array([-2.74951828e-01,  3.14132183e-14]), array([-2.82290066e-01,  1.58700960e-14]), array([-2.88875347e-01,  8.05412588e-15]), array([-2.94785232e-01,  4.12837727e-15]), array([-3.00089211e-01,  2.12109404e-15]), array([-3.04849562e-01,  1.10857064e-15]), array([-3.09122118e-01,  5.75663590e-16]), array([-3.12956947e-01,  3.09210064e-16]), array([-3.16398953e-01,  1.67101517e-16]), array([-3.19488420e-01,  8.71654595e-17]), array([-3.22261486e-01,  3.38747543e-17]), array([-3.24750577e-01,  1.61111859e-17]), array([-3.26984791e-01, -1.65238249e-18]), array([-3.28990238e-01, -1.65238249e-18]), array([-3.30790350e-01, -1.65238249e-18]), array([-3.32406158e-01, -1.65238249e-18]), array([-3.33856536e-01, -1.65238249e-18]), array([-3.35158424e-01, -1.65238249e-18]), array([-3.36327028e-01, -1.65238249e-18]), array([-3.37375994e-01, -1.65238249e-18]), array([-3.38317571e-01, -1.65238249e-18]), array([-3.39162755e-01, -1.65238249e-18]), array([-3.39921414e-01, -1.65238249e-18]), array([-3.40602407e-01, -1.65238249e-18]), array([-3.41213684e-01, -1.65238249e-18]), array([-3.41762384e-01, -1.65238249e-18]), array([-3.42254912e-01, -1.65238249e-18]), array([-3.42697020e-01, -1.65238249e-18]), array([-3.43093868e-01, -1.65238249e-18]), array([-3.43450090e-01, -1.65238249e-18]), array([-3.43769845e-01, -1.65238249e-18]), array([-3.44056867e-01, -1.65238249e-18]), array([-3.44314506e-01, -1.65238249e-18]), array([-3.44545770e-01, -1.65238249e-18]), array([-3.44753360e-01, -1.65238249e-18]), array([-3.44939698e-01, -1.65238249e-18]), array([-3.45106961e-01, -1.65238249e-18]), array([-3.45257101e-01, -1.65238249e-18]), array([-3.45391871e-01, -1.65238249e-18]), array([-3.45512844e-01, -1.65238249e-18]), array([-3.45621433e-01, -1.65238249e-18]), array([-3.45718906e-01, -1.65238249e-18]), array([-3.45806401e-01, -1.65238249e-18]), array([-3.45884939e-01, -1.65238249e-18]), array([-3.45955436e-01, -1.65238249e-18]), array([-3.46018717e-01, -1.65238249e-18]), array([-3.46075520e-01, -1.65238249e-18]), array([-3.46126508e-01, -1.65238249e-18]), array([-3.46172276e-01, -1.65238249e-18]), array([-3.46213359e-01, -1.65238249e-18]), array([-3.46250236e-01, -1.65238249e-18]), array([-3.46283338e-01, -1.65238249e-18]), array([-3.46313051e-01, -1.65238249e-18]), array([-3.46339723e-01, -1.65238249e-18]), array([-3.46363664e-01, -1.65238249e-18]), array([-3.46385154e-01, -1.65238249e-18]), array([-3.46404445e-01, -1.65238249e-18]), array([-3.46421760e-01, -1.65238249e-18]), array([-3.46437303e-01, -1.65238249e-18]), array([-3.46451255e-01, -1.65238249e-18]), array([-3.46463778e-01, -1.65238249e-18]), array([-3.46475020e-01, -1.65238249e-18]), array([-3.46485111e-01, -1.65238249e-18]), array([-3.46494168e-01, -1.65238249e-18]), array([-3.46502299e-01, -1.65238249e-18]), array([-3.46509597e-01, -1.65238249e-18]), array([-3.46516148e-01, -1.65238249e-18]), array([-3.46522028e-01, -1.65238249e-18]), array([-3.46527307e-01, -1.65238249e-18]), array([-3.46532045e-01, -1.65238249e-18]), array([-3.46536298e-01, -1.65238249e-18]), array([-3.46540116e-01, -1.65238249e-18]), array([-3.46543542e-01, -1.65238249e-18]), array([-3.46546618e-01, -1.65238249e-18]), array([-3.46549380e-01, -1.65238249e-18]), array([-3.46551858e-01, -1.65238249e-18]), array([-3.46554083e-01, -1.65238249e-18]), array([-3.46556080e-01, -1.65238249e-18]), array([-3.46557872e-01, -1.65238249e-18]), array([-3.46559481e-01, -1.65238249e-18]), array([-3.46560926e-01, -1.65238249e-18]), array([-3.46562222e-01, -1.65238249e-18]), array([-3.46563386e-01, -1.65238249e-18]), array([-3.46564431e-01, -1.65238249e-18]), array([-3.46565368e-01, -1.65238249e-18]), array([-3.46566210e-01, -1.65238249e-18]), array([-3.46566965e-01, -1.65238249e-18]), array([-3.46567644e-01, -1.65238249e-18]), array([-3.46568252e-01, -1.65238249e-18]), array([-3.46568799e-01, -1.65238249e-18]), array([-3.46569289e-01, -1.65238249e-18]), array([-3.46569730e-01, -1.65238249e-18]), array([-3.46570125e-01, -1.65238249e-18]), array([-3.46570480e-01, -1.65238249e-18]), array([-3.46570798e-01, -1.65238249e-18]), array([-3.46571084e-01, -1.65238249e-18]), array([-3.46571340e-01, -1.65238249e-18]), array([-3.46571571e-01, -1.65238249e-18]), array([-3.46571778e-01, -1.65238249e-18]), array([-3.46571963e-01, -1.65238249e-18]), array([-3.46572130e-01, -1.65238249e-18]), array([-3.46572279e-01, -1.65238249e-18]), array([-3.46572413e-01, -1.65238249e-18]), array([-3.46572534e-01, -1.65238249e-18]), array([-3.46572642e-01, -1.65238249e-18]), array([-3.46572739e-01, -1.65238249e-18]), array([-3.46572826e-01, -1.65238249e-18]), array([-3.46572904e-01, -1.65238249e-18]), array([-3.46572975e-01, -1.65238249e-18]), array([-3.46573038e-01, -1.65238249e-18]), array([-3.46573094e-01, -1.65238249e-18]), array([-3.46573145e-01, -1.65238249e-18]), array([-3.46573191e-01, -1.65238249e-18]), array([-3.46573232e-01, -1.65238249e-18])]"
0.8,0.3,1.1857181902996672e-13,73,0.5626384482182165,2.5592666966583653,"[np.float64(47.29850992082298), np.float64(32.44394922478187), np.float64(24.851512217431917), np.float64(20.147678950723062), np.float64(16.923451199819176), np.float64(14.567957141166113), np.float64(9.338486336488371), np.float64(6.889262295535852), np.float64(5.449521714788622), np.float64(4.50395510607317), np.float64(3.8396368540470176), np.float64(3.3510313835619563), np.float64(2.2824818008789407), np.float64(1.8202633811362698), np.float64(1.5693052358474793), np.float64(1.4111956066335916), np.float64(1.299152948931087), np.float64(1.0423716532576348), np.float64(0.555387728395174), np.float64(0.31092536853377606), np.float64(0.17774068745120175), np.float64(0.10293109290254332), np.float64(0.06020423442795808), np.float64(0.035423432702457625), np.float64(0.02090540073643954), np.float64(0.012356965298658817), np.float64(0.007310641021732511), np.float64(0.0043274121193457304), np.float64(0.0025623382399033723), np.float64(0.001517486261862544), np.float64(0.0008987946914187361), np.float64(0.0005323831584611582), np.float64(0.000315358649860098), np.float64(0.00018680781307356398), np.float64(0.00011066012567173544), np.float64(6.555272317898542e-05), np.float64(3.8832232887919815e-05), np.float64(2.3003567941159986e-05), np.float64(1.3626953017098486e-05), np.float64(8.072401239900273e-06), np.float64(4.781971394862694e-06), np.float64(2.832770270799756e-06), np.float64(1.6780922247328078e-06), np.float64(9.940777294659142e-07), np.float64(5.888774050610834e-07), np.float64(3.488425477371493e-07), np.float64(2.066493332009145e-07), np.float64(1.2241610436447559e-07), np.float64(7.251754219339546e-08), np.float64(4.295834532541676e-08), np.float64(2.5447898899244592e-08), np.float64(1.5074959947014577e-08), np.float64(8.930178374555453e-09), np.float64(5.29009769323352e-09), np.float64(3.1337661354768898e-09), np.float64(1.8563852677289105e-09), np.float64(1.0996838994969949e-09), np.float64(6.514242478772303e-10), np.float64(3.858815489365952e-10), np.float64(2.2857804538034543e-10), np.float64(1.353939182990871e-10), np.float64(8.019274133630461e-11), np.float64(4.7492232368995246e-11), np.float64(2.8121061035335515e-11), np.float64(1.6646239942019747e-11), np.float64(9.848122317634989e-12), np.float64(5.821121362714621e-12), np.float64(3.4354741274000844e-12), np.float64(2.022382261657185e-12), np.float64(1.1857181902996672e-12), np.float64(6.892264536872972e-13), np.float64(3.9612757518625585e-13), np.float64(2.220446049250313e-13), np.float64(1.1857181902996672e-13)]","[array([1., 1.]), array([0.96413901, 0.89222466]), array([0.93912471, 0.8171412 ]), array([0.91965804, 0.75883981]), array([0.9036306 , 0.71098761]), array([0.88996213, 0.67033814]), array([0.8501489, 0.5524895]), array([0.82311664, 0.47445836]), array([0.80208749, 0.41571309]), array([0.78459795, 0.36874039]), array([0.76944092, 0.3298236 ]), array([0.75592882, 0.2968184 ]), array([0.7149386 , 0.20196289]), array([0.68289163, 0.14410702]), array([0.65482218, 0.10528891]), array([0.62899627, 0.07810611]), array([0.60465029, 0.05860094]), array([0.52716416, 0.01118302]), array([ 0.29915548, -0.01659304]), array([0.13959613, 0.01622499]), array([ 0.02292905, -0.01113194]), array([-0.06422286,  0.00556724]), array([-0.13014671, -0.00208615]), array([-0.18039006,  0.00059865]), array([-2.18844427e-01, -1.34033601e-04]), array([-2.4834487e-01,  2.3820670e-05]), array([-2.71006687e-01, -3.41792691e-06]), array([-2.88428884e-01,  4.02849547e-07]), array([-3.01829135e-01, -3.97035385e-08]), array([-3.12138744e-01,  3.33247671e-09]), array([-3.20071827e-01, -2.42659213e-10]), array([-3.26176799e-01,  1.56125509e-11]), array([-3.30875199e-01, -9.03357699e-13]), array([-3.34491221e-01,  4.78014520e-14]), array([-3.37274269e-01, -2.33844028e-15]), array([-3.39416250e-01,  9.96094792e-17]), array([-3.41064843e-01, -2.02946074e-17]), array([-3.42333701e-01, -2.02946074e-17]), array([-3.43310295e-01,  1.96734214e-17]), array([-3.44061944e-01,  1.96734214e-17]), array([-3.44640462e-01, -2.02946074e-17]), array([-3.45085728e-01, -2.02946074e-17]), array([-3.45428433e-01,  1.96734214e-17]), array([-3.45692202e-01, -3.10592995e-19]), array([-3.45895216e-01, -3.10592995e-19]), array([-3.46051468e-01, -3.10592995e-19]), array([-3.46171731e-01, -3.10592995e-19]), array([-3.46264293e-01, -3.10592995e-19]), array([-3.46335534e-01, -3.10592995e-19]), array([-3.46390367e-01, -3.10592995e-19]), array([-3.46432569e-01, -3.10592995e-19]), array([-3.46465051e-01, -3.10592995e-19]), array([-3.46490052e-01, -3.10592995e-19]), array([-3.46509293e-01, -3.10592995e-19]), array([-3.46524103e-01, -3.10592995e-19]), array([-3.46535502e-01, -3.10592995e-19]), array([-3.46544275e-01, -3.10592995e-19]), array([-3.46551027e-01, -3.10592995e-19]), array([-3.46556224e-01, -3.10592995e-19]), array([-3.46560224e-01, -3.10592995e-19]), array([-3.46563303e-01, -3.10592995e-19]), array([-3.46565672e-01, -3.10592995e-19]), array([-3.46567496e-01, -3.10592995e-19]), array([-3.46568900e-01, -3.10592995e-19]), array([-3.46569980e-01, -3.10592995e-19]), array([-3.46570812e-01, -3.10592995e-19]), array([-3.46571452e-01, -3.10592995e-19]), array([-3.46571944e-01, -3.10592995e-19]), array([-3.46572323e-01, -3.10592995e-19]), array([-3.46572615e-01, -3.10592995e-19]), array([-3.46572840e-01, -3.10592995e-19]), array([-3.46573013e-01, -3.10592995e-19]), array([-3.46573146e-01, -3.10592995e-19]), array([-3.46573248e-01, -3.10592995e-19])]"
0.8,0.4,1.2434497875801753e-13,96,0.6693411426204637,2.559266696658371,"[np.float64(47.29850992082298), np.float64(33.71260363457398), np.float64(26.308429604027666), np.float64(21.575659764500024), np.float64(14.183068309840168), np.float64(10.598638591755353), np.float64(8.443054425534077), np.float64(5.2572090750272285), np.float64(3.851024298632468), np.float64(3.0617177874232935), np.float64(2.5647972167887403), np.float64(1.8297777028272133), np.float64(1.5196233912351538), np.float64(1.3459506710505202), np.float64(1.0815445967660438), np.float64(0.6999686516385037), np.float64(0.465042881650894), np.float64(0.3144310347317254), np.float64(0.21500678856541366), np.float64(0.1480745099354932), np.float64(0.10246263550583645), np.float64(0.07112958372615186), np.float64(0.049487580612863624), np.float64(0.034483077405698115), np.float64(0.02405337479562819), np.float64(0.016790587565535198), np.float64(0.011726772700749954), np.float64(0.008193065284055834), np.float64(0.005725622246250062), np.float64(0.004001977437413373), np.float64(0.0027975601809391293), np.float64(0.001955785286568812), np.float64(0.0013673784314489623), np.float64(0.0009560361621816504), np.float64(0.0006684555424874006), np.float64(0.00046739015063401723), np.float64(0.00032680805303986205), np.float64(0.00022851265389656206), np.float64(0.00015978307429609373), np.float64(0.00011172578102947028), np.float64(7.812274584884094e-05), np.float64(5.46264062197821e-05), np.float64(3.819693195161733e-05), np.float64(2.6708828273935836e-05), np.float64(1.8675900127718137e-05), np.float64(1.305895712722105e-05), np.float64(9.131363289949235e-06), np.float64(6.385028896715994e-06), np.float64(4.464678558857571e-06), np.float64(3.1218899145812884e-06), np.float64(2.1829561576147682e-06), np.float64(1.5264144552773473e-06), np.float64(1.067333021076422e-06), np.float64(7.46324045231006e-07), np.float64(5.218611049961908e-07), np.float64(3.6490719690362994e-07), np.float64(2.5515843393719706e-07), np.float64(1.7841748922720058e-07), np.float64(1.2475699673331064e-07), np.float64(8.723532562981973e-08), np.float64(6.099859639618899e-08), np.float64(4.265277286918945e-08), np.float64(2.982460234335349e-08), np.float64(2.085460604206446e-08), np.float64(1.4582408169871997e-08), np.float64(1.0196623101421665e-08), np.float64(7.12989800533137e-09), np.float64(4.985515111854966e-09), np.float64(3.486072319702771e-09), np.float64(2.437599011528846e-09), np.float64(1.7044623490392041e-09), np.float64(1.1918221964890563e-09), np.float64(8.333627121714926e-10), np.float64(5.827129889723892e-10), np.float64(4.0744829732375365e-10), np.float64(2.8489566261669097e-10), np.float64(1.992015441487638e-10), np.float64(1.3928058706369484e-10), np.float64(9.738165829276113e-11), np.float64(6.80842049405328e-11), np.float64(4.759792560093956e-11), np.float64(3.327293995880609e-11), np.float64(2.325650783063793e-11), np.float64(1.6252776902092592e-11), np.float64(1.1355361095866101e-11), np.float64(7.930545109502418e-12), np.float64(5.5360160899908806e-12), np.float64(3.8617997688561445e-12), np.float64(2.6911806116913795e-12), np.float64(1.872280108727864e-12), np.float64(1.2998491172311333e-12), np.float64(8.997247391562269e-13), np.float64(6.199485369506874e-13), np.float64(4.2366110619695974e-13), np.float64(2.8688162956314045e-13), np.float64(1.91402449445377e-13), np.float64(1.2434497875801753e-13)]","[array([1., 1.]), array([0.96776151, 0.90311159]), array([0.94444097, 0.8330976 ]), array([0.92598346, 0.77778476]), array([0.88761535, 0.66309594]), array([0.8614052 , 0.58559066]), array([0.84110019, 0.52642947]), array([0.79923118, 0.40665667]), array([0.77054808, 0.33020773]), array([0.7477217 , 0.27442783]), array([0.72820752, 0.23124013]), array([0.68468341, 0.14479226]), array([0.64908389, 0.09538224]), array([0.61699899, 0.06452091]), array([0.54202204, 0.01435008]), array([ 0.37636721, -0.01137807]), array([0.24726868, 0.00590537]), array([ 0.14415964, -0.00197743]), array([0.0605134 , 0.00040343]), array([-8.02168557e-03, -4.33278762e-05]), array([-6.45395318e-02,  1.47507891e-06]), array([-1.11349615e-01,  3.35972472e-08]), array([-1.50233951e-01,  2.26668396e-09]), array([-1.82600040e-01,  2.33539534e-10]), array([-2.09578288e-01,  3.07332996e-11]), array([-2.32087423e-01,  4.75483397e-12]), array([-2.50880454e-01,  8.25106321e-13]), array([-2.66578259e-01,  1.55860329e-13]), array([-2.79694919e-01,  3.14300847e-14]), array([-2.90657349e-01,  6.67477580e-15]), array([-2.99820816e-01,  1.44518127e-15]), array([-3.07481386e-01,  3.36734602e-16]), array([-3.13886049e-01,  8.09392167e-17]), array([-3.19240995e-01,  5.25175073e-17]), array([-3.23718442e-01,  2.40957978e-17]), array([-3.27462283e-01,  9.88494312e-18]), array([-3.30592773e-01,  9.88494312e-18]), array([-3.33210432e-01, -4.32591159e-18]), array([-3.35399290e-01, -4.32591159e-18]), array([-3.37229601e-01, -4.32591159e-18]), array([-3.38760104e-01, -4.32591159e-18]), array([-3.40039912e-01, -4.32591159e-18]), array([-3.41110091e-01, -4.32591159e-18]), array([-3.42004978e-01, -4.32591159e-18]), array([-3.42753288e-01, -4.32591159e-18]), array([-3.43379029e-01, -4.32591159e-18]), array([-3.43902276e-01, -4.32591159e-18]), array([-3.44339820e-01, -4.32591159e-18]), array([-3.44705696e-01, -4.32591159e-18]), array([-3.45011644e-01, -4.32591159e-18]), array([-3.45267480e-01, -4.32591159e-18]), array([-3.45481412e-01, -4.32591159e-18]), array([-3.45660303e-01, -4.32591159e-18]), array([-3.45809894e-01, -4.32591159e-18]), array([-3.45934982e-01, -4.32591159e-18]), array([-3.46039581e-01, -4.32591159e-18]), array([-3.46127048e-01, -4.32591159e-18]), array([-3.46200189e-01, -4.32591159e-18]), array([-3.46261349e-01, -4.32591159e-18]), array([-3.46312492e-01, -4.32591159e-18]), array([-3.46355258e-01, -4.32591159e-18]), array([-3.46391020e-01, -4.32591159e-18]), array([-3.46420923e-01, -4.32591159e-18]), array([-3.46445929e-01, -4.32591159e-18]), array([-3.46466839e-01, -4.32591159e-18]), array([-3.46484324e-01, -4.32591159e-18]), array([-3.46498945e-01, -4.32591159e-18]), array([-3.46511172e-01, -4.32591159e-18]), array([-3.46521395e-01, -4.32591159e-18]), array([-3.46529945e-01, -4.32591159e-18]), array([-3.46537093e-01, -4.32591159e-18]), array([-3.46543071e-01, -4.32591159e-18]), array([-3.46548070e-01, -4.32591159e-18]), array([-3.46552250e-01, -4.32591159e-18]), array([-3.46555746e-01, -4.32591159e-18]), array([-3.46558668e-01, -4.32591159e-18]), array([-3.46561112e-01, -4.32591159e-18]), array([-3.46563156e-01, -4.32591159e-18]), array([-3.46564865e-01, -4.32591159e-18]), array([-3.46566294e-01, -4.32591159e-18]), array([-3.46567489e-01, -4.32591159e-18]), array([-3.46568489e-01, -4.32591159e-18]), array([-3.46569324e-01, -4.32591159e-18]), array([-3.46570023e-01, -4.32591159e-18]), array([-3.46570607e-01, -4.32591159e-18]), array([-3.46571096e-01, -4.32591159e-18]), array([-3.46571504e-01, -4.32591159e-18]), array([-3.46571846e-01, -4.32591159e-18]), array([-3.46572132e-01, -4.32591159e-18]), array([-3.46572371e-01, -4.32591159e-18]), array([-3.46572570e-01, -4.32591159e-18]), array([-3.46572737e-01, -4.32591159e-18]), array([-3.46572877e-01, -4.32591159e-18]), array([-3.46572994e-01, -4.32591159e-18]), array([-3.46573092e-01, -4.32591159e-18]), array([-3.46573173e-01, -4.32591159e-18]), array([-3.46573242e-01, -4.32591159e-18])]"
0.8,0.5,7.283063041541027e-14,52,0.42541403038197234,2.5592666966583195,"[np.float64(47.29850992082298), np.float64(36.7688855518444), np.float64(24.6146986128849), np.float64(18.61595853147444), np.float64(11.983204075385766), np.float64(8.865110341047632), np.float64(5.5361192885089), np.float64(4.0554103090278515), np.float64(3.2194687424178987), np.float64(2.261541507792268), np.float64(1.8241220364177568), np.float64(1.580011843693204), np.float64(1.2960216258335113), np.float64(1.0150091141706792), np.float64(0.6678322666400369), np.float64(0.2779878458667313), np.float64(0.12321940145962396), np.float64(0.0559809715031534), np.float64(0.025678281429613925), np.float64(0.011819448630520313), np.float64(0.005448874710697549), np.float64(0.002514769300658859), np.float64(0.0011616222860273417), np.float64(0.0005368942508061636), np.float64(0.0002482364914446755), np.float64(0.00011479540408831923), np.float64(5.309140159415193e-05), np.float64(2.4555184271690678e-05), np.float64(1.1357194022565409e-05), np.float64(5.252944951017469e-06), np.float64(2.4296090614939203e-06), np.float64(1.1237525954221894e-06), np.float64(5.197629775466339e-07), np.float64(2.404031222980052e-07), np.float64(1.1119234599732408e-07), np.float64(5.142918357847748e-08), np.float64(2.3787249059381566e-08), np.float64(1.1002172506380248e-08), np.float64(5.088759635896167e-09), np.float64(2.353660377707456e-09), np.float64(1.088609202781754e-09), np.float64(5.034919148272365e-10), np.float64(2.3286084172013943e-10), np.float64(1.0768719249654168e-10), np.float64(4.979128220838902e-11), np.float64(2.3012702854430245e-11), np.float64(1.0627498880921848e-11), np.float64(4.898303984646191e-12), np.float64(2.248867758680717e-12), np.float64(1.0231815394945443e-12), np.float64(4.565237077258644e-13), np.float64(1.9451107391432743e-13), np.float64(7.283063041541027e-14)]","[array([1., 1.]), array([0.97598045, 0.92781251]), array([0.93824  , 0.8144621]), array([0.91239448, 0.73706512]), array([0.87245594, 0.6180138 ]), array([0.84552984, 0.53899309]), array([0.80393832, 0.41947105]), array([0.77547956, 0.34281089]), array([0.75289615, 0.28664533]), array([0.71440882, 0.19930356]), array([0.68366659, 0.14435113]), array([0.65655775, 0.10681441]), array([0.60654649, 0.05350062]), array([0.51690279, 0.00334325]), array([ 0.3609622 , -0.00236348]), array([0.11524396, 0.00454007]), array([-0.03782669, -0.00583233]), array([-0.13820745,  0.00560143]), array([-0.20537672, -0.00433087]), array([-0.25071256,  0.00284949]), array([-0.28143273, -0.00166535]), array([-0.3022887 ,  0.00089345]), array([-0.31646104, -0.00045099]), array([-3.26095903e-01,  2.18097028e-04]), array([-3.32647379e-01, -1.02368410e-04]), array([-3.37102641e-01,  4.70665161e-05]), array([-3.40132524e-01, -2.13346187e-05]), array([-3.42193089e-01,  9.57689537e-06]), array([-3.43594453e-01, -4.27040912e-06]), array([-3.44547505e-01,  1.89556048e-06]), array([-3.45195667e-01, -8.38799162e-07]), array([-3.45636476e-01,  3.70390664e-07]), array([-3.45936267e-01, -1.63319025e-07]), array([-3.46140152e-01,  7.19428947e-08]), array([-3.46278813e-01, -3.16700986e-08]), array([-3.46373114e-01,  1.39352214e-08]), array([-3.46437248e-01, -6.12977151e-09]), array([-3.46480865e-01,  2.69577426e-09]), array([-3.46510529e-01, -1.18538861e-09]), array([-3.46530703e-01,  5.21189605e-10]), array([-3.46544423e-01, -2.29140637e-10]), array([-3.46553754e-01,  1.00736988e-10]), array([-3.46560100e-01, -4.42855891e-11]), array([-3.46564415e-01,  1.94682742e-11]), array([-3.46567351e-01, -8.55827909e-12]), array([-3.46569347e-01,  3.76219889e-12]), array([-3.46570704e-01, -1.65385761e-12]), array([-3.46571628e-01,  7.27015670e-13]), array([-3.46572255e-01, -3.19591575e-13]), array([-3.46572682e-01,  1.40512602e-13]), array([-3.46572973e-01, -6.17977891e-14]), array([-3.46573170e-01,  2.71865863e-14]), array([-3.46573305e-01, -1.19487753e-14])]"
0.8,0.6,7.416289804496046e-14,50,0.41154497729193235,2.559266696658321,"[np.float64(47.29850992082298), np.float64(31.532129854889753), np.float64(19.74320500846951), np.float64(14.503578406791844), np.float64(9.760188013784305), np.float64(6.073693457455887), np.float64(4.436213207234533), np.float64(3.0040731432974788), np.float64(2.3326837499185444), np.float64(1.7508053342835126), np.float64(1.4830326905495008), np.float64(1.2372496071914112), np.float64(0.8844923653874686), np.float64(0.5253853379330411), np.float64(0.321036060520568), np.float64(0.19968234850619382), np.float64(0.08645722135013889), np.float64(0.038154759463831844), np.float64(0.01695378771162881), np.float64(0.007547075249424662), np.float64(0.0033612194422358854), np.float64(0.0014976694998258822), np.float64(0.0006677212852195247), np.float64(0.0002978693971393831), np.float64(0.000132939346064731), np.float64(5.9349432826039106e-05), np.float64(2.6501183250537963e-05), np.float64(1.1834920535136462e-05), np.float64(5.285611138994284e-06), np.float64(2.360706220727593e-06), np.float64(1.0543822730468833e-06), np.float64(4.709333483177147e-07), np.float64(2.1034085584403783e-07), np.float64(9.3948391288734e-08), np.float64(4.1961964569736665e-08), np.float64(1.8742284169093182e-08), np.float64(8.371224602399252e-09), np.float64(3.738991338764208e-09), np.float64(1.6700041349793082e-09), np.float64(7.458904605073258e-10), np.float64(3.33134853036654e-10), np.float64(1.4877787890554828e-10), np.float64(6.643396943672997e-11), np.float64(2.965538925536748e-11), np.float64(1.3228529383013665e-11), np.float64(5.891287457870931e-12), np.float64(2.6139090891774686e-12), np.float64(1.1501910535116622e-12), np.float64(4.9649173661237e-13), np.float64(2.042810365310288e-13), np.float64(7.416289804496046e-14)]","[array([1., 1.]), array([0.96145107, 0.88414644]), array([0.91782902, 0.75323184]), array([0.88964442, 0.66911527]), array([0.85412058, 0.56398115]), array([0.81222059, 0.44261089]), array([0.78381468, 0.3647832 ]), array([0.74651265, 0.26944584]), array([0.71806015, 0.20716717]), array([0.67765487, 0.13286831]), array([0.64348032, 0.0887755 ]), array([0.59155689, 0.04200973]), array([ 0.46115688, -0.0158211 ]), array([0.2821019, 0.0159679]), array([ 0.14837017, -0.01085641]), array([0.04571449, 0.00509498]), array([-0.08779167, -0.00616302]), array([-0.17462265,  0.00575321]), array([-0.2319663 , -0.00444543]), array([-0.27007917,  0.0029956 ]), array([-0.29548289, -0.00183103]), array([-0.31243871,  0.00104517]), array([-0.32376364, -0.00056898]), array([-3.31330171e-01,  2.99855748e-04]), array([-3.36386387e-01, -1.54572825e-04]), array([-3.39765365e-01,  7.84993701e-05]), array([-3.42023546e-01, -3.94664011e-05]), array([-3.43532715e-01,  1.97083781e-05]), array([-3.44541317e-01, -9.79723080e-06]), array([-3.45215384e-01,  4.85551464e-06]), array([-3.45665875e-01, -2.40150319e-06]), array([-3.45966947e-01,  1.18614991e-06]), array([-3.46168159e-01, -5.85329476e-07]), array([-3.46302633e-01,  2.88666699e-07]), array([-3.46392504e-01, -1.42303680e-07]), array([-3.46452567e-01,  7.01321836e-08]), array([-3.46492708e-01, -3.45572816e-08]), array([-3.46519535e-01,  1.70258565e-08]), array([-3.46537464e-01, -8.38770336e-09]), array([-3.46549447e-01,  4.13193583e-09]), array([-3.46557455e-01, -2.03539317e-09]), array([-3.46562806e-01,  1.00261111e-09]), array([-3.46566383e-01, -4.93866593e-10]), array([-3.46568774e-01,  2.43266389e-10]), array([-3.46570371e-01, -1.19826073e-10]), array([-3.46571439e-01,  5.90226329e-11]), array([-3.46572153e-01, -2.90726262e-11]), array([-3.46572629e-01,  1.43201832e-11]), array([-3.46572948e-01, -7.05360278e-12]), array([-3.46573161e-01,  3.47436931e-12]), array([-3.46573303e-01, -1.71135774e-12])]"
0.8,0.7,8.171241461241152e-14,53,0.4534597179220684,2.5592666966583284,"[np.float64(47.29850992082298), np.float64(31.29787041330009), np.float64(20.871586286896687), np.float64(13.922262146099714), np.float64(9.247835750105246), np.float64(6.111022242820102), np.float64(4.039092371731258), np.float64(2.7169390327133085), np.float64(1.920597864744109), np.float64(1.5823427436427453), np.float64(1.3277473680256309), np.float64(1.054857015706947), np.float64(0.5953918573510464), np.float64(0.26875284210879347), np.float64(0.16190164261389972), np.float64(0.07738908016373536), np.float64(0.03736170357333046), np.float64(0.0181093601949458), np.float64(0.008801650681837803), np.float64(0.004287265836934839), np.float64(0.002091332730633333), np.float64(0.0010209334175170781), np.float64(0.000498566737400008), np.float64(0.00024350798309757948), np.float64(0.00011894042462667898), np.float64(5.80974117472266e-05), np.float64(2.8378461449207748e-05), np.float64(1.3861908977119697e-05), np.float64(6.771084389178839e-06), np.float64(3.3074544836253494e-06), np.float64(1.6155847601950768e-06), np.float64(7.891611972787871e-07), np.float64(3.8547990355297657e-07), np.float64(1.882945577236228e-07), np.float64(9.19758407214033e-08), np.float64(4.4927235265390664e-08), np.float64(2.1945499195652474e-08), np.float64(1.0719657161928353e-08), np.float64(5.23619281267429e-09), np.float64(2.5576971651730673e-09), np.float64(1.2493370782351576e-09), np.float64(6.102451877154635e-10), np.float64(2.9806912493768323e-10), np.float64(1.4558132477304753e-10), np.float64(7.109601796173592e-11), np.float64(3.4712233087930144e-11), np.float64(1.693978290973064e-11), np.float64(8.258282946371764e-12), np.float64(4.0181191707233666e-12), np.float64(1.9468870959826745e-12), np.float64(9.352518759442319e-13), np.float64(4.405364961712621e-13), np.float64(1.9939605522267811e-13), np.float64(8.171241461241152e-14)]","[array([1., 1.]), array([0.96074856, 0.88203513]), array([0.92294442, 0.76858603]), array([0.88596024, 0.65809497]), array([0.84935497, 0.54992886]), array([0.81268868, 0.44417513]), array([0.7753377 , 0.34173062]), array([0.73623871, 0.24463506]), array([0.6935152 , 0.15659302]), array([0.65887389, 0.10531418]), array([0.61450948, 0.05866404]), array([0.53236145, 0.00850917]), array([ 0.32223836, -0.01092945]), array([0.10535207, 0.01798092]), array([ 0.00658469, -0.00882963]), array([-0.10204893,  0.0082031 ]), array([-0.17646824, -0.00599185]), array([-0.22796234,  0.00363261]), array([-0.26376948, -0.00190925]), array([-0.28873258,  0.00090099]), array([-0.30615852, -0.00039248]), array([-3.18330726e-01,  1.61234880e-04]), array([-3.26835664e-01, -6.34847625e-05]), array([-3.32779047e-01,  2.42472059e-05]), array([-3.36932650e-01, -9.06235393e-06]), array([-3.39835535e-01,  3.33543751e-06]), array([-3.41864346e-01, -1.21439498e-06]), array([-3.43282282e-01,  4.38790039e-07]), array([-3.44273281e-01, -1.57698984e-07]), array([-3.44965894e-01,  5.64638999e-08]), array([-3.45449964e-01, -2.01637284e-08]), array([-3.45788282e-01,  7.18739209e-09]), array([-3.46024735e-01, -2.55865919e-09]), array([-3.46189992e-01,  9.10043723e-10]), array([-3.46305492e-01, -3.23473307e-10]), array([-3.46386215e-01,  1.14927300e-10]), array([-3.46442633e-01, -4.08201244e-11]), array([-3.46482063e-01,  1.44954431e-11]), array([-3.46509622e-01, -5.14665938e-12]), array([-3.46528882e-01,  1.82714529e-12]), array([-3.46542344e-01, -6.48588415e-13]), array([-3.46551752e-01,  2.30252509e-13]), array([-3.46558327e-01, -8.17383699e-14]), array([-3.46562923e-01,  2.89984079e-14]), array([-3.46566135e-01, -1.02388274e-14]), array([-3.46568380e-01,  3.63265859e-15]), array([-3.46569949e-01, -1.25240332e-15]), array([-3.46571045e-01,  4.71736177e-16]), array([-3.46571811e-01, -1.55223640e-16]), array([-3.46572347e-01,  5.37629659e-17]), array([-3.46572721e-01, -5.07303370e-17]), array([-3.46572983e-01,  5.37629659e-17]), array([-3.46573166e-01, -5.07303370e-17]), array([-3.46573294e-01,  1.51631442e-18])]"
0.8,0.8,1.5010215292932116e-13,47,0.41227201205192904,2.559266696658397,"[np.float64(47.29850992082298), np.float64(31.390204893263004), np.float64(20.183265331903243), np.float64(12.636718391912082), np.float64(7.730815011215201), np.float64(5.159331953011146), np.float64(3.320771610967018), np.float64(2.3488030567354112), np.float64(1.7993001109650804), np.float64(1.4113412984039382), np.float64(1.1468115630616817), np.float64(0.7138533140895023), np.float64(0.40627827434841635), np.float64(0.23650214878028164), np.float64(0.1209121312050141), np.float64(0.0623535864431215), np.float64(0.03233013169191068), np.float64(0.013886668893213994), np.float64(0.007241637151490288), np.float64(0.0031169590269013447), np.float64(0.001342259027798498), np.float64(0.0005781443782355566), np.float64(0.00024905640792516337), np.float64(0.0001073021484780945), np.float64(4.623381122836889e-05), np.float64(1.992247184379181e-05), np.float64(8.585218911782988e-06), np.float64(3.699795759537494e-06), np.float64(1.5944735394235465e-06), np.float64(6.8717330581336e-07), np.float64(2.961569056658675e-07), np.float64(1.2763860901543467e-07), np.float64(5.501047883882393e-08), np.float64(2.370886997837829e-08), np.float64(1.0218270674045016e-08), np.float64(4.403966968880013e-09), np.float64(1.898056822824401e-09), np.float64(8.180305322014192e-10), np.float64(3.525473246668298e-10), np.float64(1.5192780367101477e-10), np.float64(6.546230224557803e-11), np.float64(2.8196112111800176e-11), np.float64(1.2134737659152961e-11), np.float64(5.212275056010185e-12), np.float64(2.2288837442374643e-12), np.float64(9.43245481721533e-13), np.float64(3.8902214782865485e-13), np.float64(1.5010215292932116e-13)]","[array([1., 1.]), array([0.96102606, 0.8828691 ]), array([0.91985555, 0.75931535]), array([0.87726028, 0.63213718]), array([0.83360807, 0.50369004]), array([0.79770367, 0.40193845]), array([0.75695207, 0.2937756 ]), array([0.71982888, 0.20838445]), array([0.68268584, 0.13981283]), array([0.63304949, 0.07294044]), array([0.56527651, 0.02215591]), array([ 0.38125843, -0.02151866]), array([0.20627204, 0.02259044]), array([ 0.07800952, -0.01628478]), array([-0.04245357,  0.01451706]), array([-0.12749636, -0.00982299]), array([-0.1882556 ,  0.00530142]), array([-0.24289058, -0.00429933]), array([-0.27144634,  0.00159819]), array([-0.29727888, -0.00106496]), array([-0.31421934,  0.00066438]), array([-0.32533528, -0.00039635]), array([-3.32631293e-01,  2.29459250e-04]), array([-3.37420654e-01, -1.30206107e-04]), array([-3.40564735e-01,  7.29100063e-05]), array([-3.42628787e-01, -4.04695346e-05]), array([-3.43983828e-01,  2.23333164e-05]), array([-3.44873410e-01, -1.22778217e-05]), array([-3.45457420e-01,  6.73285794e-06]), array([-3.45840824e-01, -3.68604854e-06]), array([-3.46092528e-01,  2.01582037e-06]), array([-3.46257773e-01, -1.10162387e-06]), array([-3.46366256e-01,  6.01743946e-07]), array([-3.46437475e-01, -3.28591817e-07]), array([-3.46484230e-01,  1.79396589e-07]), array([-3.46514925e-01, -9.79296305e-08]), array([-3.46535077e-01,  5.34535188e-08]), array([-3.46548306e-01, -2.91751903e-08]), array([-3.46556991e-01,  1.59233640e-08]), array([-3.46562693e-01, -8.69051004e-09]), array([-3.46566436e-01,  4.74295160e-09]), array([-3.46568894e-01, -2.58849606e-09]), array([-3.46570507e-01,  1.41267844e-09]), array([-3.46571566e-01, -7.70969367e-10]), array([-3.46572261e-01,  4.20755321e-10]), array([-3.46572718e-01, -2.29626095e-10]), array([-3.46573018e-01,  1.25317687e-10]), array([-3.46573214e-01, -6.83916267e-11])]"
0.8,0.9,5.861977570020827e-14,45,0.3650274103662602,2.5592666966583053,"[np.float64(47.29850992082298), np.float64(30.30653599975917), np.float64(19.26530815622099), np.float64(12.110408218880766), np.float64(7.515332348531205), np.float64(4.623889505779216), np.float64(3.016980789387963), np.float64(2.102053206661809), np.float64(1.589970898720244), np.float64(1.2704116074299368), np.float64(0.9322494746880805), np.float64(0.4304737032618404), np.float64(0.24578943435802136), np.float64(0.13332336509993326), np.float64(0.06779803805762086), np.float64(0.03185756639789972), np.float64(0.015001801022963779), np.float64(0.007075284388875058), np.float64(0.003025104945533208), np.float64(0.0012934686880230473), np.float64(0.0005530500229014024), np.float64(0.0002364875265099542), np.float64(0.00010113935003630559), np.float64(4.326243498420368e-05), np.float64(1.642534555434949e-05), np.float64(7.025195414289698e-06), np.float64(2.6672797570626017e-06), np.float64(1.140743319805182e-06), np.float64(4.331141036928443e-07), np.float64(1.8522888822758432e-07), np.float64(7.03278151270581e-08), np.float64(3.0076374279985885e-08), np.float64(1.1419510670407362e-08), np.float64(4.88358553596413e-09), np.float64(1.8542198887416816e-09), np.float64(7.929390477556808e-10), np.float64(3.010529603386658e-10), np.float64(1.2872636290239825e-10), np.float64(5.504663391775466e-11), np.float64(2.0875745576631743e-11), np.float64(8.911982263271057e-12), np.float64(3.3635316754043743e-12), np.float64(1.4210854715202004e-12), np.float64(5.204725539442734e-13), np.float64(1.7852386235972517e-13), np.float64(5.861977570020827e-14)]","[array([1., 1.]), array([0.95771923, 0.87293088]), array([0.91557415, 0.7464818 ]), array([0.87344387, 0.62080596]), array([0.8310997 , 0.49646987]), array([0.78802588, 0.37480149]), array([0.74755779, 0.27021912]), array([0.70636767, 0.17991679]), array([0.66125085, 0.10531352]), array([0.60258217, 0.04366519]), array([ 0.48223075, -0.01156711]), array([0.22244658, 0.02182763]), array([ 0.08586949, -0.01755865]), array([-0.02681708,  0.01314308]), array([-0.1180428 , -0.00966554]), array([-0.18985225,  0.00734487]), array([-0.23885968, -0.00468499]), array([-0.27245651,  0.00262103]), array([-0.29810941, -0.00177035]), array([-0.31487352,  0.00112063]), array([-0.32583568, -0.00067893]), array([-0.33300605,  0.00039944]), array([-3.37696874e-01, -2.30469942e-04]), array([-3.40765806e-01,  1.31277254e-04]), array([-3.42996790e-01, -9.69697121e-05]), array([-3.44233368e-01,  5.44300648e-05]), array([-3.45132326e-01, -3.98779120e-05]), array([-3.45630600e-01,  2.22510479e-05]), array([-3.45992833e-01, -1.62482876e-05]), array([-3.46193612e-01,  9.04443354e-06]), array([-3.46339574e-01, -6.59566998e-06]), array([-3.46420478e-01,  3.66784895e-06]), array([-3.46479293e-01, -2.67334690e-06]), array([-3.46511894e-01,  1.48606575e-06]), array([-3.46535593e-01, -1.08289843e-06]), array([-3.46548730e-01,  6.01869025e-07]), array([-3.46558279e-01, -4.38544571e-07]), array([-3.46563573e-01,  2.43725196e-07]), array([-3.46567036e-01, -1.35450521e-07]), array([-3.46569554e-01,  9.86900946e-08]), array([-3.46570949e-01, -5.48462005e-08]), array([-3.46571964e-01,  3.99609127e-08]), array([-3.46572526e-01, -2.22077956e-08]), array([-3.46572935e-01,  1.61805276e-08]), array([-3.46573187e-01, -1.17890683e-08]), array([-3.46573326e-01,  6.55161019e-09])]"
0.9,0.1,1.5543122344752192e-13,643,0.9406793018717696,2.559266696658402,"[np.float64(47.29850992082298), np.float64(44.92995198614358), np.float64(42.78209367765897), np.float64(40.82532164541596), np.float64(39.035118252069104), np.float64(37.391006805970086), np.float64(35.87574911414574), np.float64(34.47472747332391), np.float64(33.175463355878655), np.float64(31.967238694311547), np.float64(30.840795070777908), np.float64(29.788092696595953), np.float64(28.802115734124307), np.float64(27.87671386817177), np.float64(27.006472474487985), np.float64(26.18660552799887), np.float64(25.41286672768581), np.float64(24.68147531634486), np.float64(23.989053831805016), np.float64(23.332575605406234), np.float64(22.70932026949548), np.float64(22.116835881648996), np.float64(21.55290654360867), np.float64(21.015524605504673), np.float64(20.50286671420435), np.float64(20.013273098624254), np.float64(19.54522959215614), np.float64(19.097351978773503), np.float64(15.191771720863839), np.float64(12.591446822324501), np.float64(10.73005950470528), np.float64(9.330753407685387), np.float64(8.240833433425966), np.float64(7.368712312106485), np.float64(6.655929369415263), np.float64(6.063327086096908), np.float64(5.5636476165316875), np.float64(5.137308507298152), np.float64(4.769865928261131), np.float64(4.450425519350509), np.float64(4.170610816097501), np.float64(3.92387295640889), np.float64(3.705016458140915), np.float64(3.509865862848147), np.float64(3.335026604608939), np.float64(3.1777103520915215), np.float64(3.035605366672862), np.float64(2.9067788659209306), np.float64(2.7896025170032175), np.float64(2.6826948953550183), np.float64(2.584876556105179), np.float64(2.495134598983107), np.float64(2.4125944604468472), np.float64(2.336497265672951), np.float64(2.266181499354209), np.float64(2.201068061577619), np.float64(2.140647999229694), np.float64(2.0844723686946987), np.float64(2.032143808774139), np.float64(1.983309495389677), np.float64(1.9376552199274606), np.float64(1.8949003868740055), np.float64(1.8547937678817448), np.float64(1.8171098816384168), np.float64(1.7816458941373208), np.float64(1.7482189538117945), np.float64(1.7166638917427743), np.float64(1.686831229701978), np.float64(1.6585854488586849), np.float64(1.6318034800919055), np.float64(1.606373383423679), np.float64(1.5821931894416492), np.float64(1.5591698799572278), np.float64(1.5372184887427744), np.float64(1.5162613061593149), np.float64(1.4962271739453907), np.float64(1.4770508584828983), np.float64(1.4586724925633927), np.float64(1.2979360143178935), np.float64(1.1865534810076817), np.float64(1.0993545187147937), np.float64(1.025645011929464), np.float64(0.9605098577851132), np.float64(0.9015129288169854), np.float64(0.847339646646895), np.float64(0.7972079868785182), np.float64(0.7506022423604204), np.float64(0.7071482606217034), np.float64(0.6665528340681299), np.float64(0.6285730612886811), np.float64(0.5930001157938163), np.float64(0.559650147854585), np.float64(0.5283588349089325), np.float64(0.4989778702890346), np.float64(0.47137252931638596), np.float64(0.44541986714777293), np.float64(0.42100731028118243), np.float64(0.3980315096689613), np.float64(0.37639737889841385), np.float64(0.3560172707673246), np.float64(0.3368102621679552), np.float64(0.3187015267509543), np.float64(0.3016217805890822), np.float64(0.2855067896871697), np.float64(0.2702969305911056), np.float64(0.25593679702750594), np.float64(0.24237484673249998), np.float64(0.22956308356110355), np.float64(0.21745677070201985), np.float64(0.20601417141407508), np.float64(0.19519631418689443), np.float64(0.18496677963442298), np.float64(0.17529150677260397), np.float64(0.16613861662428198), np.float64(0.15747825134438864), np.float64(0.14928242727382823), np.float64(0.14152490051675892), np.float64(0.1341810437976947), np.float64(0.1272277334956602), np.float64(0.12064324587560504), np.float64(0.11440716164490228), np.float64(0.108500278057162), np.float64(0.10290452786858006), np.float64(0.0976029045251594), np.float64(0.0925793930236245), np.float64(0.08781890594588981), np.float64(0.08330722421743486), np.float64(0.07903094218472928), np.float64(0.07497741664665192), np.float64(0.07113471951025119), np.float64(0.06749159377276293), np.float64(0.064037412559947), np.float64(0.06076214097601351), np.float64(0.057656300542905825), np.float64(0.054710936026921786), np.float64(0.05191758446879824), np.float64(0.04926824624963899), np.float64(0.04675535803976638), np.float64(0.044371767490763325), np.float64(0.04211070954290452), np.float64(0.03996578423093622), np.float64(0.03793093588091123), np.float64(0.03600043359960026), np.float64(0.03416885296599537), np.float64(0.03243105884167852), np.float64(0.03078218922343634), np.float64(0.02921764006748262), np.float64(0.027733051020126354), np.float64(0.02632429199471842), np.float64(0.024987450539228462), np.float64(0.023718819942993186), np.float64(0.02251488803495727), np.float64(0.02137232662922406), np.float64(0.020287981576913694), np.float64(0.019258863386267144), np.float64(0.018282138375615542), np.float64(0.01735512032631803), np.float64(0.016475262605035734), np.float64(0.01564015072681446), np.float64(0.014847495332391158), np.float64(0.014095125554901777), np.float64(0.01338098275284505), np.float64(0.012703114587652387), np.float64(0.012059669425655617), np.float64(0.011448891045526377), np.float64(0.01086911363348353), np.float64(0.010318757049692984), np.float64(0.009796322350320352), np.float64(0.009300387550667644), np.float64(0.008829603615735149), np.float64(0.008382690665383219), np.float64(0.007958434382046686), np.float64(0.007555682609693193), np.float64(0.00717334213339349), np.float64(0.006810375629496157), np.float64(0.006465798777016474), np.float64(0.006138677521366986), np.float64(0.005828125482113755), np.float64(0.005533301496895238), np.float64(0.005253407294120382), np.float64(0.0049876852874612965), np.float64(0.004735416485583954), np.float64(0.004495918510901475), np.float64(0.00426854372151908), np.float64(0.004052677430841367), np.float64(0.003847736219632303), np.float64(0.0036531663356189625), np.float64(0.0034684421759783035), np.float64(0.003293064848333138), np.float64(0.0031265608061015193), np.float64(0.0029684805542755655), np.float64(0.002818397421941121), np.float64(0.0026759063980117404), np.float64(0.0025406230268858465), np.float64(0.0024121823608718174), np.float64(0.0022902379664335726), np.float64(0.002174460981438031), np.float64(0.0020645392207550017), np.float64(0.0019601763276950734), np.float64(0.0018610909689034116), np.float64(0.0017670160704597038), np.float64(0.0016776980930437446), np.float64(0.0015928963441607102), np.float64(0.001512382325491668), np.float64(0.0014359391135738697), np.float64(0.0013633607720819896), np.float64(0.0012944517940920441), np.float64(0.0012290265727719074), np.float64(0.0011669088990529097), np.float64(0.0011079314848840838), np.float64(0.0010519355107647677), np.float64(0.0009987701963032336), np.float64(0.0009482923926293907), np.float64(0.0009003661955317988), np.float64(0.0008548625782740515), np.float64(0.000811659043064239), np.float64(0.0007706392902457893), np.float64(0.0007316929042833209), np.float64(0.0006947150557015114), np.float64(0.000659606218158526), np.float64(0.0006262718998781835), np.float64(0.0005946223887129953), np.float64(0.0005645725101421917), np.float64(0.0005360413975470379), np.float64(0.0005089522741359431), np.float64(0.00048323224592827785), np.float64(0.0004588121052337968), np.float64(0.0004356261440952025), np.float64(0.0004136119771853686), np.float64(0.0003927103736760529), np.float64(0.0003728650976300152), np.float64(0.00035402275647911097), np.float64(0.00033613265717225005), np.float64(0.0003191466696161882), np.float64(0.0003030190970259028), np.float64(0.000287706552843936), np.float64(0.00027316784389075366), np.float64(0.0002593638594277081), np.float64(0.0002462574658430583), np.float64(0.00023381340665729056), np.float64(0.00022199820760215871), np.float64(0.000210780086493223), np.float64(0.00020012886767073468), np.float64(0.00019001590076062058), np.float64(0.00018041398355927996), np.float64(0.0001712972888068265), np.float64(0.00016264129467202793), np.float64(0.00015442271875354407), np.float64(0.00014661945541583066), np.float64(0.00013921051630028103), np.float64(0.00013217597383974322), np.float64(0.0001254969076329715), np.float64(0.0001191553535315748), np.float64(0.00011313425530046217), np.float64(0.00010741741872166699), np.float64(0.00010198946802253417), np.float64(9.683580450348117e-05), np.float64(9.194256726008376e-05), np.float64(8.729659589068461e-05), np.float64(8.288539508871651e-05), np.float64(7.869710102648142e-05), np.float64(7.472044943757084e-05), np.float64(7.094474531088579e-05), np.float64(6.735983412475832e-05), np.float64(6.395607452258645e-05), np.float64(6.072431238202114e-05), np.float64(5.765585618799918e-05), np.float64(5.474245365233443e-05), np.float64(5.197626951458645e-05), np.float64(4.934986446780698e-05), np.float64(4.685617514521567e-05), np.float64(4.448849512339592e-05), np.float64(4.224045688117073e-05), np.float64(4.010601467197006e-05), np.float64(3.807942826483668e-05), np.float64(3.615524750033572e-05), np.float64(3.432829763649892e-05), np.float64(3.2593665426183804e-05), np.float64(3.0946685904531535e-05), np.float64(2.938292984033808e-05), np.float64(2.7898191823361174e-05), np.float64(2.648847895558859e-05), np.float64(2.515000010916424e-05), np.float64(2.3879155731432178e-05), np.float64(2.267252816334775e-05), np.float64(2.1526872448163203e-05), np.float64(2.0439107603742457e-05), np.float64(1.9406308335412348e-05), np.float64(1.842569717158682e-05), np.float64(1.7494636988857337e-05), np.float64(1.6610623924329104e-05), np.float64(1.5771280639231833e-05), np.float64(1.4974349924479213e-05), np.float64(1.4217688632633951e-05), np.float64(1.3499261913629823e-05), np.float64(1.2817137738707629e-05), np.float64(1.216948170945642e-05), np.float64(1.1554552120873751e-05), np.float64(1.0970695280221321e-05), np.float64(1.0416341055474732e-05), np.float64(9.889998657364174e-06), np.float64(9.390252627916595e-06), np.float64(8.915759032834814e-06), np.float64(8.465241847943616e-06), np.float64(8.037489529044706e-06), np.float64(7.631351752301896e-06), np.float64(7.245736321159768e-06), np.float64(6.87960622691719e-06), np.float64(6.531976864287969e-06), np.float64(6.201913379300095e-06), np.float64(5.888528157527162e-06), np.float64(5.5909784375529625e-06), np.float64(5.30846404167562e-06), np.float64(5.040225226959905e-06), np.float64(4.785540639318242e-06), np.float64(4.54372537728176e-06), np.float64(4.314129146365531e-06), np.float64(4.0961345133538885e-06), np.float64(3.889155242298159e-06), np.float64(3.6926347224408573e-06), np.float64(3.506044466750069e-06), np.float64(3.32888269571896e-06), np.float64(3.160672982005508e-06), np.float64(3.000962974120114e-06), np.float64(2.8493231787329876e-06), np.float64(2.705345803377668e-06), np.float64(2.568643663103387e-06), np.float64(2.43884913597725e-06), np.float64(2.315613178538456e-06), np.float64(2.1986043825528157e-06), np.float64(2.0875080872784224e-06), np.float64(1.982025530367082e-06), np.float64(1.881873048503735e-06), np.float64(1.7867813104643915e-06), np.float64(1.6964945945829868e-06), np.float64(1.6107701004131059e-06), np.float64(1.5293772985813803e-06), np.float64(1.4520973055098807e-06), np.float64(1.3787222989947168e-06), np.float64(1.3090549599859003e-06), np.float64(1.2429079374598473e-06), np.float64(1.180103348374928e-06), np.float64(1.1204722993873872e-06), np.float64(1.06385442899537e-06), np.float64(1.0100974807691898e-06), np.float64(9.590568907924535e-07), np.float64(9.105954004162697e-07), np.float64(8.64582687221116e-07), np.float64(8.20895013298184e-07), np.float64(7.794148935147405e-07), np.float64(7.400307788785199e-07), np.float64(7.026367585538651e-07), np.float64(6.671322712037409e-07), np.float64(6.334218385362078e-07), np.float64(6.014148068445024e-07), np.float64(5.710251009816147e-07), np.float64(5.421709987629697e-07), np.float64(5.147749044809302e-07), np.float64(4.887631446237606e-07), np.float64(4.6406576803548205e-07), np.float64(4.406163593984047e-07), np.float64(4.1835185715655143e-07), np.float64(3.972123883144718e-07), np.float64(3.771411045683237e-07), np.float64(3.580840299832744e-07), np.float64(3.3998991622041785e-07), np.float64(3.228101039809417e-07), np.float64(3.0649839422025593e-07), np.float64(2.9101092069439005e-07), np.float64(2.7630603494088746e-07), np.float64(2.6234419214787863e-07), np.float64(2.490878463490276e-07), np.float64(2.365013482830136e-07), np.float64(2.2455085035844036e-07), np.float64(2.132042151714586e-07), np.float64(2.0243092979654875e-07), np.float64(1.922020222977494e-07), np.float64(1.8248998490122403e-07), np.float64(1.7326870072054135e-07), np.float64(1.645133709260449e-07), np.float64(1.5620045079600686e-07), np.float64(1.483075857677818e-07), np.float64(1.408135492653173e-07), np.float64(1.3369819029662722e-07), np.float64(1.2694237216948068e-07), np.float64(1.2052792808248114e-07), np.float64(1.1443760783436119e-07), np.float64(1.0865503385915076e-07), np.float64(1.0316465548498854e-07), np.float64(9.795170763382544e-08), np.float64(9.300217218566331e-08), np.float64(8.830273801052613e-08), np.float64(8.384076810585839e-08), np.float64(7.960426362529915e-08), np.float64(7.55818305719913e-08), np.float64(7.176265270913973e-08), np.float64(6.813645914149902e-08), np.float64(6.469349855819928e-08), np.float64(6.142451169921515e-08), np.float64(5.832070781863763e-08), np.float64(5.53737402597676e-08), np.float64(5.2575684250655286e-08), np.float64(4.9919015587818194e-08), np.float64(4.739658798769142e-08), np.float64(4.500162065212976e-08), np.float64(4.272767117896592e-08), np.float64(4.0568625792047897e-08), np.float64(3.851867713677848e-08), np.float64(3.657231317788501e-08), np.float64(3.472429987994019e-08), np.float64(3.2969667440596595e-08), np.float64(3.1303696967910355e-08), np.float64(2.9721908489932503e-08), np.float64(2.8220048520211094e-08), np.float64(2.6794078067382543e-08), np.float64(2.5440162421119794e-08), np.float64(2.4154660493991287e-08), np.float64(2.2934115495587548e-08), np.float64(2.1775245162558576e-08), np.float64(2.0674932876829644e-08), np.float64(1.963021967199552e-08), np.float64(1.863829623971469e-08), np.float64(1.769649493610359e-08), np.float64(1.6802283120398442e-08), np.float64(1.595325649361712e-08), np.float64(1.514713154904257e-08), np.float64(1.4381739799063098e-08), np.float64(1.3655023778369468e-08), np.float64(1.296502905034913e-08), np.float64(1.2309900210283331e-08), np.float64(1.1687875112187385e-08), np.float64(1.1097281316096996e-08), np.float64(1.0536529870819322e-08), np.float64(1.0004113981665341e-08), np.float64(9.498601016844077e-09), np.float64(9.018632063373389e-09), np.float64(8.562915709831032e-09), np.float64(8.13022715817624e-09), np.float64(7.719402006500786e-09), np.float64(7.329336249028984e-09), np.float64(6.958980947047166e-09), np.float64(6.607339564368431e-09), np.float64(6.273467079154216e-09), np.float64(5.956464654843785e-09), np.float64(5.655481416511066e-09), np.float64(5.369706013169662e-09), np.float64(5.098371502754162e-09), np.float64(4.8407473585143634e-09), np.float64(4.5961412453721096e-09), np.float64(4.363895023118403e-09), np.float64(4.143384302324193e-09), np.float64(3.934015779805122e-09), np.float64(3.735227238621519e-09), np.float64(3.5464831071863046e-09), np.float64(3.36727667971104e-09), np.float64(3.197125231224618e-09), np.float64(3.035571793930103e-09), np.float64(2.882182048580262e-09), np.float64(2.736542548120724e-09), np.float64(2.598262938136031e-09), np.float64(2.4669697396006995e-09), np.float64(2.342311233860528e-09), np.float64(2.2239521335620793e-09), np.float64(2.1115735826526816e-09), np.float64(2.0048736004696366e-09), np.float64(1.9035648612941714e-09), np.float64(1.8073755825298576e-09), np.float64(1.7160468601673529e-09), np.float64(1.6293326687844e-09), np.float64(1.5470003056350379e-09), np.float64(1.468828170203551e-09), np.float64(1.3946062082936805e-09), np.float64(1.3241345797609938e-09), np.float64(1.2572241026020947e-09), np.float64(1.1936944765977842e-09), np.float64(1.1333751714914797e-09), np.float64(1.0761036506323762e-09), np.float64(1.0217262591538656e-09), np.float64(9.700968917059072e-10), np.float64(9.210756601873982e-10), np.float64(8.745315582814328e-10), np.float64(8.303397969200432e-10), np.float64(7.883809161057798e-10), np.float64(7.485421171793405e-10), np.float64(7.107163746411516e-10), np.float64(6.748024361513671e-10), np.float64(6.407026020838202e-10), np.float64(6.083258341504916e-10), np.float64(5.775859790446702e-10), np.float64(5.483986598164847e-10), np.float64(5.206861608542113e-10), np.float64(4.943743192598049e-10), np.float64(4.693916366704798e-10), np.float64(4.4567194379396824e-10), np.float64(4.231499595164223e-10), np.float64(4.0176661997293195e-10), np.float64(3.814637494770068e-10), np.float64(3.6218672505583527e-10), np.float64(3.438831441826551e-10), np.float64(3.2650504522280244e-10), np.float64(3.100053547200332e-10), np.float64(2.943387755749427e-10), np.float64(2.794644515802247e-10), np.float64(2.65341526528573e-10), np.float64(2.519318087479405e-10), np.float64(2.392002151907491e-10), np.float64(2.2711166280942052e-10), np.float64(2.1563417718084565e-10), np.float64(2.0473667206033497e-10), np.float64(1.943893934708285e-10), np.float64(1.8456569605973527e-10), np.float64(1.752376022068347e-10), np.float64(1.6638157518400476e-10), np.float64(1.5797230190628397e-10), np.float64(1.4998846609159955e-10), np.float64(1.4240786327945898e-10), np.float64(1.3521006536620916e-10), np.float64(1.283764206050364e-10), np.float64(1.2188827724912699e-10), np.float64(1.1572787173008692e-10), np.float64(1.0987832865794189e-10), np.float64(1.0432454899955701e-10), np.float64(9.905143372179737e-11), np.float64(9.404477196994776e-11), np.float64(8.929124106771269e-11), np.float64(8.477751833879665e-11), np.float64(8.049205746374355e-11), np.float64(7.642331212309728e-11), np.float64(7.255973599740173e-11), np.float64(6.889155912404021e-11), np.float64(6.540901154039602e-11), np.float64(6.210232328385246e-11), np.float64(5.896261257021251e-11), np.float64(5.5981885793698893e-11), np.float64(5.3151261170114594e-11), np.float64(5.0464077361311865e-11), np.float64(4.7912784850723256e-11), np.float64(4.5489834121781314e-11), np.float64(4.318945201475799e-11), np.float64(4.100586536992523e-11), np.float64(3.893241284913529e-11), np.float64(3.696332129266011e-11), np.float64(3.509370571919135e-11), np.float64(3.33191252366305e-11), np.float64(3.163425077445936e-11), np.float64(3.0033753262159735e-11), np.float64(2.851496816447252e-11), np.float64(2.7072566410879517e-11), np.float64(2.5702995287701924e-11), np.float64(2.440270208126094e-11), np.float64(2.3168134077877767e-11), np.float64(2.199529447466375e-11), np.float64(2.0882851003989344e-11), np.float64(1.9825918684546195e-11), np.float64(1.8822277070285054e-11), np.float64(1.786970571515667e-11), np.float64(1.6965095994692092e-11), np.float64(1.610622746284207e-11), np.float64(1.5290879673557356e-11), np.float64(1.4516388091578847e-11), np.float64(1.3781864538486843e-11), np.float64(1.3083756300602545e-11), np.float64(1.2421175199506251e-11), np.float64(1.1791456699938863e-11), np.float64(1.1194600801900378e-11), np.float64(1.0627054791711998e-11), np.float64(1.0088374580163872e-11), np.float64(9.57722789962645e-12), np.float64(9.091394304050482e-12), np.float64(8.630873793435967e-12), np.float64(8.193001832523805e-12), np.float64(7.777334332104147e-12), np.float64(7.382539024547441e-12), np.float64(7.008171820643838e-12), np.float64(6.652456363553938e-12), np.float64(6.31494856406789e-12), np.float64(5.994316154556145e-12), np.float64(5.689670956599002e-12), np.float64(5.4005688809866115e-12), np.float64(5.126121749299273e-12), np.float64(4.865441383117286e-12), np.float64(4.618083693230801e-12), np.float64(4.383160501220118e-12), np.float64(4.1602277178753866e-12), np.float64(3.948397164776907e-12), np.float64(3.747224752714828e-12), np.float64(3.5562663924793014e-12), np.float64(3.375077994860476e-12), np.float64(3.2027713814386516e-12), np.float64(3.0393465522138285e-12), np.float64(2.8839153287663066e-12), np.float64(2.737365889515786e-12), np.float64(2.597033699203166e-12), np.float64(2.4642510254579975e-12), np.float64(2.3385737790704297e-12), np.float64(2.218669692410913e-12), np.float64(2.104982854689297e-12), np.float64(1.9970691766957316e-12), np.float64(1.894484569220367e-12), np.float64(1.7972290322632034e-12), np.float64(1.7048584766143904e-12), np.float64(1.616928813064078e-12), np.float64(1.5338841308221163e-12), np.float64(1.4548362514688051e-12), np.float64(1.3793410857942945e-12), np.float64(1.3082868122182845e-12), np.float64(1.240785252321075e-12), np.float64(1.1763923168928159e-12), np.float64(1.1155520951433573e-12), np.float64(1.057376408652999e-12), np.float64(1.0023093466315913e-12), np.float64(9.50350909079134e-13), np.float64(9.00612917575927e-13), np.float64(8.535394613318203e-13), np.float64(8.091305403468141e-13), np.float64(7.664979762012081e-13), np.float64(7.260858581048524e-13), np.float64(6.87894186057747e-13), np.float64(6.514788708500419e-13), np.float64(6.17284001691587e-13), np.float64(5.844214001626824e-13), np.float64(5.53335155473178e-13), np.float64(5.235811784132238e-13), np.float64(4.956035581926699e-13), np.float64(4.689582056016661e-13), np.float64(4.4364512064021255e-13), np.float64(4.1966430330830917e-13), np.float64(3.97015753605956e-13), np.float64(3.752553823233029e-13), np.float64(3.5482727867020003e-13), np.float64(3.352873534367973e-13), np.float64(3.1663560662309465e-13), np.float64(2.993161274389422e-13), np.float64(2.824407374646398e-13), np.float64(2.6645352591003757e-13), np.float64(2.517985819849855e-13), np.float64(2.3714363805993344e-13), np.float64(2.2382096176443156e-13), np.float64(2.1094237467877974e-13), np.float64(1.98507876802978e-13), np.float64(1.8740564655672642e-13), np.float64(1.758593271006248e-13), np.float64(1.6564527527407336e-13), np.float64(1.5543122344752192e-13)]","[array([1., 1.]), array([0.9950808, 0.985216 ]), array([0.99039878, 0.97114602]), array([0.98593186, 0.95772379]), array([0.98166092, 0.94489193]), array([0.97756928, 0.93260043]), array([0.97364234, 0.92080542]), array([0.96986719, 0.9094682 ]), array([0.9662324 , 0.89855446]), array([0.96272779, 0.88803363]), array([0.95934424, 0.87787838]), array([0.95607357, 0.86806413]), array([0.9529084 , 0.85856872]), array([0.94984205, 0.84937213]), array([0.94686845, 0.84045613]), array([0.94398208, 0.83180416]), array([0.9411779 , 0.82340108]), array([0.9384513 , 0.81523302]), array([0.93579802, 0.80728726]), array([0.93321418, 0.79955209]), array([0.93069617, 0.79201669]), array([0.92824066, 0.78467108]), array([0.92584458, 0.77750602]), array([0.92350506, 0.7705129 ]), array([0.92121945, 0.76368375]), array([0.91898527, 0.75701114]), array([0.9168002 , 0.75048812]), array([0.9146621 , 0.74410821]), array([0.89373054, 0.68167961]), array([0.87671988, 0.63125385]), array([0.86232226, 0.58889482]), array([0.84979694, 0.55237053]), array([0.83868056, 0.52028257]), array([0.82866275, 0.49169257]), array([0.81952493, 0.46593825]), array([0.81110715, 0.44253369]), array([0.80328872, 0.42111115]), array([0.79597627, 0.40138521]), array([0.78909611, 0.38312965]), array([0.78258904, 0.36616193]), array([0.77640676, 0.35033248]), array([0.77050944, 0.3355171 ]), array([0.76486378, 0.32161145]), array([0.75944171, 0.30852697]), array([0.75421937, 0.29618776]), array([0.74917631, 0.28452826]), array([0.74429487, 0.27349141]), array([0.73955972, 0.26302718]), array([0.73495747, 0.25309146]), array([0.73047639, 0.24364513]), array([0.72610611, 0.23465331]), array([0.72183747, 0.22608473]), array([0.71766231, 0.21791126]), array([0.71357338, 0.2101075 ]), array([0.70956416, 0.20265036]), array([0.70562881, 0.19551886]), array([0.70176209, 0.18869381]), array([0.69795925, 0.18215762]), array([0.69421601, 0.17589416]), array([0.69052847, 0.16988851]), array([0.6868931 , 0.16412693]), array([0.68330669, 0.15859667]), array([0.67976631, 0.15328591]), array([0.67626928, 0.14818363]), array([0.67281314, 0.14327958]), array([0.66939565, 0.13856418]), array([0.66601475, 0.13402847]), array([0.66266855, 0.12966405]), array([0.65935529, 0.12546304]), array([0.65607337, 0.12141803]), array([0.65282131, 0.11752205]), array([0.64959775, 0.11376852]), array([0.6464014 , 0.11015125]), array([0.6432311 , 0.10666437]), array([0.64008577, 0.10330235]), array([0.63696438, 0.10005993]), array([0.63386602, 0.09693216]), array([0.6307898, 0.0939143]), array([0.60024098, 0.06479011]), array([0.57159826, 0.0454364 ]), array([0.54435789, 0.03228921]), array([0.51827167, 0.02321119]), array([0.49320005, 0.01685826]), array([0.46905341, 0.0123601 ]), array([0.44576684, 0.00914146]), array([0.42328872, 0.00681601]), array([0.40157534, 0.00512075]), array([0.38058817, 0.00387453]), array([0.36029241, 0.0029512 ]), array([0.3406562 , 0.00226204]), array([0.32165008, 0.00174408]), array([0.30324668, 0.00135225]), array([0.28542046, 0.00105399]), array([0.2681475 , 0.00082562]), array([0.25140535, 0.00064979]), array([0.23517293, 0.00051371]), array([0.21943035, 0.00040786]), array([0.20415887, 0.00032513]), array([0.18934076, 0.00026018]), array([0.17495926, 0.00020897]), array([0.16099848, 0.00016843]), array([1.47443352e-01, 1.36206184e-04]), array([1.34279559e-01, 1.10497862e-04]), array([1.21493486e-01, 8.99146187e-05]), array([1.09072174e-01, 7.33783576e-05]), array([9.70032716e-02, 6.00498817e-05]), array([8.52749956e-02, 4.92732460e-05]), array([7.38760955e-02, 4.05337037e-05]), array([6.27958181e-02, 3.34257707e-05]), array([5.20238770e-02, 2.76288632e-05]), array([4.15504237e-02, 2.28886295e-05]), array([3.13660217e-02, 1.90025832e-05]), array([2.14616220e-02, 1.58090033e-05]), array([1.18285408e-02, 1.31783222e-05]), array([2.45843890e-03, 1.10064201e-05]), array([-6.65669732e-03,  9.20938385e-06]), array([-1.55245738e-02,  7.71939621e-06]), array([-2.41526050e-02,  6.48150023e-06]), array([-3.25479293e-02,  5.45104470e-06]), array([-4.07174232e-02,  4.59166040e-06]), array([-4.86677142e-02,  3.87365210e-06]), array([-5.64051936e-02,  3.27271703e-06]), array([-6.39360276e-02,  2.76892064e-06]), array([-7.12661681e-02,  2.34587571e-06]), array([-7.84013630e-02,  1.99008258e-06]), array([-8.53471650e-02,  1.69039767e-06]), array([-9.21089411e-02,  1.43760403e-06]), array([-9.86918805e-02,  1.22406369e-06]), array([-1.05101002e-01,  1.04343542e-06]), array([-1.11341163e-01,  8.90445135e-07]), array([-1.17417062e-01,  7.60698719e-07]), array([-1.23333253e-01,  6.50529021e-07]), array([-1.29094142e-01,  5.56870610e-07]), array([-1.34704e-01,  4.77157e-07]), array([-1.40166966e-01,  4.09236143e-07]), array([-1.45487051e-01,  3.51300838e-07]), array([-1.50668144e-01,  3.01831281e-07]), array([-1.55714019e-01,  2.59547583e-07]), array([-1.60628334e-01,  2.23370437e-07]), array([-1.65414640e-01,  1.92388487e-07]), array([-1.70076382e-01,  1.65831214e-07]), array([-1.74616905e-01,  1.43046368e-07]), array([-1.79039455e-01,  1.23481148e-07]), array([-1.83347186e-01,  1.06666497e-07]), array([-1.87543159e-01,  9.22039619e-08]), array([-1.91630350e-01,  7.97546978e-08]), array([-1.95611646e-01,  6.90302404e-08]), array([-1.99489856e-01,  5.97847621e-08]), array([-2.03267708e-01,  5.18085587e-08]), array([-2.06947854e-01,  4.49225665e-08]), array([-2.10532871e-01,  3.89737400e-08]), array([-2.14025265e-01,  3.38311503e-08]), array([-2.17427472e-01,  2.93826889e-08]), array([-2.20741861e-01,  2.55322783e-08]), array([-2.23970736e-01,  2.21975101e-08]), array([-2.27116336e-01,  1.93076417e-08]), array([-2.30180842e-01,  1.68018964e-08]), array([-2.33166374e-01,  1.46280188e-08]), array([-2.36074992e-01,  1.27410458e-08]), array([-2.38908704e-01,  1.11022604e-08]), array([-2.41669462e-01,  9.67830062e-09]), array([-2.44359166e-01,  8.44039809e-09]), array([-2.46979663e-01,  7.36372923e-09]), array([-2.49532753e-01,  6.42686002e-09]), array([-2.52020186e-01,  5.61127133e-09]), array([-2.54443668e-01,  4.90095246e-09]), array([-2.56804855e-01,  4.28205306e-09]), array([-2.59105363e-01,  3.74258445e-09]), array([-2.61346764e-01,  3.27216353e-09]), array([-2.63530587e-01,  2.86179259e-09]), array([-2.65658323e-01,  2.50367032e-09]), array([-2.67731421e-01,  2.19102908e-09]), array([-2.69751293e-01,  1.91799496e-09]), array([-2.71719315e-01,  1.67946715e-09]), array([-2.73636825e-01,  1.47101405e-09]), array([-2.75505127e-01,  1.28878361e-09]), array([-2.77325490e-01,  1.12942604e-09]), array([-2.79099150e-01,  9.90026948e-10]), array([-2.80827312e-01,  8.68049693e-10]), array([-2.82511147e-01,  7.61285433e-10]), array([-2.84151797e-01,  6.67809992e-10]), array([-2.85750375e-01,  5.85946476e-10]), array([-2.87307963e-01,  5.14232930e-10]), array([-2.88825617e-01,  4.51394303e-10]), array([-2.90304363e-01,  3.96318128e-10]), array([-2.91745203e-01,  3.48033445e-10]), array([-2.93149111e-01,  3.05692479e-10]), array([-2.94517036e-01,  2.68554799e-10]), array([-2.95849904e-01,  2.35973466e-10]), array([-2.97148615e-01,  2.07383065e-10]), array([-2.98414047e-01,  1.82289271e-10]), array([-2.99647055e-01,  1.60259773e-10]), array([-3.00848471e-01,  1.40916384e-10]), array([-3.02019106e-01,  1.23928168e-10]), array([-3.03159752e-01,  1.09005456e-10]), array([-3.04271177e-01,  9.58946106e-11]), array([-3.05354131e-01,  8.43735110e-11]), array([-3.06409346e-01,  7.42475620e-11]), array([-3.07437532e-01,  6.53462645e-11]), array([-3.08439384e-01,  5.75201648e-11]), array([-3.09415577e-01,  5.06382431e-11]), array([-3.10366768e-01,  4.45856113e-11]), array([-3.11293600e-01,  3.92615013e-11]), array([-3.12196696e-01,  3.45775014e-11]), array([-3.13076666e-01,  3.04560383e-11]), array([-3.13934102e-01,  2.68290218e-11]), array([-3.14769582e-01,  2.36366887e-11]), array([-3.15583668e-01,  2.08265522e-11]), array([-3.16376910e-01,  1.83525268e-11]), array([-3.17149841e-01,  1.61741226e-11]), array([-3.17902982e-01,  1.42557771e-11]), array([-3.18636840e-01,  1.25662286e-11]), array([-3.19351909e-01,  1.10780146e-11]), array([-3.2004867e-01,  9.7669878e-12]), array([-3.20727593e-01,  8.61191621e-12]), array([-3.21389135e-01,  7.59413924e-12]), array([-3.22033740e-01,  6.69723668e-12]), array([-3.22661844e-01,  5.90677565e-12]), array([-3.23273867e-01,  5.21004853e-12]), array([-3.23870223e-01,  4.59587538e-12]), array([-3.24451313e-01,  4.05442849e-12]), array([-3.25017527e-01,  3.57704591e-12]), array([-3.25569247e-01,  3.15611151e-12]), array([-3.26106844e-01,  2.78491955e-12]), array([-3.26630679e-01,  2.45755919e-12]), array([-3.27141105e-01,  2.16883015e-12]), array([-3.27638466e-01,  1.91414942e-12]), array([-3.28123095e-01,  1.68948913e-12]), array([-3.28595319e-01,  1.49129212e-12]), array([-3.29055456e-01,  1.31642977e-12]), array([-3.29503814e-01,  1.16214430e-12]), array([-3.29940697e-01,  1.02599987e-12]), array([-3.30366396e-01,  9.05855975e-13]), array([-3.30781200e-01,  7.99827456e-13]), array([-3.31185386e-01,  7.06248978e-13]), array([-3.31579227e-01,  6.23652826e-13]), array([-3.31962987e-01,  5.50746700e-13]), array([-3.32336925e-01,  4.86384851e-13]), array([-3.32701291e-01,  4.29568077e-13]), array([-3.33056332e-01,  3.79403760e-13]), array([-3.33402285e-01,  3.35112523e-13]), array([-3.33739383e-01,  2.96001586e-13]), array([-3.34067854e-01,  2.61471430e-13]), array([-3.34387918e-01,  2.30978044e-13]), array([-3.34699789e-01,  2.04052915e-13]), array([-3.35003678e-01,  1.80271938e-13]), array([-3.35299790e-01,  1.59268739e-13]), array([-3.35588323e-01,  1.40716912e-13]), array([-3.35869471e-01,  1.24334461e-13]), array([-3.36143423e-01,  1.09863814e-13]), array([-3.36410364e-01,  9.70784859e-14]), array([-3.36670472e-01,  8.57830768e-14]), array([-3.36923923e-01,  7.58043923e-14]), array([-3.37170888e-01,  6.69892215e-14]), array([-3.37411532e-01,  5.92043376e-14]), array([-3.37646017e-01,  5.23253958e-14]), array([-3.37874500e-01,  4.62458145e-14]), array([-3.38097136e-01,  4.08723350e-14]), array([-3.38314073e-01,  3.61228009e-14]), array([-3.38525459e-01,  3.19283784e-14]), array([-3.38731434e-01,  2.82157926e-14]), array([-3.38932138e-01,  2.49406346e-14]), array([-3.39127705e-01,  2.20451730e-14]), array([-3.39318267e-01,  1.94872191e-14]), array([-3.39503952e-01,  1.72245846e-14]), array([-3.39684884e-01,  1.52261832e-14]), array([-3.39861186e-01,  1.34609286e-14]), array([-3.40032975e-01,  1.19021754e-14]), array([-3.40200368e-01,  1.05210580e-14]), array([-3.40363477e-01,  9.30425356e-15]), array([-3.40522412e-01,  8.22511678e-15]), array([-3.40677278e-01,  7.27032498e-15]), array([-3.40828182e-01,  6.42655548e-15]), array([-3.40975223e-01,  5.68492650e-15]), array([-3.41118501e-01,  5.02323358e-15]), array([-3.41258112e-01,  4.44147672e-15]), array([-3.41394149e-01,  3.92633323e-15]), array([-3.41526706e-01,  3.47114179e-15]), array([-3.41655870e-01,  3.06702061e-15]), array([-3.41781728e-01,  2.71174924e-15]), array([-3.41904365e-01,  2.39644590e-15]), array([-3.42023863e-01,  2.11666970e-15]), array([-3.42140303e-01,  1.87464108e-15]), array([-3.42253763e-01,  1.66147826e-15]), array([-3.42364319e-01,  1.47051990e-15]), array([-3.42472046e-01,  1.30176600e-15]), array([-3.42577016e-01,  1.15299612e-15]), array([-3.42679299e-01,  1.01976935e-15]), array([-3.42778965e-01,  8.99865267e-16]), array([-3.42876080e-01,  7.95504303e-16]), array([-3.42970709e-01,  7.06686461e-16]), array([-3.43062916e-01,  6.26750403e-16]), array([-3.43152764e-01,  5.51255237e-16]), array([-3.43240312e-01,  4.86862302e-16]), array([-3.43325620e-01,  4.29130705e-16]), array([-3.43408744e-01,  3.84721784e-16]), array([-3.43489741e-01,  3.40312863e-16]), array([-3.43568665e-01,  3.00344834e-16]), array([-3.43645570e-01,  2.69258589e-16]), array([-3.43720506e-01,  2.40392791e-16]), array([-3.43793524e-01,  2.11526992e-16]), array([-3.43864673e-01,  1.89322531e-16]), array([-3.43934002e-01,  1.67118071e-16]), array([-3.44001556e-01,  1.44913610e-16]), array([-3.44067381e-01,  1.27150042e-16]), array([-3.44131522e-01,  1.11606920e-16]), array([-3.44194021e-01,  9.82842434e-17]), array([-3.44254920e-01,  8.71820132e-17]), array([-3.44314261e-01,  7.83002290e-17]), array([-3.44372084e-01,  6.71979987e-17]), array([-3.44428426e-01,  5.60957685e-17]), array([-3.44483327e-01,  4.94344303e-17]), array([-3.44536822e-01,  4.49935382e-17]), array([-3.44588949e-01,  4.05526461e-17]), array([-3.44639741e-01,  3.38913080e-17]), array([-3.44689233e-01,  3.16708619e-17]), array([-3.44737459e-01,  2.94504159e-17]), array([-3.44784450e-01,  2.72299698e-17]), array([-3.44830239e-01,  2.50095238e-17]), array([-3.44874856e-01,  2.50095238e-17]), array([-3.44918332e-01,  2.50095238e-17]), array([-3.44960694e-01,  2.27890777e-17]), array([-3.45001972e-01,  2.27890777e-17]), array([-3.45042194e-01,  2.05686317e-17]), array([-3.45081387e-01,  1.61277396e-17]), array([-3.45119576e-01,  1.16868475e-17]), array([-3.45156788e-01,  9.46640144e-18]), array([-3.45193048e-01,  7.24595539e-18]), array([-3.45228380e-01,  7.24595539e-18]), array([-3.45262807e-01,  7.24595539e-18]), array([-3.45296354e-01,  7.24595539e-18]), array([-3.45329042e-01,  7.24595539e-18]), array([-3.45360893e-01,  7.24595539e-18]), array([-3.45391929e-01,  7.24595539e-18]), array([-3.45422171e-01,  7.24595539e-18]), array([-3.45451639e-01,  7.24595539e-18]), array([-3.45480353e-01,  7.24595539e-18]), array([-3.45508332e-01,  7.24595539e-18]), array([-3.45535594e-01,  7.24595539e-18]), array([-3.45562160e-01,  7.24595539e-18]), array([-3.45588045e-01,  7.24595539e-18]), array([-3.45613267e-01,  7.24595539e-18]), array([-3.45637845e-01,  7.24595539e-18]), array([-3.45661793e-01,  7.24595539e-18]), array([-3.45685128e-01,  7.24595539e-18]), array([-3.45707866e-01,  7.24595539e-18]), array([-3.45730023e-01,  7.24595539e-18]), array([-3.45751612e-01,  7.24595539e-18]), array([-3.45772648e-01,  7.24595539e-18]), array([-3.45793147e-01,  7.24595539e-18]), array([-3.45813120e-01,  7.24595539e-18]), array([-3.45832583e-01,  7.24595539e-18]), array([-3.45851547e-01,  7.24595539e-18]), array([-3.45870026e-01,  7.24595539e-18]), array([-3.45888032e-01,  7.24595539e-18]), array([-3.45905577e-01,  7.24595539e-18]), array([-3.45922674e-01,  7.24595539e-18]), array([-3.45939332e-01,  7.24595539e-18]), array([-3.45955565e-01,  7.24595539e-18]), array([-3.45971382e-01,  7.24595539e-18]), array([-3.45986794e-01,  7.24595539e-18]), array([-3.46001811e-01,  7.24595539e-18]), array([-3.46016445e-01,  7.24595539e-18]), array([-3.46030704e-01,  7.24595539e-18]), array([-3.46044598e-01,  7.24595539e-18]), array([-3.46058136e-01,  7.24595539e-18]), array([-3.46071328e-01,  7.24595539e-18]), array([-3.46084182e-01,  7.24595539e-18]), array([-3.46096707e-01,  7.24595539e-18]), array([-3.46108912e-01,  7.24595539e-18]), array([-3.46120804e-01,  7.24595539e-18]), array([-3.46132392e-01,  7.24595539e-18]), array([-3.46143684e-01,  7.24595539e-18]), array([-3.46154686e-01,  7.24595539e-18]), array([-3.46165407e-01,  7.24595539e-18]), array([-3.46175854e-01,  7.24595539e-18]), array([-3.46186033e-01,  7.24595539e-18]), array([-3.46195951e-01,  7.24595539e-18]), array([-3.46205616e-01,  7.24595539e-18]), array([-3.46215034e-01,  7.24595539e-18]), array([-3.46224210e-01,  7.24595539e-18]), array([-3.46233152e-01,  7.24595539e-18]), array([-3.46241864e-01,  7.24595539e-18]), array([-3.46250354e-01,  7.24595539e-18]), array([-3.46258627e-01,  7.24595539e-18]), array([-3.46266687e-01,  7.24595539e-18]), array([-3.46274542e-01,  7.24595539e-18]), array([-3.46282195e-01,  7.24595539e-18]), array([-3.46289653e-01,  7.24595539e-18]), array([-3.46296919e-01,  7.24595539e-18]), array([-3.46304000e-01,  7.24595539e-18]), array([-3.46310900e-01,  7.24595539e-18]), array([-3.46317623e-01,  7.24595539e-18]), array([-3.46324174e-01,  7.24595539e-18]), array([-3.46330557e-01,  7.24595539e-18]), array([-3.46336777e-01,  7.24595539e-18]), array([-3.46342837e-01,  7.24595539e-18]), array([-3.46348743e-01,  7.24595539e-18]), array([-3.46354497e-01,  7.24595539e-18]), array([-3.46360105e-01,  7.24595539e-18]), array([-3.46365568e-01,  7.24595539e-18]), array([-3.46370892e-01,  7.24595539e-18]), array([-3.46376080e-01,  7.24595539e-18]), array([-3.46381135e-01,  7.24595539e-18]), array([-3.46386060e-01,  7.24595539e-18]), array([-3.46390859e-01,  7.24595539e-18]), array([-3.46395536e-01,  7.24595539e-18]), array([-3.46400093e-01,  7.24595539e-18]), array([-3.46404533e-01,  7.24595539e-18]), array([-3.46408860e-01,  7.24595539e-18]), array([-3.46413076e-01,  7.24595539e-18]), array([-3.46417184e-01,  7.24595539e-18]), array([-3.46421186e-01,  7.24595539e-18]), array([-3.46425087e-01,  7.24595539e-18]), array([-3.46428887e-01,  7.24595539e-18]), array([-3.46432591e-01,  7.24595539e-18]), array([-3.46436199e-01,  7.24595539e-18]), array([-3.46439716e-01,  7.24595539e-18]), array([-3.46443142e-01,  7.24595539e-18]), array([-3.46446480e-01,  7.24595539e-18]), array([-3.46449733e-01,  7.24595539e-18]), array([-3.46452903e-01,  7.24595539e-18]), array([-3.46455992e-01,  7.24595539e-18]), array([-3.46459002e-01,  7.24595539e-18]), array([-3.46461934e-01,  7.24595539e-18]), array([-3.46464792e-01,  7.24595539e-18]), array([-3.46467576e-01,  7.24595539e-18]), array([-3.46470289e-01,  7.24595539e-18]), array([-3.46472933e-01,  7.24595539e-18]), array([-3.46475509e-01,  7.24595539e-18]), array([-3.46478019e-01,  7.24595539e-18]), array([-3.46480465e-01,  7.24595539e-18]), array([-3.46482849e-01,  7.24595539e-18]), array([-3.46485171e-01,  7.24595539e-18]), array([-3.46487434e-01,  7.24595539e-18]), array([-3.46489639e-01,  7.24595539e-18]), array([-3.46491787e-01,  7.24595539e-18]), array([-3.46493881e-01,  7.24595539e-18]), array([-3.46495921e-01,  7.24595539e-18]), array([-3.46497909e-01,  7.24595539e-18]), array([-3.46499846e-01,  7.24595539e-18]), array([-3.46501733e-01,  7.24595539e-18]), array([-3.46503572e-01,  7.24595539e-18]), array([-3.46505364e-01,  7.24595539e-18]), array([-3.46507110e-01,  7.24595539e-18]), array([-3.46508811e-01,  7.24595539e-18]), array([-3.46510469e-01,  7.24595539e-18]), array([-3.46512085e-01,  7.24595539e-18]), array([-3.46513659e-01,  7.24595539e-18]), array([-3.46515193e-01,  7.24595539e-18]), array([-3.46516687e-01,  7.24595539e-18]), array([-3.46518143e-01,  7.24595539e-18]), array([-3.46519562e-01,  7.24595539e-18]), array([-3.46520945e-01,  7.24595539e-18]), array([-3.46522292e-01,  7.24595539e-18]), array([-3.46523605e-01,  7.24595539e-18]), array([-3.46524885e-01,  7.24595539e-18]), array([-3.46526131e-01,  7.24595539e-18]), array([-3.46527346e-01,  7.24595539e-18]), array([-3.46528529e-01,  7.24595539e-18]), array([-3.46529682e-01,  7.24595539e-18]), array([-3.46530806e-01,  7.24595539e-18]), array([-3.46531901e-01,  7.24595539e-18]), array([-3.46532968e-01,  7.24595539e-18]), array([-3.46534008e-01,  7.24595539e-18]), array([-3.46535021e-01,  7.24595539e-18]), array([-3.46536008e-01,  7.24595539e-18]), array([-3.46536970e-01,  7.24595539e-18]), array([-3.46537907e-01,  7.24595539e-18]), array([-3.46538820e-01,  7.24595539e-18]), array([-3.46539710e-01,  7.24595539e-18]), array([-3.46540577e-01,  7.24595539e-18]), array([-3.46541422e-01,  7.24595539e-18]), array([-3.46542245e-01,  7.24595539e-18]), array([-3.46543047e-01,  7.24595539e-18]), array([-3.46543829e-01,  7.24595539e-18]), array([-3.46544591e-01,  7.24595539e-18]), array([-3.46545333e-01,  7.24595539e-18]), array([-3.46546056e-01,  7.24595539e-18]), array([-3.46546761e-01,  7.24595539e-18]), array([-3.46547447e-01,  7.24595539e-18]), array([-3.46548117e-01,  7.24595539e-18]), array([-3.46548768e-01,  7.24595539e-18]), array([-3.46549404e-01,  7.24595539e-18]), array([-3.46550023e-01,  7.24595539e-18]), array([-3.46550626e-01,  7.24595539e-18]), array([-3.46551214e-01,  7.24595539e-18]), array([-3.46551786e-01,  7.24595539e-18]), array([-3.46552344e-01,  7.24595539e-18]), array([-3.46552888e-01,  7.24595539e-18]), array([-3.46553418e-01,  7.24595539e-18]), array([-3.46553934e-01,  7.24595539e-18]), array([-3.46554437e-01,  7.24595539e-18]), array([-3.46554927e-01,  7.24595539e-18]), array([-3.46555405e-01,  7.24595539e-18]), array([-3.46555870e-01,  7.24595539e-18]), array([-3.46556324e-01,  7.24595539e-18]), array([-3.46556766e-01,  7.24595539e-18]), array([-3.46557196e-01,  7.24595539e-18]), array([-3.46557616e-01,  7.24595539e-18]), array([-3.46558025e-01,  7.24595539e-18]), array([-3.46558423e-01,  7.24595539e-18]), array([-3.46558811e-01,  7.24595539e-18]), array([-3.46559190e-01,  7.24595539e-18]), array([-3.46559558e-01,  7.24595539e-18]), array([-3.46559917e-01,  7.24595539e-18]), array([-3.46560267e-01,  7.24595539e-18]), array([-3.46560608e-01,  7.24595539e-18]), array([-3.46560940e-01,  7.24595539e-18]), array([-3.46561264e-01,  7.24595539e-18]), array([-3.46561580e-01,  7.24595539e-18]), array([-3.46561887e-01,  7.24595539e-18]), array([-3.46562186e-01,  7.24595539e-18]), array([-3.46562478e-01,  7.24595539e-18]), array([-3.46562763e-01,  7.24595539e-18]), array([-3.46563040e-01,  7.24595539e-18]), array([-3.46563310e-01,  7.24595539e-18]), array([-3.46563573e-01,  7.24595539e-18]), array([-3.46563829e-01,  7.24595539e-18]), array([-3.46564079e-01,  7.24595539e-18]), array([-3.46564323e-01,  7.24595539e-18]), array([-3.46564560e-01,  7.24595539e-18]), array([-3.46564791e-01,  7.24595539e-18]), array([-3.46565016e-01,  7.24595539e-18]), array([-3.46565235e-01,  7.24595539e-18]), array([-3.46565449e-01,  7.24595539e-18]), array([-3.46565658e-01,  7.24595539e-18]), array([-3.46565861e-01,  7.24595539e-18]), array([-3.46566058e-01,  7.24595539e-18]), array([-3.46566251e-01,  7.24595539e-18]), array([-3.46566439e-01,  7.24595539e-18]), array([-3.46566622e-01,  7.24595539e-18]), array([-3.46566800e-01,  7.24595539e-18]), array([-3.46566974e-01,  7.24595539e-18]), array([-3.46567144e-01,  7.24595539e-18]), array([-3.46567309e-01,  7.24595539e-18]), array([-3.46567469e-01,  7.24595539e-18]), array([-3.46567626e-01,  7.24595539e-18]), array([-3.46567779e-01,  7.24595539e-18]), array([-3.46567927e-01,  7.24595539e-18]), array([-3.46568072e-01,  7.24595539e-18]), array([-3.46568213e-01,  7.24595539e-18]), array([-3.46568351e-01,  7.24595539e-18]), array([-3.46568485e-01,  7.24595539e-18]), array([-3.46568616e-01,  7.24595539e-18]), array([-3.46568743e-01,  7.24595539e-18]), array([-3.46568867e-01,  7.24595539e-18]), array([-3.46568988e-01,  7.24595539e-18]), array([-3.46569106e-01,  7.24595539e-18]), array([-3.46569221e-01,  7.24595539e-18]), array([-3.46569332e-01,  7.24595539e-18]), array([-3.46569441e-01,  7.24595539e-18]), array([-3.46569548e-01,  7.24595539e-18]), array([-3.46569651e-01,  7.24595539e-18]), array([-3.46569752e-01,  7.24595539e-18]), array([-3.46569850e-01,  7.24595539e-18]), array([-3.46569946e-01,  7.24595539e-18]), array([-3.46570039e-01,  7.24595539e-18]), array([-3.46570130e-01,  7.24595539e-18]), array([-3.46570219e-01,  7.24595539e-18]), array([-3.46570305e-01,  7.24595539e-18]), array([-3.46570389e-01,  7.24595539e-18]), array([-3.46570471e-01,  7.24595539e-18]), array([-3.46570551e-01,  7.24595539e-18]), array([-3.46570628e-01,  7.24595539e-18]), array([-3.46570704e-01,  7.24595539e-18]), array([-3.46570778e-01,  7.24595539e-18]), array([-3.46570850e-01,  7.24595539e-18]), array([-3.46570920e-01,  7.24595539e-18]), array([-3.46570989e-01,  7.24595539e-18]), array([-3.46571055e-01,  7.24595539e-18]), array([-3.46571120e-01,  7.24595539e-18]), array([-3.46571183e-01,  7.24595539e-18]), array([-3.46571245e-01,  7.24595539e-18]), array([-3.46571305e-01,  7.24595539e-18]), array([-3.46571363e-01,  7.24595539e-18]), array([-3.46571420e-01,  7.24595539e-18]), array([-3.46571476e-01,  7.24595539e-18]), array([-3.46571530e-01,  7.24595539e-18]), array([-3.46571583e-01,  7.24595539e-18]), array([-3.46571634e-01,  7.24595539e-18]), array([-3.46571684e-01,  7.24595539e-18]), array([-3.46571733e-01,  7.24595539e-18]), array([-3.46571780e-01,  7.24595539e-18]), array([-3.46571827e-01,  7.24595539e-18]), array([-3.46571872e-01,  7.24595539e-18]), array([-3.46571916e-01,  7.24595539e-18]), array([-3.46571959e-01,  7.24595539e-18]), array([-3.46572001e-01,  7.24595539e-18]), array([-3.46572041e-01,  7.24595539e-18]), array([-3.46572081e-01,  7.24595539e-18]), array([-3.46572119e-01,  7.24595539e-18]), array([-3.46572157e-01,  7.24595539e-18]), array([-3.46572194e-01,  7.24595539e-18]), array([-3.46572230e-01,  7.24595539e-18]), array([-3.46572264e-01,  7.24595539e-18]), array([-3.46572298e-01,  7.24595539e-18]), array([-3.46572331e-01,  7.24595539e-18]), array([-3.46572364e-01,  7.24595539e-18]), array([-3.46572395e-01,  7.24595539e-18]), array([-3.46572426e-01,  7.24595539e-18]), array([-3.46572455e-01,  7.24595539e-18]), array([-3.46572484e-01,  7.24595539e-18]), array([-3.46572513e-01,  7.24595539e-18]), array([-3.46572540e-01,  7.24595539e-18]), array([-3.46572567e-01,  7.24595539e-18]), array([-3.46572593e-01,  7.24595539e-18]), array([-3.46572619e-01,  7.24595539e-18]), array([-3.46572644e-01,  7.24595539e-18]), array([-3.46572668e-01,  7.24595539e-18]), array([-3.46572692e-01,  7.24595539e-18]), array([-3.46572715e-01,  7.24595539e-18]), array([-3.46572737e-01,  7.24595539e-18]), array([-3.46572759e-01,  7.24595539e-18]), array([-3.46572780e-01,  7.24595539e-18]), array([-3.46572801e-01,  7.24595539e-18]), array([-3.46572821e-01,  7.24595539e-18]), array([-3.46572841e-01,  7.24595539e-18]), array([-3.46572860e-01,  7.24595539e-18]), array([-3.46572879e-01,  7.24595539e-18]), array([-3.46572897e-01,  7.24595539e-18]), array([-3.46572915e-01,  7.24595539e-18]), array([-3.46572932e-01,  7.24595539e-18]), array([-3.46572949e-01,  7.24595539e-18]), array([-3.46572965e-01,  7.24595539e-18]), array([-3.46572981e-01,  7.24595539e-18]), array([-3.46572997e-01,  7.24595539e-18]), array([-3.46573012e-01,  7.24595539e-18]), array([-3.46573027e-01,  7.24595539e-18]), array([-3.46573041e-01,  7.24595539e-18]), array([-3.46573055e-01,  7.24595539e-18]), array([-3.46573069e-01,  7.24595539e-18]), array([-3.46573082e-01,  7.24595539e-18]), array([-3.46573095e-01,  7.24595539e-18]), array([-3.46573108e-01,  7.24595539e-18]), array([-3.46573120e-01,  7.24595539e-18]), array([-3.46573132e-01,  7.24595539e-18]), array([-3.46573144e-01,  7.24595539e-18]), array([-3.46573155e-01,  7.24595539e-18]), array([-3.46573167e-01,  7.24595539e-18]), array([-3.46573177e-01,  7.24595539e-18]), array([-3.46573188e-01,  7.24595539e-18]), array([-3.46573198e-01,  7.24595539e-18]), array([-3.46573208e-01,  7.24595539e-18])]"
0.9,0.2,1.4210854715202004e-13,184,0.7819576154001601,2.559266696658389,"[np.float64(47.29850992082298), np.float64(40.114095963981846), np.float64(34.82181588654321), np.float64(30.751501771433233), np.float64(27.5190629924995), np.float64(24.887534384165477), np.float64(22.702341675008952), np.float64(20.858142975679037), np.float64(19.280563008046585), np.float64(17.915532595294195), np.float64(16.72276641358463), np.float64(15.671612705852416), np.float64(14.73832297391849), np.float64(13.904203740891989), np.float64(13.15433396039243), np.float64(12.476655353705201), np.float64(11.86131468266023), np.float64(11.300179938856623), np.float64(10.786478930748626), np.float64(8.610254196109882), np.float64(7.147172493203465), np.float64(6.096950250004268), np.float64(5.308483364948688), np.float64(4.696803480470898), np.float64(4.210231395219089), np.float64(3.815433043073421), np.float64(3.489900086909606), np.float64(3.217865344273916), np.float64(2.9879457660356055), np.float64(2.7917138556273917), np.float64(2.622795784559857), np.float64(2.4762820638652165), np.float64(2.348330910081807), np.float64(2.2358943700098344), np.float64(2.136524912501539), np.float64(2.048236103008441), np.float64(1.969400443273261), np.float64(1.8986732615989954), np.float64(1.8349351912237921), np.float64(1.7772481274985124), np.float64(1.7248211032724523), np.float64(1.6769835609079795), np.float64(1.633164208693871), np.float64(1.4477273238764132), np.float64(1.3217988234873443), np.float64(1.2273807939385044), np.float64(1.1509800864939934), np.float64(1.0856851432313128), np.float64(1.027784257929114), np.float64(0.9751958790318431), np.float64(0.7502139268526937), np.float64(0.5855397038587631), np.float64(0.46022878694551883), np.float64(0.36366236268173635), np.float64(0.2885363486043637), np.float64(0.22966004387326988), np.float64(0.18325418127226945), np.float64(0.14651304932476705), np.float64(0.1173207395521132), np.float64(0.09406117809518566), np.float64(0.07548731758833549), np.float64(0.06062884648412892), np.float64(0.04872568864459481), np.float64(0.03917920841666023), np.float64(0.031515845248889285), np.float64(0.025359649437528553), np.float64(0.020411305718232242), np.float64(0.01643195977950862), np.float64(0.013230648928591382), np.float64(0.010654469277104894), np.float64(0.008580841693635488), np.float64(0.00691140122469136), np.float64(0.005567151411256077), np.float64(0.0044846100913154), np.float64(0.0036127362880642444), np.float64(0.002910474992896095), np.float64(0.0023447924221060568), np.float64(0.0018891016966060548), np.float64(0.0015220000168252312), np.float64(0.0012262548263013429), np.float64(0.0009879893035584786), np.float64(0.0007960276238838659), np.float64(0.0006413684117654306), np.float64(0.0005167611300480601), np.float64(0.00041636518128651545), np.float64(0.0003354755056985681), np.float64(0.0002703016621001808), np.float64(0.0002177899399411487), np.float64(0.0001754801027722408), np.float64(0.00014139000940316393), np.float64(0.00011392268018184382), np.float64(9.179143713522464e-05), np.float64(7.395959976053135e-05), np.float64(5.959190420234961e-05), np.float64(4.8015365403664134e-05), np.float64(3.8687745862908685e-05), np.float64(3.117215205428181e-05), np.float64(2.5116567308636206e-05), np.float64(2.0237361670005782e-05), np.float64(1.6306005790500677e-05), np.float64(1.3138366227405385e-05), np.float64(1.0586080520624819e-05), np.float64(8.529607939511408e-06), np.float64(6.872630317289463e-06), np.float64(5.537540660682794e-06), np.float64(4.461808198463757e-06), np.float64(3.595049593130284e-06), np.float64(2.8966691241194553e-06), np.float64(2.3339573047564954e-06), np.float64(1.8805588744008617e-06), np.float64(1.5152384058580992e-06), np.float64(1.2208857111950522e-06), np.float64(9.837144645530316e-07), np.float64(7.926164973248717e-07), np.float64(6.38641535211093e-07), np.float64(5.14578000210264e-07), np.float64(4.146152488004873e-07), np.float64(3.3407142208119467e-07), np.float64(2.6917416962035645e-07), np.float64(2.1688396101282592e-07), np.float64(1.7475173219594353e-07), np.float64(1.4080417720663263e-07), np.float64(1.1345132788775913e-07), np.float64(9.141208678897783e-08), np.float64(7.365422405314348e-08), np.float64(5.93460320885697e-08), np.float64(4.781737139580855e-08), np.float64(3.8528287227279634e-08), np.float64(3.104371515405546e-08), np.float64(2.501310802927037e-08), np.float64(2.015401578958631e-08), np.float64(1.623885914625589e-08), np.float64(1.3084266115015453e-08), np.float64(1.054248999210472e-08), np.float64(8.494483338949976e-09), np.float64(6.844325550758867e-09), np.float64(5.514730005984347e-09), np.float64(4.443423851085981e-09), np.float64(3.5802312225996502e-09), np.float64(2.8847235711282337e-09), np.float64(2.32432650904002e-09), np.float64(1.8727934758544507e-09), np.float64(1.5089751670416263e-09), np.float64(1.2158336559764393e-09), np.float64(9.79637704290326e-10), np.float64(7.893259379443407e-10), np.float64(6.359841542291633e-10), np.float64(5.124305424430986e-10), np.float64(4.1287906427101007e-10), np.float64(3.326663389202622e-10), np.float64(2.680362598539432e-10), np.float64(2.159610268392953e-10), np.float64(1.7400214602503183e-10), np.float64(1.4019363447914657e-10), np.float64(1.1295409052536343e-10), np.float64(9.100542541773393e-11), np.float64(7.332046081387489e-11), np.float64(5.907097033741593e-11), np.float64(4.758948790595241e-11), np.float64(3.8338665575565756e-11), np.float64(3.0885072277442305e-11), np.float64(2.4879209803430058e-11), np.float64(2.0039969683693926e-11), np.float64(1.6140866421210376e-11), np.float64(1.2999379350731033e-11), np.float64(1.0468070854585676e-11), np.float64(8.428369113744338e-12), np.float64(6.784794948089257e-12), np.float64(5.46096501352622e-12), np.float64(4.3942627314663696e-12), np.float64(3.5340619319867983e-12), np.float64(2.8417268538305507e-12), np.float64(2.283506717049022e-12), np.float64(1.8340884366807586e-12), np.float64(1.4717116414431075e-12), np.float64(1.1795009413617663e-12), np.float64(9.441336601412331e-13), np.float64(7.549516567451064e-13), np.float64(6.021849685566849e-13), np.float64(4.791722574282176e-13), np.float64(3.801403636316536e-13), np.float64(3.0020430585864233e-13), np.float64(2.3581137043038325e-13), np.float64(1.8385293287792592e-13), np.float64(1.4210854715202004e-13)]","[array([1., 1.]), array([0.98425855, 0.95269121]), array([0.97081949, 0.91231614]), array([0.95907689, 0.87705639]), array([0.94863938, 0.84573731]), array([0.93923858, 0.81755329]), array([0.93068199, 0.79192641]), array([0.9228266 , 0.76842728]), array([0.91556316, 0.74672776]), array([0.90880622, 0.72657118]), array([0.90248766, 0.70775288]), array([0.89655227, 0.69010692]), array([0.89095465, 0.67349683]), array([0.885657  , 0.65780898]), array([0.88062753, 0.64294773]), array([0.87583923, 0.62883177]), array([0.87126893, 0.61539142]), array([0.86689665, 0.60256648]), array([0.862705  , 0.59030455]), array([0.84257375, 0.53158066]), array([0.82594931, 0.48393145]), array([0.81168671, 0.44388768]), array([0.79912267, 0.40943108]), array([0.78783643, 0.37927443]), array([0.77754367, 0.35254202]), array([0.76804304, 0.32860881]), array([0.75918679, 0.30701166]), array([0.75086334, 0.28739692]), array([0.74298648, 0.26948779]), array([0.73548829, 0.2530631 ]), array([0.72831444, 0.23794296]), array([0.72142086, 0.22397881]), array([0.71477136, 0.21104634]), array([0.70833597, 0.1990403 ]), array([0.70208963, 0.18787068]), array([0.69601122, 0.17745974]), array([0.69008281, 0.16773984]), array([0.68428913, 0.15865169]), array([0.67861704, 0.15014294]), array([0.67305525, 0.14216713]), array([0.66759395, 0.13468278]), array([0.66222462, 0.1276527 ]), array([0.65693983, 0.12104336]), array([0.63090597, 0.08994895]), array([0.60655358, 0.06765505]), array([0.58339852, 0.05137582]), array([0.56118371, 0.03933166]), array([0.53976158, 0.03032836]), array([0.51904065, 0.02353951]), array([0.49895962, 0.01838119]), array([ 0.40153175, -0.00135177]), array([ 3.17600709e-01, -3.59693574e-05]), array([ 2.44498466e-01, -3.77587454e-06]), array([ 1.80404697e-01, -6.34606915e-07]), array([ 1.23925770e-01, -1.39434306e-07]), array([ 7.3963606e-02, -3.6610668e-08]), array([ 2.96327347e-02, -1.09284406e-08]), array([-9.79466166e-03, -3.59461499e-09]), array([-4.49263683e-02, -1.27561011e-09]), array([-7.62766291e-02, -4.81081167e-10]), array([-1.04285279e-01, -1.90682315e-10]), array([-1.29331881e-01, -7.87583692e-11]), array([-1.51746399e-01, -3.36734023e-11]), array([-1.71817404e-01, -1.48244266e-11]), array([-1.89798509e-01, -6.69123473e-12]), array([-2.05913504e-01, -3.08560338e-12]), array([-2.20360500e-01, -1.44947215e-12]), array([-2.33315349e-01, -6.91944774e-13]), array([-2.44934475e-01, -3.34968104e-13]), array([-2.55357263e-01, -1.64153630e-13]), array([-2.64708094e-01, -8.13043472e-14]), array([-2.73098083e-01, -4.06613027e-14]), array([-2.80626590e-01, -2.04996526e-14]), array([-2.87382523e-01, -1.04277093e-14]), array([-2.93445491e-01, -5.32956514e-15]), array([-2.98886809e-01, -2.73608416e-15]), array([-3.03770387e-01, -1.42158010e-15]), array([-3.08153517e-01, -7.28800928e-16]), array([-3.12087574e-01, -4.00174913e-16]), array([-3.15618630e-01, -2.04775661e-16]), array([-3.18788016e-01, -1.15957819e-16]), array([-3.21632810e-01, -6.26671136e-17]), array([-3.24186279e-01, -3.60217610e-17]), array([-3.26478274e-01, -1.82581927e-17]), array([-3.28535584e-01, -9.37640845e-18]), array([-3.30382247e-01, -9.37640845e-18]), array([-3.32039838e-01, -9.37640845e-18]), array([-3.33527720e-01, -9.37640845e-18]), array([-3.34863272e-01, -9.37640845e-18]), array([-3.36062093e-01, -9.37640845e-18]), array([-3.37138182e-01, -9.37640845e-18]), array([-3.38104105e-01,  8.38715994e-18]), array([-3.38971142e-01,  8.38715994e-18]), array([-3.39749417e-01,  8.38715994e-18]), array([-3.40448018e-01,  8.38715994e-18]), array([-3.41075101e-01,  8.38715994e-18]), array([-3.41637988e-01,  8.38715994e-18]), array([-3.42143251e-01,  8.38715994e-18]), array([-3.42596789e-01,  8.38715994e-18]), array([-3.43003898e-01,  8.38715994e-18]), array([-3.43369330e-01,  8.38715994e-18]), array([-3.43697353e-01,  8.38715994e-18]), array([-3.43991796e-01,  8.38715994e-18]), array([-3.44256096e-01,  8.38715994e-18]), array([-3.44493340e-01,  8.38715994e-18]), array([-3.44706297e-01,  8.38715994e-18]), array([-3.44897453e-01,  8.38715994e-18]), array([-3.45069040e-01,  8.38715994e-18]), array([-3.45223062e-01,  8.38715994e-18]), array([-3.45361317e-01,  8.38715994e-18]), array([-3.45485418e-01,  8.38715994e-18]), array([-3.45596815e-01,  8.38715994e-18]), array([-3.45696808e-01,  8.38715994e-18]), array([-3.45786565e-01,  8.38715994e-18]), array([-3.45867133e-01,  8.38715994e-18]), array([-3.45939454e-01,  8.38715994e-18]), array([-3.46004371e-01,  8.38715994e-18]), array([-3.46062642e-01,  8.38715994e-18]), array([-3.46114948e-01,  8.38715994e-18]), array([-3.46161900e-01,  8.38715994e-18]), array([-3.46204045e-01,  8.38715994e-18]), array([-3.46241875e-01,  8.38715994e-18]), array([-3.46275833e-01,  8.38715994e-18]), array([-3.46306315e-01,  8.38715994e-18]), array([-3.46333676e-01,  8.38715994e-18]), array([-3.46358236e-01,  8.38715994e-18]), array([-3.46380282e-01,  8.38715994e-18]), array([-3.46400071e-01,  8.38715994e-18]), array([-3.46417834e-01,  8.38715994e-18]), array([-3.46433779e-01,  8.38715994e-18]), array([-3.46448092e-01,  8.38715994e-18]), array([-3.46460939e-01,  8.38715994e-18]), array([-3.46472471e-01,  8.38715994e-18]), array([-3.46482823e-01,  8.38715994e-18]), array([-3.46492115e-01,  8.38715994e-18]), array([-3.46500456e-01,  8.38715994e-18]), array([-3.46507942e-01,  8.38715994e-18]), array([-3.46514663e-01,  8.38715994e-18]), array([-3.46520695e-01,  8.38715994e-18]), array([-3.46526110e-01,  8.38715994e-18]), array([-3.46530971e-01,  8.38715994e-18]), array([-3.46535334e-01,  8.38715994e-18]), array([-3.46539250e-01,  8.38715994e-18]), array([-3.46542766e-01,  8.38715994e-18]), array([-3.46545921e-01,  8.38715994e-18]), array([-3.46548754e-01,  8.38715994e-18]), array([-3.46551296e-01,  8.38715994e-18]), array([-3.46553578e-01,  8.38715994e-18]), array([-3.46555627e-01,  8.38715994e-18]), array([-3.46557466e-01,  8.38715994e-18]), array([-3.46559117e-01,  8.38715994e-18]), array([-3.46560598e-01,  8.38715994e-18]), array([-3.46561928e-01,  8.38715994e-18]), array([-3.46563122e-01,  8.38715994e-18]), array([-3.46564194e-01,  8.38715994e-18]), array([-3.46565156e-01,  8.38715994e-18]), array([-3.46566019e-01,  8.38715994e-18]), array([-3.46566794e-01,  8.38715994e-18]), array([-3.46567490e-01,  8.38715994e-18]), array([-3.46568114e-01,  8.38715994e-18]), array([-3.46568675e-01,  8.38715994e-18]), array([-3.46569178e-01,  8.38715994e-18]), array([-3.46569630e-01,  8.38715994e-18]), array([-3.46570035e-01,  8.38715994e-18]), array([-3.46570399e-01,  8.38715994e-18]), array([-3.46570726e-01,  8.38715994e-18]), array([-3.46571019e-01,  8.38715994e-18]), array([-3.46571282e-01,  8.38715994e-18]), array([-3.46571519e-01,  8.38715994e-18]), array([-3.46571731e-01,  8.38715994e-18]), array([-3.46571921e-01,  8.38715994e-18]), array([-3.46572092e-01,  8.38715994e-18]), array([-3.46572245e-01,  8.38715994e-18]), array([-3.46572383e-01,  8.38715994e-18]), array([-3.46572507e-01,  8.38715994e-18]), array([-3.46572618e-01,  8.38715994e-18]), array([-3.46572717e-01,  8.38715994e-18]), array([-3.46572806e-01,  8.38715994e-18]), array([-3.46572887e-01,  8.38715994e-18]), array([-3.46572959e-01,  8.38715994e-18]), array([-3.46573023e-01,  8.38715994e-18]), array([-3.46573081e-01,  8.38715994e-18]), array([-3.46573134e-01,  8.38715994e-18]), array([-3.46573180e-01,  8.38715994e-18]), array([-3.46573222e-01,  8.38715994e-18])]"
0.9,0.3,1.4832579608992091e-13,241,0.8479710450344429,2.559266696658395,"[np.float64(47.29850992082298), np.float64(42.26650898379514), np.float64(38.192202000129335), np.float64(34.82323113209306), np.float64(31.989444204217698), np.float64(29.57174954627341), np.float64(27.484194995391732), np.float64(25.663130971787638), np.float64(20.679376212976372), np.float64(17.300336874928448), np.float64(14.84957974828855), np.float64(12.987852275669306), np.float64(11.524780673676084), np.float64(10.344728276865775), np.float64(9.37316651650767), np.float64(8.559790534602447), np.float64(7.86936233860356), np.float64(7.276433380478002), np.float64(6.762149109388224), np.float64(5.368830339983485), np.float64(4.448359152489317), np.float64(3.799176163848524), np.float64(3.320389880032722), np.float64(2.9555029449610393), np.float64(2.670283633452426), np.float64(2.442739356082911), np.float64(2.258086722596717), np.float64(2.106025241855783), np.float64(1.979166502086163), np.float64(1.8720830040582879), np.float64(1.7807079302319249), np.float64(1.7019429177702872), np.float64(1.63339397529929), np.float64(1.4468924426634713), np.float64(1.320594336837444), np.float64(1.225931601014992), np.float64(1.1492635238063107), np.float64(1.083659029028234), np.float64(0.9009367644595603), np.float64(0.7607124863639334), np.float64(0.6452616684931787), np.float64(0.5491396109212512), np.float64(0.46860094531218177), np.float64(0.40077866681002616), np.float64(0.3434249420183657), np.float64(0.2947523839985231), np.float64(0.2533234266964457), np.float64(0.21797049780999433), np.float64(0.18773724231191213), np.float64(0.16183452505626983), np.float64(0.13960700980901342), np.float64(0.12050743307022982), np.float64(0.10407656043454905), np.float64(0.08992739744556344), np.float64(0.07773262645263435), np.float64(0.06721451858752348), np.float64(0.05813676566600057), np.float64(0.05029781661242927), np.float64(0.043525404115092314), np.float64(0.037672021204957495), np.float64(0.03261116218252447), np.float64(0.02823418322772664), np.float64(0.024447668909703957), np.float64(0.02117121434519298), np.float64(0.01833555084819327), np.float64(0.015880956946999536), np.float64(0.013755907619928731), np.float64(0.01191592325337254), np.float64(0.010322586699285097), np.float64(0.008942702309709283), np.float64(0.007747575258491679), np.float64(0.0067123930559152), np.float64(0.005815694096889867), np.float64(0.005038910492954685), np.float64(0.004365974427492425), np.float64(0.003782978923888791), np.float64(0.0032778852919777), np.float64(0.002840270669618228), np.float64(0.0024611100438640676), np.float64(0.002132587952223819), np.float64(0.0018479357547920294), np.float64(0.0016012909536868847), np.float64(0.0013875755343528695), np.float64(0.0012023907279052892), np.float64(0.0010419259564309336), np.float64(0.0009028800335442178), np.float64(0.0007823929585204503), np.float64(0.000677986870675884), np.float64(0.0005875149268517177), np.float64(0.0005091170336610773), np.float64(0.0004411815114995221), np.float64(0.0003823118925483371), np.float64(0.000331298163041005), np.float64(0.0002870918532531519), np.float64(0.00024878445916876046), np.float64(0.0002155887492785169), np.float64(0.00018682257006918945), np.float64(0.00016189481566986075), np.float64(0.00014029327206710462), np.float64(0.00012157408513147061), np.float64(0.00010535263531519234), np.float64(9.129563098619897e-05), np.float64(7.911425751894186e-05), np.float64(6.855824108864539e-05), np.float64(5.941070496007228e-05), np.float64(5.148371242658101e-05), np.float64(4.461440469061273e-05), np.float64(3.8661654244265264e-05), np.float64(3.350316492189975e-05), np.float64(2.903295898626368e-05), np.float64(2.515919958767654e-05), np.float64(2.1802303819651314e-05), np.float64(1.8893307590417407e-05), np.float64(1.6372448699009112e-05), np.float64(1.4187938985443793e-05), np.float64(1.2294900332943115e-05), np.float64(1.0654442648139195e-05), np.float64(9.232864869090918e-06), np.float64(8.000962593346372e-06), np.float64(6.933428089439531e-06), np.float64(6.008330364792869e-06), np.float64(5.2066646176740505e-06), np.float64(4.511961792630359e-06), np.float64(3.909950247571459e-06), np.float64(3.3882625558590007e-06), np.float64(2.9361814304351697e-06), np.float64(2.5444195541624026e-06), np.float64(2.204928779114823e-06), np.float64(1.9107347908331462e-06), np.float64(1.6557938313788156e-06), np.float64(1.4348685350995538e-06), np.float64(1.243420337360135e-06), np.float64(1.07751623623642e-06), np.float64(9.337479927040704e-07), np.float64(8.091621146455452e-07), np.float64(7.011991831618047e-07), np.float64(6.076412706335077e-07), np.float64(5.265663785003483e-07), np.float64(4.563089515130514e-07), np.float64(3.954256633242892e-07), np.float64(3.4266576331987153e-07), np.float64(2.9694538383751024e-07), np.float64(2.5732527220156953e-07), np.float64(2.229914963791657e-07), np.float64(1.9323872546550547e-07), np.float64(1.674557341679872e-07), np.float64(1.4511285373330907e-07), np.float64(1.257510851004895e-07), np.float64(1.0897267088694207e-07), np.float64(9.443292636746037e-08), np.float64(8.18331553631424e-08), np.float64(7.091451603713494e-08), np.float64(6.145270248225643e-08), np.float64(5.325333685135547e-08), np.float64(4.6147976107135946e-08), np.float64(3.999065212312303e-08), np.float64(3.465487274922907e-08), np.float64(3.003102255760837e-08), np.float64(2.6024112198541616e-08), np.float64(2.255182618426943e-08), np.float64(1.9542832241370434e-08), np.float64(1.6935314484101127e-08), np.float64(1.4675706427880186e-08), np.float64(1.2717587871691194e-08), np.float64(1.1020732770816721e-08), np.float64(9.550280566372749e-09), np.float64(8.276025198483694e-09), np.float64(7.171787608228897e-09), np.float64(6.214883718769215e-09), np.float64(5.385655033052217e-09), np.float64(4.667066733077263e-09), np.float64(4.044356849419728e-09), np.float64(3.504732060122251e-09), np.float64(3.0371070103285547e-09), np.float64(2.6318751622511627e-09), np.float64(2.2807116195622257e-09), np.float64(1.9764021530477294e-09), np.float64(1.7126957629898243e-09), np.float64(1.48417367284992e-09), np.float64(1.2861431919475308e-09), np.float64(1.114534242674381e-09), np.float64(9.658229771503102e-10), np.float64(8.369536175223402e-10), np.float64(7.25278503921345e-10), np.float64(6.28503471489239e-10), np.float64(5.446407769227335e-10), np.float64(4.719673540876101e-10), np.float64(4.0899106323877277e-10), np.float64(3.5441694024029857e-10), np.float64(3.0712454801573585e-10), np.float64(2.661422193739327e-10), np.float64(2.3062796117301332e-10), np.float64(1.9985213484119413e-10), np.float64(1.7318235734364862e-10), np.float64(1.500715107738415e-10), np.float64(1.3004353149881354e-10), np.float64(1.1268852517787309e-10), np.float64(9.764899999709087e-11), np.float64(8.461586986641123e-11), np.float64(7.332179308150444e-11), np.float64(6.353495507482876e-11), np.float64(5.505373934511226e-11), np.float64(4.7703618832883876e-11), np.float64(4.133449138521428e-11), np.float64(3.58153506851977e-11), np.float64(3.1032509895112526e-11), np.float64(2.688782529958189e-11), np.float64(2.3296031770314585e-11), np.float64(2.0183854587685346e-11), np.float64(1.7486456727056066e-11), np.float64(1.5149215215615186e-11), np.float64(1.312372432948905e-11), np.float64(1.1368683772161603e-11), np.float64(9.847234139215288e-12), np.float64(8.529621453590153e-12), np.float64(7.387424005855792e-12), np.float64(6.397549157100002e-12), np.float64(5.539568803669681e-12), np.float64(4.796607555590526e-12), np.float64(4.1522341120980855e-12), np.float64(3.594458064526407e-12), np.float64(3.1104008257898386e-12), np.float64(2.6911806116913795e-12), np.float64(2.3279156380340282e-12), np.float64(2.013500477460184e-12), np.float64(1.7403856134023954e-12), np.float64(1.504130153762162e-12), np.float64(1.2994050280212832e-12), np.float64(1.1217693440812582e-12), np.float64(9.681144774731365e-13), np.float64(8.348877145181177e-13), np.float64(7.189804307472514e-13), np.float64(6.190603585309873e-13), np.float64(5.32018873400375e-13), np.float64(4.574118861455645e-13), np.float64(3.9168668308775523e-13), np.float64(3.352873534367973e-13), np.float64(2.8688162956314045e-13), np.float64(2.4424906541753444e-13), np.float64(2.0738966099997924e-13), np.float64(1.758593271006248e-13), np.float64(1.4832579608992091e-13)]","[array([1., 1.]), array([0.9892417, 0.9676674]), array([0.97958548, 0.93865312]), array([0.97082173, 0.91232824]), array([0.96279609, 0.88822946]), array([0.9553914 , 0.86600523]), array([0.94851659, 0.84538214]), array([0.94209937, 0.82614326]), array([0.9220395 , 0.76604385]), array([0.90562321, 0.71700754]), array([0.89167892, 0.67551377]), array([0.87952872, 0.63952419]), array([0.86874233, 0.60774405]), array([0.85902846, 0.57929611]), array([0.85018025, 0.55355676]), array([0.84204527, 0.53006596]), array([0.83450785, 0.50847411]), array([0.82747805, 0.488509  ]), array([0.82088454, 0.46995437]), array([0.80016859, 0.41222433]), array([0.78287891, 0.36591812]), array([0.76786042, 0.32747656]), array([0.75444987, 0.29482912]), array([0.74223032, 0.26665231]), array([0.73092287, 0.24204233]), array([0.72033231, 0.22035073]), array([0.71031722, 0.20109401]), array([0.70077238, 0.18390043]), array([0.69161777, 0.16847683]), array([0.6827915 , 0.15458719]), array([0.67424496, 0.14203808]), array([0.66593953, 0.13066864]), array([0.65784419, 0.12034338]), array([0.63147619, 0.0890219 ]), array([0.60682171, 0.06667476]), array([0.58338482, 0.05042971]), array([0.56090418, 0.03846146]), array([0.53923051, 0.0295507 ]), array([0.46936722, 0.00723923]), array([0.40649944, 0.00214854]), array([0.34940047, 0.00072983]), array([2.97330773e-01, 2.74661667e-04]), array([2.49697833e-01, 1.12056615e-04]), array([2.06010064e-01, 4.88028006e-05]), array([1.65853316e-01, 2.24321647e-05]), array([1.28874426e-01, 1.07880309e-05]), array([9.47690451e-02, 5.39145297e-06]), array([6.32724465e-02, 2.78487743e-06]), array([3.41524688e-02, 1.48023415e-06]), array([7.20402574e-03, 8.06684726e-07]), array([-1.77552193e-02,  4.49379537e-07]), array([-4.08882996e-02,  2.55242177e-07]), array([-6.23417215e-02,  1.47496042e-07]), array([-8.22477227e-02,  8.65546290e-08]), array([-1.00726127e-01,  5.14974159e-08]), array([-1.17885884e-01,  3.10213058e-08]), array([-1.33826350e-01,  1.88966419e-08]), array([-1.48638375e-01,  1.16276965e-08]), array([-1.62405223e-01,  7.22064948e-09]), array([-1.75203357e-01,  4.52134800e-09]), array([-1.87103120e-01,  2.85262248e-09]), array([-1.98169327e-01,  1.81223942e-09]), array([-2.08461774e-01,  1.15856944e-09]), array([-2.18035698e-01,  7.44955578e-10]), array([-2.26942170e-01,  4.81537559e-10]), array([-2.35228457e-01,  3.12774547e-10]), array([-2.42938336e-01,  2.04061972e-10]), array([-2.50112379e-01,  1.33679892e-10]), array([-2.5678821e-01,  8.7902562e-11]), array([-2.63000737e-01,  5.80014924e-11]), array([-2.68782362e-01,  3.83938169e-11]), array([-2.74163175e-01,  2.54894274e-11]), array([-2.79171123e-01,  1.69682516e-11]), array([-2.83832174e-01,  1.13240545e-11]), array([-2.88170464e-01,  7.57482158e-12]), array([-2.92208426e-01,  5.07775902e-12]), array([-2.95966921e-01,  3.41061260e-12]), array([-2.99465344e-01,  2.29503697e-12]), array([-3.02721738e-01,  1.54696736e-12]), array([-3.05752881e-01,  1.04437739e-12]), array([-3.08574384e-01,  7.06103981e-13]), array([-3.11200768e-01,  4.78034418e-13]), array([-3.13645547e-01,  3.24035604e-13]), array([-3.15921293e-01,  2.19910895e-13]), array([-3.18039704e-01,  1.49395302e-13]), array([-3.20011669e-01,  1.01601533e-13]), array([-3.21847319e-01,  6.91554870e-14]), array([-3.23556083e-01,  4.71171159e-14]), array([-3.25146738e-01,  3.21231099e-14]), array([-3.26627451e-01,  2.19192721e-14]), array([-3.28005825e-01,  1.49648351e-14]), array([-3.29288935e-01,  1.02226284e-14]), array([-3.30483368e-01,  6.98521810e-15]), array([-3.31595253e-01,  4.77298770e-15]), array([-3.32630298e-01,  3.26819141e-15]), array([-3.33593814e-01,  2.23701627e-15]), array([-3.34490744e-01,  1.52958216e-15]), array([-3.35325691e-01,  1.04397061e-15]), array([-3.36102940e-01,  7.08239163e-16]), array([-3.36826477e-01,  4.92411807e-16]), array([-3.37500015e-01,  3.36536494e-16]), array([-3.38127010e-01,  2.28622816e-16]), array([-3.38710677e-01,  1.56680364e-16]), array([-3.39254012e-01,  1.08718729e-16]), array([-3.3975980e-01,  8.4737912e-17]), array([-3.40230638e-01,  6.07570947e-17]), array([-3.40668940e-01,  3.67762774e-17]), array([-3.41076955e-01,  3.07810730e-17]), array([-3.41456776e-01,  1.27954600e-17]), array([-3.41810350e-01,  8.05051384e-19]), array([-3.42139492e-01,  8.05051384e-19]), array([-3.42445890e-01,  8.05051384e-19]), array([-3.42731116e-01,  8.05051384e-19]), array([-3.42996633e-01,  8.05051384e-19]), array([-3.43243802e-01,  8.05051384e-19]), array([-3.43473891e-01,  8.05051384e-19]), array([-3.43688081e-01,  8.05051384e-19]), array([-3.43887471e-01,  8.05051384e-19]), array([-3.44073082e-01,  8.05051384e-19]), array([-3.44245868e-01,  8.05051384e-19]), array([-3.44406714e-01,  8.05051384e-19]), array([-3.44556446e-01,  8.05051384e-19]), array([-3.44695831e-01,  8.05051384e-19]), array([-3.44825585e-01,  8.05051384e-19]), array([-3.44946372e-01,  8.05051384e-19]), array([-3.45058814e-01,  8.05051384e-19]), array([-3.45163485e-01,  8.05051384e-19]), array([-3.45260924e-01,  8.05051384e-19]), array([-3.45351629e-01,  8.05051384e-19]), array([-3.45436067e-01,  8.05051384e-19]), array([-3.45514670e-01,  8.05051384e-19]), array([-3.45587842e-01,  8.05051384e-19]), array([-3.45655957e-01,  8.05051384e-19]), array([-3.45719366e-01,  8.05051384e-19]), array([-3.45778393e-01,  8.05051384e-19]), array([-3.45833341e-01,  8.05051384e-19]), array([-3.45884492e-01,  8.05051384e-19]), array([-3.45932109e-01,  8.05051384e-19]), array([-3.45976436e-01,  8.05051384e-19]), array([-3.46017699e-01,  8.05051384e-19]), array([-3.46056111e-01,  8.05051384e-19]), array([-3.46091869e-01,  8.05051384e-19]), array([-3.46125156e-01,  8.05051384e-19]), array([-3.46156143e-01,  8.05051384e-19]), array([-3.46184989e-01,  8.05051384e-19]), array([-3.46211841e-01,  8.05051384e-19]), array([-3.46236838e-01,  8.05051384e-19]), array([-3.46260108e-01,  8.05051384e-19]), array([-3.46281770e-01,  8.05051384e-19]), array([-3.46301934e-01,  8.05051384e-19]), array([-3.46320706e-01,  8.05051384e-19]), array([-3.46338180e-01,  8.05051384e-19]), array([-3.46354447e-01,  8.05051384e-19]), array([-3.46369590e-01,  8.05051384e-19]), array([-3.46383686e-01,  8.05051384e-19]), array([-3.46396809e-01,  8.05051384e-19]), array([-3.46409024e-01,  8.05051384e-19]), array([-3.46420396e-01,  8.05051384e-19]), array([-3.46430982e-01,  8.05051384e-19]), array([-3.46440836e-01,  8.05051384e-19]), array([-3.46450009e-01,  8.05051384e-19]), array([-3.46458549e-01,  8.05051384e-19]), array([-3.46466498e-01,  8.05051384e-19]), array([-3.46473898e-01,  8.05051384e-19]), array([-3.46480787e-01,  8.05051384e-19]), array([-3.46487200e-01,  8.05051384e-19]), array([-3.46493169e-01,  8.05051384e-19]), array([-3.46498726e-01,  8.05051384e-19]), array([-3.46503900e-01,  8.05051384e-19]), array([-3.46508715e-01,  8.05051384e-19]), array([-3.46513198e-01,  8.05051384e-19]), array([-3.46517371e-01,  8.05051384e-19]), array([-3.46521256e-01,  8.05051384e-19]), array([-3.46524872e-01,  8.05051384e-19]), array([-3.46528239e-01,  8.05051384e-19]), array([-3.46531373e-01,  8.05051384e-19]), array([-3.46534290e-01,  8.05051384e-19]), array([-3.46537005e-01,  8.05051384e-19]), array([-3.46539533e-01,  8.05051384e-19]), array([-3.46541887e-01,  8.05051384e-19]), array([-3.46544078e-01,  8.05051384e-19]), array([-3.46546117e-01,  8.05051384e-19]), array([-3.46548015e-01,  8.05051384e-19]), array([-3.46549783e-01,  8.05051384e-19]), array([-3.46551428e-01,  8.05051384e-19]), array([-3.46552959e-01,  8.05051384e-19]), array([-3.46554385e-01,  8.05051384e-19]), array([-3.46555712e-01,  8.05051384e-19]), array([-3.46556947e-01,  8.05051384e-19]), array([-3.46558097e-01,  8.05051384e-19]), array([-3.46559168e-01,  8.05051384e-19]), array([-3.46560164e-01,  8.05051384e-19]), array([-3.46561092e-01,  8.05051384e-19]), array([-3.46561956e-01,  8.05051384e-19]), array([-3.46562760e-01,  8.05051384e-19]), array([-3.46563508e-01,  8.05051384e-19]), array([-3.46564205e-01,  8.05051384e-19]), array([-3.46564853e-01,  8.05051384e-19]), array([-3.46565457e-01,  8.05051384e-19]), array([-3.46566019e-01,  8.05051384e-19]), array([-3.46566542e-01,  8.05051384e-19]), array([-3.46567029e-01,  8.05051384e-19]), array([-3.46567483e-01,  8.05051384e-19]), array([-3.46567905e-01,  8.05051384e-19]), array([-3.46568298e-01,  8.05051384e-19]), array([-3.46568663e-01,  8.05051384e-19]), array([-3.46569004e-01,  8.05051384e-19]), array([-3.46569321e-01,  8.05051384e-19]), array([-3.46569616e-01,  8.05051384e-19]), array([-3.46569890e-01,  8.05051384e-19]), array([-3.46570146e-01,  8.05051384e-19]), array([-3.46570384e-01,  8.05051384e-19]), array([-3.46570606e-01,  8.05051384e-19]), array([-3.46570812e-01,  8.05051384e-19]), array([-3.46571004e-01,  8.05051384e-19]), array([-3.46571183e-01,  8.05051384e-19]), array([-3.46571349e-01,  8.05051384e-19]), array([-3.46571504e-01,  8.05051384e-19]), array([-3.46571648e-01,  8.05051384e-19]), array([-3.46571782e-01,  8.05051384e-19]), array([-3.46571907e-01,  8.05051384e-19]), array([-3.46572023e-01,  8.05051384e-19]), array([-3.46572132e-01,  8.05051384e-19]), array([-3.46572232e-01,  8.05051384e-19]), array([-3.46572326e-01,  8.05051384e-19]), array([-3.46572414e-01,  8.05051384e-19]), array([-3.46572495e-01,  8.05051384e-19]), array([-3.46572571e-01,  8.05051384e-19]), array([-3.46572641e-01,  8.05051384e-19]), array([-3.46572707e-01,  8.05051384e-19]), array([-3.46572768e-01,  8.05051384e-19]), array([-3.46572825e-01,  8.05051384e-19]), array([-3.46572877e-01,  8.05051384e-19]), array([-3.46572927e-01,  8.05051384e-19]), array([-3.46572973e-01,  8.05051384e-19]), array([-3.46573015e-01,  8.05051384e-19]), array([-3.46573055e-01,  8.05051384e-19]), array([-3.46573092e-01,  8.05051384e-19]), array([-3.46573126e-01,  8.05051384e-19]), array([-3.46573158e-01,  8.05051384e-19]), array([-3.46573188e-01,  8.05051384e-19]), array([-3.46573216e-01,  8.05051384e-19])]"
0.9,0.4,1.5543122344752192e-13,115,0.6753739443751354,2.559266696658402,"[np.float64(47.29850992082298), np.float64(41.33017178435348), np.float64(36.69082220531102), np.float64(32.97599902033344), np.float64(29.93167553757899), np.float64(23.956894688331772), np.float64(19.960992758836433), np.float64(17.08789073467267), np.float64(14.918164798558399), np.float64(13.220136208824993), np.float64(11.854681432398436), np.float64(10.7329140796392), np.float64(8.529152352693849), np.float64(7.058815758140387), np.float64(6.008929915141737), np.float64(5.223841071678567), np.float64(4.6167181309936085), np.float64(4.135056232109402), np.float64(3.745140240947449), np.float64(3.4242857275523813), np.float64(3.1566487252672744), np.float64(2.625298438030761), np.float64(2.2694765483083783), np.float64(2.018286307667938), np.float64(1.833535174982459), np.float64(1.692889616579583), np.float64(1.5825099205608808), np.float64(1.4934469608062333), np.float64(1.4197250569842166), np.float64(1.2722820599577767), np.float64(1.1668018346435503), np.float64(1.0822318328293679), np.float64(0.9092255451282854), np.float64(0.7744027240663547), np.float64(0.662438496316931), np.float64(0.5683966031032197), np.float64(0.381791191753035), np.float64(0.2598576448883563), np.float64(0.17839791929252957), np.float64(0.12318122019220334), np.float64(0.08538735997759517), np.float64(0.059347464430924646), np.float64(0.041324683167766274), np.float64(0.028811753945748197), np.float64(0.020105442563269627), np.float64(0.014038625549946282), np.float64(0.009806670873921508), np.float64(0.0068524897090025405), np.float64(0.00478923093572714), np.float64(0.003347699281119443), np.float64(0.0023402987746172776), np.float64(0.001636164872486745), np.float64(0.001143943082473342), np.float64(0.0007998284774277664), np.float64(0.0005592421051563434), np.float64(0.0003910301446490294), np.float64(0.00027341716360407275), np.float64(0.00019118108210136597), np.float64(0.00013368004374081366), np.float64(9.347382311197805e-05), np.float64(6.536039462190502e-05), np.float64(4.570252422464449e-05), np.float64(3.1957022776474275e-05), np.float64(2.234564311542897e-05), np.float64(1.5624988238371884e-05), np.float64(1.0925636464431676e-05), np.float64(7.63965834060798e-06), np.float64(5.341967332039843e-06), np.float64(3.7353266746364966e-06), np.float64(2.6118967166866014e-06), np.float64(1.8263476215807373e-06), np.float64(1.2770588480037759e-06), np.float64(8.929731345475034e-07), np.float64(6.244043007086475e-07), np.float64(4.36609703058366e-07), np.float64(3.052958374993864e-07), np.float64(2.134756673655147e-07), np.float64(1.4927114833085398e-07), np.float64(1.0437665043383504e-07), np.float64(7.298453130744065e-08), np.float64(5.1033842041192656e-08), np.float64(3.568499806760883e-08), np.float64(2.4952441002312753e-08), np.float64(1.7447786326840742e-08), np.float64(1.2200216392699303e-08), np.float64(8.530894657354793e-09), np.float64(5.965151039788452e-09), np.float64(4.171075040915184e-09), np.float64(2.9165816428644575e-09), np.float64(2.039386881591554e-09), np.float64(1.4260157499279558e-09), np.float64(9.971206083037032e-10), np.float64(6.972191712861786e-10), np.float64(4.875158055028805e-10), np.float64(3.4088198930248836e-10), np.float64(2.383497843538862e-10), np.float64(1.666551341372724e-10), np.float64(1.1652279141571853e-10), np.float64(8.146816554699399e-11), np.float64(5.695621752010993e-11), np.float64(3.9817038555156614e-11), np.float64(2.7832403048932974e-11), np.float64(1.9451995569852443e-11), np.float64(1.3592682535090717e-11), np.float64(9.495071395804189e-12), np.float64(6.630251903061435e-12), np.float64(4.626521388217952e-12), np.float64(3.225864020350855e-12), np.float64(2.2462032234216167e-12), np.float64(1.5614176618328202e-12), np.float64(1.0826894936144527e-12), np.float64(7.474021401776554e-13), np.float64(5.133671265866724e-13), np.float64(3.4994229736184934e-13), np.float64(2.353672812205332e-13), np.float64(1.5543122344752192e-13)]","[array([1., 1.]), array([0.9871046 , 0.96124464]), array([0.97577604, 0.92720734]), array([0.96566566, 0.89684189]), array([0.95653092, 0.86942036]), array([0.93569334, 0.80690622]), array([0.91878099, 0.75627711]), array([0.90449533, 0.71363262]), array([0.89209939, 0.6767581 ]), array([0.88113139, 0.64426508]), array([0.87128157, 0.61522156]), array([0.86233148, 0.58896981]), array([0.84180532, 0.52911358]), array([0.82491575, 0.48074879]), array([0.81045695, 0.44022095]), array([0.7977372 , 0.40542439]), array([0.78632063, 0.37502469]), array([0.77591409, 0.34811822]), array([0.76631084, 0.32406216]), array([0.75735959, 0.30238146]), array([0.74894642, 0.2827141 ]), array([0.72903911, 0.23787185]), array([0.71137868, 0.20211016]), array([0.6952394 , 0.17293383]), array([0.68018821, 0.14876076]), array([0.66594985, 0.12851122]), array([0.65234142, 0.11140838]), array([0.63923728, 0.09687104]), array([0.62654886, 0.08445137]), array([0.5957076 , 0.05781392]), array([0.56668636, 0.04023213]), array([0.53904599, 0.02837775]), array([0.47284677, 0.00806867]), array([0.41292596, 0.00267006]), array([0.35823957, 0.00098762]), array([0.30814259, 0.00039843]), array([ 1.93077296e-01, -1.66766723e-04]), array([1.00333044e-01, 4.40887353e-05]), array([ 2.46717262e-02, -6.71840612e-06]), array([-3.75421180e-02,  4.59604199e-07]), array([-8.89688480e-02, -1.82246182e-09]), array([-1.31630936e-01, -8.44897533e-11]), array([-1.67108769e-01, -7.28206593e-12]), array([-1.96661908e-01, -8.59583827e-13]), array([-2.21308477e-01, -1.23518396e-13]), array([-2.41879734e-01, -2.03191695e-14]), array([-2.59059206e-01, -3.69246951e-15]), array([-2.73411759e-01, -7.08190017e-16]), array([-2.85405853e-01, -1.39755828e-16]), array([-2.95430953e-01,  2.35271911e-18]), array([-3.03811415e-01,  2.35271911e-18]), array([-3.10817698e-01,  2.35271911e-18]), array([-3.16675513e-01,  2.35271911e-18]), array([-3.21573341e-01,  2.35271911e-18]), array([-3.25668635e-01,  2.35271911e-18]), array([-3.29092971e-01,  2.35271911e-18]), array([-3.31956321e-01,  2.35271911e-18]), array([-3.34350614e-01,  2.35271911e-18]), array([-3.36352702e-01,  2.35271911e-18]), array([-3.38026842e-01,  2.35271911e-18]), array([-3.39426757e-01,  2.35271911e-18]), array([-3.40597369e-01,  2.35271911e-18]), array([-3.41576238e-01,  2.35271911e-18]), array([-3.42394773e-01,  2.35271911e-18]), array([-3.43079237e-01,  2.35271911e-18]), array([-3.43651589e-01,  2.35271911e-18]), array([-3.44130193e-01,  2.35271911e-18]), array([-3.44530405e-01,  2.35271911e-18]), array([-3.44865065e-01,  2.35271911e-18]), array([-3.45144910e-01,  2.35271911e-18]), array([-3.45378918e-01,  2.35271911e-18]), array([-3.45574597e-01,  2.35271911e-18]), array([-3.45738225e-01,  2.35271911e-18]), array([-3.45875052e-01,  2.35271911e-18]), array([-3.45989468e-01,  2.35271911e-18]), array([-3.46085143e-01,  2.35271911e-18]), array([-3.46165147e-01,  2.35271911e-18]), array([-3.46232047e-01,  2.35271911e-18]), array([-3.46287990e-01,  2.35271911e-18]), array([-3.46334769e-01,  2.35271911e-18]), array([-3.46373886e-01,  2.35271911e-18]), array([-3.46406597e-01,  2.35271911e-18]), array([-3.46433949e-01,  2.35271911e-18]), array([-3.46456821e-01,  2.35271911e-18]), array([-3.46475947e-01,  2.35271911e-18]), array([-3.46491940e-01,  2.35271911e-18]), array([-3.46505314e-01,  2.35271911e-18]), array([-3.46516497e-01,  2.35271911e-18]), array([-3.46525849e-01,  2.35271911e-18]), array([-3.46533668e-01,  2.35271911e-18]), array([-3.46540207e-01,  2.35271911e-18]), array([-3.46545675e-01,  2.35271911e-18]), array([-3.46550248e-01,  2.35271911e-18]), array([-3.46554071e-01,  2.35271911e-18]), array([-3.46557268e-01,  2.35271911e-18]), array([-3.46559942e-01,  2.35271911e-18]), array([-3.46562177e-01,  2.35271911e-18]), array([-3.46564046e-01,  2.35271911e-18]), array([-3.46565610e-01,  2.35271911e-18]), array([-3.46566917e-01,  2.35271911e-18]), array([-3.46568010e-01,  2.35271911e-18]), array([-3.46568924e-01,  2.35271911e-18]), array([-3.46569688e-01,  2.35271911e-18]), array([-3.46570327e-01,  2.35271911e-18]), array([-3.46570862e-01,  2.35271911e-18]), array([-3.46571309e-01,  2.35271911e-18]), array([-3.46571682e-01,  2.35271911e-18]), array([-3.46571995e-01,  2.35271911e-18]), array([-3.46572256e-01,  2.35271911e-18]), array([-3.46572475e-01,  2.35271911e-18]), array([-3.46572657e-01,  2.35271911e-18]), array([-3.46572810e-01,  2.35271911e-18]), array([-3.46572938e-01,  2.35271911e-18]), array([-3.46573045e-01,  2.35271911e-18]), array([-3.46573134e-01,  2.35271911e-18]), array([-3.46573209e-01,  2.35271911e-18])]"
0.9,0.5,1.1191048088221578e-13,113,0.6731911937711358,2.5592666966583586,"[np.float64(47.29850992082298), np.float64(41.71575058984971), np.float64(33.33789084695247), np.float64(27.773858907114636), np.float64(23.789057282896692), np.float64(20.786583724684434), np.float64(18.439618987676774), np.float64(14.847396187573038), np.float64(12.404826872126796), np.float64(10.631859268188094), np.float64(9.285639240229527), np.float64(8.229087202590089), np.float64(6.609911874727079), np.float64(5.5124838459092), np.float64(4.722435477114396), np.float64(4.129356157628614), np.float64(3.6701698156364833), np.float64(3.3060720108763872), np.float64(2.746193105026956), np.float64(2.3691730327320473), np.float64(2.101897717572048), np.float64(1.9047819708072584), np.float64(1.7545616759881204), np.float64(1.6367424783387081), np.float64(1.456404152430526), np.float64(1.332585123072465), np.float64(1.2391714351059897), np.float64(1.09402777929804), np.float64(0.884174284487742), np.float64(0.7269747623142129), np.float64(0.6009018590941819), np.float64(0.4068560257077296), np.float64(0.27918078193913276), np.float64(0.19326304867998267), np.float64(0.13458002698177918), np.float64(0.09409491915676549), np.float64(0.06597226722957972), np.float64(0.04634435224710742), np.float64(0.03260007162762957), np.float64(0.022953601480368846), np.float64(0.016172279876218276), np.float64(0.011399720494380539), np.float64(0.008038216517399555), np.float64(0.005669249805518195), np.float64(0.003999099774799397), np.float64(0.0028212967337992723), np.float64(0.001990537980626428), np.float64(0.0014044846022782664), np.float64(0.000991016758877361), np.float64(0.0006992900740669938), np.float64(0.0004934491910146832), np.float64(0.0003482039283122518), np.float64(0.00024571361942005154), np.float64(0.00017339151969775202), np.float64(0.00012235694829554333), np.float64(8.634375754867918e-05), np.float64(6.093044191057828e-05), np.float64(4.299703122345733e-05), np.float64(3.0341926233301564e-05), np.float64(2.141155476120815e-05), np.float64(1.5109619449837908e-05), np.float64(1.0662499820845994e-05), np.float64(7.5242753485582625e-06), np.float64(5.309705290557076e-06), np.float64(3.746935517412453e-06), np.float64(2.6441255212006354e-06), np.float64(1.8658982137154112e-06), np.float64(1.316721274235988e-06), np.float64(9.291798237498483e-07), np.float64(6.557007781182733e-07), np.float64(4.6271292752919635e-07), np.float64(3.265258508022839e-07), np.float64(2.3042176788834468e-07), np.float64(1.6260332991180348e-07), np.float64(1.1474541938838456e-07), np.float64(8.097319348365772e-08), np.float64(5.714091066977289e-08), np.float64(4.03230169254698e-08), np.float64(2.8455016565231972e-08), np.float64(2.0080041629455536e-08), np.float64(1.4170014495107353e-08), np.float64(9.999443939534558e-09), np.float64(7.056368378499656e-09), np.float64(4.979507473024114e-09), np.float64(3.5139149368035305e-09), np.float64(2.4796795727866083e-09), np.float64(1.749843825393782e-09), np.float64(1.2348153610730606e-09), np.float64(8.713714194641398e-10), np.float64(6.148974662778528e-10), np.float64(4.339097969818795e-10), np.float64(3.06191072496631e-10), np.float64(2.1606272326835096e-10), np.float64(1.5246159890125455e-10), np.float64(1.0757927881854812e-10), np.float64(7.59072804612515e-11), np.float64(5.35567146187077e-11), np.float64(3.778488633088273e-11), np.float64(2.6654678464410608e-11), np.float64(1.880007260979255e-11), np.float64(1.325783927086377e-11), np.float64(9.346301510504418e-12), np.float64(6.586731160496129e-12), np.float64(4.638955886093754e-12), np.float64(3.2640556923979602e-12), np.float64(2.2941648580854235e-12), np.float64(1.609823385706477e-12), np.float64(1.127098414599459e-12), np.float64(7.860379014346108e-13), np.float64(5.453415496958769e-13), np.float64(3.7569947153315297e-13), np.float64(2.5579538487363607e-13), np.float64(1.7141843500212417e-13), np.float64(1.1191048088221578e-13)]","[array([1., 1.]), array([0.98799023, 0.96390626]), array([0.96670056, 0.89993878]), array([0.94950873, 0.84832767]), array([0.93503954, 0.80494487]), array([0.92252103, 0.76747259]), array([0.91147295, 0.73446843]), array([0.89167654, 0.67547034]), array([0.87540237, 0.6272656 ]), array([0.8615254 , 0.58646808]), array([0.84939014, 0.55110237]), array([0.83857866, 0.51990715]), array([0.81903572, 0.46414164]), array([0.80268539, 0.41872961]), array([0.78850415, 0.38054753]), array([0.7758886 , 0.34773989]), array([0.76445181, 0.3191053 ]), array([0.75393057, 0.29381678]), array([0.73434517, 0.24873959]), array([0.71701259, 0.21261084]), array([0.70121204, 0.18298701]), array([0.68651049, 0.15831788]), array([0.67263086, 0.13754542]), array([0.65938775, 0.11990844]), array([0.63391819, 0.08976605]), array([0.61004615, 0.06797445]), array([0.58732264, 0.05194479]), array([0.54368832, 0.0280649 ]), array([0.46235732, 0.00343343]), array([0.39036629, 0.00065865]), array([3.25946375e-01, 1.63334825e-04]), array([ 2.10079761e-01, -6.69994642e-05]), array([1.16370648e-01, 1.71460343e-05]), array([ 3.96472700e-02, -2.46163137e-06]), array([-2.36777219e-02,  1.45510609e-07]), array([-7.62284468e-02,  8.55216280e-10]), array([-1.19999952e-01,  4.85508786e-11]), array([-1.56552226e-01,  4.71752498e-12]), array([-1.87130182e-01,  6.11254103e-13]), array([-2.12742017e-01,  9.52224410e-14]), array([-2.34212895e-01,  1.68684511e-14]), array([-2.52223298e-01,  3.26821903e-15]), array([-2.67337421e-01,  6.86950496e-16]), array([-2.80024843e-01,  1.59594560e-16]), array([-2.90677451e-01,  2.08166817e-17]), array([-2.99622928e-01,  2.08166817e-17]), array([-3.07135642e-01,  2.08166817e-17]), array([-3.13445541e-01,  6.93889390e-18]), array([-3.1874548e-01,  6.9388939e-18]), array([-3.23197277e-01,  6.93889390e-18]), array([-3.26936756e-01,  6.93889390e-18]), array([-3.30077952e-01,  6.93889390e-18]), array([-3.32716617e-01,  6.93889390e-18]), array([-3.34933169e-01,  6.93889390e-18]), array([-3.36795145e-01,  6.93889390e-18]), array([-3.38359273e-01,  6.93889390e-18]), array([-3.39673202e-01,  6.93889390e-18]), array([-3.40776957e-01,  6.93889390e-18]), array([-3.41704158e-01,  6.93889390e-18]), array([-3.42483047e-01,  6.93889390e-18]), array([-3.43137348e-01,  6.93889390e-18]), array([-3.4368699e-01,  6.9388939e-18]), array([-3.44148715e-01,  6.93889390e-18]), array([-3.44536584e-01,  6.93889390e-18]), array([-3.44862412e-01,  6.93889390e-18]), array([-3.45136122e-01,  6.93889390e-18]), array([-3.45366051e-01,  6.93889390e-18]), array([-3.45559202e-01,  6.93889390e-18]), array([-3.45721458e-01,  6.93889390e-18]), array([-3.4585776e-01,  6.9388939e-18]), array([-3.4597226e-01,  6.9388939e-18]), array([-3.46068445e-01,  6.93889390e-18]), array([-3.46149245e-01,  6.93889390e-18]), array([-3.46217121e-01,  6.93889390e-18]), array([-3.4627414e-01,  6.9388939e-18]), array([-3.46322038e-01,  6.93889390e-18]), array([-3.46362275e-01,  6.93889390e-18]), array([-3.46396076e-01,  6.93889390e-18]), array([-3.4642447e-01,  6.9388939e-18]), array([-3.46448322e-01,  6.93889390e-18]), array([-3.46468359e-01,  6.93889390e-18]), array([-3.46485192e-01,  6.93889390e-18]), array([-3.46499331e-01,  6.93889390e-18]), array([-3.46511209e-01,  6.93889390e-18]), array([-3.46521187e-01,  6.93889390e-18]), array([-3.46529569e-01,  6.93889390e-18]), array([-3.46536611e-01,  6.93889390e-18]), array([-3.46542526e-01,  6.93889390e-18]), array([-3.46547495e-01,  6.93889390e-18]), array([-3.46551669e-01,  6.93889390e-18]), array([-3.46555175e-01,  6.93889390e-18]), array([-3.46558121e-01,  6.93889390e-18]), array([-3.46560595e-01,  6.93889390e-18]), array([-3.46562674e-01,  6.93889390e-18]), array([-3.4656442e-01,  6.9388939e-18]), array([-3.46565887e-01,  6.93889390e-18]), array([-3.46567119e-01,  6.93889390e-18]), array([-3.46568154e-01,  6.93889390e-18]), array([-3.46569024e-01,  6.93889390e-18]), array([-3.46569754e-01,  6.93889390e-18]), array([-3.46570368e-01,  6.93889390e-18]), array([-3.46570883e-01,  6.93889390e-18]), array([-3.46571316e-01,  6.93889390e-18]), array([-3.4657168e-01,  6.9388939e-18]), array([-3.46571986e-01,  6.93889390e-18]), array([-3.46572242e-01,  6.93889390e-18]), array([-3.46572458e-01,  6.93889390e-18]), array([-3.46572639e-01,  6.93889390e-18]), array([-3.46572791e-01,  6.93889390e-18]), array([-3.46572919e-01,  6.93889390e-18]), array([-3.46573026e-01,  6.93889390e-18]), array([-3.46573117e-01,  6.93889390e-18]), array([-3.46573192e-01,  6.93889390e-18]), array([-3.46573256e-01,  6.93889390e-18])]"
0.9,0.6,9.725553695716371e-14,99,0.6051714956685356,2.559266696658344,"[np.float64(47.29850992082298), np.float64(40.90654069082091), np.float64(33.09277106383452), np.float64(27.790293542861917), np.float64(23.938833379840183), np.float64(19.244181356360855), np.float64(16.071206257229086), np.float64(13.77521248707639), np.float64(10.988882205164924), np.float64(9.118878414512047), np.float64(7.7755809442317165), np.float64(6.764839849824414), np.float64(5.502206076066214), np.float64(4.631921820207135), np.float64(3.999224199661068), np.float64(3.521521010965939), np.float64(2.9265918013834096), np.float64(2.5214686964374637), np.float64(2.2317706099309778), np.float64(2.0167567222403697), np.float64(1.7537031410389785), np.float64(1.5776489325123544), np.float64(1.4513400199414743), np.float64(1.2971964229268567), np.float64(1.1884336342798227), np.float64(1.0488741747586214), np.float64(0.8713370630640433), np.float64(0.6466343951686473), np.float64(0.4854752012362118), np.float64(0.3674373667427049), np.float64(0.2797450300590292), np.float64(0.21391680569260618), np.float64(0.16411794461726448), np.float64(0.12622572059047155), np.float64(0.09726617168992302), np.float64(0.07505922868694981), np.float64(0.057986667413000514), np.float64(0.044835557542262094), np.float64(0.0346898394941304), np.float64(0.026853573971419742), np.float64(0.02079562060597162), np.float64(0.01610916707049359), np.float64(0.012481763316616323), np.float64(0.00799934259875723), np.float64(0.005128662141085982), np.float64(0.0032889984958797136), np.float64(0.0021095684328238384), np.float64(0.0013532208125930367), np.float64(0.000868105775159389), np.float64(0.000556923027304812), np.float64(0.0003572971943741621), np.float64(0.0002292301144932729), np.float64(0.00014706815173015642), np.float64(9.435583013273074e-05), np.float64(6.053699527441836e-05), np.float64(3.883955771843972e-05), np.float64(2.4918880082491768e-05), np.float64(1.5987600840539073e-05), np.float64(1.0257426525939195e-05), np.float64(6.581028198837657e-06), np.float64(4.222301376088922e-06), np.float64(2.7089737422159033e-06), np.float64(1.738042608501189e-06), np.float64(1.1151058085800969e-06), np.float64(7.154375962770132e-07), np.float64(4.590156055250816e-07), np.float64(2.9449854022089994e-07), np.float64(1.889464948945374e-07), np.float64(1.2122564996275287e-07), np.float64(7.777682053955459e-08), np.float64(4.990060542553465e-08), np.float64(3.201558129717341e-08), np.float64(2.0540777967426038e-08), np.float64(1.3178690139170612e-08), np.float64(8.455268485363376e-09), np.float64(5.424781512886057e-09), np.float64(3.480459476179476e-09), np.float64(2.233007556640132e-09), np.float64(1.4326575481504733e-09), np.float64(9.191643002282035e-10), np.float64(5.897127230980459e-10), np.float64(3.7834091415334115e-10), np.float64(2.427276157845881e-10), np.float64(1.5571988143392446e-10), np.float64(9.989653548814204e-11), np.float64(6.408118480294434e-11), np.float64(4.1102232728462695e-11), np.float64(2.6359359139860317e-11), np.float64(1.6901147148473683e-11), np.float64(1.0832224006662727e-11), np.float64(6.938449814697378e-12), np.float64(4.440892098500626e-12), np.float64(2.8377300509419e-12), np.float64(1.8096635301390052e-12), np.float64(1.1497469643018121e-12), np.float64(7.265299473147024e-13), np.float64(4.547473508864641e-13), np.float64(2.8066438062523957e-13), np.float64(1.687538997430238e-13), np.float64(9.725553695716371e-14)]","[array([1., 1.]), array([0.98612239, 0.95829272]), array([0.96600281, 0.89784401]), array([0.94956361, 0.84849429]), array([0.93562291, 0.80669587]), array([0.91541429, 0.74619956]), array([0.89889595, 0.69692581]), array([0.88487355, 0.65528463]), array([0.86451518, 0.59515174]), array([0.84781602, 0.54638389]), array([0.83357599, 0.5053589 ]), array([0.82110491, 0.46998853]), array([0.80254142, 0.41825687]), array([0.78675888, 0.37577955]), array([0.77289885, 0.33991571]), array([0.7604411 , 0.30904723]), array([0.74144926, 0.26414013]), array([0.72467466, 0.22784198]), array([0.70942274, 0.19783869]), array([0.69527073, 0.1726549 ]), array([0.67306087, 0.13703151]), array([0.6525642 , 0.10982662]), array([0.63324766, 0.08867724]), array([0.60251156, 0.0609349 ]), array([0.57363106, 0.042563  ]), array([0.52781126, 0.02184301]), array([0.45669007, 0.00494831]), array([ 0.35010919, -0.00098861]), array([2.60026535e-01, 7.75606981e-05]), array([1.83070903e-01, 1.12075383e-06]), array([1.16830051e-01, 9.80085735e-08]), array([5.94955113e-02, 1.43032125e-08]), array([9.66522776e-03, 2.76807639e-09]), array([-3.37769422e-02,  6.44214936e-10]), array([-7.17385157e-02,  1.70941409e-10]), array([-1.04969933e-01,  5.00369894e-11]), array([-1.34100134e-01,  1.58032968e-11]), array([-1.59661881e-01,  5.30161424e-12]), array([-1.82110280e-01,  1.86747295e-12]), array([-2.01836693e-01,  6.84642344e-13]), array([-2.19179427e-01,  2.59479719e-13]), array([-2.34432125e-01,  1.01121144e-13]), array([-2.47850476e-01,  4.03303480e-14]), array([-2.67529152e-01,  4.79985019e-16]), array([-2.83276059e-01, -3.46825867e-18]), array([-2.95881224e-01, -3.46825867e-18]), array([-3.05973761e-01, -3.46825867e-18]), array([-3.14055695e-01, -3.46825867e-18]), array([-3.20528176e-01, -3.46825867e-18]), array([-3.25712023e-01, -3.46825867e-18]), array([-3.29863955e-01, -3.46825867e-18]), array([-3.33189470e-01, -3.46825867e-18]), array([-3.35853105e-01, -3.46825867e-18]), array([-3.37986614e-01, -3.46825867e-18]), array([-3.39695517e-01, -3.46825867e-18]), array([-3.41064323e-01, -3.46825867e-18]), array([-3.42160720e-01, -3.46825867e-18]), array([-3.43038922e-01, -3.46825867e-18]), array([-3.43742353e-01, -3.46825867e-18]), array([-3.44305794e-01, -3.46825867e-18]), array([-3.44757105e-01, -3.46825867e-18]), array([-3.45118602e-01, -3.46825867e-18]), array([-3.45408157e-01, -3.46825867e-18]), array([-3.45640088e-01, -3.46825867e-18]), array([-3.45825863e-01, -3.46825867e-18]), array([-3.45974667e-01, -3.46825867e-18]), array([-3.46093858e-01, -3.46825867e-18]), array([-3.46189329e-01, -3.46825867e-18]), array([-3.46265800e-01, -3.46825867e-18]), array([-3.46327053e-01, -3.46825867e-18]), array([-3.46376116e-01, -3.46825867e-18]), array([-3.46415415e-01, -3.46825867e-18]), array([-3.46446893e-01, -3.46825867e-18]), array([-3.46472107e-01, -3.46825867e-18]), array([-3.46492303e-01, -3.46825867e-18]), array([-3.46508480e-01, -3.46825867e-18]), array([-3.46521438e-01, -3.46825867e-18]), array([-3.46531816e-01, -3.46825867e-18]), array([-3.46540130e-01, -3.46825867e-18]), array([-3.46546789e-01, -3.46825867e-18]), array([-3.46552122e-01, -3.46825867e-18]), array([-3.46556395e-01, -3.46825867e-18]), array([-3.46559817e-01, -3.46825867e-18]), array([-3.46562558e-01, -3.46825867e-18]), array([-3.46564753e-01, -3.46825867e-18]), array([-3.46566512e-01, -3.46825867e-18]), array([-3.46567921e-01, -3.46825867e-18]), array([-3.46569049e-01, -3.46825867e-18]), array([-3.46569953e-01, -3.46825867e-18]), array([-3.46570677e-01, -3.46825867e-18]), array([-3.46571256e-01, -3.46825867e-18]), array([-3.46571721e-01, -3.46825867e-18]), array([-3.46572093e-01, -3.46825867e-18]), array([-3.46572391e-01, -3.46825867e-18]), array([-3.46572630e-01, -3.46825867e-18]), array([-3.46572821e-01, -3.46825867e-18]), array([-3.46572974e-01, -3.46825867e-18]), array([-3.46573097e-01, -3.46825867e-18]), array([-3.46573195e-01, -3.46825867e-18]), array([-3.46573274e-01, -3.46825867e-18])]"
0.9,0.7,1.2789769243681803e-13,115,0.6982710791167679,2.5592666966583746,"[np.float64(47.29850992082298), np.float64(38.66896891008582), np.float64(32.713307755788975), np.float64(26.637593625206186), np.float64(22.45601310046969), np.float64(18.20109476316083), np.float64(15.282046684453286), np.float64(12.321827802296214), np.float64(10.300411433561399), np.float64(8.261341131257378), np.float64(6.879586619521772), np.float64(5.498317015654671), np.float64(4.5746048733732225), np.float64(3.9173495812649914), np.float64(3.239789840592194), np.float64(2.776351231685556), np.float64(2.4435584476240066), np.float64(2.099674543286919), np.float64(1.8646373176995459), np.float64(1.6307741332114167), np.float64(1.47509342378856), np.float64(1.319077973332865), np.float64(1.16687357642203), np.float64(1.0122472859719105), np.float64(0.7765573030870576), np.float64(0.5373700553408822), np.float64(0.3775130785917189), np.float64(0.2678963247431909), np.float64(0.1914250456961346), np.float64(0.13744242375917803), np.float64(0.09901885819711831), np.float64(0.07150966945025639), np.float64(0.05173245679795313), np.float64(0.0374715495695539), np.float64(0.027166251502099836), np.float64(0.019707849752235607), np.float64(0.014303834228135859), np.float64(0.010385162162056538), np.float64(0.007541906031991896), np.float64(0.005478057688163673), np.float64(0.003979499452019475), np.float64(0.002891153979359906), np.float64(0.00210060172416604), np.float64(0.0015262926138115418), np.float64(0.0011090409226590658), np.float64(0.0008058769524739162), np.float64(0.0005855961038006008), np.float64(0.00042553338426642995), np.float64(0.000309224194845914), np.float64(0.000224706933823704), np.float64(0.0001632908268565103), np.float64(0.00011866121199055613), np.float64(8.622972286476127e-05), np.float64(6.266226464468616e-05), np.float64(4.553609937296699e-05), np.float64(3.3090706037519624e-05), np.float64(2.4046760656926125e-05), np.float64(1.7474605292999712e-05), np.float64(1.2698673249378345e-05), np.float64(9.228039659525678e-06), np.float64(6.705955247543471e-06), np.float64(4.873173995001423e-06), np.float64(3.5413042036580578e-06), np.float64(2.573443204312298e-06), np.float64(1.8701048936087261e-06), np.float64(1.3589934511060164e-06), np.float64(9.87572013499971e-07), np.float64(7.176623997295906e-07), np.float64(5.215207798947574e-07), np.float64(3.789858933345158e-07), np.float64(2.7540668146031066e-07), np.float64(2.0013631374382612e-07), np.float64(1.4543780668674344e-07), np.float64(1.0568874220240332e-07), np.float64(7.680334412896173e-08), np.float64(5.581250483999156e-08), np.float64(4.0558592040440544e-08), np.float64(2.9473668838875255e-08), np.float64(2.1418323559174723e-08), np.float64(1.5564554090019556e-08), np.float64(1.1310656411467335e-08), np.float64(8.21937540251838e-09), np.float64(5.972960792632875e-09), np.float64(4.3405048444356e-09), np.float64(3.1542093381631275e-09), np.float64(2.2921358144856185e-09), np.float64(1.6656724888264307e-09), np.float64(1.2104255375788853e-09), np.float64(8.795999484334516e-10), np.float64(6.391913665027005e-10), np.float64(4.644880036153154e-10), np.float64(3.375317803033795e-10), np.float64(2.452740233138684e-10), np.float64(1.7823076348122413e-10), np.float64(1.2951062444699346e-10), np.float64(9.410605628090707e-11), np.float64(6.837774790824369e-11), np.float64(4.9681148084346205e-11), np.float64(3.609468279819339e-11), np.float64(2.6220803306387097e-11), np.float64(1.9046098032049485e-11), np.float64(1.383249070840975e-11), np.float64(1.0043077480759166e-11), np.float64(7.289724379688778e-12), np.float64(5.289102489314246e-12), np.float64(3.835154416265141e-12), np.float64(2.7782220968219917e-12), np.float64(2.0108359422010835e-12), np.float64(1.4521717162097048e-12), np.float64(1.0471623568264476e-12), np.float64(7.522871214860061e-13), np.float64(5.382361223382759e-13), np.float64(3.82804898890754e-13), np.float64(2.69562150378988e-13), np.float64(1.8740564655672642e-13), np.float64(1.2789769243681803e-13)]","[array([1., 1.]), array([0.98076679, 0.94219721]), array([0.96491264, 0.89457189]), array([0.94559642, 0.83658917]), array([0.92968127, 0.78888932]), array([0.91029092, 0.73089286]), array([0.89430682, 0.68327055]), array([0.87481317, 0.62547312]), array([0.85871044, 0.57814779]), array([0.83901819, 0.52088075]), array([0.82267123, 0.47421733]), array([0.80256278, 0.41804957]), array([0.78570515, 0.37268673]), array([0.77102843, 0.33483665]), array([0.75228647, 0.28872351]), array([0.73584887, 0.25125936]), array([0.72099839, 0.22010754]), array([0.70142495, 0.18250749]), array([0.68356669, 0.15260514]), array([0.65975865, 0.11803346]), array([0.637686 , 0.0922828]), array([0.60786432, 0.06437565]), array([0.56782211, 0.03755745]), array([0.51442457, 0.01617103]), array([ 0.41395983, -0.00161361]), array([0.29061735, 0.00067836]), array([ 1.90116191e-01, -1.73368345e-04]), array([1.07078469e-01, 2.34944344e-05]), array([ 3.78287212e-02, -1.05807918e-06]), array([-2.02917680e-02, -2.63294814e-08]), array([-6.92889837e-02, -2.10485550e-09]), array([-1.10724875e-01, -2.60868567e-10]), array([-1.45844687e-01, -4.16072688e-11]), array([-1.75658828e-01, -7.84303801e-12]), array([-2.00997965e-01, -1.66539708e-12]), array([-2.22551643e-01, -3.86454956e-13]), array([-2.40896367e-01, -9.59876070e-14]), array([-2.56516665e-01, -2.51500296e-14]), array([-2.69821327e-01, -6.87101611e-15]), array([-2.81156219e-01, -1.95565114e-15]), array([-2.90814563e-01, -5.47603888e-16]), array([-2.99045325e-01, -1.37990140e-16]), array([-3.06060126e-01, -6.11875627e-17]), array([-3.12038981e-01, -2.27862739e-17]), array([-3.17135114e-01,  2.81458536e-18]), array([-3.21478995e-01,  2.81458536e-18]), array([-3.25181756e-01,  2.81458536e-18]), array([-3.28338076e-01,  2.81458536e-18]), array([-3.31028631e-01,  2.81458536e-18]), array([-3.33322174e-01,  2.81458536e-18]), array([-3.35277301e-01,  2.81458536e-18]), array([-3.36943953e-01,  2.81458536e-18]), array([-3.38364699e-01,  2.81458536e-18]), array([-3.39575825e-01,  2.81458536e-18]), array([-3.40608260e-01,  2.81458536e-18]), array([-3.41488370e-01,  2.81458536e-18]), array([-3.42238629e-01,  2.81458536e-18]), array([-3.42878197e-01,  2.81458536e-18]), array([-3.43423404e-01,  2.81458536e-18]), array([-3.43888173e-01,  2.81458536e-18]), array([-3.44284371e-01,  2.81458536e-18]), array([-3.44622115e-01,  2.81458536e-18]), array([-3.44910029e-01,  2.81458536e-18]), array([-3.45155465e-01,  2.81458536e-18]), array([-3.45364691e-01,  2.81458536e-18]), array([-3.45543048e-01,  2.81458536e-18]), array([-3.45695091e-01,  2.81458536e-18]), array([-3.45824702e-01,  2.81458536e-18]), array([-3.45935190e-01,  2.81458536e-18]), array([-3.46029377e-01,  2.81458536e-18]), array([-3.46109669e-01,  2.81458536e-18]), array([-3.46178114e-01,  2.81458536e-18]), array([-3.46236461e-01,  2.81458536e-18]), array([-3.46286200e-01,  2.81458536e-18]), array([-3.46328601e-01,  2.81458536e-18]), array([-3.46364746e-01,  2.81458536e-18]), array([-3.46395558e-01,  2.81458536e-18]), array([-3.46421824e-01,  2.81458536e-18]), array([-3.46444215e-01,  2.81458536e-18]), array([-3.46463303e-01,  2.81458536e-18]), array([-3.46479574e-01,  2.81458536e-18]), array([-3.46493445e-01,  2.81458536e-18]), array([-3.46505269e-01,  2.81458536e-18]), array([-3.46515349e-01,  2.81458536e-18]), array([-3.46523942e-01,  2.81458536e-18]), array([-3.46531267e-01,  2.81458536e-18]), array([-3.46537511e-01,  2.81458536e-18]), array([-3.46542834e-01,  2.81458536e-18]), array([-3.46547372e-01,  2.81458536e-18]), array([-3.46551240e-01,  2.81458536e-18]), array([-3.46554537e-01,  2.81458536e-18]), array([-3.46557348e-01,  2.81458536e-18]), array([-3.46559745e-01,  2.81458536e-18]), array([-3.46561787e-01,  2.81458536e-18]), array([-3.46563529e-01,  2.81458536e-18]), array([-3.46565013e-01,  2.81458536e-18]), array([-3.46566279e-01,  2.81458536e-18]), array([-3.46567357e-01,  2.81458536e-18]), array([-3.46568277e-01,  2.81458536e-18]), array([-3.46569061e-01,  2.81458536e-18]), array([-3.46569729e-01,  2.81458536e-18]), array([-3.46570299e-01,  2.81458536e-18]), array([-3.46570784e-01,  2.81458536e-18]), array([-3.46571198e-01,  2.81458536e-18]), array([-3.46571551e-01,  2.81458536e-18]), array([-3.46571852e-01,  2.81458536e-18]), array([-3.46572109e-01,  2.81458536e-18]), array([-3.46572327e-01,  2.81458536e-18]), array([-3.46572514e-01,  2.81458536e-18]), array([-3.46572672e-01,  2.81458536e-18]), array([-3.46572808e-01,  2.81458536e-18]), array([-3.46572923e-01,  2.81458536e-18]), array([-3.46573022e-01,  2.81458536e-18]), array([-3.46573106e-01,  2.81458536e-18]), array([-3.46573177e-01,  2.81458536e-18]), array([-3.46573238e-01,  2.81458536e-18])]"
0.9,0.8,1.2256862191861728e-13,98,0.6489180922354454,2.5592666966583693,"[np.float64(47.29850992082298), np.float64(38.376666517361436), np.float64(30.932150381551104), np.float64(24.77934879644267), np.float64(19.73565845037877), np.float64(16.382207879971396), np.float64(13.434521865604408), np.float64(10.894445887951584), np.float64(8.74555355622488), np.float64(6.959195058093183), np.float64(5.766628815996395), np.float64(4.723489138875896), np.float64(3.837291518795687), np.float64(3.2403184180107862), np.float64(2.7193675989967234), np.float64(2.281877656755821), np.float64(1.9924882459425177), np.float64(1.7441059839126254), np.float64(1.5375106641328102), np.float64(1.3676778950226751), np.float64(1.2246039685268255), np.float64(1.0665183488028944), np.float64(0.8431382102224738), np.float64(0.5919776596948876), np.float64(0.4219277948675657), np.float64(0.30379892905672623), np.float64(0.2015939221524654), np.float64(0.13482419136636015), np.float64(0.09063123891133706), np.float64(0.06113033125541456), np.float64(0.0413252844132046), np.float64(0.027979049825936908), np.float64(0.018962406561787937), np.float64(0.012860370338061422), np.float64(0.008726019832201004), np.float64(0.00592265245745871), np.float64(0.004020771761577002), np.float64(0.002730019613314205), np.float64(0.0018538090032942378), np.float64(0.0012589060224099669), np.float64(0.0008549513363478312), np.float64(0.0005806345807846114), np.float64(0.00039434243257119306), np.float64(0.0002678245060394602), np.float64(0.00018189942089907873), np.float64(0.00012354215547150105), np.float64(8.390753650600047e-05), np.float64(5.6988612488595436e-05), np.float64(3.870580373011023e-05), np.float64(2.6288433279120227e-05), np.float64(1.7854748225687445e-05), np.float64(1.2126711255611156e-05), np.float64(8.23630713764345e-06), np.float64(5.593996094788167e-06), np.float64(3.799372471746665e-06), np.float64(2.580486810899174e-06), np.float64(1.752634899432337e-06), np.float64(1.1903681365055263e-06), np.float64(8.0848347572271e-07), np.float64(5.491120997902499e-07), np.float64(3.7295023336270106e-07), np.float64(2.533032450457995e-07), np.float64(1.7204046987018273e-07), np.float64(1.1684778300491416e-07), np.float64(7.936158219479239e-08), np.float64(5.39014113343228e-08), np.float64(3.660917258230256e-08), np.float64(2.4864494907461676e-08), np.float64(1.688765216556476e-08), np.float64(1.1469877936320927e-08), np.float64(7.790191602907726e-09), np.float64(5.290993421169787e-09), np.float64(3.5935681097498673e-09), np.float64(2.4406983101243895e-09), np.float64(1.6576819916735985e-09), np.float64(1.1258678433989644e-09), np.float64(7.646656641213667e-10), np.float64(5.193419028159951e-10), np.float64(3.5272051945867133e-10), np.float64(2.395532661125799e-10), np.float64(1.6269208202857044e-10), np.float64(1.1048850723227588e-10), np.float64(7.503242471784688e-11), np.float64(5.0951243224517384e-11), np.float64(3.459543762573958e-11), np.float64(2.348654604134026e-11), np.float64(1.5941914455197548e-11), np.float64(1.0817569062737675e-11), np.float64(7.337241925142735e-12), np.float64(4.973355061110851e-12), np.float64(3.367972567502875e-12), np.float64(2.277289468111121e-12), np.float64(1.5365486660812167e-12), np.float64(1.0338396805309458e-12), np.float64(6.918909889463976e-13), np.float64(4.600764214046649e-13), np.float64(3.0242475190789264e-13), np.float64(1.9539925233402755e-13), np.float64(1.2256862191861728e-13)]","[array([1., 1.]), array([0.98004534, 0.94002898]), array([0.95963273, 0.87871177]), array([0.93884437, 0.81633124]), array([0.91774521, 0.75314273]), array([0.90065402, 0.70213455]), array([0.88262348, 0.64856077]), array([0.86375092, 0.59287426]), array([0.84411287, 0.53555444]), array([0.82375113, 0.47711035]), array([0.80687567, 0.42989979]), array([0.78869747, 0.38053592]), array([0.76917219, 0.3297609 ]), array([0.75237428, 0.28873187]), array([0.73368586, 0.24613766]), array([0.71286143, 0.20302648]), array([0.69418934, 0.16916741]), array([0.67265617, 0.13518945]), array([0.64771763, 0.10247515]), array([0.61866506, 0.07258893]), array([0.58462921, 0.04708406]), array([0.53463356, 0.02221375]), array([0.44436715, 0.0004705 ]), array([ 3.21112598e-01, -1.86488312e-04]), array([2.20033836e-01, 4.37205075e-05]), array([ 1.35979165e-01, -5.06126365e-06]), array([4.77796844e-02, 1.42861928e-06]), array([-2.33874655e-02, -2.48600058e-07]), array([-8.12213333e-02,  2.32109738e-08]), array([-1.28438817e-01, -7.41053865e-10]), array([-1.67107467e-01, -1.16091015e-11]), array([-1.98840141e-01, -6.15327096e-13]), array([-2.24916853e-01, -5.08129358e-14]), array([-2.46365619e-01, -5.37226201e-15]), array([-2.64018852e-01, -6.72554982e-16]), array([-2.78554373e-01, -9.27209972e-17]), array([-2.90526239e-01, -1.16826284e-18]), array([-3.00388530e-01, -1.16826284e-18]), array([-3.08514053e-01, -1.16826284e-18]), array([-3.15209256e-01, -1.16826284e-18]), array([-3.20726252e-01, -1.16826284e-18]), array([-3.25272567e-01, -1.16826284e-18]), array([-3.29019093e-01, -1.16826284e-18]), array([-3.32106587e-01, -1.16826284e-18]), array([-3.34651008e-01, -1.16826284e-18]), array([-3.36747900e-01, -1.16826284e-18]), array([-3.38475986e-01, -1.16826284e-18]), array([-3.39900140e-01, -1.16826284e-18]), array([-3.41073818e-01, -1.16826284e-18]), array([-3.42041076e-01, -1.16826284e-18]), array([-3.42838218e-01, -1.16826284e-18]), array([-3.43495165e-01, -1.16826284e-18]), array([-3.44036573e-01, -1.16826284e-18]), array([-3.44482763e-01, -1.16826284e-18]), array([-3.44850480e-01, -1.16826284e-18]), array([-3.45153526e-01, -1.16826284e-18]), array([-3.45403275e-01, -1.16826284e-18]), array([-3.45609100e-01, -1.16826284e-18]), array([-3.45778726e-01, -1.16826284e-18]), array([-3.45918520e-01, -1.16826284e-18]), array([-3.46033728e-01, -1.16826284e-18]), array([-3.46128675e-01, -1.16826284e-18]), array([-3.46206923e-01, -1.16826284e-18]), array([-3.46271409e-01, -1.16826284e-18]), array([-3.46324554e-01, -1.16826284e-18]), array([-3.46368352e-01, -1.16826284e-18]), array([-3.46404448e-01, -1.16826284e-18]), array([-3.46434195e-01, -1.16826284e-18]), array([-3.46458711e-01, -1.16826284e-18]), array([-3.46478915e-01, -1.16826284e-18]), array([-3.46495566e-01, -1.16826284e-18]), array([-3.46509288e-01, -1.16826284e-18]), array([-3.46520597e-01, -1.16826284e-18]), array([-3.46529917e-01, -1.16826284e-18]), array([-3.46537598e-01, -1.16826284e-18]), array([-3.46543928e-01, -1.16826284e-18]), array([-3.46549145e-01, -1.16826284e-18]), array([-3.46553444e-01, -1.16826284e-18]), array([-3.46556987e-01, -1.16826284e-18]), array([-3.46559907e-01, -1.16826284e-18]), array([-3.46562314e-01, -1.16826284e-18]), array([-3.46564297e-01, -1.16826284e-18]), array([-3.46565931e-01, -1.16826284e-18]), array([-3.46567278e-01, -1.16826284e-18]), array([-3.46568388e-01, -1.16826284e-18]), array([-3.46569303e-01, -1.16826284e-18]), array([-3.46570057e-01, -1.16826284e-18]), array([-3.46570679e-01, -1.16826284e-18]), array([-3.46571191e-01, -1.16826284e-18]), array([-3.46571613e-01, -1.16826284e-18]), array([-3.46571960e-01, -1.16826284e-18]), array([-3.46572247e-01, -1.16826284e-18]), array([-3.46572483e-01, -1.16826284e-18]), array([-3.46572678e-01, -1.16826284e-18]), array([-3.46572838e-01, -1.16826284e-18]), array([-3.46572971e-01, -1.16826284e-18]), array([-3.46573080e-01, -1.16826284e-18]), array([-3.46573169e-01, -1.16826284e-18]), array([-3.46573243e-01, -1.16826284e-18])]"
0.9,0.9,1.341149413747189e-13,93,0.6306544082578693,2.559266696658381,"[np.float64(47.29850992082298), np.float64(38.26858325422971), np.float64(30.856055275950823), np.float64(24.793601380522936), np.float64(19.852008047356378), np.float64(15.837303808791814), np.float64(12.587037737548318), np.float64(9.966280475780039), np.float64(8.053884958604844), np.float64(6.463678226550455), np.float64(5.161242221167155), np.float64(4.206640294394048), np.float64(3.4178351968508744), np.float64(2.839950076613241), np.float64(2.4091348525334375), np.float64(2.051634358862376), np.float64(1.7901695320447022), np.float64(1.575386422520971), np.float64(1.4008445305902377), np.float64(1.241622894407358), np.float64(1.076692000527253), np.float64(0.8333939808110902), np.float64(0.5726227158174337), np.float64(0.38291049799519783), np.float64(0.2595498724200369), np.float64(0.17749007818476814), np.float64(0.11658556196112535), np.float64(0.07695607165108864), np.float64(0.05095946929329642), np.float64(0.03381540180322773), np.float64(0.022469981043843124), np.float64(0.014944689490104857), np.float64(0.009945663434677066), np.float64(0.006621480542156721), np.float64(0.004409531817721302), np.float64(0.0029370210364092486), np.float64(0.001956469255809612), np.float64(0.0013033865096074848), np.float64(0.000868352800712735), np.float64(0.0005785413179140164), np.float64(0.00038546297300889876), np.float64(0.0002568252334906873), np.float64(0.0001711185951829286), np.float64(0.00011401440155589526), np.float64(7.596686615585213e-05), np.float64(5.061625829716476e-05), np.float64(3.3725372032833434e-05), np.float64(2.2471085393327428e-05), np.float64(1.4972411122471385e-05), np.float64(9.976074849760153e-06), np.float64(6.6470328996537376e-06), np.float64(4.428902030007009e-06), np.float64(2.950967290527018e-06), np.float64(1.9662229844286117e-06), np.float64(1.310090130157704e-06), np.float64(8.729102676241496e-07), np.float64(5.816182722107044e-07), np.float64(3.875310348178118e-07), np.float64(2.582111164883827e-07), np.float64(1.7204552404948004e-07), np.float64(1.1463356841545647e-07), np.float64(7.638010046662203e-08), np.float64(5.089189381024539e-08), np.float64(3.390915415124596e-08), np.float64(2.259358922174215e-08), np.float64(1.5054052227014836e-08), np.float64(1.0030473340805202e-08), np.float64(6.683273490182273e-09), np.float64(4.453041491103704e-09), np.float64(2.9670417234228808e-09), np.float64(1.9769235137800933e-09), np.float64(1.317209452622592e-09), np.float64(8.77643735464062e-10), np.float64(5.847615724974276e-10), np.float64(3.8961545101301454e-10), np.float64(2.59589683082595e-10), np.float64(1.7295320731136599e-10), np.float64(1.152282713690056e-10), np.float64(7.676614899310152e-11), np.float64(5.113864887107411e-11), np.float64(3.406297466312935e-11), np.float64(2.26858531959806e-11), np.float64(1.510525038384003e-11), np.float64(1.0054179711005418e-11), np.float64(6.688871678761643e-12), np.float64(4.446221169018827e-12), np.float64(2.9523050670832163e-12), np.float64(1.956657058599376e-12), np.float64(1.2931877790833823e-12), np.float64(8.5131901528257e-13), np.float64(5.568878691519785e-13), np.float64(3.6060043839825084e-13), np.float64(2.3003821070233244e-13), np.float64(1.341149413747189e-13)]","[array([1., 1.]), array([0.97977724, 0.93922323]), array([0.95940071, 0.87801501]), array([0.93889781, 0.81649205]), array([0.91828632, 0.75476365]), array([0.89757337, 0.69293937]), array([0.87675305, 0.63113847]), array([0.85580256, 0.56950187]), array([0.8367886 , 0.51433715]), array([0.81716248, 0.45846101]), array([0.79689092, 0.40234881]), array([0.77797907, 0.35212891]), array([0.75791165, 0.30160704]), array([0.73864144, 0.2566274 ]), array([0.7197114 , 0.21639001]), array([0.69864646, 0.17640856]), array([0.67739558, 0.14175476]), array([0.65314503, 0.10864316]), array([0.62527763, 0.07843823]), array([0.58945908, 0.04959051]), array([0.53841586, 0.02291844]), array([ 0.43999497, -0.00150006]), array([0.3104863 , 0.00070585]), array([ 0.19384864, -0.00030737]), array([1.00072586e-01, 8.52728630e-05]), array([ 2.37365885e-02, -1.39062279e-05]), array([-4.58658934e-02,  2.74413889e-06]), array([-1.01951110e-01, -3.20593634e-07]), array([-1.47345001e-01,  1.79260158e-08]), array([-1.84191748e-01, -1.62313122e-10]), array([-2.14157325e-01, -4.45535015e-12]), array([-2.38557224e-01, -2.50204471e-13]), array([-2.58441604e-01, -1.97361796e-14]), array([-2.74654996e-01, -1.91465867e-15]), array([-2.87879939e-01, -2.56842770e-16]), array([-2.98669871e-01, -3.36752445e-17]), array([-3.07474552e-01,  3.00869056e-17]), array([-3.14660019e-01, -1.79416944e-18]), array([-3.20524471e-01, -1.79416944e-18]), array([-3.25310997e-01, -1.79416944e-18]), array([-3.29217851e-01, -1.79416944e-18]), array([-3.32406768e-01, -1.79416944e-18]), array([-3.35009715e-01, -1.79416944e-18]), array([-3.37134384e-01, -1.79416944e-18]), array([-3.38868668e-01, -1.79416944e-18]), array([-3.40284302e-01, -1.79416944e-18]), array([-3.41439835e-01, -1.79416944e-18]), array([-3.42383060e-01, -1.79416944e-18]), array([-3.43152986e-01, -1.79416944e-18]), array([-3.43781452e-01, -1.79416944e-18]), array([-3.44294450e-01, -1.79416944e-18]), array([-3.44713195e-01, -1.79416944e-18]), array([-3.45055004e-01, -1.79416944e-18]), array([-3.45334013e-01, -1.79416944e-18]), array([-3.45561760e-01, -1.79416944e-18]), array([-3.45747663e-01, -1.79416944e-18]), array([-3.45899410e-01, -1.79416944e-18]), array([-3.46023276e-01, -1.79416944e-18]), array([-3.46124385e-01, -1.79416944e-18]), array([-3.46206917e-01, -1.79416944e-18]), array([-3.46274286e-01, -1.79416944e-18]), array([-3.46329277e-01, -1.79416944e-18]), array([-3.46374164e-01, -1.79416944e-18]), array([-3.46410805e-01, -1.79416944e-18]), array([-3.46440713e-01, -1.79416944e-18]), array([-3.46465127e-01, -1.79416944e-18]), array([-3.46485055e-01, -1.79416944e-18]), array([-3.46501321e-01, -1.79416944e-18]), array([-3.46514599e-01, -1.79416944e-18]), array([-3.46525438e-01, -1.79416944e-18]), array([-3.46534285e-01, -1.79416944e-18]), array([-3.46541506e-01, -1.79416944e-18]), array([-3.46547401e-01, -1.79416944e-18]), array([-3.46552213e-01, -1.79416944e-18]), array([-3.46556140e-01, -1.79416944e-18]), array([-3.46559346e-01, -1.79416944e-18]), array([-3.46561963e-01, -1.79416944e-18]), array([-3.46564100e-01, -1.79416944e-18]), array([-3.46565843e-01, -1.79416944e-18]), array([-3.46567267e-01, -1.79416944e-18]), array([-3.46568429e-01, -1.79416944e-18]), array([-3.46569377e-01, -1.79416944e-18]), array([-3.46570151e-01, -1.79416944e-18]), array([-3.46570783e-01, -1.79416944e-18]), array([-3.46571299e-01, -1.79416944e-18]), array([-3.46571720e-01, -1.79416944e-18]), array([-3.46572063e-01, -1.79416944e-18]), array([-3.46572344e-01, -1.79416944e-18]), array([-3.46572573e-01, -1.79416944e-18]), array([-3.46572760e-01, -1.79416944e-18]), array([-3.46572912e-01, -1.79416944e-18]), array([-3.46573037e-01, -1.79416944e-18]), array([-3.46573139e-01, -1.79416944e-18]), array([-3.46573231e-01, -1.79416944e-18])]"
